date,daily_ccy_rank_spread_60,daily_ccy_spread_z_60,daily_ccy_eur_rank_60,daily_ccy_usd_rank_60,daily_ccy_usd_breadth_60,daily_ccy_rank_spread_250,daily_ccy_spread_z_250,daily_ccy_eur_rank_250,daily_ccy_usd_rank_250,daily_ccy_usd_breadth_250,daily_ccy_dispersion_pct
2007-01-02,,,,,,,,,,,
2007-01-03,,,,,,,,,,,
2007-01-04,,,,,,,,,,,
2007-01-05,,,,,,,,,,,
2007-01-08,,,,,,,,,,,
2007-01-09,,,,,,,,,,,
2007-01-10,,,,,,,,,,,
2007-01-11,,,,,,,,,,,
2007-01-12,,,,,,,,,,,
2007-01-15,,,,,,,,,,,
2007-01-16,,,,,,,,,,,
2007-01-17,,,,,,,,,,,
2007-01-18,,,,,,,,,,,
2007-01-19,,,,,,,,,,,
2007-01-22,,,,,,,,,,,
2007-01-23,,,,,,,,,,,
2007-01-24,,,,,,,,,,,
2007-01-25,,,,,,,,,,,
2007-01-26,,,,,,,,,,,
2007-01-29,,,,,,,,,,,
2007-01-30,,,,,,,,,,,
2007-01-31,,,,,,,,,,,
2007-02-01,,,,,,,,,,,
2007-02-02,,,,,,,,,,,
2007-02-05,,,,,,,,,,,
2007-02-06,,,,,,,,,,,
2007-02-07,,,,,,,,,,,
2007-02-08,,,,,,,,,,,
2007-02-09,,,,,,,,,,,
2007-02-12,,,,,,,,,,,
2007-02-13,,,,,,,,,,,
2007-02-14,,,,,,,,,,,
2007-02-15,,,,,,,,,,,
2007-02-16,,,,,,,,,,,
2007-02-19,,,,,,,,,,,
2007-02-20,,,,,,,,,,,
2007-02-21,,,,,,,,,,,
2007-02-22,,,,,,,,,,,
2007-02-23,,,,,,,,,,,
2007-02-26,,,,,,,,,,,
2007-02-27,,,,,,,,,,,
2007-02-28,,,,,,,,,,,
2007-03-01,,,,,,,,,,,
2007-03-02,,,,,,,,,,,
2007-03-05,,,,,,,,,,,
2007-03-06,,,,,,,,,,,
2007-03-07,,,,,,,,,,,
2007-03-08,,,,,,,,,,,
2007-03-09,,,,,,,,,,,
2007-03-12,,,,,,,,,,,
2007-03-13,,,,,,,,,,,
2007-03-14,,,,,,,,,,,
2007-03-15,,,,,,,,,,,
2007-03-16,,,,,,,,,,,
2007-03-19,,,,,,,,,,,
2007-03-20,,,,,,,,,,,
2007-03-21,,,,,,,,,,,
2007-03-22,,,,,,,,,,,
2007-03-23,,,,,,,,,,,
2007-03-26,,,,,,,,,,,
2007-03-27,0.125,1.0307671737070092,0.5,0.375,0.2857142857142857,,,,,,
2007-03-28,0.5,1.701979449860054,0.625,0.125,0.0,,,,,,
2007-03-29,0.625,2.073977969008397,0.75,0.125,0.0,,,,,,
2007-03-30,0.625,2.119843709724802,0.75,0.125,0.0,,,,,,
2007-04-02,0.625,1.620054353990269,0.75,0.125,0.0,,,,,,
2007-04-03,0.625,1.7841968111263584,0.75,0.125,0.0,,,,,,
2007-04-04,0.625,1.8919076472479126,0.75,0.125,0.0,,,,,,
2007-04-05,0.625,2.462140045385743,0.75,0.125,0.0,,,,,,
2007-04-06,0.625,2.211237883570698,0.75,0.125,0.0,,,,,,
2007-04-09,0.5,2.1322623516784684,0.75,0.25,0.14285714285714285,,,,,,
2007-04-10,0.625,1.9920839419498835,0.75,0.125,0.0,,,,,,
2007-04-11,0.625,2.035760937687077,0.75,0.125,0.0,,,,,,
2007-04-12,0.625,2.2166806995670276,0.75,0.125,0.0,,,,,,
2007-04-13,0.625,2.1504247263086764,0.75,0.125,0.0,,,,,,
2007-04-16,0.625,2.1578661468677387,0.75,0.125,0.0,,,,,,
2007-04-17,0.5,2.149298926780221,0.625,0.125,0.0,,,,,,
2007-04-18,0.625,2.1894760867226197,0.75,0.125,0.0,,,,,,
2007-04-19,0.625,2.159620825254691,0.75,0.125,0.0,,,,,,
2007-04-20,0.625,2.0356852752978982,0.75,0.125,0.0,,,,,,
2007-04-23,0.5,2.001476741630611,0.625,0.125,0.0,,,,,,
2007-04-24,0.625,2.0900479090035695,0.75,0.125,0.0,,,,,,
2007-04-25,0.5,1.7825160258000448,0.625,0.125,0.0,,,,,,
2007-04-26,0.5,1.6133495049221132,0.625,0.125,0.0,,,,,,
2007-04-27,0.5,1.8129636905020283,0.625,0.125,0.0,,,,,,
2007-04-30,0.5,1.938035259019599,0.625,0.125,0.0,,,,,,
2007-05-01,0.5,1.5671755331813977,0.625,0.125,0.0,,,,,,
2007-05-02,0.5,1.5791127155805271,0.625,0.125,0.0,,,,,,
2007-05-03,0.5,1.47460375399628,0.625,0.125,0.0,,,,,,
2007-05-04,0.5,1.8790041064649863,0.625,0.125,0.0,,,,,,
2007-05-07,0.5,1.8932874842328686,0.625,0.125,0.0,,,,,,
2007-05-08,0.5,1.6726806456854473,0.625,0.125,0.0,,,,,,
2007-05-09,0.5,1.4125566613420022,0.625,0.125,0.0,,,,,,
2007-05-10,0.375,1.2596603685710108,0.625,0.25,0.14285714285714285,,,,,,
2007-05-11,0.375,1.3388122514276801,0.625,0.25,0.14285714285714285,,,,,,
2007-05-14,0.375,1.2676095219926604,0.625,0.25,0.14285714285714285,,,,,,
2007-05-15,0.375,1.405865471549549,0.625,0.25,0.14285714285714285,,,,,,
2007-05-16,0.5,1.6036665772994365,0.625,0.125,0.0,,,,,,
2007-05-17,0.5,1.4694153281783326,0.625,0.125,0.0,,,,,,
2007-05-18,0.375,1.2257898003771357,0.625,0.25,0.14285714285714285,,,,,,
2007-05-21,0.25,0.8895633734508919,0.625,0.375,0.2857142857142857,,,,,,
2007-05-22,0.25,0.5467672068319211,0.625,0.375,0.2857142857142857,,,,,,
2007-05-23,0.25,0.5730462985737292,0.625,0.375,0.2857142857142857,,,,,,
2007-05-24,0.25,0.6236391494554472,0.625,0.375,0.2857142857142857,,,,,,
2007-05-25,0.125,0.5062396519829514,0.5,0.375,0.2857142857142857,,,,,,
2007-05-28,0.125,0.5983547136838236,0.5,0.375,0.2857142857142857,,,,,,
2007-05-29,0.125,0.6225547955002353,0.5,0.375,0.2857142857142857,,,,,,
2007-05-30,0.125,0.42852884290189297,0.5,0.375,0.2857142857142857,,,,,,
2007-05-31,0.25,0.590519445184716,0.5,0.25,0.14285714285714285,,,,,,
2007-06-01,0.25,0.6160416941266939,0.5,0.25,0.14285714285714285,,,,,,
2007-06-04,0.25,0.5465984023380775,0.5,0.25,0.14285714285714285,,,,,,
2007-06-05,0.125,0.5430876604071868,0.5,0.375,0.2857142857142857,,,,,,
2007-06-06,0.25,0.5052349111315542,0.5,0.25,0.14285714285714285,,,,,,
2007-06-07,0.125,0.3470392680851779,0.5,0.375,0.2857142857142857,,,,,,
2007-06-08,0.125,0.08601255517177253,0.5,0.375,0.2857142857142857,,,,,,
2007-06-11,0.125,0.0934546965272553,0.5,0.375,0.2857142857142857,,,,,,
2007-06-12,-0.125,-0.011889683100099913,0.375,0.5,0.42857142857142855,,,,,,
2007-06-13,-0.125,-0.15067345994665793,0.375,0.5,0.42857142857142855,,,,,,
2007-06-14,-0.125,-0.01921946394864299,0.375,0.5,0.42857142857142855,,,,,,
2007-06-15,0.25,0.1854098837251199,0.625,0.375,0.2857142857142857,,,,,,
2007-06-18,0.125,0.17037172344031085,0.5,0.375,0.2857142857142857,,,,,,
2007-06-19,0.125,0.09626446751073103,0.5,0.375,0.2857142857142857,,,,,,
2007-06-20,0.125,0.16150386921072685,0.5,0.375,0.2857142857142857,,,,,,
2007-06-21,0.125,0.10461635770825639,0.5,0.375,0.2857142857142857,,,,,,
2007-06-22,0.125,0.20637796974711875,0.5,0.375,0.2857142857142857,,,,,,
2007-06-25,0.125,0.1949012362081801,0.5,0.375,0.2857142857142857,,,,,,
2007-06-26,0.125,0.2871146951144246,0.5,0.375,0.2857142857142857,,,,,,
2007-06-27,0.125,0.19134069218772665,0.5,0.375,0.2857142857142857,,,,,,
2007-06-28,0.125,0.047058442661412125,0.5,0.375,0.2857142857142857,,,,,,
2007-06-29,0.25,0.3460991270836271,0.5,0.25,0.14285714285714285,,,,,,
2007-07-02,0.25,0.5027882713049607,0.5,0.25,0.14285714285714285,,,,,,
2007-07-03,0.25,0.4105857219117924,0.5,0.25,0.14285714285714285,,,,,,
2007-07-04,0.25,0.40449229685288146,0.5,0.25,0.14285714285714285,,,,,,
2007-07-05,0.125,0.22058522952284737,0.5,0.375,0.2857142857142857,,,,,,
2007-07-06,0.125,0.2026494996100206,0.5,0.375,0.2857142857142857,,,,,,0.3458646616541353
2007-07-09,0.125,0.23178358921885062,0.5,0.375,0.2857142857142857,,,,,,0.21641791044776118
2007-07-10,0.375,0.5506799106743454,0.625,0.25,0.14285714285714285,,,,,,0.43703703703703706
2007-07-11,0.125,0.3634281716028481,0.5,0.375,0.2857142857142857,,,,,,0.5367647058823529
2007-07-12,0.25,0.39642555937292784,0.5,0.25,0.14285714285714285,,,,,,0.6277372262773723
2007-07-13,0.25,0.5010917183861441,0.5,0.25,0.14285714285714285,,,,,,0.5289855072463768
2007-07-16,0.25,0.5067709425247235,0.5,0.25,0.14285714285714285,,,,,,0.5827338129496403
2007-07-17,0.125,0.30859784872872803,0.5,0.375,0.2857142857142857,,,,,,0.5571428571428572
2007-07-18,0.25,0.3933787400423659,0.5,0.25,0.14285714285714285,,,,,,0.5177304964539007
2007-07-19,0.25,0.44548133677125445,0.5,0.25,0.14285714285714285,,,,,,0.4014084507042254
2007-07-20,0.25,0.42871433597074615,0.5,0.25,0.14285714285714285,,,,,,0.34965034965034963
2007-07-23,0.25,0.3662040133329446,0.5,0.25,0.14285714285714285,,,,,,0.5208333333333334
2007-07-24,0.25,0.5420079916770286,0.5,0.25,0.14285714285714285,,,,,,0.6344827586206897
2007-07-25,0.25,0.3159400184009302,0.5,0.25,0.14285714285714285,,,,,,0.6232876712328768
2007-07-26,0.25,0.7679426271945281,0.375,0.125,0.0,,,,,,0.782312925170068
2007-07-27,0.25,0.17526050279917327,0.375,0.125,0.0,,,,,,0.7837837837837838
2007-07-30,0.125,0.4292127948663761,0.25,0.125,0.0,,,,,,0.7785234899328859
2007-07-31,0.125,0.9638785613868416,0.25,0.125,0.0,,,,,,0.8066666666666666
2007-08-01,0.25,0.5880441234519531,0.375,0.125,0.0,,,,,,0.8278145695364238
2007-08-02,0.375,0.784344236535841,0.5,0.125,0.0,,,,,,0.8289473684210527
2007-08-03,0.25,1.3162565928333885,0.375,0.125,0.0,,,,,,0.8496732026143791
2007-08-06,0.25,1.2294675306014033,0.375,0.125,0.0,,,,,,0.8636363636363636
2007-08-07,0.125,0.9910321794826494,0.25,0.125,0.0,,,,,,0.8193548387096774
2007-08-08,0.25,1.1735951560088336,0.375,0.125,0.0,,,,,,0.8141025641025641
2007-08-09,0.125,1.172149660903374,0.25,0.125,0.0,,,,,,0.8726114649681529
2007-08-10,0.125,1.4399491828866757,0.25,0.125,0.0,,,,,,0.8924050632911392
2007-08-13,0.125,1.1296268816751769,0.25,0.125,0.0,,,,,,0.89937106918239
2007-08-14,0.125,0.5859842380101848,0.375,0.25,0.14285714285714285,,,,,,0.94375
2007-08-15,-0.25,-0.14568796826493585,0.375,0.625,0.5714285714285714,,,,,,0.9440993788819876
2007-08-16,-0.25,-0.09069318500036018,0.375,0.625,0.5714285714285714,,,,,,0.9444444444444444
2007-08-17,0.125,0.11592202513347702,0.625,0.5,0.42857142857142855,,,,,,0.9447852760736196
2007-08-20,0.125,0.07651399775742385,0.5,0.375,0.2857142857142857,,,,,,0.9451219512195121
2007-08-21,0.125,0.022803581149989934,0.625,0.5,0.42857142857142855,,,,,,0.9454545454545454
2007-08-22,0.25,0.4508435000074522,0.625,0.375,0.2857142857142857,,,,,,0.9457831325301205
2007-08-23,0.125,0.43362759248236626,0.5,0.375,0.2857142857142857,,,,,,0.9161676646706587
2007-08-24,0.375,0.7337111598586602,0.75,0.375,0.2857142857142857,,,,,,0.9107142857142857
2007-08-27,0.375,0.4221981988365774,0.75,0.375,0.2857142857142857,,,,,,0.9053254437869822
2007-08-28,0.25,0.11628742504952998,0.75,0.5,0.42857142857142855,,,,,,0.9176470588235294
2007-08-29,0.125,0.3943417985452845,0.625,0.5,0.42857142857142855,,,,,,0.9415204678362573
2007-08-30,0.25,0.48041524149294806,0.625,0.375,0.2857142857142857,,,,,,0.9418604651162791
2007-08-31,0.25,0.4928997850149404,0.625,0.375,0.2857142857142857,,,,,,0.9132947976878613
2007-09-03,0.25,0.6075853336549499,0.625,0.375,0.2857142857142857,,,,,,0.8908045977011494
2007-09-04,0.375,0.6719635685789873,0.75,0.375,0.2857142857142857,,,,,,0.9028571428571428
2007-09-05,0.375,0.6011433296383509,0.75,0.375,0.2857142857142857,,,,,,0.9147727272727273
2007-09-06,0.375,0.6983954860283481,0.75,0.375,0.2857142857142857,,,,,,0.8700564971751412
2007-09-07,0.375,0.6073123251276845,0.75,0.375,0.2857142857142857,,,,,,0.8820224719101124
2007-09-10,0.375,0.6316320216504259,0.75,0.375,0.2857142857142857,,,,,,0.8715083798882681
2007-09-11,0.375,0.7337432508347943,0.75,0.375,0.2857142857142857,,,,,,0.8666666666666667
2007-09-12,0.375,0.9274924624293215,0.75,0.375,0.2857142857142857,,,,,,0.8453038674033149
2007-09-13,0.375,0.8444715628123186,0.75,0.375,0.2857142857142857,,,,,,0.8241758241758241
2007-09-14,0.25,0.7982017928971137,0.625,0.375,0.2857142857142857,,,,,,0.819672131147541
2007-09-17,0.125,0.6570135776242174,0.625,0.5,0.42857142857142855,,,,,,0.8369565217391305
2007-09-18,0.375,1.1057076902699499,0.625,0.25,0.14285714285714285,,,,,,0.8378378378378378
2007-09-19,0.375,1.2838421369852053,0.625,0.25,0.14285714285714285,,,,,,0.8333333333333334
2007-09-20,0.375,1.332344115245001,0.625,0.25,0.14285714285714285,,,,,,0.8288770053475936
2007-09-21,0.375,1.2444107708270118,0.625,0.25,0.14285714285714285,,,,,,0.8297872340425532
2007-09-24,0.5,1.0115617478836583,0.75,0.25,0.14285714285714285,,,,,,0.8201058201058201
2007-09-25,0.375,1.0946228542183458,0.625,0.25,0.14285714285714285,,,,,,0.7526315789473684
2007-09-26,0.25,1.1235211584781641,0.625,0.375,0.2857142857142857,,,,,,0.6858638743455497
2007-09-27,0.5,1.2826550794571379,0.75,0.25,0.14285714285714285,,,,,,0.6875
2007-09-28,0.5,1.484137625157419,0.75,0.25,0.14285714285714285,,,,,,0.7046632124352331
2007-10-01,0.5,1.6222811802029358,0.75,0.25,0.14285714285714285,,,,,,0.7319587628865979
2007-10-02,0.375,1.1711285530985105,0.625,0.25,0.14285714285714285,,,,,,0.7589743589743589
2007-10-03,0.5,0.9265188697597571,0.75,0.25,0.14285714285714285,,,,,,0.7040816326530612
2007-10-04,0.5,0.9436956452866311,0.75,0.25,0.14285714285714285,,,,,,0.700507614213198
2007-10-05,0.375,0.9079164648190575,0.625,0.25,0.14285714285714285,,,,,,0.6919191919191919
2007-10-08,0.375,0.756153609191347,0.625,0.25,0.14285714285714285,,,,,,0.6834170854271356
2007-10-09,0.25,0.8226887254626415,0.625,0.375,0.2857142857142857,,,,,,0.635
2007-10-10,0.375,0.847501510788109,0.75,0.375,0.2857142857142857,,,,,,0.6218905472636815
2007-10-11,0.375,1.0390031393779875,0.75,0.375,0.2857142857142857,,,,,,0.6534653465346535
2007-10-12,0.25,0.8657032045865659,0.625,0.375,0.2857142857142857,,,,,,0.6206896551724138
2007-10-15,0.375,0.8524414061958199,0.75,0.375,0.2857142857142857,,,,,,0.6274509803921569
2007-10-16,0.375,0.6614835147125963,0.75,0.375,0.2857142857142857,,,,,,0.5951219512195122
2007-10-17,0.5,0.9890830547646389,0.875,0.375,0.2857142857142857,,,,,,0.5776699029126213
2007-10-18,0.5,1.1846199857440018,0.875,0.375,0.2857142857142857,,,,,,0.5603864734299517
2007-10-19,0.625,1.438457962196088,0.875,0.25,0.14285714285714285,,,,,,0.5817307692307693
2007-10-22,0.5,1.0714208148242426,0.75,0.25,0.14285714285714285,,,,,,0.5933014354066986
2007-10-23,0.5,1.3294555966260297,0.75,0.25,0.14285714285714285,,,,,,0.6
2007-10-24,0.5,1.3728056472556742,0.75,0.25,0.14285714285714285,,,,,,0.5876777251184834
2007-10-25,0.5,1.504363841183679,0.75,0.25,0.14285714285714285,,,,,,0.5849056603773585
2007-10-26,0.625,1.3946536013746254,0.75,0.125,0.0,,,,,,0.5915492957746479
2007-10-30,0.5,1.4568247937311445,0.75,0.25,0.14285714285714285,,,,,,0.5700934579439252
2007-10-31,0.625,1.4783094334734526,0.75,0.125,0.0,,,,,,0.5767441860465117
2007-11-01,0.5,1.3998172039326644,0.75,0.25,0.14285714285714285,,,,,,0.6203703703703703
2007-11-02,0.625,1.5889913357528873,0.75,0.125,0.0,,,,,,0.6774193548387096
2007-11-05,0.625,1.5643180418914513,0.75,0.125,0.0,,,,,,0.6376146788990825
2007-11-06,0.625,1.6900901410667073,0.75,0.125,0.0,,,,,,0.684931506849315
2007-11-07,0.625,2.1083246287834236,0.75,0.125,0.0,,,,,,0.8181818181818182
2007-11-08,0.5,2.0138540990610645,0.625,0.125,0.0,,,,,,0.8371040723981901
2007-11-09,0.5,2.013710058351628,0.625,0.125,0.0,,,,,,0.8603603603603603
2007-11-12,0.625,2.4631289703199095,0.75,0.125,0.0,,,,,,0.8878923766816144
2007-11-13,0.5,2.3784975874149015,0.625,0.125,0.0,,,,,,0.9330357142857143
2007-11-14,0.5,2.2838659262710554,0.625,0.125,0.0,,,,,,0.9022222222222223
2007-11-15,0.75,2.675762080809479,0.875,0.125,0.0,,,,,,0.9513274336283186
2007-11-16,0.625,2.7142394846965328,0.75,0.125,0.0,,,,,,0.960352422907489
2007-11-19,0.75,2.7751018781521104,0.875,0.125,0.0,,,,,,0.9605263157894737
2007-11-20,0.75,2.931247349291259,0.875,0.125,0.0,,,,,,0.9606986899563319
2007-11-21,0.875,3.0791895420524003,1.0,0.125,0.0,,,,,,0.9608695652173913
2007-11-22,0.75,2.9443316912454325,0.875,0.125,0.0,,,,,,0.9567099567099567
2007-11-23,0.75,2.8776704507979773,0.875,0.125,0.0,,,,,,0.9568965517241379
2007-11-26,0.75,2.959478095039051,0.875,0.125,0.0,,,,,,0.9613733905579399
2007-11-27,0.75,2.9249998464843063,0.875,0.125,0.0,,,,,,0.9615384615384616
2007-11-28,0.625,2.699109803153133,0.75,0.125,0.0,,,,,,0.9617021276595744
2007-11-29,0.75,2.3369663687808995,0.875,0.125,0.0,,,,,,0.9533898305084746
2007-11-30,0.75,2.346838733337416,0.875,0.125,0.0,,,,,,0.9493670886075949
2007-12-03,0.75,2.1192487045053476,0.875,0.125,0.0,,,,,,0.9495798319327731
2007-12-04,0.75,2.42980754631584,0.875,0.125,0.0,,,,,,0.9497907949790795
2007-12-05,0.625,1.9577063349925465,0.875,0.25,0.14285714285714285,,,,,,0.9333333333333333
2007-12-06,0.625,1.9416575785432746,0.875,0.25,0.14285714285714285,,,,,,0.9336099585062241
2007-12-07,0.75,1.9709282841566158,0.875,0.125,0.0,,,,,,0.9049586776859504
2007-12-10,0.75,2.209610013005551,0.875,0.125,0.0,,,,,,0.8271604938271605
2007-12-11,0.75,2.101309517711261,0.875,0.125,0.0,,,,,,0.7991803278688525
2007-12-12,0.75,2.0321848715468755,0.875,0.125,0.0,,,,,,0.8244897959183674
2007-12-13,0.625,2.2032074070539966,0.875,0.25,0.14285714285714285,,,,,,0.7926829268292683
2007-12-14,0.5,1.4738034522619181,0.875,0.375,0.2857142857142857,,,,,,0.7975708502024291
2007-12-17,0.625,2.0130360669558005,1.0,0.375,0.2857142857142857,,,,,,0.8064516129032258
2007-12-18,0.5,2.2080492876489246,1.0,0.5,0.42857142857142855,,,,,,0.7831325301204819
2007-12-19,0.625,1.45626758827143,1.0,0.375,0.2857142857142857,0.75,1.8324775220911396,0.875,0.125,0.0,0.76
2007-12-20,0.375,1.004047344861168,0.75,0.375,0.2857142857142857,0.75,1.878016979386489,0.875,0.125,0.0,0.7729083665338645
2007-12-21,0.375,1.0134006320951188,0.75,0.375,0.2857142857142857,0.625,1.8309168879353575,0.75,0.125,0.0,0.7777777777777778
2007-12-24,0.375,0.587652383874174,0.75,0.375,0.2857142857142857,0.5,1.9077240032687162,0.625,0.125,0.0,0.766798418972332
2007-12-25,0.375,0.7738951243503529,0.875,0.5,0.42857142857142855,0.5,1.8692261319944439,0.625,0.125,0.0,0.7362204724409449
2007-12-26,0.625,1.1827826594616022,1.0,0.375,0.2857142857142857,0.625,1.979516410475985,0.75,0.125,0.0,0.6588235294117647
2007-12-27,0.625,1.8433158383269503,1.0,0.375,0.2857142857142857,0.75,2.2216579614781056,0.875,0.125,0.0,0.63671875
2007-12-28,0.5,1.7367585792478377,0.875,0.375,0.2857142857142857,0.75,2.3765860394253897,0.875,0.125,0.0,0.6342412451361867
2007-12-31,0.25,1.1728017103994914,0.75,0.5,0.42857142857142855,0.75,2.4277583226018447,0.875,0.125,0.0,0.686046511627907
2008-01-01,0.25,1.4216095824052413,0.75,0.5,0.42857142857142855,0.75,2.370697238885099,0.875,0.125,0.0,0.6216216216216216
2008-01-02,0.25,1.286901457695717,0.75,0.5,0.42857142857142855,0.75,2.3766562675593264,0.875,0.125,0.0,0.6115384615384616
2008-01-03,0.25,1.1596460628079013,0.75,0.5,0.42857142857142855,0.75,2.306761209057073,0.875,0.125,0.0,0.6206896551724138
2008-01-04,0.125,0.9170605386056874,0.75,0.625,0.5714285714285714,0.625,2.3593351877899673,0.875,0.25,0.14285714285714285,0.6870229007633588
2008-01-07,0.125,0.9091200332176819,0.75,0.625,0.5714285714285714,0.625,2.359257981269886,0.875,0.25,0.14285714285714285,0.688212927756654
2008-01-08,0.25,0.9046717283170168,0.75,0.5,0.42857142857142855,0.625,2.301203567730008,0.875,0.25,0.14285714285714285,0.6212121212121212
2008-01-09,0.25,0.9671619420808184,0.75,0.5,0.42857142857142855,0.625,2.145887682912428,0.875,0.25,0.14285714285714285,0.5773584905660377
2008-01-10,0.25,1.0217297707509383,0.625,0.375,0.2857142857142857,0.5,2.3168620591747375,0.75,0.25,0.14285714285714285,0.6165413533834586
2008-01-11,0.125,0.8596963501512227,0.625,0.5,0.42857142857142855,0.5,2.3076455812870034,0.75,0.25,0.14285714285714285,0.5543071161048689
2008-01-14,0.25,0.885159016844216,0.625,0.375,0.2857142857142857,0.5,2.3152973877078917,0.75,0.25,0.14285714285714285,0.5074626865671642
2008-01-15,0.25,1.0162526380569026,0.75,0.5,0.42857142857142855,0.375,2.2743601774071767,0.625,0.25,0.14285714285714285,0.620817843866171
2008-01-16,0.25,0.5973336684111723,0.75,0.5,0.42857142857142855,0.25,2.2123689821893535,0.5,0.25,0.14285714285714285,0.6185185185185185
2008-01-17,0.25,0.5963409607187118,0.75,0.5,0.42857142857142855,0.375,2.2366912236600154,0.5,0.125,0.0,0.6051660516605166
2008-01-18,0.125,0.4338718010333097,0.75,0.625,0.5714285714285714,0.25,2.0945536453131908,0.5,0.25,0.14285714285714285,0.5845588235294118
2008-01-21,0.125,0.06623915940111877,0.75,0.625,0.5714285714285714,0.375,1.969764597535042,0.625,0.25,0.14285714285714285,0.7032967032967034
2008-01-22,0.25,0.29471800680916593,0.75,0.5,0.42857142857142855,0.625,2.323596359207862,0.75,0.125,0.0,0.7846715328467153
2008-01-23,0.125,0.20587300081624968,0.75,0.625,0.5714285714285714,0.5,2.138732992316485,0.75,0.25,0.14285714285714285,0.7890909090909091
2008-01-24,0.25,0.49566388070190437,0.75,0.5,0.42857142857142855,0.625,2.1693517347817863,0.75,0.125,0.0,0.8043478260869565
2008-01-25,0.25,0.23641387077982995,0.75,0.5,0.42857142857142855,0.25,2.1649277479105207,0.375,0.125,0.0,0.7978339350180506
2008-01-28,0.25,0.451735801096646,0.75,0.5,0.42857142857142855,0.375,2.311860345222145,0.5,0.125,0.0,0.7769784172661871
2008-01-29,0.125,0.273421982981522,0.75,0.625,0.5714285714285714,0.5,2.3200754763023,0.625,0.125,0.0,0.7813620071684588
2008-01-30,0.125,0.3538036318216306,0.625,0.5,0.42857142857142855,0.375,2.3374878515387545,0.5,0.125,0.0,0.7571428571428571
2008-01-31,0.125,0.2697044074116832,0.625,0.5,0.42857142857142855,0.25,2.2214904299554417,0.375,0.125,0.0,0.7544483985765125
2008-02-01,0.125,0.24269794082095833,0.625,0.5,0.42857142857142855,0.375,2.088294354478699,0.5,0.125,0.0,0.75177304964539
2008-02-04,0.125,0.6098682052727672,0.5,0.375,0.2857142857142857,0.375,2.169835623060672,0.5,0.125,0.0,0.7385159010600707
2008-02-05,0.125,0.044188120117837,0.625,0.5,0.42857142857142855,0.25,2.0822238034683442,0.375,0.125,0.0,0.7640845070422535
2008-02-06,-0.125,-0.10722003665953048,0.5,0.625,0.5714285714285714,0.25,1.9802290264493734,0.375,0.125,0.0,0.7403508771929824
2008-02-07,-0.125,-0.29437639487265216,0.375,0.5,0.42857142857142855,0.125,1.848417537962076,0.375,0.25,0.14285714285714285,0.7377622377622378
2008-02-08,-0.125,-0.3232204133029263,0.375,0.5,0.42857142857142855,0.125,1.8107692575378236,0.375,0.25,0.14285714285714285,0.7317073170731707
2008-02-11,-0.125,-0.32926328171848235,0.375,0.5,0.42857142857142855,0.125,1.765601614342117,0.375,0.25,0.14285714285714285,0.71875
2008-02-12,-0.125,-0.6185469720226059,0.375,0.5,0.42857142857142855,0.125,1.859580347938159,0.375,0.25,0.14285714285714285,0.6401384083044983
2008-02-13,-0.375,-0.7017799943632017,0.25,0.625,0.5714285714285714,0.375,1.8078844633273898,0.625,0.25,0.14285714285714285,0.6448275862068965
2008-02-14,-0.125,-0.546788670895605,0.375,0.5,0.42857142857142855,0.375,1.8893271364533972,0.5,0.125,0.0,0.6323024054982818
2008-02-15,-0.125,-0.39577447689284195,0.375,0.5,0.42857142857142855,0.375,1.920846832957608,0.5,0.125,0.0,0.6301369863013698
2008-02-18,-0.375,-0.44635613570502763,0.375,0.75,0.7142857142857143,0.5,1.780515754776784,0.625,0.125,0.0,0.5392491467576792
2008-02-19,-0.125,-0.2223371890812399,0.375,0.5,0.42857142857142855,0.5,1.8478460885670058,0.625,0.125,0.0,0.4523809523809524
2008-02-20,-0.125,-0.22276360270352577,0.375,0.5,0.42857142857142855,0.5,1.848126334360465,0.625,0.125,0.0,0.45084745762711864
2008-02-21,0.125,0.1271980286845735,0.5,0.375,0.2857142857142857,0.5,1.9215484227502295,0.625,0.125,0.0,0.4222972972972973
2008-02-22,0.125,0.42304533503936514,0.5,0.375,0.2857142857142857,0.375,1.9988505699132209,0.5,0.125,0.0,0.40404040404040403
2008-02-25,0.25,0.37217892473664294,0.5,0.25,0.14285714285714285,0.375,1.97480892855896,0.5,0.125,0.0,0.4429530201342282
2008-02-26,0.125,0.4986575427412851,0.375,0.25,0.14285714285714285,0.375,2.082322580409141,0.5,0.125,0.0,0.46153846153846156
2008-02-27,0.25,1.1013794271611625,0.5,0.25,0.14285714285714285,0.5,2.0500914737311944,0.625,0.125,0.0,0.48
2008-02-28,0.25,1.1909830647553556,0.5,0.25,0.14285714285714285,0.375,2.1228403122945396,0.5,0.125,0.0,0.47840531561461797
2008-02-29,0.375,1.0738032255161674,0.625,0.25,0.14285714285714285,0.375,2.2100235113557667,0.5,0.125,0.0,0.5198675496688742
2008-03-03,0.25,0.8578316017974659,0.5,0.25,0.14285714285714285,0.375,2.1414958648399596,0.5,0.125,0.0,0.5610561056105611
2008-03-04,0.375,1.0877637812165537,0.625,0.25,0.14285714285714285,0.5,2.276882743277128,0.625,0.125,0.0,0.555921052631579
2008-03-05,0.375,1.03403866005736,0.625,0.25,0.14285714285714285,0.5,2.2760052496306864,0.625,0.125,0.0,0.5868852459016394
2008-03-06,0.375,1.2818804239690782,0.625,0.25,0.14285714285714285,0.625,2.361748896969071,0.75,0.125,0.0,0.6601307189542484
2008-03-07,0.375,1.5168750614109203,0.625,0.25,0.14285714285714285,0.5,2.398419112866532,0.625,0.125,0.0,0.6319218241042345
2008-03-10,0.375,1.4360789559322007,0.625,0.25,0.14285714285714285,0.5,2.4007562550820403,0.625,0.125,0.0,0.685064935064935
2008-03-11,0.375,1.5662149495631523,0.625,0.25,0.14285714285714285,0.625,2.3974758801819758,0.75,0.125,0.0,0.7766990291262136
2008-03-12,0.5,1.738493461946549,0.625,0.125,0.0,0.625,2.473278521930082,0.75,0.125,0.0,0.7967741935483871
2008-03-13,0.5,1.8450627622128934,0.625,0.125,0.0,0.5,2.5166773641585385,0.625,0.125,0.0,0.8070739549839229
2008-03-14,0.625,1.627570881615417,0.75,0.125,0.0,0.625,2.4261162607241267,0.75,0.125,0.0,0.8301282051282052
2008-03-17,0.5,1.3820037748590421,0.75,0.25,0.14285714285714285,0.625,2.2659653173784235,0.75,0.125,0.0,0.8753993610223643
2008-03-18,0.5,1.5472562079482268,0.75,0.25,0.14285714285714285,0.625,2.3735284287066327,0.75,0.125,0.0,0.9235668789808917
2008-03-19,0.5,1.2560633529604965,0.75,0.25,0.14285714285714285,0.625,2.2552434423567798,0.75,0.125,0.0,0.9492063492063492
2008-03-20,0.375,0.959409426369056,0.75,0.375,0.2857142857142857,0.625,2.1451057567754788,0.75,0.125,0.0,0.9493670886075949
2008-03-21,0.375,0.891259719249233,0.75,0.375,0.2857142857142857,0.625,2.1443971772220642,0.75,0.125,0.0,0.9463722397476341
2008-03-24,0.375,1.249539272689952,0.75,0.375,0.2857142857142857,0.625,2.267472935641884,0.75,0.125,0.0,0.9465408805031447
2008-03-25,0.5,1.4068125154819406,0.75,0.25,0.14285714285714285,0.625,2.387685857675686,0.75,0.125,0.0,0.9404388714733543
2008-03-26,0.5,1.534784256690954,0.75,0.25,0.14285714285714285,0.625,2.3680589048779694,0.75,0.125,0.0,0.953125
2008-03-27,0.5,1.5707219334625604,0.75,0.25,0.14285714285714285,0.625,2.3496837465552463,0.75,0.125,0.0,0.9314641744548287
2008-03-28,0.5,1.6485117847769462,0.75,0.25,0.14285714285714285,0.625,2.267366782443848,0.75,0.125,0.0,0.9099378881987578
2008-03-31,0.5,1.5718713467441083,0.75,0.25,0.14285714285714285,0.5,2.1538204899551006,0.75,0.25,0.14285714285714285,0.913312693498452
2008-04-01,0.5,1.661738114487338,0.75,0.25,0.14285714285714285,0.5,2.182258597051045,0.75,0.25,0.14285714285714285,0.9135802469135802
2008-04-02,0.5,1.8911983688359033,0.75,0.25,0.14285714285714285,0.5,2.2158711755998617,0.75,0.25,0.14285714285714285,0.9107692307692308
2008-04-03,0.625,1.7837880357585467,0.75,0.125,0.0,0.5,2.2095971974579083,0.75,0.25,0.14285714285714285,0.8957055214723927
2008-04-04,0.625,1.980508655757514,0.75,0.125,0.0,0.5,2.219973583212771,0.75,0.25,0.14285714285714285,0.908256880733945
2008-04-07,0.625,2.0493382779824207,0.75,0.125,0.0,0.5,2.2707185945601,0.75,0.25,0.14285714285714285,0.8932926829268293
2008-04-08,0.75,2.256558514783557,0.875,0.125,0.0,0.625,2.2509636101490154,0.875,0.25,0.14285714285714285,0.8662613981762918
2008-04-09,0.75,2.3538498092376963,0.875,0.125,0.0,0.5,2.235004872141598,0.75,0.25,0.14285714285714285,0.8606060606060606
2008-04-10,0.75,2.2931348729029937,0.875,0.125,0.0,0.5,2.1752789429383683,0.75,0.25,0.14285714285714285,0.8459214501510574
2008-04-11,0.75,2.400165278768232,0.875,0.125,0.0,0.5,2.188988862926065,0.75,0.25,0.14285714285714285,0.8102409638554217
2008-04-14,0.75,2.573141004116623,0.875,0.125,0.0,0.5,2.1576927759832736,0.75,0.25,0.14285714285714285,0.7417417417417418
2008-04-15,0.75,2.3648252574236115,0.875,0.125,0.0,0.5,2.1296839590874685,0.75,0.25,0.14285714285714285,0.655688622754491
2008-04-16,0.75,2.6912679837164015,0.875,0.125,0.0,0.5,2.2231982931521173,0.75,0.25,0.14285714285714285,0.564179104477612
2008-04-17,0.625,2.333616323462536,0.875,0.25,0.14285714285714285,0.625,2.335595678541558,0.75,0.125,0.0,0.5654761904761905
2008-04-18,0.875,2.536225033845147,1.0,0.125,0.0,0.75,2.441224171916158,0.875,0.125,0.0,0.6320474777448071
2008-04-21,0.5,2.3093572839790824,0.875,0.375,0.2857142857142857,0.625,2.3350421983851217,0.875,0.25,0.14285714285714285,0.6183431952662722
2008-04-22,0.625,2.2865903651900723,0.875,0.25,0.14285714285714285,0.75,2.4147039319695196,0.875,0.125,0.0,0.5870206489675516
2008-04-23,0.625,2.0651262527379877,1.0,0.375,0.2857142857142857,0.625,2.3907079709193995,0.875,0.25,0.14285714285714285,0.5411764705882353
2008-04-24,0.625,2.159954715926452,1.0,0.375,0.2857142857142857,0.625,2.367391579135864,0.875,0.25,0.14285714285714285,0.624633431085044
2008-04-25,0.625,1.9958783754621412,1.0,0.375,0.2857142857142857,0.75,2.4773439588117157,0.875,0.125,0.0,0.6286549707602339
2008-04-28,0.625,2.1077893878793392,1.0,0.375,0.2857142857142857,0.75,2.455737347813873,0.875,0.125,0.0,0.565597667638484
2008-04-29,0.625,2.2904905694215874,1.0,0.375,0.2857142857142857,0.5,2.283171880602773,0.75,0.25,0.14285714285714285,0.5087209302325582
2008-04-30,0.625,2.4045435366315697,1.0,0.375,0.2857142857142857,0.625,2.320635281869825,0.75,0.125,0.0,0.4956521739130435
2008-05-01,0.625,2.3986186211552236,1.0,0.375,0.2857142857142857,0.5,2.289228758024339,0.75,0.25,0.14285714285714285,0.4913294797687861
2008-05-02,0.625,2.300463534628405,1.0,0.375,0.2857142857142857,0.5,2.3085884728900905,0.75,0.25,0.14285714285714285,0.5100864553314121
2008-05-05,0.625,2.5131404055303714,1.0,0.375,0.2857142857142857,0.375,2.3053276330904042,0.625,0.25,0.14285714285714285,0.47126436781609193
2008-05-06,0.75,2.5943600837904475,1.0,0.25,0.14285714285714285,0.5,2.344571373396447,0.625,0.125,0.0,0.4498567335243553
2008-05-07,0.5,2.088892213988201,1.0,0.5,0.42857142857142855,0.375,2.181438553413922,0.625,0.25,0.14285714285714285,0.4342857142857143
2008-05-08,0.5,1.8137814229029265,1.0,0.5,0.42857142857142855,0.5,2.067896549957319,0.75,0.25,0.14285714285714285,0.48148148148148145
2008-05-09,0.625,1.8687300011890602,1.0,0.375,0.2857142857142857,0.5,2.085294122289117,0.75,0.25,0.14285714285714285,0.4914772727272727
2008-05-12,0.75,1.9781650931794976,1.0,0.25,0.14285714285714285,0.375,2.155053090807809,0.625,0.25,0.14285714285714285,0.5354107648725213
2008-05-13,0.625,1.82218418373451,1.0,0.375,0.2857142857142857,0.5,2.140786259548946,0.75,0.25,0.14285714285714285,0.53954802259887
2008-05-14,0.75,1.7706001084225382,1.0,0.25,0.14285714285714285,0.5,2.1969324615836827,0.75,0.25,0.14285714285714285,0.4676056338028169
2008-05-15,0.625,1.5411176307558232,1.0,0.375,0.2857142857142857,0.5,2.193548042152145,0.75,0.25,0.14285714285714285,0.4438202247191011
2008-05-16,0.625,1.7736359619682163,1.0,0.375,0.2857142857142857,0.5,2.2062013603371464,0.75,0.25,0.14285714285714285,0.43137254901960786
2008-05-19,0.625,1.5239745185574165,1.0,0.375,0.2857142857142857,0.5,2.1269764849990813,0.75,0.25,0.14285714285714285,0.41620111731843573
2008-05-20,0.5,1.37085719135966,1.0,0.5,0.42857142857142855,0.5,2.139618491074183,0.75,0.25,0.14285714285714285,0.4373259052924791
2008-05-21,0.5,1.5441657887640055,1.0,0.5,0.42857142857142855,0.5,2.189399227296799,0.75,0.25,0.14285714285714285,0.4305555555555556
2008-05-22,0.5,1.713151333342924,1.0,0.5,0.42857142857142855,0.625,2.3003416307942315,0.875,0.25,0.14285714285714285,0.42382271468144045
2008-05-23,0.5,2.1675498809528095,1.0,0.5,0.42857142857142855,0.75,2.3590009396925686,0.875,0.125,0.0,0.4116022099447514
2008-05-26,0.5,2.0435096190565374,1.0,0.5,0.42857142857142855,0.75,2.3026217172358665,0.875,0.125,0.0,0.4049586776859504
2008-05-27,0.375,1.8573234605537974,0.875,0.5,0.42857142857142855,0.75,2.37138027157713,0.875,0.125,0.0,0.39285714285714285
2008-05-28,0.125,1.504830803961326,0.875,0.75,0.7142857142857143,0.75,2.4050432127900807,0.875,0.125,0.0,0.3863013698630137
2008-05-29,0.125,0.3845563472390215,0.875,0.75,0.7142857142857143,0.75,2.335483052001429,0.875,0.125,0.0,0.3907103825136612
2008-05-30,0.125,0.8145533233238675,0.875,0.75,0.7142857142857143,0.75,2.3325844749367293,0.875,0.125,0.0,0.37057220708446864
2008-06-02,0.125,0.5732305614648726,0.875,0.75,0.7142857142857143,0.5,2.1373859006248472,0.75,0.25,0.14285714285714285,0.3967391304347826
2008-06-03,0.125,0.38849494503986687,0.875,0.75,0.7142857142857143,0.5,2.0411816973740105,0.75,0.25,0.14285714285714285,0.3794037940379404
2008-06-04,-0.125,-0.41665688453067806,0.75,0.875,0.8571428571428571,0.5,1.926610058338935,0.75,0.25,0.14285714285714285,0.3891891891891892
2008-06-05,-0.125,-0.04411774739644225,0.75,0.875,0.8571428571428571,0.5,2.039784619283192,0.75,0.25,0.14285714285714285,0.3746630727762803
2008-06-06,0.125,0.21740744233381493,0.875,0.75,0.7142857142857143,0.5,2.058253110525335,0.75,0.25,0.14285714285714285,0.3924731182795699
2008-06-09,-0.125,-0.1302451272643269,0.75,0.875,0.8571428571428571,0.375,2.0058453780274594,0.75,0.375,0.2857142857142857,0.43967828418230565
2008-06-10,-0.125,-0.4130800515237725,0.75,0.875,0.8571428571428571,0.375,1.9111528905439443,0.75,0.375,0.2857142857142857,0.4679144385026738
2008-06-11,-0.125,-0.22626833911005967,0.75,0.875,0.8571428571428571,0.5,1.961666169861678,0.875,0.375,0.2857142857142857,0.48
2008-06-12,0.25,0.010274150275516147,0.875,0.625,0.5714285714285714,0.5,1.9316354311673698,0.875,0.375,0.2857142857142857,0.4627659574468085
2008-06-13,-0.125,-0.12798673725284482,0.75,0.875,0.8571428571428571,0.5,1.843033477592639,0.875,0.375,0.2857142857142857,0.4270557029177719
2008-06-16,0.125,0.09478583417876074,0.875,0.75,0.7142857142857143,0.5,1.9112191725678773,0.875,0.375,0.2857142857142857,0.3941798941798942
2008-06-17,-0.25,-0.24047684070918324,0.625,0.875,0.8571428571428571,0.5,1.8362271483423274,0.875,0.375,0.2857142857142857,0.35356200527704484
2008-06-18,-0.125,-0.5606545340664664,0.625,0.75,0.7142857142857143,0.5,1.8422596024504667,0.875,0.375,0.2857142857142857,0.3368421052631579
2008-06-19,-0.25,-0.570359686933014,0.5,0.75,0.7142857142857143,0.5,1.8933559547405667,0.875,0.375,0.2857142857142857,0.31758530183727035
2008-06-20,-0.25,-0.3259819873487129,0.5,0.75,0.7142857142857143,0.5,1.9139254685276825,0.875,0.375,0.2857142857142857,0.32460732984293195
2008-06-23,-0.25,-0.47308820716089384,0.5,0.75,0.7142857142857143,0.375,1.8217455585080198,0.75,0.375,0.2857142857142857,0.34986945169712796
2008-06-24,-0.25,-0.11629211724927924,0.5,0.75,0.7142857142857143,0.375,1.865300666755008,0.75,0.375,0.2857142857142857,0.3203125
2008-06-25,-0.125,-0.04141429648673195,0.625,0.75,0.7142857142857143,0.5,1.9232294089832513,0.875,0.375,0.2857142857142857,0.3038961038961039
2008-06-26,0.125,0.2084702692146121,0.875,0.75,0.7142857142857143,0.5,1.848485149864733,0.875,0.375,0.2857142857142857,0.3393782383419689
2008-06-27,0.25,0.14980776771595483,0.875,0.625,0.5714285714285714,0.375,1.8303059304000384,0.75,0.375,0.2857142857142857,0.32558139534883723
2008-06-30,0.25,0.12359040155704859,0.875,0.625,0.5714285714285714,0.375,1.8119060086099994,0.75,0.375,0.2857142857142857,0.29896907216494845
2008-07-01,0.125,0.26784424248843175,0.75,0.625,0.5714285714285714,0.375,1.789249301014677,0.75,0.375,0.2857142857142857,0.2982005141388175
2008-07-02,0.125,0.10189015624957137,0.625,0.5,0.42857142857142855,0.375,1.819704591433142,0.75,0.375,0.2857142857142857,0.29743589743589743
2008-07-03,-0.125,-0.10509007753781446,0.5,0.625,0.5714285714285714,0.375,1.702755031708819,0.75,0.375,0.2857142857142857,0.2915601023017903
2008-07-04,-0.125,-0.28307413872826115,0.5,0.625,0.5714285714285714,0.375,1.7106105500536346,0.75,0.375,0.2857142857142857,0.2755102040816326
2008-07-07,-0.25,-0.2662853089037257,0.5,0.75,0.7142857142857143,0.5,1.6891129316913331,0.875,0.375,0.2857142857142857,0.2595419847328244
2008-07-08,-0.25,-0.32470547628080454,0.5,0.75,0.7142857142857143,0.5,1.624054655575764,0.875,0.375,0.2857142857142857,0.20050761421319796
2008-07-09,-0.25,-0.5149921137746003,0.5,0.75,0.7142857142857143,0.5,1.6984904107395542,0.875,0.375,0.2857142857142857,0.1670886075949367
2008-07-10,-0.25,-0.345312732853189,0.5,0.75,0.7142857142857143,0.5,1.7971327722156674,0.875,0.375,0.2857142857142857,0.1590909090909091
2008-07-11,0.25,0.3623165820118759,0.875,0.625,0.5714285714285714,0.5,2.031481543168515,0.875,0.375,0.2857142857142857,0.18387909319899245
2008-07-14,0.125,0.003985706660401156,0.75,0.625,0.5714285714285714,0.5,2.1570120068043614,0.875,0.375,0.2857142857142857,0.17839195979899497
2008-07-15,-0.25,-0.30809238338184697,0.375,0.625,0.5714285714285714,0.625,2.1135156384092646,0.875,0.25,0.14285714285714285,0.22305764411027568
2008-07-16,-0.25,-0.20923563379333537,0.375,0.625,0.5714285714285714,0.625,2.1580014380422914,0.875,0.25,0.14285714285714285,0.26
2008-07-17,0.25,0.5511317507353551,0.625,0.375,0.2857142857142857,0.5,2.121308651754548,0.875,0.375,0.2857142857142857,0.26433915211970077
2008-07-18,0.5,0.7675573093896995,0.875,0.375,0.2857142857142857,0.5,2.09006613434432,0.875,0.375,0.2857142857142857,0.2263681592039801
2008-07-21,0.5,0.8318449349543497,0.875,0.375,0.2857142857142857,0.625,2.1599941163665495,0.875,0.25,0.14285714285714285,0.19602977667493796
2008-07-22,0.5,0.69184983408495,0.875,0.375,0.2857142857142857,0.5,2.087452779711659,0.875,0.375,0.2857142857142857,0.2400990099009901
2008-07-23,0.125,0.19826519202577575,0.75,0.625,0.5714285714285714,0.5,2.0696817156305296,0.875,0.375,0.2857142857142857,0.29876543209876544
2008-07-24,0.5,0.5864003809215096,0.875,0.375,0.2857142857142857,0.5,1.9060472296653672,0.875,0.375,0.2857142857142857,0.2684729064039409
2008-07-25,0.25,0.7887625353454448,0.75,0.5,0.42857142857142855,0.5,2.1712370494413036,0.875,0.375,0.2857142857142857,0.26535626535626533
2008-07-28,0.375,0.6711617025128355,0.875,0.5,0.42857142857142855,0.5,2.1643185756587355,0.875,0.375,0.2857142857142857,0.22794117647058823
2008-07-29,0.375,0.13771373665101838,0.875,0.5,0.42857142857142855,0.625,2.1843323827929515,0.875,0.25,0.14285714285714285,0.26894865525672373
2008-07-30,0.375,0.49623211577103565,0.875,0.5,0.42857142857142855,0.625,2.3476697376086304,0.875,0.25,0.14285714285714285,0.2634146341463415
2008-07-31,0.25,0.545821024944307,0.875,0.625,0.5714285714285714,0.625,2.487759008823497,0.875,0.25,0.14285714285714285,0.19708029197080293
2008-08-01,0.125,0.16461985317239958,0.875,0.75,0.7142857142857143,0.625,2.3426914926893003,0.875,0.25,0.14285714285714285,0.25485436893203883
2008-08-04,0.125,0.08495177745817006,0.875,0.75,0.7142857142857143,0.625,2.2968561419354865,0.875,0.25,0.14285714285714285,0.2687651331719128
2008-08-05,-0.125,-0.03516626391760547,0.75,0.875,0.8571428571428571,0.75,2.29954749410608,1.0,0.25,0.14285714285714285,0.2971014492753623
2008-08-06,-0.125,-0.13581568226677077,0.75,0.875,0.8571428571428571,0.75,2.2829255729630282,1.0,0.25,0.14285714285714285,0.3132530120481928
2008-08-07,-0.375,-0.35935585713733076,0.625,1.0,1.0,0.625,2.127938593839515,0.875,0.25,0.14285714285714285,0.3269230769230769
2008-08-08,-0.375,-1.33477138117002,0.625,1.0,1.0,0.375,1.827687279012994,0.875,0.5,0.42857142857142855,0.3333333333333333
2008-08-11,-0.375,-1.348655651666279,0.625,1.0,1.0,0.375,1.5892393828836628,0.875,0.5,0.42857142857142855,0.3373205741626794
2008-08-12,-0.375,-1.5018091050185878,0.625,1.0,1.0,0.375,1.637486630535534,0.875,0.5,0.42857142857142855,0.3460620525059666
2008-08-13,-0.25,-1.9394140461604399,0.75,1.0,1.0,0.625,1.7500579993542151,0.875,0.25,0.14285714285714285,0.3952380952380952
2008-08-14,-0.5,-1.9279915615486687,0.5,1.0,1.0,0.375,1.483250389779361,0.875,0.5,0.42857142857142855,0.36342042755344417
2008-08-15,-0.625,-2.356327074344546,0.375,1.0,1.0,0.5,1.43266505495462,0.875,0.375,0.2857142857142857,0.4146919431279621
2008-08-18,-0.625,-2.42317069882845,0.375,1.0,1.0,0.5,1.416200145412799,0.875,0.375,0.2857142857142857,0.4231678486997636
2008-08-19,-0.5,-2.026969055895098,0.5,1.0,1.0,0.5,1.4984835177368674,0.875,0.375,0.2857142857142857,0.4056603773584906
2008-08-20,-0.375,-2.0638292222049897,0.625,1.0,1.0,0.5,1.4914983667716597,0.875,0.375,0.2857142857142857,0.34823529411764703
2008-08-21,-0.375,-1.6062377885317978,0.625,1.0,1.0,0.625,1.6366428807156645,0.875,0.25,0.14285714285714285,0.3591549295774648
2008-08-22,-0.25,-1.7270804836426668,0.75,1.0,1.0,0.625,1.464461475167322,0.875,0.25,0.14285714285714285,0.4168618266978923
2008-08-25,-0.375,-1.6452867611667281,0.625,1.0,1.0,0.625,1.3751270002917355,0.875,0.25,0.14285714285714285,0.4369158878504673
2008-08-26,-0.375,-1.5037965164237324,0.625,1.0,1.0,0.625,1.1976830556290592,0.875,0.25,0.14285714285714285,0.44522144522144524
2008-08-27,-0.375,-1.4591702693900073,0.625,1.0,1.0,0.375,1.1898833503227515,0.875,0.5,0.42857142857142855,0.44651162790697674
2008-08-28,-0.5,-1.8793521818523622,0.5,1.0,1.0,0.375,1.0763778595779794,0.875,0.5,0.42857142857142855,0.4431554524361949
2008-08-29,-0.375,-2.1345939501155966,0.625,1.0,1.0,0.375,1.041021446592783,0.875,0.5,0.42857142857142855,0.44675925925925924
2008-09-01,-0.375,-1.939886269432383,0.625,1.0,1.0,0.25,0.8781832680255253,0.75,0.5,0.42857142857142855,0.48729792147806006
2008-09-02,-0.5,-1.6184471808029792,0.5,1.0,1.0,0.25,0.8233742340445597,0.75,0.5,0.42857142857142855,0.5345622119815668
2008-09-03,-0.375,-1.688471256250243,0.625,1.0,1.0,0.125,0.5617129067792339,0.75,0.625,0.5714285714285714,0.5172413793103449
2008-09-04,-0.375,-1.6014968802889369,0.5,0.875,0.8571428571428571,0.125,0.283357885816381,0.75,0.625,0.5714285714285714,0.7041284403669725
2008-09-05,-0.375,-1.4929609632930239,0.5,0.875,0.8571428571428571,0.125,0.15701628580908045,0.75,0.625,0.5714285714285714,0.6956521739130435
2008-09-08,-0.5,-1.8022522433728347,0.5,1.0,1.0,0.125,0.014965360591194243,0.75,0.625,0.5714285714285714,0.7009132420091324
2008-09-09,-0.375,-1.6559920334748532,0.5,0.875,0.8571428571428571,0.125,0.049989133539175,0.75,0.625,0.5714285714285714,0.7220956719817767
2008-09-10,-0.375,-1.7689382346059943,0.5,0.875,0.8571428571428571,-0.125,-0.16783550295685362,0.625,0.75,0.7142857142857143,0.6977272727272728
2008-09-11,-0.375,-1.7164465115208907,0.5,0.875,0.8571428571428571,-0.125,-0.12708087089531883,0.625,0.75,0.7142857142857143,0.6780045351473923
2008-09-12,-0.5,-1.8446983013138787,0.5,1.0,1.0,0.125,0.06845745610640763,0.75,0.625,0.5714285714285714,0.7352941176470589
2008-09-15,-0.375,-1.3678480013677117,0.5,0.875,0.8571428571428571,-0.125,-0.017920669652183585,0.625,0.75,0.7142857142857143,0.8284424379232506
2008-09-16,-0.375,-1.5323452872169903,0.5,0.875,0.8571428571428571,-0.125,-0.07649815199548698,0.625,0.75,0.7142857142857143,0.8355855855855856
2008-09-17,-0.5,-1.3001828572311782,0.375,0.875,0.8571428571428571,0.125,0.14141925808029232,0.75,0.625,0.5714285714285714,0.8876404494382022
2008-09-18,-0.5,-1.673651031738323,0.375,0.875,0.8571428571428571,0.125,0.20980041304716363,0.75,0.625,0.5714285714285714,0.9170403587443946
2008-09-19,-0.625,-1.9646028526693213,0.375,1.0,1.0,0.125,0.35932276262889734,0.75,0.625,0.5714285714285714,0.959731543624161
2008-09-22,-0.375,-1.3985473736904002,0.5,0.875,0.8571428571428571,0.125,0.60417477945532,0.75,0.625,0.5714285714285714,0.9776785714285714
2008-09-23,-0.5,-1.5814393537297455,0.375,0.875,0.8571428571428571,0.125,0.5537839901084773,0.75,0.625,0.5714285714285714,0.977728285077951
2008-09-24,-0.625,-1.7543455797524365,0.375,1.0,1.0,0.125,0.4693186109324923,0.75,0.625,0.5714285714285714,0.9733333333333334
2008-09-25,-0.375,-1.4853889857750395,0.5,0.875,0.8571428571428571,0.125,0.4335081408974446,0.75,0.625,0.5714285714285714,0.9778270509977827
2008-09-26,-0.375,-1.434959487448411,0.5,0.875,0.8571428571428571,0.125,0.36900977933916557,0.75,0.625,0.5714285714285714,0.9712389380530974
2008-09-29,-0.375,-1.3770484478561191,0.5,0.875,0.8571428571428571,0.125,0.17649892067361955,0.75,0.625,0.5714285714285714,0.9801324503311258
2008-09-30,-0.5,-1.7278556462614865,0.375,0.875,0.8571428571428571,-0.125,-0.07515289128278896,0.625,0.75,0.7142857142857143,0.9801762114537445
2008-10-01,-0.5,-1.861361514478594,0.375,0.875,0.8571428571428571,-0.125,-0.14041101865490596,0.625,0.75,0.7142857142857143,0.9802197802197802
2008-10-02,-0.5,-1.8556463182986234,0.375,0.875,0.8571428571428571,-0.125,-0.3401127113057965,0.625,0.75,0.7142857142857143,0.9758771929824561
2008-10-03,-0.625,-1.976397949349789,0.25,0.875,0.8571428571428571,-0.125,-0.4005073775578323,0.625,0.75,0.7142857142857143,0.973741794310722
2008-10-06,-0.5,-1.576431557376105,0.375,0.875,0.8571428571428571,-0.125,-0.5362866929266141,0.625,0.75,0.7142857142857143,0.980349344978166
2008-10-07,-0.5,-1.5056170440157224,0.375,0.875,0.8571428571428571,-0.125,-0.3663231053279698,0.625,0.75,0.7142857142857143,0.9782135076252724
2008-10-08,-0.5,-1.1937627898787408,0.375,0.875,0.8571428571428571,-0.125,-0.33780989962103597,0.625,0.75,0.7142857142857143,0.9804347826086957
2008-10-09,-0.375,-1.283786195288957,0.5,0.875,0.8571428571428571,-0.125,-0.3512579311177197,0.625,0.75,0.7142857142857143,0.9804772234273319
2008-10-10,-0.5,-1.2359902212188583,0.375,0.875,0.8571428571428571,-0.125,-0.45081737675902817,0.625,0.75,0.7142857142857143,0.9805194805194806
2008-10-13,-0.5,-1.430317281841465,0.375,0.875,0.8571428571428571,-0.125,-0.4488452540915267,0.625,0.75,0.7142857142857143,0.980561555075594
2008-10-14,-0.5,-1.356517307015954,0.375,0.875,0.8571428571428571,-0.125,-0.4615661963100703,0.625,0.75,0.7142857142857143,0.9806034482758621
2008-10-15,-0.25,-1.1675222733763222,0.625,0.875,0.8571428571428571,-0.125,-0.4565286894087361,0.625,0.75,0.7142857142857143,0.9806451612903225
2008-10-16,-0.5,-1.376121230503428,0.375,0.875,0.8571428571428571,-0.125,-0.5218660711750382,0.625,0.75,0.7142857142857143,0.98068669527897
2008-10-17,-0.5,-1.415689379723333,0.375,0.875,0.8571428571428571,-0.125,-0.5706237600920543,0.625,0.75,0.7142857142857143,0.9764453961456103
2008-10-20,-0.5,-1.5921952585259351,0.375,0.875,0.8571428571428571,-0.125,-0.6267841994399177,0.625,0.75,0.7142857142857143,0.9786324786324786
2008-10-21,-0.5,-1.4794190983794417,0.375,0.875,0.8571428571428571,-0.25,-0.7264085075653566,0.625,0.875,0.8571428571428571,0.9808102345415778
2008-10-22,-0.25,-1.5042560260603342,0.625,0.875,0.8571428571428571,-0.25,-0.8498555867474099,0.625,0.875,0.8571428571428571,0.9808510638297873
2008-10-23,-0.25,-1.467179249291381,0.625,0.875,0.8571428571428571,-0.25,-0.800860316958078,0.625,0.875,0.8571428571428571,0.9808917197452229
2008-10-24,-0.25,-1.361079606551137,0.625,0.875,0.8571428571428571,-0.25,-0.8688117750835487,0.625,0.875,0.8571428571428571,0.9809322033898306
2008-10-29,-0.5,-1.4419370900062252,0.375,0.875,0.8571428571428571,-0.25,-0.8493028851021535,0.625,0.875,0.8571428571428571,0.9809725158562368
2008-10-30,-0.5,-1.5479534400489148,0.375,0.875,0.8571428571428571,-0.25,-0.9201043158605284,0.625,0.875,0.8571428571428571,0.9810126582278481
2008-10-31,-0.375,-1.5597793577872503,0.5,0.875,0.8571428571428571,-0.25,-1.0040245281521933,0.625,0.875,0.8571428571428571,0.9810526315789474
2008-11-03,-0.5,-1.6754944391323496,0.375,0.875,0.8571428571428571,-0.25,-1.1620633614128548,0.625,0.875,0.8571428571428571,0.9810924369747899
2008-11-04,-0.375,-1.4169373918830268,0.5,0.875,0.8571428571428571,-0.25,-0.9883892019489983,0.625,0.875,0.8571428571428571,0.9811320754716981
2008-11-05,-0.375,-1.2784649662030516,0.5,0.875,0.8571428571428571,-0.25,-0.9810790759258634,0.625,0.875,0.8571428571428571,0.9707112970711297
2008-11-06,-0.375,-1.4264199537748676,0.5,0.875,0.8571428571428571,-0.25,-1.1067479746380404,0.625,0.875,0.8571428571428571,0.9770354906054279
2008-11-07,-0.375,-1.447295087946862,0.5,0.875,0.8571428571428571,-0.25,-1.2089064630905955,0.625,0.875,0.8571428571428571,0.9645833333333333
2008-11-10,-0.375,-1.3558998989941706,0.5,0.875,0.8571428571428571,-0.25,-1.1830863865828078,0.625,0.875,0.8571428571428571,0.9625779625779626
2008-11-11,-0.375,-1.3282227757426048,0.5,0.875,0.8571428571428571,-0.25,-1.2314685069132254,0.625,0.875,0.8571428571428571,0.9605809128630706
2008-11-12,-0.375,-1.1790699752188991,0.5,0.875,0.8571428571428571,-0.25,-1.1553341538204747,0.625,0.875,0.8571428571428571,0.9585921325051759
2008-11-13,-0.375,-1.1970553850072538,0.5,0.875,0.8571428571428571,-0.25,-1.0302144334560048,0.625,0.875,0.8571428571428571,0.9628099173553719
2008-11-14,-0.375,-1.1685737028826342,0.5,0.875,0.8571428571428571,-0.25,-0.9846272716069043,0.625,0.875,0.8571428571428571,0.954639175257732
2008-11-17,-0.375,-1.230342881579969,0.5,0.875,0.8571428571428571,-0.25,-0.9803707695812106,0.625,0.875,0.8571428571428571,0.948559670781893
2008-11-18,-0.25,-1.2157265853475323,0.625,0.875,0.8571428571428571,-0.25,-0.929326436709173,0.625,0.875,0.8571428571428571,0.946611909650924
2008-11-19,-0.25,-1.2315806721466214,0.625,0.875,0.8571428571428571,-0.25,-0.9703919555975434,0.625,0.875,0.8571428571428571,0.944672131147541
2008-11-20,-0.25,-1.0891462471040523,0.625,0.875,0.8571428571428571,-0.25,-0.9618616681621526,0.625,0.875,0.8571428571428571,0.9488752556237219
2008-11-21,-0.25,-1.1581328503314703,0.625,0.875,0.8571428571428571,-0.25,-0.9058636491214596,0.625,0.875,0.8571428571428571,0.9408163265306122
2008-11-24,-0.25,-1.0422544482593716,0.625,0.875,0.8571428571428571,-0.25,-0.7861357588408984,0.625,0.875,0.8571428571428571,0.9531568228105907
2008-11-25,-0.25,-0.9399251830669877,0.625,0.875,0.8571428571428571,-0.25,-0.7151960942948418,0.625,0.875,0.8571428571428571,0.9349593495934959
2008-11-26,-0.25,-1.053988486315434,0.625,0.875,0.8571428571428571,-0.25,-0.8214742583327304,0.625,0.875,0.8571428571428571,0.9249492900608519
2008-11-27,-0.25,-1.0363647772494622,0.625,0.875,0.8571428571428571,-0.25,-0.8237200819474425,0.625,0.875,0.8571428571428571,0.9190283400809717
2008-11-28,-0.25,-1.1704646088885589,0.625,0.875,0.8571428571428571,-0.25,-0.9022173931396467,0.625,0.875,0.8571428571428571,0.9171717171717172
2008-12-01,-0.25,-1.038898689201978,0.625,0.875,0.8571428571428571,-0.25,-0.8168790068154885,0.625,0.875,0.8571428571428571,0.9233870967741935
2008-12-02,-0.25,-0.9608375242535865,0.625,0.875,0.8571428571428571,-0.25,-0.7177322861559975,0.625,0.875,0.8571428571428571,0.9134808853118712
2008-12-03,-0.25,-0.8726786251155292,0.625,0.875,0.8571428571428571,-0.25,-0.7345031127702831,0.625,0.875,0.8571428571428571,0.9096385542168675
2008-12-04,-0.25,-0.8426198787987248,0.625,0.875,0.8571428571428571,-0.25,-0.6724177549019924,0.625,0.875,0.8571428571428571,0.9098196392785571
2008-12-05,-0.25,-0.8352114448163057,0.625,0.875,0.8571428571428571,-0.25,-0.7115308049344886,0.625,0.875,0.8571428571428571,0.9118236472945892
2008-12-08,-0.25,-0.7363435250576389,0.625,0.875,0.8571428571428571,-0.25,-0.6124718204021613,0.625,0.875,0.8571428571428571,0.9158316633266533
2008-12-09,-0.25,-0.7843586619515129,0.625,0.875,0.8571428571428571,-0.25,-0.5961190776697551,0.625,0.875,0.8571428571428571,0.9138276553106213
2008-12-10,-0.25,-0.8399236816817237,0.625,0.875,0.8571428571428571,-0.25,-0.5655737196617453,0.625,0.875,0.8571428571428571,0.9038076152304609
2008-12-11,-0.25,-0.5491451502689673,0.625,0.875,0.8571428571428571,-0.25,-0.4370470208394897,0.625,0.875,0.8571428571428571,0.9018036072144289
2008-12-12,-0.25,-0.6497292658638971,0.625,0.875,0.8571428571428571,-0.25,-0.4353409593915863,0.625,0.875,0.8571428571428571,0.9018036072144289
2008-12-15,-0.125,-0.39437146654663285,0.75,0.875,0.8571428571428571,-0.25,-0.35789623346312033,0.625,0.875,0.8571428571428571,0.9018036072144289
2008-12-16,-0.25,-0.250303286600204,0.625,0.875,0.8571428571428571,-0.125,-0.27617483622785416,0.625,0.75,0.7142857142857143,0.9098196392785571
2008-12-17,-0.25,-0.22655802853656976,0.625,0.875,0.8571428571428571,-0.125,-0.07738061173218991,0.625,0.75,0.7142857142857143,0.9118236472945892
2008-12-18,-0.125,-0.23027882107131692,0.625,0.75,0.7142857142857143,-0.125,-0.13752460997493587,0.625,0.75,0.7142857142857143,0.905811623246493
2008-12-19,-0.25,-0.3882286533075843,0.625,0.875,0.8571428571428571,-0.125,-0.3287397193021128,0.625,0.75,0.7142857142857143,0.8957915831663327
2008-12-22,-0.25,-0.3812166040758132,0.625,0.875,0.8571428571428571,-0.125,-0.33293793184992926,0.625,0.75,0.7142857142857143,0.8937875751503006
2008-12-23,-0.125,-0.3837024944560387,0.625,0.75,0.7142857142857143,-0.125,-0.35479003813935933,0.625,0.75,0.7142857142857143,0.8917835671342685
2008-12-24,-0.125,-0.26084032070775587,0.625,0.75,0.7142857142857143,-0.125,-0.2937552260716117,0.625,0.75,0.7142857142857143,0.8897795591182365
2008-12-25,-0.125,-0.06315043724679975,0.625,0.75,0.7142857142857143,-0.125,-0.2952470896389511,0.625,0.75,0.7142857142857143,0.8877755511022044
2008-12-26,0.125,0.03454815952212509,0.75,0.625,0.5714285714285714,-0.125,-0.25029864889767506,0.625,0.75,0.7142857142857143,0.8877755511022044
2008-12-29,0.125,0.1003984563959639,0.75,0.625,0.5714285714285714,-0.125,-0.34382112349456895,0.625,0.75,0.7142857142857143,0.87374749498998
2008-12-30,0.125,0.1926136074706467,0.75,0.625,0.5714285714285714,-0.125,-0.27346536215205963,0.625,0.75,0.7142857142857143,0.8717434869739479
2008-12-31,0.125,0.4086977815723032,0.75,0.625,0.5714285714285714,-0.125,-0.37548743270693136,0.625,0.75,0.7142857142857143,0.87374749498998
2009-01-01,0.125,0.32120902959469666,0.75,0.625,0.5714285714285714,-0.125,-0.3576841255593811,0.625,0.75,0.7142857142857143,0.8677354709418837
2009-01-02,0.125,0.2106233675045013,0.625,0.5,0.42857142857142855,-0.125,-0.3771485052539781,0.625,0.75,0.7142857142857143,0.8677354709418837
2009-01-05,0.125,0.04316737599050921,0.625,0.5,0.42857142857142855,-0.25,-0.5107250258950147,0.625,0.875,0.8571428571428571,0.8717434869739479
2009-01-06,0.25,0.10278593004423475,0.625,0.375,0.2857142857142857,-0.25,-0.6148689839751349,0.625,0.875,0.8571428571428571,0.8777555110220441
2009-01-07,0.125,0.06920715668995686,0.625,0.5,0.42857142857142855,-0.125,-0.4453284848302024,0.625,0.75,0.7142857142857143,0.8837675350701403
2009-01-08,0.125,0.09490535611214937,0.625,0.5,0.42857142857142855,-0.25,-0.4991977442511236,0.625,0.875,0.8571428571428571,0.8817635270541082
2009-01-09,-0.125,-0.03889084359440573,0.375,0.5,0.42857142857142855,-0.25,-0.6196551184805132,0.625,0.875,0.8571428571428571,0.8817635270541082
2009-01-12,-0.125,-0.11395068344883456,0.625,0.75,0.7142857142857143,-0.25,-0.626649766366266,0.625,0.875,0.8571428571428571,0.8937875751503006
2009-01-13,-0.125,-0.20312410326642555,0.625,0.75,0.7142857142857143,-0.25,-0.6393171763943004,0.625,0.875,0.8571428571428571,0.8897795591182365
2009-01-14,-0.125,-0.14412622005871636,0.625,0.75,0.7142857142857143,-0.25,-0.6596008559143748,0.625,0.875,0.8571428571428571,0.8857715430861723
2009-01-15,0.125,0.09151658587302636,0.75,0.625,0.5714285714285714,-0.25,-0.6779487886050807,0.625,0.875,0.8571428571428571,0.87374749498998
2009-01-16,0.375,0.6367747583085085,0.75,0.375,0.2857142857142857,-0.25,-0.6681147289965195,0.625,0.875,0.8571428571428571,0.8657314629258517
2009-01-19,0.125,0.11811686927713738,0.75,0.625,0.5714285714285714,-0.25,-0.7386666894482965,0.625,0.875,0.8571428571428571,0.8677354709418837
2009-01-20,0.375,0.3484323695440016,0.75,0.375,0.2857142857142857,-0.25,-0.7359385035203337,0.625,0.875,0.8571428571428571,0.8937875751503006
2009-01-21,0.125,0.13733721352237038,0.875,0.75,0.7142857142857143,-0.25,-0.687771348164905,0.625,0.875,0.8571428571428571,0.8937875751503006
2009-01-22,0.125,0.1440143734944464,0.875,0.75,0.7142857142857143,-0.25,-0.6369825157635792,0.625,0.875,0.8571428571428571,0.8997995991983968
2009-01-23,0.25,0.27575733758657367,0.875,0.625,0.5714285714285714,-0.25,-0.6450226410129634,0.625,0.875,0.8571428571428571,0.9038076152304609
2009-01-26,0.25,0.6727033127376189,0.875,0.625,0.5714285714285714,-0.25,-0.5055385401771104,0.625,0.875,0.8571428571428571,0.9078156312625251
2009-01-27,0.125,0.18716552077144527,0.75,0.625,0.5714285714285714,-0.25,-0.5241046820999093,0.625,0.875,0.8571428571428571,0.9078156312625251
2009-01-28,0.25,0.2742960905004914,0.875,0.625,0.5714285714285714,-0.25,-0.5516083396263689,0.625,0.875,0.8571428571428571,0.9018036072144289
2009-01-29,0.125,0.32899445559856866,0.75,0.625,0.5714285714285714,-0.25,-0.6370667764159316,0.625,0.875,0.8571428571428571,0.9098196392785571
2009-01-30,0.125,0.04655234418156867,0.75,0.625,0.5714285714285714,-0.25,-0.6839477642388669,0.625,0.875,0.8571428571428571,0.9098196392785571
2009-02-02,0.125,0.06776831428966423,0.75,0.625,0.5714285714285714,-0.25,-0.6777410405288646,0.625,0.875,0.8571428571428571,0.9018036072144289
2009-02-03,0.25,0.6884808135220212,0.875,0.625,0.5714285714285714,-0.25,-0.6318442122419479,0.625,0.875,0.8571428571428571,0.9038076152304609
2009-02-04,0.5,0.7244078758790927,0.875,0.375,0.2857142857142857,-0.25,-0.6819398108735488,0.625,0.875,0.8571428571428571,0.8937875751503006
2009-02-05,-0.125,-0.001459559678320621,0.625,0.75,0.7142857142857143,-0.25,-0.7633693848750618,0.625,0.875,0.8571428571428571,0.905811623246493
2009-02-06,0.25,0.6521517746615049,0.625,0.375,0.2857142857142857,-0.25,-0.7578192563156172,0.625,0.875,0.8571428571428571,0.9118236472945892
2009-02-09,0.25,1.177385101142863,0.625,0.375,0.2857142857142857,-0.25,-0.7744332838894025,0.625,0.875,0.8571428571428571,0.8917835671342685
2009-02-10,0.25,0.5804520141990508,0.75,0.5,0.42857142857142855,-0.25,-0.7467160083595716,0.625,0.875,0.8571428571428571,0.8997995991983968
2009-02-11,0.375,0.9345508469557764,0.75,0.375,0.2857142857142857,-0.25,-0.7407055437224425,0.625,0.875,0.8571428571428571,0.8797595190380761
2009-02-12,0.125,1.109617873296754,0.5,0.375,0.2857142857142857,-0.25,-0.7940763108010405,0.625,0.875,0.8571428571428571,0.8657314629258517
2009-02-13,0.125,0.8263678635155735,0.5,0.375,0.2857142857142857,-0.25,-0.8722027167575689,0.625,0.875,0.8571428571428571,0.8637274549098196
2009-02-16,-0.375,-0.31727864567270536,0.375,0.75,0.7142857142857143,-0.25,-0.9173643454414266,0.625,0.875,0.8571428571428571,0.8577154308617234
2009-02-17,-0.375,-0.989076616947033,0.375,0.75,0.7142857142857143,-0.25,-1.0320058434651742,0.625,0.875,0.8571428571428571,0.8476953907815631
2009-02-18,-0.375,-0.7261326356466022,0.375,0.75,0.7142857142857143,-0.25,-1.0591126165757987,0.625,0.875,0.8571428571428571,0.8356713426853707
2009-02-19,-0.25,-0.45564268713998857,0.5,0.75,0.7142857142857143,-0.25,-1.0448041851753898,0.625,0.875,0.8571428571428571,0.8296593186372746
2009-02-20,0.125,0.26824204188109707,0.75,0.625,0.5714285714285714,-0.25,-0.9774118355325941,0.625,0.875,0.8571428571428571,0.8176352705410822
2009-02-23,0.25,0.3520540682401607,0.875,0.625,0.5714285714285714,-0.25,-1.1238378019184834,0.625,0.875,0.8571428571428571,0.8136272545090181
2009-02-24,0.25,0.4709599207068019,0.75,0.5,0.42857142857142855,-0.25,-1.0860358901121423,0.625,0.875,0.8571428571428571,0.845691382765531
2009-02-25,0.125,0.028251266891528293,0.875,0.75,0.7142857142857143,-0.25,-1.1780714876094907,0.625,0.875,0.8571428571428571,0.8336673346693386
2009-02-26,-0.125,-0.11314770992162243,0.5,0.625,0.5714285714285714,-0.25,-1.1228489584390253,0.625,0.875,0.8571428571428571,0.8096192384769539
2009-02-27,-0.25,-0.1005283563554365,0.625,0.875,0.8571428571428571,-0.25,-1.203024583837867,0.625,0.875,0.8571428571428571,0.7975951903807615
2009-03-02,-0.125,-0.8175108581307106,0.75,0.875,0.8571428571428571,-0.25,-1.2085036833570273,0.625,0.875,0.8571428571428571,0.7975951903807615
2009-03-03,-0.25,-0.8944402745546771,0.625,0.875,0.8571428571428571,-0.25,-1.3182837632032547,0.625,0.875,0.8571428571428571,0.7895791583166333
2009-03-04,-0.375,-0.9155901135406145,0.5,0.875,0.8571428571428571,-0.375,-1.4362122152435408,0.625,1.0,1.0,0.7915831663326653
2009-03-05,-0.375,-1.7632393565481888,0.5,0.875,0.8571428571428571,-0.25,-1.3124444493911238,0.625,0.875,0.8571428571428571,0.7855711422845691
2009-03-06,-0.375,-1.7490051685936543,0.5,0.875,0.8571428571428571,-0.25,-1.3567918544835673,0.625,0.875,0.8571428571428571,0.7394789579158316
2009-03-09,-0.5,-2.053015903531902,0.5,1.0,1.0,-0.25,-1.2717353970240053,0.625,0.875,0.8571428571428571,0.7615230460921844
2009-03-10,-0.5,-2.3524219417251317,0.5,1.0,1.0,-0.25,-1.2505871958912904,0.625,0.875,0.8571428571428571,0.7214428857715431
2009-03-11,-0.75,-2.842458336861009,0.25,1.0,1.0,-0.25,-1.1503048824910356,0.625,0.875,0.8571428571428571,0.7274549098196392
2009-03-12,-0.75,-2.9500718290149317,0.25,1.0,1.0,-0.25,-1.2362614546379704,0.625,0.875,0.8571428571428571,0.779559118236473
2009-03-13,-0.625,-2.4776942720291926,0.375,1.0,1.0,-0.25,-1.354446492874289,0.625,0.875,0.8571428571428571,0.7715430861723447
2009-03-16,-0.5,-2.6289665319184854,0.5,1.0,1.0,-0.25,-1.3367142162531367,0.625,0.875,0.8571428571428571,0.7555110220440882
2009-03-17,-0.5,-2.4388425884445852,0.5,1.0,1.0,-0.25,-1.3368825896829506,0.625,0.875,0.8571428571428571,0.7334669338677354
2009-03-18,-0.5,-1.6919324724850286,0.5,1.0,1.0,-0.25,-1.1258254681304896,0.625,0.875,0.8571428571428571,0.7635270541082164
2009-03-19,-0.375,-1.5429664480660106,0.5,0.875,0.8571428571428571,-0.25,-0.9650326024768833,0.625,0.875,0.8571428571428571,0.7695390781563126
2009-03-20,-0.5,-1.6431477937558552,0.375,0.875,0.8571428571428571,-0.25,-1.0363719069302848,0.625,0.875,0.8571428571428571,0.7695390781563126
2009-03-23,-0.375,-0.8220891894277754,0.375,0.75,0.7142857142857143,-0.25,-1.0742584055480282,0.625,0.875,0.8571428571428571,0.7835671342685371
2009-03-24,-0.375,-1.2793025977580463,0.375,0.75,0.7142857142857143,-0.25,-1.1984336521707464,0.625,0.875,0.8571428571428571,0.7535070140280561
2009-03-25,-0.625,-1.2622910516716705,0.375,1.0,1.0,-0.25,-1.0934736127278784,0.625,0.875,0.8571428571428571,0.7575150300601202
2009-03-26,-0.625,-1.2375963573434448,0.375,1.0,1.0,-0.25,-1.1518577219905746,0.625,0.875,0.8571428571428571,0.7775551102204409
2009-03-27,-0.625,-2.171472068264352,0.375,1.0,1.0,-0.25,-1.3329966092222663,0.625,0.875,0.8571428571428571,0.779559118236473
2009-03-30,-0.25,-2.0080469971303025,0.75,1.0,1.0,-0.25,-1.2720739140068833,0.625,0.875,0.8571428571428571,0.7735470941883767
2009-03-31,-0.125,-0.8742043629931301,0.875,1.0,1.0,-0.25,-1.3568634153826775,0.625,0.875,0.8571428571428571,0.7835671342685371
2009-04-01,-0.25,-1.7124224011763203,0.75,1.0,1.0,-0.25,-1.4082892726774006,0.625,0.875,0.8571428571428571,0.7615230460921844
2009-04-02,-0.125,-0.6337468819447583,0.75,0.875,0.8571428571428571,-0.25,-1.366601305685816,0.625,0.875,0.8571428571428571,0.781563126252505
2009-04-03,0.125,0.11962849385333119,0.875,0.75,0.7142857142857143,-0.25,-1.4398039186917955,0.625,0.875,0.8571428571428571,0.7855711422845691
2009-04-06,0.125,0.05568278789693071,0.75,0.625,0.5714285714285714,-0.25,-1.4588813012409543,0.625,0.875,0.8571428571428571,0.7434869739478958
2009-04-07,0.125,0.11465249167665284,0.625,0.5,0.42857142857142855,-0.25,-1.4097075440871316,0.625,0.875,0.8571428571428571,0.7214428857715431
2009-04-08,0.125,0.1362041121797976,0.5,0.375,0.2857142857142857,-0.25,-1.4598006991630945,0.625,0.875,0.8571428571428571,0.7134268537074149
2009-04-09,0.25,0.015808390984005237,0.625,0.375,0.2857142857142857,-0.375,-1.6116923222495756,0.5,0.875,0.8571428571428571,0.6773547094188377
2009-04-10,-0.25,-0.17076620603338727,0.375,0.625,0.5714285714285714,-0.25,-1.5366964246463088,0.625,0.875,0.8571428571428571,0.6713426853707415
2009-04-13,0.25,0.380422692905059,0.5,0.25,0.14285714285714285,-0.25,-1.3721877281092714,0.625,0.875,0.8571428571428571,0.6773547094188377
2009-04-14,0.25,0.4693523013537372,0.5,0.25,0.14285714285714285,-0.25,-1.330813675844178,0.625,0.875,0.8571428571428571,0.7254509018036072
2009-04-15,0.25,0.18969464165647343,0.5,0.25,0.14285714285714285,-0.25,-1.4003195390981953,0.625,0.875,0.8571428571428571,0.6933867735470942
2009-04-16,0.25,0.2023609136420771,0.5,0.25,0.14285714285714285,-0.25,-1.3810430071459407,0.625,0.875,0.8571428571428571,0.6733466933867736
2009-04-17,0.125,0.05002517335670317,0.5,0.375,0.2857142857142857,-0.25,-1.4369289840529897,0.625,0.875,0.8571428571428571,0.6833667334669339
2009-04-20,-0.25,-0.47497969254649675,0.375,0.625,0.5714285714285714,-0.25,-1.315886450460131,0.625,0.875,0.8571428571428571,0.7134268537074149
2009-04-21,-0.25,-0.37218188395327606,0.375,0.625,0.5714285714285714,-0.25,-1.3107054347090854,0.625,0.875,0.8571428571428571,0.7134268537074149
2009-04-22,-0.25,-0.28655733873332356,0.375,0.625,0.5714285714285714,-0.25,-1.2560784138840277,0.625,0.875,0.8571428571428571,0.7194388777555111
2009-04-23,0.375,0.28107318649405866,0.625,0.25,0.14285714285714285,-0.25,-1.224828448354115,0.625,0.875,0.8571428571428571,0.6973947895791583
2009-04-24,0.5,0.5392136566021355,0.75,0.25,0.14285714285714285,-0.25,-1.1466271205304852,0.625,0.875,0.8571428571428571,0.6733466933867736
2009-04-27,0.25,0.256334035689621,0.5,0.25,0.14285714285714285,-0.25,-1.276480614149456,0.625,0.875,0.8571428571428571,0.6813627254509018
2009-04-28,0.375,0.2102159378844814,0.625,0.25,0.14285714285714285,-0.25,-1.2302798901741578,0.625,0.875,0.8571428571428571,0.6633266533066132
2009-04-29,0.5,0.5437965795225517,0.75,0.25,0.14285714285714285,-0.25,-1.2383971387098573,0.625,0.875,0.8571428571428571,0.7094188376753507
2009-04-30,0.5,0.6379060894859783,0.75,0.25,0.14285714285714285,-0.25,-1.25887092025227,0.625,0.875,0.8571428571428571,0.6492985971943888
2009-05-01,0.375,0.5970475694652668,0.625,0.25,0.14285714285714285,-0.25,-1.2929948613187188,0.625,0.875,0.8571428571428571,0.6492985971943888
2009-05-04,0.25,0.6637483634729602,0.5,0.25,0.14285714285714285,-0.25,-1.21798859380459,0.625,0.875,0.8571428571428571,0.657314629258517
2009-05-05,0.25,0.479516308408085,0.5,0.25,0.14285714285714285,-0.25,-1.3595655280451924,0.625,0.875,0.8571428571428571,0.6392785571142284
2009-05-06,0.25,0.5506915903095737,0.5,0.25,0.14285714285714285,-0.25,-1.3229011890042135,0.625,0.875,0.8571428571428571,0.6472945891783567
2009-05-07,0.25,0.5412913143921378,0.5,0.25,0.14285714285714285,-0.25,-1.4097349080841202,0.625,0.875,0.8571428571428571,0.6452905811623246
2009-05-08,0.25,0.8350076448764856,0.5,0.25,0.14285714285714285,-0.25,-1.3772006063122637,0.625,0.875,0.8571428571428571,0.7054108216432866
2009-05-11,0.375,0.8978991748939156,0.625,0.25,0.14285714285714285,-0.25,-1.2595082987095592,0.625,0.875,0.8571428571428571,0.7114228456913828
2009-05-12,0.375,1.1373793219571935,0.625,0.25,0.14285714285714285,-0.25,-1.2604844702163094,0.625,0.875,0.8571428571428571,0.6412825651302605
2009-05-13,0.5,1.3499327537866774,0.75,0.25,0.14285714285714285,-0.25,-1.2059238586534067,0.625,0.875,0.8571428571428571,0.6793587174348698
2009-05-14,0.5,1.1788782550832244,0.75,0.25,0.14285714285714285,-0.25,-1.1531133023887725,0.625,0.875,0.8571428571428571,0.6713426853707415
2009-05-15,0.25,0.8863362114719616,0.5,0.25,0.14285714285714285,-0.25,-1.1555122486363296,0.625,0.875,0.8571428571428571,0.6993987975951904
2009-05-18,0.375,1.0100192425326884,0.625,0.25,0.14285714285714285,-0.25,-1.1192966567121154,0.625,0.875,0.8571428571428571,0.6372745490981964
2009-05-19,0.375,0.9823802791094773,0.5,0.125,0.0,-0.25,-1.133875225246174,0.625,0.875,0.8571428571428571,0.6112224448897795
2009-05-20,0.375,1.3458288186502965,0.5,0.125,0.0,-0.25,-1.06511252008357,0.625,0.875,0.8571428571428571,0.6032064128256514
2009-05-21,0.375,1.4629132152050472,0.5,0.125,0.0,-0.25,-0.9354735405848812,0.625,0.875,0.8571428571428571,0.591182364729459
2009-05-22,0.375,1.408166612401861,0.5,0.125,0.0,-0.25,-0.9128822289336281,0.625,0.875,0.8571428571428571,0.5871743486973948
2009-05-25,0.375,1.4209661280780552,0.5,0.125,0.0,-0.375,-1.0024753834771405,0.5,0.875,0.8571428571428571,0.561122244488978
2009-05-26,0.375,1.4513715906497553,0.5,0.125,0.0,-0.375,-1.1524328705905758,0.5,0.875,0.8571428571428571,0.5350701402805611
2009-05-27,0.375,1.4297541461518903,0.5,0.125,0.0,-0.375,-1.143950654036179,0.5,0.875,0.8571428571428571,0.5130260521042084
2009-05-28,0.375,1.3756434731450715,0.5,0.125,0.0,-0.375,-1.0288101050666478,0.5,0.875,0.8571428571428571,0.5270541082164328
2009-05-29,0.375,1.3923442613308827,0.5,0.125,0.0,-0.375,-0.9723488218290854,0.5,0.875,0.8571428571428571,0.5430861723446894
2009-06-01,0.375,1.2490481549009398,0.5,0.125,0.0,-0.375,-1.0237508601009802,0.5,0.875,0.8571428571428571,0.5791583166332666
2009-06-02,0.375,1.3615186144920863,0.5,0.125,0.0,-0.375,-0.8115652824455304,0.5,0.875,0.8571428571428571,0.5771543086172345
2009-06-03,0.375,1.2880104370471366,0.5,0.125,0.0,-0.375,-0.9172431342607568,0.5,0.875,0.8571428571428571,0.6052104208416834
2009-06-04,0.25,1.3024187563715495,0.375,0.125,0.0,-0.375,-0.9290625879394225,0.5,0.875,0.8571428571428571,0.5951903807615231
2009-06-05,0.125,1.120877054241925,0.375,0.25,0.14285714285714285,-0.375,-1.1176596752798695,0.5,0.875,0.8571428571428571,0.593186372745491
2009-06-08,0.125,1.080137557543498,0.375,0.25,0.14285714285714285,-0.375,-1.0915273772455651,0.5,0.875,0.8571428571428571,0.5751503006012024
2009-06-09,0.25,1.1631240495326574,0.375,0.125,0.0,-0.375,-1.0854550413488726,0.5,0.875,0.8571428571428571,0.5791583166332666
2009-06-10,0.125,0.5474385349818214,0.375,0.25,0.14285714285714285,-0.375,-1.108172650137327,0.5,0.875,0.8571428571428571,0.5571142284569138
2009-06-11,0.125,0.44050637343107235,0.375,0.25,0.14285714285714285,-0.375,-1.1280736793365578,0.5,0.875,0.8571428571428571,0.5711422845691383
2009-06-12,0.125,0.4564863927563606,0.375,0.25,0.14285714285714285,-0.375,-1.2576040988985917,0.5,0.875,0.8571428571428571,0.533066132264529
2009-06-15,0.125,0.21783562781271126,0.375,0.25,0.14285714285714285,-0.375,-1.4241769811076617,0.5,0.875,0.8571428571428571,0.533066132264529
2009-06-16,0.25,0.5470433206423115,0.375,0.125,0.0,-0.375,-1.348987293559639,0.5,0.875,0.8571428571428571,0.5551102204408818
2009-06-17,0.25,0.5747853933752696,0.375,0.125,0.0,-0.375,-1.2319257477435641,0.5,0.875,0.8571428571428571,0.5350701402805611
2009-06-18,0.25,0.5836603544446977,0.375,0.125,0.0,-0.375,-1.3625711120925204,0.5,0.875,0.8571428571428571,0.561122244488978
2009-06-19,0.25,0.9177827830816077,0.375,0.125,0.0,-0.375,-1.4071878597781682,0.5,0.875,0.8571428571428571,0.5370741482965932
2009-06-22,0.25,0.9535409166309453,0.375,0.125,0.0,-0.375,-1.2414361931073192,0.5,0.875,0.8571428571428571,0.5851703406813628
2009-06-23,0.25,1.263074082016996,0.375,0.125,0.0,-0.25,-1.0924637293544075,0.625,0.875,0.8571428571428571,0.6052104208416834
2009-06-24,0.375,1.1155920780425652,0.5,0.125,0.0,-0.25,-1.2376612246806797,0.625,0.875,0.8571428571428571,0.6312625250501002
2009-06-25,0.375,0.9904818358845153,0.5,0.125,0.0,-0.25,-1.1839362872278314,0.625,0.875,0.8571428571428571,0.5891783567134269
2009-06-26,0.125,1.1318117790520525,0.25,0.125,0.0,-0.25,-1.1759889523110334,0.625,0.875,0.8571428571428571,0.56312625250501
2009-06-29,0.25,1.2428615561677678,0.375,0.125,0.0,-0.25,-1.2205439764279904,0.625,0.875,0.8571428571428571,0.5110220440881763
2009-06-30,0.375,1.4033255593393172,0.5,0.125,0.0,-0.25,-1.3321848204345943,0.625,0.875,0.8571428571428571,0.48897795591182364
2009-07-01,0.25,1.595705891827078,0.375,0.125,0.0,-0.25,-1.2400437829010942,0.625,0.875,0.8571428571428571,0.45691382765531063
2009-07-02,0.375,1.9011323878897393,0.5,0.125,0.0,-0.25,-1.2859704725653267,0.625,0.875,0.8571428571428571,0.4709418837675351
2009-07-03,0.375,1.8413553533587235,0.5,0.125,0.0,-0.25,-1.2368228307078142,0.625,0.875,0.8571428571428571,0.4468937875751503
2009-07-06,0.25,1.6582100509227204,0.375,0.125,0.0,-0.25,-1.2242530334515764,0.625,0.875,0.8571428571428571,0.44488977955911824
2009-07-07,0.5,1.7793775609413773,0.625,0.125,0.0,-0.25,-1.184972974498374,0.625,0.875,0.8571428571428571,0.44488977955911824
2009-07-08,0.375,2.044456063420366,0.5,0.125,0.0,-0.25,-1.1674252574677269,0.625,0.875,0.8571428571428571,0.4749498997995992
2009-07-09,0.25,2.112538391597592,0.375,0.125,0.0,-0.25,-1.0382534055905022,0.625,0.875,0.8571428571428571,0.4729458917835671
2009-07-10,0.25,2.287976090878,0.375,0.125,0.0,-0.25,-1.0056483050370257,0.625,0.875,0.8571428571428571,0.4789579158316633
2009-07-13,0.5,1.9900671637245686,0.625,0.125,0.0,-0.25,-1.0396579114902635,0.625,0.875,0.8571428571428571,0.44488977955911824
2009-07-14,0.375,1.9924182366914729,0.5,0.125,0.0,-0.375,-1.1100829317621703,0.5,0.875,0.8571428571428571,0.4589178356713427
2009-07-15,0.375,1.6958849517575296,0.5,0.125,0.0,-0.375,-1.109210509583801,0.5,0.875,0.8571428571428571,0.49498997995991983
2009-07-16,0.375,1.7144947740458512,0.5,0.125,0.0,-0.375,-0.9804620633158088,0.5,0.875,0.8571428571428571,0.4529058116232465
2009-07-17,0.375,1.6429592836767173,0.5,0.125,0.0,-0.375,-1.007443080272898,0.5,0.875,0.8571428571428571,0.45090180360721444
2009-07-20,0.375,1.7829954118992175,0.5,0.125,0.0,-0.375,-0.993156086323679,0.5,0.875,0.8571428571428571,0.4248496993987976
2009-07-21,0.375,1.5036465978422713,0.5,0.125,0.0,-0.375,-0.9674682391471705,0.5,0.875,0.8571428571428571,0.40480961923847697
2009-07-22,0.375,1.5143826069415398,0.5,0.125,0.0,-0.375,-0.9880163205450947,0.5,0.875,0.8571428571428571,0.3627254509018036
2009-07-23,0.375,1.5253023809529385,0.5,0.125,0.0,-0.375,-1.0203901958395738,0.5,0.875,0.8571428571428571,0.3847695390781563
2009-07-24,0.375,1.7050830983165068,0.5,0.125,0.0,-0.375,-0.9219669828938132,0.5,0.875,0.8571428571428571,0.3787575150300601
2009-07-27,0.375,1.5491978064242953,0.5,0.125,0.0,-0.375,-0.8693652533948134,0.5,0.875,0.8571428571428571,0.37074148296593185
2009-07-28,0.375,1.6997074928789422,0.5,0.125,0.0,-0.25,-0.6920776543541075,0.5,0.75,0.7142857142857143,0.3907815631262525
2009-07-29,0.375,1.6283996559603886,0.5,0.125,0.0,-0.375,-0.7139807604637547,0.5,0.875,0.8571428571428571,0.37074148296593185
2009-07-30,0.375,1.5813929525473416,0.5,0.125,0.0,-0.5,-0.7802382874193031,0.375,0.875,0.8571428571428571,0.3406813627254509
2009-07-31,0.375,1.4579501364316267,0.5,0.125,0.0,-0.375,-0.6373370206081742,0.375,0.75,0.7142857142857143,0.36072144288577157
2009-08-03,0.375,1.5222307931503611,0.5,0.125,0.0,-0.25,-0.3723823039479685,0.5,0.75,0.7142857142857143,0.374749498997996
2009-08-04,0.375,1.351922700247463,0.5,0.125,0.0,-0.25,-0.2833189383194779,0.5,0.75,0.7142857142857143,0.3667334669338677
2009-08-05,0.375,1.2507691654476378,0.5,0.125,0.0,-0.25,-0.25457849152503753,0.5,0.75,0.7142857142857143,0.2905811623246493
2009-08-06,0.375,1.2288768978431628,0.5,0.125,0.0,-0.25,-0.4393392084081915,0.5,0.75,0.7142857142857143,0.24448897795591182
2009-08-07,0.25,0.9449744766062614,0.5,0.25,0.14285714285714285,-0.25,-0.6373158299436181,0.5,0.75,0.7142857142857143,0.3026052104208417
2009-08-10,0.25,0.9764543359245693,0.5,0.25,0.14285714285714285,-0.375,-0.7912878676366258,0.375,0.75,0.7142857142857143,0.3026052104208417
2009-08-11,0.375,1.1285085749818724,0.5,0.125,0.0,-0.125,-0.6213085866518596,0.625,0.75,0.7142857142857143,0.30861723446893785
2009-08-12,0.25,0.859112383583216,0.5,0.25,0.14285714285714285,-0.375,-0.5654713583542424,0.375,0.75,0.7142857142857143,0.2545090180360721
2009-08-13,0.25,0.7653052429499649,0.5,0.25,0.14285714285714285,-0.25,-0.38350366594541185,0.5,0.75,0.7142857142857143,0.2925851703406814
2009-08-14,0.375,0.4692573164343842,0.5,0.125,0.0,-0.25,-0.5562558831608915,0.5,0.75,0.7142857142857143,0.342685370741483
2009-08-17,0.25,0.2390208722710604,0.375,0.125,0.0,-0.125,-0.5958403036833204,0.625,0.75,0.7142857142857143,0.32064128256513025
2009-08-18,0.375,0.3970505466001585,0.5,0.125,0.0,-0.375,-0.5745071984162765,0.375,0.75,0.7142857142857143,0.3486973947895792
2009-08-19,0.5,0.9768934489363652,0.625,0.125,0.0,-0.25,-0.3989101216108633,0.5,0.75,0.7142857142857143,0.374749498997996
2009-08-20,0.25,0.8642838690684387,0.375,0.125,0.0,-0.375,-0.3142653814161964,0.375,0.75,0.7142857142857143,0.3186372745490982
2009-08-21,0.5,0.7395465989469889,0.625,0.125,0.0,-0.25,-0.1739016149959349,0.375,0.625,0.5714285714285714,0.32665330661322645
2009-08-24,0.25,0.6108043567592392,0.5,0.25,0.14285714285714285,0.125,0.04923980540436068,0.5,0.375,0.2857142857142857,0.33266533066132264
2009-08-25,-0.25,-0.051618626079273144,0.375,0.625,0.5714285714285714,0.125,0.08589973464919459,0.5,0.375,0.2857142857142857,0.32064128256513025
2009-08-26,0.25,0.28850873844381464,0.5,0.25,0.14285714285714285,0.125,0.16059135073866695,0.5,0.375,0.2857142857142857,0.31462925851703405
2009-08-27,0.5,0.4812512867522435,0.625,0.125,0.0,0.125,0.2797248869732089,0.5,0.375,0.2857142857142857,0.3186372745490982
2009-08-28,0.25,0.8886185724737474,0.375,0.125,0.0,0.125,0.3791178802515992,0.5,0.375,0.2857142857142857,0.2685370741482966
2009-08-31,0.5,1.000307102642359,0.625,0.125,0.0,0.125,0.38345829740987336,0.5,0.375,0.2857142857142857,0.20440881763527055
2009-09-01,0.25,0.39676566423642046,0.5,0.25,0.14285714285714285,0.125,0.015303887955562201,0.5,0.375,0.2857142857142857,0.23446893787575152
2009-09-02,0.25,0.7378707478819957,0.5,0.25,0.14285714285714285,0.125,0.022559768394012164,0.5,0.375,0.2857142857142857,0.2725450901803607
2009-09-03,0.375,0.5131234867725261,0.625,0.25,0.14285714285714285,0.125,0.15270659959537983,0.5,0.375,0.2857142857142857,0.27655310621242485
2009-09-04,0.25,0.9123634618518904,0.5,0.25,0.14285714285714285,-0.125,-0.047738569996409796,0.375,0.5,0.42857142857142855,0.24448897795591182
2009-09-07,0.375,1.3045040756560018,0.5,0.125,0.0,0.125,0.0063272326619041586,0.5,0.375,0.2857142857142857,0.22645290581162325
2009-09-08,0.5,1.4450675196629335,0.625,0.125,0.0,0.125,0.016226362757495727,0.5,0.375,0.2857142857142857,0.18236472945891782
2009-09-09,0.5,1.3826006905880142,0.625,0.125,0.0,-0.125,-0.2555066327911402,0.375,0.5,0.42857142857142855,0.14228456913827656
2009-09-10,0.375,1.6619068925931177,0.5,0.125,0.0,-0.125,-0.10474453473518355,0.375,0.5,0.42857142857142855,0.12625250501002003
2009-09-11,0.375,1.6090003379311981,0.5,0.125,0.0,-0.125,-0.032629794548273,0.375,0.5,0.42857142857142855,0.10020040080160321
2009-09-14,0.375,1.6271142040058126,0.5,0.125,0.0,0.125,0.004726787333144605,0.5,0.375,0.2857142857142857,0.07414829659318638
2009-09-15,0.375,1.22471211453934,0.5,0.125,0.0,0.125,0.05272759880601377,0.5,0.375,0.2857142857142857,0.06613226452905811
2009-09-16,0.375,1.4805734755808029,0.5,0.125,0.0,0.125,0.3108795155160391,0.5,0.375,0.2857142857142857,0.07414829659318638
2009-09-17,0.375,1.5277258404722802,0.5,0.125,0.0,0.125,0.6422472461332903,0.5,0.375,0.2857142857142857,0.07414829659318638
2009-09-18,0.25,1.2414833412260362,0.5,0.25,0.14285714285714285,0.125,0.717792268220854,0.5,0.375,0.2857142857142857,0.08617234468937876
2009-09-21,0.125,1.2623008931051167,0.375,0.25,0.14285714285714285,0.25,0.9059552880160852,0.5,0.25,0.14285714285714285,0.06813627254509018
2009-09-22,0.125,1.4007335201182087,0.375,0.25,0.14285714285714285,0.25,0.9956616939302295,0.5,0.25,0.14285714285714285,0.09619238476953908
2009-09-23,0.125,1.0444210773608549,0.375,0.25,0.14285714285714285,0.25,1.0990497900142606,0.5,0.25,0.14285714285714285,0.07414829659318638
2009-09-24,0.25,1.097283308830228,0.5,0.25,0.14285714285714285,0.25,0.8890536992095287,0.5,0.25,0.14285714285714285,0.1062124248496994
2009-09-25,0.125,1.0873011166194246,0.375,0.25,0.14285714285714285,0.25,0.7664300478758123,0.5,0.25,0.14285714285714285,0.156312625250501
2009-09-28,0.125,1.0379545039070637,0.375,0.25,0.14285714285714285,0.25,0.8001204256326724,0.5,0.25,0.14285714285714285,0.19438877755511022
2009-09-29,0.125,1.0871880366430062,0.375,0.25,0.14285714285714285,0.125,0.8179441041111913,0.375,0.25,0.14285714285714285,0.1282565130260521
2009-09-30,0.375,1.0549801950082727,0.625,0.25,0.14285714285714285,0.25,0.803941213257601,0.5,0.25,0.14285714285714285,0.16633266533066132
2009-10-01,0.25,0.7771068924224291,0.5,0.25,0.14285714285714285,0.125,0.7526275167456308,0.375,0.25,0.14285714285714285,0.20240480961923848
2009-10-02,0.25,0.9261531629935531,0.5,0.25,0.14285714285714285,0.125,0.7936838675972265,0.375,0.25,0.14285714285714285,0.1342685370741483
2009-10-05,0.25,0.9262733168320787,0.5,0.25,0.14285714285714285,0.125,0.8942381649391643,0.375,0.25,0.14285714285714285,0.20240480961923848
2009-10-06,0.125,1.0507177622028356,0.375,0.25,0.14285714285714285,0.125,0.9551514208697557,0.375,0.25,0.14285714285714285,0.20440881763527055
2009-10-07,0.25,0.8653250116449198,0.5,0.25,0.14285714285714285,0.125,1.0700745545702401,0.375,0.25,0.14285714285714285,0.21042084168336672
2009-10-08,0.25,0.9180066992195964,0.5,0.25,0.14285714285714285,0.25,1.2788209844877478,0.5,0.25,0.14285714285714285,0.23446893787575152
2009-10-09,0.25,0.8197546123681854,0.5,0.25,0.14285714285714285,0.375,1.3691464278068997,0.625,0.25,0.14285714285714285,0.2865731462925852
2009-10-12,0.125,0.7800504296913531,0.375,0.25,0.14285714285714285,0.375,1.2954596603305637,0.625,0.25,0.14285714285714285,0.2965931863727455
2009-10-13,0.375,0.9336127124057619,0.625,0.25,0.14285714285714285,0.5,1.3021774872737117,0.625,0.125,0.0,0.24649298597194388
2009-10-14,0.25,1.040860710523557,0.5,0.25,0.14285714285714285,0.375,1.3284774057007331,0.625,0.25,0.14285714285714285,0.22244488977955912
2009-10-15,0.375,1.1272622073825669,0.625,0.25,0.14285714285714285,0.375,1.4647896694121778,0.625,0.25,0.14285714285714285,0.312625250501002
2009-10-16,0.375,1.0852217214149984,0.625,0.25,0.14285714285714285,0.625,1.5699101965989042,0.75,0.125,0.0,0.3186372745490982
2009-10-19,0.25,1.040169494742537,0.5,0.25,0.14285714285714285,0.625,1.772494270815915,0.75,0.125,0.0,0.3907815631262525
2009-10-20,0.375,1.176071447173713,0.625,0.25,0.14285714285714285,0.625,1.6126513523785486,0.75,0.125,0.0,0.40681362725450904
2009-10-21,0.5,1.3542395330770138,0.625,0.125,0.0,0.625,1.5476247962296892,0.75,0.125,0.0,0.4168336673346693
2009-10-22,0.5,1.3607972172249312,0.625,0.125,0.0,0.625,1.6732810959445752,0.75,0.125,0.0,0.38877755511022044
2009-10-23,0.375,1.0791299805270533,0.625,0.25,0.14285714285714285,0.625,1.648829372826582,0.75,0.125,0.0,0.37074148296593185
2009-10-30,0.125,0.6131035423063672,0.5,0.375,0.2857142857142857,0.625,1.6676922564879173,0.75,0.125,0.0,0.5070140280561122
2009-11-02,0.125,0.7582553070988879,0.5,0.375,0.2857142857142857,0.625,1.753606951416316,0.75,0.125,0.0,0.5210420841683366
2009-11-03,0.25,0.5946483256797737,0.5,0.25,0.14285714285714285,0.625,1.5975077629313237,0.75,0.125,0.0,0.5090180360721442
2009-11-04,0.25,1.1249749959388664,0.5,0.25,0.14285714285714285,0.5,1.6814908962856248,0.625,0.125,0.0,0.5090180360721442
2009-11-05,0.25,1.459553818065181,0.5,0.25,0.14285714285714285,0.5,1.6444366875190095,0.625,0.125,0.0,0.4909819639278557
2009-11-06,0.375,1.4758964410978486,0.5,0.125,0.0,0.5,1.5413457786042009,0.625,0.125,0.0,0.48096192384769537
2009-11-09,0.375,1.5383043070597375,0.5,0.125,0.0,0.5,1.5808564770834115,0.625,0.125,0.0,0.5150300601202404
2009-11-10,0.375,1.490034176905172,0.5,0.125,0.0,0.5,1.5660836806447762,0.625,0.125,0.0,0.5130260521042084
2009-11-11,0.375,1.4225850942664537,0.5,0.125,0.0,0.375,1.3951129487105898,0.5,0.125,0.0,0.49899799599198397
2009-11-12,0.375,1.3559056780942556,0.5,0.125,0.0,0.375,1.4080637430465968,0.5,0.125,0.0,0.47695390781563124
2009-11-13,0.5,1.4922770588621983,0.625,0.125,0.0,0.375,1.2990009906015803,0.5,0.125,0.0,0.48096192384769537
2009-11-16,0.375,1.5040901575661996,0.5,0.125,0.0,0.375,1.1965481264529378,0.5,0.125,0.0,0.48296593186372744
2009-11-17,0.375,1.2131386712965497,0.5,0.125,0.0,0.375,1.285810459229646,0.5,0.125,0.0,0.48897795591182364
2009-11-18,0.375,1.3885979117435265,0.5,0.125,0.0,0.375,1.3558696372209567,0.5,0.125,0.0,0.45490981963927857
2009-11-19,0.375,1.2911426774970172,0.5,0.125,0.0,0.5,1.527801705066783,0.625,0.125,0.0,0.4789579158316633
2009-11-20,0.375,1.3092834752003841,0.5,0.125,0.0,0.5,1.4202294830487456,0.625,0.125,0.0,0.4468937875751503
2009-11-23,0.375,1.5269310485131282,0.5,0.125,0.0,0.375,1.408508791023772,0.5,0.125,0.0,0.43687374749499
2009-11-24,0.375,1.6466607913801035,0.5,0.125,0.0,0.375,1.4887031013685132,0.5,0.125,0.0,0.4288577154308617
2009-11-25,0.375,1.843927513293063,0.5,0.125,0.0,0.375,1.4699495249591774,0.5,0.125,0.0,0.4468937875751503
2009-11-26,0.5,1.7948701526078379,0.625,0.125,0.0,0.375,1.5923464780733627,0.5,0.125,0.0,0.48296593186372744
2009-11-27,0.5,1.7772264499666603,0.625,0.125,0.0,0.375,1.5527306693366976,0.5,0.125,0.0,0.250501002004008
2009-11-30,0.375,1.8243594016917022,0.5,0.125,0.0,0.375,1.4822758382758545,0.5,0.125,0.0,0.23847695390781562
2009-12-01,0.375,1.8841649817003505,0.5,0.125,0.0,0.375,1.4035275598568255,0.5,0.125,0.0,0.2665330661322645
2009-12-02,0.375,1.9595044795960364,0.5,0.125,0.0,0.375,1.1883131696350562,0.5,0.125,0.0,0.23446893787575152
2009-12-03,0.625,2.0213072339525535,0.75,0.125,0.0,0.375,1.1003046168788162,0.5,0.125,0.0,0.2545090180360721
2009-12-04,0.625,1.7674164282592586,0.75,0.125,0.0,0.375,0.7606216169010532,0.5,0.125,0.0,0.312625250501002
2009-12-07,0.125,1.2635592796532373,0.375,0.25,0.14285714285714285,0.125,0.5735435955063093,0.375,0.25,0.14285714285714285,0.23046092184368738
2009-12-08,0.125,0.5228634798204421,0.375,0.25,0.14285714285714285,0.125,0.2361201428611358,0.375,0.25,0.14285714285714285,0.3366733466933868
2009-12-09,0.125,0.5186082790312021,0.375,0.25,0.14285714285714285,0.25,0.34537905739337316,0.375,0.125,0.0,0.3867735470941884
2009-12-10,0.125,0.436417539663482,0.375,0.25,0.14285714285714285,0.25,0.5683971197125617,0.375,0.125,0.0,0.3807615230460922
2009-12-11,0.125,0.012897759632647499,0.5,0.375,0.2857142857142857,0.25,0.48622455920139085,0.375,0.125,0.0,0.3527054108216433
2009-12-14,-0.125,-0.050997518817361254,0.25,0.375,0.2857142857142857,0.25,0.49845079675644544,0.375,0.125,0.0,0.33867735470941884
2009-12-15,-0.25,-0.766687972303552,0.25,0.5,0.42857142857142855,0.375,0.3745941505463516,0.5,0.125,0.0,0.36072144288577157
2009-12-16,-0.375,-0.9280221382454885,0.125,0.5,0.42857142857142855,0.25,0.3732434791242021,0.375,0.125,0.0,0.342685370741483
2009-12-17,-0.5,-1.671519680125509,0.125,0.625,0.5714285714285714,0.375,0.22351543966716847,0.5,0.125,0.0,0.31462925851703405
2009-12-18,-0.375,-1.4518417758164712,0.125,0.5,0.42857142857142855,0.375,0.2819006948190437,0.5,0.125,0.0,0.31462925851703405
2009-12-21,-0.5,-2.4399055694734497,0.125,0.625,0.5714285714285714,0.25,0.12881558498313428,0.5,0.25,0.14285714285714285,0.3166332665330661
2009-12-22,-0.625,-1.8037834490737574,0.125,0.75,0.7142857142857143,0.125,0.2181148952146127,0.375,0.25,0.14285714285714285,0.33266533066132264
2009-12-23,-0.625,-1.2647255010834337,0.125,0.75,0.7142857142857143,0.125,0.27123633307153305,0.375,0.25,0.14285714285714285,0.3106212424849699
2009-12-24,-0.5,-1.0793378591481226,0.125,0.625,0.5714285714285714,0.25,0.460449230151719,0.375,0.125,0.0,0.17635270541082165
2009-12-25,-0.375,-0.9760931799792293,0.25,0.625,0.5714285714285714,0.25,0.7574014518812529,0.375,0.125,0.0,0.15430861723446893
2009-12-28,-0.25,-0.8382201676286086,0.25,0.5,0.42857142857142855,0.25,0.9359638995552981,0.375,0.125,0.0,0.12224448897795591
2009-12-29,-0.5,-1.324728013416982,0.25,0.75,0.7142857142857143,0.25,0.6262254409586054,0.375,0.125,0.0,0.14228456913827656
2009-12-30,-0.125,-0.765331938909497,0.25,0.375,0.2857142857142857,0.125,0.5461633242685981,0.375,0.25,0.14285714285714285,0.19839679358717435
2009-12-31,-0.125,-0.7874157610297775,0.25,0.375,0.2857142857142857,0.25,0.7219484156051377,0.5,0.25,0.14285714285714285,0.20440881763527055
2010-01-01,-0.375,-1.1591294177276286,0.25,0.625,0.5714285714285714,0.125,0.6834478599861112,0.375,0.25,0.14285714285714285,0.10220440881763528
2010-01-04,-0.375,-1.095075981519285,0.25,0.625,0.5714285714285714,0.25,0.7739320300502204,0.5,0.25,0.14285714285714285,0.11623246492985972
2010-01-05,-0.375,-1.2091313113361293,0.25,0.625,0.5714285714285714,0.25,0.713765014220126,0.5,0.25,0.14285714285714285,0.06613226452905811
2010-01-06,-0.5,-1.4096799981078867,0.25,0.75,0.7142857142857143,0.375,0.7520803887839067,0.625,0.25,0.14285714285714285,0.05811623246492986
2010-01-07,-0.375,-1.5537219226733798,0.25,0.625,0.5714285714285714,0.125,0.6202667125583927,0.375,0.25,0.14285714285714285,0.06012024048096192
2010-01-08,-0.125,-1.5286522306642474,0.25,0.375,0.2857142857142857,0.125,0.8058353661054531,0.375,0.25,0.14285714285714285,0.06212424849699399
2010-01-11,-0.25,-1.5040808789752171,0.25,0.5,0.42857142857142855,0.125,0.896397089736479,0.375,0.25,0.14285714285714285,0.07414829659318638
2010-01-12,-0.625,-2.3871891686415383,0.125,0.75,0.7142857142857143,0.125,0.8510597504931743,0.375,0.25,0.14285714285714285,0.10821643286573146
2010-01-13,-0.5,-2.943917926284197,0.125,0.625,0.5714285714285714,0.125,0.8422455033449541,0.375,0.25,0.14285714285714285,0.11022044088176353
2010-01-14,-0.5,-2.2071987107140894,0.125,0.625,0.5714285714285714,0.125,0.8619563724043438,0.375,0.25,0.14285714285714285,0.0781563126252505
2010-01-15,-0.875,-3.080610093109761,0.125,1.0,1.0,0.125,0.6798043798056497,0.375,0.25,0.14285714285714285,0.1062124248496994
2010-01-18,-0.625,-2.3704809256791117,0.125,0.75,0.7142857142857143,0.125,0.698561975119646,0.375,0.25,0.14285714285714285,0.06412825651302605
2010-01-19,-0.75,-2.633625003417331,0.125,0.875,0.8571428571428571,0.125,0.6775429042100307,0.375,0.25,0.14285714285714285,0.056112224448897796
2010-01-20,-0.625,-2.765334135300477,0.125,0.75,0.7142857142857143,0.125,0.6880995790744433,0.375,0.25,0.14285714285714285,0.07615230460921844
2010-01-21,-0.625,-2.3151331908572272,0.125,0.75,0.7142857142857143,0.125,0.7529884032726051,0.375,0.25,0.14285714285714285,0.1462925851703407
2010-01-22,-0.75,-2.32111455485997,0.125,0.875,0.8571428571428571,0.125,0.7657503460290802,0.375,0.25,0.14285714285714285,0.20240480961923848
2010-01-25,-0.625,-2.5814092052224553,0.125,0.75,0.7142857142857143,0.125,0.679415929505256,0.375,0.25,0.14285714285714285,0.23046092184368738
2010-01-26,-0.625,-2.770671814467944,0.125,0.75,0.7142857142857143,0.125,0.7526523153996587,0.375,0.25,0.14285714285714285,0.18837675350701402
2010-01-27,-0.75,-2.868604818250373,0.125,0.875,0.8571428571428571,0.25,0.8181383377697999,0.375,0.125,0.0,0.13026052104208416
2010-01-28,-0.75,-2.881555917410271,0.125,0.875,0.8571428571428571,0.25,0.7836492753793975,0.375,0.125,0.0,0.09018036072144289
2010-01-29,-0.75,-2.8722966394841567,0.125,0.875,0.8571428571428571,0.25,0.669253354405872,0.375,0.125,0.0,0.13827655310621242
2010-02-01,-0.875,-2.9636967031188663,0.125,1.0,1.0,0.125,0.6713029627995629,0.375,0.25,0.14285714285714285,0.12024048096192384
2010-02-02,-0.875,-2.948396140438074,0.125,1.0,1.0,0.25,0.7260276095345594,0.375,0.125,0.0,0.11222444889779559
2010-02-03,-0.875,-3.090415957347374,0.125,1.0,1.0,0.125,0.68765494989045,0.375,0.25,0.14285714285714285,0.13627254509018036
2010-02-04,-0.75,-2.509375789674495,0.125,0.875,0.8571428571428571,0.25,0.6530488265033467,0.375,0.125,0.0,0.25851703406813625
2010-02-05,-0.75,-2.5511556474075796,0.125,0.875,0.8571428571428571,0.25,0.6378820764314532,0.375,0.125,0.0,0.25851703406813625
2010-02-08,-0.875,-2.540592744400343,0.125,1.0,1.0,0.25,0.7694370396832255,0.375,0.125,0.0,0.24649298597194388
2010-02-09,-0.875,-2.630812775880086,0.125,1.0,1.0,0.25,0.8577145832305273,0.375,0.125,0.0,0.2865731462925852
2010-02-10,-0.875,-2.673346478171792,0.125,1.0,1.0,0.25,0.7315864370450704,0.375,0.125,0.0,0.28256513026052105
2010-02-11,-0.75,-2.750511409655721,0.125,0.875,0.8571428571428571,0.25,0.5579584426897443,0.375,0.125,0.0,0.3406813627254509
2010-02-12,-0.75,-2.7591645516957897,0.125,0.875,0.8571428571428571,0.25,0.5988323139442011,0.375,0.125,0.0,0.2985971943887776
2010-02-15,-0.75,-2.872125767631496,0.125,0.875,0.8571428571428571,0.125,0.5024414187716311,0.25,0.125,0.0,0.3026052104208417
2010-02-16,-0.75,-2.869010382207446,0.125,0.875,0.8571428571428571,0.25,0.6877916324549731,0.375,0.125,0.0,0.3486973947895792
2010-02-17,-0.875,-3.1207611552296077,0.125,1.0,1.0,0.125,0.575095351047686,0.25,0.125,0.0,0.32064128256513025
2010-02-18,-0.75,-2.8362240672460954,0.125,0.875,0.8571428571428571,0.25,0.5189496949326994,0.375,0.125,0.0,0.2565130260521042
2010-02-19,-0.75,-2.5486989762329237,0.125,0.875,0.8571428571428571,0.25,0.6236613193667037,0.375,0.125,0.0,0.24849699398797595
2010-02-22,-0.75,-2.778147136912951,0.125,0.875,0.8571428571428571,0.25,0.6564675845910036,0.375,0.125,0.0,0.21442885771543085
2010-02-23,-0.875,-3.1600475111059847,0.125,1.0,1.0,0.125,0.591679903875966,0.25,0.125,0.0,0.27655310621242485
2010-02-24,-0.875,-3.0109790734982047,0.125,1.0,1.0,0.125,0.6457057667593705,0.25,0.125,0.0,0.2665330661322645
2010-02-25,-0.875,-2.8436233850567625,0.125,1.0,1.0,0.125,0.6055802784653553,0.25,0.125,0.0,0.34468937875751504
2010-02-26,-0.625,-2.384879059797135,0.125,0.75,0.7142857142857143,0.25,0.6428189190723749,0.375,0.125,0.0,0.35470941883767537
2010-03-01,-0.5,-2.304610128142884,0.25,0.75,0.7142857142857143,0.125,0.5624321375311193,0.25,0.125,0.0,0.40681362725450904
2010-03-02,-0.625,-2.085469129673692,0.25,0.875,0.8571428571428571,0.125,0.5155797757338638,0.25,0.125,0.0,0.41282565130260523
2010-03-03,-0.625,-2.187266621180357,0.25,0.875,0.8571428571428571,0.125,0.5557559095735992,0.25,0.125,0.0,0.37074148296593185
2010-03-04,-0.75,-2.279395124814455,0.125,0.875,0.8571428571428571,0.125,0.4677920316349896,0.25,0.125,0.0,0.23246492985971945
2010-03-05,-0.75,-2.1902065109337414,0.125,0.875,0.8571428571428571,0.125,0.451838903236094,0.25,0.125,0.0,0.3366733466933868
2010-03-08,-0.625,-2.09394763823647,0.25,0.875,0.8571428571428571,0.125,0.40975183834784534,0.25,0.125,0.0,0.33266533066132264
2010-03-09,-0.5,-1.8396255262017087,0.25,0.75,0.7142857142857143,0.125,0.0736738366274271,0.25,0.125,0.0,0.24048096192384769
2010-03-10,-0.5,-1.6581733756552,0.25,0.75,0.7142857142857143,-0.125,-0.0021921749829555415,0.125,0.25,0.14285714285714285,0.25250501002004005
2010-03-11,-0.5,-1.3609520912458648,0.25,0.75,0.7142857142857143,0.125,0.06718620734651326,0.25,0.125,0.0,0.16432865731462926
2010-03-12,-0.5,-1.2709574585159653,0.25,0.75,0.7142857142857143,0.125,0.10942269570084728,0.25,0.125,0.0,0.18837675350701402
2010-03-15,-0.375,-1.2644616079794881,0.25,0.625,0.5714285714285714,0.125,0.13756899440674342,0.25,0.125,0.0,0.22645290581162325
2010-03-16,-0.25,-1.0967302270237798,0.25,0.5,0.42857142857142855,0.125,0.13866626414462158,0.25,0.125,0.0,0.21643286573146292
2010-03-17,-0.375,-1.3503318025509583,0.125,0.5,0.42857142857142855,0.125,0.15829034503243755,0.25,0.125,0.0,0.17635270541082165
2010-03-18,-0.375,-1.6641354716043864,0.125,0.5,0.42857142857142855,0.125,0.24697378760669741,0.25,0.125,0.0,0.17034068136272545
2010-03-19,-0.25,-1.709873614772715,0.25,0.5,0.42857142857142855,0.125,0.24142579085607185,0.25,0.125,0.0,0.18837675350701402
2010-03-22,-0.5,-1.753599407436977,0.125,0.625,0.5714285714285714,0.125,0.23424524305510708,0.25,0.125,0.0,0.20440881763527055
2010-03-23,-0.5,-1.8862704454298487,0.125,0.625,0.5714285714285714,0.125,0.19899837403936604,0.25,0.125,0.0,0.12224448897795591
2010-03-24,-0.375,-1.966396749259674,0.25,0.625,0.5714285714285714,-0.125,-0.11217573847967333,0.125,0.25,0.14285714285714285,0.17835671342685372
2010-03-25,-0.375,-1.9482077380525493,0.25,0.625,0.5714285714285714,-0.25,-0.17614027161414303,0.125,0.375,0.2857142857142857,0.13827655310621242
2010-03-26,-0.375,-1.8920202498521324,0.25,0.625,0.5714285714285714,0.125,0.005781223733420937,0.25,0.125,0.0,0.14829659318637275
2010-03-29,-0.5,-2.1027140225252525,0.25,0.75,0.7142857142857143,0.125,0.1723131687856848,0.25,0.125,0.0,0.0781563126252505
2010-03-30,-0.625,-2.3367896611164762,0.125,0.75,0.7142857142857143,0.125,0.1294954357431357,0.25,0.125,0.0,0.07615230460921844
2010-03-31,-0.75,-2.4735934720930026,0.125,0.875,0.8571428571428571,0.125,0.31055218587709155,0.25,0.125,0.0,0.11823647294589178
2010-04-01,-0.625,-2.138387067546325,0.125,0.75,0.7142857142857143,0.125,0.360512241752341,0.25,0.125,0.0,0.1282565130260521
2010-04-02,-0.75,-2.4224601237345884,0.125,0.875,0.8571428571428571,0.125,0.11958717992387558,0.25,0.125,0.0,0.052104208416833664
2010-04-05,-0.75,-2.3004791879899584,0.125,0.875,0.8571428571428571,0.125,0.19319940555416693,0.25,0.125,0.0,0.06012024048096192
2010-04-06,-0.625,-2.1802072197584383,0.125,0.75,0.7142857142857143,0.125,0.14978216161067337,0.25,0.125,0.0,0.07414829659318638
2010-04-07,-0.625,-2.3540506735385502,0.125,0.75,0.7142857142857143,0.125,0.12711555106344552,0.25,0.125,0.0,0.07214428857715431
2010-04-08,-0.75,-2.4207786671973537,0.125,0.875,0.8571428571428571,0.125,0.27306781888999565,0.25,0.125,0.0,0.06012024048096192
2010-04-09,-0.625,-2.1561132796225113,0.125,0.75,0.7142857142857143,0.125,0.41707969546623713,0.25,0.125,0.0,0.07014028056112225
2010-04-12,-0.625,-2.051220190681015,0.25,0.875,0.8571428571428571,0.25,0.5140689442856854,0.375,0.125,0.0,0.09218436873747494
2010-04-13,-0.5,-1.7461005146331279,0.25,0.75,0.7142857142857143,0.125,0.4687386032333526,0.25,0.125,0.0,0.05410821643286573
2010-04-14,-0.5,-1.119097677280176,0.25,0.75,0.7142857142857143,0.125,0.39872653039448436,0.25,0.125,0.0,0.05811623246492986
2010-04-15,-0.375,-1.1665735423566916,0.25,0.625,0.5714285714285714,0.125,0.27449974838108937,0.25,0.125,0.0,0.052104208416833664
2010-04-16,-0.625,-1.566934663050486,0.125,0.75,0.7142857142857143,0.125,0.40203946429757254,0.25,0.125,0.0,0.07414829659318638
2010-04-19,-0.375,-1.5099042087772077,0.25,0.625,0.5714285714285714,0.125,0.2584873137930682,0.25,0.125,0.0,0.08817635270541083
2010-04-20,-0.375,-1.2282959235657984,0.25,0.625,0.5714285714285714,0.125,0.13605193619703038,0.25,0.125,0.0,0.18236472945891782
2010-04-21,-0.375,-1.278287019624878,0.25,0.625,0.5714285714285714,0.125,0.12955082604955181,0.25,0.125,0.0,0.12224448897795591
2010-04-22,-0.5,-1.2882665429542364,0.125,0.625,0.5714285714285714,0.125,0.016207606905120908,0.25,0.125,0.0,0.1282565130260521
2010-04-23,-0.25,-0.936133325146745,0.375,0.625,0.5714285714285714,-0.125,-0.03261077557737724,0.125,0.25,0.14285714285714285,0.12424849699398798
2010-04-26,-0.5,-1.155036192650152,0.125,0.625,0.5714285714285714,0.125,0.08630381512600682,0.25,0.125,0.0,0.10020040080160321
2010-04-27,-0.625,-1.7775139165692049,0.125,0.75,0.7142857142857143,-0.125,-0.1625209388899691,0.125,0.25,0.14285714285714285,0.218436873747495
2010-04-28,-0.5,-1.304948188303632,0.125,0.625,0.5714285714285714,-0.125,-0.15695324199246807,0.125,0.25,0.14285714285714285,0.2565130260521042
2010-04-29,-0.375,-0.7941615912770986,0.25,0.625,0.5714285714285714,-0.125,-0.34958752826583994,0.125,0.25,0.14285714285714285,0.2124248496993988
2010-04-30,-0.375,-0.6452259035593982,0.25,0.625,0.5714285714285714,-0.125,-0.2358281314244377,0.125,0.25,0.14285714285714285,0.27655310621242485
2010-05-03,-0.375,-0.7294089180262784,0.25,0.625,0.5714285714285714,-0.25,-0.3957391599508422,0.125,0.375,0.2857142857142857,0.3186372745490982
2010-05-04,-0.5,-1.562954827190109,0.125,0.625,0.5714285714285714,-0.25,-0.5225322292123353,0.125,0.375,0.2857142857142857,0.3527054108216433
2010-05-05,-0.5,-1.7596803779486385,0.125,0.625,0.5714285714285714,-0.375,-0.6878288056256625,0.125,0.5,0.42857142857142855,0.3967935871743487
2010-05-06,-0.75,-2.4984174161640063,0.125,0.875,0.8571428571428571,-0.25,-0.7455293685498642,0.125,0.375,0.2857142857142857,0.5290581162324649
2010-05-07,-0.625,-2.2694151415793566,0.125,0.75,0.7142857142857143,-0.25,-0.7582980188288165,0.125,0.375,0.2857142857142857,0.5290581162324649
2010-05-10,-0.5,-1.8022808674796325,0.125,0.625,0.5714285714285714,-0.375,-0.719861725792845,0.125,0.5,0.42857142857142855,0.5831663326653307
2010-05-11,-0.625,-2.4613235201510024,0.125,0.75,0.7142857142857143,-0.375,-0.9779305944520386,0.125,0.5,0.42857142857142855,0.6032064128256514
2010-05-12,-0.625,-2.275289389379307,0.125,0.75,0.7142857142857143,-0.375,-1.090480041082642,0.125,0.5,0.42857142857142855,0.6032064128256514
2010-05-13,-0.5,-2.1501116095692616,0.125,0.625,0.5714285714285714,-0.375,-1.25237445677966,0.125,0.5,0.42857142857142855,0.6232464929859719
2010-05-14,-0.625,-2.63090904816809,0.125,0.75,0.7142857142857143,-0.375,-1.3596165379344396,0.125,0.5,0.42857142857142855,0.6192384769539078
2010-05-17,-0.75,-2.7588458124744215,0.125,0.875,0.8571428571428571,-0.375,-1.4414672921500196,0.125,0.5,0.42857142857142855,0.627254509018036
2010-05-18,-0.75,-2.6900564072080835,0.125,0.875,0.8571428571428571,-0.375,-1.4679945014019218,0.125,0.5,0.42857142857142855,0.6312625250501002
2010-05-19,-0.75,-2.6647518604134826,0.125,0.875,0.8571428571428571,-0.375,-1.500329547474556,0.125,0.5,0.42857142857142855,0.6613226452905812
2010-05-20,-0.75,-2.4498591135005277,0.25,1.0,1.0,-0.375,-1.8182665334343269,0.125,0.5,0.42857142857142855,0.7895791583166333
2010-05-21,-0.875,-2.6496918321840948,0.125,1.0,1.0,-0.25,-1.650604131239641,0.25,0.5,0.42857142857142855,0.811623246492986
2010-05-24,-0.875,-2.836700947679431,0.125,1.0,1.0,-0.375,-1.9890071896991204,0.125,0.5,0.42857142857142855,0.8216432865731463
2010-05-25,-0.875,-2.9916695855090794,0.125,1.0,1.0,-0.375,-1.7610571109277604,0.125,0.5,0.42857142857142855,0.7895791583166333
2010-05-26,-0.875,-3.1262918700775675,0.125,1.0,1.0,-0.375,-1.978032172608994,0.125,0.5,0.42857142857142855,0.779559118236473
2010-05-27,-0.875,-3.0549471841614606,0.125,1.0,1.0,-0.375,-1.5462525459082885,0.125,0.5,0.42857142857142855,0.8376753507014028
2010-05-28,-0.875,-3.0251266862878845,0.125,1.0,1.0,-0.375,-1.5388214795936772,0.125,0.5,0.42857142857142855,0.8236472945891784
2010-05-31,-0.875,-3.0045741251703366,0.125,1.0,1.0,-0.375,-1.6481718423893668,0.125,0.5,0.42857142857142855,0.8076152304609219
2010-06-01,-0.875,-2.8703497536279254,0.125,1.0,1.0,-0.375,-1.7604181825301866,0.125,0.5,0.42857142857142855,0.811623246492986
2010-06-02,-0.875,-2.92834633796081,0.125,1.0,1.0,-0.375,-1.7823380221058849,0.125,0.5,0.42857142857142855,0.8316633266533067
2010-06-03,-0.875,-3.03169905521165,0.125,1.0,1.0,-0.375,-1.76695832716057,0.125,0.5,0.42857142857142855,0.7454909819639278
2010-06-04,-0.875,-3.106278968057893,0.125,1.0,1.0,-0.375,-1.7733341745151752,0.125,0.5,0.42857142857142855,0.779559118236473
2010-06-07,-0.875,-2.9507298337265366,0.125,1.0,1.0,-0.375,-1.8956090932647167,0.125,0.5,0.42857142857142855,0.751503006012024
2010-06-08,-0.875,-3.138313679642092,0.125,1.0,1.0,-0.375,-1.8680292803476983,0.125,0.5,0.42857142857142855,0.7535070140280561
2010-06-09,-0.875,-3.079682677441803,0.125,1.0,1.0,-0.375,-1.8637784829956132,0.125,0.5,0.42857142857142855,0.7454909819639278
2010-06-10,-0.875,-3.0761494780027343,0.125,1.0,1.0,-0.375,-1.7115173962071668,0.125,0.5,0.42857142857142855,0.7635270541082164
2010-06-11,-0.875,-3.014471826600542,0.125,1.0,1.0,-0.375,-1.5075134320018257,0.125,0.5,0.42857142857142855,0.7655310621242485
2010-06-14,-0.875,-2.9787631722668717,0.125,1.0,1.0,-0.375,-1.5957230912371885,0.125,0.5,0.42857142857142855,0.7655310621242485
2010-06-15,-0.875,-2.8024892568491984,0.125,1.0,1.0,-0.375,-1.465763158916406,0.125,0.5,0.42857142857142855,0.717434869739479
2010-06-16,-0.75,-2.6222492271963453,0.125,0.875,0.8571428571428571,-0.375,-1.5267667923946566,0.125,0.5,0.42857142857142855,0.6412825651302605
2010-06-17,-0.5,-2.4847184024851274,0.125,0.625,0.5714285714285714,-0.375,-1.5133800573313785,0.125,0.5,0.42857142857142855,0.5591182364729459
2010-06-18,-0.5,-2.6056653987565386,0.125,0.625,0.5714285714285714,-0.375,-1.4923019262400106,0.125,0.5,0.42857142857142855,0.5110220440881763
2010-06-21,-0.75,-2.754200324940689,0.125,0.875,0.8571428571428571,-0.375,-1.46400822344135,0.125,0.5,0.42857142857142855,0.49298597194388777
2010-06-22,-0.75,-2.7046159901890703,0.125,0.875,0.8571428571428571,-0.375,-1.6029573266341708,0.125,0.5,0.42857142857142855,0.5150300601202404
2010-06-23,-0.625,-2.487514644074614,0.125,0.75,0.7142857142857143,-0.375,-1.4240942436340038,0.125,0.5,0.42857142857142855,0.5270541082164328
2010-06-24,-0.75,-2.3865585773261193,0.125,0.875,0.8571428571428571,-0.375,-1.4706593417015534,0.125,0.5,0.42857142857142855,0.45691382765531063
2010-06-25,-0.625,-2.154013266437625,0.125,0.75,0.7142857142857143,-0.375,-1.4403593629312954,0.125,0.5,0.42857142857142855,0.45691382765531063
2010-06-28,-0.625,-2.275664325418278,0.125,0.75,0.7142857142857143,-0.25,-1.4806233873004908,0.125,0.375,0.2857142857142857,0.4589178356713427
2010-06-29,-0.75,-2.039743588426772,0.125,0.875,0.8571428571428571,-0.25,-1.6797669810569484,0.125,0.375,0.2857142857142857,0.48296593186372744
2010-06-30,-0.625,-1.8688866060106342,0.25,0.875,0.8571428571428571,-0.25,-1.7532600476120122,0.125,0.375,0.2857142857142857,0.4649298597194389
2010-07-01,-0.5,-1.427048544436583,0.25,0.75,0.7142857142857143,-0.25,-1.4992506442470814,0.125,0.375,0.2857142857142857,0.49899799599198397
2010-07-02,-0.5,-1.5343896960044519,0.25,0.75,0.7142857142857143,-0.25,-1.6131226936093723,0.125,0.375,0.2857142857142857,0.44488977955911824
2010-07-05,-0.625,-1.7162573123532443,0.25,0.875,0.8571428571428571,-0.25,-1.6776856627632384,0.125,0.375,0.2857142857142857,0.42084168336673344
2010-07-06,-0.625,-1.702786133959943,0.25,0.875,0.8571428571428571,-0.25,-1.674726610719481,0.125,0.375,0.2857142857142857,0.40080160320641284
2010-07-07,-0.625,-1.7943303252154776,0.25,0.875,0.8571428571428571,-0.25,-1.6152492512881398,0.125,0.375,0.2857142857142857,0.42084168336673344
2010-07-08,-0.625,-1.824950658005559,0.125,0.75,0.7142857142857143,-0.25,-1.4833250915799012,0.125,0.375,0.2857142857142857,0.40681362725450904
2010-07-09,-0.5,-2.1122636900898955,0.125,0.625,0.5714285714285714,-0.25,-1.6196799674335551,0.125,0.375,0.2857142857142857,0.40080160320641284
2010-07-12,-0.625,-2.126393120057046,0.125,0.75,0.7142857142857143,-0.25,-1.6890561464635965,0.125,0.375,0.2857142857142857,0.3727454909819639
2010-07-13,-0.5,-1.6275996766268503,0.125,0.625,0.5714285714285714,-0.25,-1.5913633993012293,0.125,0.375,0.2857142857142857,0.37675350701402804
2010-07-14,-0.5,-1.4776559431284675,0.125,0.625,0.5714285714285714,-0.25,-1.4916715686497066,0.125,0.375,0.2857142857142857,0.3807615230460922
2010-07-15,-0.125,-0.7412380198637344,0.375,0.5,0.42857142857142855,-0.25,-1.4320416637281677,0.125,0.375,0.2857142857142857,0.3967935871743487
2010-07-16,-0.375,-0.7930899163752778,0.375,0.75,0.7142857142857143,-0.25,-1.5080685946018635,0.125,0.375,0.2857142857142857,0.4408817635270541
2010-07-19,-0.375,-0.7944422831652702,0.375,0.75,0.7142857142857143,-0.25,-1.5004190472027312,0.125,0.375,0.2857142857142857,0.43286573146292584
2010-07-20,-0.125,-0.6936722694621662,0.375,0.5,0.42857142857142855,-0.25,-1.317954541347955,0.125,0.375,0.2857142857142857,0.4529058116232465
2010-07-21,-0.375,-0.8688082113545379,0.375,0.75,0.7142857142857143,-0.25,-1.444798957037915,0.125,0.375,0.2857142857142857,0.44288577154308617
2010-07-22,-0.25,-0.7515708455795015,0.375,0.625,0.5714285714285714,-0.25,-1.4560052260029686,0.125,0.375,0.2857142857142857,0.4589178356713427
2010-07-23,-0.375,-0.965380643274769,0.25,0.625,0.5714285714285714,-0.25,-1.5782433285005415,0.125,0.375,0.2857142857142857,0.4709418837675351
2010-07-26,-0.125,-0.4620851187565401,0.375,0.5,0.42857142857142855,-0.25,-1.479237592673775,0.125,0.375,0.2857142857142857,0.45691382765531063
2010-07-27,0.125,0.08053715003964901,0.5,0.375,0.2857142857142857,-0.25,-1.5544415381428767,0.125,0.375,0.2857142857142857,0.4148296593186373
2010-07-28,0.25,0.43762121976312923,0.625,0.375,0.2857142857142857,-0.25,-1.561225692568124,0.125,0.375,0.2857142857142857,0.4168336673346693
2010-07-29,0.5,1.6247357555050161,0.625,0.125,0.0,-0.25,-1.233949852204852,0.125,0.375,0.2857142857142857,0.40080160320641284
2010-07-30,0.5,1.0569723943971414,0.625,0.125,0.0,-0.25,-1.2976918495530259,0.125,0.375,0.2857142857142857,0.4028056112224449
2010-08-02,0.5,0.9938625290608752,0.625,0.125,0.0,-0.25,-1.1406866269044986,0.125,0.375,0.2857142857142857,0.4248496993987976
2010-08-03,0.375,1.557289017603406,0.625,0.25,0.14285714285714285,-0.25,-1.1622828147470592,0.125,0.375,0.2857142857142857,0.41282565130260523
2010-08-04,0.5,1.5017517076380351,0.625,0.125,0.0,-0.25,-1.3518067766050779,0.125,0.375,0.2857142857142857,0.41282565130260523
2010-08-05,0.5,1.6638992212774806,0.625,0.125,0.0,-0.25,-1.195202589287986,0.125,0.375,0.2857142857142857,0.3847695390781563
2010-08-06,0.5,2.0602069067255706,0.625,0.125,0.0,-0.25,-0.9869502352610664,0.125,0.375,0.2857142857142857,0.3927855711422846
2010-08-09,0.5,2.0439399080651306,0.625,0.125,0.0,-0.25,-1.1093212126437861,0.125,0.375,0.2857142857142857,0.39879759519038077
2010-08-10,0.625,2.251519415037684,0.75,0.125,0.0,-0.25,-1.2877121243629088,0.125,0.375,0.2857142857142857,0.39478957915831664
2010-08-11,0.125,1.0595811057274425,0.375,0.25,0.14285714285714285,-0.25,-1.6230866350884199,0.125,0.375,0.2857142857142857,0.44488977955911824
2010-08-12,0.25,0.8566138633797508,0.375,0.125,0.0,-0.25,-1.7656346535729601,0.125,0.375,0.2857142857142857,0.43286573146292584
2010-08-13,0.125,0.47902013840129454,0.25,0.125,0.0,-0.25,-1.8638139986164624,0.125,0.375,0.2857142857142857,0.3667334669338677
2010-08-16,0.25,1.1014985960700696,0.375,0.125,0.0,-0.25,-1.7787837635703063,0.125,0.375,0.2857142857142857,0.38877755511022044
2010-08-17,0.25,1.3085655319475342,0.375,0.125,0.0,-0.25,-1.5862383235498159,0.125,0.375,0.2857142857142857,0.3627254509018036
2010-08-18,0.375,1.7838519962792918,0.5,0.125,0.0,-0.25,-1.8110428285390612,0.125,0.375,0.2857142857142857,0.34468937875751504
2010-08-19,0.375,1.1232026785196128,0.5,0.125,0.0,-0.25,-1.8360132770678044,0.125,0.375,0.2857142857142857,0.3406813627254509
2010-08-20,0.25,1.018283948138948,0.375,0.125,0.0,-0.25,-1.9864098820855791,0.125,0.375,0.2857142857142857,0.3066132264529058
2010-08-23,0.125,0.7775850089350226,0.375,0.25,0.14285714285714285,-0.25,-1.8818480135381028,0.125,0.375,0.2857142857142857,0.3286573146292585
2010-08-24,0.125,0.9075297430357749,0.375,0.25,0.14285714285714285,-0.25,-1.8956394063501945,0.125,0.375,0.2857142857142857,0.35470941883767537
2010-08-25,0.25,0.8170584164312118,0.5,0.25,0.14285714285714285,-0.25,-1.9103413930954547,0.125,0.375,0.2857142857142857,0.2925851703406814
2010-08-26,0.25,1.0490400253167091,0.5,0.25,0.14285714285714285,-0.25,-1.922276900467338,0.125,0.375,0.2857142857142857,0.24849699398797595
2010-08-27,0.375,1.6708995531980049,0.5,0.125,0.0,-0.25,-1.9739917231423894,0.125,0.375,0.2857142857142857,0.3286573146292585
2010-08-30,0.25,1.4991221238768053,0.375,0.125,0.0,-0.25,-2.131374879264822,0.125,0.375,0.2857142857142857,0.35470941883767537
2010-08-31,0.25,1.3641940382491216,0.5,0.25,0.14285714285714285,-0.25,-2.0912013869144745,0.125,0.375,0.2857142857142857,0.38877755511022044
2010-09-01,0.375,1.6114198106186792,0.625,0.25,0.14285714285714285,-0.25,-1.994360886656586,0.125,0.375,0.2857142857142857,0.4248496993987976
2010-09-02,0.375,1.3709799194928416,0.625,0.25,0.14285714285714285,-0.25,-2.0226715088109946,0.125,0.375,0.2857142857142857,0.4028056112224449
2010-09-03,0.375,1.6036214496582026,0.625,0.25,0.14285714285714285,-0.25,-1.9676265044753956,0.125,0.375,0.2857142857142857,0.40080160320641284
2010-09-06,0.375,1.3576744399238836,0.625,0.25,0.14285714285714285,-0.25,-2.005286846468144,0.125,0.375,0.2857142857142857,0.39879759519038077
2010-09-07,0.25,0.6947500407229386,0.5,0.25,0.14285714285714285,-0.25,-2.2149392247473165,0.125,0.375,0.2857142857142857,0.43286573146292584
2010-09-08,0.125,0.8811175620662459,0.375,0.25,0.14285714285714285,-0.25,-2.169946619787308,0.125,0.375,0.2857142857142857,0.374749498997996
2010-09-09,0.125,0.7619455310606956,0.375,0.25,0.14285714285714285,-0.25,-2.145465175459951,0.125,0.375,0.2857142857142857,0.33867735470941884
2010-09-10,0.125,0.8326245859020815,0.375,0.25,0.14285714285714285,-0.25,-2.057286196016271,0.125,0.375,0.2857142857142857,0.35470941883767537
2010-09-13,0.25,1.2901343616981262,0.5,0.25,0.14285714285714285,-0.25,-2.053420912757293,0.125,0.375,0.2857142857142857,0.3366733466933868
2010-09-14,0.5,1.6043115021592496,0.625,0.125,0.0,-0.25,-1.839912716286427,0.125,0.375,0.2857142857142857,0.31462925851703405
2010-09-15,0.625,1.8470521108517706,0.75,0.125,0.0,-0.25,-1.9956663523327318,0.125,0.375,0.2857142857142857,0.43687374749499
2010-09-16,0.625,2.1652215250718925,0.75,0.125,0.0,-0.25,-2.0454781304985437,0.125,0.375,0.2857142857142857,0.40480961923847697
2010-09-17,0.625,1.9131066666304277,0.75,0.125,0.0,-0.25,-2.1324010398436424,0.125,0.375,0.2857142857142857,0.39478957915831664
2010-09-20,0.625,2.1172365655540744,0.75,0.125,0.0,-0.25,-1.9738709193172763,0.125,0.375,0.2857142857142857,0.4148296593186373
2010-09-21,0.75,2.4154003310762984,0.875,0.125,0.0,-0.25,-1.9338161436075738,0.125,0.375,0.2857142857142857,0.3687374749498998
2010-09-22,0.75,2.4233980985147143,0.875,0.125,0.0,-0.25,-1.5900207280828487,0.125,0.375,0.2857142857142857,0.3907815631262525
2010-09-23,0.625,1.9235167311566457,0.75,0.125,0.0,-0.25,-1.6970246989378726,0.125,0.375,0.2857142857142857,0.45090180360721444
2010-09-24,0.625,2.0176917594235673,0.75,0.125,0.0,-0.25,-1.6691357625283751,0.125,0.375,0.2857142857142857,0.3927855711422846
2010-09-27,0.625,1.893659347486214,0.75,0.125,0.0,-0.375,-1.9234532169177767,0.125,0.5,0.42857142857142855,0.32064128256513025
2010-09-28,0.625,1.998733646255544,0.75,0.125,0.0,-0.25,-1.6577121148263054,0.125,0.375,0.2857142857142857,0.2865731462925852
2010-09-29,0.75,2.2138204071207426,0.875,0.125,0.0,-0.375,-1.8221119930697305,0.125,0.5,0.42857142857142855,0.19438877755511022
2010-09-30,0.75,2.372114774634347,0.875,0.125,0.0,-0.375,-1.6806210858263906,0.125,0.5,0.42857142857142855,0.20841683366733466
2010-10-01,0.75,2.593870665002507,0.875,0.125,0.0,-0.125,-1.5904343389497562,0.125,0.25,0.14285714285714285,0.19238476953907815
2010-10-04,0.625,2.46990755573867,0.75,0.125,0.0,-0.375,-1.7772975994773985,0.125,0.5,0.42857142857142855,0.20641282565130262
2010-10-05,0.625,2.572872846926806,0.75,0.125,0.0,-0.25,-1.7495577114749352,0.125,0.375,0.2857142857142857,0.1743486973947896
2010-10-06,0.625,2.6231128308566762,0.75,0.125,0.0,-0.25,-1.4813257191925617,0.125,0.375,0.2857142857142857,0.1523046092184369
2010-10-07,0.625,2.2382054072341457,0.75,0.125,0.0,-0.25,-1.3513981450056476,0.125,0.375,0.2857142857142857,0.17234468937875752
2010-10-08,0.625,2.1641370125406985,0.75,0.125,0.0,-0.375,-1.4278616190841427,0.125,0.5,0.42857142857142855,0.156312625250501
2010-10-11,0.625,2.0323462294282386,0.75,0.125,0.0,-0.25,-1.4283581699959385,0.125,0.375,0.2857142857142857,0.12024048096192384
2010-10-12,0.625,2.284368121901123,0.75,0.125,0.0,-0.375,-1.35253107592076,0.125,0.5,0.42857142857142855,0.11022044088176353
2010-10-13,0.625,2.62198826863221,0.75,0.125,0.0,-0.375,-1.3123980756950642,0.125,0.5,0.42857142857142855,0.0
2010-10-14,0.625,2.6965490822010123,0.75,0.125,0.0,-0.25,-1.1493125587159256,0.125,0.375,0.2857142857142857,0.0
2010-10-15,0.625,2.3610168958066504,0.75,0.125,0.0,-0.25,-1.038085886746038,0.125,0.375,0.2857142857142857,0.002004008016032064
2010-10-18,0.625,2.144598493227761,0.75,0.125,0.0,-0.25,-1.0495648424914046,0.125,0.375,0.2857142857142857,0.0
2010-10-19,0.5,1.603177474958782,0.625,0.125,0.0,-0.25,-1.2685477101932758,0.125,0.375,0.2857142857142857,0.006012024048096192
2010-10-20,0.5,1.9978850790510925,0.625,0.125,0.0,-0.25,-1.1315116828401914,0.125,0.375,0.2857142857142857,0.006012024048096192
2010-10-21,0.5,1.984267794693352,0.625,0.125,0.0,-0.25,-1.1657750624786265,0.125,0.375,0.2857142857142857,0.002004008016032064
2010-10-22,0.625,2.091390579719051,0.875,0.25,0.14285714285714285,-0.25,-1.1847647486653503,0.125,0.375,0.2857142857142857,0.0
2010-10-25,0.375,1.7084382962433042,0.625,0.25,0.14285714285714285,-0.25,-1.2689747149291541,0.125,0.375,0.2857142857142857,0.008016032064128256
2010-10-26,0.375,1.6053976136787558,0.625,0.25,0.14285714285714285,-0.25,-1.4690603014146908,0.125,0.375,0.2857142857142857,0.01603206412825651
2010-10-27,0.25,1.5885891677079385,0.625,0.375,0.2857142857142857,-0.25,-1.6468670551864055,0.125,0.375,0.2857142857142857,0.03206412825651302
2010-10-28,0.375,1.949346896680273,0.625,0.25,0.14285714285714285,-0.25,-1.250808755162263,0.125,0.375,0.2857142857142857,0.03406813627254509
2010-10-29,0.5,1.8673795566618088,0.625,0.125,0.0,-0.25,-1.368496826019543,0.125,0.375,0.2857142857142857,0.036072144288577156
2010-11-01,0.375,1.8798238473083544,0.5,0.125,0.0,-0.25,-1.4393210358984334,0.125,0.375,0.2857142857142857,0.04809619238476954
2010-11-02,0.5,2.1175919207595237,0.625,0.125,0.0,-0.25,-1.112373667530598,0.125,0.375,0.2857142857142857,0.06012024048096192
2010-11-03,0.625,2.4855111053888335,0.75,0.125,0.0,-0.25,-1.1240348692369277,0.125,0.375,0.2857142857142857,0.1342685370741483
2010-11-04,0.625,2.5413669958732785,0.75,0.125,0.0,-0.25,-0.9098450838948687,0.125,0.375,0.2857142857142857,0.13026052104208416
2010-11-05,0.625,2.2791591371545317,0.75,0.125,0.0,-0.25,-1.0194330152314446,0.125,0.375,0.2857142857142857,0.1623246492985972
2010-11-08,0.625,2.1513241579088467,0.75,0.125,0.0,-0.25,-1.2963728239187815,0.125,0.375,0.2857142857142857,0.20440881763527055
2010-11-09,0.5,2.029627732033018,0.625,0.125,0.0,-0.25,-1.4789285839490502,0.125,0.375,0.2857142857142857,0.23647294589178355
2010-11-10,0.5,2.033790410099621,0.625,0.125,0.0,-0.25,-1.7388443647830212,0.125,0.375,0.2857142857142857,0.2745490981963928
2010-11-11,0.625,1.8636943478258339,0.75,0.125,0.0,-0.25,-1.646771702038285,0.125,0.375,0.2857142857142857,0.2685370741482966
2010-11-12,0.625,2.419578020389724,0.75,0.125,0.0,-0.25,-1.6163251950803954,0.125,0.375,0.2857142857142857,0.2865731462925852
2010-11-15,0.625,2.225482507308589,0.75,0.125,0.0,-0.25,-1.854101864683018,0.125,0.375,0.2857142857142857,0.28857715430861725
2010-11-16,0.625,1.9341847072933143,0.75,0.125,0.0,-0.25,-2.090091005512076,0.125,0.375,0.2857142857142857,0.25851703406813625
2010-11-17,0.625,1.942511771240798,0.75,0.125,0.0,-0.25,-1.9471283860816637,0.125,0.375,0.2857142857142857,0.20040080160320642
2010-11-18,0.625,1.847730894804652,0.75,0.125,0.0,-0.25,-1.7913209630453215,0.125,0.375,0.2857142857142857,0.2605210420841683
2010-11-19,0.625,2.2943387470916674,0.75,0.125,0.0,-0.25,-1.4782494615390611,0.125,0.375,0.2857142857142857,0.22044088176352705
2010-11-22,0.625,2.1236108807060496,0.75,0.125,0.0,-0.25,-1.5738101380893705,0.125,0.375,0.2857142857142857,0.24649298597194388
2010-11-23,0.625,1.7809503630459953,0.75,0.125,0.0,-0.25,-1.7363308866867535,0.125,0.375,0.2857142857142857,0.27655310621242485
2010-11-24,0.625,1.6528166970741738,0.75,0.125,0.0,-0.25,-1.8623081829822286,0.125,0.375,0.2857142857142857,0.31462925851703405
2010-11-25,0.5,1.645509291192289,0.625,0.125,0.0,-0.25,-1.927428663183064,0.125,0.375,0.2857142857142857,0.28857715430861725
2010-11-26,0.625,1.6121498165002968,0.75,0.125,0.0,-0.25,-1.947722890249828,0.125,0.375,0.2857142857142857,0.2965931863727455
2010-11-29,0.5,1.1730374611627623,0.75,0.25,0.14285714285714285,-0.25,-2.0981507252807474,0.125,0.375,0.2857142857142857,0.27655310621242485
2010-11-30,0.625,1.4427157095086822,0.75,0.125,0.0,-0.25,-2.0037497533173916,0.125,0.375,0.2857142857142857,0.2625250501002004
2010-12-01,0.5,1.7414524228616544,0.75,0.25,0.14285714285714285,-0.25,-1.8245920350151565,0.125,0.375,0.2857142857142857,0.22244488977955912
2010-12-02,0.625,2.0847815439523676,0.75,0.125,0.0,-0.25,-1.429463565270658,0.125,0.375,0.2857142857142857,0.250501002004008
2010-12-03,0.75,2.6072880038816213,0.875,0.125,0.0,-0.25,-1.1631306074049999,0.125,0.375,0.2857142857142857,0.28857715430861725
2010-12-06,0.625,2.0829264768640687,0.75,0.125,0.0,-0.25,-1.1654352702756023,0.125,0.375,0.2857142857142857,0.27054108216432865
2010-12-07,0.5,1.3862537964747943,0.75,0.25,0.14285714285714285,-0.25,-1.2173137476194325,0.125,0.375,0.2857142857142857,0.25250501002004005
2010-12-08,0.5,1.600127350490799,0.625,0.125,0.0,-0.25,-1.3886487379788766,0.125,0.375,0.2857142857142857,0.25851703406813625
2010-12-09,0.25,0.8222331970344041,0.375,0.125,0.0,-0.25,-1.4302030726071964,0.125,0.375,0.2857142857142857,0.24448897795591182
2010-12-10,0.25,1.0136690966873727,0.375,0.125,0.0,-0.25,-1.4538408275477597,0.125,0.375,0.2857142857142857,0.18837675350701402
2010-12-13,0.375,1.793530592858858,0.5,0.125,0.0,-0.25,-1.2448921389370342,0.125,0.375,0.2857142857142857,0.21442885771543085
2010-12-14,0.125,0.6682734380017824,0.25,0.125,0.0,-0.25,-1.2461672731896907,0.125,0.375,0.2857142857142857,0.2124248496993988
2010-12-15,-0.25,-0.8900381901074035,0.125,0.375,0.2857142857142857,-0.25,-1.381180559754479,0.125,0.375,0.2857142857142857,0.3246492985971944
2010-12-16,-0.25,-0.34742916442703353,0.125,0.375,0.2857142857142857,-0.25,-1.3036100555157348,0.125,0.375,0.2857142857142857,0.22044088176352705
2010-12-17,-0.25,-1.405030140302696,0.125,0.375,0.2857142857142857,-0.25,-1.364848353927989,0.125,0.375,0.2857142857142857,0.23246492985971945
2010-12-20,-0.25,-1.338474488167467,0.125,0.375,0.2857142857142857,-0.25,-1.5578811996875102,0.125,0.375,0.2857142857142857,0.22845691382765532
2010-12-21,-0.25,-1.8059891194788469,0.125,0.375,0.2857142857142857,-0.25,-1.5314210822942733,0.125,0.375,0.2857142857142857,0.14428857715430862
2010-12-22,-0.25,-1.6878511636460987,0.125,0.375,0.2857142857142857,-0.25,-1.5204460550217547,0.125,0.375,0.2857142857142857,0.12224448897795591
2010-12-23,-0.25,-1.6735262366065462,0.125,0.375,0.2857142857142857,-0.25,-1.3735203953972337,0.125,0.375,0.2857142857142857,0.1523046092184369
2010-12-24,-0.25,-2.073303195204263,0.125,0.375,0.2857142857142857,-0.25,-1.5176859401718965,0.125,0.375,0.2857142857142857,0.12625250501002003
2010-12-27,-0.25,-1.6753066206113016,0.125,0.375,0.2857142857142857,-0.25,-1.5821546494765022,0.125,0.375,0.2857142857142857,0.0781563126252505
2010-12-28,-0.25,-1.95089678636927,0.125,0.375,0.2857142857142857,-0.25,-1.5374971455531943,0.125,0.375,0.2857142857142857,0.07214428857715431
2010-12-29,-0.25,-1.9122172320084299,0.125,0.375,0.2857142857142857,-0.25,-1.3907362769944405,0.125,0.375,0.2857142857142857,0.06412825651302605
2010-12-30,-0.25,-1.6631815702465402,0.125,0.375,0.2857142857142857,-0.25,-1.3072010698279497,0.125,0.375,0.2857142857142857,0.056112224448897796
2010-12-31,-0.25,-1.59199858503982,0.125,0.375,0.2857142857142857,-0.25,-1.1345459789744163,0.125,0.375,0.2857142857142857,0.02004008016032064
2011-01-03,-0.25,-1.5293219621118892,0.125,0.375,0.2857142857142857,-0.25,-1.1691521742394038,0.125,0.375,0.2857142857142857,0.026052104208416832
2011-01-04,-0.375,-2.2816447443264063,0.125,0.5,0.42857142857142855,-0.25,-1.1771840812267182,0.125,0.375,0.2857142857142857,0.06813627254509018
2011-01-05,-0.5,-2.81048962737878,0.125,0.625,0.5714285714285714,-0.25,-1.1888592371705893,0.125,0.375,0.2857142857142857,0.1062124248496994
2011-01-06,-0.625,-2.979665201852759,0.125,0.75,0.7142857142857143,-0.25,-1.3065529664550213,0.125,0.375,0.2857142857142857,0.1342685370741483
2011-01-07,-0.5,-2.7129924348934664,0.125,0.625,0.5714285714285714,-0.25,-1.4630355638575603,0.125,0.375,0.2857142857142857,0.17034068136272545
2011-01-10,-0.5,-2.703762708091097,0.125,0.625,0.5714285714285714,-0.25,-1.40728474579032,0.125,0.375,0.2857142857142857,0.1462925851703407
2011-01-11,-0.5,-2.0981283185697457,0.125,0.625,0.5714285714285714,-0.25,-1.3902444654737507,0.125,0.375,0.2857142857142857,0.16432865731462926
2011-01-12,-0.5,-2.303659152618441,0.125,0.625,0.5714285714285714,-0.25,-1.133665300464891,0.125,0.375,0.2857142857142857,0.13627254509018036
2011-01-13,-0.25,-1.7235539765058379,0.125,0.375,0.2857142857142857,-0.25,-0.8095544608696034,0.125,0.375,0.2857142857142857,0.20240480961923848
2011-01-14,-0.25,-1.7289450965529034,0.125,0.375,0.2857142857142857,-0.25,-0.6792823438190476,0.125,0.375,0.2857142857142857,0.22044088176352705
2011-01-17,-0.25,-2.016575772018018,0.125,0.375,0.2857142857142857,-0.25,-0.8924965908381628,0.125,0.375,0.2857142857142857,0.21643286573146292
2011-01-18,-0.25,-1.638350880710595,0.125,0.375,0.2857142857142857,-0.25,-0.7978991667680391,0.125,0.375,0.2857142857142857,0.23847695390781562
2011-01-19,-0.25,-1.2180383237217964,0.125,0.375,0.2857142857142857,-0.125,-0.5846939645871039,0.125,0.25,0.14285714285714285,0.280561122244489
2011-01-20,-0.375,-1.8881531491080898,0.125,0.5,0.42857142857142855,-0.125,-0.38699847174008917,0.125,0.25,0.14285714285714285,0.3226452905811623
2011-01-21,-0.375,-1.2333888005568863,0.25,0.625,0.5714285714285714,-0.125,-0.0756804978051655,0.125,0.25,0.14285714285714285,0.3527054108216433
2011-01-24,-0.375,-0.905090199100854,0.25,0.625,0.5714285714285714,-0.125,-0.023580953939654092,0.125,0.25,0.14285714285714285,0.40681362725450904
2011-01-25,-0.625,-1.3563144360079409,0.125,0.75,0.7142857142857143,-0.125,-0.16204648786266218,0.125,0.25,0.14285714285714285,0.4228456913827655
2011-01-26,-0.625,-1.7144055725208527,0.125,0.75,0.7142857142857143,-0.125,-0.05105502445927956,0.125,0.25,0.14285714285714285,0.3727454909819639
2011-01-27,-0.625,-2.035756380479646,0.125,0.75,0.7142857142857143,0.125,0.06490901869752119,0.25,0.125,0.0,0.35070140280561124
2011-01-28,-0.75,-1.8603159153430133,0.125,0.875,0.8571428571428571,-0.125,-0.012906139779026882,0.125,0.25,0.14285714285714285,0.39478957915831664
2011-01-31,-0.5,-1.2514786416150079,0.25,0.75,0.7142857142857143,0.125,0.13938597867292613,0.25,0.125,0.0,0.3847695390781563
2011-02-01,0.25,0.42708337442050637,0.375,0.125,0.0,0.125,0.09629087784118617,0.25,0.125,0.0,0.3106212424849699
2011-02-02,0.125,0.19325318036529676,0.375,0.25,0.14285714285714285,0.125,0.3084633011297695,0.25,0.125,0.0,0.22444889779559118
2011-02-03,-0.125,-0.22337945040020013,0.25,0.375,0.2857142857142857,0.125,0.1890979690753798,0.25,0.125,0.0,0.2545090180360721
2011-02-04,-0.375,-0.5575933683297722,0.125,0.5,0.42857142857142855,-0.125,-0.01217380247002886,0.125,0.25,0.14285714285714285,0.24448897795591182
2011-02-07,-0.125,-0.011987987406530398,0.25,0.375,0.2857142857142857,-0.125,-0.036675971248693484,0.125,0.25,0.14285714285714285,0.22645290581162325
2011-02-08,0.25,0.8667792635477759,0.375,0.125,0.0,0.125,0.18084084632997288,0.25,0.125,0.0,0.19839679358717435
2011-02-09,0.5,1.131401190569271,0.625,0.125,0.0,0.125,0.30227700396229573,0.25,0.125,0.0,0.1843687374749499
2011-02-10,-0.125,-0.24163465675996731,0.25,0.375,0.2857142857142857,0.125,0.09497620772316973,0.25,0.125,0.0,0.17835671342685372
2011-02-11,-0.125,-0.6126936680394299,0.25,0.375,0.2857142857142857,-0.125,-0.1274690965542813,0.125,0.25,0.14285714285714285,0.1843687374749499
2011-02-14,-0.125,-0.6587061894045042,0.25,0.375,0.2857142857142857,-0.125,-0.14799932055503384,0.125,0.25,0.14285714285714285,0.17034068136272545
2011-02-15,0.125,0.5109985658247826,0.5,0.375,0.2857142857142857,-0.125,-0.22510105987474804,0.125,0.25,0.14285714285714285,0.17835671342685372
2011-02-16,0.125,1.1565178182432465,0.5,0.375,0.2857142857142857,-0.125,-0.24386533929064602,0.125,0.25,0.14285714285714285,0.15430861723446893
2011-02-17,0.25,1.1232454449899314,0.5,0.25,0.14285714285714285,0.125,0.04301498448211971,0.25,0.125,0.0,0.09619238476953908
2011-02-18,0.375,1.738496451924654,0.5,0.125,0.0,0.125,0.11115300631212799,0.25,0.125,0.0,0.07014028056112225
2011-02-21,0.625,2.4300039735751433,0.75,0.125,0.0,0.125,0.0842532123191071,0.25,0.125,0.0,0.052104208416833664
2011-02-22,0.75,2.2502464308358086,0.875,0.125,0.0,0.125,0.09301644805828935,0.25,0.125,0.0,0.14829659318637275
2011-02-23,0.625,2.002638735307399,0.875,0.25,0.14285714285714285,0.125,0.15699203763253822,0.25,0.125,0.0,0.14228456913827656
2011-02-24,0.625,1.846242595541439,0.875,0.25,0.14285714285714285,0.125,0.2002280870735076,0.25,0.125,0.0,0.16633266533066132
2011-02-25,0.625,1.3117908783376406,0.875,0.25,0.14285714285714285,-0.125,-0.014648206861672675,0.125,0.25,0.14285714285714285,0.12224448897795591
2011-02-28,0.625,1.7768085125380235,0.875,0.25,0.14285714285714285,0.125,0.22291145073858942,0.25,0.125,0.0,0.12224448897795591
2011-03-01,0.625,1.72319579337145,0.875,0.25,0.14285714285714285,0.125,0.02133947406041936,0.25,0.125,0.0,0.0841683366733467
2011-03-02,0.625,2.0392997664330133,0.875,0.25,0.14285714285714285,0.125,0.21185292126694577,0.25,0.125,0.0,0.08016032064128256
2011-03-03,0.625,2.4098009856022182,0.875,0.25,0.14285714285714285,0.125,0.6433382366279391,0.25,0.125,0.0,0.07014028056112225
2011-03-04,0.625,2.416668629679192,0.875,0.25,0.14285714285714285,0.125,0.7916073575662417,0.25,0.125,0.0,0.050100200400801605
2011-03-07,0.625,2.0870970507774977,0.875,0.25,0.14285714285714285,0.125,0.7514797297655388,0.25,0.125,0.0,0.04408817635270541
2011-03-08,0.75,2.2350226426893665,1.0,0.25,0.14285714285714285,0.125,0.8111230911657595,0.25,0.125,0.0,0.04208416833667335
2011-03-09,0.75,2.6937794655190297,1.0,0.25,0.14285714285714285,0.125,1.0016392978000708,0.25,0.125,0.0,0.02404809619238477
2011-03-10,0.75,2.5727732721228227,1.0,0.25,0.14285714285714285,0.125,0.9051793276043915,0.25,0.125,0.0,0.012024048096192385
2011-03-11,0.875,3.137847078233616,1.0,0.125,0.0,0.125,0.8171686458203845,0.25,0.125,0.0,0.014028056112224449
2011-03-14,0.75,2.9360086417191704,1.0,0.25,0.14285714285714285,0.125,0.8458071335275614,0.25,0.125,0.0,0.03406813627254509
2011-03-15,0.625,2.3786317272166295,1.0,0.375,0.2857142857142857,0.375,0.805105271683164,0.5,0.125,0.0,0.19238476953907815
2011-03-16,0.5,1.74622955523507,0.875,0.375,0.2857142857142857,0.375,0.4811474566376671,0.5,0.125,0.0,0.48897795591182364
2011-03-17,0.625,1.7866395468497998,1.0,0.375,0.2857142857142857,0.375,0.512723749002615,0.5,0.125,0.0,0.5230460921843687
2011-03-18,0.625,2.269314453193978,1.0,0.375,0.2857142857142857,0.375,0.8874434527590973,0.5,0.125,0.0,0.6833667334669339
2011-03-21,0.75,2.4438584075547083,1.0,0.25,0.14285714285714285,0.375,0.990233360291062,0.5,0.125,0.0,0.7254509018036072
2011-03-22,0.75,2.4370284000904876,1.0,0.25,0.14285714285714285,0.375,1.0642449679690256,0.5,0.125,0.0,0.6232464929859719
2011-03-23,0.625,2.210682592338854,1.0,0.375,0.2857142857142857,0.375,1.0458142935863997,0.5,0.125,0.0,0.6472945891783567
2011-03-24,0.75,2.451436838340661,1.0,0.25,0.14285714285714285,0.375,1.131318384426141,0.5,0.125,0.0,0.6793587174348698
2011-03-25,0.625,2.2753594395586796,1.0,0.375,0.2857142857142857,0.375,0.8700399907218401,0.5,0.125,0.0,0.717434869739479
2011-03-28,0.75,2.3105458859058263,1.0,0.25,0.14285714285714285,0.25,0.7262536597046516,0.375,0.125,0.0,0.7014028056112225
2011-03-29,0.625,2.7240315375048505,1.0,0.375,0.2857142857142857,0.25,0.7786584227677493,0.375,0.125,0.0,0.7374749498997996
2011-03-30,0.875,3.063442409887381,1.0,0.125,0.0,0.25,0.7631043710879198,0.375,0.125,0.0,0.7334669338677354
2011-03-31,0.875,3.1458417028958587,1.0,0.125,0.0,0.375,0.9675944779127533,0.5,0.125,0.0,0.6973947895791583
2011-04-01,0.75,3.045362118436984,1.0,0.25,0.14285714285714285,0.375,1.2599751412211155,0.5,0.125,0.0,0.7454909819639278
2011-04-04,0.75,2.915611469215298,1.0,0.25,0.14285714285714285,0.375,1.278346233971233,0.5,0.125,0.0,0.751503006012024
2011-04-05,0.75,2.767328213403967,1.0,0.25,0.14285714285714285,0.25,1.376477485996062,0.375,0.125,0.0,0.7735470941883767
2011-04-06,0.75,2.6876825348057207,1.0,0.25,0.14285714285714285,0.375,1.5471807138344529,0.5,0.125,0.0,0.7895791583166333
2011-04-07,0.75,2.3766613751169205,1.0,0.25,0.14285714285714285,0.375,1.5918758659112378,0.5,0.125,0.0,0.781563126252505
2011-04-08,0.75,2.4792608818337936,1.0,0.25,0.14285714285714285,0.375,1.6246874796633612,0.5,0.125,0.0,0.7635270541082164
2011-04-11,0.75,2.5349271523726333,1.0,0.25,0.14285714285714285,0.375,1.560280253951804,0.5,0.125,0.0,0.7434869739478958
2011-04-12,0.75,2.5986912034008833,1.0,0.25,0.14285714285714285,0.375,1.7793842343713655,0.5,0.125,0.0,0.687374749498998
2011-04-13,0.75,2.3815067566803254,1.0,0.25,0.14285714285714285,0.375,1.6797828092071931,0.5,0.125,0.0,0.4909819639278557
2011-04-14,0.625,2.408263312408132,0.875,0.25,0.14285714285714285,0.375,1.6485535788078418,0.5,0.125,0.0,0.40080160320641284
2011-04-15,0.5,2.0755286823943186,0.75,0.25,0.14285714285714285,0.375,1.5171013706130605,0.5,0.125,0.0,0.19438877755511022
2011-04-18,0.625,2.07843977425847,0.75,0.125,0.0,0.375,1.3559463759099415,0.5,0.125,0.0,0.2124248496993988
2011-04-19,0.625,2.2532948459876776,0.875,0.25,0.14285714285714285,0.5,1.7449240705800797,0.625,0.125,0.0,0.24248496993987975
2011-04-20,0.5,2.290299967481324,0.75,0.25,0.14285714285714285,0.5,1.9831432853527764,0.625,0.125,0.0,0.2925851703406814
2011-04-21,0.625,2.3138161639284163,0.75,0.125,0.0,0.625,2.227296184518358,0.75,0.125,0.0,0.21643286573146292
2011-04-22,0.75,2.4942173772900182,0.875,0.125,0.0,0.625,2.1146140484143996,0.75,0.125,0.0,0.09018036072144289
2011-04-25,0.625,2.367973402525326,0.75,0.125,0.0,0.5,2.054175106438187,0.625,0.125,0.0,0.08216432865731463
2011-04-26,0.5,2.217692221894163,0.75,0.25,0.14285714285714285,0.625,2.163099003330473,0.75,0.125,0.0,0.04809619238476954
2011-04-27,0.5,2.3050336239505627,0.75,0.25,0.14285714285714285,0.625,2.297713602472183,0.75,0.125,0.0,0.10220440881763528
2011-04-28,0.875,2.7049308457961767,1.0,0.125,0.0,0.625,2.3745552676997455,0.75,0.125,0.0,0.13026052104208416
2011-04-29,0.75,2.648819804344761,0.875,0.125,0.0,0.625,2.3672555832892797,0.75,0.125,0.0,0.06613226452905811
2011-05-02,0.75,2.6377308013020797,0.875,0.125,0.0,0.625,2.3258120850291095,0.75,0.125,0.0,0.08216432865731463
2011-05-03,0.75,2.3930168738145343,0.875,0.125,0.0,0.625,2.3821387127653204,0.75,0.125,0.0,0.07214428857715431
2011-05-04,0.75,2.3614385615144187,0.875,0.125,0.0,0.625,2.1374210048836906,0.75,0.125,0.0,0.06813627254509018
2011-05-05,0.75,2.1681059571796473,0.875,0.125,0.0,0.5,1.8130029085532975,0.625,0.125,0.0,0.21442885771543085
2011-05-06,0.625,1.922803151477202,0.75,0.125,0.0,0.5,1.632609273733572,0.625,0.125,0.0,0.28256513026052105
2011-05-09,0.625,2.0029235838937782,0.75,0.125,0.0,0.5,1.75281200542132,0.625,0.125,0.0,0.30060120240480964
2011-05-10,0.625,2.1392785436879396,0.75,0.125,0.0,0.5,1.8249138313466469,0.625,0.125,0.0,0.250501002004008
2011-05-11,0.5,1.8957276240162184,0.625,0.125,0.0,0.5,1.8765999346025288,0.625,0.125,0.0,0.2965931863727455
2011-05-12,0.5,2.0099519616066988,0.625,0.125,0.0,0.5,1.8590340203431444,0.625,0.125,0.0,0.3466933867735471
2011-05-13,0.375,1.5991735487968906,0.625,0.25,0.14285714285714285,0.5,1.8550415406517633,0.625,0.125,0.0,0.3847695390781563
2011-05-16,0.5,1.53941099546324,0.75,0.25,0.14285714285714285,0.625,1.7966625100573628,0.75,0.125,0.0,0.3366733466933868
2011-05-17,0.5,1.7519070844931073,0.625,0.125,0.0,0.625,1.8588197938314608,0.75,0.125,0.0,0.3366733466933868
2011-05-18,0.375,1.4564578912510622,0.625,0.25,0.14285714285714285,0.625,1.8642604428170004,0.75,0.125,0.0,0.250501002004008
2011-05-19,0.5,1.6025143738189165,0.625,0.125,0.0,0.625,1.9987409450839277,0.75,0.125,0.0,0.23046092184368738
2011-05-20,0.375,1.214594731350888,0.625,0.25,0.14285714285714285,0.5,1.9623440083699173,0.625,0.125,0.0,0.3627254509018036
2011-05-23,0.125,0.7501871855606035,0.625,0.5,0.42857142857142855,0.5,1.903918392236846,0.625,0.125,0.0,0.44889779559118237
2011-05-24,0.125,0.8911543737277859,0.625,0.5,0.42857142857142855,0.5,1.9648487598488993,0.625,0.125,0.0,0.4288577154308617
2011-05-25,0.125,0.5613130158149928,0.625,0.5,0.42857142857142855,0.5,1.9230031031189228,0.625,0.125,0.0,0.33867735470941884
2011-05-26,0.25,0.36187957717454067,0.5,0.25,0.14285714285714285,0.5,1.8431417753341153,0.625,0.125,0.0,0.42084168336673344
2011-05-27,0.375,0.5819927912999219,0.625,0.25,0.14285714285714285,0.625,1.898801692626455,0.75,0.125,0.0,0.4649298597194389
2011-05-30,0.375,0.6074993245328456,0.625,0.25,0.14285714285714285,0.5,1.8355491481907025,0.625,0.125,0.0,0.4028056112224449
2011-05-31,0.5,0.9202429776055698,0.625,0.125,0.0,0.5,1.8887601179776787,0.625,0.125,0.0,0.41082164328657317
2011-06-01,0.375,0.7627760995682,0.625,0.25,0.14285714285714285,0.5,1.7868610316343387,0.625,0.125,0.0,0.5150300601202404
2011-06-02,0.375,1.2514327568410457,0.625,0.25,0.14285714285714285,0.625,1.939387556151237,0.75,0.125,0.0,0.39879759519038077
2011-06-03,0.375,1.323430505284904,0.625,0.25,0.14285714285714285,0.625,1.9961432536407049,0.75,0.125,0.0,0.3366733466933868
2011-06-06,0.375,1.0362635609862305,0.625,0.25,0.14285714285714285,0.625,2.0055670605314297,0.75,0.125,0.0,0.3026052104208417
2011-06-07,0.5,1.2082264701594405,0.625,0.125,0.0,0.625,2.179348274808375,0.75,0.125,0.0,0.2625250501002004
2011-06-08,0.375,1.0075432249203247,0.625,0.25,0.14285714285714285,0.625,2.1049436526476413,0.75,0.125,0.0,0.23446893787575152
2011-06-09,0.375,0.728921698213963,0.625,0.25,0.14285714285714285,0.625,2.0798767637773476,0.75,0.125,0.0,0.2545090180360721
2011-06-10,0.375,0.2642989103894753,0.625,0.25,0.14285714285714285,0.625,1.9349163379853958,0.75,0.125,0.0,0.250501002004008
2011-06-13,0.5,0.378624577243029,0.625,0.125,0.0,0.625,2.0825537397190383,0.75,0.125,0.0,0.23847695390781562
2011-06-14,0.5,0.5055038000956309,0.625,0.125,0.0,0.625,2.178753952686964,0.75,0.125,0.0,0.280561122244489
2011-06-15,0.25,0.13705397988687584,0.625,0.375,0.2857142857142857,0.5,1.9507546001381377,0.625,0.125,0.0,0.36072144288577157
2011-06-16,0.125,0.0828061100920151,0.375,0.25,0.14285714285714285,0.5,1.7471670201938865,0.625,0.125,0.0,0.42084168336673344
2011-06-17,0.375,0.5108625394162116,0.5,0.125,0.0,0.5,1.73130634228204,0.625,0.125,0.0,0.34468937875751504
2011-06-20,0.25,0.5271066288232482,0.5,0.25,0.14285714285714285,0.5,1.751211719423713,0.625,0.125,0.0,0.2785571142284569
2011-06-21,0.375,0.6845774661220971,0.5,0.125,0.0,0.5,1.795300000979097,0.625,0.125,0.0,0.27054108216432865
2011-06-22,0.125,0.4670273361999162,0.5,0.375,0.2857142857142857,0.5,1.7907920077828303,0.625,0.125,0.0,0.2925851703406814
2011-06-23,0.125,0.1872876146949597,0.5,0.375,0.2857142857142857,0.5,1.7145904899819318,0.625,0.125,0.0,0.20641282565130262
2011-06-24,-0.125,-0.07264326028868084,0.375,0.5,0.42857142857142855,0.5,1.6465745652092114,0.625,0.125,0.0,0.16432865731462926
2011-06-27,0.125,0.13246359397898377,0.5,0.375,0.2857142857142857,0.625,1.7943006032998665,0.75,0.125,0.0,0.2665330661322645
2011-06-28,0.125,0.2636448181315837,0.5,0.375,0.2857142857142857,0.625,1.7158902573499062,0.75,0.125,0.0,0.21042084168336672
2011-06-29,0.125,0.19453616739055135,0.5,0.375,0.2857142857142857,0.5,1.769139562186732,0.625,0.125,0.0,0.1523046092184369
2011-06-30,0.125,0.38517291278374793,0.5,0.375,0.2857142857142857,0.5,1.6746624494925446,0.625,0.125,0.0,0.1683366733466934
2011-07-01,0.125,0.16723848563652122,0.5,0.375,0.2857142857142857,0.5,1.6287390028553885,0.625,0.125,0.0,0.16633266533066132
2011-07-04,0.125,0.25182745753430114,0.5,0.375,0.2857142857142857,0.5,1.6078100989415838,0.625,0.125,0.0,0.18236472945891782
2011-07-05,-0.25,-0.14816434292821534,0.25,0.5,0.42857142857142855,0.5,1.63085361744805,0.625,0.125,0.0,0.22845691382765532
2011-07-06,-0.25,-0.3175343439662254,0.25,0.5,0.42857142857142855,0.5,1.6367366557524001,0.625,0.125,0.0,0.1963927855711423
2011-07-07,-0.125,-0.3469290000577301,0.25,0.375,0.2857142857142857,0.5,1.6213577877001517,0.625,0.125,0.0,0.21643286573146292
2011-07-08,-0.25,-0.4336019219548277,0.25,0.5,0.42857142857142855,0.5,1.4050044330885245,0.625,0.125,0.0,0.25250501002004005
2011-07-11,-0.25,-0.4268653852468933,0.25,0.5,0.42857142857142855,0.375,1.132617967292497,0.5,0.125,0.0,0.312625250501002
2011-07-12,-0.375,-0.7330394341891635,0.125,0.5,0.42857142857142855,0.375,0.9871111897173641,0.5,0.125,0.0,0.41282565130260523
2011-07-13,-0.375,-0.524793828791882,0.125,0.5,0.42857142857142855,0.375,1.144026399848678,0.5,0.125,0.0,0.5711422845691383
2011-07-14,-0.5,-0.7803014702343063,0.125,0.625,0.5714285714285714,0.375,1.0536657105481448,0.5,0.125,0.0,0.5751503006012024
2011-07-15,-0.375,-0.739635255352796,0.125,0.5,0.42857142857142855,0.375,1.0975854990081375,0.5,0.125,0.0,0.5791583166332666
2011-07-18,-0.5,-0.9103527621081648,0.125,0.625,0.5714285714285714,0.375,0.9185307326700158,0.5,0.125,0.0,0.5851703406813628
2011-07-19,-0.375,-1.0534278466204838,0.125,0.5,0.42857142857142855,0.25,0.9158710697636898,0.375,0.125,0.0,0.6693386773547094
2011-07-20,-0.375,-1.0028909975346458,0.125,0.5,0.42857142857142855,0.375,1.0141202427848988,0.5,0.125,0.0,0.6332665330661322
2011-07-21,-0.375,-0.771236877286511,0.125,0.5,0.42857142857142855,0.5,1.1693964476765688,0.625,0.125,0.0,0.6613226452905812
2011-07-22,-0.5,-0.8931248392437103,0.125,0.625,0.5714285714285714,0.25,1.038386229191806,0.375,0.125,0.0,0.6513026052104208
2011-07-25,-0.375,-0.8235395056579624,0.125,0.5,0.42857142857142855,0.375,1.034087869929458,0.5,0.125,0.0,0.6633266533066132
2011-07-26,-0.25,-0.584452837575436,0.125,0.375,0.2857142857142857,0.5,1.17302795825234,0.625,0.125,0.0,0.6713426853707415
2011-07-27,-0.25,-0.7772928434488877,0.125,0.375,0.2857142857142857,0.5,1.27723354818608,0.625,0.125,0.0,0.6392785571142284
2011-07-28,-0.25,-0.3866984791829665,0.125,0.375,0.2857142857142857,0.5,1.3088402009725355,0.625,0.125,0.0,0.5791583166332666
2011-07-29,0.125,0.01875732600532709,0.25,0.125,0.0,0.5,1.3205766205829372,0.625,0.125,0.0,0.6472945891783567
2011-08-01,-0.25,-0.1702051622948456,0.125,0.375,0.2857142857142857,0.5,1.1874510026828702,0.625,0.125,0.0,0.6693386773547094
2011-08-02,-0.5,-0.2904250824655189,0.125,0.625,0.5714285714285714,0.375,1.047743075618376,0.5,0.125,0.0,0.779559118236473
2011-08-03,0.375,0.2322477963639118,0.625,0.25,0.14285714285714285,0.5,1.2359400310128783,0.625,0.125,0.0,0.8376753507014028
2011-08-04,-0.25,-0.2087245300187615,0.375,0.625,0.5714285714285714,0.5,1.0899506797660528,0.625,0.125,0.0,0.9158316633266533
2011-08-05,0.25,0.2383844002042234,0.625,0.375,0.2857142857142857,0.5,1.3461102253669788,0.625,0.125,0.0,0.9138276553106213
2011-08-08,0.125,0.00445485080540492,0.5,0.375,0.2857142857142857,0.5,1.254492024038428,0.625,0.125,0.0,0.9458917835671342
2011-08-09,0.25,0.1626168732485549,0.625,0.375,0.2857142857142857,0.5,1.293123114924242,0.625,0.125,0.0,0.9559118236472945
2011-08-10,-0.25,-0.08764251540147938,0.375,0.625,0.5714285714285714,0.5,1.1397175022540662,0.625,0.125,0.0,0.9579158316633266
2011-08-11,-0.125,-0.09509319299108532,0.375,0.5,0.42857142857142855,0.5,1.3490278700367533,0.625,0.125,0.0,0.9659318637274549
2011-08-12,0.25,0.1405447134129948,0.625,0.375,0.2857142857142857,0.5,1.4147806619363457,0.625,0.125,0.0,0.9779559118236473
2011-08-15,0.25,0.707566180306303,0.625,0.375,0.2857142857142857,0.5,1.7155840423813182,0.625,0.125,0.0,0.9859719438877755
2011-08-16,0.25,0.5863090419496837,0.625,0.375,0.2857142857142857,0.5,1.8161322658208985,0.625,0.125,0.0,0.9839679358717435
2011-08-17,0.375,0.6895012676001427,0.625,0.25,0.14285714285714285,0.5,1.6962353575649043,0.625,0.125,0.0,0.9859719438877755
2011-08-18,0.25,0.3836714617128276,0.625,0.375,0.2857142857142857,0.5,1.6617398270216583,0.625,0.125,0.0,0.9899799599198397
2011-08-19,0.25,0.22623243468306378,0.75,0.5,0.42857142857142855,0.5,1.5542403913204923,0.625,0.125,0.0,0.9939879759519038
2011-08-22,0.125,0.15680141697561714,0.625,0.5,0.42857142857142855,0.5,1.5967689647351753,0.625,0.125,0.0,0.9879759519038076
2011-08-23,0.25,0.08649854049390443,0.625,0.375,0.2857142857142857,0.5,1.8853866328356994,0.625,0.125,0.0,0.9959919839679359
2011-08-24,0.25,0.22322838211269935,0.625,0.375,0.2857142857142857,0.5,1.82945884034379,0.625,0.125,0.0,0.9879759519038076
2011-08-25,-0.25,-0.29810422914954005,0.375,0.625,0.5714285714285714,0.625,1.7791118287173227,0.75,0.125,0.0,0.9919839679358717
2011-08-26,-0.375,-0.4430976826422113,0.25,0.625,0.5714285714285714,0.5,1.9858906927784103,0.625,0.125,0.0,1.0
2011-08-29,-0.125,-0.23866207187841582,0.25,0.375,0.2857142857142857,0.5,1.9712832985789464,0.625,0.125,0.0,1.0
2011-08-30,-0.5,-0.803650985520981,0.125,0.625,0.5714285714285714,0.5,1.804145626840084,0.625,0.125,0.0,0.969939879759519
2011-08-31,-0.25,-0.6563166174464855,0.125,0.375,0.2857142857142857,0.375,1.5093101397451203,0.5,0.125,0.0,0.969939879759519
2011-09-01,-0.375,-0.6960130242577349,0.125,0.5,0.42857142857142855,0.375,1.1816677891962604,0.5,0.125,0.0,0.9458917835671342
2011-09-02,-0.375,-0.38429801171703015,0.125,0.5,0.42857142857142855,0.375,1.1727925281986924,0.5,0.125,0.0,0.9438877755511023
2011-09-05,-0.5,-0.7941360399588969,0.125,0.625,0.5714285714285714,0.375,1.0749842828369414,0.5,0.125,0.0,0.9278557114228457
2011-09-06,-0.625,-1.4346773917798212,0.125,0.75,0.7142857142857143,0.375,1.1703767542644044,0.5,0.125,0.0,0.9639278557114228
2011-09-07,-0.25,-0.2433897719930106,0.375,0.625,0.5714285714285714,0.375,1.0728508844302012,0.5,0.125,0.0,0.935871743486974
2011-09-08,-0.375,-1.0117064267524134,0.25,0.625,0.5714285714285714,0.25,0.9124773237547236,0.375,0.125,0.0,0.9178356713426854
2011-09-09,-0.625,-1.9133576274196675,0.125,0.75,0.7142857142857143,0.25,0.2800907675318678,0.375,0.125,0.0,0.9158316633266533
2011-09-12,-0.625,-1.7025358049565427,0.125,0.75,0.7142857142857143,0.25,0.36104056745244206,0.375,0.125,0.0,0.9118236472945892
2011-09-13,-0.625,-1.762123151211418,0.125,0.75,0.7142857142857143,0.125,0.1664237903843202,0.375,0.25,0.14285714285714285,0.9098196392785571
2011-09-14,-0.5,-1.544527262029194,0.25,0.75,0.7142857142857143,0.125,0.20525588776100712,0.375,0.25,0.14285714285714285,0.9098196392785571
2011-09-15,-0.5,-1.1134447605264475,0.25,0.75,0.7142857142857143,0.25,0.4119205640303357,0.375,0.125,0.0,0.8997995991983968
2011-09-16,-0.375,-1.0240231351804219,0.25,0.625,0.5714285714285714,0.125,0.027500646724062383,0.375,0.25,0.14285714285714285,0.9018036072144289
2011-09-19,-0.5,-1.3235463306388315,0.25,0.75,0.7142857142857143,0.125,0.0014440573295539938,0.375,0.25,0.14285714285714285,0.9078156312625251
2011-09-20,-0.5,-1.3432414171189067,0.25,0.75,0.7142857142857143,-0.125,-0.2259284761645407,0.25,0.375,0.2857142857142857,0.8977955911823647
2011-09-21,-0.625,-1.5529144644878121,0.25,0.875,0.8571428571428571,-0.25,-0.6188870628530015,0.125,0.375,0.2857142857142857,0.9138276553106213
2011-09-22,-0.5,-1.6162597937000376,0.375,0.875,0.8571428571428571,-0.375,-0.8377398323417198,0.25,0.625,0.5714285714285714,0.9218436873747495
2011-09-23,-0.625,-1.5674785350958158,0.25,0.875,0.8571428571428571,-0.375,-0.7934008850585552,0.25,0.625,0.5714285714285714,0.9178356713426854
2011-09-26,-0.625,-1.6251043511508358,0.25,0.875,0.8571428571428571,-0.375,-0.7153690512048687,0.125,0.5,0.42857142857142855,0.9098196392785571
2011-09-27,-0.5,-1.4738274890132272,0.375,0.875,0.8571428571428571,-0.375,-0.714968972893464,0.125,0.5,0.42857142857142855,0.9098196392785571
2011-09-28,-0.25,-1.2532358524189582,0.625,0.875,0.8571428571428571,-0.5,-0.8566464479152935,0.125,0.625,0.5714285714285714,0.9138276553106213
2011-09-29,-0.25,-1.173323372131903,0.625,0.875,0.8571428571428571,-0.5,-0.9959176664770361,0.125,0.625,0.5714285714285714,0.9018036072144289
2011-09-30,-0.25,-1.2740619624901353,0.625,0.875,0.8571428571428571,-0.5,-1.1789893093170987,0.125,0.625,0.5714285714285714,0.8997995991983968
2011-10-03,-0.25,-1.217357665698536,0.625,0.875,0.8571428571428571,-0.625,-1.4935899462889712,0.125,0.75,0.7142857142857143,0.9078156312625251
2011-10-04,-0.25,-1.0222871656084882,0.625,0.875,0.8571428571428571,-0.5,-0.9081962539069713,0.125,0.625,0.5714285714285714,0.8016032064128257
2011-10-05,-0.25,-1.2771953214507092,0.625,0.875,0.8571428571428571,-0.5,-1.3826183784838184,0.125,0.625,0.5714285714285714,0.8196392785571143
2011-10-06,-0.25,-1.0780377794247182,0.625,0.875,0.8571428571428571,-0.5,-1.1493416161009524,0.125,0.625,0.5714285714285714,0.7835671342685371
2011-10-07,-0.25,-1.123044719049145,0.625,0.875,0.8571428571428571,-0.5,-1.2382713224204525,0.125,0.625,0.5714285714285714,0.7675350701402806
2011-10-10,-0.25,-0.8493018096951495,0.625,0.875,0.8571428571428571,-0.375,-0.7376869618581732,0.125,0.5,0.42857142857142855,0.8176352705410822
2011-10-11,-0.25,-0.836389268391498,0.625,0.875,0.8571428571428571,-0.25,-0.4448893506984859,0.25,0.5,0.42857142857142855,0.8036072144288577
2011-10-12,-0.25,-0.8742381168053783,0.625,0.875,0.8571428571428571,0.125,0.00872459777822332,0.375,0.25,0.14285714285714285,0.843687374749499
2011-10-13,-0.25,-1.1902545634759343,0.625,0.875,0.8571428571428571,-0.375,-0.3210282101624561,0.125,0.5,0.42857142857142855,0.8376753507014028
2011-10-14,-0.25,-1.0555415234138177,0.625,0.875,0.8571428571428571,-0.125,-0.08093512905063527,0.25,0.375,0.2857142857142857,0.8496993987975952
2011-10-17,-0.25,-1.1221293250487478,0.625,0.875,0.8571428571428571,-0.25,-0.3165480314886112,0.25,0.5,0.42857142857142855,0.8557114228456913
2011-10-18,-0.25,-1.3440920024069407,0.625,0.875,0.8571428571428571,-0.375,-0.6146487939238533,0.125,0.5,0.42857142857142855,0.8597194388777555
2011-10-19,-0.25,-1.0098405902707857,0.625,0.875,0.8571428571428571,-0.375,-0.7918409937494902,0.125,0.5,0.42857142857142855,0.8276553106212425
2011-10-20,-0.25,-0.9762855262574908,0.625,0.875,0.8571428571428571,-0.5,-0.9272823783840909,0.125,0.625,0.5714285714285714,0.7194388777555111
2011-10-21,-0.25,-0.8374566420654772,0.625,0.875,0.8571428571428571,-0.25,-0.2785683279012324,0.25,0.5,0.42857142857142855,0.6913827655310621
2011-10-24,-0.25,-0.5581505806448916,0.625,0.875,0.8571428571428571,0.125,0.03865956942612758,0.5,0.375,0.2857142857142857,0.717434869739479
2011-10-25,-0.25,-0.4240893730263917,0.625,0.875,0.8571428571428571,0.25,0.302166054646933,0.5,0.25,0.14285714285714285,0.7294589178356713
2011-10-26,-0.25,-0.769447198121826,0.625,0.875,0.8571428571428571,0.125,0.2363804942461859,0.5,0.375,0.2857142857142857,0.6833667334669339
2011-10-27,0.125,0.15012724304863934,0.75,0.625,0.5714285714285714,0.25,0.8956710602162243,0.5,0.25,0.14285714285714285,0.7915831663326653
2011-10-28,-0.125,-0.19993947144425286,0.625,0.75,0.7142857142857143,0.25,0.7736662801374059,0.5,0.25,0.14285714285714285,0.7615230460921844
2011-11-03,-0.5,-0.49646456372028513,0.375,0.875,0.8571428571428571,0.25,0.47075344210545994,0.5,0.25,0.14285714285714285,0.7975951903807615
2011-11-04,-0.625,-0.6855978400663388,0.375,1.0,1.0,0.375,0.596674629810152,0.5,0.125,0.0,0.7855711422845691
2011-11-07,-0.625,-0.41020823695343295,0.25,0.875,0.8571428571428571,0.375,0.5542474344935377,0.5,0.125,0.0,0.7955911823647295
2011-11-08,-0.5,-0.5888509431508255,0.375,0.875,0.8571428571428571,0.375,0.3823011765295299,0.5,0.125,0.0,0.7875751503006012
2011-11-09,-0.625,-1.1212827809775945,0.375,1.0,1.0,-0.5,-0.3323331870417997,0.125,0.625,0.5714285714285714,0.8356713426853707
2011-11-10,-0.625,-1.4115602209578861,0.375,1.0,1.0,-0.125,-0.032349918804397304,0.25,0.375,0.2857142857142857,0.7735470941883767
2011-11-11,-0.625,-1.2362069180309556,0.375,1.0,1.0,0.375,0.8623725503065871,0.5,0.125,0.0,0.7995991983967936
2011-11-14,-0.625,-1.3884201683443662,0.375,1.0,1.0,0.25,0.624260528496937,0.5,0.25,0.14285714285714285,0.751503006012024
2011-11-15,-0.625,-1.3476222883574795,0.375,1.0,1.0,0.25,0.38039392700758756,0.5,0.25,0.14285714285714285,0.7535070140280561
2011-11-16,-0.75,-1.4643270355551656,0.25,1.0,1.0,0.25,0.45624096586189455,0.5,0.25,0.14285714285714285,0.7014028056112225
2011-11-17,-0.625,-1.3890135999234752,0.375,1.0,1.0,0.375,0.8024131601805529,0.625,0.25,0.14285714285714285,0.6432865731462926
2011-11-18,-0.625,-1.4501985156509343,0.375,1.0,1.0,0.375,1.2151112094662941,0.625,0.25,0.14285714285714285,0.6212424849699398
2011-11-21,-0.5,-1.4723028846914277,0.375,0.875,0.8571428571428571,0.375,0.6915469729860978,0.75,0.375,0.2857142857142857,0.6633266533066132
2011-11-22,-0.5,-1.3540168385522513,0.375,0.875,0.8571428571428571,0.375,0.5636232773336683,0.75,0.375,0.2857142857142857,0.6472945891783567
2011-11-23,-0.5,-1.8217353965212542,0.5,1.0,1.0,-0.125,-0.12572902507230832,0.625,0.75,0.7142857142857143,0.6513026052104208
2011-11-24,-0.5,-1.8473275113921606,0.5,1.0,1.0,0.125,0.06390037956817937,0.75,0.625,0.5714285714285714,0.625250501002004
2011-11-25,-0.5,-1.8488066019710903,0.5,1.0,1.0,-0.125,-0.06607711339343386,0.625,0.75,0.7142857142857143,0.6072144288577155
2011-11-28,-0.625,-1.7693659458423667,0.375,1.0,1.0,0.125,0.11043772100711385,0.5,0.375,0.2857142857142857,0.6593186372745491
2011-11-29,-0.625,-1.4887064541491237,0.375,1.0,1.0,0.125,0.23192998525227915,0.5,0.375,0.2857142857142857,0.5891783567134269
2011-11-30,-0.625,-1.2508050007500486,0.375,1.0,1.0,0.125,0.5035553684315719,0.5,0.375,0.2857142857142857,0.655310621242485
2011-12-01,-0.625,-1.0231371421140774,0.375,1.0,1.0,0.125,0.20155097352490525,0.5,0.375,0.2857142857142857,0.5290581162324649
2011-12-02,-0.625,-2.012925753347019,0.375,1.0,1.0,0.125,0.06994364646342777,0.5,0.375,0.2857142857142857,0.4849699398797595
2011-12-05,-0.625,-2.1051475702497537,0.375,1.0,1.0,0.25,0.44509469500497945,0.5,0.25,0.14285714285714285,0.2985971943887776
2011-12-06,-0.625,-1.6370359879498437,0.375,1.0,1.0,0.125,0.4366295679040577,0.5,0.375,0.2857142857142857,0.3406813627254509
2011-12-07,-0.625,-1.044322614914802,0.375,1.0,1.0,0.375,0.6669544535737616,0.5,0.125,0.0,0.12224448897795591
2011-12-08,-0.5,-1.1404032561046684,0.5,1.0,1.0,0.25,0.6711347210796234,0.5,0.25,0.14285714285714285,0.1683366733466934
2011-12-09,-0.5,-1.1365014943177714,0.5,1.0,1.0,0.25,0.8454913632770678,0.5,0.25,0.14285714285714285,0.11222444889779559
2011-12-12,-0.625,-1.7423703055097772,0.375,1.0,1.0,0.125,0.2168724236543197,0.375,0.25,0.14285714285714285,0.1523046092184369
2011-12-13,-0.625,-2.132467320369755,0.375,1.0,1.0,-0.25,-0.24730166570171636,0.25,0.5,0.42857142857142855,0.1462925851703407
2011-12-14,-0.625,-1.8575784360377672,0.375,1.0,1.0,-0.25,-0.4286206679488051,0.375,0.625,0.5714285714285714,0.17034068136272545
2011-12-15,-0.625,-1.8009319922152982,0.375,1.0,1.0,-0.125,-0.43406401624735425,0.375,0.5,0.42857142857142855,0.18837675350701402
2011-12-16,-0.625,-2.0827133945912806,0.375,1.0,1.0,-0.125,-0.22850003381677414,0.375,0.5,0.42857142857142855,0.22044088176352705
2011-12-19,-0.75,-2.1837744949983864,0.25,1.0,1.0,-0.25,-0.7073994979839601,0.375,0.625,0.5714285714285714,0.09418837675350701
2011-12-20,-0.5,-1.354503655228392,0.125,0.625,0.5714285714285714,-0.375,-0.7422571226135007,0.25,0.625,0.5714285714285714,0.22645290581162325
2011-12-21,-0.375,-1.633278984010019,0.25,0.625,0.5714285714285714,-0.5,-1.2269670448138124,0.25,0.75,0.7142857142857143,0.14228456913827656
2011-12-22,-0.375,-1.6583675449615864,0.25,0.625,0.5714285714285714,-0.375,-1.0815819192864164,0.25,0.625,0.5714285714285714,0.17034068136272545
2011-12-23,-0.5,-1.9124681457276802,0.25,0.75,0.7142857142857143,-0.25,-0.973665478439323,0.25,0.5,0.42857142857142855,0.12625250501002003
2011-12-26,-0.25,-1.428745315199271,0.25,0.5,0.42857142857142855,-0.125,-0.28504368002150715,0.25,0.375,0.2857142857142857,0.0
2011-12-27,-0.25,-1.5417220165545695,0.25,0.5,0.42857142857142855,0.125,0.21651153320022487,0.375,0.25,0.14285714285714285,0.0
2011-12-28,-0.375,-1.3681786120316315,0.25,0.625,0.5714285714285714,0.125,0.0859924875746127,0.5,0.375,0.2857142857142857,0.0
2011-12-29,-0.375,-0.6762064046939644,0.25,0.625,0.5714285714285714,0.125,0.010223739667227616,0.5,0.375,0.2857142857142857,0.0
2011-12-30,-0.375,-1.0058582348697034,0.125,0.5,0.42857142857142855,-0.125,-0.07321151408397386,0.375,0.5,0.42857142857142855,0.004008016032064128
2012-01-02,-0.375,-1.2300454295520244,0.125,0.5,0.42857142857142855,-0.125,-0.4526942064231023,0.375,0.5,0.42857142857142855,0.004008016032064128
2012-01-03,-0.375,-1.0926880069066738,0.125,0.5,0.42857142857142855,-0.375,-0.6978652434773185,0.125,0.5,0.42857142857142855,0.006012024048096192
2012-01-04,-0.25,-1.3170383345451089,0.125,0.375,0.2857142857142857,-0.375,-0.937068483107233,0.125,0.5,0.42857142857142855,0.012024048096192385
2012-01-05,-0.625,-2.2781300880606214,0.125,0.75,0.7142857142857143,-0.375,-1.1035394174745763,0.125,0.5,0.42857142857142855,0.006012024048096192
2012-01-06,-0.5,-2.3858082679316985,0.125,0.625,0.5714285714285714,-0.375,-1.3902096665614287,0.125,0.5,0.42857142857142855,0.012024048096192385
2012-01-09,-0.625,-2.588639910256976,0.125,0.75,0.7142857142857143,-0.375,-1.4484062858675364,0.125,0.5,0.42857142857142855,0.0
2012-01-10,-0.5,-2.551056267260031,0.125,0.625,0.5714285714285714,-0.375,-1.2839971059839723,0.125,0.5,0.42857142857142855,0.002004008016032064
2012-01-11,-0.75,-2.7620713394587533,0.125,0.875,0.8571428571428571,-0.375,-1.5315260578329215,0.125,0.5,0.42857142857142855,0.004008016032064128
2012-01-12,-0.375,-2.4596048621554467,0.125,0.5,0.42857142857142855,-0.375,-1.4790119066801235,0.125,0.5,0.42857142857142855,0.006012024048096192
2012-01-13,-0.75,-2.757344629205397,0.125,0.875,0.8571428571428571,-0.5,-1.8094121860995291,0.125,0.625,0.5714285714285714,0.008016032064128256
2012-01-16,-0.375,-2.6372654657431216,0.125,0.5,0.42857142857142855,-0.5,-1.8435788188311788,0.125,0.625,0.5714285714285714,0.008016032064128256
2012-01-17,-0.375,-2.4309964975361735,0.125,0.5,0.42857142857142855,-0.5,-1.6478704545230265,0.125,0.625,0.5714285714285714,0.0
2012-01-18,-0.75,-2.5583360521561174,0.125,0.875,0.8571428571428571,-0.375,-1.471793480144877,0.125,0.5,0.42857142857142855,0.002004008016032064
2012-01-19,-0.875,-2.7903971780574213,0.125,1.0,1.0,-0.375,-1.4505668274630306,0.125,0.5,0.42857142857142855,0.01603206412825651
2012-01-20,-0.5,-2.417332732580946,0.125,0.625,0.5714285714285714,-0.375,-1.741883528365577,0.125,0.5,0.42857142857142855,0.022044088176352707
2012-01-23,-0.625,-2.417907280937194,0.125,0.75,0.7142857142857143,-0.375,-1.4839342859507498,0.125,0.5,0.42857142857142855,0.036072144288577156
2012-01-24,-0.875,-2.97467831448344,0.125,1.0,1.0,-0.375,-1.3156084540342898,0.125,0.5,0.42857142857142855,0.04008016032064128
2012-01-25,-0.875,-2.898664069590721,0.125,1.0,1.0,-0.375,-0.9975847955584594,0.125,0.5,0.42857142857142855,0.04008016032064128
2012-01-26,-0.375,-1.8170502539032465,0.125,0.5,0.42857142857142855,-0.375,-0.9492636495603461,0.125,0.5,0.42857142857142855,0.03406813627254509
2012-01-27,-0.375,-1.5492168526120407,0.125,0.5,0.42857142857142855,-0.375,-0.8066876457580556,0.125,0.5,0.42857142857142855,0.03206412825651302
2012-01-30,-0.375,-1.9017609942397304,0.125,0.5,0.42857142857142855,-0.375,-1.0739052300958203,0.125,0.5,0.42857142857142855,0.04809619238476954
2012-01-31,-0.375,-1.9591650808872356,0.125,0.5,0.42857142857142855,-0.375,-0.821472483336296,0.125,0.5,0.42857142857142855,0.04609218436873747
2012-02-01,-0.375,-0.882212873886348,0.125,0.5,0.42857142857142855,-0.375,-0.6044743831356598,0.125,0.5,0.42857142857142855,0.04408817635270541
2012-02-02,-0.375,-1.0854429674629618,0.125,0.5,0.42857142857142855,-0.375,-0.55565953424282,0.125,0.5,0.42857142857142855,0.022044088176352707
2012-02-03,-0.375,-1.377521123080168,0.125,0.5,0.42857142857142855,-0.375,-0.520395174917497,0.125,0.5,0.42857142857142855,0.03206412825651302
2012-02-06,-0.375,-1.1749221969727615,0.125,0.5,0.42857142857142855,-0.375,-0.6834731047404728,0.125,0.5,0.42857142857142855,0.028056112224448898
2012-02-07,-0.125,-0.6221810555025955,0.125,0.25,0.14285714285714285,-0.375,-0.5643546379608207,0.125,0.5,0.42857142857142855,0.03807615230460922
2012-02-08,-0.25,-0.4536501293494283,0.125,0.375,0.2857142857142857,-0.375,-0.7214938078793457,0.125,0.5,0.42857142857142855,0.01603206412825651
2012-02-09,-0.25,-0.367579158327065,0.125,0.375,0.2857142857142857,-0.375,-0.6621044543359565,0.125,0.5,0.42857142857142855,0.004008016032064128
2012-02-10,-0.375,-0.6995276775593533,0.125,0.5,0.42857142857142855,-0.375,-0.7627445951286917,0.125,0.5,0.42857142857142855,0.01002004008016032
2012-02-13,-0.25,-0.5283843972520942,0.125,0.375,0.2857142857142857,-0.375,-0.8626081655263901,0.125,0.5,0.42857142857142855,0.014028056112224449
2012-02-14,-0.375,-0.6265936175687996,0.125,0.5,0.42857142857142855,-0.375,-1.029466737651139,0.125,0.5,0.42857142857142855,0.018036072144288578
2012-02-15,-0.375,-0.43605348921669507,0.125,0.5,0.42857142857142855,-0.375,-1.1088980596509896,0.125,0.5,0.42857142857142855,0.002004008016032064
2012-02-16,-0.125,-0.32150993846988485,0.25,0.375,0.2857142857142857,-0.375,-1.073111906665051,0.125,0.5,0.42857142857142855,0.002004008016032064
2012-02-17,-0.125,-0.12289235788542263,0.25,0.375,0.2857142857142857,-0.375,-0.9740407187263878,0.125,0.5,0.42857142857142855,0.002004008016032064
2012-02-20,-0.125,-0.14632799384444317,0.25,0.375,0.2857142857142857,-0.375,-0.9201532601297155,0.125,0.5,0.42857142857142855,0.004008016032064128
2012-02-21,-0.125,-0.22320155032636713,0.25,0.375,0.2857142857142857,-0.375,-1.0488925142912722,0.125,0.5,0.42857142857142855,0.0
2012-02-22,-0.25,-0.5244933432947395,0.25,0.5,0.42857142857142855,-0.375,-1.066028105961418,0.125,0.5,0.42857142857142855,0.002004008016032064
2012-02-23,-0.125,-0.22018977534580453,0.25,0.375,0.2857142857142857,-0.375,-0.8339028081955222,0.125,0.5,0.42857142857142855,0.036072144288577156
2012-02-24,0.125,0.14766713475760307,0.375,0.25,0.14285714285714285,-0.375,-0.65340384810961,0.125,0.5,0.42857142857142855,0.07214428857715431
2012-02-27,-0.125,-0.0030866590730258547,0.25,0.375,0.2857142857142857,-0.375,-0.704408163477618,0.125,0.5,0.42857142857142855,0.08216432865731463
2012-02-28,0.125,0.13275668545513408,0.375,0.25,0.14285714285714285,-0.375,-0.5028214734000993,0.125,0.5,0.42857142857142855,0.07615230460921844
2012-02-29,-0.125,-0.21881682645736394,0.25,0.375,0.2857142857142857,-0.375,-0.9166393131988997,0.125,0.5,0.42857142857142855,0.09418837675350701
2012-03-01,-0.125,-0.05415647126540435,0.25,0.375,0.2857142857142857,-0.375,-0.9592348818194572,0.125,0.5,0.42857142857142855,0.11022044088176353
2012-03-02,-0.125,-0.35660806727843725,0.25,0.375,0.2857142857142857,-0.5,-1.023297708949493,0.125,0.625,0.5714285714285714,0.11022044088176353
2012-03-05,0.125,0.10579529580111713,0.375,0.25,0.14285714285714285,-0.625,-0.8743571222963077,0.125,0.75,0.7142857142857143,0.14829659318637275
2012-03-06,0.125,0.1984952463115489,0.375,0.25,0.14285714285714285,-0.625,-1.1590885960162618,0.125,0.75,0.7142857142857143,0.1903807615230461
2012-03-07,0.125,0.351684253509389,0.375,0.25,0.14285714285714285,-0.625,-1.426558650401344,0.125,0.75,0.7142857142857143,0.218436873747495
2012-03-08,0.125,0.5017306663599326,0.375,0.25,0.14285714285714285,-0.625,-1.3141876305392388,0.125,0.75,0.7142857142857143,0.2725450901803607
2012-03-09,0.125,0.15432639894724087,0.375,0.25,0.14285714285714285,-0.625,-1.5107107474473345,0.125,0.75,0.7142857142857143,0.29458917835671344
2012-03-12,0.25,0.31225096755325515,0.5,0.25,0.14285714285714285,-0.625,-1.4705315737953293,0.125,0.75,0.7142857142857143,0.2925851703406814
2012-03-13,-0.125,-0.004273189527364107,0.25,0.375,0.2857142857142857,-0.625,-1.7319175820103638,0.125,0.75,0.7142857142857143,0.3186372745490982
2012-03-14,-0.25,-0.03401671297642145,0.25,0.5,0.42857142857142855,-0.625,-1.977406350290016,0.125,0.75,0.7142857142857143,0.40080160320641284
2012-03-15,0.125,0.03674423213713371,0.375,0.25,0.14285714285714285,-0.625,-1.7309848731249657,0.125,0.75,0.7142857142857143,0.39478957915831664
2012-03-16,0.125,0.2870179035657483,0.375,0.25,0.14285714285714285,-0.5,-1.669798375749613,0.125,0.625,0.5714285714285714,0.41082164328657317
2012-03-19,0.125,0.3757382009040484,0.375,0.25,0.14285714285714285,-0.5,-1.6921620905177757,0.125,0.625,0.5714285714285714,0.37074148296593185
2012-03-20,0.25,0.3390991367375502,0.5,0.25,0.14285714285714285,-0.5,-1.8955949138325439,0.125,0.625,0.5714285714285714,0.4228456913827655
2012-03-21,0.125,0.5945166809439408,0.375,0.25,0.14285714285714285,-0.375,-2.0859034380139683,0.125,0.5,0.42857142857142855,0.37675350701402804
2012-03-22,0.125,0.606101980272968,0.375,0.25,0.14285714285714285,-0.375,-2.083777869149556,0.125,0.5,0.42857142857142855,0.41282565130260523
2012-03-23,0.5,0.7566915143995724,0.75,0.25,0.14285714285714285,-0.375,-1.74005241227016,0.125,0.5,0.42857142857142855,0.2965931863727455
2012-03-26,0.5,0.8493506675657453,0.75,0.25,0.14285714285714285,-0.375,-1.895260185610418,0.125,0.5,0.42857142857142855,0.2865731462925852
2012-03-27,0.5,0.5842832464130503,0.75,0.25,0.14285714285714285,-0.5,-2.0020175442749815,0.125,0.625,0.5714285714285714,0.280561122244489
2012-03-28,0.5,0.826803446920195,0.75,0.25,0.14285714285714285,-0.5,-2.2157317728511274,0.125,0.625,0.5714285714285714,0.20440881763527055
2012-03-29,0.5,1.1124924022548028,0.75,0.25,0.14285714285714285,-0.5,-2.2043830860795106,0.125,0.625,0.5714285714285714,0.19238476953907815
2012-03-30,0.625,1.2106727196888425,0.875,0.25,0.14285714285714285,-0.625,-2.4071656414676386,0.125,0.75,0.7142857142857143,0.17835671342685372
2012-04-02,0.5,1.1781879399693054,0.75,0.25,0.14285714285714285,-0.625,-2.3566395476714543,0.125,0.75,0.7142857142857143,0.1623246492985972
2012-04-03,0.625,1.0038535496082936,0.875,0.25,0.14285714285714285,-0.625,-2.6921222619837097,0.125,0.75,0.7142857142857143,0.11623246492985972
2012-04-04,0.375,0.9900874722206554,0.75,0.375,0.2857142857142857,-0.625,-2.8754039451948614,0.125,0.75,0.7142857142857143,0.1282565130260521
2012-04-05,0.125,0.6110533086586988,0.5,0.375,0.2857142857142857,-0.625,-2.665736412112354,0.125,0.75,0.7142857142857143,0.11422845691382766
2012-04-06,0.375,1.0673476672559352,0.625,0.25,0.14285714285714285,-0.625,-2.4962594218760183,0.125,0.75,0.7142857142857143,0.10220440881763528
2012-04-09,0.5,1.1085812268009048,0.75,0.25,0.14285714285714285,-0.625,-2.676686458237957,0.125,0.75,0.7142857142857143,0.09218436873747494
2012-04-10,0.375,1.0114711232660123,0.75,0.375,0.2857142857142857,-0.625,-2.755469193321513,0.125,0.75,0.7142857142857143,0.09418837675350701
2012-04-11,0.25,0.7875032233615142,0.625,0.375,0.2857142857142857,-0.625,-2.7499142878572247,0.125,0.75,0.7142857142857143,0.07414829659318638
2012-04-12,0.375,0.7095522002379999,0.625,0.25,0.14285714285714285,-0.625,-2.6517606783434022,0.125,0.75,0.7142857142857143,0.0841683366733467
2012-04-13,0.125,0.48190811329256134,0.5,0.375,0.2857142857142857,-0.625,-2.844215319168896,0.125,0.75,0.7142857142857143,0.08216432865731463
2012-04-16,0.25,0.4653003595007163,0.625,0.375,0.2857142857142857,-0.625,-2.7117577288873953,0.125,0.75,0.7142857142857143,0.09819639278557114
2012-04-17,0.125,0.3867110238065005,0.5,0.375,0.2857142857142857,-0.625,-2.867020951712239,0.125,0.75,0.7142857142857143,0.09619238476953908
2012-04-18,0.125,0.06792060150553547,0.625,0.5,0.42857142857142855,-0.75,-3.061859753383769,0.125,0.875,0.8571428571428571,0.10821643286573146
2012-04-19,0.125,0.10704808446652897,0.625,0.5,0.42857142857142855,-0.75,-3.0488205066909373,0.125,0.875,0.8571428571428571,0.08617234468937876
2012-04-20,-0.125,-0.022252280288301785,0.5,0.625,0.5714285714285714,-0.75,-2.9209916493141157,0.125,0.875,0.8571428571428571,0.06813627254509018
2012-04-23,0.125,0.05019509868281563,0.625,0.5,0.42857142857142855,-0.75,-2.864516419319112,0.125,0.875,0.8571428571428571,0.06012024048096192
2012-04-24,0.125,0.29854740135100355,0.625,0.5,0.42857142857142855,-0.75,-2.7828366664090542,0.125,0.875,0.8571428571428571,0.05410821643286573
2012-04-25,0.125,0.14977969434827737,0.625,0.5,0.42857142857142855,-0.75,-2.680978414753117,0.125,0.875,0.8571428571428571,0.04008016032064128
2012-04-26,0.125,0.13553430831725638,0.625,0.5,0.42857142857142855,-0.75,-2.774526057169941,0.125,0.875,0.8571428571428571,0.036072144288577156
2012-04-27,0.125,0.2914594477322616,0.625,0.5,0.42857142857142855,-0.625,-2.556293925703173,0.125,0.75,0.7142857142857143,0.050100200400801605
2012-04-30,0.25,0.4247813372397628,0.75,0.5,0.42857142857142855,-0.625,-2.3345468165917467,0.125,0.75,0.7142857142857143,0.052104208416833664
2012-05-01,-0.125,-0.08062687245886258,0.5,0.625,0.5714285714285714,-0.625,-2.567030653633788,0.125,0.75,0.7142857142857143,0.05410821643286573
2012-05-02,-0.25,-0.3204762910257083,0.5,0.75,0.7142857142857143,-0.5,-2.5805173526707588,0.125,0.625,0.5714285714285714,0.03006012024048096
2012-05-03,-0.25,-0.4358694060471784,0.5,0.75,0.7142857142857143,-0.625,-2.5969789007422857,0.125,0.75,0.7142857142857143,0.03807615230460922
2012-05-04,-0.25,-0.27886110605018277,0.5,0.75,0.7142857142857143,-0.625,-2.599011700620097,0.125,0.75,0.7142857142857143,0.03206412825651302
2012-05-07,-0.25,-0.3491025693585173,0.5,0.75,0.7142857142857143,-0.5,-2.6145223564066864,0.125,0.625,0.5714285714285714,0.06212424849699399
2012-05-08,-0.25,-0.3553448486720068,0.5,0.75,0.7142857142857143,-0.75,-2.7039155438568674,0.125,0.875,0.8571428571428571,0.018036072144288578
2012-05-09,-0.375,-0.33404446861187553,0.5,0.875,0.8571428571428571,-0.75,-2.5712098543613835,0.125,0.875,0.8571428571428571,0.04809619238476954
2012-05-10,-0.5,-0.5466759125434059,0.375,0.875,0.8571428571428571,-0.625,-2.5550625830977705,0.125,0.75,0.7142857142857143,0.0
2012-05-11,-0.5,-0.6526355233422512,0.375,0.875,0.8571428571428571,-0.75,-2.600218117887004,0.125,0.875,0.8571428571428571,0.0
2012-05-14,-0.5,-0.9771460638153885,0.375,0.875,0.8571428571428571,-0.75,-2.540320681383719,0.125,0.875,0.8571428571428571,0.002004008016032064
2012-05-15,-0.5,-1.2261558431074029,0.375,0.875,0.8571428571428571,-0.75,-2.6941146207986715,0.125,0.875,0.8571428571428571,0.0
2012-05-16,-0.5,-1.2656844971592618,0.375,0.875,0.8571428571428571,-0.75,-2.7706775833737147,0.125,0.875,0.8571428571428571,0.0
2012-05-17,-0.375,-1.4582582529890635,0.375,0.75,0.7142857142857143,-0.75,-2.635145453407073,0.125,0.875,0.8571428571428571,0.01002004008016032
2012-05-18,-0.5,-1.2761226133434875,0.375,0.875,0.8571428571428571,-0.75,-2.5008035390626215,0.125,0.875,0.8571428571428571,0.09018036072144289
2012-05-21,-0.375,-1.2188315926054416,0.375,0.75,0.7142857142857143,-0.75,-2.55766248120507,0.125,0.875,0.8571428571428571,0.12424849699398798
2012-05-22,-0.5,-1.4909463060812598,0.375,0.875,0.8571428571428571,-0.75,-2.7266717958171705,0.125,0.875,0.8571428571428571,0.15030060120240482
2012-05-23,-0.5,-1.365556614169481,0.375,0.875,0.8571428571428571,-0.75,-2.773425494975339,0.125,0.875,0.8571428571428571,0.18637274549098196
2012-05-24,-0.5,-1.4291816863241058,0.375,0.875,0.8571428571428571,-0.75,-2.771251589205936,0.125,0.875,0.8571428571428571,0.19238476953907815
2012-05-25,-0.5,-1.329174726111607,0.375,0.875,0.8571428571428571,-0.75,-2.878807236138299,0.125,0.875,0.8571428571428571,0.16032064128256512
2012-05-28,-0.5,-1.520158340862964,0.375,0.875,0.8571428571428571,-0.75,-2.8298544969473127,0.125,0.875,0.8571428571428571,0.156312625250501
2012-05-29,-0.5,-1.6536209170601588,0.375,0.875,0.8571428571428571,-0.75,-2.8053272216831306,0.125,0.875,0.8571428571428571,0.1402805611222445
2012-05-30,-0.5,-1.6579969849251217,0.375,0.875,0.8571428571428571,-0.75,-2.6581185423261218,0.125,0.875,0.8571428571428571,0.1743486973947896
2012-05-31,-0.5,-1.6624025621385647,0.375,0.875,0.8571428571428571,-0.75,-2.6216392999142704,0.125,0.875,0.8571428571428571,0.1843687374749499
2012-06-01,-0.5,-1.245461851550821,0.375,0.875,0.8571428571428571,-0.75,-2.617930944657811,0.125,0.875,0.8571428571428571,0.18637274549098196
2012-06-04,-0.5,-1.2634905817959345,0.375,0.875,0.8571428571428571,-0.75,-2.4695683958734795,0.125,0.875,0.8571428571428571,0.20641282565130262
2012-06-05,-0.5,-1.1882136125087697,0.375,0.875,0.8571428571428571,-0.75,-2.5800056700619503,0.125,0.875,0.8571428571428571,0.1903807615230461
2012-06-06,-0.5,-1.088107275937153,0.375,0.875,0.8571428571428571,-0.75,-2.7929060725521735,0.125,0.875,0.8571428571428571,0.26452905811623245
2012-06-07,-0.5,-1.1472446338344495,0.375,0.875,0.8571428571428571,-0.75,-2.785372901029421,0.125,0.875,0.8571428571428571,0.29458917835671344
2012-06-08,-0.5,-1.4340836790008453,0.375,0.875,0.8571428571428571,-0.75,-2.7774210607431993,0.125,0.875,0.8571428571428571,0.35470941883767537
2012-06-11,-0.5,-1.5221768289238105,0.375,0.875,0.8571428571428571,-0.75,-2.6857307018434646,0.125,0.875,0.8571428571428571,0.30861723446893785
2012-06-12,-0.75,-1.6347750580970426,0.125,0.875,0.8571428571428571,-0.625,-2.592565007115369,0.25,0.875,0.8571428571428571,0.34468937875751504
2012-06-13,-0.75,-1.55121350087538,0.125,0.875,0.8571428571428571,-0.625,-2.496429458814758,0.25,0.875,0.8571428571428571,0.3807615230460922
2012-06-14,-0.75,-1.68764773507475,0.125,0.875,0.8571428571428571,-0.625,-2.4650014131634514,0.25,0.875,0.8571428571428571,0.2845691382765531
2012-06-15,-0.75,-1.6404798187980654,0.125,0.875,0.8571428571428571,-0.625,-2.3776344759752837,0.25,0.875,0.8571428571428571,0.22444889779559118
2012-06-18,-0.75,-1.8486939055520044,0.125,0.875,0.8571428571428571,-0.75,-2.563503000730686,0.125,0.875,0.8571428571428571,0.20841683366733466
2012-06-19,-0.75,-1.6359084196178197,0.125,0.875,0.8571428571428571,-0.75,-2.663607115864511,0.125,0.875,0.8571428571428571,0.17835671342685372
2012-06-20,-0.75,-1.799712174530141,0.125,0.875,0.8571428571428571,-0.75,-2.796543925617577,0.125,0.875,0.8571428571428571,0.15030060120240482
2012-06-21,-0.75,-2.2165380039716394,0.125,0.875,0.8571428571428571,-0.75,-2.919511977185017,0.125,0.875,0.8571428571428571,0.1743486973947896
2012-06-22,-0.75,-2.201872609926477,0.125,0.875,0.8571428571428571,-0.75,-2.7587780860558193,0.125,0.875,0.8571428571428571,0.1963927855711423
2012-06-25,-0.75,-2.1426428964135362,0.125,0.875,0.8571428571428571,-0.75,-2.5929918074327363,0.125,0.875,0.8571428571428571,0.22645290581162325
2012-06-26,-0.75,-1.9342786409271826,0.125,0.875,0.8571428571428571,-0.75,-2.6037930541491865,0.125,0.875,0.8571428571428571,0.23246492985971945
2012-06-27,-0.75,-2.0135208054182634,0.125,0.875,0.8571428571428571,-0.625,-2.5714054702521194,0.25,0.875,0.8571428571428571,0.156312625250501
2012-06-28,-0.75,-1.8127885739152738,0.125,0.875,0.8571428571428571,-0.625,-2.3998534120369936,0.25,0.875,0.8571428571428571,0.14829659318637275
2012-06-29,-0.75,-2.013252357535513,0.125,0.875,0.8571428571428571,-0.75,-2.240483714197717,0.25,1.0,1.0,0.23847695390781562
2012-07-02,-0.75,-2.0024442166689655,0.125,0.875,0.8571428571428571,-0.75,-2.327740966578989,0.25,1.0,1.0,0.25851703406813625
2012-07-03,-0.625,-2.268853154856287,0.125,0.75,0.7142857142857143,-0.75,-2.312776331159614,0.25,1.0,1.0,0.24448897795591182
2012-07-04,-0.75,-2.3650724737385183,0.125,0.875,0.8571428571428571,-0.75,-2.3036551928059303,0.25,1.0,1.0,0.15430861723446893
2012-07-05,-0.75,-2.5132286916697986,0.125,0.875,0.8571428571428571,-0.75,-2.3347022913846094,0.25,1.0,1.0,0.19438877755511022
2012-07-06,-0.75,-2.4255606946879222,0.125,0.875,0.8571428571428571,-0.75,-2.50518986428603,0.25,1.0,1.0,0.20641282565130262
2012-07-09,-0.75,-2.548769410839162,0.125,0.875,0.8571428571428571,-0.75,-2.5244766632377464,0.25,1.0,1.0,0.18236472945891782
2012-07-10,-0.75,-2.4367899192799207,0.125,0.875,0.8571428571428571,-0.75,-2.6697623007621836,0.25,1.0,1.0,0.1523046092184369
2012-07-11,-0.75,-2.3874591371174683,0.125,0.875,0.8571428571428571,-0.75,-2.673197008395931,0.25,1.0,1.0,0.1523046092184369
2012-07-12,-0.75,-2.2861500128724654,0.125,0.875,0.8571428571428571,-0.75,-2.547079200567373,0.25,1.0,1.0,0.20040080160320642
2012-07-13,-0.75,-2.286708050764356,0.125,0.875,0.8571428571428571,-0.75,-2.5943499573367683,0.25,1.0,1.0,0.18637274549098196
2012-07-16,-0.75,-2.227946056819243,0.125,0.875,0.8571428571428571,-0.75,-2.4527309480055477,0.25,1.0,1.0,0.14829659318637275
2012-07-17,-0.625,-2.2084422307741725,0.25,0.875,0.8571428571428571,-0.75,-2.441378263887567,0.25,1.0,1.0,0.13827655310621242
2012-07-18,-0.625,-2.1765831772601696,0.125,0.75,0.7142857142857143,-0.75,-2.314022841443159,0.25,1.0,1.0,0.1402805611222445
2012-07-19,-0.625,-2.1520586570308797,0.125,0.75,0.7142857142857143,-0.75,-2.1458224682910556,0.25,1.0,1.0,0.1062124248496994
2012-07-20,-0.75,-2.358620533235383,0.125,0.875,0.8571428571428571,-0.75,-1.9223635204211216,0.25,1.0,1.0,0.14428857715430862
2012-07-23,-0.75,-2.469129940345744,0.125,0.875,0.8571428571428571,-0.75,-2.1472292753828848,0.25,1.0,1.0,0.14829659318637275
2012-07-24,-0.75,-2.3936052833013837,0.125,0.875,0.8571428571428571,-0.625,-1.8097305351517372,0.25,0.875,0.8571428571428571,0.14829659318637275
2012-07-25,-0.75,-2.2662347664608515,0.125,0.875,0.8571428571428571,-0.625,-1.907602502784268,0.25,0.875,0.8571428571428571,0.19438877755511022
2012-07-26,-0.5,-2.0690296976944405,0.125,0.625,0.5714285714285714,-0.625,-1.611205047098954,0.25,0.875,0.8571428571428571,0.23847695390781562
2012-07-27,-0.5,-1.886156836386224,0.125,0.625,0.5714285714285714,-0.625,-1.57661565287439,0.25,0.875,0.8571428571428571,0.13226452905811623
2012-07-30,-0.5,-1.8674003250551534,0.125,0.625,0.5714285714285714,-0.625,-1.4041025841502566,0.25,0.875,0.8571428571428571,0.1062124248496994
2012-07-31,-0.375,-1.63495153473783,0.25,0.625,0.5714285714285714,-0.625,-1.7422630621565576,0.25,0.875,0.8571428571428571,0.10220440881763528
2012-08-01,-0.375,-1.5827314607514447,0.25,0.625,0.5714285714285714,-0.625,-1.8936147630981353,0.25,0.875,0.8571428571428571,0.10020040080160321
2012-08-02,-0.375,-1.6037645403799112,0.25,0.625,0.5714285714285714,-0.75,-2.1402958609448897,0.25,1.0,1.0,0.04408817635270541
2012-08-03,-0.375,-1.2570880894938026,0.25,0.625,0.5714285714285714,-0.625,-2.1394801699206196,0.25,0.875,0.8571428571428571,0.10220440881763528
2012-08-06,-0.25,-0.9653895776968247,0.25,0.5,0.42857142857142855,-0.625,-2.1085017570349796,0.25,0.875,0.8571428571428571,0.1062124248496994
2012-08-07,-0.25,-0.7998483960019944,0.25,0.5,0.42857142857142855,-0.625,-1.9844139299743873,0.25,0.875,0.8571428571428571,0.11422845691382766
2012-08-08,-0.25,-0.7987695038586851,0.25,0.5,0.42857142857142855,-0.625,-1.9608401070604677,0.25,0.875,0.8571428571428571,0.09018036072144289
2012-08-09,-0.375,-0.8605157373083625,0.125,0.5,0.42857142857142855,-0.625,-1.9922401793213629,0.25,0.875,0.8571428571428571,0.03206412825651302
2012-08-10,-0.375,-0.9202481951222773,0.125,0.5,0.42857142857142855,-0.625,-2.1165111144848856,0.25,0.875,0.8571428571428571,0.012024048096192385
2012-08-13,-0.375,-1.0784073201588231,0.125,0.5,0.42857142857142855,-0.625,-2.114766694865238,0.25,0.875,0.8571428571428571,0.03206412825651302
2012-08-14,-0.375,-0.8151352943339787,0.125,0.5,0.42857142857142855,-0.625,-2.069072806899939,0.25,0.875,0.8571428571428571,0.028056112224448898
2012-08-15,-0.375,-0.6644013497798076,0.125,0.5,0.42857142857142855,-0.75,-2.363642960956918,0.25,1.0,1.0,0.02404809619238477
2012-08-16,-0.25,-0.42456317873652394,0.125,0.375,0.2857142857142857,-0.75,-2.512595671687106,0.25,1.0,1.0,0.052104208416833664
2012-08-17,-0.125,-0.4475679455500311,0.25,0.375,0.2857142857142857,-0.75,-2.5551157539928404,0.25,1.0,1.0,0.02004008016032064
2012-08-20,-0.375,-0.541553663190312,0.125,0.5,0.42857142857142855,-0.75,-2.3601349932850906,0.25,1.0,1.0,0.002004008016032064
2012-08-21,-0.25,-0.04743059313407294,0.125,0.375,0.2857142857142857,-0.75,-2.1104528371921507,0.25,1.0,1.0,0.006012024048096192
2012-08-22,0.25,0.4442603249054471,0.375,0.125,0.0,-0.75,-1.922431360613637,0.25,1.0,1.0,0.006012024048096192
2012-08-23,0.125,0.5833404892496269,0.375,0.25,0.14285714285714285,-0.75,-1.7674657183048827,0.25,1.0,1.0,0.0
2012-08-24,0.125,0.25223536047210493,0.375,0.25,0.14285714285714285,-0.875,-2.5394696858711696,0.125,1.0,1.0,0.0
2012-08-27,0.25,0.007943480899061273,0.5,0.25,0.14285714285714285,-0.875,-2.690140741489789,0.125,1.0,1.0,0.0
2012-08-28,0.25,0.370974363613628,0.375,0.125,0.0,-0.75,-2.705586124506583,0.125,0.875,0.8571428571428571,0.004008016032064128
2012-08-29,-0.25,-0.20248014083542687,0.125,0.375,0.2857142857142857,-0.75,-2.5289448744103327,0.125,0.875,0.8571428571428571,0.002004008016032064
2012-08-30,-0.25,-0.25959097747741244,0.125,0.375,0.2857142857142857,-0.75,-2.5334139911809572,0.125,0.875,0.8571428571428571,0.0
2012-08-31,0.125,0.37843106640956514,0.25,0.125,0.0,-0.5,-2.423950630442542,0.125,0.625,0.5714285714285714,0.0
2012-09-03,0.125,0.6171994020459045,0.25,0.125,0.0,-0.625,-2.4033442504515805,0.125,0.75,0.7142857142857143,0.002004008016032064
2012-09-04,0.125,0.3957840320070869,0.25,0.125,0.0,-0.75,-2.538015879573579,0.125,0.875,0.8571428571428571,0.002004008016032064
2012-09-05,0.25,0.20901441743388005,0.375,0.125,0.0,-0.75,-2.584211256334764,0.125,0.875,0.8571428571428571,0.004008016032064128
2012-09-06,0.125,0.023075791455870798,0.375,0.25,0.14285714285714285,-0.5,-2.2280632180332356,0.125,0.625,0.5714285714285714,0.008016032064128256
2012-09-07,0.375,0.8012221452213575,0.5,0.125,0.0,-0.5,-2.1256651670516145,0.125,0.625,0.5714285714285714,0.01603206412825651
2012-09-10,0.375,1.1341986388904175,0.5,0.125,0.0,-0.375,-1.8395518092863037,0.125,0.5,0.42857142857142855,0.01002004008016032
2012-09-11,0.25,1.0214648655288747,0.375,0.125,0.0,-0.375,-1.1095985681195153,0.125,0.5,0.42857142857142855,0.02004008016032064
2012-09-12,0.25,1.2595327672387848,0.375,0.125,0.0,-0.375,-1.104811390225625,0.125,0.5,0.42857142857142855,0.02004008016032064
2012-09-13,0.25,1.9588025237403122,0.375,0.125,0.0,-0.375,-0.9623179439754631,0.125,0.5,0.42857142857142855,0.02404809619238477
2012-09-14,0.5,2.686848427174564,0.625,0.125,0.0,-0.375,-0.9223195695763583,0.125,0.5,0.42857142857142855,0.036072144288577156
2012-09-17,0.625,2.626006676841296,0.75,0.125,0.0,-0.375,-0.7285241017590938,0.125,0.5,0.42857142857142855,0.04809619238476954
2012-09-18,0.625,2.5921646258754443,0.75,0.125,0.0,-0.375,-0.9026469192468312,0.125,0.5,0.42857142857142855,0.03807615230460922
2012-09-19,0.75,2.847119570991339,0.875,0.125,0.0,-0.375,-0.5945806497290596,0.125,0.5,0.42857142857142855,0.03406813627254509
2012-09-20,0.5,2.35056100641551,0.625,0.125,0.0,-0.25,-0.36051845715366426,0.25,0.5,0.42857142857142855,0.036072144288577156
2012-09-21,0.5,2.0608391436350892,0.625,0.125,0.0,-0.375,-0.5720898174943894,0.125,0.5,0.42857142857142855,0.03006012024048096
2012-09-24,0.625,2.511954388010394,0.75,0.125,0.0,-0.375,-0.7781757050347139,0.125,0.5,0.42857142857142855,0.04208416833667335
2012-09-25,0.5,2.2629972930614723,0.625,0.125,0.0,-0.375,-0.998040682785029,0.125,0.5,0.42857142857142855,0.03006012024048096
2012-09-26,0.625,2.5154769558103567,0.75,0.125,0.0,-0.375,-1.04099444625724,0.125,0.5,0.42857142857142855,0.036072144288577156
2012-09-27,0.75,3.0110973456381873,0.875,0.125,0.0,-0.375,-1.3832884007213484,0.125,0.5,0.42857142857142855,0.04609218436873747
2012-09-28,0.875,3.064168430341587,1.0,0.125,0.0,-0.375,-1.483788485237782,0.125,0.5,0.42857142857142855,0.04809619238476954
2012-10-01,0.875,3.0787731956842634,1.0,0.125,0.0,-0.375,-1.8171956538054068,0.125,0.5,0.42857142857142855,0.03006012024048096
2012-10-02,0.875,2.8992138336387496,1.0,0.125,0.0,-0.375,-1.8514777350349378,0.125,0.5,0.42857142857142855,0.052104208416833664
2012-10-03,0.75,2.8105471903622345,1.0,0.25,0.14285714285714285,-0.5,-2.263763712341015,0.125,0.625,0.5714285714285714,0.056112224448897796
2012-10-04,0.875,2.9139452795957554,1.0,0.125,0.0,-0.375,-1.6437332176357564,0.125,0.5,0.42857142857142855,0.04008016032064128
2012-10-05,0.75,2.7011955240424,1.0,0.25,0.14285714285714285,-0.5,-1.7610334916754462,0.125,0.625,0.5714285714285714,0.03006012024048096
2012-10-08,0.75,2.665970397413207,1.0,0.25,0.14285714285714285,-0.5,-1.863155579802859,0.125,0.625,0.5714285714285714,0.04609218436873747
2012-10-09,0.75,2.572431531760871,1.0,0.25,0.14285714285714285,-0.5,-1.935337730930232,0.125,0.625,0.5714285714285714,0.050100200400801605
2012-10-10,0.75,2.4225194981821385,1.0,0.25,0.14285714285714285,-0.5,-2.2299318086892246,0.125,0.625,0.5714285714285714,0.04408817635270541
2012-10-11,0.75,2.42477635558118,1.0,0.25,0.14285714285714285,-0.5,-2.230671941061921,0.125,0.625,0.5714285714285714,0.036072144288577156
2012-10-12,0.75,2.4655190402355065,1.0,0.25,0.14285714285714285,-0.5,-1.9693478814881045,0.125,0.625,0.5714285714285714,0.01002004008016032
2012-10-15,0.625,2.5588772288329515,1.0,0.375,0.2857142857142857,-0.5,-2.1574661491128238,0.125,0.625,0.5714285714285714,0.006012024048096192
2012-10-16,0.75,2.6386598100560383,1.0,0.25,0.14285714285714285,-0.625,-2.528317392817631,0.125,0.75,0.7142857142857143,0.028056112224448898
2012-10-17,0.75,2.569197976765174,1.0,0.25,0.14285714285714285,-0.625,-2.3824321768503287,0.125,0.75,0.7142857142857143,0.036072144288577156
2012-10-18,0.625,2.446624007766962,1.0,0.375,0.2857142857142857,-0.5,-1.921086029588841,0.125,0.625,0.5714285714285714,0.036072144288577156
2012-10-19,0.625,2.3225997059347607,1.0,0.375,0.2857142857142857,-0.625,-2.0035701053814634,0.125,0.75,0.7142857142857143,0.050100200400801605
2012-10-22,0.625,2.21345451727952,1.0,0.375,0.2857142857142857,-0.625,-2.1541946162051806,0.125,0.75,0.7142857142857143,0.052104208416833664
2012-10-23,0.625,2.0688538621455455,1.0,0.375,0.2857142857142857,-0.625,-2.4124216197854937,0.125,0.75,0.7142857142857143,0.0841683366733467
2012-10-24,0.625,2.248232871276591,1.0,0.375,0.2857142857142857,-0.375,-1.4135562228116094,0.125,0.5,0.42857142857142855,0.10020040080160321
2012-10-25,0.625,2.1033218499570805,1.0,0.375,0.2857142857142857,-0.375,-1.5483191799734364,0.125,0.5,0.42857142857142855,0.10220440881763528
2012-10-26,0.625,2.031737369245298,1.0,0.375,0.2857142857142857,-0.375,-1.956992934291656,0.125,0.5,0.42857142857142855,0.12024048096192384
2012-11-05,0.625,1.6364393883539632,1.0,0.375,0.2857142857142857,-0.375,-1.6869636631994673,0.125,0.5,0.42857142857142855,0.218436873747495
2012-11-06,0.625,1.7998463113922876,1.0,0.375,0.2857142857142857,-0.375,-1.4002841504209198,0.125,0.5,0.42857142857142855,0.1963927855711423
2012-11-07,0.5,1.7932962691044498,1.0,0.5,0.42857142857142855,-0.375,-1.3787046504410494,0.125,0.5,0.42857142857142855,0.23246492985971945
2012-11-08,0.5,1.875101128673997,1.0,0.5,0.42857142857142855,-0.375,-1.4279994258972932,0.125,0.5,0.42857142857142855,0.22444889779559118
2012-11-09,0.5,1.824908476094231,1.0,0.5,0.42857142857142855,-0.375,-1.4954533746366516,0.125,0.5,0.42857142857142855,0.19238476953907815
2012-11-12,0.5,1.9199502942155096,1.0,0.5,0.42857142857142855,-0.375,-1.2465223872214384,0.125,0.5,0.42857142857142855,0.13627254509018036
2012-11-13,0.5,2.0223652617331394,1.0,0.5,0.42857142857142855,-0.375,-1.310207222885443,0.125,0.5,0.42857142857142855,0.10821643286573146
2012-11-14,0.5,1.860080273332906,1.0,0.5,0.42857142857142855,-0.375,-0.9952807831240732,0.125,0.5,0.42857142857142855,0.14829659318637275
2012-11-15,0.375,1.7023428771853741,1.0,0.625,0.5714285714285714,-0.25,-0.9108882521257485,0.25,0.5,0.42857142857142855,0.21042084168336672
2012-11-16,0.5,1.8053155243317234,1.0,0.5,0.42857142857142855,-0.25,-0.8202586115126267,0.25,0.5,0.42857142857142855,0.22645290581162325
2012-11-19,0.5,1.8769644177926526,1.0,0.5,0.42857142857142855,-0.375,-0.9802494023457407,0.125,0.5,0.42857142857142855,0.2685370741482966
2012-11-20,0.5,1.5616896301109395,1.0,0.5,0.42857142857142855,-0.25,-1.0682389711880438,0.25,0.5,0.42857142857142855,0.17234468937875752
2012-11-21,0.5,1.1072961439403564,1.0,0.5,0.42857142857142855,-0.25,-1.365170099882208,0.25,0.5,0.42857142857142855,0.18236472945891782
2012-11-22,0.5,1.191606217448386,1.0,0.5,0.42857142857142855,-0.25,-1.3329246946737237,0.25,0.5,0.42857142857142855,0.1523046092184369
2012-11-23,0.625,1.5126542845518627,1.0,0.375,0.2857142857142857,-0.25,-0.9531869171751268,0.25,0.5,0.42857142857142855,0.19839679358717435
2012-11-26,0.625,1.6501435613108448,1.0,0.375,0.2857142857142857,-0.25,-0.9644969436570036,0.25,0.5,0.42857142857142855,0.13627254509018036
2012-11-27,0.625,1.3202949061138285,1.0,0.375,0.2857142857142857,-0.25,-1.1007368516177813,0.25,0.5,0.42857142857142855,0.11222444889779559
2012-11-28,0.625,1.4225415477996477,1.0,0.375,0.2857142857142857,-0.25,-1.101254253045467,0.25,0.5,0.42857142857142855,0.09218436873747494
2012-11-29,0.625,1.507947355249599,1.0,0.375,0.2857142857142857,-0.25,-0.7954821626359979,0.25,0.5,0.42857142857142855,0.07014028056112225
2012-11-30,0.625,1.319224780012188,1.0,0.375,0.2857142857142857,-0.25,-0.8169260202668508,0.25,0.5,0.42857142857142855,0.04008016032064128
2012-12-03,0.625,1.4110995533390922,1.0,0.375,0.2857142857142857,-0.125,-0.23817398724443445,0.25,0.375,0.2857142857142857,0.014028056112224449
2012-12-04,0.625,1.5689772248417244,1.0,0.375,0.2857142857142857,0.125,0.12394456535219961,0.375,0.25,0.14285714285714285,0.014028056112224449
2012-12-05,0.5,1.3111545382558152,0.875,0.375,0.2857142857142857,0.125,0.1568056789124141,0.375,0.25,0.14285714285714285,0.014028056112224449
2012-12-06,0.5,1.0816070398659463,0.875,0.375,0.2857142857142857,-0.125,-0.11407149227280389,0.25,0.375,0.2857142857142857,0.018036072144288578
2012-12-07,0.375,0.44753432761855494,0.75,0.375,0.2857142857142857,-0.125,-0.19668744088923606,0.25,0.375,0.2857142857142857,0.01603206412825651
2012-12-10,0.375,0.6157149853092625,0.75,0.375,0.2857142857142857,-0.125,-0.09878310437323379,0.25,0.375,0.2857142857142857,0.012024048096192385
2012-12-11,0.5,0.5033410628795674,0.875,0.375,0.2857142857142857,-0.125,-0.13914528198348963,0.25,0.375,0.2857142857142857,0.026052104208416832
2012-12-12,0.5,0.49543325888427925,0.875,0.375,0.2857142857142857,0.125,0.045033265730215155,0.375,0.25,0.14285714285714285,0.026052104208416832
2012-12-13,0.125,0.24596339942798967,0.75,0.625,0.5714285714285714,0.125,0.036823810360946785,0.375,0.25,0.14285714285714285,0.006012024048096192
2012-12-14,0.25,0.11882718147096444,0.75,0.5,0.42857142857142855,0.125,0.21061389589038343,0.375,0.25,0.14285714285714285,0.012024048096192385
2012-12-17,0.125,0.14627885032006774,0.625,0.5,0.42857142857142855,0.125,0.18766518979453262,0.375,0.25,0.14285714285714285,0.006012024048096192
2012-12-18,0.375,0.5293420534674972,0.75,0.375,0.2857142857142857,0.125,0.26675183409236924,0.375,0.25,0.14285714285714285,0.018036072144288578
2012-12-19,0.5,0.45364317788971453,0.875,0.375,0.2857142857142857,0.125,0.4615925437127787,0.375,0.25,0.14285714285714285,0.01002004008016032
2012-12-20,0.5,0.7379510174650095,0.875,0.375,0.2857142857142857,0.125,0.5045225115282885,0.375,0.25,0.14285714285714285,0.01603206412825651
2012-12-21,0.125,0.5584414067259579,0.875,0.75,0.7142857142857143,0.25,0.4417133282112632,0.5,0.25,0.14285714285714285,0.022044088176352707
2012-12-24,0.25,0.6212787151159846,0.875,0.625,0.5714285714285714,0.25,0.4361019607763499,0.5,0.25,0.14285714285714285,0.03406813627254509
2012-12-25,0.25,0.6640402657030867,0.875,0.625,0.5714285714285714,0.25,0.24593615773897193,0.5,0.25,0.14285714285714285,0.02004008016032064
2012-12-26,0.125,0.7517170733058967,0.875,0.75,0.7142857142857143,0.375,0.49472180370835783,0.625,0.25,0.14285714285714285,0.04208416833667335
2012-12-27,0.125,0.6444171673826384,0.875,0.75,0.7142857142857143,0.375,0.6972512976796744,0.625,0.25,0.14285714285714285,0.056112224448897796
2012-12-28,0.25,0.7540300816266533,0.875,0.625,0.5714285714285714,0.375,0.7641885373364825,0.625,0.25,0.14285714285714285,0.06012024048096192
2012-12-31,0.5,0.6315765598963865,0.875,0.375,0.2857142857142857,0.375,0.6420901127542279,0.625,0.25,0.14285714285714285,0.09418837675350701
2013-01-01,0.375,0.5829585590668356,0.875,0.5,0.42857142857142855,0.375,0.6534699247444892,0.625,0.25,0.14285714285714285,0.08216432865731463
2013-01-02,0.5,0.5248074171648797,0.75,0.25,0.14285714285714285,0.375,0.6688839590062972,0.625,0.25,0.14285714285714285,0.13226452905811623
2013-01-03,0.125,0.04173431433292146,0.625,0.5,0.42857142857142855,0.25,0.32608626271479285,0.5,0.25,0.14285714285714285,0.14428857715430862
2013-01-04,0.125,0.09751838722564649,0.625,0.5,0.42857142857142855,0.375,0.5439064880986726,0.625,0.25,0.14285714285714285,0.1683366733466934
2013-01-07,0.25,0.29197923144250276,0.625,0.375,0.2857142857142857,0.375,0.6534446316917754,0.625,0.25,0.14285714285714285,0.18236472945891782
2013-01-08,0.25,0.3824865406719103,0.625,0.375,0.2857142857142857,0.25,0.5155214112630948,0.5,0.25,0.14285714285714285,0.20641282565130262
2013-01-09,0.375,0.3519821631868738,0.75,0.375,0.2857142857142857,0.375,0.2883671899267661,0.625,0.25,0.14285714285714285,0.22645290581162325
2013-01-10,0.375,0.5278433186907235,0.75,0.375,0.2857142857142857,0.375,0.39983558649776785,0.625,0.25,0.14285714285714285,0.3847695390781563
2013-01-11,0.625,0.5900377797387268,1.0,0.375,0.2857142857142857,0.5,0.5314476252916914,0.75,0.25,0.14285714285714285,0.4248496993987976
2013-01-14,0.625,0.6617760698542522,1.0,0.375,0.2857142857142857,0.5,0.4787915538109919,0.75,0.25,0.14285714285714285,0.4749498997995992
2013-01-15,0.25,0.3457391854114452,0.75,0.5,0.42857142857142855,0.25,0.39447658367095456,0.625,0.375,0.2857142857142857,0.48897795591182364
2013-01-16,0.125,0.3278164083248203,0.75,0.625,0.5714285714285714,0.125,0.2995179251059463,0.625,0.5,0.42857142857142855,0.4789579158316633
2013-01-17,0.5,0.5112606212813814,1.0,0.5,0.42857142857142855,0.5,0.3837001963554517,1.0,0.5,0.42857142857142855,0.5490981963927856
2013-01-18,0.375,0.4942101516913208,0.875,0.5,0.42857142857142855,0.125,0.14211959666937785,0.625,0.5,0.42857142857142855,0.5230460921843687
2013-01-21,0.25,0.45365781598346844,0.875,0.625,0.5714285714285714,0.375,0.2386861164796381,0.875,0.5,0.42857142857142855,0.5070140280561122
2013-01-22,0.375,0.6157365925557884,0.75,0.375,0.2857142857142857,0.375,0.3338880815542771,0.875,0.5,0.42857142857142855,0.5791583166332666
2013-01-23,0.375,0.6572542951696807,0.875,0.5,0.42857142857142855,0.125,0.21008950719352848,0.875,0.75,0.7142857142857143,0.5731462925851704
2013-01-24,0.5,0.7549029352746768,1.0,0.5,0.42857142857142855,0.25,0.3088419418010621,1.0,0.75,0.7142857142857143,0.6813627254509018
2013-01-25,0.5,0.8117675878048046,1.0,0.5,0.42857142857142855,0.25,0.4095824844453823,1.0,0.75,0.7142857142857143,0.7034068136272545
2013-01-28,0.5,1.055816248507806,1.0,0.5,0.42857142857142855,0.125,0.4339630432485844,1.0,0.875,0.8571428571428571,0.6713426853707415
2013-01-29,0.5,1.0804350744216915,1.0,0.5,0.42857142857142855,0.25,0.30373292790518064,1.0,0.75,0.7142857142857143,0.6953907815631263
2013-01-30,0.5,1.1432920868127032,1.0,0.5,0.42857142857142855,0.375,0.41720856565586206,1.0,0.625,0.5714285714285714,0.685370741482966
2013-01-31,0.625,1.1000318707076606,1.0,0.375,0.2857142857142857,0.5,0.39412611537480774,1.0,0.5,0.42857142857142855,0.6593186372745491
2013-02-01,0.625,1.1186528586089088,1.0,0.375,0.2857142857142857,0.5,0.564024659667142,1.0,0.5,0.42857142857142855,0.7134268537074149
2013-02-04,0.625,1.0297504005433358,1.0,0.375,0.2857142857142857,0.5,0.41666504515952174,1.0,0.5,0.42857142857142855,0.751503006012024
2013-02-05,0.5,1.0138197977616827,1.0,0.5,0.42857142857142855,0.5,0.5440572009225013,1.0,0.5,0.42857142857142855,0.7755511022044088
2013-02-06,0.5,0.9748330863291761,1.0,0.5,0.42857142857142855,0.5,0.5535146852939479,1.0,0.5,0.42857142857142855,0.7675350701402806
2013-02-07,0.5,0.850997009580281,1.0,0.5,0.42857142857142855,0.375,0.34241145509044896,1.0,0.625,0.5714285714285714,0.7354709418837675
2013-02-08,0.375,0.9309136169032157,1.0,0.625,0.5714285714285714,0.375,0.3073100828610247,1.0,0.625,0.5714285714285714,0.7374749498997996
2013-02-11,0.375,0.8590100742216974,1.0,0.625,0.5714285714285714,0.125,0.23126584766147085,1.0,0.875,0.8571428571428571,0.7434869739478958
2013-02-12,0.375,0.9425205214658214,1.0,0.625,0.5714285714285714,0.25,0.3157825883175931,1.0,0.75,0.7142857142857143,0.7194388777555111
2013-02-13,0.375,0.9595754693258232,1.0,0.625,0.5714285714285714,0.125,0.2959763998872294,0.875,0.75,0.7142857142857143,0.7414829659318637
2013-02-14,0.25,0.7612899517648797,0.875,0.625,0.5714285714285714,-0.125,-0.026375559752093936,0.75,0.875,0.8571428571428571,0.7214428857715431
2013-02-15,0.375,0.6330234194631117,1.0,0.625,0.5714285714285714,-0.25,-0.16840834851840264,0.625,0.875,0.8571428571428571,0.7394789579158316
2013-02-18,0.375,0.5614059144553141,1.0,0.625,0.5714285714285714,-0.125,-0.06355004490948812,0.75,0.875,0.8571428571428571,0.7454909819639278
2013-02-19,0.375,0.6929765487036128,1.0,0.625,0.5714285714285714,-0.125,-0.11569879927834847,0.75,0.875,0.8571428571428571,0.717434869739479
2013-02-20,0.375,0.5486733762809793,1.0,0.625,0.5714285714285714,-0.125,-0.06261776979763911,0.75,0.875,0.8571428571428571,0.7394789579158316
2013-02-21,0.25,0.3799409439501721,1.0,0.75,0.7142857142857143,-0.25,-0.22961540816982418,0.75,1.0,1.0,0.6753507014028056
2013-02-22,0.125,0.3173576599838004,0.875,0.75,0.7142857142857143,-0.125,-0.030681311760580643,0.75,0.875,0.8571428571428571,0.6613226452905812
2013-02-25,0.125,0.01644134056880664,0.875,0.75,0.7142857142857143,-0.125,-0.29178888309709106,0.75,0.875,0.8571428571428571,0.7354709418837675
2013-02-26,-0.125,-0.06571872861628258,0.75,0.875,0.8571428571428571,-0.125,-0.09544381258541124,0.75,0.875,0.8571428571428571,0.7555110220440882
2013-02-27,0.125,0.1317112072073463,1.0,0.875,0.8571428571428571,-0.125,-0.027456760756625176,0.75,0.875,0.8571428571428571,0.7074148296593187
2013-02-28,0.125,0.2196391484524196,1.0,0.875,0.8571428571428571,-0.125,-0.41434468665776003,0.75,0.875,0.8571428571428571,0.6953907815631263
2013-03-01,0.125,0.1703145894412642,1.0,0.875,0.8571428571428571,-0.125,-0.18463307514975902,0.75,0.875,0.8571428571428571,0.657314629258517
2013-03-04,0.125,0.1589230677735639,1.0,0.875,0.8571428571428571,-0.125,-0.2520771893155319,0.75,0.875,0.8571428571428571,0.5871743486973948
2013-03-05,0.125,0.07330649097602682,1.0,0.875,0.8571428571428571,-0.125,-0.07204181724172642,0.75,0.875,0.8571428571428571,0.49899799599198397
2013-03-06,-0.125,-0.1883077243380068,0.875,1.0,1.0,-0.125,-0.10433229555565715,0.75,0.875,0.8571428571428571,0.49498997995991983
2013-03-07,0.125,0.05915291121886512,1.0,0.875,0.8571428571428571,0.125,0.0637725319951652,0.875,0.75,0.7142857142857143,0.5090180360721442
2013-03-08,-0.125,-0.2907916478110075,0.875,1.0,1.0,-0.25,-0.32475280060245537,0.75,1.0,1.0,0.5090180360721442
2013-03-11,-0.125,-0.2206774534177418,0.875,1.0,1.0,-0.125,-0.3405955317281991,0.75,0.875,0.8571428571428571,0.47695390781563124
2013-03-12,-0.125,-0.3697569760963395,0.875,1.0,1.0,-0.125,-0.35735617234035216,0.75,0.875,0.8571428571428571,0.48096192384769537
2013-03-13,-0.25,-0.45435151345767555,0.75,1.0,1.0,-0.25,-0.4467325009550982,0.625,0.875,0.8571428571428571,0.4709418837675351
2013-03-14,-0.375,-0.44126305579536884,0.625,1.0,1.0,-0.25,-0.29373742800249264,0.625,0.875,0.8571428571428571,0.4468937875751503
2013-03-15,-0.125,-0.19442183830023396,0.625,0.75,0.7142857142857143,-0.25,-0.3206287664291682,0.625,0.875,0.8571428571428571,0.4288577154308617
2013-03-18,-0.125,-0.48120487274256085,0.625,0.75,0.7142857142857143,-0.375,-0.7360043071979526,0.5,0.875,0.8571428571428571,0.4709418837675351
2013-03-19,-0.25,-0.6798116724636687,0.625,0.875,0.8571428571428571,-0.375,-0.8552562841784835,0.5,0.875,0.8571428571428571,0.48296593186372744
2013-03-20,-0.25,-0.5753039576025392,0.625,0.875,0.8571428571428571,-0.375,-0.6252202906373141,0.5,0.875,0.8571428571428571,0.4849699398797595
2013-03-21,-0.125,-0.753915767787096,0.625,0.75,0.7142857142857143,-0.25,-0.6518232018796575,0.5,0.75,0.7142857142857143,0.48697394789579157
2013-03-22,-0.125,-0.48681208717131985,0.625,0.75,0.7142857142857143,-0.25,-0.5790039511979999,0.5,0.75,0.7142857142857143,0.4849699398797595
2013-03-25,-0.125,-0.8461458305338049,0.625,0.75,0.7142857142857143,-0.25,-0.7746131288865177,0.5,0.75,0.7142857142857143,0.43286573146292584
2013-03-26,-0.25,-0.7765562266742989,0.5,0.75,0.7142857142857143,-0.25,-0.6198654533014242,0.5,0.75,0.7142857142857143,0.4248496993987976
2013-03-27,-0.375,-1.0987332884307477,0.5,0.875,0.8571428571428571,-0.25,-0.5876473240081398,0.5,0.75,0.7142857142857143,0.43286573146292584
2013-03-28,-0.25,-0.624153446693541,0.625,0.875,0.8571428571428571,-0.125,-0.41969450667055863,0.625,0.75,0.7142857142857143,0.42685370741482964
2013-03-29,-0.25,-0.8272829425555375,0.625,0.875,0.8571428571428571,-0.25,-0.449389399314523,0.5,0.75,0.7142857142857143,0.3306613226452906
2013-04-01,-0.25,-0.952752231117374,0.625,0.875,0.8571428571428571,-0.25,-0.4562878149580244,0.5,0.75,0.7142857142857143,0.36072144288577157
2013-04-02,-0.25,-0.755019986987824,0.625,0.875,0.8571428571428571,-0.25,-0.38913696542792625,0.5,0.75,0.7142857142857143,0.3927855711422846
2013-04-03,-0.25,-0.7508080610902088,0.625,0.875,0.8571428571428571,-0.25,-0.4178628204415956,0.5,0.75,0.7142857142857143,0.36472945891783565
2013-04-04,-0.375,-0.9999321949486296,0.625,1.0,1.0,-0.375,-0.34362629102221665,0.5,0.875,0.8571428571428571,0.533066132264529
2013-04-05,-0.375,-0.8467791301915986,0.5,0.875,0.8571428571428571,-0.125,-0.08179232073457804,0.625,0.75,0.7142857142857143,0.5711422845691383
2013-04-08,-0.375,-0.8147910835288137,0.5,0.875,0.8571428571428571,-0.125,-0.12487153488635333,0.625,0.75,0.7142857142857143,0.6292585170340681
2013-04-09,-0.375,-0.44407538845569333,0.5,0.875,0.8571428571428571,-0.125,-0.05186474857896739,0.625,0.75,0.7142857142857143,0.6092184368737475
2013-04-10,-0.375,-0.4218284725526652,0.5,0.875,0.8571428571428571,-0.125,-0.05524422940377083,0.625,0.75,0.7142857142857143,0.6372745490981964
2013-04-11,-0.25,-0.5414331175195598,0.5,0.75,0.7142857142857143,-0.125,-0.030652451770999567,0.625,0.75,0.7142857142857143,0.5951903807615231
2013-04-12,-0.125,-0.49914574921321936,0.5,0.625,0.5714285714285714,-0.125,-0.12360425412669701,0.625,0.75,0.7142857142857143,0.6432865731462926
2013-04-15,-0.25,-0.8366747652117776,0.5,0.75,0.7142857142857143,-0.25,-0.13968722502604192,0.625,0.875,0.8571428571428571,0.7955911823647295
2013-04-16,-0.125,-0.33480540092115757,0.625,0.75,0.7142857142857143,-0.125,-0.01876239427531573,0.625,0.75,0.7142857142857143,0.8216432865731463
2013-04-17,-0.25,-0.6449918442252316,0.625,0.875,0.8571428571428571,-0.25,-0.2280408881910761,0.625,0.875,0.8571428571428571,0.8156312625250501
2013-04-18,-0.5,-0.9676983021177921,0.375,0.875,0.8571428571428571,-0.25,-0.16887076458099948,0.625,0.875,0.8571428571428571,0.7955911823647295
2013-04-19,-0.5,-1.059610501795376,0.375,0.875,0.8571428571428571,-0.125,-0.19720557525252574,0.75,0.875,0.8571428571428571,0.8076152304609219
2013-04-22,-0.625,-1.003493035119404,0.25,0.875,0.8571428571428571,-0.125,-0.19633908388680005,0.75,0.875,0.8571428571428571,0.781563126252505
2013-04-23,-0.625,-1.3340472412297932,0.25,0.875,0.8571428571428571,-0.25,-0.2559391770012186,0.625,0.875,0.8571428571428571,0.7915831663326653
2013-04-24,-0.625,-1.4403930161472847,0.25,0.875,0.8571428571428571,-0.25,-0.14975980736869654,0.625,0.875,0.8571428571428571,0.779559118236473
2013-04-25,-0.625,-1.6401589665622787,0.25,0.875,0.8571428571428571,-0.125,-0.14310617108635437,0.625,0.75,0.7142857142857143,0.7935871743486974
2013-04-26,-0.625,-2.2864736899995597,0.25,0.875,0.8571428571428571,-0.125,-0.057326054193285014,0.625,0.75,0.7142857142857143,0.8196392785571143
2013-04-29,-0.625,-1.4345909672869497,0.25,0.875,0.8571428571428571,0.125,0.03579261364452063,0.75,0.625,0.5714285714285714,0.8136272545090181
2013-04-30,-0.625,-1.911411170278345,0.25,0.875,0.8571428571428571,0.125,0.16700357948882708,0.75,0.625,0.5714285714285714,0.8016032064128257
2013-05-01,-0.625,-1.640663955138315,0.25,0.875,0.8571428571428571,0.25,0.24805309457467903,0.75,0.5,0.42857142857142855,0.8276553106212425
2013-05-02,-0.625,-1.4554187337022189,0.25,0.875,0.8571428571428571,0.125,0.13075952804372673,0.75,0.625,0.5714285714285714,0.6893787575150301
2013-05-03,-0.375,-0.7881169061953339,0.375,0.75,0.7142857142857143,0.125,0.18342281098521376,0.75,0.625,0.5714285714285714,0.6653306613226453
2013-05-06,-0.625,-1.252093047740353,0.25,0.875,0.8571428571428571,0.125,0.22706158290638556,0.75,0.625,0.5714285714285714,0.5771543086172345
2013-05-07,-0.625,-1.4654524612448285,0.25,0.875,0.8571428571428571,0.5,0.32411730044373843,0.875,0.375,0.2857142857142857,0.6132264529058116
2013-05-08,-0.625,-1.1622669565152444,0.25,0.875,0.8571428571428571,0.5,0.4144086616270001,0.875,0.375,0.2857142857142857,0.5971943887775552
2013-05-09,-0.5,-0.986027724717859,0.5,1.0,1.0,0.375,0.31011765929247415,0.875,0.5,0.42857142857142855,0.685370741482966
2013-05-10,-0.625,-1.1693472720244693,0.375,1.0,1.0,0.25,0.17196702109178333,0.75,0.5,0.42857142857142855,0.6593186372745491
2013-05-13,-0.375,-1.162688130632468,0.5,0.875,0.8571428571428571,0.375,0.15085427009423907,0.875,0.5,0.42857142857142855,0.4709418837675351
2013-05-14,-0.5,-1.2979113350318776,0.5,1.0,1.0,0.375,0.21665954692506106,0.875,0.5,0.42857142857142855,0.3727454909819639
2013-05-15,-0.375,-1.117206953129606,0.5,0.875,0.8571428571428571,0.375,0.24460918513519833,0.875,0.5,0.42857142857142855,0.3226452905811623
2013-05-16,-0.375,-0.7842600002088012,0.5,0.875,0.8571428571428571,0.375,0.29705426027396387,0.875,0.5,0.42857142857142855,0.3787575150300601
2013-05-17,-0.375,-0.8815074738469029,0.625,1.0,1.0,0.25,0.26968791970540235,0.875,0.625,0.5714285714285714,0.374749498997996
2013-05-20,-0.125,-0.4142228075641595,0.625,0.75,0.7142857142857143,0.125,0.2982026319378382,0.875,0.75,0.7142857142857143,0.42685370741482964
2013-05-21,-0.375,-0.3416233809900563,0.5,0.875,0.8571428571428571,0.125,0.3617368706878967,0.875,0.75,0.7142857142857143,0.3927855711422846
2013-05-22,-0.375,-0.6417804674635451,0.625,1.0,1.0,0.125,0.4040606621200604,0.875,0.75,0.7142857142857143,0.45090180360721444
2013-05-23,-0.25,-0.3404396629411754,0.625,0.875,0.8571428571428571,0.5,0.4679385592807586,0.875,0.375,0.2857142857142857,0.44889779559118237
2013-05-24,-0.25,-0.24020537560638566,0.625,0.875,0.8571428571428571,0.375,0.4346557722958351,0.875,0.5,0.42857142857142855,0.48697394789579157
2013-05-27,-0.375,-0.265567189345732,0.625,1.0,1.0,0.25,0.3766056657081722,0.875,0.625,0.5714285714285714,0.43687374749499
2013-05-28,-0.375,-0.507232864800527,0.625,1.0,1.0,0.125,0.34228450683528844,0.875,0.75,0.7142857142857143,0.5050100200400801
2013-05-29,-0.25,-0.10404451428413009,0.625,0.875,0.8571428571428571,0.125,0.3335863686602255,0.875,0.75,0.7142857142857143,0.5270541082164328
2013-05-30,-0.25,-0.1791165149047762,0.625,0.875,0.8571428571428571,0.25,0.44880111513352605,0.875,0.625,0.5714285714285714,0.5450901803607214
2013-05-31,-0.125,-0.004409996662314786,0.75,0.875,0.8571428571428571,0.375,0.4769503312354188,1.0,0.625,0.5714285714285714,0.5490981963927856
2013-06-03,0.25,0.12765758105823016,0.875,0.625,0.5714285714285714,0.375,0.5740303393589776,0.875,0.5,0.42857142857142855,0.6112224448897795
2013-06-04,0.25,0.14831765661212848,0.875,0.625,0.5714285714285714,0.375,0.5572990027065623,1.0,0.625,0.5714285714285714,0.6372745490981964
2013-06-05,0.125,0.332330068447564,0.75,0.625,0.5714285714285714,0.375,0.5234308102292238,1.0,0.625,0.5714285714285714,0.6953907815631263
2013-06-06,0.25,0.5149711213641667,0.875,0.625,0.5714285714285714,0.5,0.6371561992361995,1.0,0.5,0.42857142857142855,0.7014028056112225
2013-06-07,0.25,0.30007007693895643,0.875,0.625,0.5714285714285714,0.375,0.5767732298716293,1.0,0.625,0.5714285714285714,0.7234468937875751
2013-06-10,0.375,0.6000923308603483,0.875,0.5,0.42857142857142855,0.375,0.6497571288795845,1.0,0.625,0.5714285714285714,0.7635270541082164
2013-06-11,0.375,0.8334556472453251,0.875,0.5,0.42857142857142855,0.25,0.6693025339893521,1.0,0.75,0.7142857142857143,0.8336673346693386
2013-06-12,0.5,0.7776841983710546,0.875,0.375,0.2857142857142857,0.25,0.7025951457475565,1.0,0.75,0.7142857142857143,0.8376753507014028
2013-06-13,0.5,1.0212375435199519,1.0,0.5,0.42857142857142855,0.625,0.9209202582297824,1.0,0.375,0.2857142857142857,0.8557114228456913
2013-06-14,0.5,0.7284539941787626,0.875,0.375,0.2857142857142857,0.625,0.9480898673520697,1.0,0.375,0.2857142857142857,0.8657314629258517
2013-06-17,0.5,0.9338729335402526,1.0,0.5,0.42857142857142855,0.625,0.9680546903989109,1.0,0.375,0.2857142857142857,0.8557114228456913
2013-06-18,0.375,0.9201021204940126,1.0,0.625,0.5714285714285714,0.625,0.9636268672807987,1.0,0.375,0.2857142857142857,0.8637274549098196
2013-06-19,0.375,0.8144743689099885,1.0,0.625,0.5714285714285714,0.25,0.8641589383191716,1.0,0.75,0.7142857142857143,0.8697394789579158
2013-06-20,0.375,0.6240144938693373,1.0,0.625,0.5714285714285714,0.25,0.7810901041519805,1.0,0.75,0.7142857142857143,0.8857715430861723
2013-06-21,0.375,0.4901808026584792,1.0,0.625,0.5714285714285714,0.25,0.5048103350772907,1.0,0.75,0.7142857142857143,0.8717434869739479
2013-06-24,0.375,0.4541103719611902,1.0,0.625,0.5714285714285714,0.25,0.5623595970455538,1.0,0.75,0.7142857142857143,0.87374749498998
2013-06-25,0.25,0.4078753398217041,0.875,0.625,0.5714285714285714,0.25,0.5098728724171118,1.0,0.75,0.7142857142857143,0.8577154308617234
2013-06-26,0.375,0.27857013379253337,1.0,0.625,0.5714285714285714,0.25,0.5204567716611024,1.0,0.75,0.7142857142857143,0.8557114228456913
2013-06-27,0.25,0.19009718004856413,1.0,0.75,0.7142857142857143,0.25,0.6611856486495546,1.0,0.75,0.7142857142857143,0.843687374749499
2013-06-28,0.125,0.011871992070037196,1.0,0.875,0.8571428571428571,0.25,0.7009061752616057,1.0,0.75,0.7142857142857143,0.8356713426853707
2013-07-01,0.125,0.07800007414916033,1.0,0.875,0.8571428571428571,0.25,0.7089987607241801,1.0,0.75,0.7142857142857143,0.8216432865731463
2013-07-02,-0.125,-0.16424287465031318,0.875,1.0,1.0,0.25,0.6669137900927313,1.0,0.75,0.7142857142857143,0.8136272545090181
2013-07-03,-0.375,-0.08663424452614588,0.625,1.0,1.0,0.25,0.7018887497160358,1.0,0.75,0.7142857142857143,0.8016032064128257
2013-07-04,-0.25,-0.31557938902454774,0.75,1.0,1.0,0.25,0.664922358875689,1.0,0.75,0.7142857142857143,0.8076152304609219
2013-07-05,-0.125,-0.4483319627030823,0.875,1.0,1.0,0.25,0.5426574565971525,1.0,0.75,0.7142857142857143,0.7995991983967936
2013-07-08,-0.125,-0.38479986214229933,0.875,1.0,1.0,0.25,0.5491543486471159,1.0,0.75,0.7142857142857143,0.7915831663326653
2013-07-09,-0.125,-0.854622312142973,0.875,1.0,1.0,0.25,0.4660917300636048,1.0,0.75,0.7142857142857143,0.7575150300601202
2013-07-10,-0.125,-0.024291270828367795,0.875,1.0,1.0,0.25,0.6795366223924835,1.0,0.75,0.7142857142857143,0.779559118236473
2013-07-11,0.125,0.0824036696528413,1.0,0.875,0.8571428571428571,0.25,0.7330523780347779,1.0,0.75,0.7142857142857143,0.7695390781563126
2013-07-12,0.125,0.014436613470987236,0.875,0.75,0.7142857142857143,0.25,0.7775991604571268,1.0,0.75,0.7142857142857143,0.751503006012024
2013-07-15,0.125,0.007412666463572415,1.0,0.875,0.8571428571428571,0.25,0.7994015005315874,1.0,0.75,0.7142857142857143,0.7635270541082164
2013-07-16,0.375,0.29541274658757766,1.0,0.625,0.5714285714285714,0.375,0.9139403158915536,1.0,0.625,0.5714285714285714,0.7695390781563126
2013-07-17,0.25,0.21299250348594423,1.0,0.75,0.7142857142857143,0.25,0.8170266738742425,1.0,0.75,0.7142857142857143,0.7274549098196392
2013-07-18,0.25,0.19091409343996601,1.0,0.75,0.7142857142857143,0.25,0.6943556864629638,1.0,0.75,0.7142857142857143,0.6993987975951904
2013-07-19,0.25,0.21763166247192345,1.0,0.75,0.7142857142857143,0.25,0.7093358550789389,1.0,0.75,0.7142857142857143,0.6693386773547094
2013-07-22,0.25,0.17380552748539746,1.0,0.75,0.7142857142857143,0.25,0.7743710539642901,1.0,0.75,0.7142857142857143,0.6733466933867736
2013-07-23,0.125,0.11235366516621781,1.0,0.875,0.8571428571428571,0.25,0.772750942158225,1.0,0.75,0.7142857142857143,0.6733466933867736
2013-07-24,0.125,0.028167821866942777,1.0,0.875,0.8571428571428571,0.25,0.7860105411353722,1.0,0.75,0.7142857142857143,0.6693386773547094
2013-07-25,0.25,0.4461668918413553,1.0,0.75,0.7142857142857143,0.25,0.8838305673943745,1.0,0.75,0.7142857142857143,0.6793587174348698
2013-07-26,0.375,0.32203446694048576,1.0,0.625,0.5714285714285714,0.25,0.7859138125351618,1.0,0.75,0.7142857142857143,0.657314629258517
2013-07-29,0.25,0.35732851408554234,0.875,0.625,0.5714285714285714,0.25,0.752715653673282,1.0,0.75,0.7142857142857143,0.6232464929859719
2013-07-30,0.375,0.33314636340093307,1.0,0.625,0.5714285714285714,0.25,0.7430750213101491,1.0,0.75,0.7142857142857143,0.6713426853707415
2013-07-31,0.25,0.2274604578388124,0.875,0.625,0.5714285714285714,0.25,0.7693710295171974,1.0,0.75,0.7142857142857143,0.6893787575150301
2013-08-01,0.375,0.2846777647869272,1.0,0.625,0.5714285714285714,0.25,0.7340469711254329,1.0,0.75,0.7142857142857143,0.655310621242485
2013-08-02,0.125,0.4788873378163979,0.75,0.625,0.5714285714285714,0.25,0.7838847230644812,1.0,0.75,0.7142857142857143,0.7014028056112225
2013-08-05,0.25,0.46966731961320934,0.75,0.5,0.42857142857142855,0.25,0.7630750526716703,1.0,0.75,0.7142857142857143,0.6693386773547094
2013-08-06,0.25,0.6442801897518206,0.75,0.5,0.42857142857142855,0.25,0.8315172588285447,1.0,0.75,0.7142857142857143,0.6212424849699398
2013-08-07,0.25,0.732946421847522,0.75,0.5,0.42857142857142855,0.25,0.9014496332657683,1.0,0.75,0.7142857142857143,0.5951903807615231
2013-08-08,0.25,0.930578280789092,0.75,0.5,0.42857142857142855,0.25,0.907467369985268,1.0,0.75,0.7142857142857143,0.5831663326653307
2013-08-09,0.25,1.0582671086230675,0.75,0.5,0.42857142857142855,0.25,0.9431824227874097,1.0,0.75,0.7142857142857143,0.5811623246492986
2013-08-12,0.25,0.8568019892751101,0.75,0.5,0.42857142857142855,0.25,0.8726710369793729,1.0,0.75,0.7142857142857143,0.5731462925851704
2013-08-13,0.25,0.7405748486992515,0.75,0.5,0.42857142857142855,0.25,0.7160174592448435,1.0,0.75,0.7142857142857143,0.5671342685370742
2013-08-14,0.375,0.9230301241111015,0.75,0.375,0.2857142857142857,0.25,0.6575746292214232,1.0,0.75,0.7142857142857143,0.5691382765531062
2013-08-15,0.125,0.9153699455331572,0.625,0.5,0.42857142857142855,0.25,0.7161033823939573,1.0,0.75,0.7142857142857143,0.5651302605210421
2013-08-16,0.25,1.0868164247573615,0.625,0.375,0.2857142857142857,0.25,0.7456212375203275,1.0,0.75,0.7142857142857143,0.5831663326653307
2013-08-19,0.125,1.017803382169814,0.625,0.5,0.42857142857142855,0.25,0.7530902999153715,1.0,0.75,0.7142857142857143,0.5991983967935872
2013-08-20,0.375,1.1286819818384235,0.75,0.375,0.2857142857142857,0.25,0.7559517806095957,1.0,0.75,0.7142857142857143,0.7114228456913828
2013-08-21,0.125,0.8459916594936565,0.625,0.5,0.42857142857142855,0.25,0.7272088168063885,1.0,0.75,0.7142857142857143,0.7194388777555111
2013-08-22,0.375,0.7192833104360378,0.875,0.5,0.42857142857142855,0.25,0.7332764719354825,1.0,0.75,0.7142857142857143,0.7354709418837675
2013-08-23,0.375,0.9997006580874678,0.875,0.5,0.42857142857142855,0.25,0.6953931685531481,1.0,0.75,0.7142857142857143,0.6953907815631263
2013-08-26,0.375,0.6809540530523579,0.875,0.5,0.42857142857142855,0.25,0.6878969271216259,1.0,0.75,0.7142857142857143,0.6673346693386774
2013-08-27,0.25,0.6974681639141617,0.75,0.5,0.42857142857142855,0.25,0.7448879674272536,1.0,0.75,0.7142857142857143,0.7054108216432866
2013-08-28,0.375,0.700485667281582,0.875,0.5,0.42857142857142855,0.25,0.6666570453184378,1.0,0.75,0.7142857142857143,0.6412825651302605
2013-08-29,0.125,0.0023520771511222893,1.0,0.875,0.8571428571428571,0.25,0.5598347759552963,1.0,0.75,0.7142857142857143,0.591182364729459
2013-08-30,-0.125,-0.008329394250972677,0.75,0.875,0.8571428571428571,0.25,0.3793776925924057,1.0,0.75,0.7142857142857143,0.49899799599198397
2013-09-02,-0.5,-0.25080882891950596,0.5,1.0,1.0,0.25,0.39586853845518266,1.0,0.75,0.7142857142857143,0.6132264529058116
2013-09-03,-0.375,-0.7580313521625782,0.625,1.0,1.0,0.25,0.286490723313397,1.0,0.75,0.7142857142857143,0.6232464929859719
2013-09-04,-0.375,-0.7350071979159821,0.625,1.0,1.0,0.25,0.2773167777834318,1.0,0.75,0.7142857142857143,0.6052104208416834
2013-09-05,-0.25,-1.11737441693769,0.75,1.0,1.0,0.125,0.11879690548910282,1.0,0.875,0.8571428571428571,0.5751503006012024
2013-09-06,-0.375,-0.7797652896000544,0.625,1.0,1.0,0.125,0.054220751614307505,1.0,0.875,0.8571428571428571,0.5851703406813628
2013-09-09,-0.25,-0.4688618402100624,0.625,0.875,0.8571428571428571,0.125,0.13647296718636648,1.0,0.875,0.8571428571428571,0.6072144288577155
2013-09-10,-0.125,-0.545704041553832,0.625,0.75,0.7142857142857143,0.125,0.21091504997970978,1.0,0.875,0.8571428571428571,0.6412825651302605
2013-09-11,0.125,0.06122350014836514,0.625,0.5,0.42857142857142855,0.125,0.24701081587252827,1.0,0.875,0.8571428571428571,0.6212424849699398
2013-09-12,0.25,0.3073167931006667,0.625,0.375,0.2857142857142857,0.25,0.3127083019977489,1.0,0.75,0.7142857142857143,0.6132264529058116
2013-09-13,0.5,0.7537800718086881,0.75,0.25,0.14285714285714285,0.25,0.29577579531514886,1.0,0.75,0.7142857142857143,0.5891783567134269
2013-09-16,0.375,0.8469631688049232,0.625,0.25,0.14285714285714285,0.25,0.36809125949734345,1.0,0.75,0.7142857142857143,0.5731462925851704
2013-09-17,0.5,1.0173252329177027,0.75,0.25,0.14285714285714285,0.375,0.4096982575027124,1.0,0.625,0.5714285714285714,0.4789579158316633
2013-09-18,0.5,1.6423721262696054,0.75,0.25,0.14285714285714285,0.375,0.5673603749597074,1.0,0.625,0.5714285714285714,0.4969939879759519
2013-09-19,0.5,1.491459269764789,0.75,0.25,0.14285714285714285,0.375,0.5210337057251864,1.0,0.625,0.5714285714285714,0.531062124248497
2013-09-20,0.5,1.553327248833683,0.75,0.25,0.14285714285714285,0.375,0.5755801873917124,1.0,0.625,0.5714285714285714,0.5290581162324649
2013-09-23,0.5,1.539111872521509,0.625,0.125,0.0,0.375,0.535177878174155,1.0,0.625,0.5714285714285714,0.533066132264529
2013-09-24,0.5,1.9326141446624534,0.625,0.125,0.0,0.375,0.5058338465786636,1.0,0.625,0.5714285714285714,0.4408817635270541
2013-09-25,0.5,2.1091509216588107,0.625,0.125,0.0,0.375,0.5619585443746646,1.0,0.625,0.5714285714285714,0.4589178356713427
2013-09-26,0.5,2.0496523618388407,0.625,0.125,0.0,0.375,0.4321087167592382,1.0,0.625,0.5714285714285714,0.4589178356713427
2013-09-27,0.5,2.0759407813945643,0.625,0.125,0.0,0.5,0.4615708186462469,1.0,0.5,0.42857142857142855,0.5250501002004008
2013-09-30,0.5,1.975389613967288,0.625,0.125,0.0,0.5,0.500250126905675,1.0,0.5,0.42857142857142855,0.32665330661322645
2013-10-01,0.625,2.079895440298614,0.75,0.125,0.0,0.5,0.5767306819214859,1.0,0.5,0.42857142857142855,0.3226452905811623
2013-10-02,0.5,1.740073209617647,0.625,0.125,0.0,0.5,0.6538508926915628,1.0,0.5,0.42857142857142855,0.26452905811623245
2013-10-03,0.5,1.7705842611059797,0.625,0.125,0.0,0.5,0.6334479427153611,1.0,0.5,0.42857142857142855,0.23046092184368738
2013-10-04,0.375,1.6923040016937723,0.5,0.125,0.0,0.375,0.5633255585985253,1.0,0.625,0.5714285714285714,0.26452905811623245
2013-10-07,0.5,1.8569715256963457,0.625,0.125,0.0,0.5,0.6113356743082259,1.0,0.5,0.42857142857142855,0.2565130260521042
2013-10-08,0.5,1.5627182973900682,0.625,0.125,0.0,0.375,0.47336631621207087,1.0,0.625,0.5714285714285714,0.16432865731462926
2013-10-09,0.5,1.7566597901744079,0.625,0.125,0.0,0.375,0.41055358567674316,1.0,0.625,0.5714285714285714,0.19238476953907815
2013-10-10,0.375,1.7382199484224816,0.625,0.25,0.14285714285714285,0.375,0.4465829155095667,1.0,0.625,0.5714285714285714,0.20440881763527055
2013-10-11,0.5,1.860489981131105,0.625,0.125,0.0,0.375,0.5058239663797768,1.0,0.625,0.5714285714285714,0.21643286573146292
2013-10-14,0.5,1.684715142859768,0.75,0.25,0.14285714285714285,0.375,0.48623385138466857,1.0,0.625,0.5714285714285714,0.18837675350701402
2013-10-15,0.25,1.2798044605572194,0.5,0.25,0.14285714285714285,0.5,0.5327541536097543,1.0,0.5,0.42857142857142855,0.21643286573146292
2013-10-16,0.25,1.3381161104268133,0.5,0.25,0.14285714285714285,0.375,0.5443535662753691,1.0,0.625,0.5714285714285714,0.17234468937875752
2013-10-17,0.25,1.5361194567239582,0.5,0.25,0.14285714285714285,0.5,0.7161657856887498,1.0,0.5,0.42857142857142855,0.156312625250501
2013-10-18,0.375,1.4711300928761222,0.625,0.25,0.14285714285714285,0.5,0.7120686078840158,1.0,0.5,0.42857142857142855,0.156312625250501
2013-10-21,0.125,1.3630415685968704,0.5,0.375,0.2857142857142857,0.5,0.8352916440268006,1.0,0.5,0.42857142857142855,0.1523046092184369
2013-10-22,0.375,1.3599114053006907,0.625,0.25,0.14285714285714285,0.5,0.8947698186808122,1.0,0.5,0.42857142857142855,0.15030060120240482
2013-10-23,0.25,1.242490776023963,0.5,0.25,0.14285714285714285,0.5,0.9234906174954427,1.0,0.5,0.42857142857142855,0.2124248496993988
2013-10-24,0.25,1.5498674711813862,0.5,0.25,0.14285714285714285,0.5,0.944491801396002,1.0,0.5,0.42857142857142855,0.20240480961923848
2013-10-25,0.25,1.4331303410597351,0.5,0.25,0.14285714285714285,0.5,0.9718691650915154,1.0,0.5,0.42857142857142855,0.1683366733466934
2013-11-05,0.25,0.5797604455058286,0.625,0.375,0.2857142857142857,0.5,0.6996926411451609,1.0,0.5,0.42857142857142855,0.4909819639278557
2013-11-06,0.25,0.5954231911307059,0.625,0.375,0.2857142857142857,0.5,0.7311755761565859,1.0,0.5,0.42857142857142855,0.43887775551102204
2013-11-07,0.25,0.24141500453981396,0.625,0.375,0.2857142857142857,0.5,0.6560415347562116,1.0,0.5,0.42857142857142855,0.47695390781563124
2013-11-08,-0.125,-0.08332599187158413,0.5,0.625,0.5714285714285714,0.5,0.578131270876038,1.0,0.5,0.42857142857142855,0.5110220440881763
2013-11-11,0.25,0.24061277944225906,0.625,0.375,0.2857142857142857,0.5,0.6611148628553981,1.0,0.5,0.42857142857142855,0.4188376753507014
2013-11-12,0.25,0.5505360792610465,0.625,0.375,0.2857142857142857,0.375,0.6336032754436658,1.0,0.625,0.5714285714285714,0.4028056112224449
2013-11-13,0.125,0.8972580530021959,0.5,0.375,0.2857142857142857,0.5,0.6593081309217153,1.0,0.5,0.42857142857142855,0.4308617234468938
2013-11-14,0.125,0.8077244867112033,0.5,0.375,0.2857142857142857,0.5,0.632162236929166,1.0,0.5,0.42857142857142855,0.39879759519038077
2013-11-15,0.125,0.5090412319107491,0.5,0.375,0.2857142857142857,0.5,0.6040156399442931,1.0,0.5,0.42857142857142855,0.3867735470941884
2013-11-18,0.125,0.7326904865269681,0.5,0.375,0.2857142857142857,0.5,0.5391542011165277,1.0,0.5,0.42857142857142855,0.3587174348697395
2013-11-19,0.25,0.7157053075840051,0.625,0.375,0.2857142857142857,0.5,0.5371055265118785,1.0,0.5,0.42857142857142855,0.4248496993987976
2013-11-20,0.25,0.07249393779911517,0.625,0.375,0.2857142857142857,0.5,0.5033591076650152,1.0,0.5,0.42857142857142855,0.4789579158316633
2013-11-21,0.125,0.37434294107060134,0.5,0.375,0.2857142857142857,0.375,0.49400267399715847,1.0,0.625,0.5714285714285714,0.5791583166332666
2013-11-22,0.125,0.6787223229918915,0.5,0.375,0.2857142857142857,0.375,0.526949942741882,1.0,0.625,0.5714285714285714,0.5871743486973948
2013-11-25,0.125,0.4455991340929092,0.5,0.375,0.2857142857142857,0.5,0.4854268696268821,1.0,0.5,0.42857142857142855,0.6312625250501002
2013-11-26,0.25,0.6657635489784948,0.625,0.375,0.2857142857142857,0.375,0.47091306223071694,1.0,0.625,0.5714285714285714,0.6613226452905812
2013-11-27,0.375,0.4754568126444306,0.75,0.375,0.2857142857142857,0.375,0.424810986846053,1.0,0.625,0.5714285714285714,0.6993987975951904
2013-11-28,0.375,0.695638367073502,0.75,0.375,0.2857142857142857,0.375,0.47575651349382175,1.0,0.625,0.5714285714285714,0.5731462925851704
2013-11-29,0.25,0.88853642663685,0.625,0.375,0.2857142857142857,0.375,0.5442401468191992,1.0,0.625,0.5714285714285714,0.533066132264529
2013-12-02,0.375,0.7452530876931596,0.75,0.375,0.2857142857142857,0.375,0.5229651517828967,1.0,0.625,0.5714285714285714,0.5751503006012024
2013-12-03,0.25,1.0741836025773526,0.625,0.375,0.2857142857142857,0.375,0.5573756068506532,1.0,0.625,0.5714285714285714,0.25250501002004005
2013-12-04,0.125,1.1136983612647313,0.625,0.5,0.42857142857142855,0.375,0.4965133835271063,1.0,0.625,0.5714285714285714,0.34468937875751504
2013-12-05,0.125,1.3037854689786048,0.625,0.5,0.42857142857142855,0.375,0.5324704028633502,1.0,0.625,0.5714285714285714,0.3186372745490982
2013-12-06,0.125,1.3959889983150497,0.625,0.5,0.42857142857142855,0.375,0.547443880385926,1.0,0.625,0.5714285714285714,0.3867735470941884
2013-12-09,0.25,1.236343141460451,0.75,0.5,0.42857142857142855,0.375,0.4968257076305649,1.0,0.625,0.5714285714285714,0.4168336673346693
2013-12-10,0.25,1.2233947328099735,0.75,0.5,0.42857142857142855,0.375,0.530119092645703,1.0,0.625,0.5714285714285714,0.37074148296593185
2013-12-11,0.25,1.2580891924351134,0.75,0.5,0.42857142857142855,0.375,0.5087993457962863,1.0,0.625,0.5714285714285714,0.45691382765531063
2013-12-12,0.375,0.9965786797204307,0.875,0.5,0.42857142857142855,0.375,0.4750486651742788,1.0,0.625,0.5714285714285714,0.501002004008016
2013-12-13,0.375,1.0685590608696982,0.875,0.5,0.42857142857142855,0.375,0.43904447262831825,1.0,0.625,0.5714285714285714,0.5190380761523046
2013-12-16,0.375,1.1183313079232633,0.875,0.5,0.42857142857142855,0.5,0.5065297462615244,1.0,0.5,0.42857142857142855,0.5230460921843687
2013-12-17,0.375,1.0350197284056952,0.875,0.5,0.42857142857142855,0.5,0.5302625403145298,1.0,0.5,0.42857142857142855,0.48296593186372744
2013-12-18,0.125,0.682469217489807,0.75,0.625,0.5714285714285714,0.375,0.4272879064820785,1.0,0.625,0.5714285714285714,0.5551102204408818
2013-12-19,0.125,0.33157027065109834,0.75,0.625,0.5714285714285714,0.375,0.3886485827762596,1.0,0.625,0.5714285714285714,0.4228456913827655
2013-12-20,0.125,0.3993779338366116,0.75,0.625,0.5714285714285714,0.375,0.41945991943960004,1.0,0.625,0.5714285714285714,0.3406813627254509
2013-12-23,0.125,0.4609783091267213,0.75,0.625,0.5714285714285714,0.375,0.4480689839815839,1.0,0.625,0.5714285714285714,0.312625250501002
2013-12-24,0.125,0.48325027121720165,0.75,0.625,0.5714285714285714,0.375,0.4556341098224722,1.0,0.625,0.5714285714285714,0.22845691382765532
2013-12-25,0.125,0.5325544968509095,0.75,0.625,0.5714285714285714,0.375,0.4524662240131365,1.0,0.625,0.5714285714285714,0.14829659318637275
2013-12-26,0.125,0.41944523716965515,0.75,0.625,0.5714285714285714,0.375,0.46353746263206375,1.0,0.625,0.5714285714285714,0.16032064128256512
2013-12-27,0.125,0.5713615370517067,0.75,0.625,0.5714285714285714,0.375,0.6094088712049022,1.0,0.625,0.5714285714285714,0.18637274549098196
2013-12-30,0.25,0.6381658070576305,0.875,0.625,0.5714285714285714,0.375,0.632669010618355,1.0,0.625,0.5714285714285714,0.16432865731462926
2013-12-31,0.25,0.5483535380010756,0.875,0.625,0.5714285714285714,0.375,0.5515840794735883,1.0,0.625,0.5714285714285714,0.18236472945891782
2014-01-01,0.25,0.533252307574873,0.875,0.625,0.5714285714285714,0.375,0.5794026800720268,1.0,0.625,0.5714285714285714,0.13827655310621242
2014-01-02,0.25,0.21491154170615123,0.875,0.625,0.5714285714285714,0.375,0.558699610054839,1.0,0.625,0.5714285714285714,0.17034068136272545
2014-01-03,-0.25,-0.10176179384872752,0.625,0.875,0.8571428571428571,0.375,0.3126381633072275,1.0,0.625,0.5714285714285714,0.1743486973947896
2014-01-06,0.25,0.2027402776534506,0.875,0.625,0.5714285714285714,0.375,0.30574084753338016,1.0,0.625,0.5714285714285714,0.16032064128256512
2014-01-07,0.125,0.0832258189608639,0.875,0.75,0.7142857142857143,0.25,0.23481825131770784,0.875,0.625,0.5714285714285714,0.18837675350701402
2014-01-08,0.125,0.005823750539779127,0.875,0.75,0.7142857142857143,0.125,0.26152835036271505,0.75,0.625,0.5714285714285714,0.13827655310621242
2014-01-09,0.25,0.16745427079783737,0.875,0.625,0.5714285714285714,0.125,0.28621529966588577,0.75,0.625,0.5714285714285714,0.09619238476953908
2014-01-10,0.375,0.3231463413784405,0.875,0.5,0.42857142857142855,0.125,0.2820449759392645,0.75,0.625,0.5714285714285714,0.1342685370741483
2014-01-13,0.25,0.30381647187869815,0.75,0.5,0.42857142857142855,0.25,0.3538598045924438,0.75,0.5,0.42857142857142855,0.2124248496993988
2014-01-14,0.25,0.25270364752583535,0.75,0.5,0.42857142857142855,0.25,0.33779589121309583,0.75,0.5,0.42857142857142855,0.31462925851703405
2014-01-15,0.25,0.17454697836439337,0.875,0.625,0.5714285714285714,0.125,0.2637702173505172,0.75,0.625,0.5714285714285714,0.1743486973947896
2014-01-16,0.125,0.16802192735036225,0.75,0.625,0.5714285714285714,0.125,0.27848748544640833,0.75,0.625,0.5714285714285714,0.218436873747495
2014-01-17,-0.25,-0.3050180159416419,0.625,0.875,0.8571428571428571,0.125,0.14408297518525337,0.75,0.625,0.5714285714285714,0.2965931863727455
2014-01-20,-0.25,-0.2641415197437087,0.625,0.875,0.8571428571428571,0.125,0.09846160277159399,0.75,0.625,0.5714285714285714,0.33867735470941884
2014-01-21,-0.125,-0.2407151895221764,0.75,0.875,0.8571428571428571,0.125,0.11138165823301294,0.75,0.625,0.5714285714285714,0.3466933867735471
2014-01-22,-0.125,-0.46544708164504545,0.75,0.875,0.8571428571428571,0.125,0.056313075707256965,0.75,0.625,0.5714285714285714,0.48096192384769537
2014-01-23,-0.25,-0.15348427104995777,0.625,0.875,0.8571428571428571,0.125,0.12076547304163188,0.75,0.625,0.5714285714285714,0.6633266533066132
2014-01-24,-0.25,-0.24271313902398833,0.625,0.875,0.8571428571428571,0.125,0.08791469205402624,0.75,0.625,0.5714285714285714,0.7234468937875751
2014-01-27,-0.375,-0.26533900972223434,0.5,0.875,0.8571428571428571,0.125,0.018573545279763293,0.75,0.625,0.5714285714285714,0.7535070140280561
2014-01-28,0.125,0.3484828006385661,0.75,0.625,0.5714285714285714,0.25,0.14800429406420224,0.875,0.625,0.5714285714285714,0.7755511022044088
2014-01-29,0.125,0.2720645215357223,0.75,0.625,0.5714285714285714,0.125,0.07879389272749471,0.75,0.625,0.5714285714285714,0.8637274549098196
2014-01-30,0.125,0.2979570800836313,0.75,0.625,0.5714285714285714,0.125,0.04204864088193827,0.75,0.625,0.5714285714285714,0.8657314629258517
2014-01-31,0.125,0.28456688155206517,0.75,0.625,0.5714285714285714,0.125,0.10170481606718307,0.75,0.625,0.5714285714285714,0.8496993987975952
2014-02-03,0.125,0.2825626768955893,0.75,0.625,0.5714285714285714,0.125,0.18264212177098815,0.75,0.625,0.5714285714285714,0.8997995991983968
2014-02-04,0.25,0.22733120501607001,0.75,0.5,0.42857142857142855,0.125,0.13850476506251763,0.75,0.625,0.5714285714285714,0.9498997995991983
2014-02-05,0.125,0.15654992401865347,0.75,0.625,0.5714285714285714,0.125,0.09978255370160616,0.75,0.625,0.5714285714285714,0.9398797595190381
2014-02-06,0.125,0.3889098159571163,0.75,0.625,0.5714285714285714,0.125,0.1626289395792202,0.75,0.625,0.5714285714285714,0.9398797595190381
2014-02-07,0.125,0.4136842421812658,0.75,0.625,0.5714285714285714,0.125,0.3072882319794184,0.75,0.625,0.5714285714285714,0.9198396793587175
2014-02-10,0.125,0.3790423165677543,0.75,0.625,0.5714285714285714,0.125,0.32041849538132877,0.75,0.625,0.5714285714285714,0.8697394789579158
2014-02-11,0.125,0.30213721414676037,0.75,0.625,0.5714285714285714,0.125,0.33194232868095114,0.75,0.625,0.5714285714285714,0.8476953907815631
2014-02-12,0.25,0.44237232426770057,0.75,0.5,0.42857142857142855,0.125,0.2341508331879555,0.75,0.625,0.5714285714285714,0.875751503006012
2014-02-13,0.25,0.635298463383536,0.75,0.5,0.42857142857142855,0.125,0.41420946770763156,0.75,0.625,0.5714285714285714,0.8637274549098196
2014-02-14,0.125,0.49680395596269894,0.625,0.5,0.42857142857142855,0.25,0.5248323147825615,0.75,0.5,0.42857142857142855,0.8236472945891784
2014-02-17,0.125,0.61602514746692,0.625,0.5,0.42857142857142855,0.125,0.5414099137663334,0.75,0.625,0.5714285714285714,0.781563126252505
2014-02-18,0.25,0.6987752710518026,0.75,0.5,0.42857142857142855,0.25,0.6901867181739954,0.875,0.625,0.5714285714285714,0.8296593186372746
2014-02-19,0.125,0.5493553447007995,0.625,0.5,0.42857142857142855,0.375,0.6592615798842094,0.875,0.5,0.42857142857142855,0.7995991983967936
2014-02-20,0.125,0.40160376339788584,0.625,0.5,0.42857142857142855,0.25,0.5869620549876997,0.75,0.5,0.42857142857142855,0.6533066132264529
2014-02-21,0.125,0.5257017994264899,0.625,0.5,0.42857142857142855,0.25,0.6577568627387904,0.75,0.5,0.42857142857142855,0.5511022044088176
2014-02-24,0.25,0.7663039758245908,0.625,0.375,0.2857142857142857,0.25,0.7091319707140906,0.75,0.5,0.42857142857142855,0.5591182364729459
2014-02-25,0.375,0.6189322601988683,0.75,0.375,0.2857142857142857,0.25,0.722733599769851,0.75,0.5,0.42857142857142855,0.4468937875751503
2014-02-26,0.125,0.3850011230341915,0.625,0.5,0.42857142857142855,0.125,0.6243843830707002,0.75,0.625,0.5714285714285714,0.32665330661322645
2014-02-27,0.125,0.1383246738640168,0.625,0.5,0.42857142857142855,0.25,0.7017850722617783,0.75,0.5,0.42857142857142855,0.2565130260521042
2014-02-28,0.125,0.3795018759145984,0.5,0.375,0.2857142857142857,0.25,0.6593388931422822,0.75,0.5,0.42857142857142855,0.23446893787575152
2014-03-03,0.125,0.006341574386858735,0.5,0.375,0.2857142857142857,0.25,0.7114000505990395,0.75,0.5,0.42857142857142855,0.18837675350701402
2014-03-04,-0.25,-0.08097178369722002,0.375,0.625,0.5714285714285714,0.25,0.6824302515043057,0.75,0.5,0.42857142857142855,0.0781563126252505
2014-03-05,-0.25,-0.20640616106752058,0.375,0.625,0.5714285714285714,0.25,0.6723776399812239,0.75,0.5,0.42857142857142855,0.1062124248496994
2014-03-06,0.25,0.4507434506501628,0.5,0.25,0.14285714285714285,0.25,0.8503847185313966,0.75,0.5,0.42857142857142855,0.17234468937875752
2014-03-07,0.125,0.46515772677233735,0.5,0.375,0.2857142857142857,0.25,0.797618781138224,0.75,0.5,0.42857142857142855,0.1843687374749499
2014-03-10,0.125,0.4046060631429419,0.5,0.375,0.2857142857142857,0.25,0.7387815426179829,0.75,0.5,0.42857142857142855,0.21643286573146292
2014-03-11,0.25,0.29509608696295053,0.625,0.375,0.2857142857142857,0.25,0.8259668163960626,0.75,0.5,0.42857142857142855,0.1683366733466934
2014-03-12,0.375,0.7842160128759315,0.625,0.25,0.14285714285714285,0.25,0.9350545920505718,0.75,0.5,0.42857142857142855,0.13827655310621242
2014-03-13,0.125,0.6946353937714491,0.375,0.25,0.14285714285714285,0.25,0.8868000297315342,0.75,0.5,0.42857142857142855,0.13627254509018036
2014-03-14,0.25,0.7296257707377181,0.5,0.25,0.14285714285714285,0.25,0.9322557322807996,0.75,0.5,0.42857142857142855,0.1282565130260521
2014-03-17,0.125,0.7078396799047874,0.375,0.25,0.14285714285714285,0.25,0.8745559698341668,0.75,0.5,0.42857142857142855,0.1743486973947896
2014-03-18,0.25,0.6749008049847242,0.5,0.25,0.14285714285714285,0.25,0.9781157764513778,0.75,0.5,0.42857142857142855,0.18637274549098196
2014-03-19,0.125,0.391280961101606,0.375,0.25,0.14285714285714285,0.25,0.8599203235857678,0.75,0.5,0.42857142857142855,0.18637274549098196
2014-03-20,0.25,0.23254336226467237,0.5,0.25,0.14285714285714285,0.25,0.8948694999567293,0.75,0.5,0.42857142857142855,0.17234468937875752
2014-03-21,0.25,0.15616468776788975,0.5,0.25,0.14285714285714285,0.375,0.9115023437602203,0.875,0.5,0.42857142857142855,0.1683366733466934
2014-03-24,0.25,0.11911664824094512,0.5,0.25,0.14285714285714285,0.375,0.9520367678771499,0.875,0.5,0.42857142857142855,0.12224448897795591
2014-03-25,0.125,0.2092162970510885,0.5,0.375,0.2857142857142857,0.375,0.9195568983598995,0.875,0.5,0.42857142857142855,0.13026052104208416
2014-03-26,0.125,0.04535007955163023,0.5,0.375,0.2857142857142857,0.375,0.9070626404835112,0.875,0.5,0.42857142857142855,0.17034068136272545
2014-03-27,0.125,0.22200469238739945,0.375,0.25,0.14285714285714285,0.375,0.8690725382153381,0.875,0.5,0.42857142857142855,0.22444889779559118
2014-03-28,0.125,0.519966676285179,0.375,0.25,0.14285714285714285,0.375,0.8452022188448388,0.875,0.5,0.42857142857142855,0.17234468937875752
2014-03-31,0.25,0.44717623736890444,0.5,0.25,0.14285714285714285,0.375,0.8403221582092678,0.875,0.5,0.42857142857142855,0.14829659318637275
2014-04-01,0.25,0.6674025828993371,0.5,0.25,0.14285714285714285,0.375,0.8512716262790543,0.875,0.5,0.42857142857142855,0.12424849699398798
2014-04-02,0.375,0.7553210029944784,0.625,0.25,0.14285714285714285,0.375,0.7609764487183619,0.875,0.5,0.42857142857142855,0.12024048096192384
2014-04-03,0.25,0.4894795778664758,0.5,0.25,0.14285714285714285,0.25,0.7208738830787418,0.875,0.625,0.5714285714285714,0.05811623246492986
2014-04-04,0.125,0.20335163967114422,0.375,0.25,0.14285714285714285,0.25,0.6952819323154077,0.875,0.625,0.5714285714285714,0.05811623246492986
2014-04-07,0.25,0.4647472787288953,0.5,0.25,0.14285714285714285,0.375,0.7327747477196866,0.875,0.5,0.42857142857142855,0.052104208416833664
2014-04-08,0.25,0.6142184280471877,0.375,0.125,0.0,0.375,0.886279034957474,0.875,0.5,0.42857142857142855,0.07414829659318638
2014-04-09,0.25,1.0727152829880395,0.375,0.125,0.0,0.375,0.8205303738595653,0.875,0.5,0.42857142857142855,0.06613226452905811
2014-04-10,0.125,0.9961828354022849,0.375,0.25,0.14285714285714285,0.375,1.0202015994090858,0.875,0.5,0.42857142857142855,0.07214428857715431
2014-04-11,0.375,1.1636876351905698,0.625,0.25,0.14285714285714285,0.25,0.9901097369263501,0.75,0.5,0.42857142857142855,0.056112224448897796
2014-04-14,0.25,0.9243052913911569,0.5,0.25,0.14285714285714285,0.25,0.9451168759222917,0.75,0.5,0.42857142857142855,0.050100200400801605
2014-04-15,0.25,0.9508335890549263,0.5,0.25,0.14285714285714285,0.25,0.9257625141053276,0.75,0.5,0.42857142857142855,0.026052104208416832
2014-04-16,0.375,1.1406925769063363,0.5,0.125,0.0,0.25,0.9545291283622647,0.75,0.5,0.42857142857142855,0.008016032064128256
2014-04-17,0.25,0.45355893184130536,0.375,0.125,0.0,0.25,0.9335646618859378,0.75,0.5,0.42857142857142855,0.022044088176352707
2014-04-18,0.25,0.43495508570021996,0.5,0.25,0.14285714285714285,0.25,0.9469556254461934,0.75,0.5,0.42857142857142855,0.006012024048096192
2014-04-21,0.25,0.41467738959603295,0.375,0.125,0.0,0.25,0.8996979305285243,0.75,0.5,0.42857142857142855,0.002004008016032064
2014-04-22,0.25,0.5766236050956342,0.375,0.125,0.0,0.25,0.8309105841199901,0.75,0.5,0.42857142857142855,0.004008016032064128
2014-04-23,0.125,0.5254049706655775,0.375,0.25,0.14285714285714285,0.25,0.745857950546643,0.75,0.5,0.42857142857142855,0.0
2014-04-24,0.5,1.136138820734928,0.625,0.125,0.0,0.25,0.7622651975675911,0.75,0.5,0.42857142857142855,0.0
2014-04-25,0.5,1.1821299543779202,0.625,0.125,0.0,0.25,0.8998552226069793,0.75,0.5,0.42857142857142855,0.0
2014-04-28,0.25,1.0101883820415305,0.5,0.25,0.14285714285714285,0.125,0.8409395087917573,0.75,0.625,0.5714285714285714,0.002004008016032064
2014-04-29,0.25,1.3163421916634117,0.5,0.25,0.14285714285714285,0.25,0.8790059909829178,0.75,0.5,0.42857142857142855,0.004008016032064128
2014-04-30,0.25,1.3348923504935108,0.5,0.25,0.14285714285714285,0.25,0.9115650748374365,0.75,0.5,0.42857142857142855,0.006012024048096192
2014-05-01,0.25,1.2239334070347,0.5,0.25,0.14285714285714285,0.25,0.827157770914396,0.75,0.5,0.42857142857142855,0.004008016032064128
2014-05-02,0.375,1.1157163325801667,0.5,0.125,0.0,0.25,0.9584894007789355,0.75,0.5,0.42857142857142855,0.0
2014-05-05,0.375,1.031297736468669,0.5,0.125,0.0,0.25,1.0336406815893646,0.75,0.5,0.42857142857142855,0.0
2014-05-06,0.375,1.4646871585311676,0.5,0.125,0.0,0.375,1.1010150239266365,0.75,0.375,0.2857142857142857,0.0
2014-05-07,0.5,1.7776604884168425,0.625,0.125,0.0,0.375,1.152338568380812,0.75,0.375,0.2857142857142857,0.0
2014-05-08,0.25,0.8500882794648046,0.375,0.125,0.0,0.375,1.191082721794357,0.75,0.375,0.2857142857142857,0.002004008016032064
2014-05-09,0.125,0.3279859476296475,0.375,0.25,0.14285714285714285,0.375,1.1423302142416678,0.75,0.375,0.2857142857142857,0.006012024048096192
2014-05-12,0.125,0.2953794550351121,0.375,0.25,0.14285714285714285,0.375,1.2281038720932296,0.75,0.375,0.2857142857142857,0.0
2014-05-13,-0.25,-0.2489312184494944,0.125,0.375,0.2857142857142857,0.25,1.1025580399188943,0.75,0.5,0.42857142857142855,0.0
2014-05-14,-0.25,-0.07605244000728384,0.125,0.375,0.2857142857142857,0.375,1.0898898335177392,0.75,0.375,0.2857142857142857,0.0
2014-05-15,-0.125,-0.047282631132257835,0.25,0.375,0.2857142857142857,0.25,1.1625535381820515,0.625,0.375,0.2857142857142857,0.0
2014-05-16,-0.125,-0.15954587470075987,0.25,0.375,0.2857142857142857,0.25,1.0579578351101206,0.625,0.375,0.2857142857142857,0.004008016032064128
2014-05-19,-0.125,-0.13733972907946712,0.25,0.375,0.2857142857142857,0.125,1.0926033300642248,0.625,0.5,0.42857142857142855,0.01002004008016032
2014-05-20,-0.125,-0.2826510451598604,0.25,0.375,0.2857142857142857,0.125,1.0546612595247542,0.625,0.5,0.42857142857142855,0.02004008016032064
2014-05-21,0.125,0.013123665589474531,0.375,0.25,0.14285714285714285,0.375,1.1231035132879605,0.75,0.375,0.2857142857142857,0.012024048096192385
2014-05-22,-0.125,-0.30323747220171715,0.25,0.375,0.2857142857142857,0.125,1.0001039638288003,0.625,0.5,0.42857142857142855,0.002004008016032064
2014-05-23,-0.25,-0.777540389689368,0.25,0.5,0.42857142857142855,0.125,0.851995254361855,0.625,0.5,0.42857142857142855,0.01002004008016032
2014-05-26,-0.25,-0.433504492558052,0.25,0.5,0.42857142857142855,0.125,0.9366469932558669,0.625,0.5,0.42857142857142855,0.0
2014-05-27,-0.125,-0.5352921133754598,0.25,0.375,0.2857142857142857,0.125,0.8120366097896219,0.625,0.5,0.42857142857142855,0.0
2014-05-28,-0.25,-0.8464041132121152,0.25,0.5,0.42857142857142855,0.125,0.8048636002157131,0.625,0.5,0.42857142857142855,0.002004008016032064
2014-05-29,-0.25,-1.2913750597859348,0.25,0.5,0.42857142857142855,0.125,0.8654404630646386,0.625,0.5,0.42857142857142855,0.004008016032064128
2014-05-30,-0.125,-1.1073922970997223,0.25,0.375,0.2857142857142857,0.125,0.6473616383323245,0.625,0.5,0.42857142857142855,0.004008016032064128
2014-06-02,-0.25,-1.2878771751488103,0.25,0.5,0.42857142857142855,0.125,0.5706381600010034,0.625,0.5,0.42857142857142855,0.014028056112224449
2014-06-03,-0.25,-1.0131358195270819,0.25,0.5,0.42857142857142855,0.125,0.5939226169261409,0.625,0.5,0.42857142857142855,0.014028056112224449
2014-06-04,-0.25,-1.2229025613828117,0.25,0.5,0.42857142857142855,0.125,0.4238154345928764,0.625,0.5,0.42857142857142855,0.01002004008016032
2014-06-05,-0.375,-0.9467700891946145,0.25,0.625,0.5714285714285714,0.125,0.48208225579068575,0.625,0.5,0.42857142857142855,0.004008016032064128
2014-06-06,-0.375,-1.119862327367904,0.25,0.625,0.5714285714285714,0.125,0.4026387451099301,0.625,0.5,0.42857142857142855,0.0
2014-06-09,-0.375,-1.3507119407415842,0.25,0.625,0.5714285714285714,0.125,0.3588002705163788,0.625,0.5,0.42857142857142855,0.004008016032064128
2014-06-10,-0.375,-1.4511770858554287,0.25,0.625,0.5714285714285714,0.125,0.27075068450241924,0.625,0.5,0.42857142857142855,0.008016032064128256
2014-06-11,-0.25,-1.022329303997414,0.125,0.375,0.2857142857142857,0.125,0.2090323849798111,0.625,0.5,0.42857142857142855,0.018036072144288578
2014-06-12,-0.25,-0.8043358493294092,0.125,0.375,0.2857142857142857,0.25,0.35537787919749075,0.625,0.375,0.2857142857142857,0.036072144288577156
2014-06-13,-0.125,-0.9206448998529421,0.25,0.375,0.2857142857142857,0.25,0.4433199180384559,0.625,0.375,0.2857142857142857,0.04609218436873747
2014-06-16,-0.25,-0.9938893709193246,0.125,0.375,0.2857142857142857,0.25,0.6465376010542598,0.625,0.375,0.2857142857142857,0.04008016032064128
2014-06-17,-0.25,-1.1754856163433434,0.125,0.375,0.2857142857142857,0.25,0.6132900180797372,0.625,0.375,0.2857142857142857,0.01603206412825651
2014-06-18,-0.25,-0.9716199810372095,0.125,0.375,0.2857142857142857,0.25,0.7162482381424361,0.625,0.375,0.2857142857142857,0.03006012024048096
2014-06-19,-0.25,-0.8383397794598211,0.125,0.375,0.2857142857142857,0.25,0.8275226688994726,0.625,0.375,0.2857142857142857,0.03006012024048096
2014-06-20,-0.25,-0.8470144534151501,0.125,0.375,0.2857142857142857,0.25,0.8040488881832472,0.625,0.375,0.2857142857142857,0.050100200400801605
2014-06-23,-0.25,-0.8736761896553067,0.125,0.375,0.2857142857142857,0.25,0.8533643971802529,0.625,0.375,0.2857142857142857,0.06412825651302605
2014-06-24,-0.25,-1.0011955225630411,0.125,0.375,0.2857142857142857,0.25,0.8295815002316624,0.625,0.375,0.2857142857142857,0.07014028056112225
2014-06-25,-0.25,-0.7307734697694533,0.125,0.375,0.2857142857142857,0.25,0.9844641172105563,0.625,0.375,0.2857142857142857,0.06813627254509018
2014-06-26,-0.25,-0.5284752256392102,0.125,0.375,0.2857142857142857,0.25,0.9105049813408793,0.625,0.375,0.2857142857142857,0.06212424849699399
2014-06-27,-0.125,-0.3327060802063684,0.125,0.25,0.14285714285714285,0.25,1.0896491628130462,0.625,0.375,0.2857142857142857,0.06012024048096192
2014-06-30,-0.125,-0.29562225282076215,0.125,0.25,0.14285714285714285,0.25,1.201509448309889,0.625,0.375,0.2857142857142857,0.06212424849699399
2014-07-01,-0.25,-0.694033725285061,0.125,0.375,0.2857142857142857,0.25,1.1612323047912612,0.625,0.375,0.2857142857142857,0.07615230460921844
2014-07-02,-0.25,-1.184318283801284,0.125,0.375,0.2857142857142857,0.25,1.1892170318810382,0.625,0.375,0.2857142857142857,0.0841683366733467
2014-07-03,-0.5,-1.2257073653147825,0.125,0.625,0.5714285714285714,0.25,0.8222486591656384,0.625,0.375,0.2857142857142857,0.08817635270541083
2014-07-04,-0.375,-1.2026246216003063,0.25,0.625,0.5714285714285714,0.25,0.6982331407274226,0.625,0.375,0.2857142857142857,0.09018036072144289
2014-07-07,-0.5,-1.0447888699330428,0.125,0.625,0.5714285714285714,0.25,0.7388373490130788,0.625,0.375,0.2857142857142857,0.08617234468937876
2014-07-08,-0.25,-0.9803923996586841,0.125,0.375,0.2857142857142857,0.25,0.7722339482412429,0.625,0.375,0.2857142857142857,0.08016032064128256
2014-07-09,-0.25,-0.8320553294620234,0.125,0.375,0.2857142857142857,0.25,0.6774114963696481,0.625,0.375,0.2857142857142857,0.04609218436873747
2014-07-10,-0.25,-0.9293733042138562,0.125,0.375,0.2857142857142857,0.25,0.7161099916295394,0.625,0.375,0.2857142857142857,0.022044088176352707
2014-07-11,-0.25,-1.0024054228044992,0.125,0.375,0.2857142857142857,0.25,0.733342009121707,0.625,0.375,0.2857142857142857,0.04008016032064128
2014-07-14,-0.25,-0.9041843618207974,0.125,0.375,0.2857142857142857,0.25,0.7303420021866136,0.625,0.375,0.2857142857142857,0.04609218436873747
2014-07-15,-0.25,-1.2232018408943026,0.125,0.375,0.2857142857142857,0.25,0.5845249582079597,0.625,0.375,0.2857142857142857,0.06813627254509018
2014-07-16,-0.25,-1.3594903045092983,0.125,0.375,0.2857142857142857,0.25,0.469283750443368,0.625,0.375,0.2857142857142857,0.052104208416833664
2014-07-17,-0.25,-1.445343931976786,0.125,0.375,0.2857142857142857,0.25,0.531356806060669,0.625,0.375,0.2857142857142857,0.08817635270541083
2014-07-18,-0.25,-1.3854651217756573,0.125,0.375,0.2857142857142857,0.25,0.4101342908972685,0.625,0.375,0.2857142857142857,0.0841683366733467
2014-07-21,-0.25,-1.4092518456125187,0.125,0.375,0.2857142857142857,0.25,0.38813412289954013,0.625,0.375,0.2857142857142857,0.07615230460921844
2014-07-22,-0.25,-1.5717012618694355,0.125,0.375,0.2857142857142857,0.125,0.31898902271364504,0.5,0.375,0.2857142857142857,0.07014028056112225
2014-07-23,-0.25,-1.704541132921203,0.125,0.375,0.2857142857142857,0.125,0.3091102066874804,0.5,0.375,0.2857142857142857,0.08817635270541083
2014-07-24,-0.375,-1.7447789823081152,0.125,0.5,0.42857142857142855,0.125,0.24887189366794188,0.5,0.375,0.2857142857142857,0.09018036072144289
2014-07-25,-0.375,-1.8642199145389486,0.125,0.5,0.42857142857142855,0.125,0.3341556904033844,0.5,0.375,0.2857142857142857,0.10220440881763528
2014-07-28,-0.375,-1.847712788482536,0.125,0.5,0.42857142857142855,0.125,0.23816791525699965,0.5,0.375,0.2857142857142857,0.05811623246492986
2014-07-29,-0.625,-2.253850397380848,0.125,0.75,0.7142857142857143,0.125,0.22739059449723345,0.5,0.375,0.2857142857142857,0.026052104208416832
2014-07-30,-0.875,-2.502656814457966,0.125,1.0,1.0,0.125,0.13332272171967735,0.5,0.375,0.2857142857142857,0.03206412825651302
2014-07-31,-0.875,-2.8056019403739416,0.125,1.0,1.0,0.125,0.07998462391936362,0.5,0.375,0.2857142857142857,0.008016032064128256
2014-08-01,-0.875,-2.8097902938523043,0.125,1.0,1.0,0.125,0.06479361357310902,0.5,0.375,0.2857142857142857,0.014028056112224449
2014-08-04,-0.875,-2.7061513810081204,0.125,1.0,1.0,0.125,0.12095052174481741,0.5,0.375,0.2857142857142857,0.014028056112224449
2014-08-05,-0.75,-2.4225707697150707,0.125,0.875,0.8571428571428571,0.125,0.11468062594475027,0.5,0.375,0.2857142857142857,0.03206412825651302
2014-08-06,-0.75,-2.267937441937616,0.125,0.875,0.8571428571428571,0.125,0.21208186550794775,0.5,0.375,0.2857142857142857,0.05410821643286573
2014-08-07,-0.75,-2.6135744528430713,0.125,0.875,0.8571428571428571,0.125,0.1832176171027532,0.5,0.375,0.2857142857142857,0.09819639278557114
2014-08-08,-0.875,-2.8767019858309406,0.125,1.0,1.0,0.125,0.10995141261313425,0.5,0.375,0.2857142857142857,0.10420841683366733
2014-08-11,-0.875,-2.895177446629927,0.125,1.0,1.0,0.125,0.09764866113703827,0.5,0.375,0.2857142857142857,0.11823647294589178
2014-08-12,-0.75,-2.641188943350432,0.125,0.875,0.8571428571428571,0.125,0.06075593345080234,0.5,0.375,0.2857142857142857,0.06212424849699399
2014-08-13,-0.75,-2.577053316652092,0.125,0.875,0.8571428571428571,-0.125,-0.10117733233049075,0.375,0.5,0.42857142857142855,0.10821643286573146
2014-08-14,-0.75,-2.409500664131359,0.125,0.875,0.8571428571428571,0.125,0.012457073025768206,0.5,0.375,0.2857142857142857,0.04809619238476954
2014-08-15,-0.75,-2.3550297775137956,0.125,0.875,0.8571428571428571,0.125,0.07651358126076346,0.5,0.375,0.2857142857142857,0.03206412825651302
2014-08-18,-0.75,-2.5213107038068623,0.125,0.875,0.8571428571428571,-0.125,-0.04229047433299832,0.375,0.5,0.42857142857142855,0.06613226452905811
2014-08-19,-0.75,-2.8194716184043473,0.125,0.875,0.8571428571428571,-0.125,-0.09857998153039677,0.375,0.5,0.42857142857142855,0.05811623246492986
2014-08-20,-0.75,-2.636048766673383,0.125,0.875,0.8571428571428571,-0.125,-0.21628711841440237,0.375,0.5,0.42857142857142855,0.04809619238476954
2014-08-21,-0.875,-2.9548383479697886,0.125,1.0,1.0,-0.125,-0.09665334542690929,0.375,0.5,0.42857142857142855,0.04609218436873747
2014-08-22,-0.75,-3.0117797044599506,0.125,0.875,0.8571428571428571,0.125,0.0048987911676480755,0.5,0.375,0.2857142857142857,0.026052104208416832
2014-08-25,-0.75,-2.8804092909750008,0.125,0.875,0.8571428571428571,-0.125,-0.0432316670340413,0.375,0.5,0.42857142857142855,0.09018036072144289
2014-08-26,-0.75,-2.9049673200773896,0.125,0.875,0.8571428571428571,-0.125,-0.055243134309711894,0.375,0.5,0.42857142857142855,0.09418837675350701
2014-08-27,-0.625,-2.5384943099408126,0.125,0.75,0.7142857142857143,0.125,0.05476767556053619,0.5,0.375,0.2857142857142857,0.09418837675350701
2014-08-28,-0.625,-2.6644844683790803,0.125,0.75,0.7142857142857143,-0.125,-0.0440649481318251,0.375,0.5,0.42857142857142855,0.07615230460921844
2014-08-29,-0.625,-2.738708611061877,0.125,0.75,0.7142857142857143,0.125,0.04475194221319129,0.5,0.375,0.2857142857142857,0.04208416833667335
2014-09-01,-0.75,-2.886814160109772,0.125,0.875,0.8571428571428571,-0.125,-0.0983111221882331,0.375,0.5,0.42857142857142855,0.04609218436873747
2014-09-02,-0.875,-2.893087409599031,0.125,1.0,1.0,-0.125,-0.2655211043779467,0.375,0.5,0.42857142857142855,0.09819639278557114
2014-09-03,-0.75,-2.329445046683038,0.25,1.0,1.0,-0.125,-0.2841548392712283,0.375,0.5,0.42857142857142855,0.10020040080160321
2014-09-04,-0.875,-2.5494007060739903,0.125,1.0,1.0,-0.25,-0.9730819898293921,0.375,0.625,0.5714285714285714,0.17835671342685372
2014-09-05,-0.875,-2.4950174910217884,0.125,1.0,1.0,-0.25,-0.8655333317475631,0.375,0.625,0.5714285714285714,0.17034068136272545
2014-09-08,-0.75,-2.6398574560583907,0.25,1.0,1.0,-0.25,-1.0187677532972477,0.375,0.625,0.5714285714285714,0.1903807615230461
2014-09-09,-0.625,-2.497903416575975,0.375,1.0,1.0,-0.375,-1.0272846201681585,0.375,0.75,0.7142857142857143,0.20240480961923848
2014-09-10,-0.75,-2.4861923952494998,0.25,1.0,1.0,-0.5,-1.141537508301714,0.375,0.875,0.8571428571428571,0.20841683366733466
2014-09-11,-0.75,-2.733255565310378,0.25,1.0,1.0,-0.5,-1.4062595575325632,0.375,0.875,0.8571428571428571,0.24649298597194388
2014-09-12,-0.625,-2.741111685734679,0.375,1.0,1.0,-0.5,-1.436645997958477,0.375,0.875,0.8571428571428571,0.2785571142284569
2014-09-15,-0.625,-2.7783374001420076,0.375,1.0,1.0,-0.5,-1.5095750626981015,0.375,0.875,0.8571428571428571,0.280561122244489
2014-09-16,-0.625,-2.798632101088529,0.375,1.0,1.0,-0.5,-1.3782690108609692,0.375,0.875,0.8571428571428571,0.28256513026052105
2014-09-17,-0.625,-2.6863161090478864,0.375,1.0,1.0,-0.5,-1.433324394175668,0.375,0.875,0.8571428571428571,0.3166332665330661
2014-09-18,-0.625,-2.3797977176173926,0.375,1.0,1.0,-0.5,-1.2909617736582566,0.375,0.875,0.8571428571428571,0.3787575150300601
2014-09-19,-0.625,-2.601790243105471,0.375,1.0,1.0,-0.5,-1.4932321518536669,0.375,0.875,0.8571428571428571,0.4228456913827655
2014-09-22,-0.625,-2.7413547388664528,0.375,1.0,1.0,-0.5,-1.4622217406162383,0.375,0.875,0.8571428571428571,0.45490981963927857
2014-09-23,-0.5,-2.5973697979728114,0.5,1.0,1.0,-0.375,-1.4689096066524125,0.5,0.875,0.8571428571428571,0.4729458917835671
2014-09-24,-0.625,-2.7754369195202395,0.375,1.0,1.0,-0.5,-1.6086009840645639,0.375,0.875,0.8571428571428571,0.48897795591182364
2014-09-25,-0.75,-2.550413035026269,0.25,1.0,1.0,-0.375,-1.7700933182572076,0.5,0.875,0.8571428571428571,0.5771543086172345
2014-09-26,-0.75,-2.514413537978588,0.25,1.0,1.0,-0.5,-1.886807780378037,0.375,0.875,0.8571428571428571,0.6012024048096193
2014-09-29,-0.5,-2.244795011547999,0.5,1.0,1.0,-0.25,-1.6274207706093609,0.625,0.875,0.8571428571428571,0.6693386773547094
2014-09-30,-0.625,-2.4235694834564634,0.375,1.0,1.0,-0.375,-1.7730409482574914,0.5,0.875,0.8571428571428571,0.6633266533066132
2014-10-01,-0.75,-2.385617127789608,0.25,1.0,1.0,-0.375,-1.8964391625528774,0.5,0.875,0.8571428571428571,0.6753507014028056
2014-10-02,-0.75,-2.4972101022863398,0.25,1.0,1.0,-0.375,-1.7741103969770287,0.5,0.875,0.8571428571428571,0.6332665330661322
2014-10-03,-0.75,-2.4960583821527775,0.25,1.0,1.0,-0.375,-2.0804219934527297,0.5,0.875,0.8571428571428571,0.7054108216432866
2014-10-06,-0.75,-2.3735717450165534,0.25,1.0,1.0,-0.375,-1.9479853828462348,0.5,0.875,0.8571428571428571,0.6833667334669339
2014-10-07,-0.75,-2.3130513964199704,0.25,1.0,1.0,-0.375,-1.9984379280939566,0.5,0.875,0.8571428571428571,0.6713426853707415
2014-10-08,-0.625,-2.3234274751390878,0.375,1.0,1.0,-0.25,-1.754920533193784,0.625,0.875,0.8571428571428571,0.6392785571142284
2014-10-09,-0.75,-2.4720777471292186,0.25,1.0,1.0,-0.25,-1.8014357039025335,0.625,0.875,0.8571428571428571,0.6192384769539078
2014-10-10,-0.625,-2.447280812364797,0.375,1.0,1.0,-0.375,-2.1666974622147483,0.625,1.0,1.0,0.625250501002004
2014-10-13,-0.5,-2.350722171312894,0.5,1.0,1.0,-0.375,-2.0305628522372605,0.625,1.0,1.0,0.6753507014028056
2014-10-14,-0.5,-2.3185571423815783,0.5,1.0,1.0,-0.5,-2.2370361990426697,0.5,1.0,1.0,0.6893787575150301
2014-10-15,-0.5,-2.22858105727341,0.5,1.0,1.0,-0.5,-2.2117234416468956,0.5,1.0,1.0,0.6913827655310621
2014-10-16,-0.5,-2.294763091900219,0.5,1.0,1.0,-0.5,-2.1720508097483044,0.5,1.0,1.0,0.6653306613226453
2014-10-17,-0.5,-2.3974008357930936,0.5,1.0,1.0,-0.5,-2.2899590681145523,0.5,1.0,1.0,0.655310621242485
2014-10-20,-0.5,-2.428467559324948,0.5,1.0,1.0,-0.5,-2.1908369827808554,0.5,1.0,1.0,0.6012024048096193
2014-10-21,-0.625,-2.682885277225255,0.375,1.0,1.0,-0.375,-1.8411974768226047,0.5,0.875,0.8571428571428571,0.6372745490981964
2014-10-22,-0.625,-2.6876517372577413,0.375,1.0,1.0,-0.5,-2.1014171249546,0.5,1.0,1.0,0.6412825651302605
2014-10-23,-0.625,-2.4972909857094914,0.375,1.0,1.0,-0.375,-1.8221567334360882,0.625,1.0,1.0,0.5731462925851704
2014-10-24,-0.75,-2.610623078112968,0.25,1.0,1.0,-0.375,-1.7458979098070575,0.5,0.875,0.8571428571428571,0.5571142284569138
2014-10-27,-0.625,-2.604842709266924,0.375,1.0,1.0,-0.375,-1.7761224822785202,0.5,0.875,0.8571428571428571,0.5050100200400801
2014-10-28,-0.5,-2.4629308951589457,0.5,1.0,1.0,-0.5,-1.7851718525041997,0.375,0.875,0.8571428571428571,0.501002004008016
2014-10-29,-0.5,-2.4162868361422594,0.5,1.0,1.0,-0.625,-2.138417164794886,0.375,1.0,1.0,0.5150300601202404
2014-10-30,-0.625,-2.5135887620200155,0.375,1.0,1.0,-0.625,-2.2751799918038875,0.375,1.0,1.0,0.4729458917835671
2014-10-31,-0.625,-2.4008799731122203,0.375,1.0,1.0,-0.625,-2.1155798028649735,0.375,1.0,1.0,0.5250501002004008
2014-11-03,-0.625,-2.2788501516416724,0.375,1.0,1.0,-0.625,-1.978801601883068,0.375,1.0,1.0,0.5711422845691383
2014-11-04,-0.625,-2.29974387218144,0.375,1.0,1.0,-0.625,-1.971177610357533,0.375,1.0,1.0,0.6232464929859719
2014-11-05,-0.5,-2.1074690278547537,0.5,1.0,1.0,-0.5,-1.798825040701307,0.5,1.0,1.0,0.7394789579158316
2014-11-06,-0.5,-2.2834044735182153,0.5,1.0,1.0,-0.75,-2.282075993117873,0.25,1.0,1.0,0.7394789579158316
2014-11-07,-0.5,-2.2648468914837885,0.5,1.0,1.0,-0.75,-2.397841446523524,0.25,1.0,1.0,0.7194388777555111
2014-11-10,-0.5,-2.3070845649455314,0.5,1.0,1.0,-0.75,-2.3838019324876574,0.25,1.0,1.0,0.6513026052104208
2014-11-11,-0.5,-2.0519048438719776,0.5,1.0,1.0,-0.75,-2.1866157359811726,0.25,1.0,1.0,0.687374749498998
2014-11-12,-0.75,-2.2359440370193564,0.25,1.0,1.0,-0.75,-2.4955739859966446,0.25,1.0,1.0,0.6653306613226453
2014-11-13,-0.5,-2.2047489557788706,0.5,1.0,1.0,-0.75,-2.448434291789816,0.25,1.0,1.0,0.6613226452905812
2014-11-14,-0.375,-1.8829743840053261,0.625,1.0,1.0,-0.75,-2.2877711187437653,0.25,1.0,1.0,0.7134268537074149
2014-11-17,-0.5,-1.8940750882618547,0.5,1.0,1.0,-0.75,-2.439148793985633,0.25,1.0,1.0,0.7254509018036072
2014-11-18,-0.375,-1.6126332399577123,0.625,1.0,1.0,-0.75,-2.2914966282708074,0.25,1.0,1.0,0.7094188376753507
2014-11-19,-0.375,-1.4653975724498023,0.625,1.0,1.0,-0.75,-2.0928087429545537,0.25,1.0,1.0,0.7675350701402806
2014-11-20,-0.375,-1.4204387522883613,0.625,1.0,1.0,-0.75,-2.1293468743236543,0.25,1.0,1.0,0.7134268537074149
2014-11-21,-0.5,-1.7889665241084587,0.5,1.0,1.0,-0.75,-2.6160422408291204,0.25,1.0,1.0,0.8156312625250501
2014-11-24,-0.375,-1.6028334472716879,0.625,1.0,1.0,-0.75,-2.616665208253474,0.25,1.0,1.0,0.8597194388777555
2014-11-25,-0.5,-1.5991794148216103,0.5,1.0,1.0,-0.75,-2.643965799984364,0.25,1.0,1.0,0.8797595190380761
2014-11-26,-0.5,-1.526256407861092,0.5,1.0,1.0,-0.75,-2.509492351350273,0.25,1.0,1.0,0.8637274549098196
2014-11-27,-0.375,-1.1272159852694126,0.625,1.0,1.0,-0.75,-2.631501262601134,0.25,1.0,1.0,0.845691382765531
2014-11-28,-0.25,-1.1385344586961201,0.75,1.0,1.0,-0.75,-2.5385140789444054,0.25,1.0,1.0,0.7474949899799599
2014-12-01,-0.5,-0.9934766389666607,0.5,1.0,1.0,-0.75,-2.5035966743150393,0.25,1.0,1.0,0.7214428857715431
2014-12-02,-0.5,-1.3253668466644004,0.5,1.0,1.0,-0.75,-2.4979835524992637,0.25,1.0,1.0,0.6513026052104208
2014-12-03,-0.5,-1.4689052262691125,0.5,1.0,1.0,-0.75,-2.659680643112984,0.25,1.0,1.0,0.5551102204408818
2014-12-04,-0.5,-1.3404156441446984,0.5,1.0,1.0,-0.75,-2.5570334494092952,0.25,1.0,1.0,0.5531062124248497
2014-12-05,-0.5,-1.5320465792046847,0.5,1.0,1.0,-0.75,-2.5550850325185155,0.25,1.0,1.0,0.5771543086172345
2014-12-08,-0.5,-1.4920721712769065,0.5,1.0,1.0,-0.75,-2.6471821589953852,0.25,1.0,1.0,0.6793587174348698
2014-12-09,-0.5,-1.4252117466954415,0.5,1.0,1.0,-0.75,-2.702158825619531,0.25,1.0,1.0,0.6192384769539078
2014-12-10,-0.25,-1.2647345048604668,0.75,1.0,1.0,-0.75,-2.7454312242487005,0.25,1.0,1.0,0.6533066132264529
2014-12-11,-0.25,-1.5393443741095814,0.75,1.0,1.0,-0.75,-2.73407109552141,0.25,1.0,1.0,0.6693386773547094
2014-12-12,-0.25,-1.14339058524557,0.75,1.0,1.0,-0.75,-2.8697768772600725,0.25,1.0,1.0,0.6292585170340681
2014-12-15,-0.25,-1.278825447632252,0.75,1.0,1.0,-0.75,-3.0601245045905756,0.25,1.0,1.0,0.6833667334669339
2014-12-16,-0.25,-1.1670269443280394,0.75,1.0,1.0,-0.75,-3.066285257004601,0.25,1.0,1.0,0.6833667334669339
2014-12-17,-0.25,-1.3127717079070773,0.75,1.0,1.0,-0.75,-3.1600494751361072,0.25,1.0,1.0,0.6933867735470942
2014-12-18,-0.375,-1.4044487812283188,0.625,1.0,1.0,-0.75,-2.900332053813756,0.25,1.0,1.0,0.7755511022044088
2014-12-19,-0.375,-1.3540771353284267,0.625,1.0,1.0,-0.75,-2.8240367479683584,0.25,1.0,1.0,0.6332665330661322
2014-12-22,-0.375,-1.2919454679243658,0.625,1.0,1.0,-0.75,-2.7750010985356615,0.25,1.0,1.0,0.5691382765531062
2014-12-23,-0.375,-1.262770091519021,0.625,1.0,1.0,-0.75,-2.857728161011981,0.25,1.0,1.0,0.4969939879759519
2014-12-24,-0.375,-1.0817637310096915,0.625,1.0,1.0,-0.75,-2.8288730083864495,0.25,1.0,1.0,0.4529058116232465
2014-12-25,-0.375,-1.1413027318156437,0.625,1.0,1.0,-0.75,-2.8308453020347955,0.25,1.0,1.0,0.4308617234468938
2014-12-26,-0.5,-0.9178654650722142,0.5,1.0,1.0,-0.75,-2.809566753527534,0.25,1.0,1.0,0.4168336673346693
2014-12-29,-0.5,-1.266675695120521,0.5,1.0,1.0,-0.75,-2.667469139774038,0.25,1.0,1.0,0.3867735470941884
2014-12-30,-0.5,-1.2891712180357828,0.375,0.875,0.8571428571428571,-0.75,-2.981683402679769,0.25,1.0,1.0,0.40080160320641284
2014-12-31,-0.625,-1.667164995673516,0.375,1.0,1.0,-0.75,-2.9880538410825332,0.25,1.0,1.0,0.374749498997996
2015-01-01,-0.625,-1.5081176100050346,0.375,1.0,1.0,-0.75,-2.9421186962699535,0.25,1.0,1.0,0.3366733466933868
2015-01-02,-0.625,-1.5659303010373862,0.375,1.0,1.0,-0.75,-3.0043701279901387,0.25,1.0,1.0,0.36072144288577157
2015-01-05,-0.625,-2.1297576750224128,0.375,1.0,1.0,-0.75,-3.272882620448046,0.25,1.0,1.0,0.3667334669338677
2015-01-06,-0.625,-2.070973169407869,0.375,1.0,1.0,-0.875,-3.4137687547342663,0.125,1.0,1.0,0.40080160320641284
2015-01-07,-0.625,-2.2980249682459157,0.375,1.0,1.0,-0.875,-3.3016846029947464,0.125,1.0,1.0,0.35671342685370744
2015-01-08,-0.75,-2.318203859448348,0.25,1.0,1.0,-0.875,-3.1520069060627502,0.125,1.0,1.0,0.3527054108216433
2015-01-09,-0.75,-2.3497753630700697,0.25,1.0,1.0,-0.75,-2.9957366775282406,0.25,1.0,1.0,0.37675350701402804
2015-01-12,-0.75,-2.596851949748876,0.25,1.0,1.0,-0.875,-3.15718919399506,0.125,1.0,1.0,0.374749498997996
2015-01-13,-0.75,-2.688213446590102,0.25,1.0,1.0,-0.875,-3.348007596855146,0.125,1.0,1.0,0.37074148296593185
2015-01-14,-0.625,-2.5187968733566697,0.375,1.0,1.0,-0.875,-3.19612778601561,0.125,1.0,1.0,0.2965931863727455
2015-01-15,-0.625,-1.433412917200577,0.125,0.75,0.7142857142857143,-0.75,-2.5518158050326782,0.125,0.875,0.8571428571428571,1.0
2015-01-16,-0.75,-1.4914075708075263,0.125,0.875,0.8571428571428571,-0.75,-2.3674266870707754,0.125,0.875,0.8571428571428571,1.0
2015-01-19,-0.75,-1.6951307497789414,0.125,0.875,0.8571428571428571,-0.75,-2.575251629787252,0.125,0.875,0.8571428571428571,1.0
2015-01-20,-0.75,-1.7253764683851065,0.125,0.875,0.8571428571428571,-0.75,-2.5319446662100025,0.125,0.875,0.8571428571428571,1.0
2015-01-21,-0.625,-1.3544199056768977,0.25,0.875,0.8571428571428571,-0.75,-2.3430677461797638,0.125,0.875,0.8571428571428571,1.0
2015-01-22,-0.75,-1.6299963423787251,0.125,0.875,0.8571428571428571,-0.75,-2.6610394180340387,0.125,0.875,0.8571428571428571,1.0
2015-01-23,-0.75,-1.78126264650249,0.125,0.875,0.8571428571428571,-0.75,-2.9300731401916362,0.125,0.875,0.8571428571428571,1.0
2015-01-26,-0.75,-1.9602655602424994,0.125,0.875,0.8571428571428571,-0.875,-3.113898607202154,0.125,1.0,1.0,1.0
2015-01-27,-0.625,-1.9406113494071733,0.25,0.875,0.8571428571428571,-0.875,-3.033344082565061,0.125,1.0,1.0,1.0
2015-01-28,-0.75,-1.9527483961147887,0.125,0.875,0.8571428571428571,-0.875,-3.017800019979342,0.125,1.0,1.0,1.0
2015-01-29,-0.5,-1.7905393112701533,0.375,0.875,0.8571428571428571,-0.875,-3.166285304417119,0.125,1.0,1.0,1.0
2015-01-30,-0.5,-1.8209247476343482,0.375,0.875,0.8571428571428571,-0.875,-3.1343954475729605,0.125,1.0,1.0,0.9979959919839679
2015-02-02,-0.5,-1.9045873191480815,0.375,0.875,0.8571428571428571,-0.875,-3.2522353570996865,0.125,1.0,1.0,1.0
2015-02-03,-0.5,-1.7240029554459628,0.375,0.875,0.8571428571428571,-0.875,-3.259220245801007,0.125,1.0,1.0,0.9979959919839679
2015-02-04,-0.5,-1.7492992858781498,0.375,0.875,0.8571428571428571,-0.875,-3.341417751794626,0.125,1.0,1.0,1.0
2015-02-05,-0.5,-1.7011803434232342,0.375,0.875,0.8571428571428571,-0.875,-3.234170088527496,0.125,1.0,1.0,1.0
2015-02-06,-0.5,-1.9490515441868475,0.375,0.875,0.8571428571428571,-0.875,-3.363976457057558,0.125,1.0,1.0,1.0
2015-02-09,-0.5,-1.8541646808343777,0.375,0.875,0.8571428571428571,-0.875,-3.3104909041115773,0.125,1.0,1.0,0.9959919839679359
2015-02-10,-0.5,-1.9664627373774666,0.375,0.875,0.8571428571428571,-0.875,-3.2901920375345006,0.125,1.0,1.0,0.9959919839679359
2015-02-11,-0.5,-2.0488188046515194,0.375,0.875,0.8571428571428571,-0.875,-3.2022843954012314,0.125,1.0,1.0,0.9959919839679359
2015-02-12,-0.5,-1.9364825965707504,0.375,0.875,0.8571428571428571,-0.875,-3.2455440525981087,0.125,1.0,1.0,0.9639278557114228
2015-02-13,-0.5,-1.6596467555841192,0.375,0.875,0.8571428571428571,-0.875,-3.4273322166994706,0.125,1.0,1.0,0.9599198396793587
2015-02-16,-0.5,-1.8538285822411753,0.375,0.875,0.8571428571428571,-0.875,-3.3806339473328935,0.125,1.0,1.0,0.9539078156312625
2015-02-17,-0.625,-2.0380680153254658,0.25,0.875,0.8571428571428571,-0.875,-3.3929192437321483,0.125,1.0,1.0,0.9458917835671342
2015-02-18,-0.625,-2.1106496195023907,0.25,0.875,0.8571428571428571,-0.875,-3.4292453268462757,0.125,1.0,1.0,0.9238476953907816
2015-02-19,-0.625,-2.1687529447664624,0.25,0.875,0.8571428571428571,-0.875,-3.5375709118256253,0.125,1.0,1.0,0.9078156312625251
2015-02-20,-0.625,-2.0795589919539927,0.25,0.875,0.8571428571428571,-0.875,-3.565974571071851,0.125,1.0,1.0,0.8857715430861723
2015-02-23,-0.625,-2.161454910830785,0.25,0.875,0.8571428571428571,-0.875,-3.599124197601316,0.125,1.0,1.0,0.8557114228456913
2015-02-24,-0.5,-2.1004655004429873,0.25,0.75,0.7142857142857143,-0.875,-3.611538176756005,0.125,1.0,1.0,0.8476953907815631
2015-02-25,-0.5,-1.9446939876258353,0.25,0.75,0.7142857142857143,-0.875,-3.6227888819028755,0.125,1.0,1.0,0.7975951903807615
2015-02-26,-0.625,-2.3041042258810345,0.125,0.75,0.7142857142857143,-0.875,-3.578427187000826,0.125,1.0,1.0,0.749498997995992
2015-02-27,-0.625,-2.143050319374585,0.125,0.75,0.7142857142857143,-0.875,-3.587215079344885,0.125,1.0,1.0,0.7094188376753507
2015-03-02,-0.625,-2.342652604969307,0.125,0.75,0.7142857142857143,-0.875,-3.56640899645665,0.125,1.0,1.0,0.6152304609218436
2015-03-03,-0.75,-2.5441600575299503,0.125,0.875,0.8571428571428571,-0.875,-3.5691106640545813,0.125,1.0,1.0,0.561122244488978
2015-03-04,-0.75,-2.973041633812846,0.125,0.875,0.8571428571428571,-0.875,-3.660406244754679,0.125,1.0,1.0,0.533066132264529
2015-03-05,-0.875,-3.075085418677185,0.125,1.0,1.0,-0.875,-3.6415963900021158,0.125,1.0,1.0,0.5230460921843687
2015-03-06,-0.875,-3.333495343258416,0.125,1.0,1.0,-0.875,-3.6929648945292906,0.125,1.0,1.0,0.5370741482965932
2015-03-09,-0.875,-3.4482444085124477,0.125,1.0,1.0,-0.875,-3.6365504695916075,0.125,1.0,1.0,0.5531062124248497
2015-03-10,-0.875,-3.626979815060359,0.125,1.0,1.0,-0.875,-3.675236424962643,0.125,1.0,1.0,0.6012024048096193
2015-03-11,-0.875,-3.4655492383258375,0.125,1.0,1.0,-0.875,-3.720767713609224,0.125,1.0,1.0,0.6693386773547094
2015-03-12,-0.875,-3.3838885655450026,0.125,1.0,1.0,-0.875,-3.7435347950021036,0.125,1.0,1.0,0.7054108216432866
2015-03-13,-0.875,-3.3183390390788556,0.125,1.0,1.0,-0.875,-3.7945302953647793,0.125,1.0,1.0,0.7414829659318637
2015-03-16,-0.875,-3.2794571630839484,0.125,1.0,1.0,-0.875,-3.7843714704746603,0.125,1.0,1.0,0.7414829659318637
2015-03-17,-0.875,-3.145570095203758,0.125,1.0,1.0,-0.875,-3.790021210549188,0.125,1.0,1.0,0.7154308617234469
2015-03-18,-0.625,-2.9704927727625767,0.125,0.75,0.7142857142857143,-0.875,-3.75056398077633,0.125,1.0,1.0,0.779559118236473
2015-03-19,-0.875,-3.082611608179697,0.125,1.0,1.0,-0.875,-3.7453282356928046,0.125,1.0,1.0,0.8236472945891784
2015-03-20,-0.625,-2.851610696090651,0.125,0.75,0.7142857142857143,-0.875,-3.6698418219119646,0.125,1.0,1.0,0.8496993987975952
2015-03-23,-0.625,-2.59408384756329,0.125,0.75,0.7142857142857143,-0.875,-3.701176805111347,0.125,1.0,1.0,0.8577154308617234
2015-03-24,-0.75,-2.613145380589893,0.125,0.875,0.8571428571428571,-0.875,-3.645881562637081,0.125,1.0,1.0,0.8617234468937875
2015-03-25,-0.625,-2.422382560644712,0.125,0.75,0.7142857142857143,-0.875,-3.641576644145509,0.125,1.0,1.0,0.8617234468937875
2015-03-26,-0.625,-2.549047559292934,0.125,0.75,0.7142857142857143,-0.875,-3.689960809803476,0.125,1.0,1.0,0.8577154308617234
2015-03-27,-0.625,-2.3364469954201694,0.125,0.75,0.7142857142857143,-0.875,-3.6332809988418697,0.125,1.0,1.0,0.8857715430861723
2015-03-30,-0.75,-2.3705772306804,0.125,0.875,0.8571428571428571,-0.875,-3.541663079248636,0.125,1.0,1.0,0.8917835671342685
2015-03-31,-0.75,-2.447191078094006,0.125,0.875,0.8571428571428571,-0.875,-3.597827924722287,0.125,1.0,1.0,0.8877755511022044
2015-04-01,-0.75,-2.224421768151349,0.125,0.875,0.8571428571428571,-0.875,-3.5605883821044104,0.125,1.0,1.0,0.87374749498998
2015-04-02,-0.625,-1.8805662453121914,0.125,0.75,0.7142857142857143,-0.875,-3.4959070403231323,0.125,1.0,1.0,0.8697394789579158
2015-04-03,-0.75,-1.8178652383326213,0.125,0.875,0.8571428571428571,-0.875,-3.464523421665805,0.125,1.0,1.0,0.8496993987975952
2015-04-06,-0.75,-1.962144924653088,0.125,0.875,0.8571428571428571,-0.875,-3.4646649755256274,0.125,1.0,1.0,0.845691382765531
2015-04-07,-0.75,-2.147637692446196,0.125,0.875,0.8571428571428571,-0.875,-3.5541836786686254,0.125,1.0,1.0,0.8376753507014028
2015-04-08,-0.75,-2.2647018257622378,0.125,0.875,0.8571428571428571,-0.875,-3.6597125368716927,0.125,1.0,1.0,0.8136272545090181
2015-04-09,-0.75,-2.3577687764136965,0.25,1.0,1.0,-0.875,-3.7577470347116835,0.125,1.0,1.0,0.8156312625250501
2015-04-10,-0.75,-2.2046347067898227,0.25,1.0,1.0,-0.875,-3.7732702912814498,0.125,1.0,1.0,0.779559118236473
2015-04-13,-0.75,-2.7001682764362656,0.25,1.0,1.0,-0.875,-3.7436745645461733,0.125,1.0,1.0,0.8376753507014028
2015-04-14,-0.75,-2.240525546437552,0.25,1.0,1.0,-0.875,-3.707508281821821,0.125,1.0,1.0,0.8176352705410822
2015-04-15,-0.5,-2.0100727477664226,0.25,0.75,0.7142857142857143,-0.875,-3.700350551207067,0.125,1.0,1.0,0.7615230460921844
2015-04-16,-0.5,-1.4981017986841385,0.25,0.75,0.7142857142857143,-0.875,-3.7186943744694476,0.125,1.0,1.0,0.7615230460921844
2015-04-17,-0.5,-1.1452906812452859,0.25,0.75,0.7142857142857143,-0.875,-3.6847213516487356,0.125,1.0,1.0,0.7254509018036072
2015-04-20,-0.5,-1.59413328757612,0.25,0.75,0.7142857142857143,-0.875,-3.6847426880310064,0.125,1.0,1.0,0.6172344689378757
2015-04-21,-0.625,-2.029598252141692,0.125,0.75,0.7142857142857143,-0.875,-3.6655061261174,0.125,1.0,1.0,0.56312625250501
2015-04-22,-0.5,-1.4652987294652795,0.25,0.75,0.7142857142857143,-0.875,-3.72837469699246,0.125,1.0,1.0,0.6513026052104208
2015-04-23,-0.5,-1.5905007579375074,0.125,0.625,0.5714285714285714,-0.875,-3.60257563181223,0.125,1.0,1.0,0.7454909819639278
2015-04-24,-0.375,-1.3201949929834853,0.125,0.5,0.42857142857142855,-0.875,-3.565027374398711,0.125,1.0,1.0,0.7214428857715431
2015-04-27,-0.375,-1.4340838860533263,0.125,0.5,0.42857142857142855,-0.875,-3.5680222981572367,0.125,1.0,1.0,0.685370741482966
2015-04-28,-0.375,-1.3867147477887647,0.125,0.5,0.42857142857142855,-0.875,-3.6155795679843434,0.125,1.0,1.0,0.7615230460921844
2015-04-29,-0.375,-0.8218254598025945,0.125,0.5,0.42857142857142855,-0.875,-3.3777699265230536,0.125,1.0,1.0,0.8697394789579158
2015-04-30,-0.375,-1.2776149247922082,0.125,0.5,0.42857142857142855,-0.875,-3.2137874753402724,0.125,1.0,1.0,0.8937875751503006
2015-05-01,-0.375,-0.67285359579412,0.25,0.625,0.5714285714285714,-0.875,-3.1323760336232103,0.125,1.0,1.0,0.9038076152304609
2015-05-04,-0.5,-1.0252177150016044,0.125,0.625,0.5714285714285714,-0.875,-3.199683874282393,0.125,1.0,1.0,0.9078156312625251
2015-05-05,-0.375,-0.6693695441609131,0.125,0.5,0.42857142857142855,-0.875,-3.2400259088686454,0.125,1.0,1.0,0.8997995991983968
2015-05-06,0.25,0.07403450599251993,0.375,0.125,0.0,-0.875,-3.0467353734419067,0.125,1.0,1.0,0.9118236472945892
2015-05-07,-0.25,-0.9472176954692091,0.125,0.375,0.2857142857142857,-0.875,-3.0975775207234197,0.125,1.0,1.0,0.9158316633266533
2015-05-08,-0.25,-1.1978077022132343,0.125,0.375,0.2857142857142857,-0.875,-3.1967205825752423,0.125,1.0,1.0,0.9218436873747495
2015-05-11,-0.375,-1.0231563521168618,0.25,0.625,0.5714285714285714,-0.875,-3.1424418604262963,0.125,1.0,1.0,0.9258517034068137
2015-05-12,-0.25,-0.9618091488408134,0.25,0.5,0.42857142857142855,-0.875,-3.091070999705577,0.125,1.0,1.0,0.9278557114228457
2015-05-13,-0.25,-0.251179942692231,0.25,0.5,0.42857142857142855,-0.875,-2.9892749350100956,0.125,1.0,1.0,0.9278557114228457
2015-05-14,0.125,0.20906998229964446,0.5,0.375,0.2857142857142857,-0.875,-2.8647826355322947,0.125,1.0,1.0,0.9198396793587175
2015-05-15,0.125,0.3834567011232506,0.5,0.375,0.2857142857142857,-0.875,-2.8876389703227865,0.125,1.0,1.0,0.9158316633266533
2015-05-18,-0.125,-0.1131108284828255,0.375,0.5,0.42857142857142855,-0.875,-3.0266743461581274,0.125,1.0,1.0,0.9218436873747495
2015-05-19,-0.25,-1.1877534713181745,0.25,0.5,0.42857142857142855,-0.875,-3.20241891342811,0.125,1.0,1.0,0.9318637274549099
2015-05-20,-0.375,-1.3607158932264518,0.25,0.625,0.5714285714285714,-0.875,-3.1444529471397953,0.125,1.0,1.0,0.9158316633266533
2015-05-21,-0.125,-0.4815747893825738,0.375,0.5,0.42857142857142855,-0.875,-3.1604174697432508,0.125,1.0,1.0,0.8937875751503006
2015-05-22,-0.25,-1.0608418229319305,0.25,0.5,0.42857142857142855,-0.875,-3.215612206793419,0.125,1.0,1.0,0.8957915831663327
2015-05-25,-0.25,-1.2043756328844448,0.25,0.5,0.42857142857142855,-0.875,-3.1879170074152983,0.125,1.0,1.0,0.8877755511022044
2015-05-26,-0.375,-1.5901818488699666,0.25,0.625,0.5714285714285714,-0.875,-3.1081933340655574,0.125,1.0,1.0,0.8617234468937875
2015-05-27,-0.375,-0.909977855169158,0.375,0.75,0.7142857142857143,-0.875,-3.0105901537734976,0.125,1.0,1.0,0.781563126252505
2015-05-28,-0.125,-0.30446755512396617,0.5,0.625,0.5714285714285714,-0.875,-2.8190202289934345,0.125,1.0,1.0,0.7935871743486974
2015-05-29,0.125,0.48487173796615823,0.625,0.5,0.42857142857142855,-0.875,-2.751517249525248,0.125,1.0,1.0,0.7775551102204409
2015-06-01,0.25,0.3170395309225653,0.75,0.5,0.42857142857142855,-0.875,-2.84471269481839,0.125,1.0,1.0,0.7835671342685371
2015-06-02,0.5,1.5305713750635064,0.875,0.375,0.2857142857142857,-0.875,-2.7232022882701785,0.125,1.0,1.0,0.8316633266533067
2015-06-03,0.5,1.9144906887182285,0.875,0.375,0.2857142857142857,-0.5,-2.5917447939009337,0.5,1.0,1.0,0.7935871743486974
2015-06-04,0.375,1.5578582547537192,0.875,0.5,0.42857142857142855,-0.5,-2.5905989836099326,0.5,1.0,1.0,0.7535070140280561
2015-06-05,0.375,1.5067190097363607,0.875,0.5,0.42857142857142855,-0.5,-2.6326879106572725,0.5,1.0,1.0,0.7855711422845691
2015-06-08,0.5,1.6886680959587657,0.875,0.375,0.2857142857142857,-0.5,-2.4982384908040736,0.5,1.0,1.0,0.7374749498997996
2015-06-09,0.5,1.755304746172996,0.875,0.375,0.2857142857142857,-0.5,-2.574480156072302,0.5,1.0,1.0,0.7294589178356713
2015-06-10,0.375,1.296071721059879,0.875,0.5,0.42857142857142855,-0.5,-2.532464620398515,0.5,1.0,1.0,0.7635270541082164
2015-06-11,0.5,1.3813360950189209,0.875,0.375,0.2857142857142857,-0.5,-2.5183633826812923,0.5,1.0,1.0,0.7775551102204409
2015-06-12,0.25,0.9671686882783633,0.75,0.5,0.42857142857142855,-0.5,-2.4711132774874964,0.5,1.0,1.0,0.7975951903807615
2015-06-15,0.25,0.697982788274576,0.75,0.5,0.42857142857142855,-0.5,-2.5375980034254635,0.5,1.0,1.0,0.7354709418837675
2015-06-16,0.375,0.7216702782701988,0.875,0.5,0.42857142857142855,-0.625,-2.5294169802358684,0.375,1.0,1.0,0.7074148296593187
2015-06-17,0.25,0.7745276484965828,0.75,0.5,0.42857142857142855,-0.5,-2.3684743980231238,0.5,1.0,1.0,0.7314629258517034
2015-06-18,0.25,0.9320235765510431,0.75,0.5,0.42857142857142855,-0.5,-2.3161494311168815,0.5,1.0,1.0,0.749498997995992
2015-06-19,0.375,0.8600871611803408,0.75,0.375,0.2857142857142857,-0.5,-2.267538248832089,0.5,1.0,1.0,0.7374749498997996
2015-06-22,0.375,0.9987274249472949,0.75,0.375,0.2857142857142857,-0.5,-2.250906003387818,0.5,1.0,1.0,0.7595190380761523
2015-06-23,0.375,0.8798753157277314,0.75,0.375,0.2857142857142857,-0.625,-2.4286494462485466,0.375,1.0,1.0,0.8256513026052105
2015-06-24,0.5,0.9526520756279816,0.875,0.375,0.2857142857142857,-0.5,-2.4192989883327263,0.5,1.0,1.0,0.8196392785571143
2015-06-25,0.5,0.6807145886187748,0.875,0.375,0.2857142857142857,-0.625,-2.402774998640207,0.375,1.0,1.0,0.7114228456913828
2015-06-26,0.375,0.39988875850621136,0.75,0.375,0.2857142857142857,-0.5,-2.3721650186207475,0.5,1.0,1.0,0.7094188376753507
2015-06-29,0.375,0.6061698596390916,0.75,0.375,0.2857142857142857,-0.625,-2.3253344386413133,0.375,1.0,1.0,0.7555110220440882
2015-06-30,0.375,0.6702386196184134,0.75,0.375,0.2857142857142857,-0.75,-2.392639466849312,0.25,1.0,1.0,0.7294589178356713
2015-07-01,0.25,0.5439660369401954,0.875,0.625,0.5714285714285714,-0.625,-2.467545225733517,0.375,1.0,1.0,0.717434869739479
2015-07-02,0.375,0.7663110412577783,0.875,0.5,0.42857142857142855,-0.625,-2.429492829622541,0.375,1.0,1.0,0.6492985971943888
2015-07-03,0.375,0.8691943966274538,0.875,0.5,0.42857142857142855,-0.625,-2.318035163398856,0.375,1.0,1.0,0.6492985971943888
2015-07-06,0.25,0.9010409778604925,0.875,0.625,0.5714285714285714,-0.625,-2.3446419476873026,0.375,1.0,1.0,0.5791583166332666
2015-07-07,0.25,0.6393744954456088,0.875,0.625,0.5714285714285714,-0.625,-2.3322515240218014,0.375,1.0,1.0,0.6012024048096193
2015-07-08,0.375,0.752142334058056,1.0,0.625,0.5714285714285714,-0.625,-2.3345528533533413,0.375,1.0,1.0,0.6092184368737475
2015-07-09,0.25,0.537443165307113,0.875,0.625,0.5714285714285714,-0.625,-2.421349195420387,0.375,1.0,1.0,0.6112224448897795
2015-07-10,0.25,0.581568351065294,0.875,0.625,0.5714285714285714,-0.5,-2.2306938723603684,0.5,1.0,1.0,0.7414829659318637
2015-07-13,0.25,0.4795010483495796,0.875,0.625,0.5714285714285714,-0.625,-2.3573759485278245,0.375,1.0,1.0,0.781563126252505
2015-07-14,0.25,0.4796002116862277,0.875,0.625,0.5714285714285714,-0.625,-2.3462232053379513,0.375,1.0,1.0,0.8076152304609219
2015-07-15,0.25,0.3689063626200039,0.875,0.625,0.5714285714285714,-0.625,-2.3317224537416434,0.375,1.0,1.0,0.8336673346693386
2015-07-16,0.125,0.09103343478281556,0.875,0.75,0.7142857142857143,-0.625,-2.3626804207288337,0.375,1.0,1.0,0.8416833667334669
2015-07-17,-0.125,-0.04073815995392105,0.75,0.875,0.8571428571428571,-0.625,-2.411044347773334,0.375,1.0,1.0,0.8256513026052105
2015-07-20,-0.125,-0.11237767634139517,0.75,0.875,0.8571428571428571,-0.625,-2.449686176568959,0.375,1.0,1.0,0.8376753507014028
2015-07-21,-0.125,-0.06368527285151726,0.75,0.875,0.8571428571428571,-0.625,-2.4076179196827416,0.375,1.0,1.0,0.7855711422845691
2015-07-22,-0.125,-0.36416661859736754,0.75,0.875,0.8571428571428571,-0.625,-2.3715534674818937,0.375,1.0,1.0,0.7855711422845691
2015-07-23,-0.125,-0.44813993614389835,0.75,0.875,0.8571428571428571,-0.625,-2.3125088925053183,0.375,1.0,1.0,0.8136272545090181
2015-07-24,-0.125,-0.44646738607043424,0.75,0.875,0.8571428571428571,-0.625,-2.326468183890103,0.375,1.0,1.0,0.7895791583166333
2015-07-27,-0.125,-0.10678163335756163,0.75,0.875,0.8571428571428571,-0.625,-2.2103647893080995,0.375,1.0,1.0,0.7575150300601202
2015-07-28,-0.125,-0.2509209790501087,0.75,0.875,0.8571428571428571,-0.5,-2.3381779259526376,0.5,1.0,1.0,0.7875751503006012
2015-07-29,-0.125,-0.7435541500483147,0.75,0.875,0.8571428571428571,-0.625,-2.3080348261612724,0.375,1.0,1.0,0.7835671342685371
2015-07-30,-0.125,-0.708784288217017,0.75,0.875,0.8571428571428571,-0.625,-2.3109595813787918,0.375,1.0,1.0,0.7775551102204409
2015-07-31,-0.125,-0.47339793200559144,0.75,0.875,0.8571428571428571,-0.625,-2.2864009281318247,0.375,1.0,1.0,0.7314629258517034
2015-08-03,-0.125,-0.4568291750846615,0.75,0.875,0.8571428571428571,-0.625,-2.2571863298831545,0.375,1.0,1.0,0.7154308617234469
2015-08-04,-0.25,-0.7436611522536193,0.75,1.0,1.0,-0.625,-2.360941345440663,0.375,1.0,1.0,0.7855711422845691
2015-08-05,-0.25,-0.9055076616513245,0.75,1.0,1.0,-0.625,-2.2944588718156114,0.375,1.0,1.0,0.6893787575150301
2015-08-06,-0.25,-1.045108281881376,0.75,1.0,1.0,-0.625,-2.321488144103323,0.375,1.0,1.0,0.6933867735470942
2015-08-07,-0.375,-1.1450342063964452,0.625,1.0,1.0,-0.625,-2.3447493283579433,0.375,1.0,1.0,0.6152304609218436
2015-08-10,-0.25,-0.7417127195960699,0.75,1.0,1.0,-0.5,-2.2601444374993895,0.5,1.0,1.0,0.6192384769539078
2015-08-11,-0.125,-0.23307315820624175,0.75,0.875,0.8571428571428571,-0.375,-2.1070731031604266,0.625,1.0,1.0,0.6973947895791583
2015-08-12,0.25,0.16587954105528002,1.0,0.75,0.7142857142857143,-0.375,-2.0486621782498853,0.625,1.0,1.0,0.6412825651302605
2015-08-13,0.125,0.10555863678945565,1.0,0.875,0.8571428571428571,-0.375,-1.9838426642800655,0.625,1.0,1.0,0.5851703406813628
2015-08-14,0.125,0.22930911852233848,0.875,0.75,0.7142857142857143,-0.375,-1.9878698203271683,0.625,1.0,1.0,0.5971943887775552
2015-08-17,0.25,0.2382349804468087,1.0,0.75,0.7142857142857143,-0.375,-2.0372705528163437,0.625,1.0,1.0,0.593186372745491
2015-08-18,0.125,0.3954424220652155,0.875,0.75,0.7142857142857143,-0.5,-2.1125457500090326,0.5,1.0,1.0,0.5811623246492986
2015-08-19,0.125,0.5237088509721141,0.875,0.75,0.7142857142857143,-0.5,-1.965247458813908,0.5,1.0,1.0,0.6412825651302605
2015-08-20,0.375,0.7113752289867971,1.0,0.625,0.5714285714285714,-0.375,-1.613212282425705,0.625,1.0,1.0,0.6492985971943888
2015-08-21,0.375,0.9876121241911415,1.0,0.625,0.5714285714285714,-0.375,-1.4722238023896137,0.625,1.0,1.0,0.7354709418837675
2015-08-24,0.5,1.0655156542335606,1.0,0.5,0.42857142857142855,-0.25,-1.0691349588035792,0.625,0.875,0.8571428571428571,0.9378757515030061
2015-08-25,0.25,0.6136829496961529,0.875,0.625,0.5714285714285714,-0.5,-1.2124228765775387,0.5,1.0,1.0,0.9278557114228457
2015-08-26,0.125,0.08806868071931939,0.75,0.625,0.5714285714285714,-0.5,-1.4454934284039256,0.5,1.0,1.0,0.9458917835671342
2015-08-27,0.125,0.04791658314662317,0.75,0.625,0.5714285714285714,-0.5,-1.6434104681176633,0.5,1.0,1.0,0.9519038076152304
2015-08-28,0.125,0.17361067521318074,0.75,0.625,0.5714285714285714,-0.5,-1.7570414225922024,0.5,1.0,1.0,0.9498997995991983
2015-08-31,-0.125,-0.1390376181226607,0.625,0.75,0.7142857142857143,-0.5,-1.6461472583206342,0.5,1.0,1.0,0.9559118236472945
2015-09-01,0.125,0.05925066110857646,0.875,0.75,0.7142857142857143,-0.5,-1.4689608715021873,0.5,1.0,1.0,0.9559118236472945
2015-09-02,-0.125,-0.18839433834328212,0.75,0.875,0.8571428571428571,-0.5,-1.5527614454843326,0.5,1.0,1.0,0.9599198396793587
2015-09-03,-0.125,-0.2465438441070179,0.75,0.875,0.8571428571428571,-0.5,-1.7374065421626201,0.5,1.0,1.0,0.9599198396793587
2015-09-04,-0.125,-0.2011221507100147,0.75,0.875,0.8571428571428571,-0.5,-1.5437664819464765,0.5,1.0,1.0,0.9639278557114228
2015-09-07,-0.125,-0.19870722563295595,0.75,0.875,0.8571428571428571,-0.5,-1.5642080272013887,0.5,1.0,1.0,0.9619238476953907
2015-09-08,-0.125,-0.08529878620871767,0.75,0.875,0.8571428571428571,-0.5,-1.655483822121668,0.5,1.0,1.0,0.9639278557114228
2015-09-09,-0.125,-0.24162415851942687,0.75,0.875,0.8571428571428571,-0.5,-1.490310337419442,0.5,1.0,1.0,0.9599198396793587
2015-09-10,-0.125,-0.19027166139768237,0.75,0.875,0.8571428571428571,-0.5,-1.521687491794396,0.5,1.0,1.0,0.9639278557114228
2015-09-11,-0.125,-0.008450222191408008,0.75,0.875,0.8571428571428571,-0.5,-1.405542448680742,0.5,1.0,1.0,0.9639278557114228
2015-09-14,-0.125,-0.05472063215752909,0.75,0.875,0.8571428571428571,-0.5,-1.5182812898851574,0.5,1.0,1.0,0.9639278557114228
2015-09-15,0.125,0.22552364443532558,0.875,0.75,0.7142857142857143,-0.5,-1.5220456970464251,0.5,1.0,1.0,0.9619238476953907
2015-09-16,0.125,0.2086065354392478,0.875,0.75,0.7142857142857143,-0.5,-1.5075010462172136,0.5,1.0,1.0,0.9519038076152304
2015-09-17,0.125,0.47750970547556704,0.875,0.75,0.7142857142857143,-0.5,-1.2976788559195778,0.5,1.0,1.0,0.9639278557114228
2015-09-18,0.125,0.279810476178571,0.875,0.75,0.7142857142857143,-0.5,-1.3830093599156492,0.5,1.0,1.0,0.9539078156312625
2015-09-21,-0.125,-0.10352723639222083,0.75,0.875,0.8571428571428571,-0.5,-1.5398059221286722,0.5,1.0,1.0,0.9158316633266533
2015-09-22,-0.125,-0.04478218008774548,0.75,0.875,0.8571428571428571,-0.5,-1.6064824002113154,0.5,1.0,1.0,0.9138276553106213
2015-09-23,0.125,0.31765601506779206,0.875,0.75,0.7142857142857143,-0.5,-1.5490178067972231,0.5,1.0,1.0,0.8997995991983968
2015-09-24,0.125,0.21984339719946755,0.875,0.75,0.7142857142857143,-0.5,-1.5751829001989615,0.5,1.0,1.0,0.8797595190380761
2015-09-25,0.125,0.28549035503120435,0.875,0.75,0.7142857142857143,-0.5,-1.5742679572249474,0.5,1.0,1.0,0.8877755511022044
2015-09-28,0.125,0.506224393778762,0.875,0.75,0.7142857142857143,-0.5,-1.5483216519101521,0.5,1.0,1.0,0.8797595190380761
2015-09-29,0.25,0.7354326192156124,1.0,0.75,0.7142857142857143,-0.5,-1.4789033375034955,0.5,1.0,1.0,0.8316633266533067
2015-09-30,0.25,0.3691116728913184,1.0,0.75,0.7142857142857143,-0.5,-1.7345002549703352,0.5,1.0,1.0,0.8296593186372746
2015-10-01,0.125,0.47580985312731994,0.875,0.75,0.7142857142857143,-0.5,-1.779274050191635,0.5,1.0,1.0,0.7975951903807615
2015-10-02,0.125,0.20470053848600578,0.875,0.75,0.7142857142857143,-0.5,-1.7279936085937078,0.5,1.0,1.0,0.6733466933867736
2015-10-05,0.125,0.7053372401977753,0.875,0.75,0.7142857142857143,-0.5,-1.8598592355494072,0.5,1.0,1.0,0.7014028056112225
2015-10-06,0.125,1.0277538337836263,0.875,0.75,0.7142857142857143,-0.5,-1.6808242175052959,0.5,1.0,1.0,0.6432865731462926
2015-10-07,0.25,1.2961587943680453,0.875,0.625,0.5714285714285714,-0.5,-1.7358464396974154,0.5,1.0,1.0,0.6813627254509018
2015-10-08,0.375,1.7251529186597914,1.0,0.625,0.5714285714285714,-0.5,-1.7396185733773757,0.5,1.0,1.0,0.6452905811623246
2015-10-09,0.5,2.2404438740394608,1.0,0.5,0.42857142857142855,-0.5,-1.709322491309387,0.5,1.0,1.0,0.6833667334669339
2015-10-12,0.5,2.4183726004945467,1.0,0.5,0.42857142857142855,-0.5,-1.7631086180424074,0.5,1.0,1.0,0.685370741482966
2015-10-13,0.5,1.7881315700290037,1.0,0.5,0.42857142857142855,-0.5,-1.5957124125826196,0.5,1.0,1.0,0.811623246492986
2015-10-14,0.625,2.3540382889257723,1.0,0.375,0.2857142857142857,-0.375,-1.4624551114652242,0.5,0.875,0.8571428571428571,0.8416833667334669
2015-10-15,0.375,1.9684197923983893,0.75,0.375,0.2857142857142857,-0.375,-1.5804552462994341,0.5,0.875,0.8571428571428571,0.8396793587174348
2015-10-16,0.375,2.0464996323387648,0.75,0.375,0.2857142857142857,-0.375,-1.4750230049418485,0.5,0.875,0.8571428571428571,0.811623246492986
2015-10-19,0.375,1.5468727123494173,0.75,0.375,0.2857142857142857,-0.375,-1.504140223270994,0.5,0.875,0.8571428571428571,0.781563126252505
2015-10-20,0.375,1.7394650715017772,0.875,0.5,0.42857142857142855,-0.375,-1.5235999395019317,0.5,0.875,0.8571428571428571,0.7535070140280561
2015-10-21,0.375,1.823769728070394,0.875,0.5,0.42857142857142855,-0.375,-1.4871319163562906,0.5,0.875,0.8571428571428571,0.7114228456913828
2015-10-22,0.125,1.011905769355829,0.75,0.625,0.5714285714285714,-0.5,-1.7449103751148636,0.5,1.0,1.0,0.8336673346693386
2015-10-23,0.125,0.1784691929273323,0.75,0.625,0.5714285714285714,-0.5,-1.921262490210328,0.5,1.0,1.0,0.8196392785571143
2015-10-29,0.125,0.17894994933998212,0.75,0.625,0.5714285714285714,-0.5,-1.8260417806907059,0.5,1.0,1.0,0.8416833667334669
2015-10-30,0.25,0.5093902123040521,0.75,0.5,0.42857142857142855,-0.5,-1.8540433494440982,0.5,1.0,1.0,0.8577154308617234
2015-11-02,0.25,0.5089372074660532,0.75,0.5,0.42857142857142855,-0.5,-1.7197250035123717,0.5,1.0,1.0,0.8236472945891784
2015-11-03,0.125,0.23060646880857413,0.625,0.5,0.42857142857142855,-0.5,-1.8396125780405121,0.5,1.0,1.0,0.8557114228456913
2015-11-04,-0.5,-0.557549195942203,0.375,0.875,0.8571428571428571,-0.5,-1.866158034810174,0.5,1.0,1.0,0.8597194388777555
2015-11-05,-0.375,-0.7383350584556789,0.375,0.75,0.7142857142857143,-0.5,-1.8363307786152836,0.5,1.0,1.0,0.8517034068136272
2015-11-06,-0.5,-1.6311155400312847,0.375,0.875,0.8571428571428571,-0.5,-2.0158387492152947,0.5,1.0,1.0,0.8597194388777555
2015-11-09,-0.625,-2.074296656516162,0.25,0.875,0.8571428571428571,-0.5,-2.089947247174594,0.5,1.0,1.0,0.8136272545090181
2015-11-10,-0.625,-2.0910216245182482,0.25,0.875,0.8571428571428571,-0.5,-2.093926069790417,0.5,1.0,1.0,0.7955911823647295
2015-11-11,-0.5,-1.7587759097586164,0.25,0.75,0.7142857142857143,-0.5,-1.8605739965627008,0.5,1.0,1.0,0.7575150300601202
2015-11-12,-0.625,-1.6618447743393305,0.25,0.875,0.8571428571428571,-0.5,-1.8971167114482355,0.5,1.0,1.0,0.7715430861723447
2015-11-13,-0.375,-1.6921635559304438,0.5,0.875,0.8571428571428571,-0.5,-2.0759681955285587,0.5,1.0,1.0,0.6132264529058116
2015-11-16,-0.625,-2.3209885145882465,0.25,0.875,0.8571428571428571,-0.5,-2.14744089979458,0.5,1.0,1.0,0.4789579158316633
2015-11-17,-0.75,-2.7090501639169915,0.25,1.0,1.0,-0.5,-2.1679660755686694,0.5,1.0,1.0,0.42084168336673344
2015-11-18,-0.75,-2.6821941347368448,0.25,1.0,1.0,-0.625,-2.144906724014047,0.375,1.0,1.0,0.40480961923847697
2015-11-19,-0.5,-2.1377540915578046,0.25,0.75,0.7142857142857143,-0.5,-2.160814399824607,0.5,1.0,1.0,0.4248496993987976
2015-11-20,-0.5,-2.226268447156189,0.25,0.75,0.7142857142857143,-0.5,-2.2467490168139954,0.5,1.0,1.0,0.46292585170340683
2015-11-23,-0.5,-2.232989453952528,0.25,0.75,0.7142857142857143,-0.5,-2.1584132430255654,0.5,1.0,1.0,0.44488977955911824
2015-11-24,-0.625,-2.253617448428663,0.125,0.75,0.7142857142857143,-0.625,-2.288567973527133,0.375,1.0,1.0,0.37675350701402804
2015-11-25,-0.5,-1.9753014835732516,0.25,0.75,0.7142857142857143,-0.625,-2.241415654693246,0.375,1.0,1.0,0.374749498997996
2015-11-26,-0.5,-1.9000042880411863,0.25,0.75,0.7142857142857143,-0.75,-2.3862876471285386,0.25,1.0,1.0,0.3226452905811623
2015-11-27,-0.5,-1.8815032207632032,0.25,0.75,0.7142857142857143,-0.75,-2.4742960055481023,0.25,1.0,1.0,0.2905811623246493
2015-11-30,-0.625,-1.8313227016481042,0.125,0.75,0.7142857142857143,-0.75,-2.6314614271810486,0.25,1.0,1.0,0.3166332665330661
2015-12-01,-0.5,-1.353207017313141,0.25,0.75,0.7142857142857143,-0.75,-2.6335952453818954,0.25,1.0,1.0,0.31462925851703405
2015-12-02,-0.625,-1.2850653935847998,0.125,0.75,0.7142857142857143,-0.875,-2.758785286552209,0.125,1.0,1.0,0.32665330661322645
2015-12-03,-0.5,-0.6712092314517806,0.25,0.75,0.7142857142857143,-0.625,-2.36340880334834,0.375,1.0,1.0,0.3847695390781563
2015-12-04,-0.625,-0.9377547347829789,0.125,0.75,0.7142857142857143,-0.75,-2.645263527716722,0.25,1.0,1.0,0.3867735470941884
2015-12-07,-0.625,-1.1404519580176973,0.125,0.75,0.7142857142857143,-0.625,-2.2682010707919193,0.375,1.0,1.0,0.43286573146292584
2015-12-08,-0.625,-1.2080573651308675,0.125,0.75,0.7142857142857143,-0.5,-1.9636305916698955,0.5,1.0,1.0,0.5150300601202404
2015-12-09,-0.625,-1.0193550592136726,0.125,0.75,0.7142857142857143,-0.375,-1.696589976664961,0.5,0.875,0.8571428571428571,0.5971943887775552
2015-12-10,-0.625,-1.1430120000271164,0.125,0.75,0.7142857142857143,-0.5,-1.8204365538132978,0.5,1.0,1.0,0.6032064128256514
2015-12-11,-0.5,-0.9806182167511828,0.25,0.75,0.7142857142857143,-0.375,-1.5365252515074839,0.5,0.875,0.8571428571428571,0.6993987975951904
2015-12-14,-0.5,-0.91920819995075,0.25,0.75,0.7142857142857143,-0.375,-1.6343096689869174,0.5,0.875,0.8571428571428571,0.7454909819639278
2015-12-15,-0.625,-1.2992352523457114,0.125,0.75,0.7142857142857143,-0.5,-1.799769783482033,0.5,1.0,1.0,0.7835671342685371
2015-12-16,-0.375,-1.2040905848134487,0.375,0.75,0.7142857142857143,-0.5,-1.7659288541083367,0.5,1.0,1.0,0.781563126252505
2015-12-17,-0.5,-1.0337718945568557,0.375,0.875,0.8571428571428571,-0.5,-1.6990449690674074,0.5,1.0,1.0,0.7835671342685371
2015-12-18,-0.375,-0.6923454058737697,0.375,0.75,0.7142857142857143,-0.5,-1.6407203711768439,0.5,1.0,1.0,0.7655310621242485
2015-12-21,-0.5,-0.7097245365195103,0.25,0.75,0.7142857142857143,-0.375,-1.536509225829136,0.5,0.875,0.8571428571428571,0.7414829659318637
2015-12-22,-0.375,-0.5772388664436247,0.375,0.75,0.7142857142857143,-0.375,-1.5137277525492967,0.5,0.875,0.8571428571428571,0.7334669338677354
2015-12-23,-0.5,-0.8868787394805793,0.25,0.75,0.7142857142857143,-0.375,-1.5266647269084832,0.5,0.875,0.8571428571428571,0.7474949899799599
2015-12-24,-0.5,-0.6920856020386488,0.25,0.75,0.7142857142857143,-0.375,-1.3613753704666682,0.5,0.875,0.8571428571428571,0.7715430861723447
2015-12-25,-0.5,-0.7367374674851479,0.25,0.75,0.7142857142857143,-0.375,-1.2856812391276473,0.5,0.875,0.8571428571428571,0.751503006012024
2015-12-28,-0.5,-0.5533130393470851,0.25,0.75,0.7142857142857143,-0.375,-1.1675741175393273,0.5,0.875,0.8571428571428571,0.7194388777555111
2015-12-29,-0.5,-0.6956242898313247,0.25,0.75,0.7142857142857143,-0.375,-1.2080801209120553,0.5,0.875,0.8571428571428571,0.6673346693386774
2015-12-30,-0.5,-0.7477777001783136,0.25,0.75,0.7142857142857143,-0.375,-1.2467754531499196,0.5,0.875,0.8571428571428571,0.6112224448897795
2015-12-31,-0.375,-0.8900332800909672,0.25,0.625,0.5714285714285714,-0.375,-1.4682965184561543,0.5,0.875,0.8571428571428571,0.46693386773547096
2016-01-01,-0.5,-1.159351835551638,0.25,0.75,0.7142857142857143,-0.375,-1.3885722904804945,0.5,0.875,0.8571428571428571,0.3667334669338677
2016-01-04,-0.375,-1.395182610268762,0.375,0.75,0.7142857142857143,-0.375,-1.3698862087573485,0.5,0.875,0.8571428571428571,0.39478957915831664
2016-01-05,-0.5,-1.7341854092443567,0.25,0.75,0.7142857142857143,-0.375,-1.2616692791356348,0.625,1.0,1.0,0.3687374749498998
2016-01-06,-0.625,-1.7222656435974983,0.25,0.875,0.8571428571428571,-0.375,-1.0359535390221322,0.625,1.0,1.0,0.38877755511022044
2016-01-07,-0.375,-1.3021487155936933,0.5,0.875,0.8571428571428571,-0.25,-0.8948050888881823,0.625,0.875,0.8571428571428571,0.4849699398797595
2016-01-08,-0.5,-1.4119608766861371,0.375,0.875,0.8571428571428571,-0.25,-0.8469016451634462,0.625,0.875,0.8571428571428571,0.4308617234468938
2016-01-11,-0.5,-1.759630476254332,0.375,0.875,0.8571428571428571,-0.25,-1.0610784088116476,0.625,0.875,0.8571428571428571,0.42084168336673344
2016-01-12,-0.125,-1.407364919726428,0.75,0.875,0.8571428571428571,-0.25,-0.7524636035860899,0.625,0.875,0.8571428571428571,0.3927855711422846
2016-01-13,-0.125,-1.2032921051932877,0.75,0.875,0.8571428571428571,-0.125,-0.48256842643540443,0.75,0.875,0.8571428571428571,0.4148296593186373
2016-01-14,-0.25,-1.2825290243815841,0.625,0.875,0.8571428571428571,-0.125,-0.5961030657884363,0.75,0.875,0.8571428571428571,0.3807615230460922
2016-01-15,-0.125,-0.9652925143965454,0.75,0.875,0.8571428571428571,-0.125,-0.6593434708614369,0.75,0.875,0.8571428571428571,0.533066132264529
2016-01-18,-0.25,-1.0944569994527356,0.625,0.875,0.8571428571428571,-0.125,-0.6120246612278899,0.75,0.875,0.8571428571428571,0.531062124248497
2016-01-19,-0.125,-0.43197362858544264,0.75,0.875,0.8571428571428571,-0.125,-0.6923372937462544,0.75,0.875,0.8571428571428571,0.5751503006012024
2016-01-20,-0.125,-0.2723381345288901,0.75,0.875,0.8571428571428571,-0.125,-0.7188004435738233,0.75,0.875,0.8571428571428571,0.5671342685370742
2016-01-21,-0.125,-0.3106556759019865,0.75,0.875,0.8571428571428571,-0.25,-0.9077482292958602,0.75,1.0,1.0,0.7354709418837675
2016-01-22,-0.25,-0.6135420463611001,0.625,0.875,0.8571428571428571,-0.375,-1.3180688653827461,0.625,1.0,1.0,0.8256513026052105
2016-01-25,-0.125,-0.4346773776733981,0.75,0.875,0.8571428571428571,-0.25,-0.9060876476619935,0.75,1.0,1.0,0.8577154308617234
2016-01-26,-0.125,-0.27915452765766513,0.75,0.875,0.8571428571428571,-0.25,-1.143397703288404,0.75,1.0,1.0,0.8697394789579158
2016-01-27,0.125,0.09994845771642835,0.875,0.75,0.7142857142857143,-0.125,-0.7652247723910693,0.75,0.875,0.8571428571428571,0.8817635270541082
2016-01-28,0.125,0.1800733875276299,0.875,0.75,0.7142857142857143,-0.25,-0.7260813706438062,0.75,1.0,1.0,0.8677354709418837
2016-01-29,0.25,0.3260112558299628,0.875,0.625,0.5714285714285714,-0.25,-0.9896557484664469,0.75,1.0,1.0,0.9118236472945892
2016-02-01,0.375,0.506512890537919,0.875,0.5,0.42857142857142855,-0.25,-0.9517155267127771,0.75,1.0,1.0,0.8857715430861723
2016-02-02,0.125,0.6752627703846981,0.875,0.75,0.7142857142857143,-0.25,-0.939763799481447,0.75,1.0,1.0,0.9118236472945892
2016-02-03,0.375,1.0698926912092313,0.875,0.5,0.42857142857142855,-0.125,-0.6680840532990817,0.75,0.875,0.8571428571428571,0.9118236472945892
2016-02-04,0.5,1.1898887890806198,0.875,0.375,0.2857142857142857,-0.125,-0.3037708086618116,0.75,0.875,0.8571428571428571,0.8877755511022044
2016-02-05,0.375,1.1337349702780708,0.875,0.5,0.42857142857142855,-0.125,-0.4525417055863925,0.75,0.875,0.8571428571428571,0.905811623246493
2016-02-08,0.375,1.239144373650561,0.875,0.5,0.42857142857142855,-0.125,-0.3376694002343219,0.75,0.875,0.8571428571428571,0.9178356713426854
2016-02-09,0.375,1.4213947299223675,0.875,0.5,0.42857142857142855,-0.125,-0.12149021104501279,0.75,0.875,0.8571428571428571,0.9198396793587175
2016-02-10,0.375,1.2739313997664863,0.875,0.5,0.42857142857142855,-0.125,-0.1553181029466335,0.75,0.875,0.8571428571428571,0.9238476953907816
2016-02-11,0.375,1.1544480030873254,0.875,0.5,0.42857142857142855,-0.125,-0.03498706747155045,0.75,0.875,0.8571428571428571,0.9258517034068137
2016-02-12,0.375,1.3028561813905495,0.875,0.5,0.42857142857142855,-0.125,-0.13530049060515026,0.75,0.875,0.8571428571428571,0.9178356713426854
2016-02-15,0.375,1.2893751482935996,0.875,0.5,0.42857142857142855,-0.125,-0.3230269895245197,0.75,0.875,0.8571428571428571,0.9258517034068137
2016-02-16,0.375,1.1371515445712013,0.875,0.5,0.42857142857142855,-0.125,-0.09101232388896108,0.75,0.875,0.8571428571428571,0.9218436873747495
2016-02-17,0.375,1.1968946297822465,0.875,0.5,0.42857142857142855,-0.125,-0.09897508602922878,0.75,0.875,0.8571428571428571,0.9278557114228457
2016-02-18,0.375,1.1717331390772305,0.875,0.5,0.42857142857142855,-0.125,-0.11313137676229967,0.75,0.875,0.8571428571428571,0.9118236472945892
2016-02-19,0.375,1.2116306590449366,0.875,0.5,0.42857142857142855,-0.125,-0.08012992073629899,0.75,0.875,0.8571428571428571,0.8957915831663327
2016-02-22,0.375,1.0034284485436586,0.875,0.5,0.42857142857142855,-0.125,-0.08451330753522623,0.75,0.875,0.8571428571428571,0.905811623246493
2016-02-23,0.25,0.7778978433340159,0.875,0.625,0.5714285714285714,-0.125,-0.01711965360514145,0.75,0.875,0.8571428571428571,0.9138276553106213
2016-02-24,0.375,0.8211396015079524,0.875,0.5,0.42857142857142855,0.125,0.2673874883127576,0.875,0.75,0.7142857142857143,0.9118236472945892
2016-02-25,0.375,0.20352781357420296,0.875,0.5,0.42857142857142855,0.125,0.3004279972593068,0.875,0.75,0.7142857142857143,0.9158316633266533
2016-02-26,0.25,0.14393523609469902,0.875,0.625,0.5714285714285714,0.25,0.44281712837346876,0.875,0.625,0.5714285714285714,0.9098196392785571
2016-02-29,0.25,0.10900322022245826,0.875,0.625,0.5714285714285714,0.25,0.5474142856573252,0.875,0.625,0.5714285714285714,0.9198396793587175
2016-03-01,-0.25,-0.06776319768849783,0.5,0.75,0.7142857142857143,0.25,0.42781046562803876,0.875,0.625,0.5714285714285714,0.9198396793587175
2016-03-02,-0.375,-0.3631722624278055,0.25,0.625,0.5714285714285714,0.25,0.6990062416488751,0.875,0.625,0.5714285714285714,0.9078156312625251
2016-03-03,0.125,0.025000992918817903,0.625,0.5,0.42857142857142855,0.25,0.7269101011025154,0.875,0.625,0.5714285714285714,0.9038076152304609
2016-03-04,0.125,0.03257873880672535,0.5,0.375,0.2857142857142857,0.25,0.9097694629545633,0.875,0.625,0.5714285714285714,0.8937875751503006
2016-03-07,0.125,0.039285767218586204,0.5,0.375,0.2857142857142857,0.125,0.3896180059313819,0.875,0.75,0.7142857142857143,0.8797595190380761
2016-03-08,0.125,0.1894177435598371,0.625,0.5,0.42857142857142855,0.125,0.6456030080382447,0.875,0.75,0.7142857142857143,0.8797595190380761
2016-03-09,0.125,0.2583134100974449,0.625,0.5,0.42857142857142855,0.125,0.30012810689729297,0.875,0.75,0.7142857142857143,0.8997995991983968
2016-03-10,0.25,0.8940178936345817,0.625,0.375,0.2857142857142857,0.125,0.3569516325717582,0.875,0.75,0.7142857142857143,0.9238476953907816
2016-03-11,0.375,0.7889715152788592,0.625,0.25,0.14285714285714285,0.125,0.4323906194145597,0.875,0.75,0.7142857142857143,0.9258517034068137
2016-03-14,0.25,0.5287131358961059,0.625,0.375,0.2857142857142857,0.125,0.2534708205096815,0.875,0.75,0.7142857142857143,0.9018036072144289
2016-03-15,0.25,0.4064259829137684,0.625,0.375,0.2857142857142857,0.125,0.3797748657191963,0.875,0.75,0.7142857142857143,0.9158316633266533
2016-03-16,0.25,0.816919743402128,0.625,0.375,0.2857142857142857,0.125,0.5992342947334499,0.875,0.75,0.7142857142857143,0.9158316633266533
2016-03-17,0.25,0.9168164937998988,0.625,0.375,0.2857142857142857,0.25,0.9554454008717155,0.875,0.625,0.5714285714285714,0.9258517034068137
2016-03-18,0.25,0.8022861113796874,0.625,0.375,0.2857142857142857,0.25,1.0247959499364554,0.875,0.625,0.5714285714285714,0.9218436873747495
2016-03-21,0.25,0.6964282074259075,0.625,0.375,0.2857142857142857,0.125,0.9238616548779741,0.875,0.75,0.7142857142857143,0.8617234468937875
2016-03-22,0.25,0.7409968502705118,0.625,0.375,0.2857142857142857,0.25,0.6281692631168341,0.875,0.625,0.5714285714285714,0.8376753507014028
2016-03-23,0.25,0.6552234621937671,0.625,0.375,0.2857142857142857,0.125,0.3741283145592395,0.875,0.75,0.7142857142857143,0.8476953907815631
2016-03-24,0.25,0.8863721504070268,0.625,0.375,0.2857142857142857,0.125,0.4331412751976204,0.875,0.75,0.7142857142857143,0.8076152304609219
2016-03-25,0.25,0.8887874808333074,0.625,0.375,0.2857142857142857,0.125,0.6410940929038473,0.875,0.75,0.7142857142857143,0.7695390781563126
2016-03-28,0.25,1.1458457432097773,0.625,0.375,0.2857142857142857,0.125,0.7472829071035213,0.875,0.75,0.7142857142857143,0.7434869739478958
2016-03-29,0.375,1.658548499854299,0.625,0.25,0.14285714285714285,0.25,1.1736359968120538,0.875,0.625,0.5714285714285714,0.7234468937875751
2016-03-30,0.375,1.530290311436975,0.625,0.25,0.14285714285714285,0.25,1.4033195908372427,0.875,0.625,0.5714285714285714,0.6893787575150301
2016-03-31,0.25,1.2065313255226726,0.5,0.25,0.14285714285714285,0.5,1.6123770972546472,1.0,0.5,0.42857142857142855,0.6432865731462926
2016-04-01,0.25,1.15761135619113,0.5,0.25,0.14285714285714285,0.375,1.3435409698280825,0.875,0.5,0.42857142857142855,0.6332665330661322
2016-04-04,0.375,1.397503037057838,0.625,0.25,0.14285714285714285,0.25,1.1645931800959937,0.875,0.625,0.5714285714285714,0.6993987975951904
2016-04-05,0.375,1.4347937446396166,0.625,0.25,0.14285714285714285,0.25,0.9169042793991242,0.875,0.625,0.5714285714285714,0.7074148296593187
2016-04-06,0.125,1.2447103087438185,0.375,0.25,0.14285714285714285,0.125,0.861250797500836,0.875,0.75,0.7142857142857143,0.5691382765531062
2016-04-07,0.125,1.222421444415396,0.375,0.25,0.14285714285714285,0.25,0.8644695887130033,0.875,0.625,0.5714285714285714,0.561122244488978
2016-04-08,0.125,1.0916734372289163,0.375,0.25,0.14285714285714285,0.25,0.9184364018020152,0.875,0.625,0.5714285714285714,0.48296593186372744
2016-04-11,0.125,1.1329950881008295,0.375,0.25,0.14285714285714285,0.25,0.9622808226997939,0.875,0.625,0.5714285714285714,0.48296593186372744
2016-04-12,0.25,0.9803601380318977,0.375,0.125,0.0,0.125,0.8966671416757932,0.875,0.75,0.7142857142857143,0.5130260521042084
2016-04-13,0.25,0.8346793599546589,0.375,0.125,0.0,0.125,0.6904925444312788,0.875,0.75,0.7142857142857143,0.4529058116232465
2016-04-14,0.125,0.9338023103746866,0.375,0.25,0.14285714285714285,0.125,0.5851420276326254,0.875,0.75,0.7142857142857143,0.4408817635270541
2016-04-15,0.125,1.157620501752772,0.375,0.25,0.14285714285714285,0.125,0.45901120213426005,0.875,0.75,0.7142857142857143,0.49298597194388777
2016-04-18,0.25,1.0266330291966999,0.375,0.125,0.0,0.125,0.3213722074776171,0.875,0.75,0.7142857142857143,0.4969939879759519
2016-04-19,0.25,1.0969405232768208,0.375,0.125,0.0,0.125,0.2544976680338233,0.875,0.75,0.7142857142857143,0.5210420841683366
2016-04-20,0.25,0.9166396337073682,0.375,0.125,0.0,0.125,0.1681296845285979,0.875,0.75,0.7142857142857143,0.5050100200400801
2016-04-21,0.125,0.852979176183876,0.375,0.25,0.14285714285714285,0.125,0.2344073686012687,0.875,0.75,0.7142857142857143,0.5591182364729459
2016-04-22,0.25,1.0498987155781905,0.375,0.125,0.0,0.125,0.0656514246972798,0.875,0.75,0.7142857142857143,0.7294589178356713
2016-04-25,0.25,1.0162540085391565,0.375,0.125,0.0,-0.125,-0.1394716275012971,0.75,0.875,0.8571428571428571,0.7094188376753507
2016-04-26,0.25,0.9305899586158601,0.375,0.125,0.0,0.125,0.09079536912303282,0.875,0.75,0.7142857142857143,0.6432865731462926
2016-04-27,0.125,0.7331454961912666,0.375,0.25,0.14285714285714285,0.125,0.23219960128694095,0.875,0.75,0.7142857142857143,0.7314629258517034
2016-04-28,0.25,0.42707665983204035,0.375,0.125,0.0,0.125,0.35536575989707797,0.875,0.75,0.7142857142857143,0.8036072144288577
2016-04-29,0.25,0.7322992107793482,0.375,0.125,0.0,0.125,0.34897432614295953,0.875,0.75,0.7142857142857143,0.8096192384769539
2016-05-02,0.25,0.8441407272250404,0.375,0.125,0.0,0.125,0.2722741812376316,0.875,0.75,0.7142857142857143,0.7915831663326653
2016-05-03,0.25,0.6064147894066152,0.375,0.125,0.0,0.125,0.12910266237644713,0.875,0.75,0.7142857142857143,0.8156312625250501
2016-05-04,0.25,0.6714604794417052,0.5,0.25,0.14285714285714285,0.125,0.056526818159234826,0.875,0.75,0.7142857142857143,0.8196392785571143
2016-05-05,0.375,0.29088247173228343,0.5,0.125,0.0,0.125,0.13076196890724112,0.875,0.75,0.7142857142857143,0.7855711422845691
2016-05-06,0.25,0.5112280720031679,0.5,0.25,0.14285714285714285,0.125,0.36681154668332167,0.875,0.75,0.7142857142857143,0.7955911823647295
2016-05-09,0.375,0.8656823485302129,0.625,0.25,0.14285714285714285,0.125,0.4158854516883714,0.875,0.75,0.7142857142857143,0.8036072144288577
2016-05-10,0.375,0.975076841080667,0.5,0.125,0.0,0.125,0.39348131498847316,0.875,0.75,0.7142857142857143,0.7935871743486974
2016-05-11,0.375,1.3923832296120298,0.5,0.125,0.0,0.125,0.6261006649165121,0.875,0.75,0.7142857142857143,0.7735470941883767
2016-05-12,0.5,1.2489072642248866,0.625,0.125,0.0,0.125,0.605809511757891,0.875,0.75,0.7142857142857143,0.7655310621242485
2016-05-13,0.375,0.8540602829612336,0.5,0.125,0.0,0.125,0.6350323451685921,0.875,0.75,0.7142857142857143,0.7675350701402806
2016-05-16,0.625,1.462391206529845,0.75,0.125,0.0,0.125,0.6060081810510136,0.875,0.75,0.7142857142857143,0.7675350701402806
2016-05-17,0.625,1.4649080271140031,0.75,0.125,0.0,0.125,0.5433607536547617,0.875,0.75,0.7142857142857143,0.7294589178356713
2016-05-18,0.625,0.9856648624422545,0.75,0.125,0.0,0.125,0.3743219478320287,0.875,0.75,0.7142857142857143,0.7695390781563126
2016-05-19,0.25,0.9571699311761119,0.625,0.375,0.2857142857142857,0.125,0.4286992156457943,0.875,0.75,0.7142857142857143,0.751503006012024
2016-05-20,0.5,1.7951946619462036,0.625,0.125,0.0,0.125,0.09518314960048135,0.875,0.75,0.7142857142857143,0.685370741482966
2016-05-23,0.75,2.4229088849208185,0.875,0.125,0.0,-0.125,-0.07012695413705583,0.75,0.875,0.8571428571428571,0.7054108216432866
2016-05-24,0.625,1.552817592919986,0.75,0.125,0.0,-0.125,-0.12699765689404197,0.75,0.875,0.8571428571428571,0.7394789579158316
2016-05-25,0.375,1.4429251747024407,0.625,0.25,0.14285714285714285,0.125,0.06874517404978917,0.875,0.75,0.7142857142857143,0.6813627254509018
2016-05-26,0.375,1.1914113117584084,0.625,0.25,0.14285714285714285,-0.125,-0.13083934174797832,0.75,0.875,0.8571428571428571,0.49298597194388777
2016-05-27,0.125,0.4794632709283439,0.625,0.5,0.42857142857142855,-0.125,-0.24608703105911617,0.75,0.875,0.8571428571428571,0.374749498997996
2016-05-30,0.25,0.5498862912678888,0.625,0.375,0.2857142857142857,-0.125,-0.3030918468661977,0.75,0.875,0.8571428571428571,0.36472945891783565
2016-05-31,0.375,0.7494641353710316,0.625,0.25,0.14285714285714285,-0.125,-0.1706995849797472,0.75,0.875,0.8571428571428571,0.2925851703406814
2016-06-01,0.5,0.9368610099092914,0.75,0.25,0.14285714285714285,-0.125,-0.09982949452210937,0.75,0.875,0.8571428571428571,0.3406813627254509
2016-06-02,-0.125,-0.12110283479884953,0.375,0.5,0.42857142857142855,-0.125,-0.18111068985453205,0.75,0.875,0.8571428571428571,0.2925851703406814
2016-06-03,0.375,0.744676154801741,0.625,0.25,0.14285714285714285,0.125,0.14914724292580733,0.875,0.75,0.7142857142857143,0.38877755511022044
2016-06-06,0.375,1.032340596618388,0.625,0.25,0.14285714285714285,0.125,0.024716597734283474,0.875,0.75,0.7142857142857143,0.4148296593186373
2016-06-07,0.25,1.106964946791913,0.5,0.25,0.14285714285714285,-0.125,-0.01366035290306683,0.625,0.75,0.7142857142857143,0.3727454909819639
2016-06-08,0.125,0.787585251187841,0.375,0.25,0.14285714285714285,0.125,0.07286712571643762,0.75,0.625,0.5714285714285714,0.4589178356713427
2016-06-09,0.125,0.006883596175733531,0.5,0.375,0.2857142857142857,-0.125,-0.031807133201505466,0.625,0.75,0.7142857142857143,0.4729458917835671
2016-06-10,-0.125,-0.0731575604035758,0.375,0.5,0.42857142857142855,0.125,0.11383286449149792,0.75,0.625,0.5714285714285714,0.5070140280561122
2016-06-13,0.125,0.1760091174866964,0.5,0.375,0.2857142857142857,0.125,0.10888600871582103,0.75,0.625,0.5714285714285714,0.5290581162324649
2016-06-14,-0.125,-0.02942561477178629,0.375,0.5,0.42857142857142855,0.125,0.008669228131209447,0.75,0.625,0.5714285714285714,0.5831663326653307
2016-06-15,0.25,0.3076389478791741,0.5,0.25,0.14285714285714285,0.125,0.11814789122965404,0.75,0.625,0.5714285714285714,0.4789579158316633
2016-06-16,0.25,0.15786256964181622,0.5,0.25,0.14285714285714285,0.125,0.0014751645854852308,0.75,0.625,0.5714285714285714,0.6232464929859719
2016-06-17,0.125,0.32034506652061556,0.375,0.25,0.14285714285714285,0.125,0.17229179861697838,0.75,0.625,0.5714285714285714,0.6212424849699398
2016-06-20,0.125,0.34274988517932914,0.375,0.25,0.14285714285714285,0.125,0.3484423431992205,0.75,0.625,0.5714285714285714,0.7014028056112225
2016-06-21,-0.125,-0.13038530945854987,0.25,0.375,0.2857142857142857,0.125,0.22863161065281487,0.75,0.625,0.5714285714285714,0.6593186372745491
2016-06-22,-0.125,-0.0036275861319310376,0.25,0.375,0.2857142857142857,0.125,0.3243667990785027,0.75,0.625,0.5714285714285714,0.6633266533066132
2016-06-23,0.125,0.16491945393128693,0.5,0.375,0.2857142857142857,0.25,0.591641864789948,0.75,0.5,0.42857142857142855,0.781563126252505
2016-06-24,-0.25,-0.6864212704055587,0.375,0.625,0.5714285714285714,0.25,0.09881467925027815,0.75,0.5,0.42857142857142855,0.9679358717434869
2016-06-27,-0.375,-0.7245885782156273,0.375,0.75,0.7142857142857143,-0.125,-0.05548196726145868,0.625,0.75,0.7142857142857143,0.969939879759519
2016-06-28,-0.375,-0.7012174127964639,0.25,0.625,0.5714285714285714,0.125,0.03693971182309766,0.75,0.625,0.5714285714285714,0.9659318637274549
2016-06-29,-0.25,-0.6761102073553399,0.375,0.625,0.5714285714285714,-0.25,-0.017945314971448488,0.5,0.75,0.7142857142857143,0.9639278557114228
2016-06-30,-0.375,-0.7078576927151066,0.25,0.625,0.5714285714285714,0.25,0.10105297331077209,0.75,0.5,0.42857142857142855,0.969939879759519
2016-07-01,-0.375,-0.6589042138973606,0.25,0.625,0.5714285714285714,0.25,0.1256818207683142,0.75,0.5,0.42857142857142855,0.9599198396793587
2016-07-04,-0.375,-0.6079164697966383,0.25,0.625,0.5714285714285714,0.25,0.19693337066881753,0.625,0.375,0.2857142857142857,0.9579158316633266
2016-07-05,-0.375,-0.6511674269742196,0.375,0.75,0.7142857142857143,0.25,0.17408112092577907,0.75,0.5,0.42857142857142855,0.9599198396793587
2016-07-06,-0.375,-0.3662141668818792,0.375,0.75,0.7142857142857143,0.375,0.2249681320521036,0.75,0.375,0.2857142857142857,0.9579158316633266
2016-07-07,-0.375,-0.3612356653430254,0.375,0.75,0.7142857142857143,0.25,0.21212130895310408,0.75,0.5,0.42857142857142855,0.9619238476953907
2016-07-08,-0.5,-0.4270060272859887,0.25,0.75,0.7142857142857143,0.125,0.0977416690891467,0.625,0.5,0.42857142857142855,0.9639278557114228
2016-07-11,-0.25,-0.5238450952160243,0.5,0.75,0.7142857142857143,0.125,0.12456929090202826,0.625,0.5,0.42857142857142855,0.969939879759519
2016-07-12,-0.25,-0.6957910676513359,0.5,0.75,0.7142857142857143,0.25,0.08269031726195976,0.625,0.375,0.2857142857142857,0.9739478957915831
2016-07-13,-0.25,-0.449687398942181,0.5,0.75,0.7142857142857143,0.25,0.11872149122613672,0.625,0.375,0.2857142857142857,0.9739478957915831
2016-07-14,-0.5,-0.4682705877913406,0.25,0.75,0.7142857142857143,0.125,0.023524616953955912,0.5,0.375,0.2857142857142857,0.9739478957915831
2016-07-15,-0.25,-0.3391949514202959,0.5,0.75,0.7142857142857143,0.125,0.006933406791910499,0.625,0.5,0.42857142857142855,0.9719438877755511
2016-07-18,-0.375,-0.46625433703844155,0.375,0.75,0.7142857142857143,0.25,0.10312117424180475,0.625,0.375,0.2857142857142857,0.9659318637274549
2016-07-19,-0.25,-0.5874918182866098,0.5,0.75,0.7142857142857143,0.125,0.08921530943781204,0.625,0.5,0.42857142857142855,0.969939879759519
2016-07-20,-0.375,-0.7826580546372564,0.375,0.75,0.7142857142857143,0.25,0.03184045639316699,0.625,0.375,0.2857142857142857,0.9739478957915831
2016-07-21,-0.375,-0.8606679357827989,0.375,0.75,0.7142857142857143,0.25,0.08042125528306227,0.625,0.375,0.2857142857142857,0.9579158316633266
2016-07-22,-0.375,-1.2179263520691395,0.375,0.75,0.7142857142857143,0.25,0.0880765034673449,0.625,0.375,0.2857142857142857,0.8897795591182365
2016-07-25,-0.5,-1.3404443112100006,0.375,0.875,0.8571428571428571,0.125,0.0986429904290255,0.625,0.5,0.42857142857142855,0.8256513026052105
2016-07-26,-0.375,-1.176532245001097,0.25,0.625,0.5714285714285714,0.125,0.06110419116826875,0.625,0.5,0.42857142857142855,0.8236472945891784
2016-07-27,-0.375,-1.06933245372,0.25,0.625,0.5714285714285714,0.125,0.10594206634025088,0.625,0.5,0.42857142857142855,0.8236472945891784
2016-07-28,-0.375,-0.8029722460281858,0.25,0.625,0.5714285714285714,0.25,0.06287302836117137,0.625,0.375,0.2857142857142857,0.8076152304609219
2016-07-29,-0.25,-0.4745093729851958,0.25,0.5,0.42857142857142855,0.25,0.1270208093200019,0.5,0.25,0.14285714285714285,0.875751503006012
2016-08-01,-0.25,-0.4301414723325047,0.25,0.5,0.42857142857142855,0.125,0.005999273750685652,0.5,0.375,0.2857142857142857,0.87374749498998
2016-08-02,-0.125,-0.28104133401305015,0.375,0.5,0.42857142857142855,0.125,0.06416769451500204,0.5,0.375,0.2857142857142857,0.8396793587174348
2016-08-03,-0.375,-0.5611765604481485,0.25,0.625,0.5714285714285714,0.375,0.038381686542244164,0.625,0.25,0.14285714285714285,0.8416833667334669
2016-08-04,-0.375,-0.4416799354030153,0.25,0.625,0.5714285714285714,0.25,0.045873751669978424,0.5,0.25,0.14285714285714285,0.845691382765531
2016-08-05,-0.375,-0.4109567315682555,0.25,0.625,0.5714285714285714,0.125,0.055093449514567114,0.625,0.5,0.42857142857142855,0.811623246492986
2016-08-08,-0.25,-0.40962429043294524,0.375,0.625,0.5714285714285714,-0.125,-0.03229163350852379,0.5,0.625,0.5714285714285714,0.7655310621242485
2016-08-09,-0.375,-0.3392198841627317,0.25,0.625,0.5714285714285714,-0.25,-0.10604828528338081,0.375,0.625,0.5714285714285714,0.6492985971943888
2016-08-10,-0.25,-0.05141102544389181,0.25,0.5,0.42857142857142855,-0.125,-0.16213437728619226,0.375,0.5,0.42857142857142855,0.6472945891783567
2016-08-11,-0.125,-0.08828985557963875,0.25,0.375,0.2857142857142857,-0.125,-0.38079510627810914,0.375,0.5,0.42857142857142855,0.5551102204408818
2016-08-12,-0.125,-0.08546399072555602,0.25,0.375,0.2857142857142857,-0.125,-0.3141033995634174,0.375,0.5,0.42857142857142855,0.5831663326653307
2016-08-15,-0.125,-0.054984431508210224,0.25,0.375,0.2857142857142857,-0.125,-0.1174616371644499,0.375,0.5,0.42857142857142855,0.49298597194388777
2016-08-16,0.125,0.1966841783634624,0.375,0.25,0.14285714285714285,0.125,0.026299804556274953,0.375,0.25,0.14285714285714285,0.48296593186372744
2016-08-17,0.125,0.19079809400509462,0.375,0.25,0.14285714285714285,0.125,0.09296688615659388,0.5,0.375,0.2857142857142857,0.32665330661322645
2016-08-18,0.125,0.24380210761698426,0.375,0.25,0.14285714285714285,0.25,0.13158428880660278,0.5,0.25,0.14285714285714285,0.30861723446893785
2016-08-19,0.25,0.3170521622293169,0.5,0.25,0.14285714285714285,0.125,0.0159398409873997,0.5,0.375,0.2857142857142857,0.280561122244489
2016-08-22,0.25,0.2716106006447073,0.5,0.25,0.14285714285714285,0.25,0.0890987125902335,0.5,0.25,0.14285714285714285,0.3106212424849699
2016-08-23,0.25,0.2900274104161852,0.5,0.25,0.14285714285714285,0.25,0.18258958976874212,0.5,0.25,0.14285714285714285,0.17635270541082165
2016-08-24,0.125,0.13787492929498252,0.375,0.25,0.14285714285714285,0.25,0.11587629992095955,0.5,0.25,0.14285714285714285,0.12625250501002003
2016-08-25,0.125,0.23728219898328054,0.375,0.25,0.14285714285714285,0.25,0.10924476985608406,0.5,0.25,0.14285714285714285,0.09619238476953908
2016-08-26,-0.375,-0.336502779729475,0.25,0.625,0.5714285714285714,-0.125,-0.009819647587462677,0.25,0.375,0.2857142857142857,0.04008016032064128
2016-08-29,-0.375,-0.34044642238703754,0.25,0.625,0.5714285714285714,-0.25,-0.027259428880007153,0.25,0.5,0.42857142857142855,0.03006012024048096
2016-08-30,-0.25,-0.4451395240655864,0.375,0.625,0.5714285714285714,-0.25,-0.12599096123915998,0.25,0.5,0.42857142857142855,0.026052104208416832
2016-08-31,-0.125,-0.5522518313846567,0.5,0.625,0.5714285714285714,-0.25,-0.17602710241784625,0.25,0.5,0.42857142857142855,0.01002004008016032
2016-09-01,-0.125,-0.2992249890186849,0.5,0.625,0.5714285714285714,-0.125,-0.1180236655597236,0.375,0.5,0.42857142857142855,0.0
2016-09-02,-0.125,-0.27172019181997964,0.5,0.625,0.5714285714285714,-0.25,-0.11170254277900382,0.25,0.5,0.42857142857142855,0.006012024048096192
2016-09-05,-0.25,-0.4178899770498515,0.375,0.625,0.5714285714285714,-0.25,-0.14182321723358726,0.25,0.5,0.42857142857142855,0.002004008016032064
2016-09-06,0.25,0.11368696878926154,0.625,0.375,0.2857142857142857,-0.25,-0.1571528077482004,0.25,0.5,0.42857142857142855,0.01002004008016032
2016-09-07,-0.125,-0.058241687658503544,0.375,0.5,0.42857142857142855,-0.25,-0.04093317181088635,0.25,0.5,0.42857142857142855,0.01002004008016032
2016-09-08,0.25,0.09297588537133863,0.625,0.375,0.2857142857142857,0.25,0.07134120855850395,0.5,0.25,0.14285714285714285,0.004008016032064128
2016-09-09,-0.125,-0.1445438564722622,0.5,0.625,0.5714285714285714,0.125,0.09849187139862797,0.5,0.375,0.2857142857142857,0.008016032064128256
2016-09-12,-0.125,-0.18827230022214342,0.5,0.625,0.5714285714285714,0.125,0.04564529526103772,0.375,0.25,0.14285714285714285,0.01603206412825651
2016-09-13,-0.125,-0.08163181001673864,0.5,0.625,0.5714285714285714,0.25,0.04134151403939845,0.5,0.25,0.14285714285714285,0.02404809619238477
2016-09-14,-0.25,-0.18690505639793964,0.5,0.75,0.7142857142857143,0.125,0.04666749348575505,0.375,0.25,0.14285714285714285,0.026052104208416832
2016-09-15,-0.375,-0.3462935527005938,0.375,0.75,0.7142857142857143,0.125,0.0038211545544708514,0.375,0.25,0.14285714285714285,0.02404809619238477
2016-09-16,0.25,0.31890563173851394,0.875,0.625,0.5714285714285714,-0.125,-0.09655577010799277,0.375,0.5,0.42857142857142855,0.04809619238476954
2016-09-19,0.25,0.761059171112296,0.75,0.5,0.42857142857142855,0.125,0.0019678306624239528,0.5,0.375,0.2857142857142857,0.03807615230460922
2016-09-20,0.25,0.3694872280490913,0.625,0.375,0.2857142857142857,-0.25,-0.03304034609213535,0.25,0.5,0.42857142857142855,0.03807615230460922
2016-09-21,0.125,0.2877328898460554,0.5,0.375,0.2857142857142857,-0.125,-0.01098397097377074,0.375,0.5,0.42857142857142855,0.06012024048096192
2016-09-22,0.25,0.6255543242143445,0.625,0.375,0.2857142857142857,0.125,0.022001907165791368,0.375,0.25,0.14285714285714285,0.06813627254509018
2016-09-23,0.25,0.5683503441568819,0.625,0.375,0.2857142857142857,-0.25,-0.04331641392441021,0.375,0.625,0.5714285714285714,0.07214428857715431
2016-09-26,0.375,0.5560258936909879,0.75,0.375,0.2857142857142857,0.125,0.013920680308884353,0.5,0.375,0.2857142857142857,0.08817635270541083
2016-09-27,0.375,1.068000397580769,0.75,0.375,0.2857142857142857,-0.25,-0.060311970262400705,0.375,0.625,0.5714285714285714,0.08216432865731463
2016-09-28,0.5,1.1096091322888353,0.75,0.25,0.14285714285714285,-0.375,-0.1350205477886959,0.25,0.625,0.5714285714285714,0.09619238476953908
2016-09-29,0.5,1.4715769621026968,0.875,0.375,0.2857142857142857,-0.375,-0.13657259769387758,0.25,0.625,0.5714285714285714,0.09819639278557114
2016-09-30,0.5,1.8658619127851903,1.0,0.5,0.42857142857142855,-0.25,-0.14651987140438708,0.375,0.625,0.5714285714285714,0.0841683366733467
2016-10-03,0.5,1.4983190471866403,0.875,0.375,0.2857142857142857,-0.25,-0.2593193900780482,0.375,0.625,0.5714285714285714,0.09619238476953908
2016-10-04,0.25,0.7085812932782521,0.875,0.625,0.5714285714285714,-0.125,-0.17343044119378498,0.5,0.625,0.5714285714285714,0.09619238476953908
2016-10-05,0.375,0.711891767919435,0.875,0.5,0.42857142857142855,-0.125,-0.1475467684000863,0.5,0.625,0.5714285714285714,0.09018036072144289
2016-10-06,0.25,0.15467299405995472,0.875,0.625,0.5714285714285714,-0.25,-0.1754774296011838,0.375,0.625,0.5714285714285714,0.09418837675350701
2016-10-07,0.375,0.4625453182505671,0.875,0.5,0.42857142857142855,-0.125,-0.1367257690789053,0.5,0.625,0.5714285714285714,0.11222444889779559
2016-10-10,0.25,0.22114749259532104,0.75,0.5,0.42857142857142855,-0.25,-0.1798499203569755,0.375,0.625,0.5714285714285714,0.1623246492985972
2016-10-11,0.125,0.11500969136129463,0.75,0.625,0.5714285714285714,-0.125,-0.04673223766758502,0.5,0.625,0.5714285714285714,0.18837675350701402
2016-10-12,-0.125,-0.0024861754303112382,0.5,0.625,0.5714285714285714,-0.125,-0.0012759779527293314,0.5,0.625,0.5714285714285714,0.23446893787575152
2016-10-13,0.125,0.09104349105303253,0.625,0.5,0.42857142857142855,0.25,0.061614425672331614,0.625,0.375,0.2857142857142857,0.23647294589178355
2016-10-14,-0.125,-0.006425465438302039,0.375,0.5,0.42857142857142855,-0.25,-0.03180541572113459,0.375,0.625,0.5714285714285714,0.2124248496993988
2016-10-17,0.125,0.013857794621109396,0.5,0.375,0.2857142857142857,-0.125,-0.012977049139195652,0.5,0.625,0.5714285714285714,0.27054108216432865
2016-10-18,-0.125,-0.022198955714832654,0.25,0.375,0.2857142857142857,0.25,0.014051405082721291,0.625,0.375,0.2857142857142857,0.33867735470941884
2016-10-19,-0.25,-0.24863553995868415,0.25,0.5,0.42857142857142855,0.375,0.09339681904755501,0.625,0.25,0.14285714285714285,0.29458917835671344
2016-10-20,-0.375,-0.5195777723457644,0.25,0.625,0.5714285714285714,0.25,0.0384094231238105,0.625,0.375,0.2857142857142857,0.3046092184368738
2016-10-21,-0.625,-1.133678286593428,0.25,0.875,0.8571428571428571,0.25,0.12316691372477105,0.625,0.375,0.2857142857142857,0.23446893787575152
2016-10-24,-0.5,-1.1006740221240077,0.375,0.875,0.8571428571428571,0.25,0.10807387932814705,0.625,0.375,0.2857142857142857,0.20440881763527055
2016-10-25,-0.5,-1.0743049063456545,0.375,0.875,0.8571428571428571,0.25,0.14715829532873015,0.625,0.375,0.2857142857142857,0.21643286573146292
2016-10-26,-0.375,-0.808525781897329,0.5,0.875,0.8571428571428571,0.25,0.13338920414941507,0.625,0.375,0.2857142857142857,0.17234468937875752
2016-10-27,-0.5,-0.926411088875451,0.5,1.0,1.0,0.25,0.08105499834598956,0.625,0.375,0.2857142857142857,0.1683366733466934
2016-10-28,-0.375,-0.4271101321139322,0.5,0.875,0.8571428571428571,0.25,0.20654417057165858,0.625,0.375,0.2857142857142857,0.1683366733466934
2016-10-31,-0.5,-0.5285321879267024,0.5,1.0,1.0,0.25,0.25696097817617214,0.625,0.375,0.2857142857142857,0.1342685370741483
2016-11-01,-0.25,-0.2585244840097874,0.5,0.75,0.7142857142857143,0.125,0.3549644601142777,0.5,0.375,0.2857142857142857,0.14428857715430862
2016-11-02,-0.25,-0.4141007064583578,0.5,0.75,0.7142857142857143,0.125,0.37144901606785174,0.5,0.375,0.2857142857142857,0.16032064128256512
2016-11-03,-0.25,-0.18586160219629394,0.5,0.75,0.7142857142857143,0.125,0.32918729161297455,0.5,0.375,0.2857142857142857,0.18236472945891782
2016-11-04,-0.125,-0.09385725937794293,0.5,0.625,0.5714285714285714,0.125,0.45408774581906997,0.5,0.375,0.2857142857142857,0.11022044088176353
2016-11-07,-0.25,-0.6519302621528074,0.5,0.75,0.7142857142857143,0.125,0.3736220799813907,0.5,0.375,0.2857142857142857,0.13226452905811623
2016-11-08,-0.25,-1.043166647169829,0.5,0.75,0.7142857142857143,0.25,0.3442424822844251,0.5,0.25,0.14285714285714285,0.10821643286573146
2016-11-09,-0.375,-1.5238579583692275,0.5,0.875,0.8571428571428571,0.125,0.29073348607172533,0.5,0.375,0.2857142857142857,0.11623246492985972
2016-11-10,-0.5,-1.8805816461041411,0.5,1.0,1.0,0.125,0.2924309739974259,0.5,0.375,0.2857142857142857,0.19438877755511022
2016-11-11,-0.625,-2.1770686849540164,0.375,1.0,1.0,0.125,0.27171282408140285,0.5,0.375,0.2857142857142857,0.22244488977955912
2016-11-14,-0.75,-2.2406227172387356,0.25,1.0,1.0,0.125,0.1886807300445123,0.5,0.375,0.2857142857142857,0.2785571142284569
2016-11-15,-0.625,-2.0573782982040996,0.375,1.0,1.0,0.125,0.11076946596893467,0.5,0.375,0.2857142857142857,0.28857715430861725
2016-11-16,-0.625,-2.1602686901481327,0.375,1.0,1.0,0.125,0.10490068167338683,0.5,0.375,0.2857142857142857,0.2905811623246493
2016-11-17,-0.625,-2.3929968042474767,0.375,1.0,1.0,-0.375,-0.33954382826149665,0.25,0.625,0.5714285714285714,0.32064128256513025
2016-11-18,-0.625,-2.3217773296531807,0.375,1.0,1.0,-0.5,-0.32282181107757335,0.25,0.75,0.7142857142857143,0.342685370741483
2016-11-21,-0.75,-2.2264289286196015,0.25,1.0,1.0,-0.25,-0.23435364925195618,0.25,0.5,0.42857142857142855,0.3967935871743487
2016-11-22,-0.625,-2.113551082352221,0.375,1.0,1.0,-0.25,-0.3112977113885559,0.25,0.5,0.42857142857142855,0.3867735470941884
2016-11-23,-0.625,-2.2841973425092204,0.375,1.0,1.0,-0.25,-0.5499276783390603,0.25,0.5,0.42857142857142855,0.4408817635270541
2016-11-24,-0.625,-2.177717820915406,0.375,1.0,1.0,-0.25,-0.4710192163811867,0.25,0.5,0.42857142857142855,0.43687374749499
2016-11-25,-0.625,-2.1061601664321024,0.375,1.0,1.0,-0.25,-0.4658761210361986,0.25,0.5,0.42857142857142855,0.4308617234468938
2016-11-28,-0.625,-1.9930683202644188,0.375,1.0,1.0,-0.25,-0.44812869963510227,0.25,0.5,0.42857142857142855,0.531062124248497
2016-11-29,-0.625,-2.007543707834929,0.375,1.0,1.0,-0.25,-0.3470287954962715,0.25,0.5,0.42857142857142855,0.5110220440881763
2016-11-30,-0.625,-1.9254650601867536,0.375,1.0,1.0,-0.25,-0.38192875568491724,0.25,0.5,0.42857142857142855,0.5831663326653307
2016-12-01,-0.75,-1.8934340979473743,0.25,1.0,1.0,-0.25,-0.22635359325624999,0.25,0.5,0.42857142857142855,0.5450901803607214
2016-12-02,-0.75,-1.779988751061914,0.25,1.0,1.0,-0.25,-0.28556019950146094,0.25,0.5,0.42857142857142855,0.5771543086172345
2016-12-05,-0.625,-1.375952574123212,0.375,1.0,1.0,-0.125,-0.20937485577498763,0.375,0.5,0.42857142857142855,0.44889779559118237
2016-12-06,-0.75,-1.3983406232596463,0.25,1.0,1.0,-0.125,-0.33012710485920216,0.375,0.5,0.42857142857142855,0.36072144288577157
2016-12-07,-0.5,-1.3398336366340176,0.375,0.875,0.8571428571428571,-0.125,-0.19952527432328493,0.375,0.5,0.42857142857142855,0.2905811623246493
2016-12-08,-0.75,-1.6515401187838976,0.25,1.0,1.0,-0.25,-0.47531340989517945,0.25,0.5,0.42857142857142855,0.23847695390781562
2016-12-09,-0.625,-1.459949707712604,0.25,0.875,0.8571428571428571,-0.25,-0.56461961829219,0.25,0.5,0.42857142857142855,0.1903807615230461
2016-12-12,-0.625,-1.2945150086172408,0.25,0.875,0.8571428571428571,-0.25,-0.46275779240495835,0.25,0.5,0.42857142857142855,0.11623246492985972
2016-12-13,-0.625,-1.2457464136598486,0.25,0.875,0.8571428571428571,-0.25,-0.42663362841433106,0.25,0.5,0.42857142857142855,0.08817635270541083
2016-12-14,-0.75,-1.3837825029835518,0.25,1.0,1.0,-0.25,-0.5783563241409571,0.25,0.5,0.42857142857142855,0.10420841683366733
2016-12-15,-0.75,-1.621974655338143,0.25,1.0,1.0,-0.25,-0.6583601078649202,0.25,0.5,0.42857142857142855,0.09218436873747494
2016-12-16,-0.75,-1.6407581849470936,0.25,1.0,1.0,-0.25,-0.6586581351421747,0.25,0.5,0.42857142857142855,0.1402805611222445
2016-12-19,-0.75,-1.7960150007786342,0.25,1.0,1.0,-0.25,-0.6397326669353267,0.25,0.5,0.42857142857142855,0.15430861723446893
2016-12-20,-0.75,-1.6959122634061705,0.25,1.0,1.0,-0.25,-0.5388316603648614,0.25,0.5,0.42857142857142855,0.156312625250501
2016-12-21,-0.75,-1.753171373948586,0.25,1.0,1.0,-0.25,-0.5119178016718151,0.25,0.5,0.42857142857142855,0.14228456913827656
2016-12-22,-0.75,-1.7749261095390896,0.25,1.0,1.0,-0.25,-0.6819731338158592,0.25,0.5,0.42857142857142855,0.12224448897795591
2016-12-23,-0.75,-1.8632089624343167,0.25,1.0,1.0,-0.25,-0.6696262885938129,0.25,0.5,0.42857142857142855,0.11422845691382766
2016-12-26,-0.75,-1.8282596145107215,0.25,1.0,1.0,-0.25,-0.5703070289375708,0.25,0.5,0.42857142857142855,0.06813627254509018
2016-12-27,-0.75,-1.913490761249059,0.25,1.0,1.0,-0.25,-0.5650371465661574,0.25,0.5,0.42857142857142855,0.04809619238476954
2016-12-28,-0.75,-2.141583420468405,0.25,1.0,1.0,-0.25,-0.6370161790128142,0.25,0.5,0.42857142857142855,0.036072144288577156
2016-12-29,-0.75,-1.8981617141370009,0.25,1.0,1.0,-0.25,-0.4990913929863677,0.25,0.5,0.42857142857142855,0.03006012024048096
2016-12-30,-0.75,-1.6202528759683352,0.25,1.0,1.0,-0.25,-0.5372139122918673,0.25,0.5,0.42857142857142855,0.026052104208416832
2017-01-02,-0.75,-1.6967482492599815,0.25,1.0,1.0,-0.25,-0.5864209718390373,0.25,0.5,0.42857142857142855,0.012024048096192385
2017-01-03,-0.625,-1.4704736806027396,0.25,0.875,0.8571428571428571,-0.375,-0.6786790272241242,0.25,0.625,0.5714285714285714,0.03006012024048096
2017-01-04,-0.625,-1.2668891528322295,0.25,0.875,0.8571428571428571,-0.375,-0.5484562753789208,0.25,0.625,0.5714285714285714,0.018036072144288578
2017-01-05,-0.625,-1.184691962803666,0.25,0.875,0.8571428571428571,-0.25,-0.39396299794849304,0.25,0.5,0.42857142857142855,0.01603206412825651
2017-01-06,-0.5,-1.110813342637543,0.375,0.875,0.8571428571428571,-0.25,-0.3737147479799545,0.25,0.5,0.42857142857142855,0.028056112224448898
2017-01-09,-0.75,-1.1583317404491875,0.25,1.0,1.0,-0.25,-0.34347154094765464,0.25,0.5,0.42857142857142855,0.05811623246492986
2017-01-10,-0.625,-1.2310143671650577,0.375,1.0,1.0,-0.125,-0.40402485988866293,0.25,0.375,0.2857142857142857,0.06212424849699399
2017-01-11,-0.625,-1.1032327805015147,0.375,1.0,1.0,-0.125,-0.41247954467924086,0.25,0.375,0.2857142857142857,0.05410821643286573
2017-01-12,-0.625,-0.9433690087626289,0.25,0.875,0.8571428571428571,-0.125,-0.4011123479737245,0.25,0.375,0.2857142857142857,0.05410821643286573
2017-01-13,-0.625,-0.7021006924480495,0.25,0.875,0.8571428571428571,-0.125,-0.24962989302737904,0.25,0.375,0.2857142857142857,0.0
2017-01-16,-0.625,-0.884759049241127,0.25,0.875,0.8571428571428571,-0.125,-0.3428272570891975,0.25,0.375,0.2857142857142857,0.002004008016032064
2017-01-17,-0.375,-0.5541384029372176,0.25,0.625,0.5714285714285714,-0.125,-0.2652827077151487,0.25,0.375,0.2857142857142857,0.06813627254509018
2017-01-18,-0.5,-0.8476512381823463,0.25,0.75,0.7142857142857143,-0.25,-0.5761463805329056,0.25,0.5,0.42857142857142855,0.0781563126252505
2017-01-19,-0.375,-0.7179429555588244,0.25,0.625,0.5714285714285714,-0.25,-0.7196449341395896,0.25,0.5,0.42857142857142855,0.09418837675350701
2017-01-20,-0.375,-0.8715358677134003,0.25,0.625,0.5714285714285714,-0.25,-0.5925398546789854,0.25,0.5,0.42857142857142855,0.09418837675350701
2017-01-23,-0.375,-0.6563888241827989,0.25,0.625,0.5714285714285714,-0.25,-0.5652113533845481,0.25,0.5,0.42857142857142855,0.1523046092184369
2017-01-24,-0.375,-0.8763718594779939,0.25,0.625,0.5714285714285714,-0.25,-0.7187348136728181,0.25,0.5,0.42857142857142855,0.23847695390781562
2017-01-25,-0.375,-0.8939275606682942,0.25,0.625,0.5714285714285714,-0.25,-0.691969671910277,0.25,0.5,0.42857142857142855,0.25250501002004005
2017-01-26,-0.5,-1.042304075773202,0.25,0.75,0.7142857142857143,-0.375,-0.8632486489678662,0.25,0.625,0.5714285714285714,0.30060120240480964
2017-01-27,-0.5,-1.090006684709538,0.25,0.75,0.7142857142857143,-0.375,-0.7270688461921798,0.25,0.625,0.5714285714285714,0.2905811623246493
2017-01-30,-0.5,-1.0549201995091906,0.25,0.75,0.7142857142857143,-0.25,-0.6184209842434528,0.25,0.5,0.42857142857142855,0.39879759519038077
2017-01-31,-0.375,-0.7645032700220223,0.375,0.75,0.7142857142857143,-0.25,-0.46691345671549345,0.25,0.5,0.42857142857142855,0.41082164328657317
2017-02-01,-0.5,-0.5233876207396633,0.25,0.75,0.7142857142857143,-0.25,-0.5498926577125918,0.25,0.5,0.42857142857142855,0.4468937875751503
2017-02-02,-0.375,-0.49133862371399395,0.25,0.625,0.5714285714285714,-0.125,-0.48233722087874153,0.25,0.375,0.2857142857142857,0.4849699398797595
2017-02-03,-0.25,-0.2340829396108154,0.375,0.625,0.5714285714285714,-0.375,-0.4627761341165914,0.25,0.625,0.5714285714285714,0.4028056112224449
2017-02-06,0.125,0.01576976924482293,0.5,0.375,0.2857142857142857,-0.125,-0.42007335604749,0.25,0.375,0.2857142857142857,0.32064128256513025
2017-02-07,-0.125,-0.2586963821990411,0.25,0.375,0.2857142857142857,-0.375,-0.5261473174811345,0.25,0.625,0.5714285714285714,0.3967935871743487
2017-02-08,-0.125,-0.031703325857535436,0.25,0.375,0.2857142857142857,-0.25,-0.5366744270759725,0.25,0.5,0.42857142857142855,0.3867735470941884
2017-02-09,0.125,0.14122140050003062,0.375,0.25,0.14285714285714285,-0.375,-0.6513423664048512,0.25,0.625,0.5714285714285714,0.4288577154308617
2017-02-10,0.125,0.21452766367651604,0.375,0.25,0.14285714285714285,-0.25,-0.5060138613895607,0.25,0.5,0.42857142857142855,0.49899799599198397
2017-02-13,-0.125,-0.19038135025516406,0.25,0.375,0.2857142857142857,-0.375,-0.4867890105728369,0.25,0.625,0.5714285714285714,0.4228456913827655
2017-02-14,-0.125,-0.25528096335662975,0.25,0.375,0.2857142857142857,-0.375,-0.4905668816831818,0.25,0.625,0.5714285714285714,0.20641282565130262
2017-02-15,0.25,0.19695060576274592,0.5,0.25,0.14285714285714285,-0.375,-0.45749071735786123,0.25,0.625,0.5714285714285714,0.1402805611222445
2017-02-16,0.375,0.729443318389269,0.5,0.125,0.0,-0.25,-0.4699126318281756,0.25,0.5,0.42857142857142855,0.14428857715430862
2017-02-17,0.25,0.09813903750359143,0.5,0.25,0.14285714285714285,-0.25,-0.6713917240180177,0.25,0.5,0.42857142857142855,0.17034068136272545
2017-02-20,0.125,0.006908346171145219,0.375,0.25,0.14285714285714285,-0.25,-0.6916562288215579,0.25,0.5,0.42857142857142855,0.11823647294589178
2017-02-21,-0.375,-0.8802335629436895,0.125,0.5,0.42857142857142855,-0.375,-0.8085153244844867,0.25,0.625,0.5714285714285714,0.09418837675350701
2017-02-22,-0.125,-0.2763703200904424,0.25,0.375,0.2857142857142857,-0.375,-0.721770287685966,0.25,0.625,0.5714285714285714,0.0841683366733467
2017-02-23,-0.25,-0.5397740321618641,0.125,0.375,0.2857142857142857,-0.25,-0.9380483418088346,0.25,0.5,0.42857142857142855,0.07414829659318638
2017-02-24,-0.125,-0.6553476263025291,0.25,0.375,0.2857142857142857,-0.25,-0.9310122941009743,0.25,0.5,0.42857142857142855,0.0841683366733467
2017-02-27,-0.25,-1.1126526142294169,0.25,0.5,0.42857142857142855,-0.25,-0.8189619605325005,0.25,0.5,0.42857142857142855,0.07414829659318638
2017-02-28,-0.25,-0.9575546408946546,0.25,0.5,0.42857142857142855,-0.25,-0.8436026662843403,0.25,0.5,0.42857142857142855,0.07615230460921844
2017-03-01,-0.625,-1.3352418284001297,0.25,0.875,0.8571428571428571,-0.5,-1.0653709545061723,0.25,0.75,0.7142857142857143,0.07615230460921844
2017-03-02,-0.25,-0.8360237109030653,0.5,0.75,0.7142857142857143,-0.625,-1.3247390183514764,0.25,0.875,0.8571428571428571,0.06813627254509018
2017-03-03,0.125,0.39229584190520106,0.625,0.5,0.42857142857142855,-0.625,-1.0858876533192323,0.25,0.875,0.8571428571428571,0.08216432865731463
2017-03-06,-0.125,-0.34674002124567926,0.5,0.625,0.5714285714285714,-0.625,-1.107620945653932,0.25,0.875,0.8571428571428571,0.06613226452905811
2017-03-07,-0.25,-0.314851079340961,0.5,0.75,0.7142857142857143,-0.625,-1.1517848426512955,0.25,0.875,0.8571428571428571,0.050100200400801605
2017-03-08,0.125,0.06141355889008046,0.625,0.5,0.42857142857142855,-0.625,-1.1744911962069273,0.25,0.875,0.8571428571428571,0.04208416833667335
2017-03-09,0.125,0.8146524803035005,0.625,0.5,0.42857142857142855,-0.625,-1.0851451668657963,0.25,0.875,0.8571428571428571,0.01603206412825651
2017-03-10,0.25,1.2126983072014919,0.75,0.5,0.42857142857142855,-0.5,-0.8663035476459597,0.25,0.75,0.7142857142857143,0.02004008016032064
2017-03-13,0.375,1.3633453800072082,0.875,0.5,0.42857142857142855,-0.5,-0.9625756077984333,0.25,0.75,0.7142857142857143,0.014028056112224449
2017-03-14,0.25,1.1284109371091873,0.75,0.5,0.42857142857142855,-0.625,-1.1784998863492573,0.25,0.875,0.8571428571428571,0.01002004008016032
2017-03-15,0.5,1.4032291489250637,0.75,0.25,0.14285714285714285,-0.5,-1.0642696233987206,0.25,0.75,0.7142857142857143,0.05811623246492986
2017-03-16,0.625,1.670541271910363,0.75,0.125,0.0,-0.5,-1.1255423127656707,0.25,0.75,0.7142857142857143,0.04609218436873747
2017-03-17,0.5,1.3299923336902042,0.625,0.125,0.0,-0.5,-1.2690241664711,0.25,0.75,0.7142857142857143,0.056112224448897796
2017-03-20,0.5,1.2229568952147143,0.625,0.125,0.0,-0.5,-1.157421986162705,0.25,0.75,0.7142857142857143,0.06613226452905811
2017-03-21,0.5,1.6634041314745998,0.625,0.125,0.0,-0.5,-1.1019806806598837,0.25,0.75,0.7142857142857143,0.09819639278557114
2017-03-22,0.5,1.774879936418838,0.625,0.125,0.0,-0.5,-1.214147077743515,0.25,0.75,0.7142857142857143,0.08216432865731463
2017-03-23,0.5,1.501252309261521,0.625,0.125,0.0,-0.5,-1.2202200572201627,0.25,0.75,0.7142857142857143,0.09018036072144289
2017-03-24,0.5,1.3535017417658053,0.625,0.125,0.0,-0.5,-1.2144524516259394,0.25,0.75,0.7142857142857143,0.06813627254509018
2017-03-27,0.5,1.8108966971901146,0.625,0.125,0.0,-0.5,-1.1362377088439497,0.25,0.75,0.7142857142857143,0.07414829659318638
2017-03-28,0.625,1.816882351091647,0.75,0.125,0.0,-0.625,-1.1868160730745803,0.25,0.875,0.8571428571428571,0.07414829659318638
2017-03-29,0.5,1.2759110134279057,0.75,0.25,0.14285714285714285,-0.5,-1.0624775302477285,0.25,0.75,0.7142857142857143,0.07214428857715431
2017-03-30,0.25,0.4580242427255127,0.625,0.375,0.2857142857142857,-0.625,-1.2578532278603323,0.25,0.875,0.8571428571428571,0.04208416833667335
2017-03-31,0.25,0.6826973598550763,0.5,0.25,0.14285714285714285,-0.625,-1.3924421900899815,0.25,0.875,0.8571428571428571,0.018036072144288578
2017-04-03,0.125,0.4410718150294599,0.5,0.375,0.2857142857142857,-0.625,-1.4013893117667573,0.25,0.875,0.8571428571428571,0.036072144288577156
2017-04-04,0.125,0.6644665331139987,0.5,0.375,0.2857142857142857,-0.75,-1.4217823098139633,0.25,1.0,1.0,0.06412825651302605
2017-04-05,0.125,0.417688983715247,0.5,0.375,0.2857142857142857,-0.625,-1.3479827503352722,0.375,1.0,1.0,0.04008016032064128
2017-04-06,0.125,0.15252859530503393,0.5,0.375,0.2857142857142857,-0.625,-1.3528109951404443,0.25,0.875,0.8571428571428571,0.02004008016032064
2017-04-07,-0.125,-0.24023218802852386,0.375,0.5,0.42857142857142855,-0.5,-1.1622091330674253,0.25,0.75,0.7142857142857143,0.012024048096192385
2017-04-10,-0.125,-0.028268237523692508,0.375,0.5,0.42857142857142855,-0.5,-1.2292329881126294,0.25,0.75,0.7142857142857143,0.012024048096192385
2017-04-11,-0.375,-0.552743471446997,0.375,0.75,0.7142857142857143,-0.5,-1.236159742179372,0.25,0.75,0.7142857142857143,0.06012024048096192
2017-04-12,0.375,0.16766442000115084,0.625,0.25,0.14285714285714285,-0.5,-1.1752815895157978,0.25,0.75,0.7142857142857143,0.0
2017-04-13,-0.25,-0.194839827109406,0.25,0.5,0.42857142857142855,-0.625,-1.3435142325073985,0.25,0.875,0.8571428571428571,0.002004008016032064
2017-04-14,-0.25,-0.381617378802646,0.25,0.5,0.42857142857142855,-0.625,-1.5358124764413459,0.25,0.875,0.8571428571428571,0.0
2017-04-17,-0.5,-0.6936551776120772,0.25,0.75,0.7142857142857143,-0.75,-1.6331997110081713,0.25,1.0,1.0,0.0
2017-04-18,-0.125,-0.006727301520508072,0.5,0.625,0.5714285714285714,-0.5,-1.555339145687507,0.25,0.75,0.7142857142857143,0.012024048096192385
2017-04-19,-0.125,-0.15795405436292542,0.5,0.625,0.5714285714285714,-0.5,-1.586659878939068,0.25,0.75,0.7142857142857143,0.04408817635270541
2017-04-20,0.25,0.135943880390686,0.75,0.5,0.42857142857142855,-0.5,-1.4487613623872875,0.25,0.75,0.7142857142857143,0.03006012024048096
2017-04-21,0.125,0.02593144486335438,0.625,0.5,0.42857142857142855,-0.5,-1.3990532841751138,0.25,0.75,0.7142857142857143,0.022044088176352707
2017-04-24,0.25,0.6494216045882939,0.75,0.5,0.42857142857142855,-0.5,-0.9935368292504718,0.25,0.75,0.7142857142857143,0.10420841683366733
2017-04-25,0.125,0.5088107915221163,0.75,0.625,0.5714285714285714,-0.375,-0.9261755065132762,0.375,0.75,0.7142857142857143,0.1462925851703407
2017-04-26,0.25,0.5136307911792334,0.75,0.5,0.42857142857142855,-0.375,-1.1455125581071393,0.375,0.75,0.7142857142857143,0.15030060120240482
2017-04-27,0.125,0.3624691885550908,0.75,0.625,0.5714285714285714,-0.375,-1.1217725049952099,0.375,0.75,0.7142857142857143,0.12625250501002003
2017-04-28,0.125,0.3384113332141588,0.75,0.625,0.5714285714285714,-0.375,-0.9590702896202425,0.375,0.75,0.7142857142857143,0.12224448897795591
2017-05-01,0.125,0.4959266091434164,0.875,0.75,0.7142857142857143,-0.375,-0.8807995614841477,0.375,0.75,0.7142857142857143,0.13026052104208416
2017-05-02,0.375,0.8590058603554975,0.875,0.5,0.42857142857142855,-0.375,-0.8134067414333166,0.375,0.75,0.7142857142857143,0.13026052104208416
2017-05-03,0.25,0.6730735620119037,0.875,0.625,0.5714285714285714,-0.375,-0.6572370758377204,0.375,0.75,0.7142857142857143,0.1683366733466934
2017-05-04,0.375,1.0188411765146168,0.875,0.5,0.42857142857142855,-0.125,-0.44295025191569887,0.5,0.625,0.5714285714285714,0.19839679358717435
2017-05-05,0.375,1.0945076544004204,0.875,0.5,0.42857142857142855,-0.125,-0.4803039236949446,0.5,0.625,0.5714285714285714,0.20040080160320642
2017-05-08,0.375,1.0576347606822651,0.875,0.5,0.42857142857142855,-0.25,-0.659207790324694,0.5,0.75,0.7142857142857143,0.23046092184368738
2017-05-09,0.25,0.9281894226904823,0.875,0.625,0.5714285714285714,-0.25,-0.5465425003710636,0.5,0.75,0.7142857142857143,0.21042084168336672
2017-05-10,0.125,0.8115502431232393,0.875,0.75,0.7142857142857143,-0.25,-0.580754278020011,0.5,0.75,0.7142857142857143,0.23446893787575152
2017-05-11,0.125,0.6184633507485618,0.875,0.75,0.7142857142857143,-0.25,-0.6674730903900913,0.5,0.75,0.7142857142857143,0.21042084168336672
2017-05-12,0.25,0.9862212413314896,0.875,0.625,0.5714285714285714,-0.25,-0.36042840000413523,0.5,0.75,0.7142857142857143,0.23847695390781562
2017-05-15,0.25,1.1613406130848893,0.875,0.625,0.5714285714285714,-0.25,-0.3073591203683574,0.5,0.75,0.7142857142857143,0.24248496993987975
2017-05-16,0.5,1.5902474942973261,1.0,0.5,0.42857142857142855,-0.125,-0.10589807045798183,0.5,0.625,0.5714285714285714,0.1743486973947896
2017-05-17,0.5,1.6368994045086356,1.0,0.5,0.42857142857142855,-0.125,-0.04983053217081168,0.5,0.625,0.5714285714285714,0.24248496993987975
2017-05-18,0.5,1.4181564024457234,1.0,0.5,0.42857142857142855,-0.125,-0.1175283786493197,0.5,0.625,0.5714285714285714,0.24649298597194388
2017-05-19,0.5,1.6961410096338572,1.0,0.5,0.42857142857142855,-0.25,-0.36396582470939104,0.5,0.75,0.7142857142857143,0.26452905811623245
2017-05-22,0.5,1.8557564173650012,1.0,0.5,0.42857142857142855,-0.25,-0.28522677044457156,0.5,0.75,0.7142857142857143,0.21442885771543085
2017-05-23,0.5,1.9247039111780182,1.0,0.5,0.42857142857142855,-0.25,-0.39977765212252747,0.5,0.75,0.7142857142857143,0.1623246492985972
2017-05-24,0.5,2.056205123175813,1.0,0.5,0.42857142857142855,-0.375,-0.4496981117912944,0.5,0.875,0.8571428571428571,0.13827655310621242
2017-05-25,0.5,2.2537478654179655,1.0,0.5,0.42857142857142855,-0.25,-0.25949491582258044,0.625,0.875,0.8571428571428571,0.1523046092184369
2017-05-26,0.625,2.180362908537979,1.0,0.375,0.2857142857142857,-0.125,-0.19957921832591152,0.625,0.75,0.7142857142857143,0.1963927855711423
2017-05-29,0.625,2.201892612356487,1.0,0.375,0.2857142857142857,-0.125,-0.35337059237919816,0.625,0.75,0.7142857142857143,0.17234468937875752
2017-05-30,0.625,2.3044016299900862,1.0,0.375,0.2857142857142857,-0.125,-0.06879183078030715,0.625,0.75,0.7142857142857143,0.1743486973947896
2017-05-31,0.625,2.4106575017400678,1.0,0.375,0.2857142857142857,-0.125,-0.05041669472359622,0.625,0.75,0.7142857142857143,0.1743486973947896
2017-06-01,0.625,2.216549044868244,1.0,0.375,0.2857142857142857,-0.125,-0.04303974048305692,0.625,0.75,0.7142857142857143,0.1342685370741483
2017-06-02,0.5,2.0678113559804427,0.875,0.375,0.2857142857142857,0.125,0.0057037261836516695,0.75,0.625,0.5714285714285714,0.17635270541082165
2017-06-05,0.625,2.208534159859767,1.0,0.375,0.2857142857142857,-0.25,-0.11749720584017931,0.5,0.75,0.7142857142857143,0.1523046092184369
2017-06-06,0.75,2.3131455495913587,1.0,0.25,0.14285714285714285,0.25,0.053147592920803066,0.75,0.5,0.42857142857142855,0.16032064128256512
2017-06-07,0.5,1.817052283736113,0.875,0.375,0.2857142857142857,-0.25,-0.1486882927085228,0.5,0.75,0.7142857142857143,0.17635270541082165
2017-06-08,0.625,1.8263283470339702,1.0,0.375,0.2857142857142857,-0.5,-0.3829360419354694,0.5,1.0,1.0,0.22444889779559118
2017-06-09,0.625,1.993170428895732,1.0,0.375,0.2857142857142857,0.375,0.2826495168832519,0.875,0.5,0.42857142857142855,0.21042084168336672
2017-06-12,0.75,2.14309978049945,1.0,0.25,0.14285714285714285,0.25,0.4815153040139238,0.75,0.5,0.42857142857142855,0.24849699398797595
2017-06-13,0.75,2.2268620051658266,1.0,0.25,0.14285714285714285,0.125,0.3749463496788183,0.625,0.5,0.42857142857142855,0.218436873747495
2017-06-14,0.75,2.5441381832857184,1.0,0.25,0.14285714285714285,0.125,0.25826796415694553,0.625,0.5,0.42857142857142855,0.15831663326653306
2017-06-15,0.75,2.5623901516489314,1.0,0.25,0.14285714285714285,0.25,0.13968908787938195,0.75,0.5,0.42857142857142855,0.1963927855711423
2017-06-16,0.75,2.7498125954303196,1.0,0.25,0.14285714285714285,0.25,0.19526416508954647,0.75,0.5,0.42857142857142855,0.18236472945891782
2017-06-19,0.5,2.1993013595485764,0.875,0.375,0.2857142857142857,-0.125,-0.00034310908795742723,0.625,0.75,0.7142857142857143,0.14428857715430862
2017-06-20,0.5,2.1550683203962784,0.875,0.375,0.2857142857142857,0.25,0.1819351963110774,0.75,0.5,0.42857142857142855,0.1743486973947896
2017-06-21,0.625,2.139958327685413,1.0,0.375,0.2857142857142857,0.375,0.1959207773074656,0.875,0.5,0.42857142857142855,0.19238476953907815
2017-06-22,0.75,2.3473112561646436,1.0,0.25,0.14285714285714285,0.5,0.23338253406693754,1.0,0.5,0.42857142857142855,0.1963927855711423
2017-06-23,0.75,2.4452589429827825,1.0,0.25,0.14285714285714285,0.25,0.37138305391586174,0.875,0.625,0.5714285714285714,0.11222444889779559
2017-06-26,0.625,2.4736351418087,1.0,0.375,0.2857142857142857,0.5,0.3609697502130621,1.0,0.5,0.42857142857142855,0.1282565130260521
2017-06-27,0.75,2.525817559935704,1.0,0.25,0.14285714285714285,0.125,0.8179644516146396,0.875,0.75,0.7142857142857143,0.22845691382765532
2017-06-28,0.75,2.546270832462843,1.0,0.25,0.14285714285714285,0.375,0.8490950467403329,0.875,0.5,0.42857142857142855,0.23046092184368738
2017-06-29,0.75,2.7954716891266767,1.0,0.25,0.14285714285714285,0.5,1.03375017399265,1.0,0.5,0.42857142857142855,0.23446893787575152
2017-06-30,0.75,2.7413520860972467,1.0,0.25,0.14285714285714285,0.5,1.077866222083747,1.0,0.5,0.42857142857142855,0.20040080160320642
2017-07-03,0.75,2.555497820438486,1.0,0.25,0.14285714285714285,0.375,0.8551808330686683,0.875,0.5,0.42857142857142855,0.18837675350701402
2017-07-04,0.75,2.316243250875531,1.0,0.25,0.14285714285714285,0.5,1.0031381803854953,0.875,0.375,0.2857142857142857,0.18236472945891782
2017-07-05,0.75,2.156058539493378,1.0,0.25,0.14285714285714285,0.5,1.0238781486778055,0.875,0.375,0.2857142857142857,0.11022044088176353
2017-07-06,0.75,2.321091684100508,1.0,0.25,0.14285714285714285,0.5,1.1194012740618915,0.875,0.375,0.2857142857142857,0.036072144288577156
2017-07-07,0.75,2.1504435530336665,1.0,0.25,0.14285714285714285,0.5,1.1324860179128438,0.875,0.375,0.2857142857142857,0.1062124248496994
2017-07-10,0.75,2.1439564204489274,1.0,0.25,0.14285714285714285,0.5,1.0211109919489068,0.875,0.375,0.2857142857142857,0.014028056112224449
2017-07-11,0.75,2.080311282439701,1.0,0.25,0.14285714285714285,0.625,1.132555292372535,1.0,0.375,0.2857142857142857,0.036072144288577156
2017-07-12,0.75,2.0614668858709035,1.0,0.25,0.14285714285714285,0.5,0.9224309318509563,0.875,0.375,0.2857142857142857,0.10220440881763528
2017-07-13,0.75,2.0484903085239115,1.0,0.25,0.14285714285714285,0.25,0.832135478899845,0.625,0.375,0.2857142857142857,0.09218436873747494
2017-07-14,0.75,2.2282158443697897,1.0,0.25,0.14285714285714285,0.375,0.65172769539708,0.75,0.375,0.2857142857142857,0.1523046092184369
2017-07-17,0.625,2.0335503099661887,0.875,0.25,0.14285714285714285,0.375,0.6945033793521358,0.75,0.375,0.2857142857142857,0.1523046092184369
2017-07-18,0.625,2.0376369425380485,0.875,0.25,0.14285714285714285,0.375,0.6565995659195338,0.75,0.375,0.2857142857142857,0.21643286573146292
2017-07-19,0.375,1.8270587785775791,0.625,0.25,0.14285714285714285,0.375,0.7281662718782036,0.75,0.375,0.2857142857142857,0.1963927855711423
2017-07-20,0.5,2.0369912773746472,0.75,0.25,0.14285714285714285,0.625,0.9884742664744524,1.0,0.375,0.2857142857142857,0.24649298597194388
2017-07-21,0.625,2.0299548315288525,0.75,0.125,0.0,0.625,1.1619604522002793,1.0,0.375,0.2857142857142857,0.28256513026052105
2017-07-24,0.625,2.0732312933109176,0.75,0.125,0.0,0.5,1.1683822748099486,0.875,0.375,0.2857142857142857,0.2745490981963928
2017-07-25,0.625,1.9765509790084543,0.75,0.125,0.0,0.625,1.0692883484326865,0.875,0.25,0.14285714285714285,0.1743486973947896
2017-07-26,0.625,2.160269156230546,0.75,0.125,0.0,0.75,1.122362860431354,1.0,0.25,0.14285714285714285,0.16032064128256512
2017-07-27,0.5,1.7772279486340414,0.625,0.125,0.0,0.75,1.1632773071897555,1.0,0.25,0.14285714285714285,0.24649298597194388
2017-07-28,0.5,1.9267618284033472,0.625,0.125,0.0,0.75,1.2196114841129333,1.0,0.25,0.14285714285714285,0.27655310621242485
2017-07-31,0.625,2.4052173730267685,0.75,0.125,0.0,0.75,1.3616431573546999,1.0,0.25,0.14285714285714285,0.3046092184368738
2017-08-01,0.75,2.574615663029957,0.875,0.125,0.0,0.625,1.1100600755684953,1.0,0.375,0.2857142857142857,0.2745490981963928
2017-08-02,0.875,2.7481428089404787,1.0,0.125,0.0,0.625,1.1298937372466655,1.0,0.375,0.2857142857142857,0.33867735470941884
2017-08-03,0.875,2.7875962770531624,1.0,0.125,0.0,0.5,1.0999894119966434,1.0,0.5,0.42857142857142855,0.35671342685370744
2017-08-04,0.625,2.4219320156060307,0.75,0.125,0.0,0.5,0.939454078288726,1.0,0.5,0.42857142857142855,0.32064128256513025
2017-08-07,0.75,2.5489507839354566,0.875,0.125,0.0,0.5,1.000575966630111,1.0,0.5,0.42857142857142855,0.35671342685370744
2017-08-08,0.5,2.1278266528143717,0.625,0.125,0.0,0.5,0.957293650483992,1.0,0.5,0.42857142857142855,0.3366733466933868
2017-08-09,0.5,1.9225493010292678,0.625,0.125,0.0,0.625,1.1168230799688725,1.0,0.375,0.2857142857142857,0.2905811623246493
2017-08-10,0.625,2.324573228934395,0.75,0.125,0.0,0.5,1.1886616857199213,1.0,0.5,0.42857142857142855,0.3406813627254509
2017-08-11,0.375,2.092902258768323,0.625,0.25,0.14285714285714285,0.625,1.5456510520379818,1.0,0.375,0.2857142857142857,0.2785571142284569
2017-08-14,0.5,1.962490844321659,0.75,0.25,0.14285714285714285,0.625,1.4678389034787045,1.0,0.375,0.2857142857142857,0.3166332665330661
2017-08-15,0.625,2.0605168360061055,0.875,0.25,0.14285714285714285,0.625,1.4453645641771349,1.0,0.375,0.2857142857142857,0.25851703406813625
2017-08-16,0.5,1.9591780191594208,0.75,0.25,0.14285714285714285,0.5,1.4427864475766319,0.875,0.375,0.2857142857142857,0.342685370741483
2017-08-17,0.5,1.8786554602142267,0.75,0.25,0.14285714285714285,0.5,1.3413990908453104,1.0,0.5,0.42857142857142855,0.3346693386773547
2017-08-18,0.625,2.0533487669609602,0.75,0.125,0.0,0.625,1.5719389176348575,1.0,0.375,0.2857142857142857,0.3026052104208417
2017-08-21,0.625,2.2498515586371766,0.75,0.125,0.0,0.625,1.6700588461855657,1.0,0.375,0.2857142857142857,0.2785571142284569
2017-08-22,0.625,1.9712814127979308,0.75,0.125,0.0,0.5,1.2271052652760794,1.0,0.5,0.42857142857142855,0.2685370741482966
2017-08-23,0.5,1.7494880819145706,0.75,0.25,0.14285714285714285,0.5,1.3172442566737153,1.0,0.5,0.42857142857142855,0.27054108216432865
2017-08-24,0.5,1.6948734969184391,0.75,0.25,0.14285714285714285,0.5,1.2458834801579566,1.0,0.5,0.42857142857142855,0.19238476953907815
2017-08-25,0.5,1.8524473432879813,0.75,0.25,0.14285714285714285,0.5,1.5081597972037089,1.0,0.5,0.42857142857142855,0.16432865731462926
2017-08-28,0.75,2.2644460188547484,0.875,0.125,0.0,0.5,1.5655838700224924,1.0,0.5,0.42857142857142855,0.1623246492985972
2017-08-29,0.625,2.0166605519081426,0.875,0.25,0.14285714285714285,0.625,1.522719399071832,1.0,0.375,0.2857142857142857,0.19438877755511022
2017-08-30,0.5,1.9496978765416182,0.875,0.375,0.2857142857142857,0.375,1.3215108635646118,0.875,0.5,0.42857142857142855,0.19238476953907815
2017-08-31,0.5,2.029026679331389,0.875,0.375,0.2857142857142857,0.5,1.3244988170570384,1.0,0.5,0.42857142857142855,0.21643286573146292
2017-09-01,0.5,1.813642147598265,0.875,0.375,0.2857142857142857,0.25,1.3643950863989531,0.75,0.5,0.42857142857142855,0.2785571142284569
2017-09-04,0.625,2.138778284455614,0.875,0.25,0.14285714285714285,0.5,1.4127291597390643,1.0,0.5,0.42857142857142855,0.30861723446893785
2017-09-05,0.75,2.3333453887801303,0.875,0.125,0.0,0.625,1.5502019846408788,1.0,0.375,0.2857142857142857,0.35671342685370744
2017-09-06,0.625,2.022964506281446,0.875,0.25,0.14285714285714285,0.5,1.3493750140837597,0.875,0.375,0.2857142857142857,0.3927855711422846
2017-09-07,0.75,2.4280332672471516,0.875,0.125,0.0,0.5,1.541792767930277,0.875,0.375,0.2857142857142857,0.29458917835671344
2017-09-08,0.75,2.475872716546468,0.875,0.125,0.0,0.625,1.5819644370416217,0.875,0.25,0.14285714285714285,0.33266533066132264
2017-09-11,0.75,2.3564398059381144,0.875,0.125,0.0,0.5,1.2301639610863302,0.875,0.375,0.2857142857142857,0.41282565130260523
2017-09-12,0.75,2.3384455639756307,0.875,0.125,0.0,0.5,1.2945993171121744,0.875,0.375,0.2857142857142857,0.46292585170340683
2017-09-13,0.625,1.9555349819150996,0.875,0.25,0.14285714285714285,0.5,1.2311897230288167,0.875,0.375,0.2857142857142857,0.41282565130260523
2017-09-14,0.625,2.0334446386569174,0.875,0.25,0.14285714285714285,0.5,1.2574581076057445,0.875,0.375,0.2857142857142857,0.4348697394789579
2017-09-15,0.625,1.9558888612141674,0.75,0.125,0.0,0.625,1.2743978908721065,0.875,0.25,0.14285714285714285,0.49298597194388777
2017-09-18,0.625,2.152631067287226,0.875,0.25,0.14285714285714285,0.5,1.3215559691534,0.875,0.375,0.2857142857142857,0.5370741482965932
2017-09-19,0.625,1.9815618397147508,0.875,0.25,0.14285714285714285,0.625,1.4489203766910457,0.875,0.25,0.14285714285714285,0.5511022044088176
2017-09-20,0.375,1.7551797815453378,0.75,0.375,0.2857142857142857,0.625,1.286046951273288,0.875,0.25,0.14285714285714285,0.5691382765531062
2017-09-21,0.375,1.7363730007647504,0.75,0.375,0.2857142857142857,0.5,1.4396440622205628,0.75,0.25,0.14285714285714285,0.6593186372745491
2017-09-22,0.5,1.9687218406245628,0.875,0.375,0.2857142857142857,0.5,1.2665711777880944,0.75,0.25,0.14285714285714285,0.6352705410821643
2017-09-25,0.5,1.9525612584979233,0.875,0.375,0.2857142857142857,0.5,1.320488346621088,0.75,0.25,0.14285714285714285,0.6693386773547094
2017-09-26,0.375,1.7735501877292474,0.75,0.375,0.2857142857142857,0.5,1.230318141138466,0.75,0.25,0.14285714285714285,0.6693386773547094
2017-09-27,0.375,1.7047079120664512,0.75,0.375,0.2857142857142857,0.625,1.3180953652619398,0.875,0.25,0.14285714285714285,0.6673346693386774
2017-09-28,0.25,1.5664247057181673,0.625,0.375,0.2857142857142857,0.625,1.30182742911816,0.875,0.25,0.14285714285714285,0.6072144288577155
2017-09-29,0.5,1.9570248037423539,0.875,0.375,0.2857142857142857,0.625,1.520469753599462,0.875,0.25,0.14285714285714285,0.5430861723446894
2017-10-02,0.25,1.7138764514788634,0.625,0.375,0.2857142857142857,0.625,1.3571213657027394,0.875,0.25,0.14285714285714285,0.5430861723446894
2017-10-03,0.25,1.4050035404871581,0.625,0.375,0.2857142857142857,0.5,1.4301288119601432,0.875,0.375,0.2857142857142857,0.5070140280561122
2017-10-04,0.625,1.8343788634445257,1.0,0.375,0.2857142857142857,0.5,1.413499620966636,0.875,0.375,0.2857142857142857,0.42685370741482964
2017-10-05,0.625,1.6948373875738612,1.0,0.375,0.2857142857142857,0.625,1.492475156192905,1.0,0.375,0.2857142857142857,0.43887775551102204
2017-10-06,0.25,1.4030733007014948,1.0,0.75,0.7142857142857143,0.625,1.5639213327530506,1.0,0.375,0.2857142857142857,0.43286573146292584
2017-10-09,0.375,1.3276187576669163,1.0,0.625,0.5714285714285714,0.625,1.5931305009672243,1.0,0.375,0.2857142857142857,0.3466933867735471
2017-10-10,0.375,1.179570347811694,1.0,0.625,0.5714285714285714,0.625,1.6227998417024945,1.0,0.375,0.2857142857142857,0.22845691382765532
2017-10-11,0.375,1.4322374643373557,1.0,0.625,0.5714285714285714,0.625,1.675913085347,1.0,0.375,0.2857142857142857,0.1903807615230461
2017-10-12,0.25,0.8689396605282966,0.875,0.625,0.5714285714285714,0.625,1.7168523415208028,0.875,0.25,0.14285714285714285,0.1282565130260521
2017-10-13,0.25,0.6825096988786241,0.875,0.625,0.5714285714285714,0.625,1.559367960638744,0.875,0.25,0.14285714285714285,0.056112224448897796
2017-10-16,0.125,0.807027121850983,0.875,0.75,0.7142857142857143,0.625,1.5795499789808847,0.875,0.25,0.14285714285714285,0.012024048096192385
2017-10-17,0.125,0.6543273693052922,0.875,0.75,0.7142857142857143,0.25,1.32134119973859,0.75,0.5,0.42857142857142855,0.004008016032064128
2017-10-18,0.125,0.2125729502936523,0.875,0.75,0.7142857142857143,0.25,1.1803701740685755,0.75,0.5,0.42857142857142855,0.0
2017-10-19,0.375,0.6457098380305231,1.0,0.625,0.5714285714285714,0.375,1.2422207278527324,0.875,0.5,0.42857142857142855,0.008016032064128256
2017-10-20,0.125,0.04968022200310518,0.875,0.75,0.7142857142857143,0.375,1.0537623615174305,0.875,0.5,0.42857142857142855,0.03206412825651302
2017-10-23,-0.25,-0.32937203271740356,0.75,1.0,1.0,0.375,1.2317663222339372,0.875,0.5,0.42857142857142855,0.002004008016032064
2017-10-24,-0.125,-0.14932354442127982,0.875,1.0,1.0,0.5,1.2874537391652467,1.0,0.5,0.42857142857142855,0.008016032064128256
2017-10-25,-0.125,-0.14156413079036578,0.75,0.875,0.8571428571428571,0.5,1.5399771909497517,1.0,0.5,0.42857142857142855,0.06412825651302605
2017-10-26,-0.125,-0.7318950757877996,0.75,0.875,0.8571428571428571,0.5,1.5114677033022494,1.0,0.5,0.42857142857142855,0.14228456913827656
2017-10-27,-0.25,-0.6605884503657372,0.625,0.875,0.8571428571428571,0.5,1.590446610022199,1.0,0.5,0.42857142857142855,0.15831663326653306
2017-11-01,-0.25,-0.6567163717493583,0.625,0.875,0.8571428571428571,0.5,1.8242486682035794,1.0,0.5,0.42857142857142855,0.22044088176352705
2017-11-02,-0.125,-0.41481798692662153,0.75,0.875,0.8571428571428571,0.625,2.09910892455673,1.0,0.375,0.2857142857142857,0.3687374749498998
2017-11-03,-0.25,-0.5855343424088852,0.625,0.875,0.8571428571428571,0.625,2.0398766316135,1.0,0.375,0.2857142857142857,0.4288577154308617
2017-11-06,-0.125,-0.6593849840055674,0.625,0.75,0.7142857142857143,0.625,2.2697852430232546,1.0,0.375,0.2857142857142857,0.40080160320641284
2017-11-07,-0.25,-0.8887353236746816,0.625,0.875,0.8571428571428571,0.625,2.3219303411430348,1.0,0.375,0.2857142857142857,0.374749498997996
2017-11-08,-0.25,-0.8388697229607598,0.625,0.875,0.8571428571428571,0.625,2.3761953975172636,1.0,0.375,0.2857142857142857,0.40480961923847697
2017-11-09,-0.125,-0.4105675302385178,0.625,0.75,0.7142857142857143,0.625,2.4378653739462846,1.0,0.375,0.2857142857142857,0.44288577154308617
2017-11-10,-0.25,-0.39783765671157123,0.625,0.875,0.8571428571428571,0.625,2.692245892567186,1.0,0.375,0.2857142857142857,0.43687374749499
2017-11-13,-0.25,-0.22797340625776275,0.625,0.875,0.8571428571428571,0.625,2.7917510891607926,1.0,0.375,0.2857142857142857,0.4348697394789579
2017-11-14,0.125,0.11569956062126674,0.875,0.75,0.7142857142857143,0.625,2.7089330024091955,1.0,0.375,0.2857142857142857,0.46092184368737477
2017-11-15,-0.125,-0.14784303450202496,0.75,0.875,0.8571428571428571,0.625,2.58233332623934,1.0,0.375,0.2857142857142857,0.503006012024048
2017-11-16,0.125,0.01784974450184429,0.875,0.75,0.7142857142857143,0.625,2.4635056395627877,1.0,0.375,0.2857142857142857,0.5110220440881763
2017-11-17,-0.125,-0.05015932434366199,0.75,0.875,0.8571428571428571,0.75,2.6809364106375475,1.0,0.25,0.14285714285714285,0.533066132264529
2017-11-20,-0.125,-0.2112026069806009,0.75,0.875,0.8571428571428571,0.75,2.596027652372554,1.0,0.25,0.14285714285714285,0.40681362725450904
2017-11-21,-0.125,-0.6244213305589021,0.75,0.875,0.8571428571428571,0.75,2.571787235751448,1.0,0.25,0.14285714285714285,0.2865731462925852
2017-11-22,-0.125,-0.5571170987937756,0.75,0.875,0.8571428571428571,0.75,2.6426520728581213,1.0,0.25,0.14285714285714285,0.342685370741483
2017-11-23,-0.125,-0.4170647224384288,0.75,0.875,0.8571428571428571,0.75,2.774321898702657,1.0,0.25,0.14285714285714285,0.2665330661322645
2017-11-24,0.125,0.13773521835769842,0.875,0.75,0.7142857142857143,0.75,2.6264663693023604,1.0,0.25,0.14285714285714285,0.12024048096192384
2017-11-27,-0.125,-0.07399576698969346,0.75,0.875,0.8571428571428571,0.75,2.8163579863758326,1.0,0.25,0.14285714285714285,0.09819639278557114
2017-11-28,-0.125,-0.06119560830758963,0.75,0.875,0.8571428571428571,0.75,2.821104659757328,1.0,0.25,0.14285714285714285,0.08016032064128256
2017-11-29,-0.125,-0.16064309475889504,0.75,0.875,0.8571428571428571,0.75,2.616550377001445,1.0,0.25,0.14285714285714285,0.03406813627254509
2017-11-30,-0.125,-0.06492811280307298,0.75,0.875,0.8571428571428571,0.75,2.4750634226672488,1.0,0.25,0.14285714285714285,0.014028056112224449
2017-12-01,-0.125,-0.10206809455960297,0.75,0.875,0.8571428571428571,0.75,2.8531815133581393,1.0,0.25,0.14285714285714285,0.08216432865731463
2017-12-04,-0.125,-0.46061312445903607,0.75,0.875,0.8571428571428571,0.75,2.919850174007183,1.0,0.25,0.14285714285714285,0.09418837675350701
2017-12-05,-0.125,-0.6497248452344103,0.75,0.875,0.8571428571428571,0.75,3.1680051166208365,1.0,0.25,0.14285714285714285,0.11022044088176353
2017-12-06,-0.125,-0.494384789221736,0.75,0.875,0.8571428571428571,0.75,3.194573683101593,1.0,0.25,0.14285714285714285,0.09418837675350701
2017-12-07,-0.125,-0.5765516542358748,0.75,0.875,0.8571428571428571,0.75,3.002091968109644,1.0,0.25,0.14285714285714285,0.15430861723446893
2017-12-08,-0.125,-0.4003607649937093,0.75,0.875,0.8571428571428571,0.75,3.0818886459036055,1.0,0.25,0.14285714285714285,0.17835671342685372
2017-12-11,-0.25,-0.5546563874884214,0.75,1.0,1.0,0.875,3.205014863565638,1.0,0.125,0.0,0.22645290581162325
2017-12-12,-0.125,-0.9107739658179627,0.875,1.0,1.0,0.875,3.275329842956033,1.0,0.125,0.0,0.14228456913827656
2017-12-13,-0.375,-0.6804378499377859,0.625,1.0,1.0,0.875,3.364415408030965,1.0,0.125,0.0,0.1623246492985972
2017-12-14,-0.375,-1.1043691676882998,0.625,1.0,1.0,0.875,3.2548129521275753,1.0,0.125,0.0,0.20240480961923848
2017-12-15,-0.25,-0.6023119804992488,0.75,1.0,1.0,0.875,3.262466705254774,1.0,0.125,0.0,0.15430861723446893
2017-12-18,-0.25,-0.804023974583433,0.75,1.0,1.0,0.875,3.1555548205600905,1.0,0.125,0.0,0.11823647294589178
2017-12-19,-0.25,-0.48124657005397287,0.75,1.0,1.0,0.875,3.202672064021629,1.0,0.125,0.0,0.17234468937875752
2017-12-20,0.125,0.14227485968985354,1.0,0.875,0.8571428571428571,0.875,3.3022273806957125,1.0,0.125,0.0,0.1523046092184369
2017-12-21,0.125,0.4910398004177381,1.0,0.875,0.8571428571428571,0.875,3.343499833909385,1.0,0.125,0.0,0.22244488977955912
2017-12-22,0.125,0.8485423176131613,1.0,0.875,0.8571428571428571,0.875,3.2917413694981548,1.0,0.125,0.0,0.156312625250501
2017-12-25,0.125,0.6452771020018193,1.0,0.875,0.8571428571428571,0.875,3.106619865172079,1.0,0.125,0.0,0.04408817635270541
2017-12-26,0.125,0.3400277348289027,1.0,0.875,0.8571428571428571,0.875,3.2180769860798537,1.0,0.125,0.0,0.02004008016032064
2017-12-27,0.25,1.3553636820094848,1.0,0.75,0.7142857142857143,0.875,3.003520341972134,1.0,0.125,0.0,0.014028056112224449
2017-12-28,0.25,1.8346042197974495,1.0,0.75,0.7142857142857143,0.875,3.1428459776264592,1.0,0.125,0.0,0.0
2017-12-29,0.5,1.8347738473155877,1.0,0.5,0.42857142857142855,0.875,3.0382675423726613,1.0,0.125,0.0,0.0
2018-01-01,0.625,2.1917868225526815,0.875,0.25,0.14285714285714285,0.75,2.8838180493416203,1.0,0.25,0.14285714285714285,0.0
2018-01-02,0.75,2.036681224488161,0.875,0.125,0.0,0.75,2.8450376398387656,1.0,0.25,0.14285714285714285,0.0
2018-01-03,0.75,2.2543390667822107,0.875,0.125,0.0,0.75,2.726271994091428,1.0,0.25,0.14285714285714285,0.0
2018-01-04,0.625,2.170895917503069,0.875,0.25,0.14285714285714285,0.75,2.8275823228074,1.0,0.25,0.14285714285714285,0.0
2018-01-05,0.5,1.5679221052830727,0.875,0.375,0.2857142857142857,0.875,2.9223257705831003,1.0,0.125,0.0,0.002004008016032064
2018-01-08,0.5,1.3154871611097447,0.875,0.375,0.2857142857142857,0.75,2.821762404205433,1.0,0.25,0.14285714285714285,0.0
2018-01-09,0.25,1.063941261121328,0.875,0.625,0.5714285714285714,0.75,2.7698448234670914,1.0,0.25,0.14285714285714285,0.002004008016032064
2018-01-10,0.375,1.7139247716825283,0.875,0.5,0.42857142857142855,0.75,2.849985715105861,1.0,0.25,0.14285714285714285,0.008016032064128256
2018-01-11,0.75,2.4491477374306374,0.875,0.125,0.0,0.875,3.1533959207640985,1.0,0.125,0.0,0.008016032064128256
2018-01-12,0.625,2.453282363735238,0.875,0.25,0.14285714285714285,0.75,3.076263522098346,1.0,0.25,0.14285714285714285,0.018036072144288578
2018-01-15,0.625,2.1648902059752757,0.75,0.125,0.0,0.875,3.284286479584635,1.0,0.125,0.0,0.02004008016032064
2018-01-16,0.625,2.7704039530575644,0.75,0.125,0.0,0.75,3.198683839663801,1.0,0.25,0.14285714285714285,0.02004008016032064
2018-01-17,0.625,2.5001012252061914,0.75,0.125,0.0,0.75,2.941402856126955,1.0,0.25,0.14285714285714285,0.026052104208416832
2018-01-18,0.625,2.2753503336626486,0.75,0.125,0.0,0.75,2.9318084536606577,1.0,0.25,0.14285714285714285,0.02404809619238477
2018-01-19,0.5,2.216429326309386,0.625,0.125,0.0,0.875,3.102113020043621,1.0,0.125,0.0,0.03006012024048096
2018-01-22,0.625,2.510086625612702,0.75,0.125,0.0,0.875,2.918239810015886,1.0,0.125,0.0,0.03406813627254509
2018-01-23,0.625,2.8285211179421057,0.75,0.125,0.0,0.875,2.89751687132683,1.0,0.125,0.0,0.04408817635270541
2018-01-24,0.75,3.1025523411105542,0.875,0.125,0.0,0.875,2.81578031269079,1.0,0.125,0.0,0.1282565130260521
2018-01-25,0.75,2.746151564254742,0.875,0.125,0.0,0.75,2.95076018924655,1.0,0.25,0.14285714285714285,0.18637274549098196
2018-01-26,0.625,2.8711449143092604,0.75,0.125,0.0,0.875,3.1247609593877077,1.0,0.125,0.0,0.2685370741482966
2018-01-29,0.75,3.0986186935434294,0.875,0.125,0.0,0.875,3.2422710089244053,1.0,0.125,0.0,0.3226452905811623
2018-01-30,0.75,3.045009616496279,0.875,0.125,0.0,0.875,3.1806563250746227,1.0,0.125,0.0,0.3346693386773547
2018-01-31,0.625,2.8763495066239253,0.75,0.125,0.0,0.875,3.261435338282633,1.0,0.125,0.0,0.3787575150300601
2018-02-01,0.75,2.8253293719131647,0.875,0.125,0.0,0.875,3.2287032049857167,1.0,0.125,0.0,0.3927855711422846
2018-02-02,0.625,2.810727980302902,0.75,0.125,0.0,0.875,3.0612598846093375,1.0,0.125,0.0,0.45691382765531063
2018-02-05,0.625,2.6466207012941947,0.75,0.125,0.0,0.875,3.0653574930315743,1.0,0.125,0.0,0.5751503006012024
2018-02-06,0.5,2.317456332945834,0.625,0.125,0.0,0.875,3.14535913526555,1.0,0.125,0.0,0.6052104208416834
2018-02-07,0.5,2.3853928360994665,0.625,0.125,0.0,0.875,3.025349465679826,1.0,0.125,0.0,0.6212424849699398
2018-02-08,0.5,1.9982395422423755,0.625,0.125,0.0,0.875,3.0258623631798724,1.0,0.125,0.0,0.6513026052104208
2018-02-09,0.5,1.9880794975789453,0.625,0.125,0.0,0.875,3.0675783753357777,1.0,0.125,0.0,0.6112224448897795
2018-02-12,0.625,2.407978116278226,0.75,0.125,0.0,0.875,3.1188993658185797,1.0,0.125,0.0,0.625250501002004
2018-02-13,0.625,2.5196519254267953,0.75,0.125,0.0,0.875,3.123873885670365,1.0,0.125,0.0,0.6472945891783567
2018-02-14,0.625,2.5142582084112397,0.75,0.125,0.0,0.875,3.256123453523168,1.0,0.125,0.0,0.6372745490981964
2018-02-15,0.5,2.4169574835478227,0.625,0.125,0.0,0.875,3.2582122354326657,1.0,0.125,0.0,0.6432865731462926
2018-02-16,0.375,1.8143559229738908,0.5,0.125,0.0,0.875,3.212129997317277,1.0,0.125,0.0,0.6392785571142284
2018-02-19,0.5,2.137239867953744,0.625,0.125,0.0,0.875,3.376223332632007,1.0,0.125,0.0,0.593186372745491
2018-02-20,0.5,2.1419406065785993,0.625,0.125,0.0,0.875,3.25977522255892,1.0,0.125,0.0,0.6072144288577155
2018-02-21,0.375,2.018118674630444,0.5,0.125,0.0,0.875,3.208517075591362,1.0,0.125,0.0,0.533066132264529
2018-02-22,0.375,1.667842485179751,0.5,0.125,0.0,0.875,3.2410373781248074,1.0,0.125,0.0,0.5170340681362725
2018-02-23,0.375,1.763247089977502,0.5,0.125,0.0,0.875,3.278566070383911,1.0,0.125,0.0,0.4709418837675351
2018-02-26,0.5,1.7482200158335206,0.625,0.125,0.0,0.875,3.2982139230516765,1.0,0.125,0.0,0.44488977955911824
2018-02-27,0.25,1.6256140365289384,0.5,0.25,0.14285714285714285,0.875,3.069099147661645,1.0,0.125,0.0,0.501002004008016
2018-02-28,0.375,1.6772683323037794,0.625,0.25,0.14285714285714285,0.875,3.162655484557617,1.0,0.125,0.0,0.5571142284569138
2018-03-01,0.5,1.7544431238590792,0.625,0.125,0.0,0.875,3.2105075720802816,1.0,0.125,0.0,0.5430861723446894
2018-03-02,0.375,1.8845031359490627,0.625,0.25,0.14285714285714285,0.875,2.985413553577338,1.0,0.125,0.0,0.4789579158316633
2018-03-05,0.5,1.9080541251414362,0.75,0.25,0.14285714285714285,0.875,3.0092321641454434,1.0,0.125,0.0,0.374749498997996
2018-03-06,0.625,2.227944297238297,0.875,0.25,0.14285714285714285,0.875,3.1237908154864265,1.0,0.125,0.0,0.25851703406813625
2018-03-07,0.625,2.2078432480446213,0.875,0.25,0.14285714285714285,0.875,3.05935141351031,1.0,0.125,0.0,0.11623246492985972
2018-03-08,0.625,2.1801286488712703,0.875,0.25,0.14285714285714285,0.875,3.1592659564656858,1.0,0.125,0.0,0.0841683366733467
2018-03-09,0.75,2.540669339919756,0.875,0.125,0.0,0.875,3.2195292905753377,1.0,0.125,0.0,0.09218436873747494
2018-03-12,0.75,2.378450865251158,0.875,0.125,0.0,0.875,3.310021786460336,1.0,0.125,0.0,0.07615230460921844
2018-03-13,0.5,2.069507038329269,0.75,0.25,0.14285714285714285,0.875,3.207057801363338,1.0,0.125,0.0,0.13627254509018036
2018-03-14,0.25,1.7754418944863197,0.5,0.25,0.14285714285714285,0.875,3.2390881526092468,1.0,0.125,0.0,0.06813627254509018
2018-03-15,0.375,1.3905064679905133,0.625,0.25,0.14285714285714285,0.875,3.0400314692665784,1.0,0.125,0.0,0.10220440881763528
2018-03-16,0.25,1.2671289177796718,0.625,0.375,0.2857142857142857,0.875,2.866649655224046,1.0,0.125,0.0,0.15430861723446893
2018-03-19,0.25,1.3212231061054174,0.625,0.375,0.2857142857142857,0.875,2.970124960887011,1.0,0.125,0.0,0.20040080160320642
2018-03-20,0.25,1.1443196966261728,0.625,0.375,0.2857142857142857,0.875,2.93094935955416,1.0,0.125,0.0,0.21643286573146292
2018-03-21,0.25,1.329969380932234,0.625,0.375,0.2857142857142857,0.875,3.046709998771477,1.0,0.125,0.0,0.2625250501002004
2018-03-22,0.25,1.002491272485043,0.625,0.375,0.2857142857142857,0.875,3.0209495756029003,1.0,0.125,0.0,0.3727454909819639
2018-03-23,0.375,0.9807079996531709,0.75,0.375,0.2857142857142857,0.875,3.1035276176548785,1.0,0.125,0.0,0.27054108216432865
2018-03-26,0.375,1.228593576417401,0.75,0.375,0.2857142857142857,0.875,3.160686766135316,1.0,0.125,0.0,0.43286573146292584
2018-03-27,0.375,0.9854386234067107,0.75,0.375,0.2857142857142857,0.875,3.1138017966077554,1.0,0.125,0.0,0.4348697394789579
2018-03-28,0.375,0.9065154057243427,0.75,0.375,0.2857142857142857,0.875,3.036952342940029,1.0,0.125,0.0,0.4168336673346693
2018-03-29,0.375,0.6938088956114146,0.75,0.375,0.2857142857142857,0.875,3.138392569129076,1.0,0.125,0.0,0.39478957915831664
2018-03-30,0.375,0.7613235544328677,0.75,0.375,0.2857142857142857,0.875,3.083460418931514,1.0,0.125,0.0,0.2605210420841683
2018-04-02,0.375,0.8803615278883241,0.75,0.375,0.2857142857142857,0.875,3.0329124685096795,1.0,0.125,0.0,0.21643286573146292
2018-04-03,0.375,1.0621599976117422,0.75,0.375,0.2857142857142857,0.875,3.0309400047526043,1.0,0.125,0.0,0.342685370741483
2018-04-04,0.375,1.2414221313579865,0.75,0.375,0.2857142857142857,0.875,3.0719154949940917,1.0,0.125,0.0,0.3627254509018036
2018-04-05,0.375,0.7950416867483971,0.75,0.375,0.2857142857142857,0.875,3.1893434520800334,1.0,0.125,0.0,0.31462925851703405
2018-04-06,0.25,0.37598094415519345,0.625,0.375,0.2857142857142857,0.875,3.2490435879963284,1.0,0.125,0.0,0.2565130260521042
2018-04-09,0.25,0.22828413136213074,0.625,0.375,0.2857142857142857,0.875,3.2901219332993206,1.0,0.125,0.0,0.24248496993987975
2018-04-10,0.25,0.45256246492121477,0.625,0.375,0.2857142857142857,0.875,3.2521636733772454,1.0,0.125,0.0,0.23246492985971945
2018-04-11,0.375,0.8417116040081453,0.75,0.375,0.2857142857142857,0.875,3.1979046246839835,1.0,0.125,0.0,0.23847695390781562
2018-04-12,0.125,0.36329812542501927,0.625,0.5,0.42857142857142855,0.875,3.1498791554843604,1.0,0.125,0.0,0.20240480961923848
2018-04-13,0.25,0.529059894991353,0.625,0.375,0.2857142857142857,0.875,3.2198477571577087,1.0,0.125,0.0,0.0841683366733467
2018-04-16,0.375,0.5285111959179214,0.75,0.375,0.2857142857142857,0.875,3.286634552176577,1.0,0.125,0.0,0.07414829659318638
2018-04-17,0.125,0.36232976417286145,0.75,0.625,0.5714285714285714,0.875,3.280118304036591,1.0,0.125,0.0,0.06412825651302605
2018-04-18,-0.125,-0.14001118884664338,0.75,0.875,0.8571428571428571,0.875,3.299638545413486,1.0,0.125,0.0,0.052104208416833664
2018-04-19,-0.25,-0.13249841407606883,0.625,0.875,0.8571428571428571,0.875,3.2532348877584956,1.0,0.125,0.0,0.03406813627254509
2018-04-20,-0.25,-0.5308951976043393,0.625,0.875,0.8571428571428571,0.875,3.327761003906022,1.0,0.125,0.0,0.04809619238476954
2018-04-23,-0.25,-0.6622214697077633,0.625,0.875,0.8571428571428571,0.875,3.1501029664703366,1.0,0.125,0.0,0.03406813627254509
2018-04-24,-0.375,-0.6638020656701145,0.625,1.0,1.0,0.875,3.149779779743801,1.0,0.125,0.0,0.03206412825651302
2018-04-25,-0.375,-0.9223091795800455,0.625,1.0,1.0,0.875,3.206055106916149,1.0,0.125,0.0,0.03006012024048096
2018-04-26,-0.25,-1.355304836179877,0.625,0.875,0.8571428571428571,0.875,3.278449325968843,1.0,0.125,0.0,0.03006012024048096
2018-04-27,-0.25,-1.3019155725468556,0.625,0.875,0.8571428571428571,0.875,3.514742912277728,1.0,0.125,0.0,0.04809619238476954
2018-04-30,-0.375,-1.21822238485746,0.625,1.0,1.0,0.875,3.2991634428768606,1.0,0.125,0.0,0.056112224448897796
2018-05-01,-0.5,-1.4768313470320658,0.5,1.0,1.0,0.875,3.028540327404385,1.0,0.125,0.0,0.04008016032064128
2018-05-02,-0.5,-1.4185707486671904,0.5,1.0,1.0,0.75,2.930916177796315,1.0,0.25,0.14285714285714285,0.036072144288577156
2018-05-03,-0.375,-1.1767152291599885,0.625,1.0,1.0,0.75,2.759233746457771,1.0,0.25,0.14285714285714285,0.036072144288577156
2018-05-04,-0.5,-1.2509579945846883,0.5,1.0,1.0,0.75,2.4320213722041566,1.0,0.25,0.14285714285714285,0.03006012024048096
2018-05-07,-0.5,-1.5286687151051495,0.5,1.0,1.0,0.75,2.47671162591905,1.0,0.25,0.14285714285714285,0.03206412825651302
2018-05-08,-0.5,-1.9540154434639017,0.5,1.0,1.0,0.625,2.1605241659903376,1.0,0.375,0.2857142857142857,0.026052104208416832
2018-05-09,-0.5,-2.132608018708493,0.5,1.0,1.0,0.5,1.8606086837866802,1.0,0.5,0.42857142857142855,0.04609218436873747
2018-05-10,-0.5,-2.0284523846464646,0.5,1.0,1.0,0.625,2.1039157271122724,1.0,0.375,0.2857142857142857,0.04809619238476954
2018-05-11,-0.5,-1.7254814387593276,0.5,1.0,1.0,0.625,2.1545966310693556,1.0,0.375,0.2857142857142857,0.04809619238476954
2018-05-14,-0.5,-1.7479862278464364,0.5,1.0,1.0,0.625,2.021924300152583,1.0,0.375,0.2857142857142857,0.056112224448897796
2018-05-15,-0.5,-1.8628902590397187,0.5,1.0,1.0,0.625,1.807746647935589,1.0,0.375,0.2857142857142857,0.06412825651302605
2018-05-16,-0.625,-1.8706119094864566,0.375,1.0,1.0,0.625,1.8797303548745352,1.0,0.375,0.2857142857142857,0.07014028056112225
2018-05-17,-0.625,-1.9090192096095786,0.375,1.0,1.0,0.5,1.6261336938006306,0.875,0.375,0.2857142857142857,0.052104208416833664
2018-05-18,-0.625,-2.355790219906912,0.375,1.0,1.0,0.375,1.5598205899858395,0.75,0.375,0.2857142857142857,0.06412825651302605
2018-05-21,-0.625,-2.2743981804564015,0.375,1.0,1.0,0.5,1.734647768013612,0.875,0.375,0.2857142857142857,0.08617234468937876
2018-05-22,-0.625,-2.15550632910686,0.375,1.0,1.0,0.375,1.4214871705154941,0.875,0.5,0.42857142857142855,0.08216432865731463
2018-05-23,-0.75,-2.3420066563704696,0.25,1.0,1.0,0.5,1.3975921629178965,0.875,0.375,0.2857142857142857,0.11422845691382766
2018-05-24,-0.625,-2.5448243088796283,0.375,1.0,1.0,0.5,1.3602882854762584,0.875,0.375,0.2857142857142857,0.1282565130260521
2018-05-25,-0.75,-2.880341841413535,0.25,1.0,1.0,0.375,1.3178003873397068,0.875,0.5,0.42857142857142855,0.09819639278557114
2018-05-28,-0.875,-2.8777841290044752,0.125,1.0,1.0,0.375,1.3104225845685036,0.75,0.375,0.2857142857142857,0.08617234468937876
2018-05-29,-0.875,-3.1175554072301193,0.125,1.0,1.0,0.25,1.1196616750286528,0.75,0.5,0.42857142857142855,0.10821643286573146
2018-05-30,-0.75,-2.894973660973701,0.125,0.875,0.8571428571428571,0.5,1.5414384703645974,0.875,0.375,0.2857142857142857,0.25851703406813625
2018-05-31,-0.875,-3.1588245311788254,0.125,1.0,1.0,0.625,1.7430849315380592,1.0,0.375,0.2857142857142857,0.2845691382765531
2018-06-01,-0.875,-3.30017023626294,0.125,1.0,1.0,0.375,1.453761257719957,0.875,0.5,0.42857142857142855,0.36472945891783565
2018-06-04,-0.875,-3.098646826571514,0.125,1.0,1.0,0.625,2.0000589980670815,1.0,0.375,0.2857142857142857,0.5190380761523046
2018-06-05,-0.875,-2.9854878991022478,0.125,1.0,1.0,0.375,1.780792996750445,0.875,0.5,0.42857142857142855,0.5090180360721442
2018-06-06,-0.75,-2.7171486408637264,0.125,0.875,0.8571428571428571,0.625,2.051862458119638,1.0,0.375,0.2857142857142857,0.47695390781563124
2018-06-07,-0.75,-2.537050984462589,0.125,0.875,0.8571428571428571,0.5,2.0025677205718386,0.875,0.375,0.2857142857142857,0.48296593186372744
2018-06-08,-0.75,-2.348822108511982,0.125,0.875,0.8571428571428571,0.5,1.8420825389378057,0.875,0.375,0.2857142857142857,0.5410821643286573
2018-06-11,-0.625,-2.358971728089249,0.25,0.875,0.8571428571428571,0.625,1.9208236170654203,1.0,0.375,0.2857142857142857,0.5290581162324649
2018-06-12,-0.625,-2.3693632106852274,0.25,0.875,0.8571428571428571,0.5,1.6863945151045614,0.875,0.375,0.2857142857142857,0.44889779559118237
2018-06-13,-0.75,-2.5563556522754736,0.25,1.0,1.0,0.5,1.8649315422409796,1.0,0.5,0.42857142857142855,0.3346693386773547
2018-06-14,-0.875,-2.892984853808611,0.125,1.0,1.0,0.375,0.8254493497963338,0.875,0.5,0.42857142857142855,0.5591182364729459
2018-06-15,-0.75,-3.0684047277775215,0.25,1.0,1.0,0.25,0.7678066316179322,0.875,0.625,0.5714285714285714,0.533066132264529
2018-06-18,-0.75,-3.186337155461813,0.25,1.0,1.0,0.25,0.6023392840750887,0.875,0.625,0.5714285714285714,0.3587174348697395
2018-06-19,-0.75,-3.2141245219499357,0.25,1.0,1.0,0.25,0.5055737729041346,0.875,0.625,0.5714285714285714,0.46893787575150303
2018-06-20,-0.75,-3.1782021102322173,0.25,1.0,1.0,0.25,0.6166650026105125,0.875,0.625,0.5714285714285714,0.3046092184368738
2018-06-21,-0.875,-3.3008481422535154,0.125,1.0,1.0,0.125,0.749044877255963,0.75,0.625,0.5714285714285714,0.250501002004008
2018-06-22,-0.75,-3.293858704037233,0.25,1.0,1.0,0.25,0.9498342103986226,0.875,0.625,0.5714285714285714,0.280561122244489
2018-06-25,-0.75,-3.1090366518355803,0.25,1.0,1.0,0.25,0.8451716030444227,0.875,0.625,0.5714285714285714,0.30861723446893785
2018-06-26,-0.625,-2.8820965736729693,0.375,1.0,1.0,0.125,0.672049374024826,0.75,0.625,0.5714285714285714,0.156312625250501
2018-06-27,-0.625,-2.7455213589131353,0.375,1.0,1.0,0.125,0.4405072787168681,0.75,0.625,0.5714285714285714,0.09619238476953908
2018-06-28,-0.625,-2.5684400767458544,0.375,1.0,1.0,0.125,0.27255968198066644,0.75,0.625,0.5714285714285714,0.11022044088176353
2018-06-29,-0.625,-2.396733269949532,0.375,1.0,1.0,0.25,0.7119748636468116,0.875,0.625,0.5714285714285714,0.13026052104208416
2018-07-02,-0.625,-2.378457556492509,0.375,1.0,1.0,0.25,0.5567480524207238,0.875,0.625,0.5714285714285714,0.10821643286573146
2018-07-03,-0.625,-2.3431010983775473,0.375,1.0,1.0,0.25,0.46872418526203175,0.875,0.625,0.5714285714285714,0.08617234468937876
2018-07-04,-0.625,-2.5004924916459146,0.375,1.0,1.0,0.25,0.45327797885697896,0.875,0.625,0.5714285714285714,0.05410821643286573
2018-07-05,-0.625,-2.1675778135123176,0.375,1.0,1.0,0.125,0.32970680719943235,0.75,0.625,0.5714285714285714,0.036072144288577156
2018-07-06,-0.625,-2.2234759848750105,0.375,1.0,1.0,0.375,0.537138078939945,1.0,0.625,0.5714285714285714,0.03206412825651302
2018-07-09,-0.625,-2.2485958261406926,0.375,1.0,1.0,0.25,0.27698206153883675,0.875,0.625,0.5714285714285714,0.03206412825651302
2018-07-10,-0.625,-2.3255131925087826,0.375,1.0,1.0,0.25,0.16569200490706515,0.875,0.625,0.5714285714285714,0.03406813627254509
2018-07-11,-0.625,-2.4404461799088635,0.375,1.0,1.0,0.125,0.08511687678242863,0.875,0.75,0.7142857142857143,0.056112224448897796
2018-07-12,-0.625,-2.7257410189194515,0.375,1.0,1.0,0.125,0.05277982293584582,0.875,0.75,0.7142857142857143,0.04408817635270541
2018-07-13,-0.625,-2.6887597976372466,0.375,1.0,1.0,-0.125,-0.14348820299409348,0.75,0.875,0.8571428571428571,0.02404809619238477
2018-07-16,-0.625,-2.4641878551757403,0.375,1.0,1.0,0.125,0.08077960510334248,0.875,0.75,0.7142857142857143,0.02404809619238477
2018-07-17,-0.625,-2.630285738383656,0.375,1.0,1.0,-0.25,-0.23616356987049092,0.75,1.0,1.0,0.018036072144288578
2018-07-18,-0.75,-2.427867333035163,0.25,1.0,1.0,-0.25,-0.4955068789726552,0.75,1.0,1.0,0.018036072144288578
2018-07-19,-0.625,-2.001284440190917,0.375,1.0,1.0,-0.125,-0.40302992142944516,0.875,1.0,1.0,0.04008016032064128
2018-07-20,-0.625,-2.1950669811808208,0.375,1.0,1.0,-0.375,-0.36266620038854647,0.625,1.0,1.0,0.04208416833667335
2018-07-23,-0.625,-2.0918944203847354,0.375,1.0,1.0,-0.375,-0.4849791251103528,0.625,1.0,1.0,0.04609218436873747
2018-07-24,-0.5,-2.0002510127098803,0.375,0.875,0.8571428571428571,-0.25,-0.2632725809287796,0.625,0.875,0.8571428571428571,0.052104208416833664
2018-07-25,-0.5,-1.7347181010571298,0.375,0.875,0.8571428571428571,-0.25,-0.20342282117278354,0.625,0.875,0.8571428571428571,0.04008016032064128
2018-07-26,-0.5,-2.090962963096453,0.375,0.875,0.8571428571428571,-0.25,-0.3179258203092069,0.625,0.875,0.8571428571428571,0.03406813627254509
2018-07-27,-0.5,-1.9350713828974206,0.375,0.875,0.8571428571428571,-0.125,-0.29660503409025674,0.75,0.875,0.8571428571428571,0.012024048096192385
2018-07-30,-0.5,-1.30863121207846,0.375,0.875,0.8571428571428571,-0.125,-0.22278642442087204,0.75,0.875,0.8571428571428571,0.008016032064128256
2018-07-31,-0.375,-1.0768194759175014,0.5,0.875,0.8571428571428571,-0.125,-0.44956235783813037,0.75,0.875,0.8571428571428571,0.012024048096192385
2018-08-01,-0.375,-1.2609935771349792,0.5,0.875,0.8571428571428571,-0.125,-0.37566238715762357,0.75,0.875,0.8571428571428571,0.02004008016032064
2018-08-02,-0.5,-1.9106289136877537,0.375,0.875,0.8571428571428571,-0.25,-0.47020889702560253,0.625,0.875,0.8571428571428571,0.026052104208416832
2018-08-03,-0.5,-2.081143494403393,0.375,0.875,0.8571428571428571,-0.25,-0.573732725330635,0.625,0.875,0.8571428571428571,0.026052104208416832
2018-08-06,-0.625,-2.071452655582825,0.25,0.875,0.8571428571428571,-0.125,-0.5295071691394115,0.75,0.875,0.8571428571428571,0.022044088176352707
2018-08-07,-0.625,-1.4915384650589618,0.25,0.875,0.8571428571428571,-0.125,-0.49414652614455157,0.75,0.875,0.8571428571428571,0.03006012024048096
2018-08-08,-0.375,-1.0433558958499662,0.5,0.875,0.8571428571428571,-0.25,-0.5878764477629624,0.75,1.0,1.0,0.028056112224448898
2018-08-09,-0.5,-1.214271656680939,0.375,0.875,0.8571428571428571,-0.25,-0.6410385317316651,0.625,0.875,0.8571428571428571,0.03006012024048096
2018-08-10,-0.5,-1.5058623445097998,0.375,0.875,0.8571428571428571,-0.5,-1.1005398483897724,0.5,1.0,1.0,0.09218436873747494
2018-08-13,-0.25,-1.4668745867182578,0.5,0.75,0.7142857142857143,-0.5,-1.0429733150209632,0.5,1.0,1.0,0.09218436873747494
2018-08-14,-0.5,-1.6710341625861547,0.5,1.0,1.0,-0.625,-1.4892210383326072,0.375,1.0,1.0,0.10220440881763528
2018-08-15,-0.375,-1.4806794546115274,0.5,0.875,0.8571428571428571,-0.625,-1.6457352324485448,0.375,1.0,1.0,0.11823647294589178
2018-08-16,-0.5,-1.6186979736799891,0.5,1.0,1.0,-0.625,-1.5401115768825915,0.375,1.0,1.0,0.09619238476953908
2018-08-17,-0.5,-1.186476428017739,0.5,1.0,1.0,-0.625,-1.3343750404970898,0.375,1.0,1.0,0.09218436873747494
2018-08-20,-0.375,-0.6894455598285795,0.5,0.875,0.8571428571428571,-0.5,-1.2627033163715045,0.5,1.0,1.0,0.08016032064128256
2018-08-21,0.125,0.17438880494870457,0.875,0.75,0.7142857142857143,-0.375,-0.8530526607333557,0.5,0.875,0.8571428571428571,0.11222444889779559
2018-08-22,-0.125,-0.4018768772689675,0.75,0.875,0.8571428571428571,-0.5,-0.9243692182817608,0.5,1.0,1.0,0.11022044088176353
2018-08-23,-0.375,-0.6761716964458528,0.625,1.0,1.0,-0.375,-0.975100060571473,0.625,1.0,1.0,0.12224448897795591
2018-08-24,-0.125,-0.1381174860655796,0.75,0.875,0.8571428571428571,-0.375,-0.8445140187635096,0.625,1.0,1.0,0.17034068136272545
2018-08-27,-0.125,-0.07493563375703094,0.75,0.875,0.8571428571428571,-0.375,-0.9550888458371106,0.625,1.0,1.0,0.16032064128256512
2018-08-28,-0.125,-0.09464511198071679,0.625,0.75,0.7142857142857143,-0.25,-0.9512468955528117,0.75,1.0,1.0,0.14428857715430862
2018-08-29,-0.125,-0.262138273362877,0.625,0.75,0.7142857142857143,-0.375,-0.6309682652453067,0.625,1.0,1.0,0.218436873747495
2018-08-30,-0.25,-0.5070953866404933,0.625,0.875,0.8571428571428571,-0.5,-0.6896732055074477,0.5,1.0,1.0,0.2725450901803607
2018-08-31,-0.25,-0.545325103736312,0.625,0.875,0.8571428571428571,-0.5,-0.6107727906117209,0.5,1.0,1.0,0.3226452905811623
2018-09-03,-0.375,-0.5586713430105321,0.5,0.875,0.8571428571428571,-0.375,-0.6672897686267085,0.625,1.0,1.0,0.43887775551102204
2018-09-04,-0.375,-0.5442179184225809,0.5,0.875,0.8571428571428571,-0.375,-0.7537254080865592,0.625,1.0,1.0,0.4168336673346693
2018-09-05,-0.25,-0.5520853780058712,0.625,0.875,0.8571428571428571,-0.25,-0.6932795973271149,0.625,0.875,0.8571428571428571,0.3587174348697395
2018-09-06,0.125,0.16492533095692608,0.875,0.75,0.7142857142857143,-0.25,-0.7356385660065428,0.625,0.875,0.8571428571428571,0.28857715430861725
2018-09-07,-0.25,-0.17020937479084602,0.5,0.75,0.7142857142857143,-0.125,-0.5792587396924918,0.625,0.75,0.7142857142857143,0.2685370741482966
2018-09-10,-0.125,-0.08639957851702118,0.625,0.75,0.7142857142857143,-0.25,-0.6446366248538242,0.625,0.875,0.8571428571428571,0.39478957915831664
2018-09-11,0.125,0.055459441380393715,0.75,0.625,0.5714285714285714,-0.25,-0.6448760587406922,0.625,0.875,0.8571428571428571,0.3907815631262525
2018-09-12,0.125,0.21410828843594273,0.75,0.625,0.5714285714285714,-0.25,-0.464422027320927,0.625,0.875,0.8571428571428571,0.3406813627254509
2018-09-13,0.125,0.30820514999682425,0.75,0.625,0.5714285714285714,-0.125,-0.2233146093416395,0.625,0.75,0.7142857142857143,0.42084168336673344
2018-09-14,-0.125,-0.11633298296565076,0.625,0.75,0.7142857142857143,-0.125,-0.2602582131010417,0.625,0.75,0.7142857142857143,0.374749498997996
2018-09-17,-0.125,-0.059916198495523154,0.625,0.75,0.7142857142857143,-0.125,-0.21613142567793453,0.625,0.75,0.7142857142857143,0.43687374749499
2018-09-18,0.125,0.09604498855655352,0.75,0.625,0.5714285714285714,-0.125,-0.3518304361529813,0.625,0.75,0.7142857142857143,0.4228456913827655
2018-09-19,0.25,0.48908750115830407,0.75,0.5,0.42857142857142855,-0.125,-0.15205873293593752,0.625,0.75,0.7142857142857143,0.46292585170340683
2018-09-20,0.25,0.9782724595823344,0.75,0.5,0.42857142857142855,0.25,0.10767673909815112,0.75,0.5,0.42857142857142855,0.5270541082164328
2018-09-21,0.125,0.3717840899233657,0.75,0.625,0.5714285714285714,-0.125,-0.018711008067402113,0.625,0.75,0.7142857142857143,0.6112224448897795
2018-09-24,0.125,0.6427546413602552,0.75,0.625,0.5714285714285714,0.25,0.10408826530681792,0.875,0.625,0.5714285714285714,0.6673346693386774
2018-09-25,0.125,0.5583528260927089,0.75,0.625,0.5714285714285714,0.125,0.0939342785390952,0.75,0.625,0.5714285714285714,0.6633266533066132
2018-09-26,0.125,0.48801714475156616,0.75,0.625,0.5714285714285714,0.125,0.008638371583198579,0.75,0.625,0.5714285714285714,0.5671342685370742
2018-09-27,-0.125,-0.29103010168128096,0.625,0.75,0.7142857142857143,-0.5,-0.5124430619247529,0.5,1.0,1.0,0.531062124248497
2018-09-28,-0.125,-0.6868509139448463,0.625,0.75,0.7142857142857143,-0.5,-0.8160439213467854,0.5,1.0,1.0,0.5731462925851704
2018-10-01,-0.125,-0.7626832491482065,0.625,0.75,0.7142857142857143,-0.5,-0.7628237869389198,0.5,1.0,1.0,0.6192384769539078
2018-10-02,-0.125,-0.8468513597000823,0.625,0.75,0.7142857142857143,-0.375,-0.711320731344085,0.625,1.0,1.0,0.6232464929859719
2018-10-03,-0.125,-0.8386304201180512,0.625,0.75,0.7142857142857143,-0.5,-0.7628096780991782,0.5,1.0,1.0,0.6953907815631263
2018-10-04,-0.25,-0.6100810171376887,0.5,0.75,0.7142857142857143,-0.5,-0.5585577900223644,0.5,1.0,1.0,0.7615230460921844
2018-10-05,-0.375,-0.5857160068229925,0.375,0.75,0.7142857142857143,-0.5,-0.5577809057103141,0.5,1.0,1.0,0.7474949899799599
2018-10-08,-0.375,-0.8711143631680314,0.375,0.75,0.7142857142857143,-0.5,-0.8138221201271268,0.5,1.0,1.0,0.6833667334669339
2018-10-09,-0.25,-0.6709662432488209,0.375,0.625,0.5714285714285714,-0.375,-0.6992914717887619,0.5,0.875,0.8571428571428571,0.6192384769539078
2018-10-10,-0.125,-0.42520940029092524,0.375,0.5,0.42857142857142855,-0.25,-0.5017859286145644,0.5,0.75,0.7142857142857143,0.7394789579158316
2018-10-11,-0.125,-0.24649432886270434,0.375,0.5,0.42857142857142855,-0.125,-0.4407771325190837,0.5,0.625,0.5714285714285714,0.7695390781563126
2018-10-12,-0.25,-0.7418468716670055,0.375,0.625,0.5714285714285714,-0.5,-0.7517789812259789,0.375,0.875,0.8571428571428571,0.7675350701402806
2018-10-15,-0.25,-0.5765807776223316,0.375,0.625,0.5714285714285714,-0.125,-0.22493374085940385,0.5,0.625,0.5714285714285714,0.8096192384769539
2018-10-16,-0.125,-0.5368824835299556,0.5,0.625,0.5714285714285714,-0.125,-0.07875316167907048,0.5,0.625,0.5714285714285714,0.7895791583166333
2018-10-17,-0.5,-1.1103923683185815,0.375,0.875,0.8571428571428571,-0.125,-0.3563468587078826,0.625,0.75,0.7142857142857143,0.7715430861723447
2018-10-18,-0.625,-1.0695215862172631,0.375,1.0,1.0,-0.25,-0.552470612634118,0.5,0.75,0.7142857142857143,0.6793587174348698
2018-10-19,-0.5,-0.9676566317070463,0.5,1.0,1.0,-0.25,-0.324086595114205,0.5,0.75,0.7142857142857143,0.6292585170340681
2018-10-22,-0.625,-1.3563732086643614,0.375,1.0,1.0,-0.125,-0.41711819003174444,0.625,0.75,0.7142857142857143,0.6172344689378757
2018-10-23,-0.625,-1.1355818012597,0.375,1.0,1.0,-0.125,-0.3680800408643107,0.625,0.75,0.7142857142857143,0.5711422845691383
2018-10-24,-0.625,-1.3517092547518135,0.375,1.0,1.0,-0.125,-0.5330263110102131,0.625,0.75,0.7142857142857143,0.627254509018036
2018-10-25,-0.625,-1.3563956110653663,0.375,1.0,1.0,-0.25,-0.8100384361883086,0.625,0.875,0.8571428571428571,0.46693386773547096
2018-10-26,-0.625,-1.008727510254006,0.375,1.0,1.0,-0.25,-0.7626119742937315,0.625,0.875,0.8571428571428571,0.31462925851703405
2018-11-05,-0.5,-1.3585287974301061,0.375,0.875,0.8571428571428571,-0.375,-1.1881329313766975,0.5,0.875,0.8571428571428571,0.8096192384769539
2018-11-06,-0.375,-1.3685792135906953,0.375,0.75,0.7142857142857143,-0.625,-1.8680323492978834,0.25,0.875,0.8571428571428571,0.8537074148296593
2018-11-07,-0.375,-1.1076336151139952,0.375,0.75,0.7142857142857143,-0.75,-2.1079215831753055,0.25,1.0,1.0,0.8196392785571143
2018-11-08,-0.375,-0.9122300597905042,0.375,0.75,0.7142857142857143,-0.75,-2.4317987938024146,0.25,1.0,1.0,0.6933867735470942
2018-11-09,-0.125,-0.3810703847660414,0.625,0.75,0.7142857142857143,-0.75,-2.7247700931637056,0.25,1.0,1.0,0.6633266533066132
2018-11-12,-0.375,-1.1495075604085774,0.375,0.75,0.7142857142857143,-0.75,-2.7363606452259672,0.25,1.0,1.0,0.7234468937875751
2018-11-13,-0.25,-0.24832695497685664,0.5,0.75,0.7142857142857143,-0.75,-2.436382345213394,0.25,1.0,1.0,0.8517034068136272
2018-11-14,-0.25,-0.15069748144544398,0.5,0.75,0.7142857142857143,-0.75,-2.703954741522953,0.25,1.0,1.0,0.7294589178356713
2018-11-15,-0.25,-0.2789716629720976,0.375,0.625,0.5714285714285714,-0.75,-2.7827982107042324,0.25,1.0,1.0,0.8657314629258517
2018-11-16,-0.125,-0.14369618410310367,0.5,0.625,0.5714285714285714,-0.875,-2.6351109035242337,0.125,1.0,1.0,0.8877755511022044
2018-11-19,-0.25,-0.22628308721918614,0.5,0.75,0.7142857142857143,-0.75,-2.6336801289614806,0.25,1.0,1.0,0.8957915831663327
2018-11-20,-0.375,-1.5122892785261948,0.5,0.875,0.8571428571428571,-0.625,-2.272067800301981,0.375,1.0,1.0,0.9218436873747495
2018-11-21,-0.625,-1.4505325321569065,0.25,0.875,0.8571428571428571,-0.625,-2.292503724011114,0.375,1.0,1.0,0.9498997995991983
2018-11-22,-0.5,-1.007579598241724,0.25,0.75,0.7142857142857143,-0.75,-2.201459018928218,0.25,1.0,1.0,0.9458917835671342
2018-11-23,-0.75,-2.269819610977464,0.125,0.875,0.8571428571428571,-0.625,-2.4770921993751913,0.375,1.0,1.0,0.9178356713426854
2018-11-26,-0.75,-2.4016282318024578,0.125,0.875,0.8571428571428571,-0.625,-2.3139154726049593,0.375,1.0,1.0,0.8997995991983968
2018-11-27,-0.75,-2.3857324606575157,0.125,0.875,0.8571428571428571,-0.5,-2.2384077426828073,0.5,1.0,1.0,0.9318637274549099
2018-11-28,-0.75,-1.8110763505543277,0.125,0.875,0.8571428571428571,-0.75,-2.1781708802727104,0.25,1.0,1.0,0.9338677354709419
2018-11-29,-0.5,-1.2891427227054946,0.25,0.75,0.7142857142857143,-0.625,-1.7116609589675282,0.25,0.875,0.8571428571428571,0.9298597194388778
2018-11-30,-0.5,-1.1203549416597496,0.25,0.75,0.7142857142857143,-0.625,-1.9838450413051907,0.25,0.875,0.8571428571428571,0.9418837675350702
2018-12-03,-0.375,-0.9371699057934532,0.375,0.75,0.7142857142857143,-0.625,-2.0728949329948616,0.25,0.875,0.8571428571428571,0.6653306613226453
2018-12-04,-0.5,-0.8504318547048844,0.25,0.75,0.7142857142857143,-0.625,-1.8625388182613696,0.25,0.875,0.8571428571428571,0.6472945891783567
2018-12-05,-0.5,-1.1129032582658556,0.25,0.75,0.7142857142857143,-0.5,-2.1045712162064714,0.5,1.0,1.0,0.7194388777555111
2018-12-06,-0.5,-1.0065539860231034,0.25,0.75,0.7142857142857143,-0.5,-1.5373643178146312,0.5,1.0,1.0,0.8056112224448898
2018-12-07,-0.25,-0.5931237801952436,0.5,0.75,0.7142857142857143,-0.375,-1.4030051864851023,0.5,0.875,0.8571428571428571,0.8156312625250501
2018-12-10,-0.5,-0.840499401642054,0.25,0.75,0.7142857142857143,-0.5,-1.5479688827720086,0.5,1.0,1.0,0.8537074148296593
2018-12-11,-0.375,-0.893659580951573,0.375,0.75,0.7142857142857143,-0.625,-1.7851254180436729,0.375,1.0,1.0,0.7454909819639278
2018-12-12,-0.25,-0.9559441682128181,0.5,0.75,0.7142857142857143,-0.5,-1.8446466035279099,0.375,0.875,0.8571428571428571,0.8416833667334669
2018-12-13,-0.5,-1.2022116634755842,0.25,0.75,0.7142857142857143,-0.5,-1.8144220986241293,0.5,1.0,1.0,0.5130260521042084
2018-12-14,-0.375,-1.208418527626192,0.375,0.75,0.7142857142857143,-0.5,-1.8360396659083085,0.5,1.0,1.0,0.5270541082164328
2018-12-17,-0.5,-1.2994021499448678,0.375,0.875,0.8571428571428571,-0.375,-1.6348667041604172,0.5,0.875,0.8571428571428571,0.41282565130260523
2018-12-18,-0.375,-1.077312741838894,0.5,0.875,0.8571428571428571,-0.375,-1.4800124791015712,0.5,0.875,0.8571428571428571,0.32064128256513025
2018-12-19,-0.375,-1.170385551201112,0.5,0.875,0.8571428571428571,-0.375,-1.4207063072969361,0.5,0.875,0.8571428571428571,0.3687374749498998
2018-12-20,-0.25,-1.2717131246808002,0.5,0.75,0.7142857142857143,-0.25,-1.208837165725759,0.625,0.875,0.8571428571428571,0.4529058116232465
2018-12-21,-0.125,-1.5417098334968706,0.625,0.75,0.7142857142857143,-0.25,-1.4772381027481118,0.625,0.875,0.8571428571428571,0.5651302605210421
2018-12-24,-0.375,-1.209235360657014,0.375,0.75,0.7142857142857143,-0.25,-1.324990561319113,0.625,0.875,0.8571428571428571,0.6492985971943888
2018-12-25,-0.375,-1.246565487034816,0.375,0.75,0.7142857142857143,-0.375,-1.3695975181228117,0.5,0.875,0.8571428571428571,0.6012024048096193
2018-12-26,-0.375,-1.584223306846479,0.375,0.75,0.7142857142857143,-0.375,-1.5032813591268024,0.5,0.875,0.8571428571428571,0.6392785571142284
2018-12-27,-0.25,-0.8405049023572995,0.5,0.75,0.7142857142857143,-0.25,-1.2989693811310978,0.625,0.875,0.8571428571428571,0.7915831663326653
2018-12-28,-0.25,-0.5767680171787445,0.5,0.75,0.7142857142857143,-0.25,-1.1225290596227069,0.625,0.875,0.8571428571428571,0.8096192384769539
2018-12-31,-0.125,-0.32332816564608563,0.5,0.625,0.5714285714285714,-0.25,-0.9484818714040233,0.625,0.875,0.8571428571428571,0.7194388777555111
2019-01-01,-0.125,-0.2471836873464463,0.5,0.625,0.5714285714285714,-0.125,-0.9064788215351103,0.625,0.75,0.7142857142857143,0.5691382765531062
2019-01-02,-0.125,-0.3413497874606788,0.5,0.625,0.5714285714285714,-0.25,-0.982364733874377,0.625,0.875,0.8571428571428571,0.9619238476953907
2019-01-03,-0.25,-0.35708326944686075,0.375,0.625,0.5714285714285714,-0.25,-1.1756250997268618,0.625,0.875,0.8571428571428571,0.9979959919839679
2019-01-04,-0.125,-0.374498739442252,0.375,0.5,0.42857142857142855,-0.25,-1.59102453043556,0.625,0.875,0.8571428571428571,1.0
2019-01-07,-0.125,-0.058269387140560236,0.375,0.5,0.42857142857142855,-0.25,-1.6128978767712787,0.625,0.875,0.8571428571428571,0.9979959919839679
2019-01-08,-0.125,-0.18637273186839473,0.375,0.5,0.42857142857142855,-0.375,-1.6935950680842842,0.5,0.875,0.8571428571428571,0.9959919839679359
2019-01-09,0.125,0.07829583647473742,0.5,0.375,0.2857142857142857,-0.25,-1.2455782983615558,0.625,0.875,0.8571428571428571,0.9919839679358717
2019-01-10,-0.125,-0.3404161718871751,0.375,0.5,0.42857142857142855,-0.25,-1.4859461609856481,0.625,0.875,0.8571428571428571,0.9979959919839679
2019-01-11,-0.125,-0.35299924976292835,0.375,0.5,0.42857142857142855,-0.5,-1.6366692924947155,0.375,0.875,0.8571428571428571,0.9979959919839679
2019-01-14,-0.125,-0.4870010831661421,0.375,0.5,0.42857142857142855,-0.375,-1.5675484784147085,0.5,0.875,0.8571428571428571,0.9939879759519038
2019-01-15,-0.125,-0.6609935100163491,0.375,0.5,0.42857142857142855,-0.375,-1.8820591437790521,0.5,0.875,0.8571428571428571,0.9939879759519038
2019-01-16,-0.125,-0.492287555652664,0.375,0.5,0.42857142857142855,-0.5,-2.071210371394549,0.375,0.875,0.8571428571428571,0.9859719438877755
2019-01-17,-0.25,-0.39271948515391747,0.25,0.5,0.42857142857142855,-0.5,-2.193414428301291,0.375,0.875,0.8571428571428571,0.9799599198396793
2019-01-18,-0.125,-0.8487629804734064,0.375,0.5,0.42857142857142855,-0.625,-2.2236390682754372,0.375,1.0,1.0,0.9739478957915831
2019-01-21,-0.375,-0.570030715509859,0.25,0.625,0.5714285714285714,-0.625,-2.162534733326146,0.375,1.0,1.0,0.9639278557114228
2019-01-22,-0.375,-0.5921932007951582,0.25,0.625,0.5714285714285714,-0.625,-2.167513139252361,0.375,1.0,1.0,0.9719438877755511
2019-01-23,-0.125,-0.08388275325615374,0.25,0.375,0.2857142857142857,-0.75,-2.198465760816833,0.25,1.0,1.0,0.9639278557114228
2019-01-24,-0.125,-0.37005178835382485,0.25,0.375,0.2857142857142857,-0.75,-2.3650625483806773,0.25,1.0,1.0,0.9579158316633266
2019-01-25,0.125,0.033381141088772326,0.375,0.25,0.14285714285714285,-0.625,-2.4818147814869986,0.25,0.875,0.8571428571428571,0.9659318637274549
2019-01-28,0.125,0.11364426159768554,0.5,0.375,0.2857142857142857,-0.75,-2.4793583437753353,0.25,1.0,1.0,0.9679358717434869
2019-01-29,0.125,0.0852098727336576,0.625,0.5,0.42857142857142855,-0.625,-2.3028594166839387,0.25,0.875,0.8571428571428571,0.9799599198396793
2019-01-30,0.125,0.313447560644035,0.625,0.5,0.42857142857142855,-0.625,-2.420849232606597,0.25,0.875,0.8571428571428571,0.8617234468937875
2019-01-31,0.5,0.4868211873437628,0.625,0.125,0.0,-0.875,-2.602484403320405,0.125,1.0,1.0,0.5090180360721442
2019-02-01,0.625,0.9237197275360663,0.75,0.125,0.0,-0.75,-2.623158671668697,0.25,1.0,1.0,0.28256513026052105
2019-02-04,0.625,1.854533338519824,0.75,0.125,0.0,-0.75,-2.6383978474427554,0.25,1.0,1.0,0.21442885771543085
2019-02-05,0.5,0.8059177111965422,0.75,0.25,0.14285714285714285,-0.75,-2.8984073984409306,0.25,1.0,1.0,0.22845691382765532
2019-02-06,0.25,0.3544166148024611,0.75,0.5,0.42857142857142855,-0.75,-2.7187027276627362,0.25,1.0,1.0,0.4589178356713427
2019-02-07,0.125,0.10114730175969733,0.625,0.5,0.42857142857142855,-0.75,-2.799395338436357,0.25,1.0,1.0,0.4228456913827655
2019-02-08,-0.375,-0.4816237923723234,0.375,0.75,0.7142857142857143,-0.75,-2.7192562990912696,0.25,1.0,1.0,0.29458917835671344
2019-02-11,-0.5,-1.1172986830464706,0.375,0.875,0.8571428571428571,-0.75,-2.7464119520119357,0.25,1.0,1.0,0.29458917835671344
2019-02-12,-0.125,-0.3079477755036541,0.5,0.625,0.5714285714285714,-0.625,-2.5836621321034547,0.375,1.0,1.0,0.28256513026052105
2019-02-13,-0.375,-0.9372421725011363,0.375,0.75,0.7142857142857143,-0.75,-2.8482758502694834,0.25,1.0,1.0,0.3807615230460922
2019-02-14,-0.375,-0.80227530321977,0.375,0.75,0.7142857142857143,-0.75,-2.821065840383972,0.25,1.0,1.0,0.342685370741483
2019-02-15,-0.25,-0.2927193934918658,0.375,0.625,0.5714285714285714,-0.75,-2.9152096083215215,0.25,1.0,1.0,0.3246492985971944
2019-02-18,-0.125,-0.15628666356272192,0.375,0.5,0.42857142857142855,-0.75,-2.8808510657920694,0.25,1.0,1.0,0.3246492985971944
2019-02-19,0.125,0.3162688120801032,0.5,0.375,0.2857142857142857,-0.75,-2.917844344215245,0.25,1.0,1.0,0.3226452905811623
2019-02-20,-0.25,-0.14888190958802713,0.375,0.625,0.5714285714285714,-0.75,-3.0206826260424893,0.25,1.0,1.0,0.26452905811623245
2019-02-21,-0.125,-0.26667495808697217,0.5,0.625,0.5714285714285714,-0.75,-2.9558190148519103,0.25,1.0,1.0,0.2985971943887776
2019-02-22,0.125,0.06053555996070392,0.625,0.5,0.42857142857142855,-0.75,-3.0610764441993012,0.25,1.0,1.0,0.218436873747495
2019-02-25,0.125,0.02749926662752633,0.625,0.5,0.42857142857142855,-0.875,-3.0824427943426027,0.125,1.0,1.0,0.2685370741482966
2019-02-26,0.125,0.26228992734160333,0.625,0.5,0.42857142857142855,-0.875,-3.1390816086820514,0.125,1.0,1.0,0.3106212424849699
2019-02-27,0.125,0.11511892127110324,0.625,0.5,0.42857142857142855,-0.75,-2.998886289412231,0.25,1.0,1.0,0.2965931863727455
2019-02-28,-0.125,-0.03988503614930883,0.5,0.625,0.5714285714285714,-0.75,-2.84159544645921,0.25,1.0,1.0,0.3286573146292585
2019-03-01,-0.125,-0.2695923181718911,0.5,0.625,0.5714285714285714,-0.75,-2.7554466678023255,0.25,1.0,1.0,0.3366733466933868
2019-03-04,-0.125,-0.06807104973907824,0.5,0.625,0.5714285714285714,-0.75,-2.870567919199646,0.25,1.0,1.0,0.40480961923847697
2019-03-05,-0.125,-0.08220104368525821,0.5,0.625,0.5714285714285714,-0.75,-2.9475557091104756,0.25,1.0,1.0,0.3346693386773547
2019-03-06,-0.125,-0.29648167840455675,0.625,0.75,0.7142857142857143,-0.75,-2.777080930860537,0.25,1.0,1.0,0.1963927855711423
2019-03-07,-0.25,-0.776183140519345,0.5,0.75,0.7142857142857143,-0.75,-2.9934301866750177,0.25,1.0,1.0,0.2124248496993988
2019-03-08,-0.25,-0.3857677956731904,0.375,0.625,0.5714285714285714,-0.75,-3.08787076634785,0.25,1.0,1.0,0.280561122244489
2019-03-11,-0.125,-0.38939749668848206,0.375,0.5,0.42857142857142855,-0.875,-3.242689506023541,0.125,1.0,1.0,0.5170340681362725
2019-03-12,-0.125,-0.48610141319120553,0.375,0.5,0.42857142857142855,-0.75,-3.025428235683253,0.25,1.0,1.0,0.6613226452905812
2019-03-13,-0.25,-0.21170872805841712,0.25,0.5,0.42857142857142855,-0.75,-3.145095874354568,0.25,1.0,1.0,0.7074148296593187
2019-03-14,-0.375,-0.6830692157322031,0.25,0.625,0.5714285714285714,-0.875,-3.2271473529209205,0.125,1.0,1.0,0.6172344689378757
2019-03-15,-0.25,-0.14505253012501795,0.25,0.5,0.42857142857142855,-0.875,-3.359474652148996,0.125,1.0,1.0,0.5290581162324649
2019-03-18,-0.125,-0.4490300845877767,0.375,0.5,0.42857142857142855,-0.875,-3.3676901146063942,0.125,1.0,1.0,0.5170340681362725
2019-03-19,-0.125,-0.2911849130313944,0.375,0.5,0.42857142857142855,-0.875,-3.4256988148804757,0.125,1.0,1.0,0.3807615230460922
2019-03-20,0.25,0.3746958733740894,0.375,0.125,0.0,-0.875,-3.1549941608788767,0.125,1.0,1.0,0.5551102204408818
2019-03-21,-0.25,-0.34271350613349205,0.125,0.375,0.2857142857142857,-0.875,-3.2111579898528717,0.125,1.0,1.0,0.42685370741482964
2019-03-22,-0.25,-0.7454025417301787,0.125,0.375,0.2857142857142857,-0.875,-3.329866409892035,0.125,1.0,1.0,0.5751503006012024
2019-03-25,-0.375,-0.8327536694473835,0.125,0.5,0.42857142857142855,-0.875,-3.417266689993461,0.125,1.0,1.0,0.45090180360721444
2019-03-26,-0.375,-0.9448986818069758,0.125,0.5,0.42857142857142855,-0.875,-3.4379223331991664,0.125,1.0,1.0,0.4088176352705411
2019-03-27,-0.25,-0.30703231749049165,0.25,0.5,0.42857142857142855,-0.875,-3.1199309705582987,0.125,1.0,1.0,0.4749498997995992
2019-03-28,-0.25,-0.8510770449884995,0.25,0.5,0.42857142857142855,-0.875,-3.0619969913366325,0.125,1.0,1.0,0.4248496993987976
2019-03-29,-0.375,-1.1900916864108284,0.25,0.625,0.5714285714285714,-0.875,-3.2486337249667443,0.125,1.0,1.0,0.4248496993987976
2019-04-01,-0.5,-1.6255065903658212,0.25,0.75,0.7142857142857143,-0.875,-3.33153750139813,0.125,1.0,1.0,0.48697394789579157
2019-04-02,-0.5,-1.2616037354771044,0.25,0.75,0.7142857142857143,-0.875,-3.098870231146087,0.125,1.0,1.0,0.6092184368737475
2019-04-03,-0.625,-1.5560234179043606,0.25,0.875,0.8571428571428571,-0.875,-3.246661692057093,0.125,1.0,1.0,0.5350701402805611
2019-04-04,-0.625,-1.5827132748320119,0.25,0.875,0.8571428571428571,-0.875,-3.0076332274352175,0.125,1.0,1.0,0.4028056112224449
2019-04-05,-0.625,-1.7311537243375827,0.25,0.875,0.8571428571428571,-0.875,-2.974469389218532,0.125,1.0,1.0,0.2745490981963928
2019-04-08,-0.5,-1.4021338463826076,0.375,0.875,0.8571428571428571,-0.875,-2.9573261074674173,0.125,1.0,1.0,0.16633266533066132
2019-04-09,-0.625,-1.2187212240090126,0.25,0.875,0.8571428571428571,-0.875,-2.9459081474662367,0.125,1.0,1.0,0.09619238476953908
2019-04-10,-0.5,-1.1208878341925765,0.375,0.875,0.8571428571428571,-0.875,-3.0773933021818882,0.125,1.0,1.0,0.04609218436873747
2019-04-11,-0.625,-1.510463084438455,0.25,0.875,0.8571428571428571,-0.875,-3.1580265258278644,0.125,1.0,1.0,0.05811623246492986
2019-04-12,-0.25,-0.5913392051315394,0.375,0.625,0.5714285714285714,-0.875,-3.324508603500453,0.125,1.0,1.0,0.09819639278557114
2019-04-15,-0.25,-0.6098462144244748,0.375,0.625,0.5714285714285714,-0.875,-3.3387620155142654,0.125,1.0,1.0,0.09619238476953908
2019-04-16,-0.25,-0.7100174214772441,0.375,0.625,0.5714285714285714,-0.875,-3.358718800596935,0.125,1.0,1.0,0.11422845691382766
2019-04-17,-0.375,-0.878376060903516,0.5,0.875,0.8571428571428571,-0.875,-3.2604374272672363,0.125,1.0,1.0,0.06012024048096192
2019-04-18,-0.375,-0.6578860418468753,0.5,0.875,0.8571428571428571,-0.875,-3.158901862255183,0.125,1.0,1.0,0.07214428857715431
2019-04-19,-0.375,-1.8371944950645829,0.625,1.0,1.0,-0.875,-3.310886309797511,0.125,1.0,1.0,0.01002004008016032
2019-04-22,-0.5,-1.7083272256869062,0.5,1.0,1.0,-0.875,-3.2764895546085224,0.125,1.0,1.0,0.008016032064128256
2019-04-23,-0.5,-2.1475011408208324,0.5,1.0,1.0,-0.875,-3.171349032937941,0.125,1.0,1.0,0.006012024048096192
2019-04-24,-0.625,-2.396868910419124,0.375,1.0,1.0,-0.875,-2.953148195679188,0.125,1.0,1.0,0.002004008016032064
2019-04-25,-0.625,-2.2998590723320924,0.375,1.0,1.0,-0.875,-2.98779927779531,0.125,1.0,1.0,0.002004008016032064
2019-04-26,-0.5,-2.5729115491252594,0.5,1.0,1.0,-0.875,-3.0256699806163514,0.125,1.0,1.0,0.0
2019-04-29,-0.5,-2.3447386487617967,0.5,1.0,1.0,-0.875,-2.9741915698744785,0.125,1.0,1.0,0.0
2019-04-30,-0.25,-1.372920770802498,0.625,0.875,0.8571428571428571,-0.875,-3.0770665998655904,0.125,1.0,1.0,0.0
2019-05-01,-0.375,-1.5716691378995322,0.5,0.875,0.8571428571428571,-0.75,-2.6999043935063627,0.25,1.0,1.0,0.004008016032064128
2019-05-02,-0.375,-1.836151558416836,0.5,0.875,0.8571428571428571,-0.75,-2.6712367409769713,0.25,1.0,1.0,0.0
2019-05-03,-0.25,-1.0208076694881691,0.625,0.875,0.8571428571428571,-0.75,-2.689583565580664,0.25,1.0,1.0,0.008016032064128256
2019-05-06,-0.25,-0.6950503690954208,0.625,0.875,0.8571428571428571,-0.75,-2.5641311387455517,0.25,1.0,1.0,0.012024048096192385
2019-05-07,-0.25,-1.110742536407805,0.5,0.75,0.7142857142857143,-0.625,-2.4781390932691467,0.25,0.875,0.8571428571428571,0.01603206412825651
2019-05-08,-0.125,-0.3949542048957242,0.625,0.75,0.7142857142857143,-0.625,-2.123637029990843,0.25,0.875,0.8571428571428571,0.01603206412825651
2019-05-09,-0.125,-0.46438541794391225,0.625,0.75,0.7142857142857143,-0.5,-1.906495369781858,0.375,0.875,0.8571428571428571,0.012024048096192385
2019-05-10,-0.125,-0.41583343545925533,0.625,0.75,0.7142857142857143,-0.5,-1.891462621607881,0.375,0.875,0.8571428571428571,0.01002004008016032
2019-05-13,-0.25,-0.4581530641178951,0.5,0.75,0.7142857142857143,-0.375,-1.5249433595003339,0.5,0.875,0.8571428571428571,0.04008016032064128
2019-05-14,-0.375,-0.7341801016796822,0.5,0.875,0.8571428571428571,-0.5,-1.6507065200216269,0.375,0.875,0.8571428571428571,0.04408817635270541
2019-05-15,-0.25,-0.7627786333331343,0.625,0.875,0.8571428571428571,-0.375,-1.528579872751271,0.5,0.875,0.8571428571428571,0.04208416833667335
2019-05-16,-0.25,-1.023701382413871,0.625,0.875,0.8571428571428571,-0.625,-1.6517633360828206,0.375,1.0,1.0,0.03006012024048096
2019-05-17,-0.25,-0.8754401497636756,0.625,0.875,0.8571428571428571,-0.5,-1.5246443928743836,0.5,1.0,1.0,0.05410821643286573
2019-05-20,-0.25,-0.9082642948051339,0.625,0.875,0.8571428571428571,-0.5,-1.4606776080910862,0.5,1.0,1.0,0.06412825651302605
2019-05-21,-0.375,-1.0055983099187769,0.5,0.875,0.8571428571428571,-0.5,-1.3435769242756945,0.5,1.0,1.0,0.06212424849699399
2019-05-22,-0.25,-0.9538343251038922,0.625,0.875,0.8571428571428571,-0.5,-1.5270891136995655,0.5,1.0,1.0,0.02404809619238477
2019-05-23,-0.25,-0.8248742588508554,0.625,0.875,0.8571428571428571,-0.5,-1.5144125653155867,0.5,1.0,1.0,0.03807615230460922
2019-05-24,-0.375,-0.7247301726868314,0.5,0.875,0.8571428571428571,-0.375,-1.3219788724280381,0.5,0.875,0.8571428571428571,0.036072144288577156
2019-05-27,-0.375,-0.6510530443810599,0.5,0.875,0.8571428571428571,-0.375,-1.3232913619437108,0.5,0.875,0.8571428571428571,0.03206412825651302
2019-05-28,-0.375,-0.6408508306616648,0.5,0.875,0.8571428571428571,-0.375,-1.4978515430606132,0.5,0.875,0.8571428571428571,0.018036072144288578
2019-05-29,-0.375,-0.8137076268928846,0.5,0.875,0.8571428571428571,-0.375,-1.590144092668976,0.5,0.875,0.8571428571428571,0.01002004008016032
2019-05-30,-0.25,-0.3072949315173408,0.5,0.75,0.7142857142857143,-0.375,-1.7618785244331725,0.5,0.875,0.8571428571428571,0.008016032064128256
2019-05-31,-0.125,-0.27836622532971356,0.625,0.75,0.7142857142857143,-0.375,-1.5624656455514807,0.5,0.875,0.8571428571428571,0.01603206412825651
2019-06-03,-0.125,-0.0723921956709783,0.625,0.75,0.7142857142857143,-0.375,-1.406354329031431,0.5,0.875,0.8571428571428571,0.018036072144288578
2019-06-04,-0.25,-0.15761627177061222,0.5,0.75,0.7142857142857143,-0.375,-1.3513971396271927,0.5,0.875,0.8571428571428571,0.01603206412825651
2019-06-05,-0.125,-0.43703023659490814,0.625,0.75,0.7142857142857143,-0.375,-1.5418453574325595,0.5,0.875,0.8571428571428571,0.008016032064128256
2019-06-06,-0.125,-0.11369336303534752,0.625,0.75,0.7142857142857143,-0.25,-0.905591126931209,0.5,0.75,0.7142857142857143,0.008016032064128256
2019-06-07,0.125,0.017192923524036285,0.625,0.5,0.42857142857142855,-0.25,-0.891422165447791,0.5,0.75,0.7142857142857143,0.012024048096192385
2019-06-10,-0.125,-0.08497877412808882,0.5,0.625,0.5714285714285714,-0.25,-0.9658042205247696,0.5,0.75,0.7142857142857143,0.0
2019-06-11,-0.125,-0.10670918713024485,0.5,0.625,0.5714285714285714,-0.25,-0.9165724794171289,0.5,0.75,0.7142857142857143,0.002004008016032064
2019-06-12,-0.375,-0.5261336714214944,0.5,0.875,0.8571428571428571,-0.25,-0.9821243156212849,0.5,0.75,0.7142857142857143,0.0
2019-06-13,-0.25,-0.4077676906582295,0.5,0.75,0.7142857142857143,-0.375,-1.1039285181788498,0.5,0.875,0.8571428571428571,0.0
2019-06-14,-0.25,-0.3597230622419793,0.5,0.75,0.7142857142857143,-0.375,-1.2740863088048222,0.5,0.875,0.8571428571428571,0.008016032064128256
2019-06-17,-0.375,-0.3209450547612497,0.5,0.875,0.8571428571428571,-0.375,-1.3659461439477902,0.5,0.875,0.8571428571428571,0.008016032064128256
2019-06-18,-0.25,-0.2782685810023942,0.5,0.75,0.7142857142857143,-0.375,-1.3886113269575795,0.5,0.875,0.8571428571428571,0.01002004008016032
2019-06-19,-0.125,-0.07519632618021954,0.5,0.625,0.5714285714285714,-0.125,-1.068367964254377,0.5,0.625,0.5714285714285714,0.01603206412825651
2019-06-20,0.125,0.2772551947128201,0.625,0.5,0.42857142857142855,-0.125,-0.8742996835149164,0.5,0.625,0.5714285714285714,0.01603206412825651
2019-06-21,0.25,0.6158884006978544,0.75,0.5,0.42857142857142855,-0.25,-0.9212332346808285,0.5,0.75,0.7142857142857143,0.04008016032064128
2019-06-24,0.25,0.760101141693584,0.75,0.5,0.42857142857142855,-0.25,-0.7952436922724867,0.375,0.625,0.5714285714285714,0.056112224448897796
2019-06-25,0.25,0.64858868781956,0.75,0.5,0.42857142857142855,-0.375,-0.9094368689284533,0.375,0.75,0.7142857142857143,0.06212424849699399
2019-06-26,0.125,0.5588253376571616,0.625,0.5,0.42857142857142855,-0.25,-0.9486678319195689,0.375,0.625,0.5714285714285714,0.11222444889779559
2019-06-27,0.125,0.6232295625703139,0.625,0.5,0.42857142857142855,-0.25,-1.0618683389736456,0.375,0.625,0.5714285714285714,0.12024048096192384
2019-06-28,0.125,0.709826019394369,0.625,0.5,0.42857142857142855,-0.25,-1.2002845218298863,0.375,0.625,0.5714285714285714,0.07414829659318638
2019-07-01,0.125,0.12510167066295758,0.625,0.5,0.42857142857142855,-0.375,-1.38511866498101,0.375,0.75,0.7142857142857143,0.08216432865731463
2019-07-02,0.125,0.10877437073522661,0.625,0.5,0.42857142857142855,-0.25,-1.3269097748922762,0.375,0.625,0.5714285714285714,0.10420841683366733
2019-07-03,0.125,0.021817704010435746,0.625,0.5,0.42857142857142855,-0.25,-1.1935638671711524,0.375,0.625,0.5714285714285714,0.12424849699398798
2019-07-04,0.125,0.1132485033946572,0.625,0.5,0.42857142857142855,-0.25,-1.0658301664689036,0.375,0.625,0.5714285714285714,0.1062124248496994
2019-07-05,-0.125,-0.27196416540213925,0.5,0.625,0.5714285714285714,-0.25,-1.2462170309256952,0.375,0.625,0.5714285714285714,0.1282565130260521
2019-07-08,-0.125,-0.3228168421587051,0.5,0.625,0.5714285714285714,-0.25,-1.381087879147191,0.375,0.625,0.5714285714285714,0.08016032064128256
2019-07-09,-0.125,-0.2764314737860611,0.5,0.625,0.5714285714285714,-0.25,-1.2383804156041074,0.375,0.625,0.5714285714285714,0.08617234468937876
2019-07-10,-0.125,-0.15769782678219058,0.5,0.625,0.5714285714285714,-0.25,-1.1014552624617044,0.375,0.625,0.5714285714285714,0.08016032064128256
2019-07-11,0.125,0.08211234347793686,0.625,0.5,0.42857142857142855,-0.25,-1.2003667426260591,0.375,0.625,0.5714285714285714,0.07414829659318638
2019-07-12,0.25,0.08644646439723216,0.625,0.375,0.2857142857142857,-0.25,-1.366071686011097,0.375,0.625,0.5714285714285714,0.050100200400801605
2019-07-15,0.125,0.010653662786008905,0.5,0.375,0.2857142857142857,-0.25,-1.3643015928038755,0.375,0.625,0.5714285714285714,0.06813627254509018
2019-07-16,-0.125,-0.04693115583209018,0.375,0.5,0.42857142857142855,-0.25,-1.3817419749108821,0.375,0.625,0.5714285714285714,0.07014028056112225
2019-07-17,0.125,0.26041678665209567,0.5,0.375,0.2857142857142857,-0.375,-1.438566882214828,0.375,0.75,0.7142857142857143,0.04809619238476954
2019-07-18,0.25,0.5746007957218894,0.5,0.25,0.14285714285714285,-0.125,-1.1865852891396351,0.375,0.5,0.42857142857142855,0.04809619238476954
2019-07-19,0.25,0.27268802423905325,0.5,0.25,0.14285714285714285,-0.25,-1.3977966118146392,0.375,0.625,0.5714285714285714,0.03206412825651302
2019-07-22,0.125,0.09545768832933932,0.5,0.375,0.2857142857142857,-0.375,-1.563193237517634,0.375,0.75,0.7142857142857143,0.02004008016032064
2019-07-23,-0.125,-0.2438151695518605,0.375,0.5,0.42857142857142855,-0.375,-1.5593868281339314,0.375,0.75,0.7142857142857143,0.02404809619238477
2019-07-24,-0.125,-0.21846736490277416,0.375,0.5,0.42857142857142855,-0.375,-1.5249409972756396,0.375,0.75,0.7142857142857143,0.004008016032064128
2019-07-25,-0.125,-0.10071102002588886,0.375,0.5,0.42857142857142855,-0.375,-1.4589821755606636,0.375,0.75,0.7142857142857143,0.014028056112224449
2019-07-26,-0.25,-0.2632649644360715,0.375,0.625,0.5714285714285714,-0.375,-1.409551888297204,0.375,0.75,0.7142857142857143,0.03206412825651302
2019-07-29,-0.125,-0.15747027982950296,0.375,0.5,0.42857142857142855,-0.375,-1.2163105148855786,0.375,0.75,0.7142857142857143,0.06613226452905811
2019-07-30,-0.125,-0.11850501055320016,0.375,0.5,0.42857142857142855,-0.375,-1.1815245057260033,0.375,0.75,0.7142857142857143,0.06813627254509018
2019-07-31,-0.25,-0.39871248576877916,0.375,0.625,0.5714285714285714,-0.5,-1.479919362407375,0.375,0.875,0.8571428571428571,0.08016032064128256
2019-08-01,-0.25,-0.40846049592214284,0.375,0.625,0.5714285714285714,-0.375,-1.1307105689339767,0.375,0.75,0.7142857142857143,0.18036072144288579
2019-08-02,-0.25,-0.35678835006709353,0.375,0.625,0.5714285714285714,-0.375,-0.798593915755917,0.375,0.75,0.7142857142857143,0.20440881763527055
2019-08-05,-0.125,-0.03499445433514592,0.5,0.625,0.5714285714285714,-0.375,-0.47825160819429235,0.375,0.75,0.7142857142857143,0.3226452905811623
2019-08-06,-0.125,-0.018205860627526535,0.5,0.625,0.5714285714285714,-0.25,-0.39461843234774435,0.5,0.75,0.7142857142857143,0.36072144288577157
2019-08-07,-0.125,-0.007657613465193586,0.5,0.625,0.5714285714285714,-0.25,-0.39608172416131365,0.5,0.75,0.7142857142857143,0.4288577154308617
2019-08-08,0.125,0.06584616702061952,0.625,0.5,0.42857142857142855,-0.25,-0.4731577081338113,0.5,0.75,0.7142857142857143,0.4909819639278557
2019-08-09,0.125,0.13125048057285166,0.625,0.5,0.42857142857142855,-0.25,-0.5639877403719703,0.5,0.75,0.7142857142857143,0.5811623246492986
2019-08-12,0.125,0.14227590253770056,0.625,0.5,0.42857142857142855,-0.25,-0.6212507882718745,0.5,0.75,0.7142857142857143,0.6292585170340681
2019-08-13,0.125,0.03546024582570825,0.625,0.5,0.42857142857142855,-0.25,-0.98526081385922,0.5,0.75,0.7142857142857143,0.7835671342685371
2019-08-14,-0.125,-0.03589420581302252,0.5,0.625,0.5714285714285714,-0.375,-1.0043300562317832,0.375,0.75,0.7142857142857143,0.8777555110220441
2019-08-15,-0.125,-0.28943815048186794,0.5,0.625,0.5714285714285714,-0.375,-1.0894356823776685,0.375,0.75,0.7142857142857143,0.87374749498998
2019-08-16,-0.125,-0.44558959107363655,0.5,0.625,0.5714285714285714,-0.375,-1.2756331058342025,0.375,0.75,0.7142857142857143,0.8857715430861723
2019-08-19,-0.125,-0.45891640241955967,0.5,0.625,0.5714285714285714,-0.5,-1.4071596759066145,0.375,0.875,0.8571428571428571,0.8817635270541082
2019-08-20,-0.125,-0.2524238787133948,0.5,0.625,0.5714285714285714,-0.5,-1.3966193072645314,0.375,0.875,0.8571428571428571,0.8617234468937875
2019-08-21,-0.125,-0.19335760127850643,0.5,0.625,0.5714285714285714,-0.5,-1.4177924538994848,0.375,0.875,0.8571428571428571,0.8637274549098196
2019-08-22,-0.125,-0.2131882059340411,0.5,0.625,0.5714285714285714,-0.5,-1.4746395271892956,0.375,0.875,0.8571428571428571,0.8957915831663327
2019-08-23,-0.125,-0.124152499480342,0.5,0.625,0.5714285714285714,-0.5,-1.1816395634591057,0.375,0.875,0.8571428571428571,0.9238476953907816
2019-08-26,-0.125,-0.6189578793974495,0.5,0.625,0.5714285714285714,-0.5,-1.3943159941666916,0.375,0.875,0.8571428571428571,0.8997995991983968
2019-08-27,-0.125,-0.653636650302732,0.5,0.625,0.5714285714285714,-0.5,-1.2937851415018748,0.375,0.875,0.8571428571428571,0.9118236472945892
2019-08-28,-0.125,-0.5532985577698116,0.5,0.625,0.5714285714285714,-0.5,-1.3735595678363561,0.375,0.875,0.8571428571428571,0.8957915831663327
2019-08-29,-0.125,-0.84361948351598,0.5,0.625,0.5714285714285714,-0.5,-1.5105806210197716,0.375,0.875,0.8571428571428571,0.8336673346693386
2019-08-30,-0.375,-1.246471839367228,0.5,0.875,0.8571428571428571,-0.5,-1.549236285581789,0.375,0.875,0.8571428571428571,0.7955911823647295
2019-09-02,-0.375,-1.2874855908888134,0.5,0.875,0.8571428571428571,-0.5,-1.5349362029099909,0.375,0.875,0.8571428571428571,0.687374749498998
2019-09-03,-0.375,-1.3117922249683764,0.375,0.75,0.7142857142857143,-0.625,-1.514142947803759,0.25,0.875,0.8571428571428571,0.6232464929859719
2019-09-04,-0.25,-1.115213274673197,0.375,0.625,0.5714285714285714,-0.5,-1.577081554224748,0.375,0.875,0.8571428571428571,0.6513026052104208
2019-09-05,-0.25,-1.3210460066400076,0.375,0.625,0.5714285714285714,-0.625,-1.728990296666403,0.25,0.875,0.8571428571428571,0.7194388777555111
2019-09-06,-0.375,-1.1708338942646115,0.25,0.625,0.5714285714285714,-0.625,-1.652755723121338,0.25,0.875,0.8571428571428571,0.7214428857715431
2019-09-09,-0.375,-1.3068383857965644,0.125,0.5,0.42857142857142855,-0.625,-1.7495606934298378,0.25,0.875,0.8571428571428571,0.6893787575150301
2019-09-10,-0.25,-1.113868344733683,0.375,0.625,0.5714285714285714,-0.625,-1.6861557217449121,0.25,0.875,0.8571428571428571,0.42685370741482964
2019-09-11,-0.375,-1.7320769037831674,0.25,0.625,0.5714285714285714,-0.625,-1.7829683762570974,0.25,0.875,0.8571428571428571,0.32665330661322645
2019-09-12,-0.625,-1.9177710579468603,0.375,1.0,1.0,-0.625,-1.785834207453859,0.25,0.875,0.8571428571428571,0.32064128256513025
2019-09-13,-0.75,-2.489744581724266,0.25,1.0,1.0,-0.75,-1.8729463218169573,0.125,0.875,0.8571428571428571,0.37675350701402804
2019-09-16,-0.75,-2.496884648498485,0.25,1.0,1.0,-0.75,-1.9745647669981743,0.125,0.875,0.8571428571428571,0.4348697394789579
2019-09-17,-0.75,-2.1232423937098326,0.25,1.0,1.0,-0.75,-1.8578036529948543,0.125,0.875,0.8571428571428571,0.49298597194388777
2019-09-18,-0.75,-1.9066130017874456,0.25,1.0,1.0,-0.75,-1.8793361028703495,0.125,0.875,0.8571428571428571,0.48296593186372744
2019-09-19,-0.625,-1.5706189281660956,0.375,1.0,1.0,-0.625,-1.5781364382142105,0.25,0.875,0.8571428571428571,0.43687374749499
2019-09-20,-0.5,-1.4175267015906758,0.375,0.875,0.8571428571428571,-0.5,-1.3977375377481132,0.375,0.875,0.8571428571428571,0.4228456913827655
2019-09-23,-0.5,-1.3356111230321257,0.375,0.875,0.8571428571428571,-0.625,-1.373289053144769,0.25,0.875,0.8571428571428571,0.3967935871743487
2019-09-24,-0.375,-1.2728316483036868,0.375,0.75,0.7142857142857143,-0.625,-1.3230781674786054,0.25,0.875,0.8571428571428571,0.3527054108216433
2019-09-25,-0.5,-1.3987117540984315,0.375,0.875,0.8571428571428571,-0.625,-1.3403531882560313,0.25,0.875,0.8571428571428571,0.3807615230460922
2019-09-26,-0.625,-1.6695573159812584,0.375,1.0,1.0,-0.625,-1.5476685720020218,0.25,0.875,0.8571428571428571,0.374749498997996
2019-09-27,-0.375,-1.4179694309563238,0.375,0.75,0.7142857142857143,-0.5,-1.5098411655723334,0.25,0.75,0.7142857142857143,0.35470941883767537
2019-09-30,-0.5,-1.4894727641193133,0.375,0.875,0.8571428571428571,-0.625,-1.6028930604030505,0.25,0.875,0.8571428571428571,0.3527054108216433
2019-10-01,-0.5,-1.2166602778505806,0.375,0.875,0.8571428571428571,-0.5,-1.4120545439092373,0.375,0.875,0.8571428571428571,0.3847695390781563
2019-10-02,-0.5,-1.283024313913595,0.375,0.875,0.8571428571428571,-0.5,-1.466151879053522,0.375,0.875,0.8571428571428571,0.37074148296593185
2019-10-03,-0.5,-1.270027122696114,0.375,0.875,0.8571428571428571,-0.625,-1.5472135546008094,0.25,0.875,0.8571428571428571,0.3286573146292585
2019-10-04,-0.5,-1.3144642267128452,0.375,0.875,0.8571428571428571,-0.625,-1.4984539104637853,0.25,0.875,0.8571428571428571,0.28857715430861725
2019-10-07,-0.5,-1.1841552405569378,0.375,0.875,0.8571428571428571,-0.5,-1.5646182061975862,0.375,0.875,0.8571428571428571,0.2785571142284569
2019-10-08,-0.5,-1.0467802314983272,0.375,0.875,0.8571428571428571,-0.5,-1.444648374774344,0.375,0.875,0.8571428571428571,0.30060120240480964
2019-10-09,-0.5,-1.039822795873686,0.375,0.875,0.8571428571428571,-0.375,-1.3107274522411068,0.375,0.75,0.7142857142857143,0.3066132264529058
2019-10-10,-0.625,-1.0890637325405612,0.375,1.0,1.0,-0.5,-1.4165336875221608,0.375,0.875,0.8571428571428571,0.4168336673346693
2019-10-11,-0.5,-0.7111801901384875,0.375,0.875,0.8571428571428571,-0.5,-1.5303685867603602,0.25,0.75,0.7142857142857143,0.44488977955911824
2019-10-14,-0.5,-0.6878839715255103,0.375,0.875,0.8571428571428571,-0.5,-1.4771733437572174,0.375,0.875,0.8571428571428571,0.40080160320641284
2019-10-15,-0.375,-0.45922527373326955,0.5,0.875,0.8571428571428571,-0.625,-1.5991214374852278,0.25,0.875,0.8571428571428571,0.44889779559118237
2019-10-16,-0.375,-0.2546513616621755,0.5,0.875,0.8571428571428571,-0.375,-1.2610565526051234,0.375,0.75,0.7142857142857143,0.48296593186372744
2019-10-17,-0.125,-0.08082900845849818,0.375,0.5,0.42857142857142855,-0.25,-1.0220224931391195,0.375,0.625,0.5714285714285714,0.49298597194388777
2019-10-18,0.25,0.16107286239805402,0.625,0.375,0.2857142857142857,-0.375,-1.0857540468338898,0.25,0.625,0.5714285714285714,0.4228456913827655
2019-10-21,0.125,0.02232422219807817,0.5,0.375,0.2857142857142857,-0.25,-0.8147853944245069,0.375,0.625,0.5714285714285714,0.3907815631262525
2019-10-22,-0.125,-0.11590564453613939,0.375,0.5,0.42857142857142855,-0.25,-0.8437298578024128,0.375,0.625,0.5714285714285714,0.43286573146292584
2019-10-23,0.5,0.24986486191205312,0.75,0.25,0.14285714285714285,-0.25,-0.8236055420998283,0.375,0.625,0.5714285714285714,0.3847695390781563
2019-10-24,0.125,0.09505069768220577,0.625,0.5,0.42857142857142855,-0.25,-0.6621091277433374,0.375,0.625,0.5714285714285714,0.39879759519038077
2019-10-25,-0.125,-0.11425866046322194,0.5,0.625,0.5714285714285714,-0.25,-0.6863210748144903,0.375,0.625,0.5714285714285714,0.39879759519038077
2019-11-04,-0.125,-0.32212014111559767,0.5,0.625,0.5714285714285714,-0.125,-0.29993550356728,0.375,0.5,0.42857142857142855,0.4789579158316633
2019-11-05,-0.125,-0.44503599315251197,0.5,0.625,0.5714285714285714,-0.25,-0.6549449422165159,0.375,0.625,0.5714285714285714,0.4468937875751503
2019-11-06,-0.125,-0.4843191743667932,0.5,0.625,0.5714285714285714,-0.25,-0.6800391506313994,0.375,0.625,0.5714285714285714,0.35470941883767537
2019-11-07,-0.125,-0.5194044953647876,0.5,0.625,0.5714285714285714,-0.125,-0.7259028989543389,0.375,0.5,0.42857142857142855,0.3306613226452906
2019-11-08,-0.25,-0.5878125532390904,0.5,0.75,0.7142857142857143,-0.375,-0.9650816955325138,0.375,0.75,0.7142857142857143,0.3466933867735471
2019-11-11,-0.25,-0.5845756766003486,0.375,0.625,0.5714285714285714,-0.375,-1.1286464079168608,0.375,0.75,0.7142857142857143,0.3687374749498998
2019-11-12,-0.25,-0.5580477259497233,0.5,0.75,0.7142857142857143,-0.125,-0.9884396848493378,0.375,0.5,0.42857142857142855,0.342685370741483
2019-11-13,-0.25,-0.46156444776315697,0.375,0.625,0.5714285714285714,-0.25,-1.0138594713057412,0.375,0.625,0.5714285714285714,0.4408817635270541
2019-11-14,-0.125,-0.3111764098211681,0.5,0.625,0.5714285714285714,-0.25,-0.9771110523390857,0.375,0.625,0.5714285714285714,0.342685370741483
2019-11-15,-0.125,-0.15033642634816846,0.5,0.625,0.5714285714285714,-0.125,-0.7947163080947958,0.375,0.5,0.42857142857142855,0.2545090180360721
2019-11-18,-0.125,-0.02685517490534911,0.5,0.625,0.5714285714285714,-0.125,-0.6996690153779831,0.375,0.5,0.42857142857142855,0.24448897795591182
2019-11-19,-0.125,-0.08164664065696067,0.375,0.5,0.42857142857142855,-0.125,-0.5880218509641215,0.375,0.5,0.42857142857142855,0.20841683366733466
2019-11-20,-0.125,-0.04361413563290284,0.5,0.625,0.5714285714285714,-0.25,-0.6934097914403504,0.375,0.625,0.5714285714285714,0.19839679358717435
2019-11-21,-0.125,-0.0795616417430891,0.375,0.5,0.42857142857142855,-0.25,-0.7624428272010384,0.375,0.625,0.5714285714285714,0.15831663326653306
2019-11-22,-0.125,-0.5115736291129696,0.375,0.5,0.42857142857142855,-0.25,-0.7098382163077191,0.375,0.625,0.5714285714285714,0.17034068136272545
2019-11-25,-0.25,-0.35030422458526916,0.375,0.625,0.5714285714285714,-0.25,-0.7562075889938005,0.375,0.625,0.5714285714285714,0.17835671342685372
2019-11-26,-0.125,-0.30065979687348476,0.375,0.5,0.42857142857142855,-0.25,-0.7495065232829528,0.375,0.625,0.5714285714285714,0.16032064128256512
2019-11-27,-0.125,-0.2760247444115419,0.375,0.5,0.42857142857142855,-0.25,-0.843473250097924,0.375,0.625,0.5714285714285714,0.1843687374749499
2019-11-28,-0.125,-0.17971335761233695,0.375,0.5,0.42857142857142855,-0.25,-0.9594160842256252,0.375,0.625,0.5714285714285714,0.16032064128256512
2019-11-29,0.25,0.09351888295071994,0.625,0.375,0.2857142857142857,-0.25,-1.0632000065575085,0.375,0.625,0.5714285714285714,0.13226452905811623
2019-12-02,0.25,0.3699061814976665,0.625,0.375,0.2857142857142857,-0.25,-0.7518450719772198,0.375,0.625,0.5714285714285714,0.13026052104208416
2019-12-03,0.375,0.3746071741574205,0.625,0.25,0.14285714285714285,-0.125,-0.622961443172216,0.375,0.5,0.42857142857142855,0.10420841683366733
2019-12-04,0.25,0.15092206579564574,0.625,0.375,0.2857142857142857,-0.125,-0.793462803012533,0.375,0.5,0.42857142857142855,0.18036072144288579
2019-12-05,0.375,0.264288213242028,0.75,0.375,0.2857142857142857,-0.125,-0.6621662185135042,0.375,0.5,0.42857142857142855,0.18236472945891782
2019-12-06,0.125,0.12600933380873192,0.75,0.625,0.5714285714285714,-0.125,-0.685893074915974,0.375,0.5,0.42857142857142855,0.19839679358717435
2019-12-09,0.125,0.06729813552883973,0.625,0.5,0.42857142857142855,-0.125,-0.7943759614021699,0.375,0.5,0.42857142857142855,0.1903807615230461
2019-12-10,0.125,0.18716058306013836,0.625,0.5,0.42857142857142855,-0.125,-0.7647286984267794,0.375,0.5,0.42857142857142855,0.1963927855711423
2019-12-11,0.5,0.4916789912957123,0.75,0.25,0.14285714285714285,-0.125,-0.7773392789052042,0.375,0.5,0.42857142857142855,0.1523046092184369
2019-12-12,0.5,0.37296708866416617,0.75,0.25,0.14285714285714285,-0.25,-0.8274823981851726,0.25,0.5,0.42857142857142855,0.27054108216432865
2019-12-13,0.125,0.15232333615605154,0.5,0.375,0.2857142857142857,-0.25,-0.8225514998684292,0.25,0.5,0.42857142857142855,0.3026052104208417
2019-12-16,0.5,0.5217106726296686,0.75,0.25,0.14285714285714285,-0.25,-0.9954232825522419,0.25,0.5,0.42857142857142855,0.3246492985971944
2019-12-17,0.25,0.3875534674023551,0.625,0.375,0.2857142857142857,-0.125,-1.0016901799839992,0.375,0.5,0.42857142857142855,0.36472945891783565
2019-12-18,0.25,0.4062593304467427,0.5,0.25,0.14285714285714285,-0.125,-0.8967971762248862,0.375,0.5,0.42857142857142855,0.37074148296593185
2019-12-19,0.125,0.4067321326110067,0.375,0.25,0.14285714285714285,-0.375,-1.2721554280499459,0.125,0.5,0.42857142857142855,0.43286573146292584
2019-12-20,0.125,0.24223070245260186,0.375,0.25,0.14285714285714285,-0.375,-1.5146301301180642,0.125,0.5,0.42857142857142855,0.4308617234468938
2019-12-23,0.25,0.41879576851964095,0.5,0.25,0.14285714285714285,-0.375,-1.6641646533273875,0.125,0.5,0.42857142857142855,0.4308617234468938
2019-12-24,0.375,0.2926094451422014,0.625,0.25,0.14285714285714285,-0.375,-1.7653890513723822,0.125,0.5,0.42857142857142855,0.4288577154308617
2019-12-25,0.375,0.5947424911184045,0.625,0.25,0.14285714285714285,-0.125,-1.0178057125538897,0.25,0.375,0.2857142857142857,0.35671342685370744
2019-12-26,0.375,0.7194565401423739,0.625,0.25,0.14285714285714285,-0.5,-1.401851006143346,0.125,0.625,0.5714285714285714,0.40480961923847697
2019-12-27,0.375,0.8429334179010414,0.625,0.25,0.14285714285714285,-0.5,-1.1748700182055314,0.125,0.625,0.5714285714285714,0.46292585170340683
2019-12-30,0.25,1.0474198585707106,0.5,0.25,0.14285714285714285,-0.5,-1.462878892589341,0.125,0.625,0.5714285714285714,0.35070140280561124
2019-12-31,0.25,0.8590729097997785,0.5,0.25,0.14285714285714285,-0.25,-1.0568316452068667,0.125,0.375,0.2857142857142857,0.41082164328657317
2020-01-01,0.125,0.796168882857107,0.375,0.25,0.14285714285714285,-0.5,-1.4990483902329903,0.125,0.625,0.5714285714285714,0.312625250501002
2020-01-02,0.125,0.7284240407926906,0.375,0.25,0.14285714285714285,-0.5,-1.4378415186639246,0.125,0.625,0.5714285714285714,0.3466933867735471
2020-01-03,0.125,0.7250707048570464,0.375,0.25,0.14285714285714285,-0.25,-1.302495779974977,0.25,0.5,0.42857142857142855,0.342685370741483
2020-01-06,0.125,0.8116797328665846,0.375,0.25,0.14285714285714285,-0.375,-1.1276062319099045,0.25,0.625,0.5714285714285714,0.3967935871743487
2020-01-07,0.125,0.7028169465112102,0.375,0.25,0.14285714285714285,-0.125,-0.970025852497415,0.375,0.5,0.42857142857142855,0.4288577154308617
2020-01-08,0.125,0.4862474954863069,0.375,0.25,0.14285714285714285,-0.25,-1.187271500142998,0.25,0.5,0.42857142857142855,0.4028056112224449
2020-01-09,0.125,0.4351853355662702,0.375,0.25,0.14285714285714285,-0.375,-1.1453240480918498,0.25,0.625,0.5714285714285714,0.22444889779559118
2020-01-10,0.125,0.4290531116451821,0.375,0.25,0.14285714285714285,-0.25,-1.1044007852578908,0.25,0.5,0.42857142857142855,0.20440881763527055
2020-01-13,0.125,0.5445195622418169,0.375,0.25,0.14285714285714285,-0.375,-1.0667507094598314,0.25,0.625,0.5714285714285714,0.21042084168336672
2020-01-14,0.125,0.5191806825296756,0.375,0.25,0.14285714285714285,-0.25,-1.0287864585783644,0.375,0.625,0.5714285714285714,0.14228456913827656
2020-01-15,0.125,0.393581822135014,0.375,0.25,0.14285714285714285,-0.375,-0.9563984818857558,0.375,0.75,0.7142857142857143,0.11623246492985972
2020-01-16,0.125,0.051495067731141986,0.375,0.25,0.14285714285714285,-0.25,-0.7646015314029884,0.375,0.625,0.5714285714285714,0.07615230460921844
2020-01-17,-0.125,-0.43407904425201455,0.25,0.375,0.2857142857142857,-0.375,-1.2881286607755902,0.375,0.75,0.7142857142857143,0.06813627254509018
2020-01-20,-0.125,-0.3723363043275496,0.25,0.375,0.2857142857142857,-0.375,-1.3438391144644115,0.375,0.75,0.7142857142857143,0.03006012024048096
2020-01-21,-0.25,-0.2845765188605228,0.25,0.5,0.42857142857142855,-0.375,-1.3295845863891183,0.375,0.75,0.7142857142857143,0.05811623246492986
2020-01-22,-0.25,-0.24518537943066077,0.375,0.625,0.5714285714285714,-0.25,-1.2999394560245168,0.375,0.625,0.5714285714285714,0.1062124248496994
2020-01-23,-0.25,-0.3010744053218276,0.25,0.5,0.42857142857142855,-0.25,-1.2899502694386582,0.375,0.625,0.5714285714285714,0.1062124248496994
2020-01-24,-0.25,-0.29691263497785314,0.375,0.625,0.5714285714285714,-0.375,-1.41757629766864,0.375,0.75,0.7142857142857143,0.09018036072144289
2020-01-27,-0.375,-0.6767901169555715,0.25,0.625,0.5714285714285714,-0.25,-1.2128149223368458,0.375,0.625,0.5714285714285714,0.17034068136272545
2020-01-28,-0.375,-0.3591343145001899,0.25,0.625,0.5714285714285714,-0.25,-1.1078150515993537,0.375,0.625,0.5714285714285714,0.13226452905811623
2020-01-29,-0.375,-0.39692211868099014,0.25,0.625,0.5714285714285714,-0.125,-1.2486672647119947,0.375,0.5,0.42857142857142855,0.156312625250501
2020-01-30,-0.125,-0.09811565231569247,0.375,0.5,0.42857142857142855,-0.125,-1.0103938649390596,0.375,0.5,0.42857142857142855,0.17234468937875752
2020-01-31,0.125,0.34250773199177004,0.5,0.375,0.2857142857142857,-0.125,-0.686099352303855,0.375,0.5,0.42857142857142855,0.218436873747495
2020-02-03,0.125,0.1739327795929409,0.5,0.375,0.2857142857142857,-0.125,-0.6863451042354529,0.375,0.5,0.42857142857142855,0.2565130260521042
2020-02-04,0.125,0.22847042656826594,0.625,0.5,0.42857142857142855,-0.25,-0.9473880686514435,0.375,0.625,0.5714285714285714,0.3026052104208417
2020-02-05,-0.125,-0.08124981505085233,0.5,0.625,0.5714285714285714,-0.25,-0.817044493867714,0.375,0.625,0.5714285714285714,0.30060120240480964
2020-02-06,-0.25,-0.40975397804611496,0.375,0.625,0.5714285714285714,-0.125,-0.9693277763477856,0.375,0.5,0.42857142857142855,0.2905811623246493
2020-02-07,-0.625,-1.0902804900912662,0.25,0.875,0.8571428571428571,-0.375,-0.9541282698861657,0.375,0.75,0.7142857142857143,0.3186372745490982
2020-02-10,-0.625,-1.6328817680228798,0.25,0.875,0.8571428571428571,-0.375,-1.0931022312080887,0.375,0.75,0.7142857142857143,0.3066132264529058
2020-02-11,-0.5,-1.4932789904276373,0.25,0.75,0.7142857142857143,-0.375,-1.1507385469776943,0.375,0.75,0.7142857142857143,0.29458917835671344
2020-02-12,-0.375,-1.7873685780057103,0.125,0.5,0.42857142857142855,-0.375,-1.4287839403001492,0.375,0.75,0.7142857142857143,0.38276553106212424
2020-02-13,-0.375,-1.845840899063813,0.125,0.5,0.42857142857142855,-0.25,-1.5695567294187938,0.375,0.625,0.5714285714285714,0.44488977955911824
2020-02-14,-0.375,-1.484650325558202,0.125,0.5,0.42857142857142855,-0.375,-1.4882548021707458,0.375,0.75,0.7142857142857143,0.4248496993987976
2020-02-17,-0.375,-1.6395806669549489,0.125,0.5,0.42857142857142855,-0.375,-1.4549901183592613,0.375,0.75,0.7142857142857143,0.4529058116232465
2020-02-18,-0.5,-1.8640762190527753,0.125,0.625,0.5714285714285714,-0.375,-1.5551211358210062,0.375,0.75,0.7142857142857143,0.4649298597194389
2020-02-19,-0.625,-1.6926051837541694,0.125,0.75,0.7142857142857143,-0.5,-1.6284292387326063,0.375,0.875,0.8571428571428571,0.5290581162324649
2020-02-20,-0.375,-1.5844748346490363,0.375,0.75,0.7142857142857143,-0.5,-1.6708552739634306,0.375,0.875,0.8571428571428571,0.5671342685370742
2020-02-21,-0.25,-1.1249056586668076,0.375,0.625,0.5714285714285714,-0.25,-1.436008029269904,0.375,0.625,0.5714285714285714,0.5811623246492986
2020-02-24,-0.375,-1.4150563252844752,0.375,0.75,0.7142857142857143,-0.25,-1.2703263019131557,0.375,0.625,0.5714285714285714,0.5531062124248497
2020-02-25,-0.25,-1.1518835893211279,0.375,0.625,0.5714285714285714,-0.25,-1.057035015014646,0.375,0.625,0.5714285714285714,0.5891783567134269
2020-02-26,-0.5,-1.0445574014036705,0.375,0.875,0.8571428571428571,-0.25,-1.0717717283778274,0.375,0.625,0.5714285714285714,0.6533066132264529
2020-02-27,-0.25,-0.5147559127783516,0.625,0.875,0.8571428571428571,-0.25,-0.4707353303645294,0.375,0.625,0.5714285714285714,0.7194388777555111
2020-02-28,-0.125,-0.0806960195620996,0.625,0.75,0.7142857142857143,-0.375,-0.4061690591377734,0.375,0.75,0.7142857142857143,0.8296593186372746
2020-03-02,0.25,0.2832355603654155,0.875,0.625,0.5714285714285714,-0.125,-0.22897730996291932,0.5,0.625,0.5714285714285714,0.8316633266533067
2020-03-03,0.125,0.30998859545629076,0.75,0.625,0.5714285714285714,-0.25,-0.2277719165233938,0.5,0.75,0.7142857142857143,0.8136272545090181
2020-03-04,0.125,0.0027380825025862254,0.75,0.625,0.5714285714285714,-0.25,-0.42012624272023924,0.5,0.75,0.7142857142857143,0.8617234468937875
2020-03-05,0.125,0.13593842788346333,0.75,0.625,0.5714285714285714,-0.25,-0.13572237378141888,0.5,0.75,0.7142857142857143,0.9218436873747495
2020-03-06,0.125,0.5697111123843694,0.75,0.625,0.5714285714285714,-0.125,-0.04344640603187973,0.625,0.75,0.7142857142857143,0.9178356713426854
2020-03-09,0.125,0.6466748395364842,0.75,0.625,0.5714285714285714,0.125,0.16429770074365105,0.75,0.625,0.5714285714285714,0.9859719438877755
2020-03-10,0.125,0.38855762332976446,0.75,0.625,0.5714285714285714,-0.125,-0.07663133811396558,0.625,0.75,0.7142857142857143,1.0
2020-03-11,0.125,0.33301586049084764,0.75,0.625,0.5714285714285714,-0.125,-0.2620561624234749,0.625,0.75,0.7142857142857143,0.9979959919839679
2020-03-12,0.125,0.10798645619825109,0.75,0.625,0.5714285714285714,-0.125,-0.27854806438800356,0.625,0.75,0.7142857142857143,1.0
2020-03-13,0.125,0.07374154903152486,0.75,0.625,0.5714285714285714,-0.125,-0.2777267670955028,0.625,0.75,0.7142857142857143,1.0
2020-03-16,0.125,0.12663371375807675,0.75,0.625,0.5714285714285714,-0.125,-0.1902779395726923,0.625,0.75,0.7142857142857143,1.0
2020-03-17,-0.125,-0.10396073142480344,0.625,0.75,0.7142857142857143,-0.125,-0.31009763929077616,0.625,0.75,0.7142857142857143,1.0
2020-03-18,-0.125,-0.19990397275235816,0.625,0.75,0.7142857142857143,-0.125,-0.3414485227599551,0.625,0.75,0.7142857142857143,1.0
2020-03-19,-0.375,-0.5417795934003978,0.625,1.0,1.0,-0.25,-0.6173639892839926,0.625,0.875,0.8571428571428571,1.0
2020-03-20,-0.375,-0.6638318007991517,0.625,1.0,1.0,-0.125,-0.6260703262335698,0.625,0.75,0.7142857142857143,1.0
2020-03-23,-0.375,-0.6250903662343411,0.625,1.0,1.0,-0.125,-0.537978860354488,0.625,0.75,0.7142857142857143,1.0
2020-03-24,-0.375,-0.6131703157996318,0.625,1.0,1.0,-0.125,-0.5328583301821087,0.625,0.75,0.7142857142857143,1.0
2020-03-25,-0.375,-0.4831979415334613,0.625,1.0,1.0,-0.125,-0.44151718166642134,0.625,0.75,0.7142857142857143,1.0
2020-03-26,-0.25,-0.2260743623986724,0.625,0.875,0.8571428571428571,-0.125,-0.25004504262314253,0.625,0.75,0.7142857142857143,1.0
2020-03-27,-0.125,-0.05228182859204733,0.625,0.75,0.7142857142857143,-0.125,-0.12420101775024883,0.625,0.75,0.7142857142857143,0.9979959919839679
2020-03-30,-0.125,-0.26913321778630317,0.625,0.75,0.7142857142857143,-0.125,-0.30513341430578694,0.625,0.75,0.7142857142857143,0.9959919839679359
2020-03-31,-0.125,-0.22473207958428543,0.625,0.75,0.7142857142857143,-0.125,-0.3298645583389042,0.625,0.75,0.7142857142857143,0.9939879759519038
2020-04-01,-0.125,-0.2784218578605967,0.625,0.75,0.7142857142857143,-0.125,-0.4233549019896339,0.625,0.75,0.7142857142857143,1.0
2020-04-02,-0.25,-0.45727826964656615,0.625,0.875,0.8571428571428571,-0.125,-0.5501948079835624,0.625,0.75,0.7142857142857143,0.9959919839679359
2020-04-03,-0.25,-0.5224545791135,0.625,0.875,0.8571428571428571,-0.125,-0.6179753612426014,0.625,0.75,0.7142857142857143,0.9979959919839679
2020-04-06,-0.25,-0.6529327309213151,0.625,0.875,0.8571428571428571,-0.125,-0.7053223861571952,0.625,0.75,0.7142857142857143,0.9839679358717435
2020-04-07,-0.25,-0.4747681956302807,0.625,0.875,0.8571428571428571,-0.125,-0.5545808603503907,0.625,0.75,0.7142857142857143,0.9819639278557114
2020-04-08,-0.25,-0.647650286819846,0.625,0.875,0.8571428571428571,-0.125,-0.6639271528212842,0.625,0.75,0.7142857142857143,0.9819639278557114
2020-04-09,-0.25,-0.4736459959078392,0.625,0.875,0.8571428571428571,-0.125,-0.48895072337818324,0.625,0.75,0.7142857142857143,0.9759519038076152
2020-04-10,-0.125,-0.380027191715108,0.625,0.75,0.7142857142857143,-0.125,-0.5206135185863006,0.625,0.75,0.7142857142857143,0.969939879759519
2020-04-13,-0.125,-0.46981464593293737,0.625,0.75,0.7142857142857143,-0.125,-0.5962932145770764,0.625,0.75,0.7142857142857143,0.9659318637274549
2020-04-14,-0.125,-0.2615733153342483,0.625,0.75,0.7142857142857143,-0.125,-0.4212629587541483,0.625,0.75,0.7142857142857143,0.9619238476953907
2020-04-15,-0.125,-0.42030146035732324,0.625,0.75,0.7142857142857143,-0.125,-0.4242689752916713,0.625,0.75,0.7142857142857143,0.9599198396793587
2020-04-16,-0.125,-0.4621982878221669,0.625,0.75,0.7142857142857143,-0.125,-0.4898572132345241,0.625,0.75,0.7142857142857143,0.9539078156312625
2020-04-17,-0.125,-0.3909127158557588,0.625,0.75,0.7142857142857143,-0.125,-0.49150419961534153,0.625,0.75,0.7142857142857143,0.9498997995991983
2020-04-20,-0.125,-0.4028137230840504,0.625,0.75,0.7142857142857143,-0.125,-0.5271752291457859,0.625,0.75,0.7142857142857143,0.9478957915831663
2020-04-21,-0.125,-0.37412386256439534,0.625,0.75,0.7142857142857143,-0.125,-0.5615587154994541,0.625,0.75,0.7142857142857143,0.9458917835671342
2020-04-22,-0.125,-0.4600797154149592,0.625,0.75,0.7142857142857143,-0.125,-0.6314678756302448,0.625,0.75,0.7142857142857143,0.9418837675350702
2020-04-23,-0.25,-0.7487836134115526,0.625,0.875,0.8571428571428571,-0.125,-0.7245249959216149,0.625,0.75,0.7142857142857143,0.9378757515030061
2020-04-24,-0.25,-0.8589752994177109,0.625,0.875,0.8571428571428571,-0.125,-0.6964481129003919,0.625,0.75,0.7142857142857143,0.9078156312625251
2020-04-27,-0.25,-0.801052500426239,0.625,0.875,0.8571428571428571,-0.125,-0.7301323893745635,0.625,0.75,0.7142857142857143,0.9038076152304609
2020-04-28,-0.25,-0.6943674411389411,0.625,0.875,0.8571428571428571,-0.125,-0.7552555783957732,0.625,0.75,0.7142857142857143,0.8917835671342685
2020-04-29,-0.25,-0.4345142912773501,0.625,0.875,0.8571428571428571,-0.125,-0.7343616219556186,0.625,0.75,0.7142857142857143,0.8897795591182365
2020-04-30,-0.125,-0.09731235292030416,0.625,0.75,0.7142857142857143,-0.125,-0.5945519837500205,0.625,0.75,0.7142857142857143,0.8957915831663327
2020-05-01,0.125,0.09674547595937522,0.75,0.625,0.5714285714285714,-0.125,-0.4861031741361444,0.625,0.75,0.7142857142857143,0.9158316633266533
2020-05-04,-0.125,-0.02548856820287948,0.625,0.75,0.7142857142857143,-0.125,-0.7006152726110457,0.625,0.75,0.7142857142857143,0.8857715430861723
2020-05-05,-0.125,-0.23552295166812098,0.625,0.75,0.7142857142857143,-0.125,-0.7906824305142232,0.625,0.75,0.7142857142857143,0.8797595190380761
2020-05-06,-0.125,-0.1943017005773574,0.625,0.75,0.7142857142857143,-0.125,-0.8500644161045848,0.625,0.75,0.7142857142857143,0.8777555110220441
2020-05-07,-0.125,-0.014567656716488742,0.625,0.75,0.7142857142857143,-0.125,-0.8213705294999818,0.625,0.75,0.7142857142857143,0.8857715430861723
2020-05-08,-0.125,-0.00014362348288077253,0.625,0.75,0.7142857142857143,-0.25,-0.8665489859506745,0.5,0.75,0.7142857142857143,0.8957915831663327
2020-05-11,-0.125,-0.09273003801615098,0.625,0.75,0.7142857142857143,-0.25,-0.9035708609101867,0.5,0.75,0.7142857142857143,0.8957915831663327
2020-05-12,0.125,0.15051087035889965,0.75,0.625,0.5714285714285714,-0.125,-0.7457460599150098,0.625,0.75,0.7142857142857143,0.8977955911823647
2020-05-13,0.125,0.029561795155104265,0.75,0.625,0.5714285714285714,-0.125,-0.7569043040243774,0.625,0.75,0.7142857142857143,0.8797595190380761
2020-05-14,0.125,0.05167545690523373,0.75,0.625,0.5714285714285714,-0.125,-0.9140513581963251,0.625,0.75,0.7142857142857143,0.8637274549098196
2020-05-15,-0.125,-0.07799623639907971,0.625,0.75,0.7142857142857143,-0.125,-0.8345791080069317,0.625,0.75,0.7142857142857143,0.8797595190380761
2020-05-18,0.125,0.19157157628323174,0.75,0.625,0.5714285714285714,-0.125,-0.695621827569602,0.625,0.75,0.7142857142857143,0.9198396793587175
2020-05-19,0.125,0.1272981525274025,0.75,0.625,0.5714285714285714,-0.125,-0.6360720610829553,0.625,0.75,0.7142857142857143,0.8997995991983968
2020-05-20,0.25,0.33276824039986375,0.75,0.5,0.42857142857142855,-0.125,-0.44005941641514007,0.625,0.75,0.7142857142857143,0.9158316633266533
2020-05-21,-0.375,-0.22046225095293653,0.5,0.875,0.8571428571428571,-0.125,-0.514364983307751,0.625,0.75,0.7142857142857143,0.875751503006012
2020-05-22,-0.25,-0.6236184294438116,0.5,0.75,0.7142857142857143,-0.125,-0.761022478877606,0.625,0.75,0.7142857142857143,0.8797595190380761
2020-05-25,-0.25,-1.1668361341229254,0.5,0.75,0.7142857142857143,-0.125,-0.975851910114056,0.625,0.75,0.7142857142857143,0.8557114228456913
2020-05-26,-0.5,-1.215050641177612,0.375,0.875,0.8571428571428571,-0.125,-0.8857542802107777,0.625,0.75,0.7142857142857143,0.8997995991983968
2020-05-27,-0.5,-0.7492942699001187,0.5,1.0,1.0,-0.125,-0.6822533157345376,0.625,0.75,0.7142857142857143,0.8697394789579158
2020-05-28,-0.25,-0.9292635301598727,0.625,0.875,0.8571428571428571,-0.125,-0.6078505493358165,0.625,0.75,0.7142857142857143,0.843687374749499
2020-05-29,-0.125,-1.1147274692584082,0.75,0.875,0.8571428571428571,-0.125,-0.7128815651809711,0.625,0.75,0.7142857142857143,0.8016032064128257
2020-06-01,-0.25,-1.034475348587319,0.5,0.75,0.7142857142857143,-0.25,-0.7449677836126223,0.5,0.75,0.7142857142857143,0.843687374749499
2020-06-02,-0.125,-0.43573287677782807,0.5,0.625,0.5714285714285714,-0.5,-0.8061572828776391,0.375,0.875,0.8571428571428571,0.8677354709418837
2020-06-03,-0.125,-0.06509049838756593,0.5,0.625,0.5714285714285714,-0.375,-0.31663632593868674,0.5,0.875,0.8571428571428571,0.8617234468937875
2020-06-04,0.25,0.347503120606599,0.625,0.375,0.2857142857142857,0.25,0.31316096485135325,0.875,0.625,0.5714285714285714,0.8416833667334669
2020-06-05,0.125,0.37736662818019895,0.5,0.375,0.2857142857142857,0.375,0.557778353775424,0.75,0.375,0.2857142857142857,0.8496993987975952
2020-06-08,0.125,0.2224894534622719,0.5,0.375,0.2857142857142857,0.375,0.4613183386824936,0.5,0.125,0.0,0.8557114228456913
2020-06-09,0.25,0.5837800974836511,0.5,0.25,0.14285714285714285,0.375,0.7755984587042807,0.75,0.375,0.2857142857142857,0.8817635270541082
2020-06-10,0.375,0.6471433304221892,0.5,0.125,0.0,0.375,0.762223745173668,0.75,0.375,0.2857142857142857,0.8476953907815631
2020-06-11,0.375,1.0200067785002631,0.5,0.125,0.0,0.125,0.0023869122945911203,0.75,0.625,0.5714285714285714,0.9318637274549099
2020-06-12,0.375,1.020934747269794,0.5,0.125,0.0,-0.375,-0.6747968886669099,0.5,0.875,0.8571428571428571,0.9218436873747495
2020-06-15,0.375,1.0231110516867512,0.5,0.125,0.0,-0.25,-0.4301087722803802,0.625,0.875,0.8571428571428571,0.875751503006012
2020-06-16,0.375,0.9875926101541859,0.5,0.125,0.0,-0.25,-0.5918322378010531,0.625,0.875,0.8571428571428571,0.8677354709418837
2020-06-17,0.25,0.7061962878424298,0.375,0.125,0.0,-0.25,-0.5859532778691016,0.5,0.75,0.7142857142857143,0.8356713426853707
2020-06-18,0.25,0.38191704449385944,0.375,0.125,0.0,-0.125,-0.6742676251850583,0.625,0.75,0.7142857142857143,0.8537074148296593
2020-06-19,0.25,0.13365743867152036,0.5,0.25,0.14285714285714285,-0.125,-0.715588179827752,0.625,0.75,0.7142857142857143,0.8496993987975952
2020-06-22,0.5,0.5068569286676625,0.625,0.125,0.0,-0.125,-0.10112279616441422,0.625,0.75,0.7142857142857143,0.905811623246493
2020-06-23,0.5,0.6300000683848628,0.625,0.125,0.0,0.125,0.07911137425842524,0.75,0.625,0.5714285714285714,0.8416833667334669
2020-06-24,0.5,0.6642667301768352,0.625,0.125,0.0,-0.125,-0.08853425024353506,0.625,0.75,0.7142857142857143,0.8496993987975952
2020-06-25,0.5,0.7750539665566896,0.625,0.125,0.0,-0.125,-0.2500233331272258,0.625,0.75,0.7142857142857143,0.8396793587174348
2020-06-26,0.625,0.865470579281216,0.75,0.125,0.0,0.125,2.756008929261089e-05,0.75,0.625,0.5714285714285714,0.8396793587174348
2020-06-29,0.625,1.055144276095018,0.75,0.125,0.0,0.125,0.09191908962181397,0.75,0.625,0.5714285714285714,0.7775551102204409
2020-06-30,0.5,0.8293814671494637,0.625,0.125,0.0,0.125,0.09577221593613187,0.75,0.625,0.5714285714285714,0.7414829659318637
2020-07-01,0.625,1.0584536686260337,0.75,0.125,0.0,-0.125,-0.01169358492617964,0.625,0.75,0.7142857142857143,0.7294589178356713
2020-07-02,0.5,0.9045992677609282,0.625,0.125,0.0,-0.125,-0.06227419903197566,0.625,0.75,0.7142857142857143,0.6933867735470942
2020-07-03,0.5,0.9184597674484961,0.625,0.125,0.0,-0.125,-0.10674078433689271,0.625,0.75,0.7142857142857143,0.5791583166332666
2020-07-06,0.5,1.150639630531093,0.75,0.25,0.14285714285714285,0.125,0.20143603331468252,0.75,0.625,0.5714285714285714,0.5250501002004008
2020-07-07,0.375,0.8882763289992149,0.75,0.375,0.2857142857142857,0.125,0.23421621617596688,0.625,0.5,0.42857142857142855,0.4348697394789579
2020-07-08,0.5,1.0496047614032527,0.625,0.125,0.0,0.25,0.37574037596942245,0.75,0.5,0.42857142857142855,0.4228456913827655
2020-07-09,0.625,1.1493108150786586,0.75,0.125,0.0,0.25,0.026118974717148358,0.75,0.5,0.42857142857142855,0.25250501002004005
2020-07-10,0.625,1.2273055739833048,0.75,0.125,0.0,0.125,0.30297851749670907,0.625,0.5,0.42857142857142855,0.20841683366733466
2020-07-13,0.625,1.336640386242743,0.75,0.125,0.0,0.375,0.5223940721730775,0.875,0.5,0.42857142857142855,0.20641282565130262
2020-07-14,0.625,1.375166225708815,0.75,0.125,0.0,0.375,0.9177353410170229,0.875,0.5,0.42857142857142855,0.1963927855711423
2020-07-15,0.625,1.447556846939329,0.75,0.125,0.0,0.5,1.1598344218735135,0.875,0.375,0.2857142857142857,0.23446893787575152
2020-07-16,0.625,1.7105945546577601,0.75,0.125,0.0,0.5,0.9316993352557037,0.875,0.375,0.2857142857142857,0.20641282565130262
2020-07-17,0.625,1.7214085372093597,0.75,0.125,0.0,0.5,1.13179842948418,0.875,0.375,0.2857142857142857,0.23046092184368738
2020-07-20,0.625,1.774412428851786,0.75,0.125,0.0,0.375,1.0909121046101022,0.75,0.375,0.2857142857142857,0.19839679358717435
2020-07-21,0.625,1.847185944446609,0.75,0.125,0.0,0.375,1.3095850856049205,0.625,0.25,0.14285714285714285,0.24649298597194388
2020-07-22,0.5,1.9298263804937958,0.75,0.25,0.14285714285714285,0.5,1.6972528126000377,0.75,0.25,0.14285714285714285,0.22244488977955912
2020-07-23,0.625,1.8062938470147505,0.75,0.125,0.0,0.5,1.6469188717365562,0.75,0.25,0.14285714285714285,0.24448897795591182
2020-07-24,0.625,1.7133812063704996,0.75,0.125,0.0,0.5,1.7685383932807808,0.75,0.25,0.14285714285714285,0.250501002004008
2020-07-27,0.625,2.1027318491001785,0.75,0.125,0.0,0.375,1.7323527915731003,0.625,0.25,0.14285714285714285,0.2625250501002004
2020-07-28,0.625,2.2067580237451376,0.75,0.125,0.0,0.375,1.7097152309424228,0.625,0.25,0.14285714285714285,0.24048096192384769
2020-07-29,0.625,2.271325497640054,0.75,0.125,0.0,0.375,1.853860298327295,0.625,0.25,0.14285714285714285,0.23446893787575152
2020-07-30,0.625,2.531797490241673,0.75,0.125,0.0,0.5,1.7921274124823516,0.75,0.25,0.14285714285714285,0.2845691382765531
2020-07-31,0.75,2.639807134847679,0.875,0.125,0.0,0.25,1.5168560830648432,0.625,0.375,0.2857142857142857,0.3466933867735471
2020-08-03,0.75,2.6942904910863312,0.875,0.125,0.0,0.25,1.5083502249079865,0.625,0.375,0.2857142857142857,0.3186372745490982
2020-08-04,0.625,2.572348794210507,0.75,0.125,0.0,0.5,1.775292102902351,0.75,0.25,0.14285714285714285,0.3066132264529058
2020-08-05,0.625,2.482424571348629,0.75,0.125,0.0,0.5,1.9547919777144558,0.625,0.125,0.0,0.3066132264529058
2020-08-06,0.625,2.4710152790073105,0.75,0.125,0.0,0.625,2.041618245893346,0.75,0.125,0.0,0.33266533066132264
2020-08-07,0.625,2.2773187058328155,0.75,0.125,0.0,0.5,1.9532666385666444,0.75,0.25,0.14285714285714285,0.41082164328657317
2020-08-10,0.625,2.2986897719577093,0.75,0.125,0.0,0.5,1.9286100836151499,0.75,0.25,0.14285714285714285,0.3787575150300601
2020-08-11,0.625,2.4251385498091964,0.75,0.125,0.0,0.5,1.943658083442181,0.75,0.25,0.14285714285714285,0.3867735470941884
2020-08-12,0.75,2.492319886423905,0.875,0.125,0.0,0.5,1.973910928434491,0.75,0.25,0.14285714285714285,0.35070140280561124
2020-08-13,0.75,2.5573957841616113,0.875,0.125,0.0,0.5,2.0659894156939336,0.75,0.25,0.14285714285714285,0.3687374749498998
2020-08-14,0.75,2.602101662474427,0.875,0.125,0.0,0.375,1.9291037753394433,0.625,0.25,0.14285714285714285,0.342685370741483
2020-08-17,0.75,2.7057799168882966,0.875,0.125,0.0,0.625,2.099442868853166,0.75,0.125,0.0,0.3066132264529058
2020-08-18,0.75,2.9149033976637844,0.875,0.125,0.0,0.625,2.199485108678921,0.75,0.125,0.0,0.2925851703406814
2020-08-19,0.75,2.728135800645792,0.875,0.125,0.0,0.5,2.171871937219148,0.75,0.25,0.14285714285714285,0.3046092184368738
2020-08-20,0.625,2.59309773436882,0.75,0.125,0.0,0.625,2.117480325154615,0.75,0.125,0.0,0.31462925851703405
2020-08-21,0.75,2.706292538144862,0.875,0.125,0.0,0.625,2.2227066250987186,0.75,0.125,0.0,0.3366733466933868
2020-08-24,0.875,3.0354292955469524,1.0,0.125,0.0,0.625,2.1468936978241784,0.75,0.125,0.0,0.2985971943887776
2020-08-25,0.75,3.0621406280759302,0.875,0.125,0.0,0.5,2.142092127067222,0.75,0.25,0.14285714285714285,0.3066132264529058
2020-08-26,0.75,2.968069382229133,0.875,0.125,0.0,0.625,2.1933330364230423,0.75,0.125,0.0,0.3527054108216433
2020-08-27,0.5,2.7002895039369648,0.625,0.125,0.0,0.625,2.202678950103059,0.75,0.125,0.0,0.31462925851703405
2020-08-28,0.5,2.7806802894136826,0.625,0.125,0.0,0.625,2.222650138517848,0.75,0.125,0.0,0.33266533066132264
2020-08-31,0.75,2.9412120759274893,0.875,0.125,0.0,0.625,2.248352835551911,0.75,0.125,0.0,0.38877755511022044
2020-09-01,0.75,2.7117289380688416,0.875,0.125,0.0,0.625,2.2700608452005024,0.75,0.125,0.0,0.40480961923847697
2020-09-02,0.625,2.5328697426810254,0.75,0.125,0.0,0.625,2.299695630230972,0.75,0.125,0.0,0.4188376753507014
2020-09-03,0.625,2.3767784387127553,0.75,0.125,0.0,0.625,2.259407625696819,0.75,0.125,0.0,0.46292585170340683
2020-09-04,0.625,2.4804815410400307,0.75,0.125,0.0,0.75,2.472432152531033,0.875,0.125,0.0,0.41282565130260523
2020-09-07,0.75,2.6413951620636382,0.875,0.125,0.0,0.75,2.5398069246657515,0.875,0.125,0.0,0.44288577154308617
2020-09-08,0.75,3.0479296485148915,0.875,0.125,0.0,0.75,2.367551902244674,0.875,0.125,0.0,0.5551102204408818
2020-09-09,0.75,2.7394683333374568,0.875,0.125,0.0,0.75,2.3542354232925047,0.875,0.125,0.0,0.5971943887775552
2020-09-10,0.75,2.805798669277779,0.875,0.125,0.0,0.75,2.2395105611111497,0.875,0.125,0.0,0.6753507014028056
2020-09-11,0.75,2.7810924740944403,0.875,0.125,0.0,0.625,2.2264946509290082,0.75,0.125,0.0,0.6613226452905812
2020-09-14,0.75,2.9807307898414974,0.875,0.125,0.0,0.75,2.3845964182290516,0.875,0.125,0.0,0.6653306613226453
2020-09-15,0.75,2.8222320392565896,0.875,0.125,0.0,0.75,2.340838583016939,0.875,0.125,0.0,0.625250501002004
2020-09-16,0.75,2.718199651301413,0.875,0.125,0.0,0.625,2.39877077957746,0.75,0.125,0.0,0.6032064128256514
2020-09-17,0.75,3.0400913180527924,0.875,0.125,0.0,0.75,2.4942015774523663,0.875,0.125,0.0,0.5410821643286573
2020-09-18,0.75,2.938705594176448,0.875,0.125,0.0,0.75,2.4841283055766517,0.875,0.125,0.0,0.49899799599198397
2020-09-21,0.75,3.112290971102256,0.875,0.125,0.0,0.625,2.3857922230478366,0.875,0.25,0.14285714285714285,0.5991983967935872
2020-09-22,0.875,3.5282639406521668,1.0,0.125,0.0,0.625,2.272196199411663,0.875,0.25,0.14285714285714285,0.5971943887775552
2020-09-23,0.875,3.666489716862519,1.0,0.125,0.0,0.625,2.2715702111905642,0.875,0.25,0.14285714285714285,0.6112224448897795
2020-09-24,0.875,3.552089976568949,1.0,0.125,0.0,0.625,2.3812961341333727,0.875,0.25,0.14285714285714285,0.5971943887775552
2020-09-25,0.875,3.4564265157693703,1.0,0.125,0.0,0.625,2.3191817793934617,0.875,0.25,0.14285714285714285,0.49498997995991983
2020-09-28,0.75,2.9268199124196004,1.0,0.25,0.14285714285714285,0.625,2.3315132622610424,0.875,0.25,0.14285714285714285,0.4909819639278557
2020-09-29,0.875,3.459534910224189,1.0,0.125,0.0,0.625,2.3570411238328894,0.875,0.25,0.14285714285714285,0.531062124248497
2020-09-30,0.875,3.3646462237086814,1.0,0.125,0.0,0.75,2.306519886698271,0.875,0.125,0.0,0.533066132264529
2020-10-01,0.875,3.5411197654886957,1.0,0.125,0.0,0.75,2.302115252397512,0.875,0.125,0.0,0.47695390781563124
2020-10-02,0.875,3.3539146435619065,1.0,0.125,0.0,0.625,2.097961489755765,0.875,0.25,0.14285714285714285,0.4789579158316633
2020-10-05,0.875,3.1714482615101,1.0,0.125,0.0,0.625,2.238937536335496,0.875,0.25,0.14285714285714285,0.48697394789579157
2020-10-06,0.875,3.1976292545396916,1.0,0.125,0.0,0.625,2.059085566967941,0.875,0.25,0.14285714285714285,0.41282565130260523
2020-10-07,0.875,2.7115179379218297,1.0,0.125,0.0,0.625,2.0608934197805047,0.875,0.25,0.14285714285714285,0.33266533066132264
2020-10-08,0.875,2.7887145343152646,1.0,0.125,0.0,0.625,2.049458476892344,0.875,0.25,0.14285714285714285,0.2665330661322645
2020-10-09,0.625,2.6875326648141624,0.75,0.125,0.0,0.625,2.0804390901627796,0.875,0.25,0.14285714285714285,0.3106212424849699
2020-10-12,0.75,2.8175777092011045,0.875,0.125,0.0,0.625,2.0921153907827215,0.875,0.25,0.14285714285714285,0.3166332665330661
2020-10-13,0.625,2.1531201976619805,0.75,0.125,0.0,0.625,2.0202226962482763,0.875,0.25,0.14285714285714285,0.3907815631262525
2020-10-14,0.375,1.7454427835508048,0.5,0.125,0.0,0.625,1.9531405671189266,0.875,0.25,0.14285714285714285,0.3627254509018036
2020-10-15,0.125,1.3561142635975278,0.5,0.375,0.2857142857142857,0.625,1.8440293462770008,0.875,0.25,0.14285714285714285,0.4849699398797595
2020-10-16,0.25,0.9871331089200842,0.625,0.375,0.2857142857142857,0.625,1.9419241298835677,0.875,0.25,0.14285714285714285,0.44889779559118237
2020-10-19,0.125,0.16679274248605558,0.625,0.5,0.42857142857142855,0.625,2.070477419923942,0.875,0.25,0.14285714285714285,0.34468937875751504
2020-10-20,0.25,0.8036727200484365,0.75,0.5,0.42857142857142855,0.75,2.1687526351426625,0.875,0.125,0.0,0.35470941883767537
2020-10-21,0.25,0.7806311508800373,0.625,0.375,0.2857142857142857,0.75,2.3588710218458284,0.875,0.125,0.0,0.41082164328657317
2020-10-22,-0.375,-0.20949042842921456,0.375,0.75,0.7142857142857143,0.75,2.292815869034242,0.875,0.125,0.0,0.4248496993987976
2020-10-23,0.125,0.989014620273895,0.5,0.375,0.2857142857142857,0.75,2.3505818942680072,0.875,0.125,0.0,0.4589178356713427
2020-10-26,0.125,0.6503198672831627,0.5,0.375,0.2857142857142857,0.75,2.2799307157441744,0.875,0.125,0.0,0.42084168336673344
2020-10-27,-0.125,-0.21310736843150513,0.375,0.5,0.42857142857142855,0.75,2.275287958057285,0.875,0.125,0.0,0.342685370741483
2020-10-28,-0.625,-1.1385988384334347,0.25,0.875,0.8571428571428571,0.625,2.2495489083327196,0.875,0.25,0.14285714285714285,0.43286573146292584
2020-10-29,-0.625,-1.6035235129536338,0.25,0.875,0.8571428571428571,0.625,2.1132355372491074,0.875,0.25,0.14285714285714285,0.41082164328657317
2020-10-30,-0.375,-1.3214244473063688,0.25,0.625,0.5714285714285714,0.625,1.9688313502537007,0.875,0.25,0.14285714285714285,0.33867735470941884
2020-11-02,-0.25,-0.9227427913876406,0.375,0.625,0.5714285714285714,0.5,1.9182266983477336,0.875,0.375,0.2857142857142857,0.3527054108216433
2020-11-03,-0.125,-0.15799198002613168,0.125,0.25,0.14285714285714285,0.75,2.1936272429715102,0.875,0.125,0.0,0.41082164328657317
2020-11-04,-0.25,-0.5254218652542454,0.25,0.5,0.42857142857142855,0.75,2.0830906040211197,0.875,0.125,0.0,0.45691382765531063
2020-11-05,0.125,0.041800087673182995,0.25,0.125,0.0,0.625,2.262729686374881,0.75,0.125,0.0,0.5490981963927856
2020-11-06,0.125,0.3138116165948791,0.25,0.125,0.0,0.75,2.3902323818936124,0.875,0.125,0.0,0.48897795591182364
2020-11-09,-0.125,-0.37423903083453713,0.25,0.375,0.2857142857142857,0.625,2.468586072964073,0.75,0.125,0.0,0.6973947895791583
2020-11-10,-0.125,-0.7221945664582026,0.25,0.375,0.2857142857142857,0.625,2.4868631984313074,0.75,0.125,0.0,0.6893787575150301
2020-11-11,-0.25,-0.3585098105370602,0.125,0.375,0.2857142857142857,0.5,2.314732998059337,0.625,0.125,0.0,0.7234468937875751
2020-11-12,-0.125,-0.2918781527419203,0.375,0.5,0.42857142857142855,0.75,2.3147475493505802,0.875,0.125,0.0,0.7394789579158316
2020-11-13,0.25,0.22691205786368396,0.5,0.25,0.14285714285714285,0.625,2.294398617935743,0.75,0.125,0.0,0.749498997995992
2020-11-16,0.125,0.3267760909149794,0.375,0.25,0.14285714285714285,0.625,2.427175376080278,0.75,0.125,0.0,0.7555110220440882
2020-11-17,0.125,0.13702392354574933,0.375,0.25,0.14285714285714285,0.75,2.5410138170487224,0.875,0.125,0.0,0.749498997995992
2020-11-18,0.125,0.11343257492175873,0.375,0.25,0.14285714285714285,0.75,2.3257256046819794,0.875,0.125,0.0,0.6653306613226453
2020-11-19,0.5,0.3078086201536026,0.75,0.25,0.14285714285714285,0.75,2.2881769043459346,0.875,0.125,0.0,0.6452905811623246
2020-11-20,-0.125,-0.277797905896245,0.5,0.625,0.5714285714285714,0.75,2.4055956782225345,0.875,0.125,0.0,0.6533066132264529
2020-11-23,-0.375,-0.6877072966398037,0.375,0.75,0.7142857142857143,0.75,2.415448784743582,0.875,0.125,0.0,0.6753507014028056
2020-11-24,-0.5,-0.2279813121131133,0.125,0.625,0.5714285714285714,0.625,2.421765910389783,0.75,0.125,0.0,0.7134268537074149
2020-11-25,0.625,0.4559696648264599,0.75,0.125,0.0,0.625,2.3723632033094817,0.75,0.125,0.0,0.6332665330661322
2020-11-26,0.25,0.3829556766697335,0.375,0.125,0.0,0.625,2.0168153044857737,0.875,0.25,0.14285714285714285,0.6152304609218436
2020-11-27,0.5,0.7378415439005432,0.625,0.125,0.0,0.625,2.214770327079794,0.875,0.25,0.14285714285714285,0.6613226452905812
2020-11-30,0.5,0.751954472025371,0.625,0.125,0.0,0.75,2.2737849613329475,0.875,0.125,0.0,0.6332665330661322
2020-12-01,0.625,1.3991080140935714,0.75,0.125,0.0,0.75,2.5772097986811473,0.875,0.125,0.0,0.6152304609218436
2020-12-02,0.625,1.722273187311524,0.75,0.125,0.0,0.75,2.5860183285948057,0.875,0.125,0.0,0.6092184368737475
2020-12-03,0.625,1.5109864958304116,0.75,0.125,0.0,0.75,2.788656776225285,0.875,0.125,0.0,0.5170340681362725
2020-12-04,0.5,1.4468488553187517,0.625,0.125,0.0,0.75,2.928632842186356,0.875,0.125,0.0,0.5691382765531062
2020-12-07,0.5,1.4407074361383845,0.625,0.125,0.0,0.75,2.8773078033212993,0.875,0.125,0.0,0.29458917835671344
2020-12-08,0.375,1.5350360533832124,0.5,0.125,0.0,0.75,2.8918217036090166,0.875,0.125,0.0,0.2565130260521042
2020-12-09,0.375,1.8051686795115907,0.5,0.125,0.0,0.75,2.8104818598257775,0.875,0.125,0.0,0.22444889779559118
2020-12-10,0.25,1.6805550123925073,0.375,0.125,0.0,0.75,2.6645328834686,0.875,0.125,0.0,0.24248496993987975
2020-12-11,0.25,1.5851087013831089,0.375,0.125,0.0,0.75,2.539559466093971,0.875,0.125,0.0,0.24849699398797595
2020-12-14,0.25,1.6860305432388945,0.375,0.125,0.0,0.75,2.6585315636564553,0.875,0.125,0.0,0.24649298597194388
2020-12-15,0.25,1.791841790178671,0.375,0.125,0.0,0.75,2.637245061506477,0.875,0.125,0.0,0.25851703406813625
2020-12-16,0.375,1.8463046358782027,0.5,0.125,0.0,0.75,2.646730373500409,0.875,0.125,0.0,0.2725450901803607
2020-12-17,0.5,1.8703016725190127,0.625,0.125,0.0,0.75,2.8014802546917155,0.875,0.125,0.0,0.2965931863727455
2020-12-18,0.5,1.9829286169802953,0.625,0.125,0.0,0.75,2.661763179168145,0.875,0.125,0.0,0.2985971943887776
2020-12-21,0.625,2.0299849211842522,0.75,0.125,0.0,0.875,2.550870569272739,1.0,0.125,0.0,0.2925851703406814
2020-12-22,0.375,1.8854803378742901,0.5,0.125,0.0,0.625,2.4720833981278734,0.75,0.125,0.0,0.2685370741482966
2020-12-23,0.5,1.9607203451114428,0.625,0.125,0.0,0.75,2.6246805009445655,0.875,0.125,0.0,0.3226452905811623
2020-12-24,0.5,1.8738854812605714,0.625,0.125,0.0,0.75,2.63885133062814,0.875,0.125,0.0,0.3486973947895792
2020-12-25,0.5,1.95603046406151,0.625,0.125,0.0,0.75,2.724449657002892,0.875,0.125,0.0,0.312625250501002
2020-12-28,0.5,1.8775409171883863,0.625,0.125,0.0,0.75,2.739027313916904,0.875,0.125,0.0,0.3286573146292585
2020-12-29,0.5,1.8109159511414363,0.625,0.125,0.0,0.75,2.750216664073207,0.875,0.125,0.0,0.2745490981963928
2020-12-30,0.5,1.6960449928896295,0.625,0.125,0.0,0.75,2.716719750299652,0.875,0.125,0.0,0.2785571142284569
2020-12-31,0.5,1.495303003103031,0.625,0.125,0.0,0.75,2.659518452382745,0.875,0.125,0.0,0.32064128256513025
2021-01-01,0.5,1.4817998098351661,0.625,0.125,0.0,0.75,2.7131916339607876,0.875,0.125,0.0,0.23046092184368738
2021-01-04,0.5,1.6425294387926352,0.625,0.125,0.0,0.75,2.6744111653089266,0.875,0.125,0.0,0.2785571142284569
2021-01-05,0.5,1.754903061098493,0.625,0.125,0.0,0.75,2.606265742750759,0.875,0.125,0.0,0.35070140280561124
2021-01-06,0.625,1.700240722239357,0.75,0.125,0.0,0.75,2.5176717045321917,0.875,0.125,0.0,0.4148296593186373
2021-01-07,0.5,1.5064091352036515,0.625,0.125,0.0,0.75,2.577646827002133,0.875,0.125,0.0,0.3226452905811623
2021-01-08,0.5,1.3910110222098833,0.625,0.125,0.0,0.75,2.548740984801322,0.875,0.125,0.0,0.2845691382765531
2021-01-11,0.5,1.1177657345100074,0.625,0.125,0.0,0.75,2.4142526998336145,0.875,0.125,0.0,0.2985971943887776
2021-01-12,0.375,0.9540244787273093,0.5,0.125,0.0,0.75,2.4225326506596385,0.875,0.125,0.0,0.32064128256513025
2021-01-13,0.375,0.8720027748259713,0.5,0.125,0.0,0.75,2.4360647443227843,0.875,0.125,0.0,0.3186372745490982
2021-01-14,0.375,0.9353299155137202,0.5,0.125,0.0,0.625,2.243244620256177,0.75,0.125,0.0,0.33266533066132264
2021-01-15,0.375,0.7028333529681918,0.5,0.125,0.0,0.625,2.0180362380448673,0.75,0.125,0.0,0.36472945891783565
2021-01-18,0.375,0.9429133482953727,0.5,0.125,0.0,0.625,2.2231714801871063,0.75,0.125,0.0,0.3587174348697395
2021-01-19,0.375,1.1781639302950109,0.5,0.125,0.0,0.75,2.436605773732733,0.875,0.125,0.0,0.3466933867735471
2021-01-20,0.375,0.9860721397785421,0.5,0.125,0.0,0.625,2.42314379885067,0.75,0.125,0.0,0.35070140280561124
2021-01-21,0.375,1.3088479613081343,0.5,0.125,0.0,0.625,2.481159066671811,0.75,0.125,0.0,0.3486973947895792
2021-01-22,0.375,1.4497175028730724,0.5,0.125,0.0,0.625,2.4380704437151026,0.75,0.125,0.0,0.40480961923847697
2021-01-25,0.5,1.429696878969699,0.625,0.125,0.0,0.625,2.447267224375449,0.75,0.125,0.0,0.36072144288577157
2021-01-26,0.5,1.3752054116350285,0.625,0.125,0.0,0.625,2.461118772476981,0.75,0.125,0.0,0.3587174348697395
2021-01-27,0.5,1.3163647323167929,0.625,0.125,0.0,0.75,2.658256718659025,0.875,0.125,0.0,0.37074148296593185
2021-01-28,0.375,1.101998865333377,0.625,0.25,0.14285714285714285,0.75,2.6087728428844232,0.875,0.125,0.0,0.312625250501002
2021-01-29,0.375,0.8959075018926905,0.625,0.25,0.14285714285714285,0.75,2.6294130057678617,0.875,0.125,0.0,0.4028056112224449
2021-02-01,0.5,1.1397283809662877,0.625,0.125,0.0,0.75,2.5694238621899537,0.875,0.125,0.0,0.35671342685370744
2021-02-02,0.25,1.1203040689249548,0.375,0.125,0.0,0.625,2.542990985395182,0.75,0.125,0.0,0.31462925851703405
2021-02-03,0.375,1.3455880688245965,0.5,0.125,0.0,0.625,2.5007813507779937,0.75,0.125,0.0,0.24248496993987975
2021-02-04,0.25,0.6752616923000253,0.5,0.25,0.14285714285714285,0.625,2.384277022165341,0.75,0.125,0.0,0.2545090180360721
2021-02-05,0.25,0.8579646726233292,0.5,0.25,0.14285714285714285,0.625,2.303363115183479,0.75,0.125,0.0,0.31462925851703405
2021-02-08,0.25,0.8165817349168571,0.5,0.25,0.14285714285714285,0.625,2.2169678265723096,0.75,0.125,0.0,0.25851703406813625
2021-02-09,0.25,1.0453779730452164,0.5,0.25,0.14285714285714285,0.625,2.2188922186264337,0.75,0.125,0.0,0.22044088176352705
2021-02-10,0.125,1.114030736112482,0.375,0.25,0.14285714285714285,0.625,2.187309315936335,0.75,0.125,0.0,0.20641282565130262
2021-02-11,0.125,0.9679990159943132,0.375,0.25,0.14285714285714285,0.625,1.9947381346097208,0.75,0.125,0.0,0.18637274549098196
2021-02-12,0.25,1.0240292656592689,0.5,0.25,0.14285714285714285,0.625,1.742728265906964,0.75,0.125,0.0,0.11222444889779559
2021-02-15,0.125,1.0710374703690457,0.375,0.25,0.14285714285714285,0.5,1.5720672384783048,0.625,0.125,0.0,0.13827655310621242
2021-02-16,0.125,0.874928233595272,0.375,0.25,0.14285714285714285,0.5,1.5170062636951298,0.625,0.125,0.0,0.14428857715430862
2021-02-17,0.125,0.560976866760621,0.375,0.25,0.14285714285714285,0.625,1.5714473573240273,0.75,0.125,0.0,0.10220440881763528
2021-02-18,0.25,0.7182525642779727,0.5,0.25,0.14285714285714285,0.5,1.3918963268857865,0.625,0.125,0.0,0.09819639278557114
2021-02-19,0.25,0.5262760382433911,0.5,0.25,0.14285714285714285,0.5,1.238496076434935,0.625,0.125,0.0,0.17034068136272545
2021-02-22,0.25,0.7194758034056359,0.5,0.25,0.14285714285714285,0.25,0.9504127645558575,0.5,0.25,0.14285714285714285,0.18837675350701402
2021-02-23,0.125,0.2307018179855751,0.5,0.375,0.2857142857142857,0.25,1.0945817546430716,0.5,0.25,0.14285714285714285,0.23647294589178355
2021-02-24,0.125,0.1409820174160168,0.5,0.375,0.2857142857142857,0.25,1.0772288770884861,0.5,0.25,0.14285714285714285,0.2965931863727455
2021-02-25,0.125,0.11575660182992215,0.5,0.375,0.2857142857142857,0.25,1.1000545498124417,0.5,0.25,0.14285714285714285,0.43286573146292584
2021-02-26,-0.125,-0.23444704169306235,0.375,0.5,0.42857142857142855,0.5,1.1529137886947682,0.625,0.125,0.0,0.6673346693386774
2021-03-01,-0.125,-0.18390969206608493,0.375,0.5,0.42857142857142855,0.25,0.9406929781922979,0.5,0.25,0.14285714285714285,0.7154308617234469
2021-03-02,-0.125,-0.059167601996428454,0.375,0.5,0.42857142857142855,0.375,1.0524914984928273,0.5,0.125,0.0,0.7054108216432866
2021-03-03,-0.125,-0.05440169111748716,0.375,0.5,0.42857142857142855,0.375,0.9868797873344013,0.5,0.125,0.0,0.7114228456913828
2021-03-04,-0.125,-0.4849062228778886,0.375,0.5,0.42857142857142855,0.375,1.1434258524201886,0.5,0.125,0.0,0.7414829659318637
2021-03-05,-0.125,-0.5776664350206681,0.375,0.5,0.42857142857142855,0.375,1.1755176861055727,0.5,0.125,0.0,0.7094188376753507
2021-03-08,-0.125,-0.8475402164859941,0.375,0.5,0.42857142857142855,0.375,1.0736681192923143,0.5,0.125,0.0,0.7454909819639278
2021-03-09,-0.125,-0.7520455837248496,0.375,0.5,0.42857142857142855,0.375,1.1448024375354213,0.5,0.125,0.0,0.7595190380761523
2021-03-10,-0.125,-0.7884203682018404,0.375,0.5,0.42857142857142855,0.375,1.0319404263411087,0.5,0.125,0.0,0.7615230460921844
2021-03-11,-0.125,-0.820216204743885,0.375,0.5,0.42857142857142855,0.375,0.9762114927199828,0.5,0.125,0.0,0.7755511022044088
2021-03-12,-0.125,-0.7659221164068654,0.375,0.5,0.42857142857142855,0.25,0.9096317256687941,0.5,0.25,0.14285714285714285,0.7955911823647295
2021-03-15,-0.125,-0.8190063997408277,0.375,0.5,0.42857142857142855,0.25,0.9565738568245437,0.5,0.25,0.14285714285714285,0.7895791583166333
2021-03-16,-0.125,-0.6640932011885708,0.375,0.5,0.42857142857142855,0.25,0.9431547998734162,0.5,0.25,0.14285714285714285,0.7835671342685371
2021-03-17,-0.125,-0.569038631601544,0.375,0.5,0.42857142857142855,0.25,1.0282001740895277,0.5,0.25,0.14285714285714285,0.781563126252505
2021-03-18,-0.125,-0.8156930616655407,0.375,0.5,0.42857142857142855,0.25,1.1164408180838639,0.5,0.25,0.14285714285714285,0.7895791583166333
2021-03-19,-0.125,-0.8830518192049763,0.375,0.5,0.42857142857142855,0.25,1.1246050288375968,0.5,0.25,0.14285714285714285,0.7414829659318637
2021-03-22,-0.125,-0.8412797652091146,0.375,0.5,0.42857142857142855,0.375,1.2834210851897634,0.5,0.125,0.0,0.7575150300601202
2021-03-23,-0.25,-1.2566627398057317,0.375,0.625,0.5714285714285714,0.375,1.2018635056102045,0.5,0.125,0.0,0.8016032064128257
2021-03-24,-0.375,-1.5633199102809339,0.375,0.75,0.7142857142857143,0.375,1.2993672229921764,0.5,0.125,0.0,0.7454909819639278
2021-03-25,-0.375,-1.4666636095026233,0.375,0.75,0.7142857142857143,0.25,1.191622445586595,0.5,0.25,0.14285714285714285,0.687374749498998
2021-03-26,-0.375,-1.3134604840039248,0.375,0.75,0.7142857142857143,0.25,1.1750477185109365,0.5,0.25,0.14285714285714285,0.5791583166332666
2021-03-29,-0.375,-1.3470147338009775,0.375,0.75,0.7142857142857143,0.25,1.1894629338911153,0.5,0.25,0.14285714285714285,0.3807615230460922
2021-03-30,-0.375,-1.5878288710645747,0.375,0.75,0.7142857142857143,0.25,1.0379119770757939,0.5,0.25,0.14285714285714285,0.3667334669338677
2021-03-31,-0.375,-1.5591248291059234,0.375,0.75,0.7142857142857143,0.25,1.035035289896943,0.5,0.25,0.14285714285714285,0.38276553106212424
2021-04-01,-0.375,-1.3705246588249362,0.375,0.75,0.7142857142857143,0.25,1.1806607969619298,0.5,0.25,0.14285714285714285,0.2965931863727455
2021-04-02,-0.375,-1.310063591832468,0.375,0.75,0.7142857142857143,0.25,1.1609427321244739,0.5,0.25,0.14285714285714285,0.2745490981963928
2021-04-05,-0.375,-0.9918379874084774,0.375,0.75,0.7142857142857143,0.25,1.1817797119355775,0.5,0.25,0.14285714285714285,0.2545090180360721
2021-04-06,-0.375,-1.1503830302113232,0.375,0.75,0.7142857142857143,0.25,1.2300429836863145,0.5,0.25,0.14285714285714285,0.2785571142284569
2021-04-07,-0.375,-1.090913668291133,0.375,0.75,0.7142857142857143,0.25,1.3461037907358175,0.5,0.25,0.14285714285714285,0.3466933867735471
2021-04-08,-0.25,-1.0164214201460557,0.5,0.75,0.7142857142857143,0.25,1.5199927065094916,0.5,0.25,0.14285714285714285,0.33266533066132264
2021-04-09,-0.375,-0.672690964185212,0.375,0.75,0.7142857142857143,0.25,1.4562435275411318,0.5,0.25,0.14285714285714285,0.27054108216432865
2021-04-12,-0.375,-0.6404177661248805,0.375,0.75,0.7142857142857143,0.25,1.5337988289699866,0.5,0.25,0.14285714285714285,0.2685370741482966
2021-04-13,-0.375,-0.7379349913019664,0.375,0.75,0.7142857142857143,0.25,1.5936910021976793,0.5,0.25,0.14285714285714285,0.24248496993987975
2021-04-14,-0.375,-0.5380577175368766,0.375,0.75,0.7142857142857143,0.25,1.5629345426721666,0.5,0.25,0.14285714285714285,0.3406813627254509
2021-04-15,-0.375,-0.8218464059066788,0.375,0.75,0.7142857142857143,0.25,1.3907062148035898,0.5,0.25,0.14285714285714285,0.29458917835671344
2021-04-16,-0.25,-0.7282854280982276,0.375,0.625,0.5714285714285714,0.25,1.2769900006850516,0.5,0.25,0.14285714285714285,0.35070140280561124
2021-04-19,-0.25,-0.4314436047055943,0.375,0.625,0.5714285714285714,0.25,1.4432767078920625,0.5,0.25,0.14285714285714285,0.36472945891783565
2021-04-20,-0.375,-0.5824703415257242,0.375,0.75,0.7142857142857143,0.25,1.5494767554373243,0.5,0.25,0.14285714285714285,0.1963927855711423
2021-04-21,-0.125,-0.29201307194573817,0.375,0.5,0.42857142857142855,0.25,1.5054233579451077,0.5,0.25,0.14285714285714285,0.22044088176352705
2021-04-22,-0.25,-0.46494274022971716,0.375,0.625,0.5714285714285714,0.25,1.6005133586789382,0.5,0.25,0.14285714285714285,0.22645290581162325
2021-04-23,-0.125,-0.16423167716573847,0.375,0.5,0.42857142857142855,0.375,1.7423691947555198,0.625,0.25,0.14285714285714285,0.19238476953907815
2021-04-26,0.125,0.09841929807129249,0.5,0.375,0.2857142857142857,0.25,1.672822653603833,0.5,0.25,0.14285714285714285,0.280561122244489
2021-04-27,0.25,0.19633232794123795,0.625,0.375,0.2857142857142857,0.25,1.5883878261744018,0.5,0.25,0.14285714285714285,0.32064128256513025
2021-04-28,0.25,0.37581697149282955,0.625,0.375,0.2857142857142857,0.25,1.5616071406779621,0.5,0.25,0.14285714285714285,0.3226452905811623
2021-04-29,0.25,0.6434523763512423,0.625,0.375,0.2857142857142857,0.25,1.5988879597132046,0.5,0.25,0.14285714285714285,0.3406813627254509
2021-04-30,-0.125,-0.10842658960414021,0.5,0.625,0.5714285714285714,0.25,1.4507682091628253,0.5,0.25,0.14285714285714285,0.4849699398797595
2021-05-03,0.125,0.04803243739202374,0.625,0.5,0.42857142857142855,0.25,1.4516324774728193,0.5,0.25,0.14285714285714285,0.5250501002004008
2021-05-04,-0.25,-0.4288132005294193,0.5,0.75,0.7142857142857143,0.25,1.469267667656328,0.5,0.25,0.14285714285714285,0.4529058116232465
2021-05-05,-0.125,-0.4384227046876168,0.375,0.5,0.42857142857142855,0.25,1.3908460762041337,0.5,0.25,0.14285714285714285,0.4168336673346693
2021-05-06,-0.125,-0.25652372168210524,0.375,0.5,0.42857142857142855,0.25,1.458301950620305,0.5,0.25,0.14285714285714285,0.4729458917835671
2021-05-07,0.125,0.19359114282428497,0.5,0.375,0.2857142857142857,0.25,1.5725227579722807,0.5,0.25,0.14285714285714285,0.5410821643286573
2021-05-10,0.125,0.014890437610189239,0.5,0.375,0.2857142857142857,0.25,1.5366761086395226,0.5,0.25,0.14285714285714285,0.6112224448897795
2021-05-11,0.125,0.1888045326327611,0.5,0.375,0.2857142857142857,0.25,1.5765335913699385,0.5,0.25,0.14285714285714285,0.6172344689378757
2021-05-12,0.125,0.10132773904546609,0.75,0.625,0.5714285714285714,0.25,1.4726646796187537,0.5,0.25,0.14285714285714285,0.625250501002004
2021-05-13,-0.125,-0.038170880493229836,0.625,0.75,0.7142857142857143,0.25,1.40168666494374,0.5,0.25,0.14285714285714285,0.6192384769539078
2021-05-14,0.125,0.1095870705295866,0.75,0.625,0.5714285714285714,0.25,1.4369044552256582,0.5,0.25,0.14285714285714285,0.6132264529058116
2021-05-17,-0.125,-0.023009880640926433,0.625,0.75,0.7142857142857143,0.25,1.5726955812468888,0.5,0.25,0.14285714285714285,0.5751503006012024
2021-05-18,0.25,0.29719496454190175,0.75,0.5,0.42857142857142855,0.25,1.775620699494727,0.5,0.25,0.14285714285714285,0.5671342685370742
2021-05-19,0.125,0.033709491871047215,0.75,0.625,0.5714285714285714,0.25,1.746768815135917,0.5,0.25,0.14285714285714285,0.5551102204408818
2021-05-20,0.125,0.18397800586159452,0.625,0.5,0.42857142857142855,0.375,1.6442966617425765,0.5,0.125,0.0,0.5070140280561122
2021-05-21,0.25,0.4816885097307072,0.625,0.375,0.2857142857142857,0.375,1.8201681721778782,0.5,0.125,0.0,0.48697394789579157
2021-05-24,0.125,0.7188225858866705,0.625,0.5,0.42857142857142855,0.25,1.8509617891672536,0.5,0.25,0.14285714285714285,0.41282565130260523
2021-05-25,0.125,0.7031406354267359,0.625,0.5,0.42857142857142855,0.25,1.6944075892120596,0.5,0.25,0.14285714285714285,0.36072144288577157
2021-05-26,0.25,0.6236267208953874,0.625,0.375,0.2857142857142857,0.25,1.492339524588861,0.5,0.25,0.14285714285714285,0.42685370741482964
2021-05-27,0.375,0.9509497363410935,0.625,0.25,0.14285714285714285,0.25,1.3498519772376492,0.5,0.25,0.14285714285714285,0.5190380761523046
2021-05-28,0.375,1.235903351061057,0.625,0.25,0.14285714285714285,0.25,1.4834014198905128,0.5,0.25,0.14285714285714285,0.4028056112224449
2021-05-31,0.5,1.7408557564981593,0.75,0.25,0.14285714285714285,0.25,1.4660477293282437,0.5,0.25,0.14285714285714285,0.342685370741483
2021-06-01,0.5,1.5314867792632298,0.75,0.25,0.14285714285714285,0.25,1.5364793795652008,0.5,0.25,0.14285714285714285,0.33266533066132264
2021-06-02,0.5,1.3032025616406568,0.75,0.25,0.14285714285714285,0.25,1.526718302419459,0.5,0.25,0.14285714285714285,0.25851703406813625
2021-06-03,0.25,0.6811018811191096,0.75,0.5,0.42857142857142855,0.25,1.4449717347042337,0.5,0.25,0.14285714285714285,0.2845691382765531
2021-06-04,0.375,1.2291332156867036,0.75,0.375,0.2857142857142857,0.25,1.481209926210226,0.5,0.25,0.14285714285714285,0.29458917835671344
2021-06-07,0.5,1.6473846316498761,0.75,0.25,0.14285714285714285,0.25,1.496629164744868,0.5,0.25,0.14285714285714285,0.16633266533066132
2021-06-08,0.375,1.6892443829508927,0.75,0.375,0.2857142857142857,0.25,1.4026943300527621,0.5,0.25,0.14285714285714285,0.18837675350701402
2021-06-09,0.25,1.1741485221274122,0.75,0.5,0.42857142857142855,0.25,1.4495347423865825,0.5,0.25,0.14285714285714285,0.07414829659318638
2021-06-10,0.375,1.4670951650528308,0.75,0.375,0.2857142857142857,0.25,1.5101774809714013,0.5,0.25,0.14285714285714285,0.06613226452905811
2021-06-11,0.125,1.108769103565543,0.625,0.5,0.42857142857142855,0.25,1.3962923437981085,0.5,0.25,0.14285714285714285,0.06613226452905811
2021-06-14,0.25,1.108417861919799,0.625,0.375,0.2857142857142857,0.25,1.3756705751771905,0.5,0.25,0.14285714285714285,0.052104208416833664
2021-06-15,0.375,1.4648434121046687,0.625,0.25,0.14285714285714285,0.25,1.530512790128638,0.5,0.25,0.14285714285714285,0.04609218436873747
2021-06-16,0.375,1.0746499162369383,0.625,0.25,0.14285714285714285,0.25,1.3310397065096262,0.5,0.25,0.14285714285714285,0.056112224448897796
2021-06-17,0.25,1.044546277676342,0.625,0.375,0.2857142857142857,0.25,1.2972995567106036,0.5,0.25,0.14285714285714285,0.10020040080160321
2021-06-18,0.25,0.5455418332427262,0.75,0.5,0.42857142857142855,0.25,1.316311093069265,0.5,0.25,0.14285714285714285,0.14829659318637275
2021-06-21,0.25,1.1131424245327743,0.75,0.5,0.42857142857142855,0.25,1.1980918434332846,0.5,0.25,0.14285714285714285,0.1963927855711423
2021-06-22,0.375,1.5756047035136493,0.75,0.375,0.2857142857142857,0.25,1.2643174981548269,0.5,0.25,0.14285714285714285,0.24448897795591182
2021-06-23,0.375,1.6263616788834359,0.75,0.375,0.2857142857142857,0.25,1.1401211063500558,0.5,0.25,0.14285714285714285,0.1523046092184369
2021-06-24,0.375,1.3553486406387676,0.75,0.375,0.2857142857142857,0.25,1.2266496176447006,0.5,0.25,0.14285714285714285,0.09819639278557114
2021-06-25,0.375,1.4071942986496455,0.75,0.375,0.2857142857142857,0.25,1.1959297401955187,0.5,0.25,0.14285714285714285,0.07014028056112225
2021-06-28,0.125,1.0031494864268786,0.75,0.625,0.5714285714285714,0.25,1.097445763391782,0.5,0.25,0.14285714285714285,0.07414829659318638
2021-06-29,0.25,0.24400716003208106,0.75,0.5,0.42857142857142855,0.25,0.9935390950300986,0.5,0.25,0.14285714285714285,0.09018036072144289
2021-06-30,-0.125,-0.10682369291967565,0.5,0.625,0.5714285714285714,0.25,0.90652792568824,0.5,0.25,0.14285714285714285,0.10220440881763528
2021-07-01,-0.25,-0.5098532793300385,0.5,0.75,0.7142857142857143,0.25,0.9480592487320426,0.5,0.25,0.14285714285714285,0.052104208416833664
2021-07-02,-0.25,-0.33826130367897456,0.375,0.625,0.5714285714285714,0.25,0.8102499385609297,0.5,0.25,0.14285714285714285,0.04809619238476954
2021-07-05,-0.375,-0.4207623914169513,0.375,0.75,0.7142857142857143,0.25,0.8525164993549378,0.5,0.25,0.14285714285714285,0.04609218436873747
2021-07-06,-0.375,-1.282613760999722,0.375,0.75,0.7142857142857143,0.25,0.656294951782052,0.5,0.25,0.14285714285714285,0.09018036072144289
2021-07-07,-0.375,-1.3881856909902042,0.375,0.75,0.7142857142857143,0.25,0.5131497263676572,0.5,0.25,0.14285714285714285,0.08016032064128256
2021-07-08,-0.25,-0.6214551856427175,0.375,0.625,0.5714285714285714,0.25,0.6451117351816527,0.5,0.25,0.14285714285714285,0.3346693386773547
2021-07-09,-0.125,-0.6732376096293531,0.5,0.625,0.5714285714285714,0.25,0.5236390528898747,0.5,0.25,0.14285714285714285,0.4028056112224449
2021-07-12,-0.25,-1.0632037592520207,0.5,0.75,0.7142857142857143,0.25,0.24757290039662533,0.5,0.25,0.14285714285714285,0.35470941883767537
2021-07-13,-0.375,-1.4361961011605042,0.5,0.875,0.8571428571428571,0.125,0.13038325865548306,0.5,0.375,0.2857142857142857,0.36472945891783565
2021-07-14,-0.375,-1.3218738773740635,0.5,0.875,0.8571428571428571,0.125,0.10544213650151091,0.5,0.375,0.2857142857142857,0.374749498997996
2021-07-15,-0.5,-1.3381795257215383,0.5,1.0,1.0,-0.125,-0.07072378503187837,0.375,0.5,0.42857142857142855,0.3286573146292585
2021-07-16,-0.625,-1.7540724378387815,0.375,1.0,1.0,0.125,0.0631106541589026,0.5,0.375,0.2857142857142857,0.23046092184368738
2021-07-19,-0.5,-1.289911853354051,0.5,1.0,1.0,0.125,0.12019816909810566,0.5,0.375,0.2857142857142857,0.3346693386773547
2021-07-20,-0.625,-1.480396021048522,0.375,1.0,1.0,-0.125,-0.04372808709077819,0.375,0.5,0.42857142857142855,0.35671342685370744
2021-07-21,-0.625,-1.6076989706386686,0.375,1.0,1.0,-0.125,-0.18132308769008781,0.375,0.5,0.42857142857142855,0.48096192384769537
2021-07-22,-0.625,-1.8769605763947803,0.375,1.0,1.0,-0.125,-0.27993293765060373,0.375,0.5,0.42857142857142855,0.5050100200400801
2021-07-23,-0.5,-1.571601573653477,0.5,1.0,1.0,-0.125,-0.039865481316780915,0.375,0.5,0.42857142857142855,0.48697394789579157
2021-07-26,-0.625,-1.4415179147226853,0.375,1.0,1.0,0.125,0.15187407806520986,0.5,0.375,0.2857142857142857,0.4749498997995992
2021-07-27,-0.5,-1.024609549731921,0.5,1.0,1.0,0.25,0.21501289870513862,0.5,0.25,0.14285714285714285,0.5591182364729459
2021-07-28,-0.375,-0.7754595370437897,0.5,0.875,0.8571428571428571,0.25,0.1653280638678365,0.5,0.25,0.14285714285714285,0.5891783567134269
2021-07-29,-0.25,-0.7907952662694233,0.5,0.75,0.7142857142857143,0.25,0.19144757736017204,0.5,0.25,0.14285714285714285,0.6072144288577155
2021-07-30,-0.5,-1.1826416470688579,0.5,1.0,1.0,0.125,0.06897029411856037,0.375,0.25,0.14285714285714285,0.5791583166332666
2021-08-02,-0.5,-1.1031078867498414,0.5,1.0,1.0,-0.125,-0.016588246515883198,0.25,0.375,0.2857142857142857,0.625250501002004
2021-08-03,-0.5,-1.216087236992907,0.5,1.0,1.0,-0.25,-0.1831082350511284,0.25,0.5,0.42857142857142855,0.5691382765531062
2021-08-04,-0.375,-1.1920135830221261,0.375,0.75,0.7142857142857143,-0.125,-0.02069749359478823,0.25,0.375,0.2857142857142857,0.6332665330661322
2021-08-05,-0.625,-1.4794170797479225,0.375,1.0,1.0,-0.125,-0.058864664389470245,0.25,0.375,0.2857142857142857,0.3286573146292585
2021-08-06,-0.5,-1.8738069075825583,0.5,1.0,1.0,-0.125,-0.08394133404383486,0.375,0.5,0.42857142857142855,0.23647294589178355
2021-08-09,-0.625,-2.0111234819906425,0.375,1.0,1.0,-0.125,-0.1233675554658814,0.375,0.5,0.42857142857142855,0.29458917835671344
2021-08-10,-0.75,-2.5406767374724435,0.25,1.0,1.0,-0.125,-0.2670591379937958,0.375,0.5,0.42857142857142855,0.3186372745490982
2021-08-11,-0.75,-2.6454966022409208,0.25,1.0,1.0,-0.125,-0.2198949386706589,0.375,0.5,0.42857142857142855,0.18837675350701402
2021-08-12,-0.75,-2.5617434451299643,0.25,1.0,1.0,-0.125,-0.24578071678919428,0.375,0.5,0.42857142857142855,0.14428857715430862
2021-08-13,-0.625,-2.195596114103238,0.375,1.0,1.0,-0.125,-0.2940635214428454,0.375,0.5,0.42857142857142855,0.18637274549098196
2021-08-16,-0.625,-2.101169774786765,0.375,1.0,1.0,-0.375,-0.5428575552880777,0.25,0.625,0.5714285714285714,0.10020040080160321
2021-08-17,-0.625,-2.18708400494869,0.375,1.0,1.0,-0.375,-0.7772481247880283,0.25,0.625,0.5714285714285714,0.14829659318637275
2021-08-18,-0.5,-1.8214771000696497,0.5,1.0,1.0,-0.25,-0.5736014695791999,0.375,0.625,0.5714285714285714,0.09018036072144289
2021-08-19,-0.375,-1.561802798096302,0.5,0.875,0.8571428571428571,-0.25,-0.7201135351814053,0.375,0.625,0.5714285714285714,0.20841683366733466
2021-08-20,-0.375,-1.5526685418425772,0.5,0.875,0.8571428571428571,-0.25,-0.6240751292743875,0.375,0.625,0.5714285714285714,0.218436873747495
2021-08-23,-0.5,-1.6829527466319905,0.5,1.0,1.0,-0.125,-0.25266930038782587,0.375,0.5,0.42857142857142855,0.37675350701402804
2021-08-24,-0.5,-1.808247894879872,0.5,1.0,1.0,-0.125,-0.0457082019090046,0.25,0.375,0.2857142857142857,0.342685370741483
2021-08-25,-0.5,-1.8413481949262163,0.5,1.0,1.0,-0.375,-0.09257793064981212,0.25,0.625,0.5714285714285714,0.32665330661322645
2021-08-26,-0.5,-1.6165241959637446,0.375,0.875,0.8571428571428571,-0.25,-0.17407998992549428,0.375,0.625,0.5714285714285714,0.3406813627254509
2021-08-27,-0.625,-1.7060099636414134,0.375,1.0,1.0,-0.25,-0.11414204712250181,0.25,0.5,0.42857142857142855,0.3807615230460922
2021-08-30,-0.5,-1.7947930440519562,0.5,1.0,1.0,-0.125,-0.16689550112150053,0.375,0.5,0.42857142857142855,0.3967935871743487
2021-08-31,-0.625,-1.7748352356818866,0.375,1.0,1.0,-0.125,-0.09699325404134229,0.375,0.5,0.42857142857142855,0.4028056112224449
2021-09-01,-0.625,-1.7997507221407427,0.375,1.0,1.0,0.125,0.06146291048807617,0.5,0.375,0.2857142857142857,0.4228456913827655
2021-09-02,-0.625,-1.7021698294868384,0.375,1.0,1.0,0.125,0.07263060986784275,0.5,0.375,0.2857142857142857,0.4288577154308617
2021-09-03,-0.5,-1.463783154575696,0.375,0.875,0.8571428571428571,0.125,0.06914683092143292,0.5,0.375,0.2857142857142857,0.4288577154308617
2021-09-06,-0.5,-1.4964386784711659,0.375,0.875,0.8571428571428571,0.125,0.21334365269089295,0.5,0.375,0.2857142857142857,0.37675350701402804
2021-09-07,-0.625,-1.6288787283526034,0.375,1.0,1.0,0.25,0.297357624351452,0.5,0.25,0.14285714285714285,0.3787575150300601
2021-09-08,-0.25,-1.0477742179739304,0.5,0.75,0.7142857142857143,0.25,0.32828945034980783,0.5,0.25,0.14285714285714285,0.3847695390781563
2021-09-09,-0.25,-0.5430325505087232,0.375,0.625,0.5714285714285714,0.25,0.332478705991545,0.5,0.25,0.14285714285714285,0.3907815631262525
2021-09-10,-0.125,-0.3545876198643993,0.375,0.5,0.42857142857142855,0.25,0.40498632874147006,0.5,0.25,0.14285714285714285,0.24448897795591182
2021-09-13,-0.375,-0.7137471539814675,0.375,0.75,0.7142857142857143,0.25,0.3115058741707147,0.5,0.25,0.14285714285714285,0.22044088176352705
2021-09-14,-0.375,-0.7610998649009781,0.375,0.75,0.7142857142857143,0.25,0.14542832071527434,0.5,0.25,0.14285714285714285,0.14829659318637275
2021-09-15,-0.375,-0.6330059874677316,0.375,0.75,0.7142857142857143,0.25,0.2143660273649079,0.5,0.25,0.14285714285714285,0.1282565130260521
2021-09-16,-0.375,-0.9038859433766067,0.375,0.75,0.7142857142857143,0.125,0.0470989449893322,0.5,0.375,0.2857142857142857,0.04809619238476954
2021-09-17,-0.5,-1.0851074808186434,0.375,0.875,0.8571428571428571,0.125,0.04578633651182451,0.5,0.375,0.2857142857142857,0.05410821643286573
2021-09-20,-0.5,-0.9756122369233203,0.375,0.875,0.8571428571428571,-0.125,-0.15952511731974517,0.375,0.5,0.42857142857142855,0.04208416833667335
2021-09-21,-0.375,-0.9103067403640643,0.375,0.75,0.7142857142857143,-0.125,-0.017858907602896545,0.375,0.5,0.42857142857142855,0.022044088176352707
2021-09-22,-0.25,-0.9253419879015231,0.5,0.75,0.7142857142857143,-0.125,-0.20114303064733563,0.375,0.5,0.42857142857142855,0.03006012024048096
2021-09-23,-0.25,-0.7737698456917228,0.375,0.625,0.5714285714285714,-0.125,-0.05367566947810204,0.375,0.5,0.42857142857142855,0.11222444889779559
2021-09-24,-0.5,-0.9850146121750495,0.375,0.875,0.8571428571428571,-0.125,-0.2911806453256496,0.375,0.5,0.42857142857142855,0.10220440881763528
2021-09-27,-0.625,-1.2329982384376992,0.375,1.0,1.0,-0.125,-0.2876656933787339,0.375,0.5,0.42857142857142855,0.09418837675350701
2021-09-28,-0.5,-1.1466324260045595,0.5,1.0,1.0,-0.125,-0.16349147758156835,0.375,0.5,0.42857142857142855,0.14428857715430862
2021-09-29,-0.375,-1.4230537421982536,0.625,1.0,1.0,-0.125,-0.41899036767299125,0.375,0.5,0.42857142857142855,0.17835671342685372
2021-09-30,-0.625,-2.6246001191575994,0.375,1.0,1.0,-0.125,-0.3310609954271829,0.375,0.5,0.42857142857142855,0.21042084168336672
2021-10-01,-0.625,-2.5140497096099934,0.375,1.0,1.0,-0.125,-0.30427593448363577,0.375,0.5,0.42857142857142855,0.18837675350701402
2021-10-04,-0.75,-2.378508179533185,0.25,1.0,1.0,-0.125,-0.35505326620948735,0.375,0.5,0.42857142857142855,0.24649298597194388
2021-10-05,-0.625,-2.0985326239366007,0.25,0.875,0.8571428571428571,-0.125,-0.5041711061479205,0.375,0.5,0.42857142857142855,0.22244488977955912
2021-10-06,-0.75,-2.779866715209306,0.25,1.0,1.0,-0.25,-0.7371735989022589,0.25,0.5,0.42857142857142855,0.27655310621242485
2021-10-07,-0.75,-2.734361180084433,0.125,0.875,0.8571428571428571,-0.125,-0.615789894126847,0.375,0.5,0.42857142857142855,0.3026052104208417
2021-10-08,-0.75,-2.0872768348594315,0.125,0.875,0.8571428571428571,-0.125,-0.6342039792737948,0.375,0.5,0.42857142857142855,0.4529058116232465
2021-10-11,-0.5,-1.3483040136614428,0.25,0.75,0.7142857142857143,-0.25,-0.5073318164033733,0.25,0.5,0.42857142857142855,0.5490981963927856
2021-10-12,-0.375,-1.4586926979724542,0.25,0.625,0.5714285714285714,-0.125,-0.4913737452298817,0.375,0.5,0.42857142857142855,0.4649298597194389
2021-10-13,-0.5,-1.5777865294263762,0.25,0.75,0.7142857142857143,-0.125,-0.2776633828903674,0.375,0.5,0.42857142857142855,0.5210420841683366
2021-10-14,-0.375,-1.0801116279123733,0.25,0.625,0.5714285714285714,-0.125,-0.12317879781198382,0.375,0.5,0.42857142857142855,0.6212424849699398
2021-10-15,-0.375,-0.9940637352730269,0.25,0.625,0.5714285714285714,-0.125,-0.08045460435591306,0.375,0.5,0.42857142857142855,0.6653306613226453
2021-10-18,-0.375,-1.0852677063055949,0.25,0.625,0.5714285714285714,-0.125,-0.049515806221096414,0.375,0.5,0.42857142857142855,0.5430861723446894
2021-10-19,-0.375,-0.7808145032070489,0.25,0.625,0.5714285714285714,-0.125,-0.1685043224495983,0.375,0.5,0.42857142857142855,0.6192384769539078
2021-10-20,-0.375,-0.7736270730874092,0.25,0.625,0.5714285714285714,-0.125,-0.12131738581846857,0.375,0.5,0.42857142857142855,0.593186372745491
2021-10-21,-0.375,-1.2191840884230345,0.25,0.625,0.5714285714285714,-0.25,-0.3439164196230937,0.25,0.5,0.42857142857142855,0.501002004008016
2021-10-22,-0.375,-1.0048977186999193,0.25,0.625,0.5714285714285714,-0.25,-0.4231347425964807,0.25,0.5,0.42857142857142855,0.43286573146292584
2021-10-25,-0.375,-1.0850161838166916,0.25,0.625,0.5714285714285714,-0.25,-0.4221734224779912,0.25,0.5,0.42857142857142855,0.44488977955911824
2021-10-26,-0.375,-1.0970347205292772,0.25,0.625,0.5714285714285714,-0.25,-0.46238541332648986,0.25,0.5,0.42857142857142855,0.2985971943887776
2021-10-27,-0.375,-1.0354552366991867,0.25,0.625,0.5714285714285714,-0.25,-0.3760677739489457,0.25,0.5,0.42857142857142855,0.1743486973947896
2021-10-28,-0.375,-0.7686817476859149,0.25,0.625,0.5714285714285714,-0.125,-0.24286206108704272,0.25,0.375,0.2857142857142857,0.15831663326653306
2021-10-29,-0.375,-0.9158005969924995,0.25,0.625,0.5714285714285714,-0.25,-0.5320865075010759,0.25,0.5,0.42857142857142855,0.22044088176352705
2021-11-08,-0.125,-0.8027950830956058,0.375,0.5,0.42857142857142855,-0.25,-0.6053430968379905,0.25,0.5,0.42857142857142855,0.5130260521042084
2021-11-09,-0.125,-0.8095078716815273,0.375,0.5,0.42857142857142855,-0.125,-0.6046169866047096,0.25,0.375,0.2857142857142857,0.5531062124248497
2021-11-10,-0.25,-1.5183094454095554,0.375,0.625,0.5714285714285714,-0.25,-0.8202569280147267,0.25,0.5,0.42857142857142855,0.6192384769539078
2021-11-11,-0.375,-1.7192755715073171,0.375,0.75,0.7142857142857143,-0.25,-0.9631323579138503,0.25,0.5,0.42857142857142855,0.6112224448897795
2021-11-12,-0.5,-1.9632203351714757,0.375,0.875,0.8571428571428571,-0.25,-0.9356205450199938,0.25,0.5,0.42857142857142855,0.5370741482965932
2021-11-15,-0.375,-1.9360515030658498,0.25,0.625,0.5714285714285714,-0.25,-1.0712538761935846,0.25,0.5,0.42857142857142855,0.46893787575150303
2021-11-16,-0.375,-1.731262614054059,0.25,0.625,0.5714285714285714,-0.375,-1.3313312913411464,0.25,0.625,0.5714285714285714,0.5450901803607214
2021-11-17,-0.375,-1.861182361226768,0.25,0.625,0.5714285714285714,-0.5,-1.4630765558859238,0.25,0.75,0.7142857142857143,0.6312625250501002
2021-11-18,-0.375,-1.1978698353965689,0.25,0.625,0.5714285714285714,-0.375,-1.2778908534082212,0.25,0.625,0.5714285714285714,0.5270541082164328
2021-11-19,-0.375,-1.698056017173436,0.25,0.625,0.5714285714285714,-0.5,-1.6115943799431194,0.25,0.75,0.7142857142857143,0.5370741482965932
2021-11-22,-0.5,-2.2217360213627213,0.25,0.75,0.7142857142857143,-0.5,-1.6606073810041808,0.25,0.75,0.7142857142857143,0.6172344689378757
2021-11-23,-0.625,-2.4178902005152825,0.25,0.875,0.8571428571428571,-0.625,-1.9241594111838054,0.25,0.875,0.8571428571428571,0.45490981963927857
2021-11-24,-0.875,-2.823164681882573,0.125,1.0,1.0,-0.625,-2.0662467672466893,0.25,0.875,0.8571428571428571,0.5350701402805611
2021-11-25,-0.75,-2.600215382434117,0.125,0.875,0.8571428571428571,-0.625,-2.0974582512006723,0.25,0.875,0.8571428571428571,0.4248496993987976
2021-11-26,-0.875,-3.3939620164734197,0.125,1.0,1.0,-0.75,-2.3735365630408176,0.25,1.0,1.0,0.7354709418837675
2021-11-29,-0.875,-3.1200056668335034,0.125,1.0,1.0,-0.625,-2.257843553738001,0.25,0.875,0.8571428571428571,0.7334669338677354
2021-11-30,-0.875,-2.93732678533312,0.125,1.0,1.0,-0.625,-2.257823291727653,0.25,0.875,0.8571428571428571,0.7735470941883767
2021-12-01,-0.875,-2.9127208846863546,0.125,1.0,1.0,-0.625,-2.332071495152669,0.25,0.875,0.8571428571428571,0.7775551102204409
2021-12-02,-0.875,-2.8931434002550045,0.125,1.0,1.0,-0.625,-2.322012916646484,0.25,0.875,0.8571428571428571,0.7535070140280561
2021-12-03,-0.625,-2.2243600480330668,0.375,1.0,1.0,-0.5,-2.157173015327925,0.375,0.875,0.8571428571428571,0.7975951903807615
2021-12-06,-0.625,-2.566986292035647,0.375,1.0,1.0,-0.625,-2.254943840642023,0.25,0.875,0.8571428571428571,0.7835671342685371
2021-12-07,-0.75,-2.554665575992436,0.125,0.875,0.8571428571428571,-0.625,-2.3236498067194065,0.25,0.875,0.8571428571428571,0.7975951903807615
2021-12-08,-0.375,-2.1294785086792234,0.375,0.75,0.7142857142857143,-0.625,-2.2353092227560634,0.25,0.875,0.8571428571428571,0.8036072144288577
2021-12-09,-0.875,-2.474230219969864,0.125,1.0,1.0,-0.625,-2.4816169090493796,0.25,0.875,0.8571428571428571,0.8036072144288577
2021-12-10,-0.75,-2.3653357556510883,0.25,1.0,1.0,-0.625,-2.3563870436655874,0.25,0.875,0.8571428571428571,0.7935871743486974
2021-12-13,-0.625,-2.327131214619834,0.375,1.0,1.0,-0.625,-2.4014460275874328,0.25,0.875,0.8571428571428571,0.7775551102204409
2021-12-14,-0.75,-2.517831500836901,0.25,1.0,1.0,-0.625,-2.3101959877982656,0.25,0.875,0.8571428571428571,0.7615230460921844
2021-12-15,-0.75,-2.5193601996928168,0.25,1.0,1.0,-0.625,-2.336812488799025,0.25,0.875,0.8571428571428571,0.7655310621242485
2021-12-16,-0.625,-2.1251517681086973,0.25,0.875,0.8571428571428571,-0.625,-2.236972664247216,0.25,0.875,0.8571428571428571,0.7454909819639278
2021-12-17,-0.625,-2.275833422429245,0.25,0.875,0.8571428571428571,-0.75,-2.507070665321046,0.25,1.0,1.0,0.7615230460921844
2021-12-20,-0.625,-2.1003827745811314,0.25,0.875,0.8571428571428571,-0.75,-2.508426296799128,0.25,1.0,1.0,0.7735470941883767
2021-12-21,-0.75,-2.349174931145103,0.25,1.0,1.0,-0.75,-2.51272441870049,0.25,1.0,1.0,0.8256513026052105
2021-12-22,-0.625,-2.0409018218505426,0.25,0.875,0.8571428571428571,-0.75,-2.4460327380299463,0.25,1.0,1.0,0.8136272545090181
2021-12-23,-0.625,-2.213430906053544,0.25,0.875,0.8571428571428571,-0.75,-2.2814951163319446,0.25,1.0,1.0,0.8256513026052105
2021-12-24,-0.75,-2.3945679520103686,0.125,0.875,0.8571428571428571,-0.75,-2.2944865655975484,0.25,1.0,1.0,0.625250501002004
2021-12-27,-0.625,-2.221346077683673,0.25,0.875,0.8571428571428571,-0.75,-2.1608042876944085,0.25,1.0,1.0,0.625250501002004
2021-12-28,-0.75,-2.2379031079022926,0.125,0.875,0.8571428571428571,-0.75,-2.2681901495217294,0.25,1.0,1.0,0.5671342685370742
2021-12-29,-0.375,-1.455689445023624,0.25,0.625,0.5714285714285714,-0.75,-2.1994005644634265,0.25,1.0,1.0,0.5771543086172345
2021-12-30,-0.375,-1.4576541846549436,0.25,0.625,0.5714285714285714,-0.75,-2.173300001946871,0.25,1.0,1.0,0.5831663326653307
2021-12-31,-0.625,-1.2479096165803847,0.25,0.875,0.8571428571428571,-0.625,-1.9604167368311864,0.25,0.875,0.8571428571428571,0.3907815631262525
2022-01-03,-0.625,-1.9932104341412564,0.25,0.875,0.8571428571428571,-0.625,-1.991066222151796,0.25,0.875,0.8571428571428571,0.2785571142284569
2022-01-04,-0.625,-1.7177284859156632,0.25,0.875,0.8571428571428571,-0.625,-2.019708047373857,0.25,0.875,0.8571428571428571,0.2625250501002004
2022-01-05,-0.625,-1.4196645744035343,0.25,0.875,0.8571428571428571,-0.75,-1.9332244799207603,0.25,1.0,1.0,0.1683366733466934
2022-01-06,-0.5,-1.6252471643770163,0.375,0.875,0.8571428571428571,-0.625,-1.9267143225574463,0.375,1.0,1.0,0.250501002004008
2022-01-07,-0.5,-1.489037589907522,0.375,0.875,0.8571428571428571,-0.375,-1.6084778969418552,0.375,0.75,0.7142857142857143,0.26452905811623245
2022-01-10,-0.5,-1.9158795855985877,0.375,0.875,0.8571428571428571,-0.5,-1.7285430495841743,0.375,0.875,0.8571428571428571,0.3306613226452906
2022-01-11,-0.25,-1.3769180900382638,0.5,0.75,0.7142857142857143,-0.5,-1.7164894824192771,0.375,0.875,0.8571428571428571,0.39879759519038077
2022-01-12,-0.5,-1.489775946089559,0.25,0.75,0.7142857142857143,-0.375,-1.5576820592656488,0.375,0.75,0.7142857142857143,0.3486973947895792
2022-01-13,-0.375,-1.0552913698468513,0.375,0.75,0.7142857142857143,-0.5,-1.6888196903825083,0.375,0.875,0.8571428571428571,0.3527054108216433
2022-01-14,-0.375,-1.1065882734096602,0.375,0.75,0.7142857142857143,-0.5,-1.7570902479386619,0.375,0.875,0.8571428571428571,0.3066132264529058
2022-01-17,-0.5,-1.1197898578021308,0.375,0.875,0.8571428571428571,-0.5,-1.6364808187583706,0.375,0.875,0.8571428571428571,0.24248496993987975
2022-01-18,-0.5,-1.340718291284904,0.375,0.875,0.8571428571428571,-0.5,-1.82914615680785,0.375,0.875,0.8571428571428571,0.14829659318637275
2022-01-19,-0.5,-1.2759879632786806,0.375,0.875,0.8571428571428571,-0.625,-1.772806381528964,0.25,0.875,0.8571428571428571,0.08617234468937876
2022-01-20,-0.5,-1.4352581056578249,0.375,0.875,0.8571428571428571,-0.625,-1.8679008292034187,0.25,0.875,0.8571428571428571,0.07615230460921844
2022-01-21,-0.5,-1.2205856616001447,0.375,0.875,0.8571428571428571,-0.5,-1.9496425809067506,0.375,0.875,0.8571428571428571,0.2685370741482966
2022-01-24,-0.5,-1.074335460054674,0.375,0.875,0.8571428571428571,-0.375,-1.82656249998266,0.5,0.875,0.8571428571428571,0.23046092184368738
2022-01-25,-0.375,-1.0546832343123083,0.375,0.75,0.7142857142857143,-0.5,-1.8773838761985036,0.375,0.875,0.8571428571428571,0.26452905811623245
2022-01-26,-0.625,-1.2950272548610209,0.375,1.0,1.0,-0.375,-1.894105900577181,0.5,0.875,0.8571428571428571,0.2845691382765531
2022-01-27,-0.625,-1.6976576798973402,0.375,1.0,1.0,-0.375,-1.9404953842747392,0.5,0.875,0.8571428571428571,0.41282565130260523
2022-01-28,-0.625,-1.2349848604737403,0.375,1.0,1.0,-0.5,-2.0028975213410942,0.5,1.0,1.0,0.42084168336673344
2022-01-31,-0.625,-1.2076904614826847,0.375,1.0,1.0,-0.375,-1.8472946994018937,0.5,0.875,0.8571428571428571,0.3787575150300601
2022-02-01,-0.625,-1.321886537601599,0.375,1.0,1.0,-0.375,-1.9705363866510468,0.5,0.875,0.8571428571428571,0.3226452905811623
2022-02-02,-0.5,-0.7140102913548675,0.375,0.875,0.8571428571428571,-0.375,-1.9322370465607976,0.5,0.875,0.8571428571428571,0.2965931863727455
2022-02-03,-0.125,-0.03252589792761007,0.625,0.75,0.7142857142857143,-0.375,-1.6270689598127523,0.5,0.875,0.8571428571428571,0.36072144288577157
2022-02-04,0.125,0.03431442373814708,0.875,0.75,0.7142857142857143,-0.5,-1.5457156311816953,0.5,1.0,1.0,0.48296593186372744
2022-02-07,0.25,0.2954269728975838,0.875,0.625,0.5714285714285714,-0.5,-1.6720983232732125,0.5,1.0,1.0,0.45090180360721444
2022-02-08,0.25,0.4562078085730278,0.875,0.625,0.5714285714285714,-0.5,-1.759040994636953,0.5,1.0,1.0,0.4088176352705411
2022-02-09,0.375,0.5550620221552184,1.0,0.625,0.5714285714285714,-0.375,-1.6113523871199105,0.5,0.875,0.8571428571428571,0.32665330661322645
2022-02-10,0.375,0.27254789910533506,1.0,0.625,0.5714285714285714,-0.5,-1.681571971030157,0.5,1.0,1.0,0.35470941883767537
2022-02-11,0.25,0.26164077784455203,0.875,0.625,0.5714285714285714,-0.5,-1.801323695206747,0.5,1.0,1.0,0.43887775551102204
2022-02-14,0.125,0.32579598441517366,0.75,0.625,0.5714285714285714,-0.5,-1.8343858673297682,0.5,1.0,1.0,0.4288577154308617
2022-02-15,0.25,0.554709320260651,0.875,0.625,0.5714285714285714,-0.5,-1.7329581437415091,0.5,1.0,1.0,0.39478957915831664
2022-02-16,0.375,1.1075983190281404,0.875,0.5,0.42857142857142855,-0.5,-1.7004461729641682,0.5,1.0,1.0,0.4709418837675351
2022-02-17,0.25,1.0022338464379565,0.75,0.5,0.42857142857142855,-0.5,-1.8887292780371348,0.5,1.0,1.0,0.47695390781563124
2022-02-18,0.125,0.0144461427633205,0.5,0.375,0.2857142857142857,-0.5,-1.9966940064055412,0.5,1.0,1.0,0.22244488977955912
2022-02-21,0.125,0.1488483012294252,0.625,0.5,0.42857142857142855,-0.5,-1.888454274862303,0.5,1.0,1.0,0.24248496993987975
2022-02-22,-0.125,-0.0799975771851536,0.5,0.625,0.5714285714285714,-0.5,-1.9786712279354526,0.5,1.0,1.0,0.37074148296593185
2022-02-23,-0.125,-0.1078891835978138,0.375,0.5,0.42857142857142855,-0.375,-2.034401273411022,0.5,0.875,0.8571428571428571,0.4188376753507014
2022-02-24,-0.375,-0.9239117842479363,0.375,0.75,0.7142857142857143,-0.375,-2.1310418799401196,0.5,0.875,0.8571428571428571,0.46292585170340683
2022-02-25,-0.25,-0.24814862771980384,0.375,0.625,0.5714285714285714,-0.375,-1.956981988301595,0.5,0.875,0.8571428571428571,0.5450901803607214
2022-02-28,-0.125,-0.46020898199951527,0.25,0.375,0.2857142857142857,-0.625,-1.9272745836865453,0.125,0.75,0.7142857142857143,0.5751503006012024
2022-03-01,-0.5,-1.305546632833427,0.125,0.625,0.5714285714285714,-0.75,-2.3088484427203495,0.125,0.875,0.8571428571428571,0.5851703406813628
2022-03-02,-0.375,-1.6368608926858936,0.125,0.5,0.42857142857142855,-0.75,-2.2836539386413133,0.125,0.875,0.8571428571428571,0.7074148296593187
2022-03-03,-0.25,-1.4902750103833615,0.125,0.375,0.2857142857142857,-0.75,-2.5760228763582953,0.125,0.875,0.8571428571428571,0.6653306613226453
2022-03-04,-0.5,-2.0651309408477765,0.125,0.625,0.5714285714285714,-0.75,-2.9155622698527504,0.125,0.875,0.8571428571428571,0.7334669338677354
2022-03-07,-0.625,-2.2082622875861655,0.125,0.75,0.7142857142857143,-0.75,-3.084763352549132,0.125,0.875,0.8571428571428571,0.7374749498997996
2022-03-08,-0.625,-2.0496795085123156,0.125,0.75,0.7142857142857143,-0.875,-3.1031711759281224,0.125,1.0,1.0,0.7655310621242485
2022-03-09,-0.5,-1.669556125822637,0.125,0.625,0.5714285714285714,-0.875,-2.896082406140245,0.125,1.0,1.0,0.8416833667334669
2022-03-10,-0.625,-1.8448996141620349,0.125,0.75,0.7142857142857143,-0.875,-2.90791691092075,0.125,1.0,1.0,0.8717434869739479
2022-03-11,-0.375,-1.6115483638370451,0.25,0.625,0.5714285714285714,-0.875,-2.85590889549409,0.125,1.0,1.0,0.87374749498998
2022-03-14,-0.375,-1.6672850337980831,0.25,0.625,0.5714285714285714,-0.875,-2.837759396985473,0.125,1.0,1.0,0.8817635270541082
2022-03-15,-0.5,-1.7871207297178975,0.25,0.75,0.7142857142857143,-0.75,-2.562395065994882,0.25,1.0,1.0,0.8817635270541082
2022-03-16,-0.375,-1.508611860393139,0.25,0.625,0.5714285714285714,-0.75,-2.3227651218577376,0.25,1.0,1.0,0.8877755511022044
2022-03-17,-0.375,-1.1527393870117375,0.25,0.625,0.5714285714285714,-0.625,-2.0257669525928117,0.25,0.875,0.8571428571428571,0.8977955911823647
2022-03-18,-0.375,-1.1940595985157194,0.25,0.625,0.5714285714285714,-0.625,-2.1013866533099588,0.25,0.875,0.8571428571428571,0.9378757515030061
2022-03-21,-0.375,-1.3453709739744228,0.25,0.625,0.5714285714285714,-0.625,-2.110149210143322,0.25,0.875,0.8571428571428571,0.9258517034068137
2022-03-22,-0.375,-0.9118480934978791,0.25,0.625,0.5714285714285714,-0.5,-1.7626757597801492,0.25,0.75,0.7142857142857143,0.9819639278557114
2022-03-23,-0.375,-1.1496468491687302,0.25,0.625,0.5714285714285714,-0.625,-1.8696619390466258,0.25,0.875,0.8571428571428571,0.9799599198396793
2022-03-24,-0.375,-0.9677987475585236,0.25,0.625,0.5714285714285714,-0.5,-1.806069328712641,0.25,0.75,0.7142857142857143,0.9819639278557114
2022-03-25,-0.375,-1.2156540896086723,0.25,0.625,0.5714285714285714,-0.5,-1.824410723148027,0.25,0.75,0.7142857142857143,0.9659318637274549
2022-03-28,-0.25,-0.8477051036927221,0.375,0.625,0.5714285714285714,-0.5,-1.7986273592178188,0.25,0.75,0.7142857142857143,0.9759519038076152
2022-03-29,-0.25,-0.620812968704529,0.375,0.625,0.5714285714285714,-0.5,-1.7518107640957703,0.25,0.75,0.7142857142857143,0.9759519038076152
2022-03-30,-0.25,-0.4947296975614145,0.375,0.625,0.5714285714285714,-0.5,-1.6431507369298601,0.25,0.75,0.7142857142857143,0.9679358717434869
2022-03-31,-0.25,-0.7060575149381686,0.375,0.625,0.5714285714285714,-0.5,-1.9539598674397696,0.25,0.75,0.7142857142857143,0.9639278557114228
2022-04-01,-0.25,-0.9052035163793285,0.375,0.625,0.5714285714285714,-0.625,-1.9434776488547958,0.25,0.875,0.8571428571428571,0.8977955911823647
2022-04-04,-0.125,-0.9139645883187109,0.375,0.5,0.42857142857142855,-0.625,-1.9745196205380213,0.25,0.875,0.8571428571428571,0.8997995991983968
2022-04-05,-0.25,-1.1392254193967644,0.375,0.625,0.5714285714285714,-0.625,-2.0458614429666326,0.25,0.875,0.8571428571428571,0.9038076152304609
2022-04-06,-0.5,-1.450743041852978,0.25,0.75,0.7142857142857143,-0.75,-2.1913060186939055,0.25,1.0,1.0,0.8877755511022044
2022-04-07,-0.5,-1.5434874104621232,0.25,0.75,0.7142857142857143,-0.75,-2.210603730606485,0.25,1.0,1.0,0.8857715430861723
2022-04-08,-0.375,-1.3606456831428608,0.375,0.75,0.7142857142857143,-0.75,-2.212793085563101,0.25,1.0,1.0,0.8777555110220441
2022-04-11,-0.5,-1.3492152710438017,0.25,0.75,0.7142857142857143,-0.75,-2.136360585735651,0.25,1.0,1.0,0.875751503006012
2022-04-12,-0.5,-1.2203411617149569,0.25,0.75,0.7142857142857143,-0.75,-2.1654358088156247,0.25,1.0,1.0,0.8797595190380761
2022-04-13,-0.5,-1.1351488749462089,0.25,0.75,0.7142857142857143,-0.75,-2.091954226611438,0.25,1.0,1.0,0.8797595190380761
2022-04-14,-0.5,-1.220529740119541,0.25,0.75,0.7142857142857143,-0.75,-2.171593744093839,0.25,1.0,1.0,0.8717434869739479
2022-04-15,-0.5,-1.2039559416191672,0.25,0.75,0.7142857142857143,-0.75,-2.2879551883149487,0.25,1.0,1.0,0.8336673346693386
2022-04-18,-0.375,-1.2326676174376878,0.25,0.625,0.5714285714285714,-0.75,-2.320891715009139,0.25,1.0,1.0,0.8496993987975952
2022-04-19,-0.375,-1.0388242771601344,0.25,0.625,0.5714285714285714,-0.75,-2.22990745439155,0.25,1.0,1.0,0.7935871743486974
2022-04-20,-0.375,-0.7941450134354202,0.25,0.625,0.5714285714285714,-0.75,-2.242197549701051,0.25,1.0,1.0,0.8236472945891784
2022-04-21,-0.375,-0.6473832530668853,0.25,0.625,0.5714285714285714,-0.75,-2.3366650434491563,0.25,1.0,1.0,0.8196392785571143
2022-04-22,-0.25,-0.7851471424746208,0.375,0.625,0.5714285714285714,-0.75,-2.3575152228811302,0.25,1.0,1.0,0.8977955911823647
2022-04-25,-0.375,-1.2220904856400208,0.375,0.75,0.7142857142857143,-0.75,-2.5563658395687847,0.25,1.0,1.0,0.8877755511022044
2022-04-26,-0.625,-1.6186455282051708,0.375,1.0,1.0,-0.75,-2.7184669342360634,0.25,1.0,1.0,0.9118236472945892
2022-04-27,-0.625,-1.7138758458608399,0.375,1.0,1.0,-0.75,-2.714878333842481,0.25,1.0,1.0,0.9138276553106213
2022-04-28,-0.625,-1.9381657895160858,0.375,1.0,1.0,-0.75,-2.681033630248834,0.25,1.0,1.0,0.9198396793587175
2022-04-29,-0.75,-2.002707435550123,0.25,1.0,1.0,-0.75,-2.7972937482392326,0.25,1.0,1.0,0.9438877755511023
2022-05-02,-0.75,-2.092724176475279,0.25,1.0,1.0,-0.75,-2.8100421644614215,0.25,1.0,1.0,0.9318637274549099
2022-05-03,-0.75,-2.021046727222429,0.25,1.0,1.0,-0.75,-2.7639119730806394,0.25,1.0,1.0,0.9218436873747495
2022-05-04,-0.625,-1.8031771653851492,0.25,0.875,0.8571428571428571,-0.75,-2.7031133447165034,0.25,1.0,1.0,0.9599198396793587
2022-05-05,-0.625,-1.973422533961617,0.375,1.0,1.0,-0.75,-2.7120061784747165,0.25,1.0,1.0,0.9979959919839679
2022-05-06,-0.625,-1.717789101980942,0.375,1.0,1.0,-0.75,-2.765162108030885,0.25,1.0,1.0,0.9939879759519038
2022-05-09,-0.5,-1.8138028952650076,0.5,1.0,1.0,-0.75,-2.80008843291856,0.25,1.0,1.0,1.0
2022-05-10,-0.625,-2.0271320016190657,0.375,1.0,1.0,-0.75,-2.869479921051362,0.25,1.0,1.0,0.9979959919839679
2022-05-11,-0.625,-2.086813431074542,0.375,1.0,1.0,-0.75,-2.868418858459644,0.25,1.0,1.0,0.9879759519038076
2022-05-12,-0.625,-2.4066599257424928,0.375,1.0,1.0,-0.75,-3.1376159062919005,0.25,1.0,1.0,1.0
2022-05-13,-0.625,-2.119210152543309,0.375,1.0,1.0,-0.75,-3.036034379187156,0.25,1.0,1.0,1.0
2022-05-16,-0.5,-1.958008485828634,0.5,1.0,1.0,-0.75,-3.03593726103866,0.25,1.0,1.0,1.0
2022-05-17,-0.5,-1.8405286854943559,0.5,1.0,1.0,-0.75,-2.938115656432424,0.25,1.0,1.0,0.9979959919839679
2022-05-18,-0.625,-2.126757118116662,0.375,1.0,1.0,-0.75,-2.98434796604411,0.25,1.0,1.0,1.0
2022-05-19,-0.625,-1.7005255987216572,0.375,1.0,1.0,-0.75,-2.959393593705553,0.25,1.0,1.0,1.0
2022-05-20,-0.625,-2.0680939604909083,0.375,1.0,1.0,-0.75,-3.036575098099066,0.25,1.0,1.0,0.9899799599198397
2022-05-23,-0.5,-1.513108651792021,0.5,1.0,1.0,-0.75,-2.881983201559313,0.25,1.0,1.0,0.9959919839679359
2022-05-24,-0.375,-1.1851253461418416,0.625,1.0,1.0,-0.75,-2.8969151769523096,0.25,1.0,1.0,0.9859719438877755
2022-05-25,-0.375,-1.4407504108190587,0.625,1.0,1.0,-0.75,-2.989803656052592,0.25,1.0,1.0,0.9839679358717435
2022-05-26,-0.25,-1.0950842217441494,0.75,1.0,1.0,-0.75,-2.877331238921912,0.25,1.0,1.0,0.9779559118236473
2022-05-27,-0.125,-0.5996061088638447,0.75,0.875,0.8571428571428571,-0.75,-2.837713081972584,0.25,1.0,1.0,0.9739478957915831
2022-05-30,-0.125,-0.2071138324444899,0.75,0.875,0.8571428571428571,-0.75,-2.700743169329302,0.25,1.0,1.0,0.9759519038076152
2022-05-31,-0.25,-0.44235735409556753,0.625,0.875,0.8571428571428571,-0.75,-2.6489649838894316,0.25,1.0,1.0,0.9779559118236473
2022-06-01,-0.25,-1.0374630028267016,0.625,0.875,0.8571428571428571,-0.75,-2.6446231280689303,0.25,1.0,1.0,0.9679358717434869
2022-06-02,-0.25,-0.6166986777392153,0.625,0.875,0.8571428571428571,-0.75,-2.466650562282699,0.25,1.0,1.0,0.9498997995991983
2022-06-03,-0.25,-0.5005639872099519,0.625,0.875,0.8571428571428571,-0.75,-2.3494226714689255,0.25,1.0,1.0,0.9539078156312625
2022-06-06,-0.25,-0.6100368834003327,0.625,0.875,0.8571428571428571,-0.75,-2.3814107578590895,0.25,1.0,1.0,0.935871743486974
2022-06-07,-0.125,-0.6190197421711877,0.625,0.75,0.7142857142857143,-0.75,-2.289362175040993,0.25,1.0,1.0,0.9398797595190381
2022-06-08,-0.25,-0.712709935256073,0.625,0.875,0.8571428571428571,-0.75,-2.0107425886878914,0.25,1.0,1.0,0.9478957915831663
2022-06-09,-0.375,-1.179649025719732,0.625,1.0,1.0,-0.75,-2.024956619612843,0.25,1.0,1.0,0.9338677354709419
2022-06-10,-0.25,-1.3942018409782788,0.75,1.0,1.0,-0.75,-2.0927026643407793,0.25,1.0,1.0,0.9258517034068137
2022-06-13,-0.25,-1.6213307935480787,0.75,1.0,1.0,-0.625,-2.366577226565743,0.375,1.0,1.0,0.9458917835671342
2022-06-14,-0.25,-1.5202533333789199,0.75,1.0,1.0,-0.625,-2.3396381989560044,0.375,1.0,1.0,0.9338677354709419
2022-06-15,-0.25,-1.5530795498687195,0.75,1.0,1.0,-0.625,-2.417515936693655,0.375,1.0,1.0,0.9298597194388778
2022-06-16,-0.375,-1.5568714127768124,0.625,1.0,1.0,-0.75,-2.391169459492119,0.25,1.0,1.0,0.9559118236472945
2022-06-17,-0.375,-1.4163845508173911,0.625,1.0,1.0,-0.75,-2.3062607548835845,0.25,1.0,1.0,0.9799599198396793
2022-06-20,-0.375,-1.5642645837446723,0.625,1.0,1.0,-0.75,-2.2116181932326655,0.25,1.0,1.0,0.9679358717434869
2022-06-21,-0.375,-1.5947606470384996,0.625,1.0,1.0,-0.75,-2.0104293585848008,0.25,1.0,1.0,0.9679358717434869
2022-06-22,-0.375,-1.5783196862416862,0.625,1.0,1.0,-0.625,-1.9635016619488743,0.375,1.0,1.0,0.9759519038076152
2022-06-23,-0.375,-1.5477355177956356,0.625,1.0,1.0,-0.75,-2.1344320368684366,0.25,1.0,1.0,0.9819639278557114
2022-06-24,-0.375,-1.4487647974323525,0.625,1.0,1.0,-0.625,-2.0490405276648396,0.375,1.0,1.0,0.9799599198396793
2022-06-27,-0.375,-1.0680837788170918,0.625,1.0,1.0,-0.625,-1.9626572045039339,0.375,1.0,1.0,0.9759519038076152
2022-06-28,-0.375,-0.981616153834763,0.625,1.0,1.0,-0.5,-1.874223288680342,0.5,1.0,1.0,0.9779559118236473
2022-06-29,-0.375,-1.1622730290903318,0.625,1.0,1.0,-0.625,-1.8969315249495808,0.375,1.0,1.0,0.969939879759519
2022-06-30,-0.375,-1.0793644968332428,0.625,1.0,1.0,-0.625,-1.9325567921671865,0.375,1.0,1.0,0.9599198396793587
2022-07-01,-0.375,-1.2536489200181689,0.625,1.0,1.0,-0.625,-2.100397242177597,0.375,1.0,1.0,0.9679358717434869
2022-07-04,-0.375,-1.3567808181594636,0.625,1.0,1.0,-0.625,-2.0701062127320005,0.375,1.0,1.0,0.9619238476953907
2022-07-05,-0.375,-1.582966018957825,0.625,1.0,1.0,-0.625,-2.2211192956965498,0.375,1.0,1.0,0.9759519038076152
2022-07-06,-0.375,-2.0082219409285655,0.625,1.0,1.0,-0.625,-2.322705682647374,0.375,1.0,1.0,0.9639278557114228
2022-07-07,-0.375,-2.038143536066167,0.625,1.0,1.0,-0.75,-2.290002474231229,0.25,1.0,1.0,0.9539078156312625
2022-07-08,-0.375,-2.0302058811135923,0.625,1.0,1.0,-0.75,-2.2688384895189344,0.25,1.0,1.0,0.9338677354709419
2022-07-11,-0.375,-2.207179186228563,0.625,1.0,1.0,-0.75,-2.2885977123744907,0.25,1.0,1.0,0.9178356713426854
2022-07-12,-0.5,-2.265226774969842,0.5,1.0,1.0,-0.75,-2.365508339959633,0.25,1.0,1.0,0.8957915831663327
2022-07-13,-0.5,-2.1764292402058496,0.5,1.0,1.0,-0.75,-2.3642439985906707,0.25,1.0,1.0,0.8717434869739479
2022-07-14,-0.375,-2.365568260410398,0.625,1.0,1.0,-0.75,-2.3231163296079904,0.25,1.0,1.0,0.8476953907815631
2022-07-15,-0.5,-2.3732613245102288,0.5,1.0,1.0,-0.75,-2.2562204890946456,0.25,1.0,1.0,0.8136272545090181
2022-07-18,-0.5,-2.0564043785402024,0.5,1.0,1.0,-0.75,-2.2285183687434014,0.25,1.0,1.0,0.8296593186372746
2022-07-19,-0.5,-1.4708585153596052,0.5,1.0,1.0,-0.625,-2.0378613968700847,0.375,1.0,1.0,0.8256513026052105
2022-07-20,-0.5,-1.4817021250183158,0.5,1.0,1.0,-0.75,-2.1631418868695196,0.25,1.0,1.0,0.7715430861723447
2022-07-21,-0.375,-1.41404379786864,0.5,0.875,0.8571428571428571,-0.625,-2.1683726210269967,0.375,1.0,1.0,0.7254509018036072
2022-07-22,-0.375,-1.591097938597639,0.5,0.875,0.8571428571428571,-0.75,-2.2488560718453896,0.25,1.0,1.0,0.7535070140280561
2022-07-25,-0.375,-1.3761859812902673,0.375,0.75,0.7142857142857143,-0.75,-2.1744330087215658,0.25,1.0,1.0,0.7875751503006012
2022-07-26,-0.625,-1.8236360940718772,0.25,0.875,0.8571428571428571,-0.75,-2.2463679763065647,0.25,1.0,1.0,0.781563126252505
2022-07-27,-0.5,-1.7572842661999677,0.375,0.875,0.8571428571428571,-0.75,-2.151607586809891,0.25,1.0,1.0,0.7855711422845691
2022-07-28,-0.625,-1.6776933739000248,0.125,0.75,0.7142857142857143,-0.75,-2.3031606032032106,0.25,1.0,1.0,0.8376753507014028
2022-07-29,-0.625,-1.5577546346472066,0.125,0.75,0.7142857142857143,-0.75,-2.231795979496804,0.25,1.0,1.0,0.8076152304609219
2022-08-01,-0.375,-1.438122310955391,0.125,0.5,0.42857142857142855,-0.75,-2.2707414514897493,0.25,1.0,1.0,0.8296593186372746
2022-08-02,-0.625,-1.687676243449598,0.125,0.75,0.7142857142857143,-0.75,-2.340064361663658,0.25,1.0,1.0,0.8256513026052105
2022-08-03,-0.5,-1.6562679687460984,0.125,0.625,0.5714285714285714,-0.75,-2.301012446762488,0.25,1.0,1.0,0.8316633266533067
2022-08-04,-0.25,-0.5712194506242738,0.25,0.5,0.42857142857142855,-0.75,-2.236767344332538,0.25,1.0,1.0,0.8096192384769539
2022-08-05,-0.625,-0.9696129717774957,0.25,0.875,0.8571428571428571,-0.75,-2.2577418564318594,0.25,1.0,1.0,0.845691382765531
2022-08-08,-0.5,-0.9338068902460466,0.25,0.75,0.7142857142857143,-0.75,-2.1354739559389615,0.25,1.0,1.0,0.8276553106212425
2022-08-09,-0.5,-1.3091223771112794,0.375,0.875,0.8571428571428571,-0.75,-2.054720739975278,0.25,1.0,1.0,0.8196392785571143
2022-08-10,-0.25,-0.6703777041168899,0.25,0.5,0.42857142857142855,-0.75,-1.999726518288393,0.25,1.0,1.0,0.8557114228456913
2022-08-11,-0.25,-1.1558931647542547,0.25,0.5,0.42857142857142855,-0.625,-1.839363198108741,0.25,0.875,0.8571428571428571,0.8356713426853707
2022-08-12,-0.125,-1.1693236859348204,0.375,0.5,0.42857142857142855,-0.625,-1.8960069679603462,0.25,0.875,0.8571428571428571,0.843687374749499
2022-08-15,-0.75,-2.2360441090295655,0.125,0.875,0.8571428571428571,-0.75,-2.202206376087324,0.25,1.0,1.0,0.8577154308617234
2022-08-16,-0.625,-2.2670546719724594,0.25,0.875,0.8571428571428571,-0.75,-2.1851672344495197,0.25,1.0,1.0,0.8537074148296593
2022-08-17,-0.625,-2.070622543584676,0.25,0.875,0.8571428571428571,-0.75,-2.2025966303722706,0.25,1.0,1.0,0.8657314629258517
2022-08-18,-0.625,-2.41543242068815,0.25,0.875,0.8571428571428571,-0.75,-2.2065085459758476,0.25,1.0,1.0,0.8657314629258517
2022-08-19,-0.75,-2.390843982080832,0.25,1.0,1.0,-0.75,-2.271363943923002,0.25,1.0,1.0,0.8637274549098196
2022-08-22,-0.875,-2.7365809632926963,0.125,1.0,1.0,-0.75,-2.3420760346845144,0.25,1.0,1.0,0.8617234468937875
2022-08-23,-0.875,-2.8830063587152144,0.125,1.0,1.0,-0.75,-2.350473355595367,0.25,1.0,1.0,0.8577154308617234
2022-08-24,-0.875,-2.8768519717668894,0.125,1.0,1.0,-0.75,-2.3684987615138136,0.25,1.0,1.0,0.8476953907815631
2022-08-25,-0.875,-3.0426223178878606,0.125,1.0,1.0,-0.75,-2.398241040434221,0.25,1.0,1.0,0.8276553106212425
2022-08-26,-0.875,-2.9223014167508206,0.125,1.0,1.0,-0.75,-2.3778302127043,0.25,1.0,1.0,0.845691382765531
2022-08-29,-0.625,-2.615523179256877,0.25,0.875,0.8571428571428571,-0.75,-2.2794537292948647,0.25,1.0,1.0,0.8416833667334669
2022-08-30,-0.75,-2.51820391487182,0.25,1.0,1.0,-0.625,-2.2581652462148853,0.375,1.0,1.0,0.8236472945891784
2022-08-31,-0.625,-2.459400472154931,0.25,0.875,0.8571428571428571,-0.625,-2.1686868518111937,0.375,1.0,1.0,0.8156312625250501
2022-09-01,-0.75,-2.5063360154349383,0.25,1.0,1.0,-0.625,-2.218192963224624,0.375,1.0,1.0,0.8196392785571143
2022-09-02,-0.625,-2.317255981912913,0.25,0.875,0.8571428571428571,-0.625,-2.181525650063379,0.375,1.0,1.0,0.7935871743486974
2022-09-05,-0.625,-2.064618299255808,0.25,0.875,0.8571428571428571,-0.625,-2.1976851917616615,0.375,1.0,1.0,0.7454909819639278
2022-09-06,-0.625,-2.1721080606355896,0.25,0.875,0.8571428571428571,-0.625,-2.119935180382745,0.375,1.0,1.0,0.811623246492986
2022-09-07,-0.5,-1.6007483593503937,0.375,0.875,0.8571428571428571,-0.625,-1.963428399781351,0.375,1.0,1.0,0.8036072144288577
2022-09-08,-0.625,-1.814122639437811,0.375,1.0,1.0,-0.625,-1.8899910032287088,0.375,1.0,1.0,0.8196392785571143
2022-09-09,-0.375,-1.8000698049988495,0.375,0.75,0.7142857142857143,-0.625,-1.821187455523087,0.375,1.0,1.0,0.8316633266533067
2022-09-12,-0.5,-1.6056131700619627,0.375,0.875,0.8571428571428571,-0.625,-1.7067551570795625,0.375,1.0,1.0,0.7935871743486974
2022-09-13,-0.5,-2.1666355495701843,0.375,0.875,0.8571428571428571,-0.625,-1.8319579542189497,0.375,1.0,1.0,0.8396793587174348
2022-09-14,-0.75,-2.472075016092138,0.25,1.0,1.0,-0.625,-1.8800929451030324,0.375,1.0,1.0,0.8256513026052105
2022-09-15,-0.625,-2.055478559219349,0.375,1.0,1.0,-0.5,-1.920993557734958,0.5,1.0,1.0,0.8336673346693386
2022-09-16,-0.5,-2.2312007788658725,0.5,1.0,1.0,-0.625,-1.950631216871211,0.375,1.0,1.0,0.8136272545090181
2022-09-19,-0.5,-2.282259168106208,0.5,1.0,1.0,-0.5,-1.9088593676403787,0.5,1.0,1.0,0.7935871743486974
2022-09-20,-0.5,-2.330722371486251,0.5,1.0,1.0,-0.5,-1.9709398135454186,0.5,1.0,1.0,0.8016032064128257
2022-09-21,-0.625,-2.5208796628507573,0.375,1.0,1.0,-0.625,-2.041066424458247,0.375,1.0,1.0,0.8416833667334669
2022-09-22,-0.625,-2.696095459943027,0.375,1.0,1.0,-0.5,-2.1129307793742447,0.5,1.0,1.0,0.8657314629258517
2022-09-23,-0.625,-2.3543392163005135,0.375,1.0,1.0,-0.5,-2.1449636969759194,0.5,1.0,1.0,0.9098196392785571
2022-09-26,-0.625,-2.277783522150541,0.375,1.0,1.0,-0.5,-2.181419719355497,0.5,1.0,1.0,0.9338677354709419
2022-09-27,-0.625,-2.103268114819471,0.375,1.0,1.0,-0.5,-2.1915244611147062,0.5,1.0,1.0,0.9198396793587175
2022-09-28,-0.5,-1.5662631990018896,0.5,1.0,1.0,-0.5,-2.0507276493945366,0.5,1.0,1.0,0.9498997995991983
2022-09-29,-0.25,-1.2187024795170747,0.75,1.0,1.0,-0.5,-2.0253328340793315,0.5,1.0,1.0,0.9839679358717435
2022-09-30,-0.25,-1.1962965512948651,0.75,1.0,1.0,-0.5,-2.1043875040612994,0.5,1.0,1.0,0.9979959919839679
2022-10-03,-0.25,-1.0230173481617304,0.75,1.0,1.0,-0.5,-2.2058998311231814,0.5,1.0,1.0,1.0
2022-10-04,-0.125,-0.21229539933738972,0.75,0.875,0.8571428571428571,-0.5,-1.9765473572044376,0.5,1.0,1.0,1.0
2022-10-05,-0.25,-0.7588759742107178,0.75,1.0,1.0,-0.5,-2.1486937350032775,0.5,1.0,1.0,1.0
2022-10-06,-0.25,-0.912656493580171,0.75,1.0,1.0,-0.5,-2.20285997222051,0.5,1.0,1.0,1.0
2022-10-07,-0.25,-1.2416423230026872,0.75,1.0,1.0,-0.5,-2.212784632237437,0.5,1.0,1.0,0.9979959919839679
2022-10-10,-0.25,-1.4710890170166302,0.75,1.0,1.0,-0.5,-2.2352532358319674,0.5,1.0,1.0,0.9959919839679359
2022-10-11,-0.25,-1.5573436650968666,0.75,1.0,1.0,-0.5,-2.190402549637726,0.5,1.0,1.0,0.9879759519038076
2022-10-12,-0.25,-1.4808954382514252,0.75,1.0,1.0,-0.5,-2.21478683941753,0.5,1.0,1.0,0.9899799599198397
2022-10-13,-0.25,-1.4514714936937385,0.75,1.0,1.0,-0.5,-2.1818253968548413,0.5,1.0,1.0,1.0
2022-10-14,-0.25,-1.370925400028348,0.75,1.0,1.0,-0.375,-2.150235205453092,0.625,1.0,1.0,1.0
2022-10-17,-0.25,-1.1165515214073225,0.75,1.0,1.0,-0.375,-2.004154681932654,0.625,1.0,1.0,1.0
2022-10-18,-0.125,-0.7887754606577962,0.875,1.0,1.0,-0.375,-1.9861254735002851,0.625,1.0,1.0,0.9979959919839679
2022-10-19,-0.125,-1.2711263056082567,0.875,1.0,1.0,-0.375,-2.0798492707398246,0.625,1.0,1.0,0.9959919839679359
2022-10-20,-0.125,-1.139706230352977,0.875,1.0,1.0,-0.375,-2.1305667773915493,0.625,1.0,1.0,0.9919839679358717
2022-10-21,-0.125,-1.1397969345213075,0.875,1.0,1.0,-0.375,-2.0572936666445285,0.625,1.0,1.0,0.9759519038076152
2022-10-24,-0.125,-0.991355852183907,0.875,1.0,1.0,-0.375,-1.9830106257912352,0.625,1.0,1.0,0.9719438877755511
2022-10-25,-0.125,-0.5941490371653311,0.875,1.0,1.0,-0.5,-1.9413676723328641,0.5,1.0,1.0,0.9819639278557114
2022-10-26,-0.125,-0.28839717207999116,0.875,1.0,1.0,-0.5,-1.814624734840437,0.5,1.0,1.0,0.9799599198396793
2022-10-27,-0.125,-0.9565126919492534,0.875,1.0,1.0,-0.5,-1.9485346664506558,0.5,1.0,1.0,0.9639278557114228
2022-10-28,-0.125,-0.7607079572028882,0.875,1.0,1.0,-0.5,-1.8987404656375588,0.5,1.0,1.0,0.9599198396793587
2022-11-09,-0.125,-0.6376841177978041,0.875,1.0,1.0,-0.375,-1.7528916802091292,0.625,1.0,1.0,0.9619238476953907
2022-11-10,-0.125,-0.08730321853683165,0.875,1.0,1.0,-0.5,-1.661954627332507,0.5,1.0,1.0,0.9619238476953907
2022-11-11,0.25,0.24954586338872042,1.0,0.75,0.7142857142857143,-0.5,-1.4481397339193292,0.5,1.0,1.0,0.9639278557114228
2022-11-14,0.125,0.003988082021116224,1.0,0.875,0.8571428571428571,-0.5,-1.5122154411116207,0.5,1.0,1.0,0.9599198396793587
2022-11-15,0.125,0.37731252987239183,1.0,0.875,0.8571428571428571,-0.5,-1.4195555033563514,0.5,1.0,1.0,0.9619238476953907
2022-11-16,0.25,0.9909276990807967,1.0,0.75,0.7142857142857143,-0.5,-1.3056311825684388,0.5,1.0,1.0,0.9619238476953907
2022-11-17,0.125,0.8375246793807033,1.0,0.875,0.8571428571428571,-0.5,-1.3730773185825582,0.5,1.0,1.0,0.9559118236472945
2022-11-18,0.125,0.7669193917980892,1.0,0.875,0.8571428571428571,-0.5,-1.4290104230068743,0.5,1.0,1.0,0.9498997995991983
2022-11-21,0.125,0.7029907066240949,1.0,0.875,0.8571428571428571,-0.5,-1.500089388418589,0.5,1.0,1.0,0.9398797595190381
2022-11-22,0.375,1.2881046082519954,1.0,0.625,0.5714285714285714,-0.5,-1.489684678548647,0.5,1.0,1.0,0.935871743486974
2022-11-23,0.5,1.9532032878130992,1.0,0.5,0.42857142857142855,-0.5,-1.404129345037337,0.5,1.0,1.0,0.9298597194388778
2022-11-24,0.5,1.8360015148608457,1.0,0.5,0.42857142857142855,-0.625,-1.4861395903245824,0.375,1.0,1.0,0.9218436873747495
2022-11-25,0.5,1.7976096351931408,1.0,0.5,0.42857142857142855,-0.5,-1.41094201305812,0.5,1.0,1.0,0.9138276553106213
2022-11-28,0.375,1.34042096361514,1.0,0.625,0.5714285714285714,-0.5,-1.5409614292770426,0.5,1.0,1.0,0.9338677354709419
2022-11-29,0.5,1.4967802180547842,1.0,0.5,0.42857142857142855,-0.625,-1.5745481754059916,0.375,1.0,1.0,0.9218436873747495
2022-11-30,0.625,1.7543478515991835,1.0,0.375,0.2857142857142857,-0.625,-1.4300968686140736,0.375,1.0,1.0,0.9198396793587175
2022-12-01,0.5,1.8619773080455175,0.875,0.375,0.2857142857142857,-0.625,-1.3782062103947974,0.375,1.0,1.0,0.935871743486974
2022-12-02,0.5,1.6677473071255315,0.875,0.375,0.2857142857142857,-0.75,-1.6070300667365829,0.25,1.0,1.0,0.9258517034068137
2022-12-05,0.5,1.7723065554678357,0.875,0.375,0.2857142857142857,-0.625,-1.4221188033835386,0.375,1.0,1.0,0.935871743486974
2022-12-06,0.5,1.6167071294174726,0.875,0.375,0.2857142857142857,-0.625,-1.5048553143387797,0.375,1.0,1.0,0.9258517034068137
2022-12-07,0.5,1.7464833796224972,0.875,0.375,0.2857142857142857,-0.625,-1.3978376181251464,0.375,1.0,1.0,0.8577154308617234
2022-12-08,0.75,1.941140211691998,1.0,0.25,0.14285714285714285,-0.625,-1.235366595458559,0.375,1.0,1.0,0.7875751503006012
2022-12-09,0.5,1.5155072722939786,0.75,0.25,0.14285714285714285,-0.625,-1.3676380003468456,0.375,1.0,1.0,0.749498997995992
2022-12-12,0.625,1.5512778608977713,0.875,0.25,0.14285714285714285,-0.625,-1.3709837906101325,0.375,1.0,1.0,0.749498997995992
2022-12-13,0.625,1.6400524816952484,0.875,0.25,0.14285714285714285,-0.625,-1.0829684376935487,0.375,1.0,1.0,0.749498997995992
2022-12-14,0.5,1.5637055255293375,0.875,0.375,0.2857142857142857,-0.625,-1.0602173077721182,0.375,1.0,1.0,0.7434869739478958
2022-12-15,0.625,1.869526045279922,1.0,0.375,0.2857142857142857,-0.375,-1.0904236150907134,0.625,1.0,1.0,0.7935871743486974
2022-12-16,0.5,1.7084593266343375,0.875,0.375,0.2857142857142857,-0.5,-1.3139060125275783,0.5,1.0,1.0,0.8056112224448898
2022-12-19,0.625,1.8023593645666938,0.875,0.25,0.14285714285714285,-0.375,-1.2756815967351933,0.625,1.0,1.0,0.7975951903807615
2022-12-20,0.375,1.640349956056935,0.75,0.375,0.2857142857142857,-0.375,-1.4901065611909705,0.625,1.0,1.0,0.8997995991983968
2022-12-21,0.5,1.625505781015835,0.875,0.375,0.2857142857142857,-0.375,-1.5015629113283429,0.625,1.0,1.0,0.8897795591182365
2022-12-22,0.5,1.7439296924119743,0.875,0.375,0.2857142857142857,-0.375,-1.490686135461862,0.625,1.0,1.0,0.8857715430861723
2022-12-23,0.625,2.2047303822262387,0.875,0.25,0.14285714285714285,-0.375,-1.5369531892091475,0.625,1.0,1.0,0.9038076152304609
2022-12-26,0.75,2.3764545435414117,1.0,0.25,0.14285714285714285,-0.25,-1.4384075006011456,0.75,1.0,1.0,0.8637274549098196
2022-12-27,0.75,2.5138170101269446,0.875,0.125,0.0,-0.25,-1.486392678597987,0.75,1.0,1.0,0.845691382765531
2022-12-28,0.625,2.3676520185778402,0.75,0.125,0.0,-0.25,-1.337322322514868,0.75,1.0,1.0,0.8336673346693386
2022-12-29,0.625,2.478461463524545,0.75,0.125,0.0,-0.25,-1.3026275538637992,0.75,1.0,1.0,0.781563126252505
2022-12-30,0.625,2.3533438067645713,0.75,0.125,0.0,-0.25,-1.3508366298063497,0.75,1.0,1.0,0.7875751503006012
2023-01-02,0.625,2.267447907443092,0.75,0.125,0.0,-0.375,-1.3795476206052226,0.625,1.0,1.0,0.7575150300601202
2023-01-03,0.625,2.0245956267906955,0.75,0.125,0.0,-0.375,-1.7710333665461084,0.625,1.0,1.0,0.7775551102204409
2023-01-04,0.625,2.369036603255679,0.75,0.125,0.0,-0.5,-1.4393576939115096,0.5,1.0,1.0,0.8416833667334669
2023-01-05,0.5,1.7746678763524835,0.75,0.25,0.14285714285714285,-0.5,-1.6201896211006652,0.5,1.0,1.0,0.8517034068136272
2023-01-06,0.625,2.2587065428198194,0.75,0.125,0.0,-0.375,-1.5933277855796606,0.625,1.0,1.0,0.8837675350701403
2023-01-09,0.625,2.5344466478617367,0.75,0.125,0.0,-0.375,-1.4359277011552758,0.625,1.0,1.0,0.8777555110220441
2023-01-10,0.75,2.4738592995190265,0.875,0.125,0.0,-0.375,-1.3215370867127618,0.625,1.0,1.0,0.8336673346693386
2023-01-11,0.75,2.5287192719902465,0.875,0.125,0.0,-0.375,-1.319027962183741,0.625,1.0,1.0,0.8396793587174348
2023-01-12,0.625,2.532710871455223,0.75,0.125,0.0,-0.375,-1.074523874187908,0.625,1.0,1.0,0.8256513026052105
2023-01-13,0.625,2.4403287495684824,0.75,0.125,0.0,-0.375,-1.205806753897134,0.625,1.0,1.0,0.8176352705410822
2023-01-16,0.625,2.3293141492399183,0.75,0.125,0.0,-0.375,-1.1059537119998333,0.625,1.0,1.0,0.8016032064128257
2023-01-17,0.5,2.166022155934358,0.625,0.125,0.0,-0.5,-1.2759226178275431,0.5,1.0,1.0,0.6893787575150301
2023-01-18,0.5,1.949327789279695,0.625,0.125,0.0,-0.5,-1.22965218754579,0.5,1.0,1.0,0.7034068136272545
2023-01-19,0.625,2.054304469885839,0.75,0.125,0.0,-0.25,-1.1007998805240278,0.625,0.875,0.8571428571428571,0.717434869739479
2023-01-20,0.5,2.2602272547571745,0.625,0.125,0.0,-0.375,-0.8750943714585832,0.5,0.875,0.8571428571428571,0.7394789579158316
2023-01-23,0.5,2.2904075868032407,0.625,0.125,0.0,-0.375,-0.5716281562634775,0.5,0.875,0.8571428571428571,0.7835671342685371
2023-01-24,0.625,2.3351041756704993,0.75,0.125,0.0,-0.25,-0.5340511938794547,0.5,0.75,0.7142857142857143,0.7735470941883767
2023-01-25,0.5,2.14852282913096,0.625,0.125,0.0,-0.25,-0.6733515883721759,0.5,0.75,0.7142857142857143,0.7775551102204409
2023-01-26,0.5,2.073483391466616,0.625,0.125,0.0,-0.375,-0.7945483550360597,0.5,0.875,0.8571428571428571,0.779559118236473
2023-01-27,0.5,1.9426089109977993,0.625,0.125,0.0,-0.5,-0.9236765738700261,0.5,1.0,1.0,0.7334669338677354
2023-01-30,0.5,2.212820673188968,0.625,0.125,0.0,-0.5,-1.2549229487133104,0.5,1.0,1.0,0.7314629258517034
2023-01-31,0.5,2.2000622077762206,0.625,0.125,0.0,-0.5,-1.2122401505831142,0.375,0.875,0.8571428571428571,0.7354709418837675
2023-02-01,0.5,2.265866768409719,0.625,0.125,0.0,-0.25,-0.9412709575606574,0.5,0.75,0.7142857142857143,0.687374749498998
2023-02-02,0.5,2.1041868165891433,0.625,0.125,0.0,-0.375,-1.090644482092256,0.5,0.875,0.8571428571428571,0.6993987975951904
2023-02-03,0.625,2.023347130471324,0.875,0.25,0.14285714285714285,-0.625,-1.3064250681279463,0.375,1.0,1.0,0.7214428857715431
2023-02-06,0.625,1.9738108763542601,0.875,0.25,0.14285714285714285,-0.625,-1.3944459115882348,0.375,1.0,1.0,0.7214428857715431
2023-02-07,0.625,1.802186463121013,0.875,0.25,0.14285714285714285,-0.5,-1.213196878943632,0.375,0.875,0.8571428571428571,0.7635270541082164
2023-02-08,0.625,1.5395655472081828,0.875,0.25,0.14285714285714285,-0.375,-1.19891596502273,0.5,0.875,0.8571428571428571,0.7535070140280561
2023-02-09,0.5,1.654396189187523,0.75,0.25,0.14285714285714285,-0.5,-1.2642688604904824,0.375,0.875,0.8571428571428571,0.6753507014028056
2023-02-10,0.625,1.6942849252091907,0.75,0.125,0.0,-0.625,-1.4243961348611593,0.375,1.0,1.0,0.6753507014028056
2023-02-13,0.625,2.1284111710612277,0.75,0.125,0.0,-0.5,-1.2186727425915524,0.375,0.875,0.8571428571428571,0.7254509018036072
2023-02-14,0.625,2.0885101715984655,0.75,0.125,0.0,-0.5,-1.1202548664687053,0.5,1.0,1.0,0.7154308617234469
2023-02-15,0.5,1.8188901363661727,0.875,0.375,0.2857142857142857,-0.5,-1.1276596574674533,0.5,1.0,1.0,0.7054108216432866
2023-02-16,0.375,1.5900862523798578,0.875,0.5,0.42857142857142855,-0.5,-1.2081119298493952,0.5,1.0,1.0,0.6673346693386774
2023-02-17,0.375,1.7191983291875568,0.875,0.5,0.42857142857142855,-0.375,-1.1392575892719434,0.625,1.0,1.0,0.5971943887775552
2023-02-20,0.625,2.2825289496197594,0.75,0.125,0.0,-0.25,-0.9655006673743937,0.625,0.875,0.8571428571428571,0.5410821643286573
2023-02-21,0.875,2.5584203683537954,1.0,0.125,0.0,-0.375,-1.1735244491297752,0.625,1.0,1.0,0.5791583166332666
2023-02-22,0.375,1.5299712119717386,0.875,0.5,0.42857142857142855,-0.25,-1.1927950629018438,0.75,1.0,1.0,0.5591182364729459
2023-02-23,0.375,0.6477326356539528,1.0,0.625,0.5714285714285714,-0.25,-1.0337601729925403,0.75,1.0,1.0,0.5350701402805611
2023-02-24,0.125,0.09523044969249783,1.0,0.875,0.8571428571428571,-0.25,-1.075765017825945,0.75,1.0,1.0,0.591182364729459
2023-02-27,0.625,0.986971676364412,1.0,0.375,0.2857142857142857,-0.25,-0.8679483431694548,0.75,1.0,1.0,0.6072144288577155
2023-02-28,0.625,1.1704624917258348,1.0,0.375,0.2857142857142857,-0.25,-0.6487900964907898,0.75,1.0,1.0,0.5691382765531062
2023-03-01,0.625,1.5413268958747535,1.0,0.375,0.2857142857142857,-0.25,-0.34219605337771075,0.75,1.0,1.0,0.5591182364729459
2023-03-02,0.125,0.38261653287482544,1.0,0.875,0.8571428571428571,-0.25,-0.5583146063939801,0.75,1.0,1.0,0.5170340681362725
2023-03-03,0.375,0.7832515959691584,1.0,0.625,0.5714285714285714,-0.25,-0.8378844080477996,0.75,1.0,1.0,0.4468937875751503
2023-03-06,0.5,0.9676006815799858,1.0,0.5,0.42857142857142855,-0.25,-0.5589124821711585,0.75,1.0,1.0,0.4529058116232465
2023-03-07,-0.125,-0.4055548161721334,0.875,1.0,1.0,-0.25,-0.6532152647547833,0.75,1.0,1.0,0.4729458917835671
2023-03-08,-0.125,-0.7230044184921263,0.875,1.0,1.0,-0.25,-0.7561615422929195,0.75,1.0,1.0,0.45490981963927857
2023-03-09,-0.125,-0.3192000142336547,0.75,0.875,0.8571428571428571,-0.125,-0.7250040332596394,0.75,0.875,0.8571428571428571,0.49498997995991983
2023-03-10,0.125,0.25080804498180026,0.75,0.625,0.5714285714285714,-0.125,-0.6939430349676953,0.75,0.875,0.8571428571428571,0.5150300601202404
2023-03-13,0.25,0.7482844213686068,0.75,0.5,0.42857142857142855,-0.125,-0.6831115783980238,0.75,0.875,0.8571428571428571,0.5070140280561122
2023-03-14,0.125,0.9292544769892065,0.875,0.75,0.7142857142857143,-0.125,-0.6019692947460428,0.75,0.875,0.8571428571428571,0.5210420841683366
2023-03-15,-0.25,-0.4280376966988192,0.75,1.0,1.0,-0.125,-0.8981092566555462,0.75,0.875,0.8571428571428571,0.6052104208416834
2023-03-16,0.125,0.2667420830843627,0.75,0.625,0.5714285714285714,-0.125,-0.832526453068465,0.75,0.875,0.8571428571428571,0.6172344689378757
2023-03-17,0.125,0.7467379674734133,0.625,0.5,0.42857142857142855,-0.125,-0.710113293368085,0.75,0.875,0.8571428571428571,0.6593186372745491
2023-03-20,0.25,0.9338021435430899,0.75,0.5,0.42857142857142855,-0.125,-0.6107736194313315,0.75,0.875,0.8571428571428571,0.6993987975951904
2023-03-21,0.375,1.0565077527579858,0.875,0.5,0.42857142857142855,-0.125,-0.40789627531707506,0.75,0.875,0.8571428571428571,0.7154308617234469
2023-03-22,0.5,1.593820699246232,1.0,0.5,0.42857142857142855,-0.125,-0.25527856409210525,0.75,0.875,0.8571428571428571,0.7154308617234469
2023-03-23,0.25,1.1470994692874428,0.75,0.5,0.42857142857142855,-0.125,-0.5098255547191536,0.75,0.875,0.8571428571428571,0.7334669338677354
2023-03-24,0.375,0.407627046394298,0.875,0.5,0.42857142857142855,-0.125,-0.7850964015723437,0.75,0.875,0.8571428571428571,0.7034068136272545
2023-03-27,0.25,0.8377645634205975,0.875,0.625,0.5714285714285714,-0.125,-0.5386697299460256,0.75,0.875,0.8571428571428571,0.7134268537074149
2023-03-28,0.625,2.1921500635272704,0.875,0.25,0.14285714285714285,-0.125,-0.439898736215539,0.75,0.875,0.8571428571428571,0.7454909819639278
2023-03-29,0.375,1.5096703118027817,1.0,0.625,0.5714285714285714,-0.125,-0.2579411562475439,0.75,0.875,0.8571428571428571,0.7575150300601202
2023-03-30,0.625,2.2254958846206643,0.875,0.25,0.14285714285714285,0.125,0.0021052770711824653,0.875,0.75,0.7142857142857143,0.7555110220440882
2023-03-31,0.25,1.144648403541582,0.875,0.625,0.5714285714285714,-0.125,-0.1030844207593401,0.75,0.875,0.8571428571428571,0.7434869739478958
2023-04-03,0.25,1.2659206987176177,0.875,0.625,0.5714285714285714,0.125,0.04814901015416284,0.875,0.75,0.7142857142857143,0.749498997995992
2023-04-04,0.375,1.282736069023703,0.875,0.5,0.42857142857142855,0.125,0.16369852932900708,0.875,0.75,0.7142857142857143,0.7114228456913828
2023-04-05,0.25,0.8117170603439685,0.75,0.5,0.42857142857142855,0.125,0.052052753055405465,0.875,0.75,0.7142857142857143,0.7454909819639278
2023-04-06,0.125,0.29639368143618217,0.75,0.625,0.5714285714285714,0.125,0.17805905937123068,0.875,0.75,0.7142857142857143,0.7414829659318637
2023-04-07,0.125,0.32727184763596545,0.75,0.625,0.5714285714285714,0.125,0.03925730443261832,0.875,0.75,0.7142857142857143,0.6613226452905812
2023-04-10,0.125,0.1455273512326436,0.75,0.625,0.5714285714285714,0.125,0.06707290565876001,0.875,0.75,0.7142857142857143,0.6352705410821643
2023-04-11,0.125,0.43438116358310586,0.75,0.625,0.5714285714285714,0.125,0.19600278628376233,0.875,0.75,0.7142857142857143,0.6312625250501002
2023-04-12,0.375,0.7732880149992656,0.875,0.5,0.42857142857142855,0.125,0.4104020820843033,0.875,0.75,0.7142857142857143,0.5250501002004008
2023-04-13,0.375,1.0043171060073988,0.875,0.5,0.42857142857142855,0.125,0.4988196580152402,0.875,0.75,0.7142857142857143,0.5791583166332666
2023-04-14,0.375,0.5310596951774107,0.875,0.5,0.42857142857142855,0.125,0.25092581312585005,0.875,0.75,0.7142857142857143,0.5731462925851704
2023-04-17,0.125,0.2029391850930684,0.875,0.75,0.7142857142857143,0.125,0.17488582786018736,0.875,0.75,0.7142857142857143,0.5290581162324649
2023-04-18,0.25,0.2981530422075433,0.875,0.625,0.5714285714285714,0.125,0.3767175053094838,0.875,0.75,0.7142857142857143,0.43887775551102204
2023-04-19,0.25,0.15090839426693559,0.875,0.625,0.5714285714285714,0.125,0.5026348180540963,0.875,0.75,0.7142857142857143,0.4188376753507014
2023-04-20,0.25,0.25594804200557403,0.875,0.625,0.5714285714285714,0.125,0.6671004081398917,0.875,0.75,0.7142857142857143,0.4288577154308617
2023-04-21,0.25,0.37297756486737527,0.875,0.625,0.5714285714285714,0.125,0.8044397307551454,0.875,0.75,0.7142857142857143,0.44889779559118237
2023-04-24,0.25,0.5820764274233878,0.875,0.625,0.5714285714285714,0.25,1.0037258994177638,0.875,0.625,0.5714285714285714,0.42084168336673344
2023-04-25,0.25,0.3615778790949673,0.875,0.625,0.5714285714285714,0.125,0.8123295199516927,0.875,0.75,0.7142857142857143,0.4168336673346693
2023-04-26,0.125,0.147168121449603,0.75,0.625,0.5714285714285714,0.125,0.9600330808356792,0.875,0.75,0.7142857142857143,0.3867735470941884
2023-04-27,0.125,0.33501478893636605,0.75,0.625,0.5714285714285714,0.125,0.9093402441800505,0.875,0.75,0.7142857142857143,0.38877755511022044
2023-04-28,0.125,0.6656143444375171,0.75,0.625,0.5714285714285714,0.125,0.6562669989896279,0.875,0.75,0.7142857142857143,0.48697394789579157
2023-05-01,0.125,0.8009183246331721,0.75,0.625,0.5714285714285714,0.25,0.7586828051016523,0.875,0.625,0.5714285714285714,0.46693386773547096
2023-05-02,0.125,0.849535841416351,0.75,0.625,0.5714285714285714,0.25,0.8098781081315917,0.875,0.625,0.5714285714285714,0.46893787575150303
2023-05-03,0.125,1.1263192802859359,0.75,0.625,0.5714285714285714,0.25,0.9163469793879818,0.875,0.625,0.5714285714285714,0.5170340681362725
2023-05-04,0.125,0.9673338828711141,0.75,0.625,0.5714285714285714,0.25,0.9166992502135466,0.875,0.625,0.5714285714285714,0.4969939879759519
2023-05-05,0.125,1.202936213180195,0.75,0.625,0.5714285714285714,0.25,1.001368141195099,0.875,0.625,0.5714285714285714,0.6032064128256514
2023-05-08,0.125,1.1236290629143393,0.75,0.625,0.5714285714285714,0.375,1.1663176123189327,0.875,0.5,0.42857142857142855,0.6052104208416834
2023-05-09,0.25,0.9072984851757389,0.75,0.5,0.42857142857142855,0.375,1.0350657160945125,0.875,0.5,0.42857142857142855,0.5571142284569138
2023-05-10,0.375,1.2850477737419839,0.75,0.375,0.2857142857142857,0.375,1.0136805250417746,0.875,0.5,0.42857142857142855,0.5511022044088176
2023-05-11,0.25,1.0851769194676963,0.75,0.5,0.42857142857142855,0.25,0.7031208282906617,0.875,0.625,0.5714285714285714,0.531062124248497
2023-05-12,0.125,0.6947690847096472,0.75,0.625,0.5714285714285714,0.25,0.7530210976318128,0.875,0.625,0.5714285714285714,0.5270541082164328
2023-05-15,0.125,0.8080072436917374,0.75,0.625,0.5714285714285714,0.25,0.5942071348481789,0.875,0.625,0.5714285714285714,0.5751503006012024
2023-05-16,0.375,0.9837570225366167,0.75,0.375,0.2857142857142857,0.125,0.6181332752978117,0.875,0.75,0.7142857142857143,0.5851703406813628
2023-05-17,0.375,1.0522686050202177,0.75,0.375,0.2857142857142857,0.125,0.30947233441885036,0.875,0.75,0.7142857142857143,0.6092184368737475
2023-05-18,0.375,0.7507137293871748,0.75,0.375,0.2857142857142857,0.125,0.07823683865480968,0.875,0.75,0.7142857142857143,0.6032064128256514
2023-05-19,0.375,1.1881593388970302,0.75,0.375,0.2857142857142857,0.125,0.25729467294513675,0.875,0.75,0.7142857142857143,0.5891783567134269
2023-05-22,0.25,1.0000726060987946,0.625,0.375,0.2857142857142857,0.125,0.17117242013705952,0.875,0.75,0.7142857142857143,0.5671342685370742
2023-05-23,0.375,0.8976778704488481,0.75,0.375,0.2857142857142857,0.125,0.08578284572995987,0.875,0.75,0.7142857142857143,0.5190380761523046
2023-05-24,0.25,0.33582543014262983,0.75,0.5,0.42857142857142855,-0.125,-0.052674081564361375,0.75,0.875,0.8571428571428571,0.6112224448897795
2023-05-25,0.125,0.48954280817556384,0.75,0.625,0.5714285714285714,-0.125,-0.005225646619739233,0.75,0.875,0.8571428571428571,0.6012024048096193
2023-05-26,0.125,0.3481777212100958,0.75,0.625,0.5714285714285714,0.125,0.13602945423858404,0.875,0.75,0.7142857142857143,0.45691382765531063
2023-05-29,0.25,0.12440907822047792,0.75,0.5,0.42857142857142855,-0.125,-0.06375686612040887,0.75,0.875,0.8571428571428571,0.42084168336673344
2023-05-30,0.25,0.7468217460579044,0.75,0.5,0.42857142857142855,0.125,0.02765516324727424,0.875,0.75,0.7142857142857143,0.3807615230460922
2023-05-31,0.125,0.5990111657859682,0.625,0.5,0.42857142857142855,-0.125,-0.012588320858427426,0.75,0.875,0.8571428571428571,0.34468937875751504
2023-06-01,0.125,0.784379884700761,0.625,0.5,0.42857142857142855,0.125,0.101859749799037,0.875,0.75,0.7142857142857143,0.33266533066132264
2023-06-02,0.25,0.3088780089209562,0.625,0.375,0.2857142857142857,-0.125,-0.022002761541533133,0.75,0.875,0.8571428571428571,0.3226452905811623
2023-06-05,-0.125,-0.06100387353682821,0.5,0.625,0.5714285714285714,0.125,0.19631687144274862,0.875,0.75,0.7142857142857143,0.3186372745490982
2023-06-06,-0.25,-0.17479071463839183,0.375,0.625,0.5714285714285714,0.25,0.37841627329175587,0.875,0.625,0.5714285714285714,0.3226452905811623
2023-06-07,0.25,0.4458144234478311,0.625,0.375,0.2857142857142857,0.25,0.616319603024281,0.875,0.625,0.5714285714285714,0.3226452905811623
2023-06-08,0.25,0.6542015766104922,0.625,0.375,0.2857142857142857,0.125,0.7617425482480212,0.75,0.625,0.5714285714285714,0.3226452905811623
2023-06-09,0.25,0.24930884315238286,0.625,0.375,0.2857142857142857,0.125,0.6212624318755607,0.75,0.625,0.5714285714285714,0.31462925851703405
2023-06-12,0.125,0.1249289126440882,0.5,0.375,0.2857142857142857,0.25,0.516575335304505,0.875,0.625,0.5714285714285714,0.3106212424849699
2023-06-13,0.125,0.07529996846446263,0.5,0.375,0.2857142857142857,0.125,0.8018487032898469,0.75,0.625,0.5714285714285714,0.3186372745490982
2023-06-14,-0.125,-0.07799260748998305,0.375,0.5,0.42857142857142855,0.125,0.8515277199018262,0.75,0.625,0.5714285714285714,0.312625250501002
2023-06-15,0.125,0.30949004721468065,0.5,0.375,0.2857142857142857,0.125,1.0575761244601147,0.75,0.625,0.5714285714285714,0.342685370741483
2023-06-16,0.25,0.41204387187139124,0.5,0.25,0.14285714285714285,0.125,0.9799498822242072,0.75,0.625,0.5714285714285714,0.3727454909819639
2023-06-19,0.25,0.331338515667271,0.5,0.25,0.14285714285714285,0.125,1.0225997165564986,0.75,0.625,0.5714285714285714,0.35671342685370744
2023-06-20,0.125,0.21148646887201208,0.5,0.375,0.2857142857142857,0.125,0.9224578357418817,0.75,0.625,0.5714285714285714,0.3867735470941884
2023-06-21,0.125,0.4265963945495991,0.5,0.375,0.2857142857142857,0.125,1.0153681441496136,0.75,0.625,0.5714285714285714,0.3166332665330661
2023-06-22,0.125,0.14051953776869083,0.5,0.375,0.2857142857142857,0.125,1.0720627306252524,0.75,0.625,0.5714285714285714,0.32064128256513025
2023-06-23,0.125,0.12789182011622335,0.625,0.5,0.42857142857142855,0.125,1.0903989904059144,0.75,0.625,0.5714285714285714,0.342685370741483
2023-06-26,0.125,0.012198992097024214,0.625,0.5,0.42857142857142855,0.125,1.01593496779586,0.75,0.625,0.5714285714285714,0.3406813627254509
2023-06-27,0.125,0.019556548738772273,0.625,0.5,0.42857142857142855,0.125,1.1610819360215368,0.75,0.625,0.5714285714285714,0.342685370741483
2023-06-28,0.125,0.02285074361767858,0.625,0.5,0.42857142857142855,0.25,1.0433629731596976,0.875,0.625,0.5714285714285714,0.3867735470941884
2023-06-29,-0.125,-0.14428992240020347,0.5,0.625,0.5714285714285714,0.25,1.2537000623986403,0.875,0.625,0.5714285714285714,0.3466933867735471
2023-06-30,0.125,0.005235739531116612,0.625,0.5,0.42857142857142855,0.25,1.4555582594104253,0.875,0.625,0.5714285714285714,0.3226452905811623
2023-07-03,0.25,0.15292178108402385,0.625,0.375,0.2857142857142857,0.25,1.4807745177478906,0.875,0.625,0.5714285714285714,0.3246492985971944
2023-07-04,-0.25,-0.10457344781668543,0.25,0.5,0.42857142857142855,0.375,1.4111120904477352,0.875,0.5,0.42857142857142855,0.31462925851703405
2023-07-05,-0.5,-0.4261242197256796,0.25,0.75,0.7142857142857143,0.375,1.6275223909390544,0.875,0.5,0.42857142857142855,0.2925851703406814
2023-07-06,-0.375,-0.5141958116932708,0.5,0.875,0.8571428571428571,0.375,1.6050082451218581,0.875,0.5,0.42857142857142855,0.28857715430861725
2023-07-07,-0.25,-0.1122465081407795,0.375,0.625,0.5714285714285714,0.375,1.753616208692268,0.875,0.5,0.42857142857142855,0.2865731462925852
2023-07-10,0.25,0.2867333076931129,0.625,0.375,0.2857142857142857,0.375,1.90680045854633,0.875,0.5,0.42857142857142855,0.27655310621242485
2023-07-11,0.125,0.13522424304572397,0.625,0.5,0.42857142857142855,0.375,1.7732368851257325,0.875,0.5,0.42857142857142855,0.2725450901803607
2023-07-12,0.375,0.7809477554027595,0.625,0.25,0.14285714285714285,0.375,1.8764583445809795,0.875,0.5,0.42857142857142855,0.3306613226452906
2023-07-13,0.25,0.9804747247119929,0.5,0.25,0.14285714285714285,0.5,1.8516839489748778,0.875,0.375,0.2857142857142857,0.3406813627254509
2023-07-14,0.25,0.8566009486825324,0.5,0.25,0.14285714285714285,0.375,1.8451368383130782,0.875,0.5,0.42857142857142855,0.30861723446893785
2023-07-17,0.125,0.769067703654487,0.375,0.25,0.14285714285714285,0.375,1.7653939201056856,0.875,0.5,0.42857142857142855,0.342685370741483
2023-07-18,0.25,0.8959151890152555,0.5,0.25,0.14285714285714285,0.375,1.7778264803825101,0.875,0.5,0.42857142857142855,0.32665330661322645
2023-07-19,0.125,0.5602939075732022,0.375,0.25,0.14285714285714285,0.375,1.6937529341828292,0.875,0.5,0.42857142857142855,0.30861723446893785
2023-07-20,0.125,0.41491552474138316,0.375,0.25,0.14285714285714285,0.375,1.855001838474091,0.875,0.5,0.42857142857142855,0.3226452905811623
2023-07-21,0.125,0.46709136308025767,0.5,0.375,0.2857142857142857,0.25,1.6067804809588795,0.875,0.625,0.5714285714285714,0.3727454909819639
2023-07-24,0.25,0.45812640575984476,0.5,0.25,0.14285714285714285,0.25,1.5674373609262775,0.875,0.625,0.5714285714285714,0.43687374749499
2023-07-25,0.25,0.23367854466760413,0.5,0.25,0.14285714285714285,0.25,1.4975227207163027,0.875,0.625,0.5714285714285714,0.4408817635270541
2023-07-26,0.125,0.0909911264494411,0.5,0.375,0.2857142857142857,0.25,1.4039655108405014,0.875,0.625,0.5714285714285714,0.4028056112224449
2023-07-27,-0.125,-0.1720006553081137,0.375,0.5,0.42857142857142855,0.25,1.5279711444671404,0.875,0.625,0.5714285714285714,0.4969939879759519
2023-07-28,0.125,0.02023040088063449,0.625,0.5,0.42857142857142855,0.25,1.452640736094148,0.875,0.625,0.5714285714285714,0.5671342685370742
2023-07-31,-0.125,-0.016198259592441117,0.5,0.625,0.5714285714285714,0.25,1.3427354472766864,0.875,0.625,0.5714285714285714,0.6533066132264529
2023-08-01,0.125,0.24970075018917048,0.625,0.5,0.42857142857142855,0.25,1.4560868788575443,0.875,0.625,0.5714285714285714,0.6953907815631263
2023-08-02,-0.125,-0.1474950946326523,0.5,0.625,0.5714285714285714,0.25,1.2594977520458424,0.875,0.625,0.5714285714285714,0.7575150300601202
2023-08-03,0.125,0.11991057023387591,0.625,0.5,0.42857142857142855,0.25,1.2723599297293713,0.875,0.625,0.5714285714285714,0.7134268537074149
2023-08-04,0.25,0.6327081684133041,0.75,0.5,0.42857142857142855,0.25,1.1590580128596926,0.875,0.625,0.5714285714285714,0.6813627254509018
2023-08-07,0.25,0.5215619053568907,0.75,0.5,0.42857142857142855,0.25,1.098825188380222,0.875,0.625,0.5714285714285714,0.6813627254509018
2023-08-08,0.25,0.35777623252293733,0.75,0.5,0.42857142857142855,0.25,1.0755508863909675,0.875,0.625,0.5714285714285714,0.6492985971943888
2023-08-09,0.25,0.5450856353321364,0.75,0.5,0.42857142857142855,0.375,1.271761606106251,1.0,0.625,0.5714285714285714,0.5490981963927856
2023-08-10,0.25,0.7797797384082736,0.75,0.5,0.42857142857142855,0.25,1.2513562993612062,0.875,0.625,0.5714285714285714,0.45090180360721444
2023-08-11,0.25,0.4661974023597555,0.75,0.5,0.42857142857142855,0.25,1.2307883060619966,0.875,0.625,0.5714285714285714,0.4408817635270541
2023-08-14,0.25,0.312204068789361,0.75,0.5,0.42857142857142855,0.25,1.2809817346570072,0.875,0.625,0.5714285714285714,0.4028056112224449
2023-08-15,0.25,0.43341653598672053,0.75,0.5,0.42857142857142855,0.25,1.3537895557621598,0.875,0.625,0.5714285714285714,0.37675350701402804
2023-08-16,0.25,0.4703045379877008,0.75,0.5,0.42857142857142855,0.25,1.3935972802054495,0.875,0.625,0.5714285714285714,0.3486973947895792
2023-08-17,0.25,0.5353949205602622,0.75,0.5,0.42857142857142855,0.25,1.2861851990766129,0.875,0.625,0.5714285714285714,0.3046092184368738
2023-08-18,0.25,0.6235736324220069,0.75,0.5,0.42857142857142855,0.25,1.317342804763124,0.875,0.625,0.5714285714285714,0.22444889779559118
2023-08-21,0.25,0.7097614161595247,0.75,0.5,0.42857142857142855,0.25,1.275532045499148,0.875,0.625,0.5714285714285714,0.21442885771543085
2023-08-22,0.25,0.47468458294566357,0.75,0.5,0.42857142857142855,0.25,1.3205078023098402,0.875,0.625,0.5714285714285714,0.20641282565130262
2023-08-23,0.25,0.7697793766602425,0.75,0.5,0.42857142857142855,0.125,1.3398509320201342,0.75,0.625,0.5714285714285714,0.20440881763527055
2023-08-24,0.125,0.22679981909782082,0.75,0.625,0.5714285714285714,0.125,1.2486628233624553,0.75,0.625,0.5714285714285714,0.1743486973947896
2023-08-25,0.125,0.3895390119012057,0.75,0.625,0.5714285714285714,0.125,1.1658830459491814,0.75,0.625,0.5714285714285714,0.07615230460921844
2023-08-28,0.125,0.42156483709364945,0.75,0.625,0.5714285714285714,0.125,1.355731874274291,0.75,0.625,0.5714285714285714,0.014028056112224449
2023-08-29,0.125,0.697766449644927,0.75,0.625,0.5714285714285714,0.125,1.4159434405330014,0.75,0.625,0.5714285714285714,0.004008016032064128
2023-08-30,0.125,0.8299464813229676,0.75,0.625,0.5714285714285714,0.125,1.4876915631823808,0.75,0.625,0.5714285714285714,0.0
2023-08-31,0.125,0.2566621092704397,0.75,0.625,0.5714285714285714,0.125,1.5632009844577488,0.75,0.625,0.5714285714285714,0.014028056112224449
2023-09-01,0.25,0.12331549136149533,0.875,0.625,0.5714285714285714,0.125,1.3216238007083758,0.75,0.625,0.5714285714285714,0.014028056112224449
2023-09-04,0.125,0.14478913251578285,0.75,0.625,0.5714285714285714,0.125,1.3899569629836586,0.75,0.625,0.5714285714285714,0.01002004008016032
2023-09-05,-0.25,-0.23870248682225825,0.625,0.875,0.8571428571428571,0.125,1.140817205674971,0.75,0.625,0.5714285714285714,0.02404809619238477
2023-09-06,-0.125,-0.38816492382079104,0.75,0.875,0.8571428571428571,0.125,1.065060634601453,0.75,0.625,0.5714285714285714,0.026052104208416832
2023-09-07,-0.25,-0.9031028192024466,0.75,1.0,1.0,0.125,1.3736175752369422,0.75,0.625,0.5714285714285714,0.02004008016032064
2023-09-08,-0.125,-0.88674783585256,0.75,0.875,0.8571428571428571,0.125,1.3373730369151497,0.75,0.625,0.5714285714285714,0.01002004008016032
2023-09-11,-0.125,-0.7455358020935259,0.75,0.875,0.8571428571428571,0.125,1.4880580590384254,0.75,0.625,0.5714285714285714,0.028056112224448898
2023-09-12,-0.125,-0.7269869389447374,0.75,0.875,0.8571428571428571,0.125,1.4139343072984127,0.75,0.625,0.5714285714285714,0.022044088176352707
2023-09-13,-0.375,-1.2263960677996502,0.625,1.0,1.0,0.125,1.3644417740116985,0.75,0.625,0.5714285714285714,0.012024048096192385
2023-09-14,-0.5,-1.7556790189692075,0.5,1.0,1.0,0.25,1.4333561370519396,0.75,0.5,0.42857142857142855,0.03206412825651302
2023-09-15,-0.25,-1.49437556275418,0.75,1.0,1.0,0.375,1.6934255033182395,0.875,0.5,0.42857142857142855,0.03006012024048096
2023-09-18,-0.25,-1.4229232011703985,0.75,1.0,1.0,0.25,1.6518452982720118,0.75,0.5,0.42857142857142855,0.012024048096192385
2023-09-19,-0.5,-2.0491159096264084,0.5,1.0,1.0,0.5,1.7652500294944935,0.875,0.375,0.2857142857142857,0.01002004008016032
2023-09-20,-0.375,-2.366131170988702,0.625,1.0,1.0,0.5,1.8192761759908698,0.875,0.375,0.2857142857142857,0.002004008016032064
2023-09-21,-0.375,-2.010090196785642,0.625,1.0,1.0,0.5,1.9509665377447145,0.875,0.375,0.2857142857142857,0.004008016032064128
2023-09-22,-0.375,-2.2127241919062626,0.625,1.0,1.0,0.5,1.8069433153174672,0.875,0.375,0.2857142857142857,0.02004008016032064
2023-09-25,-0.5,-2.4336174714719396,0.5,1.0,1.0,0.5,1.8135475982294218,0.875,0.375,0.2857142857142857,0.04008016032064128
2023-09-26,-0.375,-2.0293002054885743,0.625,1.0,1.0,0.625,1.8711110768771895,0.875,0.25,0.14285714285714285,0.022044088176352707
2023-09-27,-0.375,-2.1661916869989803,0.625,1.0,1.0,0.375,1.6568050858865142,0.75,0.375,0.2857142857142857,0.022044088176352707
2023-09-28,-0.375,-2.2613259340244443,0.625,1.0,1.0,0.375,1.5657367467266026,0.75,0.375,0.2857142857142857,0.01603206412825651
2023-09-29,-0.5,-2.3976905460060083,0.5,1.0,1.0,0.375,1.7053734280928792,0.75,0.375,0.2857142857142857,0.03206412825651302
2023-10-02,-0.625,-2.647424223833582,0.375,1.0,1.0,0.375,1.6725868483391786,0.75,0.375,0.2857142857142857,0.056112224448897796
2023-10-03,-0.5,-2.5530604148642655,0.5,1.0,1.0,0.375,1.7308620301688187,0.75,0.375,0.2857142857142857,0.06012024048096192
2023-10-04,-0.375,-2.5768632377875202,0.625,1.0,1.0,0.5,1.8356100389677237,0.75,0.25,0.14285714285714285,0.06813627254509018
2023-10-05,-0.375,-2.598792104072651,0.625,1.0,1.0,0.5,1.8722061226334805,0.75,0.25,0.14285714285714285,0.07214428857715431
2023-10-06,-0.375,-2.5848950084018854,0.625,1.0,1.0,0.5,2.007072166952567,0.75,0.25,0.14285714285714285,0.10020040080160321
2023-10-09,-0.625,-2.8420336311896692,0.375,1.0,1.0,0.625,1.9888425288463667,0.875,0.25,0.14285714285714285,0.10020040080160321
2023-10-10,-0.5,-2.753029491937523,0.5,1.0,1.0,0.5,2.116959048281747,0.75,0.25,0.14285714285714285,0.10821643286573146
2023-10-11,-0.625,-2.8444749831942717,0.375,1.0,1.0,0.5,2.0032458937659516,0.75,0.25,0.14285714285714285,0.1282565130260521
2023-10-12,-0.625,-2.700860972917219,0.375,1.0,1.0,0.5,1.8202531708672132,0.75,0.25,0.14285714285714285,0.15831663326653306
2023-10-13,-0.625,-2.9244429068523212,0.375,1.0,1.0,0.625,1.8278951817416567,0.75,0.125,0.0,0.1963927855711423
2023-10-16,-0.375,-2.6190097162046113,0.625,1.0,1.0,0.625,1.9215439419221159,0.75,0.125,0.0,0.20240480961923848
2023-10-17,-0.375,-2.300803694439657,0.625,1.0,1.0,0.25,1.6811847435900875,0.75,0.5,0.42857142857142855,0.20841683366733466
2023-10-18,-0.375,-2.4614371830529795,0.625,1.0,1.0,0.375,1.627441286213267,0.75,0.375,0.2857142857142857,0.22444889779559118
2023-10-19,-0.25,-1.7346462664289775,0.75,1.0,1.0,0.375,1.4410451245479656,0.875,0.5,0.42857142857142855,0.23046092184368738
2023-10-20,-0.375,-2.0958746191095976,0.625,1.0,1.0,0.25,1.1778366812627012,0.875,0.625,0.5714285714285714,0.20040080160320642
2023-10-23,-0.25,-1.6240859103519072,0.75,1.0,1.0,0.375,1.5244968260458718,0.875,0.5,0.42857142857142855,0.20240480961923848
2023-10-24,-0.375,-2.4467217390324376,0.625,1.0,1.0,0.375,1.4767950155179146,0.875,0.5,0.42857142857142855,0.23246492985971945
2023-10-25,-0.375,-2.272353815787098,0.625,1.0,1.0,0.125,1.2410918184033792,0.75,0.625,0.5714285714285714,0.21643286573146292
2023-10-26,-0.5,-2.3874711529438435,0.5,1.0,1.0,0.125,0.8026302747230339,0.75,0.625,0.5714285714285714,0.18837675350701402
2023-10-27,-0.5,-2.5990466671468955,0.5,1.0,1.0,0.125,0.4878981159864463,0.75,0.625,0.5714285714285714,0.1843687374749499
2023-10-31,-0.375,-2.354387107776952,0.625,1.0,1.0,0.125,0.5822839498920187,0.75,0.625,0.5714285714285714,0.20641282565130262
2023-11-01,-0.625,-2.418020044700951,0.375,1.0,1.0,0.125,0.53408341294371,0.75,0.625,0.5714285714285714,0.20440881763527055
2023-11-02,-0.625,-2.4137332407035377,0.375,1.0,1.0,0.125,0.5460387573993198,0.75,0.625,0.5714285714285714,0.20040080160320642
2023-11-03,-0.5,-1.9863992438598324,0.5,1.0,1.0,0.125,0.8957772459855,0.75,0.625,0.5714285714285714,0.2685370741482966
2023-11-06,-0.5,-1.6386432747522939,0.5,1.0,1.0,0.125,0.9405940362693642,0.75,0.625,0.5714285714285714,0.23647294589178355
2023-11-07,-0.375,-1.724242919668432,0.625,1.0,1.0,0.25,1.1005739520435718,0.875,0.625,0.5714285714285714,0.23446893787575152
2023-11-08,-0.375,-1.5379393365184533,0.625,1.0,1.0,0.25,0.9208129652832138,0.875,0.625,0.5714285714285714,0.24448897795591182
2023-11-09,-0.375,-1.5427544953963124,0.625,1.0,1.0,0.25,0.6144750155361419,0.875,0.625,0.5714285714285714,0.23046092184368738
2023-11-10,-0.375,-1.2165631297566861,0.625,1.0,1.0,0.25,0.5819318401790452,0.875,0.625,0.5714285714285714,0.16032064128256512
2023-11-13,-0.375,-1.132975725628086,0.625,1.0,1.0,0.25,0.6094143860890484,0.875,0.625,0.5714285714285714,0.14428857715430862
2023-11-14,-0.125,-0.14308147995943898,0.625,0.75,0.7142857142857143,0.25,1.1081483621453714,0.875,0.625,0.5714285714285714,0.18837675350701402
2023-11-15,0.125,0.01803284733928473,0.75,0.625,0.5714285714285714,0.25,1.0331509035238529,0.875,0.625,0.5714285714285714,0.20641282565130262
2023-11-16,-0.25,-0.06372283971519355,0.75,1.0,1.0,0.25,0.8590388867574583,0.875,0.625,0.5714285714285714,0.24048096192384769
2023-11-17,0.125,0.6837898789448055,0.75,0.625,0.5714285714285714,0.25,0.7245969876452476,0.875,0.625,0.5714285714285714,0.20440881763527055
2023-11-20,0.125,1.0000505979750443,0.75,0.625,0.5714285714285714,0.25,0.7834087280377239,0.875,0.625,0.5714285714285714,0.2625250501002004
2023-11-21,0.125,0.7117273718310256,0.75,0.625,0.5714285714285714,0.25,0.8892550148143235,0.875,0.625,0.5714285714285714,0.22444889779559118
2023-11-22,0.125,0.054561867308459466,0.75,0.625,0.5714285714285714,0.25,0.8561116628034477,0.875,0.625,0.5714285714285714,0.21042084168336672
2023-11-23,-0.125,-0.11805874118303425,0.625,0.75,0.7142857142857143,0.25,0.8069063918191938,0.875,0.625,0.5714285714285714,0.20040080160320642
2023-11-24,0.25,0.6787267943295882,0.75,0.5,0.42857142857142855,0.25,0.7935119400237738,0.875,0.625,0.5714285714285714,0.20641282565130262
2023-11-27,0.375,1.250699767034125,0.75,0.375,0.2857142857142857,0.375,0.8741509671343798,0.875,0.5,0.42857142857142855,0.17835671342685372
2023-11-28,0.5,1.3813851026261803,0.75,0.25,0.14285714285714285,0.375,1.0228793114659986,0.875,0.5,0.42857142857142855,0.15430861723446893
2023-11-29,0.625,1.4789871877640342,0.75,0.125,0.0,0.25,0.7095093481621775,0.875,0.625,0.5714285714285714,0.1523046092184369
2023-11-30,0.375,0.9549804053596435,0.625,0.25,0.14285714285714285,0.25,0.45297443951638944,0.875,0.625,0.5714285714285714,0.156312625250501
2023-12-01,0.375,0.9360293235827903,0.5,0.125,0.0,0.25,0.6154813522845017,0.75,0.5,0.42857142857142855,0.14228456913827656
2023-12-04,0.375,0.8315384517434662,0.5,0.125,0.0,0.25,0.5575783958479996,0.75,0.5,0.42857142857142855,0.15430861723446893
2023-12-05,0.125,0.3568716701805777,0.5,0.375,0.2857142857142857,0.25,0.45031123491058694,0.75,0.5,0.42857142857142855,0.15831663326653306
2023-12-06,0.125,0.05258245399144601,0.5,0.375,0.2857142857142857,0.25,0.2819334869510125,0.75,0.5,0.42857142857142855,0.14428857715430862
2023-12-07,0.125,0.4132558260336874,0.375,0.25,0.14285714285714285,0.25,0.42404813334079927,0.75,0.5,0.42857142857142855,0.21442885771543085
2023-12-08,0.25,0.9458804675768392,0.5,0.25,0.14285714285714285,0.25,0.3654593205473611,0.75,0.5,0.42857142857142855,0.26452905811623245
2023-12-11,0.125,0.8156758358972822,0.375,0.25,0.14285714285714285,0.25,0.3151716485443165,0.75,0.5,0.42857142857142855,0.2965931863727455
2023-12-12,0.125,0.762308763621838,0.375,0.25,0.14285714285714285,0.125,0.32336118918817247,0.75,0.625,0.5714285714285714,0.17635270541082165
2023-12-13,0.125,1.212338308064151,0.375,0.25,0.14285714285714285,0.25,0.5774861976364628,0.75,0.5,0.42857142857142855,0.22845691382765532
2023-12-14,0.25,1.8969386010314258,0.375,0.125,0.0,0.25,0.9058878525028208,0.75,0.5,0.42857142857142855,0.21042084168336672
2023-12-15,0.25,1.3714718725433892,0.375,0.125,0.0,0.25,0.5578217341173723,0.75,0.5,0.42857142857142855,0.27655310621242485
2023-12-18,0.25,1.6420053907384617,0.375,0.125,0.0,0.25,0.47235811171676895,0.75,0.5,0.42857142857142855,0.23046092184368738
2023-12-19,0.375,1.8785818507744712,0.5,0.125,0.0,0.25,0.6046350428527059,0.75,0.5,0.42857142857142855,0.3486973947895792
2023-12-20,0.25,1.832765987603081,0.375,0.125,0.0,0.375,0.7696566555552153,0.75,0.375,0.2857142857142857,0.3466933867735471
2023-12-21,0.375,1.9819493713026344,0.5,0.125,0.0,0.375,0.8680052742780172,0.75,0.375,0.2857142857142857,0.37675350701402804
2023-12-22,0.375,2.0096109852394206,0.5,0.125,0.0,0.5,1.0300710232530257,0.75,0.25,0.14285714285714285,0.33867735470941884
2023-12-25,0.375,2.1630642993490676,0.5,0.125,0.0,0.25,0.7972355191088865,0.75,0.5,0.42857142857142855,0.3246492985971944
2023-12-26,0.5,2.42534324831095,0.625,0.125,0.0,0.25,0.6732121269777838,0.75,0.5,0.42857142857142855,0.2965931863727455
2023-12-27,0.5,2.261684272285036,0.625,0.125,0.0,0.25,0.7649711833087797,0.75,0.5,0.42857142857142855,0.3406813627254509
2023-12-28,0.375,2.1452021615139465,0.5,0.125,0.0,0.25,0.6350497169158174,0.75,0.5,0.42857142857142855,0.2865731462925852
2023-12-29,0.375,1.997435298561579,0.5,0.125,0.0,0.25,0.3491525561729456,0.75,0.5,0.42857142857142855,0.24048096192384769
2024-01-01,0.375,1.894518162411382,0.5,0.125,0.0,0.25,0.37964095795826314,0.75,0.5,0.42857142857142855,0.17635270541082165
2024-01-02,0.375,1.8686816547427187,0.5,0.125,0.0,0.25,0.2101763154326047,0.75,0.5,0.42857142857142855,0.18837675350701402
2024-01-03,0.25,1.6680707212095673,0.375,0.125,0.0,0.25,0.22758967425303567,0.75,0.5,0.42857142857142855,0.2625250501002004
2024-01-04,0.375,1.8849362421623936,0.5,0.125,0.0,0.25,0.27089427168767777,0.75,0.5,0.42857142857142855,0.15430861723446893
2024-01-05,0.375,1.9056287621412527,0.5,0.125,0.0,0.25,0.1850947874680752,0.75,0.5,0.42857142857142855,0.14228456913827656
2024-01-08,0.375,1.9814113538114722,0.5,0.125,0.0,0.25,0.1715471484339889,0.75,0.5,0.42857142857142855,0.12625250501002003
2024-01-09,0.25,1.868579220429428,0.375,0.125,0.0,0.125,0.10203566364093103,0.75,0.625,0.5714285714285714,0.11823647294589178
2024-01-10,0.375,2.004175827530726,0.5,0.125,0.0,0.125,0.14081237401173083,0.75,0.625,0.5714285714285714,0.06813627254509018
2024-01-11,0.375,2.126261452249587,0.5,0.125,0.0,0.125,0.09889611141233726,0.75,0.625,0.5714285714285714,0.05410821643286573
2024-01-12,0.375,1.7844432613469603,0.5,0.125,0.0,0.125,0.09909280720978769,0.75,0.625,0.5714285714285714,0.04008016032064128
2024-01-15,0.375,1.797430244900559,0.5,0.125,0.0,0.125,0.14389901256719412,0.75,0.625,0.5714285714285714,0.04408817635270541
2024-01-16,0.375,1.3434584615119771,0.5,0.125,0.0,0.125,0.04204060864979198,0.75,0.625,0.5714285714285714,0.01002004008016032
2024-01-17,0.375,1.9124928309182276,0.5,0.125,0.0,0.125,0.031831393010677334,0.75,0.625,0.5714285714285714,0.018036072144288578
2024-01-18,0.375,1.7265772641157848,0.5,0.125,0.0,-0.125,-0.18437012504472672,0.625,0.75,0.7142857142857143,0.008016032064128256
2024-01-19,0.375,1.9924999484999784,0.5,0.125,0.0,-0.125,-0.024637645974983136,0.625,0.75,0.7142857142857143,0.014028056112224449
2024-01-22,0.375,1.9104921725630521,0.5,0.125,0.0,0.125,0.15045811862724393,0.75,0.625,0.5714285714285714,0.04609218436873747
2024-01-23,0.25,1.7144502736771663,0.375,0.125,0.0,0.125,0.22178222962202734,0.75,0.625,0.5714285714285714,0.052104208416833664
2024-01-24,0.5,1.9349856968293697,0.625,0.125,0.0,0.125,0.2571140629107013,0.75,0.625,0.5714285714285714,0.04809619238476954
2024-01-25,0.375,1.595352896704989,0.5,0.125,0.0,0.125,0.2297148835165942,0.75,0.625,0.5714285714285714,0.05811623246492986
2024-01-26,0.375,0.9968054534531154,0.5,0.125,0.0,0.25,0.18754447298226076,0.75,0.5,0.42857142857142855,0.05410821643286573
2024-01-29,0.125,0.8604562992896551,0.25,0.125,0.0,0.125,0.265766930033542,0.75,0.625,0.5714285714285714,0.07615230460921844
2024-01-30,0.125,1.0753077010961198,0.25,0.125,0.0,0.125,0.2086416962663495,0.75,0.625,0.5714285714285714,0.03807615230460922
2024-01-31,0.125,0.7785059975094304,0.25,0.125,0.0,0.125,0.14740179614264165,0.75,0.625,0.5714285714285714,0.028056112224448898
2024-02-01,0.125,1.2777805561113778,0.25,0.125,0.0,0.25,0.33881914469359076,0.75,0.5,0.42857142857142855,0.006012024048096192
2024-02-02,0.125,0.8285197299922811,0.25,0.125,0.0,0.25,0.22106974012051994,0.75,0.5,0.42857142857142855,0.050100200400801605
2024-02-05,0.125,0.3768665446870565,0.25,0.125,0.0,0.125,0.09675709117228576,0.75,0.625,0.5714285714285714,0.0781563126252505
2024-02-06,-0.125,-1.0691664644679766,0.125,0.25,0.14285714285714285,0.125,0.1343168151021715,0.75,0.625,0.5714285714285714,0.0841683366733467
2024-02-07,-0.125,-0.7390024726112288,0.125,0.25,0.14285714285714285,0.25,0.24958912639627417,0.75,0.5,0.42857142857142855,0.07414829659318638
2024-02-08,-0.125,-0.7147808329301621,0.125,0.25,0.14285714285714285,0.25,0.32574867852029016,0.75,0.5,0.42857142857142855,0.09218436873747494
2024-02-09,-0.125,-0.9892825767619747,0.125,0.25,0.14285714285714285,0.25,0.35490727611894607,0.75,0.5,0.42857142857142855,0.10020040080160321
2024-02-12,-0.375,-1.365589455702701,0.125,0.5,0.42857142857142855,0.25,0.4529708029855614,0.75,0.5,0.42857142857142855,0.09418837675350701
2024-02-13,-0.5,-1.8426158685756377,0.125,0.625,0.5714285714285714,0.25,0.2156599718283193,0.75,0.5,0.42857142857142855,0.10220440881763528
2024-02-14,-0.5,-1.710291517529299,0.125,0.625,0.5714285714285714,0.25,0.2980774256151464,0.75,0.5,0.42857142857142855,0.09418837675350701
2024-02-15,-0.375,-1.4577351761054245,0.125,0.5,0.42857142857142855,0.25,0.20897451561558117,0.75,0.5,0.42857142857142855,0.09418837675350701
2024-02-16,-0.5,-2.0246242222463575,0.125,0.625,0.5714285714285714,0.25,0.3489046208634991,0.75,0.5,0.42857142857142855,0.09018036072144289
2024-02-19,-0.625,-1.8922799021844585,0.125,0.75,0.7142857142857143,0.25,0.2972459502031483,0.75,0.5,0.42857142857142855,0.08216432865731463
2024-02-20,-0.5,-1.9956102737658985,0.25,0.75,0.7142857142857143,0.25,0.2655581571714649,0.75,0.5,0.42857142857142855,0.06012024048096192
2024-02-21,-0.5,-1.592266555460778,0.25,0.75,0.7142857142857143,0.375,0.5315858020034241,0.75,0.375,0.2857142857142857,0.012024048096192385
2024-02-22,-0.25,-0.8878997480828827,0.375,0.625,0.5714285714285714,0.375,0.5533829111399607,0.75,0.375,0.2857142857142857,0.002004008016032064
2024-02-23,-0.5,-0.6186251748157976,0.5,1.0,1.0,0.25,0.4730945099686734,0.625,0.375,0.2857142857142857,0.0
2024-02-26,0.25,0.15079857736039126,0.75,0.5,0.42857142857142855,0.25,0.4187796763926416,0.625,0.375,0.2857142857142857,0.0
2024-02-27,0.125,0.4794435994774132,0.625,0.5,0.42857142857142855,0.125,0.22991890366669243,0.625,0.5,0.42857142857142855,0.002004008016032064
2024-02-28,0.25,0.7041193851539538,0.875,0.625,0.5714285714285714,0.25,0.21002003138875192,0.75,0.5,0.42857142857142855,0.006012024048096192
2024-02-29,0.125,0.0641032318486553,0.75,0.625,0.5714285714285714,0.25,0.42385634143267015,0.75,0.5,0.42857142857142855,0.014028056112224449
2024-03-01,0.25,0.5328228070818763,0.875,0.625,0.5714285714285714,0.25,0.42273571377508706,0.75,0.5,0.42857142857142855,0.006012024048096192
2024-03-04,0.125,0.7228696630220339,0.875,0.75,0.7142857142857143,0.25,0.3256343012509234,0.75,0.5,0.42857142857142855,0.004008016032064128
2024-03-05,0.125,0.47080002456565434,0.875,0.75,0.7142857142857143,0.25,0.23714409683812038,0.75,0.5,0.42857142857142855,0.0
2024-03-06,0.125,0.10352823121518506,0.875,0.75,0.7142857142857143,0.125,0.24646963696627905,0.625,0.5,0.42857142857142855,0.002004008016032064
2024-03-07,-0.25,-0.31577234921413844,0.625,0.875,0.8571428571428571,0.125,0.17368667442796407,0.625,0.5,0.42857142857142855,0.002004008016032064
2024-03-08,0.125,0.2996667617714798,0.875,0.75,0.7142857142857143,0.125,0.1997550280003142,0.625,0.5,0.42857142857142855,0.0
2024-03-11,0.125,0.013977296108504289,0.875,0.75,0.7142857142857143,0.125,0.30713246904623775,0.625,0.5,0.42857142857142855,0.0
2024-03-12,-0.125,-0.49416965114372724,0.75,0.875,0.8571428571428571,0.125,0.25399601953261386,0.625,0.5,0.42857142857142855,0.0
2024-03-13,0.125,0.02397081450621752,0.875,0.75,0.7142857142857143,0.25,0.20205037627771788,0.75,0.5,0.42857142857142855,0.0
2024-03-14,-0.125,-0.7313155044451547,0.75,0.875,0.8571428571428571,0.25,0.08587510310741292,0.75,0.5,0.42857142857142855,0.002004008016032064
2024-03-15,-0.125,-0.6694817342073927,0.75,0.875,0.8571428571428571,-0.25,-0.0391361361453878,0.5,0.75,0.7142857142857143,0.006012024048096192
2024-03-18,-0.125,-0.796474362169256,0.75,0.875,0.8571428571428571,0.125,0.05644865313249481,0.75,0.625,0.5714285714285714,0.006012024048096192
2024-03-19,-0.25,-0.8186162092878496,0.75,1.0,1.0,-0.125,-0.07408500586884281,0.625,0.75,0.7142857142857143,0.01002004008016032
2024-03-20,-0.25,-0.7446092672227544,0.75,1.0,1.0,-0.125,-0.044012008685685944,0.625,0.75,0.7142857142857143,0.028056112224448898
2024-03-21,-0.25,-0.7949123508079592,0.75,1.0,1.0,-0.125,-0.08502417374955279,0.625,0.75,0.7142857142857143,0.052104208416833664
2024-03-22,-0.25,-0.871207565956024,0.75,1.0,1.0,-0.25,-0.21861631940481252,0.5,0.75,0.7142857142857143,0.12024048096192384
2024-03-25,-0.25,-0.7620513913916246,0.75,1.0,1.0,-0.25,-0.148446887434876,0.5,0.75,0.7142857142857143,0.10020040080160321
2024-03-26,-0.125,-0.42630285595150164,0.75,0.875,0.8571428571428571,-0.125,-0.06990929909436705,0.625,0.75,0.7142857142857143,0.12224448897795591
2024-03-27,-0.25,-0.4521664247087769,0.75,1.0,1.0,-0.375,-0.23162901406729314,0.5,0.875,0.8571428571428571,0.050100200400801605
2024-03-28,-0.375,-0.7480219834922177,0.625,1.0,1.0,-0.375,-0.45468914125678167,0.5,0.875,0.8571428571428571,0.04208416833667335
2024-03-29,-0.25,-0.6346559257244028,0.75,1.0,1.0,-0.375,-0.5419459472869823,0.5,0.875,0.8571428571428571,0.036072144288577156
2024-04-01,-0.375,-0.9393522372287505,0.625,1.0,1.0,-0.375,-0.5876193897841854,0.5,0.875,0.8571428571428571,0.03807615230460922
2024-04-02,-0.375,-0.6998539318111618,0.625,1.0,1.0,-0.375,-0.3706610523229586,0.5,0.875,0.8571428571428571,0.052104208416833664
2024-04-03,-0.375,-0.6829132030685822,0.625,1.0,1.0,-0.375,-0.3193330396318672,0.5,0.875,0.8571428571428571,0.04809619238476954
2024-04-04,-0.375,-0.6887555648038078,0.625,1.0,1.0,-0.375,-0.286752234872293,0.5,0.875,0.8571428571428571,0.03406813627254509
2024-04-05,-0.25,-0.5596364945963439,0.75,1.0,1.0,-0.375,-0.3179844113757495,0.5,0.875,0.8571428571428571,0.022044088176352707
2024-04-08,-0.25,-0.4493371163949059,0.75,1.0,1.0,-0.25,-0.2953395830379174,0.625,0.875,0.8571428571428571,0.036072144288577156
2024-04-09,-0.125,-0.10907853979862825,0.625,0.75,0.7142857142857143,-0.375,-0.4385489814131751,0.5,0.875,0.8571428571428571,0.03807615230460922
2024-04-10,-0.5,-0.8149761114479278,0.5,1.0,1.0,-0.375,-0.5081847332655636,0.5,0.875,0.8571428571428571,0.09418837675350701
2024-04-11,-0.375,-0.965385201677162,0.625,1.0,1.0,-0.625,-0.6741482784479649,0.25,0.875,0.8571428571428571,0.09819639278557114
2024-04-12,-0.375,-1.769075840440438,0.625,1.0,1.0,-0.75,-0.8963655039483984,0.25,1.0,1.0,0.16032064128256512
2024-04-15,-0.5,-1.7715754884422834,0.5,1.0,1.0,-0.625,-0.9939691331470152,0.375,1.0,1.0,0.18236472945891782
2024-04-16,-0.25,-1.5932061424399455,0.75,1.0,1.0,-0.5,-0.9624709587173396,0.5,1.0,1.0,0.1523046092184369
2024-04-17,-0.25,-1.248778589385676,0.75,1.0,1.0,-0.5,-0.825098780357242,0.5,1.0,1.0,0.10821643286573146
2024-04-18,-0.125,-1.2376837892286094,0.875,1.0,1.0,-0.625,-0.9562515375879828,0.375,1.0,1.0,0.04809619238476954
2024-04-19,-0.125,-1.251866863022125,0.875,1.0,1.0,-0.5,-0.8017672835714517,0.5,1.0,1.0,0.036072144288577156
2024-04-22,-0.125,-1.0040275877758664,0.875,1.0,1.0,-0.5,-0.8537942275396799,0.5,1.0,1.0,0.056112224448897796
2024-04-23,-0.125,-0.7412242358228333,0.875,1.0,1.0,-0.5,-0.6860802013959069,0.5,1.0,1.0,0.08216432865731463
2024-04-24,-0.25,-0.5363951987641855,0.75,1.0,1.0,-0.375,-0.5821663509569275,0.625,1.0,1.0,0.09619238476953908
2024-04-25,-0.25,-0.6204032938202477,0.75,1.0,1.0,-0.375,-0.532996634927368,0.625,1.0,1.0,0.09018036072144289
2024-04-26,-0.125,-0.38690522494122204,0.75,0.875,0.8571428571428571,-0.375,-0.4111187909586302,0.625,1.0,1.0,0.1903807615230461
2024-04-29,-0.125,-0.12166040913162324,0.625,0.75,0.7142857142857143,-0.375,-0.27604422854002547,0.5,0.875,0.8571428571428571,0.20641282565130262
2024-04-30,-0.25,-0.3514653090598888,0.75,1.0,1.0,-0.25,-0.4285599753868716,0.75,1.0,1.0,0.22444889779559118
2024-05-01,-0.125,-0.23188541164194865,0.75,0.875,0.8571428571428571,-0.125,-0.32332085219428575,0.75,0.875,0.8571428571428571,0.2545090180360721
2024-05-02,-0.125,-0.3066077056194173,0.75,0.875,0.8571428571428571,-0.125,-0.3082968410329236,0.75,0.875,0.8571428571428571,0.2625250501002004
2024-05-03,-0.125,-0.1395980022451806,0.75,0.875,0.8571428571428571,-0.125,-0.023133248324492484,0.625,0.75,0.7142857142857143,0.3286573146292585
2024-05-06,-0.125,-0.02967401213061993,0.75,0.875,0.8571428571428571,-0.125,-0.09347582734981597,0.75,0.875,0.8571428571428571,0.3466933867735471
2024-05-07,0.125,0.2798643498863309,0.875,0.75,0.7142857142857143,-0.125,-0.15312760620543642,0.75,0.875,0.8571428571428571,0.342685370741483
2024-05-08,0.125,0.13047467987295758,0.875,0.75,0.7142857142857143,-0.125,-0.0664154181430846,0.75,0.875,0.8571428571428571,0.2625250501002004
2024-05-09,0.125,0.045740247370707476,0.875,0.75,0.7142857142857143,0.125,0.07300188674006225,0.75,0.625,0.5714285714285714,0.2625250501002004
2024-05-10,-0.125,-0.030394643669129473,0.75,0.875,0.8571428571428571,0.125,0.10034383329057334,0.75,0.625,0.5714285714285714,0.23446893787575152
2024-05-13,0.125,0.051040021352549036,0.875,0.75,0.7142857142857143,0.125,0.15417911340386997,0.75,0.625,0.5714285714285714,0.22645290581162325
2024-05-14,0.125,0.040419340430564166,0.875,0.75,0.7142857142857143,0.125,0.2565370263998028,0.75,0.625,0.5714285714285714,0.22444889779559118
2024-05-15,0.25,0.37359481290992574,0.875,0.625,0.5714285714285714,0.375,0.35730892584715235,0.75,0.375,0.2857142857142857,0.24849699398797595
2024-05-16,0.25,0.25670954850785294,0.875,0.625,0.5714285714285714,0.25,0.4046885007845087,0.625,0.375,0.2857142857142857,0.25250501002004005
2024-05-17,0.25,0.2738791047325775,0.875,0.625,0.5714285714285714,0.125,0.24908801453706503,0.625,0.5,0.42857142857142855,0.24448897795591182
2024-05-20,0.125,0.04886533999071169,0.75,0.625,0.5714285714285714,0.375,0.36105888822329524,0.875,0.5,0.42857142857142855,0.23246492985971945
2024-05-21,0.125,0.05434571889644013,0.75,0.625,0.5714285714285714,0.375,0.3334922231766572,0.875,0.5,0.42857142857142855,0.2124248496993988
2024-05-22,-0.25,-0.06553370692409438,0.5,0.75,0.7142857142857143,0.25,0.2970335384349037,0.875,0.625,0.5714285714285714,0.218436873747495
2024-05-23,0.125,0.05139659711804517,0.625,0.5,0.42857142857142855,0.25,0.26718530743477326,0.875,0.625,0.5714285714285714,0.2124248496993988
2024-05-24,0.125,0.05593303793228599,0.625,0.5,0.42857142857142855,0.25,0.14508255808197562,0.875,0.625,0.5714285714285714,0.16432865731462926
2024-05-27,0.125,0.011453493540575399,0.625,0.5,0.42857142857142855,0.25,0.265155031788243,0.875,0.625,0.5714285714285714,0.1062124248496994
2024-05-28,0.125,0.003957908208395311,0.625,0.5,0.42857142857142855,0.25,0.22948968958834987,0.875,0.625,0.5714285714285714,0.03807615230460922
2024-05-29,-0.375,-0.45388653171673216,0.5,0.875,0.8571428571428571,0.125,0.030531524210946515,0.875,0.75,0.7142857142857143,0.008016032064128256
2024-05-30,-0.375,-0.5684180151849108,0.5,0.875,0.8571428571428571,0.125,0.001141132122627453,0.875,0.75,0.7142857142857143,0.012024048096192385
2024-05-31,-0.25,-0.3624824457040576,0.625,0.875,0.8571428571428571,-0.25,-0.24758619358226075,0.75,1.0,1.0,0.004008016032064128
2024-06-03,-0.25,-0.09490066370643813,0.5,0.75,0.7142857142857143,-0.375,-0.09455550850119498,0.625,1.0,1.0,0.012024048096192385
2024-06-04,-0.25,-0.2566195757499184,0.5,0.75,0.7142857142857143,-0.375,-0.13521243767328905,0.5,0.875,0.8571428571428571,0.026052104208416832
2024-06-05,-0.25,-0.37829923602933796,0.5,0.75,0.7142857142857143,-0.125,-0.1325976357069643,0.5,0.625,0.5714285714285714,0.04008016032064128
2024-06-06,0.125,0.033433741041391324,0.625,0.5,0.42857142857142855,-0.25,-0.2846993867740823,0.5,0.75,0.7142857142857143,0.03206412825651302
2024-06-07,-0.25,-0.5037184172465285,0.5,0.75,0.7142857142857143,-0.5,-0.49660761392515773,0.5,1.0,1.0,0.09619238476953908
2024-06-10,-0.125,-0.5367595951411355,0.5,0.625,0.5714285714285714,-0.375,-0.3927895522354718,0.375,0.75,0.7142857142857143,0.10821643286573146
2024-06-11,-0.25,-0.6896043269065038,0.375,0.625,0.5714285714285714,-0.5,-0.5039956412395953,0.375,0.875,0.8571428571428571,0.10420841683366733
2024-06-12,-0.25,-0.6995927701032483,0.375,0.625,0.5714285714285714,-0.375,-0.47873389215090206,0.375,0.75,0.7142857142857143,0.0781563126252505
2024-06-13,-0.125,-0.6812769216708358,0.375,0.5,0.42857142857142855,-0.125,-0.5249941828941597,0.375,0.5,0.42857142857142855,0.09018036072144289
2024-06-14,-0.25,-0.5437401842586184,0.25,0.5,0.42857142857142855,-0.25,-0.49526000166668005,0.375,0.625,0.5714285714285714,0.12424849699398798
2024-06-17,-0.125,-0.539147389854925,0.375,0.5,0.42857142857142855,-0.375,-0.5619175407381886,0.375,0.75,0.7142857142857143,0.11422845691382766
2024-06-18,-0.125,-0.4074874197976007,0.375,0.5,0.42857142857142855,-0.375,-0.5286051227822253,0.375,0.75,0.7142857142857143,0.19839679358717435
2024-06-19,-0.125,-0.2905926963354323,0.375,0.5,0.42857142857142855,-0.375,-0.4097299954639553,0.375,0.75,0.7142857142857143,0.1402805611222445
2024-06-20,-0.125,-0.36347938717727646,0.375,0.5,0.42857142857142855,-0.5,-0.4605500224332662,0.375,0.875,0.8571428571428571,0.20440881763527055
2024-06-21,-0.125,-0.473170907422164,0.375,0.5,0.42857142857142855,-0.375,-0.5666067389791141,0.375,0.75,0.7142857142857143,0.18036072144288579
2024-06-24,-0.125,-0.04229753484653241,0.375,0.5,0.42857142857142855,-0.625,-0.60159023681726,0.375,1.0,1.0,0.17835671342685372
2024-06-25,-0.125,-0.24722374991462956,0.375,0.5,0.42857142857142855,-0.625,-0.7183092580317662,0.375,1.0,1.0,0.17635270541082165
2024-06-26,-0.375,-0.6585085615574935,0.25,0.625,0.5714285714285714,-0.625,-0.7518518206211748,0.375,1.0,1.0,0.19238476953907815
2024-06-27,-0.375,-0.5778598478220307,0.25,0.625,0.5714285714285714,-0.75,-0.9289376409144557,0.25,1.0,1.0,0.10821643286573146
2024-06-28,-0.25,-0.5314973588317218,0.25,0.5,0.42857142857142855,-0.625,-1.1417634531908656,0.375,1.0,1.0,0.0841683366733467
2024-07-01,-0.25,-0.5188034830788201,0.375,0.625,0.5714285714285714,-0.5,-1.0717856330931137,0.5,1.0,1.0,0.07414829659318638
2024-07-02,-0.375,-0.4935870517592379,0.25,0.625,0.5714285714285714,-0.625,-1.0598400524824867,0.375,1.0,1.0,0.02404809619238477
2024-07-03,0.25,0.17150965657487235,0.5,0.25,0.14285714285714285,-0.625,-0.9238715849957838,0.375,1.0,1.0,0.018036072144288578
2024-07-04,0.25,0.34611535708553537,0.5,0.25,0.14285714285714285,-0.625,-0.8314196048758025,0.375,1.0,1.0,0.018036072144288578
2024-07-05,0.25,0.7069738255725507,0.5,0.25,0.14285714285714285,-0.5,-0.6416352891336199,0.5,1.0,1.0,0.0
2024-07-08,0.375,0.7503702933333904,0.625,0.25,0.14285714285714285,-0.375,-0.6896710026087945,0.5,0.875,0.8571428571428571,0.0
2024-07-09,0.375,0.6886740003718921,0.625,0.25,0.14285714285714285,-0.5,-0.5734316011379904,0.5,1.0,1.0,0.0
2024-07-10,0.375,0.5693772872478678,0.625,0.25,0.14285714285714285,-0.375,-0.5043425172782128,0.625,1.0,1.0,0.004008016032064128
2024-07-11,0.375,0.9126025758136239,0.625,0.25,0.14285714285714285,-0.5,-0.5200310419253471,0.5,1.0,1.0,0.026052104208416832
2024-07-12,0.375,0.9736974299011657,0.625,0.25,0.14285714285714285,-0.125,-0.15992340194373472,0.625,0.75,0.7142857142857143,0.02404809619238477
2024-07-15,0.375,1.0134588594310476,0.625,0.25,0.14285714285714285,-0.125,-0.3003377569864772,0.625,0.75,0.7142857142857143,0.028056112224448898
2024-07-16,0.125,0.9088041598115887,0.5,0.375,0.2857142857142857,-0.125,-0.26682356961247533,0.625,0.75,0.7142857142857143,0.022044088176352707
2024-07-17,0.25,1.2714355577354126,0.5,0.25,0.14285714285714285,-0.125,-0.23804425034191304,0.625,0.75,0.7142857142857143,0.07414829659318638
2024-07-18,0.125,1.0064219451420926,0.5,0.375,0.2857142857142857,-0.125,-0.1145897825033447,0.625,0.75,0.7142857142857143,0.06212424849699399
2024-07-19,0.375,1.3126439540226174,0.625,0.25,0.14285714285714285,-0.125,-0.1921729443412114,0.625,0.75,0.7142857142857143,0.07414829659318638
2024-07-22,0.375,1.2899655228906506,0.75,0.375,0.2857142857142857,-0.125,-0.3111844600912858,0.625,0.75,0.7142857142857143,0.1062124248496994
2024-07-23,0.375,1.4636728324707429,0.625,0.25,0.14285714285714285,-0.125,-0.47766084890923477,0.625,0.75,0.7142857142857143,0.20841683366733466
2024-07-24,0.5,0.7490462007770452,0.75,0.25,0.14285714285714285,-0.125,-0.4383486073221998,0.625,0.75,0.7142857142857143,0.2925851703406814
2024-07-25,0.125,0.734013102617046,0.75,0.625,0.5714285714285714,-0.25,-0.5005957182167031,0.5,0.75,0.7142857142857143,0.3226452905811623
2024-07-26,0.125,0.5505528499604929,0.75,0.625,0.5714285714285714,-0.25,-0.5278706926605984,0.5,0.75,0.7142857142857143,0.3226452905811623
2024-07-29,0.125,0.3292745258398883,0.75,0.625,0.5714285714285714,-0.25,-0.5126141120537601,0.5,0.75,0.7142857142857143,0.3066132264529058
2024-07-30,0.125,0.3544799553021112,0.625,0.5,0.42857142857142855,-0.25,-0.4604993211107951,0.5,0.75,0.7142857142857143,0.3346693386773547
2024-07-31,0.125,0.40717003471745405,0.625,0.5,0.42857142857142855,-0.25,-0.5147977539824642,0.375,0.625,0.5714285714285714,0.3787575150300601
2024-08-01,0.125,0.046941597559433834,0.625,0.5,0.42857142857142855,-0.125,-0.6839949528971981,0.375,0.5,0.42857142857142855,0.5070140280561122
2024-08-02,0.125,0.47388388259736725,0.625,0.5,0.42857142857142855,0.125,0.28482590784762285,0.5,0.375,0.2857142857142857,0.6292585170340681
2024-08-05,0.125,0.4444814603720199,0.625,0.5,0.42857142857142855,0.375,0.5370347287095201,0.625,0.25,0.14285714285714285,0.7314629258517034
2024-08-06,0.25,0.30665922859786987,0.75,0.5,0.42857142857142855,0.125,0.21825620640893947,0.5,0.375,0.2857142857142857,0.7735470941883767
2024-08-07,0.25,0.1441661686806226,0.75,0.5,0.42857142857142855,0.125,0.662473814768342,0.625,0.5,0.42857142857142855,0.8296593186372746
2024-08-08,0.125,0.1891521204086013,0.625,0.5,0.42857142857142855,0.25,0.44326846750859095,0.625,0.375,0.2857142857142857,0.8136272545090181
2024-08-09,0.25,0.15120552181311253,0.75,0.5,0.42857142857142855,0.125,0.8094862925766253,0.5,0.375,0.2857142857142857,0.7995991983967936
2024-08-12,0.25,0.25645797940703385,0.75,0.5,0.42857142857142855,0.125,0.9714050374752811,0.5,0.375,0.2857142857142857,0.7975951903807615
2024-08-13,0.25,0.5039834028999122,0.75,0.5,0.42857142857142855,0.125,1.1558953519157105,0.5,0.375,0.2857142857142857,0.8336673346693386
2024-08-14,0.25,0.6474376867907937,0.75,0.5,0.42857142857142855,0.25,1.1560804386912267,0.625,0.375,0.2857142857142857,0.7935871743486974
2024-08-15,0.375,0.6472832125681901,0.75,0.375,0.2857142857142857,0.125,0.33168439574092445,0.5,0.375,0.2857142857142857,0.8597194388777555
2024-08-16,0.375,0.6528152959881663,0.75,0.375,0.2857142857142857,0.25,1.1009713133025432,0.625,0.375,0.2857142857142857,0.875751503006012
2024-08-19,0.375,0.8066020964046381,0.75,0.375,0.2857142857142857,0.25,1.6814114525633896,0.625,0.375,0.2857142857142857,0.875751503006012
2024-08-20,0.625,0.8652079103884729,0.75,0.125,0.0,0.25,1.8357183859143105,0.5,0.25,0.14285714285714285,0.87374749498998
2024-08-21,0.625,1.1244777456878405,0.75,0.125,0.0,0.375,2.0003269378801125,0.5,0.125,0.0,0.8216432865731463
2024-08-22,0.5,1.0383235863922222,0.625,0.125,0.0,0.375,1.7742871902924617,0.5,0.125,0.0,0.7835671342685371
2024-08-23,0.5,1.1346080151436087,0.625,0.125,0.0,0.375,1.9940014188060557,0.5,0.125,0.0,0.8637274549098196
2024-08-26,0.5,0.9269364186404038,0.625,0.125,0.0,0.375,1.970472561926798,0.5,0.125,0.0,0.8697394789579158
2024-08-27,0.5,1.2350866141209582,0.625,0.125,0.0,0.375,1.793090674056876,0.5,0.125,0.0,0.8557114228456913
2024-08-28,0.5,0.9171523486523774,0.625,0.125,0.0,0.375,1.453904882722123,0.5,0.125,0.0,0.7655310621242485
2024-08-29,0.375,0.7883775140115605,0.5,0.125,0.0,0.375,1.4048661038041061,0.5,0.125,0.0,0.7354709418837675
2024-08-30,0.25,1.1556540073986483,0.375,0.125,0.0,0.375,1.6123019029803625,0.5,0.125,0.0,0.6753507014028056
2024-09-02,0.5,1.4473354448760807,0.625,0.125,0.0,0.375,1.5455449354265527,0.5,0.125,0.0,0.6172344689378757
2024-09-03,0.5,1.1582416084311464,0.625,0.125,0.0,0.25,1.457599829026385,0.5,0.25,0.14285714285714285,0.657314629258517
2024-09-04,0.5,0.8988843200333616,0.625,0.125,0.0,0.25,1.6492132948783595,0.5,0.25,0.14285714285714285,0.6112224448897795
2024-09-05,0.625,1.2278399530518624,0.75,0.125,0.0,0.25,1.6999408540576524,0.5,0.25,0.14285714285714285,0.5130260521042084
2024-09-06,0.625,1.1324397613623893,0.75,0.125,0.0,0.25,1.5451838971314402,0.5,0.25,0.14285714285714285,0.6072144288577155
2024-09-09,0.5,0.9355519602333341,0.625,0.125,0.0,0.5,1.4911233269702469,0.75,0.25,0.14285714285714285,0.6212424849699398
2024-09-10,0.375,0.7863193076074044,0.625,0.25,0.14285714285714285,0.375,1.4202184224777774,0.625,0.25,0.14285714285714285,0.6092184368737475
2024-09-11,0.5,0.7563611304254263,0.625,0.125,0.0,0.25,1.557750971653437,0.5,0.25,0.14285714285714285,0.5831663326653307
2024-09-12,0.5,0.9906918127920051,0.625,0.125,0.0,0.375,1.7647556592869742,0.625,0.25,0.14285714285714285,0.5070140280561122
2024-09-13,0.5,0.9257415581167441,0.625,0.125,0.0,0.375,1.6434226044712246,0.625,0.25,0.14285714285714285,0.49899799599198397
2024-09-16,0.5,0.9499766515337426,0.625,0.125,0.0,0.375,1.7566405883051541,0.625,0.25,0.14285714285714285,0.4909819639278557
2024-09-17,0.625,1.0544414742774988,0.75,0.125,0.0,0.5,2.0162963675131604,0.625,0.125,0.0,0.48697394789579157
2024-09-18,0.5,1.0952912705264268,0.625,0.125,0.0,0.5,1.9670150718550405,0.625,0.125,0.0,0.48296593186372744
2024-09-19,0.5,1.2016612736317873,0.625,0.125,0.0,0.5,2.043997940739481,0.625,0.125,0.0,0.5270541082164328
2024-09-20,0.5,1.2534776485771841,0.625,0.125,0.0,0.5,1.9802827559593794,0.625,0.125,0.0,0.44889779559118237
2024-09-23,0.5,1.0106061968163904,0.625,0.125,0.0,0.5,1.7317760075130086,0.625,0.125,0.0,0.501002004008016
2024-09-24,0.375,1.1620028794692516,0.5,0.125,0.0,0.5,1.9194671651786204,0.625,0.125,0.0,0.5390781563126252
2024-09-25,0.5,0.9757709752731594,0.625,0.125,0.0,0.5,1.8572691423756988,0.625,0.125,0.0,0.591182364729459
2024-09-26,0.375,1.0546766812697825,0.5,0.125,0.0,0.5,1.808191165954369,0.625,0.125,0.0,0.627254509018036
2024-09-27,0.375,0.8080892827285007,0.5,0.125,0.0,0.375,1.8258790484792031,0.5,0.125,0.0,0.7034068136272545
2024-09-30,0.375,0.8506688679919461,0.5,0.125,0.0,0.375,1.7141420327869044,0.5,0.125,0.0,0.7254509018036072
2024-10-01,0.375,0.6782338876929449,0.5,0.125,0.0,0.375,1.6175590673564502,0.5,0.125,0.0,0.6913827655310621
2024-10-02,0.25,0.6846545835512956,0.375,0.125,0.0,0.375,1.5035349640702684,0.5,0.125,0.0,0.7414829659318637
2024-10-03,0.375,0.6216098090815845,0.5,0.125,0.0,0.375,1.676002816897548,0.5,0.125,0.0,0.7695390781563126
2024-10-04,0.375,0.31663972618463226,0.5,0.125,0.0,0.375,1.3154550606607474,0.5,0.125,0.0,0.749498997995992
2024-10-07,0.25,0.31754438972110505,0.5,0.25,0.14285714285714285,0.375,1.3601152244054167,0.5,0.125,0.0,0.7735470941883767
2024-10-08,0.375,0.332640410925896,0.5,0.125,0.0,0.375,1.1614496184670793,0.5,0.125,0.0,0.7595190380761523
2024-10-09,0.125,0.018987319287351867,0.625,0.5,0.42857142857142855,0.375,1.3214549251344105,0.5,0.125,0.0,0.7775551102204409
2024-10-10,0.125,0.18931343722466265,0.375,0.25,0.14285714285714285,0.375,1.289051166641541,0.5,0.125,0.0,0.7775551102204409
2024-10-11,0.125,0.272166359936064,0.375,0.25,0.14285714285714285,0.375,1.2944739590158538,0.5,0.125,0.0,0.749498997995992
2024-10-14,0.125,0.10551348253110937,0.375,0.25,0.14285714285714285,0.25,1.168988745550936,0.5,0.25,0.14285714285714285,0.7454909819639278
2024-10-15,0.25,0.2524143009848213,0.375,0.125,0.0,0.375,1.1969172097809093,0.5,0.125,0.0,0.7194388777555111
2024-10-16,0.125,0.23131570501923282,0.25,0.125,0.0,0.375,1.2572589615321201,0.5,0.125,0.0,0.7454909819639278
2024-10-17,-0.125,-0.12009713228897989,0.125,0.25,0.14285714285714285,0.25,0.8742003834262697,0.5,0.25,0.14285714285714285,0.7214428857715431
2024-10-18,0.125,0.04494213003854752,0.25,0.125,0.0,0.25,0.606366106466268,0.625,0.375,0.2857142857142857,0.687374749498998
2024-10-21,-0.125,-0.05315409178101782,0.125,0.25,0.14285714285714285,0.125,0.44088946789955125,0.5,0.375,0.2857142857142857,0.6893787575150301
2024-10-22,-0.125,-0.12687711269597246,0.125,0.25,0.14285714285714285,0.125,0.4483867814144634,0.5,0.375,0.2857142857142857,0.6733466933867736
2024-10-23,-0.25,-0.40435581561402945,0.25,0.5,0.42857142857142855,0.125,0.3315828916422935,0.5,0.375,0.2857142857142857,0.6713426853707415
2024-10-24,0.25,0.3164550243062335,0.5,0.25,0.14285714285714285,0.125,0.6667616471368639,0.5,0.375,0.2857142857142857,0.6332665330661322
2024-10-25,-0.375,-0.722155406701273,0.25,0.625,0.5714285714285714,0.125,0.45699247045799674,0.5,0.375,0.2857142857142857,0.45691382765531063
2024-10-31,-0.125,-0.32159867015455906,0.5,0.625,0.5714285714285714,0.25,0.8424209280065968,0.625,0.375,0.2857142857142857,0.46893787575150303
2024-11-01,-0.125,-0.39995390605959497,0.5,0.625,0.5714285714285714,-0.125,-0.20458304146565223,0.5,0.625,0.5714285714285714,0.4188376753507014
2024-11-04,-0.375,-0.27229405443873145,0.375,0.75,0.7142857142857143,0.125,0.15204803275620096,0.625,0.5,0.42857142857142855,0.3587174348697395
2024-11-05,0.125,0.06683346869770176,0.625,0.5,0.42857142857142855,0.25,0.37624680916199593,0.625,0.375,0.2857142857142857,0.3406813627254509
2024-11-06,-0.625,-0.9853956898526472,0.25,0.875,0.8571428571428571,-0.25,-0.8540632524745455,0.375,0.625,0.5714285714285714,0.37074148296593185
2024-11-07,-0.375,-0.737738237702247,0.25,0.625,0.5714285714285714,-0.375,-0.6419080645077397,0.25,0.625,0.5714285714285714,0.38276553106212424
2024-11-08,-0.625,-2.0055739440474305,0.25,0.875,0.8571428571428571,-0.375,-1.0309769392159305,0.25,0.625,0.5714285714285714,0.4909819639278557
2024-11-11,-0.625,-2.148009678466162,0.25,0.875,0.8571428571428571,-0.375,-1.2409849674255773,0.25,0.625,0.5714285714285714,0.44288577154308617
2024-11-12,-0.75,-2.911448964085185,0.25,1.0,1.0,-0.5,-1.6659356296691095,0.25,0.75,0.7142857142857143,0.45490981963927857
2024-11-13,-0.75,-2.9359250415632756,0.25,1.0,1.0,-0.625,-2.095177495087412,0.25,0.875,0.8571428571428571,0.46092184368737477
2024-11-14,-0.75,-2.857271047329189,0.25,1.0,1.0,-0.5,-2.135695069365664,0.375,0.875,0.8571428571428571,0.4589178356713427
2024-11-15,-0.75,-3.166213967956308,0.25,1.0,1.0,-0.625,-2.4809172092333176,0.375,1.0,1.0,0.5691382765531062
2024-11-18,-0.75,-2.9494733419334347,0.25,1.0,1.0,-0.625,-1.9302548817798064,0.375,1.0,1.0,0.6032064128256514
2024-11-19,-0.75,-3.0512520667990426,0.25,1.0,1.0,-0.375,-1.6525615788021017,0.5,0.875,0.8571428571428571,0.5711422845691383
2024-11-20,-0.75,-2.8755632442468686,0.25,1.0,1.0,-0.5,-1.6076129383506255,0.5,1.0,1.0,0.5991983967935872
2024-11-21,-0.75,-3.207770618751365,0.25,1.0,1.0,-0.625,-1.8678757961477053,0.375,1.0,1.0,0.6212424849699398
2024-11-22,-0.75,-3.1396065172152534,0.25,1.0,1.0,-0.625,-1.9595765514503758,0.375,1.0,1.0,0.6513026052104208
2024-11-25,-0.625,-2.909313108873418,0.375,1.0,1.0,-0.375,-1.3995300808696156,0.5,0.875,0.8571428571428571,0.6513026052104208
2024-11-26,-0.75,-2.892825436816542,0.25,1.0,1.0,-0.5,-1.3736408720375208,0.5,1.0,1.0,0.6833667334669339
2024-11-27,-0.75,-2.865113255736027,0.25,1.0,1.0,-0.375,-1.0284569811288977,0.5,0.875,0.8571428571428571,0.7214428857715431
2024-11-28,-0.75,-3.0439440090294845,0.25,1.0,1.0,-0.375,-1.1654864295374856,0.5,0.875,0.8571428571428571,0.6633266533066132
2024-11-29,-0.75,-3.4041225562449005,0.25,1.0,1.0,-0.375,-1.2654383928985318,0.5,0.875,0.8571428571428571,0.6933867735470942
2024-12-02,-0.875,-3.448964218367289,0.125,1.0,1.0,-0.375,-1.9326706110838912,0.5,0.875,0.8571428571428571,0.7254509018036072
2024-12-03,-0.75,-3.353835511269806,0.25,1.0,1.0,-0.5,-2.3042923997611076,0.5,1.0,1.0,0.6993987975951904
2024-12-04,-0.625,-3.1175664632839917,0.375,1.0,1.0,-0.25,-1.5267004752538318,0.625,0.875,0.8571428571428571,0.6472945891783567
2024-12-05,-0.625,-2.9874232006789594,0.375,1.0,1.0,-0.25,-1.4061022925205677,0.625,0.875,0.8571428571428571,0.533066132264529
2024-12-06,-0.625,-2.694534321104423,0.375,1.0,1.0,-0.25,-1.530413754593229,0.625,0.875,0.8571428571428571,0.4729458917835671
2024-12-09,-0.5,-2.514423675053756,0.5,1.0,1.0,-0.25,-1.4342578390667113,0.625,0.875,0.8571428571428571,0.5711422845691383
2024-12-10,-0.5,-2.4572403210718394,0.5,1.0,1.0,-0.25,-1.4586284903725115,0.625,0.875,0.8571428571428571,0.6232464929859719
2024-12-11,-0.625,-2.4523925200117747,0.375,1.0,1.0,-0.25,-1.5658504664637338,0.625,0.875,0.8571428571428571,0.6052104208416834
2024-12-12,-0.625,-2.6467546311365493,0.375,1.0,1.0,-0.375,-1.6687852369500862,0.625,1.0,1.0,0.6432865731462926
2024-12-13,-0.5,-2.6015376875426557,0.5,1.0,1.0,-0.375,-1.6134307911518462,0.625,1.0,1.0,0.5410821643286573
2024-12-16,-0.5,-2.462716050561257,0.5,1.0,1.0,-0.25,-1.7306403162535837,0.75,1.0,1.0,0.49498997995991983
2024-12-17,-0.5,-2.60256421971474,0.5,1.0,1.0,-0.25,-1.5717833799063439,0.75,1.0,1.0,0.5771543086172345
2024-12-18,-0.625,-2.598710852442991,0.375,1.0,1.0,-0.25,-1.6907789195339347,0.75,1.0,1.0,0.7434869739478958
2024-12-19,-0.5,-2.286817965768708,0.5,1.0,1.0,-0.25,-1.6506396277607862,0.75,1.0,1.0,0.8056112224448898
2024-12-20,-0.5,-2.1886655058764752,0.5,1.0,1.0,-0.25,-1.3291590468266705,0.75,1.0,1.0,0.7975951903807615
2024-12-23,-0.5,-2.3240952117176934,0.5,1.0,1.0,-0.25,-1.4111525895999133,0.75,1.0,1.0,0.7715430861723447
2024-12-24,-0.5,-2.3575518629044576,0.5,1.0,1.0,-0.25,-1.6290822132669052,0.75,1.0,1.0,0.7575150300601202
2024-12-25,-0.5,-2.1328932432020746,0.5,1.0,1.0,-0.25,-1.583327148061638,0.75,1.0,1.0,0.6813627254509018
2024-12-26,-0.5,-1.8992142335305293,0.5,1.0,1.0,-0.25,-1.4507376948429362,0.75,1.0,1.0,0.7414829659318637
2024-12-27,-0.25,-1.8386575338200855,0.75,1.0,1.0,-0.25,-1.3903330855450025,0.75,1.0,1.0,0.6913827655310621
2024-12-30,-0.25,-1.9725624375600455,0.75,1.0,1.0,-0.25,-1.7171895975364135,0.75,1.0,1.0,0.6813627254509018
2024-12-31,-0.5,-2.0954580059914028,0.5,1.0,1.0,-0.25,-1.793929872395894,0.75,1.0,1.0,0.7214428857715431
2025-01-01,-0.5,-2.088317724675376,0.5,1.0,1.0,-0.25,-1.6989496317334898,0.75,1.0,1.0,0.5831663326653307
2025-01-02,-0.625,-2.590914262508522,0.375,1.0,1.0,-0.375,-2.1774415312183493,0.625,1.0,1.0,0.6773547094188377
2025-01-03,-0.625,-2.508599582131461,0.375,1.0,1.0,-0.375,-1.9896200444991434,0.625,1.0,1.0,0.5831663326653307
2025-01-06,-0.5,-2.4364086570055283,0.5,1.0,1.0,-0.375,-1.8774803101178124,0.625,1.0,1.0,0.5270541082164328
2025-01-07,-0.375,-2.3942283297965767,0.625,1.0,1.0,-0.375,-2.0256430317460947,0.625,1.0,1.0,0.3967935871743487
2025-01-08,-0.375,-2.31476865716349,0.625,1.0,1.0,-0.375,-2.15364256347095,0.625,1.0,1.0,0.44288577154308617
2025-01-09,-0.5,-2.3415357340108125,0.5,1.0,1.0,-0.375,-2.3406770975992606,0.625,1.0,1.0,0.39478957915831664
2025-01-10,-0.5,-2.3842432129628897,0.5,1.0,1.0,-0.375,-2.2698367257903476,0.625,1.0,1.0,0.4408817635270541
2025-01-13,-0.375,-2.507811753493357,0.625,1.0,1.0,-0.25,-2.4836119337080977,0.75,1.0,1.0,0.4468937875751503
2025-01-14,-0.25,-2.1285483114100434,0.75,1.0,1.0,-0.25,-2.1502506870209674,0.75,1.0,1.0,0.4168336673346693
2025-01-15,-0.375,-2.3390420286882625,0.625,1.0,1.0,-0.25,-2.3809704823895363,0.75,1.0,1.0,0.3667334669338677
2025-01-16,-0.375,-2.1973291690816095,0.625,1.0,1.0,-0.25,-2.0472573468009734,0.75,1.0,1.0,0.3106212424849699
2025-01-17,-0.375,-2.0942578110897254,0.625,1.0,1.0,-0.25,-2.116278672743682,0.75,1.0,1.0,0.3066132264529058
2025-01-20,-0.375,-1.8961936887271325,0.625,1.0,1.0,-0.25,-1.7315089046426833,0.75,1.0,1.0,0.35070140280561124
2025-01-21,-0.375,-2.0915843536757763,0.625,1.0,1.0,-0.25,-1.8167849702246441,0.75,1.0,1.0,0.3246492985971944
2025-01-22,-0.375,-2.1726510279005615,0.625,1.0,1.0,-0.25,-1.6980379227738753,0.75,1.0,1.0,0.33867735470941884
2025-01-23,-0.5,-2.7379558004049924,0.5,1.0,1.0,-0.25,-1.5018391408707723,0.75,1.0,1.0,0.3046092184368738
2025-01-24,-0.375,-2.422535714134668,0.625,1.0,1.0,-0.25,-1.1041798906477616,0.75,1.0,1.0,0.3286573146292585
2025-01-27,-0.5,-2.3613134413042123,0.5,1.0,1.0,-0.25,-1.1612072926303458,0.75,1.0,1.0,0.3486973947895792
2025-01-28,-0.5,-2.568763924022952,0.5,1.0,1.0,-0.25,-1.4267867783988057,0.75,1.0,1.0,0.3466933867735471
2025-01-29,-0.25,-1.6785425056247927,0.75,1.0,1.0,-0.25,-1.3633751195509811,0.75,1.0,1.0,0.3687374749498998
2025-01-30,-0.25,-1.6523369812493487,0.75,1.0,1.0,-0.375,-1.392510545813528,0.625,1.0,1.0,0.3527054108216433
2025-01-31,-0.25,-1.797239012191706,0.75,1.0,1.0,-0.5,-1.3910181245153181,0.5,1.0,1.0,0.35470941883767537
2025-02-03,-0.25,-1.5705497230577359,0.75,1.0,1.0,-0.5,-1.5157041715225472,0.5,1.0,1.0,0.3527054108216433
2025-02-04,-0.25,-1.436792328811106,0.625,0.875,0.8571428571428571,-0.5,-1.5725399394471178,0.5,1.0,1.0,0.35671342685370744
2025-02-05,-0.125,-0.93568225001075,0.75,0.875,0.8571428571428571,-0.5,-1.4657752379936937,0.5,1.0,1.0,0.3847695390781563
2025-02-06,-0.125,-0.758216707457102,0.75,0.875,0.8571428571428571,-0.5,-1.4851489794854429,0.5,1.0,1.0,0.41082164328657317
2025-02-07,-0.375,-1.179190125505603,0.5,0.875,0.8571428571428571,-0.625,-1.7656161094567913,0.375,1.0,1.0,0.4028056112224449
2025-02-10,-0.375,-1.4824928966141104,0.5,0.875,0.8571428571428571,-0.625,-1.7908187662063662,0.375,1.0,1.0,0.3847695390781563
2025-02-11,-0.25,-1.2219618095278004,0.625,0.875,0.8571428571428571,-0.625,-1.622653307989192,0.375,1.0,1.0,0.40080160320641284
2025-02-12,-0.125,-0.9845464989449024,0.75,0.875,0.8571428571428571,-0.5,-1.5760791517108308,0.5,1.0,1.0,0.41282565130260523
2025-02-13,-0.125,-0.05899406291985776,0.75,0.875,0.8571428571428571,-0.625,-1.4714034573546593,0.375,1.0,1.0,0.41082164328657317
2025-02-14,0.25,0.5976565691556276,0.875,0.625,0.5714285714285714,-0.625,-1.507349491776871,0.375,1.0,1.0,0.4228456913827655
2025-02-17,-0.125,-0.10472671104804304,0.625,0.75,0.7142857142857143,-0.625,-1.6495713677953976,0.375,1.0,1.0,0.3627254509018036
2025-02-18,-0.125,-0.3308747681230285,0.625,0.75,0.7142857142857143,-0.5,-1.6009209678121499,0.375,0.875,0.8571428571428571,0.39478957915831664
2025-02-19,-0.375,-1.2796051068285355,0.625,1.0,1.0,-0.625,-1.759897631032431,0.375,1.0,1.0,0.41082164328657317
2025-02-20,-0.25,-0.501025612613793,0.625,0.875,0.8571428571428571,-0.5,-1.596984073364053,0.375,0.875,0.8571428571428571,0.44488977955911824
2025-02-21,-0.25,-1.0278560399072525,0.625,0.875,0.8571428571428571,-0.5,-1.7436184304433584,0.375,0.875,0.8571428571428571,0.43887775551102204
2025-02-24,-0.375,-0.2913240356812479,0.625,1.0,1.0,-0.625,-1.7311556360929452,0.375,1.0,1.0,0.3927855711422846
2025-02-25,0.125,0.058745637667335426,0.875,0.75,0.7142857142857143,-0.5,-1.5916868331822982,0.5,1.0,1.0,0.4088176352705411
2025-02-26,-0.25,-0.21073685839109502,0.625,0.875,0.8571428571428571,-0.5,-1.614899784687933,0.5,1.0,1.0,0.4288577154308617
2025-02-27,-0.25,-1.1804648745244637,0.625,0.875,0.8571428571428571,-0.5,-1.704461762147035,0.5,1.0,1.0,0.4308617234468938
2025-02-28,-0.375,-1.401672004659642,0.625,1.0,1.0,-0.5,-1.743158475472009,0.5,1.0,1.0,0.42685370741482964
2025-03-03,-0.25,-0.36419124183336105,0.625,0.875,0.8571428571428571,-0.5,-1.355810867890186,0.5,1.0,1.0,0.4408817635270541
2025-03-04,0.25,0.6798254064868562,0.875,0.625,0.5714285714285714,-0.375,-0.851117652797059,0.5,0.875,0.8571428571428571,0.5190380761523046
2025-03-05,0.375,1.870170352863544,1.0,0.625,0.5714285714285714,-0.25,-0.3455027213044633,0.5,0.75,0.7142857142857143,0.6352705410821643
2025-03-06,0.375,2.0802183073530394,0.875,0.5,0.42857142857142855,-0.125,-0.26719659762196546,0.5,0.625,0.5714285714285714,0.5951903807615231
2025-03-07,0.375,1.8190062010846237,0.875,0.5,0.42857142857142855,-0.125,-0.056067953524748415,0.5,0.625,0.5714285714285714,0.657314629258517
2025-03-10,0.375,1.3773663220487933,0.875,0.5,0.42857142857142855,-0.125,-0.25741588139968546,0.5,0.625,0.5714285714285714,0.751503006012024
2025-03-11,0.5,2.1634368402276998,1.0,0.5,0.42857142857142855,0.125,0.1435171332177988,0.625,0.5,0.42857142857142855,0.7955911823647295
2025-03-12,0.875,3.120095252819112,1.0,0.125,0.0,0.125,0.24407759752186883,0.625,0.5,0.42857142857142855,0.7234468937875751
2025-03-13,0.625,2.121460721431713,0.875,0.25,0.14285714285714285,0.125,0.044416947706563126,0.625,0.5,0.42857142857142855,0.7074148296593187
2025-03-14,0.625,2.393345177549844,0.875,0.25,0.14285714285714285,0.125,0.16474642135902656,0.625,0.5,0.42857142857142855,0.7655310621242485
2025-03-17,0.75,2.8069606056580354,0.875,0.125,0.0,0.125,0.37994619304109156,0.625,0.5,0.42857142857142855,0.845691382765531
2025-03-18,0.75,2.8507060462577387,0.875,0.125,0.0,0.25,0.5075310016904833,0.75,0.5,0.42857142857142855,0.8496993987975952
2025-03-19,0.75,2.5311143913744587,0.875,0.125,0.0,0.125,0.3346990037125472,0.625,0.5,0.42857142857142855,0.8496993987975952
2025-03-20,0.75,2.1968536049370475,0.875,0.125,0.0,0.125,0.3532157198584528,0.625,0.5,0.42857142857142855,0.8577154308617234
2025-03-21,0.75,2.1338927047446647,0.875,0.125,0.0,0.125,0.13601342663295668,0.625,0.5,0.42857142857142855,0.8236472945891784
2025-03-24,0.75,2.5890019265543693,0.875,0.125,0.0,-0.125,-0.0979421234397882,0.5,0.625,0.5714285714285714,0.8657314629258517
2025-03-25,0.75,2.723161133918927,0.875,0.125,0.0,-0.125,-0.1538197120209423,0.5,0.625,0.5714285714285714,0.845691382765531
2025-03-26,0.75,2.534776042619776,0.875,0.125,0.0,-0.125,-0.3099284044138273,0.5,0.625,0.5714285714285714,0.8256513026052105
2025-03-27,0.875,2.9066667823824117,1.0,0.125,0.0,-0.125,-0.1902076179567251,0.5,0.625,0.5714285714285714,0.8136272545090181
2025-03-28,0.875,2.7848100938830127,1.0,0.125,0.0,-0.125,-0.07891390223369882,0.5,0.625,0.5714285714285714,0.843687374749499
2025-03-31,0.625,2.104589737397051,0.875,0.25,0.14285714285714285,0.125,0.21588023135043338,0.625,0.5,0.42857142857142855,0.8016032064128257
2025-04-01,0.75,2.2857231809744647,0.875,0.125,0.0,0.125,0.20220014114228163,0.625,0.5,0.42857142857142855,0.7454909819639278
2025-04-02,0.625,2.230702218502233,0.75,0.125,0.0,0.125,0.5784449247624295,0.625,0.5,0.42857142857142855,0.6212424849699398
2025-04-03,0.75,2.6366489212660316,0.875,0.125,0.0,0.125,1.1672629182324472,0.625,0.5,0.42857142857142855,0.8136272545090181
2025-04-04,0.625,2.007295850311039,0.875,0.25,0.14285714285714285,0.125,0.6978987795487913,0.625,0.5,0.42857142857142855,0.9839679358717435
2025-04-07,0.375,1.7654986834415574,0.75,0.375,0.2857142857142857,0.25,0.5019662667448732,0.75,0.5,0.42857142857142855,0.9839679358717435
2025-04-08,0.375,1.495435206775325,0.75,0.375,0.2857142857142857,0.25,0.5654225720032316,0.75,0.5,0.42857142857142855,0.9919839679358717
2025-04-09,0.75,2.1773622816101135,1.0,0.25,0.14285714285714285,0.125,0.7449953720742353,0.625,0.5,0.42857142857142855,1.0
2025-04-10,0.75,2.413191470626302,0.875,0.125,0.0,0.25,1.0633799155291395,0.75,0.5,0.42857142857142855,1.0
2025-04-11,0.75,2.6086624562052574,0.875,0.125,0.0,0.25,1.191804971743009,0.75,0.5,0.42857142857142855,1.0
2025-04-14,0.75,2.33675294893042,0.875,0.125,0.0,0.25,1.2187409864598129,0.75,0.5,0.42857142857142855,0.9959919839679359
2025-04-15,0.625,2.341221326534406,0.75,0.125,0.0,0.125,1.075201373076451,0.625,0.5,0.42857142857142855,1.0
2025-04-16,0.625,2.4367994718692496,0.75,0.125,0.0,0.25,1.2209233314536774,0.75,0.5,0.42857142857142855,1.0
2025-04-17,0.625,2.553177029742196,0.75,0.125,0.0,0.25,1.2622910047114,0.75,0.5,0.42857142857142855,1.0
2025-04-18,0.625,2.3050123371378826,0.75,0.125,0.0,0.375,1.3449889949198517,0.75,0.375,0.2857142857142857,1.0
2025-04-21,0.75,2.582025835452905,0.875,0.125,0.0,0.375,1.4411568251229219,0.75,0.375,0.2857142857142857,1.0
2025-04-22,0.625,2.6855948651176043,0.75,0.125,0.0,0.25,1.3150477035034305,0.625,0.375,0.2857142857142857,1.0
2025-04-23,0.75,2.8085809637556567,0.875,0.125,0.0,0.125,1.2098467215622595,0.625,0.5,0.42857142857142855,1.0
2025-04-24,0.75,3.0427402119966622,0.875,0.125,0.0,0.125,1.2849445181650885,0.625,0.5,0.42857142857142855,0.9959919839679359
2025-04-25,0.75,3.0096566763666686,0.875,0.125,0.0,0.125,1.259793550684616,0.625,0.5,0.42857142857142855,0.9939879759519038
2025-04-28,0.75,2.9318137295549844,0.875,0.125,0.0,0.125,1.3016713796241524,0.625,0.5,0.42857142857142855,0.9979959919839679
2025-04-29,0.75,2.850380492433347,0.875,0.125,0.0,0.125,1.1303340058937434,0.625,0.5,0.42857142857142855,0.9979959919839679
2025-04-30,0.75,2.945229721424907,0.875,0.125,0.0,0.125,1.1195991108497174,0.625,0.5,0.42857142857142855,1.0
2025-05-01,0.75,2.914812988035476,0.875,0.125,0.0,0.125,1.0472270255908187,0.625,0.5,0.42857142857142855,0.9859719438877755
2025-05-02,0.75,2.982789810331795,0.875,0.125,0.0,0.125,1.0280437743846136,0.625,0.5,0.42857142857142855,0.9679358717434869
2025-05-05,0.75,2.9892016720446772,0.875,0.125,0.0,0.125,0.8917598100915306,0.625,0.5,0.42857142857142855,0.9659318637274549
2025-05-06,0.75,2.9123695804952066,0.875,0.125,0.0,0.125,1.0016314221643512,0.625,0.5,0.42857142857142855,0.9619238476953907
2025-05-07,0.75,2.69348476989418,0.875,0.125,0.0,0.125,0.8307286621179186,0.625,0.5,0.42857142857142855,0.9458917835671342
2025-05-08,0.75,2.646917090775907,0.875,0.125,0.0,0.125,0.7397817818586716,0.625,0.5,0.42857142857142855,0.8997995991983968
2025-05-09,0.75,2.5777447430677407,0.875,0.125,0.0,0.125,0.7828213811083231,0.625,0.5,0.42857142857142855,0.8717434869739479
2025-05-12,0.75,2.5549999336964673,0.875,0.125,0.0,0.125,0.594070246639808,0.625,0.5,0.42857142857142855,0.9018036072144289
2025-05-13,0.75,2.8225790632554046,0.875,0.125,0.0,0.125,0.8607815962156186,0.625,0.5,0.42857142857142855,0.8997995991983968
2025-05-14,0.75,2.849690755469962,0.875,0.125,0.0,0.125,0.7075248091050237,0.625,0.5,0.42857142857142855,0.8917835671342685
2025-05-15,0.75,2.4832448841265906,0.875,0.125,0.0,0.125,0.6351132763983737,0.625,0.5,0.42857142857142855,0.8857715430861723
2025-05-16,0.75,2.6698148054141027,0.875,0.125,0.0,0.125,0.5723373979907334,0.625,0.5,0.42857142857142855,0.875751503006012
2025-05-19,0.75,2.9317842996520866,0.875,0.125,0.0,0.125,0.8850366347937773,0.625,0.5,0.42857142857142855,0.8617234468937875
2025-05-20,0.75,2.8108190517383793,0.875,0.125,0.0,0.125,0.8894903951858213,0.625,0.5,0.42857142857142855,0.8276553106212425
2025-05-21,0.75,3.0015459201986063,0.875,0.125,0.0,0.125,0.89466305574574,0.625,0.5,0.42857142857142855,0.8076152304609219
2025-05-22,0.75,3.1548829677958765,0.875,0.125,0.0,0.125,0.7289878915254531,0.625,0.5,0.42857142857142855,0.8036072144288577
2025-05-23,0.75,3.237966117300802,0.875,0.125,0.0,0.125,1.0047623588965644,0.625,0.5,0.42857142857142855,0.845691382765531
2025-05-26,0.75,3.187144226044861,0.875,0.125,0.0,0.125,1.0311746683878444,0.625,0.5,0.42857142857142855,0.8036072144288577
2025-05-27,0.75,3.0327624045292785,0.875,0.125,0.0,0.125,0.9125153430317419,0.625,0.5,0.42857142857142855,0.8076152304609219
2025-05-28,0.75,2.19690652896897,0.875,0.125,0.0,0.125,1.0892188528859466,0.625,0.5,0.42857142857142855,0.7775551102204409
2025-05-29,0.75,2.545528562265599,0.875,0.125,0.0,0.125,1.2329342950245104,0.625,0.5,0.42857142857142855,0.6973947895791583
2025-05-30,0.625,2.427447864375283,0.75,0.125,0.0,0.25,1.2406621077646822,0.625,0.375,0.2857142857142857,0.6733466933867736
2025-06-02,0.625,2.569256767069538,0.75,0.125,0.0,0.375,1.2281695269130803,0.75,0.375,0.2857142857142857,0.6913827655310621
2025-06-03,0.375,2.1439190799628896,0.5,0.125,0.0,0.25,1.3046121521620173,0.625,0.375,0.2857142857142857,0.7074148296593187
2025-06-04,0.5,2.380238684299291,0.625,0.125,0.0,0.25,1.4456859920506777,0.625,0.375,0.2857142857142857,0.655310621242485
2025-06-05,0.5,2.5559497142398064,0.625,0.125,0.0,0.25,1.487497561394505,0.625,0.375,0.2857142857142857,0.5591182364729459
2025-06-06,0.625,2.267523328428715,0.75,0.125,0.0,0.25,1.404139282214783,0.625,0.375,0.2857142857142857,0.6132264529058116
2025-06-09,0.75,2.3797540680047424,0.875,0.125,0.0,0.25,1.4610483695964214,0.625,0.375,0.2857142857142857,0.42084168336673344
2025-06-10,0.625,2.5435303809434173,0.75,0.125,0.0,0.375,1.5271978639103958,0.75,0.375,0.2857142857142857,0.3286573146292585
2025-06-11,0.75,2.7532895594437474,0.875,0.125,0.0,0.375,1.5528844902060377,0.75,0.375,0.2857142857142857,0.3226452905811623
2025-06-12,0.75,2.8498480287661505,0.875,0.125,0.0,0.375,1.591416341920164,0.75,0.375,0.2857142857142857,0.3106212424849699
2025-06-13,0.75,2.798130159866835,0.875,0.125,0.0,0.375,1.52339551012299,0.75,0.375,0.2857142857142857,0.3466933867735471
2025-06-16,0.75,3.0348597614070654,0.875,0.125,0.0,0.375,1.6773788559429006,0.75,0.375,0.2857142857142857,0.37074148296593185
2025-06-17,0.75,2.8571649894177855,0.875,0.125,0.0,0.375,1.4814135194536764,0.75,0.375,0.2857142857142857,0.3627254509018036
2025-06-18,0.75,3.0965594165279375,0.875,0.125,0.0,0.25,1.4786131786394223,0.75,0.5,0.42857142857142855,0.3847695390781563
2025-06-19,0.75,3.0027738994060433,0.875,0.125,0.0,0.375,1.3878650628296887,0.75,0.375,0.2857142857142857,0.4088176352705411
2025-06-20,0.75,2.865718711808186,0.875,0.125,0.0,0.25,1.3668900492214375,0.75,0.5,0.42857142857142855,0.3366733466933868
2025-06-23,0.75,2.812976038529743,0.875,0.125,0.0,0.25,1.3474896466882722,0.75,0.5,0.42857142857142855,0.3687374749498998
2025-06-24,0.75,2.7999282002473183,0.875,0.125,0.0,0.25,1.3061572150270986,0.75,0.5,0.42857142857142855,0.38877755511022044
2025-06-25,0.75,2.7893012752383806,0.875,0.125,0.0,0.25,1.3685455114143326,0.75,0.5,0.42857142857142855,0.39478957915831664
2025-06-26,0.75,2.590704304661071,0.875,0.125,0.0,0.25,1.44308259741222,0.75,0.5,0.42857142857142855,0.3867735470941884
2025-06-27,0.5,2.34195983392524,0.625,0.125,0.0,0.25,1.4347984435713923,0.75,0.5,0.42857142857142855,0.3527054108216433
2025-06-30,0.5,2.3735377224543024,0.625,0.125,0.0,0.5,1.539006078505761,0.75,0.25,0.14285714285714285,0.3366733466933868
2025-07-01,0.625,2.230910980020137,0.75,0.125,0.0,0.375,1.551849713091849,0.75,0.375,0.2857142857142857,0.31462925851703405
2025-07-02,0.75,2.7658039514311468,0.875,0.125,0.0,0.375,1.5426055983088278,0.75,0.375,0.2857142857142857,0.3226452905811623
2025-07-03,0.375,2.183506659723048,0.625,0.25,0.14285714285714285,0.375,1.5643327986349367,0.75,0.375,0.2857142857142857,0.3346693386773547
2025-07-04,0.375,2.112231263491464,0.625,0.25,0.14285714285714285,0.5,1.5810176039691062,0.75,0.25,0.14285714285714285,0.3186372745490982
2025-07-07,0.625,1.8351409969983288,0.875,0.25,0.14285714285714285,0.5,1.5206273422185133,0.875,0.375,0.2857142857142857,0.374749498997996
2025-07-08,0.75,1.997775036100268,1.0,0.25,0.14285714285714285,0.5,1.6242699126422924,0.875,0.375,0.2857142857142857,0.41082164328657317
2025-07-09,0.75,1.4812494074577418,1.0,0.25,0.14285714285714285,0.5,1.6710856805604113,0.875,0.375,0.2857142857142857,0.3346693386773547
2025-07-10,0.5,1.5826409076492283,0.75,0.25,0.14285714285714285,0.625,1.789433680123409,0.875,0.25,0.14285714285714285,0.3366733466933868
2025-07-11,0.625,1.2773605972105104,0.875,0.25,0.14285714285714285,0.625,1.8873515435491526,0.875,0.25,0.14285714285714285,0.3246492985971944
2025-07-14,0.375,0.6465312273533486,0.75,0.375,0.2857142857142857,0.625,2.023348087807958,0.875,0.25,0.14285714285714285,0.2745490981963928
2025-07-15,0.375,0.9755400270415263,0.75,0.375,0.2857142857142857,0.625,2.0468889310939535,0.875,0.25,0.14285714285714285,0.2665330661322645
2025-07-16,0.5,1.3281914263216164,0.875,0.375,0.2857142857142857,0.625,2.05903104883318,0.875,0.25,0.14285714285714285,0.26452905811623245
2025-07-17,0.5,0.946193448268094,0.875,0.375,0.2857142857142857,0.625,1.9986052375743586,0.875,0.25,0.14285714285714285,0.22444889779559118
2025-07-18,0.5,1.2126407357321176,0.875,0.375,0.2857142857142857,0.625,2.0992236275670124,0.875,0.25,0.14285714285714285,0.21643286573146292
2025-07-21,0.5,1.281929238352698,0.875,0.375,0.2857142857142857,0.625,2.1748550553094894,0.875,0.25,0.14285714285714285,0.22444889779559118
2025-07-22,0.625,1.5776797193908974,0.875,0.25,0.14285714285714285,0.75,2.399906978339027,0.875,0.125,0.0,0.1743486973947896
2025-07-23,0.625,1.9062269797559772,0.875,0.25,0.14285714285714285,0.75,2.4169205589154785,0.875,0.125,0.0,0.20641282565130262
2025-07-24,0.625,2.2412937101759347,0.875,0.25,0.14285714285714285,0.75,2.222559344909506,1.0,0.25,0.14285714285714285,0.1963927855711423
2025-07-25,0.625,2.160822410456557,0.875,0.25,0.14285714285714285,0.75,2.1536642188865307,1.0,0.25,0.14285714285714285,0.22444889779559118
2025-07-28,0.625,1.4068745183196758,0.875,0.25,0.14285714285714285,0.5,1.9026640897494569,0.875,0.375,0.2857142857142857,0.2785571142284569
2025-07-29,0.375,0.8540759222931957,0.875,0.5,0.42857142857142855,0.25,1.7449854990880969,0.875,0.625,0.5714285714285714,0.250501002004008
2025-07-30,0.375,0.5763500948264384,0.875,0.5,0.42857142857142855,0.25,1.4694699916296323,0.875,0.625,0.5714285714285714,0.2905811623246493
2025-07-31,0.375,1.0857596436657027,0.875,0.5,0.42857142857142855,0.25,1.3675124021891356,0.875,0.625,0.5714285714285714,0.2925851703406814
2025-08-01,0.375,1.8648716515704922,0.875,0.5,0.42857142857142855,0.25,1.5024689798703084,0.875,0.625,0.5714285714285714,0.43887775551102204
2025-08-04,0.75,2.6830752311187074,0.875,0.125,0.0,0.375,1.6265704815257573,0.875,0.5,0.42857142857142855,0.3787575150300601
2025-08-05,0.25,2.122598464102814,0.875,0.625,0.5714285714285714,0.375,1.6424106623371928,0.875,0.5,0.42857142857142855,0.33266533066132264
2025-08-06,0.625,2.460698932778441,0.875,0.25,0.14285714285714285,0.375,1.6923855927288132,0.875,0.5,0.42857142857142855,0.36472945891783565
2025-08-07,0.75,2.597422567633675,1.0,0.25,0.14285714285714285,0.25,1.5056565776249131,0.875,0.625,0.5714285714285714,0.3306613226452906
2025-08-08,0.75,2.5622915724519144,1.0,0.25,0.14285714285714285,0.25,1.3768117321920428,0.875,0.625,0.5714285714285714,0.3106212424849699
2025-08-11,0.75,2.0668601417154857,1.0,0.25,0.14285714285714285,0.25,1.3357336492923009,0.875,0.625,0.5714285714285714,0.3026052104208417
2025-08-12,0.75,2.1046964542469464,1.0,0.25,0.14285714285714285,0.25,1.5715115803466295,0.875,0.625,0.5714285714285714,0.3066132264529058
2025-08-13,0.75,2.017583041820601,1.0,0.25,0.14285714285714285,0.25,1.3186422779965754,0.875,0.625,0.5714285714285714,0.2925851703406814
2025-08-14,0.75,1.9586929469409717,1.0,0.25,0.14285714285714285,0.25,1.2327901839359934,0.875,0.625,0.5714285714285714,0.3066132264529058
2025-08-15,0.5,1.689804902019313,1.0,0.5,0.42857142857142855,0.375,1.2570978137520568,1.0,0.625,0.5714285714285714,0.28256513026052105
2025-08-18,0.375,1.4277758774415137,1.0,0.625,0.5714285714285714,0.375,1.3365604143707184,1.0,0.625,0.5714285714285714,0.25250501002004005
2025-08-19,0.375,1.780127918779731,1.0,0.625,0.5714285714285714,0.375,1.275615168351726,1.0,0.625,0.5714285714285714,0.2605210420841683
2025-08-20,0.375,1.7206027902985221,1.0,0.625,0.5714285714285714,0.25,1.2311516766962278,0.875,0.625,0.5714285714285714,0.3106212424849699
2025-08-21,0.25,1.251120738092068,1.0,0.75,0.7142857142857143,0.25,1.1393206630416826,0.875,0.625,0.5714285714285714,0.3186372745490982
2025-08-22,0.5,1.7711044171481427,1.0,0.5,0.42857142857142855,0.25,1.5041873460341597,0.875,0.625,0.5714285714285714,0.35671342685370744
2025-08-25,0.25,0.8976254702222419,1.0,0.75,0.7142857142857143,0.25,1.2591227943111092,0.875,0.625,0.5714285714285714,0.312625250501002
2025-08-26,0.25,1.379680432268028,0.875,0.625,0.5714285714285714,0.25,1.2528382300569438,0.875,0.625,0.5714285714285714,0.3026052104208417
2025-08-27,0.25,1.0574437449872869,0.875,0.625,0.5714285714285714,0.25,1.3386002764100042,0.875,0.625,0.5714285714285714,0.20240480961923848
2025-08-28,0.25,1.2378477017789768,0.875,0.625,0.5714285714285714,0.25,1.5558121714927629,0.875,0.625,0.5714285714285714,0.1523046092184369
2025-08-29,0.25,1.6394468004904466,0.875,0.625,0.5714285714285714,0.375,1.6392974014457162,1.0,0.625,0.5714285714285714,0.03807615230460922
2025-09-01,0.25,1.5024330561787855,0.875,0.625,0.5714285714285714,0.25,1.5957975094935628,0.875,0.625,0.5714285714285714,0.036072144288577156
2025-09-02,0.125,1.0862482153482473,0.875,0.75,0.7142857142857143,0.25,1.2901312375175302,0.875,0.625,0.5714285714285714,0.06212424849699399
2025-09-03,0.25,0.9708212769423097,0.875,0.625,0.5714285714285714,0.25,1.3634036531363032,0.875,0.625,0.5714285714285714,0.052104208416833664
2025-09-04,0.125,0.3264624365137845,0.875,0.75,0.7142857142857143,0.25,1.1681478808698413,0.875,0.625,0.5714285714285714,0.04408817635270541
2025-09-05,0.25,0.9383341477963902,0.875,0.625,0.5714285714285714,0.25,1.3615573437319244,0.875,0.625,0.5714285714285714,0.0841683366733467
2025-09-08,0.25,1.04754449332368,0.875,0.625,0.5714285714285714,0.25,1.443984628074404,0.875,0.625,0.5714285714285714,0.10821643286573146
2025-09-09,0.375,1.302481966212174,0.875,0.5,0.42857142857142855,0.25,1.2594493499920554,0.875,0.625,0.5714285714285714,0.10220440881763528
2025-09-10,0.375,1.2579068100170208,0.875,0.5,0.42857142857142855,0.25,1.299229577862068,0.875,0.625,0.5714285714285714,0.10821643286573146
2025-09-11,0.25,1.3916651154973714,0.75,0.5,0.42857142857142855,0.25,1.4589530749986224,0.875,0.625,0.5714285714285714,0.10220440881763528
2025-09-12,0.25,1.3007137672164615,0.75,0.5,0.42857142857142855,0.25,1.2260979001654455,0.875,0.625,0.5714285714285714,0.09619238476953908
2025-09-15,0.25,1.2221218702433072,0.75,0.5,0.42857142857142855,0.25,1.4488736474881077,0.875,0.625,0.5714285714285714,0.08817635270541083
2025-09-16,0.25,1.5475204403730225,0.75,0.5,0.42857142857142855,0.25,1.4540046751729558,0.875,0.625,0.5714285714285714,0.10821643286573146
2025-09-17,0.125,1.0501432782276687,0.75,0.625,0.5714285714285714,0.25,1.3511439833319019,0.875,0.625,0.5714285714285714,0.036072144288577156
2025-09-18,0.125,0.5105665571501322,0.75,0.625,0.5714285714285714,0.25,1.2566290318540687,0.875,0.625,0.5714285714285714,0.06212424849699399
2025-09-19,0.125,0.24861997127782987,0.75,0.625,0.5714285714285714,0.25,1.348268626874037,0.875,0.625,0.5714285714285714,0.04809619238476954
2025-09-22,0.25,0.08967284847028689,0.875,0.625,0.5714285714285714,0.25,1.4575006840368498,0.875,0.625,0.5714285714285714,0.04208416833667335
2025-09-23,0.125,0.06167532298370837,0.875,0.75,0.7142857142857143,0.25,1.54171867127312,0.875,0.625,0.5714285714285714,0.04408817635270541
2025-09-24,-0.375,-0.32622291974001616,0.625,1.0,1.0,0.25,1.5245899082101873,0.875,0.625,0.5714285714285714,0.06613226452905811
2025-09-25,-0.375,-0.4872836227480086,0.625,1.0,1.0,0.25,1.4694173120228131,0.875,0.625,0.5714285714285714,0.09619238476953908
2025-09-26,-0.25,-0.36925338330217394,0.625,0.875,0.8571428571428571,0.25,1.477863214737074,0.875,0.625,0.5714285714285714,0.11823647294589178
2025-09-29,0.25,0.0928874481548071,0.875,0.625,0.5714285714285714,0.375,1.7022840528089058,0.875,0.5,0.42857142857142855,0.13827655310621242
2025-09-30,0.125,0.0875233523694895,0.875,0.75,0.7142857142857143,0.375,1.7472656135006392,0.875,0.5,0.42857142857142855,0.11022044088176353
2025-10-01,0.125,0.07648824669981946,0.875,0.75,0.7142857142857143,0.375,1.7529955378586426,0.875,0.5,0.42857142857142855,0.13226452905811623
2025-10-02,0.25,0.11175580207412228,1.0,0.75,0.7142857142857143,0.375,1.7545375306019542,0.875,0.5,0.42857142857142855,0.11823647294589178
2025-10-03,0.375,0.39371117259315547,1.0,0.625,0.5714285714285714,0.375,1.8655246867348634,0.875,0.5,0.42857142857142855,0.05410821643286573
2025-10-06,0.375,0.31897229431629254,0.875,0.5,0.42857142857142855,0.25,1.8266534682829216,0.875,0.625,0.5714285714285714,0.16633266533066132
2025-10-07,0.375,0.3804542900093251,0.875,0.5,0.42857142857142855,0.25,1.7464951258326762,0.875,0.625,0.5714285714285714,0.19438877755511022
2025-10-08,-0.125,-0.041986764988937386,0.75,0.875,0.8571428571428571,0.25,1.6531128807302486,0.875,0.625,0.5714285714285714,0.1963927855711423
2025-10-09,-0.125,-0.1901394931421425,0.75,0.875,0.8571428571428571,0.25,1.7041760752128978,0.875,0.625,0.5714285714285714,0.19839679358717435
2025-10-10,-0.125,-0.06277764831924715,0.75,0.875,0.8571428571428571,0.25,1.6504040552679844,0.875,0.625,0.5714285714285714,0.35671342685370744
2025-10-13,-0.375,-0.7482464740445414,0.625,1.0,1.0,0.375,1.741245896419041,0.875,0.5,0.42857142857142855,0.4168336673346693
2025-10-14,-0.375,-0.8181353479822149,0.625,1.0,1.0,0.375,1.6620956213560465,0.875,0.5,0.42857142857142855,0.3927855711422846
2025-10-15,-0.25,-0.6265175339522869,0.75,1.0,1.0,0.375,1.8298922177922194,0.875,0.5,0.42857142857142855,0.4248496993987976
2025-10-16,-0.125,-0.28991450751695047,0.75,0.875,0.8571428571428571,0.375,1.7251795530310088,0.875,0.5,0.42857142857142855,0.3867735470941884
2025-10-17,-0.25,-0.4025296167787314,0.625,0.875,0.8571428571428571,0.375,1.7725608985714452,0.875,0.5,0.42857142857142855,0.35470941883767537
2025-10-20,0.25,0.2863980911080704,0.875,0.625,0.5714285714285714,0.375,1.7071668908611868,0.875,0.5,0.42857142857142855,0.35070140280561124
2025-10-21,0.25,0.3106622379772297,0.875,0.625,0.5714285714285714,0.25,1.5086391390100442,0.875,0.625,0.5714285714285714,0.4148296593186373
2025-10-22,0.375,1.0709580531544074,0.875,0.5,0.42857142857142855,0.375,1.855486122920446,0.875,0.5,0.42857142857142855,0.35470941883767537
2025-10-23,0.375,1.1340420204962187,0.875,0.5,0.42857142857142855,0.375,1.6366053907798546,0.875,0.5,0.42857142857142855,0.3406813627254509
2025-10-24,0.25,0.3208808744414801,0.75,0.5,0.42857142857142855,0.25,1.861153229970617,0.875,0.625,0.5714285714285714,0.312625250501002
2025-11-03,-0.125,-0.23844400101581115,0.625,0.75,0.7142857142857143,0.25,1.857583392759858,0.875,0.625,0.5714285714285714,0.46292585170340683
2025-11-04,-0.25,-0.46883047479152185,0.625,0.875,0.8571428571428571,0.375,1.8419571737221383,0.875,0.5,0.42857142857142855,0.5571142284569138
2025-11-05,-0.25,-0.829455581414227,0.625,0.875,0.8571428571428571,0.5,2.011528273557356,0.875,0.375,0.2857142857142857,0.5490981963927856
2025-11-06,-0.375,-0.5534589197409256,0.625,1.0,1.0,0.5,2.072670362519374,0.875,0.375,0.2857142857142857,0.6012024048096193
2025-11-07,-0.25,-0.35773179502136554,0.625,0.875,0.8571428571428571,0.625,2.0752903477178766,0.875,0.25,0.14285714285714285,0.6292585170340681
2025-11-10,-0.125,-0.25570037845141685,0.625,0.75,0.7142857142857143,0.5,1.987027162057176,0.875,0.375,0.2857142857142857,0.5531062124248497
2025-11-11,-0.25,-0.38613406670367845,0.625,0.875,0.8571428571428571,0.375,1.9359425616036443,0.875,0.5,0.42857142857142855,0.5250501002004008
2025-11-12,-0.25,-0.4547651631792009,0.625,0.875,0.8571428571428571,0.5,2.0508927407260145,0.875,0.375,0.2857142857142857,0.5350701402805611
2025-11-13,-0.125,-0.05726028236858849,0.625,0.75,0.7142857142857143,0.5,2.0780285137425727,0.875,0.375,0.2857142857142857,0.5490981963927856
2025-11-14,-0.125,-0.3224497474415199,0.625,0.75,0.7142857142857143,0.5,2.1276903924092134,0.875,0.375,0.2857142857142857,0.37074148296593185
2025-11-17,-0.125,-0.2855967457495618,0.625,0.75,0.7142857142857143,0.25,2.0319318579328476,0.875,0.625,0.5714285714285714,0.3366733466933868
2025-11-18,-0.125,-0.2783681569077487,0.625,0.75,0.7142857142857143,0.5,2.0765695368447425,0.875,0.375,0.2857142857142857,0.3346693386773547
2025-11-19,-0.25,-0.44856144393544184,0.625,0.875,0.8571428571428571,0.25,1.7878323310698545,0.875,0.625,0.5714285714285714,0.37074148296593185
2025-11-20,-0.125,-0.3128777876136971,0.625,0.75,0.7142857142857143,0.25,1.7788204150868179,0.875,0.625,0.5714285714285714,0.3366733466933868
2025-11-21,-0.375,-0.8735794301542371,0.625,1.0,1.0,0.25,1.7109837574149422,0.875,0.625,0.5714285714285714,0.3847695390781563
2025-11-24,-0.375,-0.40610418624572786,0.625,1.0,1.0,0.375,1.806848095065496,1.0,0.625,0.5714285714285714,0.3667334669338677
2025-11-25,-0.375,-0.3491665553198344,0.625,1.0,1.0,0.375,1.882075182917887,1.0,0.625,0.5714285714285714,0.342685370741483
2025-11-26,-0.25,-0.18374487219695712,0.625,0.875,0.8571428571428571,0.625,2.054329483826493,1.0,0.375,0.2857142857142857,0.49298597194388777
2025-11-27,-0.25,-0.37811756894874105,0.625,0.875,0.8571428571428571,0.5,1.9964399623219928,1.0,0.5,0.42857142857142855,0.46893787575150303
2025-11-28,-0.25,-0.4441989027932528,0.625,0.875,0.8571428571428571,0.625,2.1019541353913613,1.0,0.375,0.2857142857142857,0.4969939879759519
2025-12-01,-0.375,-0.5098027868369759,0.625,1.0,1.0,0.625,2.1906137992253436,1.0,0.375,0.2857142857142857,0.3246492985971944
2025-12-02,-0.125,-0.07908057451549866,0.625,0.75,0.7142857142857143,0.625,2.2948667080244,1.0,0.375,0.2857142857142857,0.23246492985971945
2025-12-03,0.125,0.04704425517780597,0.75,0.625,0.5714285714285714,0.625,2.421248472787002,1.0,0.375,0.2857142857142857,0.2925851703406814
2025-12-04,-0.125,-0.024943867241237427,0.625,0.75,0.7142857142857143,0.75,2.421248509976877,1.0,0.25,0.14285714285714285,0.1903807615230461
2025-12-05,-0.125,-0.34575094851712024,0.625,0.75,0.7142857142857143,0.625,2.470097316142173,0.875,0.25,0.14285714285714285,0.22845691382765532
2025-12-08,-0.25,-0.6045390291316769,0.625,0.875,0.8571428571428571,0.5,2.441955270015826,0.875,0.375,0.2857142857142857,0.18637274549098196
2025-12-09,-0.25,-0.36276009275389304,0.625,0.875,0.8571428571428571,0.75,2.4015664870681483,1.0,0.25,0.14285714285714285,0.19238476953907815
2025-12-10,-0.125,-0.050473216200683846,0.625,0.75,0.7142857142857143,0.75,2.6832615814037726,1.0,0.25,0.14285714285714285,0.19438877755511022
2025-12-11,0.125,0.003272139679394326,0.625,0.5,0.42857142857142855,0.875,2.8536615553264335,1.0,0.125,0.0,0.18637274549098196
2025-12-12,0.375,0.010057662624219699,0.875,0.5,0.42857142857142855,0.875,2.7909851034883753,1.0,0.125,0.0,0.17234468937875752
2025-12-15,-0.125,-0.07561286626039487,0.75,0.875,0.8571428571428571,0.875,2.814228336800815,1.0,0.125,0.0,0.17635270541082165
2025-12-16,-0.375,-0.5704208503325219,0.625,1.0,1.0,0.75,2.732500694405263,0.875,0.125,0.0,0.14829659318637275
2025-12-17,-0.25,-0.3477638905679704,0.75,1.0,1.0,0.75,2.723882748885197,0.875,0.125,0.0,0.10220440881763528
2025-12-18,-0.375,-0.3221879450529803,0.5,0.875,0.8571428571428571,0.75,2.773260995769042,0.875,0.125,0.0,0.07214428857715431
2025-12-19,-0.25,-0.1572925344508871,0.5,0.75,0.7142857142857143,0.75,2.5960449751092467,0.875,0.125,0.0,0.12625250501002003
2025-12-22,-0.125,-0.16493249262814597,0.5,0.625,0.5714285714285714,0.625,2.5813615613680265,0.875,0.25,0.14285714285714285,0.15030060120240482
2025-12-23,-0.25,-0.08772201624132976,0.375,0.625,0.5714285714285714,0.75,2.6849822101368357,0.875,0.125,0.0,0.16633266533066132
2025-12-24,0.125,0.247854155697816,0.375,0.25,0.14285714285714285,0.75,2.7394147556506767,0.875,0.125,0.0,0.06613226452905811
2025-12-25,0.125,0.5485695894308447,0.375,0.25,0.14285714285714285,0.75,2.7342129027078386,0.875,0.125,0.0,0.052104208416833664
2025-12-26,0.125,0.2945196934907706,0.375,0.25,0.14285714285714285,0.75,2.7004756308233535,0.875,0.125,0.0,0.05410821643286573
2025-12-29,0.125,0.1825688009352361,0.375,0.25,0.14285714285714285,0.75,2.657072767763445,0.875,0.125,0.0,0.05410821643286573
2025-12-30,0.125,0.029239393588901735,0.5,0.375,0.2857142857142857,0.75,2.658591033845919,0.875,0.125,0.0,0.04008016032064128
2025-12-31,0.125,0.034201499908370375,0.625,0.5,0.42857142857142855,0.75,2.6429191721211334,0.875,0.125,0.0,0.03006012024048096
2026-01-01,0.25,0.10790298681045471,0.625,0.375,0.2857142857142857,0.75,2.6313363471018967,0.875,0.125,0.0,0.012024048096192385
2026-01-02,-0.25,-0.08258638120950473,0.375,0.625,0.5714285714285714,0.75,2.60291118013103,0.875,0.125,0.0,0.002004008016032064
2026-01-05,0.125,0.02037768021318906,0.5,0.375,0.2857142857142857,0.75,2.5227424240216996,0.875,0.125,0.0,0.008016032064128256
2026-01-06,0.125,0.17362755641388622,0.5,0.375,0.2857142857142857,0.75,2.5227859999769917,0.875,0.125,0.0,0.008016032064128256
2026-01-07,0.125,0.3220733016697142,0.5,0.375,0.2857142857142857,0.625,2.4802503875935513,0.875,0.25,0.14285714285714285,0.0
2026-01-08,0.25,0.5994229323945538,0.5,0.25,0.14285714285714285,0.625,2.424300782318303,0.875,0.25,0.14285714285714285,0.0
2026-01-09,0.25,0.10122534007119005,0.625,0.375,0.2857142857142857,0.625,2.406312979832345,0.875,0.25,0.14285714285714285,0.002004008016032064
2026-01-12,0.125,0.4672560674401086,0.375,0.25,0.14285714285714285,0.625,2.2627671853865543,0.875,0.25,0.14285714285714285,0.004008016032064128
2026-01-13,0.25,0.13576745539969767,0.5,0.25,0.14285714285714285,0.625,2.203432540791882,0.875,0.25,0.14285714285714285,0.014028056112224449
2026-01-14,-0.125,-0.02204919262158501,0.375,0.5,0.42857142857142855,0.625,2.306245685996946,0.875,0.25,0.14285714285714285,0.014028056112224449
2026-01-15,-0.25,-0.30743020308365365,0.375,0.625,0.5714285714285714,0.625,2.2672919548040484,0.875,0.25,0.14285714285714285,0.03206412825651302
2026-01-16,-0.25,-0.3083580705523212,0.375,0.625,0.5714285714285714,0.625,2.193064111275145,0.875,0.25,0.14285714285714285,0.004008016032064128
2026-01-19,-0.125,-0.025769509131587938,0.375,0.5,0.42857142857142855,0.625,2.1931384301408663,0.875,0.25,0.14285714285714285,0.01002004008016032
2026-01-20,0.375,0.5109139732848779,0.625,0.25,0.14285714285714285,0.625,2.321924389700979,0.875,0.25,0.14285714285714285,0.028056112224448898
2026-01-21,0.25,0.24295644218685358,0.625,0.375,0.2857142857142857,0.625,2.2918631371253637,0.875,0.25,0.14285714285714285,0.05811623246492986
2026-01-22,0.25,0.5054919516452072,0.5,0.25,0.14285714285714285,0.625,2.2543546786863704,0.875,0.25,0.14285714285714285,0.14228456913827656
2026-01-23,0.125,0.7979680230089242,0.375,0.25,0.14285714285714285,0.625,2.4286300328716903,0.875,0.25,0.14285714285714285,0.2685370741482966
2026-01-26,0.25,1.5679771034100696,0.5,0.25,0.14285714285714285,0.75,2.5201604554129924,0.875,0.125,0.0,0.2865731462925852
2026-01-27,0.375,1.7788744484336745,0.5,0.125,0.0,0.75,2.572174489559661,0.875,0.125,0.0,0.39478957915831664
2026-01-28,0.375,1.5739367286870245,0.5,0.125,0.0,0.625,2.455663986799376,0.875,0.25,0.14285714285714285,0.46092184368737477
2026-01-29,0.125,1.2313375645171791,0.375,0.25,0.14285714285714285,0.625,2.3620155501207303,0.875,0.25,0.14285714285714285,0.5090180360721442
2026-01-30,0.125,0.9361487428535564,0.375,0.25,0.14285714285714285,0.625,2.2796474891580756,0.875,0.25,0.14285714285714285,0.5831663326653307
2026-02-02,0.125,0.8421176657921523,0.375,0.25,0.14285714285714285,0.625,2.2912937358527925,0.875,0.25,0.14285714285714285,0.5871743486973948
2026-02-03,0.125,0.7117348510982944,0.375,0.25,0.14285714285714285,0.625,2.2057456158565545,0.875,0.25,0.14285714285714285,0.6072144288577155
2026-02-04,0.125,0.7026827755662383,0.375,0.25,0.14285714285714285,0.625,2.218076896633188,0.875,0.25,0.14285714285714285,0.6312625250501002
2026-02-05,0.125,0.5388778060185009,0.375,0.25,0.14285714285714285,0.625,2.1388282898486244,0.875,0.25,0.14285714285714285,0.7054108216432866
2026-02-06,0.125,0.6271141461047501,0.375,0.25,0.14285714285714285,0.625,2.0955176733984953,0.875,0.25,0.14285714285714285,0.7895791583166333
2026-02-09,0.125,0.9093890671082714,0.375,0.25,0.14285714285714285,0.625,2.116551554472247,0.875,0.25,0.14285714285714285,0.8136272545090181
2026-02-10,0.25,1.0078265912895104,0.375,0.125,0.0,0.625,2.2468663532315047,0.875,0.25,0.14285714285714285,0.8517034068136272
2026-02-11,0.25,1.0240864622745387,0.375,0.125,0.0,0.625,2.280268670478013,0.875,0.25,0.14285714285714285,0.8817635270541082
2026-02-12,0.125,1.0458934493291563,0.25,0.125,0.0,0.625,2.178288395338129,0.875,0.25,0.14285714285714285,0.8817635270541082
2026-02-13,0.25,1.1162258918934018,0.375,0.125,0.0,0.625,2.188473550051988,0.875,0.25,0.14285714285714285,0.8777555110220441
2026-02-16,0.25,1.0418373484903283,0.375,0.125,0.0,0.625,2.165731101458202,0.875,0.25,0.14285714285714285,0.8617234468937875
2026-02-17,0.25,0.867471703152971,0.375,0.125,0.0,0.625,2.146667513016162,0.875,0.25,0.14285714285714285,0.8537074148296593
2026-02-18,0.25,0.7123975957277343,0.375,0.125,0.0,0.625,2.020088719984776,0.875,0.25,0.14285714285714285,0.8537074148296593
2026-02-19,0.25,0.6451291460449137,0.375,0.125,0.0,0.5,2.077796448232734,0.75,0.25,0.14285714285714285,0.7895791583166333
2026-02-20,0.25,0.6746725155749382,0.375,0.125,0.0,0.5,2.117246599335043,0.75,0.25,0.14285714285714285,0.7014028056112225
2026-02-23,0.25,0.6945613368174088,0.375,0.125,0.0,0.5,2.0069615735718287,0.75,0.25,0.14285714285714285,0.6733466933867736
2026-02-24,0.125,0.5609519165058311,0.375,0.25,0.14285714285714285,0.5,1.8276432611098001,0.75,0.25,0.14285714285714285,0.6092184368737475
2026-02-25,0.125,0.5039198519516452,0.375,0.25,0.14285714285714285,0.5,1.569475160797935,0.75,0.25,0.14285714285714285,0.6012024048096193
2026-02-26,0.25,0.572897929673621,0.5,0.25,0.14285714285714285,0.5,1.5758422188186127,0.75,0.25,0.14285714285714285,0.6052104208416834
2026-02-27,0.375,0.6259286093713956,0.625,0.25,0.14285714285714285,0.5,1.4886097149457318,0.75,0.25,0.14285714285714285,0.5831663326653307
2026-03-02,0.125,0.214034928591732,0.375,0.25,0.14285714285714285,0.5,1.2932810409078614,0.75,0.25,0.14285714285714285,0.6072144288577155
2026-03-03,-0.125,-0.06957957549872651,0.25,0.375,0.2857142857142857,0.5,1.1049827544870563,0.75,0.25,0.14285714285714285,0.6092184368737475
2026-03-04,-0.25,-0.24795262085075176,0.25,0.5,0.42857142857142855,0.5,1.2099359656462827,0.75,0.25,0.14285714285714285,0.6072144288577155
2026-03-05,-0.25,-0.5807331050296061,0.25,0.5,0.42857142857142855,0.5,1.210705976071968,0.75,0.25,0.14285714285714285,0.5791583166332666
2026-03-06,-0.125,-0.5074625858497763,0.25,0.375,0.2857142857142857,0.5,1.1616884579315034,0.75,0.25,0.14285714285714285,0.5130260521042084
2026-03-09,-0.125,-0.49182138512923246,0.25,0.375,0.2857142857142857,0.5,1.1569057084317955,0.75,0.25,0.14285714285714285,0.49899799599198397
2026-03-10,-0.25,-0.4411807742209737,0.25,0.5,0.42857142857142855,0.5,1.0952689198911902,0.75,0.25,0.14285714285714285,0.4248496993987976
2026-03-11,-0.125,-0.5982178372632221,0.25,0.375,0.2857142857142857,0.5,0.9991004018271346,0.75,0.25,0.14285714285714285,0.37675350701402804
2026-03-12,-0.25,-0.6709697414544888,0.25,0.5,0.42857142857142855,0.5,1.0454875643818902,0.75,0.25,0.14285714285714285,0.374749498997996
2026-03-13,-0.375,-1.1498424556361968,0.125,0.5,0.42857142857142855,0.5,0.9804691820185505,0.75,0.25,0.14285714285714285,0.5070140280561122
2026-03-16,-0.375,-0.9565512893222538,0.125,0.5,0.42857142857142855,0.5,1.1711360922499,0.75,0.25,0.14285714285714285,0.5831663326653307
2026-03-17,-0.375,-0.9264721587622855,0.125,0.5,0.42857142857142855,0.5,1.2117718659718033,0.75,0.25,0.14285714285714285,0.5791583166332666
2026-03-18,-0.75,-1.315610341243282,0.125,0.875,0.8571428571428571,0.5,1.216253522163227,0.75,0.25,0.14285714285714285,0.5711422845691383
2026-03-19,-0.625,-0.8587790737452626,0.125,0.75,0.7142857142857143,0.5,1.3716816995384682,0.75,0.25,0.14285714285714285,0.6472945891783567
2026-03-20,-0.625,-0.9495742028005041,0.125,0.75,0.7142857142857143,0.5,1.2294804246527657,0.75,0.25,0.14285714285714285,0.7194388777555111
2026-03-23,-0.375,-0.7731855495770003,0.25,0.625,0.5714285714285714,0.5,1.3058210759646995,0.75,0.25,0.14285714285714285,0.7394789579158316
2026-03-24,-0.375,-0.6601985011492717,0.25,0.625,0.5714285714285714,0.5,1.3645370581632936,0.75,0.25,0.14285714285714285,0.7014028056112225
2026-03-25,-0.375,-0.9320230697612536,0.25,0.625,0.5714285714285714,0.5,1.203495388397159,0.75,0.25,0.14285714285714285,0.6653306613226453
2026-03-26,-0.5,-1.2535706130808315,0.25,0.75,0.7142857142857143,0.375,0.824323343471258,0.75,0.375,0.2857142857142857,0.685370741482966
2026-03-27,-0.625,-1.2995372203225535,0.25,0.875,0.8571428571428571,0.5,0.8606719448675435,0.75,0.25,0.14285714285714285,0.6713426853707415
2026-03-30,-0.625,-1.6278546804352982,0.25,0.875,0.8571428571428571,0.5,0.85004727612713,0.75,0.25,0.14285714285714285,0.6192384769539078
2026-03-31,-0.5,-0.774160000010834,0.375,0.875,0.8571428571428571,0.5,0.9085615936059843,0.75,0.25,0.14285714285714285,0.6232464929859719
2026-04-01,-0.375,-0.598175752302333,0.375,0.75,0.7142857142857143,0.5,1.0552787585834063,0.75,0.25,0.14285714285714285,0.6092184368737475
2026-04-02,-0.375,-0.7135866138450663,0.375,0.75,0.7142857142857143,0.375,0.5719487059874986,0.75,0.375,0.2857142857142857,0.5831663326653307
2026-04-03,-0.5,-0.8560456255658371,0.25,0.75,0.7142857142857143,0.25,0.2773039218877657,0.75,0.5,0.42857142857142855,0.5591182364729459
2026-04-06,-0.5,-0.78670877789391,0.375,0.875,0.8571428571428571,0.25,0.3029251639905569,0.75,0.5,0.42857142857142855,0.531062124248497
2026-04-07,0.375,0.20468146307702867,0.625,0.25,0.14285714285714285,0.375,0.62350155247321,0.75,0.375,0.2857142857142857,0.6513026052104208
2026-04-08,0.125,0.06528663873932777,0.5,0.375,0.2857142857142857,0.375,0.4039213147874432,0.75,0.375,0.2857142857142857,0.6352705410821643
2026-04-09,0.375,0.40888077002331774,0.625,0.25,0.14285714285714285,0.375,0.49346243247575516,0.75,0.375,0.2857142857142857,0.6212424849699398
2026-04-10,0.375,0.6008633562016809,0.625,0.25,0.14285714285714285,0.375,0.4994765056083352,0.75,0.375,0.2857142857142857,0.5571142284569138
2026-04-13,0.375,0.6086649026856458,0.625,0.25,0.14285714285714285,0.375,0.3662674138893807,0.75,0.375,0.2857142857142857,0.48897795591182364
2026-04-14,0.25,0.34309727003748464,0.5,0.25,0.14285714285714285,0.375,0.6314879577608894,0.75,0.375,0.2857142857142857,0.4729458917835671
2026-04-15,0.25,0.6214037453988154,0.5,0.25,0.14285714285714285,0.375,0.6882184443713804,0.75,0.375,0.2857142857142857,0.40080160320641284
2026-04-16,0.25,0.1499245946521492,0.625,0.375,0.2857142857142857,0.375,0.5757980349438669,0.75,0.375,0.2857142857142857,0.28256513026052105
2026-04-17,-0.25,-0.3488986031560863,0.5,0.75,0.7142857142857143,0.375,0.6096183359151965,0.75,0.375,0.2857142857142857,0.23446893787575152
