time,open,high,low,close,volume,mid
2026-08-30 02:00:00,185.574,185.591,185.404,185.561,10212.13,185.5575
2026-08-29 02:00:00,185.44,185.44,185.44,185.44,0.0,185.421
2026-08-28 02:00:00,185.668,185.991,185.393,185.44,223927.1,185.421
2026-08-27 02:00:00,185.618,185.857,185.471,185.665,210333.08,185.6605
2026-08-26 02:00:00,185.88,185.916,185.353,185.619,260670.84,185.615
2026-08-25 02:00:00,185.684,185.989,185.584,185.879,236045.8,185.874
2026-08-24 02:00:00,185.611,185.805,185.446,185.686,304093.89,185.6805
2026-08-23 02:00:00,185.71,185.75,185.259,185.611,11164.48,185.608
2026-08-22 02:00:00,185.656,185.656,185.656,185.656,0.0,185.6515
2026-08-21 02:00:00,185.712,186.027,185.444,185.656,268401.83,185.6515
2026-08-20 02:00:00,184.766,185.875,184.734,185.715,309387.46,185.712
2026-08-19 02:00:00,184.705,184.947,183.933,184.767,309542.44,184.7625
2026-08-18 02:00:00,184.555,184.912,184.549,184.708,168665.71,184.7055
2026-08-17 02:00:00,184.287,184.935,184.122,184.557,225964.33,184.5525
2026-08-16 02:00:00,184.418,184.418,184.21,184.289,11834.14,184.2845
2026-08-15 02:00:00,184.363,184.363,184.363,184.363,0.0,184.3275
2026-08-14 02:00:00,183.895,184.454,183.608,184.363,228957.85,184.3275
2026-08-13 02:00:00,183.684,183.973,183.451,183.894,203509.6,183.8885
2026-08-12 02:00:00,183.864,183.971,183.157,183.684,221614.59,183.682
2026-08-11 02:00:00,183.77,183.968,183.559,183.862,199321.09,183.8585
2026-08-10 02:00:00,182.482,183.999,182.446,183.771,229078.7,183.7665
2026-08-09 02:00:00,182.506,182.54,182.359,182.483,11294.67,182.479
2026-08-08 02:00:00,182.432,182.432,182.432,182.432,0.0,182.3945
2026-08-07 02:00:00,182.581,182.717,181.32,182.432,224105.92,182.3945
2026-08-06 02:00:00,182.16,182.683,182.098,182.583,206214.31,182.5775
2026-08-05 02:00:00,181.876,182.364,181.541,182.16,281848.07,182.154
2026-08-04 02:00:00,181.29,181.992,181.008,181.876,290524.31,181.8705
2026-08-03 02:00:00,181.922,182.158,179.376,181.288,386809.33,181.2815
2026-08-02 02:00:00,181.588,182.245,181.388,181.919,36478.5,181.913
2026-08-01 02:00:00,181.465,181.465,181.465,181.465,0.0,181.4285
2026-07-31 02:00:00,184.593,185.18,181.347,181.465,461328.19,181.4285
2026-07-30 02:00:00,187.267,187.432,182.127,184.593,393494.99,184.5865
2026-07-29 02:00:00,186.587,187.479,186.189,187.267,264367.22,187.2635
2026-07-28 02:00:00,186.207,186.703,186.05,186.587,181844.96,186.584
2026-07-27 02:00:00,186.447,186.743,186.129,186.208,228443.94,186.204
2026-07-26 02:00:00,186.545,186.612,186.412,186.447,12692.47,186.443
2026-07-25 02:00:00,186.323,186.323,186.323,186.323,0.0,186.306
2026-07-24 02:00:00,186.398,186.611,186.234,186.323,206274.67,186.306
2026-07-23 02:00:00,186.116,186.671,186.057,186.399,220701.37,186.394
2026-07-22 02:00:00,186.076,186.27,185.746,186.115,184949.61,186.1085
2026-07-21 02:00:00,185.496,186.126,185.411,186.076,234427.42,186.0715
2026-07-20 02:00:00,185.728,185.879,185.351,185.498,184090.3,185.494
2026-07-19 02:00:00,185.76,185.824,185.665,185.723,11329.73,185.72
2026-07-18 02:00:00,185.787,185.787,185.787,185.787,0.0,185.7595
2026-07-17 02:00:00,185.86,185.965,185.487,185.787,228270.87,185.7595
2026-07-16 02:00:00,185.912,186.039,185.721,185.862,296463.81,185.8565
2026-07-15 02:00:00,185.302,186.049,185.217,185.912,218169.61,185.906
2026-07-14 02:00:00,184.898,185.494,184.767,185.303,276856.46,185.298
2026-07-13 02:00:00,184.624,185.474,184.549,184.898,213139.79,184.892
2026-07-12 02:00:00,184.481,184.689,184.463,184.623,11951.3,184.62
2026-07-11 02:00:00,184.65,184.65,184.65,184.65,0.0,184.6305
2026-07-10 02:00:00,185.642,185.684,184.47,184.65,273722.0,184.6305
2026-07-09 02:00:00,185.653,185.822,185.531,185.642,188393.12,185.6375
2026-07-08 02:00:00,185.126,185.776,185.076,185.651,212407.78,185.646
2026-07-07 02:00:00,185.468,185.538,184.81,185.123,207113.02,185.1195
2026-07-06 02:00:00,184.661,185.576,184.661,185.467,182888.25,185.4615
2026-07-05 02:00:00,184.602,184.692,184.513,184.662,16492.37,184.6585
2026-07-04 02:00:00,184.568,184.568,184.568,184.568,0.0,184.5205
2026-07-03 02:00:00,184.43,184.623,183.928,184.568,192581.5,184.5205
2026-07-02 02:00:00,184.945,185.094,183.762,184.429,327421.06,184.4255
2026-07-01 02:00:00,185.62,185.717,184.859,184.946,266100.21,184.942
2026-06-30 02:00:00,184.908,185.87,184.667,185.62,249375.58,185.6145
2026-06-29 02:00:00,184.209,185.103,184.131,184.909,215955.91,184.9045
2026-06-28 02:00:00,184.346,184.396,184.149,184.215,10131.8,184.209
2026-06-27 02:00:00,184.191,184.191,184.191,184.191,0.0,184.141
2026-06-26 02:00:00,183.839,184.835,183.724,184.191,245059.05,184.141
2026-06-25 02:00:00,183.68,184.168,183.416,183.839,242030.25,183.834
2026-06-24 02:00:00,183.891,183.959,183.175,183.681,244943.12,183.6765
2026-06-23 02:00:00,184.638,184.85,183.787,183.892,231617.61,183.8875
2026-06-22 02:00:00,185.056,185.399,184.391,184.638,271103.05,184.631
2026-06-21 02:00:00,184.98,185.133,184.855,185.056,13466.22,185.0505
2026-06-20 02:00:00,185.11,185.11,185.11,185.11,0.0,185.069
2026-06-19 02:00:00,184.823,185.156,184.304,185.11,227181.93,185.069
2026-06-18 02:00:00,184.81,185.379,184.296,184.826,287182.27,184.819
2026-06-17 02:00:00,186.258,186.324,184.546,184.813,233473.91,184.808
2026-06-16 02:00:00,185.748,186.38,185.46,186.256,215555.79,186.252
2026-06-15 02:00:00,185.61,186.099,185.596,185.749,225620.18,185.745
2026-06-14 02:00:00,185.459,185.707,185.332,185.609,26116.82,185.6025
2026-06-13 02:00:00,185.378,185.378,185.378,185.378,0.0,185.3365
2026-06-12 02:00:00,185.373,185.562,185.17,185.378,246121.83,185.3365
2026-06-11 02:00:00,185.183,185.473,184.664,185.374,305360.31,185.368
2026-06-10 02:00:00,185.014,185.58,184.963,185.184,295459.23,185.179
2026-06-09 02:00:00,184.661,185.471,184.611,185.014,283425.43,185.01
2026-06-08 02:00:00,184.746,185.004,183.987,184.664,294415.89,184.6585
2026-06-07 02:00:00,184.644,184.754,184.508,184.747,18016.12,184.741
2026-06-06 02:00:00,184.752,184.752,184.752,184.752,0.0,184.7025
2026-06-05 02:00:00,185.799,186.212,184.501,184.752,252663.45,184.7025
2026-06-04 02:00:00,185.692,186.116,185.353,185.797,198240.12,185.794
2026-06-03 02:00:00,185.924,186.016,185.12,185.691,231290.6,185.6875
2026-06-02 02:00:00,185.761,186.206,185.704,185.925,172159.24,185.9205
2026-06-01 02:00:00,185.643,185.985,185.398,185.761,215765.91,185.7555
2026-05-31 02:00:00,185.789,185.894,185.631,185.643,21860.77,185.637
2026-05-30 02:00:00,185.749,185.749,185.749,185.749,0.0,185.7
2026-05-29 02:00:00,185.593,185.988,185.191,185.749,186042.43,185.7
2026-05-28 02:00:00,185.389,185.664,184.901,185.598,199389.18,185.5925
2026-05-27 02:00:00,185.318,185.794,185.282,185.391,186917.28,185.3865
2026-05-26 02:00:00,184.969,185.364,184.885,185.319,168343.39,185.3125
2026-05-25 02:00:00,185.061,185.148,184.851,184.969,139746.81,184.9635
2026-05-24 02:00:00,185.044,185.079,184.812,185.062,13119.02,185.056
2026-05-23 02:00:00,184.761,184.761,184.761,184.761,0.0,184.713
2026-05-22 02:00:00,184.763,184.864,184.455,184.761,171587.72,184.713
2026-05-21 02:00:00,184.715,184.949,184.399,184.763,234946.5,184.756
2026-05-20 02:00:00,184.607,184.878,184.278,184.714,243989.43,184.708
2026-05-19 02:00:00,185.168,185.217,184.206,184.606,215733.41,184.601
2026-05-18 02:00:00,184.495,185.221,184.463,185.168,245819.13,185.162
2026-05-17 02:00:00,184.526,184.656,184.408,184.495,8252.42,184.4895
2026-05-16 02:00:00,184.61,184.61,184.61,184.61,0.0,184.5705
2026-05-15 02:00:00,184.709,184.752,184.182,184.61,224342.12,184.5705
2026-05-14 02:00:00,184.951,185.056,184.051,184.708,188652.45,184.704
2026-05-13 02:00:00,185.038,185.164,184.633,184.951,163191.0,184.944
2026-05-12 02:00:00,185.212,185.465,184.457,185.036,206651.93,185.0295
2026-05-11 02:00:00,184.598,185.306,184.592,185.212,170522.53,185.2055
2026-05-10 02:00:00,184.163,184.637,184.121,184.599,11604.31,184.5925
2026-05-09 02:00:00,184.705,184.705,184.705,184.705,0.0,184.6635
2026-05-08 02:00:00,183.999,184.753,183.938,184.705,187262.72,184.6635
2026-05-07 02:00:00,183.889,184.246,183.505,184.0,265810.98,183.9935
2026-05-06 02:00:00,184.718,185.049,182.05,183.89,355984.21,183.8845
2026-05-05 02:00:00,183.828,184.804,183.675,184.718,229669.36,184.713
2026-05-04 02:00:00,184.005,184.413,182.809,183.829,302558.31,183.8225
2026-05-03 02:00:00,184.326,184.342,183.935,184.004,8551.83,183.9995
2026-05-02 02:00:00,184.155,184.155,184.155,184.155,0.0,184.114
2026-05-01 02:00:00,184.161,184.595,182.649,184.155,272978.85,184.114
2026-04-30 02:00:00,187.214,187.564,182.309,184.162,429897.98,184.158
2026-04-29 02:00:00,186.897,187.431,186.684,187.21,267811.07,187.205
2026-04-28 02:00:00,186.803,186.981,186.075,186.902,235197.51,186.896
2026-04-27 02:00:00,186.821,187.113,186.704,186.803,208052.19,186.7965
2026-04-26 02:00:00,186.804,186.941,186.753,186.82,9195.58,186.813
2026-04-25 02:00:00,186.875,186.875,186.875,186.875,0.0,186.825
2026-04-24 02:00:00,186.66,186.886,186.446,186.875,214799.95,186.825
2026-04-23 02:00:00,186.696,186.973,186.443,186.657,285904.43,186.652
2026-04-22 02:00:00,187.186,187.331,186.633,186.696,216739.64,186.69
2026-04-21 02:00:00,187.199,187.42,186.997,187.185,245899.75,187.1785
2026-04-20 02:00:00,186.837,187.316,186.747,187.199,233988.66,187.193
2026-04-19 02:00:00,186.585,186.879,186.367,186.838,16741.44,186.8315
2026-04-18T00:00:00Z,186.577,186.577,186.577,186.577,0.0,186.567
2026-04-17T00:00:00Z,187.574,187.961,186.354,186.577,254106.67,186.567
2026-04-16T00:00:00Z,187.527,187.599,187.132,187.582,223273.55,187.572
2026-04-15T00:00:00Z,187.376,187.71,187.13,187.529,211362.02,187.519
2026-04-14T00:00:00Z,187.366,187.529,187.106,187.38,216238.54,187.37
2026-04-13T00:00:00Z,186.442,187.522,186.427,187.366,231595.73,187.356
2026-04-12T00:00:00Z,186.752,186.752,186.091,186.473,27750.0,186.463
2026-04-11T00:00:00Z,186.752,186.752,186.752,186.752,0.0,186.742
2026-04-10T00:00:00Z,186.022,186.892,185.962,186.752,175670.06,186.742
2026-04-09T00:00:00Z,184.991,186.243,184.949,186.034,225712.19,186.024
2026-04-08T00:00:00Z,185.501,185.501,184.833,184.992,371423.64,184.982
2026-04-07T00:00:00Z,184.317,185.557,184.283,185.509,303029.32,185.499
2026-04-06T00:00:00Z,183.919,184.467,183.733,184.323,211702.8,184.313
2026-04-05T00:00:00Z,183.8,184.025,183.742,183.94,19781.37,183.93
2026-04-04T00:00:00Z,183.8,183.8,183.8,183.8,0.0,183.79
2026-04-03T00:00:00Z,184.083,184.281,183.641,183.8,117436.36,183.79
2026-04-02T00:00:00Z,183.932,184.218,183.527,184.082,316712.64,184.072
2026-04-01T00:00:00Z,183.5,184.241,183.374,183.925,301347.44,183.915
2026-03-31T00:00:00Z,183.145,183.645,182.883,183.491,321003.88,183.481
2026-03-30T00:00:00Z,184.15,184.159,182.609,183.136,244238.34,183.126
2026-03-29T00:00:00Z,184.431,184.493,184.137,184.176,18509.07,184.166
2026-03-28T00:00:00Z,184.431,184.431,184.431,184.431,0.0,184.421
2026-03-27T00:00:00Z,184.248,184.652,183.886,184.431,240077.09,184.421
2026-03-26T00:00:00Z,184.292,184.49,183.993,184.25,263406.36,184.24
2026-03-25T00:00:00Z,184.334,184.598,184.07,184.292,287319.96,184.282
2026-03-24T00:00:00Z,183.99,184.362,183.646,184.344,383367.41,184.334
2026-03-23T00:00:00Z,184.024,184.35,183.219,183.981,470997.35,183.971
2026-03-22T00:00:00Z,184.253,184.253,183.592,184.076,20127.46,184.066
2026-03-21T00:00:00Z,184.253,184.253,184.253,184.253,0.0,184.243
2026-03-20T00:00:00Z,182.846,184.265,182.623,184.253,291945.86,184.243
2026-03-19T00:00:00Z,183.225,183.428,182.096,182.846,387973.74,182.836
2026-03-18T00:00:00Z,183.405,183.819,183.013,183.218,283572.81,183.208
2026-03-17T00:00:00Z,182.992,183.554,182.844,183.404,216937.08,183.394
2026-03-16T00:00:00Z,182.482,183.189,181.896,182.981,260039.53,182.971
2026-03-15T00:00:00Z,182.367,182.49,182.155,182.49,18425.18,182.48
2026-03-14T00:00:00Z,182.367,182.367,182.367,182.367,0.0,182.357
2026-03-13T00:00:00Z,183.477,183.615,182.29,182.367,278885.52,182.357
2026-03-12T00:00:00Z,183.646,183.742,183.242,183.464,284209.16,183.454
2026-03-11T00:00:00Z,183.6,184.091,183.556,183.64,301977.91,183.63
2026-03-10T00:00:00Z,183.417,183.772,183.079,183.618,333878.73,183.608
2026-03-09T00:00:00Z,182.56,183.624,182.49,183.396,421236.01,183.386
2026-03-08T00:00:00Z,183.292,183.292,182.435,182.565,42582.15,182.555
2026-03-07T00:00:00Z,183.292,183.292,183.292,183.292,0.0,183.282
2026-03-06T00:00:00Z,182.898,183.392,182.393,183.292,336058.58,183.282
2026-03-05T00:00:00Z,182.659,183.104,182.165,182.894,371552.17,182.884
2026-03-04T00:00:00Z,183.194,183.234,182.397,182.665,312085.34,182.655
2026-03-03T00:00:00Z,183.943,184.343,182.082,183.227,403595.13,183.217
2026-03-02T00:00:00Z,184.204,184.697,183.815,183.933,361207.81,183.923
2026-03-01T00:00:00Z,184.333,184.333,183.594,184.204,22221.49,184.194
2026-02-28T00:00:00Z,184.333,184.333,184.333,184.333,0.0,184.323
2026-02-27T00:00:00Z,183.981,184.568,183.72,184.333,207788.74,184.323
2026-02-26T00:00:00Z,184.532,184.597,183.846,183.996,198781.08,183.986
2026-02-25T00:00:00Z,183.58,184.782,183.254,184.547,194627.07,184.537
2026-02-24T00:00:00Z,182.414,184.199,182.402,183.57,195280.23,183.56
2026-02-23T00:00:00Z,182.657,182.82,182.021,182.423,202211.76,182.413
2026-02-22T00:00:00Z,182.69,182.76,182.586,182.636,11920.61,182.626
2026-02-21T00:00:00Z,182.69,182.69,182.69,182.69,0.0,182.68
2026-02-20T00:00:00Z,182.668,183.065,182.253,182.69,244874.72,182.68
2026-02-19T00:00:00Z,182.379,183.164,182.047,182.643,219189.64,182.633
2026-02-18T00:00:00Z,181.488,182.54,181.449,182.391,185036.92,182.381
2026-02-17T00:00:00Z,181.989,181.989,180.857,181.505,234399.08,181.495
2026-02-16T00:00:00Z,181.342,182.309,181.324,181.991,113958.54,181.981
2026-02-15T00:00:00Z,181.184,181.377,181.14,181.339,6488.71,181.329
2026-02-14T00:00:00Z,181.184,181.184,181.184,181.184,0.0,181.174
2026-02-13T00:00:00Z,181.364,182.293,181.184,181.184,251378.66,181.174
2026-02-12T00:00:00Z,182.019,182.545,180.876,181.357,298998.8,181.347
2026-02-11T00:00:00Z,183.683,183.689,181.368,182.044,292672.32,182.034
2026-02-10T00:00:00Z,185.876,186.006,183.469,183.678,230331.46,183.668
2026-02-09T00:00:00Z,186.0,186.0,184.907,185.879,323239.22,185.869
2026-02-08T00:00:00Z,185.751,186.225,185.571,185.979,15556.1,185.969
2026-02-07T00:00:00Z,185.751,185.751,185.751,185.751,0.0,185.741
2026-02-06T00:00:00Z,184.679,185.814,184.385,185.751,206325.82,185.741
2026-02-05T00:00:00Z,185.187,185.514,184.594,184.687,270441.22,184.677
2026-02-04T00:00:00Z,184.114,185.292,184.069,185.174,238436.07,185.164
2026-02-03T00:00:00Z,183.456,184.21,183.456,184.098,249651.06,184.088
2026-02-02T00:00:00Z,183.9,184.273,183.207,183.465,331111.2,183.455
2026-02-01T00:00:00Z,183.4,184.154,183.4,183.924,19303.78,183.914
2026-01-31T00:00:00Z,183.4,183.4,183.4,183.4,0.0,183.39
2026-01-30T00:00:00Z,183.288,184.079,183.087,183.4,381342.32,183.39
2026-01-29T00:00:00Z,183.423,183.726,182.132,183.301,315570.93,183.291
2026-01-28T00:00:00Z,183.358,183.568,182.614,183.389,341484.78,183.379
2026-01-27T00:00:00Z,183.333,183.701,182.415,183.236,353985.91,183.226
2026-01-26T00:00:00Z,184.028,184.072,181.822,183.326,326932.49,183.316
2026-01-25T00:00:00Z,184.139,184.139,183.213,184.059,19325.45,184.049
2026-01-24T00:00:00Z,184.139,184.139,184.139,184.139,0.0,184.129
2026-01-23T00:00:00Z,186.303,186.88,183.821,184.139,257101.58,184.129
2026-01-22T00:00:00Z,184.987,186.339,184.85,186.323,191598.92,186.313
2026-01-21T00:00:00Z,185.488,185.545,184.854,185.0,249614.59,184.99
2026-01-20T00:00:00Z,184.114,185.504,183.831,185.5,256707.66,185.49
2026-01-19T00:00:00Z,183.163,184.194,183.042,184.127,153085.97,184.117
2026-01-18T00:00:00Z,183.338,183.338,182.802,183.176,17785.26,183.166
2026-01-17T00:00:00Z,183.338,183.338,183.338,183.338,0.0,183.328
2026-01-16T00:00:00Z,184.125,184.161,183.25,183.338,172828.13,183.328
2026-01-15T00:00:00Z,184.499,184.631,183.897,184.126,176456.82,184.116
2026-01-14T00:00:00Z,185.358,185.584,184.264,184.512,200976.56,184.502
2026-01-13T00:00:00Z,184.335,185.543,184.325,185.349,182722.34,185.339
2026-01-12T00:00:00Z,183.833,184.664,183.783,184.314,172089.16,184.304
2026-01-11T00:00:00Z,183.721,183.909,183.721,183.836,4406.42,183.826
2026-01-10T00:00:00Z,183.721,183.721,183.721,183.721,0.0,183.711
2026-01-09T00:00:00Z,182.906,183.963,182.906,183.721,183410.72,183.711
2026-01-08T00:00:00Z,183.005,183.264,182.663,182.916,157215.13,182.906
2026-01-07T00:00:00Z,183.118,183.387,182.736,183.022,163856.74,183.012
2026-01-06T00:00:00Z,183.485,183.653,182.976,183.139,195515.3,183.129
2026-01-05T00:00:00Z,183.79,184.074,182.838,183.508,205228.86,183.498
2026-01-04T00:00:00Z,183.787,183.822,183.543,183.772,10451.44,183.762
2026-01-03T00:00:00Z,183.787,183.787,183.787,183.787,0.0,183.777
2026-01-02T00:00:00Z,184.181,184.444,183.736,183.787,159736.2,183.777
2026-01-01T00:00:00Z,184.037,184.287,184.037,184.195,5728.79,184.185
2025-12-31T00:00:00Z,184.06,184.06,184.037,184.037,1.08,184.027
2025-12-30 01:00:00,183.687,184.098,183.424,183.722,171832.51,183.718
2025-12-29 01:00:00,184.294,184.423,183.475,183.685,211114.08,183.6795
2025-12-28 01:00:00,184.397,184.459,184.256,184.292,9494.03,184.2815
2025-12-27 01:00:00,184.392,184.392,184.392,184.392,0.0,184.307
2025-12-26 01:00:00,183.962,184.443,183.836,184.392,176382.62,184.307
2025-12-25 01:00:00,183.776,183.997,183.343,183.964,17094.2,183.9575
2025-12-24 01:00:00,184.148,184.223,183.297,183.78,181670.63,183.663
2025-12-23 01:00:00,184.553,184.569,183.443,184.145,206784.43,184.1385
2025-12-22 01:00:00,184.595,184.926,184.243,184.554,199293.27,184.549
2025-12-21 01:00:00,184.893,184.893,184.474,184.599,15676.34,184.5845
2025-12-20 01:00:00,184.77,184.77,184.77,184.77,0.0,184.72
2025-12-19 01:00:00,182.424,184.77,182.417,184.77,255026.72,184.72
2025-12-18 01:00:00,182.58,183.177,182.29,182.419,215614.38,182.414
2025-12-17 01:00:00,181.852,182.881,181.577,182.578,243958.24,182.573
2025-12-16 01:00:00,182.229,182.479,181.724,181.854,287478.81,181.849
2025-12-15 01:00:00,182.951,183.015,181.846,182.227,204068.24,182.223
2025-12-14 01:00:00,183.019,183.092,182.86,182.949,3273.34,182.944
2025-12-13 01:00:00,183.01,183.01,183.01,183.01,0.0,182.961
2025-12-12 01:00:00,182.584,183.164,182.558,183.01,219011.21,182.961
2025-12-11 01:00:00,182.263,182.755,181.883,182.586,238055.72,182.581
2025-12-10 01:00:00,182.339,182.623,182.013,182.263,202824.12,182.2555
2025-12-09 01:00:00,181.422,182.649,181.358,182.339,172227.67,182.334
2025-12-08 01:00:00,180.802,181.522,180.501,181.421,164622.16,181.4175
2025-12-07 01:00:00,180.754,180.883,180.705,180.8,8737.28,180.796
2025-12-06 01:00:00,180.93,180.93,180.93,180.93,0.0,180.88
2025-12-05 01:00:00,180.632,180.937,180.097,180.93,161398.56,180.88
2025-12-04 01:00:00,180.969,181.299,180.4,180.632,207815.96,180.6295
2025-12-03 01:00:00,181.134,181.465,180.804,180.969,189889.79,180.9645
2025-12-02 01:00:00,180.559,181.365,180.477,181.137,184005.66,181.132
2025-12-01 01:00:00,180.88,181.007,180.137,180.559,208149.44,180.556
2025-11-30 01:00:00,181.072,181.167,180.861,180.88,8139.6,180.873
2025-11-29 01:00:00,181.221,181.221,181.221,181.221,0.0,181.1465
2025-11-28 01:00:00,181.298,181.526,180.531,181.221,487649.45,181.1465
2025-11-27 01:00:00,181.254,181.343,180.762,181.297,104516.32,181.293
2025-11-26 01:00:00,180.648,181.494,180.356,181.253,192015.27,181.2465
2025-11-25 01:00:00,180.765,180.865,180.102,180.649,209445.07,180.644
2025-11-24 01:00:00,180.312,181.272,180.279,180.773,154661.84,180.7665
2025-11-23 01:00:00,180.265,180.458,180.145,180.312,7776.25,180.3075
2025-11-22 01:00:00,180.111,180.111,180.111,180.111,0.0,180.061
2025-11-21 01:00:00,181.542,181.663,179.774,180.111,284096.45,180.061
2025-11-20 01:00:00,181.182,182.015,180.97,181.545,301539.78,181.54
2025-11-19 01:00:00,180.112,181.397,179.781,181.182,222039.58,181.177
2025-11-18 01:00:00,179.978,180.295,179.612,180.116,269202.88,180.111
2025-11-17 01:00:00,179.56,180.058,179.27,179.978,185241.1,179.9735
2025-11-16 01:00:00,179.706,179.77,179.517,179.561,7723.35,179.557
2025-11-15 01:00:00,179.631,179.631,179.631,179.631,0.0,179.5945
2025-11-14 01:00:00,179.847,179.979,178.98,179.631,260754.56,179.5945
2025-11-13 01:00:00,179.341,180.115,179.23,179.848,241831.32,179.843
2025-11-12 01:00:00,178.536,179.509,178.483,179.339,185206.91,179.3335
2025-11-11 01:00:00,178.155,178.749,178.117,178.539,182048.7,178.535
2025-11-10 01:00:00,177.578,178.458,177.347,178.159,193295.36,178.1515
2025-11-09 01:00:00,177.796,177.817,177.496,177.579,11732.17,177.5725
2025-11-08 01:00:00,177.514,177.514,177.514,177.514,0.0,177.465
2025-11-07 01:00:00,176.647,177.612,176.517,177.514,261699.15,177.465
2025-11-06 01:00:00,177.143,177.222,176.286,176.649,225202.73,176.643
2025-11-05 01:00:00,176.356,177.165,175.707,177.142,230764.09,177.138
2025-11-04 01:00:00,177.635,177.681,176.094,176.364,206857.25,176.3585
2025-11-03 01:00:00,177.764,177.986,177.239,177.633,154330.36,177.628
2025-11-02 01:00:00,177.842,177.884,177.663,177.757,12592.0,177.751
2025-10-25 02:00:00,177.793,177.793,177.793,177.793,0.0,177.748
2025-10-24 02:00:00,177.301,177.838,177.205,177.793,173789.47,177.748
2025-10-23 02:00:00,176.418,177.449,176.396,177.296,188452.65,177.2915
2025-10-22 02:00:00,176.177,176.517,175.774,176.419,215840.79,176.4145
2025-10-21 02:00:00,175.622,176.624,175.357,176.177,239805.22,176.1725
2025-10-20 02:00:00,175.948,176.378,175.243,175.624,213094.63,175.62
2025-10-19 02:00:00,175.6,175.95,175.422,175.945,13437.99,175.9405
2025-10-18 02:00:00,175.575,175.575,175.575,175.575,0.0,175.5255
2025-10-17 02:00:00,175.669,175.979,174.824,175.575,341066.9,175.5255
2025-10-16 02:00:00,175.847,176.465,175.455,175.669,310012.05,175.663
2025-10-15 02:00:00,176.036,176.315,175.443,175.846,243722.87,175.8405
2025-10-14 02:00:00,176.327,176.46,175.362,176.032,303088.01,176.0275
2025-10-13 02:00:00,176.43,176.918,175.906,176.335,208827.89,176.3315
2025-10-12 02:00:00,176.501,176.554,176.132,176.433,25643.04,176.426
2025-10-11 02:00:00,175.779,175.779,175.779,175.779,0.0,175.7345
2025-10-10 02:00:00,176.998,177.133,175.668,175.779,269218.91,175.7345
2025-10-09 02:00:00,177.594,177.946,176.777,176.999,263690.18,176.9955
2025-10-08 02:00:00,177.198,177.862,176.903,177.595,242620.62,177.5915
2025-10-07 02:00:00,176.075,177.263,175.792,177.196,211713.08,177.1915
2025-10-06 02:00:00,175.196,176.259,174.905,176.071,250555.39,176.067
2025-10-05 02:00:00,175.308,175.368,174.75,175.199,28421.41,175.192
2025-10-04 02:00:00,173.175,173.175,173.175,173.175,0.0,173.133
2025-10-03 02:00:00,172.54,173.252,172.538,173.175,158406.35,173.133
2025-10-02 02:00:00,172.609,172.989,172.272,172.541,198169.59,172.537
2025-10-01 02:00:00,173.706,173.921,172.309,172.608,240252.29,172.6035
2025-09-30 02:00:00,174.348,174.422,173.394,173.707,203048.44,173.703
2025-09-29 02:00:00,174.894,174.925,173.992,174.346,185319.13,174.3415
2025-09-28 02:00:00,175.13,175.13,174.863,174.893,6346.46,174.889
2025-09-27 02:00:00,174.989,174.989,174.989,174.989,0.0,174.963
2025-09-26 02:00:00,174.786,175.057,174.641,174.989,178410.01,174.963
2025-09-25 02:00:00,174.709,174.946,174.496,174.786,210527.86,174.782
2025-09-24 02:00:00,174.403,174.854,174.228,174.711,191904.7,174.7065
2025-09-23 02:00:00,174.338,174.529,174.058,174.403,194274.7,174.399
2025-09-22 02:00:00,173.837,174.453,173.792,174.338,194562.63,174.3335
2025-09-21 02:00:00,173.92,173.921,173.709,173.838,6556.79,173.8325
2025-09-20 02:00:00,173.817,173.817,173.817,173.817,0.0,173.78
2025-09-19 02:00:00,174.453,174.5,173.485,173.817,228032.37,173.78
2025-09-18 02:00:00,173.701,174.518,173.607,174.452,274766.79,174.4475
2025-09-17 02:00:00,173.81,173.823,173.095,173.7,240870.91,173.6945
2025-09-16 02:00:00,173.393,173.892,173.024,173.814,249063.21,173.81
2025-09-15 02:00:00,173.166,173.46,172.902,173.396,149473.89,173.391
2025-09-14 02:00:00,173.387,173.406,173.13,173.167,5318.79,173.1625
2025-09-13 02:00:00,173.311,173.311,173.311,173.311,0.0,173.262
2025-09-12 02:00:00,172.76,173.444,172.627,173.311,201389.03,173.262
2025-09-11 02:00:00,172.456,173.064,172.364,172.763,226035.07,172.7585
2025-09-10 02:00:00,172.491,172.913,172.38,172.455,217171.25,172.451
2025-09-09 02:00:00,173.447,173.493,172.138,172.493,229096.9,172.487
2025-09-08 02:00:00,173.719,173.917,173.073,173.447,192285.72,173.4415
2025-09-07 02:00:00,173.547,173.877,173.356,173.72,19445.66,173.714
2025-09-06 02:00:00,172.786,172.786,172.786,172.786,0.0,172.7375
2025-09-05 02:00:00,173.019,173.275,172.496,172.786,225071.48,172.7375
2025-09-04 02:00:00,172.56,173.216,172.463,173.021,199202.36,173.0165
2025-09-03 02:00:00,172.848,173.304,172.52,172.561,201642.05,172.5565
2025-09-02 02:00:00,172.325,173.422,172.309,172.852,248925.43,172.8475
2025-09-01 02:00:00,171.994,172.548,171.968,172.324,129149.71,172.3195
2025-08-31 02:00:00,172.058,172.109,171.858,171.993,6197.93,171.989
2025-08-30 02:00:00,171.872,171.872,171.872,171.872,0.0,171.841
2025-08-29 02:00:00,171.488,172.021,171.243,171.872,172721.02,171.841
2025-08-28 02:00:00,171.619,171.797,171.124,171.486,180918.66,171.4815
2025-08-27 02:00:00,171.629,171.919,171.258,171.618,180395.86,171.6125
2025-08-26 02:00:00,171.685,172.125,171.332,171.625,223350.14,171.619
2025-08-25 02:00:00,172.431,172.671,171.582,171.685,148093.1,171.6815
2025-08-24 02:00:00,172.387,172.486,172.112,172.434,8448.17,172.428
2025-08-23 02:00:00,172.204,172.204,172.204,172.204,0.0,172.1655
2025-08-22 02:00:00,172.318,172.682,171.833,172.204,203653.53,172.1655
2025-08-21 02:00:00,171.634,172.376,171.529,172.321,167456.55,172.316
2025-08-20 02:00:00,171.995,172.007,171.122,171.633,168325.4,171.625
2025-08-19 02:00:00,172.597,172.704,171.701,171.998,170971.13,171.9925
2025-08-18 02:00:00,172.366,172.683,172.058,172.597,151101.85,172.5935
2025-08-17 02:00:00,172.549,172.551,172.267,172.365,5797.68,172.3585
2025-08-16 02:00:00,172.337,172.337,172.337,172.337,0.0,172.296
2025-08-15 02:00:00,172.067,172.383,171.512,172.337,162371.86,172.296
2025-08-14 02:00:00,172.321,172.321,170.971,172.067,219042.72,172.0625
2025-08-13 02:00:00,172.571,173.023,172.24,172.32,173365.73,172.3145
2025-08-12 02:00:00,172.105,172.861,172.088,172.571,201237.82,172.5665
2025-08-11 02:00:00,171.989,172.204,171.558,172.105,121865.22,172.101
2025-08-10 02:00:00,172.048,172.198,171.922,171.994,5939.11,171.9885
2025-08-09 02:00:00,172.037,172.037,172.037,172.037,0.0,172.004
2025-08-08 02:00:00,171.431,172.348,171.374,172.037,156966.39,172.004
2025-08-07 02:00:00,171.693,172.174,171.278,171.439,216401.91,171.432
2025-08-06 02:00:00,170.824,171.993,170.623,171.695,159237.29,171.6895
2025-08-05 02:00:00,170.044,170.967,169.821,170.823,160683.28,170.8175
2025-08-04 02:00:00,170.746,171.166,169.907,170.053,179373.25,170.0475
2025-08-03 02:00:00,170.754,170.842,170.477,170.746,11634.41,170.7415
2025-08-02 02:00:00,170.823,170.823,170.823,170.823,0.0,170.777
2025-08-01 02:00:00,172.256,172.393,170.288,170.823,264685.64,170.777
2025-07-31 02:00:00,170.544,172.339,169.73,172.26,212687.31,172.2545
2025-07-30 02:00:00,171.448,171.534,170.447,170.544,210026.17,170.5375
2025-07-29 02:00:00,172.166,172.325,171.052,171.449,184201.71,171.445
2025-07-28 02:00:00,173.734,173.905,172.077,172.165,185858.83,172.16
2025-07-27 02:00:00,173.815,173.878,173.577,173.734,10247.64,173.729
2025-07-26 02:00:00,173.407,173.407,173.407,173.407,0.0,173.3605
2025-07-25 02:00:00,172.812,173.619,172.487,173.407,164631.65,173.3605
2025-07-24 02:00:00,172.311,172.952,171.754,172.812,181952.34,172.808
2025-07-23 02:00:00,172.275,172.746,171.378,172.308,210190.91,172.302
2025-07-22 02:00:00,172.39,172.937,171.374,172.274,151342.82,172.27
2025-07-21 02:00:00,172.653,172.667,171.927,172.389,131990.06,172.3845
2025-07-20 02:00:00,172.277,172.862,172.131,172.656,12173.48,172.6505
2025-07-19 02:00:00,173.035,173.035,173.035,173.035,0.0,172.9905
2025-07-18 02:00:00,172.437,173.117,172.358,173.035,134696.06,172.9905
2025-07-17 02:00:00,172.217,172.679,171.944,172.438,161197.38,172.4335
2025-07-16 02:00:00,172.697,173.248,171.847,172.217,232154.65,172.2125
2025-07-15 02:00:00,172.401,173.085,172.263,172.696,169698.07,172.6915
2025-07-14 02:00:00,172.084,172.48,171.734,172.403,155570.32,172.398
2025-07-13 02:00:00,171.926,172.152,171.725,172.084,12506.55,172.0805
2025-07-12 02:00:00,172.365,172.365,172.365,172.365,0.0,172.324
2025-07-11 02:00:00,171.173,172.428,170.814,172.365,173799.12,172.324
2025-07-10 02:00:00,171.503,171.784,170.943,171.176,159880.72,171.173
2025-07-09 02:00:00,172.183,172.285,171.275,171.507,159820.05,171.5015
2025-07-08 02:00:00,171.223,172.188,171.189,172.183,178060.33,172.179
2025-07-07 02:00:00,170.221,171.409,169.889,171.221,166982.92,171.216
2025-07-06 02:00:00,170.369,170.385,170.149,170.218,8201.64,170.214
2025-07-05 02:00:00,170.346,170.346,170.346,170.346,0.0,170.187
2025-07-04 02:00:00,170.319,170.41,169.858,170.346,141585.9,170.187
2025-07-03 02:00:00,169.34,170.617,169.322,170.318,145089.51,170.312
2025-07-02 02:00:00,169.259,169.794,169.045,169.342,153692.69,169.338
2025-07-01 02:00:00,169.505,169.667,168.464,169.264,166274.2,169.258
2025-06-30 02:00:00,169.464,169.867,168.711,169.504,164516.59,169.498
2025-06-29 02:00:00,169.409,169.666,169.336,169.466,14787.37,169.4595
2025-06-28 02:00:00,169.561,169.561,169.561,169.561,0.0,169.5225
2025-06-27 02:00:00,169.174,169.814,168.636,169.561,158887.83,169.5225
2025-06-26 02:00:00,169.316,169.402,168.562,169.178,175253.02,169.174
2025-06-25 02:00:00,168.311,169.409,168.168,169.313,144627.14,169.3085
2025-06-24 02:00:00,169.249,169.249,167.919,168.305,178329.37,168.301
2025-06-23 02:00:00,168.148,169.716,168.05,169.25,236248.74,169.2425
2025-06-22 02:00:00,168.139,168.436,168.039,168.147,18441.47,168.142
2025-06-21 02:00:00,168.372,168.372,168.372,168.372,0.0,168.322
2025-06-20 02:00:00,167.193,168.406,167.154,168.372,144289.7,168.322
2025-06-19 02:00:00,166.355,167.412,166.045,167.19,147677.04,167.1875
2025-06-18 02:00:00,166.941,167.058,166.326,166.355,203338.64,166.3515
2025-06-17 02:00:00,167.173,167.615,166.709,166.939,217309.66,166.932
2025-06-16 02:00:00,166.805,167.538,166.348,167.17,209395.95,167.166
2025-06-15 02:00:00,166.245,166.89,166.132,166.807,18096.59,166.803
2025-06-14 02:00:00,166.533,166.533,166.533,166.533,0.0,166.488
2025-06-13 02:00:00,166.123,166.599,164.945,166.533,268057.41,166.488
2025-06-12 02:00:00,165.968,166.765,165.502,166.126,183212.02,166.12
2025-06-11 02:00:00,165.673,166.428,165.386,165.967,160263.71,165.9595
2025-06-10 02:00:00,165.191,165.815,164.632,165.674,147213.11,165.668
2025-06-09 02:00:00,165.055,165.228,164.556,165.191,113712.56,165.186
2025-06-08 02:00:00,165.233,165.241,164.976,165.054,8640.91,165.0475
2025-06-07 02:00:00,165.102,165.102,165.102,165.102,0.0,165.065
2025-06-06 02:00:00,164.425,165.29,164.343,165.102,145740.39,165.065
2025-06-05 02:00:00,163.016,164.677,162.96,164.424,203061.45,164.4205
2025-06-04 02:00:00,163.729,164.247,162.904,163.015,158917.9,163.0085
2025-06-03 02:00:00,163.133,163.953,162.802,163.732,141619.67,163.7275
2025-06-02 02:00:00,163.257,163.417,162.843,163.134,162447.02,163.1255
2025-06-01 02:00:00,163.399,163.453,163.242,163.254,12525.77,163.25
2025-05-31 02:00:00,163.506,163.506,163.506,163.506,0.0,163.4715
2025-05-30 02:00:00,163.558,163.847,162.811,163.506,220758.84,163.4715
2025-05-29 02:00:00,163.646,164.271,163.354,163.557,209837.26,163.5505
2025-05-28 02:00:00,163.415,164.005,163.08,163.646,185535.74,163.642
2025-05-27 02:00:00,162.434,163.946,162.094,163.417,161849.91,163.408
2025-05-26 02:00:00,162.471,162.982,162.379,162.437,101952.33,162.4345
2025-05-25 02:00:00,162.088,162.65,161.987,162.473,19945.65,162.4655
2025-05-24 02:00:00,162.056,162.056,162.056,162.056,0.0,162.0225
2025-05-23 02:00:00,162.312,162.752,161.089,162.056,197182.78,162.0225
2025-05-22 02:00:00,162.838,162.886,161.812,162.313,207881.2,162.305
2025-05-21 02:00:00,162.911,163.436,162.626,162.845,194047.79,162.8375
2025-05-20 02:00:00,162.858,163.289,162.418,162.917,164513.32,162.913
2025-05-19 02:00:00,162.512,163.39,162.148,162.856,170652.3,162.848
2025-05-18 02:00:00,162.596,162.707,162.263,162.512,15846.0,162.5075
2025-05-17 02:00:00,162.668,162.668,162.668,162.668,0.0,162.6285
2025-05-16 02:00:00,162.935,163.111,162.461,162.668,135259.07,162.6285
2025-05-15 02:00:00,163.965,164.069,162.748,162.935,167580.05,162.9275
2025-05-14 02:00:00,165.028,165.164,163.739,163.965,220934.25,163.961
2025-05-13 02:00:00,164.507,165.215,164.137,165.029,177366.03,165.0215
2025-05-12 02:00:00,163.759,164.924,163.694,164.513,277339.16,164.509
2025-05-11 02:00:00,163.877,164.091,163.678,163.756,18395.94,163.752
2025-05-10 02:00:00,163.576,163.576,163.576,163.576,0.0,163.532
2025-05-09 02:00:00,163.868,163.927,163.162,163.576,158281.81,163.532
2025-05-08 02:00:00,162.617,163.951,162.539,163.869,232366.49,163.8665
2025-05-07 02:00:00,162.27,163.024,162.012,162.617,257257.16,162.6105
2025-05-06 02:00:00,162.566,162.954,161.598,162.272,224055.67,162.268
2025-05-05 02:00:00,163.772,163.866,162.434,162.569,151765.66,162.5645
2025-05-04 02:00:00,163.722,163.938,163.67,163.775,11562.59,163.7715
2025-05-03 02:00:00,163.866,163.866,163.866,163.866,0.0,163.835
2025-05-02 02:00:00,164.281,164.64,163.46,163.866,226646.61,163.835
2025-05-01 02:00:00,161.958,164.465,161.815,164.28,204436.11,164.271
2025-04-30 02:00:00,161.965,162.659,161.712,161.963,228178.63,161.955
2025-04-29 02:00:00,162.19,162.546,161.839,161.977,224656.06,161.973
2025-04-28 02:00:00,163.214,163.336,162.187,162.19,202185.56,162.184
2025-04-27 02:00:00,163.348,163.396,163.107,163.211,13661.49,163.207
2025-04-26 02:00:00,163.326,163.326,163.326,163.326,0.0,163.2925
2025-04-25 02:00:00,162.479,163.763,162.132,163.326,228977.91,163.2925
2025-04-24 02:00:00,162.24,162.622,161.848,162.479,234767.57,162.473
2025-04-23 02:00:00,161.978,162.47,161.196,162.241,385173.87,162.237
2025-04-22 02:00:00,162.207,162.51,160.99,161.983,309243.97,161.9785
2025-04-21 02:00:00,162.121,162.684,161.65,162.207,276449.29,162.2025
2025-04-20 02:00:00,162.006,162.281,161.639,162.123,27296.88,162.112
2025-04-19 02:00:00,162.1,162.1,162.1,162.1,0.0,161.9645
2025-04-18 02:00:00,161.977,162.168,161.731,162.1,338561.37,161.9645
2025-04-17 02:00:00,161.699,162.639,161.251,161.98,300056.0,161.9115
2025-04-16 02:00:00,161.618,162.285,161.392,161.699,344856.06,161.695
2025-04-15 02:00:00,162.355,162.81,161.302,161.623,279918.24,161.6135
2025-04-14 02:00:00,162.985,163.174,162.087,162.355,386756.11,162.351
2025-04-13 02:00:00,163.097,163.303,162.723,162.983,38166.77,162.979
2025-04-12 02:00:00,163.077,163.077,163.077,163.077,0.0,163.036
2025-04-11 02:00:00,161.836,163.155,161.312,163.077,668096.33,163.036
2025-04-10 02:00:00,161.425,162.594,160.879,161.84,667989.95,161.834
2025-04-09 02:00:00,160.117,162.211,159.484,161.428,783788.52,161.424
2025-04-08 02:00:00,161.321,162.211,159.895,160.117,609944.05,160.113
2025-04-07 02:00:00,159.759,162.403,159.182,161.324,820905.75,161.316
2025-04-06 02:00:00,158.623,159.857,158.326,159.759,69105.57,159.749
2025-04-05 02:00:00,161.11,161.11,161.11,161.11,0.0,161.076
2025-04-04 02:00:00,161.551,162.005,159.027,161.11,775796.72,161.076
2025-04-03 02:00:00,161.26,163.089,160.64,161.552,704135.62,161.5455
2025-04-02 02:00:00,161.654,164.205,160.13,161.261,430256.4,161.2545
2025-04-01 02:00:00,162.213,162.309,160.783,161.654,378555.57,161.6495
2025-03-31 02:00:00,161.95,162.49,161.05,162.214,401532.75,162.208
2025-03-30 01:00:00,162.357,162.391,161.494,161.95,20188.04,161.9435
2025-03-29 01:00:00,162.272,162.272,162.272,162.272,0.0,162.2535
2025-03-28 01:00:00,162.943,163.182,162.074,162.272,306686.4,162.2535
2025-03-27 01:00:00,161.626,163.37,161.555,162.942,321407.09,162.9355
2025-03-26 01:00:00,161.781,162.616,161.383,161.636,306624.71,161.629
2025-03-25 01:00:00,162.891,163.036,161.629,161.78,264671.19,161.7735
2025-03-24 01:00:00,162.185,162.95,161.95,162.886,285139.77,162.88
2025-03-23 01:00:00,161.582,162.216,161.58,162.184,14002.29,162.1795
2025-03-22 01:00:00,161.539,161.539,161.539,161.539,0.0,161.494
2025-03-21 01:00:00,161.315,162.142,160.746,161.539,322844.42,161.494
2025-03-20 01:00:00,162.002,162.052,160.744,161.315,305663.96,161.3075
2025-03-19 01:00:00,163.5,163.893,162.002,162.002,328536.49,161.9985
2025-03-18 01:00:00,163.131,164.193,162.994,163.5,328816.61,163.4915
2025-03-17 01:00:00,161.686,163.165,161.549,163.132,308353.84,163.1245
2025-03-16 01:00:00,161.967,162.065,161.584,161.685,14759.35,161.679
2025-03-15 01:00:00,161.747,161.747,161.747,161.747,0.0,161.719
2025-03-14 01:00:00,160.595,162.335,160.507,161.747,408889.28,161.719
2025-03-13 01:00:00,161.44,161.522,160.061,160.594,476500.14,160.587
2025-03-12 01:00:00,161.592,162.365,161.215,161.433,490816.32,161.427
2025-03-11 01:00:00,159.437,161.795,158.982,161.59,652469.2,161.584
2025-03-10 01:00:00,160.297,160.366,158.905,159.438,610358.29,159.428
2025-03-09 01:00:00,160.415,160.459,160.015,160.295,29212.2,160.2855
2025-03-08 01:00:00,160.416,160.416,160.416,160.416,0.0,160.374
2025-03-07 01:00:00,159.823,160.778,159.285,160.416,574592.58,160.374
2025-03-06 01:00:00,160.718,161.287,159.13,159.821,615953.05,159.8135
2025-03-05 01:00:00,159.18,160.78,158.741,160.719,614920.72,160.7115
2025-03-04 01:00:00,156.564,159.53,155.601,159.187,659641.12,159.172
2025-03-03 01:00:00,157.035,158.474,155.927,156.562,522952.48,156.5565
2025-03-02 01:00:00,156.769,157.322,156.76,157.035,13109.79,157.0275
2025-03-01 01:00:00,156.336,156.336,156.336,156.336,0.0,156.286
2025-02-28 01:00:00,156.013,157.172,154.803,156.336,469678.32,156.286
2025-02-27 01:00:00,156.153,157.224,155.523,156.013,431667.58,156.004
2025-02-26 01:00:00,156.82,157.133,156.04,156.152,441128.91,156.1425
2025-02-25 01:00:00,156.839,157.314,156.089,156.82,440959.07,156.812
2025-02-24 01:00:00,156.495,157.266,156.094,156.838,446856.95,156.8315
2025-02-23 01:00:00,156.368,156.548,156.176,156.495,11253.4,156.4865
2025-02-22 01:00:00,156.217,156.217,156.217,156.217,0.0,156.195
2025-02-21 01:00:00,156.978,158.23,155.824,156.217,416128.95,156.195
2025-02-20 01:00:00,157.601,157.659,156.323,156.978,392715.62,156.971
2025-02-19 01:00:00,158.74,159.137,157.496,157.602,310109.74,157.595
2025-02-18 01:00:00,158.794,159.204,158.375,158.741,298249.0,158.733
2025-02-17 01:00:00,159.443,159.608,158.539,158.795,239341.97,158.786
2025-02-16 01:00:00,159.776,159.847,159.414,159.446,7555.24,159.437
2025-02-15 01:00:00,159.846,159.846,159.846,159.846,0.0,159.807
2025-02-14 01:00:00,160.06,160.272,159.438,159.846,321783.81,159.807
2025-02-13 01:00:00,160.296,161.198,159.026,160.059,379024.7,160.0505
2025-02-12 01:00:00,158.335,160.976,158.282,160.296,372418.38,160.289
2025-02-11 01:00:00,156.362,158.351,156.266,158.326,304682.19,158.3185
2025-02-10 01:00:00,156.596,157.425,156.298,156.367,299622.52,156.3575
2025-02-09 01:00:00,155.866,156.612,155.73,156.596,13417.62,156.588
2025-02-08 01:00:00,156.427,156.427,156.427,156.427,0.0,156.3805
2025-02-07 01:00:00,157.008,158.022,155.875,156.427,416584.62,156.3805
2025-02-06 01:00:00,158.743,158.771,156.99,157.011,356074.79,157.0025
2025-02-05 01:00:00,159.872,160.109,158.509,158.746,385794.91,158.739
2025-02-04 01:00:00,160.383,160.705,159.193,159.873,380519.89,159.861
2025-02-03 01:00:00,159.21,160.498,157.979,160.378,559675.2,160.367
2025-02-02 01:00:00,158.641,159.453,158.533,159.21,28412.58,159.194
2025-02-01 01:00:00,160.825,160.825,160.825,160.825,0.0,160.7955
2025-01-31 01:00:00,160.213,161.507,159.908,160.825,425225.58,160.7955
2025-01-30 01:00:00,161.765,161.792,160.19,160.212,365238.97,160.205
2025-01-29 01:00:00,162.223,162.496,161.314,161.765,345007.6,161.761
2025-01-28 01:00:00,161.708,162.706,161.647,162.223,327413.89,162.214
2025-01-27 01:00:00,163.011,163.466,161.548,161.712,471084.39,161.6985
2025-01-26 01:00:00,163.351,163.395,162.934,163.013,10014.99,163.004
2025-01-25 01:00:00,163.73,163.73,163.73,163.73,0.0,163.704
2025-01-24 01:00:00,162.639,164.092,161.925,163.73,384897.07,163.704
2025-01-23 01:00:00,162.826,163.138,162.21,162.639,301291.07,162.6315
2025-01-22 01:00:00,162.079,163.224,161.901,162.826,294042.35,162.817
2025-01-21 01:00:00,161.827,162.289,160.967,162.079,403388.71,162.0685
2025-01-20 01:00:00,160.707,162.352,160.325,161.826,346964.98,161.8155
2025-01-19 01:00:00,160.841,160.867,160.562,160.704,9781.73,160.695
2025-01-18 01:00:00,160.554,160.554,160.554,160.554,0.0,160.5275
2025-01-17 01:00:00,160.062,161.021,159.733,160.554,317786.1,160.5275
2025-01-16 01:00:00,160.84,161.101,159.757,160.066,345927.96,160.0545
2025-01-15 01:00:00,162.896,162.904,160.797,160.843,345716.78,160.836
2025-01-14 01:00:00,161.473,162.94,161.019,162.895,347588.59,162.886
2025-01-13 01:00:00,161.754,161.806,160.043,161.473,331640.88,161.4635
2025-01-12 01:00:00,161.798,161.816,161.576,161.761,7297.17,161.752
2025-01-11 01:00:00,161.645,161.645,161.645,161.645,0.0,161.615
2025-01-10 01:00:00,162.743,163.197,161.221,161.645,352510.54,161.615
2025-01-09 01:00:00,163.166,163.275,162.385,162.748,276194.22,162.739
2025-01-08 01:00:00,163.64,163.815,162.849,163.167,370628.52,163.157
2025-01-07 01:00:00,163.793,164.554,163.219,163.638,404713.92,163.6295
2025-01-06 01:00:00,162.33,164.03,162.308,163.794,391589.39,163.787
2025-01-05 01:00:00,162.162,162.352,161.998,162.328,9045.57,162.3175
2025-01-04 01:00:00,162.198,162.198,162.198,162.198,0.0,162.1745
2025-01-03 01:00:00,161.583,162.217,161.397,162.198,322789.42,162.1745
2025-01-02 01:00:00,163.26,163.31,160.907,161.581,424835.74,161.5745
2025-01-01 01:00:00,162.978,163.332,162.844,163.259,10442.97,163.2485
2024-12-31 01:00:00,163.413,163.438,162.463,162.826,337599.62,162.792
2024-12-30 01:00:00,164.733,164.913,162.82,163.414,307829.13,163.404
2024-12-29 01:00:00,164.746,164.762,164.518,164.732,4817.29,164.7205
2024-12-28 01:00:00,164.661,164.661,164.661,164.661,0.0,164.603
2024-12-27 01:00:00,164.498,164.841,164.04,164.661,238211.8,164.603
2024-12-26 01:00:00,163.409,164.779,163.331,164.496,226088.11,164.487
2024-12-25 01:00:00,163.48,163.897,163.39,163.409,11921.34,163.397
2024-12-24 01:00:00,163.472,163.738,163.033,163.48,209902.03,163.3345
2024-12-23 01:00:00,163.349,163.639,162.854,163.472,301364.93,163.463
2024-12-22 01:00:00,163.312,163.488,163.186,163.347,9879.97,163.3355
2024-12-21 01:00:00,163.156,163.156,163.156,163.156,0.0,163.1375
2024-12-20 01:00:00,163.394,163.675,162.35,163.156,464080.04,163.1375
2024-12-19 01:00:00,160.107,163.814,160.101,163.394,453101.98,163.387
2024-12-18 01:00:00,161.177,161.566,159.816,160.11,361208.52,160.098
2024-12-17 01:00:00,162.073,162.481,160.782,161.175,321914.72,161.1665
2024-12-16 01:00:00,161.289,162.213,161.174,162.073,254007.69,162.066
2024-12-15 01:00:00,161.269,161.502,161.214,161.291,10909.37,161.2805
2024-12-14 01:00:00,161.421,161.421,161.421,161.421,0.0,161.387
2024-12-13 01:00:00,159.835,161.562,159.725,161.421,322751.58,161.387
2024-12-12 01:00:00,159.953,160.553,159.116,159.83,389004.85,159.823
2024-12-11 01:00:00,159.914,160.731,158.649,159.977,344276.19,159.968
2024-12-10 01:00:00,159.797,160.075,159.38,159.915,338707.58,159.908
2024-12-09 01:00:00,158.38,160.002,157.869,159.797,318148.82,159.7865
2024-12-08 01:00:00,158.519,158.617,158.365,158.383,7651.26,158.374
2024-12-07 01:00:00,158.599,158.599,158.599,158.599,0.0,158.571
2024-12-06 01:00:00,158.94,159.59,158.105,158.599,328600.48,158.571
2024-12-05 01:00:00,158.272,159.399,157.568,158.938,376090.62,158.9285
2024-12-04 01:00:00,157.256,158.668,156.992,158.275,433525.42,158.265
2024-12-03 01:00:00,157.017,157.989,156.184,157.254,395316.22,157.245
2024-12-02 01:00:00,158.033,158.652,156.388,157.017,503667.29,157.005
2024-12-01 01:00:00,158.355,158.406,157.983,158.028,18458.48,158.019
2024-11-30 01:00:00,158.51,158.51,158.51,158.51,0.0,158.3705
2024-11-29 01:00:00,159.668,159.697,158.042,158.51,504080.25,158.3705
2024-11-28 01:00:00,159.862,160.35,159.444,159.672,306349.55,159.659
2024-11-27 01:00:00,160.459,160.591,159.104,159.862,502945.99,159.8515
2024-11-26 01:00:00,161.255,162.016,160.31,160.459,535692.68,160.4515
2024-11-25 01:00:00,161.55,162.125,160.997,161.254,492709.44,161.2435
2024-11-24 01:00:00,161.664,161.945,161.491,161.55,23088.34,161.5415
2024-11-23 01:00:00,161.267,161.267,161.267,161.267,0.0,161.2575
2024-11-22 01:00:00,161.399,162.496,159.907,161.267,509833.59,161.2575
2024-11-21 01:00:00,163.761,163.792,161.387,161.399,482857.98,161.3905
2024-11-20 01:00:00,164.127,164.766,163.169,163.762,378638.03,163.7545
2024-11-19 01:00:00,163.819,164.167,161.5,164.125,482628.91,164.1185
2024-11-18 01:00:00,162.942,164.045,162.273,163.82,440537.62,163.8115
2024-11-17 01:00:00,162.765,163.043,162.667,162.943,13883.62,162.937
2024-11-16 01:00:00,162.696,162.696,162.696,162.696,0.0,162.687
2024-11-15 01:00:00,164.78,165.042,162.325,162.696,491288.05,162.687
2024-11-14 01:00:00,164.225,164.989,163.81,164.778,451499.53,164.769
2024-11-13 01:00:00,164.206,164.806,163.64,164.224,464559.51,164.2135
2024-11-12 01:00:00,163.712,164.374,163.245,164.203,443423.03,164.1965
2024-11-11 01:00:00,163.827,164.665,163.59,163.713,363457.41,163.706
2024-11-10 01:00:00,163.716,163.879,163.551,163.826,11280.98,163.8175
2024-11-09 01:00:00,163.609,163.609,163.609,163.609,0.0,163.5995
2024-11-08 01:00:00,165.366,165.386,163.215,163.609,451543.7,163.5995
2024-11-07 01:00:00,165.607,165.972,165.014,165.366,538468.61,165.3585
2024-11-06 01:00:00,165.604,166.108,164.933,165.616,828553.17,165.607
2024-11-05 01:00:00,165.592,166.047,165.413,165.607,343315.52,165.5935
2024-11-04 01:00:00,165.593,165.868,165.224,165.593,350833.91,165.5845
2024-11-03 01:00:00,165.682,166.003,165.53,165.593,14929.77,165.584
2024-11-02 01:00:00,165.756,165.756,165.756,165.756,0.0,165.7465
2024-11-01 01:00:00,165.434,166.122,165.361,165.756,309786.42,165.7465
2024-10-31 01:00:00,166.407,166.698,164.944,165.434,356577.86,165.428
2024-10-26 02:00:00,164.489,164.489,164.489,164.489,0.0,164.453
2024-10-25 02:00:00,164.3,164.8,163.943,164.489,242501.87,164.453
2024-10-24 02:00:00,164.696,164.755,163.81,164.3,369742.72,164.296
2024-10-23 02:00:00,163.196,165.025,163.179,164.7,370262.02,164.6935
2024-10-22 02:00:00,162.91,163.669,162.783,163.197,338346.15,163.192
2024-10-21 02:00:00,162.603,163.271,162.004,162.911,284826.06,162.905
2024-10-20 02:00:00,162.451,162.659,162.438,162.6,14122.29,162.5925
2024-10-19 02:00:00,162.482,162.482,162.482,162.482,0.0,162.478
2024-10-18 02:00:00,162.569,162.86,162.187,162.482,235911.25,162.478
2024-10-17 02:00:00,162.41,162.826,161.854,162.564,281004.74,162.5605
2024-10-16 02:00:00,162.264,162.889,162.115,162.414,250111.67,162.41
2024-10-15 02:00:00,163.336,163.363,162.244,162.263,232133.73,162.258
2024-10-14 02:00:00,163.098,163.605,162.9,163.334,167903.12,163.3295
2024-10-13 02:00:00,163.091,163.259,163.033,163.097,6011.72,163.092
2024-10-12 02:00:00,163.107,163.107,163.107,163.107,0.0,163.0965
2024-10-11 02:00:00,162.603,163.413,162.315,163.107,236175.1,163.0965
2024-10-10 02:00:00,163.217,163.616,162.186,162.6,303594.13,162.596
2024-10-09 02:00:00,162.604,163.47,162.398,163.225,262969.86,163.2185
2024-10-08 02:00:00,162.576,162.857,161.913,162.609,296483.68,162.599
2024-10-07 02:00:00,163.238,163.238,162.04,162.576,317153.67,162.566
2024-10-06 02:00:00,163.277,163.585,163.175,163.242,20624.59,163.237
2024-10-05 02:00:00,163.223,163.223,163.223,163.223,0.0,163.211
2024-10-04 02:00:00,162.049,163.378,161.019,163.223,323698.37,163.211
2024-10-03 02:00:00,161.909,162.498,161.377,162.051,335526.76,162.046
2024-10-02 02:00:00,159.032,162.298,158.711,161.914,354713.28,161.9075
2024-10-01 02:00:00,160.055,160.915,158.38,159.033,381063.68,159.028
2024-09-30 02:00:00,159.494,160.135,158.108,160.057,373726.06,160.052
2024-09-29 02:00:00,158.752,159.665,158.752,159.488,17952.27,159.483
2024-09-28 02:00:00,158.784,158.784,158.784,158.784,0.0,158.7675
2024-09-27 02:00:00,162.167,163.503,158.571,158.784,438737.39,158.7675
2024-09-26 02:00:00,161.073,162.194,160.749,162.169,347086.22,162.1615
2024-09-25 02:00:00,159.983,161.678,159.94,161.072,349533.79,161.067
2024-09-24 02:00:00,159.595,161.113,159.242,159.982,332929.15,159.9745
2024-09-23 02:00:00,160.792,161.202,159.049,159.598,339924.64,159.593
2024-09-22 02:00:00,160.979,161.004,160.439,160.789,19998.31,160.784
2024-09-21 02:00:00,160.694,160.694,160.694,160.694,0.0,160.659
2024-09-20 02:00:00,159.438,161.167,158.437,160.694,398114.09,160.659
2024-09-19 02:00:00,158.616,159.972,158.349,159.436,455586.59,159.431
2024-09-18 02:00:00,157.952,158.677,157.054,158.619,370802.5,158.6105
2024-09-17 02:00:00,156.705,158.416,156.055,157.95,334870.11,157.945
2024-09-16 02:00:00,156.171,157.118,155.157,156.705,345027.07,156.697
2024-09-15 02:00:00,156.175,156.205,155.68,156.17,11542.96,156.1635
2024-09-14 02:00:00,156.004,156.004,156.004,156.004,0.0,155.973
2024-09-13 02:00:00,156.796,156.875,155.625,156.004,370647.86,155.973
2024-09-12 02:00:00,157.069,157.52,156.536,156.796,388524.59,156.788
2024-09-11 02:00:00,156.755,157.113,155.467,157.066,439684.44,157.0585
2024-09-10 02:00:00,158.011,158.648,156.733,156.753,313889.68,156.7465
2024-09-09 02:00:00,157.988,158.737,157.487,158.015,344065.98,158.01
2024-09-08 02:00:00,157.895,158.03,157.435,157.988,26010.26,157.9795
2024-09-07 02:00:00,157.805,157.805,157.805,157.805,0.0,157.7655
2024-09-06 02:00:00,159.321,159.756,157.473,157.805,446343.52,157.7655
2024-09-05 02:00:00,158.825,159.798,158.559,159.327,335478.97,159.3225
2024-09-04 02:00:00,160.61,160.901,158.71,158.825,359925.5,158.82
2024-09-03 02:00:00,162.419,162.808,160.324,160.615,343335.5,160.6095
2024-09-02 02:00:00,161.706,162.9,161.035,162.417,193473.12,162.4125
2024-09-01 02:00:00,161.507,161.941,161.467,161.706,18354.41,161.6995
2024-08-31 02:00:00,161.507,161.507,161.507,161.507,0.0,161.492
2024-08-30 02:00:00,160.549,161.64,160.197,161.507,262697.66,161.492
2024-08-29 02:00:00,160.686,161.274,160.034,160.547,315692.21,160.542
2024-08-28 02:00:00,160.922,161.381,160.442,160.687,291225.4,160.68
2024-08-27 02:00:00,161.342,162.182,160.712,160.918,279123.39,160.913
2024-08-26 02:00:00,161.05,161.512,160.508,161.341,314022.82,161.335
2024-08-25 02:00:00,161.551,161.601,160.665,161.048,32625.94,161.0425
2024-08-24 02:00:00,161.6,161.6,161.6,161.6,0.0,161.5885
2024-08-23 02:00:00,162.541,162.721,161.212,161.6,367921.72,161.5885
2024-08-22 02:00:00,161.894,162.965,161.485,162.538,316914.95,162.5305
2024-08-21 02:00:00,161.718,163.077,161.359,161.895,415064.52,161.8895
2024-08-20 02:00:00,162.65,163.205,161.356,161.719,393967.69,161.7145
2024-08-19 02:00:00,163.134,163.215,160.429,162.645,404508.04,162.64
2024-08-18 02:00:00,162.935,163.202,162.857,163.132,16429.41,163.127
2024-08-17 02:00:00,162.798,162.798,162.798,162.798,0.0,162.781
2024-08-16 02:00:00,163.752,163.785,162.302,162.798,286291.36,162.781
2024-08-15 02:00:00,162.179,163.994,161.949,163.754,343855.3,163.7465
2024-08-14 02:00:00,161.589,162.596,160.597,162.18,395262.42,162.173
2024-08-13 02:00:00,160.796,161.809,160.698,161.593,423524.94,161.586
2024-08-12 02:00:00,160.515,161.966,160.204,160.796,381715.73,160.7905
2024-08-11 02:00:00,160.174,160.587,160.167,160.514,21896.68,160.5035
2024-08-10 02:00:00,160.108,160.108,160.108,160.108,0.0,160.0825
2024-08-09 02:00:00,161.227,161.278,159.815,160.108,466658.27,160.0825
2024-08-08 02:00:00,159.866,161.398,158.973,161.227,599357.26,161.217
2024-08-07 02:00:00,158.148,161.454,157.963,159.866,590848.66,159.8545
2024-08-06 02:00:00,159.673,160.239,157.305,158.147,633013.27,158.142
2024-08-05 02:00:00,158.86,159.689,154.423,159.673,825388.0,159.6625
2024-08-04 02:00:00,160.126,160.303,158.483,158.86,50198.29,158.848
2024-08-03 02:00:00,159.927,159.927,159.927,159.927,0.0,159.896
2024-08-02 02:00:00,160.955,161.602,159.71,159.927,559925.8,159.896
2024-08-01 02:00:00,162.135,162.894,160.669,160.954,552921.46,160.9465
2024-07-31 02:00:00,165.12,166.575,162.023,162.136,555332.02,162.1305
2024-07-30 02:00:00,166.445,167.962,164.864,165.123,384269.75,165.115
2024-07-29 02:00:00,167.304,167.528,166.242,166.445,335846.61,166.4405
2024-07-28 02:00:00,167.05,167.392,166.918,167.301,20687.21,167.2955
2024-07-27 02:00:00,166.964,166.964,166.964,166.964,0.0,166.922
2024-07-26 02:00:00,166.793,168.023,166.346,166.964,288989.65,166.922
2024-07-25 02:00:00,166.818,167.596,164.83,166.795,468389.91,166.788
2024-07-24 02:00:00,169.005,169.213,166.145,166.824,350664.07,166.818
2024-07-23 02:00:00,170.862,170.888,168.817,169.005,238147.68,168.999
2024-07-22 02:00:00,171.586,171.671,170.071,170.861,230278.78,170.854
2024-07-21 02:00:00,171.454,171.589,171.323,171.585,13742.4,171.577
2024-07-20 02:00:00,171.516,171.516,171.516,171.516,0.0,171.471
2024-07-19 02:00:00,171.332,171.881,170.927,171.516,211901.71,171.471
2024-07-18 02:00:00,170.319,171.621,170.086,171.335,267130.24,171.33
2024-07-17 02:00:00,172.652,172.837,169.999,170.322,312233.89,170.3155
2024-07-16 02:00:00,172.367,172.93,172.285,172.655,189050.26,172.6485
2024-07-15 02:00:00,172.312,172.568,171.568,172.365,196419.46,172.36
2024-07-14 02:00:00,172.248,172.451,172.028,172.314,13307.35,172.3105
2024-07-13 02:00:00,172.2,172.2,172.2,172.2,0.0,172.153
2024-07-12 02:00:00,172.148,173.44,171.473,172.2,304336.08,172.153
2024-07-11 02:00:00,175.066,175.461,171.52,172.158,286403.27,172.1395
2024-07-10 02:00:00,174.471,175.181,174.462,175.073,147438.48,175.0685
2024-07-09 02:00:00,174.229,174.597,174.025,174.473,164040.48,174.4695
2024-07-08 02:00:00,173.91,174.64,173.519,174.228,199426.87,174.221
2024-07-07 02:00:00,173.896,174.135,173.8,173.908,13152.85,173.905
2024-07-06 02:00:00,174.313,174.313,174.313,174.313,0.0,174.28
2024-07-05 02:00:00,174.444,174.508,173.725,174.313,228244.48,174.28
2024-07-04 02:00:00,174.383,174.565,173.808,174.443,131893.9,174.4365
2024-07-03 02:00:00,173.58,174.522,173.535,174.383,193470.4,174.3755
2024-07-02 02:00:00,173.418,173.61,173.09,173.58,160317.96,173.571
2024-07-01 02:00:00,172.763,173.678,172.691,173.418,215916.31,173.4115
2024-06-30 02:00:00,172.893,172.952,172.618,172.764,13694.23,172.756
2024-06-29 02:00:00,172.361,172.361,172.361,172.361,0.0,172.3345
2024-06-28 02:00:00,172.08,172.452,171.457,172.361,276968.44,172.3345
2024-06-27 02:00:00,171.558,172.24,171.394,172.087,216627.11,172.0795
2024-06-26 02:00:00,171.033,171.922,170.859,171.559,226562.73,171.5525
2024-06-25 02:00:00,171.398,171.403,170.714,171.034,184270.12,171.0275
2024-06-24 02:00:00,170.903,171.474,170.295,171.399,208266.08,171.394
2024-06-23 02:00:00,170.954,170.956,170.735,170.903,11457.52,170.897
2024-06-22 02:00:00,170.935,170.935,170.935,170.935,0.0,170.885
2024-06-21 02:00:00,170.163,170.957,169.337,170.935,201006.1,170.885
2024-06-20 02:00:00,169.762,170.326,169.63,170.161,176826.5,170.1575
2024-06-19 02:00:00,169.537,169.937,169.136,169.763,117816.1,169.7595
2024-06-18 02:00:00,169.371,169.919,168.969,169.532,200275.55,169.5285
2024-06-17 02:00:00,168.635,169.395,167.963,169.372,210466.37,169.366
2024-06-16 02:00:00,168.592,168.755,168.482,168.636,10293.73,168.6295
2024-06-15 02:00:00,168.581,168.581,168.581,168.581,0.0,168.528
2024-06-14 02:00:00,168.713,169.807,167.528,168.581,330816.96,168.528
2024-06-13 02:00:00,169.553,170.144,168.286,168.718,231857.41,168.7115
2024-06-12 02:00:00,168.734,169.619,168.668,169.553,263267.46,169.549
2024-06-11 02:00:00,169.039,169.43,168.301,168.743,199522.16,168.7395
2024-06-10 02:00:00,169.045,169.223,168.308,169.04,198592.27,169.0355
2024-06-09 02:00:00,168.86,169.129,168.828,169.043,14673.2,169.037
2024-06-08 02:00:00,169.355,169.355,169.355,169.355,0.0,169.3375
2024-06-07 02:00:00,169.566,169.981,168.947,169.355,237609.24,169.3375
2024-06-06 02:00:00,169.546,170.297,169.219,169.567,224500.43,169.562
2024-06-05 02:00:00,168.799,170.023,168.776,169.546,219279.27,169.542
2024-06-04 02:00:00,170.265,170.731,168.049,168.8,258003.23,168.796
2024-06-03 02:00:00,170.593,170.896,169.726,170.263,213331.15,170.256
2024-06-02 02:00:00,170.631,170.773,170.534,170.59,10029.54,170.5855
2024-06-01 02:00:00,170.662,170.662,170.662,170.662,0.0,170.6425
2024-05-31 02:00:00,170.045,170.749,169.454,170.662,216233.11,170.6425
2024-05-30 02:00:00,170.263,170.263,169.07,170.05,231389.52,170.0435
2024-05-29 02:00:00,170.669,170.803,170.175,170.262,179857.53,170.256
2024-05-28 02:00:00,170.355,170.842,170.307,170.667,173955.99,170.6635
2024-05-27 02:00:00,170.158,170.52,169.975,170.355,112100.19,170.35
2024-05-26 02:00:00,170.384,170.391,170.119,170.157,7278.64,170.1515
2024-05-25 02:00:00,170.311,170.311,170.311,170.311,0.0,170.277
2024-05-24 02:00:00,169.74,170.503,169.632,170.311,142160.02,170.277
2024-05-23 02:00:00,169.676,170.329,169.296,169.741,186601.21,169.736
2024-05-22 02:00:00,169.625,169.932,169.388,169.674,131948.47,169.6685
2024-05-21 02:00:00,169.865,169.949,169.225,169.626,202828.56,169.622
2024-05-20 02:00:00,169.365,169.87,169.073,169.866,147307.95,169.8585
2024-05-19 02:00:00,169.279,169.443,169.14,169.364,6167.65,169.357
2024-05-18 02:00:00,169.233,169.233,169.233,169.233,0.0,169.186
2024-05-17 02:00:00,168.891,169.333,168.785,169.233,142134.75,169.186
2024-05-16 02:00:00,168.016,168.937,167.336,168.89,207158.03,168.886
2024-05-15 02:00:00,169.267,169.406,167.885,168.013,221385.67,168.009
2024-05-14 02:00:00,168.615,169.422,168.558,169.271,142381.47,169.264
2024-05-13 02:00:00,167.847,168.663,167.504,168.613,143818.52,168.605
2024-05-12 02:00:00,167.899,167.932,167.717,167.847,7358.61,167.8405
2024-05-11 02:00:00,167.843,167.843,167.843,167.843,0.0,167.798
2024-05-10 02:00:00,167.551,167.973,167.516,167.843,153113.9,167.798
2024-05-09 02:00:00,166.986,167.779,166.745,167.551,167023.07,167.544
2024-05-08 02:00:00,166.391,167.35,166.311,166.99,168309.5,166.984
2024-05-07 02:00:00,166.088,166.577,165.646,166.39,182660.45,166.3835
2024-05-06 02:00:00,165.313,166.129,165.105,166.086,182460.27,166.079
2024-05-05 02:00:00,164.804,165.359,164.5,165.319,13941.97,165.3135
2024-05-04 02:00:00,164.693,164.693,164.693,164.693,0.0,164.6795
2024-05-03 02:00:00,164.329,164.91,164.024,164.693,288927.96,164.6795
2024-05-02 02:00:00,166.916,167.396,164.054,164.329,372450.82,164.323
2024-05-01 02:00:00,168.285,168.674,164.09,166.916,265305.29,166.909
2024-04-30 02:00:00,167.419,168.604,167.227,168.285,248155.28,168.2775
2024-04-29 02:00:00,169.369,171.619,165.655,167.42,404509.48,167.412
2024-04-28 02:00:00,169.031,169.53,168.879,169.367,20544.61,169.3635
2024-04-27 02:00:00,169.325,169.325,169.325,169.325,0.0,169.281
2024-04-26 02:00:00,166.931,169.409,166.479,169.325,261234.66,169.281
2024-04-25 02:00:00,166.152,167.094,165.941,166.931,210409.93,166.925
2024-04-24 02:00:00,165.63,166.235,165.397,166.155,180665.06,166.1475
2024-04-23 02:00:00,164.944,165.801,164.632,165.624,166834.24,165.619
2024-04-22 02:00:00,164.816,165.147,164.408,164.943,149282.84,164.938
2024-04-21 02:00:00,164.811,164.976,164.678,164.813,7700.43,164.8065
2024-04-20 02:00:00,164.81,164.81,164.81,164.81,0.0,164.788
2024-04-19 02:00:00,164.554,165.033,163.031,164.81,283406.7,164.788
2024-04-18 02:00:00,164.67,164.958,164.363,164.557,214488.89,164.55
2024-04-17 02:00:00,164.313,164.817,163.931,164.672,223149.16,164.6665
2024-04-16 02:00:00,163.861,164.682,163.683,164.312,266250.79,164.308
2024-04-15 02:00:00,163.214,164.445,163.186,163.856,247773.81,163.8505
2024-04-14 02:00:00,162.927,163.265,162.766,163.221,12033.29,163.2145
2024-04-13 02:00:00,163.126,163.126,163.126,163.126,0.0,163.1055
2024-04-12 02:00:00,164.324,164.402,162.279,163.126,220723.57,163.1055
2024-04-11 02:00:00,164.297,164.704,163.952,164.325,255011.2,164.3195
2024-04-10 02:00:00,164.82,165.004,163.918,164.296,270754.62,164.2895
2024-04-09 02:00:00,164.931,165.181,164.552,164.819,195844.13,164.8135
2024-04-08 02:00:00,164.279,164.97,164.198,164.932,209956.03,164.9255
2024-04-07 02:00:00,164.331,164.414,164.226,164.278,16498.75,164.273
2024-04-06 02:00:00,164.367,164.367,164.367,164.367,0.0,164.329
2024-04-05 02:00:00,163.958,164.446,163.492,164.367,306689.99,164.329
2024-04-04 02:00:00,164.288,164.922,163.801,163.958,244676.1,163.9525
2024-04-03 02:00:00,163.19,164.416,163.075,164.294,270636.28,164.2885
2024-04-02 02:00:00,162.782,163.349,162.61,163.193,264509.13,163.187
2024-04-01 02:00:00,163.421,163.437,162.753,162.782,228147.11,162.7755
2024-03-31 01:00:00,163.39,163.45,163.211,163.421,14954.03,163.4145
2024-03-30 01:00:00,163.405,163.405,163.405,163.405,0.0,163.313
2024-03-29 01:00:00,163.419,163.459,162.944,163.405,167857.44,163.313
2024-03-28 01:00:00,163.546,163.877,163.136,163.421,239380.81,163.408
2024-03-27 01:00:00,164.033,164.423,163.445,163.548,263462.75,163.5415
2024-03-26 01:00:00,164.058,164.418,163.968,164.034,229662.72,164.0275
2024-03-25 01:00:00,163.532,164.215,163.325,164.059,264710.11,164.054
2024-03-24 01:00:00,163.709,163.845,163.321,163.536,14128.53,163.5295
2024-03-23 01:00:00,163.678,163.678,163.678,163.678,0.0,163.6605
2024-03-22 01:00:00,164.708,164.825,163.489,163.678,301457.71,163.6605
2024-03-21 01:00:00,164.882,165.347,164.353,164.712,306322.01,164.7065
2024-03-20 01:00:00,164.043,165.358,164.022,164.882,299936.22,164.877
2024-03-19 01:00:00,162.196,164.126,162.097,164.046,307168.71,164.0405
2024-03-18 01:00:00,162.13,162.692,161.958,162.199,199228.3,162.193
2024-03-17 01:00:00,162.416,162.462,162.082,162.133,16673.92,162.1255
2024-03-16 01:00:00,162.325,162.325,162.325,162.325,0.0,162.3005
2024-03-15 01:00:00,161.398,162.412,161.074,162.325,262033.54,162.3005
2024-03-14 01:00:00,161.665,161.919,161.117,161.401,249206.2,161.3955
2024-03-13 01:00:00,161.312,161.957,160.905,161.668,239812.07,161.6605
2024-03-12 01:00:00,160.399,161.679,160.287,161.313,291776.62,161.308
2024-03-11 01:00:00,160.646,160.911,160.219,160.4,220022.06,160.3925
2024-03-10 01:00:00,161.093,161.101,160.546,160.646,13634.48,160.641
2024-03-09 01:00:00,160.901,160.901,160.901,160.901,0.0,160.872
2024-03-08 01:00:00,161.931,162.179,160.62,160.901,265311.11,160.872
2024-03-07 01:00:00,162.698,162.701,160.559,161.932,231503.93,161.928
2024-03-06 01:00:00,162.894,162.967,162.218,162.7,175772.03,162.6915
2024-03-05 01:00:00,163.312,163.375,162.614,162.897,228582.86,162.891
2024-03-04 01:00:00,162.773,163.545,162.542,163.312,180505.45,163.3055
2024-03-03 01:00:00,162.834,162.837,162.692,162.774,8647.82,162.7715
2024-03-02 01:00:00,162.769,162.769,162.769,162.769,0.0,162.74
2024-03-01 01:00:00,162.167,163.03,162.162,162.769,228373.7,162.74
2024-02-29 01:00:00,163.296,163.296,161.69,162.166,294525.72,162.1625
2024-02-28 01:00:00,163.179,163.416,162.759,163.3,206568.87,163.293
2024-02-27 01:00:00,163.386,163.39,162.897,163.179,186608.57,163.1745
2024-02-26 01:00:00,162.836,163.722,162.568,163.389,206110.72,163.3825
2024-02-25 01:00:00,163.093,163.093,162.817,162.838,8209.99,162.831
2024-02-24 01:00:00,162.917,162.917,162.917,162.917,0.0,162.8715
2024-02-23 01:00:00,162.902,163.217,162.689,162.917,200239.23,162.8715
2024-02-22 01:00:00,162.687,163.476,162.657,162.907,272803.88,162.9
2024-02-21 01:00:00,162.133,162.74,161.951,162.689,233770.73,162.6845
2024-02-20 01:00:00,161.939,162.368,161.737,162.137,264948.61,162.1315
2024-02-19 01:00:00,161.928,161.946,161.483,161.94,192335.33,161.9325
2024-02-18 01:00:00,161.995,161.995,161.742,161.929,8181.3,161.923
2024-02-17 01:00:00,161.904,161.904,161.904,161.904,0.0,161.882
2024-02-16 01:00:00,161.556,161.96,161.517,161.904,251271.8,161.882
2024-02-15 01:00:00,161.584,161.653,160.921,161.556,272398.98,161.5515
2024-02-14 01:00:00,161.415,161.598,160.961,161.586,297143.52,161.58
2024-02-13 01:00:00,160.943,161.637,160.789,161.415,292139.63,161.4065
2024-02-12 01:00:00,161.095,161.108,160.387,160.944,258225.63,160.9395
2024-02-11 01:00:00,161.121,161.121,160.848,161.094,13568.59,161.087
2024-02-10 01:00:00,161.046,161.046,161.046,161.046,0.0,161.0
2024-02-09 01:00:00,160.885,161.27,160.776,161.046,262245.29,161.0
2024-02-08 01:00:00,159.591,161.0,159.471,160.883,279162.68,160.878
2024-02-07 01:00:00,159.021,159.74,159.007,159.589,308098.76,159.582
2024-02-06 01:00:00,159.69,159.875,158.923,159.018,293593.07,159.013
2024-02-05 01:00:00,160.105,160.283,159.39,159.69,295373.09,159.6855
2024-02-04 01:00:00,160.145,160.226,160.001,160.105,14640.13,160.0965
2024-02-03 01:00:00,160.126,160.126,160.126,160.126,0.0,160.0765
2024-02-02 01:00:00,159.271,160.268,159.052,160.126,325234.96,160.0765
2024-02-01 01:00:00,158.837,159.328,158.089,159.273,383507.52,159.2665
2024-01-31 01:00:00,159.766,160.277,158.572,158.833,432822.02,158.8265
2024-01-30 01:00:00,159.791,160.345,159.222,159.765,297723.05,159.758
2024-01-29 01:00:00,160.677,160.847,159.426,159.791,249107.04,159.7865
2024-01-28 01:00:00,160.653,160.735,160.549,160.68,12061.6,160.668
2024-01-27 01:00:00,160.818,160.818,160.818,160.818,0.0,160.8
2024-01-26 01:00:00,160.223,160.933,159.838,160.818,277740.33,160.8
2024-01-25 01:00:00,160.6,160.976,159.704,160.223,312820.13,160.2185
2024-01-24 01:00:00,160.953,160.977,159.985,160.601,347870.71,160.595
2024-01-23 01:00:00,161.147,161.731,160.431,160.962,329598.38,160.9565
2024-01-22 01:00:00,161.351,161.526,160.761,161.146,277711.0,161.142
2024-01-21 01:00:00,161.642,161.65,161.32,161.351,10067.97,161.345
2024-01-20 01:00:00,161.478,161.478,161.478,161.478,0.0,161.4605
2024-01-19 01:00:00,161.163,161.874,160.82,161.478,267948.28,161.4605
2024-01-18 01:00:00,161.269,161.396,160.651,161.162,294941.26,161.157
2024-01-17 01:00:00,160.183,161.303,160.029,161.271,325812.89,161.2645
2024-01-16 01:00:00,159.576,160.227,159.246,160.188,312226.93,160.183
2024-01-15 01:00:00,158.874,159.841,158.82,159.576,231867.29,159.5705
2024-01-14 01:00:00,158.741,158.897,158.673,158.877,7143.91,158.869
2024-01-13 01:00:00,158.705,158.705,158.705,158.705,0.0,158.697
2024-01-12 01:00:00,159.366,159.579,158.549,158.705,321830.76,158.697
2024-01-11 01:00:00,159.932,160.188,159.091,159.368,358381.57,159.361
2024-01-10 01:00:00,157.899,160.012,157.885,159.931,254090.38,159.9245
2024-01-09 01:00:00,157.929,158.008,157.212,157.9,284022.56,157.8945
2024-01-08 01:00:00,158.364,158.494,157.691,157.929,280413.14,157.9245
2024-01-07 01:00:00,158.391,158.497,158.241,158.359,6865.58,158.349
2024-01-06 01:00:00,158.282,158.282,158.282,158.282,0.0,158.265
2024-01-05 01:00:00,158.49,159.002,158.054,158.282,314475.06,158.265
2024-01-04 01:00:00,156.247,158.597,156.077,158.492,365863.48,158.4865
2024-01-03 01:00:00,155.572,156.793,155.337,156.248,389731.91,156.243
2024-01-02 01:00:00,155.753,156.347,155.074,155.57,376964.86,155.5635
2024-01-01 01:00:00,155.695,155.783,155.463,155.754,8995.38,155.7475
2023-12-31 01:00:00,155.688,155.688,155.688,155.688,0.0,155.658
2023-12-30 01:00:00,155.688,155.688,155.688,155.688,0.0,155.658
2023-12-29 01:00:00,156.569,156.955,155.647,155.688,344955.16,155.658
2023-12-28 01:00:00,157.133,157.476,155.841,156.568,358798.49,156.559
2023-12-27 01:00:00,157.345,158.397,157.067,157.133,317155.03,157.1265
2023-12-26 01:00:00,156.747,157.375,156.592,157.348,191665.54,157.3435
2023-12-25 01:00:00,156.976,157.2,156.359,156.747,8925.07,156.7385
2023-12-24 01:00:00,157.042,157.042,156.97,156.97,19.2,156.8515
2023-12-23 01:00:00,156.871,156.871,156.871,156.871,0.0,156.854
2023-12-22 01:00:00,156.318,156.999,156.135,156.871,383861.28,156.854
2023-12-21 01:00:00,157.053,157.129,156.137,156.321,415305.28,156.312
2023-12-20 01:00:00,158.033,158.133,156.793,157.052,405494.43,157.0435
2023-12-19 01:00:00,155.863,158.579,155.394,158.027,452854.88,158.019
2023-12-18 01:00:00,155.07,156.314,154.879,155.874,377444.29,155.868
2023-12-17 01:00:00,154.956,155.104,154.879,155.077,10505.47,155.0685
2023-12-16 01:00:00,154.913,154.913,154.913,154.913,0.0,154.8925
2023-12-15 01:00:00,156.422,156.504,154.409,154.913,474950.0,154.8925
2023-12-14 01:00:00,155.404,156.491,153.869,156.424,601959.02,156.417
2023-12-13 01:00:00,156.908,157.487,154.652,155.404,443961.39,155.397
2023-12-12 01:00:00,157.237,157.307,156.505,156.91,375281.61,156.9005
2023-12-11 01:00:00,156.095,157.69,156.016,157.234,385857.93,157.226
2023-12-10 01:00:00,156.077,156.18,155.925,156.094,13115.94,156.0865
2023-12-09 01:00:00,156.043,156.043,156.043,156.043,0.0,156.024
2023-12-08 01:00:00,155.643,156.1,153.879,156.043,516530.88,156.024
2023-12-07 01:00:00,158.467,158.481,153.178,155.643,489524.98,155.638
2023-12-06 01:00:00,158.867,159.128,158.385,158.469,327625.15,158.4625
2023-12-05 01:00:00,159.642,159.729,158.584,158.865,358044.42,158.8605
2023-12-04 01:00:00,159.337,159.851,158.716,159.645,375867.01,159.6425
2023-12-03 01:00:00,159.728,159.906,159.288,159.338,23380.36,159.332
2023-12-02 01:00:00,159.774,159.774,159.774,159.774,0.0,159.7505
2023-12-01 01:00:00,161.203,161.784,159.651,159.774,374785.97,159.7505
2023-11-30 01:00:00,161.381,161.949,160.597,161.207,375863.66,161.2025
2023-11-29 01:00:00,161.837,162.26,161.143,161.381,377675.12,161.374
2023-11-28 01:00:00,162.656,162.935,161.751,161.837,348930.27,161.831
2023-11-27 01:00:00,163.641,163.65,162.544,162.657,306970.51,162.6525
2023-11-26 01:00:00,163.621,163.733,163.601,163.643,6132.19,163.635
2023-11-25 01:00:00,163.616,163.616,163.616,163.616,0.0,163.4765
2023-11-24 01:00:00,163.167,163.699,162.731,163.616,212389.31,163.4765
2023-11-23 01:00:00,162.743,163.201,162.445,163.171,207727.03,163.1645
2023-11-22 01:00:00,161.764,162.945,161.692,162.744,317626.67,162.7365
2023-11-21 01:00:00,162.413,162.435,161.253,161.765,355414.21,161.758
2023-11-20 01:00:00,163.547,163.568,161.784,162.412,341531.11,162.405
2023-11-19 01:00:00,163.411,163.556,163.224,163.553,7898.77,163.547
2023-11-18 01:00:00,163.344,163.344,163.344,163.344,0.0,163.319
2023-11-17 01:00:00,163.564,163.614,162.16,163.344,285935.79,163.319
2023-11-16 01:00:00,164.136,164.308,163.256,163.562,290664.92,163.5575
2023-11-15 01:00:00,163.7,164.256,163.076,164.135,265208.55,164.128
2023-11-14 01:00:00,162.289,163.822,162.232,163.701,212386.21,163.6965
2023-11-13 01:00:00,161.93,162.45,161.545,162.298,173144.66,162.29
2023-11-12 01:00:00,161.939,161.952,161.856,161.932,5060.95,161.9255
2023-11-11 01:00:00,161.932,161.932,161.932,161.932,0.0,161.906
2023-11-10 01:00:00,161.448,161.95,161.362,161.932,196752.3,161.906
2023-11-09 01:00:00,161.588,161.804,161.372,161.45,234463.36,161.4425
2023-11-08 01:00:00,160.864,161.738,160.705,161.588,200031.76,161.583
2023-11-07 01:00:00,160.768,161.037,160.436,160.866,191436.85,160.8605
2023-11-06 01:00:00,160.392,160.988,160.337,160.77,183609.62,160.766
2023-11-05 01:00:00,160.289,160.436,160.212,160.395,4693.71,160.3905
2023-11-04 01:00:00,160.303,160.303,160.303,160.303,0.0,160.278
2023-11-03 01:00:00,159.77,160.408,159.602,160.303,218243.62,160.278
2023-11-02 01:00:00,159.423,160.087,159.076,159.772,225593.8,159.7635
2023-11-01 01:00:00,160.093,160.142,159.074,159.424,254738.02,159.42
2023-10-31 01:00:00,158.263,160.863,158.235,160.095,270120.71,160.09
2023-10-28 02:00:00,158.147,158.147,158.147,158.147,0.0,158.108
2023-10-27 02:00:00,158.856,158.866,157.891,158.147,219274.68,158.108
2023-10-26 02:00:00,158.604,158.998,158.026,158.855,248214.16,158.8485
2023-10-25 02:00:00,158.782,158.947,158.411,158.605,196221.03,158.5985
2023-10-24 02:00:00,159.815,159.924,158.54,158.781,208169.62,158.7745
2023-10-23 02:00:00,158.73,159.844,158.512,159.815,194739.38,159.81
2023-10-22 02:00:00,158.898,158.92,158.666,158.73,7923.21,158.726
2023-10-21 02:00:00,158.799,158.799,158.799,158.799,0.0,158.757
2023-10-20 02:00:00,158.598,158.936,158.346,158.799,215713.89,158.757
2023-10-19 02:00:00,157.835,158.942,157.689,158.598,267994.99,158.5935
2023-10-18 02:00:00,158.344,158.552,157.691,157.839,238981.72,157.832
2023-10-17 02:00:00,157.88,158.63,157.139,158.348,223183.21,158.3415
2023-10-16 02:00:00,157.379,158.057,157.194,157.882,213054.88,157.8745
2023-10-15 02:00:00,157.225,157.425,157.135,157.38,15327.24,157.373
2023-10-14 02:00:00,157.203,157.203,157.203,157.203,0.0,157.167
2023-10-13 02:00:00,157.819,158.057,157.055,157.203,260879.82,157.167
2023-10-12 02:00:00,158.339,158.619,157.653,157.817,254931.51,157.811
2023-10-11 02:00:00,157.615,158.488,157.531,158.341,267641.82,158.332
2023-10-10 02:00:00,156.926,157.982,156.773,157.621,272845.91,157.6125
2023-10-09 02:00:00,157.601,157.71,156.518,156.925,276992.54,156.9185
2023-10-08 02:00:00,157.328,157.658,157.323,157.606,21823.63,157.599
2023-10-07 02:00:00,158.113,158.113,158.113,158.113,0.0,158.0775
2023-10-06 02:00:00,156.597,158.27,156.534,158.113,287652.64,158.0775
2023-10-05 02:00:00,156.545,156.794,156.096,156.598,305863.77,156.5905
2023-10-04 02:00:00,156.18,156.775,155.834,156.545,281688.07,156.5385
2023-10-03 02:00:00,157.067,157.223,154.401,156.18,270046.1,156.1725
2023-10-02 02:00:00,157.972,158.482,156.994,157.066,257256.03,157.058
2023-10-01 02:00:00,158.226,158.255,157.869,157.971,15939.21,157.965
2023-09-30 02:00:00,157.944,157.944,157.944,157.944,0.0,157.9175
2023-09-29 02:00:00,157.737,158.347,157.405,157.944,255409.81,157.9175
2023-09-28 02:00:00,157.06,157.873,156.715,157.736,256163.62,157.729
2023-09-27 02:00:00,157.547,157.625,156.953,157.06,235975.12,157.053
2023-09-26 02:00:00,157.631,157.933,157.326,157.546,239757.57,157.538
2023-09-25 02:00:00,158.063,158.184,157.492,157.634,208005.91,157.6265
2023-09-24 02:00:00,158.074,158.094,157.917,158.061,10493.57,158.056
2023-09-23 02:00:00,157.979,157.979,157.979,157.979,0.0,157.9625
2023-09-22 02:00:00,157.411,158.291,157.126,157.979,249055.32,157.9625
2023-09-21 02:00:00,157.967,158.076,157.038,157.408,256929.8,157.4
2023-09-20 02:00:00,157.836,158.456,157.809,157.972,249441.34,157.9645
2023-09-19 02:00:00,157.836,158.284,157.776,157.835,207701.1,157.829
2023-09-18 02:00:00,157.751,157.944,157.354,157.84,208327.63,157.833
2023-09-17 02:00:00,157.614,157.764,157.574,157.75,7308.84,157.7445
2023-09-16 02:00:00,157.647,157.647,157.647,157.647,0.0,157.599
2023-09-15 02:00:00,156.842,157.905,156.731,157.647,232824.96,157.599
2023-09-14 02:00:00,158.139,158.462,156.643,156.844,250607.34,156.836
2023-09-13 02:00:00,158.257,158.662,158.01,158.142,241548.61,158.1355
2023-09-12 02:00:00,157.644,158.376,157.186,158.255,208330.96,158.2485
2023-09-11 02:00:00,157.679,157.709,156.588,157.642,290344.74,157.6365
2023-09-10 02:00:00,157.746,157.785,157.193,157.677,19419.09,157.6705
2023-09-09 02:00:00,158.183,158.183,158.183,158.183,0.0,158.1575
2023-09-08 02:00:00,157.619,158.398,157.016,158.183,258501.62,158.1575
2023-09-07 02:00:00,158.418,158.53,157.37,157.622,234502.69,157.6135
2023-09-06 02:00:00,158.152,158.473,157.778,158.416,238734.2,158.409
2023-09-05 02:00:00,158.143,158.537,157.81,158.151,238822.14,158.1455
2023-09-04 02:00:00,157.405,158.256,157.365,158.143,143350.22,158.1375
2023-09-03 02:00:00,157.697,157.716,157.343,157.407,7111.95,157.3995
2023-09-02 02:00:00,157.611,157.611,157.611,157.611,0.0,157.5625
2023-09-01 02:00:00,157.752,157.996,157.061,157.611,244759.0,157.5625
2023-08-31 02:00:00,159.675,159.747,157.625,157.752,264515.08,157.745
2023-08-30 02:00:00,158.679,159.796,158.555,159.677,281210.04,159.669
2023-08-29 02:00:00,158.561,159.072,158.251,158.679,272520.77,158.673
2023-08-28 02:00:00,158.237,158.626,158.181,158.561,230395.36,158.554
2023-08-27 02:00:00,158.179,158.339,158.097,158.236,9809.14,158.2265
2023-08-26 02:00:00,158.138,158.138,158.138,158.138,0.0,158.1115
2023-08-25 02:00:00,157.729,158.253,157.237,158.138,318621.75,158.1115
2023-08-24 02:00:00,157.215,158.053,157.21,157.729,323429.7,157.7215
2023-08-23 02:00:00,158.129,158.386,156.877,157.212,357123.34,157.206
2023-08-22 02:00:00,159.384,159.495,158.078,158.129,307241.51,158.1215
2023-08-21 02:00:00,158.051,159.405,157.805,159.384,309830.08,159.379
2023-08-20 02:00:00,158.203,158.268,157.975,158.055,12593.86,158.047
2023-08-19 02:00:00,158.075,158.075,158.075,158.075,0.0,158.061
2023-08-18 02:00:00,158.458,158.554,157.665,158.075,384453.01,158.061
2023-08-17 02:00:00,159.145,159.303,158.264,158.457,394497.94,158.4495
2023-08-16 02:00:00,158.791,159.412,158.64,159.145,369644.57,159.137
2023-08-15 02:00:00,158.645,159.342,158.543,158.788,367708.67,158.7815
2023-08-14 02:00:00,158.523,158.895,158.201,158.647,369778.16,158.6395
2023-08-13 02:00:00,158.891,158.894,158.508,158.523,13221.91,158.52
2023-08-12 02:00:00,158.713,158.713,158.713,158.713,0.0,158.6955
2023-08-11 02:00:00,159.085,159.23,158.597,158.713,344094.79,158.6955
2023-08-10 02:00:00,157.78,159.22,157.699,159.086,371958.57,159.0775
2023-08-09 02:00:00,157.035,157.904,156.922,157.78,356685.3,157.7715
2023-08-08 02:00:00,156.84,157.753,156.351,157.039,385047.34,157.031
2023-08-07 02:00:00,156.105,156.878,155.815,156.84,289573.93,156.832
2023-08-06 02:00:00,156.241,156.258,156.071,156.106,18595.11,156.0975
2023-08-05 02:00:00,156.084,156.084,156.084,156.084,0.0,156.058
2023-08-04 02:00:00,156.178,156.637,155.907,156.084,370135.79,156.058
2023-08-03 02:00:00,156.88,157.243,155.541,156.178,437676.87,156.1705
2023-08-02 02:00:00,157.379,157.504,156.263,156.889,343678.17,156.882
2023-08-01 02:00:00,156.524,157.532,156.471,157.381,261985.17,157.372
2023-07-31 02:00:00,155.179,157.293,155.122,156.524,271605.37,156.515
2023-07-30 02:00:00,155.459,155.608,155.175,155.179,17089.28,155.1695
2023-07-29 02:00:00,155.542,155.542,155.542,155.542,0.0,155.4935
2023-07-28 02:00:00,152.472,155.614,151.423,155.542,383149.55,155.4935
2023-07-27 02:00:00,155.511,156.243,152.199,152.469,325798.62,152.458
2023-07-26 02:00:00,155.719,155.996,155.154,155.511,252534.12,155.505
2023-07-25 02:00:00,156.597,156.896,155.623,155.719,224037.25,155.7125
2023-07-24 02:00:00,157.703,157.793,156.246,156.598,242362.18,156.59
2023-07-23 02:00:00,157.759,157.873,157.617,157.703,8856.82,157.6955
2023-07-22 02:00:00,157.815,157.815,157.815,157.815,0.0,157.78
2023-07-21 02:00:00,155.721,158.059,155.592,157.815,230900.54,157.78
2023-07-20 02:00:00,156.442,156.629,155.667,155.721,232421.45,155.7165
2023-07-19 02:00:00,156.106,157.214,155.944,156.443,243631.09,156.437
2023-07-18 02:00:00,155.893,156.268,154.883,156.111,245830.41,156.1035
2023-07-17 02:00:00,155.718,156.348,155.105,155.899,200134.23,155.892
2023-07-16 02:00:00,155.961,156.087,155.695,155.719,9745.43,155.711
2023-07-15 02:00:00,155.875,155.875,155.875,155.875,0.0,155.8475
2023-07-14 02:00:00,154.97,156.151,154.18,155.875,313006.35,155.8475
2023-07-13 02:00:00,154.118,155.142,153.89,154.973,309441.33,154.969
2023-07-12 02:00:00,154.339,154.371,153.495,154.118,337536.91,154.112
2023-07-11 02:00:00,155.518,155.677,154.183,154.338,307700.02,154.3315
2023-07-10 02:00:00,155.973,156.682,155.333,155.518,287306.71,155.5125
2023-07-09 02:00:00,155.984,156.065,155.9,155.973,16428.13,155.9675
2023-07-08 02:00:00,155.88,155.88,155.88,155.88,0.0,155.8625
2023-07-07 02:00:00,156.794,156.937,155.392,155.88,325530.75,155.8625
2023-07-06 02:00:00,156.863,157.223,155.849,156.793,312839.76,156.7875
2023-07-05 02:00:00,157.163,157.729,156.74,156.863,240830.98,156.8585
2023-07-04 02:00:00,157.808,157.809,157.121,157.163,182469.76,157.157
2023-07-03 02:00:00,157.516,157.964,157.262,157.807,261212.47,157.8005
2023-07-02 02:00:00,157.57,157.684,157.446,157.513,11744.37,157.507
2023-07-01 02:00:00,157.464,157.464,157.464,157.464,0.0,157.45
2023-06-30 02:00:00,157.363,157.887,156.698,157.464,284182.0,157.45
2023-06-29 02:00:00,157.614,157.928,157.222,157.363,314897.57,157.356
2023-06-28 02:00:00,157.665,158.003,157.234,157.612,294444.86,157.6065
2023-06-27 02:00:00,156.527,157.977,156.399,157.665,299146.57,157.657
2023-06-26 02:00:00,156.56,156.732,155.757,156.527,312950.44,156.5215
2023-06-25 02:00:00,156.697,156.74,156.446,156.556,18181.17,156.551
2023-06-24 02:00:00,156.638,156.638,156.638,156.638,0.0,156.595
2023-06-23 02:00:00,156.707,156.836,155.064,156.638,328968.71,156.595
2023-06-22 02:00:00,155.747,157.044,155.617,156.706,300181.12,156.7005
2023-06-21 02:00:00,154.345,156.012,154.344,155.748,324422.24,155.7415
2023-06-20 02:00:00,155.019,155.385,154.052,154.347,282741.45,154.342
2023-06-19 02:00:00,155.204,155.304,154.654,155.013,190161.26,155.007
2023-06-18 02:00:00,155.174,155.337,155.091,155.204,14047.09,155.1995
2023-06-17 02:00:00,155.252,155.252,155.252,155.252,0.0,155.2295
2023-06-16 02:00:00,153.537,155.277,153.099,155.252,314249.58,155.2295
2023-06-15 02:00:00,151.773,153.693,151.753,153.539,310258.57,153.5325
2023-06-14 02:00:00,151.219,151.976,150.927,151.773,287594.66,151.769
2023-06-13 02:00:00,150.097,151.416,150.039,151.221,267025.68,151.2155
2023-06-12 02:00:00,149.832,150.352,149.673,150.096,230284.96,150.0905
2023-06-11 02:00:00,149.971,149.99,149.766,149.835,10900.07,149.829
2023-06-10 02:00:00,149.834,149.834,149.834,149.834,0.0,149.797
2023-06-09 02:00:00,149.751,150.447,149.718,149.834,214531.18,149.797
2023-06-08 02:00:00,149.816,150.051,149.595,149.749,239253.75,149.7435
2023-06-07 02:00:00,149.279,150.047,148.641,149.817,242114.59,149.8115
2023-06-06 02:00:00,149.339,149.705,148.83,149.277,239499.08,149.2725
2023-06-05 02:00:00,149.997,150.204,149.21,149.339,243390.87,149.334
2023-06-04 02:00:00,150.04,150.041,149.898,149.995,14427.56,149.99
2023-06-03 02:00:00,149.885,149.885,149.885,149.885,0.0,149.865
2023-06-02 02:00:00,149.307,149.97,149.258,149.885,240441.99,149.865
2023-06-01 02:00:00,148.79,149.687,148.687,149.306,275906.18,149.3
2023-05-31 02:00:00,150.03,150.11,148.596,148.789,306381.93,148.784
2023-05-30 02:00:00,150.41,150.634,149.739,150.029,299302.85,150.0225
2023-05-29 02:00:00,151.062,151.062,150.101,150.411,170014.37,150.404
2023-05-28 02:00:00,150.92,151.081,150.759,151.062,22038.4,151.0545
2023-05-27 02:00:00,150.905,150.905,150.905,150.905,0.0,150.8575
2023-05-26 02:00:00,150.162,150.94,149.804,150.905,261151.57,150.8575
2023-05-25 02:00:00,149.833,150.354,149.357,150.162,326955.26,150.155
2023-05-24 02:00:00,149.285,149.977,148.847,149.831,317775.78,149.8225
2023-05-23 02:00:00,149.912,150.065,149.11,149.285,306519.43,149.2785
2023-05-22 02:00:00,149.017,150.023,148.847,149.912,312903.39,149.9045
2023-05-21 02:00:00,149.302,149.302,148.898,149.019,13166.44,149.014
2023-05-20 02:00:00,149.09,149.09,149.09,149.09,0.0,149.04
2023-05-19 02:00:00,149.376,149.807,148.723,149.09,335664.76,149.04
2023-05-18 02:00:00,149.141,149.489,148.78,149.378,323053.24,149.371
2023-05-17 02:00:00,148.238,149.294,148.135,149.141,329532.43,149.137
2023-05-16 02:00:00,147.925,148.503,147.611,148.238,331852.82,148.233
2023-05-15 02:00:00,147.417,148.182,147.349,147.924,309877.44,147.919
2023-05-14 02:00:00,147.48,147.55,147.254,147.417,21526.46,147.4125
2023-05-13 02:00:00,147.314,147.314,147.314,147.314,0.0,147.2795
2023-05-12 02:00:00,146.768,147.478,146.668,147.314,236683.02,147.2795
2023-05-11 02:00:00,147.291,147.519,146.139,146.768,295765.64,146.7635
2023-05-10 02:00:00,148.349,148.678,147.046,147.29,268452.07,147.2835
2023-05-09 02:00:00,148.557,148.699,147.89,148.353,237174.42,148.3465
2023-05-08 02:00:00,148.971,149.274,148.461,148.558,212315.4,148.551
2023-05-07 02:00:00,148.673,149.098,148.634,148.97,13614.13,148.9635
2023-05-06 02:00:00,148.595,148.595,148.595,148.595,0.0,148.5715
2023-05-05 02:00:00,147.89,148.709,147.691,148.595,269800.42,148.5715
2023-05-04 02:00:00,148.953,149.211,147.134,147.895,408817.23,147.8885
2023-05-03 02:00:00,150.309,150.398,148.841,148.952,371932.56,148.945
2023-05-02 02:00:00,150.903,151.619,149.837,150.311,312282.03,150.3045
2023-05-01 02:00:00,150.239,151.107,150.107,150.904,248860.02,150.897
2023-04-30 02:00:00,150.273,150.375,150.037,150.244,17544.68,150.2385
2023-04-29 02:00:00,150.102,150.102,150.102,150.102,0.0,150.055
2023-04-28 02:00:00,147.533,150.437,146.921,150.102,376983.25,150.055
2023-04-27 02:00:00,147.404,147.998,147.148,147.532,300787.06,147.527
2023-04-26 02:00:00,146.796,147.927,146.465,147.405,320736.4,147.398
2023-04-25 02:00:00,148.267,148.639,146.293,146.795,248310.49,146.79
2023-04-24 02:00:00,147.26,148.48,147.129,148.269,212232.56,148.2625
2023-04-23 02:00:00,147.418,147.564,147.252,147.262,9346.88,147.256
2023-04-22 02:00:00,147.427,147.427,147.427,147.427,0.0,147.39
2023-04-21 02:00:00,146.971,147.571,146.412,147.427,215821.07,147.39
2023-04-20 02:00:00,147.546,147.842,146.932,146.973,243263.32,146.9655
2023-04-19 02:00:00,147.117,147.869,147.067,147.545,237109.52,147.5395
2023-04-18 02:00:00,146.895,147.39,146.725,147.12,229790.36,147.1145
2023-04-17 02:00:00,147.183,147.462,146.67,146.897,237473.51,146.8905
2023-04-16 02:00:00,147.141,147.202,146.969,147.183,15858.6,147.1795
2023-04-15 02:00:00,147.127,147.127,147.127,147.127,0.0,147.0935
2023-04-14 02:00:00,146.436,147.161,146.247,147.127,243987.2,147.0935
2023-04-13 02:00:00,146.366,146.892,146.084,146.434,244419.49,146.4285
2023-04-12 02:00:00,145.848,146.677,145.793,146.365,267648.4,146.36
2023-04-11 02:00:00,145.076,145.977,144.886,145.847,249484.39,145.842
2023-04-10 02:00:00,144.178,145.198,144.068,145.078,234160.34,145.07
2023-04-09 02:00:00,144.176,144.256,143.819,144.176,14082.02,144.1695
2023-04-08 02:00:00,144.223,144.223,144.223,144.223,0.0,144.086
2023-04-07 02:00:00,143.773,144.27,143.598,144.223,209626.89,144.086
2023-04-06 02:00:00,142.734,144.014,142.557,143.775,228026.57,143.7675
2023-04-05 02:00:00,143.945,144.45,142.65,142.734,321282.63,142.7275
2023-04-04 02:00:00,144.326,145.441,143.918,143.949,287921.81,143.942
2023-04-03 02:00:00,144.067,144.948,143.634,144.323,307559.5,144.3195
2023-04-02 02:00:00,144.641,144.682,143.958,144.069,30989.07,144.06
2023-04-01 02:00:00,143.987,143.987,143.987,143.987,0.0,143.9515
2023-03-31 02:00:00,145.254,145.68,143.893,143.987,291952.53,143.9515
2023-03-30 02:00:00,143.734,145.332,143.14,145.256,284128.58,145.2515
2023-03-29 02:00:00,142.057,144.12,142.014,143.731,281646.2,143.7235
2023-03-28 02:00:00,141.832,142.158,141.052,142.056,288621.3,142.048
2023-03-27 02:00:00,141.034,142.228,140.582,141.833,292945.57,141.8265
2023-03-26 01:00:00,140.76,141.089,140.611,141.033,21491.9,141.0245
2023-03-25 01:00:00,140.689,140.689,140.689,140.689,0.0,140.6435
2023-03-24 01:00:00,141.806,141.843,139.079,140.689,410875.45,140.6435
2023-03-23 01:00:00,142.591,143.206,141.166,141.801,414091.2,141.7935
2023-03-22 01:00:00,142.641,143.634,142.312,142.596,370307.18,142.587
2023-03-21 01:00:00,140.848,142.799,140.429,142.645,356289.07,142.6375
2023-03-20 01:00:00,141.291,141.759,138.831,140.846,522502.88,140.839
2023-03-19 01:00:00,141.041,141.385,140.734,141.292,31760.88,141.2825
2023-03-18 01:00:00,140.65,140.65,140.65,140.65,0.0,140.6075
2023-03-17 01:00:00,141.57,142.228,140.168,140.65,449105.04,140.6075
2023-03-16 01:00:00,140.649,142.007,139.146,141.57,534367.09,141.5585
2023-03-15 01:00:00,144.217,144.971,139.484,140.647,592914.2,140.64
2023-03-14 01:00:00,142.726,144.416,142.543,144.216,493355.39,144.208
2023-03-13 01:00:00,144.18,144.396,141.375,142.716,625987.35,142.707
2023-03-12 01:00:00,143.811,144.224,142.972,144.179,37041.43,144.166
2023-03-11 01:00:00,143.719,143.719,143.719,143.719,0.0,143.669
2023-03-10 01:00:00,144.374,145.114,143.354,143.719,459334.99,143.669
2023-03-09 01:00:00,144.768,144.804,143.624,144.375,297080.36,144.3625
2023-03-08 01:00:00,144.937,145.238,144.246,144.768,307175.96,144.76
2023-03-07 01:00:00,145.322,145.451,144.565,144.936,345379.74,144.927
2023-03-06 01:00:00,144.545,145.388,144.118,145.322,283573.83,145.317
2023-03-05 01:00:00,144.566,144.609,144.37,144.544,17510.63,144.532
2023-03-04 01:00:00,144.488,144.488,144.488,144.488,0.0,144.463
2023-03-03 01:00:00,144.912,145.05,144.3,144.488,282072.45,144.463
2023-03-02 01:00:00,145.306,145.577,144.704,144.912,322183.16,144.903
2023-03-01 01:00:00,144.22,145.372,144.041,145.305,362756.61,145.2965
2023-02-28 01:00:00,144.635,145.481,143.882,144.22,307135.9,144.2115
2023-02-27 01:00:00,143.98,144.655,143.572,144.636,283044.92,144.63
2023-02-26 01:00:00,143.986,144.044,143.793,143.98,7412.07,143.9735
2023-02-25 01:00:00,143.942,143.942,143.942,143.942,0.0,143.924
2023-02-24 01:00:00,142.677,144.016,142.159,143.942,355795.68,143.924
2023-02-23 01:00:00,143.11,143.525,142.382,142.676,273442.79,142.669
2023-02-22 01:00:00,143.815,143.902,143.012,143.11,326081.99,143.1035
2023-02-21 01:00:00,143.51,144.169,143.18,143.818,291947.6,143.812
2023-02-20 01:00:00,143.512,143.665,143.035,143.509,242503.5,143.5065
2023-02-19 01:00:00,143.629,143.659,143.465,143.511,18348.09,143.503
2023-02-18 01:00:00,143.483,143.483,143.483,143.483,0.0,143.467
2023-02-17 01:00:00,143.003,143.678,142.965,143.483,293082.52,143.467
2023-02-16 01:00:00,143.174,143.454,142.864,143.006,367844.59,142.9975
2023-02-15 01:00:00,142.78,143.497,142.354,143.174,335875.31,143.165
2023-02-14 01:00:00,142.022,143.029,141.531,142.78,422103.45,142.7725
2023-02-13 01:00:00,140.472,142.388,140.375,142.022,307666.77,142.0145
2023-02-12 01:00:00,140.466,140.554,140.317,140.472,18370.43,140.4645
2023-02-11 01:00:00,140.293,140.293,140.293,140.293,0.0,140.252
2023-02-10 01:00:00,141.248,141.516,139.564,140.293,387589.18,140.252
2023-02-09 01:00:00,140.805,141.4,140.472,141.248,308849.18,141.241
2023-02-08 01:00:00,140.644,141.034,140.301,140.805,334126.19,140.7985
2023-02-07 01:00:00,142.3,142.333,140.292,140.642,528906.86,140.6355
2023-02-06 01:00:00,142.491,142.826,142.001,142.302,347244.94,142.296
2023-02-05 01:00:00,142.921,142.932,142.001,142.491,21643.46,142.4835
2023-02-04 01:00:00,141.623,141.623,141.623,141.623,0.0,141.6045
2023-02-03 01:00:00,140.42,142.355,139.944,141.623,383509.18,141.6045
2023-02-02 01:00:00,141.643,141.954,140.095,140.42,468695.27,140.4135
2023-02-01 01:00:00,141.322,141.843,140.912,141.643,393588.11,141.6325
2023-01-31 01:00:00,141.577,141.601,140.75,141.323,331558.68,141.3155
2023-01-30 01:00:00,141.168,141.983,140.558,141.581,361635.99,141.5745
2023-01-29 01:00:00,140.998,141.178,140.914,141.167,19539.65,141.159
2023-01-28 01:00:00,141.172,141.172,141.172,141.172,0.0,141.143
2023-01-27 01:00:00,141.416,141.586,140.825,141.172,275369.23,141.143
2023-01-26 01:00:00,141.173,141.919,140.88,141.417,319363.31,141.407
2023-01-25 01:00:00,141.809,142.303,140.767,141.174,334506.88,141.166
2023-01-24 01:00:00,141.99,142.211,141.262,141.809,302810.37,141.801
2023-01-23 01:00:00,140.584,142.102,140.477,141.989,328071.36,141.9785
2023-01-22 01:00:00,140.782,140.922,140.542,140.584,15490.67,140.5765
2023-01-21 01:00:00,140.591,140.591,140.591,140.591,0.0,140.5685
2023-01-20 01:00:00,139.086,141.206,139.057,140.591,293184.9,140.5685
2023-01-19 01:00:00,138.81,139.435,137.924,139.087,332852.97,139.077
2023-01-18 01:00:00,138.423,141.7,138.326,138.817,533643.41,138.809
2023-01-17 01:00:00,139.002,139.625,138.209,138.423,389066.9,138.4165
2023-01-16 01:00:00,138.6,139.304,138.244,139.001,302638.21,138.9935
2023-01-15 01:00:00,138.548,138.692,138.422,138.6,12678.04,138.5915
2023-01-14 01:00:00,138.531,138.531,138.531,138.531,0.0,138.498
2023-01-13 01:00:00,140.292,140.387,138.02,138.531,426966.05,138.498
2023-01-12 01:00:00,142.011,142.152,140.023,140.292,460126.72,140.283
2023-01-11 01:00:00,141.869,142.861,141.855,142.012,317052.07,142.0035
2023-01-10 01:00:00,141.402,142.057,141.101,141.875,362511.58,141.8655
2023-01-09 01:00:00,140.553,141.924,140.173,141.401,374386.04,141.392
2023-01-08 01:00:00,140.476,140.836,140.447,140.553,16672.86,140.5435
2023-01-07 01:00:00,140.625,140.625,140.625,140.625,0.0,140.6125
2023-01-06 01:00:00,140.288,141.459,140.276,140.625,373078.88,140.6125
2023-01-05 01:00:00,140.283,141.369,139.97,140.287,413349.42,140.279
2023-01-04 01:00:00,138.473,140.764,137.879,140.289,435781.45,140.282
2023-01-03 01:00:00,139.657,139.753,137.395,138.474,490284.81,138.4645
2023-01-02 01:00:00,140.364,140.405,139.282,139.657,141380.89,139.646
2023-01-01 01:00:00,140.339,140.339,140.329,140.329,4.5,140.1595
2022-12-31 01:00:00,140.384,140.384,140.384,140.384,0.0,140.363
2022-12-30 01:00:00,141.727,141.777,140.003,140.384,372098.96,140.363
2022-12-29 01:00:00,142.477,142.604,141.582,141.727,309626.84,141.7175
2022-12-28 01:00:00,142.003,142.946,141.983,142.478,342332.37,142.469
2022-12-27 01:00:00,141.271,142.279,141.145,142.002,298711.12,141.994
2022-12-26 01:00:00,141.108,141.602,140.339,141.272,137450.0,141.265
2022-12-25 01:00:00,141.125,141.17,140.957,141.1,827.28,141.0365
2022-12-24 01:00:00,140.991,140.991,140.991,140.991,0.0,140.9715
2022-12-23 01:00:00,140.344,141.219,140.213,140.991,312946.32,140.9715
2022-12-22 01:00:00,140.457,140.665,139.967,140.344,412901.3,140.3295
2022-12-21 01:00:00,140.148,140.779,139.669,140.457,436622.38,140.449
2022-12-20 01:00:00,145.369,145.848,138.814,140.148,606602.59,140.1385
2022-12-19 01:00:00,144.568,145.502,144.009,145.369,393466.12,145.361
2022-12-18 01:00:00,144.025,144.59,143.993,144.568,28455.56,144.556
2022-12-17 01:00:00,144.765,144.765,144.765,144.765,0.0,144.75
2022-12-16 01:00:00,146.553,146.607,144.623,144.765,389000.08,144.75
2022-12-15 01:00:00,144.52,146.74,144.307,146.554,459421.76,146.5475
2022-12-14 01:00:00,144.054,144.766,143.491,144.529,454568.5,144.521
2022-12-13 01:00:00,144.968,145.354,143.531,144.055,473238.46,144.0465
2022-12-12 01:00:00,143.861,145.126,143.729,144.968,387309.72,144.9595
2022-12-11 01:00:00,143.91,144.079,143.838,143.856,15470.22,143.8455
2022-12-10 01:00:00,143.873,143.873,143.873,143.873,0.0,143.829
2022-12-09 01:00:00,144.243,144.479,143.179,143.873,411533.88,143.829
2022-12-08 01:00:00,143.378,144.376,143.261,144.245,404979.0,144.2365
2022-12-07 01:00:00,143.301,144.587,143.177,143.377,459843.93,143.366
2022-12-06 01:00:00,143.376,144.004,143.103,143.301,437243.02,143.2885
2022-12-05 01:00:00,141.802,143.627,141.764,143.376,467875.53,143.3665
2022-12-04 01:00:00,141.936,141.936,141.581,141.802,14652.48,141.7915
2022-12-03 01:00:00,141.469,141.469,141.469,141.469,0.0,141.4475
2022-12-02 01:00:00,142.304,142.49,140.774,141.469,473711.63,141.4475
2022-12-01 01:00:00,143.189,143.376,141.915,142.304,522928.34,142.2925
2022-11-30 01:00:00,143.255,144.854,143.136,143.189,524385.93,143.179
2022-11-29 01:00:00,143.502,144.031,143.025,143.255,441221.58,143.245
2022-11-28 01:00:00,144.506,145.013,143.055,143.504,457362.26,143.494
2022-11-27 01:00:00,144.723,144.74,144.47,144.508,11077.71,144.4945
2022-11-26 01:00:00,144.819,144.819,144.819,144.819,0.0,144.6585
2022-11-25 01:00:00,144.269,145.159,144.127,144.819,326638.63,144.6585
2022-11-24 01:00:00,145.08,145.204,143.662,144.269,348203.99,144.257
2022-11-23 01:00:00,145.556,146.157,144.645,145.08,397587.47,145.0695
2022-11-22 01:00:00,145.588,145.726,144.9,145.556,370288.89,145.5455
2022-11-21 01:00:00,144.939,145.653,144.343,145.588,409890.27,145.578
2022-11-20 01:00:00,144.962,145.08,144.823,144.94,10385.69,144.9255
2022-11-19 01:00:00,144.93,144.93,144.93,144.93,0.0,144.917
2022-11-18 01:00:00,145.508,145.557,144.565,144.93,406948.15,144.917
2022-11-17 01:00:00,144.822,145.533,144.455,145.509,468326.11,145.496
2022-11-16 01:00:00,143.943,145.504,143.876,144.821,550029.85,144.8135
2022-11-15 01:00:00,144.587,145.371,143.363,143.942,616171.17,143.9325
2022-11-14 01:00:00,144.198,145.253,143.483,144.588,531271.4,144.577
2022-11-13 01:00:00,143.901,144.555,143.839,144.197,21596.83,144.187
2022-11-12 01:00:00,143.771,143.771,143.771,143.771,0.0,143.726
2022-11-11 01:00:00,144.461,145.043,142.562,143.771,586450.94,143.726
2022-11-10 01:00:00,146.493,146.753,143.217,144.458,565800.2,144.4545
2022-11-09 01:00:00,146.471,147.116,146.326,146.492,496877.72,146.4825
2022-10-29 02:00:00,146.97,146.97,146.97,146.97,0.0,146.9545
2022-10-28 02:00:00,145.817,147.372,145.759,146.97,477175.11,146.9545
2022-10-27 02:00:00,147.461,147.485,145.564,145.816,514865.17,145.8065
2022-10-26 02:00:00,147.43,147.71,146.968,147.462,523064.7,147.452
2022-10-25 02:00:00,147.177,147.739,146.641,147.43,509562.78,147.4205
2022-10-24 02:00:00,145.593,147.252,145.405,147.177,537326.76,147.1675
2022-10-23 02:00:00,145.925,147.429,143.748,145.58,59688.02,145.56
2022-10-22 02:00:00,145.721,145.721,145.721,145.721,0.0,145.6265
2022-10-21 02:00:00,146.864,148.413,144.128,145.721,540434.71,145.6265
2022-10-20 02:00:00,146.326,147.3,146.26,146.86,507062.78,146.851
2022-10-19 02:00:00,147.176,147.199,146.087,146.328,466104.06,146.3195
2022-10-18 02:00:00,146.653,147.416,145.826,147.177,487626.58,147.1685
2022-10-17 02:00:00,144.775,146.738,144.599,146.655,480909.95,146.65
2022-10-16 02:00:00,144.596,144.801,144.412,144.776,35769.58,144.769
2022-10-15 02:00:00,144.642,144.642,144.642,144.642,0.0,144.617
2022-10-14 02:00:00,143.89,144.852,143.484,144.642,544546.31,144.617
2022-10-13 02:00:00,142.454,144.102,141.761,143.891,554909.82,143.885
2022-10-12 02:00:00,141.536,142.64,141.459,142.455,518378.72,142.448
2022-10-11 02:00:00,141.471,142.207,140.984,141.535,549157.94,141.528
2022-10-10 02:00:00,141.621,141.827,140.905,141.472,443292.92,141.465
2022-10-09 02:00:00,141.583,141.667,141.463,141.616,22077.44,141.6095
2022-10-08 02:00:00,141.609,141.609,141.609,141.609,0.0,141.5835
2022-10-07 02:00:00,142.004,142.226,141.201,141.609,490382.29,141.5835
2022-10-06 02:00:00,143.176,143.466,141.924,142.007,556265.3,141.998
2022-10-05 02:00:00,143.629,144.096,142.447,143.176,587990.0,143.168
2022-10-04 02:00:00,142.132,144.122,142.022,143.632,626548.79,143.6235
2022-10-03 02:00:00,141.825,142.472,141.379,142.132,600769.14,142.1245
2022-10-02 02:00:00,141.913,142.013,141.647,141.823,30517.6,141.814
2022-10-01 02:00:00,141.896,141.896,141.896,141.896,0.0,141.88
2022-09-30 02:00:00,141.971,142.303,140.796,141.896,678211.8,141.88
2022-09-29 02:00:00,140.177,142.103,139.427,141.969,716393.27,141.96
2022-09-28 02:00:00,138.861,140.545,138.067,140.178,752087.11,140.169
2022-09-27 02:00:00,138.99,139.555,138.621,138.862,683510.19,138.8545
2022-09-26 02:00:00,139.027,139.534,137.374,138.988,784424.3,138.9795
2022-09-25 02:00:00,139.043,139.241,138.69,139.028,33980.41,139.02
2022-09-24 02:00:00,138.95,138.95,138.95,138.95,0.0,138.9045
2022-09-23 02:00:00,139.986,140.074,138.674,138.95,634321.12,138.9045
2022-09-22 02:00:00,141.832,143.713,138.718,139.989,768364.73,139.98
2022-09-21 02:00:00,143.207,143.602,141.65,141.834,671546.09,141.8255
2022-09-20 02:00:00,143.621,144.049,143.023,143.209,525470.24,143.2015
2022-09-19 02:00:00,143.087,143.772,142.805,143.622,410768.3,143.6175
2022-09-18 02:00:00,143.191,143.315,143.007,143.088,20362.11,143.079
2022-09-17 02:00:00,143.172,143.172,143.172,143.172,0.0,143.152
2022-09-16 02:00:00,143.175,143.547,142.517,143.172,500572.65,143.152
2022-09-15 02:00:00,142.682,143.693,142.579,143.176,506413.25,143.1675
2022-09-14 02:00:00,144.146,144.485,142.303,142.682,633350.31,142.6735
2022-09-13 02:00:00,144.436,145.458,144.007,144.149,537061.61,144.1405
2022-09-12 02:00:00,143.579,145.647,143.461,144.437,511778.38,144.428
2022-09-11 02:00:00,143.611,143.882,143.392,143.578,27720.13,143.5705
2022-09-10 02:00:00,143.345,143.345,143.345,143.345,0.0,143.3
2022-09-09 02:00:00,144.031,144.733,142.645,143.345,505325.63,143.3
2022-09-08 02:00:00,144.071,144.338,143.183,144.03,551059.51,144.025
2022-09-07 02:00:00,141.695,144.245,141.417,144.071,574487.14,144.064
2022-09-06 02:00:00,139.744,142.115,139.611,141.699,590320.35,141.691
2022-09-05 02:00:00,139.257,139.817,138.7,139.745,380229.99,139.738
2022-09-04 02:00:00,139.247,139.353,138.955,139.259,25511.27,139.2495
2022-09-03 02:00:00,139.648,139.648,139.648,139.648,0.0,139.5995
2022-09-02 02:00:00,139.418,140.754,139.267,139.648,432149.64,139.5995
2022-09-01 02:00:00,139.867,140.003,138.927,139.417,517641.0,139.4115
2022-08-31 02:00:00,139.1,139.953,138.277,139.869,555830.01,139.8635
2022-08-30 02:00:00,138.803,139.225,138.265,139.1,521383.62,139.0915
2022-08-29 02:00:00,137.289,138.983,137.262,138.803,531760.08,138.795
2022-08-28 02:00:00,137.42,137.422,137.061,137.29,27021.24,137.281
2022-08-27 02:00:00,137.279,137.279,137.279,137.279,0.0,137.25
2022-08-26 02:00:00,136.173,137.977,136.105,137.279,469368.65,137.25
2022-08-25 02:00:00,136.669,136.994,136.022,136.172,500701.47,136.1675
2022-08-24 02:00:00,136.296,136.79,135.521,136.669,535821.46,136.662
2022-08-23 02:00:00,136.738,137.07,135.737,136.295,562789.95,136.287
2022-08-22 02:00:00,137.533,137.954,136.403,136.74,512007.2,136.7335
2022-08-21 02:00:00,137.499,137.57,137.319,137.534,31677.81,137.525
2022-08-20 02:00:00,137.518,137.518,137.518,137.518,0.0,137.487
2022-08-19 02:00:00,137.028,137.972,137.028,137.518,433987.62,137.487
2022-08-18 02:00:00,137.362,137.667,136.566,137.028,514001.24,137.021
2022-08-17 02:00:00,136.572,137.884,136.269,137.362,500702.85,137.3535
2022-08-16 02:00:00,135.294,136.925,134.957,136.572,462808.12,136.5635
2022-08-15 02:00:00,136.702,136.811,135.169,135.298,472998.32,135.293
2022-08-14 02:00:00,137.004,137.09,136.648,136.702,28662.06,136.6945
2022-08-13 02:00:00,136.985,136.985,136.985,136.985,0.0,136.9475
2022-08-12 02:00:00,137.288,137.729,136.878,136.985,476403.4,136.9475
2022-08-11 02:00:00,136.793,137.403,136.31,137.286,531926.44,137.2785
2022-08-10 02:00:00,138.042,138.451,136.617,136.793,523590.51,136.784
2022-08-09 02:00:00,137.527,138.319,137.272,138.04,371569.63,138.0345
2022-08-08 02:00:00,137.397,137.933,137.076,137.528,473191.06,137.52
2022-08-07 02:00:00,137.448,137.654,137.341,137.398,32083.08,137.389
2022-08-06 02:00:00,137.455,137.455,137.455,137.455,0.0,137.409
2022-08-05 02:00:00,135.91,137.77,135.869,137.455,487992.78,137.409
2022-08-04 02:00:00,136.039,136.928,135.649,135.911,546830.99,135.903
2022-08-03 02:00:00,135.435,136.429,134.837,136.039,619967.52,136.0305
2022-08-02 02:00:00,134.871,135.717,133.407,135.442,695859.32,135.4335
2022-08-01 02:00:00,136.19,136.24,134.823,134.867,576684.38,134.8605
2022-07-31 02:00:00,136.312,136.354,136.108,136.192,27462.57,136.182
2022-07-30 02:00:00,136.282,136.282,136.282,136.282,0.0,136.238
2022-07-29 02:00:00,136.992,137.336,135.552,136.282,490256.78,136.238
2022-07-28 02:00:00,138.917,139.021,136.379,136.993,477422.48,136.986
2022-07-27 02:00:00,138.736,139.513,138.441,138.92,367693.06,138.9175
2022-07-26 02:00:00,139.467,139.847,138.133,138.737,320687.39,138.73
2022-07-25 02:00:00,139.072,140.081,138.725,139.466,376117.76,139.459
2022-07-24 02:00:00,139.124,139.251,138.973,139.07,24107.69,139.0635
2022-07-23 02:00:00,139.025,139.025,139.025,139.025,0.0,138.975
2022-07-22 02:00:00,140.102,140.698,138.789,139.025,438995.01,138.975
2022-07-21 02:00:00,140.933,142.327,140.09,140.102,485613.49,140.099
2022-07-20 02:00:00,141.384,141.938,140.429,140.929,370438.36,140.924
2022-07-19 02:00:00,140.291,141.509,139.7,141.386,426308.38,141.378
2022-07-18 02:00:00,139.648,140.806,139.385,140.291,413137.44,140.2855
2022-07-17 02:00:00,139.814,139.814,139.536,139.647,18483.26,139.644
2022-07-16 02:00:00,139.771,139.771,139.771,139.771,0.0,139.721
2022-07-15 02:00:00,139.362,139.896,138.749,139.771,381543.37,139.721
2022-07-14 02:00:00,138.119,139.777,137.996,139.362,526483.84,139.3565
2022-07-13 02:00:00,137.152,138.803,137.145,138.12,411183.02,138.115
2022-07-12 02:00:00,138.05,138.081,137.028,137.156,394130.73,137.15
2022-07-11 02:00:00,138.59,139.176,137.873,138.054,339635.44,138.049
2022-07-10 02:00:00,138.563,138.764,138.464,138.593,12441.69,138.5845
2022-07-09 02:00:00,138.672,138.672,138.672,138.672,0.0,138.622
2022-07-08 02:00:00,138.219,138.722,136.871,138.672,361284.39,138.622
2022-07-07 02:00:00,138.469,139.081,137.988,138.217,339221.35,138.2115
2022-07-06 02:00:00,139.028,139.401,137.278,138.469,402723.81,138.4625
2022-07-05 02:00:00,141.754,142.382,138.953,139.027,381949.48,139.0225
2022-07-04 02:00:00,140.852,141.86,140.616,141.754,252422.76,141.748
2022-07-03 02:00:00,141.213,141.233,140.843,140.85,20679.66,140.8445
2022-07-02 02:00:00,141.052,141.052,141.052,141.052,0.0,141.018
2022-07-01 02:00:00,142.306,142.437,139.798,141.052,400770.92,141.018
2022-06-30 02:00:00,142.719,142.869,141.381,142.303,379372.23,142.3
2022-06-29 02:00:00,143.156,143.862,142.49,142.719,397286.27,142.716
2022-06-28 02:00:00,143.301,144.282,142.873,143.158,382904.48,143.153
2022-06-27 02:00:00,142.717,143.49,142.04,143.302,335380.26,143.295
2022-06-26 02:00:00,142.796,142.983,142.614,142.717,21610.8,142.711
2022-06-25 02:00:00,142.749,142.749,142.749,142.749,0.0,142.7035
2022-06-24 02:00:00,141.83,142.78,141.407,142.749,308694.0,142.7035
2022-06-23 02:00:00,143.676,143.995,141.414,141.834,466227.5,141.8275
2022-06-22 02:00:00,143.569,144.254,142.681,143.681,428026.19,143.675
2022-06-21 02:00:00,142.102,144.034,141.958,143.569,348690.24,143.563
2022-06-20 02:00:00,141.931,142.36,141.453,142.098,333373.83,142.0945
2022-06-19 02:00:00,141.611,142.047,141.582,141.937,25970.6,141.931
2022-06-18 02:00:00,141.684,141.684,141.684,141.684,0.0,141.64
2022-06-17 02:00:00,139.664,141.983,139.436,141.684,476370.79,141.64
2022-06-16 02:00:00,140.194,140.608,137.851,139.664,479773.31,139.657
2022-06-15 02:00:00,141.193,141.501,139.544,140.192,489848.03,140.1855
2022-06-14 02:00:00,139.813,141.276,139.49,141.194,456814.31,141.1885
2022-06-13 02:00:00,141.417,141.789,139.397,139.817,459133.22,139.8115
2022-06-12 02:00:00,141.36,141.717,141.275,141.42,30834.64,141.411
2022-06-11 02:00:00,141.39,141.39,141.39,141.39,0.0,141.3535
2022-06-10 02:00:00,142.724,142.726,140.807,141.39,308539.68,141.3535
2022-06-09 02:00:00,144.101,144.187,142.35,142.722,352104.88,142.7165
2022-06-08 02:00:00,142.09,144.262,141.986,144.102,301144.12,144.0975
2022-06-07 02:00:00,141.302,142.159,141.205,142.093,302242.04,142.088
2022-06-06 02:00:00,140.211,141.432,139.844,141.301,210827.35,141.294
2022-06-05 02:00:00,140.521,140.523,140.203,140.215,18778.33,140.209
2022-06-04 02:00:00,140.28,140.28,140.28,140.28,0.0,140.2315
2022-06-03 02:00:00,139.692,140.376,139.478,140.28,187751.95,140.2315
2022-06-02 02:00:00,138.605,139.783,138.4,139.693,223589.4,139.688
2022-06-01 02:00:00,138.197,138.981,138.197,138.602,262781.96,138.5975
2022-05-31 02:00:00,137.663,138.29,136.805,138.197,345726.84,138.192
2022-05-30 02:00:00,136.566,137.74,136.27,137.663,192503.07,137.6575
2022-05-29 02:00:00,136.426,136.636,136.395,136.563,9450.76,136.5575
2022-05-28 02:00:00,136.504,136.504,136.504,136.504,0.0,136.455
2022-05-27 02:00:00,136.425,136.734,135.849,136.504,225595.43,136.455
2022-05-26 02:00:00,135.898,136.642,135.235,136.425,298971.93,136.4195
2022-05-25 02:00:00,136.027,136.244,134.996,135.897,313187.48,135.8915
2022-05-24 02:00:00,136.563,136.795,135.555,136.03,324899.02,136.025
2022-05-23 02:00:00,135.174,136.809,134.667,136.566,298827.82,136.5615
2022-05-22 02:00:00,135.146,135.425,135.097,135.178,10448.35,135.173
2022-05-21 02:00:00,135.066,135.066,135.066,135.066,0.0,135.021
2022-05-20 02:00:00,135.265,135.807,134.586,135.066,295663.51,135.021
2022-05-19 02:00:00,133.992,135.468,133.929,135.264,389244.74,135.26
2022-05-18 02:00:00,136.532,136.671,133.951,133.992,271826.15,133.9845
2022-05-17 02:00:00,134.616,136.699,134.578,136.535,266208.81,136.5315
2022-05-16 02:00:00,134.571,135.054,133.756,134.617,271528.43,134.6145
2022-05-15 02:00:00,134.782,134.782,134.499,134.569,20074.35,134.564
2022-05-14 02:00:00,134.609,134.609,134.609,134.609,0.0,134.56
2022-05-13 02:00:00,133.48,134.755,133.211,134.609,352861.78,134.56
2022-05-12 02:00:00,136.502,136.751,132.662,133.479,482512.95,133.4735
2022-05-11 02:00:00,137.27,137.713,136.188,136.501,363425.26,136.4965
2022-05-10 02:00:00,137.73,138.088,137.037,137.271,396574.79,137.266
2022-05-09 02:00:00,137.703,138.322,137.065,137.732,353748.27,137.726
2022-05-08 02:00:00,137.817,137.822,137.648,137.703,13762.52,137.6985
2022-05-07 02:00:00,137.709,137.709,137.709,137.709,0.0,137.6715
2022-05-06 02:00:00,137.362,138.163,136.745,137.709,412441.96,137.6715
2022-05-05 02:00:00,137.262,137.577,136.832,137.362,387791.84,137.357
2022-05-04 02:00:00,136.984,137.547,136.612,137.26,333003.43,137.254
2022-05-03 02:00:00,136.765,137.377,136.548,136.987,330009.42,136.9815
2022-05-02 02:00:00,136.99,137.645,136.526,136.767,435997.59,136.7625
2022-05-01 02:00:00,137.109,137.393,136.908,136.99,33847.6,136.984
2022-04-30 02:00:00,136.959,136.959,136.959,136.959,0.0,136.923
2022-04-29 02:00:00,137.388,137.989,136.503,136.959,388074.1,136.923
2022-04-28 02:00:00,135.586,138.007,135.44,137.39,500785.05,137.383
2022-04-27 02:00:00,135.461,136.164,134.783,135.586,383897.45,135.581
2022-04-26 02:00:00,136.89,137.546,135.113,135.46,384334.45,135.4555
2022-04-25 02:00:00,139.028,139.181,136.492,136.889,453649.04,136.8845
2022-04-24 02:00:00,139.101,139.232,138.91,139.03,27223.09,139.0235
2022-04-23 02:00:00,138.814,138.814,138.814,138.814,0.0,138.77
2022-04-22 02:00:00,139.172,139.495,138.263,138.814,359632.84,138.77
2022-04-21 02:00:00,138.866,140.005,138.812,139.172,360374.19,139.1665
2022-04-20 02:00:00,139.606,139.693,138.403,138.868,426772.48,138.86
2022-04-19 02:00:00,137.069,139.662,136.953,139.606,389373.0,139.6015
2022-04-18 02:00:00,136.927,137.1,136.46,137.068,256511.7,137.064
2022-04-17 02:00:00,136.752,137.007,136.553,136.928,25240.62,136.9235
2022-04-16 02:00:00,136.911,136.911,136.911,136.911,0.0,136.751
2022-04-15 02:00:00,136.543,136.917,136.376,136.911,433198.25,136.751
2022-04-14 02:00:00,136.592,136.942,135.52,136.541,332340.4,136.531
2022-04-13 02:00:00,135.79,136.933,135.706,136.592,325069.44,136.586
2022-04-12 02:00:00,136.495,136.634,135.545,135.79,305290.29,135.7865
2022-04-11 02:00:00,135.406,137.136,135.286,136.497,268972.58,136.493
2022-04-10 02:00:00,135.408,135.678,135.374,135.407,16167.24,135.402
2022-04-09 02:00:00,135.189,135.189,135.189,135.189,0.0,135.1675
2022-04-08 02:00:00,134.832,135.373,134.358,135.189,235236.06,135.1675
2022-04-07 02:00:00,134.842,135.507,134.419,134.833,267718.99,134.8275
2022-04-06 02:00:00,134.869,135.479,134.768,134.84,273049.87,134.8345
2022-04-05 02:00:00,134.782,135.137,134.303,134.87,238875.21,134.8645
2022-04-04 02:00:00,135.466,135.692,134.575,134.783,229601.99,134.776
2022-04-03 02:00:00,135.43,135.529,135.302,135.465,16483.01,135.4605
2022-04-02 02:00:00,135.399,135.399,135.399,135.399,0.0,135.364
2022-04-01 02:00:00,134.815,135.887,134.768,135.399,259212.29,135.364
2022-03-31 02:00:00,136.198,136.851,134.519,134.814,338858.42,134.8085
2022-03-30 02:00:00,136.569,136.57,134.883,136.195,341433.62,136.1905
2022-03-29 02:00:00,135.867,137.317,135.325,136.568,398851.88,136.562
2022-03-28 02:00:00,134.276,137.544,134.05,135.867,420029.85,135.862
2022-03-27 01:00:00,134.165,134.363,134.031,134.277,12001.27,134.273
2022-03-26 01:00:00,134.059,134.059,134.059,134.059,0.0,134.0275
2022-03-25 01:00:00,134.698,134.705,133.731,134.059,312739.07,134.0275
2022-03-24 01:00:00,133.316,134.748,132.959,134.698,246136.03,134.694
2022-03-23 01:00:00,133.83,133.844,132.33,133.315,239240.19,133.31
2022-03-22 01:00:00,131.754,133.902,131.708,133.83,281735.7,133.828
2022-03-21 01:00:00,131.708,131.976,131.385,131.758,176517.84,131.754
2022-03-20 01:00:00,131.892,131.923,131.606,131.709,8133.96,131.7035
2022-03-19 01:00:00,131.674,131.674,131.674,131.674,0.0,131.6545
2022-03-18 01:00:00,131.522,131.922,131.19,131.674,204395.46,131.6545
2022-03-17 01:00:00,131.025,131.911,130.724,131.522,244157.2,131.518
2022-03-16 01:00:00,129.759,131.107,129.616,131.024,302332.06,131.0195
2022-03-15 01:00:00,129.373,130.035,129.317,129.758,276425.62,129.754
2022-03-14 01:00:00,128.49,129.716,128.304,129.372,263809.08,129.369
2022-03-13 01:00:00,128.257,128.615,128.062,128.493,14104.26,128.49
2022-03-12 01:00:00,128.059,128.059,128.059,128.059,0.0,128.013
2022-03-11 01:00:00,127.96,129.046,127.702,128.059,267573.58,128.013
2022-03-10 01:00:00,128.359,128.88,127.427,127.959,298209.37,127.955
2022-03-09 01:00:00,126.126,128.469,126.122,128.359,292025.67,128.3545
2022-03-08 01:00:00,125.365,126.738,125.226,126.123,420555.52,126.1185
2022-03-07 01:00:00,125.0,125.961,124.396,125.365,422199.56,125.361
2022-03-06 01:00:00,125.67,125.678,124.803,125.0,19884.28,124.994
2022-03-05 01:00:00,125.567,125.567,125.567,125.567,0.0,125.5175
2022-03-04 01:00:00,127.8,127.806,125.078,125.567,350336.91,125.5175
2022-03-03 01:00:00,128.374,128.514,127.589,127.797,252109.7,127.793
2022-03-02 01:00:00,127.846,128.78,127.303,128.374,317949.26,128.3685
2022-03-01 01:00:00,129.07,129.25,127.376,127.85,293842.58,127.8455
2022-02-28 01:00:00,129.24,129.789,128.703,129.071,369169.22,129.0665
2022-02-27 01:00:00,128.854,129.414,128.732,129.24,42134.95,129.2335
2022-02-26 01:00:00,130.263,130.263,130.263,130.263,0.0,130.222
2022-02-25 01:00:00,129.311,130.296,128.726,130.263,302822.41,130.222
2022-02-24 01:00:00,129.9,130.012,127.922,129.311,532493.79,129.3065
2022-02-23 01:00:00,130.4,130.712,129.863,129.901,179857.04,129.8975
2022-02-22 01:00:00,129.625,130.769,129.373,130.401,281196.84,130.397
2022-02-21 01:00:00,130.107,130.922,129.359,129.628,180582.06,129.6245
2022-02-20 01:00:00,130.25,130.338,129.977,130.107,8958.91,130.1035
2022-02-19 01:00:00,130.219,130.219,130.219,130.219,0.0,130.181
2022-02-18 01:00:00,130.528,131.128,130.212,130.219,211378.61,130.181
2022-02-17 01:00:00,131.24,131.504,130.405,130.534,282594.13,130.53
2022-02-16 01:00:00,131.313,131.911,131.111,131.243,226878.19,131.2375
2022-02-15 01:00:00,130.634,131.54,130.44,131.314,214547.31,131.312
2022-02-14 01:00:00,131.36,131.381,130.049,130.634,277638.82,130.6305
2022-02-13 01:00:00,130.829,131.394,130.823,131.359,16456.4,131.357
2022-02-12 01:00:00,131.069,131.069,131.069,131.069,0.0,131.0225
2022-02-11 01:00:00,132.438,132.449,130.393,131.069,251075.84,131.0225
2022-02-10 01:00:00,132.033,133.156,131.872,132.438,234514.01,132.4345
2022-02-09 01:00:00,131.963,132.161,131.631,132.033,162804.86,132.0295
2022-02-08 01:00:00,131.653,132.067,131.484,131.962,162090.61,131.959
2022-02-07 01:00:00,131.993,132.014,131.262,131.652,207369.48,131.649
2022-02-06 01:00:00,132.154,132.227,131.964,131.992,12228.79,131.988
2022-02-05 01:00:00,131.919,131.919,131.919,131.919,0.0,131.895
2022-02-04 01:00:00,131.468,132.095,131.452,131.919,215766.14,131.895
2022-02-03 01:00:00,129.252,131.576,129.191,131.465,216974.63,131.4625
2022-02-02 01:00:00,129.347,129.477,129.05,129.249,159455.34,129.2445
2022-02-01 01:00:00,129.281,129.541,128.874,129.347,173323.25,129.343
2022-01-31 01:00:00,128.551,129.38,128.491,129.282,180782.84,129.277
2022-01-30 01:00:00,128.521,128.617,128.459,128.548,12171.37,128.544
2022-01-29 01:00:00,128.499,128.499,128.499,128.499,0.0,128.4575
2022-01-28 01:00:00,128.561,128.856,128.358,128.499,218322.55,128.4575
2022-01-27 01:00:00,128.961,129.021,128.331,128.56,240353.8,128.557
2022-01-26 01:00:00,128.742,129.253,128.6,128.961,191182.4,128.958
2022-01-25 01:00:00,129.111,129.135,128.25,128.742,210649.29,128.738
2022-01-24 01:00:00,129.057,129.205,128.41,129.111,222070.61,129.1085
2022-01-23 01:00:00,129.004,129.062,128.953,129.055,5505.85,129.052
2022-01-22 01:00:00,129.004,129.004,129.004,129.004,0.0,128.965
2022-01-21 01:00:00,128.969,129.313,128.562,129.004,167603.72,128.965
2022-01-20 01:00:00,129.71,130.091,128.81,128.966,148300.63,128.963
2022-01-19 01:00:00,129.786,129.99,129.396,129.709,146498.32,129.705
2022-01-18 01:00:00,130.737,131.185,129.7,129.785,179418.08,129.781
2022-01-17 01:00:00,130.45,130.83,130.353,130.735,92158.63,130.7315
2022-01-16 01:00:00,130.408,130.475,130.314,130.447,6457.45,130.444
2022-01-15 01:00:00,130.383,130.383,130.383,130.383,0.0,130.3545
2022-01-14 01:00:00,130.743,130.795,129.783,130.383,165841.04,130.3545
2022-01-13 01:00:00,131.188,131.447,130.625,130.743,156518.89,130.739
2022-01-12 01:00:00,131.093,131.478,130.96,131.186,154273.19,131.1825
2022-01-11 01:00:00,130.612,131.202,130.53,131.093,148875.56,131.0895
2022-01-10 01:00:00,131.277,131.349,130.164,130.614,155524.42,130.612
2022-01-09 01:00:00,131.31,131.376,131.221,131.275,6562.76,131.271
2022-01-08 01:00:00,131.364,131.364,131.364,131.364,0.0,131.315
2022-01-07 01:00:00,130.878,131.366,130.821,131.364,121856.14,131.315
2022-01-06 01:00:00,131.351,131.435,130.643,130.879,181511.6,130.8735
2022-01-05 01:00:00,131.084,131.603,130.846,131.355,128589.11,131.35
2022-01-04 01:00:00,130.353,131.468,130.325,131.082,147556.68,131.0785
2022-01-03 01:00:00,130.96,131.006,130.03,130.353,111734.94,130.3485
2022-01-02 01:00:00,130.873,131.064,130.873,130.957,2885.38,130.954
2022-01-01 01:00:00,130.929,130.929,130.929,130.929,0.0,130.8915
2021-12-31 01:00:00,130.291,131.047,130.168,130.929,74239.24,130.8915
2021-12-30 01:00:00,130.588,130.596,130.129,130.291,95289.54,130.2875
2021-12-29 01:00:00,129.882,130.59,129.659,130.588,89860.49,130.585
2021-12-28 01:00:00,130.059,130.23,129.614,129.881,78912.23,129.8785
2021-12-27 01:00:00,129.478,130.178,129.382,130.06,67429.62,130.056
2021-12-26 01:00:00,129.605,129.605,129.419,129.478,3230.83,129.4745
2021-12-25 01:00:00,129.718,129.718,129.718,129.718,0.0,129.5465
2021-12-24 01:00:00,129.616,129.765,129.307,129.718,148367.24,129.5465
2021-12-23 01:00:00,129.272,129.734,129.055,129.615,111744.69,129.6095
2021-12-22 01:00:00,128.672,129.508,128.572,129.273,122503.02,129.269
2021-12-21 01:00:00,128.191,128.803,128.057,128.671,131487.52,128.6675
2021-12-20 01:00:00,127.631,128.316,127.522,128.19,157487.48,128.1855
2021-12-19 01:00:00,127.766,127.816,127.629,127.634,5274.94,127.6305
2021-12-18 01:00:00,127.819,127.819,127.819,127.819,0.0,127.785
2021-12-17 01:00:00,128.835,128.988,127.767,127.819,158605.09,127.785
2021-12-16 01:00:00,128.879,129.644,128.456,128.832,173591.73,128.828
2021-12-15 01:00:00,128.051,128.953,128.018,128.879,162045.63,128.8755
2021-12-14 01:00:00,128.163,128.561,127.996,128.052,122277.84,128.048
2021-12-13 01:00:00,128.394,128.45,128.013,128.163,109895.08,128.1585
2021-12-12 01:00:00,128.37,128.463,128.259,128.393,6172.49,128.3905
2021-12-11 01:00:00,128.356,128.356,128.356,128.356,0.0,128.3235
2021-12-10 01:00:00,128.123,128.409,127.816,128.356,133977.86,128.3235
2021-12-09 01:00:00,128.97,129.074,127.939,128.124,108992.39,128.121
2021-12-08 01:00:00,127.981,129.11,127.83,128.973,162874.32,128.9695
2021-12-07 01:00:00,128.04,128.472,127.608,127.98,146392.22,127.9775
2021-12-06 01:00:00,127.789,128.143,127.519,128.039,141056.23,128.0355
2021-12-05 01:00:00,127.626,127.832,127.626,127.787,6155.11,127.7845
2021-12-04 01:00:00,127.643,127.643,127.643,127.643,0.0,127.595
2021-12-03 01:00:00,127.787,128.345,127.388,127.643,200826.7,127.595
2021-12-02 01:00:00,127.774,128.228,127.696,127.789,186750.1,127.786
2021-12-01 01:00:00,128.377,128.791,127.55,127.777,214366.18,127.775
2021-11-30 01:00:00,128.519,128.569,127.651,128.377,296158.8,128.3735
2021-11-29 01:00:00,128.428,128.611,127.495,128.519,200234.03,128.5155
2021-11-28 01:00:00,128.541,128.568,128.145,128.43,16969.26,128.4255
2021-11-27 01:00:00,128.474,128.474,128.474,128.474,0.0,128.3865
2021-11-26 01:00:00,128.997,129.063,127.8,128.474,293126.23,128.3865
2021-11-25 01:00:00,129.294,129.532,128.948,128.998,126727.74,128.996
2021-11-24 01:00:00,129.476,129.566,128.695,129.294,184124.5,129.29
2021-11-23 01:00:00,129.051,129.609,128.897,129.474,186039.15,129.4715
2021-11-22 01:00:00,128.709,129.329,128.565,129.054,167047.29,129.051
2021-11-21 01:00:00,128.676,128.727,128.585,128.708,12626.34,128.704
2021-11-20 01:00:00,128.693,128.693,128.693,128.693,0.0,128.6565
2021-11-19 01:00:00,129.925,129.992,127.984,128.693,219312.99,128.6565
2021-11-18 01:00:00,129.244,129.993,129.077,129.926,150177.19,129.923
2021-11-17 01:00:00,130.055,130.072,129.04,129.245,181317.01,129.2425
2021-11-16 01:00:00,129.74,130.117,129.668,130.055,153991.18,130.0505
2021-11-15 01:00:00,130.42,130.606,129.685,129.74,132515.57,129.738
2021-11-14 01:00:00,130.481,130.504,130.378,130.418,3342.77,130.4145
2021-11-13 01:00:00,130.381,130.381,130.381,130.381,0.0,130.3525
2021-11-12 01:00:00,130.561,130.765,130.239,130.381,130598.25,130.3525
2021-11-11 01:00:00,130.835,131.003,130.446,130.562,134373.67,130.557
2021-11-10 01:00:00,130.917,131.422,130.65,130.836,211613.67,130.8335
2021-11-09 01:00:00,131.245,131.252,130.68,130.916,186631.42,130.9135
2021-11-08 01:00:00,131.28,131.433,130.9,131.245,134396.15,131.2415
2021-11-07 01:00:00,131.078,131.329,131.064,131.279,6833.46,131.276
2021-10-30 02:00:00,131.851,131.851,131.851,131.851,0.0,131.82
2021-10-29 02:00:00,132.735,132.925,131.609,131.851,172139.36,131.82
2021-10-28 02:00:00,131.961,132.739,131.56,132.733,201837.33,132.73
2021-10-27 02:00:00,132.418,132.53,131.583,131.961,186786.73,131.958
2021-10-26 02:00:00,132.073,132.671,131.967,132.418,132618.19,132.415
2021-10-25 02:00:00,132.305,132.604,131.867,132.074,138365.67,132.0695
2021-10-24 02:00:00,132.254,132.32,132.109,132.303,4623.48,132.301
2021-10-23 02:00:00,132.214,132.214,132.214,132.214,0.0,132.1685
2021-10-22 02:00:00,132.355,132.798,131.922,132.214,160626.68,132.1685
2021-10-21 02:00:00,133.294,133.375,132.265,132.354,162823.12,132.3505
2021-10-20 02:00:00,133.234,133.484,132.743,133.294,156359.69,133.2925
2021-10-19 02:00:00,132.732,133.272,132.629,133.235,128841.1,133.2325
2021-10-18 02:00:00,132.588,132.804,132.15,132.731,145598.58,132.7285
2021-10-17 02:00:00,132.63,132.691,132.486,132.592,8978.4,132.5885
2021-10-16 02:00:00,132.561,132.561,132.561,132.561,0.0,132.532
2021-10-15 02:00:00,131.941,132.778,131.927,132.561,124845.46,132.532
2021-10-14 02:00:00,131.406,132.003,131.383,131.942,121032.72,131.9385
2021-10-13 02:00:00,130.921,131.467,130.886,131.408,139809.34,131.403
2021-10-12 02:00:00,131.004,131.281,130.747,130.921,132954.99,130.918
2021-10-11 02:00:00,129.855,131.23,129.839,131.007,115741.32,131.005
2021-10-10 02:00:00,129.897,129.967,129.808,129.855,4590.26,129.853
2021-10-09 02:00:00,129.912,129.912,129.912,129.912,0.0,129.8875
2021-10-08 02:00:00,129.074,129.927,129.008,129.912,116882.47,129.8875
2021-10-07 02:00:00,128.734,129.093,128.633,129.077,108064.58,129.0745
2021-10-06 02:00:00,129.279,129.503,128.337,128.735,151735.41,128.7335
2021-10-05 02:00:00,128.908,129.394,128.761,129.281,123320.6,129.2775
2021-10-04 02:00:00,128.778,129.382,128.678,128.909,143645.43,128.906
2021-10-03 02:00:00,128.702,128.875,128.676,128.777,4134.2,128.7755
2021-10-02 02:00:00,128.798,128.798,128.798,128.798,0.0,128.764
2021-10-01 02:00:00,129.008,129.052,128.554,128.798,168888.59,128.764
2021-09-30 02:00:00,129.869,129.968,128.792,129.008,164580.34,129.0055
2021-09-29 02:00:00,130.338,130.48,129.677,129.871,157384.69,129.8685
2021-09-28 02:00:00,129.784,130.386,129.67,130.339,157978.35,130.336
2021-09-27 02:00:00,129.855,129.938,129.486,129.785,140724.95,129.782
2021-09-26 02:00:00,129.861,129.913,129.731,129.856,6502.57,129.8525
2021-09-25 02:00:00,129.815,129.815,129.815,129.815,0.0,129.772
2021-09-24 02:00:00,129.53,129.854,129.388,129.815,103698.5,129.772
2021-09-23 02:00:00,128.356,129.559,128.339,129.529,110645.1,129.5255
2021-09-22 02:00:00,127.97,128.782,127.932,128.357,141418.47,128.3545
2021-09-21 02:00:00,128.335,128.709,127.94,127.969,112713.74,127.9665
2021-09-20 02:00:00,129.003,129.031,128.148,128.337,131179.83,128.3355
2021-09-19 02:00:00,129.016,129.131,128.915,129.002,2377.58,128.9995
2021-09-18 02:00:00,128.981,128.981,128.981,128.981,0.0,128.9505
2021-09-17 02:00:00,129.068,129.676,128.909,128.981,92616.52,128.9505
2021-09-16 02:00:00,129.288,129.361,128.612,129.067,101681.07,129.064
2021-09-15 02:00:00,129.496,129.54,129.061,129.286,99590.85,129.283
2021-09-14 02:00:00,129.907,130.201,129.368,129.497,94992.46,129.494
2021-09-13 02:00:00,129.834,129.982,129.592,129.907,92120.57,129.905
2021-09-12 02:00:00,129.911,129.973,129.764,129.833,4909.83,129.831
2021-09-11 02:00:00,129.836,129.836,129.836,129.836,0.0,129.8125
2021-09-10 02:00:00,129.788,130.281,129.692,129.836,84452.14,129.8125
2021-09-09 02:00:00,130.276,130.297,129.67,129.79,124276.29,129.7875
2021-09-08 02:00:00,130.629,130.699,130.179,130.276,100227.8,130.272
2021-09-07 02:00:00,130.401,130.679,130.299,130.63,116282.87,130.6265
2021-09-06 02:00:00,130.485,130.505,130.254,130.401,75954.66,130.3975
2021-09-05 02:00:00,130.473,130.599,130.35,130.485,4693.33,130.4805
2021-09-04 02:00:00,130.336,130.336,130.336,130.336,0.0,130.307
2021-09-03 02:00:00,130.552,130.75,130.191,130.336,110825.47,130.307
2021-09-02 02:00:00,130.366,130.623,130.163,130.551,93284.96,130.549
2021-09-01 02:00:00,129.982,130.457,129.972,130.367,109698.21,130.364
2021-08-31 02:00:00,129.703,130.179,129.595,129.98,112120.44,129.977
2021-08-30 02:00:00,129.627,129.757,129.493,129.704,66652.0,129.701
2021-08-29 02:00:00,129.654,129.657,129.538,129.626,3522.78,129.623
2021-08-28 02:00:00,129.62,129.62,129.62,129.62,0.0,129.5855
2021-08-27 02:00:00,129.355,129.753,129.161,129.62,102768.78,129.5855
2021-08-26 02:00:00,129.468,129.769,129.23,129.356,95711.93,129.353
2021-08-25 02:00:00,128.968,129.586,128.773,129.469,90635.67,129.467
2021-08-24 02:00:00,128.81,129.038,128.594,128.971,88763.83,128.9675
2021-08-23 02:00:00,128.485,129.149,128.479,128.812,95379.73,128.8085
2021-08-22 02:00:00,128.595,128.596,128.392,128.485,4779.54,128.4825
2021-08-21 02:00:00,128.483,128.483,128.483,128.483,0.0,128.44
2021-08-20 02:00:00,128.181,128.528,127.95,128.483,80055.27,128.44
2021-08-19 02:00:00,128.546,128.709,127.937,128.179,121691.89,128.1765
2021-08-18 02:00:00,128.268,128.953,128.225,128.547,95674.54,128.545
2021-08-17 02:00:00,128.735,128.878,128.257,128.268,118916.97,128.265
2021-08-16 02:00:00,129.299,129.31,128.501,128.733,88954.99,128.731
2021-08-15 02:00:00,129.455,129.507,129.278,129.301,8070.21,129.2985
2021-08-14 02:00:00,129.32,129.32,129.32,129.32,0.0,129.2935
2021-08-13 02:00:00,129.569,129.701,129.24,129.32,75434.72,129.2935
2021-08-12 02:00:00,129.606,129.711,129.397,129.567,79853.24,129.565
2021-08-11 02:00:00,129.62,129.81,129.59,129.606,89701.57,129.6035
2021-08-10 02:00:00,129.481,129.691,129.407,129.621,90537.92,129.619
2021-08-09 02:00:00,129.538,129.654,129.396,129.48,93688.67,129.478
2021-08-08 02:00:00,129.794,129.814,129.508,129.537,8605.72,129.5345
2021-08-07 02:00:00,129.675,129.675,129.675,129.675,0.0,129.65
2021-08-06 02:00:00,129.88,129.966,129.587,129.675,92266.4,129.65
2021-08-05 02:00:00,129.664,130.017,129.635,129.879,95983.96,129.877
2021-08-04 02:00:00,129.373,129.821,129.139,129.662,119631.98,129.6595
2021-08-03 02:00:00,129.757,129.872,129.168,129.374,135033.34,129.371
2021-08-02 02:00:00,130.191,130.427,129.606,129.756,131789.06,129.752
2021-08-01 02:00:00,130.398,130.398,130.163,130.191,4814.19,130.19
2021-07-31 02:00:00,130.209,130.209,130.209,130.209,0.0,130.173
2021-07-30 02:00:00,130.099,130.503,130.025,130.209,122970.09,130.173
2021-07-29 02:00:00,130.178,130.567,129.898,130.098,130928.38,130.0955
2021-07-28 02:00:00,129.801,130.246,129.628,130.178,138605.34,130.1755
2021-07-27 02:00:00,130.223,130.275,129.549,129.802,147493.02,129.7985
2021-07-26 02:00:00,130.152,130.36,129.681,130.222,137722.77,130.2175
2021-07-25 02:00:00,130.163,130.259,130.11,130.154,2857.34,130.1495
2021-07-24 02:00:00,130.167,130.167,130.167,130.167,0.0,130.13
2021-07-23 02:00:00,129.67,130.189,129.643,130.167,111556.83,130.13
2021-07-22 02:00:00,130.018,130.3,129.49,129.671,142107.93,129.667
2021-07-21 02:00:00,129.515,130.193,129.164,130.018,174381.4,130.015
2021-07-20 02:00:00,129.166,129.537,128.602,129.514,271738.39,129.51
2021-07-19 02:00:00,129.801,129.855,128.894,129.167,170896.41,129.1645
2021-07-18 02:00:00,129.98,130.049,129.767,129.8,6975.99,129.797
2021-07-17 02:00:00,129.962,129.962,129.962,129.962,0.0,129.9455
2021-07-16 02:00:00,129.672,130.285,129.65,129.962,123629.97,129.9455
2021-07-15 02:00:00,130.163,130.198,129.617,129.673,156729.83,129.6695
2021-07-14 02:00:00,130.234,130.434,130.023,130.164,153699.61,130.1615
2021-07-13 02:00:00,130.885,131.093,130.216,130.234,170816.98,130.231
2021-07-12 02:00:00,130.859,130.993,130.455,130.886,142186.24,130.8835
2021-07-11 02:00:00,130.931,130.947,130.758,130.861,5839.73,130.8575
2021-07-10 02:00:00,130.835,130.835,130.835,130.835,0.0,130.7915
2021-07-09 02:00:00,130.083,130.88,129.938,130.835,162968.28,130.7915
2021-07-08 02:00:00,130.477,130.496,129.628,130.081,190515.74,130.079
2021-07-07 02:00:00,130.762,131.04,130.43,130.476,145469.05,130.4725
2021-07-06 02:00:00,131.582,131.865,130.623,130.762,133186.28,130.759
2021-07-05 02:00:00,131.772,131.87,131.552,131.583,131192.65,131.579
2021-07-04 02:00:00,131.751,131.84,131.709,131.771,6805.96,131.768
2021-07-03 02:00:00,131.774,131.774,131.774,131.774,0.0,131.7325
2021-07-02 02:00:00,132.166,132.235,131.679,131.774,113455.46,131.7325
2021-07-01 02:00:00,131.758,132.435,131.566,132.169,121670.47,132.166
2021-06-30 02:00:00,131.546,131.814,131.283,131.759,131559.97,131.7555
2021-06-29 02:00:00,131.944,131.953,131.283,131.545,96407.06,131.542
2021-06-28 02:00:00,132.329,132.334,131.78,131.944,90886.78,131.9415
2021-06-27 02:00:00,132.337,132.384,132.252,132.329,4252.13,132.326
2021-06-26 02:00:00,132.272,132.272,132.272,132.272,0.0,132.24
2021-06-25 02:00:00,132.312,132.458,132.13,132.272,100070.79,132.24
2021-06-24 02:00:00,132.442,132.583,132.121,132.311,111312.87,132.307
2021-06-23 02:00:00,132.086,132.7,132.039,132.44,127656.83,132.438
2021-06-22 02:00:00,131.488,132.198,131.22,132.088,121478.01,132.086
2021-06-21 02:00:00,130.825,131.549,130.044,131.488,159975.02,131.486
2021-06-20 02:00:00,130.82,130.958,130.766,130.824,6847.55,130.8195
2021-06-19 02:00:00,130.83,130.83,130.83,130.83,0.0,130.7925
2021-06-18 02:00:00,131.431,131.433,130.613,130.83,164479.12,130.7925
2021-06-17 02:00:00,132.876,132.877,131.026,131.431,172291.6,131.429
2021-06-16 02:00:00,133.477,133.589,132.69,132.873,164184.01,132.8705
2021-06-15 02:00:00,133.397,133.685,133.276,133.476,106511.06,133.4725
2021-06-14 02:00:00,132.868,133.462,132.651,133.397,103038.49,133.3945
2021-06-13 02:00:00,132.793,132.895,132.754,132.867,4593.13,132.8635
2021-06-12 02:00:00,132.841,132.841,132.841,132.841,0.0,132.81
2021-06-11 02:00:00,133.168,133.416,132.667,132.841,118642.76,132.81
2021-06-10 02:00:00,133.498,133.762,133.048,133.168,142455.64,133.1645
2021-06-09 02:00:00,133.26,133.628,133.207,133.499,90695.98,133.496
2021-06-08 02:00:00,133.214,133.428,133.137,133.259,119909.64,133.2545
2021-06-07 02:00:00,133.374,133.388,132.892,133.216,143859.04,133.213
2021-06-06 02:00:00,133.275,133.385,133.223,133.374,4189.37,133.3705
2021-06-05 02:00:00,133.317,133.317,133.317,133.317,0.0,133.275
2021-06-04 02:00:00,133.788,133.79,133.143,133.317,163220.88,133.275
2021-06-03 02:00:00,133.817,133.924,133.627,133.789,167035.4,133.7855
2021-06-02 02:00:00,133.783,134.075,133.651,133.817,166205.64,133.8125
2021-06-01 02:00:00,133.943,134.128,133.701,133.783,167915.61,133.781
2021-05-31 02:00:00,133.976,134.053,133.666,133.943,140635.1,133.939
2021-05-30 02:00:00,134.078,134.122,133.932,133.977,4185.49,133.973
2021-05-29 02:00:00,133.981,133.981,133.981,133.981,0.0,133.932
2021-05-28 02:00:00,133.89,134.009,133.612,133.981,161101.19,133.932
2021-05-27 02:00:00,133.105,134.06,132.935,133.89,148728.2,133.887
2021-05-26 02:00:00,133.241,133.417,133.002,133.106,144589.74,133.1025
2021-05-25 02:00:00,132.956,133.615,132.843,133.241,142191.7,133.2385
2021-05-24 02:00:00,132.674,133.05,132.525,132.957,131396.27,132.954
2021-05-23 02:00:00,132.72,132.81,132.641,132.674,3756.33,132.672
2021-05-22 02:00:00,132.746,132.746,132.746,132.746,0.0,132.7315
2021-05-21 02:00:00,133.088,133.213,132.535,132.746,126982.16,132.7315
2021-05-20 02:00:00,132.983,133.102,132.709,133.088,116319.5,133.085
2021-05-19 02:00:00,133.067,133.441,132.641,132.985,168845.26,132.981
2021-05-18 02:00:00,132.802,133.192,132.72,133.066,123185.94,133.0635
2021-05-17 02:00:00,132.942,132.957,132.519,132.803,131889.65,132.7995
2021-05-16 02:00:00,132.807,132.95,132.661,132.943,3147.57,132.9415
2021-05-15 02:00:00,132.846,132.846,132.846,132.846,0.0,132.8255
2021-05-14 02:00:00,132.267,132.847,132.262,132.846,143292.56,132.8255
2021-05-13 02:00:00,132.452,132.737,132.04,132.267,185037.28,132.2635
2021-05-12 02:00:00,132.033,132.467,131.673,132.45,198291.89,132.448
2021-05-11 02:00:00,132.152,132.476,131.788,132.033,174255.09,132.0295
2021-05-10 02:00:00,132.146,132.532,131.979,132.152,156151.27,132.1495
2021-05-09 02:00:00,132.177,132.258,132.013,132.146,7194.25,132.1425
2021-05-08 02:00:00,132.165,132.165,132.165,132.165,0.0,132.114
2021-05-07 02:00:00,131.577,132.177,131.484,132.165,149961.96,132.114
2021-05-06 02:00:00,131.153,131.854,131.121,131.578,145574.42,131.575
2021-05-05 02:00:00,131.363,131.465,130.985,131.153,126692.56,131.1495
2021-05-04 02:00:00,131.557,131.644,131.147,131.362,144889.85,131.359
2021-05-03 02:00:00,131.453,132.165,131.44,131.556,115215.94,131.553
2021-05-02 02:00:00,131.542,131.555,131.45,131.452,4097.42,131.449
2021-05-01 02:00:00,131.464,131.464,131.464,131.464,0.0,131.425
2021-04-30 02:00:00,132.055,132.195,131.38,131.464,140909.57,131.425
2021-04-29 02:00:00,131.687,132.369,131.6,132.057,138145.96,132.053
2021-04-28 02:00:00,131.489,131.824,131.399,131.684,140362.32,131.682
2021-04-27 02:00:00,130.701,131.523,130.573,131.489,123703.89,131.486
2021-04-26 02:00:00,130.428,130.766,130.212,130.704,127954.82,130.7015
2021-04-25 02:00:00,130.562,130.623,130.426,130.427,4236.26,130.425
2021-04-24 02:00:00,130.534,130.534,130.534,130.534,0.0,130.5015
2021-04-23 02:00:00,129.746,130.567,129.595,130.534,117161.34,130.5015
2021-04-22 02:00:00,130.06,130.472,129.676,129.745,135785.61,129.7415
2021-04-21 02:00:00,130.115,130.145,129.64,130.059,113899.6,130.0565
2021-04-20 02:00:00,130.193,130.979,129.997,130.116,172678.79,130.113
2021-04-19 02:00:00,130.136,130.305,129.703,130.192,167875.13,130.1895
2021-04-18 02:00:00,130.3,130.356,130.103,130.135,7515.16,130.1305
2021-04-17 02:00:00,130.433,130.433,130.433,130.433,0.0,130.387
2021-04-16 02:00:00,130.099,130.545,129.981,130.433,105725.66,130.387
2021-04-15 02:00:00,130.492,130.535,130.027,130.101,112654.59,130.098
2021-04-14 02:00:00,130.211,130.586,130.034,130.492,128752.49,130.488
2021-04-13 02:00:00,130.298,130.504,129.802,130.21,155424.45,130.2065
2021-04-12 02:00:00,130.525,130.612,129.898,130.298,116005.97,130.295
2021-04-11 02:00:00,130.437,130.616,130.437,130.525,4657.14,130.523
2021-04-10 02:00:00,130.579,130.579,130.579,130.579,0.0,130.534
2021-04-09 02:00:00,130.277,130.579,130.054,130.579,136088.21,130.534
2021-04-08 02:00:00,130.429,130.483,129.574,130.277,144022.69,130.273
2021-04-07 02:00:00,130.373,130.69,130.142,130.432,158459.02,130.428
2021-04-06 02:00:00,130.218,130.565,129.815,130.374,163282.82,130.371
2021-04-05 02:00:00,130.247,130.271,129.839,130.219,88362.63,130.2165
2021-04-04 02:00:00,130.158,130.265,130.103,130.248,11694.0,130.245
2021-04-03 02:00:00,130.171,130.171,130.171,130.171,0.0,130.1545
2021-04-02 02:00:00,130.277,130.324,130.039,130.171,86847.34,130.1545
2021-04-01 02:00:00,129.887,130.313,129.654,130.276,120037.93,130.2725
2021-03-31 02:00:00,129.314,130.05,129.258,129.889,151525.79,129.8865
2021-03-30 02:00:00,129.268,129.552,129.182,129.314,128948.55,129.3115
2021-03-29 02:00:00,129.423,129.431,128.835,129.268,134230.39,129.2655
2021-03-28 01:00:00,129.4,129.436,129.316,129.422,8523.76,129.419
2021-03-27 01:00:00,129.363,129.363,129.363,129.363,0.0,129.3225
2021-03-26 01:00:00,128.567,129.463,128.527,129.363,137967.77,129.3225
2021-03-25 01:00:00,128.519,128.947,128.389,128.568,157875.16,128.565
2021-03-24 01:00:00,128.491,128.862,128.295,128.518,149664.49,128.515
2021-03-23 01:00:00,129.803,129.923,128.443,128.491,154177.32,128.4895
2021-03-22 01:00:00,129.388,129.945,129.136,129.802,136318.59,129.7995
2021-03-21 01:00:00,129.059,129.479,129.015,129.388,8131.38,129.385
2021-03-20 01:00:00,129.621,129.621,129.621,129.621,0.0,129.6045
2021-03-19 01:00:00,129.828,130.006,129.321,129.621,183766.1,129.6045
2021-03-18 01:00:00,130.492,130.669,129.598,129.828,218295.42,129.8255
2021-03-17 01:00:00,129.776,130.503,129.754,130.492,189682.24,130.489
2021-03-16 01:00:00,130.151,130.399,129.493,129.776,177738.82,129.773
2021-03-15 01:00:00,130.4,130.491,129.993,130.151,170209.49,130.1485
2021-03-14 01:00:00,130.236,130.438,130.234,130.399,13556.31,130.396
2021-03-13 01:00:00,130.358,130.358,130.358,130.358,0.0,130.328
2021-03-12 01:00:00,130.084,130.394,129.819,130.358,187983.22,130.328
2021-03-11 01:00:00,129.324,130.136,129.238,130.084,203135.13,130.0815
2021-03-10 01:00:00,129.175,129.431,129.04,129.325,182729.62,129.322
2021-03-09 01:00:00,129.092,129.55,128.939,129.176,226151.11,129.174
2021-03-08 01:00:00,129.289,129.321,128.781,129.092,230615.21,129.089
2021-03-07 01:00:00,129.137,129.395,129.115,129.292,9704.82,129.2885
2021-03-06 01:00:00,129.129,129.129,129.129,129.129,0.0,129.087
2021-03-05 01:00:00,129.19,129.582,128.852,129.129,279298.12,129.087
2021-03-04 01:00:00,128.986,129.641,128.918,129.192,253855.41,129.189
2021-03-03 01:00:00,129.022,129.462,128.742,128.986,218084.84,128.9835
2021-03-02 01:00:00,128.74,129.079,128.187,129.023,208301.36,129.0205
2021-03-01 01:00:00,128.743,128.945,128.224,128.742,214079.51,128.7375
2021-02-28 01:00:00,128.652,128.811,128.548,128.743,7987.91,128.7405
2021-02-27 01:00:00,128.65,128.65,128.65,128.65,0.0,128.6115
2021-02-26 01:00:00,129.353,129.471,128.564,128.65,314863.19,128.6115
2021-02-25 01:00:00,128.948,129.98,128.879,129.356,270543.55,129.3545
2021-02-24 01:00:00,127.947,128.953,127.934,128.948,196225.45,128.9455
2021-02-23 01:00:00,127.736,128.056,127.689,127.947,148038.84,127.9445
2021-02-22 01:00:00,127.966,128.248,127.508,127.736,159368.03,127.733
2021-02-21 01:00:00,127.722,127.994,127.721,127.966,5591.72,127.964
2021-02-20 01:00:00,127.796,127.796,127.796,127.796,0.0,127.7625
2021-02-19 01:00:00,127.762,128.186,127.655,127.796,126803.32,127.7625
2021-02-18 01:00:00,127.509,127.84,127.332,127.763,129979.33,127.76
2021-02-17 01:00:00,128.283,128.359,127.313,127.51,153440.3,127.5075
2021-02-16 01:00:00,127.843,128.461,127.843,128.284,158129.09,128.2815
2021-02-15 01:00:00,127.35,127.977,127.288,127.844,94978.65,127.8405
2021-02-14 01:00:00,127.221,127.393,127.221,127.351,7816.34,127.3475
2021-02-13 01:00:00,127.227,127.227,127.227,127.227,0.0,127.1845
2021-02-12 01:00:00,127.075,127.309,126.984,127.227,116475.22,127.1845
2021-02-11 01:00:00,126.795,127.167,126.706,127.076,114586.5,127.0725
2021-02-10 01:00:00,126.731,127.082,126.651,126.795,155596.96,126.7915
2021-02-09 01:00:00,126.813,126.853,126.437,126.731,166269.93,126.7285
2021-02-08 01:00:00,126.995,127.131,126.652,126.815,140612.87,126.8115
2021-02-07 01:00:00,126.868,127.087,126.857,126.992,8523.49,126.987
2021-02-06 01:00:00,127.003,127.003,127.003,127.003,0.0,126.9595
2021-02-05 01:00:00,126.342,127.006,126.167,127.003,152319.69,126.9595
2021-02-04 01:00:00,126.437,126.468,126.102,126.341,145496.46,126.3385
2021-02-03 01:00:00,126.426,126.532,126.148,126.437,142506.91,126.434
2021-02-02 01:00:00,126.577,126.826,126.271,126.426,170396.4,126.423
2021-02-01 01:00:00,126.95,127.048,126.524,126.576,179484.47,126.5715
2021-01-31 01:00:00,127.143,127.175,126.914,126.95,11121.15,126.9465
2021-01-30 01:00:00,127.131,127.131,127.131,127.131,0.0,127.0925
2021-01-29 01:00:00,126.433,127.346,126.368,127.131,228745.52,127.0925
2021-01-28 01:00:00,126.049,126.67,126.011,126.433,227003.32,126.428
2021-01-27 01:00:00,126.018,126.198,125.603,126.049,218701.41,126.044
2021-01-26 01:00:00,126.004,126.164,125.693,126.02,158525.43,126.016
2021-01-25 01:00:00,126.289,126.374,125.814,126.005,164278.59,126.0
2021-01-24 01:00:00,126.351,126.402,126.279,126.29,4771.32,126.2855
2021-01-23 01:00:00,126.331,126.331,126.331,126.331,0.0,126.303
2021-01-22 01:00:00,125.928,126.402,125.921,126.331,153806.74,126.303
2021-01-21 01:00:00,125.462,125.973,125.384,125.932,179518.45,125.9275
2021-01-20 01:00:00,126.132,126.194,125.271,125.462,179144.14,125.4595
2021-01-19 01:00:00,125.26,126.215,125.243,126.132,181419.2,126.129
2021-01-18 01:00:00,125.396,125.43,125.092,125.261,171146.89,125.255
2021-01-17 01:00:00,125.442,125.498,125.388,125.397,9214.07,125.394
2021-01-16 01:00:00,125.45,125.45,125.45,125.45,0.0,125.429
2021-01-15 01:00:00,126.179,126.195,125.406,125.45,189045.39,125.429
2021-01-14 01:00:00,126.28,126.531,125.931,126.181,224401.9,126.176
2021-01-13 01:00:00,126.668,126.693,126.217,126.281,208879.23,126.2755
2021-01-12 01:00:00,126.648,126.871,126.543,126.669,203169.59,126.665
2021-01-11 01:00:00,126.856,127.008,126.559,126.648,206643.57,126.6435
2021-01-10 01:00:00,126.957,127.103,126.813,126.855,10586.62,126.8535
2021-01-09 01:00:00,127.119,127.119,127.119,127.119,0.0,127.074
2021-01-08 01:00:00,127.368,127.467,126.82,127.119,263994.91,127.074
2021-01-07 01:00:00,127.118,127.496,126.919,127.366,240535.08,127.3615
2021-01-06 01:00:00,126.296,127.247,126.144,127.121,311557.08,127.1165
2021-01-05 01:00:00,126.375,126.558,126.054,126.296,233255.06,126.2915
2021-01-04 01:00:00,126.482,126.8,126.103,126.375,235768.31,126.3715
2021-01-03 01:00:00,126.238,126.531,126.219,126.483,10392.83,126.479
2021-01-02 01:00:00,126.202,126.202,126.202,126.202,0.0,126.1615
2021-01-01 01:00:00,126.202,126.202,126.202,126.202,0.0,126.1615
2020-12-31 01:00:00,126.84,126.987,126.088,126.202,155992.44,126.1615
2020-12-30 01:00:00,126.892,127.143,126.471,126.838,173307.37,126.835
2020-12-29 01:00:00,126.757,127.238,126.753,126.891,166178.28,126.885
2020-12-28 01:00:00,126.354,126.96,126.053,126.758,176295.2,126.753
2020-12-27 01:00:00,126.426,126.434,126.262,126.355,5129.02,126.35
2020-12-26 01:00:00,126.281,126.281,126.281,126.281,0.0,126.2245
2020-12-25 01:00:00,126.239,126.481,126.002,126.281,7477.31,126.2245
2020-12-24 01:00:00,126.257,126.537,126.223,126.245,129896.53,126.23
2020-12-23 01:00:00,126.161,126.384,125.941,126.255,202814.54,126.251
2020-12-22 01:00:00,126.443,126.663,125.998,126.16,215316.54,126.157
2020-12-21 01:00:00,126.371,126.622,125.917,126.441,276911.86,126.4355
2020-12-20 01:00:00,126.585,126.666,126.266,126.371,6939.98,126.368
2020-12-19 01:00:00,126.68,126.68,126.68,126.68,0.0,126.633
2020-12-18 01:00:00,126.477,127.018,126.39,126.68,178951.51,126.633
2020-12-17 01:00:00,126.205,126.548,126.02,126.478,191870.63,126.475
2020-12-16 01:00:00,125.987,126.352,125.709,126.208,193927.87,126.206
2020-12-15 01:00:00,126.364,126.593,125.939,125.985,179874.96,125.9815
2020-12-14 01:00:00,126.146,126.52,125.922,126.363,190103.3,126.359
2020-12-13 01:00:00,126.288,126.312,126.073,126.146,10283.7,126.142
2020-12-12 01:00:00,126.033,126.033,126.033,126.033,0.0,125.996
2020-12-11 01:00:00,126.516,126.532,125.79,126.033,193334.4,125.996
2020-12-10 01:00:00,125.967,126.744,125.945,126.517,216578.04,126.513
2020-12-09 01:00:00,126.115,126.523,125.789,125.967,189024.94,125.9635
2020-12-08 01:00:00,125.953,126.263,125.865,126.116,190378.73,126.112
2020-12-07 01:00:00,126.303,126.489,125.953,125.954,205838.88,125.9495
2020-12-06 01:00:00,126.343,126.442,126.249,126.303,8888.45,126.2995
2020-12-05 01:00:00,126.362,126.362,126.362,126.362,0.0,126.336
2020-12-04 01:00:00,126.114,126.685,126.046,126.362,204256.77,126.336
2020-12-03 01:00:00,126.535,126.659,126.033,126.114,206228.79,126.1095
2020-12-02 01:00:00,125.899,126.567,125.781,126.535,225675.36,126.5315
2020-12-01 01:00:00,124.518,125.962,124.497,125.9,214310.73,125.896
2020-11-30 01:00:00,124.62,125.128,124.306,124.52,228529.17,124.5155
2020-11-29 01:00:00,124.552,124.674,124.444,124.619,8773.62,124.6165
2020-11-28 01:00:00,124.552,124.552,124.552,124.552,0.0,124.5115
2020-11-27 01:00:00,124.183,124.577,123.902,124.552,163581.91,124.5115
2020-11-26 01:00:00,124.414,124.573,123.915,124.182,140877.61,124.1795
2020-11-25 01:00:00,124.342,124.517,124.149,124.413,221597.21,124.41
2020-11-24 01:00:00,123.791,124.37,123.667,124.344,213778.89,124.3405
2020-11-23 01:00:00,123.19,123.831,123.113,123.792,202827.22,123.7875
2020-11-22 01:00:00,123.147,123.195,123.068,123.193,15511.1,123.1885
2020-11-21 01:00:00,123.174,123.174,123.174,123.174,0.0,123.1335
2020-11-20 01:00:00,123.181,123.487,123.013,123.174,194743.54,123.1335
2020-11-19 01:00:00,123.078,123.323,122.849,123.182,249604.5,123.178
2020-11-18 01:00:00,123.596,123.597,123.015,123.075,215704.04,123.0715
2020-11-17 01:00:00,123.976,124.03,123.52,123.597,194237.85,123.5925
2020-11-16 01:00:00,123.991,124.443,123.63,123.976,221484.83,123.972
2020-11-15 01:00:00,124.07,124.071,123.844,123.993,8953.27,123.9895
2020-11-14 01:00:00,123.871,123.871,123.871,123.871,0.0,123.8365
2020-11-13 01:00:00,124.065,124.305,123.664,123.871,188238.25,123.8365
2020-11-12 01:00:00,124.18,124.506,123.69,124.064,220429.57,124.06
2020-11-11 01:00:00,124.405,124.679,123.924,124.179,209902.9,124.175
2020-11-10 01:00:00,124.324,124.607,123.996,124.407,314314.49,124.4035
2020-11-09 01:00:00,122.801,125.138,122.733,124.326,326861.0,124.322
2020-11-08 01:00:00,122.885,122.887,122.69,122.803,10980.87,122.8
2020-11-07 01:00:00,122.759,122.759,122.759,122.759,0.0,122.728
2020-11-06 01:00:00,122.436,122.997,122.225,122.759,262800.22,122.728
2020-11-05 01:00:00,122.539,123.187,122.215,122.437,287779.13,122.432
2020-11-04 01:00:00,122.972,123.028,121.968,122.539,392879.01,122.534
2020-11-03 01:00:00,121.907,123.082,121.817,122.972,223334.22,122.9665
2020-11-02 01:00:00,121.756,122.158,121.736,121.908,194537.9,121.904
2020-11-01 01:00:00,121.832,121.914,121.705,121.755,9851.06,121.7515
2020-10-31 01:00:00,121.958,121.958,121.958,121.958,0.0,121.9135
2020-10-30 01:00:00,122.112,122.468,121.621,121.958,258368.29,121.9135
2020-10-29 01:00:00,122.559,122.892,121.9,122.112,227988.26,122.1085
2020-10-28 01:00:00,123.178,123.182,122.191,122.559,216948.03,122.555
2020-10-27 01:00:00,123.803,123.999,122.997,123.177,170473.96,123.1735
2020-10-26 01:00:00,124.046,124.208,123.78,123.803,167640.56,123.801
2020-10-25 02:00:00,124.163,124.181,123.977,124.045,12826.45,124.0415
2020-10-24 02:00:00,124.255,124.255,124.255,124.255,0.0,124.2135
2020-10-23 02:00:00,123.948,124.26,123.416,124.255,164400.78,124.2135
2020-10-22 02:00:00,124.068,124.099,123.653,123.948,180509.78,123.9445
2020-10-21 02:00:00,124.776,124.842,123.917,124.069,219396.74,124.0655
2020-10-20 02:00:00,124.116,125.002,124.101,124.776,187702.01,124.7725
2020-10-19 02:00:00,123.523,124.344,123.368,124.116,174155.26,124.112
2020-10-18 02:00:00,123.569,123.569,123.402,123.523,5775.76,123.518
2020-10-17 02:00:00,123.564,123.564,123.564,123.564,0.0,123.5145
2020-10-16 02:00:00,123.344,123.719,123.12,123.564,184615.16,123.5145
2020-10-15 02:00:00,123.492,123.777,123.02,123.343,210223.97,123.3395
2020-10-14 02:00:00,123.848,123.944,123.475,123.49,184348.3,123.4885
2020-10-13 02:00:00,124.441,124.473,123.811,123.847,186288.22,123.843
2020-10-12 02:00:00,124.808,124.858,124.291,124.441,150890.86,124.437
2020-10-11 02:00:00,125.027,125.099,124.804,124.811,8433.54,124.808
2020-10-10 02:00:00,124.981,124.981,124.981,124.981,0.0,124.9365
2020-10-09 02:00:00,124.766,125.09,124.518,124.981,176516.59,124.9365
2020-10-08 02:00:00,124.687,124.882,124.368,124.767,164409.45,124.7655
2020-10-07 02:00:00,124.001,124.882,123.87,124.687,195009.73,124.6835
2020-10-06 02:00:00,124.623,124.736,123.855,124.002,213860.56,123.9975
2020-10-05 02:00:00,123.667,124.719,123.642,124.623,170720.61,124.62
2020-10-04 02:00:00,123.368,123.719,123.358,123.667,19210.79,123.663
2020-10-03 02:00:00,123.472,123.472,123.472,123.472,0.0,123.427
2020-10-02 02:00:00,123.964,123.997,123.027,123.472,257012.98,123.427
2020-10-01 02:00:00,123.63,124.208,123.618,123.963,264068.63,123.961
2020-09-30 02:00:00,124.087,124.253,123.537,123.631,265225.64,123.626
2020-09-29 02:00:00,123.135,124.124,123.031,124.086,206405.51,124.0825
2020-09-28 02:00:00,122.839,123.212,122.382,123.135,183265.03,123.13
2020-09-27 02:00:00,122.748,122.901,122.715,122.84,3283.81,122.838
2020-09-26 02:00:00,122.849,122.849,122.849,122.849,0.0,122.828
2020-09-25 02:00:00,123.09,123.157,122.615,122.849,188640.27,122.828
2020-09-24 02:00:00,122.764,123.164,122.585,123.091,220958.92,123.0875
2020-09-23 02:00:00,122.986,123.197,122.583,122.764,210242.48,122.76
2020-09-22 02:00:00,123.152,123.28,122.661,122.984,210175.43,122.9815
2020-09-21 02:00:00,123.834,123.943,122.521,123.154,216891.65,123.15
2020-09-20 02:00:00,123.845,123.942,123.685,123.834,7948.74,123.8305
2020-09-19 02:00:00,123.849,123.849,123.849,123.849,0.0,123.824
2020-09-18 02:00:00,124.043,124.316,123.438,123.849,168892.06,123.824
2020-09-17 02:00:00,124.03,124.194,123.318,124.042,231091.86,124.039
2020-09-16 02:00:00,124.822,125.017,123.843,124.03,216051.7,124.0265
2020-09-15 02:00:00,125.477,125.774,124.757,124.821,160597.79,124.8185
2020-09-14 02:00:00,125.693,125.905,125.292,125.477,146830.7,125.474
2020-09-13 02:00:00,125.657,125.739,125.596,125.693,4577.36,125.6895
2020-09-12 02:00:00,125.781,125.781,125.781,125.781,0.0,125.7615
2020-09-11 02:00:00,125.509,126.128,125.488,125.781,177293.07,125.7615
2020-09-10 02:00:00,125.404,126.466,125.327,125.507,259142.38,125.5045
2020-09-09 02:00:00,124.7,125.65,124.454,125.404,220919.71,125.4005
2020-09-08 02:00:00,125.641,125.646,124.434,124.701,328305.22,124.6975
2020-09-07 02:00:00,125.819,125.947,125.519,125.643,129977.06,125.6385
2020-09-06 02:00:00,125.929,125.931,125.735,125.819,6902.92,125.8155
2020-09-05 02:00:00,125.789,125.789,125.789,125.789,0.0,125.773
2020-09-04 02:00:00,125.632,125.99,125.305,125.789,241964.38,125.773
2020-09-03 02:00:00,125.819,126.027,125.292,125.632,253959.02,125.629
2020-09-02 02:00:00,126.26,126.319,125.557,125.817,226574.05,125.814
2020-09-01 02:00:00,126.531,127.08,126.142,126.261,267253.83,126.2575
2020-08-31 02:00:00,125.771,126.851,125.403,126.53,545349.12,126.527
2020-08-30 02:00:00,125.568,125.955,125.499,125.773,17716.81,125.77
2020-08-29 02:00:00,125.463,125.463,125.463,125.463,0.0,125.4145
2020-08-28 02:00:00,126.081,126.778,125.201,125.463,310714.35,125.4145
2020-08-27 02:00:00,125.358,126.098,125.141,126.08,786685.35,126.0775
2020-08-26 02:00:00,125.915,126.146,125.265,125.36,206615.56,125.358
2020-08-25 02:00:00,125.017,126.035,124.945,125.917,200241.8,125.9135
2020-08-24 02:00:00,124.919,125.347,124.692,125.017,168748.26,125.0135
2020-08-23 02:00:00,124.812,124.981,124.759,124.919,7316.86,124.9155
2020-08-22 02:00:00,124.842,124.842,124.842,124.842,0.0,124.805
2020-08-21 02:00:00,125.441,125.562,124.446,124.842,217519.27,124.805
2020-08-20 02:00:00,125.65,125.787,125.087,125.442,292212.05,125.439
2020-08-19 02:00:00,125.725,126.066,125.383,125.653,417179.74,125.649
2020-08-18 02:00:00,125.882,126.096,125.347,125.724,315368.87,125.7205
2020-08-17 02:00:00,126.301,126.467,125.675,125.881,175284.73,125.878
2020-08-16 02:00:00,126.342,126.399,126.23,126.3,5855.0,126.2965
2020-08-15 02:00:00,126.267,126.267,126.267,126.267,0.0,126.2385
2020-08-14 02:00:00,126.41,126.419,125.746,126.267,181298.13,126.2385
2020-08-13 02:00:00,126.016,126.759,125.92,126.409,281073.93,126.4055
2020-08-12 02:00:00,124.972,126.226,124.954,126.017,289525.49,126.0135
2020-08-11 02:00:00,124.403,125.506,124.403,124.972,258576.81,124.9695
2020-08-10 02:00:00,124.716,124.819,124.344,124.403,219083.15,124.398
2020-08-09 02:00:00,124.913,125.035,124.704,124.717,8864.84,124.7125
2020-08-08 02:00:00,124.882,124.882,124.882,124.882,0.0,124.852
2020-08-07 02:00:00,125.389,125.399,124.467,124.882,248772.28,124.852
2020-08-06 02:00:00,125.333,125.591,124.667,125.39,306309.28,125.3865
2020-08-05 02:00:00,124.793,125.519,124.64,125.334,258901.19,125.3305
2020-08-04 02:00:00,124.702,125.004,124.268,124.794,289792.36,124.7885
2020-08-03 02:00:00,124.733,125.064,123.996,124.702,292325.38,124.698
2020-08-02 02:00:00,124.611,124.805,124.548,124.732,18694.76,124.728
2020-08-01 02:00:00,124.749,124.749,124.749,124.749,0.0,124.701
2020-07-31 02:00:00,124.29,125.213,123.845,124.749,374198.23,124.701
2020-07-30 02:00:00,123.758,124.313,123.341,124.291,304199.87,124.2875
2020-07-29 02:00:00,123.181,123.814,123.021,123.758,287309.01,123.754
2020-07-28 02:00:00,123.898,123.991,123.019,123.181,273712.14,123.1775
2020-07-27 02:00:00,123.485,123.938,123.225,123.897,303931.48,123.8945
2020-07-26 02:00:00,123.531,123.599,123.368,123.485,15751.05,123.481
2020-07-25 02:00:00,123.703,123.703,123.703,123.703,0.0,123.6925
2020-07-24 02:00:00,123.892,123.892,122.844,123.703,320136.23,123.6925
2020-07-23 02:00:00,123.953,124.246,123.714,123.891,390373.74,123.8885
2020-07-22 02:00:00,123.242,124.293,123.062,123.953,317104.88,123.9495
2020-07-21 02:00:00,122.813,123.304,122.475,123.242,242835.35,123.2385
2020-07-20 02:00:00,122.553,122.976,122.26,122.813,223554.08,122.8095
2020-07-19 02:00:00,122.486,122.57,122.265,122.553,9128.89,122.5505
2020-07-18 02:00:00,122.333,122.333,122.333,122.333,0.0,122.316
2020-07-17 02:00:00,122.183,122.578,121.933,122.333,164865.47,122.316
2020-07-16 02:00:00,122.05,122.506,121.819,122.183,296981.82,122.18
2020-07-15 02:00:00,122.377,122.502,121.826,122.053,253443.14,122.05
2020-07-14 02:00:00,121.715,122.427,121.474,122.377,259878.45,122.3735
2020-07-13 02:00:00,120.915,121.969,120.826,121.715,230129.54,121.7125
2020-07-12 02:00:00,120.897,120.979,120.853,120.913,9904.03,120.9095
2020-07-11 02:00:00,120.842,120.842,120.842,120.842,0.0,120.8345
2020-07-10 02:00:00,121.057,121.072,120.273,120.842,210875.91,120.8345
2020-07-09 02:00:00,121.639,121.971,120.907,121.055,243547.85,121.052
2020-07-08 02:00:00,121.289,121.884,121.143,121.64,210138.07,121.6365
2020-07-07 02:00:00,121.457,121.72,121.19,121.288,207902.76,121.2845
2020-07-06 02:00:00,121.005,121.971,121.002,121.456,190750.17,121.453
2020-07-05 02:00:00,120.899,121.029,120.898,121.003,5021.29,120.9995
2020-07-04 02:00:00,121.001,121.001,121.001,121.001,0.0,120.9015
2020-07-03 02:00:00,120.809,121.011,120.614,121.001,169678.54,120.9015
2020-07-02 02:00:00,120.814,121.443,120.755,120.807,214944.78,120.803
2020-07-01 02:00:00,121.321,121.486,120.266,120.815,246858.13,120.812
2020-06-30 02:00:00,121.001,121.433,120.593,121.321,244516.71,121.3165
2020-06-29 02:00:00,120.34,121.365,120.244,121.001,221857.31,120.9975
2020-06-28 02:00:00,120.266,120.465,120.224,120.34,9252.66,120.3355
2020-06-27 02:00:00,120.324,120.324,120.324,120.324,0.0,120.287
2020-06-26 02:00:00,120.216,120.384,119.817,120.324,190871.98,120.287
2020-06-25 02:00:00,120.414,120.629,120.144,120.217,303168.93,120.2135
2020-06-24 02:00:00,120.399,120.754,120.04,120.414,254926.89,120.4105
2020-06-23 02:00:00,120.562,121.103,119.912,120.4,306400.06,120.397
2020-06-22 02:00:00,119.417,120.61,119.349,120.563,216613.26,120.559
2020-06-21 02:00:00,119.523,119.525,119.317,119.418,12917.32,119.414
2020-06-20 02:00:00,119.498,119.498,119.498,119.498,0.0,119.4555
2020-06-19 02:00:00,119.93,120.218,119.388,119.498,242227.59,119.4555
2020-06-18 02:00:00,120.157,120.545,119.594,119.93,285416.71,119.927
2020-06-17 02:00:00,120.991,121.235,120.153,120.156,296546.75,120.1535
2020-06-16 02:00:00,121.867,122.124,120.478,120.992,313006.83,120.9865
2020-06-15 02:00:00,120.766,121.874,120.34,121.868,347396.68,121.8645
2020-06-14 02:00:00,120.699,120.924,120.654,120.765,20816.61,120.7615
2020-06-13 02:00:00,120.925,120.925,120.925,120.925,0.0,120.895
2020-06-12 02:00:00,120.572,121.818,120.261,120.925,345810.15,120.895
2020-06-11 02:00:00,121.633,121.898,120.441,120.57,385641.38,120.5665
2020-06-10 02:00:00,122.164,122.366,121.574,121.633,313607.94,121.629
2020-06-09 02:00:00,122.566,122.581,121.331,122.164,301908.64,122.16
2020-06-08 02:00:00,124.052,124.053,122.226,122.565,256214.97,122.562
2020-06-07 02:00:00,123.848,124.127,123.816,124.051,15248.61,124.0485
2020-06-06 02:00:00,123.778,123.778,123.778,123.778,0.0,123.7505
2020-06-05 02:00:00,123.734,124.433,123.544,123.778,326632.24,123.7505
2020-06-04 02:00:00,122.473,123.978,121.85,123.732,346867.89,123.73
2020-06-03 02:00:00,121.735,122.629,121.27,122.47,330401.85,122.468
2020-06-02 02:00:00,119.671,121.746,119.627,121.735,300028.57,121.731
2020-06-01 02:00:00,119.733,119.979,119.428,119.671,268821.26,119.6675
2020-05-31 02:00:00,119.757,119.831,119.592,119.732,13431.93,119.7285
2020-05-30 02:00:00,119.778,119.778,119.778,119.778,0.0,119.729
2020-05-29 02:00:00,119.251,119.901,118.864,119.778,311235.58,119.729
2020-05-28 02:00:00,118.774,119.397,118.487,119.251,279048.51,119.2475
2020-05-27 02:00:00,118.021,118.914,117.707,118.772,319485.83,118.7695
2020-05-26 02:00:00,117.405,118.34,117.387,118.02,224027.18,118.017
2020-05-25 02:00:00,117.537,117.551,117.089,117.405,137009.37,117.4015
2020-05-24 02:00:00,117.281,117.559,117.186,117.534,10409.42,117.532
2020-05-23 02:00:00,117.359,117.359,117.359,117.359,0.0,117.348
2020-05-22 02:00:00,117.866,117.984,116.998,117.359,186613.27,117.348
2020-05-21 02:00:00,118.141,118.528,117.735,117.866,209612.64,117.8635
2020-05-20 02:00:00,117.814,118.207,117.743,118.14,202414.29,118.137
2020-05-19 02:00:00,117.205,118.201,117.032,117.813,239625.63,117.8095
2020-05-18 02:00:00,115.995,117.241,115.841,117.204,215489.57,117.2005
2020-05-17 02:00:00,115.876,116.118,115.805,115.995,11076.88,115.9915
2020-05-16 02:00:00,115.892,115.892,115.892,115.892,0.0,115.8425
2020-05-15 02:00:00,116.012,116.203,115.479,115.892,232334.04,115.8425
2020-05-14 02:00:00,115.719,116.041,115.329,116.015,244609.87,116.0115
2020-05-13 02:00:00,116.237,116.404,115.697,115.72,259317.5,115.716
2020-05-12 02:00:00,116.304,116.855,115.963,116.236,217846.3,116.2325
2020-05-11 02:00:00,115.882,116.52,115.826,116.307,216226.25,116.305
2020-05-10 02:00:00,115.391,115.902,115.37,115.882,14237.02,115.879
2020-05-09 02:00:00,115.612,115.612,115.612,115.612,0.0,115.5815
2020-05-08 02:00:00,115.271,115.747,115.036,115.612,180865.98,115.5815
2020-05-07 02:00:00,114.698,115.286,114.605,115.269,241130.49,115.2665
2020-05-06 02:00:00,115.385,115.389,114.431,114.698,286655.64,114.695
2020-05-05 02:00:00,116.344,116.574,115.343,115.385,232021.09,115.382
2020-05-04 02:00:00,116.998,117.019,116.271,116.343,211218.71,116.3385
2020-05-03 02:00:00,117.334,117.396,116.952,116.997,13420.17,116.9935
2020-05-02 02:00:00,117.45,117.45,117.45,117.45,0.0,117.415
2020-05-01 02:00:00,117.427,117.768,117.024,117.45,213259.79,117.415
2020-04-30 02:00:00,115.965,117.783,115.555,117.428,286209.24,117.4255
2020-04-29 02:00:00,115.65,116.083,115.451,115.97,209373.98,115.967
2020-04-28 02:00:00,116.154,116.274,115.59,115.65,245285.35,115.6455
2020-04-27 02:00:00,116.337,116.513,116.053,116.154,234013.83,116.1505
2020-04-26 02:00:00,116.481,116.482,116.199,116.337,8981.58,116.3335
2020-04-25 02:00:00,116.326,116.326,116.326,116.326,0.0,116.3235
2020-04-24 02:00:00,116.005,116.448,115.548,116.326,230375.43,116.3235
2020-04-23 02:00:00,116.529,116.839,115.64,116.005,299735.9,116.0
2020-04-22 02:00:00,116.948,117.223,116.447,116.529,249841.15,116.5245
2020-04-21 02:00:00,116.983,117.168,116.222,116.945,297170.6,116.942
2020-04-20 02:00:00,117.002,117.293,116.9,116.983,231114.47,116.978
2020-04-19 02:00:00,117.071,117.075,116.85,117.006,11918.83,117.002
2020-04-18 02:00:00,116.961,116.961,116.961,116.961,0.0,116.946
2020-04-17 02:00:00,117.206,117.24,116.627,116.961,280771.98,116.946
2020-04-16 02:00:00,117.349,117.507,116.557,117.207,321151.77,117.201
2020-04-15 02:00:00,117.654,117.755,116.798,117.35,283898.63,117.345
2020-04-14 02:00:00,117.533,117.947,117.31,117.654,264013.52,117.651
2020-04-13 02:00:00,118.447,118.48,117.309,117.534,263546.99,117.53
2020-04-12 02:00:00,118.751,118.752,118.39,118.445,16939.74,118.4405
2020-04-11 02:00:00,118.738,118.738,118.738,118.738,0.0,118.6005
2020-04-10 02:00:00,118.589,118.752,118.416,118.738,252303.67,118.6005
2020-04-09 02:00:00,118.31,119.004,118.08,118.594,378177.19,118.5675
2020-04-08 02:00:00,118.382,118.697,117.923,118.309,378198.57,118.302
2020-04-07 02:00:00,117.862,119.042,117.516,118.382,401879.74,118.377
2020-04-06 02:00:00,117.485,118.314,117.438,117.861,403458.91,117.8545
2020-04-05 02:00:00,117.254,117.525,117.173,117.485,26048.54,117.476
2020-04-04 02:00:00,117.265,117.265,117.265,117.265,0.0,117.2345
2020-04-03 02:00:00,117.18,117.357,116.737,117.265,367499.07,117.2345
2020-04-02 02:00:00,117.516,117.725,116.354,117.182,437722.62,117.1755
2020-04-01 02:00:00,118.558,118.884,116.957,117.515,442819.19,117.5075
2020-03-31 02:00:00,119.208,119.714,118.206,118.557,510901.56,118.548
2020-03-30 02:00:00,119.689,119.868,118.805,119.207,499097.48,119.199
2020-03-29 01:00:00,119.781,120.184,119.596,119.689,34992.7,119.681
2020-03-28 01:00:00,120.253,120.253,120.253,120.253,0.0,120.218
2020-03-27 01:00:00,120.578,120.73,118.81,120.253,593524.48,120.218
2020-03-26 01:00:00,120.69,121.096,119.963,120.577,680963.61,120.566
2020-03-25 01:00:00,120.002,121.155,119.525,120.69,717486.91,120.6845
2020-03-24 01:00:00,119.289,120.546,118.823,120.002,669675.22,119.9955
2020-03-23 01:00:00,118.02,119.944,117.733,119.302,778503.53,119.295
2020-03-22 01:00:00,118.796,118.838,118.007,118.02,63523.49,118.0135
2020-03-21 01:00:00,118.547,118.547,118.547,118.547,0.0,118.513
2020-03-20 01:00:00,118.61,119.306,117.853,118.547,836832.12,118.513
2020-03-19 01:00:00,118.626,119.334,117.418,118.605,840754.02,118.595
2020-03-18 01:00:00,118.351,118.931,116.904,118.626,796058.82,118.616
2020-03-17 01:00:00,118.59,119.701,117.307,118.353,997145.39,118.342
2020-03-16 01:00:00,118.872,119.45,117.146,118.588,796207.12,118.578
2020-03-15 01:00:00,119.407,120.122,118.114,118.87,81144.4,118.838
2020-03-14 01:00:00,119.901,119.901,119.901,119.901,0.0,119.867
2020-03-13 01:00:00,117.047,120.329,116.978,119.901,692625.92,119.867
2020-03-12 01:00:00,117.735,118.353,116.313,117.059,780308.53,117.047
2020-03-11 01:00:00,118.856,119.23,117.516,117.733,582340.14,117.727
2020-03-10 01:00:00,117.517,119.493,117.278,118.856,655464.42,118.848
2020-03-09 01:00:00,118.368,118.572,116.129,117.519,628534.96,117.511
2020-03-08 01:00:00,118.358,118.717,117.94,118.371,54631.78,118.364
2020-03-07 01:00:00,118.901,118.901,118.901,118.901,0.0,118.868
2020-03-06 01:00:00,119.251,119.441,118.714,118.901,538165.41,118.868
2020-03-05 01:00:00,119.984,119.987,119.003,119.253,576212.75,119.2505
2020-03-04 01:00:00,119.669,120.137,119.033,119.981,465688.68,119.977
2020-03-03 01:00:00,120.951,120.955,119.47,119.672,576405.04,119.6665
2020-03-02 01:00:00,119.003,120.959,118.862,120.95,565425.39,120.947
2020-03-01 01:00:00,118.716,119.203,118.642,119.004,26513.45,118.9995
2020-02-29 01:00:00,119.218,119.218,119.218,119.218,0.0,119.19
2020-02-28 01:00:00,120.548,120.598,118.382,119.218,600660.07,119.19
2020-02-27 01:00:00,120.174,121.045,119.956,120.549,535481.6,120.545
2020-02-26 01:00:00,119.997,120.592,119.757,120.174,478765.21,120.171
2020-02-25 01:00:00,120.268,120.54,119.415,119.997,440977.15,119.994
2020-02-24 01:00:00,120.908,121.073,119.903,120.267,385630.56,120.2635
2020-02-23 01:00:00,120.39,120.961,120.39,120.908,39037.26,120.9045
2020-02-22 01:00:00,121.036,121.036,121.036,121.036,0.0,121.008
2020-02-21 01:00:00,120.803,121.354,120.362,121.036,260881.68,121.008
2020-02-20 01:00:00,120.214,121.4,120.099,120.803,223036.47,120.8
2020-02-19 01:00:00,118.66,120.497,118.636,120.215,210834.92,120.2115
2020-02-18 01:00:00,119.033,119.036,118.463,118.66,232254.71,118.6585
2020-02-17 01:00:00,119.035,119.198,118.908,119.032,127095.52,119.0295
2020-02-16 01:00:00,119.115,119.115,118.968,119.035,18140.68,119.032
2020-02-15 01:00:00,118.935,118.935,118.935,118.935,0.0,118.909
2020-02-14 01:00:00,119.013,119.233,118.87,118.935,185710.99,118.909
2020-02-13 01:00:00,119.497,119.601,118.878,119.012,199906.07,119.0085
2020-02-12 01:00:00,119.944,120.309,119.408,119.497,120459.46,119.4915
2020-02-11 01:00:00,119.763,120.028,119.597,119.944,154108.93,119.9405
2020-02-10 01:00:00,120.035,120.343,119.683,119.764,205662.47,119.7615
2020-02-09 01:00:00,120.087,120.157,119.976,120.037,14750.93,120.0335
2020-02-08 01:00:00,120.178,120.178,120.178,120.178,0.0,120.129
2020-02-07 01:00:00,120.759,120.767,120.095,120.178,237231.66,120.129
2020-02-06 01:00:00,120.809,121.025,120.571,120.76,206405.78,120.757
2020-02-05 01:00:00,120.882,121.155,120.661,120.809,243977.53,120.8065
2020-02-04 01:00:00,120.163,120.985,120.067,120.884,247275.88,120.8795
2020-02-03 01:00:00,120.198,120.383,119.923,120.162,268170.49,120.1595
2020-02-02 01:00:00,120.359,120.369,120.06,120.197,13936.19,120.193
2020-02-01 01:00:00,120.26,120.26,120.26,120.26,0.0,120.2115
2020-01-31 01:00:00,120.098,120.411,120.028,120.26,271708.87,120.2115
2020-01-30 01:00:00,120.042,120.295,119.781,120.098,277531.3,120.0935
2020-01-29 01:00:00,120.297,120.368,119.894,120.041,194284.73,120.0385
2020-01-28 01:00:00,120.042,120.43,119.813,120.296,222363.79,120.293
2020-01-27 01:00:00,119.951,120.403,119.91,120.043,243187.55,120.0385
2020-01-26 01:00:00,120.217,120.277,119.936,119.95,28130.86,119.948
2020-01-25 01:00:00,120.517,120.517,120.517,120.517,0.0,120.4845
2020-01-24 01:00:00,121.137,121.278,120.419,120.517,193877.07,120.4845
2020-01-23 01:00:00,121.766,121.798,120.638,121.138,244494.59,121.1345
2020-01-22 01:00:00,121.843,122.019,121.618,121.766,182930.58,121.7625
2020-01-21 01:00:00,122.259,122.376,121.72,121.843,202008.47,121.8405
2020-01-20 01:00:00,122.253,122.321,122.038,122.258,107978.18,122.2545
2020-01-19 01:00:00,122.147,122.259,122.106,122.253,8561.55,122.2505
2020-01-18 01:00:00,122.213,122.213,122.213,122.213,0.0,122.1645
2020-01-17 01:00:00,122.712,122.846,122.126,122.213,149545.96,122.1645
2020-01-16 01:00:00,122.553,122.875,122.509,122.712,165087.09,122.709
2020-01-15 01:00:00,122.245,122.724,122.214,122.553,179639.99,122.5495
2020-01-14 01:00:00,122.495,122.77,122.19,122.245,210119.76,122.241
2020-01-13 01:00:00,121.786,122.504,121.767,122.496,154364.52,122.4925
2020-01-12 01:00:00,121.802,121.843,121.741,121.787,9947.45,121.783
2020-01-11 01:00:00,121.78,121.78,121.78,121.78,0.0,121.759
2020-01-10 01:00:00,121.653,121.842,121.526,121.78,174967.25,121.759
2020-01-09 01:00:00,121.185,121.692,121.181,121.653,228149.87,121.65
2020-01-08 01:00:00,120.464,121.386,120.173,121.184,364320.89,121.181
2020-01-07 01:00:00,121.376,121.45,120.226,120.465,257881.68,120.462
2020-01-06 01:00:00,120.504,121.401,120.454,121.378,226224.21,121.3745
2020-01-05 01:00:00,120.512,120.549,120.286,120.505,18650.51,120.5015
2020-01-04 01:00:00,120.635,120.635,120.635,120.635,0.0,120.604
2020-01-03 01:00:00,121.257,121.29,120.172,120.635,293661.21,120.604
2020-01-02 01:00:00,121.987,122.028,120.986,121.257,280448.31,121.255
2020-01-01 01:00:00,122.041,122.049,121.853,121.989,13619.78,121.985
2019-12-31 01:00:00,121.988,122.101,121.729,121.891,155718.85,121.859
2019-12-30 01:00:00,122.407,122.491,121.876,121.986,211197.18,121.982
2019-12-29 01:00:00,122.452,122.501,122.385,122.407,22020.94,122.4025
2019-12-28 01:00:00,122.438,122.438,122.438,122.438,0.0,122.404
2019-12-27 01:00:00,121.714,122.507,121.605,122.438,169883.53,122.404
2019-12-26 01:00:00,121.348,121.788,121.331,121.714,126674.21,121.709
2019-12-25 01:00:00,121.271,121.379,121.092,121.348,19096.75,121.344
2019-12-24 01:00:00,121.317,121.378,121.067,121.275,147222.89,121.2545
2019-12-23 01:00:00,121.328,121.356,121.087,121.318,140185.23,121.313
2019-12-22 01:00:00,121.332,121.359,121.239,121.328,11429.27,121.3245
2019-12-21 01:00:00,121.245,121.245,121.245,121.245,0.0,121.228
2019-12-20 01:00:00,121.678,121.695,121.196,121.245,148032.52,121.228
2019-12-19 01:00:00,121.772,122.054,121.427,121.679,186264.47,121.675
2019-12-18 01:00:00,122.138,122.144,121.753,121.771,166772.07,121.768
2019-12-17 01:00:00,122.033,122.464,121.93,122.137,168479.5,122.1345
2019-12-16 01:00:00,121.685,122.241,121.657,122.032,164469.51,122.0285
2019-12-15 01:00:00,121.632,121.787,121.632,121.686,15054.9,121.682
2019-12-14 01:00:00,121.595,121.595,121.595,121.595,0.0,121.5785
2019-12-13 01:00:00,122.355,122.653,121.467,121.595,320404.35,121.5785
2019-12-12 01:00:00,120.855,122.586,120.762,122.353,266596.29,122.351
2019-12-11 01:00:00,120.656,120.932,120.378,120.856,177173.96,120.8525
2019-12-10 01:00:00,120.149,120.765,120.122,120.655,194770.28,120.653
2019-12-09 01:00:00,120.139,120.272,119.996,120.149,147547.86,120.146
2019-12-08 01:00:00,120.169,120.181,120.078,120.142,6605.96,120.139
2019-12-07 01:00:00,120.093,120.093,120.093,120.093,0.0,120.063
2019-12-06 01:00:00,120.736,120.791,120.006,120.093,192117.72,120.063
2019-12-05 01:00:00,120.617,120.892,120.561,120.736,189920.38,120.7325
2019-12-04 01:00:00,120.422,120.817,120.103,120.619,222231.5,120.6165
2019-12-03 01:00:00,120.761,120.964,120.251,120.422,236186.28,120.419
2019-12-02 01:00:00,120.687,121.021,120.525,120.76,200181.59,120.7575
2019-12-01 01:00:00,120.772,120.781,120.648,120.687,9435.56,120.685
2019-11-30 01:00:00,120.71,120.71,120.71,120.71,0.0,120.648
2019-11-29 01:00:00,120.601,120.764,120.414,120.71,176224.07,120.648
2019-11-28 01:00:00,120.368,120.608,120.343,120.6,129133.61,120.5975
2019-11-27 01:00:00,120.251,120.628,120.063,120.368,190004.86,120.366
2019-11-26 01:00:00,120.018,120.257,119.922,120.251,188324.35,120.249
2019-11-25 01:00:00,119.847,120.12,119.789,120.018,169189.25,120.0145
2019-11-24 01:00:00,119.784,119.87,119.74,119.846,15358.27,119.8435
2019-11-23 01:00:00,119.761,119.761,119.761,119.761,0.0,119.722
2019-11-22 01:00:00,120.153,120.502,119.667,119.761,213268.82,119.722
2019-11-21 01:00:00,120.169,120.581,119.944,120.154,249606.91,120.1515
2019-11-20 01:00:00,120.173,120.411,119.853,120.169,245292.23,120.1655
2019-11-19 01:00:00,120.323,120.499,120.004,120.173,185450.48,120.1695
2019-11-18 01:00:00,120.16,120.69,120.155,120.323,192985.88,120.32
2019-11-17 01:00:00,120.272,120.283,120.098,120.159,14315.06,120.157
2019-11-16 01:00:00,120.278,120.278,120.278,120.278,0.0,120.2315
2019-11-15 01:00:00,119.567,120.32,119.546,120.278,190739.13,120.2315
2019-11-14 01:00:00,119.789,119.815,119.252,119.566,228417.99,119.562
2019-11-13 01:00:00,120.033,120.184,119.582,119.789,221927.6,119.7865
2019-11-12 01:00:00,120.332,120.641,119.949,120.033,225831.95,120.03
2019-11-11 01:00:00,120.372,120.416,120.074,120.332,168832.93,120.329
2019-11-10 01:00:00,120.424,120.425,120.346,120.372,7172.96,120.3685
2019-11-09 01:00:00,120.397,120.397,120.397,120.397,0.0,120.3805
2019-11-08 01:00:00,120.779,120.882,120.219,120.397,215972.04,120.3805
2019-11-07 01:00:00,120.577,121.117,120.142,120.781,280903.5,120.778
2019-11-06 01:00:00,120.874,120.91,120.474,120.577,200409.63,120.574
2019-11-05 01:00:00,120.969,121.303,120.698,120.872,229035.2,120.869
2019-11-04 01:00:00,120.84,121.111,120.768,120.971,201401.7,120.9675
2019-10-26 02:00:00,120.443,120.443,120.443,120.443,0.0,120.4045
2019-10-25 02:00:00,120.605,120.806,120.356,120.443,187103.52,120.4045
2019-10-24 02:00:00,120.942,121.391,120.433,120.606,280357.11,120.6025
2019-10-23 02:00:00,120.738,121.058,120.392,120.942,250024.75,120.9395
2019-10-22 02:00:00,121.118,121.29,120.584,120.739,240488.23,120.7365
2019-10-21 02:00:00,120.954,121.479,120.929,121.117,212458.65,121.115
2019-10-20 02:00:00,121.105,121.106,120.792,120.952,32206.08,120.9495
2019-10-19 02:00:00,121.122,121.122,121.122,121.122,0.0,121.098
2019-10-18 02:00:00,120.819,121.153,120.675,121.122,230078.9,121.098
2019-10-17 02:00:00,120.359,121.358,120.34,120.818,286580.9,120.815
2019-10-16 02:00:00,120.058,120.475,119.749,120.359,293181.99,120.3565
2019-10-15 02:00:00,119.524,120.229,119.126,120.057,291310.41,120.0545
2019-10-14 02:00:00,119.635,119.636,119.192,119.525,214606.94,119.5215
2019-10-13 02:00:00,119.569,119.737,119.557,119.636,18462.27,119.6325
2019-10-12 02:00:00,119.714,119.714,119.714,119.714,0.0,119.672
2019-10-11 02:00:00,118.783,120.006,118.769,119.714,313651.58,119.672
2019-10-10 02:00:00,117.792,118.947,117.738,118.784,354587.53,118.7815
2019-10-09 02:00:00,117.215,118.099,117.213,117.791,291850.66,117.788
2019-10-08 02:00:00,117.681,117.973,117.134,117.213,286245.04,117.21
2019-10-07 02:00:00,117.267,117.909,117.145,117.682,217576.46,117.678
2019-10-06 02:00:00,117.198,117.351,117.092,117.265,20491.67,117.262
2019-10-05 02:00:00,117.399,117.399,117.399,117.399,0.0,117.3775
2019-10-04 02:00:00,117.249,117.493,117.089,117.399,248167.85,117.3775
2019-10-03 02:00:00,117.463,117.655,117.075,117.246,308508.2,117.2445
2019-10-02 02:00:00,117.816,118.006,117.33,117.461,312301.15,117.4585
2019-10-01 02:00:00,117.78,118.176,117.678,117.816,285001.46,117.813
2019-09-30 02:00:00,118.124,118.151,117.55,117.78,231254.55,117.779
2019-09-29 02:00:00,118.174,118.205,118.063,118.124,12283.69,118.1215
2019-09-28 02:00:00,118.151,118.151,118.151,118.151,0.0,118.104
2019-09-27 02:00:00,117.696,118.478,117.45,118.151,242334.64,118.104
2019-09-26 02:00:00,117.955,118.057,117.521,117.695,254095.96,117.692
2019-09-25 02:00:00,118.034,118.205,117.796,117.955,320574.62,117.952
2019-09-24 02:00:00,118.295,118.564,117.894,118.035,270846.62,118.0315
2019-09-23 02:00:00,118.626,118.794,117.758,118.296,242962.8,118.292
2019-09-22 02:00:00,118.745,118.758,118.584,118.625,12844.39,118.6215
2019-09-21 02:00:00,118.569,118.569,118.569,118.569,0.0,118.5425
2019-09-20 02:00:00,119.37,119.384,118.469,118.569,254389.55,118.5425
2019-09-19 02:00:00,119.61,119.645,118.96,119.371,276149.95,119.3675
2019-09-18 02:00:00,119.711,119.827,119.415,119.61,225823.67,119.606
2019-09-17 02:00:00,119.001,119.779,118.879,119.711,248251.13,119.7075
2019-09-16 02:00:00,119.436,119.515,118.69,119.005,247027.49,119.001
2019-09-15 02:00:00,119.019,119.519,119.015,119.436,28224.11,119.432
2019-09-14 02:00:00,119.799,119.799,119.799,119.799,0.0,119.733
2019-09-13 02:00:00,119.625,120.015,119.542,119.799,241082.45,119.733
2019-09-12 02:00:00,118.98,119.825,117.559,119.624,316732.18,119.621
2019-09-11 02:00:00,118.903,119.176,118.301,118.978,212034.25,118.974
2019-09-10 02:00:00,118.585,118.904,118.274,118.903,210883.18,118.9015
2019-09-09 02:00:00,117.86,118.614,117.74,118.585,195214.9,118.581
2019-09-08 02:00:00,117.823,117.921,117.81,117.86,11787.72,117.8565
2019-09-07 02:00:00,117.927,117.927,117.927,117.927,0.0,117.8975
2019-09-06 02:00:00,118.152,118.27,117.827,117.927,243349.82,117.8975
2019-09-05 02:00:00,117.35,118.617,117.279,118.152,254582.89,118.1485
2019-09-04 02:00:00,116.154,117.46,116.148,117.348,238664.04,117.3445
2019-09-03 02:00:00,116.439,116.474,115.868,116.153,268539.49,116.15
2019-09-02 02:00:00,116.651,116.783,116.353,116.437,187140.78,116.4345
2019-09-01 02:00:00,116.617,116.699,116.417,116.652,19455.45,116.6485
2019-08-31 02:00:00,116.878,116.878,116.878,116.878,0.0,116.793
2019-08-30 02:00:00,117.741,117.781,116.625,116.878,244058.44,116.793
2019-08-29 02:00:00,117.605,117.948,117.284,117.738,265111.35,117.735
2019-08-28 02:00:00,117.276,117.682,117.107,117.604,285609.36,117.6015
2019-08-27 02:00:00,117.644,117.769,117.216,117.276,270996.44,117.272
2019-08-26 02:00:00,116.84,118.206,116.84,117.643,412361.59,117.64
2019-08-25 02:00:00,117.118,117.151,116.57,116.841,36866.27,116.836
2019-08-24 02:00:00,117.577,117.577,117.577,117.577,0.0,117.4855
2019-08-23 02:00:00,118.024,118.17,117.266,117.577,276974.59,117.4855
2019-08-22 02:00:00,118.23,118.306,117.737,118.023,232398.12,118.0195
2019-08-21 02:00:00,117.937,118.335,117.937,118.228,157360.62,118.225
2019-08-20 02:00:00,118.097,118.273,117.584,117.937,196734.7,117.933
2019-08-19 02:00:00,118.063,118.482,117.868,118.096,200525.86,118.0935
2019-08-18 02:00:00,117.902,118.142,117.902,118.063,9790.27,118.059
2019-08-17 02:00:00,118.026,118.026,118.026,118.026,0.0,117.977
2019-08-16 02:00:00,117.882,118.171,117.583,118.026,227723.0,117.977
2019-08-15 02:00:00,118.028,118.99,117.629,117.882,397472.79,117.877
2019-08-14 02:00:00,119.151,119.156,117.789,118.029,347293.83,118.025
2019-08-13 02:00:00,118.204,119.591,117.69,119.15,390152.35,119.1465
2019-08-12 02:00:00,118.119,118.309,117.518,118.204,313932.91,118.2
2019-08-11 02:00:00,118.251,118.418,118.003,118.119,14924.58,118.1145
2019-08-10 02:00:00,118.441,118.441,118.441,118.441,0.0,118.405
2019-08-09 02:00:00,118.458,118.747,118.091,118.441,289731.04,118.405
2019-08-08 02:00:00,118.902,119.17,118.324,118.458,376293.58,118.4545
2019-08-07 02:00:00,119.146,119.195,118.441,118.902,493436.28,118.8985
2019-08-06 02:00:00,118.727,119.886,118.707,119.147,455211.41,119.1445
2019-08-05 02:00:00,118.38,118.936,117.681,118.727,522816.91,118.724
2019-08-04 02:00:00,118.407,118.524,118.345,118.378,26755.72,118.3755
2019-08-03 02:00:00,118.446,118.446,118.446,118.446,0.0,118.4
2019-08-02 02:00:00,119.039,119.112,118.268,118.446,487208.55,118.4
2019-08-01 02:00:00,120.485,120.713,118.871,119.04,442965.88,119.037
2019-07-31 02:00:00,121.129,121.194,120.353,120.485,325203.83,120.4815
2019-07-30 02:00:00,121.294,121.385,120.887,121.129,302136.59,121.126
2019-07-29 02:00:00,120.913,121.335,120.738,121.295,197358.95,121.292
2019-07-28 02:00:00,120.93,120.967,120.874,120.912,8323.07,120.91
2019-07-27 02:00:00,120.986,120.986,120.986,120.986,0.0,120.955
2019-07-26 02:00:00,121.12,121.2,120.798,120.986,209526.81,120.955
2019-07-25 02:00:00,120.553,121.379,120.055,121.12,286237.29,121.1185
2019-07-24 02:00:00,120.698,120.706,120.211,120.554,226719.67,120.551
2019-07-23 02:00:00,120.904,121.094,120.497,120.697,229646.81,120.695
2019-07-22 02:00:00,120.956,121.171,120.837,120.903,251608.66,120.902
2019-07-21 02:00:00,120.904,120.963,120.807,120.955,24949.63,120.9515
2019-07-20 02:00:00,120.923,120.923,120.923,120.923,0.0,120.889
2019-07-19 02:00:00,120.955,121.285,120.814,120.923,274498.93,120.889
2019-07-18 02:00:00,121.185,121.215,120.785,120.954,297553.64,120.9525
2019-07-17 02:00:00,121.317,121.49,121.133,121.184,217126.32,121.1815
2019-07-16 02:00:00,121.506,121.686,121.101,121.315,255116.3,121.3125
2019-07-15 02:00:00,121.543,121.857,121.424,121.506,252297.27,121.5025
2019-07-14 02:00:00,121.652,121.691,121.515,121.542,15246.66,121.5385
2019-07-13 02:00:00,121.636,121.636,121.636,121.636,0.0,121.606
2019-07-12 02:00:00,122.182,122.237,121.519,121.636,229990.9,121.606
2019-07-11 02:00:00,121.984,122.197,121.627,122.18,250380.32,122.1765
2019-07-10 02:00:00,122.058,122.324,121.957,121.984,320195.12,121.9815
2019-07-09 02:00:00,121.941,122.137,121.853,122.058,278529.5,122.055
2019-07-08 02:00:00,121.803,121.989,121.52,121.94,253721.81,121.937
2019-07-07 02:00:00,121.745,121.904,121.723,121.804,17133.1,121.802
2019-07-06 02:00:00,121.83,121.83,121.83,121.83,0.0,121.785
2019-07-05 02:00:00,121.685,121.936,121.612,121.83,285733.36,121.785
2019-07-04 02:00:00,121.646,121.723,121.542,121.685,189184.31,121.6815
2019-07-03 02:00:00,121.756,121.804,121.319,121.645,310861.11,121.643
2019-07-02 02:00:00,122.327,122.543,121.727,121.755,291309.69,121.752
2019-07-01 02:00:00,123.121,123.126,122.167,122.328,348949.9,122.325
2019-06-30 02:00:00,122.945,123.358,122.918,123.122,24384.62,123.12
2019-06-29 02:00:00,122.731,122.731,122.731,122.731,0.0,122.685
2019-06-28 02:00:00,122.533,122.786,122.288,122.731,310462.7,122.685
2019-06-27 02:00:00,122.553,122.898,122.407,122.534,359965.16,122.5305
2019-06-26 02:00:00,121.842,122.634,121.842,122.552,377121.09,122.5485
2019-06-25 02:00:00,122.359,122.471,121.655,121.843,428163.82,121.84
2019-06-24 02:00:00,122.171,122.399,122.132,122.359,350580.61,122.356
2019-06-23 02:00:00,122.066,122.235,121.999,122.17,19844.14,122.167
2019-06-22 02:00:00,122.032,122.032,122.032,122.032,0.0,122.0005
2019-06-21 02:00:00,121.193,122.128,120.955,122.032,406765.86,122.0005
2019-06-20 02:00:00,121.479,121.924,121.092,121.193,441342.74,121.19
2019-06-19 02:00:00,121.596,121.679,121.172,121.478,328333.98,121.4745
2019-06-18 02:00:00,121.837,121.874,121.067,121.595,384555.57,121.593
2019-06-17 02:00:00,121.777,122.13,121.651,121.839,276707.0,121.836
2019-06-16 02:00:00,121.668,121.804,121.626,121.777,22212.34,121.7745
2019-06-15 02:00:00,121.739,121.739,121.739,121.739,0.0,121.7135
2019-06-14 02:00:00,122.187,122.269,121.594,121.739,336856.57,121.7135
2019-06-13 02:00:00,122.521,122.567,122.141,122.186,351594.93,122.1845
2019-06-12 02:00:00,122.906,123.008,122.423,122.522,372721.46,122.5185
2019-06-11 02:00:00,122.644,123.186,122.629,122.905,371716.12,122.902
2019-06-10 02:00:00,122.759,122.927,122.628,122.645,356218.75,122.643
2019-06-09 02:00:00,122.885,122.926,122.722,122.761,20397.06,122.7595
2019-06-08 02:00:00,122.649,122.649,122.649,122.649,0.0,122.6185
2019-06-07 02:00:00,122.298,122.72,122.102,122.649,322108.0,122.6185
2019-06-06 02:00:00,121.636,122.4,121.26,122.297,401540.91,122.2935
2019-06-05 02:00:00,121.835,122.27,121.481,121.636,439634.02,121.633
2019-06-04 02:00:00,121.5,121.847,121.306,121.836,449488.52,121.833
2019-06-03 02:00:00,120.931,121.655,120.788,121.5,434029.48,121.4975
2019-06-02 02:00:00,120.952,121.022,120.853,120.931,20252.24,120.928
2019-06-01 02:00:00,120.951,120.951,120.951,120.951,0.0,120.9355
2019-05-31 02:00:00,121.689,121.846,120.924,120.951,432831.66,120.9355
2019-05-30 02:00:00,122.019,122.264,121.675,121.689,368264.05,121.687
2019-05-29 02:00:00,122.134,122.216,121.584,122.019,423803.85,122.0165
2019-05-28 02:00:00,122.587,122.707,122.007,122.136,343465.2,122.1325
2019-05-27 02:00:00,122.607,122.81,122.474,122.588,244681.96,122.585
2019-05-26 02:00:00,122.606,122.606,122.606,122.606,6.46,122.6025
2019-05-25 02:00:00,122.481,122.481,122.481,122.481,0.0,122.4705
2019-05-24 02:00:00,122.537,122.828,122.439,122.481,344021.35,122.4705
2019-05-23 02:00:00,122.958,123.054,122.151,122.536,418531.1,122.533
2019-05-22 02:00:00,123.445,123.512,122.944,122.955,303955.44,122.952
2019-05-21 02:00:00,122.94,123.748,122.678,123.444,330502.64,123.4405
2019-05-20 02:00:00,123.011,123.194,122.541,122.939,384093.5,122.9375
2019-05-19 02:00:00,122.967,123.036,122.823,123.009,19080.2,123.006
2019-05-18 02:00:00,122.808,122.808,122.808,122.808,0.0,122.7995
2019-05-17 02:00:00,122.779,123.001,122.278,122.808,354581.6,122.7995
2019-05-16 02:00:00,122.689,122.969,122.545,122.779,330174.45,122.7755
2019-05-15 02:00:00,122.878,123.095,122.085,122.689,333883.94,122.6865
2019-05-14 02:00:00,122.615,123.404,122.612,122.879,327347.34,122.8755
2019-05-13 02:00:00,123.203,123.346,122.554,122.614,353975.33,122.61
2019-05-12 02:00:00,123.369,123.502,123.18,123.203,20787.46,123.2
2019-05-11 02:00:00,123.556,123.556,123.556,123.556,0.0,123.5305
2019-05-10 02:00:00,123.21,123.62,123.047,123.556,355308.09,123.5305
2019-05-09 02:00:00,123.216,123.271,122.49,123.213,348771.17,123.209
2019-05-08 02:00:00,123.384,123.524,123.113,123.216,331345.97,123.212
2019-05-07 02:00:00,124.115,124.258,123.113,123.387,308312.27,123.384
2019-05-06 02:00:00,123.751,124.302,123.366,124.115,297848.56,124.112
2019-05-05 02:00:00,123.638,124.104,123.605,123.751,31454.97,123.7485
2019-05-04 02:00:00,124.469,124.469,124.469,124.469,0.0,124.461
2019-05-03 02:00:00,124.591,124.622,124.282,124.469,228827.88,124.461
2019-05-02 02:00:00,124.876,125.128,124.559,124.591,273520.64,124.5875
2019-05-01 02:00:00,125.003,125.234,124.725,124.877,181831.12,124.874
2019-04-30 02:00:00,124.975,125.095,124.476,125.002,226795.52,124.9985
2019-04-29 02:00:00,124.5,125.101,124.469,124.975,171341.25,124.9705
2019-04-28 02:00:00,124.487,124.522,124.439,124.5,5363.16,124.496
2019-04-27 02:00:00,124.451,124.451,124.451,124.451,0.0,124.4275
2019-04-26 02:00:00,124.298,124.719,124.093,124.451,244238.27,124.4275
2019-04-25 02:00:00,125.145,125.238,124.214,124.295,241914.88,124.2935
2019-04-24 02:00:00,125.579,125.605,124.809,125.145,268006.96,125.141
2019-04-23 02:00:00,126.027,126.058,125.284,125.578,221362.34,125.5735
2019-04-22 02:00:00,125.847,126.072,125.754,126.026,174006.32,126.0225
2019-04-21 02:00:00,125.856,125.87,125.785,125.847,12330.17,125.842
2019-04-20 02:00:00,125.876,125.876,125.876,125.876,0.0,125.83
2019-04-19 02:00:00,125.819,125.951,125.723,125.876,176179.42,125.83
2019-04-18 02:00:00,126.547,126.569,125.658,125.819,272178.39,125.8145
2019-04-17 02:00:00,126.353,126.812,126.318,126.547,226834.82,126.543
2019-04-16 02:00:00,126.559,126.686,126.204,126.353,256770.7,126.3495
2019-04-15 02:00:00,126.642,126.797,126.499,126.559,214752.78,126.5555
2019-04-14 02:00:00,126.617,126.688,126.551,126.641,21094.81,126.6385
2019-04-13 02:00:00,126.626,126.626,126.626,126.626,0.0,126.584
2019-04-12 02:00:00,125.719,126.771,125.692,126.626,260727.35,126.584
2019-04-11 02:00:00,125.155,125.721,125.155,125.719,234348.05,125.716
2019-04-10 02:00:00,125.157,125.464,124.782,125.154,267757.27,125.151
2019-04-09 02:00:00,125.449,125.623,125.133,125.156,245271.17,125.1525
2019-04-08 02:00:00,125.328,125.621,124.988,125.449,241900.7,125.4455
2019-04-07 02:00:00,125.318,125.411,125.248,125.329,17876.68,125.3255
2019-04-06 02:00:00,125.304,125.304,125.304,125.304,0.0,125.275
2019-04-05 02:00:00,125.306,125.516,125.245,125.304,216979.54,125.275
2019-04-04 02:00:00,125.267,125.398,124.973,125.309,260086.56,125.3055
2019-04-03 02:00:00,124.708,125.454,124.613,125.268,271418.61,125.264
2019-04-02 02:00:00,124.882,124.885,124.481,124.709,265004.14,124.705
2019-04-01 02:00:00,124.57,124.958,124.532,124.883,308102.2,124.8795
2019-03-31 01:00:00,124.727,124.736,124.443,124.571,22452.85,124.567
2019-03-30 01:00:00,124.373,124.373,124.373,124.373,0.0,124.352
2019-03-29 01:00:00,124.242,124.643,124.148,124.373,304193.01,124.352
2019-03-28 01:00:00,124.341,124.43,123.656,124.245,340340.38,124.241
2019-03-27 01:00:00,124.663,124.741,124.053,124.343,376983.58,124.3405
2019-03-26 01:00:00,124.535,125.015,124.434,124.664,335727.23,124.6605
2019-03-25 01:00:00,124.366,124.824,123.883,124.536,347294.33,124.534
2019-03-24 01:00:00,124.188,124.438,124.168,124.364,18090.58,124.361
2019-03-23 01:00:00,124.256,124.256,124.256,124.256,0.0,124.239
2019-03-22 01:00:00,126.047,126.184,123.826,124.256,398635.63,124.239
2019-03-21 01:00:00,126.478,126.609,125.691,126.047,301206.55,126.043
2019-03-20 01:00:00,126.543,126.794,126.307,126.477,263177.75,126.473
2019-03-19 01:00:00,126.282,126.621,126.098,126.541,208743.42,126.5395
2019-03-18 01:00:00,126.274,126.697,126.151,126.282,233448.61,126.2785
2019-03-17 01:00:00,126.248,126.305,126.202,126.273,19414.15,126.2705
2019-03-16 01:00:00,126.286,126.286,126.286,126.286,0.0,126.257
2019-03-15 01:00:00,126.362,126.577,126.127,126.286,226554.31,126.257
2019-03-14 01:00:00,126.012,126.57,125.94,126.359,307017.08,126.3565
2019-03-13 01:00:00,125.644,126.147,125.459,126.012,256788.86,126.009
2019-03-12 01:00:00,125.356,125.829,125.076,125.642,267417.52,125.639
2019-03-11 01:00:00,124.765,125.474,124.486,125.357,295483.74,125.3545
2019-03-10 01:00:00,124.752,124.913,124.682,124.765,13221.83,124.7635
2019-03-09 01:00:00,124.901,124.901,124.901,124.901,0.0,124.881
2019-03-08 01:00:00,125.024,125.03,124.279,124.901,284227.92,124.881
2019-03-07 01:00:00,126.287,126.433,124.676,125.024,282458.7,125.0205
2019-03-06 01:00:00,126.484,126.539,126.182,126.287,244618.69,126.283
2019-03-05 01:00:00,126.725,126.941,126.366,126.485,295492.51,126.4815
2019-03-04 01:00:00,127.334,127.358,126.449,126.725,337338.45,126.721
2019-03-03 01:00:00,127.362,127.387,127.164,127.334,29219.2,127.3305
2019-03-02 01:00:00,127.233,127.233,127.233,127.233,0.0,127.2
2019-03-01 01:00:00,126.659,127.504,126.655,127.233,328902.09,127.2
2019-02-28 01:00:00,126.162,126.91,125.895,126.66,356377.05,126.657
2019-02-27 01:00:00,125.962,126.35,125.541,126.164,363529.48,126.1605
2019-02-26 01:00:00,126.2,126.231,125.723,125.961,362903.95,125.9575
2019-02-25 01:00:00,125.646,126.308,125.384,126.2,388929.85,126.198
2019-02-24 01:00:00,125.477,125.693,125.387,125.646,34770.53,125.6425
2019-02-23 01:00:00,125.47,125.47,125.47,125.47,0.0,125.4275
2019-02-22 01:00:00,125.545,125.78,125.373,125.47,332897.52,125.4275
2019-02-21 01:00:00,125.665,125.874,125.329,125.544,393264.36,125.5395
2019-02-20 01:00:00,125.405,125.943,125.398,125.665,361525.14,125.662
2019-02-19 01:00:00,125.108,125.551,124.773,125.405,341157.38,125.4005
2019-02-18 01:00:00,124.898,125.277,124.802,125.108,310604.57,125.1035
2019-02-17 01:00:00,124.797,124.918,124.721,124.901,26746.19,124.8965
2019-02-16 01:00:00,124.788,124.788,124.788,124.788,0.0,124.771
2019-02-15 01:00:00,124.857,124.864,124.236,124.788,319125.88,124.771
2019-02-14 01:00:00,124.965,125.461,124.728,124.857,483025.1,124.8535
2019-02-13 01:00:00,125.259,125.542,124.899,124.966,296687.93,124.962
2019-02-12 01:00:00,124.515,125.275,124.455,125.259,345204.64,125.254
2019-02-11 01:00:00,124.362,124.883,124.343,124.514,360451.0,124.511
2019-02-10 01:00:00,124.325,124.401,124.26,124.362,21596.66,124.358
2019-02-09 01:00:00,124.288,124.288,124.288,124.288,0.0,124.256
2019-02-08 01:00:00,124.46,124.7,124.176,124.288,338617.66,124.256
2019-02-07 01:00:00,125.024,125.077,124.353,124.459,371139.21,124.456
2019-02-06 01:00:00,125.441,125.442,124.82,125.025,348580.45,125.021
2019-02-05 01:00:00,125.77,125.878,125.285,125.442,323589.39,125.4365
2019-02-04 01:00:00,125.368,125.951,125.364,125.768,368970.32,125.7645
2019-02-03 01:00:00,125.446,125.502,125.367,125.368,20477.24,125.3635
2019-02-02 01:00:00,125.5,125.5,125.5,125.5,0.0,125.464
2019-02-01 01:00:00,124.615,125.74,124.373,125.5,345299.29,125.464
2019-01-31 01:00:00,125.169,125.302,124.497,124.616,406614.68,124.6125
2019-01-30 01:00:00,125.137,125.472,124.89,125.169,403249.17,125.1645
2019-01-29 01:00:00,124.882,125.241,124.691,125.138,387853.55,125.1345
2019-01-28 01:00:00,124.878,125.02,124.604,124.884,376239.86,124.88
2019-01-27 01:00:00,124.931,125.046,124.844,124.879,20070.06,124.8745
2019-01-26 01:00:00,124.98,124.98,124.98,124.98,0.0,124.9615
2019-01-25 01:00:00,123.991,125.323,123.93,124.98,412677.92,124.9615
2019-01-24 01:00:00,124.689,124.904,123.795,123.991,421975.69,123.9865
2019-01-23 01:00:00,124.267,124.943,124.267,124.687,407637.63,124.683
2019-01-22 01:00:00,124.696,124.716,124.049,124.268,393091.55,124.266
2019-01-21 01:00:00,124.666,124.833,124.517,124.697,297603.82,124.692
2019-01-20 01:00:00,124.73,124.772,124.635,124.666,26595.17,124.662
2019-01-19 01:00:00,124.779,124.779,124.779,124.779,0.0,124.742
2019-01-18 01:00:00,124.345,124.979,124.328,124.779,349277.38,124.742
2019-01-17 01:00:00,124.307,124.685,123.744,124.345,394482.47,124.3395
2019-01-16 01:00:00,124.028,124.422,123.53,124.309,411559.7,124.3035
2019-01-15 01:00:00,124.187,124.861,123.4,124.028,441937.87,124.022
2019-01-14 01:00:00,124.292,124.377,123.773,124.187,374842.99,124.182
2019-01-13 01:00:00,124.428,124.445,124.266,124.292,23765.94,124.2865
2019-01-12 01:00:00,124.571,124.571,124.571,124.571,0.0,124.521
2019-01-11 01:00:00,124.636,125.001,124.241,124.571,390419.35,124.521
2019-01-10 01:00:00,125.015,125.077,124.362,124.635,491772.05,124.63
2019-01-09 01:00:00,124.606,125.097,124.467,125.015,441510.57,125.01
2019-01-08 01:00:00,124.701,124.866,124.126,124.607,433487.77,124.603
2019-01-07 01:00:00,123.868,124.812,123.412,124.702,429843.82,124.696
2019-01-06 01:00:00,123.736,123.924,123.646,123.868,27333.02,123.862
2019-01-05 01:00:00,123.724,123.724,123.724,123.724,0.0,123.6855
2019-01-04 01:00:00,122.856,123.863,122.59,123.724,478374.33,123.6855
2019-01-03 01:00:00,121.539,123.418,121.29,122.855,603398.71,122.8495
2019-01-02 01:00:00,125.734,125.741,119.202,121.541,534564.28,121.5345
2019-01-01 01:00:00,125.832,125.855,125.708,125.735,27009.99,125.73
2018-12-31 01:00:00,126.249,126.447,125.409,125.735,376846.42,125.696
2018-12-30 01:00:00,126.321,126.364,126.21,126.252,37438.75,126.246
2018-12-29 01:00:00,126.281,126.281,126.281,126.281,0.0,126.2325
2018-12-28 01:00:00,126.765,127.026,126.134,126.281,583305.22,126.2325
2018-12-27 01:00:00,126.428,127.103,125.997,126.762,717643.95,126.7615
2018-12-26 01:00:00,126.054,126.517,125.806,126.428,360217.99,126.4235
2018-12-25 01:00:00,125.828,126.111,125.558,126.054,32642.97,126.048
2018-12-24 01:00:00,126.301,126.746,125.765,125.827,453046.49,125.791
2018-12-23 01:00:00,126.189,126.425,126.176,126.301,27431.68,126.2985
2018-12-22 01:00:00,126.476,126.476,126.476,126.476,0.0,126.451
2018-12-21 01:00:00,127.364,127.69,126.389,126.476,515681.79,126.451
2018-12-20 01:00:00,128.026,128.391,127.224,127.367,555286.69,127.362
2018-12-19 01:00:00,128.006,128.382,127.551,128.024,360252.34,128.0195
2018-12-18 01:00:00,128.07,128.119,127.645,128.007,243457.19,128.0025
2018-12-17 01:00:00,128.207,128.596,127.867,128.071,231468.45,128.067
2018-12-16 01:00:00,128.158,128.255,128.132,128.208,21582.91,128.2045
2018-12-15 01:00:00,128.228,128.228,128.228,128.228,0.0,128.192
2018-12-14 01:00:00,129.056,129.123,127.989,128.228,202971.47,128.192
2018-12-13 01:00:00,128.842,129.259,128.712,129.057,220549.98,129.0535
2018-12-12 01:00:00,128.367,128.866,128.305,128.842,241585.95,128.838
2018-12-11 01:00:00,128.552,128.986,128.181,128.369,242555.16,128.3645
2018-12-10 01:00:00,128.276,128.942,128.261,128.555,334654.19,128.5505
2018-12-09 01:00:00,128.327,128.435,128.175,128.276,15620.46,128.271
2018-12-08 01:00:00,128.338,128.338,128.338,128.338,0.0,128.3165
2018-12-07 01:00:00,128.243,128.679,128.14,128.338,238916.77,128.3165
2018-12-06 01:00:00,128.301,128.376,127.677,128.241,280756.33,128.236
2018-12-05 01:00:00,127.825,128.497,127.819,128.3,195159.58,128.295
2018-12-04 01:00:00,128.975,129.015,127.624,127.825,257192.31,127.8225
2018-12-03 01:00:00,129.047,129.154,128.549,128.975,227164.61,128.9715
2018-12-02 01:00:00,129.066,129.146,128.83,129.049,22493.16,129.0445
2018-12-01 01:00:00,128.481,128.481,128.481,128.481,0.0,128.434
2018-11-30 01:00:00,129.213,129.273,128.421,128.481,212930.48,128.434
2018-11-29 01:00:00,129.098,129.324,128.679,129.214,215770.34,129.2095
2018-11-28 01:00:00,128.559,129.276,128.255,129.096,223845.45,129.0935
2018-11-27 01:00:00,128.645,128.851,128.36,128.56,228489.6,128.557
2018-11-26 01:00:00,128.027,128.922,128.005,128.645,242570.62,128.64
2018-11-25 01:00:00,128.096,128.099,127.935,128.025,21394.21,128.021
2018-11-24 01:00:00,128.151,128.151,128.151,128.151,0.0,128.0815
2018-11-23 01:00:00,128.841,128.926,127.829,128.151,188461.71,128.0815
2018-11-22 01:00:00,128.744,129.107,128.679,128.84,187101.76,128.836
2018-11-21 01:00:00,128.212,129.082,128.184,128.746,233556.81,128.7405
2018-11-20 01:00:00,128.842,129.043,128.013,128.213,266565.83,128.2075
2018-11-19 01:00:00,128.666,129.07,128.49,128.842,264029.06,128.837
2018-11-18 01:00:00,128.794,128.859,128.472,128.668,23632.14,128.6635
2018-11-17 01:00:00,128.87,128.87,128.87,128.87,0.0,128.838
2018-11-16 01:00:00,128.611,128.908,128.131,128.87,269782.05,128.838
2018-11-15 01:00:00,128.472,129.058,127.772,128.615,301259.39,128.6095
2018-11-14 01:00:00,128.723,129.234,128.138,128.472,283526.78,128.4665
2018-11-13 01:00:00,127.608,128.821,127.505,128.721,298464.62,128.718
2018-11-12 01:00:00,128.924,129.192,127.592,127.611,248540.19,127.6065
2018-11-11 01:00:00,128.962,129.028,128.862,128.924,21798.44,128.9195
2018-11-10 01:00:00,129.011,129.011,129.011,129.011,0.0,128.9905
2018-11-09 01:00:00,129.563,129.609,128.742,129.011,216262.73,128.9905
2018-11-08 01:00:00,129.845,130.132,129.396,129.558,238539.04,129.5535
2018-11-07 01:00:00,129.683,130.152,129.394,129.845,273696.69,129.84
2018-11-06 01:00:00,129.219,129.699,128.859,129.683,209158.63,129.678
2018-11-05 01:00:00,128.958,129.331,128.607,129.22,205394.57,129.216
2018-11-04 01:00:00,128.888,129.037,128.888,128.955,18617.44,128.9505
2018-11-03 01:00:00,128.936,128.936,128.936,128.936,0.0,128.9075
2018-11-02 01:00:00,128.556,129.33,128.419,128.936,243281.55,128.9075
2018-10-27 02:00:00,127.615,127.615,127.615,127.615,0.0,127.591
2018-10-26 02:00:00,127.812,127.843,126.634,127.615,338573.5,127.591
2018-10-25 02:00:00,127.671,128.444,127.5,127.806,308872.21,127.803
2018-10-24 02:00:00,128.999,129.221,127.634,127.671,322245.92,127.6675
2018-10-23 02:00:00,129.279,129.322,128.215,128.999,309024.54,128.9965
2018-10-22 02:00:00,129.456,130.206,129.205,129.278,267543.96,129.2745
2018-10-21 02:00:00,129.692,129.698,129.396,129.454,14827.67,129.451
2018-10-20 02:00:00,129.598,129.598,129.598,129.598,0.0,129.578
2018-10-19 02:00:00,128.519,129.691,128.516,129.598,267915.44,129.578
2018-10-18 02:00:00,129.537,129.735,128.328,128.52,274554.48,128.516
2018-10-17 02:00:00,130.06,130.161,129.177,129.538,263637.48,129.5345
2018-10-16 02:00:00,129.547,130.299,129.529,130.06,249824.68,130.057
2018-10-15 02:00:00,129.613,129.8,129.129,129.547,278313.65,129.5435
2018-10-14 02:00:00,129.497,129.656,129.455,129.612,16025.78,129.6085
2018-10-13 02:00:00,129.756,129.756,129.756,129.756,0.0,129.725
2018-10-12 02:00:00,129.906,130.504,129.363,129.756,263374.05,129.725
2018-10-11 02:00:00,129.266,130.22,129.259,129.921,366269.29,129.919
2018-10-10 02:00:00,130.031,130.505,129.214,129.275,253219.87,129.2715
2018-10-09 02:00:00,130.024,130.235,129.345,130.032,275300.63,130.028
2018-10-08 02:00:00,131.045,131.253,129.513,130.028,242997.13,130.0245
2018-10-07 02:00:00,131.19,131.191,130.96,131.045,17466.21,131.041
2018-10-06 02:00:00,131.053,131.053,131.053,131.053,0.0,131.0265
2018-10-05 02:00:00,131.2,131.42,130.606,131.053,232729.57,131.0265
2018-10-04 02:00:00,131.423,131.582,130.749,131.197,244345.55,131.1925
2018-10-03 02:00:00,131.18,131.982,130.973,131.424,236235.35,131.4205
2018-10-02 02:00:00,131.931,131.965,130.719,131.179,208174.09,131.175
2018-10-01 02:00:00,132.07,132.466,131.74,131.931,202308.63,131.9275
2018-09-30 02:00:00,132.207,132.207,131.997,132.07,16198.74,132.0665
2018-09-29 02:00:00,131.959,131.959,131.959,131.959,0.0,131.9325
2018-09-28 02:00:00,131.948,132.311,131.185,131.959,205745.16,131.9325
2018-09-27 02:00:00,132.408,132.681,131.58,131.948,236444.57,131.9445
2018-09-26 02:00:00,132.905,133.122,132.236,132.408,220193.22,132.404
2018-09-25 02:00:00,132.552,133.116,132.374,132.907,214460.7,132.903
2018-09-24 02:00:00,132.212,133.075,131.907,132.551,225798.35,132.547
2018-09-23 02:00:00,132.213,132.256,132.129,132.215,23502.09,132.2105
2018-09-22 02:00:00,132.338,132.338,132.338,132.338,0.0,132.2975
2018-09-21 02:00:00,132.482,133.135,132.163,132.338,206609.42,132.2975
2018-09-20 02:00:00,131.152,132.535,130.917,132.477,246203.81,132.476
2018-09-19 02:00:00,131.126,131.684,130.784,131.154,246305.44,131.151
2018-09-18 02:00:00,130.332,131.5,130.304,131.126,253767.06,131.1225
2018-09-17 02:00:00,130.15,131.049,130.103,130.334,212469.39,130.3305
2018-09-16 02:00:00,130.265,130.337,130.133,130.148,16367.02,130.145
2018-09-15 02:00:00,130.278,130.278,130.278,130.278,0.0,130.2525
2018-09-14 02:00:00,130.99,131.117,130.184,130.278,213743.83,130.2525
2018-09-13 02:00:00,129.305,131.001,129.265,130.985,246402.43,130.982
2018-09-12 02:00:00,129.45,129.815,128.94,129.308,243015.16,129.304
2018-09-11 02:00:00,128.86,129.832,128.776,129.45,222915.28,129.4465
2018-09-10 02:00:00,128.235,129.075,127.869,128.859,222112.32,128.856
2018-09-09 02:00:00,128.332,128.399,128.146,128.237,19689.81,128.234
2018-09-08 02:00:00,128.271,128.271,128.271,128.271,0.0,128.235
2018-09-07 02:00:00,128.395,129.11,128.024,128.271,254904.6,128.235
2018-09-06 02:00:00,129.673,129.843,128.378,128.395,258805.81,128.3905
2018-09-05 02:00:00,129.164,129.985,128.601,129.673,285618.34,129.6695
2018-09-04 02:00:00,129.021,129.203,128.321,129.163,274785.99,129.159
2018-09-03 02:00:00,128.911,129.153,128.579,129.018,218815.51,129.015
2018-09-02 02:00:00,128.908,128.972,128.809,128.911,20648.35,128.908
2018-09-01 02:00:00,128.973,128.973,128.973,128.973,0.0,128.9325
2018-08-31 02:00:00,129.507,129.844,128.561,128.973,259973.35,128.9325
2018-08-30 02:00:00,130.783,130.869,129.42,129.503,260235.07,129.4995
2018-08-29 02:00:00,129.972,130.853,129.586,130.785,243833.31,130.781
2018-08-28 02:00:00,129.855,130.276,129.712,129.974,249693.68,129.972
2018-08-27 02:00:00,129.605,129.866,128.8,129.858,237804.29,129.855
2018-08-26 02:00:00,129.339,129.688,129.314,129.607,17113.01,129.603
2018-08-25 02:00:00,129.308,129.308,129.308,129.308,0.0,129.2985
2018-08-24 02:00:00,128.542,129.422,128.487,129.308,226181.38,129.2985
2018-08-23 02:00:00,128.134,128.771,127.922,128.545,252817.86,128.542
2018-08-22 02:00:00,127.478,128.28,127.353,128.136,239344.29,128.1325
2018-08-21 02:00:00,126.358,128.059,126.265,127.478,244413.51,127.475
2018-08-20 02:00:00,126.373,126.478,126.079,126.357,231844.67,126.3545
2018-08-19 02:00:00,126.548,126.548,126.357,126.371,24214.47,126.368
2018-08-18 02:00:00,126.436,126.436,126.436,126.436,0.0,126.401
2018-08-17 02:00:00,126.249,126.614,125.581,126.436,203315.43,126.401
2018-08-16 02:00:00,125.417,126.494,125.289,126.249,261184.58,126.2455
2018-08-15 02:00:00,126.245,126.376,124.905,125.415,268479.19,125.4125
2018-08-14 02:00:00,126.129,126.993,125.812,126.244,294720.89,126.2395
2018-08-13 02:00:00,126.072,126.783,125.151,126.131,380688.77,126.127
2018-08-12 02:00:00,125.663,126.23,125.662,126.069,22737.82,126.065
2018-08-11 02:00:00,126.615,126.615,126.615,126.615,0.0,126.565
2018-08-10 02:00:00,128.03,128.064,126.014,126.615,266394.97,126.565
2018-08-09 02:00:00,128.764,129.012,127.993,128.021,238546.09,128.0175
2018-08-08 02:00:00,129.206,129.461,128.563,128.764,217456.14,128.761
2018-08-07 02:00:00,128.69,129.279,128.6,129.205,206144.86,129.2005
2018-08-06 02:00:00,128.61,128.886,128.511,128.69,235487.72,128.686
2018-08-05 02:00:00,128.733,128.733,128.58,128.612,16745.04,128.6085
2018-08-04 02:00:00,128.737,128.737,128.737,128.737,0.0,128.7145
2018-08-03 02:00:00,129.416,129.54,128.642,128.737,221748.24,128.7145
2018-08-02 02:00:00,130.212,130.289,129.255,129.414,267678.14,129.4105
2018-08-01 02:00:00,130.73,131.108,130.035,130.215,265621.93,130.2115
2018-07-31 02:00:00,129.957,131.157,129.707,130.731,290174.28,130.7265
2018-07-30 02:00:00,129.36,130.076,129.32,129.958,248185.82,129.9535
2018-07-29 02:00:00,129.356,129.438,129.295,129.357,24630.35,129.3535
2018-07-28 02:00:00,129.438,129.438,129.438,129.438,0.0,129.4065
2018-07-27 02:00:00,129.439,129.474,129.132,129.438,243963.69,129.4065
2018-07-26 02:00:00,130.132,130.161,129.399,129.438,278547.04,129.434
2018-07-25 02:00:00,130.029,130.289,129.415,130.132,298888.82,130.1275
2018-07-24 02:00:00,130.346,130.346,129.746,130.031,280391.26,130.0265
2018-07-23 02:00:00,130.399,130.475,129.865,130.347,293609.34,130.3435
2018-07-22 02:00:00,130.643,130.752,130.393,130.393,27022.42,130.3905
2018-07-21 02:00:00,130.654,130.654,130.654,130.654,0.0,130.628
2018-07-20 02:00:00,130.96,131.216,130.562,130.654,334272.62,130.628
2018-07-19 02:00:00,131.362,131.422,130.733,130.962,360495.37,130.959
2018-07-18 02:00:00,131.71,131.778,130.885,131.363,279823.64,131.359
2018-07-17 02:00:00,131.596,131.99,131.534,131.71,307068.84,131.7055
2018-07-16 02:00:00,131.271,131.701,131.265,131.598,268362.1,131.595
2018-07-15 02:00:00,131.211,131.367,131.112,131.272,21985.02,131.269
2018-07-14 02:00:00,131.339,131.339,131.339,131.339,0.0,131.304
2018-07-13 02:00:00,131.437,131.537,130.81,131.339,245379.92,131.304
2018-07-12 02:00:00,130.752,131.481,130.727,131.437,298172.77,131.435
2018-07-11 02:00:00,130.015,130.964,129.915,130.749,344225.25,130.745
2018-07-10 02:00:00,130.447,130.747,129.967,130.014,291041.3,130.01
2018-07-09 02:00:00,129.793,130.479,129.689,130.447,290082.73,130.4435
2018-07-08 02:00:00,129.747,129.848,129.692,129.793,31147.24,129.7885
2018-07-07 02:00:00,129.767,129.767,129.767,129.767,0.0,129.741
2018-07-06 02:00:00,129.279,129.972,129.249,129.767,256156.7,129.741
2018-07-05 02:00:00,128.858,129.635,128.58,129.282,284310.16,129.279
2018-07-04 02:00:00,128.737,128.97,128.503,128.859,250331.0,128.8545
2018-07-03 02:00:00,129.083,129.566,128.719,128.74,276946.79,128.737
2018-07-02 02:00:00,129.324,129.504,128.42,129.088,276404.31,129.085
2018-07-01 02:00:00,129.409,129.409,129.119,129.329,26060.07,129.325
2018-06-30 02:00:00,129.361,129.361,129.361,129.361,0.0,129.3205
2018-06-29 02:00:00,127.771,129.472,127.71,129.361,299389.21,129.3205
2018-06-28 02:00:00,127.45,127.928,127.146,127.771,304281.25,127.7665
2018-06-27 02:00:00,128.294,128.35,127.263,127.454,348858.02,127.45
2018-06-26 02:00:00,128.295,128.459,127.805,128.294,302765.16,128.2905
2018-06-25 02:00:00,128.205,128.845,127.286,128.295,295724.21,128.2905
2018-06-24 02:00:00,128.192,128.32,128.137,128.204,21175.15,128.199
2018-06-23 02:00:00,128.233,128.233,128.233,128.233,0.0,128.2225
2018-06-22 02:00:00,127.602,128.609,127.579,128.233,254341.77,128.2225
2018-06-21 02:00:00,127.797,128.039,126.997,127.6,295460.08,127.5955
2018-06-20 02:00:00,127.577,127.941,127.1,127.8,251050.76,127.795
2018-06-19 02:00:00,128.091,128.236,126.651,127.575,283984.21,127.5725
2018-06-18 02:00:00,128.273,128.521,127.82,128.089,224704.26,128.0855
2018-06-17 02:00:00,128.304,128.465,128.244,128.272,17461.22,128.269
2018-06-16 02:00:00,128.474,128.474,128.474,128.474,0.0,128.457
2018-06-15 02:00:00,127.94,128.503,127.707,128.474,233810.57,128.457
2018-06-14 02:00:00,130.124,130.361,127.917,127.938,271563.68,127.9375
2018-06-13 02:00:00,129.758,130.351,129.67,130.125,243793.48,130.1205
2018-06-12 02:00:00,129.968,130.279,129.513,129.762,269592.98,129.758
2018-06-11 02:00:00,128.999,130.062,128.902,129.967,253006.49,129.963
2018-06-10 02:00:00,128.768,129.027,128.737,129.0,18744.6,128.997
2018-06-09 02:00:00,128.954,128.954,128.954,128.954,0.0,128.914
2018-06-08 02:00:00,129.399,129.735,128.118,128.954,228937.6,128.914
2018-06-07 02:00:00,129.759,130.28,129.287,129.399,250053.84,129.3945
2018-06-06 02:00:00,128.863,129.832,128.716,129.762,237164.33,129.758
2018-06-05 02:00:00,128.672,128.929,127.794,128.864,248177.89,128.86
2018-06-04 02:00:00,127.887,128.702,127.853,128.671,246092.66,128.6685
2018-06-03 02:00:00,127.657,127.909,127.648,127.894,16554.17,127.891
2018-06-02 02:00:00,127.709,127.709,127.709,127.709,0.0,127.69
2018-06-01 02:00:00,127.205,128.14,127.13,127.709,249143.28,127.69
2018-05-31 02:00:00,126.834,127.732,126.332,127.201,293093.73,127.1975
2018-05-30 02:00:00,125.083,127.32,124.99,126.834,288312.17,126.831
2018-05-29 02:00:00,127.2,127.204,124.627,125.079,314688.48,125.0755
2018-05-28 02:00:00,128.128,128.54,126.864,127.199,214600.28,127.1945
2018-05-27 02:00:00,128.308,128.376,128.025,128.127,26152.25,128.1235
2018-05-26 02:00:00,127.464,127.464,127.464,127.464,0.0,127.4345
2018-05-25 02:00:00,128.148,128.533,127.154,127.464,229467.84,127.4345
2018-05-24 02:00:00,128.665,128.877,127.723,128.148,266281.18,128.1435
2018-05-23 02:00:00,130.545,130.656,128.239,128.665,277331.93,128.6615
2018-05-22 02:00:00,130.872,131.351,130.514,130.544,228581.0,130.541
2018-05-21 02:00:00,130.477,131.007,130.379,130.873,224080.87,130.8695
2018-05-20 02:00:00,130.575,130.606,130.396,130.478,15365.84,130.4735
2018-05-19 02:00:00,130.42,130.42,130.42,130.42,0.0,130.3755
2018-05-18 02:00:00,130.698,131.128,130.243,130.42,197775.76,130.3755
2018-05-17 02:00:00,130.404,130.851,130.266,130.697,227471.43,130.6925
2018-05-16 02:00:00,130.379,130.574,129.535,130.404,220943.36,130.402
2018-05-15 02:00:00,130.923,131.14,130.31,130.379,211458.88,130.375
2018-05-14 02:00:00,130.667,131.379,130.604,130.922,189492.01,130.92
2018-05-13 02:00:00,130.682,130.741,130.567,130.669,16990.32,130.6655
2018-05-12 02:00:00,130.656,130.656,130.656,130.656,0.0,130.6235
2018-05-11 02:00:00,130.411,130.692,130.001,130.656,198407.64,130.6235
2018-05-10 02:00:00,130.134,130.767,130.015,130.41,242098.83,130.4065
2018-05-09 02:00:00,129.403,130.491,129.369,130.133,231336.38,130.1295
2018-05-08 02:00:00,130.01,130.029,129.238,129.402,218016.91,129.398
2018-05-07 02:00:00,130.482,130.537,129.956,130.012,199275.43,130.0085
2018-05-06 02:00:00,130.531,130.595,130.424,130.481,12642.36,130.4775
2018-05-05 02:00:00,130.485,130.485,130.485,130.485,0.0,130.463
2018-05-04 02:00:00,130.809,130.885,129.901,130.485,185252.61,130.463
2018-05-03 02:00:00,131.281,131.672,130.271,130.81,226789.23,130.8055
2018-05-02 02:00:00,131.792,132.119,131.239,131.281,220804.44,131.2765
2018-05-01 02:00:00,132.111,132.139,131.576,131.793,181321.9,131.7905
2018-04-30 02:00:00,132.252,132.548,131.863,132.113,219878.06,132.1085
2018-04-29 02:00:00,132.256,132.332,132.194,132.252,13453.88,132.247
2018-04-28 02:00:00,132.329,132.329,132.329,132.329,0.0,132.3005
2018-04-27 02:00:00,132.349,132.367,131.888,132.329,200047.53,132.3005
2018-04-26 02:00:00,133.134,133.256,132.279,132.351,241885.9,132.347
2018-04-25 02:00:00,133.151,133.341,132.92,133.132,246290.07,133.1285
2018-04-24 02:00:00,132.81,133.489,132.621,133.151,244501.31,133.148
2018-04-23 02:00:00,132.416,132.833,132.113,132.811,231803.14,132.807
2018-04-22 02:00:00,132.424,132.491,132.264,132.419,24380.01,132.415
2018-04-21 02:00:00,132.292,132.292,132.292,132.292,0.0,132.242
2018-04-20 02:00:00,132.626,132.98,132.044,132.292,213138.79,132.242
2018-04-19 02:00:00,132.9,133.097,132.359,132.63,243208.56,132.626
2018-04-18 02:00:00,132.42,132.914,132.379,132.898,225703.4,132.894
2018-04-17 02:00:00,132.584,132.775,132.111,132.42,219503.42,132.4155
2018-04-16 02:00:00,132.6,132.977,132.12,132.58,231153.53,132.5765
2018-04-15 02:00:00,132.593,132.685,132.453,132.6,19203.16,132.595
2018-04-14 02:00:00,132.411,132.411,132.411,132.411,0.0,132.3695
2018-04-13 02:00:00,132.24,132.9,132.239,132.411,215904.71,132.3695
2018-04-12 02:00:00,132.169,132.362,131.809,132.238,232023.73,132.2345
2018-04-11 02:00:00,132.451,132.613,132.035,132.171,298808.18,132.167
2018-04-10 02:00:00,131.533,132.623,131.43,132.451,258359.66,132.447
2018-04-09 02:00:00,131.256,131.998,131.135,131.535,250276.1,131.531
2018-04-08 02:00:00,131.432,131.459,131.112,131.258,25215.76,131.253
2018-04-07 02:00:00,131.364,131.364,131.364,131.364,0.0,131.3175
2018-04-06 02:00:00,131.196,131.624,131.115,131.364,261184.66,131.3175
2018-04-05 02:00:00,131.219,131.501,131.069,131.2,237260.5,131.1945
2018-04-04 02:00:00,130.701,131.241,130.238,131.219,247167.61,131.2145
2018-04-03 02:00:00,130.065,130.924,129.991,130.7,255039.52,130.6955
2018-04-02 02:00:00,130.917,131.298,129.985,130.065,233414.91,130.0605
2018-04-01 02:00:00,131.001,131.097,130.858,130.917,24701.66,130.912
2018-03-31 02:00:00,131.05,131.05,131.05,131.05,0.0,130.943
2018-03-30 02:00:00,131.011,131.107,130.638,131.05,130614.22,130.943
2018-03-29 02:00:00,131.493,131.611,130.618,131.013,239302.74,131.001
2018-03-28 02:00:00,130.85,131.717,130.593,131.493,270205.72,131.49
2018-03-27 02:00:00,131.485,131.82,130.587,130.852,287515.56,130.849
2018-03-26 02:00:00,129.527,131.484,129.472,131.482,258174.96,131.478
2018-03-25 01:00:00,129.33,129.645,129.303,129.528,16310.67,129.525
2018-03-24 01:00:00,129.428,129.428,129.428,129.428,0.0,129.394
2018-03-23 01:00:00,129.357,129.98,129.166,129.428,274769.63,129.394
2018-03-22 01:00:00,130.799,131.023,128.957,129.359,307053.31,129.355
2018-03-21 01:00:00,130.423,131.072,130.201,130.804,245390.51,130.801
2018-03-20 01:00:00,130.804,131.719,130.348,130.423,238806.24,130.4185
2018-03-19 01:00:00,130.142,131.076,129.614,130.803,271332.23,130.799
2018-03-18 01:00:00,130.134,130.382,130.08,130.139,16153.77,130.134
2018-03-17 01:00:00,130.256,130.256,130.256,130.256,0.0,130.2345
2018-03-16 01:00:00,130.832,130.847,130.081,130.256,204338.13,130.2345
2018-03-15 01:00:00,131.38,131.396,130.568,130.833,255917.47,130.8305
2018-03-14 01:00:00,132.028,132.286,131.029,131.381,244681.56,131.376
2018-03-13 01:00:00,131.152,132.436,131.118,132.026,258893.89,132.0225
2018-03-12 01:00:00,131.587,131.676,130.971,131.151,237581.24,131.147
2018-03-11 01:00:00,131.402,131.705,131.4,131.587,15708.93,131.582
2018-03-10 01:00:00,131.446,131.446,131.446,131.446,0.0,131.4375
2018-03-09 01:00:00,130.978,131.897,130.893,131.446,257861.44,131.4375
2018-03-08 01:00:00,131.801,131.986,130.523,130.974,266682.17,130.97
2018-03-07 01:00:00,131.091,131.84,131.059,131.802,271853.61,131.7975
2018-03-06 01:00:00,131.093,132.021,130.604,131.093,268798.68,131.0875
2018-03-05 01:00:00,130.037,131.127,129.357,131.091,266619.06,131.0875
2018-03-04 01:00:00,130.166,130.542,129.774,130.036,20522.44,130.033
2018-03-03 01:00:00,130.274,130.274,130.274,130.274,0.0,130.2355
2018-03-02 01:00:00,130.295,130.445,129.566,130.274,268105.2,130.2355
2018-03-01 01:00:00,130.01,130.796,129.767,130.293,289667.27,130.2905
2018-02-28 01:00:00,131.349,131.526,129.96,130.014,245278.83,130.0095
2018-02-27 01:00:00,131.867,132.188,131.279,131.349,248187.98,131.3445
2018-02-26 01:00:00,131.59,131.876,131.085,131.867,244071.28,131.863
2018-02-25 01:00:00,131.804,131.804,131.431,131.591,18182.47,131.5855
2018-02-24 01:00:00,131.439,131.439,131.439,131.439,0.0,131.419
2018-02-23 01:00:00,131.691,131.856,130.939,131.439,210834.94,131.419
2018-02-22 01:00:00,132.123,132.222,131.292,131.69,247189.99,131.687
2018-02-21 01:00:00,132.48,133.062,132.057,132.121,297886.04,132.117
2018-02-20 01:00:00,132.34,132.511,132.123,132.482,244746.91,132.4775
2018-02-19 01:00:00,131.907,132.382,131.899,132.34,210615.42,132.3345
2018-02-18 01:00:00,131.936,132.064,131.816,131.907,18729.69,131.9025
2018-02-17 01:00:00,131.954,131.954,131.954,131.954,0.0,131.931
2018-02-16 01:00:00,132.667,133.109,131.818,131.954,265104.74,131.931
2018-02-15 01:00:00,132.855,133.269,132.521,132.667,282807.83,132.662
2018-02-14 01:00:00,133.136,133.392,131.61,132.859,300676.92,132.854
2018-02-13 01:00:00,133.739,133.739,132.525,133.138,258972.79,133.1335
2018-02-12 01:00:00,133.314,133.797,132.904,133.741,247316.54,133.7355
2018-02-11 01:00:00,133.377,133.406,133.126,133.315,15078.27,133.3105
2018-02-10 01:00:00,133.342,133.342,133.342,133.342,0.0,133.308
2018-02-09 01:00:00,133.113,134.174,131.99,133.342,324735.15,133.308
2018-02-08 01:00:00,133.949,134.803,132.946,133.108,311643.26,133.1055
2018-02-07 01:00:00,135.73,135.765,133.826,133.949,271556.4,133.9445
2018-02-06 01:00:00,134.876,135.863,133.979,135.729,345155.79,135.7245
2018-02-05 01:00:00,136.948,137.099,134.831,134.873,276322.09,134.8665
2018-02-04 01:00:00,137.101,137.223,136.827,136.961,23092.71,136.9575
2018-02-03 01:00:00,137.273,137.273,137.273,137.273,0.0,137.224
2018-02-02 01:00:00,136.874,137.508,136.672,137.273,458331.27,137.224
2018-02-01 01:00:00,135.595,136.965,135.508,136.872,238091.86,136.8685
2018-01-31 01:00:00,134.939,136.056,134.934,135.596,252762.96,135.592
2018-01-30 01:00:00,134.892,135.209,134.132,134.937,255470.98,134.9335
2018-01-29 01:00:00,135.018,135.347,134.328,134.89,237211.74,134.886
2018-01-28 01:00:00,135.13,135.156,134.901,135.018,17635.79,135.0145
2018-01-27 01:00:00,135.007,135.007,135.007,135.007,0.0,134.9955
2018-01-26 01:00:00,135.904,136.144,134.544,135.007,271214.15,134.9955
2018-01-25 01:00:00,135.483,136.298,135.046,135.902,298737.0,135.899
2018-01-24 01:00:00,135.558,135.654,134.923,135.483,243322.62,135.479
2018-01-23 01:00:00,136.029,136.222,135.207,135.556,217094.78,135.552
2018-01-22 01:00:00,135.663,136.151,135.351,136.029,201755.89,136.0245
2018-01-21 01:00:00,135.683,135.734,135.521,135.664,24916.03,135.6615
2018-01-20 01:00:00,135.43,135.43,135.43,135.43,0.0,135.3995
2018-01-19 01:00:00,135.852,136.05,135.188,135.43,213475.21,135.3995
2018-01-18 01:00:00,135.643,136.313,135.573,135.857,229599.29,135.8515
2018-01-17 01:00:00,135.469,135.988,135.158,135.641,249070.23,135.6395
2018-01-16 01:00:00,135.698,136.101,134.983,135.468,234823.91,135.4645
2018-01-15 01:00:00,135.512,135.991,135.025,135.697,213249.44,135.693
2018-01-14 01:00:00,135.507,135.671,135.385,135.51,16524.03,135.5065
2018-01-13 01:00:00,135.569,135.569,135.569,135.569,0.0,135.533
2018-01-12 01:00:00,134.027,135.585,133.945,135.569,234581.78,135.533
2018-01-11 01:00:00,133.266,134.351,133.123,134.025,232467.61,134.0235
2018-01-10 01:00:00,134.528,134.54,133.073,133.267,223795.25,133.263
2018-01-09 01:00:00,135.446,135.479,134.054,134.53,199605.02,134.5265
2018-01-08 01:00:00,136.216,136.328,135.131,135.444,175650.42,135.442
2018-01-07 01:00:00,136.122,136.242,136.038,136.218,9985.37,136.215
2018-01-06 01:00:00,136.048,136.048,136.048,136.048,0.0,136.0075
2018-01-05 01:00:00,136.128,136.642,135.988,136.048,199157.64,136.0075
2018-01-04 01:00:00,135.263,136.371,135.253,136.127,209282.73,136.1225
2018-01-03 01:00:00,135.404,135.513,134.808,135.263,190360.66,135.26
2018-01-02 01:00:00,135.463,135.637,134.939,135.404,199796.63,135.4005
2018-01-01 01:00:00,135.305,135.497,135.187,135.463,15501.32,135.458
2017-12-31 01:00:00,135.247,135.247,135.247,135.247,0.0,135.1935
2017-12-30 01:00:00,135.247,135.247,135.247,135.247,0.0,135.1935
2017-12-29 01:00:00,134.794,135.52,134.547,135.247,183726.84,135.1935
2017-12-28 01:00:00,134.756,134.984,134.467,134.793,195029.03,134.789
2017-12-27 01:00:00,134.242,134.976,134.205,134.756,206864.71,134.7525
2017-12-26 01:00:00,134.514,134.568,134.206,134.242,196040.71,134.2385
2017-12-25 01:00:00,134.422,134.563,134.168,134.518,17433.47,134.5125
2017-12-24 01:00:00,134.421,134.499,134.386,134.423,480.21,134.324
2017-12-23 01:00:00,134.462,134.462,134.462,134.462,0.0,134.391
2017-12-22 01:00:00,134.291,134.504,133.908,134.462,179723.21,134.391
2017-12-21 01:00:00,134.515,134.885,134.289,134.291,190578.81,134.29
2017-12-20 01:00:00,133.767,134.78,133.663,134.513,216103.19,134.509
2017-12-19 01:00:00,132.665,133.925,132.616,133.769,204065.14,133.765
2017-12-18 01:00:00,132.384,133.012,132.378,132.665,205230.71,132.6605
2017-12-17 01:00:00,132.409,132.451,132.176,132.384,20225.65,132.38
2017-12-16 01:00:00,132.376,132.376,132.376,132.376,0.0,132.3385
2017-12-15 01:00:00,132.34,132.733,132.058,132.376,204222.56,132.3385
2017-12-14 01:00:00,133.478,133.763,132.178,132.341,226478.88,132.337
2017-12-13 01:00:00,133.323,133.509,132.859,133.481,212309.93,133.477
2017-12-12 01:00:00,133.721,133.762,133.026,133.323,181933.88,133.3185
2017-12-11 01:00:00,133.644,133.888,133.539,133.721,183269.15,133.718
2017-12-10 01:00:00,133.612,133.767,133.556,133.648,13583.28,133.6445
2017-12-09 01:00:00,133.618,133.618,133.618,133.618,0.0,133.59
2017-12-08 01:00:00,133.278,133.618,133.118,133.618,180008.64,133.59
2017-12-07 01:00:00,132.577,133.29,132.577,133.278,215383.37,133.2745
2017-12-06 01:00:00,133.06,133.092,132.264,132.575,236088.34,132.572
2017-12-05 01:00:00,133.512,133.748,133.012,133.063,212786.43,133.0595
2017-12-04 01:00:00,133.855,134.055,133.273,133.512,248863.24,133.509
2017-12-03 01:00:00,133.813,134.025,133.683,133.857,21642.21,133.853
2017-12-02 01:00:00,133.528,133.528,133.528,133.528,0.0,133.513
2017-12-01 01:00:00,133.963,134.386,132.921,133.528,265074.61,133.513
2017-11-30 01:00:00,132.757,134.151,132.654,133.964,231870.45,133.9605
2017-11-29 01:00:00,132.278,132.816,131.997,132.757,220938.83,132.7545
2017-11-28 01:00:00,132.304,132.573,131.725,132.281,227893.63,132.277
2017-11-27 01:00:00,133.19,133.194,132.081,132.307,210951.89,132.3025
2017-11-26 01:00:00,133.018,133.23,133.014,133.192,10929.76,133.189
2017-11-25 01:00:00,133.122,133.122,133.122,133.122,0.0,133.0765
2017-11-24 01:00:00,131.854,133.241,131.846,133.122,166939.9,133.0765
2017-11-23 01:00:00,131.481,131.885,131.234,131.853,159027.1,131.8495
2017-11-22 01:00:00,131.92,131.935,131.438,131.479,195985.05,131.477
2017-11-21 01:00:00,132.114,132.277,131.577,131.925,192493.42,131.923
2017-11-20 01:00:00,131.451,132.473,131.282,132.115,203834.52,132.111
2017-11-19 01:00:00,132.238,132.314,131.175,131.452,23716.8,131.449
2017-11-18 01:00:00,132.226,132.226,132.226,132.226,0.0,132.2025
2017-11-17 01:00:00,133.156,133.156,132.056,132.226,207146.23,132.2025
2017-11-16 01:00:00,132.874,133.457,132.76,133.152,189227.2,133.1495
2017-11-15 01:00:00,133.733,133.845,132.813,132.877,226134.89,132.8745
2017-11-14 01:00:00,132.522,133.89,132.499,133.732,187386.42,133.729
2017-11-13 01:00:00,132.587,132.63,131.935,132.521,170819.33,132.518
2017-11-12 01:00:00,132.371,132.601,132.351,132.586,19902.18,132.583
2017-11-11 01:00:00,132.471,132.471,132.471,132.471,0.0,132.4265
2017-11-10 01:00:00,132.03,132.554,131.96,132.471,185376.99,132.4265
2017-11-09 01:00:00,132.093,132.267,131.524,132.033,232135.52,132.029
2017-11-08 01:00:00,131.967,132.172,131.402,132.096,193109.58,132.092
2017-11-07 01:00:00,132.108,132.417,131.844,131.965,210725.7,131.9595
2017-11-06 01:00:00,132.615,133.122,132.002,132.112,210275.12,132.108
2017-11-05 01:00:00,132.488,132.657,132.437,132.614,12668.51,132.6095
2017-11-04 01:00:00,132.447,132.447,132.447,132.447,0.0,132.421
2017-11-03 01:00:00,132.936,132.994,132.404,132.447,174883.28,132.421
2017-11-02 01:00:00,132.78,133.15,132.593,132.936,232584.64,132.9325
2017-11-01 01:00:00,132.454,132.848,132.389,132.773,223411.43,132.77
2017-10-28 02:00:00,131.995,131.995,131.995,131.995,0.0,131.9685
2017-10-27 02:00:00,132.82,132.958,131.756,131.995,211507.18,131.9685
2017-10-26 02:00:00,134.253,134.496,132.662,132.812,232825.8,132.8095
2017-10-25 02:00:00,134.003,134.503,133.757,134.253,244755.09,134.2505
2017-10-24 02:00:00,133.228,134.198,133.188,134.003,210684.99,133.9995
2017-10-23 02:00:00,134.076,134.115,133.107,133.23,217177.81,133.226
2017-10-22 02:00:00,133.99,134.137,133.893,134.077,17213.76,134.073
2017-10-21 02:00:00,133.78,133.78,133.78,133.78,0.0,133.751
2017-10-20 02:00:00,133.514,133.965,133.44,133.78,201204.25,133.751
2017-10-19 02:00:00,133.294,133.626,132.477,133.512,229323.53,133.509
2017-10-18 02:00:00,132.095,133.397,132.01,133.294,214135.27,133.2905
2017-10-17 02:00:00,132.32,132.378,131.849,132.094,206052.84,132.09
2017-10-16 02:00:00,132.183,132.392,131.666,132.32,190976.22,132.3165
2017-10-15 02:00:00,132.057,132.251,132.054,132.183,10224.83,132.179
2017-10-14 02:00:00,132.257,132.257,132.257,132.257,0.0,132.221
2017-10-13 02:00:00,132.797,132.942,132.146,132.257,198843.08,132.221
2017-10-12 02:00:00,133.411,133.491,132.768,132.8,201859.03,132.796
2017-10-11 02:00:00,132.737,133.502,132.459,133.411,209491.79,133.4085
2017-10-10 02:00:00,132.3,132.871,132.25,132.738,207849.58,132.7335
2017-10-09 02:00:00,132.158,132.499,131.981,132.298,166160.74,132.2945
2017-10-08 02:00:00,132.094,132.27,131.872,132.157,14511.9,132.154
2017-10-07 02:00:00,132.216,132.216,132.216,132.216,0.0,132.188
2017-10-06 02:00:00,132.132,132.772,131.982,132.216,198003.11,132.188
2017-10-05 02:00:00,132.644,132.778,131.846,132.137,184821.33,132.1325
2017-10-04 02:00:00,132.585,132.839,132.249,132.644,199531.64,132.6395
2017-10-03 02:00:00,132.309,132.891,132.199,132.584,201713.57,132.58
2017-10-02 02:00:00,133.032,133.07,132.192,132.31,239042.97,132.306
2017-10-01 02:00:00,132.88,133.079,132.727,133.034,8695.25,133.03
2017-09-30 02:00:00,132.939,132.939,132.939,132.939,0.0,132.9065
2017-09-29 02:00:00,132.52,133.119,132.519,132.939,194532.4,132.9065
2017-09-28 02:00:00,132.646,132.89,132.296,132.52,246440.05,132.5165
2017-09-27 02:00:00,132.442,132.749,132.092,132.645,307921.62,132.641
2017-09-26 02:00:00,132.475,132.6,131.753,132.442,236867.17,132.437
2017-09-25 02:00:00,134.115,134.243,131.92,132.477,255502.8,132.4745
2017-09-24 02:00:00,133.515,134.15,133.5,134.114,21224.59,134.1105
2017-09-23 02:00:00,133.815,133.815,133.815,133.815,0.0,133.8005
2017-09-22 02:00:00,134.329,134.409,133.506,133.815,232183.08,133.8005
2017-09-21 02:00:00,133.647,134.389,133.516,134.331,348018.63,134.3275
2017-09-20 02:00:00,133.826,134.101,133.263,133.65,504930.37,133.6475
2017-09-19 02:00:00,133.344,134.172,133.27,133.826,261577.51,133.824
2017-09-18 02:00:00,132.729,133.433,132.638,133.342,250952.97,133.338
2017-09-17 02:00:00,132.465,132.76,132.465,132.727,12684.42,132.7235
2017-09-16 02:00:00,132.442,132.442,132.442,132.442,0.0,132.4165
2017-09-15 02:00:00,131.075,133.095,131.052,132.442,238228.38,132.4165
2017-09-14 02:00:00,131.372,131.761,130.624,131.075,256349.02,131.0715
2017-09-13 02:00:00,131.965,132.005,131.257,131.372,223863.6,131.369
2017-09-12 02:00:00,130.826,132.019,130.687,131.963,230837.55,131.96
2017-09-11 02:00:00,130.082,130.911,130.051,130.826,243061.22,130.8215
2017-09-10 02:00:00,130.077,130.373,129.994,130.087,18151.52,130.081
2017-09-09 02:00:00,129.811,129.811,129.811,129.811,0.0,129.8
2017-09-08 02:00:00,130.246,130.673,129.471,129.811,252102.07,129.8
2017-09-07 02:00:00,130.192,131.096,129.916,130.248,258088.01,130.244
2017-09-06 02:00:00,129.506,130.401,129.372,130.195,247211.16,130.1915
2017-09-05 02:00:00,130.595,130.599,129.378,129.508,233041.19,129.503
2017-09-04 02:00:00,130.479,130.715,130.108,130.598,172425.48,130.595
2017-09-03 02:00:00,130.218,130.557,130.168,130.479,16588.22,130.475
2017-09-02 02:00:00,130.804,130.804,130.804,130.804,0.0,130.7795
2017-09-01 02:00:00,131.167,131.35,130.668,130.804,184370.21,130.7795
2017-08-31 02:00:00,131.359,131.587,130.708,131.166,220311.32,131.1625
2017-08-30 02:00:00,131.397,131.71,130.971,131.364,224123.38,131.3605
2017-08-29 02:00:00,130.089,131.625,129.998,131.397,259801.02,131.3935
2017-08-28 02:00:00,130.677,130.978,129.664,130.092,213764.87,130.088
2017-08-27 02:00:00,130.49,130.715,130.429,130.676,19589.53,130.6735
2017-08-26 02:00:00,130.38,130.38,130.38,130.38,0.0,130.3635
2017-08-25 02:00:00,129.208,130.471,129.117,130.38,208314.96,130.3635
2017-08-24 02:00:00,128.679,129.366,128.678,129.206,222996.68,129.203
2017-08-23 02:00:00,129.07,129.127,128.491,128.68,218055.69,128.676
2017-08-22 02:00:00,128.75,129.185,128.333,129.069,200871.29,129.065
2017-08-21 02:00:00,128.531,128.833,127.84,128.748,219944.12,128.7445
2017-08-20 02:00:00,128.617,128.664,128.451,128.537,11947.36,128.5325
2017-08-19 02:00:00,128.458,128.458,128.458,128.458,0.0,128.4335
2017-08-18 02:00:00,128.104,128.794,127.564,128.458,249158.18,128.4335
2017-08-17 02:00:00,129.513,129.547,127.997,128.106,256154.64,128.1015
2017-08-16 02:00:00,129.848,130.4,129.495,129.513,221812.9,129.5095
2017-08-15 02:00:00,129.465,130.039,129.421,129.848,282707.91,129.8445
2017-08-14 02:00:00,129.21,129.654,128.924,129.461,223721.78,129.459
2017-08-13 02:00:00,129.09,129.202,128.956,129.2,12057.19,129.1985
2017-08-12 02:00:00,129.118,129.118,129.118,129.118,0.0,129.0805
2017-08-11 02:00:00,128.416,129.167,128.054,129.118,227608.44,129.0805
2017-08-10 02:00:00,129.454,129.558,128.233,128.416,247736.46,128.4135
2017-08-09 02:00:00,129.444,129.477,128.441,129.454,241169.74,129.451
2017-08-08 02:00:00,130.705,130.829,129.389,129.44,209741.73,129.437
2017-08-07 02:00:00,130.51,130.874,130.451,130.705,197445.07,130.701
2017-08-06 02:00:00,130.382,130.626,130.36,130.507,18988.17,130.5045
2017-08-05 02:00:00,130.334,130.334,130.334,130.334,0.0,130.3115
2017-08-04 02:00:00,130.576,131.119,130.099,130.334,206838.35,130.3115
2017-08-03 02:00:00,131.265,131.273,130.461,130.581,236718.49,130.577
2017-08-02 02:00:00,130.446,131.403,130.383,131.265,244285.33,131.2635
2017-08-01 02:00:00,130.455,130.602,129.843,130.443,236858.76,130.4405
2017-07-31 02:00:00,129.816,130.598,129.554,130.455,242320.84,130.451
2017-07-30 02:00:00,130.035,130.148,129.799,129.82,16098.92,129.8175
2017-07-29 02:00:00,130.096,130.096,130.096,130.096,0.0,130.0605
2017-07-28 02:00:00,129.875,130.41,129.559,130.096,238597.71,130.0605
2017-07-27 02:00:00,130.407,130.59,129.55,129.873,271401.0,129.8715
2017-07-26 02:00:00,130.43,130.611,129.94,130.412,249881.96,130.4085
2017-07-25 02:00:00,129.473,130.586,129.26,130.43,240371.99,130.4275
2017-07-24 02:00:00,129.588,129.714,128.877,129.472,218126.6,129.4695
2017-07-23 02:00:00,129.703,129.77,129.533,129.588,11497.99,129.5855
2017-07-22 02:00:00,129.636,129.636,129.636,129.636,0.0,129.6135
2017-07-21 02:00:00,130.119,130.508,129.502,129.636,199385.42,129.6135
2017-07-20 02:00:00,128.993,130.268,128.785,130.115,244678.68,130.112
2017-07-19 02:00:00,129.331,129.437,128.582,128.993,187965.29,128.991
2017-07-18 02:00:00,129.199,129.753,129.066,129.333,216387.0,129.329
2017-07-17 02:00:00,128.987,129.47,128.741,129.198,180548.48,129.1945
2017-07-16 02:00:00,129.041,129.159,128.965,128.987,12697.8,128.984
2017-07-15 02:00:00,129.112,129.112,129.112,129.112,0.0,129.084
2017-07-14 02:00:00,129.366,129.522,128.595,129.112,172853.95,129.084
2017-07-13 02:00:00,129.415,129.664,128.498,129.364,221468.85,129.36
2017-07-12 02:00:00,130.517,130.586,129.048,129.415,217326.69,129.4105
2017-07-11 02:00:00,129.996,130.771,129.967,130.518,198230.18,130.515
2017-07-10 02:00:00,129.972,130.403,129.857,129.995,165946.23,129.991
2017-07-09 02:00:00,129.877,130.051,129.828,129.973,10680.13,129.9695
2017-07-08 02:00:00,129.905,129.905,129.905,129.905,0.0,129.875
2017-07-07 02:00:00,129.244,130.128,129.224,129.905,198688.7,129.875
2017-07-06 02:00:00,128.449,129.418,128.001,129.245,202071.58,129.2415
2017-07-05 02:00:00,128.332,129.089,128.155,128.447,208170.61,128.443
2017-07-04 02:00:00,128.947,128.95,128.041,128.332,170816.74,128.327
2017-07-03 02:00:00,128.226,128.975,128.088,128.947,173610.96,128.9445
2017-07-02 02:00:00,128.053,128.407,128.053,128.226,10419.56,128.223
2017-07-01 02:00:00,128.443,128.443,128.443,128.443,0.0,128.3985
2017-06-30 02:00:00,128.121,128.606,127.445,128.443,196319.33,128.3985
2017-06-29 02:00:00,127.847,128.834,127.76,128.121,217996.63,128.1165
2017-06-28 02:00:00,127.202,127.925,126.495,127.844,223833.72,127.841
2017-06-27 02:00:00,125.111,127.487,124.746,127.199,199046.85,127.1955
2017-06-26 02:00:00,124.591,125.152,124.528,125.108,157967.54,125.1045
2017-06-25 02:00:00,124.562,124.622,124.474,124.588,6021.11,124.585
2017-06-24 02:00:00,124.565,124.565,124.565,124.565,0.0,124.547
2017-06-23 02:00:00,124.098,124.71,124.025,124.565,132581.46,124.547
2017-06-22 02:00:00,124.322,124.357,123.847,124.095,186271.03,124.0925
2017-06-21 02:00:00,123.995,124.462,123.662,124.321,173896.77,124.3185
2017-06-20 02:00:00,124.486,124.648,123.911,123.998,166182.45,123.995
2017-06-19 02:00:00,124.332,124.549,124.138,124.488,162576.28,124.4845
2017-06-18 02:00:00,124.324,124.351,124.086,124.34,7528.28,124.337
2017-06-17 02:00:00,124.141,124.141,124.141,124.141,0.0,124.1285
2017-06-16 02:00:00,123.749,124.465,123.737,124.141,175626.2,124.1285
2017-06-15 02:00:00,122.725,123.755,122.403,123.751,211956.11,123.748
2017-06-14 02:00:00,123.385,123.644,122.515,122.726,209241.5,122.7245
2017-06-13 02:00:00,123.097,123.752,123.064,123.381,146255.78,123.3785
2017-06-12 02:00:00,123.573,123.728,122.798,123.098,174790.85,123.095
2017-06-11 02:00:00,123.672,123.79,123.505,123.572,6498.1,123.57
2017-06-10 02:00:00,123.528,123.528,123.528,123.528,0.0,123.501
2017-06-09 02:00:00,122.94,123.867,122.916,123.528,205338.68,123.501
2017-06-08 02:00:00,123.725,124.045,122.818,122.94,227171.71,122.9355
2017-06-07 02:00:00,123.411,123.784,122.635,123.725,194386.15,123.721
2017-06-06 02:00:00,124.278,124.363,122.932,123.414,185571.9,123.4105
2017-06-05 02:00:00,124.587,124.718,124.196,124.278,132014.52,124.274
2017-06-04 02:00:00,124.525,124.684,124.525,124.589,9737.31,124.585
2017-06-03 02:00:00,124.578,124.578,124.578,124.578,0.0,124.566
2017-06-02 02:00:00,124.962,125.316,124.431,124.578,174490.75,124.566
2017-06-01 02:00:00,124.535,125.094,124.489,124.962,184090.73,124.9585
2017-05-31 02:00:00,123.841,124.644,123.756,124.535,195532.64,124.533
2017-05-30 02:00:00,123.751,124.397,123.162,123.84,184536.8,123.8385
2017-05-29 02:00:00,124.345,124.648,123.714,123.749,145718.92,123.7465
2017-05-28 02:00:00,124.367,124.443,124.25,124.343,8350.99,124.3395
2017-05-27 02:00:00,124.519,124.519,124.519,124.519,0.0,124.476
2017-05-26 02:00:00,125.268,125.299,124.172,124.519,187502.49,124.476
2017-05-25 02:00:00,125.278,125.811,125.217,125.268,189743.65,125.264
2017-05-24 02:00:00,125.164,125.411,124.909,125.276,218087.45,125.2735
2017-05-23 02:00:00,124.627,125.394,124.569,125.166,239197.24,125.162
2017-05-22 02:00:00,124.679,125.301,124.122,124.629,217963.54,124.6265
2017-05-21 02:00:00,124.366,124.713,124.316,124.681,10652.89,124.678
2017-05-20 02:00:00,124.71,124.71,124.71,124.71,0.0,124.6915
2017-05-19 02:00:00,123.816,124.945,123.388,124.71,224075.0,124.6915
2017-05-18 02:00:00,123.89,124.117,122.565,123.815,299490.91,123.812
2017-05-17 02:00:00,125.013,125.088,123.425,123.888,278143.92,123.8845
2017-05-16 02:00:00,124.788,125.819,124.596,125.016,218733.47,125.014
2017-05-15 02:00:00,123.783,124.926,123.755,124.788,185809.61,124.7865
2017-05-14 02:00:00,123.72,123.856,123.691,123.784,10566.27,123.7815
2017-05-13 02:00:00,123.963,123.963,123.963,123.963,0.0,123.9185
2017-05-12 02:00:00,123.664,123.963,123.315,123.963,188032.5,123.9185
2017-05-11 02:00:00,124.258,124.43,123.324,123.662,196765.64,123.658
2017-05-10 02:00:00,123.784,124.328,123.497,124.259,207734.89,124.256
2017-05-09 02:00:00,123.721,124.541,123.663,123.782,243364.75,123.7785
2017-05-08 02:00:00,123.541,124.028,122.989,123.719,229464.69,123.7165
2017-05-07 02:00:00,124.513,124.536,123.54,123.54,16426.62,123.5375
2017-05-06 02:00:00,124.021,124.021,124.021,124.021,0.0,123.9725
2017-05-05 02:00:00,123.589,124.059,122.931,124.021,201918.92,123.9725
2017-05-04 02:00:00,122.831,123.65,122.607,123.589,201467.71,123.587
2017-05-03 02:00:00,122.474,122.87,122.322,122.832,180644.83,122.8275
2017-05-02 02:00:00,122.015,122.602,121.996,122.472,184006.55,122.4685
2017-05-01 02:00:00,121.426,122.151,121.387,122.01,148153.95,122.009
2017-04-30 02:00:00,121.509,121.594,121.313,121.43,10462.62,121.424
2017-04-29 02:00:00,121.534,121.534,121.534,121.534,0.0,121.4865
2017-04-28 02:00:00,120.852,122.002,120.697,121.534,186844.1,121.4865
2017-04-27 02:00:00,121.28,121.898,120.61,120.85,211360.26,120.8455
2017-04-26 02:00:00,121.389,121.982,120.924,121.279,237766.83,121.276
2017-04-25 02:00:00,119.116,121.647,119.116,121.388,214258.21,121.3835
2017-04-24 02:00:00,119.638,119.939,118.924,119.118,229580.57,119.1155
2017-04-23 02:00:00,120.704,120.705,119.492,119.638,27811.43,119.6355
2017-04-22 02:00:00,117.095,117.095,117.095,117.095,0.0,117.0295
2017-04-21 02:00:00,117.201,117.311,116.469,117.095,189182.91,117.0295
2017-04-20 02:00:00,116.611,117.821,116.607,117.198,215575.09,117.196
2017-04-19 02:00:00,116.446,116.98,116.276,116.611,212126.52,116.608
2017-04-18 02:00:00,116.155,116.496,115.762,116.446,228917.49,116.4435
2017-04-17 02:00:00,114.923,116.185,114.857,116.156,167541.82,116.153
2017-04-16 02:00:00,115.564,115.592,114.855,114.923,19711.59,114.918
2017-04-15 02:00:00,115.365,115.365,115.365,115.365,0.0,115.3165
2017-04-14 02:00:00,115.835,116.024,115.205,115.365,101891.03,115.3165
2017-04-13 02:00:00,116.184,116.458,115.724,115.834,218120.03,115.8265
2017-04-12 02:00:00,116.235,116.548,115.939,116.185,234261.87,116.1815
2017-04-11 02:00:00,117.31,117.469,116.17,116.238,222326.08,116.234
2017-04-10 02:00:00,117.679,118.067,117.281,117.31,194077.96,117.308
2017-04-09 02:00:00,117.653,117.795,117.539,117.681,12780.92,117.6785
2017-04-08 02:00:00,117.691,117.691,117.691,117.691,0.0,117.652
2017-04-07 02:00:00,118.035,118.168,117.325,117.691,240373.62,117.652
2017-04-06 02:00:00,117.821,118.432,117.362,118.035,215504.2,118.0315
2017-04-05 02:00:00,118.367,118.797,117.784,117.818,200319.09,117.814
2017-04-04 02:00:00,118.101,118.465,117.433,118.365,190774.61,118.3635
2017-04-03 02:00:00,118.727,119.054,118.08,118.104,186993.09,118.1015
2017-04-02 02:00:00,118.886,118.904,118.689,118.727,10766.69,118.7235
2017-04-01 02:00:00,118.7,118.7,118.7,118.7,0.0,118.6735
2017-03-31 02:00:00,119.429,119.826,118.632,118.7,201379.73,118.6735
2017-03-30 02:00:00,119.577,119.852,119.09,119.429,206249.23,119.4255
2017-03-29 02:00:00,120.313,120.447,119.017,119.579,202309.37,119.578
2017-03-28 02:00:00,120.301,120.393,119.701,120.315,199330.44,120.312
2017-03-27 02:00:00,119.904,120.387,119.549,120.304,212264.04,120.303
2017-03-26 01:00:00,120.244,120.286,119.767,119.903,20082.44,119.9015
2017-03-25 01:00:00,120.246,120.246,120.246,120.246,0.0,120.2265
2017-03-24 01:00:00,119.692,120.25,119.53,120.246,204535.64,120.2265
2017-03-23 01:00:00,120.167,120.317,119.33,119.692,234953.58,119.6895
2017-03-22 01:00:00,120.6,120.747,119.686,120.167,231169.1,120.1645
2017-03-21 01:00:00,120.866,121.84,120.49,120.603,237046.7,120.6
2017-03-20 01:00:00,121.049,121.436,120.667,120.863,170439.02,120.859
2017-03-19 01:00:00,121.017,121.15,120.941,121.049,8364.97,121.047
2017-03-18 01:00:00,121.035,121.035,121.035,121.035,0.0,121.0115
2017-03-17 01:00:00,122.112,122.256,120.824,121.035,175695.0,121.0115
2017-03-16 01:00:00,121.765,122.175,121.138,122.108,226306.23,122.105
2017-03-15 01:00:00,121.681,122.061,121.21,121.764,211293.73,121.7615
2017-03-14 01:00:00,122.4,122.634,121.642,121.678,193259.3,121.6745
2017-03-13 01:00:00,122.682,122.892,122.142,122.401,205197.0,122.398
2017-03-12 01:00:00,122.564,122.712,122.489,122.681,8620.21,122.6795
2017-03-11 01:00:00,122.592,122.592,122.592,122.592,0.0,122.543
2017-03-10 01:00:00,121.819,122.837,121.791,122.592,208557.98,122.543
2017-03-09 01:00:00,120.651,121.885,120.507,121.82,225485.0,121.818
2017-03-08 01:00:00,120.414,121.122,120.021,120.651,205258.82,120.648
2017-03-07 01:00:00,120.508,120.724,120.368,120.414,182640.66,120.4105
2017-03-06 01:00:00,120.89,120.913,120.355,120.509,188102.87,120.5055
2017-03-05 01:00:00,120.869,121.149,120.842,120.892,10207.71,120.8885
2017-03-04 01:00:00,121.159,121.159,121.159,121.159,0.0,121.1245
2017-03-03 01:00:00,120.156,121.204,120.021,121.159,213054.46,121.1245
2017-03-02 01:00:00,120.24,120.496,119.995,120.156,212823.57,120.1535
2017-03-01 01:00:00,119.539,120.286,119.372,120.245,258663.12,120.2405
2017-02-28 01:00:00,119.335,119.542,118.672,119.54,227253.22,119.537
2017-02-27 01:00:00,118.379,119.471,118.254,119.335,205525.79,119.3305
2017-02-26 01:00:00,118.505,118.641,118.377,118.379,11933.8,118.377
2017-02-25 01:00:00,118.51,118.51,118.51,118.51,0.0,118.4665
2017-02-24 01:00:00,119.285,119.506,118.242,118.51,206913.82,118.4665
2017-02-23 01:00:00,119.661,119.715,119.046,119.285,200104.84,119.2815
2017-02-22 01:00:00,119.828,119.868,118.6,119.66,227028.47,119.657
2017-02-21 01:00:00,120.172,120.323,119.564,119.827,202486.87,119.8235
2017-02-20 01:00:00,119.983,120.309,119.772,120.175,151242.06,120.1725
2017-02-19 01:00:00,119.778,120.029,119.775,119.983,8772.05,119.98
2017-02-18 01:00:00,119.789,119.789,119.789,119.789,0.0,119.7465
2017-02-17 01:00:00,120.934,121.101,119.708,119.789,217494.58,119.7465
2017-02-16 01:00:00,121.016,121.17,120.69,120.935,236646.3,120.932
2017-02-15 01:00:00,120.905,121.286,120.715,121.016,238653.17,121.0145
2017-02-14 01:00:00,120.496,121.012,120.221,120.903,227538.67,120.901
2017-02-13 01:00:00,120.988,121.177,120.392,120.498,212980.02,120.496
2017-02-12 01:00:00,120.725,121.038,120.68,120.987,10804.62,120.982
2017-02-11 01:00:00,120.476,120.476,120.476,120.476,0.0,120.445
2017-02-10 01:00:00,120.895,121.34,120.231,120.476,234453.67,120.445
2017-02-09 01:00:00,119.717,120.93,119.662,120.895,232754.82,120.8905
2017-02-08 01:00:00,120.017,120.108,119.331,119.717,248099.24,119.7145
2017-02-07 01:00:00,120.143,120.153,119.542,120.015,242630.21,120.0125
2017-02-06 01:00:00,121.467,121.494,119.96,120.147,244134.42,120.1425
2017-02-05 01:00:00,121.388,121.506,121.331,121.469,9081.09,121.4625
2017-02-04 01:00:00,121.426,121.426,121.426,121.426,0.0,121.406
2017-02-03 01:00:00,121.411,121.768,121.09,121.426,235228.41,121.406
2017-02-02 01:00:00,121.976,121.982,121.212,121.416,264084.94,121.411
2017-02-01 01:00:00,121.815,122.52,121.737,121.98,269024.73,121.9785
2017-01-31 01:00:00,121.735,122.264,121.019,121.815,294547.74,121.8105
2017-01-30 01:00:00,122.88,123.032,121.446,121.738,227695.34,121.733
2017-01-29 01:00:00,123.067,123.169,122.8,122.879,12253.81,122.878
2017-01-28 01:00:00,123.185,123.185,123.185,123.185,0.0,123.137
2017-01-27 01:00:00,122.256,123.314,122.232,123.185,232461.31,123.137
2017-01-26 01:00:00,121.806,122.672,121.677,122.253,251315.13,122.2505
2017-01-25 01:00:00,122.164,122.247,121.626,121.805,241939.16,121.802
2017-01-24 01:00:00,121.355,122.274,121.212,122.163,227624.02,122.16
2017-01-23 01:00:00,121.926,122.236,121.137,121.355,268511.5,121.35
2017-01-22 01:00:00,122.328,122.504,121.876,121.926,13820.89,121.922
2017-01-21 01:00:00,122.707,122.707,122.707,122.707,0.0,122.661
2017-01-20 01:00:00,122.521,122.953,122.285,122.707,266590.18,122.661
2017-01-19 01:00:00,121.929,122.757,121.796,122.524,273633.01,122.5195
2017-01-18 01:00:00,120.765,122.056,120.645,121.922,259191.17,121.9195
2017-01-17 01:00:00,121.048,121.405,120.546,120.764,275633.95,120.76
2017-01-16 01:00:00,121.402,121.65,120.766,121.045,218211.04,121.0395
2017-01-15 01:00:00,121.298,121.693,121.298,121.402,13667.44,121.3975
2017-01-14 01:00:00,121.938,121.938,121.938,121.938,0.0,121.889
2017-01-13 01:00:00,121.75,122.423,121.652,121.938,236695.24,121.889
2017-01-12 01:00:00,121.948,122.061,121.199,121.749,277227.78,121.744
2017-01-11 01:00:00,122.278,122.629,121.254,121.946,284864.2,121.941
2017-01-10 01:00:00,122.796,122.946,122.112,122.276,239513.0,122.272
2017-01-09 01:00:00,123.363,123.731,122.374,122.793,219071.73,122.7885
2017-01-08 01:00:00,123.244,123.439,123.229,123.364,8904.91,123.359
2017-01-07 01:00:00,123.242,123.242,123.242,123.242,0.0,123.2025
2017-01-06 01:00:00,122.322,123.453,122.246,123.242,238411.23,123.2025
2017-01-05 01:00:00,122.966,123.021,122.02,122.322,288202.96,122.3175
2017-01-04 01:00:00,122.552,123.129,122.487,122.968,232668.37,122.9635
2017-01-03 01:00:00,122.838,123.336,122.275,122.552,213839.83,122.547
2017-01-02 01:00:00,123.018,123.572,122.669,122.838,133921.04,122.8315
2017-01-01 01:00:00,123.262,123.285,123.006,123.006,211.97,122.942
2016-12-31 01:00:00,123.192,123.192,123.192,123.192,0.0,123.1545
2016-12-30 01:00:00,122.933,123.77,122.566,123.192,198848.78,123.1545
2016-12-29 01:00:00,121.952,123.902,121.602,122.932,189166.92,122.9165
2016-12-28 01:00:00,122.913,123.252,121.739,121.95,163748.95,121.9465
2016-12-27 01:00:00,122.53,123.002,122.457,122.913,136409.15,122.9095
2016-12-26 01:00:00,122.65,122.694,122.222,122.525,168008.74,122.518
2016-12-25 01:00:00,122.698,122.775,122.552,122.65,8272.84,122.627
2016-12-24 01:00:00,122.693,122.693,122.693,122.693,0.0,122.657
2016-12-23 01:00:00,122.681,122.77,122.386,122.693,127212.71,122.657
2016-12-22 01:00:00,122.645,123.205,122.516,122.68,179016.42,122.6725
2016-12-21 01:00:00,122.474,122.879,122.078,122.645,197105.81,122.64
2016-12-20 01:00:00,121.745,122.8,121.744,122.472,203239.72,122.466
2016-12-19 01:00:00,123.075,123.112,121.686,121.745,203783.75,121.7425
2016-12-18 01:00:00,123.194,123.253,123.008,123.079,17786.16,123.071
2016-12-17 01:00:00,123.282,123.282,123.282,123.282,0.0,123.232
2016-12-16 01:00:00,123.186,123.639,122.838,123.282,216270.19,123.232
2016-12-15 01:00:00,123.213,124.1,122.573,123.186,299431.0,123.183
2016-12-14 01:00:00,122.459,123.48,122.139,123.21,245964.93,123.208
2016-12-13 01:00:00,122.369,122.805,122.162,122.459,219197.81,122.4535
2016-12-12 01:00:00,121.733,122.937,121.589,122.37,224571.11,122.366
2016-12-11 01:00:00,121.582,121.844,121.582,121.732,10426.34,121.7275
2016-12-10 01:00:00,121.806,121.806,121.806,121.806,0.0,121.7595
2016-12-09 01:00:00,121.156,121.843,121.047,121.806,194551.99,121.7595
2016-12-08 01:00:00,122.375,123.362,120.92,121.155,249750.92,121.1485
2016-12-07 01:00:00,122.247,122.593,122.027,122.375,195833.13,122.37
2016-12-06 01:00:00,122.48,122.939,121.943,122.248,220101.17,122.2425
2016-12-05 01:00:00,119.978,123.197,119.515,122.479,278064.22,122.4735
2016-12-04 01:00:00,120.343,120.358,118.727,119.972,37307.76,119.967
2016-12-03 01:00:00,121.137,121.137,121.137,121.137,0.0,121.0685
2016-12-02 01:00:00,121.461,121.894,120.883,121.137,226444.26,121.0685
2016-12-01 01:00:00,121.466,121.804,120.848,121.46,259477.53,121.455
2016-11-30 01:00:00,119.757,121.562,119.462,121.466,277597.46,121.459
2016-11-29 01:00:00,118.591,119.978,118.587,119.755,236271.49,119.752
2016-11-28 01:00:00,119.509,119.66,118.558,118.589,255845.21,118.5835
2016-11-27 01:00:00,119.718,119.821,119.468,119.51,11302.6,119.509
2016-11-26 01:00:00,119.962,119.962,119.962,119.962,0.0,119.921
2016-11-25 01:00:00,119.618,120.167,119.314,119.962,244860.84,119.921
2016-11-24 01:00:00,118.666,119.775,118.503,119.617,202165.7,119.6125
2016-11-23 01:00:00,118.013,118.995,117.719,118.667,225881.34,118.661
2016-11-22 01:00:00,117.724,118.159,117.399,118.02,220376.65,118.011
2016-11-21 01:00:00,117.434,118.005,117.322,117.72,258080.47,117.7145
2016-11-20 01:00:00,117.548,117.691,117.416,117.434,15565.91,117.431
2016-11-19 01:00:00,117.498,117.498,117.498,117.498,0.0,117.4525
2016-11-18 01:00:00,117.107,117.521,116.75,117.498,229749.07,117.4525
2016-11-17 01:00:00,116.468,117.249,116.26,117.112,240135.7,117.1055
2016-11-16 01:00:00,116.898,117.49,116.317,116.468,238481.36,116.467
2016-11-15 01:00:00,116.291,117.225,116.089,116.892,243244.5,116.889
2016-11-14 01:00:00,115.681,116.52,115.558,116.29,272533.37,116.2835
2016-11-13 01:00:00,115.786,115.887,115.632,115.681,12187.48,115.6775
2016-11-12 01:00:00,115.891,115.891,115.891,115.891,0.0,115.8075
2016-11-11 01:00:00,116.297,116.492,115.312,115.891,271332.45,115.8075
2016-11-10 01:00:00,115.538,116.584,114.973,116.296,321826.56,116.2925
2016-11-09 01:00:00,115.685,115.983,113.737,115.543,431619.84,115.539
2016-11-08 01:00:00,115.424,116.049,115.119,115.683,214712.71,115.675
2016-11-07 01:00:00,115.58,115.778,115.266,115.423,207698.39,115.4185
2016-11-06 01:00:00,115.167,115.915,114.957,115.574,16310.33,115.569
2016-11-05 01:00:00,114.905,114.905,114.905,114.905,0.0,114.875
2016-11-04 01:00:00,114.405,114.91,114.14,114.905,193430.65,114.875
2016-11-03 01:00:00,114.705,114.777,114.019,114.404,228865.55,114.402
2016-11-02 01:00:00,115.085,115.128,114.361,114.705,266051.25,114.699
2016-11-01 01:00:00,115.015,115.683,114.82,115.087,237879.11,115.0835
2016-10-31 01:00:00,114.854,115.273,114.798,115.014,174527.12,115.0095
2016-10-30 02:00:00,114.842,115.018,114.705,114.85,12472.37,114.8465
2016-10-29 02:00:00,115.109,115.109,115.109,115.109,0.0,115.0595
2016-10-28 02:00:00,114.67,115.33,114.588,115.109,198468.85,115.0595
2016-10-27 02:00:00,114.084,114.87,113.71,114.67,182974.95,114.6655
2016-10-26 02:00:00,113.402,114.203,113.27,114.084,171635.41,114.0785
2016-10-25 02:00:00,113.437,113.911,113.337,113.408,173683.75,113.4035
2016-10-24 02:00:00,113.073,113.588,112.842,113.439,283627.94,113.4355
2016-10-23 02:00:00,113.019,113.18,112.938,113.073,17918.51,113.069
2016-10-22 02:00:00,113.069,113.069,113.069,113.069,0.0,113.0215
2016-10-21 02:00:00,113.793,113.824,112.614,113.069,477644.78,113.0215
2016-10-20 02:00:00,113.477,114.525,113.373,113.795,508051.69,113.791
2016-10-19 02:00:00,113.996,114.163,113.125,113.477,459369.82,113.4735
2016-10-18 02:00:00,114.365,114.685,113.955,113.996,478296.57,113.991
2016-10-17 02:00:00,114.099,114.583,114.03,114.366,500365.6,114.361
2016-10-16 02:00:00,114.481,114.49,114.095,114.099,18901.27,114.095
2016-10-15 02:00:00,114.307,114.307,114.307,114.307,0.0,114.276
2016-10-14 02:00:00,114.609,115.052,114.216,114.307,574459.7,114.276
2016-10-13 02:00:00,114.849,115.152,113.92,114.607,566828.68,114.6035
2016-10-12 02:00:00,114.295,115.177,114.04,114.849,626330.98,114.846
2016-10-11 02:00:00,115.54,115.795,114.018,114.295,605789.95,114.2905
2016-10-10 02:00:00,115.355,115.736,115.076,115.542,389724.99,115.538
2016-10-09 02:00:00,115.573,115.698,115.275,115.353,23788.36,115.35
2016-10-08 02:00:00,115.313,115.313,115.313,115.313,0.0,115.2745
2016-10-07 02:00:00,115.614,115.73,115.056,115.313,683114.0,115.2745
2016-10-06 02:00:00,115.931,116.285,115.589,115.614,598564.36,115.608
2016-10-05 02:00:00,115.315,116.257,115.119,115.933,619169.09,115.929
2016-10-04 02:00:00,114.156,115.385,114.09,115.316,774305.09,115.313
2016-10-03 02:00:00,114.064,114.175,113.637,114.156,484139.89,114.152
2016-10-02 02:00:00,113.736,114.096,113.735,114.064,25436.33,114.058
2016-10-01 02:00:00,113.969,113.969,113.969,113.969,0.0,113.9365
2016-09-30 02:00:00,113.539,114.139,112.6,113.969,679086.1,113.9365
2016-09-29 02:00:00,113.299,114.195,113.007,113.539,693183.9,113.5345
2016-09-28 02:00:00,112.725,113.386,112.527,113.299,651005.68,113.294
2016-09-27 02:00:00,112.933,113.58,112.25,112.725,674245.96,112.7215
2016-09-26 02:00:00,113.415,113.5,112.821,112.933,586932.56,112.928
2016-09-25 02:00:00,113.503,113.549,113.33,113.414,21349.19,113.409
2016-09-24 02:00:00,113.449,113.449,113.449,113.449,0.0,113.4125
2016-09-23 02:00:00,113.025,113.625,112.888,113.449,605978.36,113.4125
2016-09-22 02:00:00,112.337,113.51,112.09,113.025,569435.47,113.02
2016-09-21 02:00:00,113.347,114.405,112.084,112.337,679856.12,112.3325
2016-09-20 02:00:00,113.908,114.031,113.21,113.349,502730.25,113.3445
2016-09-19 02:00:00,114.173,114.21,113.477,113.908,430194.68,113.903
2016-09-18 02:00:00,113.991,114.298,113.957,114.173,26314.71,114.169
2016-09-17 02:00:00,114.167,114.167,114.167,114.167,0.0,114.124
2016-09-16 02:00:00,114.717,114.819,113.958,114.167,480683.19,114.124
2016-09-15 02:00:00,115.336,115.429,114.474,114.715,567159.43,114.7105
2016-09-14 02:00:00,114.998,116.09,114.98,115.336,633920.1,115.3305
2016-09-13 02:00:00,114.367,115.321,113.936,114.998,595740.36,114.996
2016-09-12 02:00:00,115.193,115.483,114.251,114.367,550114.41,114.364
2016-09-11 02:00:00,115.333,115.344,114.942,115.193,30912.22,115.188
2016-09-10 02:00:00,115.399,115.399,115.399,115.399,0.0,115.3525
2016-09-09 02:00:00,115.281,115.954,115.024,115.399,578848.82,115.3525
2016-09-08 02:00:00,114.459,115.451,114.14,115.281,549239.43,115.279
2016-09-07 02:00:00,114.256,114.462,113.82,114.456,508386.2,114.4525
2016-09-06 02:00:00,115.419,115.684,113.915,114.255,556594.6,114.2495
2016-09-05 02:00:00,115.976,116.117,115.132,115.419,409786.56,115.4145
2016-09-04 02:00:00,116.175,116.176,115.964,115.976,20465.84,115.9715
2016-09-03 02:00:00,115.931,115.931,115.931,115.931,0.0,115.903
2016-09-02 02:00:00,115.637,116.369,115.518,115.931,514594.51,115.903
2016-09-01 02:00:00,115.268,115.828,115.033,115.637,537701.05,115.633
2016-08-31 02:00:00,114.722,115.442,114.69,115.268,543830.49,115.264
2016-08-30 02:00:00,113.965,114.944,113.859,114.726,484342.22,114.7215
2016-08-29 02:00:00,114.133,114.695,113.906,113.966,494325.54,113.9615
2016-08-28 02:00:00,114.217,114.274,113.998,114.134,21856.98,114.1295
2016-08-27 02:00:00,114.068,114.068,114.068,114.068,0.0,114.026
2016-08-26 02:00:00,113.508,114.141,113.153,114.068,459497.81,114.026
2016-08-25 02:00:00,113.258,113.584,113.106,113.512,414794.75,113.5085
2016-08-24 02:00:00,113.361,113.591,112.795,113.255,461904.32,113.2515
2016-08-23 02:00:00,113.486,113.734,113.227,113.361,514581.44,113.3565
2016-08-22 02:00:00,113.62,113.83,113.411,113.486,515401.98,113.482
2016-08-21 02:00:00,114.025,114.047,113.47,113.622,33515.26,113.618
2016-08-20 02:00:00,113.551,113.551,113.551,113.551,0.0,113.51
2016-08-19 02:00:00,113.638,113.877,113.235,113.551,405514.73,113.51
2016-08-18 02:00:00,112.87,113.709,112.669,113.634,440134.23,113.63
2016-08-17 02:00:00,112.96,113.937,112.655,112.87,458969.55,112.8685
2016-08-16 02:00:00,113.241,113.259,112.373,112.961,427234.1,112.955
2016-08-15 02:00:00,113.057,113.3,112.684,113.24,361979.35,113.2355
2016-08-14 02:00:00,113.056,113.226,112.962,113.057,17482.02,113.0525
2016-08-13 02:00:00,113.15,113.15,113.15,113.15,0.0,113.1005
2016-08-12 02:00:00,113.423,114.033,112.733,113.15,361374.69,113.1005
2016-08-11 02:00:00,113.135,113.702,112.71,113.425,349231.69,113.4215
2016-08-10 02:00:00,113.339,113.475,112.795,113.135,477054.15,113.13
2016-08-09 02:00:00,113.396,113.595,113.039,113.338,348415.68,113.3345
2016-08-08 02:00:00,113.154,113.759,113.001,113.394,408156.92,113.39
2016-08-07 02:00:00,113.061,113.406,112.935,113.154,19463.33,113.149
2016-08-06 02:00:00,112.945,112.945,112.945,112.945,0.0,112.91
2016-08-05 02:00:00,112.693,113.102,112.323,112.945,433314.02,112.91
2016-08-04 02:00:00,113.009,113.281,112.487,112.694,537206.73,112.689
2016-08-03 02:00:00,113.39,113.652,112.671,113.009,578597.71,113.0055
2016-08-02 02:00:00,114.261,114.82,113.014,113.398,727545.42,113.392
2016-08-01 02:00:00,114.29,114.742,114.037,114.26,659341.2,114.255
2016-07-31 02:00:00,114.294,114.593,113.979,114.287,33453.51,114.283
2016-07-30 02:00:00,114.093,114.093,114.093,114.093,0.0,114.0645
2016-07-29 02:00:00,116.189,116.996,113.885,114.093,692106.27,114.0645
2016-07-28 02:00:00,116.127,116.854,114.57,116.192,700338.75,116.1835
2016-07-27 02:00:00,115.21,117.156,115.172,116.126,787354.25,116.122
2016-07-26 02:00:00,116.044,116.078,114.461,115.21,767217.43,115.2045
2016-07-25 02:00:00,116.587,116.97,116.009,116.047,615779.33,116.0425
2016-07-24 02:00:00,116.535,116.76,116.433,116.585,29242.77,116.5835
2016-07-23 02:00:00,116.551,116.551,116.551,116.551,0.0,116.469
2016-07-22 02:00:00,116.709,117.28,116.227,116.551,628894.64,116.469
2016-07-21 02:00:00,118.09,118.471,116.156,116.713,762173.02,116.71
2016-07-20 02:00:00,116.891,118.275,116.544,118.09,457670.67,118.0845
2016-07-19 02:00:00,117.517,117.576,116.58,116.89,209648.45,116.8835
2016-07-18 02:00:00,116.538,117.777,116.326,117.511,183097.05,117.5105
2016-07-17 02:00:00,116.456,117.222,116.412,116.537,19039.32,116.5315
2016-07-16 02:00:00,115.75,115.75,115.75,115.75,0.0,115.704
2016-07-15 02:00:00,116.792,118.41,115.5,115.75,232017.08,115.704
2016-07-14 02:00:00,115.453,118.037,115.387,116.793,263908.83,116.789
2016-07-13 02:00:00,115.832,116.234,114.932,115.452,252533.78,115.4465
2016-07-12 02:00:00,113.351,116.428,113.288,115.832,245564.36,115.828
2016-07-11 02:00:00,111.225,113.785,111.141,113.351,220317.47,113.3455
2016-07-10 02:00:00,111.241,111.382,111.118,111.225,16723.48,111.2185
2016-07-09 02:00:00,111.151,111.151,111.151,111.151,0.0,111.106
2016-07-08 02:00:00,111.486,111.866,110.874,111.151,187059.63,111.106
2016-07-07 02:00:00,112.241,112.316,111.224,111.485,197635.65,111.4815
2016-07-06 02:00:00,111.93,112.609,110.83,112.24,242694.59,112.235
2016-07-05 02:00:00,114.254,114.268,111.831,111.932,199702.59,111.927
2016-07-04 02:00:00,114.054,114.514,113.966,114.266,158507.46,114.2615
2016-07-03 02:00:00,114.437,114.437,114.013,114.053,10479.63,114.0465
2016-07-02 02:00:00,114.236,114.236,114.236,114.236,0.0,114.1865
2016-07-01 02:00:00,114.469,114.581,113.684,114.236,194098.78,114.1865
2016-06-30 02:00:00,114.329,114.802,113.341,114.468,241402.0,114.463
2016-06-29 02:00:00,113.749,114.605,112.955,114.329,217521.88,114.325
2016-06-28 02:00:00,112.137,113.866,111.933,113.749,228327.87,113.7425
2016-06-27 02:00:00,112.849,113.255,111.383,112.135,261359.21,112.1335
2016-06-26 02:00:00,111.838,113.268,111.811,112.85,23336.17,112.834
2016-06-25 02:00:00,113.682,113.682,113.682,113.682,0.0,113.5195
2016-06-24 02:00:00,118.965,119.635,109.602,113.682,330314.61,113.5195
2016-06-23 02:00:00,118.542,122.062,116.575,118.971,259552.32,118.9475
2016-06-22 02:00:00,117.804,119.055,117.433,118.545,210481.83,118.54
2016-06-21 02:00:00,117.553,118.691,117.32,117.801,231403.81,117.797
2016-06-20 02:00:00,118.733,119.147,117.345,117.551,229242.28,117.545
2016-06-19 02:00:00,118.714,118.927,118.225,118.733,16746.62,118.7245
2016-06-18 02:00:00,117.503,117.503,117.503,117.503,0.0,117.463
2016-06-17 02:00:00,118.093,118.103,116.911,117.503,205961.86,117.463
2016-06-16 02:00:00,119.247,119.252,115.504,118.063,261241.48,118.059
2016-06-15 02:00:00,118.934,119.493,118.722,119.249,212089.83,119.2435
2016-06-14 02:00:00,119.865,120.124,118.523,118.934,226923.77,118.9285
2016-06-13 02:00:00,119.675,120.328,119.009,119.867,218890.89,119.8625
2016-06-12 02:00:00,120.27,120.283,119.535,119.673,16173.03,119.669
2016-06-11 02:00:00,120.355,120.355,120.355,120.355,0.0,120.338
2016-06-10 02:00:00,121.145,121.201,119.916,120.355,184471.59,120.338
2016-06-09 02:00:00,121.759,121.876,120.33,121.149,209950.28,121.1445
2016-06-08 02:00:00,121.848,122.055,121.337,121.759,205526.85,121.7555
2016-06-07 02:00:00,122.11,122.703,121.662,121.851,191883.69,121.8465
2016-06-06 02:00:00,121.096,122.336,120.891,122.107,233790.5,122.1025
2016-06-05 02:00:00,121.063,121.272,120.834,121.099,18134.77,121.0955
2016-06-04 02:00:00,121.108,121.108,121.108,121.108,0.0,121.0915
2016-06-03 02:00:00,121.408,121.681,120.835,121.108,227843.83,121.0915
2016-06-02 02:00:00,122.473,122.509,121.066,121.407,223674.3,121.4015
2016-06-01 02:00:00,123.19,123.323,121.901,122.473,241625.01,122.469
2016-05-31 02:00:00,123.573,124.19,122.979,123.19,210173.33,123.1845
2016-05-30 02:00:00,123.06,123.905,122.939,123.57,151209.91,123.5655
2016-05-29 02:00:00,122.715,123.152,122.683,123.06,15559.26,123.0555
2016-05-28 02:00:00,122.565,122.565,122.565,122.565,0.0,122.518
2016-05-27 02:00:00,122.791,123.091,122.225,122.565,174620.23,122.518
2016-05-26 02:00:00,122.861,123.076,122.264,122.79,201834.06,122.785
2016-05-25 02:00:00,122.679,123.118,122.528,122.865,196017.63,122.8585
2016-05-24 02:00:00,122.65,122.738,122.349,122.679,199443.98,122.674
2016-05-23 02:00:00,123.469,123.529,122.391,122.649,188810.37,122.6455
2016-05-22 02:00:00,123.498,123.655,123.443,123.467,8869.23,123.4625
2016-05-21 02:00:00,123.638,123.638,123.638,123.638,0.0,123.6025
2016-05-20 02:00:00,123.135,124.046,123.082,123.638,160486.49,123.6025
2016-05-19 02:00:00,123.623,123.782,122.937,123.135,213184.23,123.1315
2016-05-18 02:00:00,123.35,123.915,122.965,123.622,214769.45,123.617
2016-05-17 02:00:00,123.441,124.18,123.231,123.349,190474.29,123.345
2016-05-16 02:00:00,122.981,123.511,122.895,123.441,163712.81,123.4365
2016-05-15 02:00:00,122.948,123.009,122.623,122.981,12521.09,122.977
2016-05-14 02:00:00,122.896,122.896,122.896,122.896,0.0,122.851
2016-05-13 02:00:00,124.09,124.13,122.756,122.896,220472.57,122.851
2016-05-12 02:00:00,123.866,124.648,123.695,124.094,209863.38,124.089
2016-05-11 02:00:00,124.224,124.291,123.607,123.866,198178.07,123.8625
2016-05-10 02:00:00,123.36,124.449,123.327,124.222,201916.79,124.2175
2016-05-09 02:00:00,122.243,123.714,122.181,123.359,211550.86,123.355
2016-05-08 02:00:00,122.049,122.389,122.038,122.243,10403.76,122.238
2016-05-07 02:00:00,122.185,122.185,122.185,122.185,0.0,122.1545
2016-05-06 02:00:00,122.39,122.465,121.487,122.185,199119.74,122.1545
2016-05-05 02:00:00,122.892,123.136,122.1,122.389,179834.99,122.385
2016-05-04 02:00:00,122.694,123.256,122.303,122.891,222453.54,122.8865
2016-05-03 02:00:00,122.643,123.556,122.13,122.695,240032.25,122.6885
2016-05-02 02:00:00,122.013,122.939,121.835,122.644,213001.83,122.639
2016-05-01 02:00:00,121.826,122.334,121.796,122.012,23015.8,122.0045
2016-04-30 02:00:00,121.765,121.765,121.765,121.765,0.0,121.759
2016-04-29 02:00:00,122.791,122.958,121.687,121.765,242392.56,121.759
2016-04-28 02:00:00,126.339,126.475,122.53,122.791,288397.22,122.7875
2016-04-27 02:00:00,125.65,126.426,125.452,126.34,249748.74,126.335
2016-04-26 02:00:00,125.202,125.981,124.695,125.65,234450.36,125.645
2016-04-25 02:00:00,125.184,125.465,124.808,125.2,241417.85,125.195
2016-04-24 02:00:00,125.519,125.555,125.172,125.185,17624.74,125.181
2016-04-23 02:00:00,125.511,125.511,125.511,125.511,0.0,125.4655
2016-04-22 02:00:00,123.594,125.525,123.41,125.511,238648.81,125.4655
2016-04-21 02:00:00,124.179,124.962,123.372,123.593,242665.66,123.5875
2016-04-20 02:00:00,124.061,124.338,123.545,124.178,233638.14,124.1745
2016-04-19 02:00:00,123.362,124.444,123.254,124.062,209176.0,124.0555
2016-04-18 02:00:00,122.097,123.43,121.721,123.362,243411.72,123.357
2016-04-17 02:00:00,122.332,122.469,122.016,122.099,17668.45,122.092
2016-04-16 02:00:00,122.754,122.754,122.754,122.754,0.0,122.7205
2016-04-15 02:00:00,123.174,123.572,122.599,122.754,204251.74,122.7205
2016-04-14 02:00:00,123.422,123.422,122.728,123.172,247568.66,123.1665
2016-04-13 02:00:00,123.738,123.867,123.018,123.423,258314.39,123.419
2016-04-12 02:00:00,123.182,124.005,123.12,123.739,269902.31,123.7365
2016-04-11 02:00:00,123.519,123.736,122.839,123.182,277758.71,123.1775
2016-04-10 02:00:00,123.33,123.545,123.2,123.518,19092.43,123.51
2016-04-09 02:00:00,123.22,123.22,123.22,123.22,0.0,123.1755
2016-04-08 02:00:00,123.317,124.239,123.165,123.22,230147.38,123.1755
2016-04-07 02:00:00,125.095,125.315,122.554,123.312,280152.09,123.307
2016-04-06 02:00:00,125.621,125.845,124.866,125.094,227345.91,125.088
2016-04-05 02:00:00,126.651,126.701,125.253,125.623,256059.05,125.6165
2016-04-04 02:00:00,127.279,127.359,126.456,126.651,204795.96,126.649
2016-04-03 02:00:00,127.287,127.367,127.135,127.28,11294.78,127.2765
2016-04-02 02:00:00,127.234,127.234,127.234,127.234,0.0,127.1925
2016-04-01 02:00:00,128.034,128.171,127.102,127.234,235560.17,127.1925
2016-03-31 02:00:00,127.366,128.227,126.971,128.034,228534.78,128.0285
2016-03-30 02:00:00,127.214,127.826,126.788,127.367,217616.47,127.363
2016-03-29 02:00:00,126.992,127.454,126.781,127.213,221352.48,127.2065
2016-03-28 02:00:00,126.606,127.113,126.518,126.992,126667.28,126.986
2016-03-27 01:00:00,126.408,126.622,126.352,126.606,15804.2,126.598
2016-03-26 01:00:00,126.335,126.335,126.335,126.335,0.0,126.28
2016-03-25 01:00:00,125.988,126.471,125.959,126.335,84725.14,126.28
2016-03-24 01:00:00,125.665,126.199,125.391,126.0,187422.68,125.9885
2016-03-23 01:00:00,125.956,126.25,125.508,125.665,173249.31,125.662
2016-03-22 01:00:00,126.002,126.276,124.68,125.956,253802.32,125.9525
2016-03-21 01:00:00,125.655,126.082,125.226,126.004,222920.13,125.999
2016-03-20 01:00:00,125.743,125.8,125.514,125.656,17924.87,125.6515
2016-03-19 01:00:00,125.755,125.755,125.755,125.755,0.0,125.7345
2016-03-18 01:00:00,126.025,126.204,125.269,125.755,240475.58,125.7345
2016-03-17 01:00:00,126.523,126.629,125.334,126.016,301088.87,126.0135
2016-03-16 01:00:00,125.635,126.545,125.556,126.523,297714.71,126.5185
2016-03-15 01:00:00,126.355,126.736,125.099,125.638,288239.25,125.633
2016-03-14 01:00:00,127.043,127.16,126.084,126.356,277971.85,126.352
2016-03-13 01:00:00,126.966,127.142,126.893,127.043,21927.25,127.0355
2016-03-12 01:00:00,126.961,126.961,126.961,126.961,0.0,126.9175
2016-03-11 01:00:00,126.134,127.296,126.073,126.961,286095.5,126.9175
2016-03-10 01:00:00,124.405,126.782,123.66,126.134,350922.34,126.128
2016-03-09 01:00:00,123.974,124.893,123.063,124.405,286807.04,124.398
2016-03-08 01:00:00,124.989,125.015,123.853,123.975,304326.11,123.969
2016-03-07 01:00:00,125.119,125.232,124.247,124.995,262085.89,124.9895
2016-03-06 01:00:00,125.274,125.291,125.079,125.119,15054.78,125.1145
2016-03-05 01:00:00,125.29,125.29,125.29,125.29,0.0,125.249
2016-03-04 01:00:00,124.449,125.592,123.942,125.29,313667.1,125.249
2016-03-03 01:00:00,123.36,124.614,123.274,124.45,313130.43,124.4455
2016-03-02 01:00:00,123.909,124.361,123.095,123.36,311167.06,123.356
2016-03-01 01:00:00,122.378,124.085,122.116,123.909,299861.43,123.904
2016-02-29 01:00:00,124.24,124.381,122.101,122.378,306255.83,122.3715
2016-02-28 01:00:00,124.429,124.494,124.016,124.24,13322.57,124.233
2016-02-27 01:00:00,124.633,124.633,124.633,124.633,0.0,124.6145
2016-02-26 01:00:00,124.728,125.01,124.223,124.633,283781.86,124.6145
2016-02-25 01:00:00,123.442,124.742,123.309,124.73,317721.31,124.7225
2016-02-24 01:00:00,123.371,123.625,122.461,123.442,315456.38,123.4355
2016-02-23 01:00:00,124.544,124.588,123.073,123.37,305319.99,123.364
2016-02-22 01:00:00,125.162,125.568,124.371,124.546,285177.92,124.5395
2016-02-21 01:00:00,125.108,125.314,125.057,125.159,14438.42,125.154
2016-02-20 01:00:00,125.355,125.355,125.355,125.355,0.0,125.314
2016-02-19 01:00:00,125.801,125.904,125.02,125.355,290214.19,125.314
2016-02-18 01:00:00,127.11,127.146,125.598,125.801,321836.4,125.7975
2016-02-17 01:00:00,127.19,127.402,126.635,127.111,336303.97,127.1025
2016-02-16 01:00:00,127.812,128.178,126.624,127.191,335201.54,127.184
2016-02-15 01:00:00,127.598,127.965,127.26,127.814,307199.14,127.807
2016-02-14 01:00:00,127.467,127.654,127.405,127.6,15033.64,127.5925
2016-02-13 01:00:00,127.457,127.457,127.457,127.457,0.0,127.4175
2016-02-12 01:00:00,127.307,127.659,126.382,127.457,369752.92,127.4175
2016-02-11 01:00:00,127.789,127.978,125.784,127.311,399502.01,127.301
2016-02-10 01:00:00,130.045,130.079,127.71,127.791,420039.62,127.7825
2016-02-09 01:00:00,129.431,130.272,128.282,130.045,407963.3,130.0385
2016-02-08 01:00:00,130.339,130.909,128.766,129.432,335050.62,129.426
2016-02-07 01:00:00,130.233,130.412,130.218,130.341,16569.95,130.3305
2016-02-06 01:00:00,130.412,130.412,130.412,130.412,0.0,130.3635
2016-02-05 01:00:00,130.879,131.107,130.165,130.412,320976.05,130.3635
2016-02-04 01:00:00,131.085,131.661,130.647,130.88,362146.01,130.875
2016-02-03 01:00:00,130.869,131.086,130.056,131.085,370116.74,131.0815
2016-02-02 01:00:00,131.69,131.976,130.79,130.869,325536.88,130.8645
2016-02-01 01:00:00,131.375,132.03,131.262,131.69,312635.89,131.686
2016-01-31 01:00:00,131.467,131.49,131.267,131.377,15046.72,131.372
2016-01-30 01:00:00,131.231,131.231,131.231,131.231,0.0,131.2035
2016-01-29 01:00:00,130.06,132.431,129.569,131.231,313656.69,131.2035
2016-01-28 01:00:00,129.174,130.224,128.951,130.058,291396.65,130.054
2016-01-27 01:00:00,128.595,129.492,128.256,129.174,304704.09,129.169
2016-01-26 01:00:00,128.318,128.744,127.826,128.595,278517.23,128.592
2016-01-25 01:00:00,128.024,128.55,127.862,128.323,308697.14,128.317
2016-01-24 01:00:00,128.097,128.239,128.02,128.024,11609.8,128.017
2016-01-23 01:00:00,128.303,128.303,128.303,128.303,0.0,128.254
2016-01-22 01:00:00,128.055,128.436,127.424,128.303,314009.88,128.254
2016-01-21 01:00:00,127.458,128.201,126.175,128.056,396306.16,128.0525
2016-01-20 01:00:00,128.278,128.351,126.633,127.458,353370.48,127.4515
2016-01-19 01:00:00,127.888,128.561,127.792,128.282,296706.5,128.2765
2016-01-18 01:00:00,127.75,127.95,127.357,127.89,229955.23,127.885
2016-01-17 01:00:00,127.612,127.825,127.493,127.754,12071.64,127.748
2016-01-16 01:00:00,127.783,127.783,127.783,127.783,0.0,127.7375
2016-01-15 01:00:00,128.368,128.406,127.608,127.783,321918.01,127.7375
2016-01-14 01:00:00,127.825,128.758,127.751,128.369,318006.71,128.366
2016-01-13 01:00:00,127.78,128.548,127.64,127.824,283053.74,127.818
2016-01-12 01:00:00,127.77,128.01,127.462,127.78,272548.0,127.774
2016-01-11 01:00:00,128.043,128.472,127.314,127.77,276679.19,127.765
2016-01-10 01:00:00,128.026,128.344,127.654,128.042,18848.22,128.035
2016-01-09 01:00:00,128.155,128.155,128.155,128.155,0.0,128.1245
2016-01-08 01:00:00,128.421,129.096,128.089,128.155,275693.76,128.1245
2016-01-07 01:00:00,127.839,128.667,126.791,128.413,293143.46,128.409
2016-01-06 01:00:00,128.054,128.077,127.025,127.839,257173.43,127.836
2016-01-05 01:00:00,129.322,129.478,127.525,128.058,238108.62,128.0535
2016-01-04 01:00:00,130.58,130.655,128.681,129.321,214305.24,129.316
2016-01-03 01:00:00,130.744,130.787,130.489,130.579,9484.36,130.5745
2016-01-02 01:00:00,130.553,130.553,130.553,130.553,0.0,130.54
2016-01-01 01:00:00,130.553,130.553,130.553,130.553,0.0,130.54
2015-12-31 01:00:00,131.739,131.775,130.479,130.553,127291.66,130.54
2015-12-30 01:00:00,131.697,131.927,131.455,131.74,152517.22,131.732
2015-12-29 01:00:00,132.114,132.36,131.364,131.696,225301.97,131.6885
2015-12-28 01:00:00,131.849,132.47,131.849,132.114,165959.75,132.1085
2015-12-27 01:00:00,131.884,131.933,131.752,131.848,9834.28,131.8395
2015-12-26 01:00:00,132.004,132.004,132.004,132.004,0.0,131.911
2015-12-25 01:00:00,131.811,132.008,131.537,132.004,9426.01,131.911
2015-12-24 01:00:00,131.941,132.067,131.6,131.81,129366.16,131.7985
2015-12-23 01:00:00,132.518,132.549,131.51,131.942,163530.27,131.934
2015-12-22 01:00:00,132.267,132.801,132.101,132.52,185689.86,132.513
2015-12-21 01:00:00,131.851,132.365,131.665,132.267,213311.23,132.263
2015-12-20 01:00:00,131.673,131.934,131.579,131.859,11425.24,131.852
2015-12-19 01:00:00,131.663,131.663,131.663,131.663,0.0,131.6445
2015-12-18 01:00:00,132.78,133.798,131.04,131.663,246216.19,131.6445
2015-12-17 01:00:00,133.189,133.261,132.6,132.78,225553.66,132.7775
2015-12-16 01:00:00,133.047,133.783,132.9,133.189,255602.13,133.184
2015-12-15 01:00:00,133.131,133.534,132.704,133.046,225993.22,133.041
2015-12-14 01:00:00,132.76,133.244,132.444,133.131,253640.31,133.127
2015-12-13 01:00:00,133.113,133.136,132.495,132.762,11631.63,132.756
2015-12-12 01:00:00,133.03,133.03,133.03,133.03,0.0,132.9815
2015-12-11 01:00:00,133.237,133.783,132.634,133.03,223009.76,132.9815
2015-12-10 01:00:00,134.051,134.086,132.778,133.235,214605.41,133.2315
2015-12-09 01:00:00,133.908,134.222,133.531,134.052,242795.2,134.047
2015-12-08 01:00:00,133.584,134.004,133.488,133.907,208050.41,133.9025
2015-12-07 01:00:00,134.059,134.078,133.301,133.584,192753.68,133.579
2015-12-06 01:00:00,133.97,134.133,133.907,134.059,12001.79,134.055
2015-12-05 01:00:00,134.029,134.029,134.029,134.029,0.0,133.979
2015-12-04 01:00:00,133.911,134.593,133.33,134.029,237382.21,133.979
2015-12-03 01:00:00,130.772,134.503,129.933,133.911,268546.62,133.906
2015-12-02 01:00:00,130.618,130.981,130.307,130.772,212223.76,130.7675
2015-12-01 01:00:00,130.239,130.811,129.762,130.616,207319.67,130.611
2015-11-30 01:00:00,130.005,130.302,129.82,130.24,167110.3,130.235
2015-11-29 01:00:00,130.081,130.12,129.962,130.005,9944.95,129.999
2015-11-28 01:00:00,130.133,130.133,130.133,130.133,0.0,130.072
2015-11-27 01:00:00,130.083,130.251,129.672,130.133,151035.82,130.072
2015-11-26 01:00:00,130.332,130.359,129.897,130.082,131814.71,130.077
2015-11-25 01:00:00,130.402,130.772,129.78,130.331,181817.71,130.326
2015-11-24 01:00:00,130.78,130.788,130.202,130.403,187537.11,130.398
2015-11-23 01:00:00,130.778,131.049,130.358,130.779,178506.08,130.7745
2015-11-22 01:00:00,130.774,130.815,130.7,130.779,9451.76,130.7725
2015-11-21 01:00:00,130.764,130.764,130.764,130.764,0.0,130.7415
2015-11-20 01:00:00,131.839,131.856,130.702,130.764,179361.4,130.7415
2015-11-19 01:00:00,131.823,132.283,131.436,131.838,204686.65,131.8325
2015-11-18 01:00:00,131.389,131.856,131.125,131.821,170420.42,131.8155
2015-11-17 01:00:00,131.744,131.782,131.204,131.388,201044.09,131.384
2015-11-16 01:00:00,130.882,132.22,130.879,131.744,204597.21,131.7425
2015-11-15 01:00:00,131.326,131.506,130.647,130.886,15316.76,130.8815
2015-11-14 01:00:00,132.08,132.08,132.08,132.08,0.0,132.0635
2015-11-13 01:00:00,132.509,132.521,131.567,132.08,185964.64,132.0635
2015-11-12 01:00:00,132.133,132.757,131.488,132.507,218334.25,132.5015
2015-11-11 01:00:00,132.165,132.413,131.659,132.132,187486.66,132.1265
2015-11-10 01:00:00,132.413,132.794,131.63,132.166,198516.54,132.1605
2015-11-09 01:00:00,132.192,133.196,132.186,132.41,208459.52,132.4045
2015-11-08 01:00:00,132.332,132.385,132.193,132.193,10443.65,132.1865
2015-11-07 01:00:00,132.32,132.32,132.32,132.32,0.0,132.2705
2015-11-06 01:00:00,132.453,132.718,131.511,132.32,187493.52,132.2705
2015-11-05 01:00:00,132.03,132.73,131.867,132.453,179145.91,132.4465
2015-11-04 01:00:00,132.742,132.915,131.851,132.028,188464.63,132.022
2015-11-03 01:00:00,133.055,133.127,132.55,132.742,158459.37,132.735
2015-11-02 01:00:00,132.836,133.215,132.631,133.054,152652.15,133.0495
2015-11-01 01:00:00,132.855,132.997,132.826,132.836,13043.47,132.83
2015-10-31 01:00:00,132.761,132.761,132.761,132.761,0.0,132.7495
2015-10-30 01:00:00,133.014,133.398,132.246,132.761,217724.56,132.7495
2015-10-29 01:00:00,132.053,133.072,131.598,133.016,204113.0,133.011
2015-10-24 02:00:00,133.836,133.836,133.836,133.836,0.0,133.806
2015-10-23 02:00:00,133.973,134.27,133.376,133.836,186739.84,133.806
2015-10-22 02:00:00,136.003,136.075,133.778,133.972,228156.86,133.966
2015-10-21 02:00:00,136.028,136.393,135.891,136.002,176312.0,135.996
2015-10-20 02:00:00,135.389,136.231,135.269,136.028,167539.4,136.0235
2015-10-19 02:00:00,135.506,135.951,135.078,135.393,165007.26,135.3895
2015-10-18 02:00:00,135.671,135.681,135.495,135.506,14126.01,135.5005
2015-10-17 02:00:00,135.614,135.614,135.614,135.614,0.0,135.5765
2015-10-16 02:00:00,135.359,135.992,134.963,135.614,162950.49,135.5765
2015-10-15 02:00:00,136.376,136.748,134.805,135.357,210081.82,135.3535
2015-10-14 02:00:00,136.312,136.664,136.158,136.38,196077.72,136.3735
2015-10-13 02:00:00,136.29,136.602,136.016,136.314,186166.94,136.308
2015-10-12 02:00:00,136.64,136.942,136.242,136.29,147011.94,136.284
2015-10-11 02:00:00,136.594,136.731,136.534,136.64,20112.09,136.633
2015-10-10 02:00:00,136.639,136.639,136.639,136.639,0.0,136.6025
2015-10-09 02:00:00,135.348,136.964,135.064,136.639,186897.71,136.6025
2015-10-08 02:00:00,134.791,135.589,134.727,135.348,196640.12,135.3455
2015-10-07 02:00:00,135.503,135.637,134.621,134.792,208363.05,134.7865
2015-10-06 02:00:00,134.88,135.611,134.41,135.503,169183.08,135.499
2015-10-05 02:00:00,134.682,135.722,134.579,134.883,182869.35,134.877
2015-10-04 02:00:00,134.652,134.759,134.429,134.682,20241.5,134.676
2015-10-03 02:00:00,134.482,134.482,134.482,134.482,0.0,134.4355
2015-10-02 02:00:00,134.119,134.882,133.993,134.482,190978.81,134.4355
2015-10-01 02:00:00,133.916,134.273,133.445,134.119,199433.56,134.115
2015-09-30 02:00:00,134.912,135.122,133.579,133.917,210624.98,133.9105
2015-09-29 02:00:00,134.563,134.971,134.244,134.912,236898.3,134.905
2015-09-28 02:00:00,134.846,134.911,133.947,134.563,212852.4,134.558
2015-09-27 02:00:00,134.869,135.0,134.78,134.847,12667.1,134.839
2015-09-26 02:00:00,135.09,135.09,135.09,135.09,0.0,135.04
2015-09-25 02:00:00,134.472,135.394,134.123,135.09,200710.1,135.04
2015-09-24 02:00:00,134.512,134.945,134.015,134.471,229278.37,134.465
2015-09-23 02:00:00,133.549,134.695,133.166,134.515,191297.11,134.507
2015-09-22 02:00:00,134.832,134.93,133.326,133.55,181300.33,133.5465
2015-09-21 02:00:00,135.518,136.144,134.779,134.831,190263.03,134.8265
2015-09-20 02:00:00,135.575,135.646,135.4,135.519,14294.0,135.5105
2015-09-19 02:00:00,135.634,135.634,135.634,135.634,0.0,135.585
2015-09-18 02:00:00,136.953,137.236,135.254,135.634,222609.76,135.585
2015-09-17 02:00:00,136.118,137.453,136.113,136.953,240851.47,136.944
2015-09-16 02:00:00,135.725,136.639,135.163,136.117,196656.84,136.112
2015-09-15 02:00:00,136.115,136.419,135.003,135.725,203098.22,135.7205
2015-09-14 02:00:00,137.026,137.027,135.503,136.114,208399.03,136.109
2015-09-13 02:00:00,136.647,137.059,136.569,137.029,12429.61,137.0235
2015-09-12 02:00:00,136.733,136.733,136.733,136.733,0.0,136.707
2015-09-11 02:00:00,136.145,136.935,135.734,136.733,182484.05,136.707
2015-09-10 02:00:00,134.906,136.388,134.759,136.149,251096.79,136.1405
2015-09-09 02:00:00,134.604,135.2,134.255,134.905,240227.74,134.897
2015-09-08 02:00:00,133.287,134.603,132.977,134.603,235650.35,134.597
2015-09-07 02:00:00,132.91,133.36,132.753,133.287,192944.71,133.2815
2015-09-06 02:00:00,132.794,132.913,132.665,132.909,11815.41,132.903
2015-09-05 02:00:00,132.742,132.742,132.742,132.742,0.0,132.694
2015-09-04 02:00:00,133.63,133.63,132.237,132.742,218211.13,132.694
2015-09-03 02:00:00,135.254,135.378,133.131,133.63,207801.67,133.624
2015-09-02 02:00:00,135.237,135.809,134.73,135.251,225481.61,135.2465
2015-09-01 02:00:00,135.944,136.248,134.681,135.239,248838.65,135.2325
2015-08-31 02:00:00,135.999,136.367,135.682,135.945,194846.23,135.9375
2015-08-30 02:00:00,136.01,136.071,135.744,135.999,18431.24,135.993
2015-08-29 02:00:00,136.054,136.054,136.054,136.054,0.0,135.93
2015-08-28 02:00:00,136.075,136.62,135.308,136.054,225433.09,135.93
2015-08-27 02:00:00,136.134,136.375,135.265,136.076,267195.95,136.07
2015-08-26 02:00:00,136.996,137.603,135.458,136.134,296262.3,136.1285
2015-08-25 02:00:00,137.686,138.627,136.493,136.994,277022.07,136.986
2015-08-24 02:00:00,138.504,138.969,136.039,137.685,296786.38,137.679
2015-08-23 02:00:00,138.713,138.865,138.107,138.502,21045.84,138.493
2015-08-22 02:00:00,139.004,139.004,139.004,139.004,0.0,138.9625
2015-08-21 02:00:00,138.703,139.015,138.176,139.004,211721.5,138.9625
2015-08-20 02:00:00,137.798,138.746,137.754,138.701,192201.59,138.697
2015-08-19 02:00:00,137.209,137.845,137.073,137.794,190658.62,137.791
2015-08-18 02:00:00,137.835,137.909,137.072,137.207,164292.37,137.202
2015-08-17 02:00:00,137.978,138.398,137.593,137.835,164137.66,137.8295
2015-08-16 02:00:00,138.372,138.372,137.91,137.978,9251.38,137.972
2015-08-15 02:00:00,138.15,138.15,138.15,138.15,0.0,138.108
2015-08-14 02:00:00,138.805,138.86,137.937,138.15,161267.67,138.108
2015-08-13 02:00:00,138.659,138.863,138.084,138.805,204009.19,138.8
2015-08-12 02:00:00,138.136,138.867,138.033,138.659,198874.64,138.6575
2015-08-11 02:00:00,137.296,138.379,136.796,138.136,198712.69,138.131
2015-08-10 02:00:00,136.257,137.42,136.229,137.296,157504.08,137.2905
2015-08-09 02:00:00,136.166,136.341,136.123,136.255,6134.95,136.251
2015-08-08 02:00:00,136.263,136.263,136.263,136.263,0.0,136.2275
2015-08-07 02:00:00,136.267,136.726,135.558,136.263,177024.06,136.2275
2015-08-06 02:00:00,136.054,136.497,135.811,136.267,195606.19,136.2605
2015-08-05 02:00:00,135.298,136.211,135.0,136.055,217901.96,136.05
2015-08-04 02:00:00,135.739,136.173,135.28,135.298,216762.04,135.294
2015-08-03 02:00:00,136.057,136.451,135.599,135.737,178541.03,135.7325
2015-08-02 02:00:00,136.003,136.131,135.97,136.058,10023.66,136.05
2015-08-01 02:00:00,136.124,136.124,136.124,136.124,0.0,136.086
2015-07-31 02:00:00,135.756,137.351,135.587,136.124,206491.44,136.086
2015-07-30 02:00:00,136.119,136.494,135.541,135.756,203908.64,135.749
2015-07-29 02:00:00,136.74,136.938,135.985,136.119,214460.53,136.113
2015-07-28 02:00:00,136.703,136.987,136.378,136.741,219772.91,136.7375
2015-07-27 02:00:00,135.811,137.11,135.76,136.701,225202.32,136.6975
2015-07-26 02:00:00,135.959,135.991,135.771,135.808,7033.28,135.8035
2015-07-25 02:00:00,135.944,135.944,135.944,135.944,0.0,135.932
2015-07-24 02:00:00,136.118,136.287,135.539,135.944,167235.33,135.932
2015-07-23 02:00:00,135.536,136.46,135.49,136.12,202541.58,136.115
2015-07-22 02:00:00,135.48,135.636,134.853,135.537,198768.39,135.5325
2015-07-21 02:00:00,134.671,135.766,134.519,135.48,223274.3,135.475
2015-07-20 02:00:00,134.451,135.058,134.355,134.671,183675.854344,134.666
2015-07-19 02:00:00,134.375,134.579,134.375,134.451,8044.35,134.449
2015-07-18 02:00:00,134.37,134.37,134.37,134.37,0.0,134.3655
2015-07-17 02:00:00,135.151,135.28,134.354,134.37,177633.19,134.3655
2015-07-16 02:00:00,135.549,135.597,134.753,135.151,220435.7,135.145
2015-07-15 02:00:00,135.757,136.386,135.365,135.549,223928.83,135.542
2015-07-14 02:00:00,135.768,136.44,135.294,135.757,227808.46,135.752
2015-07-13 02:00:00,136.343,137.803,135.749,135.768,253196.51,135.764
2015-07-12 02:00:00,135.591,136.733,135.591,136.345,12657.76,136.34
2015-07-11 02:00:00,137.036,137.036,137.036,137.036,0.0,136.9915
2015-07-10 02:00:00,134.624,137.292,134.349,137.036,228624.49,136.9915
2015-07-09 02:00:00,133.838,135.082,133.313,134.625,256052.88,134.6205
2015-07-08 02:00:00,134.884,134.895,133.314,133.845,290825.9,133.841
2015-07-07 02:00:00,135.521,135.68,133.516,134.884,267208.68,134.881
2015-07-06 02:00:00,134.609,136.066,134.569,135.521,234705.07,135.515
2015-07-05 02:00:00,134.096,135.112,133.935,134.613,21217.58,134.605
2015-07-04 02:00:00,136.64,136.64,136.64,136.64,0.0,136.5325
2015-07-03 02:00:00,136.431,136.851,135.922,136.64,166426.53,136.5325
2015-07-02 02:00:00,136.126,136.944,136.096,136.43,199573.48,136.426
2015-07-01 02:00:00,136.29,137.428,136.037,136.126,208995.49,136.1215
2015-06-30 02:00:00,137.619,137.649,135.89,136.313,226565.49,136.303
2015-06-29 02:00:00,134.554,138.139,134.438,137.624,227101.21,137.616
2015-06-28 02:00:00,135.094,135.16,133.788,134.554,25495.63,134.546
2015-06-27 02:00:00,138.368,138.368,138.368,138.368,0.0,138.3185
2015-06-26 02:00:00,138.464,138.68,137.807,138.368,162298.41,138.3185
2015-06-25 02:00:00,138.801,138.895,137.671,138.463,179326.42,138.4595
2015-06-24 02:00:00,138.433,139.174,138.301,138.8,193882.2,138.796
2015-06-23 02:00:00,140.028,140.035,138.215,138.433,196047.88,138.4285
2015-06-22 02:00:00,139.5,140.638,139.275,140.028,184791.0,140.0235
2015-06-21 02:00:00,139.923,139.949,139.449,139.501,10360.41,139.496
2015-06-20 02:00:00,139.295,139.295,139.295,139.295,0.0,139.2535
2015-06-19 02:00:00,139.878,139.972,138.93,139.295,166376.18,139.2535
2015-06-18 02:00:00,140.419,140.671,139.5,139.878,233451.29,139.873
2015-06-17 02:00:00,138.792,140.487,138.735,140.426,218482.4,140.422
2015-06-16 02:00:00,139.169,140.005,138.258,138.792,186336.62,138.7875
2015-06-15 02:00:00,138.395,139.35,138.145,139.169,198773.44,139.164
2015-06-14 02:00:00,138.199,138.495,138.123,138.396,9373.9,138.3925
2015-06-13 02:00:00,139.065,139.065,139.065,139.065,0.0,139.021
2015-06-12 02:00:00,139.0,139.33,137.988,139.065,203405.35,139.021
2015-06-11 02:00:00,138.987,139.619,138.582,139.0,226940.21,138.996
2015-06-10 02:00:00,140.438,140.679,138.437,138.985,259313.16,138.9815
2015-06-09 02:00:00,140.533,141.014,139.373,140.439,230066.55,140.435
2015-06-08 02:00:00,139.476,140.751,139.043,140.533,222349.55,140.53
2015-06-07 02:00:00,139.431,139.613,139.375,139.477,8574.72,139.473
2015-06-06 02:00:00,139.667,139.667,139.667,139.667,0.0,139.618
2015-06-05 02:00:00,139.413,140.705,139.034,139.667,208837.03,139.618
2015-06-04 02:00:00,139.989,141.061,139.14,139.413,246340.39,139.409
2015-06-03 02:00:00,138.291,140.148,138.056,139.989,230546.83,139.9855
2015-06-02 02:00:00,136.384,138.87,136.112,138.291,251944.08,138.29
2015-06-01 02:00:00,136.146,136.6,135.139,136.382,219099.93,136.378
2015-05-31 02:00:00,136.27,136.43,136.069,136.145,8999.62,136.14
2015-05-30 02:00:00,136.495,136.495,136.495,136.495,0.0,136.4455
2015-05-29 02:00:00,135.738,136.496,135.433,136.495,190082.72,136.4455
2015-05-28 02:00:00,134.847,135.931,134.758,135.735,208895.62,135.7325
2015-05-27 02:00:00,133.906,135.022,133.787,134.847,202337.7,134.843
2015-05-26 02:00:00,133.436,134.517,133.106,133.906,201387.89,133.9005
2015-05-25 02:00:00,133.621,133.836,133.259,133.436,113594.7,133.4325
2015-05-24 02:00:00,133.727,133.828,133.33,133.621,10711.17,133.6165
2015-05-23 02:00:00,133.924,133.924,133.924,133.924,0.0,133.8625
2015-05-22 02:00:00,134.487,135.348,133.732,133.924,183531.14,133.8625
2015-05-21 02:00:00,134.567,135.352,134.222,134.488,211745.51,134.485
2015-05-20 02:00:00,134.438,134.864,133.924,134.566,247815.11,134.5625
2015-05-19 02:00:00,135.804,135.834,133.946,134.436,223747.17,134.4335
2015-05-18 02:00:00,136.596,136.966,135.596,135.803,204740.12,135.798
2015-05-17 02:00:00,136.594,136.695,136.548,136.593,8950.84,136.591
2015-05-16 02:00:00,136.657,136.657,136.657,136.657,0.0,136.6355
2015-05-15 02:00:00,135.939,136.823,135.704,136.657,219378.57,136.6355
2015-05-14 02:00:00,135.249,136.424,135.222,135.939,245383.18,135.935
2015-05-13 02:00:00,134.461,135.506,134.211,135.249,222483.81,135.244
2015-05-12 02:00:00,133.891,135.299,133.761,134.461,218520.54,134.457
2015-05-11 02:00:00,134.14,134.245,133.495,133.892,203960.92,133.8875
2015-05-10 02:00:00,134.033,134.215,134.032,134.138,10659.9,134.1335
2015-05-09 02:00:00,134.279,134.279,134.279,134.279,0.0,134.2595
2015-05-08 02:00:00,134.629,135.463,134.088,134.279,191036.64,134.2595
2015-05-07 02:00:00,135.392,135.997,134.203,134.628,217366.6,134.6235
2015-05-06 02:00:00,134.097,135.698,134.092,135.394,195403.22,135.3895
2015-05-05 02:00:00,133.923,134.501,133.115,134.099,190293.68,134.0935
2015-05-04 02:00:00,134.436,134.731,133.701,133.923,148115.31,133.9185
2015-05-03 02:00:00,134.622,134.674,134.369,134.435,5758.04,134.429
2015-05-02 02:00:00,134.639,134.639,134.639,134.639,0.0,134.5975
2015-05-01 02:00:00,133.964,135.293,133.962,134.639,158390.92,134.5975
2015-04-30 02:00:00,132.226,134.523,131.316,133.965,245936.79,133.9605
2015-04-29 02:00:00,130.339,132.902,130.271,132.228,220569.11,132.2245
2015-04-28 02:00:00,129.588,130.684,129.364,130.339,184515.91,130.3355
2015-04-27 02:00:00,129.23,129.988,129.018,129.586,172036.35,129.5825
2015-04-26 02:00:00,129.227,129.301,129.126,129.23,5416.29,129.225
2015-04-25 02:00:00,129.412,129.412,129.412,129.412,0.0,129.373
2015-04-24 02:00:00,129.309,130.12,128.842,129.412,194559.63,129.373
2015-04-23 02:00:00,128.646,129.676,127.881,129.307,207370.36,129.306
2015-04-22 02:00:00,128.505,128.97,128.189,128.646,192067.46,128.6425
2015-04-21 02:00:00,128.148,128.781,127.458,128.506,183807.22,128.502
2015-04-20 02:00:00,128.453,128.679,127.602,128.147,185996.73,128.143
2015-04-19 02:00:00,128.811,128.83,128.366,128.453,8008.09,128.45
2015-04-18 02:00:00,128.575,128.575,128.575,128.575,0.0,128.527
2015-04-17 02:00:00,128.095,128.753,127.766,128.575,203261.21,128.527
2015-04-16 02:00:00,127.209,128.583,126.753,128.094,208713.15,128.089
2015-04-15 02:00:00,127.183,127.494,126.285,127.209,199810.63,127.2035
2015-04-14 02:00:00,126.926,127.639,126.097,127.183,190316.82,127.179
2015-04-13 02:00:00,127.497,127.833,126.514,126.926,174121.79,126.9215
2015-04-12 02:00:00,127.43,127.636,127.376,127.498,6111.16,127.4925
2015-04-11 02:00:00,127.518,127.518,127.518,127.518,0.0,127.471
2015-04-10 02:00:00,128.601,128.786,127.211,127.518,159602.88,127.471
2015-04-09 02:00:00,129.534,129.772,128.248,128.601,183551.46,128.5955
2015-04-08 02:00:00,130.172,130.362,129.404,129.535,190637.76,129.534
2015-04-07 02:00:00,130.659,131.049,130.018,130.172,182470.41,130.169
2015-04-06 02:00:00,130.69,131.302,130.422,130.657,119814.39,130.6535
2015-04-05 02:00:00,130.862,130.926,130.684,130.692,8671.97,130.6845
2015-04-04 02:00:00,130.563,130.563,130.563,130.563,0.0,130.5155
2015-04-03 02:00:00,130.116,130.975,130.021,130.563,98397.78,130.5155
2015-04-02 02:00:00,128.791,130.503,128.616,130.117,191506.27,130.1115
2015-04-01 02:00:00,128.853,129.461,128.404,128.794,214313.26,128.7895
2015-03-31 02:00:00,129.975,130.266,128.614,128.855,202570.06,128.851
2015-03-30 02:00:00,129.776,130.205,129.309,129.976,190715.74,129.975
2015-03-29 01:00:00,129.824,129.908,129.73,129.776,9163.11,129.7735
2015-03-28 01:00:00,129.79,129.79,129.79,129.79,0.0,129.7415
2015-03-27 01:00:00,129.757,130.42,129.038,129.79,203147.83,129.7415
2015-03-26 01:00:00,131.03,131.066,129.513,129.755,234958.72,129.7495
2015-03-25 01:00:00,130.628,131.416,130.609,131.03,190591.83,131.026
2015-03-24 01:00:00,131.078,131.517,130.356,130.628,215708.0,130.6235
2015-03-23 01:00:00,129.932,131.361,129.294,131.078,218720.48,131.074
2015-03-22 01:00:00,130.001,130.44,129.896,129.931,15760.03,129.9275
2015-03-21 01:00:00,129.95,129.95,129.95,129.95,0.0,129.9
2015-03-20 01:00:00,128.837,130.705,128.713,129.95,180164.13,129.9
2015-03-19 01:00:00,130.275,130.856,128.372,128.835,231815.08,128.83
2015-03-18 01:00:00,128.524,131.761,128.267,130.275,209576.82,130.268
2015-03-17 01:00:00,128.319,129.16,128.089,128.526,168000.14,128.521
2015-03-16 01:00:00,127.197,128.8,127.196,128.319,176154.54,128.315
2015-03-15 01:00:00,127.135,127.543,127.128,127.196,11185.28,127.1915
2015-03-14 01:00:00,127.475,127.475,127.475,127.475,0.0,127.4255
2015-03-13 01:00:00,128.933,129.071,126.912,127.475,200711.7,127.4255
2015-03-12 01:00:00,128.069,129.036,127.659,128.933,239769.73,128.93
2015-03-11 01:00:00,129.612,129.96,127.628,128.068,253673.1,128.0645
2015-03-10 01:00:00,131.575,131.878,129.238,129.612,246457.9,129.6085
2015-03-09 01:00:00,130.949,131.815,130.868,131.574,181661.66,131.569
2015-03-08 01:00:00,130.937,130.984,130.713,130.949,11379.44,130.9445
2015-03-07 01:00:00,131.056,131.056,131.056,131.056,0.0,131.0185
2015-03-06 01:00:00,132.453,132.521,130.89,131.056,175637.03,131.0185
2015-03-05 01:00:00,132.562,133.611,132.11,132.454,184576.87,132.4495
2015-03-04 01:00:00,133.786,133.815,132.408,132.562,156949.56,132.56
2015-03-03 01:00:00,134.357,134.389,133.682,133.786,164712.2,133.784
2015-03-02 01:00:00,133.75,134.601,133.75,134.359,155595.92,134.3555
2015-03-01 01:00:00,133.907,133.939,133.685,133.75,10950.64,133.745
2015-02-28 01:00:00,133.945,133.945,133.945,133.945,0.0,133.8955
2015-02-27 01:00:00,133.744,134.275,133.446,133.945,180214.2,133.8955
2015-02-26 01:00:00,135.04,135.374,133.55,133.744,178892.83,133.7405
2015-02-25 01:00:00,134.795,135.232,134.578,135.039,168296.46,135.0345
2015-02-24 01:00:00,134.775,135.643,134.526,134.798,181039.55,134.7925
2015-02-23 01:00:00,135.522,135.627,134.448,134.776,157035.57,134.772
2015-02-22 01:00:00,135.749,135.754,135.463,135.522,6960.66,135.5165
2015-02-21 01:00:00,135.456,135.456,135.456,135.456,0.0,135.408
2015-02-20 01:00:00,135.239,135.91,133.558,135.456,200080.14,135.408
2015-02-19 01:00:00,135.345,135.95,134.954,135.24,168321.53,135.2355
2015-02-18 01:00:00,135.956,136.081,135.084,135.344,204975.14,135.339
2015-02-17 01:00:00,134.281,136.239,133.94,135.956,193821.52,135.951
2015-02-16 01:00:00,135.223,135.561,133.999,134.281,159217.76,134.279
2015-02-15 01:00:00,135.107,135.375,135.1,135.222,12343.17,135.214
2015-02-14 01:00:00,135.322,135.322,135.322,135.322,0.0,135.273
2015-02-13 01:00:00,135.631,136.036,135.166,135.322,174570.7,135.273
2015-02-12 01:00:00,135.969,136.353,134.726,135.631,232666.01,135.626
2015-02-11 01:00:00,135.106,136.722,135.036,135.969,187892.38,135.9635
2015-02-10 01:00:00,134.305,135.296,134.051,135.104,192251.19,135.0995
2015-02-09 01:00:00,134.598,134.996,133.687,134.306,188103.82,134.3015
2015-02-08 01:00:00,134.496,134.75,134.48,134.598,9777.49,134.5925
2015-02-07 01:00:00,134.829,134.829,134.829,134.829,0.0,134.7795
2015-02-06 01:00:00,134.83,135.194,134.03,134.829,191333.78,134.7795
2015-02-05 01:00:00,132.756,135.17,132.708,134.827,183145.16,134.8255
2015-02-04 01:00:00,134.806,135.362,132.551,132.756,218175.29,132.751
2015-02-03 01:00:00,133.342,135.198,132.397,134.806,228098.9,134.802
2015-02-02 01:00:00,132.513,133.602,132.47,133.342,201160.41,133.3375
2015-02-01 01:00:00,132.37,132.686,132.346,132.522,13068.89,132.5165
2015-01-31 01:00:00,132.728,132.728,132.728,132.728,0.0,132.683
2015-01-30 01:00:00,134.055,134.093,132.38,132.728,213232.92,132.683
2015-01-29 01:00:00,132.682,134.191,132.56,134.055,227821.34,134.052
2015-01-28 01:00:00,133.905,134.363,132.401,132.684,233738.56,132.6785
2015-01-27 01:00:00,133.345,134.221,132.504,133.905,234999.87,133.899
2015-01-26 01:00:00,130.843,133.715,130.758,133.344,211955.08,133.3395
2015-01-25 01:00:00,131.096,131.341,130.153,130.85,14053.41,130.8435
2015-01-24 01:00:00,132.021,132.021,132.021,132.021,0.0,131.9765
2015-01-23 01:00:00,134.713,134.865,130.919,132.021,247429.21,131.9765
2015-01-22 01:00:00,136.891,137.315,134.23,134.712,861460.96,134.7045
2015-01-21 01:00:00,137.007,137.12,135.81,136.887,230642.78,136.8805
2015-01-20 01:00:00,136.531,137.65,136.507,137.007,223323.16,137.0025
2015-01-19 01:00:00,135.966,136.831,135.145,136.533,167697.02,136.5265
2015-01-18 01:00:00,135.743,136.088,135.702,135.967,6129.21,135.9625
2015-01-17 01:00:00,136.076,136.076,136.076,136.076,0.0,136.0265
2015-01-16 01:00:00,135.155,136.191,134.811,136.076,240000.59,136.0265
2015-01-15 01:00:00,138.396,138.798,134.725,135.155,320419.53,135.15
2015-01-14 01:00:00,138.755,138.879,137.012,138.395,259428.46,138.3905
2015-01-13 01:00:00,140.029,140.518,138.328,138.754,246794.33,138.751
2015-01-12 01:00:00,140.35,140.887,139.756,140.029,205862.12,140.0195
2015-01-11 01:00:00,140.251,140.452,140.175,140.35,8773.72,140.346
2015-01-10 01:00:00,140.401,140.401,140.401,140.401,0.0,140.3675
2015-01-09 01:00:00,141.275,141.366,140.193,140.401,192810.89,140.3675
2015-01-08 01:00:00,141.164,141.738,140.719,141.275,193376.24,141.2705
2015-01-07 01:00:00,140.887,141.675,140.8,141.165,203104.0,141.161
2015-01-06 01:00:00,142.57,142.683,140.578,140.885,227846.29,140.882
2015-01-05 01:00:00,143.848,144.17,142.287,142.572,198159.4,142.568
2015-01-04 01:00:00,144.024,144.142,143.198,143.849,14665.59,143.8435
2015-01-03 01:00:00,144.645,144.645,144.645,144.645,0.0,144.6125
2015-01-02 01:00:00,144.923,145.332,144.135,144.645,135105.17,144.6125
2015-01-01 01:00:00,144.997,145.066,144.822,144.924,8049.42,144.919
2014-12-31 01:00:00,145.304,145.584,144.793,144.834,94390.98,144.8025
2014-12-30 01:00:00,146.63,146.747,144.769,145.306,149827.91,145.3015
2014-12-29 01:00:00,146.547,147.231,146.515,146.629,136196.26,146.6235
2014-12-28 01:00:00,146.659,146.701,146.532,146.547,9754.12,146.5425
2014-12-27 01:00:00,146.586,146.586,146.586,146.586,0.0,146.5595
2014-12-26 01:00:00,146.985,147.041,146.489,146.586,69219.66,146.5595
2014-12-25 01:00:00,146.797,147.115,146.621,146.986,18846.2,146.97
2014-12-24 01:00:00,146.933,147.148,146.451,146.797,87229.81,146.7675
2014-12-23 01:00:00,146.871,147.144,146.716,146.933,114776.9,146.9285
2014-12-22 01:00:00,146.131,147.126,145.965,146.871,144640.92,146.864
2014-12-21 01:00:00,146.161,146.182,146.035,146.132,7782.33,146.1275
2014-12-20 01:00:00,146.207,146.207,146.207,146.207,0.0,146.1595
2014-12-19 01:00:00,146.174,146.745,145.946,146.207,196800.4,146.1595
2014-12-18 01:00:00,146.537,146.611,145.601,146.174,215407.08,146.17
2014-12-17 01:00:00,145.921,146.779,145.351,146.535,242673.91,146.527
2014-12-16 01:00:00,146.513,147.036,144.966,145.919,270459.04,145.913
2014-12-15 01:00:00,147.291,148.248,146.273,146.511,225768.45,146.5055
2014-12-14 01:00:00,148.098,148.098,146.847,147.29,17705.78,147.283
2014-12-13 01:00:00,148.121,148.121,148.121,148.121,0.0,148.0775
2014-12-12 01:00:00,147.487,148.187,146.958,148.121,218000.04,148.0775
2014-12-11 01:00:00,146.781,148.062,146.664,147.49,243284.31,147.4825
2014-12-10 01:00:00,147.869,148.259,146.439,146.779,250827.85,146.7775
2014-12-09 01:00:00,148.575,148.888,146.808,147.867,257998.83,147.862
2014-12-08 01:00:00,149.52,149.562,148.194,148.575,211826.42,148.573
2014-12-07 01:00:00,149.427,149.8,149.365,149.521,12205.59,149.513
2014-12-06 01:00:00,149.315,149.315,149.315,149.315,0.0,149.266
2014-12-05 01:00:00,148.388,149.521,148.306,149.315,195967.29,149.266
2014-12-04 01:00:00,147.606,148.955,147.299,148.388,207356.16,148.3875
2014-12-03 01:00:00,147.654,147.919,147.039,147.605,192804.9,147.602
2014-12-02 01:00:00,147.55,148.195,147.464,147.654,185184.18,147.6495
2014-12-01 01:00:00,147.825,148.163,147.097,147.55,209754.84,147.545
2014-11-30 01:00:00,148.045,148.073,147.751,147.825,12100.5,147.821
2014-11-29 01:00:00,147.748,147.748,147.748,147.748,0.0,147.701
2014-11-28 01:00:00,146.883,147.98,146.833,147.748,165624.14,147.701
2014-11-27 01:00:00,147.091,147.177,146.43,146.882,129074.73,146.875
2014-11-26 01:00:00,147.02,147.424,146.506,147.09,154754.49,147.0865
2014-11-25 01:00:00,147.301,147.303,146.305,147.021,187098.37,147.0185
2014-11-24 01:00:00,145.728,147.401,145.593,147.294,171045.25,147.2905
2014-11-23 01:00:00,145.806,145.924,145.674,145.728,10687.72,145.7235
2014-11-22 01:00:00,146.019,146.019,146.019,146.019,0.0,145.9795
2014-11-21 01:00:00,148.325,148.337,145.688,146.019,221857.92,145.9795
2014-11-20 01:00:00,148.152,149.146,147.888,148.325,224156.02,148.323
2014-11-19 01:00:00,146.482,148.393,146.377,148.152,215742.28,148.1495
2014-11-18 01:00:00,145.215,146.707,145.197,146.482,188754.82,146.477
2014-11-17 01:00:00,146.357,146.361,144.794,145.217,205659.75,145.213
2014-11-16 01:00:00,145.985,146.541,145.818,146.353,13947.21,146.346
2014-11-15 01:00:00,145.733,145.733,145.733,145.733,0.0,145.6915
2014-11-14 01:00:00,144.451,145.847,144.311,145.733,203641.17,145.6915
2014-11-13 01:00:00,143.691,144.595,143.575,144.451,190682.8,144.448
2014-11-12 01:00:00,144.401,144.436,143.354,143.689,224139.83,143.6845
2014-11-11 01:00:00,142.656,144.717,142.593,144.403,207197.65,144.398
2014-11-10 01:00:00,142.71,142.778,142.097,142.655,183414.34,142.6525
2014-11-09 01:00:00,142.878,142.882,142.618,142.71,9832.16,142.7055
2014-11-08 01:00:00,142.768,142.768,142.768,142.768,0.0,142.726
2014-11-07 01:00:00,142.608,143.082,142.261,142.768,221442.12,142.726
2014-11-06 01:00:00,143.07,144.226,142.191,142.609,248301.39,142.604
2014-11-05 01:00:00,142.493,143.45,142.454,143.071,224300.04,143.068
2014-11-04 01:00:00,142.053,142.626,141.707,142.494,203416.45,142.49
2014-11-03 01:00:00,141.075,142.565,140.404,142.055,193535.87,142.051
2014-11-02 01:00:00,141.0,141.419,140.985,141.076,11543.59,141.0715
2014-11-01 01:00:00,140.726,140.726,140.726,140.726,0.0,140.6805
2014-10-31 01:00:00,137.733,140.804,137.687,140.726,210656.78,140.6805
2014-10-30 01:00:00,137.491,138.069,137.049,137.733,178687.07,137.7295
2014-10-29 01:00:00,137.728,138.036,137.421,137.491,154067.39,137.487
2014-10-28 01:00:00,136.99,137.802,136.914,137.728,151900.25,137.724
2014-10-27 01:00:00,137.138,137.26,136.593,136.99,158853.18,136.9875
2014-10-25 02:00:00,137.08,137.08,137.08,137.08,0.0,137.0545
2014-10-24 02:00:00,136.829,137.081,136.499,137.08,166040.11,137.0545
2014-10-23 02:00:00,135.465,137.008,135.212,136.829,185386.96,136.8245
2014-10-22 02:00:00,136.06,136.207,135.438,135.463,176925.18,135.46
2014-10-21 02:00:00,136.778,136.801,135.697,136.06,194598.57,136.0555
2014-10-20 02:00:00,136.613,137.019,136.281,136.778,175506.15,136.774
2014-10-19 02:00:00,136.744,136.749,136.482,136.613,10910.04,136.608
2014-10-18 02:00:00,136.466,136.466,136.466,136.466,0.0,136.4165
2014-10-17 02:00:00,136.29,136.723,135.758,136.466,191347.06,136.4165
2014-10-16 02:00:00,135.911,136.426,134.146,136.29,287156.35,136.286
2014-10-15 02:00:00,135.67,136.068,135.14,135.912,288060.95,135.9075
2014-10-14 02:00:00,136.204,136.552,135.041,135.67,221293.58,135.666
2014-10-13 02:00:00,135.68,136.403,135.556,136.205,182848.89,136.2015
2014-10-12 02:00:00,135.86,135.915,135.574,135.679,13825.13,135.6755
2014-10-11 02:00:00,135.982,135.982,135.982,135.982,0.0,135.956
2014-10-10 02:00:00,136.825,137.08,135.848,135.982,199900.98,135.956
2014-10-09 02:00:00,137.802,137.845,136.655,136.825,227560.79,136.822
2014-10-08 02:00:00,136.87,137.942,136.688,137.801,200907.79,137.797
2014-10-07 02:00:00,137.66,137.762,136.566,136.871,210793.55,136.869
2014-10-06 02:00:00,137.405,137.778,137.053,137.661,150060.41,137.657
2014-10-05 02:00:00,137.319,137.49,137.311,137.406,7154.68,137.4025
2014-10-04 02:00:00,137.387,137.387,137.387,137.387,0.0,137.3685
2014-10-03 02:00:00,137.47,137.884,137.119,137.387,152711.57,137.3685
2014-10-02 02:00:00,137.597,137.718,136.875,137.47,223293.06,137.4695
2014-10-01 02:00:00,138.486,138.806,137.401,137.597,200272.58,137.5925
2014-09-30 02:00:00,138.843,138.921,137.95,138.486,179837.58,138.484
2014-09-29 02:00:00,138.677,139.139,138.607,138.845,164981.57,138.8405
2014-09-28 02:00:00,138.676,138.759,138.605,138.678,10126.41,138.6735
2014-09-27 02:00:00,138.63,138.63,138.63,138.63,0.0,138.606
2014-09-26 02:00:00,138.562,139.088,138.389,138.63,158837.32,138.606
2014-09-25 02:00:00,139.691,139.707,138.429,138.56,179211.46,138.557
2014-09-24 02:00:00,139.489,139.771,139.007,139.69,155234.31,139.689
2014-09-23 02:00:00,139.745,140.221,139.277,139.49,154108.46,139.485
2014-09-22 02:00:00,139.898,140.208,139.637,139.744,144097.71,139.74
2014-09-21 02:00:00,139.971,140.133,139.77,139.897,7082.79,139.894
2014-09-20 02:00:00,139.935,139.935,139.935,139.935,0.0,139.886
2014-09-19 02:00:00,140.589,141.23,139.686,139.935,169552.84,139.886
2014-09-18 02:00:00,139.477,140.602,139.351,140.589,167304.6,140.585
2014-09-17 02:00:00,138.847,139.65,138.796,139.477,176116.59,139.473
2014-09-16 02:00:00,138.638,138.974,138.53,138.847,166336.74,138.8445
2014-09-15 02:00:00,139.101,139.115,138.47,138.64,137545.56,138.6355
2014-09-14 02:00:00,139.099,139.19,139.06,139.101,6831.53,139.097
2014-09-13 02:00:00,139.178,139.178,139.178,139.178,0.0,139.153
2014-09-12 02:00:00,138.435,139.214,138.355,139.178,160038.44,139.153
2014-09-11 02:00:00,138.01,138.528,137.739,138.435,174471.69,138.431
2014-09-10 02:00:00,137.338,138.175,137.318,138.01,187091.66,138.006
2014-09-09 02:00:00,136.818,137.511,136.627,137.338,179292.7,137.334
2014-09-08 02:00:00,136.238,136.997,135.891,136.816,159447.45,136.813
2014-09-07 02:00:00,136.08,136.319,136.073,136.238,9638.81,136.234
2014-09-06 02:00:00,136.125,136.125,136.125,136.125,0.0,136.1065
2014-09-05 02:00:00,136.533,136.535,135.821,136.125,144038.47,136.1065
2014-09-04 02:00:00,137.912,138.017,135.969,136.536,167412.41,136.5305
2014-09-03 02:00:00,138.196,138.284,137.688,137.911,146965.43,137.9095
2014-09-02 02:00:00,137.032,138.265,137.001,138.197,138458.7,138.1935
2014-09-01 02:00:00,136.743,137.048,136.67,137.032,84712.78,137.0275
2014-08-31 02:00:00,136.792,136.84,136.734,136.743,5842.78,136.7395
2014-08-30 02:00:00,136.748,136.748,136.748,136.748,0.0,136.703
2014-08-29 02:00:00,136.747,137.195,136.584,136.748,113072.79,136.703
2014-08-28 02:00:00,137.037,137.221,136.424,136.747,142666.14,136.744
2014-08-27 02:00:00,137.087,137.301,136.751,137.037,129047.18,137.0335
2014-08-26 02:00:00,137.235,137.423,137.018,137.089,133202.62,137.0865
2014-08-25 02:00:00,137.524,137.675,137.097,137.236,106402.26,137.2345
2014-08-24 02:00:00,137.628,137.664,137.419,137.526,10810.49,137.524
2014-08-23 02:00:00,137.696,137.696,137.696,137.696,0.0,137.651
2014-08-22 02:00:00,137.908,138.004,137.318,137.696,129185.59,137.651
2014-08-21 02:00:00,137.513,137.951,137.483,137.907,123768.13,137.9045
2014-08-20 02:00:00,137.132,137.673,137.019,137.512,139420.56,137.508
2014-08-19 02:00:00,137.114,137.165,136.821,137.13,140544.96,137.1285
2014-08-18 02:00:00,137.135,137.27,136.91,137.114,107732.94,137.1115
2014-08-17 02:00:00,137.049,137.204,137.046,137.135,6087.77,137.1315
2014-08-16 02:00:00,137.203,137.203,137.203,137.203,0.0,137.1575
2014-08-15 02:00:00,136.974,137.625,136.775,137.203,134445.46,137.1575
2014-08-14 02:00:00,136.896,137.251,136.8,136.974,118196.91,136.97
2014-08-13 02:00:00,136.708,137.184,136.616,136.896,118623.13,136.8925
2014-08-12 02:00:00,136.802,136.895,136.372,136.709,116881.21,136.704
2014-08-11 02:00:00,136.94,136.945,136.602,136.802,114947.05,136.7985
2014-08-10 02:00:00,137.049,137.053,136.851,136.94,8713.19,136.9355
2014-08-09 02:00:00,136.876,136.876,136.876,136.876,0.0,136.8315
2014-08-08 02:00:00,136.424,136.954,135.732,136.876,166891.0,136.8315
2014-08-07 02:00:00,136.668,137.126,136.271,136.425,156152.54,136.422
2014-08-06 02:00:00,137.186,137.204,136.17,136.67,153522.95,136.668
2014-08-05 02:00:00,137.64,137.726,137.082,137.188,121639.58,137.185
2014-08-04 02:00:00,137.738,137.915,137.427,137.64,101307.11,137.637
2014-08-03 02:00:00,137.78,137.788,137.664,137.74,5918.24,137.7355
2014-08-02 02:00:00,137.821,137.821,137.821,137.821,0.0,137.782
2014-08-01 02:00:00,137.609,138.071,137.572,137.821,140525.05,137.782
2014-07-31 02:00:00,137.763,137.852,137.516,137.61,134130.6,137.607
2014-07-30 02:00:00,136.885,137.866,136.84,137.764,143763.9,137.761
2014-07-29 02:00:00,136.838,137.107,136.762,136.886,116788.33,136.8825
2014-07-28 02:00:00,136.649,136.922,136.647,136.838,95304.31,136.8355
2014-07-27 02:00:00,136.739,136.766,136.648,136.648,7020.37,136.645
2014-07-26 02:00:00,136.788,136.788,136.788,136.788,0.0,136.7585
2014-07-25 02:00:00,137.035,137.255,136.657,136.788,106303.28,136.7585
2014-07-24 02:00:00,136.664,137.197,136.373,137.035,105894.4,137.0325
2014-07-23 02:00:00,136.673,136.764,136.412,136.665,99244.83,136.6615
2014-07-22 02:00:00,137.162,137.347,136.588,136.673,118492.94,136.671
2014-07-21 02:00:00,137.141,137.182,136.894,137.162,88229.44,137.1575
2014-07-20 02:00:00,137.108,137.165,137.086,137.141,5405.43,137.139
2014-07-19 02:00:00,137.104,137.104,137.104,137.104,0.0,137.08
2014-07-18 02:00:00,136.85,137.298,136.777,137.104,117890.6,137.08
2014-07-17 02:00:00,137.513,137.548,136.716,136.851,134642.39,136.848
2014-07-16 02:00:00,137.977,138.093,137.472,137.513,107298.19,137.509
2014-07-15 02:00:00,138.315,138.434,137.892,137.976,128760.98,137.9725
2014-07-14 02:00:00,137.886,138.455,137.829,138.315,104610.47,138.3105
2014-07-13 02:00:00,137.896,137.948,137.876,137.886,5868.7,137.8825
2014-07-12 02:00:00,137.845,137.845,137.845,137.845,0.0,137.827
2014-07-11 02:00:00,137.82,138.049,137.68,137.845,108829.37,137.827
2014-07-10 02:00:00,138.525,138.589,137.502,137.82,139955.98,137.816
2014-07-09 02:00:00,138.173,138.768,138.167,138.524,127975.02,138.521
2014-07-08 02:00:00,138.539,138.555,138.117,138.173,121571.45,138.1695
2014-07-07 02:00:00,138.766,138.821,138.444,138.54,106317.72,138.536
2014-07-06 02:00:00,138.772,138.838,138.715,138.766,6251.5,138.763
2014-07-05 02:00:00,138.839,138.839,138.839,138.839,0.0,138.819
2014-07-04 02:00:00,139.093,139.093,138.589,138.839,65791.88,138.819
2014-07-03 02:00:00,139.039,139.289,138.96,139.094,126493.29,139.0905
2014-07-02 02:00:00,138.93,139.071,138.55,139.04,118544.25,139.0375
2014-07-01 02:00:00,138.715,139.14,138.69,138.93,123847.22,138.9275
2014-06-30 02:00:00,138.398,138.767,138.114,138.715,121903.01,138.7115
2014-06-29 02:00:00,138.419,138.454,138.361,138.396,3406.74,138.3935
2014-06-28 02:00:00,138.408,138.408,138.408,138.408,0.0,138.3925
2014-06-27 02:00:00,138.359,138.5,137.987,138.408,111992.02,138.3925
2014-06-26 02:00:00,138.768,138.817,137.925,138.36,120505.28,138.356
2014-06-25 02:00:00,138.678,138.906,138.571,138.767,112878.74,138.765
2014-06-24 02:00:00,138.569,138.931,138.46,138.678,120093.23,138.6755
2014-06-23 02:00:00,138.754,138.809,138.286,138.569,118412.49,138.566
2014-06-22 02:00:00,138.779,138.847,138.731,138.754,4826.82,138.752
2014-06-21 02:00:00,138.839,138.839,138.839,138.839,0.0,138.819
2014-06-20 02:00:00,138.718,138.899,138.548,138.839,108334.28,138.819
2014-06-19 02:00:00,138.501,138.892,138.434,138.717,128255.79,138.7145
2014-06-18 02:00:00,138.442,138.831,138.35,138.5,133609.3,138.496
2014-06-17 02:00:00,138.318,138.545,138.221,138.441,108689.81,138.4385
2014-06-16 02:00:00,138.035,138.323,137.712,138.317,116619.97,138.313
2014-06-15 02:00:00,138.227,138.234,137.985,138.035,5080.29,138.033
2014-06-14 02:00:00,138.211,138.211,138.211,138.211,0.0,138.18
2014-06-13 02:00:00,137.837,138.558,137.837,138.211,135404.54,138.18
2014-06-12 02:00:00,138.072,138.342,137.728,137.837,144097.56,137.8335
2014-06-11 02:00:00,138.526,138.601,137.878,138.072,195405.79,138.07
2014-06-10 02:00:00,139.31,139.32,138.457,138.526,208592.79,138.5225
2014-06-09 02:00:00,140.075,140.089,139.271,139.31,134077.14,139.3075
2014-06-08 02:00:00,139.874,140.095,139.851,140.074,5697.54,140.0715
2014-06-07 02:00:00,139.836,139.836,139.836,139.836,0.0,139.8085
2014-06-06 02:00:00,139.922,139.947,139.391,139.836,129060.63,139.8085
2014-06-05 02:00:00,139.67,139.993,138.683,139.922,175292.6,139.919
2014-06-04 02:00:00,139.708,139.963,139.56,139.669,143994.16,139.666
2014-06-03 02:00:00,139.286,139.781,139.111,139.709,134389.07,139.7055
2014-06-02 02:00:00,138.864,139.326,138.693,139.288,136596.9,139.2865
2014-06-01 02:00:00,138.94,138.946,138.674,138.865,5616.39,138.861
2014-05-31 02:00:00,138.791,138.791,138.791,138.791,0.0,138.7545
2014-05-30 02:00:00,138.381,138.884,138.09,138.791,131541.28,138.7545
2014-05-29 02:00:00,138.268,138.523,137.979,138.38,137029.89,138.3785
2014-05-28 02:00:00,139.05,139.055,138.261,138.266,126236.25,138.263
2014-05-27 02:00:00,139.134,139.367,138.826,139.05,129810.16,139.0465
2014-05-26 02:00:00,138.974,139.141,138.732,139.135,76168.07,139.1325
2014-05-25 02:00:00,138.898,139.03,138.83,138.974,4176.98,138.9725
2014-05-24 02:00:00,139.045,139.045,139.045,139.045,0.0,138.995
2014-05-23 02:00:00,138.965,139.091,138.6,139.045,126559.99,138.995
2014-05-22 02:00:00,138.787,139.133,138.65,138.965,154834.48,138.9625
2014-05-21 02:00:00,138.782,138.938,138.152,138.787,163195.95,138.783
2014-05-20 02:00:00,139.144,139.317,138.552,138.782,131223.61,138.7785
2014-05-19 02:00:00,139.148,139.274,138.618,139.144,139429.59,139.141
2014-05-18 02:00:00,139.064,139.165,139.005,139.149,4289.75,139.145
2014-05-17 02:00:00,139.048,139.048,139.048,139.048,0.0,139.0
2014-05-16 02:00:00,139.217,139.445,138.786,139.048,130185.41,139.0
2014-05-15 02:00:00,139.624,139.871,138.98,139.217,166332.03,139.214
2014-05-14 02:00:00,140.145,140.283,139.468,139.624,133465.07,139.62
2014-05-13 02:00:00,140.568,140.951,139.995,140.147,147135.15,140.143
2014-05-12 02:00:00,140.203,140.639,140.14,140.57,114677.24,140.566
2014-05-11 02:00:00,140.121,140.241,140.075,140.203,5115.43,140.201
2014-05-10 02:00:00,140.14,140.14,140.14,140.14,0.0,140.093
2014-05-09 02:00:00,140.637,140.812,139.89,140.14,137923.96,140.093
2014-05-08 02:00:00,141.711,142.368,140.535,140.637,166251.79,140.633
2014-05-07 02:00:00,141.702,142.009,141.161,141.711,147963.87,141.7085
2014-05-06 02:00:00,141.727,142.1,141.363,141.702,126649.6,141.698
2014-05-05 02:00:00,141.789,141.809,141.294,141.725,88618.8,141.723
2014-05-04 02:00:00,141.861,141.887,141.76,141.789,3146.83,141.785
2014-05-03 02:00:00,141.816,141.816,141.816,141.816,0.0,141.774
2014-05-02 02:00:00,141.865,142.451,141.65,141.816,126029.47,141.774
2014-05-01 02:00:00,141.774,142.018,141.675,141.865,92081.17,141.862
2014-04-30 02:00:00,141.674,142.167,141.133,141.774,146985.01,141.7725
2014-04-29 02:00:00,142.022,142.476,141.592,141.676,120226.22,141.672
2014-04-28 02:00:00,141.303,142.148,140.998,142.022,129917.37,142.021
2014-04-27 02:00:00,141.514,141.525,141.3,141.304,4914.5,141.3025
2014-04-26 02:00:00,141.392,141.392,141.392,141.392,0.0,141.3605
2014-04-25 02:00:00,141.503,141.75,141.04,141.392,116446.85,141.3605
2014-04-24 02:00:00,141.621,141.796,141.05,141.503,129312.9,141.5
2014-04-23 02:00:00,141.706,142.002,141.19,141.622,123785.18,141.6195
2014-04-22 02:00:00,141.62,141.779,141.221,141.705,117391.99,141.702
2014-04-21 02:00:00,141.687,141.829,141.412,141.623,71690.23,141.619
2014-04-20 02:00:00,141.556,141.745,141.456,141.687,5093.77,141.6825
2014-04-19 02:00:00,141.56,141.56,141.56,141.56,0.0,141.4815
2014-04-18 02:00:00,141.513,141.659,141.379,141.56,45146.92,141.4815
2014-04-17 02:00:00,141.299,141.63,140.991,141.512,120690.14,141.5055
2014-04-16 02:00:00,140.704,141.767,140.685,141.299,141442.82,141.2955
2014-04-15 02:00:00,140.806,140.909,140.239,140.704,144622.88,140.7005
2014-04-14 02:00:00,140.487,140.929,140.441,140.808,119399.62,140.8045
2014-04-13 02:00:00,140.731,140.849,140.431,140.485,7672.34,140.481
2014-04-12 02:00:00,141.134,141.134,141.134,141.134,0.0,141.115
2014-04-11 02:00:00,140.805,141.561,140.651,141.134,152590.12,141.115
2014-04-10 02:00:00,141.47,141.558,140.604,140.805,155591.38,140.802
2014-04-09 02:00:00,140.627,141.5,140.458,141.47,131041.64,141.4685
2014-04-08 02:00:00,141.647,141.649,140.087,140.629,175410.46,140.6265
2014-04-07 02:00:00,141.596,141.899,141.125,141.645,135590.14,141.642
2014-04-06 02:00:00,141.514,141.665,141.468,141.599,5334.23,141.595
2014-04-05 02:00:00,141.592,141.592,141.592,141.592,0.0,141.5585
2014-04-04 02:00:00,142.578,142.604,141.392,141.592,120187.62,141.5585
2014-04-03 02:00:00,142.998,143.444,142.307,142.579,126740.92,142.5775
2014-04-02 02:00:00,142.964,143.48,142.731,143.0,127201.98,142.996
2014-04-01 02:00:00,142.173,143.069,142.012,142.965,131370.44,142.962
2014-03-31 02:00:00,141.523,142.608,141.327,142.171,152532.97,142.168
2014-03-30 01:00:00,141.756,141.756,141.393,141.523,6183.27,141.521
2014-03-29 01:00:00,141.412,141.412,141.412,141.412,0.0,141.3995
2014-03-28 01:00:00,140.385,141.649,139.97,141.412,144455.29,141.3995
2014-03-27 01:00:00,140.502,141.043,140.188,140.385,154411.87,140.381
2014-03-26 01:00:00,141.376,141.51,140.35,140.505,150264.38,140.502
2014-03-25 01:00:00,141.469,141.6,140.702,141.38,146814.59,141.3765
2014-03-24 01:00:00,141.095,141.891,140.731,141.471,134106.47,141.4675
2014-03-23 01:00:00,140.991,141.239,140.906,141.096,5048.66,141.0935
2014-03-22 01:00:00,141.119,141.119,141.119,141.119,0.0,141.0825
2014-03-21 01:00:00,141.106,141.3,140.446,141.119,103317.73,141.0825
2014-03-20 01:00:00,141.549,141.733,140.826,141.106,145705.56,141.103
2014-03-19 01:00:00,141.352,141.926,141.07,141.549,144700.34,141.5455
2014-03-18 01:00:00,141.904,141.967,140.747,141.352,136418.11,141.35
2014-03-17 01:00:00,140.984,141.981,140.898,141.906,125113.1,141.9025
2014-03-16 01:00:00,140.877,141.149,140.829,140.984,6556.96,140.9825
2014-03-15 01:00:00,141.081,141.081,141.081,141.081,0.0,141.033
2014-03-14 01:00:00,141.117,141.513,140.452,141.081,157776.24,141.033
2014-03-13 01:00:00,142.948,143.385,140.717,141.118,177059.25,141.116
2014-03-12 01:00:00,142.524,142.971,142.245,142.949,136162.31,142.946
2014-03-11 01:00:00,143.286,143.446,142.391,142.524,129161.02,142.521
2014-03-10 01:00:00,143.191,143.621,142.857,143.286,115843.99,143.2835
2014-03-09 01:00:00,142.994,143.309,142.968,143.192,7633.0,143.188
2014-03-08 01:00:00,143.332,143.332,143.332,143.332,0.0,143.327
2014-03-07 01:00:00,142.881,143.794,142.543,143.332,136707.72,143.327
2014-03-06 01:00:00,140.566,143.011,140.507,142.883,158231.65,142.878
2014-03-05 01:00:00,140.467,140.787,140.196,140.566,137285.4,140.5605
2014-03-04 01:00:00,139.311,140.59,139.311,140.469,150385.87,140.4655
2014-03-03 01:00:00,139.591,139.886,139.157,139.311,150456.71,139.3085
2014-03-02 01:00:00,139.662,140.096,139.47,139.591,10784.82,139.5865
2014-03-01 01:00:00,140.549,140.549,140.549,140.549,0.0,140.4995
2014-02-28 01:00:00,139.969,141.119,139.124,140.549,158039.92,140.4995
2014-02-27 01:00:00,139.968,140.227,138.795,139.969,158466.27,139.9655
2014-02-26 01:00:00,140.428,140.792,139.657,139.968,133497.69,139.966
2014-02-25 01:00:00,140.794,140.971,140.137,140.428,123859.81,140.4235
2014-02-24 01:00:00,140.869,141.046,140.35,140.791,116800.42,140.7905
2014-02-23 01:00:00,140.776,140.962,140.776,140.869,3434.66,140.864
2014-02-22 01:00:00,140.86,140.86,140.86,140.86,0.0,140.815
2014-02-21 01:00:00,140.401,141.275,140.322,140.86,117213.81,140.815
2014-02-20 01:00:00,140.476,140.628,139.208,140.398,147980.8,140.3945
2014-02-19 01:00:00,140.794,140.877,140.004,140.473,127253.34,140.4705
2014-02-18 01:00:00,139.89,141.037,139.505,140.795,149607.42,140.7905
2014-02-17 01:00:00,139.155,139.962,138.958,139.89,97514.37,139.8875
2014-02-16 01:00:00,139.34,139.477,139.134,139.161,4924.77,139.1555
2014-02-15 01:00:00,139.434,139.434,139.434,139.434,0.0,139.406
2014-02-14 01:00:00,139.747,140.072,138.998,139.434,140864.95,139.406
2014-02-13 01:00:00,139.236,139.921,138.882,139.747,148895.31,139.743
2014-02-12 01:00:00,139.828,139.973,138.675,139.236,133182.83,139.2335
2014-02-11 01:00:00,139.379,140.31,139.284,139.828,121554.07,139.8225
2014-02-10 01:00:00,139.607,139.655,139.172,139.379,111799.73,139.3745
2014-02-09 01:00:00,139.647,139.806,139.529,139.611,6078.33,139.6065
2014-02-08 01:00:00,139.59,139.59,139.59,139.59,0.0,139.55
2014-02-07 01:00:00,138.699,139.625,138.176,139.59,151327.98,139.55
2014-02-06 01:00:00,137.332,138.833,136.767,138.699,161996.02,138.695
2014-02-05 01:00:00,137.455,137.463,136.556,137.333,184797.94,137.329
2014-02-04 01:00:00,136.833,137.548,136.233,137.455,190059.45,137.451
2014-02-03 01:00:00,137.9,138.11,136.368,136.833,197374.89,136.8295
2014-02-02 01:00:00,137.555,137.897,137.517,137.897,5226.19,137.894
2014-02-01 01:00:00,137.654,137.654,137.654,137.654,0.0,137.6045
2014-01-31 01:00:00,139.29,139.509,137.512,137.654,184189.2,137.6045
2014-01-30 01:00:00,139.696,139.949,138.898,139.29,184724.43,139.2875
2014-01-29 01:00:00,140.979,141.257,139.048,139.698,212968.17,139.6955
2014-01-28 01:00:00,140.4,141.289,140.179,140.975,171365.47,140.9725
2014-01-27 01:00:00,139.76,140.7,139.69,140.403,206908.93,140.399
2014-01-26 01:00:00,139.843,139.864,139.203,139.756,10169.3,139.751
2014-01-25 01:00:00,139.99,139.99,139.99,139.99,0.0,139.9455
2014-01-24 01:00:00,141.531,141.779,139.762,139.99,222655.2,139.9455
2014-01-23 01:00:00,141.747,142.42,141.037,141.533,194780.28,141.5255
2014-01-22 01:00:00,141.308,141.835,141.058,141.747,142952.59,141.743
2014-01-21 01:00:00,141.219,141.862,141.038,141.308,143874.71,141.3035
2014-01-20 01:00:00,141.021,141.386,140.33,141.219,100055.08,141.213
2014-01-19 01:00:00,141.117,141.187,141.013,141.021,5474.53,141.017
2014-01-18 01:00:00,141.298,141.298,141.298,141.298,0.0,141.2485
2014-01-17 01:00:00,142.012,142.169,140.984,141.298,129264.16,141.2485
2014-01-16 01:00:00,142.248,142.916,141.716,142.014,148697.54,142.01
2014-01-15 01:00:00,142.408,142.6,141.801,142.25,146219.43,142.246
2014-01-14 01:00:00,140.949,142.637,140.795,142.408,153457.0,142.4035
2014-01-13 01:00:00,142.117,142.172,140.502,140.949,155716.11,140.9455
2014-01-12 01:00:00,142.244,142.369,142.113,142.117,4352.69,142.112
2014-01-11 01:00:00,142.459,142.459,142.459,142.459,0.0,142.39
2014-01-10 01:00:00,142.647,143.09,142.066,142.459,183101.07,142.39
2014-01-09 01:00:00,142.293,143.04,142.049,142.647,152711.63,142.6445
2014-01-08 01:00:00,142.599,143.179,142.127,142.288,167626.03,142.286
2014-01-07 01:00:00,142.06,142.615,141.946,142.599,161995.84,142.5945
2014-01-06 01:00:00,142.642,142.784,141.506,142.06,162184.81,142.055
2014-01-05 01:00:00,142.542,142.669,142.474,142.644,4843.49,142.639
2014-01-04 01:00:00,142.508,142.508,142.508,142.508,0.0,142.466
2014-01-03 01:00:00,143.273,143.32,141.972,142.508,138130.65,142.466
2014-01-02 01:00:00,145.007,145.037,142.85,143.276,167738.67,143.273
2014-01-01 01:00:00,144.91,145.153,144.829,145.017,3726.57,145.007
2013-12-31 01:00:00,144.875,145.177,144.425,144.807,77834.48,144.7125
2013-12-30 01:00:00,144.805,145.173,144.559,144.871,102280.98,144.863
2013-12-29 01:00:00,144.745,145.037,144.668,144.806,6385.52,144.8035
2013-12-28 01:00:00,144.635,144.635,144.635,144.635,0.0,144.5865
2013-12-27 01:00:00,143.664,145.691,143.613,144.635,131926.74,144.5865
2013-12-26 01:00:00,142.877,143.69,142.875,143.664,79543.6,143.659
2013-12-25 01:00:00,142.615,142.958,142.557,142.877,14664.04,142.867
2013-12-24 01:00:00,142.699,142.89,142.47,142.613,66484.29,142.579
2013-12-23 01:00:00,142.295,142.792,142.102,142.699,77331.97,142.6955
2013-12-22 01:00:00,142.204,142.313,142.177,142.297,2815.01,142.293
2013-12-21 01:00:00,142.347,142.347,142.347,142.347,0.0,142.3
2013-12-20 01:00:00,142.426,142.75,142.106,142.347,125507.76,142.3
2013-12-19 01:00:00,142.593,142.669,141.871,142.427,156216.04,142.423
2013-12-18 01:00:00,141.328,142.911,141.325,142.592,191332.75,142.588
2013-12-17 01:00:00,141.793,141.956,140.987,141.326,132528.39,141.3225
2013-12-16 01:00:00,141.875,142.13,141.225,141.795,150227.19,141.79
2013-12-15 01:00:00,141.811,141.923,141.642,141.875,4739.43,141.8715
2013-12-14 01:00:00,141.947,141.947,141.947,141.947,0.0,141.8735
2013-12-13 01:00:00,142.427,142.832,141.428,141.947,158719.22,141.8735
2013-12-12 01:00:00,141.346,142.528,141.225,142.429,166511.15,142.4255
2013-12-11 01:00:00,141.499,141.695,140.926,141.346,146652.89,141.343
2013-12-10 01:00:00,141.861,142.173,141.282,141.499,156473.15,141.495
2013-12-09 01:00:00,141.368,141.965,141.003,141.861,125337.77,141.8565
2013-12-08 01:00:00,141.316,141.565,141.151,141.368,9287.04,141.365
2013-12-07 01:00:00,141.066,141.066,141.066,141.066,0.0,141.03
2013-12-06 01:00:00,139.057,141.078,139.02,141.066,157122.25,141.03
2013-12-05 01:00:00,139.099,139.574,138.469,139.06,199650.66,139.0555
2013-12-04 01:00:00,139.081,139.614,138.436,139.099,203008.09,139.0955
2013-12-03 01:00:00,139.404,140.032,138.698,139.081,173347.09,139.077
2013-12-02 01:00:00,139.242,139.715,139.04,139.404,147322.47,139.3995
2013-12-01 01:00:00,139.304,139.387,139.191,139.243,4991.05,139.241
2013-11-30 01:00:00,139.217,139.217,139.217,139.217,0.0,139.1865
2013-11-29 01:00:00,139.164,139.712,138.973,139.217,133449.97,139.1865
2013-11-28 01:00:00,138.726,139.26,138.319,139.164,103396.89,139.1605
2013-11-27 01:00:00,137.366,138.846,137.362,138.726,145926.4,138.722
2013-11-26 01:00:00,137.215,137.681,137.143,137.366,128527.92,137.3625
2013-11-25 01:00:00,137.232,137.99,137.025,137.214,131390.16,137.2115
2013-11-24 01:00:00,137.264,137.328,137.232,137.234,5082.3,137.2305
2013-11-23 01:00:00,137.344,137.344,137.344,137.344,0.0,137.299
2013-11-22 01:00:00,136.456,137.356,136.024,137.344,126818.07,137.299
2013-11-21 01:00:00,134.642,136.56,134.539,136.458,167834.82,136.4555
2013-11-20 01:00:00,135.876,135.876,134.119,134.642,176722.01,134.64
2013-11-19 01:00:00,134.836,135.95,134.614,135.875,144431.53,135.8735
2013-11-18 01:00:00,135.302,135.342,134.755,134.839,127842.66,134.836
2013-11-17 01:00:00,135.361,135.37,135.224,135.302,6587.39,135.3005
2013-11-16 01:00:00,135.258,135.258,135.258,135.258,0.0,135.215
2013-11-15 01:00:00,134.757,135.323,134.49,135.258,120996.58,135.215
2013-11-14 01:00:00,133.818,134.816,133.747,134.758,153467.69,134.755
2013-11-13 01:00:00,133.806,133.963,133.235,133.823,144066.83,133.818
2013-11-12 01:00:00,132.949,134.013,132.916,133.806,135780.34,133.803
2013-11-11 01:00:00,132.409,133.153,132.21,132.949,83775.7,132.9475
2013-11-10 01:00:00,132.587,132.587,132.32,132.409,6322.42,132.406
2013-11-09 01:00:00,132.485,132.485,132.485,132.485,0.0,132.438
2013-11-08 01:00:00,131.632,132.552,131.315,132.485,141776.16,132.438
2013-11-07 01:00:00,133.369,133.535,131.223,131.632,168554.06,131.6275
2013-11-06 01:00:00,132.669,133.731,132.552,133.369,105543.9,133.365
2013-11-05 01:00:00,133.315,133.318,132.376,132.669,116861.55,132.6655
2013-10-26 02:00:00,134.493,134.493,134.493,134.493,0.0,134.4455
2013-10-25 02:00:00,134.422,134.53,133.893,134.493,114320.87,134.4455
2013-10-24 02:00:00,134.248,134.797,133.897,134.423,119445.93,134.4205
2013-10-23 02:00:00,135.223,135.285,133.609,134.248,139718.12,134.2455
2013-10-22 02:00:00,134.27,135.509,134.209,135.223,102063.81,135.2195
2013-10-21 02:00:00,134.02,134.401,133.886,134.268,86893.63,134.2655
2013-10-20 02:00:00,133.951,134.083,133.822,134.022,3927.02,134.018
2013-10-19 02:00:00,133.836,133.836,133.836,133.836,0.0,133.793
2013-10-18 02:00:00,133.962,134.189,133.618,133.836,97949.06,133.793
2013-10-17 02:00:00,133.814,134.05,133.337,133.96,136645.77,133.9575
2013-10-16 02:00:00,133.294,133.813,132.97,133.813,130985.77,133.8095
2013-10-15 02:00:00,133.713,133.735,132.666,133.295,134244.89,133.288
2013-10-14 02:00:00,133.288,133.845,133.149,133.718,64454.95,133.7155
2013-10-13 02:00:00,133.346,133.375,133.086,133.286,5361.78,133.283
2013-10-12 02:00:00,133.542,133.542,133.542,133.542,0.0,133.4825
2013-10-11 02:00:00,132.88,133.61,132.88,133.542,116977.68,133.4825
2013-10-10 02:00:00,131.813,132.972,131.748,132.88,138575.83,132.8785
2013-10-09 02:00:00,131.806,132.185,131.255,131.815,134390.04,131.812
2013-10-08 02:00:00,131.327,132.043,131.236,131.806,123847.37,131.8015
2013-10-07 02:00:00,131.996,131.996,131.15,131.327,121847.17,131.3225
2013-10-06 02:00:00,131.909,132.057,131.844,131.999,4889.68,131.9955
2013-10-05 02:00:00,132.171,132.171,132.171,132.171,0.0,132.152
2013-10-04 02:00:00,132.493,132.7,131.775,132.171,123781.08,132.152
2013-10-03 02:00:00,132.311,133.213,132.14,132.494,145925.22,132.4895
2013-10-02 02:00:00,132.449,132.578,131.421,132.311,142924.31,132.308
2013-10-01 02:00:00,133.047,133.489,132.33,132.452,145259.36,132.449
2013-09-30 02:00:00,131.994,133.241,131.648,133.044,127324.51,133.042
2013-09-29 02:00:00,131.801,132.138,131.784,131.992,8381.68,131.987
2013-09-28 02:00:00,132.911,132.911,132.911,132.911,0.0,132.8635
2013-09-27 02:00:00,133.418,133.54,132.635,132.911,113939.76,132.8635
2013-09-26 02:00:00,133.059,133.95,132.891,133.42,119069.01,133.4155
2013-09-25 02:00:00,133.02,133.564,132.693,133.058,106751.58,133.0565
2013-09-24 02:00:00,133.266,134.004,132.705,133.02,114303.58,133.0185
2013-09-23 02:00:00,134.384,134.388,133.097,133.269,96588.66,133.266
2013-09-22 02:00:00,134.425,134.447,134.253,134.384,3455.89,134.382
2013-09-21 02:00:00,134.361,134.361,134.361,134.361,0.0,134.319
2013-09-20 02:00:00,134.527,134.745,134.171,134.361,109744.18,134.319
2013-09-19 02:00:00,132.793,134.95,132.581,134.525,148935.65,134.522
2013-09-18 02:00:00,132.435,132.852,131.874,132.789,152257.2,132.7845
2013-09-17 02:00:00,132.155,132.651,132.117,132.439,94970.74,132.436
2013-09-16 02:00:00,132.261,132.386,131.881,132.156,104139.99,132.153
2013-09-15 02:00:00,131.92,132.405,131.698,132.264,12129.89,132.2625
2013-09-14 02:00:00,132.135,132.135,132.135,132.135,0.0,132.108
2013-09-13 02:00:00,132.42,132.651,131.665,132.135,120275.61,132.108
2013-09-12 02:00:00,132.871,133.006,131.733,132.422,151430.42,132.418
2013-09-11 02:00:00,133.082,133.383,132.781,132.871,158532.55,132.867
2013-09-10 02:00:00,132.19,133.311,131.916,133.083,131089.62,133.078
2013-09-09 02:00:00,131.74,132.235,130.987,132.19,113746.2,132.1875
2013-09-08 02:00:00,131.283,131.856,131.175,131.739,9494.45,131.7345
2013-09-07 02:00:00,130.655,130.655,130.655,130.655,0.0,130.609
2013-09-06 02:00:00,131.353,131.364,129.903,130.655,138760.17,130.609
2013-09-05 02:00:00,131.645,132.151,131.034,131.355,147777.43,131.3505
2013-09-04 02:00:00,131.138,131.827,130.818,131.645,129481.52,131.643
2013-09-03 02:00:00,131.332,131.485,130.65,131.138,140325.0,131.1335
2013-09-02 02:00:00,129.943,131.455,129.904,131.333,105032.43,131.329
2013-09-01 02:00:00,130.106,130.113,129.805,129.943,5785.16,129.9385
2013-08-31 02:00:00,129.845,129.845,129.845,129.845,0.0,129.773
2013-08-30 02:00:00,130.145,130.344,129.312,129.845,123838.28,129.773
2013-08-29 02:00:00,130.342,130.567,129.992,130.145,146402.13,130.1405
2013-08-28 02:00:00,129.75,130.561,129.72,130.342,141655.48,130.3395
2013-08-27 02:00:00,131.487,131.595,129.665,129.746,155125.54,129.7405
2013-08-26 02:00:00,132.157,132.312,131.379,131.487,96184.21,131.4855
2013-08-25 02:00:00,131.981,132.212,131.933,132.157,6155.51,132.1545
2013-08-24 02:00:00,132.121,132.121,132.121,132.121,0.0,132.0905
2013-08-23 02:00:00,132.054,132.432,131.883,132.121,136312.61,132.0905
2013-08-22 02:00:00,130.492,132.081,130.427,132.057,147881.01,132.0535
2013-08-21 02:00:00,130.62,131.02,130.316,130.491,164853.67,130.486
2013-08-20 02:00:00,130.155,130.799,129.294,130.62,166413.89,130.6165
2013-08-19 02:00:00,130.193,131.042,129.861,130.155,133876.34,130.15
2013-08-18 02:00:00,130.161,130.27,130.066,130.194,5730.8,130.191
2013-08-17 02:00:00,130.021,130.021,130.021,130.021,0.0,130.0005
2013-08-16 02:00:00,129.604,130.43,129.584,130.021,129051.19,130.0005
2013-08-15 02:00:00,129.71,130.735,129.427,129.608,169429.74,129.6075
2013-08-14 02:00:00,130.18,130.667,129.674,129.709,133544.15,129.705
2013-08-13 02:00:00,129.19,130.477,129.131,130.18,145173.36,130.176
2013-08-12 02:00:00,128.138,129.351,128.032,129.19,128232.65,129.1875
2013-08-11 02:00:00,128.399,128.569,127.985,128.138,7881.34,128.13
2013-08-10 02:00:00,128.437,128.437,128.437,128.437,0.0,128.3875
2013-08-09 02:00:00,129.468,129.723,128.293,128.437,122742.59,128.3875
2013-08-08 02:00:00,128.823,129.596,128.223,129.47,176973.17,129.468
2013-08-07 02:00:00,129.544,129.696,128.461,128.825,176951.14,128.8225
2013-08-06 02:00:00,130.256,130.738,129.306,129.542,148961.51,129.54
2013-08-05 02:00:00,131.354,131.56,130.161,130.255,131488.86,130.2525
2013-08-04 02:00:00,131.402,131.634,131.316,131.357,5340.08,131.3525
2013-08-03 02:00:00,131.45,131.45,131.45,131.45,0.0,131.432
2013-08-02 02:00:00,131.36,131.995,131.08,131.45,155116.44,131.432
2013-08-01 02:00:00,130.15,131.56,129.941,131.366,172652.82,131.3615
2013-07-31 02:00:00,130.027,130.797,129.342,130.15,189396.22,130.147
2013-07-30 02:00:00,130.045,130.525,129.833,130.027,141264.37,130.0235
2013-07-29 02:00:00,130.154,130.454,129.595,130.041,145261.35,130.036
2013-07-28 02:00:00,130.32,130.64,129.987,130.152,9547.96,130.1505
2013-07-27 02:00:00,130.534,130.534,130.534,130.534,0.0,130.5315
2013-07-26 02:00:00,131.755,131.878,130.088,130.534,153751.25,130.5315
2013-07-25 02:00:00,132.442,132.467,131.464,131.755,164895.5,131.7505
2013-07-24 02:00:00,131.575,132.75,131.384,132.44,154288.24,132.436
2013-07-23 02:00:00,131.024,132.025,130.777,131.576,149094.6,131.571
2013-07-22 02:00:00,132.085,132.085,130.861,131.022,142831.7,131.0205
2013-07-21 02:00:00,131.928,132.262,131.587,132.086,23573.86,132.0805
2013-07-20 02:00:00,132.239,132.239,132.239,132.239,0.0,132.237
2013-07-19 02:00:00,131.834,132.31,131.224,132.239,278964.81,132.237
2013-07-18 02:00:00,130.621,131.93,130.542,131.834,288737.85,131.829
2013-07-17 02:00:00,130.326,131.365,130.299,130.611,297966.54,130.606
2013-07-16 02:00:00,130.53,130.824,130.041,130.32,289330.31,130.315
2013-07-15 02:00:00,129.573,130.718,129.405,130.532,262963.66,130.5255
2013-07-14 02:00:00,129.982,129.995,129.495,129.571,4155.22,129.566
2013-07-13 02:00:00,129.696,129.696,129.696,129.696,0.0,129.692
2013-07-12 02:00:00,129.344,129.961,128.917,129.696,127374.88,129.692
2013-07-11 02:00:00,129.888,130.443,128.648,129.342,188599.19,129.3395
2013-07-10 02:00:00,129.275,130.149,128.026,129.888,178005.43,129.8825
2013-07-09 02:00:00,129.819,130.568,128.715,129.28,134659.86,129.278
2013-07-08 02:00:00,130.042,130.189,129.404,129.824,122305.78,129.8205
2013-07-07 02:00:00,129.736,130.204,129.736,130.044,7843.46,130.0405
2013-07-06 02:00:00,129.821,129.821,129.821,129.821,0.0,129.816
2013-07-05 02:00:00,129.25,129.9,128.591,129.821,137272.28,129.816
2013-07-04 02:00:00,129.969,130.059,128.839,129.252,117454.76,129.246
2013-07-03 02:00:00,130.743,130.809,128.651,129.972,166169.05,129.9685
2013-07-02 02:00:00,130.185,131.128,129.843,130.742,136512.29,130.7385
2013-07-01 02:00:00,129.371,130.281,129.091,130.182,115947.28,130.1805
2013-06-30 02:00:00,129.187,129.491,129.111,129.374,5594.21,129.3695
2013-06-29 02:00:00,128.995,128.995,128.995,128.995,0.0,128.9915
2013-06-28 02:00:00,128.417,129.657,128.367,128.995,152864.82,128.9915
2013-06-27 02:00:00,127.103,128.526,127.051,128.417,147013.74,128.4145
2013-06-26 02:00:00,128.357,128.425,126.578,127.103,174747.83,127.099
2013-06-25 02:00:00,128.233,128.68,127.291,128.357,184762.88,128.3535
2013-06-24 02:00:00,128.966,129.216,127.286,128.235,202799.12,128.2305
2013-06-23 02:00:00,128.241,129.123,128.241,128.966,12911.96,128.958
2013-06-22 02:00:00,128.48,128.48,128.48,128.48,0.0,128.474
2013-06-21 02:00:00,128.333,129.702,127.794,128.48,185128.24,128.474
2013-06-20 02:00:00,128.287,129.919,127.835,128.337,253610.73,128.33
2013-06-19 02:00:00,128.034,128.782,127.063,128.289,189274.0,128.284
2013-06-18 02:00:00,126.38,128.122,126.333,128.033,160658.97,128.028
2013-06-17 02:00:00,125.991,126.925,125.828,126.38,175345.41,126.3725
2013-06-16 02:00:00,125.785,126.075,125.641,125.991,9780.31,125.9845
2013-06-15 02:00:00,125.547,125.547,125.547,125.547,0.0,125.542
2013-06-14 02:00:00,127.697,127.697,125.182,125.547,250424.37,125.542
2013-06-13 02:00:00,127.433,128.154,124.971,127.7,314489.88,127.6875
2013-06-12 02:00:00,128.15,129.353,127.041,127.432,268722.5,127.4235
2013-06-11 02:00:00,131.089,131.15,127.103,128.15,347372.4,128.142
2013-06-10 02:00:00,129.875,131.321,129.218,131.085,256691.09,131.08
2013-06-09 02:00:00,129.107,129.991,129.011,129.877,19485.65,129.8695
2013-06-08 02:00:00,128.967,128.967,128.967,128.967,0.0,128.92
2013-06-07 02:00:00,128.94,129.19,126.178,128.967,339758.05,128.92
2013-06-06 02:00:00,129.588,130.74,127.497,128.941,306550.37,128.933
2013-06-05 02:00:00,131.083,131.416,129.433,129.588,267162.79,129.581
2013-06-04 02:00:00,130.366,131.414,129.936,131.08,224026.89,131.0745
2013-06-03 02:00:00,130.591,130.996,129.523,130.37,238810.45,130.364
2013-06-02 02:00:00,130.525,130.757,130.49,130.593,9664.56,130.5875
2013-06-01 02:00:00,130.582,130.582,130.582,130.582,0.0,130.5745
2013-05-31 02:00:00,131.88,132.086,130.277,130.582,246517.57,130.5745
2013-05-30 02:00:00,130.704,131.955,130.206,131.88,266267.2,131.8715
2013-05-29 02:00:00,131.688,131.716,130.403,130.701,261089.77,130.695
2013-05-28 02:00:00,130.799,132.173,130.773,131.691,232828.9,131.683
2013-05-27 02:00:00,130.799,130.924,130.278,130.799,137909.85,130.79
2013-05-26 02:00:00,130.779,131.073,130.642,130.799,12497.27,130.788
2013-05-25 02:00:00,131.004,131.004,131.004,131.004,0.0,130.9975
2013-05-24 02:00:00,132.367,132.579,130.104,131.004,263716.62,130.9975
2013-05-23 02:00:00,132.519,132.878,129.979,132.367,321119.66,132.3615
2013-05-22 02:00:00,132.35,133.814,131.975,132.521,247069.95,132.515
2013-05-21 02:00:00,131.695,132.414,131.688,132.35,187752.61,132.3435
2013-05-20 02:00:00,131.814,132.139,131.568,131.694,172144.08,131.688
2013-05-19 02:00:00,131.96,132.22,131.008,131.819,13806.14,131.812
2013-05-18 02:00:00,132.539,132.539,132.539,132.539,0.0,132.533
2013-05-17 02:00:00,131.592,132.579,131.3,132.539,185024.08,132.533
2013-05-16 02:00:00,131.719,132.214,131.295,131.592,215996.24,131.583
2013-05-15 02:00:00,132.208,132.45,131.197,131.722,211144.75,131.717
2013-05-14 02:00:00,132.059,132.778,131.541,132.206,223299.42,132.2
2013-05-13 02:00:00,132.199,132.329,131.588,132.061,186999.24,132.052
2013-05-12 02:00:00,132.177,132.412,131.993,132.199,14001.1,132.1915
2013-05-11 02:00:00,132.041,132.041,132.041,132.041,0.0,131.996
2013-05-10 02:00:00,131.416,132.263,131.306,132.041,228948.56,131.996
2013-05-09 02:00:00,130.141,131.778,129.601,131.406,212093.43,131.3965
2013-05-08 02:00:00,129.18,130.43,129.166,130.141,176165.43,130.136
2013-05-07 02:00:00,129.904,130.375,128.998,129.18,177192.99,129.1725
2013-05-06 02:00:00,130.061,130.42,129.619,129.908,119048.43,129.9015
2013-05-05 02:00:00,130.197,130.218,129.983,130.061,7651.73,130.054
2013-05-04 02:00:00,129.845,129.845,129.845,129.845,0.0,129.839
2013-05-03 02:00:00,127.984,130.349,127.962,129.845,165797.52,129.839
2013-05-02 02:00:00,128.034,129.924,127.518,127.982,219582.05,127.975
2013-05-01 02:00:00,128.102,128.933,127.863,128.034,178692.61,128.0285
2013-04-30 02:00:00,128.185,128.527,127.218,128.1,221816.34,128.0935
2013-04-29 02:00:00,127.627,128.605,127.065,128.185,200840.61,128.1775
2013-04-28 02:00:00,127.83,128.065,127.535,127.629,11701.81,127.6215
2013-04-27 02:00:00,127.763,127.763,127.763,127.763,0.0,127.7165
2013-04-26 02:00:00,129.194,129.398,127.151,127.763,257253.42,127.7165
2013-04-25 02:00:00,129.427,129.909,129.038,129.195,235734.94,129.1855
2013-04-24 02:00:00,129.501,129.804,128.822,129.424,235557.84,129.417
2013-04-23 02:00:00,129.555,129.695,127.873,129.502,280543.33,129.4945
2013-04-22 02:00:00,130.344,130.68,128.923,129.556,239377.87,129.5485
2013-04-21 02:00:00,130.559,130.575,130.251,130.345,13686.18,130.3385
2013-04-20 02:00:00,129.939,129.939,129.939,129.939,0.0,129.8955
2013-04-19 02:00:00,128.21,130.264,128.068,129.939,253672.36,129.8955
2013-04-18 02:00:00,127.828,128.799,127.17,128.212,284344.74,128.204
2013-04-17 02:00:00,128.655,129.752,126.443,127.829,309434.66,127.8205
2013-04-16 02:00:00,126.372,129.046,126.02,128.651,306853.0,128.6435
2013-04-15 02:00:00,128.938,129.329,124.994,126.374,322751.42,126.364
2013-04-14 02:00:00,128.854,129.25,128.754,128.939,17276.77,128.9315
2013-04-13 02:00:00,129.048,129.048,129.048,129.048,0.0,129.0175
2013-04-12 02:00:00,130.695,130.774,128.629,129.048,232398.83,129.0175
2013-04-11 02:00:00,130.123,131.139,129.713,130.695,230025.38,130.6875
2013-04-10 02:00:00,129.481,130.563,129.464,130.123,218833.1,130.114
2013-04-09 02:00:00,129.434,130.104,128.449,129.48,230638.19,129.471
2013-04-08 02:00:00,128.365,129.768,127.728,129.434,241362.76,129.4245
2013-04-07 02:00:00,127.466,128.454,127.436,128.363,25201.5,128.349
2013-04-06 02:00:00,126.809,126.809,126.809,126.809,0.0,126.7595
2013-04-05 02:00:00,124.646,127.3,123.881,126.809,268950.02,126.7595
2013-04-04 02:00:00,119.335,124.712,119.169,124.644,266226.57,124.6375
2013-04-03 02:00:00,119.672,120.189,119.121,119.335,183113.45,119.324
2013-04-02 02:00:00,119.744,120.161,119.154,119.672,197772.8,119.6635
2013-04-01 02:00:00,120.73,120.828,119.517,119.745,142903.75,119.7355
2013-03-31 01:00:00,120.767,120.892,120.668,120.729,7479.82,120.7195
2013-03-30 01:00:00,120.774,120.774,120.774,120.774,0.0,120.763
2013-03-29 01:00:00,120.687,120.865,120.312,120.774,108596.97,120.763
2013-03-28 01:00:00,120.503,120.958,119.759,120.687,208872.14,120.676
2013-03-27 01:00:00,121.706,121.881,119.962,120.501,213170.8,120.493
2013-03-26 01:00:00,120.794,121.833,120.738,121.705,210539.35,121.697
2013-03-25 01:00:00,123.493,123.863,120.1,120.797,245563.32,120.7885
2013-03-24 01:00:00,122.294,123.769,122.231,123.496,19404.91,123.487
2013-03-23 01:00:00,122.813,122.813,122.813,122.813,0.0,122.7695
2013-03-22 01:00:00,122.487,123.472,121.483,122.813,219077.39,122.7695
2013-03-21 01:00:00,124.15,124.387,122.055,122.486,258354.94,122.4775
2013-03-20 01:00:00,122.3,124.513,122.039,124.148,223937.29,124.1395
2013-03-19 01:00:00,123.446,124.14,121.842,122.3,246270.94,122.2925
2013-03-18 01:00:00,122.35,123.964,121.651,123.443,244390.5,123.4345
2013-03-17 01:00:00,121.789,122.721,121.627,122.344,33378.57,122.338
2013-03-16 01:00:00,124.618,124.618,124.618,124.618,0.0,124.598
2013-03-15 01:00:00,124.855,125.8,124.22,124.618,214996.26,124.598
2013-03-14 01:00:00,124.451,125.251,124.064,124.857,229129.59,124.849
2013-03-13 01:00:00,124.895,125.233,124.19,124.45,237773.24,124.44
2013-03-12 01:00:00,125.953,125.993,124.397,124.897,236604.84,124.8875
2013-03-11 01:00:00,124.934,126.05,124.653,125.95,180603.06,125.941
2013-03-10 01:00:00,124.683,125.041,124.667,124.936,14019.03,124.929
2013-03-09 01:00:00,124.887,124.887,124.887,124.887,0.0,124.854
2013-03-08 01:00:00,124.403,125.994,123.816,124.887,226600.61,124.854
2013-03-07 01:00:00,121.914,124.67,121.861,124.404,225617.52,124.396
2013-03-06 01:00:00,121.731,122.289,121.506,121.915,185675.54,121.9075
2013-03-05 01:00:00,121.771,121.899,121.148,121.732,186080.46,121.7225
2013-03-04 01:00:00,121.768,121.993,121.136,121.771,184761.4,121.7625
2013-03-03 01:00:00,121.779,121.999,121.451,121.771,9741.6,121.7615
2013-03-02 01:00:00,121.942,121.942,121.942,121.942,0.0,121.9055
2013-03-01 01:00:00,120.929,122.176,120.364,121.942,219143.96,121.9055
2013-02-28 01:00:00,121.457,121.835,120.531,120.93,235959.55,120.9215
2013-02-27 01:00:00,120.233,121.537,119.225,121.461,242421.56,121.4545
2013-02-26 01:00:00,120.892,121.111,118.984,120.145,76254.32,120.1325
2013-02-25 01:00:00,124.318,125.2,118.754,120.987,165157.41,120.979
2013-02-24 01:00:00,124.977,125.003,124.146,124.318,20551.05,124.312
2013-02-23 01:00:00,123.254,123.254,123.254,123.254,0.0,123.2215
2013-02-22 01:00:00,122.893,123.791,122.57,123.254,208668.91,123.2215
2013-02-21 01:00:00,124.338,124.716,122.267,122.893,249915.28,122.885
2013-02-20 01:00:00,125.534,125.91,124.185,124.344,224897.78,124.3365
2013-02-19 01:00:00,124.971,125.68,124.563,125.536,210234.97,125.529
2013-02-18 01:00:00,125.081,125.904,124.896,124.971,185375.5,124.9635
2013-02-17 01:00:00,125.165,125.48,125.016,125.084,10252.58,125.076
2013-02-16 01:00:00,124.999,124.999,124.999,124.999,0.0,124.954
2013-02-15 01:00:00,124.095,125.291,122.905,124.999,276190.73,124.954
2013-02-14 01:00:00,125.366,125.977,123.823,124.103,246856.65,124.094
2013-02-13 01:00:00,125.547,126.576,124.783,125.367,230840.96,125.359
2013-02-12 01:00:00,126.244,126.955,125.008,125.548,250777.66,125.5385
2013-02-11 01:00:00,123.715,126.662,123.624,126.245,229251.72,126.2375
2013-02-10 01:00:00,123.935,123.939,123.529,123.715,10656.51,123.7055
2013-02-09 01:00:00,123.939,123.939,123.939,123.939,0.0,123.889
2013-02-08 01:00:00,125.29,125.581,123.437,123.939,252839.88,123.889
2013-02-07 01:00:00,126.347,127.475,124.498,125.29,286439.74,125.282
2013-02-06 01:00:00,127.123,127.717,125.936,126.347,273903.15,126.3385
2013-02-05 01:00:00,124.524,127.438,124.028,127.123,272627.7,127.116
2013-02-04 01:00:00,126.583,126.718,124.204,124.521,230600.76,124.514
2013-02-03 01:00:00,126.682,126.878,126.585,126.585,7412.26,126.575
2013-02-02 01:00:00,126.656,126.656,126.656,126.656,0.0,126.6325
2013-02-01 01:00:00,124.847,126.978,124.679,126.656,271787.52,126.6325
2013-01-31 01:00:00,123.488,124.945,122.99,124.847,238657.71,124.8405
2013-01-30 01:00:00,122.451,123.873,122.412,123.496,235409.35,123.487
2013-01-29 01:00:00,121.631,122.58,121.226,122.453,243493.36,122.4455
2013-01-28 01:00:00,122.791,122.791,121.565,121.631,215968.26,121.6235
2013-01-27 01:00:00,122.619,122.915,122.51,122.792,9951.3,122.784
2013-01-26 01:00:00,122.393,122.393,122.393,122.393,0.0,122.376
2013-01-25 01:00:00,121.051,122.783,120.673,122.393,234414.79,122.376
2013-01-24 01:00:00,117.883,121.315,117.593,121.05,253186.44,121.04
2013-01-23 01:00:00,117.856,118.343,117.063,117.883,227070.8,117.875
2013-01-22 01:00:00,119.3,120.171,117.341,117.856,278487.35,117.8465
2013-01-21 01:00:00,120.115,120.116,118.886,119.303,175494.01,119.295
2013-01-20 01:00:00,119.93,120.264,119.921,120.115,7871.68,120.107
2013-01-19 01:00:00,120.005,120.005,120.005,120.005,0.0,119.9975
2013-01-18 01:00:00,120.131,120.73,119.359,120.005,242654.16,119.9975
2013-01-17 01:00:00,117.808,120.607,117.02,120.133,279803.43,120.126
2013-01-16 01:00:00,118.143,118.2,116.479,117.808,261968.51,117.8
2013-01-15 01:00:00,119.672,119.991,117.607,118.143,276971.05,118.1355
2013-01-14 01:00:00,119.569,120.138,118.892,119.678,214532.14,119.6695
2013-01-13 01:00:00,119.337,119.875,119.208,119.569,13635.21,119.5605
2013-01-12 01:00:00,119.015,119.015,119.015,119.015,0.0,118.991
2013-01-11 01:00:00,118.544,119.354,117.64,119.015,241631.32,118.991
2013-01-10 01:00:00,115.037,118.599,114.835,118.545,229446.37,118.536
2013-01-09 01:00:00,113.724,115.144,113.705,115.037,197722.91,115.029
2013-01-08 01:00:00,114.538,115.252,113.567,113.724,198159.69,113.716
2013-01-07 01:00:00,115.286,115.29,114.121,114.538,198381.64,114.529
2013-01-06 01:00:00,115.26,115.568,115.244,115.287,9031.17,115.28
2013-01-05 01:00:00,115.221,115.221,115.221,115.221,0.0,115.205
2013-01-04 01:00:00,114.257,115.421,114.119,115.221,202315.8,115.205
2013-01-03 01:00:00,115.082,115.122,113.661,114.259,188862.25,114.2495
2013-01-02 01:00:00,114.325,116.007,114.192,115.079,203088.86,115.0675
2013-01-01 01:00:00,114.517,114.809,114.292,114.324,13975.97,114.314
2012-12-31 01:00:00,113.726,114.56,113.459,114.536,135279.53,114.52
2012-12-30 01:00:00,113.441,113.779,113.233,113.726,8300.93,113.7165
2012-12-29 01:00:00,113.52,113.52,113.52,113.52,0.0,113.504
2012-12-28 01:00:00,114.61,114.685,113.309,113.52,172595.39,113.504
2012-12-27 01:00:00,113.381,114.71,113.315,114.609,162687.75,114.5975
2012-12-26 01:00:00,112.075,113.399,112.072,113.381,148802.74,113.3725
2012-12-25 01:00:00,111.846,112.1,111.575,112.075,84778.97,112.066
2012-12-24 01:00:00,111.278,112.022,111.133,111.843,105517.48,111.8225
2012-12-23 01:00:00,111.203,111.369,111.124,111.278,6403.36,111.2685
2012-12-22 01:00:00,111.114,111.114,111.114,111.114,0.0,111.094
2012-12-21 01:00:00,111.769,111.787,110.635,111.114,186907.76,111.094
2012-12-20 01:00:00,111.311,112.159,110.739,111.766,183186.03,111.7605
2012-12-19 01:00:00,111.602,112.505,110.823,111.311,187842.57,111.3035
2012-12-18 01:00:00,110.461,111.631,110.383,111.603,153770.69,111.5955
2012-12-17 01:00:00,110.806,110.813,109.94,110.462,153422.78,110.4545
2012-12-16 01:00:00,111.09,111.228,110.575,110.804,15769.35,110.795
2012-12-15 01:00:00,109.93,109.93,109.93,109.93,0.0,109.9205
2012-12-14 01:00:00,109.429,109.988,109.057,109.93,168862.49,109.9205
2012-12-13 01:00:00,108.745,109.546,108.65,109.429,172598.14,109.4215
2012-12-12 01:00:00,107.393,109.046,107.273,108.744,152460.59,108.7355
2012-12-11 01:00:00,106.565,107.462,106.486,107.391,130734.42,107.3835
2012-12-10 01:00:00,106.574,106.655,105.983,106.565,124222.45,106.5565
2012-12-09 01:00:00,106.376,106.641,106.376,106.572,7634.47,106.5645
2012-12-08 01:00:00,106.679,106.679,106.679,106.679,0.0,106.651
2012-12-07 01:00:00,106.876,107.09,106.135,106.679,145937.97,106.651
2012-12-06 01:00:00,107.777,107.9,106.614,106.877,162450.7,106.869
2012-12-05 01:00:00,107.211,107.969,107.146,107.775,165916.6,107.768
2012-12-04 01:00:00,107.33,107.407,106.939,107.21,148081.86,107.202
2012-12-03 01:00:00,107.192,107.593,106.864,107.33,152246.69,107.322
2012-12-02 01:00:00,106.972,107.237,106.972,107.192,6562.54,107.184
2012-12-01 01:00:00,107.115,107.115,107.115,107.115,0.0,107.099
2012-11-30 01:00:00,106.567,107.681,106.449,107.115,183026.86,107.099
2012-11-29 01:00:00,106.41,106.821,106.163,106.567,156730.94,106.559
2012-11-28 01:00:00,106.214,106.473,105.288,106.411,177265.01,106.4035
2012-11-27 01:00:00,106.357,106.972,106.127,106.214,166662.96,106.208
2012-11-26 01:00:00,107.117,107.144,106.097,106.356,151474.85,106.349
2012-11-25 01:00:00,106.801,107.117,106.791,107.117,5495.45,107.11
2012-11-24 01:00:00,106.946,106.946,106.946,106.946,0.0,106.9155
2012-11-23 01:00:00,106.05,106.986,105.728,106.946,134277.36,106.9155
2012-11-22 01:00:00,106.232,106.587,105.726,106.05,143830.94,106.0425
2012-11-21 01:00:00,104.735,106.273,104.109,106.235,180728.24,106.2265
2012-11-20 01:00:00,103.889,104.791,103.681,104.735,170157.94,104.7265
2012-11-19 01:00:00,104.07,104.34,103.526,103.889,162666.76,103.881
2012-11-18 01:00:00,103.778,104.075,103.637,104.066,8142.15,104.0565
2012-11-17 01:00:00,103.622,103.622,103.622,103.622,0.0,103.6045
2012-11-16 01:00:00,103.698,103.902,103.053,103.622,173116.67,103.6045
2012-11-15 01:00:00,102.1,103.994,102.015,103.698,192392.1,103.691
2012-11-14 01:00:00,101.004,102.411,100.89,102.099,183986.87,102.0915
2012-11-13 01:00:00,101.161,101.256,100.335,101.004,172828.34,100.9955
2012-11-12 01:00:00,101.09,101.302,100.882,101.161,111866.54,101.1535
2012-11-11 01:00:00,101.07,101.233,100.989,101.094,5861.11,101.0865
2012-11-10 01:00:00,101.101,101.101,101.101,101.101,0.0,101.055
2012-11-09 01:00:00,101.292,101.756,100.434,101.101,198739.84,101.055
2012-11-08 01:00:00,102.036,102.146,101.032,101.292,187543.38,101.2845
2012-11-07 01:00:00,102.823,103.425,101.81,102.04,226241.71,102.0325
2012-11-06 01:00:00,102.618,103.161,102.192,102.823,150895.78,102.8155
2012-11-05 01:00:00,103.25,103.35,102.454,102.617,143091.68,102.6095
2012-11-04 01:00:00,103.114,103.325,103.101,103.25,6445.62,103.2405
2012-10-27 02:00:00,103.093,103.093,103.093,103.093,0.0,103.0555
2012-10-26 02:00:00,103.808,103.939,102.694,103.093,174159.2,103.0555
2012-10-25 02:00:00,103.535,104.432,103.524,103.809,176412.67,103.801
2012-10-24 02:00:00,103.567,103.835,102.998,103.535,162419.0,103.5275
2012-10-23 02:00:00,104.557,104.557,103.292,103.57,166131.48,103.562
2012-10-22 02:00:00,103.222,104.602,103.154,104.558,153987.87,104.55
2012-10-21 02:00:00,103.241,103.332,103.148,103.222,6330.45,103.214
2012-10-20 02:00:00,103.369,103.369,103.369,103.369,0.0,103.322
2012-10-19 02:00:00,103.671,103.811,103.148,103.369,128697.21,103.322
2012-10-18 02:00:00,103.678,104.152,103.307,103.67,171595.25,103.6625
2012-10-17 02:00:00,103.36,103.754,102.923,103.678,169587.18,103.67
2012-10-16 02:00:00,102.184,103.529,102.062,103.36,168261.19,103.352
2012-10-15 02:00:00,101.516,102.296,101.044,102.184,140504.7,102.177
2012-10-14 02:00:00,101.635,101.696,101.481,101.516,6151.63,101.5065
2012-10-13 02:00:00,101.619,101.619,101.619,101.619,0.0,101.6055
2012-10-12 02:00:00,101.412,101.922,101.251,101.619,132966.71,101.6055
2012-10-11 02:00:00,100.414,101.723,100.16,101.413,153924.43,101.4065
2012-10-10 02:00:00,100.615,101.17,100.279,100.416,149284.08,100.4075
2012-10-09 02:00:00,101.593,101.854,100.476,100.619,154277.22,100.6105
2012-10-08 02:00:00,102.454,102.456,101.134,101.593,114379.62,101.588
2012-10-07 02:00:00,102.471,102.517,102.416,102.452,5942.23,102.4445
2012-10-06 02:00:00,102.637,102.637,102.637,102.637,0.0,102.591
2012-10-05 02:00:00,102.175,102.81,101.87,102.637,140785.94,102.591
2012-10-04 02:00:00,101.383,102.26,101.318,102.18,161376.39,102.173
2012-10-03 02:00:00,101.002,101.481,100.728,101.385,153312.29,101.3775
2012-10-02 02:00:00,100.599,101.204,100.492,101.002,150673.92,100.9945
2012-10-01 02:00:00,99.855,101.034,99.801,100.598,150445.96,100.59
2012-09-30 02:00:00,100.185,100.237,99.834,99.855,9553.98,99.8475
2012-09-29 02:00:00,100.278,100.278,100.278,100.278,0.0,100.2475
2012-09-28 02:00:00,100.233,100.682,99.934,100.278,169449.5,100.2475
2012-09-27 02:00:00,100.055,100.368,99.651,100.231,155465.21,100.2235
2012-09-26 02:00:00,100.288,100.476,99.723,100.062,156299.09,100.0545
2012-09-25 02:00:00,100.78,101.056,100.166,100.287,162469.12,100.2795
2012-09-24 02:00:00,101.319,101.42,100.362,100.78,147918.95,100.773
2012-09-23 02:00:00,101.454,101.59,101.259,101.316,7084.25,101.3085
2012-09-22 02:00:00,101.467,101.467,101.467,101.467,0.0,101.4195
2012-09-21 02:00:00,101.48,102.112,101.264,101.467,174544.56,101.4195
2012-09-20 02:00:00,102.374,102.41,100.951,101.479,210146.54,101.47
2012-09-19 02:00:00,102.772,103.642,102.117,102.373,221701.11,102.365
2012-09-18 02:00:00,103.139,103.228,102.411,102.774,192870.83,102.7665
2012-09-17 02:00:00,102.745,103.868,102.586,103.139,171787.98,103.1305
2012-09-16 02:00:00,102.764,102.97,102.686,102.747,8842.79,102.7385
2012-09-15 02:00:00,102.969,102.969,102.969,102.969,0.0,102.934
2012-09-14 02:00:00,100.904,103.028,100.757,102.969,211079.85,102.934
2012-09-13 02:00:00,100.422,100.915,99.554,100.904,192876.7,100.8965
2012-09-12 02:00:00,99.95,100.651,99.776,100.422,194838.01,100.415
2012-09-11 02:00:00,99.853,100.252,99.533,99.95,183845.58,99.943
2012-09-10 02:00:00,100.114,100.241,99.835,99.853,149290.12,99.845
2012-09-09 02:00:00,100.268,100.286,100.052,100.114,6445.85,100.105
2012-09-08 02:00:00,100.302,100.302,100.302,100.302,0.0,100.255
2012-09-07 02:00:00,99.657,100.439,99.615,100.302,190663.71,100.255
2012-09-06 02:00:00,98.828,99.813,98.795,99.657,199436.2,99.6495
2012-09-05 02:00:00,98.373,98.923,97.996,98.828,182387.08,98.82
2012-09-04 02:00:00,98.611,99.027,98.296,98.373,162471.07,98.3655
2012-09-03 02:00:00,98.468,98.704,98.228,98.611,121283.39,98.6035
2012-09-02 02:00:00,98.515,98.617,98.417,98.467,5916.25,98.4575
2012-09-01 02:00:00,98.625,98.625,98.625,98.625,0.0,98.6075
2012-08-31 02:00:00,98.256,99.035,97.99,98.625,181326.09,98.6075
2012-08-30 02:00:00,98.664,98.798,98.05,98.257,153170.34,98.2495
2012-08-29 02:00:00,98.787,98.835,98.388,98.664,151155.49,98.6555
2012-08-28 02:00:00,98.468,98.838,97.903,98.787,162065.94,98.7785
2012-08-27 02:00:00,98.49,98.72,98.328,98.468,106745.17,98.46
2012-08-26 02:00:00,98.502,98.623,98.409,98.489,7208.94,98.4805
2012-08-25 02:00:00,98.466,98.466,98.466,98.466,0.0,98.4315
2012-08-24 02:00:00,98.718,98.837,97.986,98.466,156263.01,98.4315
2012-08-23 02:00:00,98.454,98.823,98.287,98.718,191534.72,98.7095
2012-08-22 02:00:00,98.889,99.029,98.105,98.457,173464.46,98.449
2012-08-21 02:00:00,98.01,99.191,97.969,98.889,171766.27,98.8805
2012-08-20 02:00:00,98.084,98.364,97.742,98.01,135456.75,98.002
2012-08-19 02:00:00,98.297,98.311,98.014,98.082,7414.16735,98.075
2012-08-18 02:00:00,98.161,98.161,98.161,98.161,0.0,98.13
2012-08-17 02:00:00,97.962,98.415,97.728,98.161,141723.74,98.13
2012-08-16 02:00:00,97.101,98.19,97.087,97.959,165731.69,97.9515
2012-08-15 02:00:00,97.158,97.435,96.54,97.101,145126.16,97.0925
2012-08-14 02:00:00,96.574,97.476,96.555,97.158,160872.05,97.1495
2012-08-13 02:00:00,96.069,96.92,95.952,96.574,135987.44,96.567
2012-08-12 02:00:00,96.146,96.238,96.063,96.068,4694.42,96.0605
2012-08-11 02:00:00,96.215,96.215,96.215,96.215,0.0,96.1795
2012-08-10 02:00:00,96.622,96.708,95.728,96.215,150720.64,96.1795
2012-08-09 02:00:00,97.024,97.293,96.338,96.621,177348.72,96.615
2012-08-08 02:00:00,97.367,97.429,96.587,97.027,166279.55,97.0185
2012-08-07 02:00:00,96.904,97.824,96.843,97.365,161144.48,97.3575
2012-08-06 02:00:00,97.706,97.71,96.704,96.903,153261.3,96.895
2012-08-05 02:00:00,97.499,97.81,97.264,97.706,12365.03,97.698
2012-08-04 02:00:00,97.22,97.22,97.22,97.22,0.0,97.1915
2012-08-03 02:00:00,95.28,97.406,95.038,97.22,181827.29,97.1915
2012-08-02 02:00:00,95.944,97.007,94.929,95.28,188813.32,95.2715
2012-08-01 02:00:00,96.05,96.468,95.712,95.941,178448.13,95.9335
2012-07-31 02:00:00,95.794,96.292,95.773,96.051,199849.35,96.043
2012-07-30 02:00:00,96.591,96.632,95.543,95.794,193511.05,95.787
2012-07-29 02:00:00,96.499,96.671,96.483,96.589,8741.15,96.5815
2012-07-28 02:00:00,96.691,96.691,96.691,96.691,0.0,96.6625
2012-07-27 02:00:00,96.17,97.345,95.655,96.691,226902.22,96.6625
2012-07-26 02:00:00,94.827,96.439,94.675,96.171,220450.65844,96.163
2012-07-25 02:00:00,94.237,95.215,94.148,94.831,225577.41,94.823
2012-07-24 02:00:00,94.93,95.026,94.125,94.235,220817.45,94.227
2012-07-23 02:00:00,95.177,95.238,94.248,94.933,230668.46,94.9255
2012-07-22 02:00:00,95.138,95.282,95.032,95.177,12929.2,95.169
2012-07-21 02:00:00,95.465,95.465,95.465,95.465,0.0,95.4205
2012-07-20 02:00:00,96.68,96.687,95.357,95.465,194554.94,95.4205
2012-07-19 02:00:00,96.752,96.829,96.143,96.68,206353.5,96.6725
2012-07-18 02:00:00,97.246,97.317,96.482,96.752,200504.5,96.7445
2012-07-17 02:00:00,96.711,97.386,96.418,97.247,206081.08,97.24
2012-07-16 02:00:00,96.983,96.996,96.18,96.712,162758.87,96.704
2012-07-15 02:00:00,97.275,97.298,96.953,96.983,8645.74,96.9755
2012-07-14 02:00:00,97.038,97.038,97.038,97.038,0.0,96.992
2012-07-13 02:00:00,96.697,97.113,96.446,97.038,173710.25,96.992
2012-07-12 02:00:00,97.486,97.882,96.435,96.697,214823.32,96.69
2012-07-11 02:00:00,97.265,97.746,97.008,97.486,208073.05,97.4785
2012-07-10 02:00:00,98.017,98.035,97.225,97.265,202424.76,97.259
2012-07-09 02:00:00,97.562,98.144,97.529,98.016,178666.6,98.0085
2012-07-08 02:00:00,97.705,97.876,97.494,97.562,15540.81,97.553
2012-07-07 02:00:00,97.908,97.908,97.908,97.908,0.0,97.8785
2012-07-06 02:00:00,98.985,99.113,97.646,97.908,204147.56,97.8785
2012-07-05 02:00:00,100.075,100.352,98.8,98.984,227626.74,98.9775
2012-07-04 02:00:00,100.662,100.666,99.805,100.073,150421.43,100.0655
2012-07-03 02:00:00,99.965,100.837,99.933,100.661,177889.63,100.654
2012-07-02 02:00:00,101.051,101.076,99.767,99.963,194272.8,99.955
2012-07-01 02:00:00,101.263,101.325,101.023,101.05,14105.63,101.041
2012-06-30 02:00:00,101.099,101.099,101.099,101.099,0.0,101.082
2012-06-29 02:00:00,98.674,101.404,98.548,101.099,238733.59,101.082
2012-06-28 02:00:00,99.364,99.484,98.338,98.674,211644.23,98.6665
2012-06-27 02:00:00,99.223,99.62,99.083,99.361,186730.45,99.3525
2012-06-26 02:00:00,99.607,99.897,98.756,99.223,217443.99,99.2155
2012-06-25 02:00:00,101.033,101.037,99.17,99.607,200403.7,99.601
2012-06-24 02:00:00,100.962,101.124,100.932,101.03,7681.96,101.0225
2012-06-23 02:00:00,101.157,101.157,101.157,101.157,0.0,101.1135
2012-06-22 02:00:00,100.475,101.24,100.471,101.157,198422.17,101.1135
2012-06-21 02:00:00,100.742,101.638,100.392,100.475,246374.06,100.466
2012-06-20 02:00:00,100.253,101.417,99.838,100.742,222095.76,100.7345
2012-06-19 02:00:00,99.553,100.495,99.193,100.254,223450.5,100.2455
2012-06-18 02:00:00,100.471,100.833,99.129,99.553,226865.12,99.5445
2012-06-17 02:00:00,100.1,100.869,100.074,100.471,18455.08,100.461
2012-06-16 02:00:00,99.517,99.517,99.517,99.517,0.0,99.473
2012-06-15 02:00:00,100.294,100.365,99.091,99.517,214532.65,99.473
2012-06-14 02:00:00,99.828,100.353,99.478,100.294,223120.3,100.286
2012-06-13 02:00:00,99.44,100.109,99.303,99.831,238026.66667,99.822
2012-06-12 02:00:00,98.973,99.799,98.782,99.42,251164.03746,99.415
2012-06-11 02:00:00,100.612,100.785,98.725,98.973,254465.71,98.964
2012-06-10 02:00:00,100.675,100.932,100.356,100.613,22997.84,100.6055
2012-06-09 02:00:00,99.508,99.508,99.508,99.508,0.0,99.481
2012-06-08 02:00:00,100.182,100.208,98.552,99.508,238086.65,99.481
2012-06-07 02:00:00,99.729,100.638,99.419,100.182,254786.44,100.173
2012-06-06 02:00:00,98.137,99.873,97.933,99.73,266355.91,99.722
2012-06-05 02:00:00,98.166,98.351,97.054,98.137,232195.96,98.128
2012-06-04 02:00:00,96.809,98.169,96.776,98.165,215109.48,98.1555
2012-06-03 02:00:00,96.999,97.253,96.808,96.808,15299.36,96.8
2012-06-02 02:00:00,97.049,97.049,97.049,97.049,0.0,97.0065
2012-06-01 02:00:00,97.12,97.428,95.607,97.049,254663.55,97.0065
2012-05-31 02:00:00,97.733,98.038,96.522,97.12,263254.59,97.1105
2012-05-30 02:00:00,99.242,99.309,97.729,97.733,262146.95,97.7245
2012-05-29 02:00:00,99.654,99.951,98.949,99.242,232712.25,99.2325
2012-05-28 02:00:00,100.048,100.234,99.516,99.655,159975.09,99.646
2012-05-27 02:00:00,100.252,100.263,100.002,100.047,12856.16,100.0375
2012-05-26 02:00:00,99.771,99.771,99.771,99.771,0.0,99.741
2012-05-25 02:00:00,99.879,100.339,99.484,99.771,207812.44,99.741
2012-05-24 02:00:00,99.81,100.279,99.371,99.879,262960.41,99.87
2012-05-23 02:00:00,101.314,101.425,99.545,99.81,282577.27,99.801
2012-05-22 02:00:00,101.759,102.132,101.134,101.315,244699.87,101.306
2012-05-21 02:00:00,101.138,101.777,100.946,101.76,227160.64,101.7505
2012-05-20 02:00:00,101.039,101.309,100.876,101.14,13236.89,101.1315
2012-05-19 02:00:00,101.021,101.021,101.021,101.021,0.0,100.9785
2012-05-18 02:00:00,100.856,101.111,100.219,101.021,241233.59,100.9785
2012-05-17 02:00:00,102.334,102.396,100.57,100.856,253900.6,100.8475
2012-05-16 02:00:00,102.287,102.722,101.921,102.331,254473.4,102.3235
2012-05-15 02:00:00,102.484,102.881,102.059,102.289,231142.06,102.28
2012-05-14 02:00:00,103.228,103.382,102.235,102.484,211250.77,102.475
2012-05-13 02:00:00,103.235,103.272,102.999,103.228,13545.27,103.2195
2012-05-12 02:00:00,103.291,103.291,103.291,103.291,0.0,103.261
2012-05-11 02:00:00,103.327,103.606,102.979,103.291,190190.56,103.261
2012-05-10 02:00:00,103.121,103.785,102.962,103.327,206640.83,103.3175
2012-05-09 02:00:00,103.79,103.952,102.768,103.122,220973.77,103.113
2012-05-08 02:00:00,104.395,104.448,103.538,103.801,193022.98,103.7925
2012-05-07 02:00:00,103.473,104.456,103.473,104.398,178224.73,104.3895
2012-05-06 02:00:00,103.952,104.078,103.251,103.475,21908.51,103.464
2012-05-05 02:00:00,104.513,104.513,104.513,104.513,0.0,104.485
2012-05-04 02:00:00,105.546,105.57,104.405,104.513,148336.18,104.485
2012-05-03 02:00:00,105.371,106.133,105.322,105.546,151139.44,105.537
2012-05-02 02:00:00,106.214,106.554,105.138,105.371,178193.18,105.363
2012-05-01 02:00:00,105.836,106.22,105.55,106.211,134445.0,106.203
2012-04-30 02:00:00,106.408,106.411,105.47,105.836,152474.79,105.828
2012-04-29 02:00:00,106.283,106.449,106.252,106.407,5220.06,106.3985
2012-04-28 02:00:00,106.419,106.419,106.419,106.419,0.0,106.3975
2012-04-27 02:00:00,106.957,107.493,106.168,106.419,206948.32,106.3975
2012-04-26 02:00:00,107.607,107.664,106.497,106.959,205345.93,106.95
2012-04-25 02:00:00,107.426,107.663,107.128,107.607,201313.94,107.6
2012-04-24 02:00:00,106.644,107.471,106.322,107.424,183097.62,107.416
2012-04-23 02:00:00,107.784,107.786,106.331,106.64,188495.12,106.631
2012-04-22 02:00:00,107.488,107.819,107.483,107.782,7098.08,107.774
2012-04-21 02:00:00,107.841,107.841,107.841,107.841,0.0,107.8045
2012-04-20 02:00:00,107.298,108.013,107.115,107.841,177535.08,107.8045
2012-04-19 02:00:00,106.675,107.405,106.519,107.294,225108.21,107.287
2012-04-18 02:00:00,106.486,106.902,106.182,106.675,205774.09,106.666
2012-04-17 02:00:00,105.552,106.491,105.293,106.485,198040.95,106.477
2012-04-16 02:00:00,105.56,105.801,104.635,105.552,227617.49,105.5435
2012-04-15 02:00:00,105.662,105.83,105.537,105.557,10663.03,105.5475
2012-04-14 02:00:00,105.846,105.846,105.846,105.846,0.0,105.8265
2012-04-13 02:00:00,106.765,107.113,105.752,105.846,187226.25,105.8265
2012-04-12 02:00:00,106.271,106.814,106.075,106.765,206833.26,106.756
2012-04-11 02:00:00,105.476,106.7,105.463,106.271,213772.87,106.263
2012-04-10 02:00:00,107.037,107.481,105.474,105.482,250807.86,105.4735
2012-04-09 02:00:00,106.396,107.255,106.124,107.038,150928.9,107.029
2012-04-08 02:00:00,106.838,106.864,106.186,106.396,11538.93,106.385
2012-04-07 02:00:00,106.855,106.855,106.855,106.855,0.0,106.808
2012-04-06 02:00:00,107.405,107.85,106.553,106.855,99047.1,106.808
2012-04-05 02:00:00,108.365,108.404,106.903,107.405,201010.39,107.3955
2012-04-04 02:00:00,109.561,109.706,107.91,108.365,241499.84,108.358
2012-04-03 02:00:00,108.828,109.825,108.828,109.561,222433.24,109.5525
2012-04-02 02:00:00,110.713,111.15,108.703,108.824,216993.94,108.8145
2012-04-01 02:00:00,110.961,110.991,110.615,110.713,13172.61,110.7055
2012-03-31 02:00:00,110.59,110.59,110.59,110.59,0.0,110.5595
2012-03-30 02:00:00,109.578,110.626,109.047,110.59,199672.85,110.5595
2012-03-29 02:00:00,110.4,110.469,108.771,109.578,229080.46,109.569
2012-03-28 02:00:00,110.738,110.923,109.88,110.401,235050.24,110.3925
2012-03-27 02:00:00,110.902,111.267,110.362,110.738,212849.85,110.7295
2012-03-26 02:00:00,109.726,110.941,109.189,110.898,224641.06,110.892
2012-03-25 01:00:00,109.402,109.762,109.345,109.726,9159.03,109.7185
2012-03-24 01:00:00,109.322,109.322,109.322,109.322,0.0,109.2835
2012-03-23 01:00:00,108.984,109.839,108.595,109.322,213623.64,109.2835
2012-03-22 01:00:00,109.976,110.476,108.497,108.984,255485.64,108.976
2012-03-21 01:00:00,110.774,111.444,109.901,109.976,227903.82,109.968
2012-03-20 01:00:00,110.318,110.834,110.29,110.775,200001.25,110.767
2012-03-19 01:00:00,109.984,110.575,109.191,110.316,196447.03,110.308
2012-03-18 01:00:00,109.883,110.159,109.844,109.984,9561.65,109.976
2012-03-17 01:00:00,109.96,109.96,109.96,109.96,0.0,109.945
2012-03-16 01:00:00,109.196,110.0,109.022,109.96,206098.11,109.945
2012-03-15 01:00:00,109.172,109.646,108.598,109.196,243718.63,109.188
2012-03-14 01:00:00,108.511,109.383,108.388,109.174,229544.33,109.165
2012-03-13 01:00:00,108.495,108.735,107.9,108.511,241202.17,108.5025
2012-03-12 01:00:00,108.081,108.531,107.524,108.495,207132.43,108.4865
2012-03-11 01:00:00,108.159,108.308,108.047,108.081,9081.38,108.0725
2012-03-10 01:00:00,108.249,108.249,108.249,108.249,0.0,108.233
2012-03-09 01:00:00,108.301,108.656,107.704,108.249,219654.5,108.233
2012-03-08 01:00:00,106.919,108.471,106.667,108.301,221571.62,108.2935
2012-03-07 01:00:00,105.808,106.925,105.716,106.919,217435.83,106.911
2012-03-06 01:00:00,107.828,107.875,105.654,105.808,246306.07,105.8015
2012-03-05 01:00:00,107.628,108.024,106.927,107.825,222825.4,107.8195
2012-03-04 01:00:00,107.901,108.058,107.62,107.632,10264.76,107.6225
2012-03-03 01:00:00,107.996,107.996,107.996,107.996,0.0,107.975
2012-03-02 01:00:00,108.073,108.465,107.586,107.996,217705.14,107.975
2012-03-01 01:00:00,108.317,108.364,107.7,108.076,237460.34,108.068
2012-02-29 01:00:00,108.484,108.739,107.891,108.317,260887.97,108.309
2012-02-28 01:00:00,107.899,108.751,107.303,108.479,271436.35,108.4705
2012-02-27 01:00:00,109.739,109.746,107.204,107.9,255414.97,107.891
2012-02-26 01:00:00,109.446,109.979,109.384,109.742,15708.07,109.735
2012-02-25 01:00:00,109.199,109.199,109.199,109.199,0.0,109.1965
2012-02-24 01:00:00,106.924,109.276,106.885,109.199,204388.12,109.1965
2012-02-23 01:00:00,106.407,107.028,106.169,106.924,207354.54,106.916
2012-02-22 01:00:00,105.805,106.578,105.49,106.405,211352.3,106.398
2012-02-21 01:00:00,105.16,106.014,105.123,105.805,233211.74,105.798
2012-02-20 01:00:00,105.514,105.588,104.666,105.162,173073.33,105.1565
2012-02-19 01:00:00,104.936,105.762,104.868,105.512,15547.59,105.505
2012-02-18 01:00:00,104.553,104.553,104.553,104.553,0.0,104.531
2012-02-17 01:00:00,103.492,104.685,103.483,104.553,196102.57,104.531
2012-02-16 01:00:00,102.492,103.835,101.937,103.492,241739.36,103.485
2012-02-15 01:00:00,102.951,103.5,102.199,102.492,243654.33,102.485
2012-02-14 01:00:00,101.976,103.2,101.951,102.946,243338.93,102.9385
2012-02-13 01:00:00,102.898,103.194,101.829,101.978,212590.76,101.97
2012-02-12 01:00:00,102.464,102.945,102.46,102.9,14716.56,102.89
2012-02-11 01:00:00,102.426,102.426,102.426,102.426,0.0,102.412
2012-02-10 01:00:00,103.111,103.236,102.17,102.426,199943.27,102.412
2012-02-09 01:00:00,102.107,103.3,101.983,103.109,232221.19,103.101
2012-02-08 01:00:00,101.716,102.456,101.661,102.11,224738.88,102.102
2012-02-07 01:00:00,100.451,101.993,100.38,101.715,224978.72,101.708
2012-02-06 01:00:00,100.496,100.619,99.865,100.451,207213.91,100.444
2012-02-05 01:00:00,100.513,100.588,100.409,100.494,7035.7,100.487
2012-02-04 01:00:00,100.809,100.809,100.809,100.809,0.0,100.7955
2012-02-03 01:00:00,100.086,100.897,99.937,100.809,213398.53,100.7955
2012-02-02 01:00:00,100.357,100.471,99.629,100.089,225151.94,100.081
2012-02-01 01:00:00,99.742,100.706,99.257,100.357,252120.1,100.351
2012-01-31 01:00:00,100.352,100.894,99.551,99.743,256752.16,99.735
2012-01-30 01:00:00,101.363,101.385,100.0,100.352,216857.59,100.3445
2012-01-29 01:00:00,101.424,101.467,101.358,101.363,8775.1,101.357
2012-01-28 01:00:00,101.367,101.367,101.367,101.367,0.0,101.358
2012-01-27 01:00:00,101.395,101.552,100.606,101.367,231437.44,101.358
2012-01-26 01:00:00,101.945,102.218,101.396,101.396,226354.12,101.389
2012-01-25 01:00:00,101.275,101.988,100.983,101.945,248713.27,101.938
2012-01-24 01:00:00,100.303,101.315,100.035,101.272,214661.34,101.265
2012-01-23 01:00:00,99.207,100.5,99.145,100.301,201422.35,100.294
2012-01-22 01:00:00,99.136,99.262,99.125,99.21,9510.67,99.202
2012-01-21 01:00:00,99.61,99.61,99.61,99.61,0.0,99.588
2012-01-20 01:00:00,99.912,100.343,99.43,99.61,192059.07,99.588
2012-01-19 01:00:00,98.792,100.072,98.56,99.915,218389.33,99.9085
2012-01-18 01:00:00,97.926,98.891,97.697,98.794,225501.98,98.787
2012-01-17 01:00:00,97.317,98.333,97.312,97.928,214709.09,97.921
2012-01-16 01:00:00,97.306,97.405,97.047,97.322,181134.31,97.314
2012-01-15 01:00:00,97.431,97.458,97.183,97.306,10977.32,97.2985
2012-01-14 01:00:00,97.618,97.618,97.618,97.618,0.0,97.5975
2012-01-13 01:00:00,98.459,98.811,97.206,97.618,239019.19,97.5975
2012-01-12 01:00:00,97.806,98.57,97.677,98.462,219295.41,98.454
2012-01-11 01:00:00,98.035,98.391,97.44,97.806,221253.74,97.799
2012-01-10 01:00:00,98.197,98.47,97.975,98.035,219769.93,98.026
2012-01-09 01:00:00,97.557,98.262,97.557,98.197,219152.57,98.19
2012-01-08 01:00:00,97.66,97.762,97.289,97.557,10485.92,97.55
2012-01-07 01:00:00,97.923,97.923,97.923,97.923,0.0,97.9155
2012-01-06 01:00:00,98.726,98.861,97.89,97.923,180440.48,97.9155
2012-01-05 01:00:00,99.223,99.362,98.482,98.729,234197.68,98.721
2012-01-04 01:00:00,100.179,100.188,99.056,99.22,215420.03,99.213
2012-01-03 01:00:00,99.561,100.317,99.551,100.182,224958.9,100.174
2012-01-02 01:00:00,99.756,99.858,99.331,99.561,47059.21,99.55
2012-01-01 01:00:00,99.617,99.96,99.538,99.758,2459.92,99.736
2011-12-31 01:00:00,99.674,99.674,99.674,99.674,0.0,99.6295
2011-12-30 01:00:00,100.611,100.702,99.498,99.674,208895.4,99.6295
2011-12-29 01:00:00,100.754,100.792,100.059,100.612,209939.56,100.603
2011-12-28 01:00:00,101.785,101.802,100.727,100.754,193687.11,100.7435
2011-12-27 01:00:00,101.795,101.916,101.661,101.785,116238.07,101.776
2011-12-26 01:00:00,101.861,102.009,101.709,101.797,38390.16,101.7865
2011-12-25 01:00:00,101.865,101.922,101.725,101.861,2642.48,101.8495
2011-12-24 01:00:00,101.842,101.842,101.842,101.842,0.0,101.81
2011-12-23 01:00:00,102.052,102.221,101.742,101.842,146448.09,101.81
2011-12-22 01:00:00,101.797,102.369,101.739,102.052,166502.74,102.044
2011-12-21 01:00:00,101.897,102.539,101.458,101.797,215100.63,101.788
2011-12-20 01:00:00,101.477,102.186,101.387,101.898,189727.26,101.8915
2011-12-19 01:00:00,101.458,101.633,101.281,101.477,180709.57,101.47
2011-12-18 01:00:00,101.488,101.493,101.365,101.458,4510.29,101.451
2011-12-17 01:00:00,101.467,101.467,101.467,101.467,0.0,101.4575
2011-12-16 01:00:00,101.441,101.807,101.133,101.467,182318.72,101.4575
2011-12-15 01:00:00,101.451,101.62,101.052,101.441,200809.82,101.435
2011-12-14 01:00:00,101.51,101.834,101.105,101.45,223071.51,101.443
2011-12-13 01:00:00,102.631,102.993,101.477,101.512,232764.9,101.505
2011-12-12 01:00:00,103.791,103.881,102.617,102.632,217775.76,102.626
2011-12-11 01:00:00,104.002,104.002,103.705,103.79,5287.51,103.782
2011-12-10 01:00:00,103.886,103.886,103.886,103.886,0.0,103.876
2011-12-09 01:00:00,103.685,104.414,103.155,103.886,219613.54,103.876
2011-12-08 01:00:00,104.093,104.22,103.013,103.685,234571.13,103.678
2011-12-07 01:00:00,104.27,104.536,103.787,104.093,194255.92,104.086
2011-12-06 01:00:00,104.168,104.347,103.643,104.27,194898.76,104.262
2011-12-05 01:00:00,104.786,105.004,104.014,104.167,188719.12,104.1595
2011-12-04 01:00:00,104.821,104.821,104.546,104.786,7788.93,104.7725
2011-12-03 01:00:00,104.478,104.478,104.478,104.478,0.0,104.4465
2011-12-02 01:00:00,104.731,105.726,104.132,104.478,170142.73,104.4465
2011-12-01 01:00:00,104.319,105.079,104.214,104.732,189542.97,104.725
2011-11-30 01:00:00,103.894,104.74,103.347,104.319,214904.01,104.3095
2011-11-29 01:00:00,103.982,104.415,103.447,103.893,217746.85,103.885
2011-11-28 01:00:00,103.41,104.525,103.092,103.98,201472.59,103.972
2011-11-27 01:00:00,103.365,103.488,103.081,103.408,9811.87,103.4
2011-11-26 01:00:00,102.919,102.919,102.919,102.919,0.0,102.895
2011-11-25 01:00:00,102.895,103.261,102.499,102.919,159576.5,102.895
2011-11-24 01:00:00,103.124,103.466,102.716,102.895,157462.34,102.887
2011-11-23 01:00:00,104.077,104.141,103.072,103.13,186573.38,103.1225
2011-11-22 01:00:00,103.755,104.366,103.737,104.074,198893.98,104.067
2011-11-21 01:00:00,104.042,104.229,103.238,103.755,188842.44,103.748
2011-11-20 01:00:00,103.928,104.086,103.875,104.039,9781.62,104.0285
2011-11-19 01:00:00,104.0,104.0,104.0,104.0,0.0,103.983
2011-11-18 01:00:00,103.565,104.3,103.525,104.0,181818.45,103.983
2011-11-17 01:00:00,103.592,104.179,103.409,103.567,210644.94,103.56
2011-11-16 01:00:00,104.115,104.395,103.415,103.597,207494.07,103.589
2011-11-15 01:00:00,105.046,105.572,103.992,104.115,196852.46,104.107
2011-11-14 01:00:00,106.391,106.412,104.771,105.044,176669.59,105.037
2011-11-13 01:00:00,106.73,106.758,106.303,106.393,7128.6,106.386
2011-11-12 01:00:00,106.117,106.117,106.117,106.117,0.0,106.068
2011-11-11 01:00:00,105.709,106.386,105.375,106.117,155596.1,106.068
2011-11-10 01:00:00,105.211,105.991,104.742,105.709,197173.8,105.6995
2011-11-09 01:00:00,107.442,107.583,105.119,105.209,202276.7,105.2005
2011-11-08 01:00:00,107.444,107.653,107.124,107.44,174299.94,107.433
2011-11-07 01:00:00,107.777,107.852,106.86,107.446,181577.48,107.437
2011-11-06 01:00:00,108.149,108.158,107.687,107.775,8443.0,107.7635
2011-11-05 01:00:00,107.912,107.912,107.912,107.912,0.0,107.897
2011-11-04 01:00:00,107.91,108.272,107.226,107.912,172061.85,107.897
2011-11-03 01:00:00,106.98,108.076,106.591,107.912,200898.43,107.9025
2011-10-29 02:00:00,107.326,107.326,107.326,107.326,0.0,107.2775
2011-10-28 02:00:00,107.874,107.884,107.1,107.326,156267.97,107.2775
2011-10-27 02:00:00,105.782,108.15,105.779,107.873,206207.6,107.8645
2011-10-26 02:00:00,105.821,106.182,104.759,105.779,181984.07,105.772
2011-10-25 02:00:00,106.088,106.331,105.281,105.824,184589.19,105.813
2011-10-24 02:00:00,105.859,106.476,105.158,106.086,170760.93,106.077
2011-10-23 02:00:00,105.514,105.918,105.421,105.858,12785.27,105.849
2011-10-22 02:00:00,106.004,106.004,106.004,106.004,0.0,105.9745
2011-10-21 02:00:00,106.053,106.112,105.004,106.004,173971.59,105.9745
2011-10-20 02:00:00,105.796,106.311,104.893,106.057,205454.28,106.0485
2011-10-19 02:00:00,105.444,106.55,105.332,105.796,184535.05,105.787
2011-10-18 02:00:00,105.625,106.218,104.786,105.442,201668.98,105.434
2011-10-17 02:00:00,107.142,107.688,105.373,105.625,197162.59,105.616
2011-10-16 02:00:00,106.948,107.271,106.905,107.14,9777.96,107.1335
2011-10-15 02:00:00,107.238,107.238,107.238,107.238,0.0,107.1935
2011-10-14 02:00:00,105.771,107.458,105.606,107.238,168456.75,107.1935
2011-10-13 02:00:00,106.243,106.579,105.139,105.769,196139.18,105.761
2011-10-12 02:00:00,104.585,107.062,104.213,106.243,208899.88,106.235
2011-10-11 02:00:00,104.469,104.907,104.029,104.586,189243.54,104.5775
2011-10-10 02:00:00,102.926,105.0,102.854,104.47,165156.16,104.462
2011-10-09 02:00:00,102.873,102.969,102.752,102.923,7161.17,102.914
2011-10-08 02:00:00,102.691,102.691,102.691,102.691,0.0,102.655
2011-10-07 02:00:00,102.96,103.875,102.607,102.691,169256.77,102.655
2011-10-06 02:00:00,102.508,103.121,101.7,102.961,198776.99,102.9525
2011-10-05 02:00:00,102.328,102.737,101.628,102.51,202808.23,102.499
2011-10-04 02:00:00,101.07,102.803,100.809,102.328,230028.49,102.317
2011-10-03 02:00:00,103.131,103.219,100.774,101.068,226080.71,101.059
2011-10-02 02:00:00,102.881,103.252,102.82,103.128,10442.17,103.1165
2011-10-01 02:00:00,103.188,103.188,103.188,103.188,0.0,103.1405
2011-09-30 02:00:00,104.335,104.35,103.04,103.188,191301.05,103.1405
2011-09-29 02:00:00,103.505,104.94,103.324,104.333,207333.01,104.321
2011-09-28 02:00:00,104.21,104.525,103.496,103.505,205452.75,103.4965
2011-09-27 02:00:00,103.167,104.975,102.861,104.207,214056.76,104.1985
2011-09-26 02:00:00,103.621,103.715,101.949,103.166,231436.24,103.156
2011-09-25 02:00:00,103.436,103.79,103.277,103.617,12857.58,103.609
2011-09-24 02:00:00,103.424,103.424,103.424,103.424,0.0,103.375
2011-09-23 02:00:00,102.995,103.749,102.25,103.424,192842.64,103.375
2011-09-22 02:00:00,104.056,104.384,102.22,102.996,231363.58,102.985
2011-09-21 02:00:00,104.72,105.394,103.679,104.053,206725.71,104.045
2011-09-20 02:00:00,104.483,105.196,103.998,104.72,189265.8,104.71
2011-09-19 02:00:00,105.305,105.414,103.973,104.478,179332.61,104.467
2011-09-18 02:00:00,105.418,105.586,105.154,105.303,12099.62,105.2945
2011-09-17 02:00:00,106.013,106.013,106.013,106.013,0.0,105.965
2011-09-16 02:00:00,106.501,106.533,105.549,106.013,160340.24,105.965
2011-09-15 02:00:00,105.494,107.002,105.104,106.502,185424.58,106.493
2011-09-14 02:00:00,105.291,105.596,104.562,105.494,214102.96,105.483
2011-09-13 02:00:00,105.288,105.576,104.413,105.29,210899.83,105.2815
2011-09-12 02:00:00,105.239,105.756,103.902,105.286,230470.66,105.2775
2011-09-11 02:00:00,105.303,105.579,105.076,105.238,15351.91,105.2285
2011-09-10 02:00:00,105.994,105.994,105.994,105.994,0.0,105.946
2011-09-09 02:00:00,107.742,108.012,105.311,105.994,184772.59,105.946
2011-09-08 02:00:00,108.931,109.041,107.56,107.742,181193.31,107.736
2011-09-07 02:00:00,108.633,109.112,108.283,108.924,171541.82,108.916
2011-09-06 02:00:00,108.25,109.967,107.849,108.63,207321.15,108.623
2011-09-05 02:00:00,108.735,108.906,108.15,108.249,139172.36,108.239
2011-09-04 02:00:00,108.939,109.032,108.683,108.733,9217.32,108.724
2011-09-03 02:00:00,109.135,109.135,109.135,109.135,0.0,109.1045
2011-09-02 02:00:00,109.716,109.897,108.868,109.135,158682.68,109.1045
2011-09-01 02:00:00,110.271,110.966,109.542,109.716,180838.5,109.706
2011-08-31 02:00:00,110.794,110.838,109.907,110.271,162938.34,110.2615
2011-08-30 02:00:00,111.707,111.715,110.454,110.792,158105.55,110.783
2011-08-29 02:00:00,111.165,111.947,111.023,111.707,145691.45,111.698
2011-08-28 02:00:00,111.337,111.341,111.095,111.166,8255.79,111.153
2011-08-27 02:00:00,111.19,111.19,111.19,111.19,0.0,111.166
2011-08-26 02:00:00,111.391,111.6,110.12,111.19,167416.93,111.166
2011-08-25 02:00:00,110.987,111.653,110.612,111.392,180499.76,111.382
2011-08-24 02:00:00,110.686,111.164,110.164,110.987,183301.39,110.9795
2011-08-23 02:00:00,110.456,111.105,110.084,110.686,182810.18,110.6755
2011-08-22 02:00:00,110.417,110.949,110.032,110.457,176446.61,110.448
2011-08-21 02:00:00,110.453,110.514,110.228,110.417,9956.46,110.4085
2011-08-20 02:00:00,110.242,110.242,110.242,110.242,0.0,110.2005
2011-08-19 02:00:00,109.577,110.278,109.027,110.242,212661.74,110.2005
2011-08-18 02:00:00,110.56,110.73,109.254,109.571,202660.05,109.5615
2011-08-17 02:00:00,110.374,110.983,109.804,110.559,190346.77,110.55
2011-08-16 02:00:00,110.916,111.063,110.109,110.375,188629.61,110.3645
2011-08-15 02:00:00,109.824,111.056,109.645,110.916,179076.52,110.906
2011-08-14 02:00:00,109.717,109.843,109.502,109.826,8576.04,109.814
2011-08-13 02:00:00,109.358,109.358,109.358,109.358,0.0,109.308
2011-08-12 02:00:00,109.385,109.618,108.534,109.358,184077.33,109.308
2011-08-11 02:00:00,108.638,109.906,108.037,109.385,238752.04,109.377
2011-08-10 02:00:00,110.751,110.857,108.286,108.629,251689.81,108.617
2011-08-09 02:00:00,110.122,111.255,109.112,110.754,280977.16,110.741
2011-08-08 02:00:00,111.984,112.336,109.732,110.121,255624.85,110.1095
2011-08-07 02:00:00,112.66,112.729,111.824,111.965,25430.25,111.951
2011-08-06 02:00:00,112.081,112.081,112.081,112.081,0.0,112.0375
2011-08-05 02:00:00,111.342,112.319,110.357,112.081,266405.63,112.0375
2011-08-04 02:00:00,110.692,114.187,110.479,111.343,295916.44,111.3305
2011-08-03 02:00:00,109.641,110.846,109.077,110.692,233217.34,110.6835
2011-08-02 02:00:00,110.722,111.038,109.215,109.646,229830.79,109.6355
2011-08-01 02:00:00,111.04,112.262,108.722,110.728,229401.89,110.718
2011-07-31 02:00:00,111.018,111.579,110.731,111.042,15276.15,111.0295
2011-07-30 02:00:00,110.589,110.589,110.589,110.589,0.0,110.562
2011-07-29 02:00:00,111.513,111.573,110.395,110.589,195104.73,110.562
2011-07-28 02:00:00,111.949,112.113,110.842,111.513,183201.73,111.503
2011-07-27 02:00:00,113.164,113.237,111.855,111.948,182911.32,111.938
2011-07-26 02:00:00,112.565,113.583,112.271,113.163,186508.32,113.153
2011-07-25 02:00:00,112.632,113.041,112.041,112.569,169545.76,112.558
2011-07-24 02:00:00,112.742,112.822,112.511,112.632,12151.58,112.6205
2011-07-23 02:00:00,112.805,112.805,112.805,112.805,0.0,112.7705
2011-07-22 02:00:00,113.19,113.577,112.27,112.805,158861.84,112.7705
2011-07-21 02:00:00,112.417,113.303,111.465,113.187,209957.5,113.179
2011-07-20 02:00:00,112.209,112.531,111.677,112.416,181536.05,112.407
2011-07-19 02:00:00,111.671,112.321,111.181,112.209,190354.04,112.2
2011-07-18 02:00:00,111.706,111.728,110.666,111.671,169516.21,111.6585
2011-07-17 02:00:00,111.704,111.888,111.609,111.703,8433.61,111.693
2011-07-16 02:00:00,112.041,112.041,112.041,112.041,0.0,112.0125
2011-07-15 02:00:00,111.894,112.358,111.363,112.041,168107.48,112.0125
2011-07-14 02:00:00,112.553,112.955,111.654,111.894,220236.26,111.884
2011-07-13 02:00:00,111.172,112.621,110.857,112.547,222336.89,112.536
2011-07-12 02:00:00,112.804,112.828,109.588,111.17,261392.74,111.16
2011-07-11 02:00:00,114.661,114.784,112.356,112.803,192225.2,112.792
2011-07-10 02:00:00,114.463,114.753,114.434,114.657,10617.19,114.648
2011-07-09 02:00:00,114.987,114.987,114.987,114.987,0.0,114.9775
2011-07-08 02:00:00,116.726,116.823,114.672,114.987,179273.27,114.9775
2011-07-07 02:00:00,115.95,116.812,115.543,116.726,173849.16,116.7175
2011-07-06 02:00:00,117.048,117.048,115.557,115.949,176396.31,115.94
2011-07-05 02:00:00,117.494,117.625,116.701,117.048,169943.93,117.039
2011-07-04 02:00:00,117.734,117.757,117.039,117.493,124938.47,117.484
2011-07-03 02:00:00,117.528,117.746,117.445,117.737,9460.55,117.726
2011-07-02 02:00:00,117.447,117.447,117.447,117.447,0.0,117.412
2011-07-01 02:00:00,116.829,117.514,116.78,117.447,173852.16,117.412
2011-06-30 02:00:00,116.804,117.212,116.141,116.827,207272.89,116.8205
2011-06-29 02:00:00,116.382,117.187,115.916,116.806,211634.01,116.7965
2011-06-28 02:00:00,115.598,116.678,115.141,116.382,217407.63,116.372
2011-06-27 02:00:00,113.919,115.785,113.858,115.598,203083.14,115.587
2011-06-26 02:00:00,114.033,114.2,113.891,113.919,9517.58,113.908
2011-06-25 02:00:00,114.144,114.144,114.144,114.144,0.0,114.136
2011-06-24 02:00:00,114.813,114.905,113.785,114.144,193272.35,114.136
2011-06-23 02:00:00,115.192,115.43,113.853,114.813,211479.81,114.8045
2011-06-22 02:00:00,115.389,115.785,115.035,115.191,185415.21,115.182
2011-06-21 02:00:00,115.193,115.85,114.672,115.392,177208.9,115.38
2011-06-20 02:00:00,114.305,115.362,113.6,115.198,186799.27,115.1875
2011-06-19 02:00:00,114.52,114.591,114.264,114.305,9616.02,114.296
2011-06-18 02:00:00,114.587,114.587,114.587,114.587,0.0,114.576
2011-06-17 02:00:00,114.459,114.815,113.735,114.587,212515.93,114.576
2011-06-16 02:00:00,114.747,114.978,113.506,114.459,255131.2,114.4485
2011-06-15 02:00:00,116.205,116.27,114.565,114.747,229665.0,114.737
2011-06-14 02:00:00,115.624,116.718,115.279,116.209,203796.29,116.197
2011-06-13 02:00:00,115.223,115.764,115.04,115.624,188934.19,115.614
2011-06-12 02:00:00,115.116,115.278,115.0,115.223,8632.27,115.2105
2011-06-11 02:00:00,115.258,115.258,115.258,115.258,0.0,115.247
2011-06-10 02:00:00,116.832,116.88,114.961,115.258,200067.96,115.247
2011-06-09 02:00:00,116.557,117.475,115.937,116.832,216585.13,116.8225
2011-06-08 02:00:00,117.72,117.787,116.31,116.558,213143.36,116.5485
2011-06-07 02:00:00,116.905,117.905,116.78,117.719,185517.35,117.7085
2011-06-06 02:00:00,117.576,117.71,116.591,116.903,183385.52,116.894
2011-06-05 02:00:00,117.262,117.61,117.26,117.575,11224.09,117.563
2011-06-04 02:00:00,117.486,117.486,117.486,117.486,0.0,117.478
2011-06-03 02:00:00,117.191,117.588,115.933,117.486,194088.79,117.478
2011-06-02 02:00:00,116.126,117.392,116.107,117.191,201582.53,117.1835
2011-06-01 02:00:00,117.358,117.716,115.782,116.125,207525.72,116.1145
2011-05-31 02:00:00,115.918,117.811,115.864,117.354,213981.74,117.347
2011-05-30 02:00:00,115.582,116.063,115.22,115.916,127946.43,115.9075
2011-05-29 02:00:00,115.671,115.738,115.473,115.581,7896.81,115.57
2011-05-28 02:00:00,115.679,115.679,115.679,115.679,0.0,115.6705
2011-05-27 02:00:00,114.77,116.002,114.694,115.679,207419.36,115.6705
2011-05-26 02:00:00,115.422,116.395,114.475,114.77,217262.71,114.7615
2011-05-25 02:00:00,115.657,115.735,114.739,115.422,220766.65,115.411
2011-05-24 02:00:00,114.901,116.183,114.796,115.655,215465.03,115.6455
2011-05-23 02:00:00,115.298,115.617,113.88,114.901,237274.25,114.89
2011-05-22 02:00:00,115.624,115.664,115.088,115.298,12830.32,115.286
2011-05-21 02:00:00,115.712,115.712,115.712,115.712,0.0,115.7
2011-05-20 02:00:00,117.089,117.184,115.528,115.712,192363.56,115.7
2011-05-19 02:00:00,116.548,117.246,116.21,117.09,223758.53,117.08
2011-05-18 02:00:00,116.289,116.715,115.232,116.548,213862.04,116.535
2011-05-17 02:00:00,114.397,116.417,114.385,116.289,241406.41,116.278
2011-05-16 02:00:00,113.55,115.24,113.519,114.394,219819.65,114.385
2011-05-15 02:00:00,114.051,114.06,113.428,113.55,11563.27,113.5415
2011-05-14 02:00:00,114.029,114.029,114.029,114.029,0.0,114.008
2011-05-13 02:00:00,115.29,115.549,113.523,114.029,243571.66,114.008
2011-05-12 02:00:00,115.135,115.639,114.192,115.288,236021.38,115.2785
2011-05-11 02:00:00,116.618,116.776,114.58,115.135,249775.86,115.124
2011-05-10 02:00:00,115.21,116.913,114.811,116.619,238419.77,116.608
2011-05-09 02:00:00,116.27,116.486,115.04,115.212,231272.98,115.2
2011-05-08 02:00:00,115.801,116.339,115.746,116.27,11990.2,116.264
2011-05-07 02:00:00,115.493,115.493,115.493,115.493,0.0,115.4445
2011-05-06 02:00:00,116.939,117.602,115.228,115.493,253645.8,115.4445
2011-05-05 02:00:00,119.535,119.801,116.16,116.937,231437.09,116.926
2011-05-04 02:00:00,120.24,120.84,119.271,119.535,174566.93,119.521
2011-05-03 02:00:00,120.194,120.592,119.223,120.241,193620.56,120.2305
2011-05-02 02:00:00,120.354,121.043,120.05,120.193,175894.84,120.1775
2011-05-01 02:00:00,120.156,120.501,120.113,120.355,16546.78,120.338
2011-04-30 02:00:00,120.264,120.264,120.264,120.264,0.0,120.2245
2011-04-29 02:00:00,121.131,121.155,120.069,120.264,121638.67,120.2245
2011-04-28 02:00:00,121.64,121.845,120.412,121.126,201689.98,121.114
2011-04-27 02:00:00,119.685,121.65,119.507,121.641,199747.37,121.6255
2011-04-26 02:00:00,118.866,119.907,118.513,119.685,199306.0,119.6745
2011-04-25 02:00:00,119.706,120.05,118.833,118.869,137367.17,118.8545
2011-04-24 02:00:00,119.109,119.716,119.082,119.716,7934.85,119.709
2011-04-23 02:00:00,119.303,119.303,119.303,119.303,0.0,119.2475
2011-04-22 02:00:00,119.211,119.731,118.836,119.303,59278.71,119.2475
2011-04-21 02:00:00,119.785,120.278,118.642,119.211,181939.97,119.198
2011-04-20 02:00:00,118.914,120.401,118.753,119.789,200057.57,119.778
2011-04-19 02:00:00,117.448,119.078,117.103,118.911,210513.2,118.899
2011-04-18 02:00:00,119.641,119.842,116.488,117.449,206924.86,117.4365
2011-04-17 02:00:00,119.935,120.077,119.508,119.639,9556.78,119.626
2011-04-16 02:00:00,120.003,120.003,120.003,120.003,0.0,119.953
2011-04-15 02:00:00,121.354,121.432,119.702,120.003,149286.42,119.953
2011-04-14 02:00:00,121.029,121.491,119.278,121.354,205866.31,121.3455
2011-04-13 02:00:00,121.312,122.18,120.779,121.029,190776.04,121.0175
2011-04-12 02:00:00,121.821,122.257,120.168,121.314,219745.87,121.3015
2011-04-11 02:00:00,123.281,123.289,121.708,121.821,167331.51,121.81
2011-04-10 02:00:00,122.813,123.339,122.625,123.28,12181.18,123.2715
2011-04-09 02:00:00,122.841,122.841,122.841,122.841,0.0,122.8025
2011-04-08 02:00:00,121.389,123.09,121.382,122.841,169748.14,122.8025
2011-04-07 02:00:00,122.409,122.465,120.763,121.39,183486.27,121.38
2011-04-06 02:00:00,120.951,122.625,120.922,122.409,174328.16,122.3995
2011-04-05 02:00:00,119.845,121.197,119.336,120.951,160334.75,120.9415
2011-04-04 02:00:00,119.829,120.017,119.195,119.845,145313.63,119.835
2011-04-03 02:00:00,119.859,120.074,119.696,119.828,6900.12,119.8165
2011-04-02 02:00:00,119.685,119.685,119.685,119.685,0.0,119.659
2011-04-01 02:00:00,118.106,119.808,118.052,119.685,173369.92,119.659
2011-03-31 02:00:00,117.465,118.134,116.753,118.11,194226.3,118.101
2011-03-30 02:00:00,116.52,117.482,116.246,117.465,182065.9,117.457
2011-03-29 02:00:00,115.028,116.58,114.823,116.521,159260.03,116.5085
2011-03-28 02:00:00,114.513,115.317,114.456,115.029,144149.18,115.0185
2011-03-27 01:00:00,114.346,114.517,114.217,114.515,9516.07,114.504
2011-03-26 01:00:00,114.663,114.663,114.663,114.663,0.0,114.621
2011-03-25 01:00:00,114.82,115.226,114.497,114.663,146089.5,114.621
2011-03-24 01:00:00,114.092,114.971,113.565,114.82,160408.23,114.8085
2011-03-23 01:00:00,114.84,115.044,113.878,114.092,177230.31,114.0795
2011-03-22 01:00:00,115.494,115.551,114.779,114.839,159404.39,114.83
2011-03-21 01:00:00,114.814,115.531,114.511,115.488,150923.82,115.479
2011-03-20 01:00:00,114.821,114.824,114.47,114.814,12648.23,114.803
2011-03-19 01:00:00,114.313,114.313,114.313,114.313,0.0,114.2895
2011-03-18 01:00:00,111.602,115.569,111.093,114.313,252604.73,114.2895
2011-03-17 01:00:00,109.898,111.671,109.474,111.599,287431.23,111.5885
2011-03-16 01:00:00,113.397,113.502,107.097,109.897,281784.52,109.8805
2011-03-15 01:00:00,114.495,114.669,111.975,113.397,259377.28,113.387
2011-03-14 01:00:00,113.303,114.856,113.297,114.497,192177.93,114.4865
2011-03-13 01:00:00,114.028,114.276,112.534,113.303,32109.07,113.2915
2011-03-12 01:00:00,113.79,113.79,113.79,113.79,0.0,113.7815
2011-03-11 01:00:00,114.448,115.027,112.942,113.79,197658.45,113.7815
2011-03-10 01:00:00,115.188,115.262,114.218,114.448,201689.53,114.4375
2011-03-09 01:00:00,115.089,115.27,114.766,115.194,178113.57,115.185
2011-03-08 01:00:00,114.916,115.231,114.565,115.091,156182.98,115.0805
2011-03-07 01:00:00,115.227,115.274,114.563,114.916,172688.09,114.908
2011-03-06 01:00:00,115.252,115.288,115.075,115.227,6165.07,115.2195
2011-03-05 01:00:00,115.188,115.188,115.188,115.188,0.0,115.1285
2011-03-04 01:00:00,114.975,116.007,114.882,115.188,146814.55,115.1285
2011-03-03 01:00:00,113.487,115.208,113.113,114.975,158356.45,114.9665
2011-03-02 01:00:00,112.788,113.581,112.546,113.487,159985.43,113.478
2011-03-01 01:00:00,113.176,113.739,112.723,112.788,173179.08,112.7785
2011-02-28 01:00:00,112.123,113.363,111.97,113.176,167237.82,113.1685
2011-02-27 01:00:00,112.444,112.54,112.099,112.124,6295.38,112.1145
2011-02-26 01:00:00,112.361,112.361,112.361,112.361,0.0,112.3355
2011-02-25 01:00:00,113.429,113.469,112.242,112.361,153442.1,112.3355
2011-02-24 01:00:00,113.458,113.46,112.203,113.429,201511.2,113.417
2011-02-23 01:00:00,113.174,113.835,113.039,113.458,179598.96,113.4495
2011-02-22 01:00:00,113.668,113.93,112.245,113.171,213511.08,113.161
2011-02-21 01:00:00,113.965,114.278,113.575,113.668,110574.67,113.659
2011-02-20 01:00:00,113.879,113.98,113.779,113.965,5207.19,113.9565
2011-02-19 01:00:00,113.928,113.928,113.928,113.928,0.0,113.9065
2011-02-18 01:00:00,113.482,113.942,112.958,113.928,161815.96,113.9065
2011-02-17 01:00:00,113.507,113.684,113.064,113.488,170536.58,113.477
2011-02-16 01:00:00,113.014,113.654,112.973,113.505,181573.0,113.494
2011-02-15 01:00:00,112.437,113.409,112.377,113.01,174238.19,112.9995
2011-02-14 01:00:00,112.755,112.803,112.102,112.437,147569.58,112.4285
2011-02-13 01:00:00,112.83,113.044,112.714,112.753,7746.92,112.744
2011-02-12 01:00:00,113.117,113.117,113.117,113.117,0.0,113.065
2011-02-11 01:00:00,113.402,113.454,112.781,113.117,129899.0,113.065
2011-02-10 01:00:00,113.083,113.426,112.622,113.395,160319.26,113.385
2011-02-09 01:00:00,112.15,113.209,112.086,113.083,169408.24,113.073
2011-02-08 01:00:00,111.871,112.325,111.606,112.15,170401.22,112.139
2011-02-07 01:00:00,111.634,112.202,111.252,111.874,161757.45,111.8615
2011-02-06 01:00:00,111.523,111.703,111.479,111.63,5852.34,111.619
2011-02-05 01:00:00,111.632,111.632,111.632,111.632,0.0,111.618
2011-02-04 01:00:00,111.264,112.067,110.782,111.632,153021.87,111.618
2011-02-03 01:00:00,112.621,112.882,111.056,111.273,170930.85,111.261
2011-02-02 01:00:00,112.577,112.928,112.213,112.623,158441.41,112.612
2011-02-01 01:00:00,112.603,112.708,111.887,112.579,157485.44,112.571
2011-01-31 01:00:00,111.45,112.707,111.446,112.603,149859.28,112.5935
2011-01-30 01:00:00,111.5,111.734,111.434,111.448,6056.47,111.4355
2011-01-29 01:00:00,111.804,111.804,111.804,111.804,0.0,111.793
2011-01-28 01:00:00,113.754,113.807,111.52,111.804,133238.99,111.793
2011-01-27 01:00:00,112.668,114.02,112.457,113.754,135986.25,113.743
2011-01-26 01:00:00,112.6,112.937,112.167,112.666,128964.57,112.6595
2011-01-25 01:00:00,112.63,112.84,111.84,112.602,143200.31,112.591
2011-01-24 01:00:00,112.5,112.917,112.24,112.63,118049.83,112.6155
2011-01-23 01:00:00,112.652,112.753,112.391,112.503,4994.98,112.4945
2011-01-22 01:00:00,112.491,112.491,112.491,112.491,0.0,112.4815
2011-01-21 01:00:00,111.704,112.504,111.642,112.491,131565.3,112.4815
2011-01-20 01:00:00,110.528,111.935,110.327,111.699,153036.05,111.691
2011-01-19 01:00:00,110.544,111.07,110.34,110.528,159284.22,110.5185
2011-01-18 01:00:00,109.814,111.169,109.596,110.546,154081.22,110.5365
2011-01-17 01:00:00,110.914,110.933,109.586,109.814,121195.35,109.807
2011-01-16 01:00:00,110.891,110.96,110.717,110.918,3816.07,110.9075
2011-01-15 01:00:00,110.979,110.979,110.979,110.979,0.0,110.948
2011-01-14 01:00:00,110.511,111.005,110.086,110.979,128914.68,110.948
2011-01-13 01:00:00,109.073,110.701,108.7,110.507,135116.84,110.4975
2011-01-12 01:00:00,108.243,109.109,107.869,109.073,142049.67,109.0635
2011-01-11 01:00:00,107.237,108.285,107.115,108.243,132637.94,108.233
2011-01-10 01:00:00,107.094,107.684,106.837,107.237,121144.02,107.228
2011-01-09 01:00:00,107.229,107.288,107.046,107.102,4516.06,107.0925
2011-01-08 01:00:00,107.328,107.328,107.328,107.328,0.0,107.3195
2011-01-07 01:00:00,108.149,108.563,106.956,107.328,136373.19,107.3195
2011-01-06 01:00:00,109.458,109.668,108.088,108.148,135708.49,108.1385
2011-01-05 01:00:00,109.295,109.765,108.527,109.456,143620.54,109.4465
2011-01-04 01:00:00,109.095,110.254,108.633,109.293,147913.35,109.2835
2011-01-03 01:00:00,108.372,109.265,107.809,109.091,116295.12,109.0825
2011-01-02 01:00:00,108.493,108.581,108.11,108.372,6352.4,108.3595
2011-01-01 01:00:00,108.6,108.6,108.6,108.6,0.0,108.535
2010-12-31 01:00:00,108.412,108.936,108.31,108.6,73057.34,108.535
2010-12-30 01:00:00,107.959,108.938,107.617,108.412,101003.58,108.4025
2010-12-29 01:00:00,107.794,108.111,107.638,107.959,97360.3,107.9505
2010-12-28 01:00:00,109.152,109.527,107.632,107.794,137142.92,107.7835
2010-12-27 01:00:00,108.495,109.173,108.44,109.154,89249.17,109.144
2010-12-26 01:00:00,108.629,108.792,108.44,108.494,4830.46,108.483
2010-12-25 01:00:00,108.829,108.829,108.829,108.829,0.0,108.764
2010-12-24 01:00:00,108.978,109.056,108.574,108.829,50932.01445,108.764
2010-12-23 01:00:00,109.605,109.628,108.465,108.978,104508.492885,108.966
2010-12-22 01:00:00,109.716,110.123,109.213,109.609,107660.885265,109.597
2010-12-21 01:00:00,109.913,110.503,109.567,109.717,126151.177966,109.706
2010-12-20 01:00:00,110.613,110.723,109.591,109.91,125316.120361,109.9015
2010-12-19 01:00:00,110.752,110.764,110.569,110.617,3761.49375,110.606
2010-12-18 01:00:00,110.818,110.818,110.818,110.818,0.0,110.78
2010-12-17 01:00:00,111.298,111.955,110.408,110.818,117346.5,110.78
2010-12-16 01:00:00,111.461,111.635,111.089,111.289,136568.6,111.2795
2010-12-15 01:00:00,111.949,112.17,111.245,111.457,144166.6,111.4485
2010-12-14 01:00:00,111.785,112.208,111.548,111.949,138515.6,111.938
2010-12-13 01:00:00,110.847,112.084,110.666,111.785,128137.4,111.777
2010-12-12 01:00:00,110.899,110.965,110.831,110.844,3863.2,110.8345
2010-12-11 01:00:00,111.058,111.058,111.058,111.058,0.0,111.0315
2010-12-10 01:00:00,111.013,111.149,110.498,111.058,95346.7,111.0315
2010-12-09 01:00:00,111.451,111.659,110.597,111.014,123453.1,111.0035
2010-12-08 01:00:00,110.622,111.494,110.609,111.447,130980.5,111.4385
2010-12-07 01:00:00,109.946,111.119,109.578,110.622,124348.5,110.61
2010-12-06 01:00:00,111.059,111.105,109.639,109.878,114225.0,109.8675
2010-12-05 01:00:00,110.585,111.081,110.585,111.062,5292.2,111.0515
2010-12-04 01:00:00,110.733,110.733,110.733,110.733,0.0,110.712
2010-12-03 01:00:00,110.668,111.138,109.891,110.733,115559.8,110.712
2010-12-02 01:00:00,110.437,111.208,109.995,110.669,132650.0,110.6585
2010-12-01 01:00:00,108.771,110.771,108.426,110.441,151345.6,110.429
2010-11-30 01:00:00,110.401,110.705,108.353,108.765,158581.2,108.7595
2010-11-29 01:00:00,111.443,111.664,110.268,110.401,96371.5,110.393
2010-11-28 01:00:00,111.742,111.798,111.386,111.441,3818.7,111.432
2010-11-27 01:00:00,111.41,111.41,111.41,111.41,0.0,111.3625
2010-11-26 01:00:00,111.603,111.835,110.569,111.41,46421.4,111.3625
2010-11-25 01:00:00,111.589,111.937,111.022,111.603,36897.0,111.594
2010-11-24 01:00:00,111.497,111.785,110.328,111.588,54614.6,111.5815
2010-11-23 01:00:00,113.316,113.678,110.76,111.482,59282.3,111.4705
2010-11-22 01:00:00,114.725,114.956,113.268,113.32,45888.8,113.3095
2010-11-21 01:00:00,114.646,114.742,114.464,114.725,3220.9,114.7145
2010-11-20 01:00:00,114.292,114.292,114.292,114.292,0.0,114.233
2010-11-19 01:00:00,114.102,114.322,113.542,114.292,43794.6,114.233
2010-11-18 01:00:00,112.688,114.106,112.648,114.103,51188.2,114.0915
2010-11-17 01:00:00,112.522,112.801,112.349,112.692,50243.0,112.6815
2010-11-16 01:00:00,112.898,113.446,112.281,112.517,63840.1,112.5115
2010-11-15 01:00:00,112.932,113.643,112.611,112.895,61350.3,112.8855
2010-11-14 01:00:00,113.151,113.154,112.827,112.934,2652.2,112.9245
2010-11-13 01:00:00,113.026,113.026,113.026,113.026,0.0,113.0085
2010-11-12 01:00:00,112.282,113.399,111.06,113.026,89046.8,113.0085
2010-11-11 01:00:00,113.27,113.547,112.149,112.282,91777.7,112.2715
2010-11-10 01:00:00,112.346,113.802,112.227,113.274,89947.3,113.265
2010-11-09 01:00:00,112.433,113.038,111.73,112.335,88691.0,112.3265
2010-11-08 01:00:00,114.24,114.307,112.4,112.443,83626.5,112.4325
2010-11-07 01:00:00,114.286,114.312,114.101,114.239,7192.3,114.2315
2010-11-06 01:00:00,114.046,114.046,114.046,114.046,0.0,114.032
2010-11-05 01:00:00,114.963,115.061,113.913,114.046,80936.6,114.032
2010-11-04 01:00:00,114.53,115.433,114.057,114.963,89717.2,114.953
2010-11-03 01:00:00,113.217,114.988,112.84,114.524,98828.3,114.5145
2010-11-02 01:00:00,112.095,113.491,111.961,113.224,96653.0,113.2155
2010-11-01 01:00:00,112.363,113.336,111.797,112.096,98412.0,112.0885
2010-10-30 02:00:00,112.148,112.148,112.148,112.148,0.0,112.1395
2010-10-29 02:00:00,112.864,112.998,111.538,112.148,84546.0,112.1395
2010-10-28 02:00:00,112.531,112.986,112.201,112.871,87248.6,112.86
2010-10-27 02:00:00,112.739,113.199,112.231,112.552,83314.6,112.543
2010-10-26 02:00:00,112.509,113.285,112.492,112.739,76060.3,112.731
2010-10-25 02:00:00,113.537,113.796,112.422,112.522,152073.9,112.5125
2010-10-24 02:00:00,113.591,113.727,113.333,113.537,30818.9,113.528
2010-10-23 02:00:00,113.55,113.55,113.55,113.55,0.0,113.5375
2010-10-22 02:00:00,113.08,113.57,112.6,113.55,192949.2,113.5375
2010-10-21 02:00:00,113.375,113.945,112.82,113.08,244697.5,113.07
2010-10-20 02:00:00,111.605,113.385,111.605,113.375,200233.55,113.365
2010-10-19 02:00:00,113.37,113.675,111.57,111.6,263637.8,111.5925
2010-10-18 02:00:00,113.485,113.7,112.41,113.37,263601.8,113.3625
2010-10-17 02:00:00,113.915,113.92,113.39,113.48,10504.0,113.475
2010-10-16 02:00:00,113.843,113.843,113.843,113.843,0.0,113.838
2010-10-15 02:00:00,114.435,114.665,113.565,113.843,209330.3,113.838
2010-10-14 02:00:00,114.275,114.795,114.0,114.435,249160.7,114.4275
2010-10-13 02:00:00,113.88,114.705,113.875,114.275,227017.1,114.265
2010-10-12 02:00:00,114.15,114.16,112.86,113.88,247628.45,113.8725
2010-10-11 02:00:00,114.535,114.75,113.845,114.145,177705.7,114.1375
2010-10-10 02:00:00,114.72,114.76,113.995,114.54,11734.7,114.5275
2010-10-09 02:00:00,114.205,114.205,114.205,114.205,0.0,114.1975
2010-10-08 02:00:00,114.695,114.965,113.675,114.205,194950.93,114.1975
2010-10-07 02:00:00,115.465,115.69,114.255,114.695,222801.1,114.6875
2010-10-06 02:00:00,115.23,115.655,114.7,115.465,255236.0,115.46
2010-10-05 02:00:00,114.085,115.36,113.895,115.235,232638.3,115.225
2010-10-04 02:00:00,114.83,115.295,113.76,114.085,233505.22,114.0775
2010-10-03 02:00:00,114.875,114.995,114.755,114.83,6733.6,114.82
2010-10-02 02:00:00,114.77,114.77,114.77,114.77,0.0,114.7675
2010-10-01 02:00:00,113.85,114.875,113.765,114.77,199141.24,114.7675
2010-09-30 02:00:00,114.135,114.23,112.985,113.85,234330.49,113.8425
2010-09-29 02:00:00,113.94,114.195,113.495,114.135,244311.17,114.1275
2010-09-28 02:00:00,113.18,114.03,112.68,113.94,274677.33,113.93
2010-09-27 02:00:00,113.68,113.755,113.07,113.18,269553.32,113.17
2010-09-26 02:00:00,113.675,113.815,113.565,113.68,8872.65,113.675
2010-09-25 02:00:00,113.647,113.647,113.647,113.647,0.0,113.637
2010-09-24 02:00:00,112.43,113.785,112.335,113.647,243447.33,113.637
2010-09-23 02:00:00,113.315,113.435,112.175,112.43,233559.1,112.4225
2010-09-22 02:00:00,112.9,113.535,112.565,113.31,236518.25,113.3025
2010-09-21 02:00:00,111.99,112.945,111.475,112.9,315652.9,112.895
2010-09-20 02:00:00,111.845,112.365,111.71,111.99,210000.95,111.9825
2010-09-19 02:00:00,111.976,112.11,111.75,111.85,11954.5,111.8425
2010-09-18 02:00:00,112.055,112.055,112.055,112.055,0.0,112.04
2010-09-17 02:00:00,112.135,112.985,111.605,112.055,192040.2,112.04
2010-09-16 02:00:00,111.38,112.405,110.665,112.135,240589.8,112.1275
2010-09-15 02:00:00,107.98,111.63,107.735,111.39,294399.8,111.3825
2010-09-14 02:00:00,107.555,108.255,106.77,107.98,334373.16,107.9725
2010-09-13 02:00:00,107.505,107.945,107.46,107.56,308121.5,107.5525
2010-09-12 02:00:00,107.133,107.515,106.976,107.505,8135.2,107.5
2010-09-11 02:00:00,106.725,106.725,106.725,106.725,0.0,106.7125
2010-09-10 02:00:00,106.4,107.39,106.26,106.725,230525.8,106.7125
2010-09-09 02:00:00,106.925,106.93,105.975,106.4,268050.18,106.39
2010-09-08 02:00:00,106.31,107.13,105.8,106.915,326844.69,106.9075
2010-09-07 02:00:00,107.905,108.005,106.115,106.31,337480.0,106.3025
2010-09-06 02:00:00,108.86,108.965,107.76,107.905,225411.1,107.895
2010-09-05 02:00:00,108.555,108.915,108.468,108.865,7755.3,108.8575
2010-09-04 02:00:00,108.728,108.728,108.728,108.728,0.0,108.7175
2010-09-03 02:00:00,108.12,109.565,107.935,108.728,220121.7,108.7175
2010-09-02 02:00:00,108.14,108.325,107.47,108.12,252279.16,108.1125
2010-09-01 02:00:00,106.64,108.63,106.605,108.145,296523.27,108.135
2010-08-31 02:00:00,107.16,107.785,106.19,106.64,346504.01,106.63
2010-08-30 02:00:00,109.175,109.565,106.989,107.16,277610.88,107.15
2010-08-29 02:00:00,108.898,109.3,108.872,109.175,20840.5,109.1625
2010-08-28 02:00:00,108.735,108.735,108.735,108.735,0.0,108.73
2010-08-27 02:00:00,107.125,108.905,107.0,108.735,301822.4,108.73
2010-08-26 02:00:00,107.45,108.025,107.07,107.125,342182.14,107.1175
2010-08-25 02:00:00,106.385,107.645,106.365,107.45,335862.96,107.4425
2010-08-24 02:00:00,107.485,107.66,105.445,106.385,329997.3,106.3725
2010-08-23 02:00:00,108.66,108.865,107.435,107.485,300626.7,107.475
2010-08-22 02:00:00,108.775,108.875,108.535,108.66,7927.1,108.655
2010-08-21 02:00:00,108.84,108.84,108.84,108.84,0.0,108.83
2010-08-20 02:00:00,109.14,109.635,108.255,108.84,275500.26,108.83
2010-08-19 02:00:00,109.37,110.145,109.13,109.14,313726.5,109.1325
2010-08-18 02:00:00,110.2,110.2,109.325,109.37,272409.3,109.365
2010-08-17 02:00:00,109.165,110.44,109.1,110.2,322713.6,110.19
2010-08-16 02:00:00,109.68,110.295,109.085,109.165,318176.35,109.155
2010-08-15 02:00:00,110.035,110.11,109.665,109.685,12384.8,109.6775
2010-08-14 02:00:00,109.935,109.935,109.935,109.935,0.0,109.92
2010-08-13 02:00:00,110.67,111.125,109.555,109.935,273028.8,109.92
2010-08-12 02:00:00,109.4,110.905,109.24,110.67,335731.25,110.665
2010-08-11 02:00:00,112.255,112.385,109.25,109.4,393620.57,109.3925
2010-08-10 02:00:00,113.58,113.675,112.21,112.25,356849.25,112.24
2010-08-09 02:00:00,113.39,113.955,113.355,113.58,290119.04,113.5725
2010-08-08 02:00:00,113.525,113.615,113.3,113.39,6681.1,113.38
2010-08-07 02:00:00,113.565,113.565,113.565,113.565,0.0,113.55
2010-08-06 02:00:00,113.115,113.72,112.58,113.565,216588.7,113.55
2010-08-05 02:00:00,113.585,113.92,112.775,113.105,263188.6,113.1
2010-08-04 02:00:00,113.545,113.685,112.72,113.585,283716.8,113.5775
2010-08-03 02:00:00,113.99,114.12,113.12,113.545,255915.33,113.535
2010-08-02 02:00:00,113.0,114.195,112.915,113.99,272122.04,113.98
2010-08-01 02:00:00,112.805,113.02,112.735,113.0,10337.5,112.99
2010-07-31 02:00:00,112.87,112.87,112.87,112.87,0.0,112.8525
2010-07-30 02:00:00,113.38,113.43,112.04,112.87,252719.79,112.8525
2010-07-29 02:00:00,113.67,114.25,113.185,113.38,303872.34,113.3675
2010-07-28 02:00:00,114.01,114.755,113.225,113.67,342981.35,113.6625
2010-07-27 02:00:00,112.84,114.435,112.8,114.01,311136.74,114.0
2010-07-26 02:00:00,113.31,113.49,112.225,112.835,279118.2,112.8275
2010-07-25 02:00:00,112.763,113.325,112.595,113.31,10112.8,113.2975
2010-07-24 02:00:00,112.91,112.91,112.91,112.91,0.0,112.89
2010-07-23 02:00:00,112.62,113.02,111.605,112.91,250857.27,112.89
2010-07-22 02:00:00,110.825,112.75,110.02,112.615,275827.99,112.605
2010-07-21 02:00:00,112.815,112.845,110.735,110.825,260973.16,110.8175
2010-07-20 02:00:00,112.28,113.36,111.47,112.815,284738.14,112.8075
2010-07-19 02:00:00,111.55,113.075,111.45,112.28,256590.7,112.27
2010-07-18 02:00:00,111.675,111.935,111.545,111.555,10115.7,111.5425
2010-07-17 02:00:00,112.0,112.0,112.0,112.0,0.0,111.96
2010-07-16 02:00:00,112.955,113.365,111.555,112.0,261738.8,111.96
2010-07-15 02:00:00,112.465,113.405,111.84,112.955,345033.23,112.945
2010-07-14 02:00:00,112.975,113.29,112.04,112.465,290513.25,112.4575
2010-07-13 02:00:00,111.865,113.035,110.695,112.975,328351.17,112.9725
2010-07-12 02:00:00,112.29,112.405,111.145,111.865,357488.04,111.855
2010-07-11 02:00:00,112.165,112.29,112.003,112.29,11039.4,112.28
2010-07-10 02:00:00,112.045,112.045,112.045,112.045,0.0,112.0175
2010-07-09 02:00:00,112.335,112.685,111.54,112.045,220899.5,112.0175
2010-07-08 02:00:00,110.895,112.525,110.87,112.335,251386.93,112.3275
2010-07-07 02:00:00,110.665,110.96,109.325,110.895,335187.71,110.89
2010-07-06 02:00:00,109.475,110.855,109.16,110.675,330332.3,110.6625
2010-07-05 02:00:00,110.12,110.445,109.395,109.48,264926.1,109.47
2010-07-04 02:00:00,110.23,110.335,109.975,110.12,15819.4,110.11
2010-07-03 02:00:00,110.3,110.3,110.3,110.3,0.0,110.2725
2010-07-02 02:00:00,109.81,110.735,109.57,110.3,244427.65,110.2725
2010-07-01 02:00:00,108.26,109.9,107.515,109.795,333809.5,109.785
2010-06-30 02:00:00,107.96,109.13,107.7,108.26,309291.42,108.2525
2010-06-29 02:00:00,109.835,109.885,107.33,107.965,330065.62,107.955
2010-06-28 02:00:00,110.615,110.82,109.615,109.835,466401.9,109.8275
2010-06-27 02:00:00,110.56,110.7,110.47,110.62,10035.7,110.61
2010-06-26 02:00:00,110.425,110.425,110.425,110.425,0.0,110.4025
2010-06-25 02:00:00,110.5,110.89,109.595,110.425,295138.12,110.4025
2010-06-24 02:00:00,110.715,111.015,109.545,110.5,308432.84,110.49
2010-06-23 02:00:00,110.875,111.38,109.91,110.71,264850.54,110.7
2010-06-22 02:00:00,112.16,112.485,110.83,110.875,361687.4,110.8675
2010-06-21 02:00:00,112.44,113.42,111.86,112.165,341139.4,112.155
2010-06-20 02:00:00,112.53,112.92,112.11,112.44,14981.9,112.43
2010-06-19 02:00:00,112.39,112.39,112.39,112.39,0.0,112.3725
2010-06-18 02:00:00,112.57,112.812,111.93,112.39,211132.31,112.3725
2010-06-17 02:00:00,112.325,113.195,111.65,112.572,271110.41,112.565
2010-06-16 02:00:00,112.725,113.325,111.73,112.325,288630.44,112.3175
2010-06-15 02:00:00,111.9,113.07,110.875,112.725,359995.45,112.715
2010-06-14 02:00:00,111.87,112.885,111.695,111.9,289681.07,111.8925
2010-06-13 02:00:00,111.505,111.895,111.115,111.865,13753.9,111.8575
2010-06-12 02:00:00,111.035,111.035,111.035,111.035,0.0,111.0075
2010-06-11 02:00:00,110.985,111.395,110.3,111.035,249373.0,111.0075
2010-06-10 02:00:00,109.525,111.05,108.99,110.985,360556.95,110.9725
2010-06-09 02:00:00,109.24,110.605,108.875,109.525,404499.11,109.515
2010-06-08 02:00:00,109.205,110.075,108.335,109.23,437335.43,109.2225
2010-06-07 02:00:00,109.32,110.32,108.08,109.2,545031.4,109.19
2010-06-06 02:00:00,109.52,109.885,109.175,109.32,20989.7,109.3075
2010-06-05 02:00:00,110.01,110.01,110.01,110.01,0.0,109.9775
2010-06-04 02:00:00,112.78,113.385,109.415,110.01,371088.6,109.9775
2010-06-03 02:00:00,112.82,114.16,112.14,112.78,393402.26,112.77
2010-06-02 02:00:00,111.635,113.085,111.085,112.83,422701.56,112.8175
2010-06-01 02:00:00,111.87,112.87,109.775,111.635,457206.0,111.625
2010-05-31 02:00:00,112.125,112.94,111.575,111.87,289758.84,111.86
2010-05-30 02:00:00,111.74,112.18,111.61,112.12,19271.5,112.11
2010-05-29 02:00:00,111.785,111.785,111.785,111.785,0.0,111.76
2010-05-28 02:00:00,112.53,113.7,111.365,111.785,410956.48,111.76
2010-05-27 02:00:00,109.65,112.775,109.58,112.53,591814.6,112.52
2010-05-26 02:00:00,111.415,111.52,109.235,109.645,562684.45,109.635
2010-05-25 02:00:00,111.17,112.0,108.84,111.415,785861.15,111.4
2010-05-24 02:00:00,112.84,113.225,111.115,111.17,525170.36,111.16
2010-05-23 02:00:00,113.26,113.46,112.82,112.84,20198.4,112.825
2010-05-22 02:00:00,113.17,113.17,113.17,113.17,0.0,113.1325
2010-05-21 02:00:00,112.715,114.425,111.645,113.17,388038.28,113.1325
2010-05-20 02:00:00,113.68,113.765,109.49,112.715,433381.35,112.695
2010-05-19 02:00:00,111.585,114.14,110.875,113.68,384988.01,113.665
2010-05-18 02:00:00,114.6,115.495,111.57,111.58,505788.09,111.57
2010-05-17 02:00:00,114.035,114.92,112.48,114.6,414905.98,114.5925
2010-05-16 02:00:00,113.91,114.295,113.9,114.035,10134.5,114.0225
2010-05-15 02:00:00,114.305,114.305,114.305,114.305,0.0,114.3025
2010-05-14 02:00:00,116.065,117.035,113.515,114.305,543736.4,114.3025
2010-05-13 02:00:00,117.87,118.735,115.955,116.075,520223.53,116.06
2010-05-12 02:00:00,117.32,118.445,116.58,117.87,536171.57,117.86
2010-05-11 02:00:00,118.49,119.385,116.685,117.32,454633.26,117.31
2010-05-10 02:00:00,118.62,122.305,118.18,118.485,400121.76,118.475
2010-05-09 02:00:00,119.54,119.985,118.11,118.645,14734.0,118.635
2010-05-08 02:00:00,116.89,116.89,116.89,116.89,0.0,116.815
2010-05-07 02:00:00,115.63,118.85,114.62,116.89,266807.81,116.815
2010-05-06 02:00:00,120.33,120.735,110.59,115.645,461442.59,115.6225
2010-05-05 02:00:00,123.17,123.395,119.96,120.33,551242.21,120.32
2010-05-04 02:00:00,124.925,125.46,122.65,123.17,515475.6,123.16
2010-05-03 02:00:00,125.305,125.325,124.005,124.925,438408.4,124.915
2010-05-02 02:00:00,125.445,125.54,125.115,125.31,18642.1,125.2975
2010-05-01 02:00:00,124.79,124.79,124.79,124.79,0.0,124.765
2010-04-30 02:00:00,124.52,125.97,124.39,124.79,445142.9,124.765
2010-04-29 02:00:00,124.07,124.895,123.77,124.515,531448.03,124.505
2010-04-28 02:00:00,122.825,124.925,122.475,124.07,618125.85,124.0625
2010-04-27 02:00:00,125.755,125.83,122.38,122.825,725959.93,122.82
2010-04-26 02:00:00,125.855,126.305,125.065,125.755,603470.4,125.7425
2010-04-25 02:00:00,125.477,125.855,125.445,125.855,14233.6,125.845
2010-04-24 02:00:00,125.83,125.83,125.83,125.83,0.0,125.785
2010-04-23 02:00:00,123.69,126.065,123.425,125.83,463203.93,125.785
2010-04-22 02:00:00,124.53,125.19,123.33,123.69,439278.31,123.68
2010-04-21 02:00:00,125.0,125.555,124.285,124.525,393998.53,124.52
2010-04-20 02:00:00,124.74,125.635,124.5,125.0,415425.0,124.9925
2010-04-19 02:00:00,123.92,124.845,123.165,124.735,469257.3,124.725
2010-04-18 02:00:00,123.8,124.32,123.715,123.935,21921.7,123.925
2010-04-17 02:00:00,124.465,124.465,124.465,124.465,0.0,124.4425
2010-04-16 02:00:00,126.345,126.35,123.875,124.465,410593.6,124.4425
2010-04-15 02:00:00,127.435,127.68,125.825,126.345,403144.13,126.335
2010-04-14 02:00:00,126.945,127.69,126.925,127.435,437465.2,127.425
2010-04-13 02:00:00,126.645,127.09,125.71,126.945,438575.89,126.935
2010-04-12 02:00:00,127.145,127.47,126.59,126.645,365485.8,126.635
2010-04-11 02:00:00,127.035,127.295,126.66,127.145,16734.7,127.135
2010-04-10 02:00:00,125.82,125.82,125.82,125.82,0.0,125.795
2010-04-09 02:00:00,124.97,125.85,124.815,125.82,287578.1,125.795
2010-04-08 02:00:00,124.265,125.17,123.45,124.975,324564.72,124.965
2010-04-07 02:00:00,125.3,126.165,124.26,124.27,379950.7,124.255
2010-04-06 02:00:00,126.985,126.99,125.24,125.3,359709.1,125.29
2010-04-05 02:00:00,127.585,127.835,126.95,126.98,194551.28,126.9725
2010-04-04 02:00:00,127.82,127.97,127.548,127.58,6795.9,127.57
2010-04-03 02:00:00,127.79,127.79,127.79,127.79,0.0,127.7625
2010-04-02 02:00:00,127.365,127.945,126.9,127.79,172567.24,127.7625
2010-04-01 02:00:00,126.52,127.57,125.975,127.365,303550.78,127.355
2010-03-31 02:00:00,124.86,126.635,124.45,126.515,386767.17,126.505
2010-03-30 02:00:00,124.685,125.47,124.195,124.86,350144.45,124.85
2010-03-29 02:00:00,124.245,125.085,124.115,124.685,343193.05,124.675
2010-03-28 01:00:00,124.58,124.705,124.175,124.25,13287.8,124.24
2010-03-27 01:00:00,124.1,124.1,124.1,124.1,0.0,124.0675
2010-03-26 01:00:00,123.125,124.215,123.02,124.1,262292.02,124.0675
2010-03-25 01:00:00,122.665,123.91,122.285,123.12,337439.67,123.11
2010-03-24 01:00:00,121.79,123.04,121.43,122.665,351237.67,122.655
2010-03-23 01:00:00,122.555,122.6,121.655,121.79,287766.96,121.7775
2010-03-22 01:00:00,122.23,122.64,121.065,122.56,293833.5,122.5525
2010-03-21 01:00:00,122.514,122.525,122.22,122.23,14974.9,122.215
2010-03-20 01:00:00,122.525,122.525,122.525,122.525,0.0,122.505
2010-03-19 01:00:00,123.185,123.36,122.265,122.525,229172.3,122.505
2010-03-18 01:00:00,124.22,124.235,122.66,123.175,305232.7,123.165
2010-03-17 01:00:00,124.355,125.075,123.93,124.22,330694.9,124.21
2010-03-16 01:00:00,123.54,124.63,123.245,124.35,353249.06,124.3425
2010-03-15 01:00:00,124.945,124.975,123.325,123.535,321062.13,123.5225
2010-03-14 01:00:00,125.15,125.155,124.655,124.945,15658.7,124.9375
2010-03-13 01:00:00,124.73,124.73,124.73,124.73,0.0,124.6975
2010-03-12 01:00:00,124.085,125.215,123.69,124.73,306031.46,124.6975
2010-03-11 01:00:00,123.485,124.15,123.03,124.085,257588.72,124.075
2010-03-10 01:00:00,122.475,124.015,121.895,123.485,275811.3,123.475
2010-03-09 01:00:00,122.995,123.025,121.47,122.47,314400.3,122.46
2010-03-08 01:00:00,123.575,123.91,122.84,122.995,355325.67,122.985
2010-03-07 01:00:00,123.34,123.635,123.171,123.575,14219.3,123.565
2010-03-06 01:00:00,123.05,123.05,123.05,123.05,0.0,123.015
2010-03-05 01:00:00,121.13,123.345,121.11,123.05,223909.76,123.015
2010-03-04 01:00:00,121.39,121.84,120.3,121.13,287186.84,121.1175
2010-03-03 01:00:00,120.91,121.745,120.62,121.405,360131.88,121.3925
2010-03-02 01:00:00,120.955,121.345,119.78,120.91,326875.0,120.905
2010-03-01 01:00:00,121.225,121.915,120.075,120.955,334944.8,120.9425
2010-02-28 01:00:00,121.08,121.46,121.08,121.23,11113.9,121.215
2010-02-27 01:00:00,121.32,121.32,121.32,121.32,0.0,121.2825
2010-02-26 01:00:00,120.875,121.67,120.525,121.32,320704.43,121.2825
2010-02-25 01:00:00,122.285,122.305,119.665,120.88,334950.1,120.87
2010-02-24 01:00:00,121.965,122.63,121.625,122.285,260239.65,122.275
2010-02-23 01:00:00,124.185,124.555,121.585,121.96,256014.63,121.9525
2010-02-22 01:00:00,124.9,125.25,123.655,124.185,256091.04,124.1725
2010-02-21 01:00:00,124.735,124.905,124.69,124.89,9797.1,124.8825
2010-02-20 01:00:00,124.595,124.595,124.595,124.595,0.0,124.575
2010-02-19 01:00:00,123.855,124.805,123.555,124.595,274330.51,124.575
2010-02-18 01:00:00,123.96,124.48,122.77,123.875,275978.52,123.8625
2010-02-17 01:00:00,124.22,124.855,123.415,123.955,252945.37,123.9475
2010-02-16 01:00:00,122.485,124.49,122.32,124.22,264098.74,124.2075
2010-02-15 01:00:00,122.715,122.905,122.265,122.465,174056.26,122.455
2010-02-14 01:00:00,122.825,122.825,122.515,122.71,2997.71,122.6975
2010-02-13 01:00:00,122.655,122.655,122.655,122.655,0.0,122.6225
2010-02-12 01:00:00,122.955,123.105,121.395,122.655,290360.11,122.6225
2010-02-11 01:00:00,123.635,124.175,122.065,122.955,360247.32,122.945
2010-02-10 01:00:00,123.78,124.285,122.695,123.635,313880.42,123.625
2010-02-09 01:00:00,121.85,124.195,121.785,123.78,306257.35,123.7725
2010-02-08 01:00:00,121.8,122.79,121.57,121.85,331818.28,121.845
2010-02-07 01:00:00,122.28,122.28,121.65,121.8,12654.9,121.7875
2010-02-06 01:00:00,122.095,122.095,122.095,122.095,0.0,122.07
2010-02-05 01:00:00,122.835,123.33,120.71,122.095,288785.32,122.07
2010-02-04 01:00:00,126.285,126.405,121.575,122.83,294429.33,122.82
2010-02-03 01:00:00,126.41,126.995,125.985,126.285,275524.32,126.275
2010-02-02 01:00:00,126.385,126.705,125.83,126.41,362852.88,126.4
2010-02-01 01:00:00,125.235,126.535,124.76,126.385,284137.62,126.3775
2010-01-31 01:00:00,124.635,125.28,124.61,125.235,9754.8,125.225
2010-01-30 01:00:00,125.165,125.165,125.165,125.165,0.0,125.145
2010-01-29 01:00:00,125.39,126.78,124.825,125.165,296798.95,125.145
2010-01-28 01:00:00,126.245,127.1,125.115,125.385,368009.82,125.3775
2010-01-27 01:00:00,126.265,126.405,125.25,126.245,461365.14,126.2275
2010-01-26 01:00:00,127.92,128.38,125.685,126.265,277947.9,126.25
2010-01-25 01:00:00,127.4,128.145,127.09,127.915,250642.08,127.9025
2010-01-24 01:00:00,127.84,127.84,127.18,127.4,5126.11,127.3875
2010-01-23 01:00:00,127.025,127.025,127.025,127.025,0.0,126.9975
2010-01-22 01:00:00,127.535,128.225,126.795,127.025,344919.71,126.9975
2010-01-21 01:00:00,128.735,129.505,126.565,127.535,348437.65,127.52
2010-01-20 01:00:00,130.275,130.33,128.415,128.725,322385.34,128.7125
2010-01-19 01:00:00,130.68,130.73,129.65,130.275,373553.55,130.26
2010-01-18 01:00:00,130.555,130.96,130.095,130.68,208899.1,130.665
2010-01-17 01:00:00,130.35,130.735,130.3,130.555,11147.3,130.5375
2010-01-16 01:00:00,130.64,130.64,130.64,130.64,0.0,130.5875
2010-01-15 01:00:00,132.365,132.42,130.315,130.64,347531.26,130.5875
2010-01-14 01:00:00,132.755,133.65,131.715,132.365,354322.67,132.3475
2010-01-13 01:00:00,131.9,133.235,131.525,132.74,399717.04,132.73
2010-01-12 01:00:00,133.65,133.83,131.64,131.9,356213.07,131.8875
2010-01-11 01:00:00,133.615,134.39,133.51,133.65,362826.0,133.6375
2010-01-10 01:00:00,133.65,133.715,133.435,133.61,15773.6,133.5925
2010-01-09 01:00:00,133.525,133.525,133.525,133.525,0.0,133.51
2010-01-08 01:00:00,133.815,134.005,132.375,133.525,347267.73,133.51
2010-01-07 01:00:00,133.04,134.145,132.405,133.82,312013.51,133.805
2010-01-06 01:00:00,131.54,133.5,131.27,133.04,333633.66,133.0275
2010-01-05 01:00:00,133.415,133.49,131.465,131.54,320821.03,131.5225
2010-01-04 01:00:00,132.795,133.805,132.395,133.415,267666.5,133.405
2010-01-03 01:00:00,132.992,133.38,132.75,132.795,17263.9,132.775
2010-01-02 01:00:00,133.24,133.24,133.24,133.24,0.0,133.227
2010-01-01 01:00:00,133.287,133.525,133.205,133.24,216816.13,133.227
2009-12-31 01:00:00,132.605,133.615,132.58,133.275,131437.62,133.263
2009-12-30 01:00:00,131.94,132.8,131.805,132.61,176557.41,132.5925
2009-12-29 01:00:00,131.82,132.625,131.655,131.94,248173.3,131.925
2009-12-28 01:00:00,131.52,131.94,131.41,131.82,195036.9,131.81
2009-12-27 01:00:00,131.6,131.715,131.445,131.52,7300.5,131.4975
2009-12-26 01:00:00,131.575,131.575,131.575,131.575,0.0,131.56
2009-12-25 01:00:00,131.516,131.755,131.205,131.575,137479.33,131.56
2009-12-24 01:00:00,131.39,131.9,130.905,131.516,143720.9,131.499
2009-12-23 01:00:00,130.9,131.49,130.55,131.39,140437.64,131.3825
2009-12-22 01:00:00,130.125,131.09,129.975,130.9,205967.55,130.8825
2009-12-21 01:00:00,129.63,130.39,129.22,130.12,220985.3,130.1075
2009-12-20 01:00:00,129.23,129.89,129.23,129.63,8072.1,129.61
2009-12-19 01:00:00,129.815,129.815,129.815,129.815,0.0,129.7525
2009-12-18 01:00:00,128.65,130.035,127.48,129.815,301989.55,129.7525
2009-12-17 01:00:00,130.54,130.7,128.29,128.645,349158.0,128.63
2009-12-16 01:00:00,130.16,130.805,129.95,130.54,279431.28,130.525
2009-12-15 01:00:00,130.0,130.75,129.55,130.165,327329.88,130.15
2009-12-14 01:00:00,130.55,130.655,129.185,130.01,401981.37,129.995
2009-12-13 01:00:00,130.13,130.58,130.065,130.545,12687.5,130.5325
2009-12-12 01:00:00,130.28,130.28,130.28,130.28,0.0,130.235
2009-12-11 01:00:00,130.015,131.62,129.99,130.28,259128.14,130.235
2009-12-10 01:00:00,129.825,130.375,129.055,130.015,220855.37,130.0025
2009-12-09 01:00:00,129.89,130.48,128.8,129.82,332368.71,129.8075
2009-12-08 01:00:00,132.6,132.68,129.665,129.88,503708.45,129.8675
2009-12-07 01:00:00,133.96,134.265,132.39,132.6,416066.8,132.5825
2009-12-06 01:00:00,134.02,134.375,133.76,133.96,24495.2,133.945
2009-12-05 01:00:00,134.605,134.605,134.605,134.605,0.0,134.5525
2009-12-04 01:00:00,132.985,134.605,132.515,134.605,397360.7,134.5525
2009-12-03 01:00:00,132.065,133.565,132.035,132.985,389535.95,132.97
2009-12-02 01:00:00,130.785,132.095,130.66,132.065,312509.7,132.055
2009-12-01 01:00:00,129.745,131.295,129.59,130.78,407499.86,130.77
2009-11-30 01:00:00,129.945,130.845,128.98,129.74,358968.45,129.7325
2009-11-29 01:00:00,130.11,130.715,129.65,129.96,11289.5,129.9375
2009-11-28 01:00:00,129.725,129.725,129.725,129.725,0.0,129.6925
2009-11-27 01:00:00,127.48,130.17,127.42,129.725,218606.9,129.6925
2009-11-26 01:00:00,132.14,132.24,126.895,127.475,262464.18,127.46
2009-11-25 01:00:00,132.63,132.705,131.525,132.14,294921.58,132.125
2009-11-24 01:00:00,132.99,133.04,132.03,132.63,257598.59,132.615
2009-11-23 01:00:00,132.16,133.625,132.16,132.99,286265.89,132.9825
2009-11-22 01:00:00,132.01,132.25,131.855,132.16,9493.7,132.145
2009-11-21 01:00:00,132.125,132.125,132.125,132.125,0.0,132.0975
2009-11-20 01:00:00,132.625,132.965,131.81,132.125,297720.07,132.0975
2009-11-19 01:00:00,133.705,133.745,131.765,132.625,365713.68,132.615
2009-11-18 01:00:00,132.742,134.03,132.6,133.7,258917.25,133.6875
2009-11-17 01:00:00,133.395,133.6,132.455,132.753,335434.63,132.741
2009-11-16 01:00:00,134.085,134.345,133.195,133.395,231184.69,133.3825
2009-11-15 01:00:00,133.655,134.085,133.59,134.08,14148.7,134.065
2009-11-14 01:00:00,133.598,133.598,133.598,133.598,0.0,133.585
2009-11-13 01:00:00,134.15,134.47,132.865,133.598,289564.53,133.585
2009-11-12 01:00:00,134.755,135.045,133.94,134.15,306629.19,134.1375
2009-11-11 01:00:00,134.49,135.365,133.825,134.76,311691.79,134.7475
2009-11-10 01:00:00,134.85,135.395,134.14,134.49,340563.95,134.4775
2009-11-09 01:00:00,133.645,135.09,133.38,134.85,380923.78,134.84
2009-11-08 01:00:00,133.995,134.035,133.425,133.645,8951.73,133.6325
2009-11-07 01:00:00,133.431,133.431,133.431,133.431,0.0,133.421
2009-11-06 01:00:00,135.095,135.095,133.225,133.431,353217.74,133.421
2009-11-05 01:00:00,134.845,135.155,133.37,135.085,384477.22,135.075
2009-11-04 01:00:00,133.235,135.76,132.515,134.845,335762.8,134.8375
2009-11-03 01:00:00,133.58,133.995,131.74,133.235,405761.46,133.2275
2009-11-02 01:00:00,131.94,134.53,131.905,133.58,382240.19,133.5675
2009-11-01 01:00:00,132.03,132.43,131.025,131.94,20326.3,131.9275
2009-10-31 01:00:00,132.64,132.64,132.64,132.64,0.0,132.6025
2009-10-30 01:00:00,135.805,135.82,132.32,132.64,334415.95,132.6025
2009-10-24 02:00:00,138.185,138.185,138.185,138.185,0.0,138.155
2009-10-23 02:00:00,137.495,138.37,137.425,138.185,368603.28,138.155
2009-10-22 02:00:00,136.425,137.495,136.41,137.495,329542.93,137.485
2009-10-21 02:00:00,135.59,136.98,135.205,136.42,398425.45,136.4125
2009-10-20 02:00:00,135.845,135.845,134.885,135.585,398131.14,135.5725
2009-10-19 02:00:00,135.405,135.86,134.775,135.845,379448.79,135.8375
2009-10-18 02:00:00,135.495,135.935,135.385,135.41,17964.7,135.3975
2009-10-17 02:00:00,135.495,135.495,135.495,135.495,0.0,135.4775
2009-10-16 02:00:00,135.825,136.085,134.98,135.495,342529.86,135.4775
2009-10-15 02:00:00,133.515,136.045,133.47,135.825,328929.21,135.815
2009-10-14 02:00:00,133.415,133.78,132.255,133.515,278347.04,133.5025
2009-10-13 02:00:00,132.695,133.54,132.585,133.415,305443.72,133.405
2009-10-12 02:00:00,132.425,133.33,132.19,132.695,255366.81,132.68
2009-10-11 02:00:00,131.822,132.49,131.775,132.425,13091.1,132.415
2009-10-10 02:00:00,132.295,132.295,132.295,132.295,0.0,132.265
2009-10-09 02:00:00,131.135,132.325,130.87,132.295,342702.05,132.265
2009-10-08 02:00:00,130.3,131.185,129.995,131.135,279538.92,131.125
2009-10-07 02:00:00,130.785,131.11,129.595,130.3,335458.91,130.29
2009-10-06 02:00:00,131.4,131.585,130.54,130.785,332482.1,130.7775
2009-10-05 02:00:00,130.95,131.675,130.885,131.405,302292.86,131.395
2009-10-04 02:00:00,130.56,131.005,130.461,130.955,17826.8,130.94
2009-10-03 02:00:00,130.925,130.925,130.925,130.925,0.0,130.8975
2009-10-02 02:00:00,129.975,131.24,129.05,130.925,351683.28,130.8975
2009-10-01 02:00:00,131.765,131.775,129.85,129.975,361899.82,129.9675
2009-09-30 02:00:00,131.705,132.035,130.635,131.765,267060.24,131.75
2009-09-29 02:00:00,131.475,131.805,130.715,131.705,320233.5,131.6975
2009-09-28 02:00:00,130.485,131.495,129.84,131.475,276446.02,131.465
2009-09-27 02:00:00,131.677,131.82,129.83,130.485,23042.9,130.47
2009-09-26 02:00:00,131.73,131.73,131.73,131.73,0.0,131.715
2009-09-25 02:00:00,133.11,133.45,131.545,131.73,305194.1,131.715
2009-09-24 02:00:00,134.52,134.625,132.74,133.11,298636.7,133.095
2009-09-23 02:00:00,134.375,135.23,134.3,134.515,241920.62,134.505
2009-09-22 02:00:00,135.155,135.355,134.085,134.375,259897.58,134.365
2009-09-21 02:00:00,134.37,135.49,134.31,135.155,239864.72,135.145
2009-09-20 02:00:00,134.328,134.49,134.169,134.36,7619.8,134.3475
2009-09-19 02:00:00,134.35,134.35,134.35,134.35,0.0,134.315
2009-09-18 02:00:00,134.38,134.635,133.715,134.35,262825.3,134.315
2009-09-17 02:00:00,133.925,134.795,133.43,134.38,294602.24,134.3725
2009-09-16 02:00:00,133.37,134.045,132.475,133.925,271304.1,133.9175
2009-09-15 02:00:00,133.05,133.78,132.84,133.37,247388.55,133.3675
2009-09-14 02:00:00,131.805,133.105,131.305,133.045,237415.72,133.0375
2009-09-13 02:00:00,131.826,132.135,131.53,131.8,12376.5,131.79
2009-09-12 02:00:00,132.19,132.19,132.19,132.19,0.0,132.1675
2009-09-11 02:00:00,133.74,133.745,131.56,132.19,246347.25,132.1675
2009-09-10 02:00:00,134.085,134.395,133.32,133.74,236997.2,133.7325
2009-09-09 02:00:00,133.89,134.42,133.595,134.085,253877.08,134.075
2009-09-08 02:00:00,133.21,133.99,132.83,133.9,258977.74,133.89
2009-09-07 02:00:00,133.445,133.885,133.085,133.205,148620.7,133.2025
2009-09-06 02:00:00,132.965,133.47,132.857,133.445,10303.2,133.435
2009-09-05 02:00:00,133.04,133.04,133.04,133.04,0.0,132.9975
2009-09-04 02:00:00,132.17,133.26,131.745,133.04,213853.59,132.9975
2009-09-03 02:00:00,131.655,132.57,131.17,132.17,256722.75,132.1625
2009-09-02 02:00:00,131.745,132.53,131.035,131.655,293633.49,131.6425
2009-09-01 02:00:00,133.175,134.16,131.46,131.735,291645.1,131.7275
2009-08-31 02:00:00,133.58,133.66,132.165,133.175,293560.3,133.165
2009-08-30 02:00:00,133.473,133.88,133.37,133.58,11052.8,133.5675
2009-08-29 02:00:00,133.868,133.868,133.868,133.868,0.0,133.863
2009-08-28 02:00:00,134.59,135.025,133.69,133.868,296670.11,133.863
2009-08-27 02:00:00,133.985,134.72,132.935,134.59,327076.0,134.5775
2009-08-26 02:00:00,134.18,135.19,133.925,133.99,311987.42,133.9775
2009-08-25 02:00:00,134.92,135.91,133.96,134.185,336895.7,134.1725
2009-08-24 02:00:00,135.645,136.1,134.785,134.93,297041.49,134.92
2009-08-23 02:00:00,135.269,135.81,135.236,135.645,14934.2,135.6325
2009-08-22 02:00:00,135.235,135.235,135.235,135.235,0.0,135.21
2009-08-21 02:00:00,134.37,135.485,132.91,135.235,231654.15,135.21
2009-08-20 02:00:00,134.13,134.64,133.42,134.37,224823.2,134.36
2009-08-19 02:00:00,134.425,134.43,132.195,134.13,243217.55,134.1175
2009-08-18 02:00:00,133.29,134.81,133.185,134.42,251217.8,134.4075
2009-08-17 02:00:00,134.205,134.22,132.52,133.29,269970.64,133.28
2009-08-16 02:00:00,134.4,134.802,134.185,134.205,11207.3,134.1925
2009-08-15 02:00:00,134.855,134.855,134.855,134.855,0.0,134.84
2009-08-14 02:00:00,136.035,136.475,134.205,134.855,204545.05,134.84
2009-08-13 02:00:00,136.76,137.86,135.56,136.03,257436.74,136.02
2009-08-12 02:00:00,135.79,137.31,134.095,136.77,278812.1,136.7575
2009-08-11 02:00:00,137.1,137.38,135.265,135.79,303773.57,135.78
2009-08-10 02:00:00,138.185,138.34,136.88,137.095,261825.29,137.0875
2009-08-09 02:00:00,138.467,138.71,138.12,138.185,14760.9,138.1725
2009-08-08 02:00:00,138.42,138.42,138.42,138.42,0.0,138.3925
2009-08-07 02:00:00,137.255,138.73,136.535,138.42,238425.29,138.3925
2009-08-06 02:00:00,136.63,137.975,136.605,137.24,339190.15,137.2275
2009-08-05 02:00:00,137.415,137.605,136.215,136.63,529918.33,136.62
2009-08-04 02:00:00,137.16,137.71,135.985,137.415,519042.19,137.4025
2009-08-03 02:00:00,135.235,137.575,134.59,137.155,455553.82,137.145
2009-08-02 02:00:00,135.205,135.455,134.91,135.235,26770.5,135.225
2009-08-01 02:00:00,135.02,135.02,135.02,135.02,0.0,134.9925
2009-07-31 02:00:00,134.61,135.6,134.295,135.02,516333.0,134.9925
2009-07-30 02:00:00,133.32,134.905,133.22,134.62,481224.6,134.61
2009-07-29 02:00:00,133.59,134.415,132.8,133.315,550445.1,133.3
2009-07-28 02:00:00,135.59,135.99,132.91,133.585,549157.1,133.5725
2009-07-27 02:00:00,134.465,136.11,134.275,135.615,497446.6,135.595
2009-07-26 02:00:00,134.89,135.005,134.425,134.47,14635.4,134.455
2009-07-25 02:00:00,134.665,134.665,134.665,134.665,0.0,134.635
2009-07-24 02:00:00,134.505,135.21,133.865,134.665,448905.3,134.635
2009-07-23 02:00:00,132.935,135.635,132.915,134.5,459788.53,134.4875
2009-07-22 02:00:00,132.82,133.61,132.105,132.93,448438.16,132.92
2009-07-21 02:00:00,133.825,134.515,132.415,132.82,458848.62,132.8075
2009-07-20 02:00:00,133.405,134.765,133.3,133.825,467285.38,133.81
2009-07-19 02:00:00,132.869,133.405,132.782,133.395,10482.6,133.3875
2009-07-18 02:00:00,132.875,132.875,132.875,132.875,0.0,132.855
2009-07-17 02:00:00,132.44,133.49,131.745,132.875,333049.8,132.855
2009-07-16 02:00:00,132.935,133.245,131.605,132.435,462535.63,132.4225
2009-07-15 02:00:00,130.92,133.42,130.61,132.935,394312.46,132.93
2009-07-14 02:00:00,130.39,130.955,129.365,130.935,401369.09,130.925
2009-07-13 02:00:00,129.215,130.445,128.015,130.38,522031.89,130.3725
2009-07-12 02:00:00,128.846,129.23,128.815,129.215,14723.95,129.205
2009-07-11 02:00:00,128.985,128.985,128.985,128.985,0.0,128.9675
2009-07-10 02:00:00,130.53,130.565,127.825,128.985,396995.34,128.9675
2009-07-09 02:00:00,128.55,130.89,128.545,130.525,519901.01,130.5175
2009-07-08 02:00:00,131.52,131.765,127.03,128.55,527709.21,128.54
2009-07-07 02:00:00,133.25,133.92,131.4,131.52,527961.38,131.5125
2009-07-06 02:00:00,133.865,133.91,131.74,133.25,529866.55,133.2375
2009-07-05 02:00:00,134.162,134.255,133.785,133.86,13068.3,133.85
2009-07-04 02:00:00,134.29,134.29,134.29,134.29,0.0,134.265
2009-07-03 02:00:00,133.81,134.825,133.59,134.29,283212.1,134.265
2009-07-02 02:00:00,136.545,136.58,133.61,133.8,372139.04,133.79
2009-07-01 02:00:00,135.13,136.9,135.045,136.545,425666.05,136.535
2009-06-30 02:00:00,135.58,135.965,134.355,135.13,524843.25,135.12
2009-06-29 02:00:00,133.915,135.75,133.38,135.58,415817.03,135.57
2009-06-28 02:00:00,133.829,134.155,133.79,133.9,15668.09,133.8975
2009-06-27 02:00:00,133.905,133.905,133.905,133.905,0.0,133.8975
2009-06-26 02:00:00,134.117,134.938,133.73,133.905,330785.51,133.8975
2009-06-25 02:00:00,133.45,134.825,133.38,134.2,354449.2,134.19
2009-06-24 02:00:00,134.135,134.995,132.985,133.44,366571.8,133.4325
2009-06-23 02:00:00,132.19,134.4,131.425,134.135,387595.96,134.13
2009-06-22 02:00:00,133.915,133.955,132.02,132.175,386688.95,132.1625
2009-06-21 02:00:00,134.132,134.373,133.68,133.94,13624.0,133.9225
2009-06-20 02:00:00,134.21,134.21,134.21,134.21,0.0,134.175
2009-06-19 02:00:00,134.493,135.157,134.08,134.21,297827.1,134.175
2009-06-18 02:00:00,134.023,134.985,132.999,134.487,182296.5,134.4795
2009-06-17 02:00:00,132.655,134.615,132.348,134.042,183116.5,134.034
2009-06-16 02:00:00,134.482,135.323,132.569,132.634,183137.9,132.622
2009-06-15 02:00:00,137.566,137.576,134.36,134.486,181090.8,134.471
2009-06-14 02:00:00,137.766,137.842,137.487,137.559,28456.1,137.5465
2009-06-13 02:00:00,137.965,137.965,137.965,137.965,0.0,137.935
2009-06-12 02:00:00,137.83,138.3,136.885,137.965,333122.7,137.935
2009-06-11 02:00:00,137.425,138.015,136.6,137.805,369484.51,137.7925
2009-06-10 02:00:00,137.02,138.35,136.695,137.425,565492.1,137.4075
2009-06-09 02:00:00,137.185,137.28,135.715,137.005,397112.4,136.9975
2009-06-08 02:00:00,137.895,137.995,135.99,137.19,458317.234,137.1825
2009-06-07 02:00:00,137.744,138.02,137.387,137.9,6901.1,137.89
2009-06-06 02:00:00,137.84,137.84,137.84,137.84,0.0,137.805
2009-06-05 02:00:00,136.94,139.24,136.28,137.84,423171.8,137.805
2009-06-04 02:00:00,135.77,137.435,135.77,136.94,599996.55344,136.9275
2009-06-03 02:00:00,136.41,138.015,135.31,135.77,453448.72,135.765
2009-06-02 02:00:00,136.785,137.455,135.785,136.41,465855.96,136.4025
2009-06-01 02:00:00,134.685,137.255,133.895,136.78,352908.8,136.7675
2009-05-31 02:00:00,134.571,134.94,134.475,134.675,17404.6,134.665
2009-05-30 02:00:00,135.01,135.01,135.01,135.01,0.0,134.9775
2009-05-29 02:00:00,134.9,135.715,134.26,135.01,368221.532,134.9775
2009-05-28 02:00:00,132.235,135.305,132.095,134.9,435959.185,134.8925
2009-05-27 02:00:00,133.265,133.53,131.71,132.25,568271.05,132.2375
2009-05-26 02:00:00,132.995,133.44,131.485,133.265,439668.22,133.25
2009-05-25 02:00:00,132.67,133.44,132.075,132.995,157252.18,132.9825
2009-05-24 02:00:00,132.689,133.13,132.62,132.67,16396.7,132.6575
2009-05-23 02:00:00,132.675,132.675,132.675,132.675,0.0,132.6525
2009-05-22 02:00:00,130.91,132.99,130.825,132.675,415342.4,132.6525
2009-05-21 02:00:00,130.395,131.5,129.86,130.92,592915.05,130.9075
2009-05-20 02:00:00,131.275,131.73,129.74,130.395,779116.9,130.3775
2009-05-19 02:00:00,130.53,131.865,130.17,131.275,668320.0,131.2625
2009-05-18 02:00:00,127.855,130.83,126.995,130.53,598382.841,130.515
2009-05-17 02:00:00,127.865,128.255,127.735,127.855,28231.7,127.8475
2009-05-16 02:00:00,128.49,128.49,128.49,128.49,0.0,128.465
2009-05-15 02:00:00,130.84,131.095,127.98,128.49,502921.5104,128.465
2009-05-14 02:00:00,129.165,131.2,128.88,130.84,618657.0992,130.835
2009-05-13 02:00:00,131.645,132.41,129.0,129.16,617200.92,129.145
2009-05-12 02:00:00,132.62,133.61,130.77,131.645,751066.2,131.6325
2009-05-11 02:00:00,134.65,134.71,132.085,132.62,529288.8,132.6
2009-05-10 02:00:00,134.593,134.88,134.31,134.65,22544.9,134.62
2009-05-09 02:00:00,134.325,134.325,134.325,134.325,0.0,134.3075
2009-05-08 02:00:00,132.785,134.41,132.155,134.325,577027.65,134.3075
2009-05-07 02:00:00,131.235,133.59,130.74,132.785,563940.6,132.7725
2009-05-06 02:00:00,131.415,132.45,129.895,131.245,568487.1,131.2225
2009-05-05 02:00:00,132.63,132.815,131.265,131.41,335588.2148,131.4
2009-05-04 02:00:00,132.086,132.89,131.35,132.63,418796.3924,132.615
2009-05-03 02:00:00,131.719,132.201,131.656,132.157,45462.3,132.147
2009-05-02 02:00:00,131.57,131.57,131.57,131.57,0.0,131.5325
2009-05-01 02:00:00,130.995,132.365,130.865,131.57,271605.3,131.5325
2009-04-30 02:00:00,129.515,131.28,128.935,130.995,485997.4,130.9775
2009-04-29 02:00:00,126.8,130.065,126.69,129.495,507915.7,129.48
2009-04-28 02:00:00,125.49,126.88,124.395,126.785,520356.75169,126.77
2009-04-27 02:00:00,127.9,128.145,125.35,125.515,540846.5,125.505
2009-04-26 02:00:00,128.31,128.375,127.805,127.9,24297.3,127.8875
2009-04-25 02:00:00,128.7,128.7,128.7,128.7,0.0,128.6725
2009-04-24 02:00:00,128.475,129.285,127.26,128.7,464092.7,128.6725
2009-04-23 02:00:00,127.545,129.005,126.815,128.48,493069.5,128.4675
2009-04-22 02:00:00,127.475,128.135,126.23,127.55,510608.1,127.5425
2009-04-21 02:00:00,126.185,128.11,126.1,127.475,535006.5,127.4575
2009-04-20 02:00:00,129.195,129.36,126.11,126.18,446949.3,126.1725
2009-04-19 02:00:00,129.584,129.71,129.155,129.195,22191.0,129.1825
2009-04-18 02:00:00,129.37,129.37,129.37,129.37,0.0,129.345
2009-04-17 02:00:00,131.195,131.375,128.84,129.37,483241.8,129.345
2009-04-16 02:00:00,131.295,132.04,129.375,131.2,522563.5,131.18
2009-04-15 02:00:00,131.36,131.82,129.93,131.295,506997.24,131.26
2009-04-14 02:00:00,134.215,134.23,130.855,131.36,418499.6402,131.35
2009-04-13 02:00:00,132.115,134.355,131.67,134.215,257572.23,134.2075
2009-04-12 02:00:00,132.339,132.525,132.11,132.125,11913.2,132.105
2009-04-11 02:00:00,132.225,132.225,132.225,132.225,0.0,132.1875
2009-04-10 02:00:00,132.115,132.335,131.575,132.225,126280.6,132.1875
2009-04-09 02:00:00,132.4,133.545,131.79,132.1,529016.9,132.0525
2009-04-08 02:00:00,133.57,133.585,130.975,132.4,595339.996,132.3775
2009-04-07 02:00:00,133.8,134.79,132.225,133.58,589919.2,133.56
2009-04-06 02:00:00,136.145,137.425,133.79,133.79,558365.2,133.7825
2009-04-05 02:00:00,135.141,136.25,135.141,136.145,25559.6,136.1275
2009-04-04 02:00:00,135.305,135.305,135.305,135.305,0.0,135.275
2009-04-03 02:00:00,134.335,135.31,133.18,135.305,420465.362,135.275
2009-04-02 02:00:00,130.5,134.425,130.315,134.335,546835.25,134.3175
2009-04-01 02:00:00,131.7,131.705,129.88,130.505,428543.75,130.4925
2009-03-31 02:00:00,128.495,131.905,128.405,131.705,444163.8,131.6875
2009-03-30 02:00:00,130.13,130.585,126.425,128.495,374584.0,128.47
2009-03-29 01:00:00,129.753,130.46,129.442,130.13,16808.2,130.115
2009-03-28 01:00:00,130.065,130.065,130.065,130.065,0.0,130.0375
2009-03-27 01:00:00,133.59,133.9,129.39,130.065,591053.95,130.0375
2009-03-26 01:00:00,132.76,133.935,132.35,133.6,444417.0,133.5675
2009-03-25 01:00:00,132.595,132.895,130.78,132.735,459839.408,132.72
2009-03-24 01:00:00,132.275,134.53,131.44,132.605,526951.98,132.5875
2009-03-23 01:00:00,130.815,132.575,130.655,132.275,532352.5,132.25
2009-03-22 01:00:00,130.305,130.885,130.22,130.82,24042.0,130.795
2009-03-21 01:00:00,130.33,130.33,130.33,130.33,0.0,130.305
2009-03-20 01:00:00,129.11,130.505,129.065,130.33,464983.25,130.305
2009-03-19 01:00:00,130.055,130.33,128.185,129.11,619878.31,129.095
2009-03-18 01:00:00,128.76,130.12,128.0,130.055,815152.61,130.04
2009-03-17 01:00:00,127.5,128.84,127.385,128.75,573495.0,128.745
2009-03-16 01:00:00,126.4,128.755,126.34,127.5,511054.748,127.4875
2009-03-15 01:00:00,126.435,126.555,125.545,126.4,12762.8,126.3825
2009-03-14 01:00:00,126.765,126.765,126.765,126.765,0.0,126.725
2009-03-13 01:00:00,125.535,127.655,125.445,126.765,472049.6742,126.725
2009-03-12 01:00:00,124.55,126.415,122.13,125.525,505643.6,125.515
2009-03-11 01:00:00,125.615,125.725,124.025,124.55,499034.9,124.53
2009-03-10 01:00:00,124.9,126.08,124.655,125.63,464028.9,125.6125
2009-03-09 01:00:00,124.565,125.485,123.975,124.91,429949.22,124.8825
2009-03-08 01:00:00,124.4,124.855,124.393,124.565,34930.8,124.5525
2009-03-07 01:00:00,124.39,124.39,124.39,124.39,0.0,124.3625
2009-03-06 01:00:00,123.125,124.985,122.385,124.39,513047.96,124.3625
2009-03-05 01:00:00,125.1,125.775,122.72,123.125,488627.1,123.11
2009-03-04 01:00:00,123.46,125.67,122.4,125.105,545216.24,125.0975
2009-03-03 01:00:00,121.985,124.245,121.94,123.45,607450.7624,123.4375
2009-03-02 01:00:00,122.42,123.355,121.75,121.985,613000.6,121.965
2009-03-01 01:00:00,123.505,123.62,122.33,122.425,9839.7,122.4
2009-02-28 01:00:00,123.67,123.67,123.67,123.67,0.0,123.6475
2009-02-27 01:00:00,125.085,125.115,122.11,123.67,349967.722,123.6475
2009-02-26 01:00:00,123.875,126.095,123.83,125.09,361193.5856,125.0725
2009-02-25 01:00:00,124.3,125.17,123.11,123.875,703770.5852,123.8575
2009-02-24 01:00:00,119.625,124.8,119.4,124.3,407341.7632,124.29
2009-02-23 01:00:00,119.64,121.95,119.095,119.625,464542.18,119.6025
2009-02-22 01:00:00,119.68,120.035,119.515,119.63,6837.6,119.6
2009-02-21 01:00:00,119.72,119.72,119.72,119.72,0.0,119.71
2009-02-20 01:00:00,119.0,120.005,117.915,119.72,336112.0,119.71
2009-02-19 01:00:00,117.695,120.35,117.305,119.0,353147.9,118.99
2009-02-18 01:00:00,116.155,118.055,115.975,117.695,387909.93,117.6825
2009-02-17 01:00:00,117.44,117.46,115.66,116.15,600278.09,116.135
2009-02-16 01:00:00,117.055,117.605,116.56,117.44,469179.5,117.42
2009-02-15 01:00:00,117.241,117.795,116.93,117.06,19087.2,117.0375
2009-02-14 01:00:00,118.33,118.33,118.33,118.33,0.0,118.2875
2009-02-13 01:00:00,116.87,118.82,116.575,118.33,609791.65,118.2875
2009-02-12 01:00:00,116.19,117.2,114.905,116.865,598508.8,116.835
2009-02-11 01:00:00,116.8,117.3,115.935,116.19,545661.3,116.1825
2009-02-10 01:00:00,118.38,119.665,115.77,116.8,669921.5,116.7825
2009-02-09 01:00:00,119.365,120.04,117.095,118.38,623287.3954,118.36
2009-02-08 01:00:00,118.979,120.0,118.89,119.36,16583.5,119.3275
2009-02-07 01:00:00,118.94,118.94,118.94,118.94,0.0,118.9075
2009-02-06 01:00:00,116.635,119.73,115.725,118.94,584594.7,118.9075
2009-02-05 01:00:00,115.01,118.915,114.38,116.62,636897.832,116.6075
2009-02-04 01:00:00,116.315,117.05,114.23,115.005,600120.5,114.9925
2009-02-03 01:00:00,114.515,116.745,114.48,116.32,571193.8,116.31
2009-02-02 01:00:00,114.4,116.005,113.15,114.53,477667.5027,114.5075
2009-02-01 01:00:00,114.885,115.05,114.275,114.41,18171.4,114.3775
2009-01-31 01:00:00,115.245,115.245,115.245,115.245,0.0,115.2225
2009-01-30 01:00:00,116.385,116.455,114.61,115.245,559048.1758,115.2225
2009-01-29 01:00:00,119.05,119.34,116.005,116.37,615066.6253,116.35
2009-01-28 01:00:00,118.08,119.62,117.18,119.06,590755.5858,119.035
2009-01-27 01:00:00,117.75,119.48,116.135,118.09,566272.9716,118.08
2009-01-26 01:00:00,114.105,118.0,114.0,117.75,536776.9716,117.7275
2009-01-25 01:00:00,115.053,115.1,113.765,114.11,7265.2,114.08
2009-01-24 01:00:00,115.215,115.215,115.215,115.215,0.0,115.1875
2009-01-23 01:00:00,115.945,116.055,112.53,115.215,330290.85,115.1875
2009-01-22 01:00:00,115.79,116.705,113.985,115.95,405753.2,115.9325
2009-01-21 01:00:00,115.74,117.225,112.085,115.8,391147.1874,115.78
2009-01-20 01:00:00,118.705,118.725,115.33,115.74,378828.84,115.72
2009-01-19 01:00:00,121.87,122.065,118.235,118.705,357376.5,118.6775
2009-01-18 01:00:00,121.334,122.195,121.309,121.87,18200.6,121.85
2009-01-17 01:00:00,120.43,120.43,120.43,120.43,0.0,120.385
2009-01-16 01:00:00,118.42,120.74,118.24,120.43,407576.4,120.385
2009-01-15 01:00:00,117.795,118.66,116.24,118.43,587559.7,118.41
2009-01-14 01:00:00,118.005,119.75,116.565,117.795,418882.1,117.7725
2009-01-13 01:00:00,119.505,119.51,117.15,118.015,499647.9,117.985
2009-01-12 01:00:00,120.975,121.16,118.665,119.51,401197.3,119.485
2009-01-11 01:00:00,121.505,121.535,120.865,120.98,16885.7,120.955
2009-01-10 01:00:00,121.78,121.78,121.78,121.78,0.0,121.7675
2009-01-09 01:00:00,125.2,125.305,121.175,121.78,392806.7,121.7675
2009-01-08 01:00:00,126.285,126.465,124.105,125.2,333271.0,125.1775
2009-01-07 01:00:00,126.15,127.695,125.68,126.29,423309.0,126.265
2009-01-06 01:00:00,127.18,127.18,125.195,126.16,490470.2,126.1375
2009-01-05 01:00:00,128.545,128.59,126.395,127.18,507903.47,127.1575
2009-01-04 01:00:00,127.915,128.585,127.675,128.555,12716.0,128.53
2009-01-03 01:00:00,127.84,127.84,127.84,127.84,0.0,127.8175
2009-01-02 01:00:00,127.01,128.04,126.05,127.84,328665.0,127.8175
2009-01-01 01:00:00,126.755,128.171,126.647,127.02,25720.1,126.9725
2008-12-31 01:00:00,127.725,127.795,125.4,126.791,156752.3,126.769
2008-12-30 01:00:00,127.23,128.175,126.395,127.715,321481.264,127.6925
2008-12-29 01:00:00,127.845,129.715,126.225,127.235,309307.944,127.2125
2008-12-28 01:00:00,127.571,128.0,127.519,127.845,5965.4,127.815
2008-12-27 01:00:00,127.455,127.455,127.455,127.455,0.0,127.3925
2008-12-26 01:00:00,126.89,127.775,126.78,127.455,161073.8,127.3925
2008-12-25 01:00:00,126.744,128.268,126.342,126.89,272608.3,126.85
2008-12-24 01:00:00,126.68,126.97,126.025,126.74,186632.6,126.7
2008-12-23 01:00:00,125.87,127.03,125.76,126.68,304736.8,126.64
2008-12-22 01:00:00,125.12,126.635,125.04,125.873,515865.5,125.823
2008-12-21 01:00:00,124.185,125.12,124.015,125.115,11085.2,125.09
2008-12-20 01:00:00,124.295,124.295,124.295,124.295,0.0,124.2525
2008-12-19 01:00:00,128.0,128.265,123.735,124.295,404767.1,124.2525
2008-12-18 01:00:00,125.76,131.065,125.685,128.0,398460.55,127.965
2008-12-17 01:00:00,124.785,126.805,124.22,125.76,475043.57701,125.7425
2008-12-16 01:00:00,123.995,125.48,122.565,124.775,512727.1,124.75
2008-12-15 01:00:00,121.99,124.6,121.695,124.01,580713.68,123.9925
2008-12-14 01:00:00,122.094,122.17,121.68,122.0,13763.6,121.9625
2008-12-13 01:00:00,121.91,121.91,121.91,121.91,0.0,121.8875
2008-12-12 01:00:00,122.025,122.54,117.73,121.91,589007.98,121.8875
2008-12-11 01:00:00,120.84,122.74,120.29,122.02,520094.1,121.995
2008-12-10 01:00:00,119.375,121.485,119.3,120.84,489822.23,120.815
2008-12-09 01:00:00,120.105,120.25,118.41,119.39,470786.515,119.365
2008-12-08 01:00:00,118.135,120.99,118.07,120.094,480756.965,120.077
2008-12-07 01:00:00,118.158,118.31,117.911,118.14,5137.8,118.1075
2008-12-06 01:00:00,118.14,118.14,118.14,118.14,0.0,118.1
2008-12-05 01:00:00,118.165,118.79,115.905,118.14,441263.2,118.1
2008-12-04 01:00:00,118.37,119.305,116.355,118.16,803897.58,118.125
2008-12-03 01:00:00,118.43,119.295,116.825,118.365,463811.4,118.3475
2008-12-02 01:00:00,117.455,119.49,116.575,118.43,482269.4,118.41
2008-12-01 01:00:00,120.81,121.04,117.25,117.455,372393.3,117.4275
2008-11-30 01:00:00,121.349,121.495,120.79,120.81,5931.7,120.79
2008-11-29 01:00:00,121.325,121.325,121.325,121.325,0.0,121.2925
2008-11-28 01:00:00,123.08,123.47,120.505,121.325,296084.4,121.2925
2008-11-27 01:00:00,123.355,123.695,122.465,123.08,251121.626,123.0575
2008-11-26 01:00:00,124.4,124.455,121.97,123.355,361253.826,123.3325
2008-11-25 01:00:00,125.105,125.935,122.65,124.4,363827.08,124.39
2008-11-24 01:00:00,121.375,126.27,119.56,125.095,335319.62,125.0925
2008-11-23 01:00:00,120.725,121.515,120.65,121.38,7866.3,121.355
2008-11-22 01:00:00,120.735,120.735,120.735,120.735,0.0,120.7175
2008-11-21 01:00:00,117.02,120.865,116.795,120.735,273423.19,120.7175
2008-11-20 01:00:00,120.06,121.195,116.445,117.025,253978.488,117.0025
2008-11-19 01:00:00,122.3,124.31,119.245,120.06,284201.108264,120.0525
2008-11-18 01:00:00,121.89,123.605,121.02,122.3,227971.70391,122.27
2008-11-17 01:00:00,120.525,123.93,120.22,121.91,234832.60345,121.885
2008-11-16 01:00:00,120.222,121.885,120.134,120.53,11626.18,120.505
2008-11-15 01:00:00,122.425,122.425,122.425,122.425,0.0,122.3625
2008-11-14 01:00:00,124.82,125.06,121.375,122.425,202696.72945,122.3625
2008-11-13 01:00:00,118.135,126.09,118.135,124.81,235800.04,124.795
2008-11-12 01:00:00,121.765,123.885,117.69,118.145,279211.12,118.1325
2008-11-11 01:00:00,124.93,125.525,121.25,121.76,284206.09,121.735
2008-11-10 01:00:00,127.01,128.455,124.245,124.93,315782.27316,124.915
2008-11-09 01:00:00,127.293,127.375,126.295,127.01,9282.0,126.98
2008-11-08 01:00:00,124.975,124.975,124.975,124.975,0.0,124.935
2008-11-07 01:00:00,123.47,126.395,122.475,124.975,266534.44,124.935
2008-11-06 01:00:00,126.88,127.11,123.31,123.465,417475.75,123.44
2008-11-05 01:00:00,129.58,130.145,126.09,126.88,325556.5255,126.8525
2008-11-04 01:00:00,124.89,130.99,123.44,129.58,298485.796002,129.55
2008-11-03 01:00:00,125.915,128.475,124.615,124.89,266057.56,124.87
2008-11-02 01:00:00,125.78,126.0,125.46,125.915,4465.1,125.8825
2008-11-01 01:00:00,125.435,125.435,125.435,125.435,0.0,125.3825
2008-10-31 01:00:00,127.185,127.31,122.25,125.435,318907.15,125.3825
2008-10-30 01:00:00,126.435,131.125,124.805,127.21,392108.985,127.16
2008-10-29 01:00:00,125.81,127.015,121.44,126.455,494967.3129,126.4225
2008-10-28 01:00:00,116.25,127.4,114.435,125.81,578052.852865,125.7775
2008-10-25 02:00:00,118.995,118.995,118.995,118.995,0.0,118.99
2008-10-24 02:00:00,125.96,126.035,113.815,118.995,6225513.887701,118.99
2008-10-23 02:00:00,124.895,127.37,123.155,125.97,9522519.7734,125.925
2008-10-22 02:00:00,130.41,130.86,124.165,124.9,10214043.72652,124.87
2008-10-21 02:00:00,136.26,136.415,130.2,130.41,10713467.49784,130.385
2008-10-20 02:00:00,136.49,138.58,134.825,136.26,6085985.72004,136.2375
2008-10-19 02:00:00,136.386,136.585,135.965,136.485,254928.7,136.4725
2008-10-18 02:00:00,136.36,136.36,136.36,136.36,0.0,136.3425
2008-10-17 02:00:00,136.835,137.435,134.84,136.36,8515400.165903,136.3425
2008-10-16 02:00:00,133.52,137.235,133.5,136.835,10924537.404733,136.8
2008-10-15 02:00:00,137.795,138.985,133.4,133.51,9975753.0135,133.47
2008-10-14 02:00:00,140.2,141.75,137.63,137.795,9354805.473063,137.7725
2008-10-13 02:00:00,137.07,140.21,134.24,140.2,8606933.4132,140.1775
2008-10-12 02:00:00,136.778,137.66,136.505,137.075,334215.08,137.0375
2008-10-11 02:00:00,135.06,135.06,135.06,135.06,0.0,135.005
2008-10-10 02:00:00,134.345,136.41,132.28,135.06,8535043.433619,135.005
2008-10-09 02:00:00,135.8,139.75,133.59,134.345,12423991.96466,134.315
2008-10-08 02:00:00,137.495,138.84,134.19,135.8,8215343.822086,135.77
2008-10-07 02:00:00,137.35,141.095,136.675,137.49,525675.725,137.485
2008-10-06 02:00:00,142.73,142.98,135.055,137.345,671989.481617,137.315
2008-10-05 02:00:00,143.458,144.025,142.185,142.745,29902.6,142.73
2008-10-04 02:00:00,145.105,145.105,145.105,145.105,0.0,145.07
2008-10-03 02:00:00,144.775,146.875,144.0,145.105,556210.814,145.07
2008-10-02 02:00:00,148.41,148.515,144.575,144.775,568833.866005,144.76
2008-10-01 02:00:00,149.7,150.635,147.54,148.41,651668.399,148.405
2008-09-30 02:00:00,149.71,151.375,148.57,149.71,675709.62,149.6925
2008-09-29 02:00:00,154.61,155.1,148.85,149.71,787486.35234,149.705
2008-09-28 02:00:00,154.455,154.85,154.245,154.615,27295.75,154.595
2008-09-27 02:00:00,154.945,154.945,154.945,154.945,0.0,154.9325
2008-09-26 02:00:00,155.51,155.68,153.49,154.945,571108.809968,154.9325
2008-09-25 02:00:00,155.49,156.35,155.11,155.51,808052.98,155.4875
2008-09-24 02:00:00,155.11,156.21,154.545,155.49,748515.3075,155.465
2008-09-23 02:00:00,156.135,156.295,154.48,155.11,824901.3,155.08
2008-09-22 02:00:00,154.75,156.855,153.825,156.13,879734.59726,156.115
2008-09-21 02:00:00,154.781,155.21,154.2,154.75,89397.57965,154.74
2008-09-20 02:00:00,155.48,155.48,155.48,155.48,0.0,155.4375
2008-09-19 02:00:00,151.5,155.55,151.01,155.48,782148.882,155.4375
2008-09-18 02:00:00,149.375,151.995,149.3,151.51,1079458.3252,151.4825
2008-09-17 02:00:00,150.37,151.6,147.515,149.37,1152849.9315,149.365
2008-09-16 02:00:00,148.475,150.55,147.05,150.37,878720.292121,150.35
2008-09-15 02:00:00,152.35,152.84,148.4,148.48,732021.440297,148.4625
2008-09-14 02:00:00,151.358,153.055,151.27,152.34,16740.4,152.2975
2008-09-13 02:00:00,153.515,153.515,153.515,153.515,0.0,153.4975
2008-09-12 02:00:00,150.13,153.585,149.595,153.515,395859.242986,153.4975
2008-09-11 02:00:00,149.71,150.685,147.54,150.13,555155.188705,150.11
2008-09-10 02:00:00,150.78,152.52,149.71,149.71,492060.205,149.7
2008-09-09 02:00:00,152.75,153.555,150.53,150.78,401616.997412,150.77
2008-09-08 02:00:00,155.93,157.01,151.675,152.75,374262.40073,152.735
2008-09-07 02:00:00,155.787,156.935,155.105,155.93,45465.651,155.9125
2008-09-06 02:00:00,153.695,153.695,153.695,153.695,0.0,153.6925
2008-09-05 02:00:00,151.93,153.73,150.645,153.695,610208.344523,153.6925
2008-09-04 02:00:00,157.24,157.775,150.61,151.94,487684.435578,151.92
2008-09-03 02:00:00,157.165,158.07,156.27,157.26,454993.895882,157.25
2008-09-02 02:00:00,157.61,158.47,157.01,157.17,430943.21675,157.16
2008-09-01 02:00:00,159.44,159.635,157.12,157.61,331495.876,157.6
2008-08-31 02:00:00,159.333,159.51,159.16,159.44,19932.1,159.43
2008-08-30 02:00:00,159.66,159.66,159.66,159.66,0.0,159.655
2008-08-29 02:00:00,160.89,161.06,159.22,159.66,412397.84203,159.655
2008-08-28 02:00:00,161.33,162.02,160.725,160.89,592535.62718,160.885
2008-08-27 02:00:00,160.48,161.53,160.065,161.34,590245.355344,161.33
2008-08-26 02:00:00,161.03,161.515,159.945,160.48,692315.139452,160.47
2008-08-25 02:00:00,162.51,162.56,160.795,161.03,465756.513677,161.02
2008-08-24 02:00:00,162.729,162.83,162.38,162.51,14601.2,162.5
2008-08-23 02:00:00,162.84,162.84,162.84,162.84,0.0,162.8275
2008-08-22 02:00:00,161.47,163.115,161.46,162.84,641814.57,162.8275
2008-08-21 02:00:00,161.86,162.21,160.2,161.47,610972.09135,161.46
2008-08-20 02:00:00,162.25,162.605,161.475,161.85,592053.9675,161.845
2008-08-19 02:00:00,161.84,162.41,160.88,162.24,583042.8885,162.235
2008-08-18 02:00:00,162.09,162.665,161.62,161.84,417092.7675,161.835
2008-08-17 02:00:00,162.32,162.433,161.94,162.09,15075.2,162.08
2008-08-16 02:00:00,162.31,162.31,162.31,162.31,0.0,162.3
2008-08-15 02:00:00,162.22,163.11,161.87,162.31,397935.8739,162.3
2008-08-14 02:00:00,162.695,163.73,162.155,162.22,552052.7675,162.215
2008-08-13 02:00:00,162.75,163.895,161.4,162.71,697002.1725,162.695
2008-08-12 02:00:00,164.23,164.415,162.69,162.75,550537.694675,162.74
2008-08-11 02:00:00,163.81,165.6,163.8,164.23,321629.95715,164.22
2008-08-10 02:00:00,164.663,165.015,163.67,163.81,40256.8,163.795
2008-08-09 02:00:00,165.34,165.34,165.34,165.34,0.0,165.3375
2008-08-08 02:00:00,167.46,167.51,165.325,165.34,456706.35495,165.3375
2008-08-07 02:00:00,168.87,169.485,167.44,167.46,534853.34994,167.45
2008-08-06 02:00:00,167.56,169.34,167.55,168.87,493457.540394,168.86
2008-08-05 02:00:00,168.47,168.47,166.865,167.56,572020.03575,167.55
2008-08-04 02:00:00,167.46,168.795,167.43,168.47,357077.876,168.46
2008-08-03 02:00:00,167.63,167.7,167.32,167.46,9794.2,167.45
2008-08-02 02:00:00,167.61,167.61,167.61,167.61,0.0,167.5975
2008-08-01 02:00:00,167.9,167.94,167.0,167.61,346954.558074,167.5975
2008-07-31 02:00:00,168.52,169.19,167.9,167.9,301318.0855,167.895
2008-07-30 02:00:00,168.49,168.6,167.965,168.52,279984.0564,168.515
2008-07-29 02:00:00,169.17,169.495,168.315,168.49,298382.5888,168.48
2008-07-28 02:00:00,169.3,169.745,169.04,169.17,362755.454895,169.16
2008-07-27 02:00:00,169.297,169.425,169.242,169.31,12240.3,169.3
2008-07-26 02:00:00,169.43,169.43,169.43,169.43,0.0,169.4125
2008-07-25 02:00:00,168.3,169.475,167.52,169.43,291618.696617,169.4125
2008-07-24 02:00:00,169.26,169.375,167.94,168.315,320980.661,168.305
2008-07-23 02:00:00,169.26,169.975,169.13,169.25,330460.816,169.2425
2008-07-22 02:00:00,169.55,169.73,169.055,169.26,315279.7395,169.255
2008-07-21 02:00:00,169.45,169.925,169.105,169.55,237246.95,169.5425
2008-07-20 02:00:00,169.41,169.47,169.285,169.45,5779.3405,169.44
2008-07-19 02:00:00,169.51,169.51,169.51,169.51,0.0,169.4875
2008-07-18 02:00:00,168.42,169.51,168.25,169.51,210460.152,169.4875
2008-07-17 02:00:00,166.31,169.13,166.015,168.42,247550.934874,168.41
2008-07-16 02:00:00,166.745,166.86,165.335,166.31,282005.785987,166.3
2008-07-15 02:00:00,168.78,168.82,166.42,166.745,283270.168,166.7375
2008-07-14 02:00:00,169.49,169.59,168.75,168.78,260188.4,168.77
2008-07-13 02:00:00,169.269,169.69,169.231,169.5,55134.3,169.49
2008-07-12 02:00:00,169.415,169.415,169.415,169.415,0.0,169.3875
2008-07-11 02:00:00,168.94,169.64,168.14,169.415,242574.3,169.3875
2008-07-10 02:00:00,168.14,169.15,167.84,168.94,251352.0,168.9275
2008-07-09 02:00:00,168.39,168.905,167.96,168.14,259122.002,168.1275
2008-07-08 02:00:00,168.38,168.49,167.23,168.39,285288.3,168.38
2008-07-07 02:00:00,167.565,168.63,167.15,168.38,228945.2122,168.37
2008-07-06 02:00:00,167.553,167.75,167.532,167.57,11193.3,167.555
2008-07-05 02:00:00,167.695,167.695,167.695,167.695,0.0,167.685
2008-07-04 02:00:00,167.4,168.075,167.145,167.695,166506.792,167.685
2008-07-03 02:00:00,168.15,169.145,167.25,167.4,292956.426,167.39
2008-07-02 02:00:00,167.67,168.65,167.34,168.15,433738.864305,168.14
2008-07-01 02:00:00,167.16,167.68,166.17,167.67,314707.608978,167.655
2008-06-30 02:00:00,167.89,168.135,166.09,167.16,518868.701124,167.15
2008-06-29 02:00:00,167.535,167.955,167.416,167.89,26336.9,167.865
2008-06-28 02:00:00,167.64,167.64,167.64,167.64,0.0,167.6225
2008-06-27 02:00:00,168.41,168.605,167.045,167.64,425154.554192,167.6225
2008-06-26 02:00:00,168.97,169.47,168.02,168.42,514733.208,168.41
2008-06-25 02:00:00,167.93,169.17,167.64,168.97,543574.793128,168.96
2008-06-24 02:00:00,167.44,168.395,167.41,167.94,332322.498755,167.9225
2008-06-23 02:00:00,167.51,167.76,166.88,167.445,461207.72687,167.4425
2008-06-22 02:00:00,167.351,167.81,167.339,167.5,31589.1,167.49
2008-06-21 02:00:00,167.54,167.54,167.54,167.54,0.0,167.5225
2008-06-20 02:00:00,167.425,168.14,167.26,167.54,490377.8,167.5225
2008-06-19 02:00:00,167.62,167.79,166.8,167.425,544483.7,167.4175
2008-06-18 02:00:00,167.46,168.04,167.04,167.62,395042.7,167.61
2008-06-17 02:00:00,167.37,167.84,167.08,167.46,495542.028,167.455
2008-06-16 02:00:00,166.63,167.69,166.46,167.375,467625.72,167.3725
2008-06-15 02:00:00,166.44,166.66,166.405,166.63,20863.972,166.615
2008-06-14 02:00:00,166.43,166.43,166.43,166.43,0.0,166.4
2008-06-13 02:00:00,166.69,166.84,165.66,166.43,326180.525722,166.4
2008-06-12 02:00:00,166.28,166.94,165.67,166.7,416243.5432,166.69
2008-06-11 02:00:00,165.96,166.99,165.67,166.262,285181.045035,166.257
2008-06-10 02:00:00,166.385,166.68,165.545,165.96,109909.313797,165.95
2008-06-09 02:00:00,165.44,167.16,165.37,166.38,120739.761806,166.375
2008-06-08 02:00:00,165.213,165.51,164.96,165.45,13508.6,165.44
2008-06-07 02:00:00,165.565,165.565,165.565,165.565,0.0,165.5525
2008-06-06 02:00:00,165.17,166.17,165.04,165.565,88915.147282,165.5525
2008-06-05 02:00:00,162.53,165.275,162.26,165.17,88943.48,165.165
2008-06-04 02:00:00,162.2,162.67,161.745,162.53,92175.945693,162.52
2008-06-03 02:00:00,162.2,163.23,161.835,162.2,117886.28,162.19
2008-06-02 02:00:00,164.07,164.12,162.09,162.2,151861.346478,162.19
2008-06-01 02:00:00,163.644,164.24,163.582,164.07,9280.04,164.065
2008-05-31 02:00:00,164.175,164.175,164.175,164.175,0.0,164.1375
2008-05-30 02:00:00,163.83,164.26,163.1,164.175,148172.775773,164.1375
2008-05-29 02:00:00,163.845,164.24,163.33,163.83,141668.299855,163.825
2008-05-28 02:00:00,163.545,164.495,163.115,163.845,407221.407028,163.8425
2008-05-27 02:00:00,163.18,163.9,163.07,163.545,189657.799712,163.5375
2008-05-26 02:00:00,162.84,163.305,162.75,163.18,131257.3,163.17
2008-05-25 02:00:00,162.833,163.105,162.774,162.84,29781.1,162.82
2008-05-24 02:00:00,163.01,163.01,163.01,163.01,0.0,162.955
2008-05-23 02:00:00,163.67,163.87,162.63,163.01,233817.204287,162.955
2008-05-22 02:00:00,162.63,163.88,162.265,163.67,390809.807123,163.66
2008-05-21 02:00:00,162.22,163.17,161.605,162.63,360083.236812,162.62
2008-05-20 02:00:00,162.2,163.045,161.465,162.22,189601.985996,162.215
2008-05-19 02:00:00,162.28,162.555,161.57,162.2,179414.30186,162.19
2008-05-18 02:00:00,162.251,162.3,162.1,162.28,18605.7,162.255
2008-05-17 02:00:00,162.2,162.2,162.2,162.2,0.0,162.145
2008-05-16 02:00:00,161.92,162.49,161.275,162.2,214492.185133,162.145
2008-05-15 02:00:00,162.68,162.96,161.61,161.92,299911.15,161.91
2008-05-14 02:00:00,162.065,162.91,161.735,162.68,179493.856366,162.67
2008-05-13 02:00:00,161.355,162.35,160.15,162.065,361681.690653,162.0575
2008-05-12 02:00:00,158.79,161.545,158.765,161.355,177758.827813,161.3475
2008-05-11 02:00:00,159.24,159.4,158.64,158.79,30350.175,158.77
2008-05-10 02:00:00,159.215,159.215,159.215,159.215,0.0,159.1875
2008-05-09 02:00:00,160.01,160.01,158.61,159.215,247905.234392,159.1875
2008-05-08 02:00:00,160.96,161.08,159.075,160.01,362067.296638,159.995
2008-05-07 02:00:00,162.84,163.08,160.91,160.96,268163.615,160.955
2008-05-06 02:00:00,162.7,162.895,162.01,162.84,348798.53768,162.83
2008-05-05 02:00:00,162.78,163.105,162.33,162.7,185877.525,162.685
2008-05-04 02:00:00,162.46,162.82,162.361,162.77,16702.8,162.7525
2008-05-03 02:00:00,162.57,162.57,162.57,162.57,0.0,162.535
2008-05-02 02:00:00,161.58,162.63,161.54,162.57,175992.601621,162.535
2008-05-01 02:00:00,162.4,162.445,160.615,161.58,211589.721264,161.57
2008-04-30 02:00:00,161.83,163.0,161.61,162.395,134323.755421,162.3825
2008-04-29 02:00:00,163.0,163.235,161.115,161.83,100743.536,161.82
2008-04-28 02:00:00,163.45,163.9,162.86,163.0,164075.658782,162.995
2008-04-27 02:00:00,163.054,163.49,162.88,163.45,16290.05,163.43
2008-04-26 02:00:00,163.21,163.21,163.21,163.21,0.0,163.155
2008-04-25 02:00:00,163.59,163.84,162.675,163.21,195747.628294,163.155
2008-04-24 02:00:00,164.36,164.545,162.92,163.59,522234.89,163.58
2008-04-23 02:00:00,164.41,164.98,163.82,164.36,466861.615253,164.345
2008-04-22 02:00:00,164.23,164.95,163.3,164.41,435030.737257,164.4
2008-04-21 02:00:00,164.21,164.875,163.88,164.23,643425.78024,164.22
2008-04-20 02:00:00,164.179,164.46,164.08,164.21,176247.76,164.2
2008-04-19 02:00:00,164.03,164.03,164.03,164.03,0.0,163.99
2008-04-18 02:00:00,162.87,164.695,162.68,164.03,806842.71,163.99
2008-04-17 02:00:00,162.335,163.26,162.16,162.87,847421.011905,162.86
2008-04-16 02:00:00,160.56,162.58,160.445,162.335,797900.592774,162.3225
2008-04-15 02:00:00,160.02,161.05,159.71,160.56,811324.19175,160.555
2008-04-14 02:00:00,158.92,160.24,158.26,160.025,832230.831,160.0175
2008-04-13 02:00:00,159.183,159.31,158.8,158.92,198820.06,158.905
2008-04-12 02:00:00,159.585,159.585,159.585,159.585,0.0,159.5175
2008-04-11 02:00:00,160.24,161.38,159.365,159.585,567757.975,159.5175
2008-04-10 02:00:00,160.98,161.085,158.8,160.24,709535.735116,160.225
2008-04-09 02:00:00,161.28,161.49,160.615,160.97,657372.613737,160.96
2008-04-08 02:00:00,161.07,161.73,160.495,161.28,662673.069431,161.26
2008-04-07 02:00:00,159.89,161.48,159.86,161.07,474443.631915,161.06
2008-04-06 02:00:00,159.667,160.18,159.575,159.89,147022.3,159.88
2008-04-05 02:00:00,159.684,159.684,159.684,159.684,0.0,159.672
2008-04-04 02:00:00,160.4,161.105,159.615,159.684,384394.75,159.672
2008-04-03 02:00:00,160.28,161.07,159.315,160.4,788178.065671,160.3925
2008-04-02 02:00:00,158.6,160.755,158.55,160.28,771374.034,160.275
2008-04-01 02:00:00,157.255,159.205,156.345,158.6,477305.531625,158.59
2008-03-31 02:00:00,156.69,158.165,156.49,157.255,428997.940081,157.2425
2008-03-30 01:00:00,156.635,156.745,156.06,156.695,71532.4,156.6875
2008-03-29 01:00:00,156.8,156.8,156.8,156.8,0.0,156.79
2008-03-28 01:00:00,157.4,158.36,156.58,156.8,421581.764654,156.79
2008-03-27 01:00:00,156.895,158.045,155.9,157.4,463439.335445,157.385
2008-03-26 01:00:00,156.25,157.48,155.7,156.895,1105303.227882,156.8775
2008-03-25 01:00:00,155.54,156.775,155.29,156.25,491288.372707,156.235
2008-03-24 01:00:00,153.515,155.62,153.09,155.54,563230.7,155.53
2008-03-23 01:00:00,153.474,153.636,153.218,153.515,162276.6,153.4825
2008-03-22 01:00:00,153.678,153.678,153.678,153.678,0.0,153.665
2008-03-21 01:00:00,153.41,154.18,153.17,153.678,481562.9,153.665
2008-03-20 01:00:00,154.26,155.18,151.715,153.41,933019.539986,153.39
2008-03-19 01:00:00,156.33,156.7,154.07,154.27,519427.691187,154.25
2008-03-18 01:00:00,152.86,157.04,152.57,156.33,789377.886706,156.3125
2008-03-17 01:00:00,154.635,154.65,151.835,152.85,811560.441139,152.825
2008-03-16 01:00:00,155.336,155.625,154.41,154.635,106386.68271,154.6075
2008-03-15 01:00:00,155.4,155.4,155.4,155.4,0.0,155.335
2008-03-14 01:00:00,157.33,157.6,154.84,155.4,780309.178406,155.335
2008-03-13 01:00:00,157.745,157.98,155.555,157.33,397963.275577,157.315
2008-03-12 01:00:00,158.435,159.15,157.34,157.755,1144806.796,157.7425
2008-03-11 01:00:00,155.625,158.95,155.595,158.435,765463.791095,158.42
2008-03-10 01:00:00,157.45,157.6,155.62,155.625,787629.813409,155.6175
2008-03-09 01:00:00,157.483,157.58,157.15,157.45,157944.263685,157.445
2008-03-08 01:00:00,157.682,157.682,157.682,157.682,0.0,157.677
2008-03-07 01:00:00,157.825,158.425,156.705,157.682,599004.049998,157.677
2008-03-06 01:00:00,158.8,158.91,157.71,157.825,989096.8499,157.815
2008-03-05 01:00:00,157.245,159.22,157.015,158.8,1032459.413847,158.79
2008-03-04 01:00:00,157.37,157.395,156.125,157.245,857008.369585,157.235
2008-03-03 01:00:00,156.7,157.75,155.95,157.37,981911.307028,157.3575
2008-03-02 01:00:00,157.418,157.49,156.68,156.72,52786.8506,156.715
2008-03-01 01:00:00,157.458,157.458,157.458,157.458,0.0,157.453
2008-02-29 01:00:00,159.455,159.475,157.456,157.458,634961.798264,157.453
2008-02-28 01:00:00,160.85,160.985,159.185,159.455,932396.232608,159.435
2008-02-27 01:00:00,161.055,161.18,159.845,160.85,986950.85,160.84
2008-02-26 01:00:00,160.3,161.43,159.645,161.06,567297.153468,161.05
2008-02-25 01:00:00,159.225,160.425,158.925,160.3,485463.411784,160.285
2008-02-24 01:00:00,159.249,159.277,158.975,159.225,19490.7,159.2125
2008-02-23 01:00:00,158.898,158.898,158.898,158.898,0.0,158.8855
2008-02-22 01:00:00,159.15,159.3,158.17,158.898,556651.2404,158.8855
2008-02-21 01:00:00,159.08,159.595,158.785,159.15,426911.137395,159.1425
2008-02-20 01:00:00,159.005,159.285,157.715,159.08,619780.136696,159.07
2008-02-19 01:00:00,158.5,159.07,157.97,159.005,364516.79,158.995
2008-02-18 01:00:00,158.195,158.72,158.1,158.5,254786.55,158.4875
2008-02-17 01:00:00,158.33,158.35,158.16,158.195,39931.6,158.1875
2008-02-16 01:00:00,158.252,158.252,158.252,158.252,0.0,158.24
2008-02-15 01:00:00,157.87,158.895,157.525,158.252,767064.663528,158.24
2008-02-14 01:00:00,157.615,158.495,157.35,157.87,1137456.115671,157.86
2008-02-13 01:00:00,156.55,157.905,155.835,157.615,700065.411394,157.605
2008-02-12 01:00:00,154.975,157.04,154.89,156.55,324833.705648,156.535
2008-02-11 01:00:00,156.11,156.315,154.33,154.975,290492.037915,154.9675
2008-02-10 01:00:00,155.81,156.385,155.796,156.11,23829.512895,156.1025
2008-02-09 01:00:00,155.698,155.698,155.698,155.698,0.0,155.688
2008-02-08 01:00:00,155.385,156.18,155.065,155.698,655779.466493,155.688
2008-02-07 01:00:00,155.495,156.215,154.07,155.385,501044.052718,155.3675
2008-02-06 01:00:00,155.92,156.535,155.165,155.495,1770389.406671,155.475
2008-02-05 01:00:00,158.22,158.525,155.75,155.92,765234.963749,155.91
2008-02-04 01:00:00,157.82,158.725,157.735,158.22,631160.494206,158.21
2008-02-03 01:00:00,157.716,157.94,157.631,157.82,127812.289789,157.81
2008-02-02 01:00:00,157.566,157.566,157.566,157.566,0.0,157.556
2008-02-01 01:00:00,157.945,158.905,157.19,157.566,1613770.284846,157.556
2008-01-31 01:00:00,157.55,158.725,156.705,157.945,2332492.189278,157.9325
2008-01-30 01:00:00,158.13,159.51,157.27,157.55,2394176.579695,157.53
2008-01-29 01:00:00,158.205,158.35,157.14,158.13,2037507.347807,158.125
2008-01-28 01:00:00,156.86,158.55,155.56,158.205,2312427.982799,158.1925
2008-01-27 01:00:00,156.76,157.01,156.76,156.86,146068.14,156.85
2008-01-26 01:00:00,156.67,156.67,156.67,156.67,0.0,156.655
2008-01-25 01:00:00,158.33,159.14,156.565,156.67,1768485.72332,156.655
2008-01-24 01:00:00,156.15,158.375,154.875,158.335,988355.023633,158.3225
2008-01-23 01:00:00,156.85,157.17,152.795,156.15,1555557.6182,156.145
2008-01-22 01:00:00,152.355,157.04,152.13,156.85,2431991.99,156.835
2008-01-21 01:00:00,156.055,156.1,152.32,152.355,1712521.213,152.335
2008-01-20 01:00:00,155.853,156.105,155.749,156.055,30245.9,156.045
2008-01-19 01:00:00,156.145,156.145,156.145,156.145,0.0,156.135
2008-01-18 01:00:00,155.8,157.81,155.77,156.145,1846990.834,156.135
2008-01-17 01:00:00,157.415,157.855,155.71,155.8,2272275.8352,155.785
2008-01-16 01:00:00,158.05,158.5,156.295,157.415,2772293.10386,157.4075
2008-01-15 01:00:00,160.975,160.98,157.705,158.05,1678435.882395,158.0325
2008-01-14 01:00:00,161.18,161.585,159.94,160.975,677097.479278,160.9675
2008-01-13 01:00:00,160.561,161.18,160.543,161.18,25267.379036,161.17
2008-01-12 01:00:00,160.749,160.749,160.749,160.749,0.0,160.744
2008-01-11 01:00:00,162.24,162.3,160.67,160.749,675670.40471,160.744
2008-01-10 01:00:00,161.14,162.305,160.595,162.24,838869.235156,162.23
2008-01-09 01:00:00,160.295,161.66,160.1,161.15,845426.480977,161.135
2008-01-08 01:00:00,160.425,161.525,160.035,160.295,875109.242116,160.2775
2008-01-07 01:00:00,160.245,160.975,159.93,160.425,741746.945649,160.4075
2008-01-06 01:00:00,160.042,160.39,160.007,160.245,33785.45,160.2325
2008-01-05 01:00:00,159.977,159.977,159.977,159.977,0.0,159.942
2008-01-04 01:00:00,161.48,161.535,159.795,159.977,2197410.787198,159.942
2008-01-03 01:00:00,160.81,161.7,159.765,161.485,2716217.882142,161.4725
2008-01-02 01:00:00,163.555,164.08,160.795,160.81,2445313.312133,160.8
2008-01-01 01:00:00,162.92,163.82,162.599,163.555,310315.9,163.535
2007-12-31 01:00:00,165.52,165.53,162.392,162.918,2405420.600421,162.895
2007-12-30 01:00:00,165.615,165.86,165.33,165.53,212157.1,165.5075
2007-12-29 01:00:00,165.333,165.333,165.333,165.333,0.0,165.308
2007-12-28 01:00:00,166.41,166.5,165.02,165.333,2506201.837268,165.308
2007-12-27 01:00:00,165.535,166.68,165.385,166.395,1535317.3997,166.3875
2007-12-26 01:00:00,164.394,165.74,164.053,165.535,484014.387497,165.515
2007-12-25 01:00:00,164.352,164.687,163.935,164.389,420072.128112,164.3665
2007-12-24 01:00:00,164.065,164.936,163.95,164.34,222751.65,164.325
2007-12-23 01:00:00,164.053,164.105,163.681,164.05,31823.926813,164.0475
2007-12-22 01:00:00,163.916,163.916,163.916,163.916,0.0,163.903
2007-12-21 01:00:00,162.205,164.072,161.995,163.916,538215.498298,163.903
2007-12-20 01:00:00,162.98,163.07,161.76,162.205,658425.735232,162.1925
2007-12-19 01:00:00,163.425,163.495,162.32,162.98,775464.828295,162.9675
2007-12-18 01:00:00,162.675,163.63,162.565,163.425,650393.440474,163.41
2007-12-17 01:00:00,163.4,163.56,162.365,162.675,675612.432304,162.66
2007-12-16 01:00:00,163.314,163.48,163.07,163.4,24103.0,163.3875
2007-12-15 01:00:00,163.439,163.439,163.439,163.439,0.0,163.421
2007-12-14 01:00:00,164.325,164.665,163.26,163.439,655190.154526,163.421
2007-12-13 01:00:00,164.835,164.965,163.615,164.325,725858.012656,164.3075
2007-12-12 01:00:00,162.57,165.32,162.42,164.84,1029028.984309,164.8225
2007-12-11 01:00:00,164.485,165.01,161.915,162.57,740683.096234,162.5625
2007-12-10 01:00:00,163.65,164.675,163.245,164.485,781970.444505,164.4725
2007-12-09 01:00:00,163.311,163.695,163.205,163.65,43933.35,163.62
2007-12-08 01:00:00,163.667,163.667,163.667,163.667,0.0,163.654
2007-12-07 01:00:00,163.28,163.905,162.36,163.667,633676.065123,163.654
2007-12-06 01:00:00,161.905,163.3,161.21,163.28,839502.373714,163.26
2007-12-05 01:00:00,162.2,163.08,161.495,161.905,945954.565626,161.895
2007-12-04 01:00:00,162.055,162.355,160.915,162.2,839573.714836,162.1875
2007-12-03 01:00:00,162.655,162.69,161.445,162.055,800667.5112,162.045
2007-12-02 01:00:00,162.59,162.77,162.34,162.655,34761.1,162.64
2007-12-01 01:00:00,162.77,162.77,162.77,162.77,0.0,162.753
2007-11-30 01:00:00,162.035,163.865,162.025,162.77,736094.898858,162.753
2007-11-29 01:00:00,163.195,163.63,161.575,162.03,821915.850353,162.015
2007-11-28 01:00:00,161.465,163.6,160.235,163.195,749941.079281,163.1825
2007-11-27 01:00:00,159.71,161.855,159.385,161.465,1097761.304567,161.45
2007-11-26 01:00:00,161.195,161.495,159.53,159.71,1071267.302667,159.6975
2007-11-25 01:00:00,160.659,161.435,160.64,161.195,94269.9,161.19
2007-11-24 01:00:00,160.685,160.685,160.685,160.685,0.0,160.675
2007-11-23 01:00:00,161.22,161.685,159.47,160.685,2053898.939582,160.675
2007-11-22 01:00:00,161.005,162.26,160.855,161.22,2570505.78,161.18
2007-11-21 01:00:00,162.795,162.835,160.085,161.005,2560133.416646,160.99
2007-11-20 01:00:00,161.02,163.415,160.46,162.795,3336716.54792,162.77
2007-11-19 01:00:00,162.605,163.1,160.77,161.02,2287900.3182,161.01
2007-11-18 01:00:00,162.645,162.74,162.445,162.605,55002.9,162.5875
2007-11-17 01:00:00,162.827,162.827,162.827,162.827,0.0,162.817
2007-11-16 01:00:00,161.54,163.285,160.46,162.827,1456541.496462,162.817
2007-11-15 01:00:00,163.055,163.79,161.045,161.53,1297782.828526,161.5125
2007-11-14 01:00:00,162.53,164.315,162.4,163.05,1506515.970546,163.0375
2007-11-13 01:00:00,159.2,162.66,159.15,162.53,1490536.24574,162.525
2007-11-12 01:00:00,162.11,162.355,158.72,159.2,1442926.1949,159.185
2007-11-11 01:00:00,161.778,162.26,161.738,162.11,73114.010216,162.1
2007-11-10 01:00:00,162.403,162.403,162.403,162.403,0.0,162.388
2007-11-09 01:00:00,165.475,166.035,162.165,162.403,2629050.804298,162.388
2007-11-08 01:00:00,164.695,166.16,164.525,165.475,2834355.214044,165.465
2007-11-07 01:00:00,167.08,167.66,164.027,164.705,1731697.993996,164.69
2007-11-06 01:00:00,165.525,167.16,165.49,167.08,917944.155143,167.07
2007-11-05 01:00:00,166.2,166.45,164.955,165.525,792698.737998,165.5125
2007-11-04 01:00:00,166.594,166.645,166.16,166.2,42417.8,166.18
2007-11-03 01:00:00,166.635,166.635,166.635,166.635,0.0,166.6
2007-11-02 01:00:00,165.14,167.155,165.085,166.635,897269.940404,166.6
2007-11-01 01:00:00,167.0,167.25,164.94,165.14,920950.882298,165.1325
2007-10-31 01:00:00,165.76,167.295,165.39,167.0,754793.323707,166.9875
2007-10-30 01:00:00,165.39,165.885,164.445,165.76,555679.499746,165.745
2007-10-29 01:00:00,164.55,165.505,164.42,165.39,540807.738926,165.375
2007-10-27 02:00:00,164.365,164.365,164.365,164.365,0.0,164.355
2007-10-26 02:00:00,163.445,164.585,163.345,164.365,753035.06445,164.355
2007-10-25 02:00:00,162.65,164.015,162.46,163.445,916740.180975,163.43
2007-10-24 02:00:00,163.845,163.855,161.715,162.655,1027261.049473,162.645
2007-10-23 02:00:00,162.2,163.975,162.055,163.845,882614.062188,163.83
2007-10-22 02:00:00,162.72,163.8,160.485,162.195,1279724.861754,162.1875
2007-10-21 02:00:00,163.62,163.64,162.5,162.72,148336.765872,162.71
2007-10-20 02:00:00,163.795,163.795,163.795,163.795,0.0,163.78
2007-10-19 02:00:00,165.15,165.29,163.705,163.795,993855.733714,163.78
2007-10-18 02:00:00,165.33,166.11,164.86,165.15,947245.718892,165.1325
2007-10-17 02:00:00,165.925,166.48,164.6,165.33,1206413.777933,165.32
2007-10-16 02:00:00,166.78,166.935,164.865,165.925,2662866.405048,165.9175
2007-10-15 02:00:00,166.66,167.755,166.3,166.77,2014562.519162,166.76
2007-10-14 02:00:00,166.634,166.7,166.42,166.66,138568.4,166.6575
2007-10-13 02:00:00,166.81,166.81,166.81,166.81,0.0,166.775
2007-10-12 02:00:00,166.82,167.13,166.135,166.81,1690553.464743,166.775
2007-10-11 02:00:00,165.61,167.64,165.57,166.82,1290489.908806,166.805
2007-10-10 02:00:00,165.38,166.26,165.18,165.61,1705310.565476,165.6
2007-10-09 02:00:00,164.87,165.43,164.16,165.38,1987891.795649,165.3675
2007-10-08 02:00:00,165.65,165.675,164.68,164.875,1394124.008991,164.8625
2007-10-07 02:00:00,165.442,165.86,165.398,165.65,51628.225,165.64
2007-10-06 02:00:00,165.38,165.38,165.38,165.38,0.0,165.31
2007-10-05 02:00:00,164.62,165.42,164.23,165.38,1672945.394816,165.31
2007-10-04 02:00:00,164.54,164.91,163.93,164.62,1709957.095131,164.6075
2007-10-03 02:00:00,163.655,165.315,163.65,164.54,1624746.914567,164.535
2007-10-02 02:00:00,164.8,164.82,163.61,163.655,1979280.029752,163.65
2007-10-01 02:00:00,163.96,165.08,163.74,164.8,1743962.340262,164.7875
2007-09-30 02:00:00,163.822,164.01,163.772,163.945,112884.554278,163.9375
2007-09-29 02:00:00,163.82,163.82,163.82,163.82,0.0,163.79
2007-09-28 02:00:00,163.58,163.86,162.7,163.82,1903286.615659,163.79
2007-09-27 02:00:00,163.1,163.99,163.06,163.58,2146026.173559,163.5625
2007-09-26 02:00:00,162.17,163.445,162.12,163.1,2547223.635569,163.09
2007-09-25 02:00:00,161.64,162.44,161.02,162.17,2423192.865399,162.155
2007-09-24 02:00:00,162.42,162.58,161.51,161.64,1818315.144352,161.63
2007-09-23 02:00:00,162.633,162.674,162.37,162.42,100239.389566,162.405
2007-09-22 02:00:00,162.79,162.79,162.79,162.79,0.0,162.75
2007-09-21 02:00:00,161.73,162.85,161.57,162.79,2822174.415307,162.75
2007-09-20 02:00:00,162.06,162.41,160.71,161.73,3354892.606519,161.71
2007-09-19 02:00:00,161.78,162.46,161.4,162.06,3343344.660671,162.05
2007-09-18 02:00:00,159.55,162.575,158.81,161.78,2822179.054182,161.775
2007-09-17 02:00:00,159.76,160.18,159.02,159.55,2007476.464896,159.545
2007-09-16 02:00:00,159.8,159.96,159.62,159.76,68220.5,159.745
2007-09-15 02:00:00,160.1,160.1,160.1,160.1,0.0,160.075
2007-09-14 02:00:00,159.3,160.255,158.86,160.1,2406215.59,160.075
2007-09-13 02:00:00,158.78,160.49,158.58,159.3,2970324.385172,159.275
2007-09-12 02:00:00,157.94,158.92,157.78,158.77,2925851.294686,158.755
2007-09-11 02:00:00,156.63,158.31,156.32,157.935,2598241.896411,157.9225
2007-09-10 02:00:00,155.58,157.365,155.32,156.63,1598415.12255,156.6075
2007-09-09 02:00:00,155.717,155.81,155.18,155.58,93524.2,155.565
2007-09-08 02:00:00,156.16,156.16,156.16,156.16,0.0,156.115
2007-09-07 02:00:00,158.12,158.13,155.72,156.16,2589047.421,156.115
2007-09-06 02:00:00,156.95,158.31,156.88,158.13,2722327.441686,158.11
2007-09-05 02:00:00,158.63,158.65,156.72,156.96,3227421.625547,156.945
2007-09-04 02:00:00,157.61,158.69,156.56,158.63,2811124.43669,158.615
2007-09-03 02:00:00,157.9,158.455,157.53,157.61,1639281.651752,157.6
2007-09-02 02:00:00,157.744,158.07,157.69,157.9,115646.249454,157.885
2007-09-01 02:00:00,157.81,157.81,157.81,157.81,0.0,157.76
2007-08-31 02:00:00,158.58,159.62,157.41,157.81,3028638.333802,157.76
2007-08-30 02:00:00,158.2,158.64,156.8,158.58,3493418.796235,158.575
2007-08-29 02:00:00,154.77,158.995,154.54,158.2,4318539.279876,158.185
2007-08-28 02:00:00,157.69,158.17,154.61,154.77,3909364.53419,154.76
2007-08-27 02:00:00,159.59,159.65,157.34,157.69,2609648.510714,157.675
2007-08-26 02:00:00,159.218,159.69,159.093,159.59,105896.95,159.585
2007-08-25 02:00:00,159.31,159.31,159.31,159.31,0.0,159.275
2007-08-24 02:00:00,157.43,159.31,156.62,159.31,3524681.016149,159.275
2007-08-23 02:00:00,156.94,159.11,156.52,157.43,3576436.018566,157.41
2007-08-22 02:00:00,154.12,157.15,153.74,156.95,3210744.881758,156.935
2007-08-21 02:00:00,154.56,155.38,153.39,154.12,2733820.235966,154.11
2007-08-20 02:00:00,153.98,155.96,153.69,154.54,3139187.421992,154.53
2007-08-19 02:00:00,154.01,154.34,153.38,153.97,79482.7,153.945
2007-08-18 02:00:00,154.18,154.18,154.18,154.18,0.0,154.1
2007-08-17 02:00:00,152.72,155.31,149.28,154.18,3032000.275016,154.1
2007-08-16 02:00:00,156.22,156.54,150.04,152.73,4906678.224582,152.725
2007-08-15 02:00:00,159.04,159.18,156.03,156.22,4909530.568143,156.205
2007-08-14 02:00:00,160.92,161.03,158.8,159.055,4567619.792045,159.0425
2007-08-13 02:00:00,162.005,162.19,160.61,160.92,3333875.390646,160.91
2007-08-12 02:00:00,161.815,162.25,161.759,162.01,99523.5,161.9925
2007-08-11 02:00:00,162.075,162.075,162.075,162.075,0.0,162.07
2007-08-10 02:00:00,161.19,162.62,159.97,162.075,3339127.584543,162.07
2007-08-09 02:00:00,165.24,165.3,160.97,161.19,3508542.65127,161.18
2007-08-08 02:00:00,163.74,165.41,163.3,165.24,3178047.59176,165.23
2007-08-07 02:00:00,163.97,164.1,162.23,163.75,3014148.043748,163.7375
2007-08-06 02:00:00,162.52,164.26,162.12,163.97,3156487.152579,163.96
2007-08-05 02:00:00,162.343,162.7,162.03,162.52,187546.6,162.505
2007-08-04 02:00:00,162.62,162.62,162.62,162.62,0.0,162.59
2007-08-03 02:00:00,163.32,163.76,162.51,162.62,2253959.663599,162.59
2007-08-02 02:00:00,162.46,163.52,161.57,163.32,2766759.658297,163.305
2007-08-01 02:00:00,162.07,163.01,160.47,162.46,3892277.278404,162.445
2007-07-31 02:00:00,163.57,163.82,161.85,162.07,3532300.944778,162.0575
2007-07-30 02:00:00,161.35,163.67,161.27,163.57,3327816.168159,163.56
2007-07-29 02:00:00,161.39,161.51,160.67,161.35,176539.06,161.335
2007-07-28 02:00:00,161.615,161.615,161.615,161.615,0.0,161.605
2007-07-27 02:00:00,163.48,163.95,161.53,161.615,3620322.676159,161.605
2007-07-26 02:00:00,165.48,165.52,162.23,163.47,3659159.878035,163.4625
2007-07-25 02:00:00,166.2,166.25,164.71,165.48,3634940.154357,165.465
2007-07-24 02:00:00,166.96,167.38,165.86,166.2,3146247.631288,166.185
2007-07-23 02:00:00,167.86,167.94,166.91,166.96,2672239.929073,166.955
2007-07-22 02:00:00,168.29,168.5,167.86,167.86,69337.4,167.845
2007-07-21 02:00:00,167.71,167.71,167.71,167.71,0.0,167.685
2007-07-20 02:00:00,168.505,168.885,167.2,167.71,2981217.793027,167.685
2007-07-19 02:00:00,168.38,168.83,168.11,168.5,2665808.01997,168.49
2007-07-18 02:00:00,168.45,168.53,168.0,168.37,3050580.678797,168.365
2007-07-17 02:00:00,167.87,168.72,167.73,168.44,2888986.500842,168.435
2007-07-16 02:00:00,168.17,168.35,167.73,167.87,2210715.025279,167.865
2007-07-15 02:00:00,168.107,168.235,167.79,168.17,33328.9,168.165
2007-07-14 02:00:00,168.08,168.08,168.08,168.08,0.0,168.065
2007-07-13 02:00:00,168.77,168.96,167.98,168.08,2766680.140197,168.065
2007-07-12 02:00:00,168.22,168.88,167.83,168.77,2951889.718341,168.76
2007-07-11 02:00:00,167.3,168.43,166.52,168.215,4175174.993909,168.2025
2007-07-10 02:00:00,168.0,168.37,166.61,167.31,3388362.634713,167.295
2007-07-09 02:00:00,168.26,168.52,167.93,168.0,1733729.50354,167.99
2007-07-08 02:00:00,168.223,168.32,168.145,168.26,66221.4,168.24
2007-07-07 02:00:00,168.12,168.12,168.12,168.12,0.0,168.09
2007-07-06 02:00:00,167.16,168.17,167.04,168.12,2236430.736694,168.09
2007-07-05 02:00:00,167.15,167.3,166.8,167.16,2675532.444997,167.15
2007-07-04 02:00:00,166.65,167.16,166.37,167.15,1467183.6,167.145
2007-07-03 02:00:00,166.57,167.195,166.24,166.65,1912827.941833,166.6325
2007-07-02 02:00:00,166.795,166.895,166.16,166.57,2120332.969959,166.555
2007-07-01 02:00:00,166.782,166.85,166.55,166.79,65328.910049,166.78
2007-06-30 02:00:00,166.81,166.81,166.81,166.81,0.0,166.785
2007-06-29 02:00:00,165.6,166.945,165.47,166.81,2406717.082069,166.785
2007-06-28 02:00:00,165.895,165.95,165.23,165.6,2455314.700222,165.585
2007-06-27 02:00:00,165.385,165.975,164.24,165.895,2927026.102054,165.8825
2007-06-26 02:00:00,166.36,166.465,165.11,165.375,2381631.174435,165.3675
2007-06-25 02:00:00,166.74,166.92,165.94,166.37,1790352.800156,166.36
2007-06-24 02:00:00,166.71,166.85,166.511,166.745,69961.2,166.735
2007-06-23 02:00:00,166.88,166.88,166.88,166.88,0.0,166.865
2007-06-22 02:00:00,165.73,166.95,165.71,166.88,1894675.642716,166.865
2007-06-21 02:00:00,165.57,165.76,165.36,165.74,2002286.210814,165.735
2007-06-20 02:00:00,165.71,166.035,165.22,165.56,1902866.46767,165.555
2007-06-19 02:00:00,165.89,166.12,165.32,165.72,1919276.846753,165.71
2007-06-18 02:00:00,165.34,166.03,165.236,165.89,1560089.925,165.88
2007-06-17 02:00:00,165.21,165.38,165.13,165.34,52193.1,165.335
2007-06-16 02:00:00,165.28,165.28,165.28,165.28,0.0,165.265
2007-06-15 02:00:00,163.77,165.29,163.69,165.28,1789818.756385,165.265
2007-06-14 02:00:00,163.15,163.81,163.12,163.77,1713537.853139,163.76
2007-06-13 02:00:00,161.69,163.39,161.52,163.155,2688807.373578,163.1475
2007-06-12 02:00:00,162.58,162.72,161.67,161.69,1950662.2,161.68
2007-06-11 02:00:00,162.53,162.79,162.115,162.58,1746071.0252,162.57
2007-06-10 02:00:00,162.8,162.83,162.38,162.53,90910.56,162.52
2007-06-09 02:00:00,162.8,162.8,162.8,162.8,0.0,162.78
2007-06-08 02:00:00,162.66,162.91,161.78,162.8,2826181.669021,162.78
2007-06-07 02:00:00,163.16,164.01,162.3,162.65,2722067.05618,162.64
2007-06-06 02:00:00,164.16,164.405,163.16,163.16,2527180.51889,163.15
2007-06-05 02:00:00,164.1,164.62,163.915,164.16,1865505.029643,164.15
2007-06-04 02:00:00,164.05,164.36,163.9,164.1,1425765.191702,164.095
2007-06-03 02:00:00,164.082,164.18,163.97,164.06,76345.2,164.045
2007-06-02 02:00:00,164.16,164.16,164.16,164.16,0.0,164.15
2007-06-01 02:00:00,163.79,164.18,163.58,164.16,1499912.291634,164.15
2007-05-31 02:00:00,163.29,163.97,163.04,163.79,1753022.282256,163.785
2007-05-30 02:00:00,163.58,163.68,162.96,163.29,2080832.389854,163.2825
2007-05-29 02:00:00,163.67,164.3,162.97,163.58,2063326.97592,163.57
2007-05-28 02:00:00,163.78,163.85,163.587,163.66,657472.462626,163.655
2007-05-27 02:00:00,163.72,163.81,163.636,163.79,46938.5,163.775
2007-05-26 02:00:00,163.78,163.78,163.78,163.78,0.0,163.74
2007-05-25 02:00:00,162.85,163.82,162.2,163.78,1666138.34549,163.74
2007-05-24 02:00:00,163.58,163.69,162.66,162.85,1797681.724102,162.8375
2007-05-23 02:00:00,163.71,164.03,163.39,163.58,1728990.0,163.57
2007-05-22 02:00:00,163.54,163.745,163.26,163.71,1374774.162263,163.6975
2007-05-21 02:00:00,163.83,163.95,163.245,163.54,1364810.39,163.535
2007-05-20 02:00:00,163.703,163.86,163.695,163.83,77333.981149,163.82
2007-05-19 02:00:00,163.63,163.63,163.63,163.63,0.0,163.62
2007-05-18 02:00:00,163.7,163.9,162.62,163.63,1689167.496466,163.62
2007-05-17 02:00:00,163.36,163.835,163.327,163.7,1523894.881829,163.695
2007-05-16 02:00:00,163.41,163.905,163.12,163.36,1457815.568467,163.355
2007-05-15 02:00:00,163.15,163.67,162.66,163.41,1518624.614306,163.405
2007-05-14 02:00:00,162.66,163.24,162.6,163.15,1136287.128364,163.14
2007-05-13 02:00:00,162.81,162.83,162.52,162.66,81480.0,162.655
2007-05-12 02:00:00,162.58,162.58,162.58,162.58,0.0,162.545
2007-05-11 02:00:00,161.6,162.65,161.1,162.58,1870950.322009,162.545
2007-05-10 02:00:00,162.62,163.04,161.29,161.6,2182129.81601,161.59
2007-05-09 02:00:00,162.415,162.74,162.08,162.63,1920737.41677,162.615
2007-05-08 02:00:00,163.33,163.37,161.905,162.415,1568026.400949,162.4025
2007-05-07 02:00:00,163.28,163.46,162.97,163.33,673957.862,163.32
2007-05-06 02:00:00,163.36,163.44,163.163,163.28,53059.22,163.27
2007-05-05 02:00:00,163.37,163.37,163.37,163.37,0.0,163.335
2007-05-04 02:00:00,163.17,163.41,162.796,163.37,697184.460238,163.335
2007-05-03 02:00:00,163.39,163.62,163.1,163.17,956872.108433,163.16
2007-05-02 02:00:00,162.995,163.41,162.46,163.395,1349832.580242,163.3825
2007-05-01 02:00:00,163.13,163.31,162.8,162.995,812828.217717,162.9875
2007-04-30 02:00:00,162.6,163.17,162.43,163.14,554985.081175,163.13
2007-04-29 02:00:00,162.573,162.89,162.395,162.6,38886.78,162.58
2007-04-28 02:00:00,163.3,163.3,163.3,163.3,0.0,163.29
2007-04-27 02:00:00,162.53,163.31,162.23,163.3,509142.411548,163.29
2007-04-26 02:00:00,161.85,162.79,161.73,162.53,704363.702965,162.515
2007-04-25 02:00:00,161.69,162.0,161.27,161.85,499646.798539,161.84
2007-04-24 02:00:00,160.87,161.8,160.24,161.7,581280.624368,161.685
2007-04-23 02:00:00,161.55,161.83,160.48,160.87,523094.0,160.86
2007-04-22 02:00:00,161.453,161.61,161.409,161.55,23262.6,161.5375
2007-04-21 02:00:00,161.35,161.35,161.35,161.35,0.0,161.31
2007-04-20 02:00:00,161.38,161.965,161.27,161.35,481340.5,161.31
2007-04-19 02:00:00,161.175,161.41,159.62,161.38,704593.074246,161.37
2007-04-18 02:00:00,161.29,161.64,160.42,161.18,641192.509244,161.165
2007-04-17 02:00:00,162.0,162.18,161.24,161.29,713206.443738,161.28
2007-04-16 02:00:00,161.855,162.41,161.455,162.0,438072.130173,161.99
2007-04-15 02:00:00,161.84,162.435,161.765,161.865,29096.967086,161.8525
2007-04-14 02:00:00,161.35,161.35,161.35,161.35,0.0,161.31
2007-04-13 02:00:00,160.5,161.47,159.92,161.35,280833.9717,161.31
2007-04-12 02:00:00,160.36,160.87,160.19,160.51,409155.350586,160.495
2007-04-11 02:00:00,160.065,160.44,159.59,160.36,485595.491801,160.35
2007-04-10 02:00:00,159.29,160.15,159.06,160.065,499368.757915,160.0575
2007-04-09 02:00:00,159.585,159.61,159.215,159.29,198556.925009,159.275
2007-04-08 02:00:00,159.505,159.63,159.47,159.585,13392.625,159.58
2007-04-07 02:00:00,159.585,159.585,159.585,159.585,0.0,159.555
2007-04-06 02:00:00,159.38,159.77,159.25,159.585,217969.875,159.555
2007-04-05 02:00:00,158.7,159.495,158.4,159.385,366040.144336,159.3725
2007-04-04 02:00:00,158.32,158.975,158.09,158.7,389719.046578,158.69
2007-04-03 02:00:00,157.6,158.86,157.36,158.33,890243.813996,158.3175
2007-04-02 02:00:00,157.28,157.69,156.96,157.6,952465.698174,157.595
2007-04-01 02:00:00,157.42,157.46,157.07,157.28,30033.03,157.27
2007-03-31 02:00:00,157.38,157.38,157.38,157.38,0.0,157.355
2007-03-30 02:00:00,157.412,157.58,156.651,157.38,451924.0,157.355
2007-03-29 02:00:00,155.603,157.475,155.371,157.425,298068.3,157.415
2007-03-28 02:00:00,157.487,157.536,155.524,155.615,302045.0,155.605
2007-03-27 02:00:00,157.592,158.001,157.2,157.491,299327.0,157.473
2007-03-26 02:00:00,156.692,157.769,156.308,157.608,301314.8,157.598
2007-03-25 01:00:00,156.855,156.898,156.503,156.662,19601.0,156.657
2007-03-24 01:00:00,156.914,156.914,156.914,156.914,0.0,156.889
2007-03-23 01:00:00,157.463,157.619,156.448,156.914,301264.3,156.889
2007-03-22 01:00:00,157.322,157.651,156.843,157.476,323130.6,157.466
2007-03-21 01:00:00,156.126,157.504,156.055,157.315,316007.2,157.305
2007-03-20 01:00:00,156.591,156.933,155.614,156.129,321430.9,156.119
2007-03-19 01:00:00,155.025,156.656,155.015,156.589,322671.4,156.579
2007-03-18 01:00:00,154.998,155.103,154.792,155.036,19205.0,155.026
2007-03-17 01:00:00,155.402,155.402,155.402,155.402,0.0,155.377
2007-03-16 01:00:00,155.592,155.866,155.243,155.402,306666.9,155.377
2007-03-15 01:00:00,155.206,155.844,154.746,155.603,323846.0,155.593
2007-03-14 01:00:00,153.03,155.503,152.686,155.211,328397.4,155.201
2007-03-13 01:00:00,155.081,155.271,152.894,153.033,324257.7,153.023
2007-03-12 01:00:00,155.15,155.719,154.222,155.103,321264.3,155.093
2007-03-11 01:00:00,155.415,155.494,155.055,155.157,21067.0,155.147
2007-03-10 01:00:00,155.174,155.174,155.174,155.174,0.0,155.169
2007-03-09 01:00:00,153.926,155.196,153.916,155.174,305448.0,155.169
2007-03-08 01:00:00,152.45,154.286,152.299,153.93,326833.0,153.92
2007-03-07 01:00:00,153.432,153.462,152.255,152.447,323316.0,152.437
2007-03-06 01:00:00,151.282,153.554,151.269,153.43,326360.9,153.42
2007-03-05 01:00:00,153.057,153.057,150.759,151.271,321763.2,151.261
2007-03-04 01:00:00,154.06,154.165,152.985,153.082,14064.2,153.072
2007-03-03 01:00:00,154.07,154.07,154.07,154.07,0.0,154.065
2007-03-02 01:00:00,155.056,155.183,153.607,154.07,308442.9,154.065
2007-03-01 01:00:00,157.083,157.245,154.554,155.06,323985.0,155.05
2007-02-28 01:00:00,156.27,157.28,155.898,157.094,322886.4,157.084
2007-02-27 01:00:00,159.184,159.194,155.758,156.296,319699.5,156.286
2007-02-26 01:00:00,159.473,159.513,158.608,159.185,316313.9,159.175
2007-02-25 01:00:00,159.374,159.584,159.352,159.477,13157.7,159.467
2007-02-24 01:00:00,159.374,159.374,159.374,159.374,0.0,159.369
2007-02-23 01:00:00,159.453,159.571,159.153,159.374,306267.5,159.369
2007-02-22 01:00:00,158.902,159.64,158.561,159.457,320447.6,159.447
2007-02-21 01:00:00,157.795,159.031,157.318,158.908,321685.4,158.898
2007-02-20 01:00:00,157.43,158.09,157.363,157.799,319612.7,157.789
2007-02-19 01:00:00,156.937,157.48,156.868,157.435,317989.7,157.425
2007-02-18 01:00:00,156.89,157.09,156.868,156.947,13058.9,156.937
2007-02-17 01:00:00,156.869,156.869,156.869,156.869,0.0,156.864
2007-02-16 01:00:00,156.822,157.047,156.247,156.869,306140.6,156.864
2007-02-15 01:00:00,158.064,158.084,156.622,156.82,324317.4,156.81
2007-02-14 01:00:00,158.047,158.76,157.776,158.073,318391.6,158.063
2007-02-13 01:00:00,157.835,158.147,157.289,158.05,319857.8,158.04
2007-02-12 01:00:00,158.64,158.913,157.571,157.823,333605.9,157.818
2007-02-11 01:00:00,158.248,159.018,158.222,158.636,19328.4,158.626
2007-02-10 01:00:00,158.304,158.304,158.304,158.304,0.0,158.299
2007-02-09 01:00:00,157.964,158.382,157.578,158.304,308834.9,158.299
2007-02-08 01:00:00,157.057,158.044,157.027,157.963,320494.4,157.953
2007-02-07 01:00:00,155.896,157.25,155.839,157.06,317300.9,157.05
2007-02-06 01:00:00,155.456,156.186,155.259,155.906,318939.6,155.896
2007-02-05 01:00:00,156.825,156.867,155.3,155.46,322945.4,155.45
2007-02-04 01:00:00,156.983,157.012,156.799,156.82,12568.9,156.81
2007-02-03 01:00:00,156.989,156.989,156.989,156.989,0.0,156.984
2007-02-02 01:00:00,157.261,157.772,156.794,156.989,306373.6,156.984
2007-02-01 01:00:00,157.262,157.466,156.595,157.279,319284.3,157.269
2007-01-31 01:00:00,157.768,157.86,156.819,157.259,318948.8,157.249
2007-01-30 01:00:00,157.785,158.144,157.412,157.77,322604.2,157.76
2007-01-29 01:00:00,157.003,158.008,156.939,157.8,323111.1,157.79
2007-01-28 01:00:00,156.903,157.045,156.893,157.01,13597.3,157.0
2007-01-27 01:00:00,156.974,156.974,156.974,156.974,0.0,156.969
2007-01-26 01:00:00,157.309,157.325,156.54,156.974,310577.1,156.969
2007-01-25 01:00:00,156.713,157.427,155.79,157.305,323994.0,157.3
2007-01-24 01:00:00,158.453,158.631,156.474,156.7,324888.4,156.69
2007-01-23 01:00:00,157.511,158.491,157.363,158.467,319468.1,158.457
2007-01-22 01:00:00,157.214,157.648,157.214,157.505,317511.2,157.5
2007-01-21 01:00:00,157.183,157.216,157.021,157.208,14382.3,157.198
2007-01-20 01:00:00,157.069,157.069,157.069,157.069,0.0,157.064
2007-01-19 01:00:00,157.174,157.685,156.886,157.069,309089.9,157.064
2007-01-18 01:00:00,156.088,157.377,156.002,157.177,324368.4,157.167
2007-01-17 01:00:00,156.038,156.225,155.52,156.088,320796.6,156.078
2007-01-16 01:00:00,155.787,156.335,155.731,156.055,318430.1,156.045
2007-01-15 01:00:00,155.455,156.112,155.098,155.794,320065.9,155.784
2007-01-14 01:00:00,155.615,155.655,155.403,155.466,13956.4,155.456
2007-01-13 01:00:00,155.507,155.507,155.507,155.507,0.0,155.502
2007-01-12 01:00:00,155.168,155.862,155.126,155.507,306599.8,155.502
2007-01-11 01:00:00,154.648,156.344,154.647,155.17,324947.8,155.16
2007-01-10 01:00:00,155.026,155.233,154.545,154.653,323655.8,154.643
2007-01-09 01:00:00,154.778,155.413,154.775,155.028,325483.4,155.018
2007-01-08 01:00:00,154.253,154.844,153.673,154.763,316118.2,154.753
2007-01-07 01:00:00,154.383,154.473,154.223,154.244,15243.2,154.234
2007-01-06 01:00:00,154.205,154.205,154.205,154.205,0.0,154.2
2007-01-05 01:00:00,155.552,155.574,154.034,154.205,311078.9,154.2
2007-01-04 01:00:00,157.18,157.328,155.48,155.548,320957.6,155.538
2007-01-03 01:00:00,157.77,158.057,157.06,157.183,321117.5,157.173
2007-01-02 01:00:00,157.155,157.909,156.865,157.767,331320.1,157.757
2007-01-01 01:00:00,157.103,157.205,156.794,157.138,324265.6,157.128
2006-12-31 01:00:00,157.091,157.117,157.057,157.1,14129.6,157.09
