Id,Start,Name,Impact,Currency
1bb5b562-b6b4-4a08-a3e7-98281fbf5a7a,08/02/2007 11:00:00,BoE Interest Rate Decision,HIGH,GBP
c6fd92fa-77b8-4fcc-9cc5-806679160630,08/02/2007 11:45:00,ECB Main Refinancing Operations Rate,HIGH,EUR
f6627a3f-c198-4164-a56b-ac51ee4f950f,08/07/2007 18:15:00,Fed Interest Rate Decision,HIGH,USD
356fc04e-bc7e-4bc4-9b43-f241a4dd6904,08/23/2007 03:00:00,BoJ Interest Rate Decision,HIGH,JPY
16ef3652-179d-428a-9924-d9f5cf8df071,08/27/2007 13:00:00,ECB's President Trichet speech,HIGH,EUR
01a6c43a-d36a-4cb7-925a-53f93395c274,09/06/2007 11:00:00,BoE Interest Rate Decision,HIGH,GBP
34e684da-c94a-4e64-bd50-e211477247a3,09/06/2007 11:45:00,ECB Main Refinancing Operations Rate,HIGH,EUR
41a4ebed-a5b7-4187-a5e7-5a61c4ac323f,09/12/2007 21:00:00,RBNZ Interest Rate Decision,HIGH,NZD
cab7348b-24c8-4940-904b-7bb4e2f4bfe0,09/18/2007 18:15:00,Fed Interest Rate Decision,HIGH,USD
155a865d-59e1-4bec-8bae-f7aa219432ed,09/19/2007 03:00:00,BoJ Interest Rate Decision,HIGH,JPY
43f00b37-824a-47a9-a622-0bdf260afe20,10/04/2007 11:00:00,BoE Interest Rate Decision,HIGH,GBP
c43d492c-2895-4f5e-8793-51d4a7789edc,10/04/2007 11:45:00,ECB Main Refinancing Operations Rate,HIGH,EUR
1513e635-d518-42c8-a208-e6dc87fee394,10/04/2007 12:30:00,ECB's President Trichet speech,HIGH,EUR
6f164ba5-4adb-46a1-99f6-1d196dc6c5c6,10/11/2007 04:30:00,BoJ Interest Rate Decision,HIGH,JPY
0220f8b7-ef0e-4992-97e7-e3659306c0e1,10/16/2007 13:00:00,BoC Interest Rate Decision,HIGH,CAD
55f0707b-37d0-4b96-9f03-738e10e4e5d0,10/24/2007 21:00:00,RBNZ Interest Rate Decision,HIGH,NZD
c62f931b-9524-47fd-9bbd-516b3f922857,10/31/2007 03:00:00,BoJ Interest Rate Decision,HIGH,JPY
fb1c9fa9-6da6-4180-9157-8f73931c8b9e,10/31/2007 18:15:00,Fed Interest Rate Decision,HIGH,USD
687786b4-34c1-4513-a35e-a5d6532fcb44,11/08/2007 12:00:00,BoE Interest Rate Decision,HIGH,GBP
32fed4b4-7961-40e0-8428-a0c87436fff6,11/08/2007 12:45:00,ECB Main Refinancing Operations Rate,HIGH,EUR
f9c76b3a-d549-4dce-96c4-53deab0cce43,11/08/2007 13:30:00,ECB's President Trichet speech,HIGH,EUR
0f2f6a05-ca35-465e-8e3b-72836a714b8a,11/13/2007 05:00:00,BoJ Interest Rate Decision,HIGH,JPY
79862214-903e-4547-9638-423cb44163e8,12/04/2007 14:00:00,BoC Interest Rate Decision,HIGH,CAD
3bcadf73-9598-4972-b7f7-5070a33e4b99,12/05/2007 20:00:00,RBNZ Interest Rate Decision,HIGH,NZD
699e30da-8b9d-47e9-8b96-9f7338aac4ef,12/06/2007 12:00:00,BoE Interest Rate Decision,HIGH,GBP
72f99c79-9e14-41f3-96de-2e0b288d1585,12/06/2007 12:45:00,ECB Main Refinancing Operations Rate,HIGH,EUR
84d2b36a-55ac-4d7c-91ab-3fb73a1d0e83,12/11/2007 19:15:00,Fed Interest Rate Decision,HIGH,USD
f86a00fa-7ebd-4a54-a72b-63ecf2003b26,12/13/2007 08:30:00,SNB Interest Rate Decision,HIGH,CHF
35f7eb47-eb3f-48c0-9830-21030677abdf,12/19/2007 09:30:00,BoE Minutes,HIGH,GBP
128c4b58-18c0-4636-badd-4a4ec040d711,12/20/2007 05:00:00,BoJ Interest Rate Decision,HIGH,JPY
7f9b43ed-d66c-468c-ba32-8a94ac724e9e,01/10/2008 12:00:00,BoE Interest Rate Decision,HIGH,GBP
deeb17e8-9527-4cc2-b131-051ca6be88c9,01/10/2008 12:45:00,ECB Main Refinancing Operations Rate,HIGH,EUR
e7f69d66-fd32-4656-ad70-69dc9999f754,01/22/2008 05:00:00,BoJ Interest Rate Decision,HIGH,JPY
e641a97b-a713-4ea3-b8f2-24983db476ca,01/22/2008 13:20:00,Fed Interest Rate Decision,HIGH,USD
d72df1f5-afaf-40c5-86c0-2a30532d0a20,01/22/2008 14:00:00,BoC Interest Rate Decision,HIGH,CAD
f59d61b9-032b-44e0-83bc-e8e9c4979a61,01/23/2008 09:30:00,BoE Minutes,HIGH,GBP
2622427e-1ecf-40ba-8113-7244f5e218f4,01/23/2008 20:00:00,RBNZ Interest Rate Decision,HIGH,NZD
a19f1112-d317-41d4-ac1b-97ff020459da,01/30/2008 19:15:00,Fed Interest Rate Decision,HIGH,USD
84146507-561d-4212-8c54-29f0d7d15ea7,02/07/2008 11:59:00,BoE Interest Rate Decision,HIGH,GBP
444c540c-9402-492a-ad8d-478a43917dfb,02/07/2008 12:45:00,ECB Main Refinancing Operations Rate,HIGH,EUR
e9f9232f-3157-4dae-8f15-1d79b057af8a,02/15/2008 03:51:00,BoJ Interest Rate Decision,HIGH,JPY
fe0b4579-3639-46f9-8d17-c17ba45cd567,03/04/2008 14:00:00,BoC Interest Rate Decision,HIGH,CAD
ffc1c4a7-d7a2-41c8-bea6-1adfb9ad3fbd,03/05/2008 20:00:00,RBNZ Interest Rate Decision,HIGH,NZD
42491948-cd86-4fcd-b585-28e382c2cdfa,03/06/2008 12:00:00,BoE Interest Rate Decision,HIGH,GBP
96e5a257-7358-485a-84f3-dc2ad9238f5f,03/06/2008 12:45:00,ECB Main Refinancing Operations Rate,HIGH,EUR
ce3c8136-4019-48e0-ab86-e45dce548d21,03/07/2008 05:00:00,BoJ Interest Rate Decision,HIGH,JPY
6b1836dc-1287-47e4-b086-231433b34e7a,03/13/2008 13:00:00,SNB Interest Rate Decision,HIGH,CHF
e4ed4711-0842-437c-ac3b-8d6572b197df,03/18/2008 18:15:00,Fed Interest Rate Decision,HIGH,USD
c988fd4d-c8d3-49d8-b916-b2d04b932871,03/19/2008 09:30:00,BoE Minutes,HIGH,GBP
8e161479-c085-4f05-bdd6-b2dc45654baa,04/09/2008 03:25:00,BoJ Interest Rate Decision,HIGH,JPY
0d6e25b8-85a9-4f2f-a290-29433cdf3493,04/10/2008 11:00:00,BoE Interest Rate Decision,HIGH,GBP
f227e1be-f5df-40d0-a812-467cdb9fe882,04/10/2008 11:45:00,ECB Main Refinancing Operations Rate,HIGH,EUR
05835036-abb6-4ccc-a485-2aeae2add3c6,04/22/2008 13:00:00,BoC Interest Rate Decision,HIGH,CAD
a5118d44-b3c3-4705-99b2-a167f0415b9d,04/23/2008 21:00:00,RBNZ Interest Rate Decision,HIGH,NZD
b1266e53-df0f-4bcb-9123-abd513073c88,04/30/2008 04:00:00,BoJ Interest Rate Decision,HIGH,JPY
6fd212f3-9b52-4a83-87c7-c9ee4634009e,04/30/2008 18:15:00,Fed Interest Rate Decision,HIGH,USD
930966a7-c217-492e-8bae-00969290eca5,05/08/2008 11:00:00,BoE Interest Rate Decision,HIGH,GBP
65032115-ea39-4509-935d-626fa7ceaeaa,05/08/2008 11:45:00,ECB Main Refinancing Operations Rate,HIGH,EUR
4a62c975-c4bf-4f6a-a01d-2a5d91aec7c5,05/08/2008 12:30:00,ECB's President Trichet speech,HIGH,EUR
a4c97d36-8bb3-48cc-9854-1c045536f5f7,05/21/2008 08:30:00,BoE Minutes,HIGH,GBP
48bbba70-ac94-4c01-89db-8ea178af3fc4,06/04/2008 21:00:00,RBNZ Interest Rate Decision,HIGH,NZD
d8efea48-5a9d-4f8d-b6c7-9ac374bcf7ac,06/05/2008 11:00:00,BoE Interest Rate Decision,HIGH,GBP
6452de84-40ce-48f8-ac8c-39153af1ca3a,06/05/2008 11:45:00,ECB Main Refinancing Operations Rate,HIGH,EUR
57c0839b-5348-4e81-a3ba-185ff78481db,06/10/2008 13:00:00,BoC Interest Rate Decision,HIGH,CAD
cb4990a6-b12c-4a76-b51b-5c0f309c8c88,06/13/2008 04:02:44,BoJ Interest Rate Decision,HIGH,JPY
9f7beb97-cb10-4d99-9a99-9339aa4411ad,06/18/2008 08:30:00,BoE Minutes,HIGH,GBP
59c00b49-aabd-4b23-a02d-8263515d682c,06/19/2008 07:30:00,SNB Interest Rate Decision,HIGH,CHF
f3823ac5-8c9d-46d8-860a-edc3921dee91,06/25/2008 18:15:00,Fed Interest Rate Decision,HIGH,USD
f9c61906-3858-4ddf-a823-faf8ae795172,07/03/2008 11:45:00,ECB Main Refinancing Operations Rate,HIGH,EUR
fdb7c5bb-33f9-4281-a3da-93c4f61254c2,07/10/2008 11:00:00,BoE Interest Rate Decision,HIGH,GBP
9d1f707e-bc33-438e-aae5-73fda64a35b1,07/15/2008 04:45:00,BoJ Interest Rate Decision,HIGH,JPY
87150456-128b-4e0a-b9af-61a35796b24b,07/15/2008 13:00:00,BoC Interest Rate Decision,HIGH,CAD
f4c0ef2a-812c-48dd-b875-711d828f0eae,07/23/2008 08:30:00,BoE Minutes,HIGH,GBP
d2375c7c-a4e1-4ad0-8acd-8931ba7bb3a3,07/23/2008 21:00:00,RBNZ Interest Rate Decision,HIGH,NZD
9fea07e4-4cd8-4615-ac9f-636ebc132922,08/05/2008 18:15:00,Fed Interest Rate Decision,HIGH,USD
419d6959-f72e-47fc-b2ab-ce7e3d45f3a0,08/07/2008 11:00:00,BoE Interest Rate Decision,HIGH,GBP
51a1ae32-cbf5-44f4-9768-fb82c42eb075,08/07/2008 11:45:00,ECB Main Refinancing Operations Rate,HIGH,EUR
fb887737-981b-4690-98b6-4fb43f3ad774,08/07/2008 12:30:00,ECB's President Trichet speech,HIGH,EUR
eefefdba-6710-4b58-93a2-c05a28786d8e,08/19/2008 04:00:00,BoJ Interest Rate Decision,HIGH,JPY
2c8923b9-7a62-45f6-ac96-991e4be1c80e,08/20/2008 08:30:00,BoE Minutes,HIGH,GBP
24b95098-b6cc-4784-83cd-3bf2442afdd7,08/26/2008 18:00:00,FOMC Minutes,HIGH,USD
f7dc6a54-b2e7-459c-8116-15b37426c68f,09/03/2008 13:00:00,BoC Interest Rate Decision,HIGH,CAD
811e4523-c529-4b95-86f9-71469a5fb871,09/04/2008 11:00:00,BoE Interest Rate Decision,HIGH,GBP
8c4b790b-1766-439d-afa4-07e8b55bb885,09/04/2008 11:45:00,ECB Main Refinancing Operations Rate,HIGH,EUR
92d69eb3-fb2a-4ff5-9dbf-f71bbe81d516,09/04/2008 12:30:00,ECB's President Trichet speech,HIGH,EUR
a55a8c4c-5313-4521-bd09-a76cb2a2b2a1,09/10/2008 21:00:00,RBNZ Interest Rate Decision,HIGH,NZD
aa6b9c83-e518-4fec-a465-2611aa725f0d,09/16/2008 18:15:00,Fed Interest Rate Decision,HIGH,USD
65ffd018-b989-4d50-905a-ada05c9e06ac,09/17/2008 08:30:00,BoE Minutes,HIGH,GBP
e3f42744-6f7f-4325-96e8-2f40bf69aab7,09/18/2008 12:00:00,SNB Interest Rate Decision,HIGH,CHF
16eb8900-4957-4b8f-8d67-56fbe96924c5,10/02/2008 11:45:00,ECB Main Refinancing Operations Rate,HIGH,EUR
2675f7e9-b4b5-43fa-86bd-e7455696cf77,10/02/2008 12:30:00,ECB's President Trichet speech,HIGH,EUR
390da64b-43d4-4dec-91b0-b4fd5fd472c1,10/07/2008 05:15:00,BoJ Interest Rate Decision,HIGH,JPY
708e7ae9-9086-4b73-8226-2d67b7f2591c,10/07/2008 18:00:00,FOMC Minutes,HIGH,USD
cae27665-f30d-4b40-baf9-50a1714d0f6b,10/08/2008 11:00:00,BoC Interest Rate Decision,HIGH,CAD
8d4150a5-603e-406f-9896-b44182cdc646,10/08/2008 11:00:00,SNB Interest Rate Decision,HIGH,CHF
a7eae131-5e04-47d0-9dd6-8c690d284984,10/08/2008 11:00:00,ECB Main Refinancing Operations Rate,HIGH,EUR
96bb40cc-7cfc-4500-8ef0-987faedb06dc,10/08/2008 11:00:00,BoE Interest Rate Decision,HIGH,GBP
e3acbbc7-6aeb-467a-90d7-150219e947fe,10/08/2008 11:00:00,Fed Interest Rate Decision,HIGH,USD
df5c7bee-da81-4cab-9e68-32192e2d5c54,10/14/2008 11:40:00,BoJ Interest Rate Decision,HIGH,JPY
5b1a12de-047e-448d-add8-c3c5af6d0d9e,10/21/2008 13:00:00,BoC Interest Rate Decision,HIGH,CAD
6a5e61a4-d9bd-4079-b8d7-438d4b7526ab,10/22/2008 08:30:00,BoE Minutes,HIGH,GBP
c094f901-e223-478d-8cf3-f29e5aa9e5a9,10/22/2008 20:00:00,RBNZ Interest Rate Decision,HIGH,NZD
00fd50b9-0634-461d-8006-9c971ab0b81f,10/29/2008 18:15:00,Fed Interest Rate Decision,HIGH,USD
c635004d-559e-4ef9-a768-7832dc4142b8,10/31/2008 04:30:00,BoJ Interest Rate Decision,HIGH,JPY
f8e8ee98-500d-4a78-a633-3c283672d416,10/31/2008 06:00:00,BoJ Monetary Policy Statement,HIGH,JPY
d96e869c-1fb6-46dd-812a-69a06bf129f0,11/06/2008 12:00:00,BoE Interest Rate Decision,HIGH,GBP
0c080e76-71d2-4dab-b5e1-ee705f5e1b69,11/06/2008 12:30:00,SNB Interest Rate Decision,HIGH,CHF
cfd409d7-3366-436f-9b6d-61a8a0951a4d,11/06/2008 12:45:00,ECB Main Refinancing Operations Rate,HIGH,EUR
de05fb1e-62e8-43c3-9b57-f9ca09cb9a6c,11/06/2008 13:30:32,ECB's President Trichet speech,HIGH,EUR
1d410658-f5ef-4d43-b41e-e5c7c0464a0a,11/14/2008 13:30:00,ECB's President Trichet speech,HIGH,EUR
8e7abcbf-78b4-4d8a-b60f-4954db24ae7b,11/14/2008 13:30:00,Former Fed's Chair Bernanke speech,HIGH,USD
fc6bad44-d153-43ca-9b21-947539e34b30,11/18/2008 14:30:00,Fed's Chair Bernanke testifies,HIGH,USD
55626b3e-abf7-43b6-838b-b875dfb56ad2,11/19/2008 09:30:00,BoE Minutes,HIGH,GBP
59757418-6d12-4f41-a92e-79a459ec7c3c,11/21/2008 04:00:00,BoJ Monetary Policy Statement,HIGH,JPY
2dd04a64-6ddd-4569-afd2-6c5555903060,11/21/2008 04:46:57,BoJ Interest Rate Decision,HIGH,JPY
615841cc-1059-4f21-bd3c-69b133d15e7a,12/02/2008 06:04:35,BoJ Interest Rate Decision,HIGH,JPY
4e48c139-5a36-40f2-a4ea-6d49ea1c7f04,12/02/2008 06:30:00,BoJ Monetary Policy Statement,HIGH,JPY
bf9dad40-ea64-4950-98b3-a89bbe6873bd,12/03/2008 20:00:00,RBNZ Interest Rate Decision,HIGH,NZD
069caa4e-631e-4f24-a2c4-94c042adc7b1,12/04/2008 12:00:00,BoE Interest Rate Decision,HIGH,GBP
d177d0b9-3884-48cb-9356-4d5a634dafd8,12/04/2008 12:45:00,ECB Main Refinancing Operations Rate,HIGH,EUR
fb9534de-9868-4319-818e-fe2be6d6a2d3,12/04/2008 13:30:00,ECB's President Trichet speech,HIGH,EUR
6f0c0a82-904c-44fa-89ef-7cf49868c35b,12/08/2008 14:30:00,ECB's President Trichet speech,HIGH,EUR
2c38bde7-72cd-4bc4-b538-1398fb0fb9f5,12/09/2008 14:00:00,BoC Interest Rate Decision,HIGH,CAD
dc6eb0ed-9455-4145-8dba-6230154e00a1,12/11/2008 08:30:00,SNB Interest Rate Decision,HIGH,CHF
909024fb-db60-4136-bd18-6b49ec1c4808,12/16/2008 19:15:00,Fed Interest Rate Decision,HIGH,USD
3e0ebfc2-7134-40a4-bb24-bbab94d43a4f,12/17/2008 09:30:00,BoE Minutes,HIGH,GBP
7d071ae7-b5f3-46dc-965b-4c81192974d9,12/19/2008 05:27:33,BoJ Interest Rate Decision,HIGH,JPY
c9a18a21-1d0d-4b1b-be2a-1c85ce475800,01/06/2009 19:00:00,FOMC Minutes,HIGH,USD
fb764c66-06b7-4767-b722-06da224445b4,01/08/2009 12:00:00,BoE Interest Rate Decision,HIGH,GBP
23b5805f-df34-43ba-8e5b-3519fe7ab921,01/14/2009 19:00:00,Fed's Beige Book,HIGH,USD
520b548c-0d96-45a3-ad8a-5ece3b0d61b1,01/15/2009 12:45:00,ECB Main Refinancing Operations Rate,HIGH,EUR
c2f14145-70cf-4501-9562-4abfca13649d,01/15/2009 13:30:00,ECB's President Trichet speech,HIGH,EUR
d5c5d10f-0232-4bb8-8178-23eeaa7a0def,01/20/2009 14:00:00,BoC Interest Rate Decision,HIGH,CAD
aa91a51c-1c9b-4b10-ae6f-7185e8b54f08,01/21/2009 09:30:00,BoE Minutes,HIGH,GBP
32449b0a-0bbc-440a-90b6-8c26c0ff2c28,01/22/2009 03:00:00,BoJ Interest Rate Decision,HIGH,JPY
e06033a9-1c75-4cbc-88bd-79a2770cb62c,01/22/2009 03:30:00,BoJ Monetary Policy Statement,HIGH,JPY
1aafd640-0560-46d9-8537-37f6fdaab5f5,01/28/2009 19:15:00,Fed Interest Rate Decision,HIGH,USD
c14b0f34-7e83-49fb-8780-bd83e68f8be1,01/28/2009 20:00:00,RBNZ Interest Rate Decision,HIGH,NZD
643ed39c-0e74-4d1a-b91a-e928556ced28,02/05/2009 12:00:00,BoE Interest Rate Decision,HIGH,GBP
958ab2f3-3e33-4a82-ab58-10f7de250d39,02/05/2009 12:45:00,ECB Main Refinancing Operations Rate,HIGH,EUR
00fc1253-0715-4341-aa8a-4121a9ac13fd,02/05/2009 13:30:00,ECB's President Trichet speech,HIGH,EUR
6c12e6f1-fc79-435c-aec6-58a22b734d32,02/10/2009 18:00:07,Fed's Chair Bernanke testifies,HIGH,USD
934eb167-7bfe-4e1f-926d-04cdf2125f34,02/18/2009 09:30:00,BoE Minutes,HIGH,GBP
39166f1a-c77b-491f-a5da-1f0ea5e443b4,02/18/2009 19:00:00,FOMC Minutes,HIGH,USD
dfe07416-1bc7-4b1c-89a8-0ea7478f731f,03/03/2009 14:00:00,BoC Interest Rate Decision,HIGH,CAD
17966705-d0fd-48f9-ae0e-989eb4563006,03/05/2009 12:00:00,BoE Interest Rate Decision,HIGH,GBP
ccf9cd14-d3dc-4984-826d-d6b3a2d61d51,03/05/2009 12:45:00,ECB Main Refinancing Operations Rate,HIGH,EUR
b98e4112-d08b-424a-8510-949eea675e13,03/11/2009 21:00:00,RBNZ Interest Rate Decision,HIGH,NZD
bc4c7c04-2bae-43cd-a043-c8243c65d71f,03/12/2009 13:00:00,SNB Interest Rate Decision,HIGH,CHF
08694928-ab92-4f91-9a6a-82f52c83dcdc,03/18/2009 04:00:00,BoJ Interest Rate Decision,HIGH,JPY
30a83678-38ee-4b08-b9d1-f8d576075be8,03/18/2009 09:30:00,BoE Minutes,HIGH,GBP
4e5f89b4-6c6d-45e3-8ce9-5dbccce49f08,03/18/2009 18:15:00,Fed Interest Rate Decision,HIGH,USD
e5740cb8-cec5-4663-b5fe-877923b1f04f,04/02/2009 11:45:00,ECB Main Refinancing Operations Rate,HIGH,EUR
6aafa915-8d7b-4b2b-948c-a2d1b912f26a,04/02/2009 12:30:00,ECB's President Trichet speech,HIGH,EUR
befa7a59-9164-493d-8aa7-b51d232a2701,04/07/2009 04:14:13,BoJ Interest Rate Decision,HIGH,JPY
30d8e480-41d7-41f9-9b4c-8dda50eb1676,04/08/2009 18:00:00,FOMC Minutes,HIGH,USD
06da47f7-2efb-4782-8d61-ffaec8b9d37d,04/09/2009 11:00:00,BoE Interest Rate Decision,HIGH,GBP
e8119589-ca07-4006-a50f-be2aaa38e465,04/21/2009 13:00:00,BoC Interest Rate Decision,HIGH,CAD
19289375-a0bc-4a39-a1bb-a9c0e9783c9e,04/22/2009 08:30:00,BoE Minutes,HIGH,GBP
c321df5d-bef3-4f5f-acf8-ee3dc691519a,04/29/2009 18:15:00,Fed Interest Rate Decision,HIGH,USD
2dcce078-adb4-4e35-9e18-c93e7c766906,04/29/2009 21:00:00,RBNZ Interest Rate Decision,HIGH,NZD
d9ec550a-f247-48de-8c3a-8997b717add6,04/30/2009 05:03:40,BoJ Interest Rate Decision,HIGH,JPY
d7678571-80b5-4f17-86fe-d6181efc2739,05/07/2009 11:00:00,BoE Interest Rate Decision,HIGH,GBP
a290a753-2c4b-4544-9d20-6d40fe779cb1,05/07/2009 11:45:00,ECB Main Refinancing Operations Rate,HIGH,EUR
39389dcc-3b82-42de-aa66-84c21b5d5a5e,05/07/2009 21:00:00,Bank Stress Test Results,HIGH,USD
620749f4-4a7c-4135-85aa-2687f164ff5f,05/20/2009 08:30:00,BoE Minutes,HIGH,GBP
7615816b-99a7-4495-8feb-cbfdd391b7ae,05/22/2009 04:00:00,BoJ Interest Rate Decision,HIGH,JPY
cda04cd8-ec9d-4add-aec5-3afae272707d,06/04/2009 11:00:00,BoE Interest Rate Decision,HIGH,GBP
92b7c400-8631-483c-9813-36a230749631,06/04/2009 11:45:00,ECB Main Refinancing Operations Rate,HIGH,EUR
d6878321-90b3-43cc-8d53-9279ff583a7e,06/04/2009 12:30:00,ECB's President Trichet speech,HIGH,EUR
156b46dd-a3f2-4e88-a777-7af778300eaa,06/04/2009 13:00:00,BoC Interest Rate Decision,HIGH,CAD
7b034510-5e06-4f85-80fa-9953e4c05095,06/16/2009 04:28:57,BoJ Interest Rate Decision,HIGH,JPY
23084b29-991e-4882-82f5-cc92604e320d,06/17/2009 08:30:00,BoE Minutes,HIGH,GBP
29c6c6f7-1155-492d-adcc-33c596b3d9d5,06/18/2009 07:30:00,SNB Interest Rate Decision,HIGH,CHF
28ed8910-9872-42a4-9b1a-de7db3fc8fd2,06/24/2009 18:15:00,Fed Interest Rate Decision,HIGH,USD
af109fcb-4d0c-4bb6-ba1b-bbaa523756e3,07/02/2009 11:45:00,ECB Main Refinancing Operations Rate,HIGH,EUR
f15c3874-2951-43a8-ac39-98f0bdf46a7f,07/02/2009 12:30:00,ECB's President Trichet speech,HIGH,EUR
12a04087-60e9-4823-909b-9f4aa7106606,07/09/2009 11:00:00,BoE Interest Rate Decision,HIGH,GBP
991fcc57-01bf-4d0c-a637-b1f3b2bd9f7f,07/13/2009 10:30:00,ECB's President Trichet speech,HIGH,EUR
decaecfe-1b86-4174-88b3-cce14f73c618,07/15/2009 04:35:00,BoJ Interest Rate Decision,HIGH,JPY
c624cae1-f477-4d04-bb34-19b1c00bcdd0,07/21/2009 13:00:00,BoC Interest Rate Decision,HIGH,CAD
b9b18dcd-0c51-4271-a809-dc67f313a49a,07/22/2009 08:30:00,BoE Minutes,HIGH,GBP
3f518da8-8750-4a0b-aa1a-7df2240d6b8e,08/06/2009 11:00:00,BoE Interest Rate Decision,HIGH,GBP
87729b94-e56e-40a8-86ef-12dbddeb98a1,08/06/2009 11:45:00,ECB Main Refinancing Operations Rate,HIGH,EUR
95c6e5ad-bfaa-4e26-8261-9a37a10329ba,08/06/2009 12:30:00,ECB's President Trichet speech,HIGH,EUR
0817ca5a-c399-4e8f-9661-5019fdcd9920,08/11/2009 03:40:55,BoJ Interest Rate Decision,HIGH,JPY
7e99e179-6e47-4d9b-b5cf-c7bc979340fe,08/12/2009 18:15:00,Fed Interest Rate Decision,HIGH,USD
91013ba9-7cee-4b21-a76d-c9e11ebd78b7,08/19/2009 08:30:00,BoE Minutes,HIGH,GBP
f69d56ff-f83f-41d0-adf1-bcdfe1dc415a,09/03/2009 11:45:00,ECB Main Refinancing Operations Rate,HIGH,EUR
50e14c94-1b57-4623-b62f-04289548c769,09/09/2009 21:00:00,RBNZ Interest Rate Decision,HIGH,NZD
67a535d0-dd7b-401f-8ffd-cf579f1254a9,09/10/2009 11:00:00,BoE Interest Rate Decision,HIGH,GBP
4840b83f-da35-4f5f-880c-d05f69840d24,09/10/2009 13:00:00,BoC Interest Rate Decision,HIGH,CAD
4d394630-9dec-45a5-9683-aedabc15448f,09/17/2009 04:00:00,BoJ Interest Rate Decision,HIGH,JPY
7668145e-2a3c-46d1-a995-64bb01660931,09/17/2009 12:00:00,SNB Interest Rate Decision,HIGH,CHF
77ae3455-f4ab-406e-ab7e-4ca9ffbbc324,09/23/2009 08:30:00,BoE Minutes,HIGH,GBP
2b7da160-ba5a-4568-80e6-0c507adc951a,09/23/2009 18:15:00,Fed Interest Rate Decision,HIGH,USD
341ce59f-4dcf-4b98-b309-548aeb5f0aa3,09/28/2009 14:30:00,ECB's President Trichet speech,HIGH,EUR
dbd507e7-ba47-4b1b-9a4a-0201132c4284,10/01/2009 13:00:00,Fed's Chair Bernanke testifies,HIGH,USD
9f824162-8d37-4386-82d0-67538bbbe250,10/08/2009 11:00:00,BoE Interest Rate Decision,HIGH,GBP
7379af90-7cdf-431e-a91f-d2ddb0a44ec5,10/08/2009 11:45:00,ECB Main Refinancing Operations Rate,HIGH,EUR
db44713e-1f07-422e-abe4-6716b24c5107,10/08/2009 12:30:00,ECB's President Trichet speech,HIGH,EUR
079388ee-a372-4f0c-8390-b8e4d5bc4508,10/14/2009 04:00:36,BoJ Interest Rate Decision,HIGH,JPY
908ea692-f091-4ab3-9633-fb803e79c885,10/14/2009 18:00:00,FOMC Minutes,HIGH,USD
21ccb09b-1ca0-4a04-a92d-5ce0c04e8ff9,10/20/2009 13:00:00,BoC Interest Rate Decision,HIGH,CAD
a43b2618-ace6-4329-a5ff-a8bf295b77c3,10/21/2009 08:30:00,BoE Minutes,HIGH,GBP
6e3022f2-bf3d-4c1c-9b83-b51ea3bf6582,10/28/2009 20:00:00,RBNZ Interest Rate Decision,HIGH,NZD
e2992617-809f-47e8-b776-3f712242f67e,10/30/2009 04:00:00,BoJ Interest Rate Decision,HIGH,JPY
c40c944a-6260-4398-bc0c-57547f86fb50,11/04/2009 19:15:00,Fed Interest Rate Decision,HIGH,USD
3f0f3768-039a-4d28-8ac0-58f7281ad8f2,11/05/2009 12:00:00,BoE Interest Rate Decision,HIGH,GBP
d8a9b2cc-83e5-4af1-9d0a-66ce893ac3a6,11/05/2009 12:45:00,ECB Main Refinancing Operations Rate,HIGH,EUR
e00ba299-c8aa-42eb-9d33-55f491ccfc51,11/05/2009 13:30:00,ECB's President Trichet speech,HIGH,EUR
e955fed5-4c61-49df-acc8-a5ffcad389fd,11/11/2009 10:30:00,BoE Monetary Policy Report,HIGH,GBP
5840906f-ac7f-40b1-9e0c-ae53aa154c9b,11/18/2009 09:30:00,BoE Minutes,HIGH,GBP
9ae81458-8960-4bd1-ad3a-ad055aae15a4,11/20/2009 04:00:00,BoJ Interest Rate Decision,HIGH,JPY
ce734b87-559b-405e-bf40-4cf9fdf6aab1,12/01/2009 06:30:00,BoJ Monetary Policy Meeting Minutes,HIGH,JPY
489867ec-b2e7-4ca2-94c8-81dd0551c47e,12/03/2009 12:45:00,ECB Main Refinancing Operations Rate,HIGH,EUR
d058b9c4-1dab-4451-81cc-87fdf83db7f3,12/03/2009 13:30:00,ECB's President Trichet speech,HIGH,EUR
a83446bb-dddb-4daa-a71f-39d633bd7e9c,12/08/2009 14:00:00,BoC Interest Rate Decision,HIGH,CAD
f4019fd7-e6ad-444e-867f-8921af1e869c,12/09/2009 20:00:00,RBNZ Interest Rate Decision,HIGH,NZD
f130d6a0-751f-4ee6-b99d-1e8ce27c3587,12/10/2009 08:30:00,SNB Interest Rate Decision,HIGH,CHF
00151de3-d911-4347-964c-fb9bc386ba0c,12/10/2009 12:00:00,BoE Interest Rate Decision,HIGH,GBP
a613c239-3570-4e66-aa96-dff5729df24b,12/16/2009 19:15:00,Fed Interest Rate Decision,HIGH,USD
42200a9a-9d7b-4037-89b1-1a6a694740e6,12/18/2009 04:00:00,BoJ Interest Rate Decision,HIGH,JPY
ac3f44bf-0a67-4797-a9bf-74811afd87ea,12/23/2009 09:30:00,BoE Minutes,HIGH,GBP
43d0df18-e302-4610-8c15-3e48bb28165c,12/23/2009 23:50:00,BoJ Minutes,HIGH,JPY
6774a942-81c9-40fb-a963-50b2b1a272a4,01/06/2010 19:00:00,FOMC Minutes,HIGH,USD
10822ec0-7322-4dc8-8301-7c29f1121f73,01/07/2010 12:00:00,BoE Interest Rate Decision,HIGH,GBP
18bae407-cf6a-4bc5-9cad-f5d2ffd9318c,01/14/2010 12:45:00,ECB Main Refinancing Operations Rate,HIGH,EUR
09db488b-0be1-4712-9f9e-71c970abc8ed,01/14/2010 13:30:00,ECB's President Trichet speech,HIGH,EUR
852f5751-9e60-45a9-ab19-f11f137a6fe3,01/19/2010 14:00:00,BoC Interest Rate Decision,HIGH,CAD
732c7e76-b29a-4527-9adc-a4fcc033ee05,01/20/2010 09:30:00,BoE Minutes,HIGH,GBP
d6a92456-d3fb-4f2f-9f59-54c7620796c9,01/26/2010 03:24:59,BoJ Interest Rate Decision,HIGH,JPY
925c6f0d-db1c-4301-bc04-ee05ef1a4b6a,01/27/2010 19:15:00,Fed Interest Rate Decision,HIGH,USD
87500054-e735-4b61-9dd0-5ed208e5aab9,01/27/2010 20:00:00,RBNZ Interest Rate Decision,HIGH,NZD
0c558d0d-66e0-4886-a922-47e3f082bd03,02/04/2010 12:00:00,BoE Interest Rate Decision,HIGH,GBP
290cc5fd-2b1e-4093-ad8c-532aaa1d2409,02/04/2010 12:45:00,ECB Main Refinancing Operations Rate,HIGH,EUR
4ea98106-ff06-4236-8966-689b3ec6d3a1,02/04/2010 13:30:00,ECB's President Trichet speech,HIGH,EUR
cd36c2b7-04b2-477c-a774-bb6772508730,02/17/2010 09:30:00,BoE Minutes,HIGH,GBP
bd02e29a-340d-49d6-b810-02eda67e69e1,02/17/2010 19:00:00,FOMC Minutes,HIGH,USD
7f41daac-f0f4-405c-b7d2-1c4c29cd6d1c,02/18/2010 03:19:43,BoJ Interest Rate Decision,HIGH,JPY
028935d8-2411-4596-9dfa-60d7a1f61acd,02/24/2010 15:00:00,Fed's Chair Bernanke testifies,HIGH,USD
0c996b7b-732e-4381-a89b-2daa9e7622f1,02/25/2010 14:00:00,Fed's Chair Bernanke testifies,HIGH,USD
314d4ba7-8d21-4759-b6ed-ff273e083482,03/02/2010 14:00:00,BoC Interest Rate Decision,HIGH,CAD
7a81ef44-fe3f-4bfa-ac62-6c4972be6039,03/04/2010 12:00:00,BoE Interest Rate Decision,HIGH,GBP
5d8f7365-11f8-4ab7-8181-3c5e2e534fc5,03/04/2010 12:45:00,ECB Main Refinancing Operations Rate,HIGH,EUR
a270a9ab-4f61-4407-80f9-318fc1560ce6,03/04/2010 13:30:00,ECB's President Trichet speech,HIGH,EUR
373ca689-9a70-47d0-ad47-3ee4fe74c808,03/10/2010 20:00:00,RBNZ Interest Rate Decision,HIGH,NZD
904b7f11-f097-4239-b44b-6e3772d0ef09,03/11/2010 13:00:00,SNB Interest Rate Decision,HIGH,CHF
663875d2-8dde-40c7-80ef-415742eedfc7,03/16/2010 18:15:00,Fed Interest Rate Decision,HIGH,USD
271c4a10-dd9b-4a18-96ff-af5f6b7519ba,03/17/2010 03:49:58,BoJ Interest Rate Decision,HIGH,JPY
f475cc21-df43-4cc2-91be-d164f54faa31,03/17/2010 09:30:00,BoE Minutes,HIGH,GBP
a15786c7-da36-463a-a6be-59ac9d2dc8f6,03/25/2010 14:00:00,Fed's Chair Bernanke testifies,HIGH,USD
ba643ec2-a509-4eb6-bbdc-67fcc78b8da5,04/06/2010 18:00:00,FOMC Minutes,HIGH,USD
eb569af1-8c2d-4301-af8b-604df9ec6e6a,04/07/2010 03:00:00,BoJ Interest Rate Decision,HIGH,JPY
585028c2-a51f-4840-8f91-369e52eb730e,04/08/2010 11:00:00,BoE Interest Rate Decision,HIGH,GBP
087cc1c1-d4d7-4e8d-8276-5635512c5cff,04/08/2010 11:45:00,ECB Main Refinancing Operations Rate,HIGH,EUR
1b21c0ba-f14a-4a21-9c8f-ada99b98e25c,04/14/2010 14:00:00,Fed's Chair Bernanke testifies,HIGH,USD
f592e8fe-c4b4-41d4-9862-c905b693e897,04/20/2010 13:00:00,BoC Interest Rate Decision,HIGH,CAD
0cb2593e-da21-4567-91a7-aed9806f2fa4,04/21/2010 08:30:00,BoE Minutes,HIGH,GBP
e906e468-2b43-4aa8-bdd9-9c9639de045b,04/28/2010 18:15:00,Fed Interest Rate Decision,HIGH,USD
941a552c-a544-4e35-a268-400d1dc4130c,04/28/2010 21:00:00,RBNZ Interest Rate Decision,HIGH,NZD
12e6d29d-f76a-459d-ab6e-ed7232badcdb,04/30/2010 04:28:10,BoJ Interest Rate Decision,HIGH,JPY
b851a12c-482e-462d-9165-26895c4264ec,05/06/2010 11:45:00,ECB Main Refinancing Operations Rate,HIGH,EUR
6be2398e-fe18-4e42-b68d-1e290fa34868,05/06/2010 12:30:00,ECB's President Trichet speech,HIGH,EUR
dc9ed0a5-d197-4802-ad4e-63fb1d580fcc,05/10/2010 11:00:00,BoE Interest Rate Decision,HIGH,GBP
fa1425cb-625a-47d1-9c7b-a56f2573469c,05/19/2010 08:30:00,BoE Minutes,HIGH,GBP
ca75ff51-2b41-465a-a62c-c51845916a2b,05/19/2010 18:00:00,FOMC Minutes,HIGH,USD
ee6e8770-1e4a-45ad-8deb-f916796cf177,05/21/2010 03:49:05,BoJ Interest Rate Decision,HIGH,JPY
2cbc9732-4555-4883-be30-74826e7b8b93,05/25/2010 23:50:00,BoJ Minutes,HIGH,JPY
f76552ec-d6f0-46fe-9f4e-c824b3cab196,06/01/2010 13:00:00,BoC Interest Rate Decision,HIGH,CAD
0c91f184-6b51-4aaf-bbe2-ff2f294f152b,06/09/2010 21:00:00,RBNZ Interest Rate Decision,HIGH,NZD
8af85c58-038e-4bd3-bad1-9ced4e325126,06/10/2010 11:00:00,BoE Interest Rate Decision,HIGH,GBP
4b0c970c-ad5c-4050-97c4-35d321dd847f,06/10/2010 11:45:00,ECB Main Refinancing Operations Rate,HIGH,EUR
a78ab768-cf2a-4e61-b19d-76c37fbdc64a,06/10/2010 12:30:00,ECB's President Trichet speech,HIGH,EUR
294b3a2c-edcb-4961-978d-b2d04fa92d4c,06/15/2010 04:05:42,BoJ Interest Rate Decision,HIGH,JPY
f571f5e9-a452-47b3-8931-a04bf728f3bb,06/17/2010 07:30:00,SNB Interest Rate Decision,HIGH,CHF
59bd8faf-cd40-4fc0-bfaa-54914a2f6da1,06/23/2010 08:30:00,BoE Minutes,HIGH,GBP
17378374-66ca-4f81-b561-230f5945f3a1,06/23/2010 18:15:00,Fed Interest Rate Decision,HIGH,USD
856ee0e6-e4a4-4828-85f9-a5e4e4451c01,07/08/2010 11:00:00,BoE Interest Rate Decision,HIGH,GBP
b4c861d7-4901-4a8f-af05-870d4544d6f4,07/08/2010 11:45:00,ECB Main Refinancing Operations Rate,HIGH,EUR
32b88134-c855-4e65-87e2-9297f125a2c8,07/14/2010 04:00:00,BoJ Monetary Policy Meeting Minutes,HIGH,JPY
6288b9ab-fdc2-46bd-a67a-c7bde11ff6c2,07/14/2010 18:00:00,FOMC Minutes,HIGH,USD
1c8dc2a9-3bfc-479b-b9d1-5664415ed63b,07/15/2010 04:32:51,BoJ Interest Rate Decision,HIGH,JPY
f5ba5969-7652-4871-947f-7a48b3d5759d,07/20/2010 13:00:00,BoC Interest Rate Decision,HIGH,CAD
c9c310db-072e-4358-b90b-354ac624c073,07/21/2010 08:30:00,BoE Minutes,HIGH,GBP
73fe967a-0298-4ce9-adae-b389b0a7682a,07/23/2010 16:00:00,Bank Stress Test Info,HIGH,EUR
c78434d4-b08e-42f4-9062-5a56a88ff382,07/28/2010 21:00:00,RBNZ Interest Rate Decision,HIGH,NZD
3a5af033-c2af-404e-be72-a3c79c1cd623,08/05/2010 11:00:00,BoE Interest Rate Decision,HIGH,GBP
3c5c7c01-a8d9-4fb7-a574-06aa3a0d7f10,08/05/2010 11:45:00,ECB Main Refinancing Operations Rate,HIGH,EUR
52f46a2e-f579-47b5-9e06-5a4e9c77a5f4,08/05/2010 12:30:00,ECB's President Trichet speech,HIGH,EUR
6c9738f0-6569-46dd-8044-64b0bc93daf0,08/10/2010 04:00:00,BoJ Interest Rate Decision,HIGH,JPY
44898867-6bca-4a45-b619-69d593c55439,08/10/2010 04:00:00,BoJ Monetary Policy Meeting Minutes,HIGH,JPY
b9d76871-1a28-4a35-8f14-467c74a6bd7b,08/10/2010 18:15:00,Fed Interest Rate Decision,HIGH,USD
66ded7cb-d079-4798-adf0-43a27abec61a,08/12/2010 23:50:00,BoJ Minutes,HIGH,JPY
f5673ced-d0f5-4ef7-b9fa-3b1d769cdd3f,08/30/2010 00:00:00,BoJ Monetary Policy Meeting Minutes,HIGH,JPY
7d1e4d99-8bde-45bb-9efe-73d254ffba0d,09/02/2010 11:45:00,ECB Main Refinancing Operations Rate,HIGH,EUR
903c7d16-8faf-4aaf-bbb3-5cf1c627f450,09/06/2010 04:00:00,BoJ Monetary Policy Meeting Minutes,HIGH,JPY
98c1233d-83a8-4e65-9548-79fe76afba88,09/07/2010 03:40:02,BoJ Interest Rate Decision,HIGH,JPY
d2080d00-dfa5-4cde-8e6a-e84a64950722,09/08/2010 13:00:00,BoC Interest Rate Decision,HIGH,CAD
7c28955e-e56b-4dae-9326-a54db920f530,09/16/2010 12:00:00,SNB Interest Rate Decision,HIGH,CHF
787936c5-5b68-4ca4-a485-9566bfe7fe86,09/21/2010 18:15:00,Fed Interest Rate Decision,HIGH,USD
365200dd-3a74-4e71-815d-11d39c95b194,10/05/2010 04:38:00,BoJ Interest Rate Decision,HIGH,JPY
3e20310a-e352-43e8-bc80-992474fd94e1,10/07/2010 11:00:00,BoE Interest Rate Decision,HIGH,GBP
0e61fc06-13d4-45c8-abaf-dad870379ff7,10/07/2010 11:45:00,ECB Main Refinancing Operations Rate,HIGH,EUR
e9d6b794-23da-4b80-b69c-f9d6be529c9f,10/19/2010 13:00:00,BoC Interest Rate Decision,HIGH,CAD
442b74a5-b326-44c6-b633-7468058a2198,10/20/2010 08:30:00,BoE Minutes,HIGH,GBP
15633eb5-ab0e-4297-a87f-ce4271732394,10/20/2010 14:30:00,BoC Monetary Policy Report,HIGH,CAD
71f954f0-6214-4c99-b5af-c8821ea7c7f9,10/27/2010 20:00:00,RBNZ Interest Rate Decision,HIGH,NZD
e7451596-456b-4802-9944-165826c774d5,10/28/2010 04:00:00,BoJ Monetary Policy Meeting Minutes,HIGH,JPY
aec2a3b6-6352-425f-8642-86fbd21ee20b,10/28/2010 05:07:06,BoJ Interest Rate Decision,HIGH,JPY
6f7afdbe-571d-4fa2-ae47-44d9d89b0f84,11/03/2010 18:15:00,Fed Interest Rate Decision,HIGH,USD
2c4a2c22-f88a-40b1-829e-2917d86f7529,11/04/2010 12:00:00,BoE Interest Rate Decision,HIGH,GBP
54ffe50f-7c1a-49e5-a913-b37f4222be6b,11/04/2010 12:45:00,ECB Main Refinancing Operations Rate,HIGH,EUR
5f5cc099-3e88-4a5e-9e05-5462c742301b,11/04/2010 13:30:00,ECB's President Trichet speech,HIGH,EUR
df9b07a9-6f30-41dc-befa-4a0c375e7418,11/05/2010 02:44:07,BoJ Interest Rate Decision,HIGH,JPY
2162ab00-efc3-4b0a-8276-5253497d98ef,11/10/2010 10:30:00,BoE Monetary Policy Report,HIGH,GBP
9a2d7f80-a2dc-4ee7-954c-1db7dff901ca,11/15/2010 04:00:00,BoJ Monetary Policy Meeting Minutes,HIGH,JPY
a8b62b52-bfff-4cdb-b36b-87f74bef3432,11/16/2010 15:30:00,BoE's Governor King speech,HIGH,GBP
4bb9438c-90ff-4a9b-8d9c-994f29e22e20,11/17/2010 09:30:00,BoE Minutes,HIGH,GBP
48259625-3c5e-49c1-bb37-cfb771f01a1c,11/23/2010 19:00:00,FOMC Minutes,HIGH,USD
47bc24b6-3511-40ec-b3f1-9d2ed25e292f,12/02/2010 12:45:00,ECB Main Refinancing Operations Rate,HIGH,EUR
fd1ea15e-c59a-4b6a-b2f7-4b8c0ed815da,12/02/2010 13:30:00,ECB's President Trichet speech,HIGH,EUR
e392e69d-d315-427e-9dc7-d91e3d11e6b0,12/07/2010 14:00:00,BoC Interest Rate Decision,HIGH,CAD
963b76bd-4e16-4703-8116-bd48dfe6feb4,12/08/2010 20:00:00,RBNZ Interest Rate Decision,HIGH,NZD
9a89cc52-b82c-432d-bca0-aa8220ab37f4,12/09/2010 12:00:00,BoE Interest Rate Decision,HIGH,GBP
c9dbf2f3-450d-4be2-863b-0db557355d9b,12/14/2010 19:15:00,Fed Interest Rate Decision,HIGH,USD
52eed491-b322-4552-bccb-f6beb5cf1cf3,12/16/2010 08:30:00,SNB Interest Rate Decision,HIGH,CHF
b2a2a467-53ff-4693-8c68-7b7b560abe49,12/20/2010 04:00:00,BoJ Monetary Policy Meeting Minutes,HIGH,JPY
a0119f24-5a15-4f6c-ba07-90ef03d7d2df,12/21/2010 00:00:00,BoJ Interest Rate Decision,HIGH,JPY
c99a4c6b-ca77-48f2-a077-61e0de2fd139,12/22/2010 09:30:00,BoE Minutes,HIGH,GBP
259aca96-0b76-450f-9971-6c54017bf527,01/13/2011 12:00:00,BoE Interest Rate Decision,HIGH,GBP
f3940d69-4007-44cd-8830-81b007c4450f,01/13/2011 12:45:00,ECB Main Refinancing Operations Rate,HIGH,EUR
7b042dc2-b155-41c2-b344-8c53fda0ebcb,01/13/2011 13:30:00,ECB's President Trichet speech,HIGH,EUR
cfa18bc6-4b0c-4521-a1cf-54972ba15fbe,01/18/2011 14:00:00,BoC Interest Rate Decision,HIGH,CAD
f01bdd53-44e6-4400-9716-a319fb0038ad,01/19/2011 15:30:00,BoC Monetary Policy Report,HIGH,CAD
f0f9fe9e-6291-4191-98ee-88df5f9573fb,01/25/2011 03:35:49,BoJ Interest Rate Decision,HIGH,JPY
e74170a9-022a-4b63-ac96-42815149d05c,01/26/2011 09:30:00,BoE Minutes,HIGH,GBP
b75cd5e8-408a-4cca-952a-465f9417dd2a,01/26/2011 19:15:00,Fed Interest Rate Decision,HIGH,USD
745e836b-9a79-4a65-8825-df7ffb4f7302,01/26/2011 20:00:00,RBNZ Interest Rate Decision,HIGH,NZD
ee86535c-3257-43d7-8df6-c3c1ee9f718f,02/03/2011 12:45:00,ECB Main Refinancing Operations Rate,HIGH,EUR
d4be218a-a0de-4af3-ad4d-ef33ea77556a,02/09/2011 15:00:00,Fed's Chair Bernanke testifies,HIGH,USD
afb2bfb6-e28b-435b-9882-c81e621b51e6,02/10/2011 12:00:00,BoE Interest Rate Decision,HIGH,GBP
4798937e-f33b-46af-9b46-f8fe2a9496f9,02/15/2011 03:42:03,BoJ Interest Rate Decision,HIGH,JPY
aeda43cc-c908-431a-a8ce-7ae9349b7286,02/16/2011 10:30:00,BoE Monetary Policy Report,HIGH,GBP
a41f89ac-4f48-40bf-9d9f-cf6e9aeda229,02/16/2011 10:30:00,BoE's Governor King speech,HIGH,GBP
93cb146e-a33d-40a1-81df-b3d87d20c474,02/17/2011 15:00:00,Fed's Chair Bernanke testifies,HIGH,USD
348fa19f-d247-4eb6-87da-7cc401da4160,02/23/2011 09:30:00,BoE Minutes,HIGH,GBP
d33c2a67-cc5e-416c-823c-77d6f23cd6bf,03/01/2011 14:00:00,BoC Interest Rate Decision,HIGH,CAD
0f8f4204-20e9-457f-af6a-4de395e988fb,03/03/2011 12:45:00,ECB Main Refinancing Operations Rate,HIGH,EUR
49136c76-7fd9-436f-95a5-ed639996038c,03/09/2011 20:00:00,RBNZ Interest Rate Decision,HIGH,NZD
ae48d367-cc70-4abd-9bad-dad9a6755165,03/10/2011 12:00:00,BoE Interest Rate Decision,HIGH,GBP
7c06c595-ffbe-4256-8c6d-e16d217b6117,03/15/2011 18:15:00,Fed Interest Rate Decision,HIGH,USD
17dd4831-b79f-422b-98a9-f95e184f5f23,03/17/2011 07:30:47,SNB Press Conference,HIGH,CHF
a2e8e71f-7446-420d-82f0-e8affcb23888,03/17/2011 08:30:00,SNB Interest Rate Decision,HIGH,CHF
ac387466-010a-41cf-9b2f-9af54f914c97,03/23/2011 09:30:00,BoE Minutes,HIGH,GBP
fe9967f4-e1a5-4857-b6db-93c0d0c446af,04/05/2011 18:00:00,FOMC Minutes,HIGH,USD
dc5a73c9-7cfb-4277-9a9d-2e8325b7345c,04/07/2011 04:00:00,BoJ Interest Rate Decision,HIGH,JPY
a6e20920-b236-4167-b88a-6c904e44ef1f,04/07/2011 04:10:00,BoJ Monetary Policy Statement,HIGH,JPY
d5bfc9ed-d0a5-42d3-b103-cb8c1f99a80d,04/07/2011 11:00:00,BoE Interest Rate Decision,HIGH,GBP
3beff6cf-ec8f-4ad3-a059-2d9c29090033,04/07/2011 11:45:00,ECB Main Refinancing Operations Rate,HIGH,EUR
aa701b6d-6eec-425a-8c91-2250df0967c1,04/12/2011 13:00:00,BoC Interest Rate Decision,HIGH,CAD
4b7eaae8-8b2c-4101-88bd-67010bb04c5c,04/13/2011 14:30:00,BoC Monetary Policy Report,HIGH,CAD
a5df8b60-c5b1-4c03-bbe6-80de52dd32d5,04/20/2011 08:30:00,BoE Minutes,HIGH,GBP
c48c30b2-bd11-48ed-8337-7014fc34fd7e,04/27/2011 16:30:00,Fed Interest Rate Decision,HIGH,USD
b404128e-ecdd-42fc-82f7-ce6b9379f01d,04/27/2011 18:15:00,Former Fed's Chair Bernanke speech,HIGH,USD
b3b7e7ea-1dad-4bdc-89d4-bd90e74bee8f,04/27/2011 21:00:00,RBNZ Interest Rate Decision,HIGH,NZD
9ac39428-bad8-455a-bad8-f7b5ad3f788d,04/28/2011 04:36:22,BoJ Interest Rate Decision,HIGH,JPY
c19cc335-2f39-4a45-b07c-78fbfb23740e,05/05/2011 11:00:00,BoE Asset Purchase Facility,HIGH,GBP
649948d1-3c43-48b9-95b9-830aa72653e8,05/05/2011 11:00:00,BoE Interest Rate Decision,HIGH,GBP
39830d3f-2e0e-44b9-a35d-db4ce0e38145,05/05/2011 11:45:00,ECB Main Refinancing Operations Rate,HIGH,EUR
4d6de8e3-a99f-4266-b046-5be892ad45fc,05/05/2011 12:30:00,ECB's President Trichet speech,HIGH,EUR
548f79b1-2fbe-456f-9cf1-8a32563487df,05/18/2011 08:30:00,BoE Minutes,HIGH,GBP
1bd98417-05da-4558-af0e-c9e0aa69766e,05/18/2011 18:00:00,FOMC Minutes,HIGH,USD
ba396f57-3d8e-493a-bf06-ca3447bc3cf9,05/20/2011 04:22:26,BoJ Interest Rate Decision,HIGH,JPY
d3b97428-c0be-4a1d-815a-59ef1e333986,05/20/2011 07:15:00,BoJ Monetary Policy Statement,HIGH,JPY
e9350a8c-2725-46f1-bead-62bc96d2c58f,05/31/2011 13:00:00,BoC Interest Rate Decision,HIGH,CAD
2b49584d-160d-44b7-a331-394146f2bccc,06/08/2011 21:00:00,RBNZ Interest Rate Decision,HIGH,NZD
77f88924-94a1-4fc8-a19e-1f1237a1e5d6,06/08/2011 21:00:00,RBNZ Monetary Policy Statement,HIGH,NZD
bc52fd87-b06d-4d37-bb2b-7fdd444fff19,06/09/2011 11:00:00,BoE Asset Purchase Facility,HIGH,GBP
fd07dcfc-f02e-45b1-9d0c-de9ddb94a023,06/09/2011 11:00:00,BoE Interest Rate Decision,HIGH,GBP
2b3ccc3f-995b-4304-994d-7900d577781a,06/09/2011 11:45:00,ECB Main Refinancing Operations Rate,HIGH,EUR
babf19a4-875f-4990-a377-dd8325794750,06/09/2011 12:30:00,ECB Press Conference,HIGH,EUR
b91b2583-2f8f-4888-b83b-67d13e0c084d,06/14/2011 03:45:00,BoJ Monetary Policy Statement,HIGH,JPY
9faf609c-fab7-4dac-9f9f-52b1dfccd238,06/14/2011 03:45:49,BoJ Interest Rate Decision,HIGH,JPY
21ada0f2-030c-4fb5-ab9a-730acb074cb6,06/16/2011 07:30:00,SNB Interest Rate Decision,HIGH,CHF
3896558c-8c12-4aa1-9dc5-f13d1b2deaf5,06/16/2011 07:30:55,SNB Press Conference,HIGH,CHF
18a8b106-0df8-408a-a105-c2fca00a8f62,06/22/2011 08:30:00,BoE Minutes,HIGH,GBP
a36559f3-eef3-4caa-a8ef-561da750c1d4,06/22/2011 16:30:00,Fed Interest Rate Decision,HIGH,USD
2a0141cb-c51b-4156-ab4e-297053115a9e,06/22/2011 18:15:00,Fed's Monetary Policy Statement and Press Conference,HIGH,USD
daaee79c-8525-4f59-86b4-ebd8c5182604,07/07/2011 11:00:00,BoE Asset Purchase Facility,HIGH,GBP
5a44318f-670a-44be-886c-b93cfaca613f,07/07/2011 11:00:00,BoE Interest Rate Decision,HIGH,GBP
fa863664-f003-4134-8da8-08a38b4f6670,07/07/2011 11:45:00,ECB Main Refinancing Operations Rate,HIGH,EUR
6ba31b32-2200-437b-ba4b-662f1fa2d52d,07/07/2011 12:30:00,ECB Press Conference,HIGH,EUR
45b4f2aa-622b-4292-9ace-b56da8176d8d,07/12/2011 03:00:00,BoJ Monetary Policy Statement,HIGH,JPY
7522807a-6218-426a-aadd-286ad98abfa9,07/12/2011 04:24:23,BoJ Interest Rate Decision,HIGH,JPY
d2f73867-462d-49fb-a9ed-245f10417dcf,07/12/2011 18:00:00,FOMC Minutes,HIGH,USD
b865b805-a93a-44e9-a9db-710f2ed25af4,07/13/2011 14:00:00,Fed's Chair Bernanke testifies,HIGH,USD
7ecdf547-c648-4e1c-92dc-d6300729d210,07/14/2011 14:00:00,Fed's Chair Bernanke testifies,HIGH,USD
6e5f1f72-896a-4d3b-986f-31b973d6d004,07/15/2011 16:00:00,Bank Stress Test Info,HIGH,EUR
88224530-52a6-49c5-ba7e-c429c21fa8a2,07/19/2011 13:00:00,BoC Interest Rate Decision,HIGH,CAD
c58df957-6523-4373-b87a-7193e52b7197,07/20/2011 08:30:00,BoE Minutes,HIGH,GBP
b9166d21-53d5-415f-8f45-80704105e1a9,07/20/2011 14:30:00,BoC Monetary Policy Report,HIGH,CAD
ae5b3c6a-5dce-4fd2-8f56-f48303022bd2,07/27/2011 21:00:00,RBNZ Interest Rate Decision,HIGH,NZD
170c91cb-ca74-4e23-aba4-652751f20da9,08/03/2011 07:00:00,SNB Interest Rate Decision,HIGH,CHF
59d79ee5-28f0-4b1d-a506-25ab90300b83,08/03/2011 07:30:23,SNB Press Conference,HIGH,CHF
bf32f4a2-c0da-4b3f-ad26-39035193fa6c,08/04/2011 05:00:00,BoJ Interest Rate Decision,HIGH,JPY
341eed4e-2e33-4ded-a79b-39e6b368e7cb,08/04/2011 05:00:00,BoJ Monetary Policy Statement,HIGH,JPY
967a5823-f88f-4d6d-8702-c659b0ff7083,08/04/2011 11:00:00,BoE Asset Purchase Facility,HIGH,GBP
ea0f3363-4a99-41c1-b2ed-c7d3fae970e7,08/04/2011 11:00:00,BoE Interest Rate Decision,HIGH,GBP
021f37b8-ae69-4580-a108-4dd58d41b4dd,08/04/2011 11:45:00,ECB Main Refinancing Operations Rate,HIGH,EUR
bb9fcf10-bb6d-4d67-8753-67298b36d1b8,08/04/2011 12:30:00,ECB Press Conference,HIGH,EUR
2f9af994-f79b-4c1c-aa5b-a5633ccfd820,08/09/2011 18:15:00,Fed Interest Rate Decision,HIGH,USD
77c549f3-529c-4f3a-b5d5-fbe36b25618d,08/10/2011 09:30:00,BoE Monetary Policy Report,HIGH,GBP
ff5f2dd9-bcc1-4e34-bd85-066752c7c9b9,08/10/2011 09:30:00,BoE's Governor King speech,HIGH,GBP
68a17c86-ffa5-419f-871f-aab4d2ce34e5,08/11/2011 08:00:00,ECB Monthly Report,HIGH,EUR
64f671b8-875a-4ec8-89f3-49f060898e0b,08/17/2011 08:30:00,BoE Minutes,HIGH,GBP
d7ea31f9-775b-4dd0-9c59-2ae49a808640,08/30/2011 18:00:00,FOMC Minutes,HIGH,USD
fba81088-9fec-4bdd-b7ef-8a25df4fbade,09/07/2011 03:22:58,BoJ Interest Rate Decision,HIGH,JPY
3e030dd8-2d45-4774-8693-984e4d2c750b,09/07/2011 13:00:00,BoC Interest Rate Decision,HIGH,CAD
525cbeed-d4e8-459d-8d92-0591864745a9,09/08/2011 11:00:00,BoE Interest Rate Decision,HIGH,GBP
049621b5-31b9-4cdc-a7e6-f86fb9827ce0,09/08/2011 11:45:00,ECB Main Refinancing Operations Rate,HIGH,EUR
da305a9e-b767-49d5-a9e8-d3f5c4416c82,09/08/2011 12:30:00,ECB's President Trichet speech,HIGH,EUR
5f5ce4c5-77bc-4099-a0aa-d769b4f80fca,09/14/2011 21:00:00,RBNZ Interest Rate Decision,HIGH,NZD
0a65aaab-0f7e-4f96-9970-33fcbe2d1912,09/14/2011 21:00:00,RBNZ Monetary Policy Statement,HIGH,NZD
44055dd3-9eb9-426f-abd4-9efae55d5512,09/15/2011 07:30:00,SNB Interest Rate Decision,HIGH,CHF
0ed00f0f-91f0-4fb6-b195-6484e630e2c1,09/21/2011 08:30:00,BoE Minutes,HIGH,GBP
6303c68c-aa24-430e-b014-928f7cc75162,09/21/2011 18:15:00,Fed Interest Rate Decision,HIGH,USD
30e5955e-9dab-4d66-adc5-bc6dbefb7dbb,10/04/2011 14:00:00,Fed's Chair Bernanke testifies,HIGH,USD
da35b943-2ec6-4ccb-b571-dc81891aab5c,10/06/2011 11:00:00,BoE Interest Rate Decision,HIGH,GBP
3646ac4f-c649-40ce-a7ef-3a95b829d5e7,10/06/2011 11:45:00,ECB Main Refinancing Operations Rate,HIGH,EUR
76f8e499-23fe-4452-81cd-1ab5df462312,10/06/2011 12:30:00,ECB's President Trichet speech,HIGH,EUR
848b10e1-3e7b-4e7e-b829-826615d4f402,10/07/2011 04:00:00,BoJ Interest Rate Decision,HIGH,JPY
c9993005-0203-4c51-9661-9f602168390c,10/11/2011 05:00:00,BoJ Monthly Economic Survey,HIGH,JPY
44be97c9-48e8-4175-b9ee-d34b03e07ea9,10/12/2011 18:00:00,FOMC Minutes,HIGH,USD
8c0b67f6-9259-4b0a-a56c-ba0281454216,10/12/2011 23:50:00,BoJ Monetary Policy Meeting Minutes,HIGH,JPY
af2ba2d1-64dd-4f5d-94bd-08f4c559a725,10/13/2011 08:00:00,ECB Monthly Report,HIGH,EUR
d9b84d4b-1a4a-4bbf-be4e-7bd843f75c57,10/18/2011 17:15:00,Former Fed's Chair Bernanke speech,HIGH,USD
a1fe87a4-0833-4f98-b4d0-d2ae7c664e0a,10/19/2011 08:30:00,BoE Minutes,HIGH,GBP
a85c0d42-71c9-4cfb-8af2-17b8fcae64c7,10/25/2011 13:00:00,BoC Interest Rate Decision,HIGH,CAD
903c2db6-c855-403f-8a8e-4eac3304bfe4,10/26/2011 14:30:00,BoC Monetary Policy Report,HIGH,CAD
d9c3b2d5-b839-48b1-b458-5fc3640077cc,10/26/2011 20:00:00,RBNZ Interest Rate Decision,HIGH,NZD
7148f723-cca0-4eaf-83d5-ac3c7584d1b0,10/27/2011 04:00:00,BoJ Interest Rate Decision,HIGH,JPY
12d174dc-18da-453d-b7be-77fc75bf1cd4,11/02/2011 16:30:00,Fed Interest Rate Decision,HIGH,USD
4ca36bdc-a7a9-4939-8f60-6631aab4b34d,11/02/2011 18:15:00,Fed's Monetary Policy Statement and Press Conference,HIGH,USD
d3180c04-6611-477f-be7e-99a978c5e6ac,11/03/2011 12:45:00,ECB Main Refinancing Operations Rate,HIGH,EUR
21f95eed-c394-4e1b-a533-0ee69f826f15,11/03/2011 13:30:00,ECB Press Conference,HIGH,EUR
e582fb4a-7549-409a-bbe0-9e3dd3fca021,11/10/2011 12:00:00,BoE Asset Purchase Facility,HIGH,GBP
7dc625be-9978-4a87-b039-b5d88c15f1e4,11/10/2011 12:00:00,BoE Interest Rate Decision,HIGH,GBP
fdedd952-7ca9-4e9b-948e-0bb1a7ec7d32,11/16/2011 03:30:00,BoJ Interest Rate Decision,HIGH,JPY
5763a1e1-e3ae-4d9e-9245-620241af496b,11/16/2011 10:30:00,BoE's Governor King speech,HIGH,GBP
3e49d545-3f94-43fa-a87d-99c51110514e,11/20/2011 23:50:00,BoJ Monetary Policy Meeting Minutes,HIGH,JPY
a2da813c-69fe-4f09-9a66-fdaba973aac8,11/22/2011 19:00:00,FOMC Minutes,HIGH,USD
851da80d-99bb-4810-9ead-71bbd9169a12,11/23/2011 09:30:00,BoE Minutes,HIGH,GBP
d92e26db-9859-48aa-a772-4b93f48eb746,11/30/2011 19:00:00,Fed's Beige Book,HIGH,USD
a4ba91b0-f467-4fc9-bbd0-929268219b0e,12/06/2011 14:00:00,BoC Interest Rate Decision,HIGH,CAD
a75d1623-666c-4ac9-b58a-11bc3ecf9ff0,12/07/2011 20:00:00,RBNZ Interest Rate Decision,HIGH,NZD
5b7a6f46-27f6-4f0a-ad36-58541b8604e4,12/07/2011 20:00:00,RBNZ Monetary Policy Statement,HIGH,NZD
1c71368c-475e-494c-a42b-a684d886eb72,12/08/2011 12:00:00,BoE Asset Purchase Facility,HIGH,GBP
746962d4-55c4-4e7d-a58d-dc025bb16d9c,12/08/2011 12:00:00,BoE Interest Rate Decision,HIGH,GBP
9fc7d75a-377a-493e-a0dd-888dc1f3b8f8,12/08/2011 12:45:00,ECB Main Refinancing Operations Rate,HIGH,EUR
b26a9398-5078-4341-8117-bd3748cbe0d7,12/08/2011 13:30:00,ECB Press Conference,HIGH,EUR
7747d850-47ba-46e5-aef8-9fc46a1b38c4,12/13/2011 19:15:00,Fed Interest Rate Decision,HIGH,USD
94dbebe0-ac10-4e1f-8080-2f11466b76db,12/15/2011 07:30:00,SNB Press Conference,HIGH,CHF
ba5fd0db-d35d-4d2f-bea8-a3efbe4c81b3,12/15/2011 08:30:00,SNB Interest Rate Decision,HIGH,CHF
113657d7-44ad-4eb9-b36d-39bc5a8c1ddf,12/15/2011 09:00:00,ECB Monthly Report,HIGH,EUR
b4228ad5-a996-401e-9c34-3886dc078612,12/19/2011 15:30:35,ECB's President Draghi speech,HIGH,EUR
c87b6cfb-8c20-487b-a2bc-7524cfe4155f,12/21/2011 04:01:02,BoJ Interest Rate Decision,HIGH,JPY
eaeb55cf-5083-4aaa-8062-b958f427523f,12/21/2011 09:30:00,BoE Minutes,HIGH,GBP
003792bb-0d1c-433b-8eb2-461c94530330,12/21/2011 10:15:00,ECB LTRO Auction,HIGH,EUR
09ede600-e372-4460-b98d-3355f7002e1a,12/26/2011 23:50:00,BoJ Monetary Policy Meeting Minutes,HIGH,JPY
ed8ffe61-e5bf-41c7-a88c-e89216f405ae,01/03/2012 19:00:00,FOMC Minutes,HIGH,USD
b3a97056-95cf-458d-b8b8-d765473a0f17,01/11/2012 19:00:00,Fed's Beige Book,HIGH,USD
202c5558-232a-49a0-b0c2-9c6c7196e172,01/12/2012 12:00:00,BoE Asset Purchase Facility,HIGH,GBP
420ccfc4-d072-4958-a834-89541685b7ab,01/12/2012 12:00:00,BoE Interest Rate Decision,HIGH,GBP
d5efc7ec-5d19-4ef3-b43e-9ee0fbe52c21,01/12/2012 12:45:00,ECB Main Refinancing Operations Rate,HIGH,EUR
c9738cb5-bc10-4250-809f-d03ba200fd75,01/12/2012 13:30:00,ECB's President Draghi speech,HIGH,EUR
205cb14b-20ed-464e-ad3f-4a43f75a83c2,01/17/2012 10:00:00,BoE's Governor King speech,HIGH,GBP
b53819a8-e301-4b50-a167-155d5cb1dead,01/17/2012 14:00:00,BoC Interest Rate Decision,HIGH,CAD
9619a264-b2ff-4044-a04c-54e6ef3c1d4c,01/18/2012 15:30:00,BoC Monetary Policy Report,HIGH,CAD
d02fe7a4-da84-412b-bfca-8d5ae0916eb6,01/19/2012 09:00:00,ECB Monthly Report,HIGH,EUR
79655ace-7fbb-49b7-8cc3-6f823750fa94,01/24/2012 03:35:00,BoJ Monetary Policy Statement,HIGH,JPY
40a74862-ded2-40cb-8ecf-28cdcbe7faad,01/24/2012 03:35:29,BoJ Interest Rate Decision,HIGH,JPY
f044fc8d-196b-4cd4-acc1-4868ae7bd28a,01/25/2012 09:30:00,BoE Minutes,HIGH,GBP
a256ecd6-bd49-448d-a42d-c9616b69467f,01/25/2012 17:30:00,Fed Interest Rate Decision,HIGH,USD
c4b3921c-d52e-41b1-8709-0e1e1eecb254,01/25/2012 18:00:00,FOMC Economic Projections,HIGH,USD
aaecbaa8-bcd6-4941-8a1e-bcac84b3b21f,01/25/2012 19:15:00,Fed's Monetary Policy Statement and Press Conference,HIGH,USD
e34407f8-f09e-4fb4-a18a-0022de6661fc,01/25/2012 20:00:00,RBNZ Interest Rate Decision,HIGH,NZD
5e479253-d8a6-43d6-8943-dc44437df8d1,01/26/2012 23:50:00,BoJ Monetary Policy Meeting Minutes,HIGH,JPY
03b94f73-f729-4d4c-aba8-7bb4c1a10557,01/27/2012 01:00:00,RBNZ's Governor Bollard speech,HIGH,NZD
aaa02563-60c0-4633-91d7-ee5daa442b47,02/07/2012 15:00:00,Fed's Chair Bernanke testifies,HIGH,USD
127707bc-414a-4f07-832a-de2c3bd9643c,02/09/2012 12:00:00,BoE Asset Purchase Facility,HIGH,GBP
0c5c4781-cac2-4da7-9497-b11cf22bb42c,02/09/2012 12:00:00,BoE Interest Rate Decision,HIGH,GBP
d058486b-9475-4838-92f1-881addea9b64,02/09/2012 12:45:00,ECB Main Refinancing Operations Rate,HIGH,EUR
e8a575f0-53bd-4606-a268-ea9264df781e,02/09/2012 13:30:00,ECB's President Draghi speech,HIGH,EUR
8975da2a-2c91-4e3d-9cc8-da80a9d68456,02/14/2012 03:44:22,BoJ Interest Rate Decision,HIGH,JPY
4d24c29a-5e74-474c-996c-f8b50c20deec,02/14/2012 04:00:00,BoJ Monetary Policy Statement,HIGH,JPY
fa7a688c-400b-4dc4-bece-8f57ddb8ec7f,02/15/2012 10:30:00,BoE Monetary Policy Report,HIGH,GBP
97e4a03f-4d82-4012-a7ca-73ba4f903dd4,02/15/2012 19:00:00,FOMC Minutes,HIGH,USD
042fdefb-1563-4ea1-92e1-d48765c06882,02/16/2012 01:10:00,RBNZ's Governor Bollard speech,HIGH,NZD
a66c4557-4c01-48d4-82fc-560794c0fe64,02/22/2012 09:30:00,BoE Minutes,HIGH,GBP
d695a8d4-4d41-4629-8d3b-379643e2ec38,02/29/2012 10:15:00,ECB LTRO Auction,HIGH,EUR
aad7d4cd-a805-492d-a07b-433abda7d385,03/07/2012 20:00:00,RBNZ Interest Rate Decision,HIGH,NZD
ad15c852-65bd-4499-823c-b979b1eb85d7,03/07/2012 20:00:00,RBNZ Press Conference,HIGH,NZD
1a7403b9-001a-4c05-8e88-852ea8f6d593,03/08/2012 12:00:00,BoE Asset Purchase Facility,HIGH,GBP
fd5353a8-7729-4d14-8a6e-6212bd322b2c,03/08/2012 12:00:00,BoE Interest Rate Decision,HIGH,GBP
c58694e9-2a5b-4e24-9a19-ef210fe3b775,03/08/2012 12:45:00,ECB Main Refinancing Operations Rate,HIGH,EUR
b566794a-fb18-48b4-b59f-6e4ee5601a47,03/08/2012 13:30:00,ECB Press Conference,HIGH,EUR
e682c4f5-7d80-450d-bfe0-ca801fa9c69b,03/08/2012 14:00:00,BoC Interest Rate Decision,HIGH,CAD
465540ed-20ba-441b-acd5-48756076ff82,03/13/2012 05:07:40,BoJ Interest Rate Decision,HIGH,JPY
8cd48069-6c3c-4fe0-85ab-b8bd8e8c62b0,03/13/2012 15:11:00,Bank Stress Test Results,HIGH,USD
21915cb4-72de-44ea-9900-7d3e4391fdd5,03/13/2012 18:15:00,Fed Interest Rate Decision,HIGH,USD
d3b24905-1302-4092-80ac-5a5d1a60276d,03/15/2012 07:30:00,SNB Press Conference,HIGH,CHF
7721aadf-1e04-491e-b862-a191f929d18b,03/15/2012 08:30:00,SNB Interest Rate Decision,HIGH,CHF
ffbed200-559c-4b04-988c-2609ee5f96d1,03/21/2012 09:30:00,BoE Minutes,HIGH,GBP
41c35a86-2460-4681-88e4-1db491c4d9f6,03/22/2012 12:00:00,European Systemic Risk Board Meeting,HIGH,EUR
797f7f5c-042e-4e4d-a944-82b22e5a1a3f,03/26/2012 12:00:00,Former Fed's Chair Bernanke speech,HIGH,USD
558ea349-0964-447b-ab61-a0afeb15918b,03/26/2012 16:00:00,ECB's President Draghi speech,HIGH,EUR
19df5988-b1b6-4520-9fb5-d3b725aeb6c2,04/03/2012 18:00:00,FOMC Minutes,HIGH,USD
ba15b379-27ae-4bae-a02b-fc81cbe7ae5b,04/04/2012 11:45:00,ECB Main Refinancing Operations Rate,HIGH,EUR
37ad9d25-8656-45ec-b54f-0a26b442966e,04/04/2012 12:30:00,ECB Press Conference,HIGH,EUR
bdb84ac2-cbb5-432e-8593-ac9831199ead,04/05/2012 11:00:00,BoE Asset Purchase Facility,HIGH,GBP
c3424f68-e35b-4275-8883-43c269925008,04/05/2012 11:00:00,BoE Interest Rate Decision,HIGH,GBP
03b0bf92-910b-4160-97be-d29e49ceb8fa,04/10/2012 03:30:00,BoJ Interest Rate Decision,HIGH,JPY
a2622ee5-faaf-42ce-b1b8-5204ed9eeb68,04/12/2012 08:00:00,ECB Monthly Report,HIGH,EUR
2d5cf7ad-6213-4fb5-9f45-f68dcec775a1,04/17/2012 12:30:00,ECB's President Draghi speech,HIGH,EUR
36985f19-fa41-46fc-a75e-069c8cc39d36,04/17/2012 13:00:00,BoC Interest Rate Decision,HIGH,CAD
6388ca6c-b50f-4459-8d77-b9f9762dfda6,04/17/2012 13:00:00,BoC Monetary Policy Statement,HIGH,CAD
ea40fb9a-0d9f-4eab-97a3-d571c61cf478,04/18/2012 08:30:00,BoE Minutes,HIGH,GBP
e93cf672-c382-4286-ba10-8d85e9bbfce5,04/18/2012 14:30:00,BoC Monetary Policy Report,HIGH,CAD
f4ea8479-4066-4187-a358-949b37085cd5,04/18/2012 15:15:00,BoC Press Conference,HIGH,CAD
fa0128e0-0140-4d89-9a20-1bc6ff91d7b8,04/25/2012 07:00:34,ECB's President Draghi speech,HIGH,EUR
f9f01927-6596-43c9-ab27-17d273e29961,04/25/2012 16:30:00,Fed Interest Rate Decision,HIGH,USD
dba3e63b-f930-4a78-a135-ec60173d3d43,04/25/2012 18:00:00,FOMC Economic Projections,HIGH,USD
4a42f127-6329-4a95-bff8-885cb4111b98,04/25/2012 18:15:00,Fed's Monetary Policy Statement and Press Conference,HIGH,USD
d5dc9746-76c0-4f8d-95ae-38becdfe632e,04/25/2012 21:00:00,RBNZ Interest Rate Decision,HIGH,NZD
39e88a54-fe14-4e28-abac-7e4187c1dcc1,04/25/2012 21:00:00,RBNZ Press Conference,HIGH,NZD
55d6c762-32e5-448e-a856-092c54f63d6c,04/26/2012 07:30:07,ECB's President Draghi speech,HIGH,EUR
cc64705b-278a-4d77-9543-88ea83b7cb8b,04/27/2012 03:30:00,BoJ Interest Rate Decision,HIGH,JPY
6a9c7ddc-91fc-4dfd-b860-0c18c9a9b669,05/03/2012 11:45:00,ECB Main Refinancing Operations Rate,HIGH,EUR
caa6d3ac-168f-46d6-80c8-d1a1a3dcbb55,05/03/2012 12:30:00,ECB's President Draghi speech,HIGH,EUR
0b25980b-6cd4-450f-af83-0d875e78748d,05/08/2012 12:30:38,ECB's President Draghi speech,HIGH,EUR
cc826307-173e-40da-87c7-87c794a4e77a,05/10/2012 08:00:00,ECB Monthly Report,HIGH,EUR
8c5ca680-948d-450b-a647-9f35bf948783,05/10/2012 11:00:00,BoE Asset Purchase Facility,HIGH,GBP
a3b450b3-eabc-48e5-9d19-d0272366163e,05/10/2012 11:00:00,BoE Interest Rate Decision,HIGH,GBP
ec3c5663-6944-47f5-ba34-7993b06ec218,05/16/2012 09:30:00,BoE Monetary Policy Report,HIGH,GBP
06f9d7f1-7062-412a-bdfe-1ac8c2f28b6e,05/16/2012 18:00:00,FOMC Minutes,HIGH,USD
3a16730d-79e1-43ff-9170-5d2d4eeb8e4e,05/23/2012 04:00:00,BoJ Interest Rate Decision,HIGH,JPY
202bea9f-fb23-4fbe-9447-f2325ca918fb,05/23/2012 08:30:00,BoE Minutes,HIGH,GBP
13d72434-2ff3-42e8-a35e-e786081c7842,05/24/2012 05:00:00,BoJ Monthly Economic Survey,HIGH,JPY
38790dd2-bef9-4f0c-81c6-824033336101,05/31/2012 07:00:00,ECB's President Draghi speech,HIGH,EUR
d442d1f9-d255-47f4-bc11-60dbcc0db1a9,05/31/2012 13:00:00,Irish Stability Treaty Vote,HIGH,EUR
35c2704a-53d5-4574-b0ce-39a30845b01b,06/05/2012 13:00:00,BoC Interest Rate Decision,HIGH,CAD
17e2b164-8a8b-4f3a-a150-f84f120321d6,06/05/2012 13:00:00,BoC Monetary Policy Statement,HIGH,CAD
624cc47f-5d36-488f-aaac-7703745b515b,06/06/2012 11:45:00,ECB Main Refinancing Operations Rate,HIGH,EUR
8eb93d44-73d9-46da-b786-3b6075f83951,06/06/2012 12:30:00,ECB Press Conference,HIGH,EUR
b037f571-8aa1-4db5-908d-f93d201e267d,06/07/2012 11:00:00,BoE Asset Purchase Facility,HIGH,GBP
d1719652-a431-4653-a93e-f4f178a67d55,06/07/2012 11:00:00,BoE Interest Rate Decision,HIGH,GBP
6eb033ed-d25b-4454-ac28-8973761668cb,06/07/2012 14:00:00,Fed's Chair Bernanke testifies,HIGH,USD
b4b61513-af67-4658-8350-502d7dfedc52,06/13/2012 21:00:00,RBNZ Interest Rate Decision,HIGH,NZD
1cdd2d19-4780-4245-aa95-44644d335394,06/13/2012 21:00:00,RBNZ Press Conference,HIGH,NZD
4f0f7644-426c-44f2-b1d1-12217ed25423,06/14/2012 01:10:00,RBNZ's Governor Bollard speech,HIGH,NZD
0b8c5b54-39af-4cc8-ba0c-e8d89131519f,06/14/2012 07:30:00,SNB Interest Rate Decision,HIGH,CHF
6eecf7bf-d433-4907-a033-b9ead28a39bf,06/14/2012 07:30:00,SNB Press Conference,HIGH,CHF
38c1842d-52f0-4371-9f68-142d2a6ade78,06/14/2012 08:00:00,ECB Monthly Report,HIGH,EUR
442a73eb-9dea-4ddc-bb39-798f465a6730,06/15/2012 03:00:00,BoJ Interest Rate Decision,HIGH,JPY
22722438-7f8b-4f41-9b18-a4422345d8ad,06/15/2012 06:50:00,ECB's President Draghi speech,HIGH,EUR
bb393ddf-2150-43fe-bcee-0d20e8b469ba,06/18/2012 05:00:00,BoJ Monthly Economic Survey,HIGH,JPY
967ac5ed-57c3-412e-b270-6fdb1a2cdfa7,06/19/2012 23:50:00,BoJ Monetary Policy Meeting Minutes,HIGH,JPY
30a0f1d8-76c8-4c53-9191-ddea57c1290d,06/20/2012 08:30:00,BoE Minutes,HIGH,GBP
c30e96aa-30cd-47d6-b031-2f1b1fe50544,06/20/2012 16:30:00,Fed Interest Rate Decision,HIGH,USD
ee4a7671-9a59-4206-b5e1-6b3f4998b59d,06/20/2012 18:00:00,FOMC Economic Projections,HIGH,USD
38f2f6b3-9030-41d1-9473-f9b6940408dd,06/20/2012 18:15:00,Fed's Monetary Policy Statement and Press Conference,HIGH,USD
73dfc6f2-62a1-4129-a7b8-4895c3d6af09,06/21/2012 12:00:00,European Systemic Risk Board Meeting,HIGH,EUR
27a0d763-8d99-46da-af2c-6e4ed0908698,06/26/2012 09:00:00,BoE Monetary Policy Report Hearings,HIGH,GBP
cea5bf7b-0ed4-4cef-8eb8-b7d0cc1fee2c,07/05/2012 11:00:00,BoE Asset Purchase Facility,HIGH,GBP
79793173-87b1-4cd0-bbd6-fbbdc2b7bb86,07/05/2012 11:00:00,BoE Interest Rate Decision,HIGH,GBP
1bccd7e5-fc3c-4120-9671-aa744a3844ca,07/05/2012 11:45:00,ECB Main Refinancing Operations Rate,HIGH,EUR
1a0da285-2ae5-469c-9d74-eb361f81bbb2,07/05/2012 12:30:00,ECB Press Conference,HIGH,EUR
ceeb6b35-5ab6-43dc-a6e0-9b2eca7577ca,07/09/2012 12:30:00,ECB's President Draghi speech,HIGH,EUR
367eb0b6-693d-4243-814d-60acb6897797,07/09/2012 15:30:00,BoE's Tucker speech,HIGH,GBP
85c2a694-e925-476d-bab8-a29dd074dfd8,07/11/2012 18:00:00,FOMC Minutes,HIGH,USD
6ac4fb5e-e4ec-4956-98e9-77403831a6fd,07/12/2012 03:00:00,BoJ Interest Rate Decision,HIGH,JPY
c4469997-d3d8-4a56-86b0-286f3dffd3fa,07/12/2012 04:00:00,BoJ Monetary Policy Statement,HIGH,JPY
51d9cac6-70c6-4d80-89a5-3de7c5970cbe,07/12/2012 08:00:00,ECB Monthly Report,HIGH,EUR
a4c55a2d-bedc-45c1-8200-0d4f2219e020,07/17/2012 13:00:00,BoC Interest Rate Decision,HIGH,CAD
408c087f-6f3d-4923-b419-417675c9e57b,07/17/2012 13:00:00,BoC Monetary Policy Statement,HIGH,CAD
99d1554b-190a-416a-910f-002aedc7197d,07/17/2012 14:00:00,Fed's Chair Bernanke testifies,HIGH,USD
d2710385-fa9f-418e-83b6-3ac14956f47b,07/17/2012 23:50:00,BoJ Monetary Policy Meeting Minutes,HIGH,JPY
4935f5bc-0bbc-42bb-9a5e-3f49d567bfb8,07/18/2012 08:30:00,BoE Minutes,HIGH,GBP
d96e0bc0-ece6-4b20-aa21-9df1e9eb67e7,07/18/2012 14:00:00,Fed's Chair Bernanke testifies,HIGH,USD
09a2a300-349d-4fa3-8de2-07bd6a345ae2,07/18/2012 14:30:00,BoC Monetary Policy Report,HIGH,CAD
ebe10deb-a6e7-4b66-bac0-177f6a8853a5,07/18/2012 15:15:00,BoC Press Conference,HIGH,CAD
08da695e-3b56-4d1b-b8be-30262168ae5d,07/19/2012 09:00:00,ECB Mid-Month Meeting,HIGH,EUR
36220dfd-53ae-471f-818c-a0455eddc693,07/25/2012 21:00:00,RBNZ Interest Rate Decision,HIGH,NZD
1535d30e-69c5-4b8f-a5b0-b065aba61920,07/26/2012 09:30:00,ECB's President Draghi speech,HIGH,EUR
dae57c8a-e9d4-4447-b70d-100785c055b8,08/01/2012 18:15:00,Fed Interest Rate Decision,HIGH,USD
e720dd5f-0e92-45e2-8042-318671a67312,08/01/2012 18:15:00,Fed Monetary Policy Statement,HIGH,USD
bd151e0f-8a73-4ed0-9f70-d81c03e797f6,08/02/2012 11:00:00,BoE Asset Purchase Facility,HIGH,GBP
c86f6c3b-71ea-4ab0-808a-e14229fa64e3,08/02/2012 11:00:00,BoE Interest Rate Decision,HIGH,GBP
ba0a889f-3d49-4537-ab4b-76f10aae4814,08/02/2012 11:45:00,ECB Main Refinancing Operations Rate,HIGH,EUR
a7422537-f0c7-45a7-9f7c-e12f9b08d323,08/02/2012 12:30:00,ECB's President Draghi speech,HIGH,EUR
e16e14f7-aa42-4f6c-8a9c-500a86f492cf,08/06/2012 13:00:18,Former Fed's Chair Bernanke speech,HIGH,USD
b22c5d3c-7d14-4009-98a2-35da6e119953,08/08/2012 09:30:00,BoE Monetary Policy Report,HIGH,GBP
ae9d7ed9-42d4-4985-92a3-512c199267ff,08/08/2012 09:30:40,BoE's Governor King speech,HIGH,GBP
5044c0c3-5b82-490e-8dc2-c757501cc208,08/09/2012 03:00:00,BoJ Interest Rate Decision,HIGH,JPY
46167565-ef2a-41a6-b3b6-1e2dcc64446d,08/09/2012 03:00:00,BoJ Monetary Policy Statement,HIGH,JPY
a61cf265-0f85-492d-8b9e-e1699bb50d4f,08/09/2012 08:00:00,ECB Monthly Report,HIGH,EUR
740b8a13-7293-454d-b390-2696186cec51,08/13/2012 23:50:00,BoJ Monetary Policy Meeting Minutes,HIGH,JPY
27cf6261-1c57-4496-b822-62cffb8c5246,08/15/2012 08:30:00,BoE Minutes,HIGH,GBP
7a851d3e-33bf-4337-834f-559c7464602f,08/22/2012 15:00:00,BoC's Governor Carney speech,HIGH,CAD
20aa0079-e5a7-4f5c-b6f9-3025b3a3492a,08/22/2012 18:00:00,FOMC Minutes,HIGH,USD
2614dc89-0512-4fbc-ab76-14367a7154cf,08/29/2012 18:00:00,Fed's Beige Book,HIGH,USD
3865f72c-36b1-4899-8ee6-f4404c95c0bd,08/30/2012 00:00:00,Jackson Hole Symposium,HIGH,USD
fe9f7f3f-9380-484a-b8ed-de0370bdb473,08/31/2012 00:00:00,Jackson Hole Symposium,HIGH,USD
bce48f6e-1bee-40db-bf67-94dd730d2720,08/31/2012 14:00:00,Fed's Chair Bernanke speaks at Jackson Hole,HIGH,USD
bb2e31f7-eacf-4269-affd-1798ab4a0759,09/01/2012 00:00:00,Jackson Hole Symposium,HIGH,USD
00b158e6-602a-4609-a8c9-4adc74b5a07c,09/03/2012 07:00:11,SNB's Chairman Jordan speech,HIGH,CHF
1eb6382d-9a8a-4b76-b648-18bc22af988f,09/05/2012 13:00:00,BoC Interest Rate Decision,HIGH,CAD
9769782f-68ff-4716-bf6f-d461ce1ab6b7,09/05/2012 13:00:00,BoC Monetary Policy Statement,HIGH,CAD
74b7ea16-447b-4502-9d7b-03f0f1b15295,09/06/2012 11:00:00,BoE Asset Purchase Facility,HIGH,GBP
a331f5fd-a910-403c-9eae-da2ba8ac5976,09/06/2012 11:00:00,BoE Interest Rate Decision,HIGH,GBP
c52cd38c-ba63-4882-ae7f-1841a1eece80,09/06/2012 11:45:00,ECB Main Refinancing Operations Rate,HIGH,EUR
6b25954e-5a0f-4cb1-a0e3-e9bbab38a048,09/06/2012 12:30:00,ECB Press Conference,HIGH,EUR
d769e105-2f5b-4dd2-8e60-ab7e471b2671,09/12/2012 21:00:00,RBNZ Interest Rate Decision,HIGH,NZD
47b6d1a7-877d-4756-aef3-02953d5828f0,09/12/2012 21:00:28,RBNZ Monetary Policy Statement,HIGH,NZD
1ee4a685-21de-4093-932f-0862847c7394,09/12/2012 21:00:57,RBNZ Press Conference,HIGH,NZD
2e0fdf1e-6fdf-4964-a198-664a26dae2fc,09/13/2012 07:30:00,SNB Interest Rate Decision,HIGH,CHF
dd43e4ad-9954-4548-a7a8-3b6e775f7aca,09/13/2012 07:30:00,SNB Press Conference,HIGH,CHF
e2500eed-9c73-452d-a10b-07f2a0dfe796,09/13/2012 08:00:00,ECB Monthly Report,HIGH,EUR
7709ae4e-2064-4bca-b9ee-64432ee66f38,09/13/2012 16:30:00,Fed Interest Rate Decision,HIGH,USD
230fa365-f29f-42a7-946e-2f4c3b41950c,09/13/2012 18:00:00,FOMC Economic Projections,HIGH,USD
fd6327cd-5445-4cb6-a5cb-c78c64052cce,09/13/2012 18:15:00,Fed's Monetary Policy Statement and Press Conference,HIGH,USD
81d74274-cc37-4e37-bcfb-e2d778ee9f86,09/19/2012 03:00:00,BoJ Interest Rate Decision,HIGH,JPY
4113bf01-8d67-4bd3-b9db-a7bbd217f2a4,09/19/2012 03:00:00,BoJ Monetary Policy Statement,HIGH,JPY
0447669e-2417-42a2-84e7-8de848b89139,09/19/2012 08:30:00,BoE Minutes,HIGH,GBP
3cd1bb15-d710-4703-84f9-46bb10236d21,09/20/2012 05:00:00,BoJ Monthly Economic Survey,HIGH,JPY
a8d6f9e1-eb88-4ae1-85f4-ab22f7a5c0c2,09/20/2012 12:00:00,European Systemic Risk Board Meeting,HIGH,EUR
d0c21dd0-a0a4-49c3-91f2-f77e81e1a9a0,09/20/2012 18:00:07,BoE's Governor King speech,HIGH,GBP
791d6351-4aad-4dc2-ac7a-5876b6d288e5,09/23/2012 23:50:00,BoJ Monetary Policy Meeting Minutes,HIGH,JPY
ad038d30-c14a-478e-bf02-807d6366195c,09/25/2012 13:00:00,ECB's President Draghi speech,HIGH,EUR
7814657f-8ef8-4467-bc39-18fc7e230a14,10/01/2012 16:30:44,Former Fed's Chair Bernanke speech,HIGH,USD
676776a1-6f0d-4a71-9123-b48776b9fe84,10/04/2012 11:00:00,BoE Asset Purchase Facility,HIGH,GBP
e66f4d56-b8eb-4d98-b63e-d82138b26932,10/04/2012 11:00:00,BoE Interest Rate Decision,HIGH,GBP
f2599905-2635-4464-b0b6-f1d90123225c,10/04/2012 11:45:00,ECB Main Refinancing Operations Rate,HIGH,EUR
87e5f52b-9301-469a-a451-6a8da5470018,10/04/2012 12:30:00,ECB Press Conference,HIGH,EUR
dbb37b09-3bd3-4b0f-bce5-22ab15116ec8,10/04/2012 18:00:00,FOMC Minutes,HIGH,USD
167c5e62-e4fb-4a8c-adf7-46b497d6e90b,10/05/2012 03:00:00,BoJ Interest Rate Decision,HIGH,JPY
5f160e05-f631-423d-b79f-c7bd0d545269,10/05/2012 03:00:00,BoJ Monetary Policy Statement,HIGH,JPY
3e25e2ba-42ab-4eca-a188-eacff4823293,10/09/2012 07:30:18,ECB's President Draghi speech,HIGH,EUR
aeaf94e4-cdbc-49df-bbbb-d6bb8876ccc1,10/10/2012 03:00:00,SNB's Chairman Jordan speech,HIGH,CHF
8944eb4b-73b1-4bd0-9b84-ac41242da51a,10/10/2012 18:00:00,Fed's Beige Book,HIGH,USD
c8fb7d59-be18-4bdf-8348-24a714deb71e,10/10/2012 23:50:00,BoJ Monetary Policy Meeting Minutes,HIGH,JPY
8037c500-e213-4d16-9385-52d16ccfa900,10/11/2012 08:00:00,ECB Monthly Report,HIGH,EUR
3e36b305-5347-4ca7-b189-ecc21cfc489d,10/17/2012 08:30:00,BoE Minutes,HIGH,GBP
4554f7db-421e-438e-8eb4-74afb7e74025,10/23/2012 13:00:00,BoC Interest Rate Decision,HIGH,CAD
1a9ae5f5-1b12-4e8f-bb2f-8eab26d68100,10/23/2012 13:00:00,BoC Monetary Policy Statement,HIGH,CAD
803e349b-97ca-45b8-8598-4002c3859638,10/24/2012 11:45:00,ECB's President Mario Draghi visits Germany,HIGH,EUR
be3e96f1-539c-4b8a-994f-7e0c51ff741c,10/24/2012 14:00:20,ECB's President Draghi speech,HIGH,EUR
7871fd43-b2ab-4388-a2fd-46c3c4a6ff0e,10/24/2012 14:30:00,BoC Monetary Policy Report,HIGH,CAD
575cfa41-a30b-42f1-a17f-e65e951683f6,10/24/2012 15:15:00,BoC Press Conference,HIGH,CAD
27ff5a8b-6bb2-485e-ada9-eab443fb626e,10/24/2012 18:15:00,Fed Interest Rate Decision,HIGH,USD
f4d67986-0a13-4ad0-9668-ffc5df089633,10/24/2012 20:00:00,RBNZ Interest Rate Decision,HIGH,NZD
c9acfa1b-b3a3-4056-b482-da5be08e4399,10/24/2012 20:00:00,RBNZ Monetary Policy Statement,HIGH,NZD
fc0b83bd-6fbb-4738-9280-7fe9569aa52d,10/30/2012 03:00:00,BoJ Monetary Policy Statement,HIGH,JPY
ac233229-1522-4700-adb4-10f29b4e6eb5,10/30/2012 05:54:33,BoJ Interest Rate Decision,HIGH,JPY
2e9027f2-56ff-447e-b324-774c4d0bccfe,10/30/2012 08:00:00,ECB's President Draghi speech,HIGH,EUR
298f8345-58e5-45d6-8fce-a7290d6a7f89,11/07/2012 13:10:09,ECB's President Draghi speech,HIGH,EUR
12f80555-1dd5-413a-a005-7619f88417d5,11/08/2012 12:00:00,BoE Asset Purchase Facility,HIGH,GBP
66e9fb21-60ae-4210-84f9-6b6b64e2e88c,11/08/2012 12:00:00,BoE Interest Rate Decision,HIGH,GBP
b680c0cd-63e9-4ad1-b5eb-62d0322d603f,11/08/2012 12:45:00,ECB Main Refinancing Operations Rate,HIGH,EUR
4dc5cb3b-0dea-43f4-a609-a4a155b41dee,11/08/2012 13:30:00,ECB Press Conference,HIGH,EUR
358dc32e-27c7-4d75-8e7d-f1b16c75b39e,11/14/2012 10:30:00,BoE Monetary Policy Report,HIGH,GBP
441c84b8-a41c-4a4b-9954-6e557a84264d,11/14/2012 10:30:00,BoE's Governor King speech,HIGH,GBP
cedf6412-61b5-4733-949e-e92881847aa4,11/14/2012 19:00:00,FOMC Minutes,HIGH,USD
4651f85a-364e-4c56-8449-88d4c0955358,11/15/2012 11:00:19,ECB's President Draghi speech,HIGH,EUR
18f19b06-7084-4467-9eb8-e0a8bc6b7b70,11/16/2012 07:30:00,SNB's Chairman Jordan speech,HIGH,CHF
5c4010a5-395c-40ba-890d-784d541de84f,11/20/2012 01:00:00,BoJ Monetary Policy Statement,HIGH,JPY
db116742-b2df-48cc-9f41-336a5d855f45,11/20/2012 03:16:13,BoJ Interest Rate Decision,HIGH,JPY
6eb34b85-95bf-4b1b-8877-2145c2907361,11/21/2012 09:30:00,BoE Minutes,HIGH,GBP
68359b48-fe90-44ef-9577-59869515c2fb,11/24/2012 12:00:00,EU FinMin Teleconference on Greece,HIGH,EUR
d9583d4f-bad8-4a85-8b23-6a5e07f1bf5d,11/25/2012 23:50:00,BoJ Monetary Policy Meeting Minutes,HIGH,JPY
93d4991a-7b64-482b-a059-c756d08192be,11/27/2012 09:00:00,BoE Monetary Policy Report Hearings,HIGH,GBP
9b7f3220-d55b-4fb7-bbc6-c08d56bb6d8d,11/27/2012 13:30:00,Former Fed's Chair Bernanke speech,HIGH,USD
476d7e14-70f9-459a-b95f-f032db1e818e,11/30/2012 08:00:00,ECB's President Draghi speech,HIGH,EUR
4a2c94c0-8681-47bf-aa8e-94862373802d,12/04/2012 14:00:00,BoC Interest Rate Decision,HIGH,CAD
52a582d3-a65e-4d3b-aabe-d1a7eeed92ac,12/04/2012 14:00:00,BoC Monetary Policy Statement,HIGH,CAD
b036f417-016f-46d0-aa5c-4ccdd377aa3b,12/05/2012 20:00:00,RBNZ Interest Rate Decision,HIGH,NZD
4fe41f96-dc60-4802-90f4-80f57c9733b1,12/05/2012 20:00:00,RBNZ Monetary Policy Statement,HIGH,NZD
d329c5d2-0402-45b9-9124-b0294a23a882,12/05/2012 20:00:00,RBNZ Press Conference,HIGH,NZD
5281ec57-b641-4b79-a8cb-d703819a12c2,12/06/2012 12:00:00,BoE Asset Purchase Facility,HIGH,GBP
f879db88-b600-4c13-a185-460d93e4b528,12/06/2012 12:00:00,BoE Interest Rate Decision,HIGH,GBP
fafda800-1a7d-41a5-92f8-6f7392a5e9f7,12/06/2012 12:45:00,ECB Main Refinancing Operations Rate,HIGH,EUR
91452f51-4963-4d60-8a75-c65ff28d3a12,12/06/2012 13:30:00,ECB Press Conference,HIGH,EUR
d02d1313-be4f-4ee1-9d18-66d55e6dd173,12/07/2012 10:00:00,ECB's President Draghi speech,HIGH,EUR
37c6f042-7e8b-446a-86d9-34f841e495bb,12/10/2012 17:15:01,BoE's Governor King speech,HIGH,GBP
27c3392a-79cb-4353-8181-46e22adb4a3f,12/12/2012 17:30:00,Fed Interest Rate Decision,HIGH,USD
2184c39e-1198-4df6-8eb4-1e192fe7e22d,12/12/2012 19:00:00,FOMC Economic Projections,HIGH,USD
bb84274d-e374-47ce-8f19-8b9fc9323e26,12/12/2012 19:15:00,Fed's Monetary Policy Statement and Press Conference,HIGH,USD
be00cd43-d53d-46db-a081-02008d0ee6a4,12/13/2012 08:30:00,SNB Interest Rate Decision,HIGH,CHF
794f2f97-d574-4b6e-9463-ea00066e61f4,12/13/2012 08:30:00,SNB Press Conference,HIGH,CHF
b490d675-b39b-488f-b772-4d06743b57a3,12/13/2012 09:00:00,ECB Monthly Report,HIGH,EUR
bdd24582-da00-4811-9bdb-56f38f0b6616,12/17/2012 14:30:52,ECB's President Draghi speech,HIGH,EUR
727ee0d9-5126-4350-8654-4a42942d8258,12/19/2012 09:30:00,BoE Minutes,HIGH,GBP
31e9f58d-c729-4aa1-be07-e92573edd450,12/20/2012 03:00:00,BoJ Interest Rate Decision,HIGH,JPY
126ee78b-adca-4565-ac9f-ab4631fc0d19,12/20/2012 03:00:00,BoJ Monetary Policy Statement,HIGH,JPY
d3b9c67d-c4cc-4caa-9a14-c9c81a8b8d5a,12/25/2012 23:50:00,BoJ Monetary Policy Meeting Minutes,HIGH,JPY
543674ea-cd80-4495-927e-73aec6e54768,01/03/2013 19:00:00,FOMC Minutes,HIGH,USD
f0f9a95f-8641-4e42-b573-1b52075daf73,01/10/2013 12:00:00,BoE Asset Purchase Facility,HIGH,GBP
5f69dfa4-7498-4a5f-a746-5014625ce515,01/10/2013 12:00:00,BoE Interest Rate Decision,HIGH,GBP
8f462a37-e7bf-4fb5-ba80-ab847f3a0960,01/10/2013 12:45:00,ECB Main Refinancing Operations Rate,HIGH,EUR
d3815cbc-976e-4a64-bfeb-3c3d658e5344,01/10/2013 13:30:00,ECB Press Conference,HIGH,EUR
ed238b2a-0720-4e15-ae58-bc84a61c273b,01/16/2013 19:00:00,Fed's Beige Book,HIGH,USD
c22e5596-9f33-4c6c-9594-0183178afabf,01/17/2013 09:00:00,ECB Monthly Report,HIGH,EUR
451a1390-3dbb-4a8d-9692-810e2f0b1be3,01/22/2013 03:00:00,BoJ Interest Rate Decision,HIGH,JPY
1a8d9172-d20d-4d69-98a0-1140fd809b59,01/22/2013 03:00:00,BoJ Monetary Policy Statement,HIGH,JPY
c0bbf1f1-fec0-4c87-95ec-f541aa308463,01/22/2013 18:00:00,ECB's President Draghi speech,HIGH,EUR
bfc6ff8b-a005-4a39-9def-38513871ee28,01/23/2013 05:00:00,BoJ Monthly Economic Survey,HIGH,JPY
33e243eb-890a-479e-9d9e-53caa81eb2b4,01/23/2013 09:30:00,BoE Minutes,HIGH,GBP
546d908b-a4bc-44eb-9002-e60510f1b779,01/23/2013 15:00:00,BoC Interest Rate Decision,HIGH,CAD
72282323-7385-454c-b367-32d8af66b0b7,01/23/2013 15:00:00,BoC Monetary Policy Report,HIGH,CAD
7d469890-d544-448b-a349-35cf78f93163,01/23/2013 15:00:00,BoC Monetary Policy Statement,HIGH,CAD
114ffc02-da47-4920-a528-5f9d6ef01ad7,01/23/2013 16:15:00,BoC Press Conference,HIGH,CAD
2ebecb82-4b27-4fbe-90f1-61598497a0a4,01/24/2013 23:50:00,BoJ Monetary Policy Meeting Minutes,HIGH,JPY
c1bd6899-e24e-43e2-94ba-7ff23b0d567e,01/25/2013 10:30:38,ECB's President Draghi speaks at Davos,HIGH,EUR
671cb146-e151-4ad0-9830-08ff174a5bf0,01/30/2013 19:15:00,Fed Interest Rate Decision,HIGH,USD
75e77d4c-db70-4112-94b6-52f4894c9da4,01/30/2013 20:00:00,RBNZ Interest Rate Decision,HIGH,NZD
9ecb6ac0-affe-47b1-bf19-6661d11adc59,01/30/2013 20:00:00,RBNZ Monetary Policy Statement,HIGH,NZD
6028534c-726c-47b6-a7aa-b4a21feba1ba,02/07/2013 12:00:00,BoE Asset Purchase Facility,HIGH,GBP
8d8421ec-73e7-4618-a82a-667b688ed5fb,02/07/2013 12:00:00,BoE Interest Rate Decision,HIGH,GBP
37644fab-926f-437f-b2c4-9b5c978571b6,02/07/2013 12:45:00,ECB Main Refinancing Operations Rate,HIGH,EUR
0ce43777-54e5-444a-a4ff-e5e6a1e257c7,02/07/2013 13:30:00,ECB Press Conference,HIGH,EUR
4f239b4d-17b9-4dd2-b3b2-d1152f6b1774,02/12/2013 14:30:00,ECB's President Draghi speech,HIGH,EUR
a8568bf8-6e82-42ce-addf-289fdcf72dc6,02/13/2013 10:30:00,BoE Monetary Policy Report,HIGH,GBP
4a7940ac-c4a2-4d46-873d-ce9d7fadfe0a,02/14/2013 03:00:00,BoJ Interest Rate Decision,HIGH,JPY
93d00c81-8dd9-4d53-81ac-2612be0f7a77,02/14/2013 03:00:00,BoJ Monetary Policy Statement,HIGH,JPY
f54140d3-a22e-47de-9d7f-43d70c35f90a,02/14/2013 09:00:00,ECB Monthly Report,HIGH,EUR
7b635f6f-cf73-4835-b25f-faf467ecc367,02/18/2013 14:30:00,ECB's President Draghi speech,HIGH,EUR
a80c50be-0800-4f3d-8462-5af7e0eed951,02/18/2013 23:50:00,BoJ Monetary Policy Meeting Minutes,HIGH,JPY
1a10166b-3a45-49dd-b4b4-9dd22264b6fd,02/20/2013 09:30:00,BoE Minutes,HIGH,GBP
0551f136-cd15-45fd-acc9-d111dbda0897,02/20/2013 19:00:00,FOMC Minutes,HIGH,USD
c26d344f-7f90-42b8-89eb-4eca45357831,02/26/2013 10:00:00,BoE Monetary Policy Report Hearings,HIGH,GBP
159be4ad-17bd-446e-a1c8-3b97dd8b11d1,02/26/2013 15:00:00,Fed's Chair Bernanke testifies,HIGH,USD
7085f617-1692-45aa-bbce-16268d315b48,02/27/2013 15:00:00,Fed's Chair Bernanke testifies,HIGH,USD
2e21df59-72c0-40e5-a360-a456a9f98172,02/27/2013 17:30:00,ECB's President Draghi speech,HIGH,EUR
163fb70a-132e-445a-aabc-e2a2730f10e8,03/02/2013 03:00:00,Former Fed's Chair Bernanke speech,HIGH,USD
f6dcbe66-caf6-4216-8278-7ad84439a816,03/06/2013 09:45:00,BoE's Governor King speech,HIGH,GBP
f3fd3a25-6d6f-42e7-9996-935565d43035,03/06/2013 15:00:00,BoC Interest Rate Decision,HIGH,CAD
d9479226-c903-4ce0-9926-a4447509bbc9,03/06/2013 15:00:00,BoC Monetary Policy Statement,HIGH,CAD
9ed99da6-0519-4986-9e03-49d27bb079a4,03/07/2013 03:25:13,BoJ Interest Rate Decision,HIGH,JPY
08bcb98f-5d2d-4fab-b626-8dd444119722,03/07/2013 03:30:00,BoJ Monetary Policy Statement,HIGH,JPY
7164239a-77ce-4f84-a559-48589fa9c9fe,03/07/2013 12:00:00,BoE Asset Purchase Facility,HIGH,GBP
66b69fd2-8621-469e-9803-0a720682c413,03/07/2013 12:00:00,BoE Interest Rate Decision,HIGH,GBP
47ae4edb-9d07-4ec4-ab81-ae107e7e261c,03/07/2013 12:45:00,ECB Main Refinancing Operations Rate,HIGH,EUR
bd81902c-1e57-4e12-badc-3d5d52b97e71,03/07/2013 13:30:00,ECB Press Conference,HIGH,EUR
76c5a664-46ea-44aa-ac7a-fbeaf5673573,03/07/2013 21:30:00,Bank Stress Test Results,HIGH,USD
dd5035a6-36d1-41de-a1d0-ecc5f3fbe0ca,03/13/2013 20:00:00,RBNZ Interest Rate Decision,HIGH,NZD
38eb88d5-3131-44c5-87d3-851bf20cf0c5,03/13/2013 20:00:00,RBNZ Monetary Policy Statement,HIGH,NZD
be31acad-6ca4-44a2-a753-d4b207d3ece6,03/14/2013 08:30:00,SNB Interest Rate Decision,HIGH,CHF
09023b67-f9cd-4306-8847-7d06139b582d,03/14/2013 08:30:00,SNB Press Conference,HIGH,CHF
73d84543-e44c-4e6b-8f05-e64164297f32,03/14/2013 20:30:00,Bank Stress Test Results,HIGH,USD
6c66745a-6bd4-4b54-ae6c-d86274bfe683,03/20/2013 09:30:00,BoE Minutes,HIGH,GBP
59569fa6-2353-4d27-a847-54ac8a192c2e,03/20/2013 18:00:00,Fed Interest Rate Decision,HIGH,USD
25cee501-3193-4ceb-9a96-cfdd1947b45c,03/21/2013 09:00:00,BoJ's Governor Kuroda speech,HIGH,JPY
4a195a3f-1f29-4e7e-9492-32a641180e4e,03/25/2013 17:15:00,Former Fed's Chair Bernanke speech,HIGH,USD
8affb537-07f7-4eeb-9c0e-a5d073e9e3af,04/04/2013 04:00:00,BoJ Monetary Policy Statement,HIGH,JPY
c835fe8f-6808-4508-a08b-9c8566c25382,04/04/2013 04:41:27,BoJ Interest Rate Decision,HIGH,JPY
5fa3b13b-f22d-483c-bc35-31a11c15b59a,04/04/2013 11:00:00,BoE Asset Purchase Facility,HIGH,GBP
44b09e5c-c52e-4ce3-86eb-7dcb7d885da7,04/04/2013 11:00:00,BoE Interest Rate Decision,HIGH,GBP
3baf0c18-d0e1-4b43-a25b-fba6c330771a,04/04/2013 11:45:00,ECB Main Refinancing Operations Rate,HIGH,EUR
5abc3ee4-61da-4886-8b4b-56c34ec16af7,04/04/2013 12:30:00,ECB Press Conference,HIGH,EUR
6fe49544-2801-4f70-9e50-ee75c08d2b69,04/04/2013 14:30:00,Former Fed's Chair Bernanke speech,HIGH,USD
d8e3beda-9595-4f63-b0ce-c864da7b57d4,04/08/2013 23:50:00,BoJ Monetary Policy Meeting Minutes,HIGH,JPY
13cbf4e4-fdae-4d44-a684-7d8014cb7389,04/10/2013 13:00:00,FOMC Minutes,HIGH,USD
453ea2cb-8c33-4b64-8414-3b152e66bcd6,04/11/2013 08:00:00,ECB Monthly Report,HIGH,EUR
393222fb-6e6a-4e9d-95b3-181637ae9e84,04/12/2013 16:30:00,Former Fed's Chair Bernanke speech,HIGH,USD
d0edcf9e-d994-47f3-8652-16fc091e1f19,04/15/2013 00:30:00,BoJ's Governor Kuroda speech,HIGH,JPY
35c27802-cad0-4d84-a429-fee73f75750d,04/16/2013 13:00:00,ECB's President Draghi speech,HIGH,EUR
74747178-8b30-4ab9-bd30-203f5310787d,04/17/2013 08:30:00,BoE Minutes,HIGH,GBP
d006763e-18db-4863-83c0-2572af9d6b97,04/17/2013 14:00:00,BoC Interest Rate Decision,HIGH,CAD
87c5a55e-86d6-4f1c-86a1-b5cb3996cc03,04/17/2013 14:00:00,BoC Monetary Policy Statement,HIGH,CAD
6611bc9b-9020-4017-bbe6-520d5582e648,04/17/2013 14:00:00,BoC Press Conference,HIGH,CAD
7489fa20-1da2-4172-81ce-b761e52971ce,04/17/2013 14:30:00,BoC Monetary Policy Report,HIGH,CAD
66131fcd-e02f-451c-a567-7061849a2a9c,04/17/2013 18:00:00,Fed's Beige Book,HIGH,USD
d4b9a3d2-dbce-4019-a8cf-8e059240a81c,04/23/2013 21:00:00,RBNZ Interest Rate Decision,HIGH,NZD
fd8af830-c9fc-4014-b3d4-ff7b5ff7a989,04/23/2013 21:00:00,RBNZ Press Conference,HIGH,NZD
0458a46b-e374-4cf5-b369-d19e421d28dd,04/26/2013 04:40:00,BoJ Interest Rate Decision,HIGH,JPY
c1b36b10-0481-4bc3-a215-f87dca2a63fa,04/26/2013 05:30:00,BoJ Monetary Policy Statement,HIGH,JPY
76d19210-e314-419d-9dca-2c43c2700d0a,05/01/2013 18:00:00,Fed Interest Rate Decision,HIGH,USD
54d8401c-05a4-49cd-9855-a3daa468fc55,05/01/2013 23:50:00,BoJ Monetary Policy Meeting Minutes,HIGH,JPY
0d4c510c-6937-41f7-90a8-51dce679ff89,05/02/2013 11:45:00,ECB Main Refinancing Operations Rate,HIGH,EUR
ff7063c1-12c9-41b9-a785-d69432dd99a9,05/02/2013 12:30:00,ECB Press Conference,HIGH,EUR
40245f54-a02a-44b0-89d9-753624044a92,05/06/2013 13:00:00,ECB's President Draghi speech,HIGH,EUR
f622c3c5-17c1-493c-bd2a-4188fda03c17,05/09/2013 11:00:00,BoE Asset Purchase Facility,HIGH,GBP
b62a92ef-d278-4172-87c9-c7ef871cc8a2,05/09/2013 11:00:00,BoE Interest Rate Decision,HIGH,GBP
3a15b0e1-5058-4245-9fa2-d431513ccb78,05/15/2013 09:30:00,BoE Monetary Policy Report,HIGH,GBP
e94a9abf-2700-4a10-a331-fbc5993c7a66,05/22/2013 03:00:00,BoJ Interest Rate Decision,HIGH,JPY
62c13a13-0ada-46dd-a27b-0053067e5f52,05/22/2013 03:00:00,BoJ Monetary Policy Statement,HIGH,JPY
d53903bd-6873-446c-b536-0c88ecb421b3,05/22/2013 08:30:00,BoE Minutes,HIGH,GBP
cc5505f6-f77c-461a-a415-b3f0cf262bcf,05/22/2013 10:00:00,SNB's Chairman Jordan speech,HIGH,CHF
ebb7927e-745d-46cd-a199-4870b3019cbb,05/22/2013 18:00:00,FOMC Minutes,HIGH,USD
de31ea20-31a8-471f-85a1-6568ea6d0d5a,05/23/2013 19:30:00,ECB's President Draghi speech,HIGH,EUR
4847cf38-2705-42c3-97c0-e7c27f6aa67d,05/26/2013 04:50:00,BoJ's Governor Kuroda speech,HIGH,JPY
c265bb08-c504-4061-b3c4-2dbfbeb29a50,05/26/2013 23:50:00,BoJ Monetary Policy Meeting Minutes,HIGH,JPY
d74f0759-6723-43bf-9a0a-9c20ba40a858,05/29/2013 00:00:00,BoJ's Governor Kuroda speech,HIGH,JPY
90882450-d377-4890-8771-13d8d07ea78c,05/29/2013 14:00:00,BoC Interest Rate Decision,HIGH,CAD
cc58de49-dcb7-41d5-882b-8d76576bca2a,05/29/2013 14:00:00,BoC Monetary Policy Statement,HIGH,CAD
1bcc8dd3-8ab4-4015-91fa-56f568839412,06/06/2013 11:00:00,BoE Asset Purchase Facility,HIGH,GBP
86626fdc-5cb7-400f-a383-f023ebc4203e,06/06/2013 11:00:00,BoE Interest Rate Decision,HIGH,GBP
d71d409f-c16a-4ada-8451-1c33ecd86be4,06/06/2013 11:45:00,ECB Main Refinancing Operations Rate,HIGH,EUR
dd8f0b91-c1ba-4f5a-843b-6e87b7768f60,06/06/2013 12:30:00,ECB Press Conference,HIGH,EUR
6207cb1b-ff70-4347-a90b-446881df94d7,06/11/2013 03:00:00,BoJ Interest Rate Decision,HIGH,JPY
207c935b-4a54-4663-83db-c3ea38027895,06/11/2013 03:00:00,BoJ Monetary Policy Statement,HIGH,JPY
6cefc5cb-c3c1-4889-94d5-3daeea84454b,06/12/2013 21:00:00,RBNZ Interest Rate Decision,HIGH,NZD
a65eba03-55db-40a7-b899-5d12aac2bba2,06/12/2013 21:00:00,RBNZ Monetary Policy Statement,HIGH,NZD
b43a7798-e971-40de-8bf7-8ffb2ae03e0a,06/13/2013 08:00:00,ECB Monthly Report,HIGH,EUR
4b358d2a-7847-4d5a-aea6-fb871ef02c87,06/13/2013 23:50:00,BoJ Monetary Policy Meeting Minutes,HIGH,JPY
64942a6d-66f6-428e-bc17-44d252120720,06/18/2013 06:00:00,ECB's President Draghi speech,HIGH,EUR
29ca4cde-760e-474f-b741-13a5e8eb91bc,06/18/2013 08:30:00,BoE MPC Vote Rate Cut,HIGH,GBP
4984a224-ff6c-4e04-a423-3f74f0e7ad02,06/18/2013 08:30:00,BoE MPC Vote Rate Hike,HIGH,GBP
5e3d03c0-69c1-4093-8809-3bb423117c6e,06/18/2013 08:30:00,BoE MPC Vote Rate Unchanged,HIGH,GBP
d151d181-b075-4e0f-99bc-51a66d812b92,06/19/2013 08:30:00,BoE Minutes,HIGH,GBP
89290db4-bd7c-4eca-b3ae-615cc3cc5188,06/19/2013 16:40:00,BoC's Governor Poloz speech,HIGH,CAD
f8bfbd3b-9afc-44b9-92ec-d80b76860325,06/19/2013 18:00:00,Fed Interest Rate Decision,HIGH,USD
f63f7da6-e44d-4fac-9a12-b072be118bcc,06/19/2013 18:00:00,FOMC Economic Projections,HIGH,USD
af37ef0e-bb26-428d-bd3e-bc7f24737dc5,06/19/2013 18:30:00,Fed's Monetary Policy Statement and Press Conference,HIGH,USD
598ebf84-9ade-4dd4-bd22-4458d1e51303,06/20/2013 07:30:00,SNB Interest Rate Decision,HIGH,CHF
06a5cca1-afdb-4f8a-90a1-cfcf43a4ab52,06/25/2013 08:30:00,BoE Monetary Policy Report Hearings,HIGH,GBP
77e4e005-37d5-4d03-9e8b-fefdce67ea3b,06/25/2013 12:15:00,ECB's President Draghi speech,HIGH,EUR
66fe0551-4546-4e7d-bf6e-7138b798ef62,06/26/2013 07:30:55,ECB's President Draghi speech,HIGH,EUR
877dbf60-42e4-4231-b86b-f67167a4a7bf,07/04/2013 11:00:00,BoE Asset Purchase Facility,HIGH,GBP
c7331bc4-aff4-4600-983b-c6ba64f9bea1,07/04/2013 11:00:00,BoE Interest Rate Decision,HIGH,GBP
5327c0c4-280a-474c-95a8-de918e3a8305,07/04/2013 11:45:00,ECB Main Refinancing Operations Rate,HIGH,EUR
b46ddae7-109c-4970-beca-89dc0b3aad7c,07/04/2013 12:30:00,ECB Press Conference,HIGH,EUR
a7d77433-552d-4a50-893d-78381ebd48c3,07/08/2013 12:30:00,ECB's President Draghi speech,HIGH,EUR
1fcaa768-e41b-4f98-857a-1a7dc00c867e,07/08/2013 13:30:00,ECB's President Draghi speech,HIGH,EUR
e09fc9e5-a8eb-41b7-a30d-4311d8434d09,07/10/2013 18:00:00,FOMC Minutes,HIGH,USD
0c139ac3-f270-462b-8bff-908af989aaa7,07/11/2013 03:00:00,BoJ Interest Rate Decision,HIGH,JPY
8a4d0946-cdfe-4d68-ab2d-2d2432f663b1,07/11/2013 03:00:00,BoJ Monetary Policy Statement,HIGH,JPY
4c96aa50-82f2-42fc-b380-6e3f4f23212e,07/11/2013 08:00:00,ECB Monthly Report,HIGH,EUR
640ae69e-0037-4cb2-ba48-b2a864c2f2be,07/16/2013 23:50:00,BoJ Monetary Policy Meeting Minutes,HIGH,JPY
1dab0451-b09c-4203-904b-7831c5bccadd,07/17/2013 08:30:00,BoE Minutes,HIGH,GBP
3b861fb5-e667-4e92-ba22-7d75139b2656,07/17/2013 08:30:00,BoE MPC Vote Rate Cut,HIGH,GBP
e5965ad1-d60f-4490-a9fc-1d93fa36c3d8,07/17/2013 08:30:00,BoE MPC Vote Rate Hike,HIGH,GBP
5789b2a4-5510-4999-b12f-0f9edc6e5b89,07/17/2013 08:30:00,BoE MPC Vote Rate Unchanged,HIGH,GBP
493603ae-ff5c-4dab-a86a-37e52b08aba8,07/17/2013 14:00:00,BoC Interest Rate Decision,HIGH,CAD
e2c07f09-e0c5-45a6-80b2-158fffd1fa81,07/17/2013 14:00:00,BoC Monetary Policy Statement,HIGH,CAD
745a355a-b81d-4675-a94b-38579e1c2b59,07/17/2013 14:00:00,Former Fed's Chair Bernanke speech,HIGH,USD
5b47c6fa-76c6-437b-b4e4-ae3d445bb76a,07/17/2013 14:30:00,BoC Monetary Policy Report,HIGH,CAD
54719a71-6760-4041-8e28-9b586929232c,07/17/2013 15:15:00,BoC Press Conference,HIGH,CAD
e33d69b8-9de4-45e2-93ed-4501699b8378,07/17/2013 18:00:00,Fed's Beige Book,HIGH,USD
317a71cc-b5c5-4581-8e4e-e903abbdf43b,07/18/2013 14:00:00,Former Fed's Chair Bernanke speech,HIGH,USD
a4806272-8f87-4260-b4b2-67ade0ccc71c,07/24/2013 21:00:00,RBNZ Interest Rate Decision,HIGH,NZD
07e02432-548d-40cf-9758-663ebae1ce6f,07/31/2013 18:00:00,Fed Interest Rate Decision,HIGH,USD
f7a4180e-9871-483f-bb59-dc043d701477,07/31/2013 18:00:00,Fed Monetary Policy Statement,HIGH,USD
9190096e-05b0-4187-95c9-9b7472d9e24f,08/01/2013 11:00:00,BoE Asset Purchase Facility,HIGH,GBP
251ddc52-1deb-4063-8d5c-9e77e8cbcd5b,08/01/2013 11:00:00,BoE Interest Rate Decision,HIGH,GBP
d396dfac-130a-4348-8167-15798c75a039,08/01/2013 11:45:00,ECB Main Refinancing Operations Rate,HIGH,EUR
0cd98988-eb38-4cff-8e38-6b79415ea498,08/01/2013 12:30:00,ECB Press Conference,HIGH,EUR
c961396b-2ea3-4c6f-81dd-7204770f0587,08/07/2013 09:30:00,BoE Monetary Policy Report,HIGH,GBP
42dc84d7-14ee-4349-beac-94cfdaa48be8,08/07/2013 09:30:00,Mark Carney speaks at UK Parliament,HIGH,GBP
28fac38b-5b7b-4714-b7d0-6a26e757894b,08/08/2013 03:00:00,BoJ Interest Rate Decision,HIGH,JPY
c55187a5-2b58-4a80-b1e9-95c066d823ec,08/08/2013 03:00:00,BoJ Monetary Policy Statement,HIGH,JPY
b244e914-fb05-4209-87b9-fda59d786ad7,08/08/2013 08:00:00,ECB Monthly Report,HIGH,EUR
4618d957-8d82-46ee-8f11-c5612593ceee,08/12/2013 23:50:00,BoJ Monetary Policy Meeting Minutes,HIGH,JPY
2e6a7b76-86e2-496e-bd33-f173b2ca7a79,08/14/2013 08:30:00,BoE Minutes,HIGH,GBP
343efb10-f59d-464d-820c-468664102858,08/14/2013 08:30:00,BoE MPC Vote Rate Cut,HIGH,GBP
eac5a190-e794-4db3-bef8-b727749b04dc,08/14/2013 08:30:00,BoE MPC Vote Rate Hike,HIGH,GBP
6a6de0aa-fa33-4dc7-a2b4-6d1f53c0e20b,08/14/2013 08:30:00,BoE MPC Vote Rate Unchanged,HIGH,GBP
7e53d930-c9b9-411f-a24b-6d525e220577,08/21/2013 18:00:00,FOMC Minutes,HIGH,USD
8e0795db-ad3d-47d1-95e7-e581b52fe49f,08/22/2013 00:00:00,Jackson Hole Symposium,HIGH,USD
c0ca3146-acbe-4655-a2ad-be21f6e3dd0f,08/23/2013 00:00:00,Jackson Hole Symposium,HIGH,USD
b6a13a12-1aec-49bc-9083-0ef41f6a6274,08/24/2013 00:00:00,Jackson Hole Symposium,HIGH,USD
c8dc9e86-9f89-43e2-ac93-594c4abeab91,08/28/2013 12:45:00,Mark Carney speaks at UK Parliament,HIGH,GBP
abba0972-937f-438c-88f8-a294f189a784,08/29/2013 23:45:00,Fed's Bullard speech,HIGH,USD
e03b744b-ccd1-4c66-84d4-c3deb823cc6c,09/04/2013 14:00:00,BoC Interest Rate Decision,HIGH,CAD
884a3884-7d26-4c1a-9795-fc6c49f67ac7,09/04/2013 14:00:00,BoC Monetary Policy Statement,HIGH,CAD
23f00433-8177-4f42-aa20-1d32ea6a8c3a,09/04/2013 18:00:00,Fed's Beige Book,HIGH,USD
a6774a59-f166-4c85-9983-95690cce2dc7,09/05/2013 03:00:00,BoJ Interest Rate Decision,HIGH,JPY
40a68a5a-0365-4375-b738-e7505bffba8a,09/05/2013 03:00:00,BoJ Monetary Policy Statement,HIGH,JPY
a544418e-cb93-4cc6-af39-82148ad30bdc,09/05/2013 11:00:00,BoE Asset Purchase Facility,HIGH,GBP
8ade710b-0ef0-4f12-9a35-f1ad02247823,09/05/2013 11:00:00,BoE Interest Rate Decision,HIGH,GBP
76296558-a36c-4d39-8977-f1c7dab6719a,09/05/2013 11:45:00,ECB Main Refinancing Operations Rate,HIGH,EUR
3fbada0f-3e23-4c46-a5c0-a30078c7ee35,09/05/2013 12:30:00,ECB Press Conference,HIGH,EUR
4947fb15-0739-422a-a300-8c7554a3aa63,09/11/2013 21:00:00,RBNZ Interest Rate Decision,HIGH,NZD
0f4d17ee-0b23-4111-99f1-d7d8553d5e3f,09/11/2013 21:00:00,RBNZ Monetary Policy Statement,HIGH,NZD
fae1def5-4b23-42ad-91d2-b1f2065144e8,09/12/2013 01:10:00,RBNZ's Governor Wheeler Speech,HIGH,NZD
a75a1102-5baa-4775-9c59-35b45aac73e4,09/12/2013 08:00:00,ECB Monthly Report,HIGH,EUR
ff85a6f4-5a4c-4268-8f91-90b4f3ea9cbf,09/12/2013 09:00:00,BoE Monetary Policy Report Hearings,HIGH,GBP
28951771-2cb7-4c63-91ea-d5c9db155184,09/12/2013 11:40:00,ECB's President Draghi speech,HIGH,EUR
74f862b7-243f-4bd9-8ed1-ae0a12221a26,09/16/2013 08:00:00,ECB's President Draghi speech,HIGH,EUR
bdd73b9c-6895-4db1-ac6c-9f46fa70d6de,09/18/2013 08:30:00,BoE Minutes,HIGH,GBP
3472ed27-ca3e-4054-90bf-ae1f2cd58c19,09/18/2013 08:30:00,BoE MPC Vote Rate Cut,HIGH,GBP
3e7554d6-97dd-4386-be78-5a6497f32064,09/18/2013 08:30:00,BoE MPC Vote Rate Hike,HIGH,GBP
148fb305-bea8-432a-aee7-16338258fe19,09/18/2013 08:30:00,BoE MPC Vote Rate Unchanged,HIGH,GBP
d1a4ce27-2c01-479a-bbe5-053011f32cac,09/18/2013 14:40:00,BoC's Governor Poloz speech,HIGH,CAD
366bad95-7fad-43d6-9f68-d36e05660738,09/18/2013 18:00:00,Fed Interest Rate Decision,HIGH,USD
833397b8-6a25-4f30-9ea5-fbb7138560a7,09/18/2013 18:00:00,Fed Pace of MBS Purchase Program,HIGH,USD
844c00bb-a301-4041-b1c9-6826a1900cab,09/18/2013 18:00:00,Fed Pace of Treasury Purchase Program,HIGH,USD
c20888a8-48a4-44ea-95ed-05d4a3386d41,09/18/2013 18:00:00,FOMC Economic Projections,HIGH,USD
ece53f4a-157d-4511-9954-6f57791c0cf9,09/18/2013 18:30:00,Fed's Monetary Policy Statement and Press Conference,HIGH,USD
42709f0a-3d7f-48d3-bec8-11efecb8486f,09/19/2013 07:30:00,SNB Interest Rate Decision,HIGH,CHF
03572a19-e195-467f-9749-5f06ff616952,09/20/2013 02:30:00,BoJ's Governor Kuroda speech,HIGH,JPY
e5787a46-5388-4444-85de-9fd9d773015c,09/23/2013 13:00:00,ECB's President Draghi speech,HIGH,EUR
bc7d55c0-7283-4f3a-83ec-568ddd814437,09/23/2013 15:15:22,SNB's Chairman Jordan speech,HIGH,CHF
9e072910-2738-4e30-aa5b-32b2aade0b3d,09/27/2013 09:00:00,ECB's President Draghi speech,HIGH,EUR
9d006443-f73e-48c3-800b-f3676337abde,10/02/2013 11:45:00,ECB Main Refinancing Operations Rate,HIGH,EUR
10fc4925-7208-4901-87d1-76e0b9c16d8d,10/02/2013 12:30:00,ECB Press Conference,HIGH,EUR
b02117ef-3504-44b7-815d-1eba16adcdf6,10/04/2013 03:00:00,BoJ Interest Rate Decision,HIGH,JPY
ded6c8bd-0c18-44f5-bedb-27284e34ce17,10/04/2013 03:00:00,BoJ Monetary Policy Statement,HIGH,JPY
a7a6b978-82f4-40cf-af73-01f9917291ce,10/04/2013 06:30:00,BoJ Press Conference,HIGH,JPY
94e6d8b4-19dc-4c06-9667-41e2fa6343b6,10/08/2013 16:00:00,SNB's Chairman Jordan speech,HIGH,CHF
ac0b161e-97a4-4d89-bdbd-aedd51fabc33,10/08/2013 23:50:00,BoJ Monetary Policy Meeting Minutes,HIGH,JPY
a44a0920-26da-4664-a568-5a0e5f65045c,10/09/2013 18:00:00,FOMC Minutes,HIGH,USD
ff1fdbc7-9acf-42e1-8d06-059ccb7e7ca4,10/10/2013 08:00:00,ECB Monthly Report,HIGH,EUR
690b88fe-b524-4229-a810-ec810d523887,10/10/2013 11:00:00,BoE Asset Purchase Facility,HIGH,GBP
b8a9421a-96df-4846-8668-39bfa5c01e4d,10/10/2013 11:00:00,BoE Interest Rate Decision,HIGH,GBP
6381f341-8bb6-404e-a7b1-f921fe942979,10/10/2013 11:45:00,BoJ's Governor Kuroda speech,HIGH,JPY
0c59067d-c87e-41d2-8156-2f34da9debef,10/10/2013 16:00:00,BoJ's Governor Kuroda speech,HIGH,JPY
aaf28f1c-b4a4-42af-ab31-f0634846700a,10/12/2013 20:00:00,BoJ's Governor Kuroda speech,HIGH,JPY
1341aed8-9244-495c-b590-fa09315b9d02,10/23/2013 08:30:00,BoE Minutes,HIGH,GBP
b43c7f1a-3752-4f14-9de1-db90dbaa6c65,10/23/2013 08:30:00,BoE MPC Vote Rate Cut,HIGH,GBP
c7115103-d0a5-40d5-8eef-621abfb9f811,10/23/2013 08:30:00,BoE MPC Vote Rate Hike,HIGH,GBP
2b3db4e4-dc6a-4540-98d7-3a19aecd4c35,10/23/2013 08:30:00,BoE MPC Vote Rate Unchanged,HIGH,GBP
1a95e16c-127e-4c45-abb3-b8b7ad979eb7,10/23/2013 14:00:00,BoC Interest Rate Decision,HIGH,CAD
fcf1d819-58bf-4a5a-9eb1-c583a7cc8fd0,10/23/2013 14:00:00,BoC Monetary Policy Statement,HIGH,CAD
4b4bf65d-3a4e-47ec-8e6e-687dce9cf45f,10/23/2013 14:30:00,BoC Monetary Policy Report,HIGH,CAD
eee33044-b81e-445b-82d3-0d4d67d024d3,10/23/2013 15:15:00,BoC Press Conference,HIGH,CAD
a32e7147-6434-400e-a793-cb34f0ca654b,10/24/2013 16:45:00,BoE's Governor Carney speech,HIGH,GBP
e889db8a-6b30-47b5-9310-56713d1ad8a2,10/29/2013 16:00:13,BoC's Governor Poloz speech,HIGH,CAD
ee494654-0455-4ea9-a197-4b0baa3ffe4e,10/30/2013 18:00:00,Fed Interest Rate Decision,HIGH,USD
2aec75c2-9951-4d67-af19-3382b049beba,10/30/2013 18:00:00,Fed Monetary Policy Statement,HIGH,USD
e432205b-3380-416f-a224-53c6ea312d0f,10/30/2013 18:00:00,Fed Pace of MBS Purchase Program,HIGH,USD
4101ad7f-699e-4f12-9f71-3d331aa10b33,10/30/2013 18:00:00,Fed Pace of Treasury Purchase Program,HIGH,USD
47bbba5f-370f-4812-bcfe-0d8f7b130aaf,10/30/2013 20:00:00,RBNZ Interest Rate Decision,HIGH,NZD
c4e76e93-e75d-41b2-84d4-20cf47c5e4a5,10/31/2013 03:00:00,BoJ Interest Rate Decision,HIGH,JPY
556b1093-cc3f-44ba-9b38-2dd1655e007a,10/31/2013 03:00:00,BoJ Monetary Policy Statement,HIGH,JPY
bed87ad3-2dda-4155-a055-22d5da08c999,10/31/2013 06:30:10,BoJ's Governor Kuroda speech,HIGH,JPY
f5d925cc-dc13-4217-867e-ddc9e4779d30,11/05/2013 05:30:00,BoJ's Governor Kuroda speech,HIGH,JPY
38119df0-01b4-45ce-8400-c53f3f529065,11/05/2013 23:50:00,BoJ Monetary Policy Meeting Minutes,HIGH,JPY
b8cbcddb-8281-4809-b00d-3227afc1e5dd,11/07/2013 12:00:00,BoE Asset Purchase Facility,HIGH,GBP
1fb45368-8631-4c8f-a9b9-fa8ff51e3770,11/07/2013 12:00:00,BoE Interest Rate Decision,HIGH,GBP
df6f3b29-234d-44cf-928e-8a77351e44a4,11/07/2013 12:45:00,ECB Main Refinancing Operations Rate,HIGH,EUR
91cf3055-8cbc-44d3-9c2e-41c7eb4ecd0f,11/07/2013 13:30:00,ECB Press Conference,HIGH,EUR
2b437e9e-6487-47b6-bc59-6ea66d96137d,11/13/2013 00:00:00,RBNZ's Governor Wheeler Speech,HIGH,NZD
269d92ce-2e67-44cd-a061-850ebb83bddd,11/13/2013 10:30:00,BoE Monetary Policy Report,HIGH,GBP
a1ab1289-be38-4dda-957c-bc7d6655dfe1,11/13/2013 10:30:00,BoE's Governor Carney speech,HIGH,GBP
9e3bf1dd-40d4-49a3-9a8a-ea1381e9c681,11/13/2013 21:30:21,Fed's Yellen speech,HIGH,USD
267814fd-2a44-4e64-b382-443f2f689699,11/14/2013 00:00:00,Former Fed's Chair Bernanke speech,HIGH,USD
a1fa00e9-8941-49be-8a78-9a26cfff22eb,11/14/2013 09:00:00,ECB Monthly Report,HIGH,EUR
10f842c0-affa-488c-b56d-9b0cc8075c8b,11/14/2013 15:00:00,Fed's Yellen speech,HIGH,USD
71fa6e4e-1bdc-48c1-a41d-c0d194970ec3,11/20/2013 00:00:00,Former Fed's Chair Bernanke speech,HIGH,USD
7d02ee2b-e13c-4243-8316-c0c7da8cb780,11/20/2013 09:30:00,BoE Minutes,HIGH,GBP
d3ad0b17-6217-4a5c-aa6e-4343d4faaf3a,11/20/2013 09:30:00,BoE MPC Vote Rate Cut,HIGH,GBP
3f46ae6f-e238-488c-a6a2-8dfdb9c32c0c,11/20/2013 09:30:00,BoE MPC Vote Rate Hike,HIGH,GBP
2eebbdda-a318-4bb9-b036-4b9c13e16b73,11/20/2013 09:30:00,BoE MPC Vote Rate Unchanged,HIGH,GBP
de5e770e-22c3-4116-90ec-0beeae435c10,11/20/2013 19:00:00,FOMC Minutes,HIGH,USD
1e7f997a-0d03-4bc6-9f04-3c1a31717fc2,11/20/2013 21:15:00,BoC's Governor Poloz speech,HIGH,CAD
9048e661-c0dd-429a-bad6-199944b703c7,11/21/2013 03:00:00,BoJ Interest Rate Decision,HIGH,JPY
8f0ff350-a8b6-4080-a334-36863585b101,11/21/2013 03:00:00,BoJ Monetary Policy Statement,HIGH,JPY
08b01547-dd23-4027-8bb6-2ed09a18ba5d,11/21/2013 06:30:00,BoJ Press Conference,HIGH,JPY
afefb6bc-0f80-4714-8748-9a7c0022d93b,11/25/2013 16:30:48,SNB's Chairman Jordan speech,HIGH,CHF
42d73953-5bb2-40ea-9157-82075c81dbb0,11/26/2013 10:00:00,BoE Monetary Policy Report Hearings,HIGH,GBP
fedf4e5b-636a-4d46-8e6b-c1ba50652618,11/28/2013 10:30:00,BoE's Governor Carney speech,HIGH,GBP
527e58ec-785f-4b8d-9218-3c85cf6570f0,12/02/2013 02:30:00,BoJ's Governor Kuroda speech,HIGH,JPY
a3370bae-25e4-4302-9282-827435821c09,12/02/2013 13:30:00,Former Fed's Chair Bernanke speech,HIGH,USD
6a212f35-528e-433e-9fd5-540ae8e9e38a,12/04/2013 15:00:00,BoC Interest Rate Decision,HIGH,CAD
e6216823-453f-4ec6-acf7-f11e7eac9675,12/04/2013 15:00:00,BoC Monetary Policy Statement,HIGH,CAD
052bde76-eec7-4783-9789-025b92899d56,12/05/2013 09:05:18,BoJ's Governor Kuroda speech,HIGH,JPY
8b9a9e70-55a6-40bf-82f6-4bf305a1301e,12/05/2013 12:00:00,BoE Asset Purchase Facility,HIGH,GBP
12fbd4f5-5f55-4131-9d23-b3bd15837a90,12/05/2013 12:00:00,BoE Interest Rate Decision,HIGH,GBP
89b2debc-de7a-4128-87bf-428dd3ac1ad7,12/05/2013 12:45:00,ECB Main Refinancing Operations Rate,HIGH,EUR
2221eaaa-b210-43d8-aa98-0a3dcf61d997,12/05/2013 13:30:00,ECB Press Conference,HIGH,EUR
a9f5a596-456f-4606-8fbf-318b8c2f68ad,12/07/2013 02:00:00,BoJ's Governor Kuroda speech,HIGH,JPY
258e3310-b37c-401f-bd4e-4c70839961aa,12/09/2013 17:15:00,BoE's Governor Carney speech,HIGH,GBP
1aa8c984-461e-44ec-976f-9018cb42233b,12/11/2013 20:00:00,RBNZ Interest Rate Decision,HIGH,NZD
e8a63b98-ed06-489b-9472-61b9c39a1e19,12/11/2013 20:00:00,RBNZ Monetary Policy Statement,HIGH,NZD
7e74e690-0e92-4a66-9dfd-bf190977496c,12/11/2013 20:00:00,RBNZ Press Conference,HIGH,NZD
43538668-8480-4332-ab7f-3bf651d5e8c7,12/12/2013 08:30:00,SNB Interest Rate Decision,HIGH,CHF
f43659e2-614f-43a1-b93e-76dd32a189ed,12/12/2013 09:00:00,SNB Press Conference,HIGH,CHF
3ef26d7c-a4e0-41d9-8935-9657518d520f,12/12/2013 09:00:00,ECB Monthly Report,HIGH,EUR
2eadf1dd-37fb-4a91-996f-fe675b5a8420,12/12/2013 18:05:00,BoC's Governor Poloz speech,HIGH,CAD
016c8a39-61ad-4624-a4df-967e480f3bd2,12/16/2013 14:00:00,ECB's President Draghi speech,HIGH,EUR
cf7fd13f-6baf-4eaa-9e02-e76e365f2cda,12/18/2013 09:30:00,BoE Minutes,HIGH,GBP
0b6b7c05-eb58-4d3b-ad17-cfb40993305b,12/18/2013 09:30:00,BoE MPC Vote Rate Cut,HIGH,GBP
8a6c95e9-f3ed-4393-9115-c2d757799729,12/18/2013 09:30:00,BoE MPC Vote Rate Hike,HIGH,GBP
04ad0889-5d62-4ee8-99ab-da5309d894cb,12/18/2013 09:30:00,BoE MPC Vote Rate Unchanged,HIGH,GBP
9dbd3057-86b6-4a83-9d07-4d8b0b5b33c2,12/18/2013 19:00:00,Fed Interest Rate Decision,HIGH,USD
9b0baeda-88d6-4858-a631-9bae07ee0b6b,12/18/2013 19:00:00,Fed Pace of MBS Purchase Program,HIGH,USD
0de1fc90-8daf-4f1c-b778-aee4cb9db4fc,12/18/2013 19:00:00,Fed Pace of Treasury Purchase Program,HIGH,USD
47bb510c-4a9e-4077-8a10-b51acab7bf86,12/18/2013 19:00:00,FOMC Economic Projections,HIGH,USD
dcdf23a9-ad95-4a09-b941-fa89a1c1403c,12/18/2013 19:30:00,Fed's Monetary Policy Statement and Press Conference,HIGH,USD
b22684bf-9ffc-4524-a8ce-602d33128d97,12/20/2013 03:00:00,BoJ Interest Rate Decision,HIGH,JPY
90d109e3-d486-4a5b-83a8-1dedb415f0fa,12/20/2013 03:00:00,BoJ Monetary Policy Statement,HIGH,JPY
a547d53e-9c60-446b-900d-a63f66b24d30,12/20/2013 06:30:00,BoJ Press Conference,HIGH,JPY
fe9cc02d-8f3c-41d1-92ad-7658257f2983,12/25/2013 04:00:00,BoJ's Governor Kuroda speech,HIGH,JPY
ec549149-789e-4da5-824c-8dd986fa9097,12/25/2013 23:50:00,BoJ Monetary Policy Meeting Minutes,HIGH,JPY
5eb8c082-f21f-48cf-97ee-6deeef147743,01/03/2014 19:30:00,Former Fed's Chair Bernanke speech,HIGH,USD
9baa22c0-ec0f-408a-83d6-f15402804ea5,01/06/2014 22:30:00,Fed Chairman Nomination Vote,HIGH,USD
21996eee-50f9-4449-9e63-ca90b527e1d3,01/08/2014 19:00:00,FOMC Minutes,HIGH,USD
3ddc7ce6-1506-43a6-9f1c-2e9c88244044,01/09/2014 12:00:00,BoE Asset Purchase Facility,HIGH,GBP
51b9405a-8df7-4675-8d17-42d6c65295b7,01/09/2014 12:00:00,BoE Interest Rate Decision,HIGH,GBP
9f7ec930-bb93-465c-9988-c48e4f1a1d1e,01/09/2014 12:45:00,ECB Main Refinancing Operations Rate,HIGH,EUR
d530e39b-10fb-4aed-b429-0cda0a76e22c,01/09/2014 13:30:00,ECB Press Conference,HIGH,EUR
1e19ce29-b887-4f5c-9b6b-c50e933dc4a8,01/16/2014 09:00:00,ECB Monthly Report,HIGH,EUR
0c5e10a0-1725-44bd-8e7b-967ffde2647d,01/16/2014 16:10:00,Former Fed's Chair Bernanke speech,HIGH,USD
7cda97ce-e6ef-4203-a11a-1ab26d00ac59,01/16/2014 17:00:00,SNB's Chairman Jordan speech,HIGH,CHF
575806b1-5fe4-403a-895e-fb0af11a208f,01/22/2014 03:00:00,BoJ Interest Rate Decision,HIGH,JPY
a79b9d93-ac2e-41fe-86a4-1e100453a4f7,01/22/2014 03:00:00,BoJ Monetary Policy Statement,HIGH,JPY
ac9b888a-59a5-4648-9a44-ede690954cc5,01/22/2014 06:30:00,BoJ Press Conference,HIGH,JPY
96a25784-3104-4ed1-a340-c82f37bfc1e4,01/22/2014 09:30:00,BoE Minutes,HIGH,GBP
3115a4c2-7c0b-4dd5-95ca-57d0ce704be2,01/22/2014 09:30:00,BoE MPC Vote Rate Cut,HIGH,GBP
a54d5320-9f1c-4f50-b5bb-2c429946ff8f,01/22/2014 09:30:00,BoE MPC Vote Rate Hike,HIGH,GBP
6d65540a-f66b-4b0c-b1d3-8d3c684ea7f0,01/22/2014 09:30:00,BoE MPC Vote Rate Unchanged,HIGH,GBP
b366caf2-4bee-4c7e-b522-1fae29816aaf,01/22/2014 15:00:00,BoC Interest Rate Decision,HIGH,CAD
101024b3-aa1f-4b45-934d-afee38b2f266,01/22/2014 15:00:00,BoC Monetary Policy Statement,HIGH,CAD
db80ddf1-4b34-4ef8-b096-c3e94dd288c3,01/22/2014 15:30:00,BoC Monetary Policy Report,HIGH,CAD
c4a28180-d1bc-4fb3-a41b-4c27e4e745dc,01/22/2014 16:15:00,BoC Press Conference,HIGH,CAD
b7c6d334-ff2b-4fad-a250-5cb6bc0daed2,01/24/2014 12:05:00,BoE's Governor Carney speech,HIGH,GBP
13190db5-be05-4c9c-b837-7cb78c39aaa8,01/24/2014 17:00:16,ECB's President Draghi speech,HIGH,EUR
e27a68b5-2c0c-49d8-b120-66b6960dd7ee,01/26/2014 23:50:00,BoJ Monetary Policy Meeting Minutes,HIGH,JPY
eb19bd0f-e894-473a-8592-c60ce2144ea2,01/29/2014 12:15:00,BoE's Governor Carney speech,HIGH,GBP
c50e78a2-35d6-49fd-a860-e8f1c6381fca,01/29/2014 19:00:00,Fed Interest Rate Decision,HIGH,USD
b1951139-eb06-44dd-8abd-a1ef6a8d518e,01/29/2014 19:00:00,Fed Pace of MBS Purchase Program,HIGH,USD
8f2af8d9-994d-4c77-8366-1777bf974df0,01/29/2014 19:00:00,Fed Pace of Treasury Purchase Program,HIGH,USD
06b2e6de-ce30-42a1-9a2f-3977ed690b3c,01/29/2014 20:00:00,RBNZ Interest Rate Decision,HIGH,NZD
ee846d0b-d7ff-4f8b-bd77-f84cfaba7809,01/30/2014 23:00:00,RBNZ's Governor Wheeler Speech,HIGH,NZD
827d54bf-1ce8-4e82-8f4e-c72e7ae15d2e,02/06/2014 12:00:00,BoE Asset Purchase Facility,HIGH,GBP
f8e617de-d901-4ce6-b6e4-28708ec6ec0d,02/06/2014 12:00:00,BoE Interest Rate Decision,HIGH,GBP
246d28b2-dc8c-419c-aca7-425426b86681,02/06/2014 12:45:00,ECB Main Refinancing Operations Rate,HIGH,EUR
9ead3bea-7a9e-47ec-8295-14c62ecc5a26,02/06/2014 13:30:00,ECB Press Conference,HIGH,EUR
8a9fcabe-854c-487c-9147-316ca5d81df8,02/11/2014 15:00:00,Fed's Chair Yellen speech,HIGH,USD
51e54170-db49-44b2-ab7b-d631a8c71870,02/12/2014 10:30:00,BoE Monetary Policy Report,HIGH,GBP
4a5fcfec-e763-4839-93d2-81543a34ee88,02/12/2014 10:30:00,BoE's Governor Carney speech,HIGH,GBP
a068f9bf-2be4-48a8-95a8-f37791fc7ba4,02/12/2014 15:30:00,ECB's President Draghi speech,HIGH,EUR
e4a7dc7a-eb32-4090-8e0c-eddb21988eef,02/13/2014 09:00:00,ECB Monthly Report,HIGH,EUR
ebf32f79-004b-4a2e-a0fb-35f8c255c67a,02/18/2014 03:00:00,BoJ Monetary Policy Statement,HIGH,JPY
eae44de2-33b6-454a-8385-733f857af931,02/18/2014 06:30:00,BoJ Press Conference,HIGH,JPY
a77d28da-6be6-4b10-bc95-aad5798c690e,02/19/2014 09:30:00,BoE Minutes,HIGH,GBP
14caf9b4-e8bd-4318-b1e8-1bf47a257268,02/19/2014 09:30:00,BoE MPC Vote Rate Cut,HIGH,GBP
a8ecd303-e917-4600-b28c-eae199bf60e2,02/19/2014 09:30:00,BoE MPC Vote Rate Hike,HIGH,GBP
4c6cd80d-2cb4-4a30-81a7-2df223332aee,02/19/2014 09:30:00,BoE MPC Vote Rate Unchanged,HIGH,GBP
9f1cfb59-6aef-40be-9465-d54a68eea3de,02/19/2014 19:00:00,FOMC Minutes,HIGH,USD
596b8a0a-e56d-424a-94d6-3faf54a1de45,02/20/2014 23:50:00,BoJ Monetary Policy Meeting Minutes,HIGH,JPY
02b48e11-2b8f-4973-a68e-3409287b016f,02/27/2014 15:00:00,Fed's Chair Yellen speech,HIGH,USD
5ac83fed-8b32-4dfd-9d40-47f163b3beb5,02/28/2014 15:30:00,BoE's Governor Carney speech,HIGH,GBP
4ffa8387-edf1-44de-82bb-1c8d70722f77,03/03/2014 14:00:00,ECB's President Draghi speech,HIGH,EUR
e79c7261-219d-438d-b64f-8804d70ed667,03/05/2014 15:00:00,BoC Interest Rate Decision,HIGH,CAD
2f60f711-53da-44f2-a65b-4b2d7a1e6836,03/05/2014 15:00:00,BoC Monetary Policy Statement,HIGH,CAD
09061cb8-5d68-4d64-84f0-fa53c41499c5,03/06/2014 12:00:00,BoE Asset Purchase Facility,HIGH,GBP
ed84ce9a-0deb-4d65-b737-9ce24f6a5c57,03/06/2014 12:00:00,BoE Interest Rate Decision,HIGH,GBP
426a90e5-30d4-4aee-ad93-73e205d9b713,03/06/2014 12:45:00,ECB Main Refinancing Operations Rate,HIGH,EUR
312bdfc2-18a9-4f02-8380-35b3fb981538,03/06/2014 13:30:00,ECB Press Conference,HIGH,EUR
138548f2-70f4-48a2-bf73-425ed865e0b3,03/11/2014 03:00:00,BoJ Interest Rate Decision,HIGH,JPY
28edb1a6-8f56-481b-a351-6995138d2fa5,03/11/2014 03:00:00,BoJ Monetary Policy Statement,HIGH,JPY
f8f41833-8717-4da3-aaaa-83bea9b0591d,03/11/2014 06:30:00,BoJ Press Conference,HIGH,JPY
243c1fdf-2c2c-4a14-a873-9e029fada5eb,03/11/2014 09:30:00,BoE Monetary Policy Report Hearings,HIGH,GBP
b25ebc23-aa9a-41b1-8711-702470a2731e,03/12/2014 20:00:00,RBNZ Interest Rate Decision,HIGH,NZD
cadfbe1e-96f1-475f-9b5d-a91033c649b1,03/12/2014 20:00:00,RBNZ Press Conference,HIGH,NZD
472beae4-e0b7-4697-ae09-a452f71374ca,03/12/2014 21:00:00,RBNZ Monetary Policy Statement,HIGH,NZD
b78f9176-a226-447d-b2ec-296cc5071a4a,03/13/2014 01:10:00,RBNZ's Governor Wheeler Speech,HIGH,NZD
3da7f25e-fb60-48bc-8c14-a22430a930b1,03/13/2014 09:00:00,ECB Monthly Report,HIGH,EUR
69f188c7-8896-4289-b087-29cbb592c63c,03/13/2014 17:00:28,ECB's President Draghi speech,HIGH,EUR
dca6747e-80b4-44e9-91f3-23312ac99016,03/13/2014 23:50:00,BoJ Monetary Policy Meeting Minutes,HIGH,JPY
befe196b-7bef-4cf5-a6f0-eeb85a7fc6dd,03/18/2014 15:55:00,BoC's Governor Poloz speech,HIGH,CAD
c506c593-5d9f-4f88-be00-23c164aad57b,03/18/2014 17:45:00,BoE's Governor Carney speech,HIGH,GBP
66c4d31d-95d4-4225-b633-646fc7930f56,03/19/2014 09:30:00,BoE Minutes,HIGH,GBP
17e2be22-59be-4e9b-8a43-53f7edfac951,03/19/2014 09:30:00,BoE MPC Vote Rate Cut,HIGH,GBP
8651f20a-24e3-43df-8273-28320f9ebfbd,03/19/2014 09:30:00,BoE MPC Vote Rate Hike,HIGH,GBP
f99304eb-0798-4e7a-b5e0-99d0db53b795,03/19/2014 09:30:00,BoE MPC Vote Rate Unchanged,HIGH,GBP
37237c6f-e412-4705-adb5-49ffd27690af,03/19/2014 17:45:00,SNB's Chairman Jordan speech,HIGH,CHF
d19cb68d-956a-4f2a-b6ca-7e101226b908,03/19/2014 18:00:00,Fed Interest Rate Decision,HIGH,USD
176cc682-8a39-41c6-9ebe-0cb4dc4fb643,03/19/2014 18:00:00,Fed Pace of MBS Purchase Program,HIGH,USD
f59e18d1-4077-49f8-ab9f-2427b993cbda,03/19/2014 18:00:00,Fed Pace of Treasury Purchase Program,HIGH,USD
ffe7b571-d04e-4ec7-a4bf-de7fdf37a32b,03/19/2014 18:30:00,Fed's Monetary Policy Statement and Press Conference,HIGH,USD
84a6c7f4-6650-4c69-aa41-cd35ed2045ff,03/20/2014 07:15:00,BoJ's Governor Kuroda speech,HIGH,JPY
cfb186bb-3e88-4501-b5bc-1172c3dc814b,03/20/2014 08:30:00,SNB Interest Rate Decision,HIGH,CHF
1b11e81b-4917-455e-914f-5a384158b1a2,03/20/2014 20:30:00,Bank Stress Test Results,HIGH,USD
4d28945d-1a3a-4ce1-9307-531a59977490,03/25/2014 16:00:00,ECB's President Draghi speech,HIGH,EUR
72d32818-37b5-4ccc-89e5-36174ca12133,03/26/2014 20:00:00,Bank Stress Test Results,HIGH,USD
c91a0d41-b81c-46c6-92b4-3cbcdbc43562,03/31/2014 13:55:00,Fed's Chair Yellen speech,HIGH,USD
ef85aab5-9824-4370-b7dd-23faaebee88f,03/31/2014 17:15:23,BoE's Governor Carney speech,HIGH,GBP
637dbd2f-b4ed-4dff-b133-d81c341d2e2e,04/03/2014 11:45:00,ECB Main Refinancing Operations Rate,HIGH,EUR
c0a80e60-3bc5-4ca2-a29e-ecd8367341be,04/03/2014 12:30:00,ECB Press Conference,HIGH,EUR
560085a9-8879-4edb-9810-81c9bd148847,04/08/2014 03:00:00,BoJ Interest Rate Decision,HIGH,JPY
cb7074b3-80f0-420f-aa68-5d672d9837ba,04/08/2014 03:00:00,BoJ Monetary Policy Statement,HIGH,JPY
135b0c21-11a5-481e-b4b2-012faf61e462,04/08/2014 06:30:00,BoJ Press Conference,HIGH,JPY
7d7af298-4ba9-421f-b9be-442e14b39185,04/09/2014 18:00:00,FOMC Minutes,HIGH,USD
5737b744-b7a1-4c88-b275-ce022723ebd4,04/10/2014 11:00:00,BoE Asset Purchase Facility,HIGH,GBP
edf9ab11-67b6-47d2-8a3d-6d7b64d7f83d,04/10/2014 11:00:00,BoE Interest Rate Decision,HIGH,GBP
584c869b-1377-45f3-b965-4c21e6b99b40,04/10/2014 23:50:00,BoJ Monetary Policy Meeting Minutes,HIGH,JPY
fbdb7a75-e071-47e1-b76a-d44a10fd852f,04/12/2014 16:00:00,ECB's President Draghi speech,HIGH,EUR
40a1f5da-e73a-4495-b555-9618e3ed2ee4,04/16/2014 14:00:00,BoC Interest Rate Decision,HIGH,CAD
1e915d5c-ca66-414d-8ef1-93ce208f8950,04/16/2014 14:00:00,BoC Monetary Policy Statement,HIGH,CAD
3aef7633-38c2-4e69-ab92-8126c1b7cd02,04/16/2014 14:30:00,BoC Monetary Policy Report,HIGH,CAD
b80a9453-f478-48dd-8879-f931f84c7d52,04/16/2014 15:15:44,BoC Press Conference,HIGH,CAD
e30824d0-388f-4fe3-9950-8ee6191b5699,04/23/2014 08:30:00,BoE Minutes,HIGH,GBP
ce8f4a48-fa42-4121-8693-62b5b86b5ca2,04/23/2014 08:30:00,BoE MPC Vote Rate Cut,HIGH,GBP
e85cb940-3ba8-4f56-ad4f-06540ed3f2a3,04/23/2014 08:30:00,BoE MPC Vote Rate Hike,HIGH,GBP
aba7c60a-5a1d-4507-8f94-3f686d6f1e80,04/23/2014 08:30:00,BoE MPC Vote Rate Unchanged,HIGH,GBP
7895d23b-f7d1-4d32-a602-acac9acb6558,04/23/2014 21:00:00,RBNZ Interest Rate Decision,HIGH,NZD
a865159a-b364-477a-a2bd-9cf18e6d8072,04/24/2014 09:00:00,ECB's President Draghi speech,HIGH,EUR
9fa7c4ed-fc07-4cd0-8828-f4a36e5ed69b,04/25/2014 08:00:00,SNB's Chairman Jordan speech,HIGH,CHF
a8027dd1-a72d-4214-9894-229aff49fee2,04/29/2014 19:30:01,BoC's Governor Poloz speech,HIGH,CAD
c5397ae6-6612-4a5e-99df-3d14de897517,04/30/2014 03:00:00,BoJ Interest Rate Decision,HIGH,JPY
0013ae74-31b4-4024-8798-722121e953eb,04/30/2014 03:00:00,BoJ Monetary Policy Statement,HIGH,JPY
640e24d5-3a01-456b-b053-77a3af823935,04/30/2014 06:30:00,BoJ Press Conference,HIGH,JPY
2a3aed64-a733-455a-8a98-07328d0993af,04/30/2014 18:00:00,Fed Interest Rate Decision,HIGH,USD
3a497e4b-5d9f-4972-91a0-0758317e925a,04/30/2014 18:00:00,Fed Monetary Policy Statement,HIGH,USD
01f10743-7676-4ceb-a0b9-e1f5280f668d,04/30/2014 18:00:00,Fed Pace of MBS Purchase Program,HIGH,USD
76a62d17-3549-4b1b-b1e1-4ef4e2e07c82,04/30/2014 18:00:00,Fed Pace of Treasury Purchase Program,HIGH,USD
06ea7001-b11e-45f9-826f-a6ae8db24dec,05/06/2014 21:30:00,RBNZ's Governor Wheeler Speech,HIGH,NZD
39f28d17-7a4e-42b9-87b0-4ee8fdcdd5f3,05/06/2014 23:50:00,BoJ Monetary Policy Meeting Minutes,HIGH,JPY
f4baafa9-9977-4523-a838-cd7ace538389,05/07/2014 14:00:00,Fed's Chair Yellen speech,HIGH,USD
c66998ed-0fe7-4d23-a41e-a287ad7fbf40,05/08/2014 11:00:00,BoE Asset Purchase Facility,HIGH,GBP
08389926-f75a-4586-b899-7fd059e8a505,05/08/2014 11:00:00,BoE Interest Rate Decision,HIGH,GBP
9b98efda-e68a-43eb-a2b9-b31167f135c0,05/08/2014 11:45:00,ECB Main Refinancing Operations Rate,HIGH,EUR
4cde604c-7624-49e9-978a-1b4e1a765d66,05/08/2014 12:30:00,ECB Press Conference,HIGH,EUR
ab864d04-41c0-4d1c-87dc-9d0091104767,05/08/2014 13:30:00,Fed's Chair Yellen speech,HIGH,USD
3f6af229-4b1b-43ad-bca8-c0ca72e7b352,05/13/2014 21:05:00,RBNZ's Governor Wheeler Speech,HIGH,NZD
54328259-069d-4975-8d86-2fea65ab7e41,05/14/2014 00:05:28,RBNZ's Governor Wheeler Speech,HIGH,NZD
e848729f-d56f-4ece-80d8-f10d8e607af0,05/14/2014 09:30:00,BoE Monetary Policy Report,HIGH,GBP
dea5f040-c89b-4326-b7e5-4575551c1f70,05/14/2014 09:30:00,BoE's Governor Carney speech,HIGH,GBP
dc31de3b-752c-48ce-be83-ca7bd48fdede,05/15/2014 04:25:00,BoJ's Governor Kuroda speech,HIGH,JPY
ecf1ab14-f921-453e-bab5-08b8d7171342,05/21/2014 03:00:00,BoJ Interest Rate Decision,HIGH,JPY
cb92e992-a5f3-4aae-b0ab-67c38241bd63,05/21/2014 03:00:00,BoJ Monetary Policy Statement,HIGH,JPY
b9f4b60b-6b80-4b8a-acb7-5a448062b081,05/21/2014 06:30:00,BoJ Press Conference,HIGH,JPY
17f3b406-1820-4d84-8432-a6758247e326,05/21/2014 08:30:00,BoE Minutes,HIGH,GBP
57086032-3956-4633-8b3e-e1f489ac0210,05/21/2014 08:30:00,BoE MPC Vote Rate Cut,HIGH,GBP
6cc22029-0781-4792-8e2d-3ec46a1cb729,05/21/2014 08:30:00,BoE MPC Vote Rate Hike,HIGH,GBP
9683a541-5ef7-4780-ba38-53e74d077542,05/21/2014 08:30:00,BoE MPC Vote Rate Unchanged,HIGH,GBP
b0354b88-6251-4198-bed7-ac28c51c7eaf,05/21/2014 18:00:00,FOMC Minutes,HIGH,USD
3f48d409-575e-4d99-89b2-9ee80c9b0f8b,05/25/2014 23:50:00,BoJ Monetary Policy Meeting Minutes,HIGH,JPY
fe971204-02cc-4611-a6ec-17927d2f2320,05/26/2014 08:00:00,ECB's President Draghi speech,HIGH,EUR
c988e5dd-2a1c-419d-9d9f-4c904b12f753,05/27/2014 13:30:00,ECB's President Draghi speech,HIGH,EUR
54ea7e73-665a-486b-956f-967b995a67ce,05/27/2014 19:00:54,BoE's Governor Carney speech,HIGH,GBP
c3e865b2-665b-4d59-be38-5a9e0dfd3a91,06/04/2014 14:00:00,BoC Interest Rate Decision,HIGH,CAD
f2b0f9b5-9081-4bd8-8c06-86135dd11752,06/04/2014 14:00:00,BoC Monetary Policy Statement,HIGH,CAD
fab20603-0206-4d1e-95d9-0e7c44352b50,06/05/2014 11:00:00,BoE Asset Purchase Facility,HIGH,GBP
1f368740-2bdd-4240-914c-ed84c539c457,06/05/2014 11:00:00,BoE Interest Rate Decision,HIGH,GBP
a1ae6eea-5762-4cef-8481-390497df3abd,06/05/2014 11:45:00,ECB Main Refinancing Operations Rate,HIGH,EUR
56996adf-4053-4d0b-bf2c-3f50e0348609,06/05/2014 12:30:00,ECB Press Conference,HIGH,EUR
20f9f50e-cf7d-49ed-9ee5-6644677afc28,06/11/2014 21:00:00,RBNZ Interest Rate Decision,HIGH,NZD
009e3cef-90ea-4dff-961d-7789453c2f7e,06/11/2014 21:00:00,RBNZ Monetary Policy Statement,HIGH,NZD
49c0e36b-503f-4857-b30b-34a6de301023,06/11/2014 21:00:00,RBNZ Press Conference,HIGH,NZD
523fc6d5-e672-4a22-87d2-ca2d18c6461e,06/12/2014 20:00:00,BoE's Governor Carney speech,HIGH,GBP
7943633c-6fce-4fc6-b825-503c92ae4f76,06/13/2014 03:00:00,BoJ Interest Rate Decision,HIGH,JPY
bc48255d-24b4-451a-925a-b989e20b96e7,06/13/2014 03:00:00,BoJ Monetary Policy Statement,HIGH,JPY
aca8f23d-2c4c-4464-8fa4-fd5155a56e41,06/18/2014 08:30:00,BoE Minutes,HIGH,GBP
96066baf-3b66-4bb3-805c-fd229fa985bf,06/18/2014 08:30:00,BoE MPC Vote Rate Cut,HIGH,GBP
8829efa9-26f8-4b1f-afa8-3f34ade14456,06/18/2014 08:30:00,BoE MPC Vote Rate Hike,HIGH,GBP
b712d56c-9ec6-412f-a56e-8657fb27555d,06/18/2014 08:30:00,BoE MPC Vote Rate Unchanged,HIGH,GBP
336b97aa-d3af-4960-8e5b-c886a2acabb3,06/18/2014 18:00:00,Fed Interest Rate Decision,HIGH,USD
04117916-f722-4c60-8e93-3ac70f403f98,06/18/2014 18:00:00,Fed Pace of MBS Purchase Program,HIGH,USD
8ebd2589-cdbc-49d4-a723-bec7d0dec3cf,06/18/2014 18:00:00,Fed Pace of Treasury Purchase Program,HIGH,USD
2fafb816-7a4c-4446-9702-4ad7c3ad9b60,06/18/2014 18:30:00,Fed's Monetary Policy Statement and Press Conference,HIGH,USD
d3f3443c-b4c2-4913-af72-9e90df4366a8,06/19/2014 07:30:00,SNB Interest Rate Decision,HIGH,CHF
ee2ff130-3445-4710-a9aa-6bc4d332b905,06/19/2014 07:30:00,SNB Press Conference,HIGH,CHF
f95d573b-d1fe-4b22-b017-17b0ee89e42d,06/24/2014 08:30:00,BoE Monetary Policy Report Hearings,HIGH,GBP
b5d3506e-a5ad-4786-bdac-a5338f8bdc55,06/26/2014 09:30:00,BoE's Governor Carney speech,HIGH,GBP
b90850a7-01da-4f83-ad1a-aced6bccc9a8,07/02/2014 15:00:00,Fed's Chair Yellen speech,HIGH,USD
669bce84-603c-4096-b8b1-deec9bec793b,07/03/2014 11:45:00,ECB Main Refinancing Operations Rate,HIGH,EUR
440039b9-c128-4ffe-a495-b38501dc25dc,07/03/2014 12:30:00,ECB Press Conference,HIGH,EUR
05a3b68b-9241-470e-bb26-767c06dd3860,07/09/2014 18:00:00,FOMC Minutes,HIGH,USD
f874c9f4-a8c7-4185-8072-9e366af6eb5c,07/09/2014 18:30:00,ECB's President Draghi speech,HIGH,EUR
39ae87c6-5a88-46bd-87b9-10e2ec403e2b,07/10/2014 11:00:00,BoE Asset Purchase Facility,HIGH,GBP
46fd100f-9c21-4eff-b3fb-08da34be3011,07/10/2014 11:00:00,BoE Interest Rate Decision,HIGH,GBP
f4bfb33f-a0b8-4093-a439-7c4a18b9ed32,07/14/2014 17:00:00,ECB's President Draghi speech,HIGH,EUR
d3c1b886-f1ad-455d-8222-9bef4b3a2e22,07/15/2014 03:00:00,BoJ Interest Rate Decision,HIGH,JPY
696b787e-dfa1-4b6c-9ef8-4b72d5240df3,07/15/2014 09:00:00,BoE's Governor Carney speech,HIGH,GBP
dc5dab37-7a19-4453-a12a-0942d5215a5c,07/15/2014 14:00:00,Fed's Chair Yellen testifies,HIGH,USD
42d9a5ac-d70c-4e18-aa65-c7db03e46ee3,07/16/2014 14:00:00,BoC Interest Rate Decision,HIGH,CAD
b109d118-4f8c-427e-a75b-38df96620347,07/16/2014 14:00:00,BoC Monetary Policy Report,HIGH,CAD
80a14588-123a-4fbf-bda4-88751613302a,07/16/2014 14:00:00,BoC Monetary Policy Statement,HIGH,CAD
fee0c3b2-124a-4e90-9406-03a754ffb62d,07/16/2014 14:00:00,Fed's Chair Yellen testifies,HIGH,USD
74491991-53d5-4b80-836f-f540e599c29f,07/16/2014 15:15:37,BoC Press Conference,HIGH,CAD
6f818ed0-afb9-4057-bbdc-e98466b76f3f,07/23/2014 08:30:00,BoE Minutes,HIGH,GBP
c2073e26-0504-4778-82bb-ed774f0e60c2,07/23/2014 08:30:00,BoE MPC Vote Rate Cut,HIGH,GBP
a1e0e09b-79d3-4751-a710-f40888f0af7d,07/23/2014 08:30:00,BoE MPC Vote Rate Hike,HIGH,GBP
a70571ba-a394-4fa3-86f2-cb8ba632c990,07/23/2014 08:30:00,BoE MPC Vote Rate Unchanged,HIGH,GBP
785613bc-c2c6-4215-8cbe-d8810248c5ab,07/23/2014 11:45:00,BoE's Governor Carney speech,HIGH,GBP
fcbcef35-4fe0-4255-be43-6b5832d1e7b5,07/23/2014 21:00:00,RBNZ Interest Rate Decision,HIGH,NZD
5dc06998-c420-4753-b827-667f646f379a,07/30/2014 18:00:00,Fed Interest Rate Decision,HIGH,USD
e30d1c5e-ed3f-4370-9436-6ce484dce92e,07/30/2014 18:00:00,Fed Monetary Policy Statement,HIGH,USD
7bbf1259-3ce5-4a06-9423-3400f17f419e,07/30/2014 18:00:00,Fed Pace of MBS Purchase Program,HIGH,USD
8c212654-82a5-4928-8b08-1da766958f42,07/30/2014 18:00:00,Fed Pace of Treasury Purchase Program,HIGH,USD
0babc803-d6c0-4e57-a8ed-7c26a220fb09,08/07/2014 11:00:00,BoE Asset Purchase Facility,HIGH,GBP
9ed69c4f-5dd6-4d77-b3db-199d05c711ef,08/07/2014 11:00:00,BoE Interest Rate Decision,HIGH,GBP
66698dd8-ac71-4242-a2e7-da0e3a265dda,08/07/2014 11:45:00,ECB Main Refinancing Operations Rate,HIGH,EUR
c101612d-3b97-4e12-9dd2-c77cd5c3ab29,08/07/2014 12:30:00,ECB Press Conference,HIGH,EUR
afeb66f3-de84-46e4-8e1c-c8f128d4d4e5,08/08/2014 03:00:00,BoJ Interest Rate Decision,HIGH,JPY
72b7586e-13f8-4a98-b537-f81714eed808,08/13/2014 09:30:00,BoE Monetary Policy Report,HIGH,GBP
7d5dd958-3cf1-424c-94c6-07d6f6156c48,08/13/2014 09:30:00,BoE's Governor Carney speech,HIGH,GBP
0be75356-3f1e-4ce7-ae70-8d6e81bb18df,08/20/2014 08:30:00,BoE Minutes,HIGH,GBP
10cd9410-7951-4472-b8ef-de50eb769929,08/20/2014 08:30:00,BoE MPC Vote Rate Cut,HIGH,GBP
66204af3-e684-481a-8e2b-a302f9bd5a3a,08/20/2014 08:30:00,BoE MPC Vote Rate Hike,HIGH,GBP
749212b2-9975-4646-affe-e3c30da9ab98,08/20/2014 08:30:00,BoE MPC Vote Rate Unchanged,HIGH,GBP
aab7203e-021c-4c65-a874-1760d27c99e4,08/20/2014 18:00:00,FOMC Minutes,HIGH,USD
55556c93-e94d-45f9-b0b0-471746ec3fed,08/21/2014 00:00:00,Jackson Hole Symposium,HIGH,USD
50aba6bf-f7a1-4eb2-b09e-157087c22b92,08/22/2014 00:00:00,Jackson Hole Symposium,HIGH,USD
8b964634-a386-4ca1-9f58-0a34ae3785d6,08/22/2014 14:00:00,Fed's Yellen speech on Labor Markets in Jackson Hole,HIGH,USD
38bb439a-cd1a-4695-98e4-3866c841baa9,08/22/2014 18:30:00,ECB's President Draghi speaks at Jackson Hole,HIGH,EUR
aa5a47a4-2e49-43a2-8f20-28d7fe235aec,08/23/2014 00:00:00,Jackson Hole Symposium,HIGH,USD
2b6636e8-bfc1-445b-ba63-999276b24542,08/23/2014 16:25:00,BoJ's Governor Kuroda speech  at Jackson Hole,HIGH,JPY
79e1f5e8-cd41-4e3e-a3ec-221c464676ba,09/03/2014 14:00:00,BoC Interest Rate Decision,HIGH,CAD
4c1ea22b-2de7-41ee-adb8-f76c6956c7d0,09/03/2014 14:00:00,BoC Monetary Policy Statement,HIGH,CAD
b2705b43-7bb0-4971-96a1-52276f240a74,09/04/2014 03:00:00,BoJ Interest Rate Decision,HIGH,JPY
28396c5f-9bc3-4f04-89d2-273b2b4494f5,09/04/2014 11:00:00,BoE Asset Purchase Facility,HIGH,GBP
358a819e-b6b6-4a4b-bd77-5cc5ec96908b,09/04/2014 11:00:00,BoE Interest Rate Decision,HIGH,GBP
6c20f719-4c17-48ca-8015-2ceedec44bcb,09/04/2014 11:45:00,ECB Main Refinancing Operations Rate,HIGH,EUR
d1b09516-9f5b-4b3d-b481-a56b30697379,09/04/2014 12:30:00,ECB Press Conference,HIGH,EUR
96aee7dc-b9b7-4b19-96e8-9327723f3284,09/09/2014 10:45:00,BoE's Governor Carney speech,HIGH,GBP
b4167a61-69df-412e-a8f7-5325a8414ec3,09/10/2014 13:45:00,BoE Monetary Policy Report Hearings,HIGH,GBP
9f3f313d-c5cb-4696-b2a3-d1ebf77ab141,09/10/2014 21:00:00,RBNZ Interest Rate Decision,HIGH,NZD
fa811cf9-3125-44db-bf2a-b12e23f7f6a2,09/10/2014 21:00:00,RBNZ Monetary Policy Statement,HIGH,NZD
1334d6a0-96b2-4b4b-9d41-b6ce796f6bf1,09/10/2014 21:00:00,RBNZ Press Conference,HIGH,NZD
83e10763-05a6-47f0-b5c6-403f49d8975e,09/11/2014 19:00:00,ECB's President Draghi speech,HIGH,EUR
ce2a10fc-02e6-4057-9788-21802e5e4b7b,09/16/2014 16:45:00,BoC's Governor Poloz speech,HIGH,CAD
e02d672d-90fc-4207-804f-908c9cc84d48,09/17/2014 08:30:00,BoE Minutes,HIGH,GBP
c09f09bb-9417-4b90-b313-5f6974d9e424,09/17/2014 08:30:00,BoE MPC Vote Rate Cut,HIGH,GBP
15d61fe0-d3ed-4715-802d-b628d050c6f6,09/17/2014 08:30:00,BoE MPC Vote Rate Unchanged,HIGH,GBP
280fac75-aa5d-48bb-9375-306f8a924c0c,09/17/2014 08:30:44,BoE MPC Vote Rate Hike,HIGH,GBP
5db3483c-4ff2-4d51-ae51-9f5caea8b346,09/17/2014 18:00:00,Fed Interest Rate Decision,HIGH,USD
129df316-d354-4d19-8265-eea86609abd8,09/17/2014 18:00:00,Fed Monetary Policy Statement,HIGH,USD
d87e9d9e-281b-4e07-977d-3f4913501e4d,09/17/2014 18:00:00,Fed Pace of MBS Purchase Program,HIGH,USD
ba63ed12-9e82-490c-9b5e-3a30d51a830b,09/17/2014 18:00:00,Fed Pace of Treasury Purchase Program,HIGH,USD
1cf4706e-da9a-4a19-b75a-90d028bb175f,09/17/2014 18:30:00,Fed's Monetary Policy Statement and Press Conference,HIGH,USD
ad9c2785-b7b3-4c94-afa6-e7425715b4f9,09/18/2014 07:30:00,SNB Interest Rate Decision,HIGH,CHF
cdd7e021-f27c-45ce-a7de-c0f8698f4b1c,09/18/2014 09:15:38,Targeted LTRO,HIGH,EUR
79541d8f-8817-48b5-ab5a-b38ccaef36f4,09/18/2014 12:45:00,Fed's Chair Yellen speech,HIGH,USD
90e56806-6afc-4427-8ae7-8369a6419259,09/22/2014 13:00:00,ECB's President Draghi speech,HIGH,EUR
c4305e34-9900-4247-86f3-0b4be7c5bcde,09/25/2014 07:20:00,ECB's President Draghi speech,HIGH,EUR
447de9b9-c2fe-48c4-92e8-6632aaf89d79,09/25/2014 12:40:00,BoE's Governor Carney speech,HIGH,GBP
4115b4db-3326-4e4e-9220-c56e7cde1a8f,10/02/2014 11:45:00,ECB Main Refinancing Operations Rate,HIGH,EUR
0f97b78d-766d-48aa-adbc-841b9349ae21,10/02/2014 12:30:00,ECB Press Conference,HIGH,EUR
648b593e-d891-471a-b3c6-c3c95e6157f5,10/02/2014 13:30:36,ECB's President Draghi statement,HIGH,EUR
6e6502a5-f595-46c0-adaa-0038cbf9a7e0,10/07/2014 04:55:00,BoJ Interest Rate Decision,HIGH,JPY
bc15b417-a2be-4368-a43e-5c3c2e3c1a74,10/08/2014 18:00:00,FOMC Minutes,HIGH,USD
9c738fbe-3c82-47f6-b6a4-d0c5f6fac6f3,10/09/2014 11:00:00,BoE Asset Purchase Facility,HIGH,GBP
f13c9dc1-fdeb-4853-aa77-3f4ae76c2532,10/09/2014 11:00:00,BoE Interest Rate Decision,HIGH,GBP
08d38959-7516-4b2a-be05-e46e89e9b22b,10/09/2014 15:00:00,ECB's President Draghi speech,HIGH,EUR
d5b52fc9-e8e7-4b22-bf5a-178486326b64,10/11/2014 16:00:00,ECB's President Draghi speech,HIGH,EUR
6cb2afaa-78e3-4cf3-ab16-3368285e71f7,10/15/2014 07:00:00,ECB's President Draghi speech,HIGH,EUR
78a54bcd-03b0-428b-a1eb-f80c9505a46f,10/15/2014 18:00:00,ECB's President Draghi speech,HIGH,EUR
9213bc21-42b6-4500-8f0f-ead2a9a8bdad,10/22/2014 08:30:00,BoE Minutes,HIGH,GBP
8eaaae61-ff7e-4538-95dd-66faeac63ecc,10/22/2014 08:30:00,BoE MPC Vote Rate Cut,HIGH,GBP
4750c11f-0c6b-40fa-aa5b-038489371412,10/22/2014 08:30:00,BoE MPC Vote Rate Hike,HIGH,GBP
121d9d6d-3055-48d6-bfe5-0a7a8bd03ea1,10/22/2014 08:30:00,BoE MPC Vote Rate Unchanged,HIGH,GBP
79bcc380-3015-4616-baad-857955dcf8fc,10/22/2014 14:00:00,BoC Interest Rate Decision,HIGH,CAD
006bd6bb-c7d7-47dc-bbdf-9d4261b14aa4,10/22/2014 14:00:00,BoC Monetary Policy Statement,HIGH,CAD
5ff7146a-e11e-4ed3-9b86-dffcbdb065b4,10/22/2014 14:30:00,BoC Monetary Policy Report,HIGH,CAD
7cc34b18-43cd-437f-a3e4-966f14727a52,10/22/2014 15:15:02,BoC Press Conference,HIGH,CAD
2f554e6c-e1fa-49ad-91b3-48de2c8e85f4,10/22/2014 19:30:00,BoC's Governor Poloz speech,HIGH,CAD
b017341e-3c4b-4036-bd5b-ad757fdda179,10/26/2014 00:00:00,Bank Stress Test Info,HIGH,EUR
9b94ddac-a9a6-4d90-8f20-1e280f879900,10/29/2014 18:00:00,Fed Interest Rate Decision,HIGH,USD
1d841fa8-8ce0-4b28-827d-4d65bf96c41a,10/29/2014 18:00:00,Fed Monetary Policy Statement,HIGH,USD
99d1d8b4-b759-4342-913a-4b1c0b30ae5a,10/29/2014 18:00:00,Fed Pace of MBS Purchase Program,HIGH,USD
47af538c-e834-4a2f-aa35-950e23774f09,10/29/2014 18:00:00,Fed Pace of Treasury Purchase Program,HIGH,USD
f6647a46-1e11-4e22-96a0-232abdf43fa6,10/29/2014 20:00:00,RBNZ Interest Rate Decision,HIGH,NZD
0eeceaed-407e-45e5-968b-f5658a57229a,10/29/2014 20:15:00,BoC's Governor Poloz speech,HIGH,CAD
99bdf245-f455-475d-8d9d-c6b1a72823b6,10/31/2014 04:47:09,BoJ Interest Rate Decision,HIGH,JPY
43d88841-4450-4cd1-8788-f7478a1aa163,11/03/2014 17:50:00,BoC's Governor Poloz speech,HIGH,CAD
1f2754ca-adff-4daa-a74f-bfcabd15d300,11/04/2014 15:30:00,BoC's Governor Poloz speech,HIGH,CAD
11624c30-d8ec-4dc1-a891-82968b90475d,11/06/2014 12:00:00,BoE Asset Purchase Facility,HIGH,GBP
0a2d9606-9eaf-47f9-9deb-ff6a34071c26,11/06/2014 12:00:00,BoE Interest Rate Decision,HIGH,GBP
82a85db1-5bb5-4bb4-8bc8-48d8f3cdd284,11/06/2014 12:45:00,ECB Main Refinancing Operations Rate,HIGH,EUR
f1c00fa4-d0f3-4389-b3df-0d32305df066,11/06/2014 13:30:00,ECB Press Conference,HIGH,EUR
4cc7937c-b2b9-4e0b-ae89-98693cfeb586,11/11/2014 20:05:00,RBNZ's Governor Wheeler Speech,HIGH,NZD
450ecfde-d123-420a-9f67-e37908a08799,11/12/2014 10:30:00,BoE Monetary Policy Report,HIGH,GBP
10d81c2e-dc7c-4aff-9085-4970a695d390,11/12/2014 10:30:04,BoE's Governor Carney speech,HIGH,GBP
85fb1bc8-0084-4bb9-9d7b-375641a085f4,11/17/2014 14:00:00,ECB's President Draghi speech,HIGH,EUR
ebbb19eb-146d-4c62-a8bd-a999d888486c,11/19/2014 03:24:00,BoJ Interest Rate Decision,HIGH,JPY
52fd11df-de03-4d9d-b284-b9ebd5c70273,11/19/2014 06:00:00,BoJ Press Conference,HIGH,JPY
d255ab97-8b1f-4c2d-a776-fd2256c3f0a0,11/19/2014 09:30:00,BoE MPC Vote Rate Cut,HIGH,GBP
132a6282-0598-42ef-8d79-e8cf1b8e3c50,11/19/2014 09:30:00,BoE MPC Vote Rate Hike,HIGH,GBP
f64d9eeb-31c2-4d2f-9402-f53bde8c3f37,11/19/2014 09:30:00,BoE MPC Vote Rate Unchanged,HIGH,GBP
bd78aa2d-7f6b-4028-a0d4-5383cfd5b3b4,11/19/2014 19:00:00,FOMC Minutes,HIGH,USD
d2459c41-4c3f-4eb7-8979-cec8f145e7c9,11/21/2014 08:00:00,ECB's President Draghi speech,HIGH,EUR
b5d416fb-05ba-4ee6-abe4-1b5632588488,11/25/2014 10:00:00,BoE Monetary Policy Report Hearings,HIGH,GBP
074f2399-f413-4fe1-9f43-849ef965a898,11/27/2014 09:00:00,ECB's President Draghi speech,HIGH,EUR
b96d31bf-18f8-4b15-bbc3-6d6204d433cf,11/30/2014 19:45:00,RBNZ's Governor Wheeler Speech,HIGH,NZD
92b8b07c-f9c3-49a3-92f4-caf1f035da5c,12/03/2014 15:00:00,BoC Interest Rate Decision,HIGH,CAD
a0941b4b-9f2c-49cd-8ba7-98be6a67eadf,12/03/2014 15:00:00,BoC Monetary Policy Statement,HIGH,CAD
eefdb6a7-7c82-412b-97cc-f3dfd129459c,12/03/2014 22:40:00,BoC's Governor Poloz speech,HIGH,CAD
5d9a3dd7-abda-445b-8df0-0b66248ecf7e,12/04/2014 12:00:00,BoE Asset Purchase Facility,HIGH,GBP
aa6cee81-12a1-425f-b1a7-12fe34c1096d,12/04/2014 12:00:00,BoE Interest Rate Decision,HIGH,GBP
67e48eee-df67-4190-ba5b-7105c27e82bc,12/04/2014 12:45:00,ECB Main Refinancing Operations Rate,HIGH,EUR
059c4bf8-6950-4315-aff4-f4f3e55baf50,12/04/2014 13:30:00,ECB Press Conference,HIGH,EUR
e8538873-4635-4faf-b298-863bab5467b4,12/10/2014 20:00:00,RBNZ Interest Rate Decision,HIGH,NZD
fd4fc7fb-310f-4115-a186-734eaea25f0a,12/10/2014 20:00:00,RBNZ Monetary Policy Statement,HIGH,NZD
5db2c494-a5b8-4a08-a833-f82a7e2b2983,12/10/2014 20:00:00,RBNZ Press Conference,HIGH,NZD
dc88c1c3-e93e-4a4f-8bb2-de7c14073f49,12/11/2014 00:10:00,RBNZ's Governor Wheeler Speech,HIGH,NZD
330636af-99ef-467d-904b-c04106ac6ae9,12/11/2014 08:30:00,SNB Interest Rate Decision,HIGH,CHF
e0cb4599-5838-41f3-ace5-e24fa3c84765,12/11/2014 08:30:00,SNB Press Conference,HIGH,CHF
f12fdf7a-b382-4c53-9c40-53d01e064c12,12/11/2014 10:25:19,Targeted LTRO,HIGH,EUR
e4848403-ed4b-4277-956a-f75e01c452d0,12/11/2014 13:00:00,BoC's Governor Poloz speech,HIGH,CAD
828d7a89-74f2-46ee-8f96-b81852b7ba0f,12/16/2014 09:00:00,BoE's Governor Carney speech,HIGH,GBP
a889ef86-49d5-45fb-a0bf-685e338a40ee,12/17/2014 09:30:00,BoE MPC Vote Rate Cut,HIGH,GBP
20673d36-0a59-4cea-b324-99245485d44f,12/17/2014 09:30:00,BoE MPC Vote Rate Hike,HIGH,GBP
ad7c6b24-ef5f-4355-a3f9-65fbe332b10e,12/17/2014 09:30:00,BoE MPC Vote Rate Unchanged,HIGH,GBP
2337aca3-080a-4b11-873d-8268f16d0062,12/17/2014 19:00:00,Fed Interest Rate Decision,HIGH,USD
57391202-6b51-4f0f-86fe-263fe950f406,12/17/2014 19:00:00,Fed Monetary Policy Statement,HIGH,USD
0becf712-a139-4519-ae2d-0025e78d85e8,12/17/2014 19:30:00,Fed's Monetary Policy Statement and Press Conference,HIGH,USD
642211ad-91d2-42a1-8d2b-e6e4ac1a63a0,12/18/2014 07:30:45,SNB Interest Rate Decision,HIGH,CHF
cd0ac98e-8be9-4618-833f-705bc8fdb4ad,12/19/2014 03:30:00,BoJ Interest Rate Decision,HIGH,JPY
cd3d385e-2aaa-401f-a1bd-195cee0af62e,12/19/2014 06:30:00,BoJ Press Conference,HIGH,JPY
530fd4e3-492d-4b31-a3f6-1b742b0e0351,01/07/2015 08:00:00,Non-Monetary Policy ECB Meeting,HIGH,EUR
b288f3c5-2602-44ef-99d4-c1e1e0b20d4e,01/07/2015 19:00:00,FOMC Minutes,HIGH,USD
5058099a-e539-4935-aa8e-796ed70dbf51,01/08/2015 12:00:00,BoE Asset Purchase Facility,HIGH,GBP
b8d9d1a8-99f8-4d7a-8398-bc3a4629418d,01/08/2015 12:00:00,BoE Interest Rate Decision,HIGH,GBP
7b856ce1-0e3f-444d-ba82-26c6f9ea507a,01/14/2015 08:30:00,European Court of Justice Ruling,HIGH,EUR
76d2a339-c7ce-448e-a2f5-fe752d4153ec,01/14/2015 14:15:00,BoE's Governor Carney speech,HIGH,GBP
61bfd8da-22ae-43e6-a1e4-18c683fd3df0,01/15/2015 09:30:32,SNB Interest Rate Decision,HIGH,CHF
0df33c7d-6ad3-4da3-9499-9720a472e137,01/15/2015 12:15:45,SNB's Chairman Jordan speech,HIGH,CHF
22c8928b-3e4c-4264-892e-d1022400dd07,01/21/2015 06:30:00,BoJ Press Conference,HIGH,JPY
7dc49805-62eb-45f0-bf50-d1a3f79c653d,01/21/2015 09:30:00,BoE MPC Vote Rate Cut,HIGH,GBP
6f5324e8-6051-4a99-af1d-ffde58ecac76,01/21/2015 09:30:00,BoE MPC Vote Rate Hike,HIGH,GBP
77162194-a7ac-46c4-8a64-dbf0608dec66,01/21/2015 09:30:00,BoE MPC Vote Rate Unchanged,HIGH,GBP
1dbd9a33-196a-49ba-8bce-63ea856bd029,01/21/2015 15:00:00,BoC Interest Rate Decision,HIGH,CAD
95f7bf67-2a53-4e39-a360-173a737b72d1,01/21/2015 15:00:00,BoC Monetary Policy Report,HIGH,CAD
9f173a51-36f0-4ffa-aae3-de28d38670ca,01/21/2015 15:00:00,BoC Monetary Policy Statement,HIGH,CAD
29f922a2-ef1a-4386-ad37-8b3a926debed,01/21/2015 16:15:00,BoC Press Conference,HIGH,CAD
1350b150-ab88-484d-8be6-2e72f0c84691,01/22/2015 12:45:00,ECB Main Refinancing Operations Rate,HIGH,EUR
428b5613-2b85-4c95-969b-9084d0019c00,01/22/2015 13:30:00,ECB Press Conference,HIGH,EUR
a06aadaf-3ce7-4726-b748-7a13348e9ae1,01/28/2015 18:50:00,BoE's Governor Carney speech,HIGH,GBP
85b2f92d-2f46-4f5a-94e7-b8ae2f24335e,01/28/2015 19:00:00,Fed Interest Rate Decision,HIGH,USD
01d12c98-d51b-4038-994d-64cdc23db885,01/28/2015 19:00:00,Fed Monetary Policy Statement,HIGH,USD
89eb6e88-7b9c-4c34-9418-6bb7e8783e18,01/28/2015 20:00:00,RBNZ Interest Rate Decision,HIGH,NZD
85823269-cc7e-473a-86bc-0010fa20a2ce,01/28/2015 20:00:00,RBNZ Monetary Policy Statement,HIGH,NZD
3c1547b4-25cf-482f-a957-5707153ee9a3,02/04/2015 00:00:00,RBNZ's Governor Wheeler Speech,HIGH,NZD
93e8af50-ea63-4c18-844e-b4e93f6d302a,02/05/2015 12:00:00,BoE Asset Purchase Facility,HIGH,GBP
177b976f-7a7e-47b1-93fb-32ff068605cb,02/05/2015 12:00:00,BoE Interest Rate Decision,HIGH,GBP
a5ffecca-89ee-426a-9d1e-a473209a5bc2,02/12/2015 10:30:00,BoE Monetary Policy Report,HIGH,GBP
fd468336-8ca5-41e9-937e-155d471c3df6,02/12/2015 10:30:00,BoE's Governor Carney speech,HIGH,GBP
b2d8ecdf-61d4-47bb-85bb-75fef020e384,02/17/2015 17:15:00,SNB's Chairman Jordan speech,HIGH,CHF
fc8d1ac3-8e6a-4037-8d24-5ec7a0925bba,02/18/2015 06:30:00,BoJ Press Conference,HIGH,JPY
a92ceb49-d549-4090-a16c-16379ff8a087,02/18/2015 09:30:00,BoE MPC Vote Rate Cut,HIGH,GBP
d6da0b61-150b-4f96-8db2-a83c5bb2868d,02/18/2015 09:30:00,BoE MPC Vote Rate Hike,HIGH,GBP
bf4a6122-8d78-4c0f-ba58-bbfd68dcf553,02/18/2015 09:30:00,BoE MPC Vote Rate Unchanged,HIGH,GBP
ced0d9ef-ab17-4add-bd6b-7f8a46dec688,02/18/2015 19:00:00,FOMC Minutes,HIGH,USD
766e1856-57f5-462b-9225-f823fc27313e,02/19/2015 12:30:00,ECB Monetary Policy Meeting Accounts,HIGH,EUR
effbd8a2-9925-4244-b1aa-3443be826b1e,02/24/2015 10:00:00,BoE Monetary Policy Report Hearings,HIGH,GBP
46aafdb1-f668-42ba-abaa-d63cb65fcbb4,02/24/2015 14:00:00,ECB's President Draghi speech,HIGH,EUR
0e3c70f5-5e52-4b8c-8fda-381ed8953b2d,02/24/2015 15:00:00,Fed's Chair Yellen testifies,HIGH,USD
6a4e6f64-8aa6-41a5-a32f-e24e2f41d606,02/24/2015 19:00:00,BoC's Governor Poloz speech,HIGH,CAD
2c217f59-fa24-406d-a477-e61e996d1563,02/24/2015 23:40:24,RBNZ's Governor Wheeler Speech,HIGH,NZD
d3691f9e-4f9b-4f56-a258-c20e3972f956,02/25/2015 10:00:00,BoE's Governor Carney speech,HIGH,GBP
a76db8f4-77fc-4ae1-bcae-3c96b05261ac,02/25/2015 15:00:00,Fed's Chair Yellen testifies,HIGH,USD
dfbaa48d-8234-4c4d-9d9a-e5a3659dc0ba,02/25/2015 17:15:00,ECB's President Draghi speech,HIGH,EUR
e639a65a-0330-4e5c-ba3a-8d25ef426a5b,03/04/2015 15:00:00,BoC Interest Rate Decision,HIGH,CAD
c6d80827-67ff-4406-8b3d-b003435f858e,03/04/2015 15:00:00,BoC Monetary Policy Statement,HIGH,CAD
bcaf5eff-fb19-4a33-981a-b3a4ff9cecfe,03/05/2015 12:00:00,BoE Asset Purchase Facility,HIGH,GBP
30d0edb8-ab19-442c-9204-741230f5b491,03/05/2015 12:00:00,BoE Interest Rate Decision,HIGH,GBP
40a65374-4e94-4e00-98b1-e00615eb0cd9,03/05/2015 12:45:00,ECB Main Refinancing Operations Rate,HIGH,EUR
cb17c84c-04fe-4b96-b0f5-dffc436c47dd,03/05/2015 13:30:00,ECB Press Conference,HIGH,EUR
9bcd8b5b-9b50-4aaf-9624-3594130cec49,03/10/2015 14:35:00,BoE's Governor Carney speech,HIGH,GBP
53675759-2886-4860-8ae0-2ac2ff6653ae,03/11/2015 08:00:00,ECB's President Draghi speech,HIGH,EUR
78c75c56-21f2-403c-9a8f-9d847b3b0703,03/11/2015 20:00:00,RBNZ Interest Rate Decision,HIGH,NZD
d69eed25-458f-42dd-8a79-b96a0fad49c1,03/11/2015 20:00:00,RBNZ Monetary Policy Statement,HIGH,NZD
50af745c-a945-43da-a890-876139fca91a,03/11/2015 20:30:00,Bank Stress Test Results,HIGH,USD
b77cccd0-c5ba-4470-9743-e12046caa8ca,03/12/2015 00:10:00,RBNZ's Governor Wheeler Speech,HIGH,NZD
63bf8cfd-e124-4ccb-8f93-b9c358107ad9,03/12/2015 12:45:00,BoE's Governor Carney speech,HIGH,GBP
836c286e-0bcb-4cf6-a9aa-359d202a007a,03/16/2015 18:45:00,ECB's President Draghi speech,HIGH,EUR
bc1ac869-2f83-41aa-b3be-f3f9cac52653,03/17/2015 06:30:00,BoJ Press Conference,HIGH,JPY
f54ebe54-2eba-4201-a19c-a3686fc33b34,03/18/2015 09:30:00,BoE MPC Vote Rate Cut,HIGH,GBP
eb42b105-1a09-48d7-93e4-69dbafec683e,03/18/2015 09:30:00,BoE MPC Vote Rate Hike,HIGH,GBP
9fd670ab-71fd-4c43-9cbc-7879c64dd615,03/18/2015 09:30:00,BoE MPC Vote Rate Unchanged,HIGH,GBP
39d970ce-dbd4-47c4-b151-c4a50112ed21,03/18/2015 18:00:00,Fed Interest Rate Decision,HIGH,USD
a3310f3e-cf5b-4904-b1c4-a4a10c1ad59b,03/18/2015 18:00:00,Fed Monetary Policy Statement,HIGH,USD
1a717fc1-fe7b-45b1-9857-c0e64198d193,03/18/2015 18:30:00,Fed's Monetary Policy Statement and Press Conference,HIGH,USD
0a772d1a-0c23-4a51-a3d9-f81676644508,03/19/2015 08:30:00,SNB Interest Rate Decision,HIGH,CHF
5fecd70f-eb2d-4731-a12e-72b48bdd9d62,03/19/2015 10:15:00,Targeted LTRO,HIGH,EUR
1272e21f-de4c-4536-9938-077a16209f76,03/23/2015 14:00:00,ECB's President Draghi speech,HIGH,EUR
9d8d516f-7e99-4809-a453-23394af83b42,03/26/2015 13:30:00,BoC's Governor Poloz speech,HIGH,CAD
dc3ba727-29e7-4e4b-a6ab-ab46beb178a3,03/27/2015 08:45:00,BoE's Governor Carney speech,HIGH,GBP
3363f010-554c-40c8-95d4-b27a95c59e6f,04/02/2015 11:30:00,ECB Monetary Policy Meeting Accounts,HIGH,EUR
45084170-662e-44c9-ad00-5a6e322e8ec3,04/08/2015 03:36:00,BoJ Press Conference,HIGH,JPY
bc520584-2e87-4d9e-afa9-8e0c62d09e56,04/08/2015 18:00:00,FOMC Minutes,HIGH,USD
17160361-6e4a-4096-833e-d294b02f976d,04/09/2015 11:00:00,BoE Asset Purchase Facility,HIGH,GBP
34f1cc68-b6bb-4696-93a9-991b9970cdb7,04/09/2015 11:00:00,BoE Interest Rate Decision,HIGH,GBP
d97a59b7-7faa-4124-9709-ee5160d8e4fb,04/15/2015 00:30:00,RBNZ's Governor Spencer speech,HIGH,NZD
776092a2-884d-46ee-9fac-44a1fffd0b15,04/15/2015 11:45:00,ECB Main Refinancing Operations Rate,HIGH,EUR
131aa3cd-5c9e-455e-ae1c-86d94fe84120,04/15/2015 12:30:00,ECB Press Conference,HIGH,EUR
e9e42ac0-4cb4-43ea-835a-e02bdea35907,04/15/2015 14:00:00,BoC Interest Rate Decision,HIGH,CAD
af096fc8-155e-4b56-b626-4fb94a765e31,04/15/2015 14:00:00,BoC Monetary Policy Report,HIGH,CAD
ed00e8ce-55a7-49e0-a994-ee567e6c0ca0,04/15/2015 14:00:00,BoC Monetary Policy Statement,HIGH,CAD
5ddb26d9-bad5-4909-9b88-30e1b65cbc4c,04/15/2015 15:15:00,BoC Press Conference,HIGH,CAD
73173215-64dd-4d63-baac-d9748cb015ff,04/18/2015 16:00:00,ECB's President Draghi speech,HIGH,EUR
efb88ee4-3016-41df-aa35-846e7796097a,04/20/2015 14:05:00,BoC's Governor Poloz speech,HIGH,CAD
b3ae800d-5f91-4d58-a0f0-d079065ea851,04/22/2015 08:30:00,BoE MPC Vote Rate Cut,HIGH,GBP
cb78eaa2-a6cd-45d6-ba63-e1ee34fb426b,04/22/2015 08:30:00,BoE MPC Vote Rate Hike,HIGH,GBP
7fa5a835-e05e-4afc-9b1a-c9075b968405,04/22/2015 08:30:00,BoE MPC Vote Rate Unchanged,HIGH,GBP
eddc9392-7fd4-447c-aaa1-e2da26f3b4a6,04/24/2015 08:00:00,SNB's Chairman Jordan speech,HIGH,CHF
7cc7fb7d-10e2-4c70-956e-7b84299dd79b,04/24/2015 14:30:00,BoC's Governor Poloz speech,HIGH,CAD
f6f4807d-f6fc-418a-a98f-9fdc8d4e4b3d,04/28/2015 12:45:52,BoC's Governor Poloz speech,HIGH,CAD
165af77a-ca40-4fc6-8e61-c880b200c71d,04/29/2015 18:00:00,Fed Interest Rate Decision,HIGH,USD
d7aa7f19-c03d-4d0b-bf21-14b08b4277d2,04/29/2015 21:00:00,RBNZ Interest Rate Decision,HIGH,NZD
9953d573-9921-413a-b0a1-4e3bfd7f0b6a,04/29/2015 21:00:00,RBNZ Monetary Policy Statement,HIGH,NZD
6c7e7f19-5d84-4e04-b17b-04c7631c109e,04/30/2015 04:05:34,BoJ Interest Rate Decision,HIGH,JPY
f82f853c-7f08-4a34-a659-219e000c4bbd,05/11/2015 11:00:00,BoE Asset Purchase Facility,HIGH,GBP
2443490a-e020-405a-abbc-2796ee0ce2f4,05/11/2015 11:00:00,BoE Interest Rate Decision,HIGH,GBP
effbf232-1ae4-4f53-8d41-39e3c174eea7,05/13/2015 09:30:00,BoE Monetary Policy Report,HIGH,GBP
dcdd7fac-fcaf-49ee-bd54-567cf1836256,05/13/2015 09:30:00,BoE's Governor Carney speech,HIGH,GBP
0f4f4013-978e-4e21-b39c-50be10522a0b,05/14/2015 15:00:00,ECB's President Draghi speech,HIGH,EUR
eb98cd0e-ec8d-4f0e-a549-b1a6283a83e3,05/15/2015 03:40:00,BoJ's Governor Kuroda speech,HIGH,JPY
701a8d1a-7425-406f-ba43-7a5df25c8767,05/19/2015 15:45:00,BoC's Governor Poloz speech,HIGH,CAD
ced94ed6-b512-456e-99f5-2f18ea17e2f8,05/20/2015 08:30:00,BoE MPC Vote Rate Cut,HIGH,GBP
3a6ca85a-462a-41d3-a7ff-abcf1b83d81e,05/20/2015 08:30:00,BoE MPC Vote Rate Hike,HIGH,GBP
ee4b6fa0-2018-4897-9172-b3cfa8989442,05/20/2015 08:30:00,BoE MPC Vote Rate Unchanged,HIGH,GBP
13308458-1e30-4c8b-8594-1d81ac550e9a,05/20/2015 18:00:00,FOMC Minutes,HIGH,USD
b9eb4d75-774b-4b1d-b419-e4d5c9a4efa3,05/21/2015 00:00:00,BoJ Interest Rate Decision,HIGH,JPY
721ef17a-141f-4342-a910-7be4340364a7,05/21/2015 11:30:00,ECB Monetary Policy Meeting Accounts,HIGH,EUR
97d4e7ed-0599-4840-b96a-6f5aa1dd91b9,05/21/2015 17:30:00,ECB's President Draghi speech,HIGH,EUR
d47462e8-b367-4fb6-97ad-307ee6d533d0,05/22/2015 03:00:00,BoJ Monetary Policy Statement,HIGH,JPY
68e255eb-23aa-4214-afe8-78067b36fe72,05/22/2015 03:00:00,BoJ Press Conference,HIGH,JPY
f529b958-4fa3-4a8a-93a5-76c18a01780f,05/22/2015 08:00:00,ECB's President Draghi speech,HIGH,EUR
c767adcc-e9b9-40c2-96b6-ba80e6ee9ec8,05/22/2015 13:00:00,BoE's Governor Carney speech,HIGH,GBP
7f7b9275-52fd-408f-8cc5-e7233ce6a69a,05/22/2015 17:00:00,Fed's Chair Yellen speech,HIGH,USD
9047092a-e9c2-42ae-bb4b-5c4c7dc8ba5f,05/23/2015 13:30:00,ECB's President Draghi speech,HIGH,EUR
aea492c5-fb67-4722-b7b7-d11412eb8aef,05/23/2015 13:30:00,BoJ's Governor Kuroda speech,HIGH,JPY
6f686752-4685-41a9-b0be-62f1b2de3131,05/27/2015 14:00:00,BoC Interest Rate Decision,HIGH,CAD
b2194c8b-573f-4312-99f8-dedac8bda6ae,05/27/2015 14:00:00,BoC Monetary Policy Statement,HIGH,CAD
56f64de6-548b-4985-9562-ba4e62098a06,06/03/2015 11:45:00,ECB Main Refinancing Operations Rate,HIGH,EUR
417071d3-137c-42ce-a136-f9dd374dfaed,06/03/2015 12:30:00,ECB Press Conference,HIGH,EUR
71bb03d6-5190-424c-8fe2-7f9c962ea537,06/04/2015 00:00:00,BoJ's Governor Kuroda speech,HIGH,JPY
8d8b1ab3-3425-4b17-85d7-0810d663e2d8,06/04/2015 11:00:00,BoE Asset Purchase Facility,HIGH,GBP
7b20f3f9-509e-40b9-9a41-0bed80f37e93,06/04/2015 11:00:00,BoE Interest Rate Decision,HIGH,GBP
3571dbd4-9540-4e7a-aa18-29a74282171a,06/10/2015 20:00:00,BoE's Governor Carney speech,HIGH,GBP
d2c24433-32f7-4945-8560-7792fdc2d8f5,06/10/2015 21:00:00,RBNZ Interest Rate Decision,HIGH,NZD
e16b178c-f21d-4253-b3d4-ff6e28f10838,06/10/2015 21:00:00,RBNZ Monetary Policy Statement,HIGH,NZD
dc55983e-fcdf-4f0a-a1ac-e82c16e12eb4,06/10/2015 21:00:00,RBNZ Press Conference,HIGH,NZD
353a3dc6-a86d-4d7e-a50b-99eb2f1ba086,06/15/2015 13:00:00,ECB's President Draghi speech,HIGH,EUR
e8571b7b-a984-419e-a305-6930c2964dc2,06/16/2015 08:00:00,European Court of Justice Ruling,HIGH,EUR
6900defd-2c83-41d5-8a9e-61f96e0214fb,06/17/2015 08:30:00,BoE MPC Vote Rate Cut,HIGH,GBP
118a8958-b07a-4d6c-82d4-a6b012e65db7,06/17/2015 08:30:00,BoE MPC Vote Rate Hike,HIGH,GBP
ebc0865e-a62a-4f46-94d4-cb3768037640,06/17/2015 08:30:00,BoE MPC Vote Rate Unchanged,HIGH,GBP
01c08744-0a12-4bef-8f31-5402ba968981,06/17/2015 18:00:00,Fed Interest Rate Decision,HIGH,USD
02118de6-5171-4ff9-a354-0751af19f896,06/17/2015 18:00:00,Fed Monetary Policy Statement,HIGH,USD
0ef58231-ef11-4e6c-b349-1b4b1b966d11,06/17/2015 18:30:00,Fed's Monetary Policy Statement and Press Conference,HIGH,USD
f1d62d88-f6a6-42ac-b64d-1517c51063cc,06/18/2015 00:00:00,BoJ Interest Rate Decision,HIGH,JPY
96321571-68b6-44fb-8bef-5526ca58ecef,06/18/2015 07:30:00,SNB Interest Rate Decision,HIGH,CHF
741fbbf8-d571-454a-8cfe-2d37a982d3ee,06/18/2015 07:30:00,SNB Press Conference,HIGH,CHF
4b1b3a8e-0d76-43c7-ac8a-2e342f790620,06/18/2015 09:33:18,Targeted LTRO,HIGH,EUR
cf50ec48-25ee-4ff6-9b3d-148177b71d50,06/19/2015 03:00:00,BoJ Monetary Policy Statement,HIGH,JPY
e08256d7-01d1-4385-8c7e-92c108293f00,06/19/2015 06:30:00,BoJ Press Conference,HIGH,JPY
7217a3f3-2286-4bc7-b6ec-3fc853a675b7,06/26/2015 14:15:00,BoE's Governor Carney speech,HIGH,GBP
35f3449c-227f-4f32-b008-bc6a2c831386,07/02/2015 11:30:00,ECB Monetary Policy Meeting Accounts,HIGH,EUR
7f8256fe-3679-4e9a-ab45-ba1d3a8509d3,07/02/2015 15:10:00,ECB's President Draghi speech,HIGH,EUR
f62f5201-f6e9-499b-8d96-4750032f2302,07/08/2015 18:00:00,FOMC Minutes,HIGH,USD
1f4ce971-9faf-41b9-bfa1-c1bd2bb435a8,07/09/2015 11:00:00,BoE Asset Purchase Facility,HIGH,GBP
61c2ce4b-c844-401f-9a41-143db2a52bff,07/09/2015 11:00:00,BoE Interest Rate Decision,HIGH,GBP
257d065e-e44b-40b3-b371-56739ea1edbf,07/14/2015 09:15:00,BoE Monetary Policy Report Hearings,HIGH,GBP
2d0351b4-60b1-4436-8dec-ae1f41ebc662,07/14/2015 11:45:00,BoE's Governor Carney speech,HIGH,GBP
f03a7ddb-67dd-4501-9543-5ed701a3696b,07/15/2015 03:00:00,BoJ Monetary Policy Statement,HIGH,JPY
a029c5f6-5a49-400d-a37f-9c7a893b0154,07/15/2015 06:30:00,BoJ Press Conference,HIGH,JPY
38a84709-0d5e-46b6-9167-1513b35d9802,07/15/2015 14:00:00,BoC Interest Rate Decision,HIGH,CAD
9d5c6dd1-b8ec-48cc-bd09-dc0bb6111bd1,07/15/2015 14:00:00,BoC Monetary Policy Statement,HIGH,CAD
a54c504d-3959-4fc3-9113-cfd642c53b45,07/15/2015 15:15:00,BoC Press Conference,HIGH,CAD
94f4376c-cb19-4a18-900f-316c3bdd0fe1,07/16/2015 11:45:00,ECB Main Refinancing Operations Rate,HIGH,EUR
5371058c-5eb9-4a28-9965-732b55b4466f,07/16/2015 12:30:00,ECB Press Conference,HIGH,EUR
30bb5f51-472f-4c44-84c2-ac9ad15289e7,07/16/2015 18:00:00,BoE's Governor Carney speech,HIGH,GBP
a9e4544e-d9e5-42c0-8572-a938c6983d70,07/16/2015 18:30:00,Fed's Chair Yellen testifies,HIGH,USD
a00fecbb-4070-451c-a681-2b7748923fac,07/22/2015 08:30:00,BoE MPC Vote Rate Cut,HIGH,GBP
cf1f030d-d31e-4644-bce7-c9081dc83c03,07/22/2015 08:30:00,BoE MPC Vote Rate Hike,HIGH,GBP
7a750756-009c-4b0b-84fb-1f433aca149b,07/22/2015 08:30:00,BoE MPC Vote Rate Unchanged,HIGH,GBP
58fcdb6a-8714-4a71-9987-f6db00c1179e,07/22/2015 21:00:00,RBNZ Interest Rate Decision,HIGH,NZD
2c653b38-5dde-4480-901f-d704870b82dc,07/22/2015 21:00:00,RBNZ Monetary Policy Statement,HIGH,NZD
f5914125-a7d5-4230-b3e1-0d4a329dcbfe,07/29/2015 18:00:00,Fed Interest Rate Decision,HIGH,USD
2d40e425-43aa-4bfc-9350-473ba2d81aaa,07/29/2015 18:00:00,Fed Monetary Policy Statement,HIGH,USD
538ad8d5-81e5-4f80-bc18-eec577111f3c,08/06/2015 11:00:00,BoE Asset Purchase Facility,HIGH,GBP
d213b8a4-908c-4edd-a03c-49aa8af1a6a5,08/06/2015 11:00:00,BoE Interest Rate Decision,HIGH,GBP
1d72e346-96c9-4cbb-9749-2ee939a5bcfd,08/06/2015 11:00:00,BoE Monetary Policy Report,HIGH,GBP
663877bf-447e-453a-b5b6-4e4e2bfa69c2,08/06/2015 11:00:00,BoE MPC Vote Rate Cut,HIGH,GBP
35a2c66a-8f7f-4f62-b8b4-010bc43ba8d5,08/06/2015 11:00:00,BoE MPC Vote Rate Hike,HIGH,GBP
27ea19ea-b92a-4260-a4ff-aeb329666ea5,08/06/2015 11:00:00,BoE MPC Vote Rate Unchanged,HIGH,GBP
251766e0-5937-4893-a49d-16526f87e21a,08/06/2015 11:45:00,BoE's Governor Carney speech,HIGH,GBP
5770c0c6-fc26-4804-88c5-f317bf51f454,08/07/2015 03:00:00,BoJ Monetary Policy Statement,HIGH,JPY
af9a9219-7ae9-4884-b48d-0902b94a9e72,08/07/2015 03:00:00,BoJ's Governor Kuroda speech,HIGH,JPY
f5b1daf5-431f-4dba-8ae1-eb975202a533,08/07/2015 06:00:00,BoJ Press Conference,HIGH,JPY
e48c9900-c330-4a4e-af6d-6071f82c505f,08/13/2015 11:30:00,ECB Monetary Policy Meeting Accounts,HIGH,EUR
52993433-5f4b-42ac-8058-919d92c670ab,08/19/2015 18:00:00,FOMC Minutes,HIGH,USD
e8ee4232-ddae-4173-8bfe-70769325a033,08/27/2015 00:00:00,Jackson Hole Symposium,HIGH,USD
21ff95f3-8758-4c86-8c71-b52393486c05,08/28/2015 00:00:00,Jackson Hole Symposium,HIGH,USD
8ca1a6f1-ed9e-45ee-b4ff-b7e474cc795c,08/28/2015 16:25:00,SNB's Chairman Jordan speech,HIGH,CHF
3ed22337-3cdc-44dc-ac51-f78967a0eedb,08/29/2015 00:00:00,Jackson Hole Symposium,HIGH,USD
a4ded81b-2c1e-4ef8-b4d0-c3f3be0ea953,08/29/2015 02:25:00,BoE's Governor Carney speech,HIGH,GBP
60433c9d-e1c5-4984-a9f2-7d3201eabcd9,08/29/2015 04:25:00,Fed's Stanley Fischer speech,HIGH,USD
6925e242-93ff-4b0d-95ce-874e88fdcbdb,09/03/2015 11:45:00,ECB Main Refinancing Operations Rate,HIGH,EUR
c6c877c0-4c78-418a-bdb6-40e16c13ebc2,09/03/2015 12:30:00,ECB Press Conference,HIGH,EUR
966f28a6-22b0-4f1a-b3d5-4e02ad396e82,09/09/2015 14:00:00,BoC Interest Rate Decision,HIGH,CAD
c1000056-9442-483f-9992-ac4e3b3f4e3d,09/09/2015 14:00:00,BoC Monetary Policy Statement,HIGH,CAD
0d742973-cda5-4c32-bf3f-ed6eac0d1dac,09/09/2015 21:00:00,RBNZ Interest Rate Decision,HIGH,NZD
5053670b-b316-49e3-89fa-58dd14bec45c,09/09/2015 21:00:00,RBNZ Monetary Policy Statement,HIGH,NZD
cacec3ed-e029-4bef-8f24-3634fe3f86d2,09/09/2015 21:00:00,RBNZ Press Conference,HIGH,NZD
6642ff12-5371-4e8a-8292-1953b9355583,09/10/2015 11:00:00,BoE Asset Purchase Facility,HIGH,GBP
125117be-874f-45cb-840d-6a25e97bde61,09/10/2015 11:00:00,BoE Interest Rate Decision,HIGH,GBP
0c5aa104-750d-420b-9c7e-ce9f2afd7513,09/10/2015 11:00:00,BoE MPC Vote Rate Cut,HIGH,GBP
3352484a-efe8-4b25-935c-cbfe3508967d,09/10/2015 11:00:00,BoE MPC Vote Rate Hike,HIGH,GBP
4094eea3-32e0-4898-883a-2cb5bb28724f,09/10/2015 11:00:00,BoE MPC Vote Rate Unchanged,HIGH,GBP
5faf1a5c-f58c-4413-82f3-d789b4ea69be,09/15/2015 03:00:00,BoJ Interest Rate Decision,HIGH,JPY
5259d37b-3df9-4ab9-9838-b08b35ee02c3,09/15/2015 03:00:00,BoJ Monetary Policy Statement,HIGH,JPY
e0f7c722-c655-407f-a168-0916e99752b3,09/15/2015 03:00:00,BoJ Press Conference,HIGH,JPY
7725fed3-bc26-413d-a5b8-09bc2adbdf5e,09/16/2015 13:15:00,BoE Monetary Policy Report Hearings,HIGH,GBP
500985d2-440b-4d05-989d-8860bf89dd54,09/17/2015 06:35:00,BoJ's Governor Kuroda speech,HIGH,JPY
88dabf60-6f63-4ac1-8016-e163da7b2486,09/17/2015 07:30:00,SNB Interest Rate Decision,HIGH,CHF
9517a429-ffde-484b-8bb9-d7776440ff45,09/17/2015 07:30:00,SNB Press Conference,HIGH,CHF
c0463b3e-c20c-4e4e-8057-f938bd70f918,09/17/2015 18:00:00,Fed Interest Rate Decision,HIGH,USD
ba4a4ef3-30c8-412f-b83c-54313536ef34,09/17/2015 18:30:00,Fed's Monetary Policy Statement and Press Conference,HIGH,USD
c35691d6-db25-42f3-89b0-e5282f422696,09/21/2015 18:45:00,BoC's Governor Poloz speech,HIGH,CAD
164936a1-6a4f-4daa-8b56-b856d22a39a3,09/23/2015 13:00:00,ECB's President Draghi speech,HIGH,EUR
cbc975f1-2481-4deb-8c64-1d28c4be48eb,09/24/2015 09:15:00,Targeted LTRO,HIGH,EUR
eae322f0-0830-48fc-aa3b-1af90da94683,09/29/2015 19:40:00,BoE's Governor Carney speech,HIGH,GBP
b87fbb6d-4a29-4167-aed2-33a5a201c716,10/01/2015 01:00:00,BoJ's Governor Kuroda speech,HIGH,JPY
044be235-4b9e-4ae8-b63e-df188b4e2467,10/02/2015 01:30:00,ECB's President Draghi speech,HIGH,EUR
042f4af1-7010-421f-b030-b622f2b765f8,10/06/2015 17:00:00,ECB's President Draghi speech,HIGH,EUR
31635b7e-5774-4bec-994d-716994a63fff,10/07/2015 03:00:00,BoJ Interest Rate Decision,HIGH,JPY
4bab8753-f632-4b83-9a3f-9f12d7ff7b2c,10/07/2015 03:02:18,BoJ Monetary Policy Statement,HIGH,JPY
67741df3-5c7d-470f-9907-8f9239e894be,10/07/2015 06:30:00,BoJ Press Conference,HIGH,JPY
4d7c4340-7977-43ff-84ee-412a6f130cd3,10/07/2015 07:00:00,Non-Monetary Policy ECB Meeting,HIGH,EUR
d0c1541c-cddc-4c05-bd8e-e27795cfaf95,10/08/2015 11:00:00,BoE Asset Purchase Facility,HIGH,GBP
b99dad21-6ee7-49b5-b43b-1da0e0d9a8ea,10/08/2015 11:00:00,BoE Interest Rate Decision,HIGH,GBP
243f2e8a-0fd1-45b7-b8be-2cef7c45c659,10/08/2015 11:00:00,BoE MPC Vote Rate Cut,HIGH,GBP
6d119b20-3762-4376-9cbe-da430a3cd411,10/08/2015 11:00:00,BoE MPC Vote Rate Hike,HIGH,GBP
447d399e-f6bd-4a21-8059-fc16ad75756a,10/08/2015 11:00:00,BoE MPC Vote Rate Unchanged,HIGH,GBP
aadf0818-650a-4473-8e6f-e6dfd6b3b0f7,10/08/2015 18:00:00,BoE's Governor Carney speech,HIGH,GBP
2bdaf676-5ff7-4c88-83df-5116beb35d2a,10/08/2015 18:00:00,FOMC Minutes,HIGH,USD
3c097138-d03c-4ec2-a92f-aa59dd57c345,10/10/2015 18:45:00,BoC's Governor Poloz speech,HIGH,CAD
f45e689d-b90c-41e2-85e8-048a07707dbf,10/12/2015 17:20:00,BoC's Governor Poloz speech,HIGH,CAD
bb2abe4a-baeb-4444-90ea-8ec293c3ac06,10/16/2015 06:35:00,BoJ's Governor Kuroda speech,HIGH,JPY
6402a520-c8f0-434c-af97-9721444bcd44,10/20/2015 10:00:00,BoE's Governor Carney speech,HIGH,GBP
24175c81-2fd4-4e15-8d62-a5be4bc6556f,10/21/2015 14:00:00,BoC Interest Rate Decision,HIGH,CAD
a1736d01-3bdf-45b8-a579-588ef7a6f39d,10/21/2015 14:00:00,BoC Monetary Policy Report,HIGH,CAD
8b4130b1-37fe-48f3-ab62-75b20c3145f0,10/21/2015 14:00:00,BoC Monetary Policy Statement,HIGH,CAD
4f07e79f-69a3-4ed6-9c12-380937d1e9a6,10/21/2015 15:15:00,BoC Press Conference,HIGH,CAD
9e54a7a0-456f-4612-8315-0c4739c2a190,10/21/2015 17:00:00,BoE's Governor Carney speech,HIGH,GBP
0de950e9-979a-4aa6-910b-329aeaa1f4c6,10/22/2015 11:45:00,ECB Main Refinancing Operations Rate,HIGH,EUR
8206455f-ffe4-4e9f-9092-146683d5922f,10/22/2015 12:30:00,ECB Press Conference,HIGH,EUR
4d103f81-0747-4329-9a3d-dcdb7e1bf9c6,10/28/2015 18:00:00,Fed Interest Rate Decision,HIGH,USD
7b3d1099-a434-4109-8ea8-297967557fa8,10/28/2015 18:00:00,Fed Monetary Policy Statement,HIGH,USD
23d7fb23-17b6-4800-a86d-be081ed1f6b1,10/28/2015 20:00:00,RBNZ Interest Rate Decision,HIGH,NZD
456abe3f-5f1f-4c2b-9cc4-4e655caed01b,10/28/2015 20:00:00,RBNZ Monetary Policy Statement,HIGH,NZD
cf9b1359-2d79-4c61-9037-979b58ca345f,10/30/2015 03:24:00,BoJ Monetary Policy Statement,HIGH,JPY
6261bd97-ba7b-4bbc-b328-e3ada1580955,10/30/2015 03:24:34,BoJ Interest Rate Decision,HIGH,JPY
6f99eddf-e82f-404f-a1aa-cf6d3405088c,10/30/2015 06:30:00,BoJ Press Conference,HIGH,JPY
b6e36192-e90f-475b-8e98-fccd7baf7b9d,11/03/2015 19:00:00,ECB's President Draghi speech,HIGH,EUR
42d928f6-0eb9-41f8-9b48-662b800d8fe5,11/04/2015 08:00:00,ECB's President Draghi speech,HIGH,EUR
848508f6-95dc-4ae1-93ad-ba1b3c5ad0c7,11/04/2015 15:00:00,Fed's Chair Yellen testifies,HIGH,USD
58b4dc81-5825-4235-81b3-2969054b010f,11/05/2015 11:45:00,ECB's President Draghi speech,HIGH,EUR
4a25c689-893a-4fba-a245-9de3f56a90e3,11/05/2015 12:00:00,BoE Asset Purchase Facility,HIGH,GBP
0b4b512f-6e37-4173-82b7-d4bda9f116c7,11/05/2015 12:00:00,BoE Interest Rate Decision,HIGH,GBP
16842e6c-9afc-4f95-8ec9-f89a6f0e07a5,11/05/2015 12:00:00,BoE Monetary Policy Report,HIGH,GBP
a8f90af9-81ac-4b8a-9d64-0094ed4742f1,11/05/2015 12:00:00,BoE MPC Vote Rate Cut,HIGH,GBP
08b7e5ad-6295-487e-a5d8-351b54777e98,11/05/2015 12:00:00,BoE MPC Vote Rate Hike,HIGH,GBP
a47f6252-3158-4bcb-b05a-9405a103b70a,11/05/2015 12:00:00,BoE MPC Vote Rate Unchanged,HIGH,GBP
660850c4-e724-48da-9019-24261c3e5625,11/05/2015 12:45:00,BoE's Governor Carney speech,HIGH,GBP
f3c6a73d-f33f-4a33-a13a-107248a24f8f,11/06/2015 04:00:00,BoJ's Governor Kuroda speech,HIGH,JPY
b115f209-6620-416a-8ee5-865fdc399767,11/11/2015 10:30:00,BoE's Governor Carney speech,HIGH,GBP
ac5f8c90-eaad-478a-be7b-9f21f25ea60a,11/11/2015 13:15:00,ECB's President Draghi speech,HIGH,EUR
83d05c1a-08bd-40d8-a743-a8c8db14512f,11/12/2015 08:30:00,ECB's President Draghi speech,HIGH,EUR
a77e86d7-506c-4b02-95a7-a0b18ffa1088,11/12/2015 10:30:00,ECB's President Draghi speech,HIGH,EUR
06d5bcfc-fc8f-4cdf-905e-ed6769286620,11/16/2015 10:15:00,ECB's President Draghi speech,HIGH,EUR
693dba27-187f-4b62-901c-eb8d2a323984,11/18/2015 19:00:00,FOMC Minutes,HIGH,USD
25034f43-9026-44be-ad63-8c0ae58857a7,11/19/2015 03:00:00,BoJ Interest Rate Decision,HIGH,JPY
7f3beac7-644d-41ab-8233-b9e4ecde3a98,11/19/2015 03:00:00,BoJ Monetary Policy Statement,HIGH,JPY
4742e6e6-aa39-44b8-94ab-12f510f79201,11/19/2015 06:00:00,BoJ Press Conference,HIGH,JPY
141a68ca-e1d1-4cab-ba44-2aae42d90b9a,11/19/2015 12:30:00,ECB Monetary Policy Meeting Accounts,HIGH,EUR
d694e951-5b58-4a2a-86ba-ef463919a92f,11/20/2015 07:00:00,BoJ's Governor Kuroda speech,HIGH,JPY
d923f730-8e31-4a6d-b91e-1bc566b1e842,11/20/2015 08:00:00,ECB's President Draghi speech,HIGH,EUR
9b848bfd-2aca-41c6-90b9-e2af9bc4eb39,11/24/2015 10:00:00,BoE Monetary Policy Report Hearings,HIGH,GBP
216e44cd-062a-43ee-92fb-6570e54c654f,11/24/2015 10:00:00,BoE's Governor Carney speech,HIGH,GBP
34506d95-7aae-4360-b568-3accb0d2487c,11/30/2015 01:00:00,BoJ's Governor Kuroda speech,HIGH,JPY
fdfe2fd1-4630-4dd3-bf12-9607e2212502,12/01/2015 09:00:00,BoE's Governor Carney speech,HIGH,GBP
69095078-2bc2-4522-a9ba-110753a5b1c3,12/02/2015 15:00:00,BoC Interest Rate Decision,HIGH,CAD
9fadc083-bf2f-49e1-8aa7-2f7bc5fe636a,12/02/2015 15:00:00,BoC Monetary Policy Statement,HIGH,CAD
780c20cb-7102-4b25-85dd-7d80d822f5ef,12/03/2015 12:45:00,ECB Main Refinancing Operations Rate,HIGH,EUR
89285893-21f4-4946-90ce-e7d262811bf7,12/03/2015 13:30:00,ECB Press Conference,HIGH,EUR
9d61f792-bf5c-4c94-918a-483828188300,12/03/2015 15:00:00,Fed's Chair Yellen testifies,HIGH,USD
5d1b02ed-0599-4036-b0e2-b4550a0fbd09,12/07/2015 03:45:00,BoJ's Governor Kuroda speech,HIGH,JPY
11a6f92b-5dc7-422e-8db3-8f115b15e828,12/07/2015 15:00:00,BoE's Governor Carney speech,HIGH,GBP
205c0a78-fbb8-4b45-834a-7d04c6179004,12/08/2015 17:50:00,BoC's Governor Poloz speech,HIGH,CAD
13e451c6-4e19-4604-af0d-f1dd1acb1112,12/09/2015 20:00:00,RBNZ Interest Rate Decision,HIGH,NZD
be64fae1-b0b0-4a47-b260-0997bf6605bc,12/09/2015 20:00:00,RBNZ Monetary Policy Statement,HIGH,NZD
dbf7ee23-5dfa-49e6-9e6b-fdf676eb11f6,12/09/2015 20:00:00,RBNZ Press Conference,HIGH,NZD
c7e8a76f-a7e2-4cd9-8335-de3a79d1c7d7,12/10/2015 08:30:00,SNB Interest Rate Decision,HIGH,CHF
e917c8bb-f89a-4c9b-9241-80467cd9859b,12/10/2015 08:30:00,SNB Press Conference,HIGH,CHF
629fae2c-9549-4cf1-81ba-2367ce606c06,12/10/2015 12:00:00,BoE Asset Purchase Facility,HIGH,GBP
65c983ef-5e31-4c0f-b28e-7fcf2d15796a,12/10/2015 12:00:00,BoE Interest Rate Decision,HIGH,GBP
b4f44cab-9986-4a29-88bc-cae5173645f8,12/10/2015 12:00:00,BoE Monetary Policy Summary,HIGH,GBP
ef8ffe21-ae71-4f03-8048-ec115ac4828b,12/10/2015 12:00:00,BoE MPC Vote Rate Cut,HIGH,GBP
a2ce0f7e-539d-4216-8fcd-5c7e4e50b715,12/10/2015 12:00:00,BoE MPC Vote Rate Hike,HIGH,GBP
5224c1c4-3857-48a8-953a-ba3769dae58c,12/10/2015 12:00:00,BoE MPC Vote Rate Unchanged,HIGH,GBP
2ea60801-5fd3-43c7-8ddc-11d02bcb4356,12/10/2015 18:30:00,BoE's Governor Carney speech,HIGH,GBP
907d6b69-5418-4786-84f6-3049da8cf38d,12/14/2015 11:00:00,ECB's President Draghi speech,HIGH,EUR
c27cd2fc-8b1f-4ba5-9e37-4c020bcdc045,12/15/2015 16:45:00,BoC's Governor Poloz speech,HIGH,CAD
e5e56fe7-57d8-4418-9dde-2cf1136d0194,12/16/2015 08:00:00,Non-Monetary Policy ECB Meeting,HIGH,EUR
4f3d7de2-e322-4855-96d3-78f78d6de6a6,12/16/2015 19:00:00,Fed Interest Rate Decision,HIGH,USD
2c0ae907-c400-4b4e-b7bc-088506c10166,12/16/2015 19:30:00,Fed's Monetary Policy Statement and Press Conference,HIGH,USD
d88b4786-7386-4b4a-9aa0-31386cff1e81,12/18/2015 03:00:00,BoJ Interest Rate Decision,HIGH,JPY
06bce93f-5671-4bab-a1f8-776262cd0c59,12/18/2015 03:50:00,BoJ Monetary Policy Statement,HIGH,JPY
ba009282-f458-498d-aa8e-f7325c3990fe,12/18/2015 05:00:00,BoJ Press Conference,HIGH,JPY
21945f2d-5c4d-4721-a758-ca3654e409a0,12/24/2015 04:00:00,BoJ's Governor Kuroda speech,HIGH,JPY
accde88a-6c18-4060-b987-de90e16bdc90,01/01/2016 13:30:00,ECB's President Draghi speech,HIGH,EUR
1b0ab942-3152-48a8-9519-1dc79da3f4c8,01/06/2016 19:00:00,FOMC Minutes,HIGH,USD
90a34b23-05e0-44f6-9e4a-9cbcf18c9803,01/07/2016 13:25:00,BoC's Governor Poloz speech,HIGH,CAD
5c28f07e-e3cd-4b87-b59e-e107cb933dcc,01/12/2016 10:30:00,BoJ's Governor Kuroda speech,HIGH,JPY
a9ccb241-6888-46c3-aabf-8c2b62fe60cc,01/12/2016 14:15:00,BoE's Governor Carney speech,HIGH,GBP
afc9f170-5164-4b68-8554-24aed232a100,01/13/2016 08:00:00,Non-Monetary Policy ECB Meeting,HIGH,EUR
66db7627-415e-48c6-bafa-2daf5a390ed2,01/14/2016 12:00:00,BoE Asset Purchase Facility,HIGH,GBP
b54904da-4831-4bad-8949-5667914dc140,01/14/2016 12:00:00,BoE Interest Rate Decision,HIGH,GBP
efe1e327-4e5a-4855-bda0-c76d40644498,01/14/2016 12:00:00,BoE Monetary Policy Summary,HIGH,GBP
577193fa-ad3c-41f3-bdcd-5bb47e7e4fbc,01/14/2016 12:00:00,BoE MPC Vote Rate Cut,HIGH,GBP
64e2dc8d-6b3a-4f9e-8ccb-2dbdfbbabc57,01/14/2016 12:00:00,BoE MPC Vote Rate Hike,HIGH,GBP
c2d9bf14-5f8e-42f2-83d3-95c0fdea7c18,01/14/2016 12:00:00,BoE MPC Vote Rate Unchanged,HIGH,GBP
0496b4e7-45e0-445d-9a59-4649eb477eaf,01/14/2016 12:30:00,ECB Monetary Policy Meeting Accounts,HIGH,EUR
9953ef83-9144-432b-896e-597219f4a56e,01/19/2016 12:00:00,BoE's Governor Carney speech,HIGH,GBP
4c6c94e0-e347-412c-b4e7-39ff7746d066,01/20/2016 15:00:00,BoC Interest Rate Decision,HIGH,CAD
ee07cee5-52cf-4f15-aca5-769ace2c5fe9,01/20/2016 15:00:00,BoC Monetary Policy Report,HIGH,CAD
e7aaad9d-08c9-4463-84b9-c7b2db42a0ef,01/20/2016 15:00:00,BoC Monetary Policy Statement,HIGH,CAD
3130aefd-a10b-4dd2-aa5d-379b8d807da6,01/20/2016 16:15:00,BoC Press Conference,HIGH,CAD
12411225-2955-4cf5-ba37-98dc841e7560,01/21/2016 12:45:00,ECB Main Refinancing Operations Rate,HIGH,EUR
2264bad0-89b1-4793-a4a6-313445be8096,01/21/2016 13:30:00,ECB Press Conference,HIGH,EUR
a51053fe-8b09-466d-b0c2-b71f53cd1094,01/22/2016 07:45:00,ECB's President Draghi speech,HIGH,EUR
6335b3a0-4a8a-4fdd-9df8-5961f808274c,01/25/2016 18:00:00,ECB's President Draghi speech,HIGH,EUR
669b69c2-0965-456d-ae4a-1a012847a50f,01/26/2016 10:45:00,BoE's Governor Carney speech,HIGH,GBP
c6a59fe0-d6c9-4d0f-9a7e-ce2d5db7e344,01/27/2016 19:00:00,Fed Interest Rate Decision,HIGH,USD
d55b5d06-2530-401b-a3aa-324beaf588fc,01/27/2016 19:00:00,Fed Monetary Policy Statement,HIGH,USD
8971db86-8004-4d8d-a81f-e8f53f8dcef9,01/27/2016 20:00:00,RBNZ Interest Rate Decision,HIGH,NZD
00d0c562-7955-4609-aa99-fe0ec6faf901,01/27/2016 20:00:00,RBNZ Monetary Policy Review,HIGH,NZD
200f5e06-480b-4948-aab1-5e40199c46a2,01/29/2016 03:00:00,BoJ Interest Rate Decision,HIGH,JPY
03a73bf1-1047-4c0d-a76c-23020721ebf4,01/29/2016 03:00:00,BoJ Monetary Policy Statement,HIGH,JPY
da580c2d-8111-414d-bd56-f845b1bc4be0,01/29/2016 06:30:00,BoJ Press Conference,HIGH,JPY
764e87da-1402-4133-979f-2047f37dbbaf,02/01/2016 16:00:00,ECB's President Draghi speech,HIGH,EUR
425e52d0-8340-4122-969b-2b0016d2e35c,02/03/2016 02:30:00,BoJ's Governor Kuroda speech,HIGH,JPY
be1691a2-1e87-417b-b6a2-d180b1d4bbf3,02/03/2016 08:00:00,Non-Monetary Policy ECB Meeting,HIGH,EUR
9408b597-9ab5-4709-8ced-416e89a8627e,02/04/2016 08:00:00,ECB's President Draghi speech,HIGH,EUR
8b5e5127-d2b6-4cc7-88c5-a70f631d8f67,02/04/2016 12:00:00,BoE Asset Purchase Facility,HIGH,GBP
1dd83a4a-dd61-4bcc-a05c-a928215ef24c,02/04/2016 12:00:00,BoE Interest Rate Decision,HIGH,GBP
230f8acd-099e-4d40-9895-f2da3a66122d,02/04/2016 12:00:00,BoE MPC Vote Rate Cut,HIGH,GBP
d01df86d-0a5b-4b88-8a48-88127c8155ee,02/04/2016 12:00:00,BoE MPC Vote Rate Hike,HIGH,GBP
9ed90065-eb7c-456e-9b99-235a37a900ab,02/04/2016 12:00:00,BoE MPC Vote Rate Unchanged,HIGH,GBP
0331fae9-6b5c-4d9e-ad05-cd6f96670808,02/04/2016 12:45:00,BoE's Governor Carney speech,HIGH,GBP
6e2c2f5f-a941-4d63-8aba-5d87a86d6a19,02/10/2016 14:00:00,Fed's Chair Yellen testifies,HIGH,USD
3f68c75f-6433-41f0-a320-c4890aa5b98b,02/11/2016 15:00:00,Fed's Chair Yellen testifies,HIGH,USD
db2ec1a1-e9f0-4666-a47f-da020385b83d,02/15/2016 14:00:00,ECB's President Draghi speech,HIGH,EUR
2ed46394-ee04-4787-b2dc-39541b263d13,02/17/2016 08:00:00,Non-Monetary Policy ECB Meeting,HIGH,EUR
129915ad-a29e-4039-b771-472b0e6ee030,02/17/2016 19:00:00,FOMC Minutes,HIGH,USD
d4ade705-b401-4c0e-90c0-e78f8014e6d7,02/18/2016 12:30:00,ECB Monetary Policy Meeting Accounts,HIGH,EUR
28594954-145f-4020-846e-46db1a15b1b8,02/23/2016 10:00:00,BoE Monetary Policy Report Hearings,HIGH,GBP
dda08fcb-6edd-47f8-a517-143476b41167,02/23/2016 10:00:00,BoE's Governor Carney speech,HIGH,GBP
d60b0c23-3d21-401b-aebb-ea92970673fb,02/26/2016 00:15:00,BoE's Governor Carney speech,HIGH,GBP
bd876d7b-6a3d-4cbc-87af-37c0c55afac0,03/07/2016 03:40:00,BoJ's Governor Kuroda speech,HIGH,JPY
b3648606-0c66-40ff-b38c-9be10eafb637,03/08/2016 09:15:00,BoE's Governor Carney speech,HIGH,GBP
bf026585-3c21-4579-96be-1db838a021bc,03/09/2016 15:00:00,BoC Interest Rate Decision,HIGH,CAD
3a35af9c-769f-4597-87cc-04a17916fdbb,03/09/2016 20:00:00,RBNZ Interest Rate Decision,HIGH,NZD
5aefabf7-e835-4aa2-860e-3fab8881dbb4,03/09/2016 20:00:00,RBNZ Monetary Policy Review,HIGH,NZD
32aced55-0298-48e0-ab23-3a461b5d021c,03/09/2016 20:00:00,RBNZ Monetary Policy Statement,HIGH,NZD
61bf25c3-434d-4665-ba4a-1a44139442b8,03/09/2016 20:00:00,RBNZ Press Conference,HIGH,NZD
1fb409ac-f64a-428a-af16-9af9b0796312,03/10/2016 12:45:00,ECB Main Refinancing Operations Rate,HIGH,EUR
a69b8201-243a-4d34-83ee-b8f5aad482a5,03/10/2016 12:45:00,ECB Rate On Deposit Facility,HIGH,EUR
35cfd62e-3fc1-4960-b5de-d97fa5e9487b,03/10/2016 13:30:00,ECB Press Conference,HIGH,EUR
9a75ab84-3d11-423b-8f89-4e30902840b6,03/15/2016 03:00:00,BoJ Interest Rate Decision,HIGH,JPY
33514ef7-c9d9-4771-a5fd-d57efd1d19ea,03/15/2016 03:00:00,BoJ Monetary Policy Statement,HIGH,JPY
8721ba27-4305-49a7-aa60-7e79c10862dc,03/15/2016 06:30:00,BoJ Press Conference,HIGH,JPY
93a9d0f9-a49a-47e6-a128-3a9ce9e085df,03/16/2016 08:00:00,Non-Monetary Policy ECB Meeting,HIGH,EUR
a6925612-2b1a-4404-8163-e3a5556fdbb9,03/16/2016 18:00:00,Fed Interest Rate Decision,HIGH,USD
009a222f-5963-4044-b0d8-33df23b28f3f,03/16/2016 18:00:00,FOMC Economic Projections,HIGH,USD
41ce8e8f-9941-426c-9f38-e65b11b96008,03/16/2016 18:30:00,Fed's Monetary Policy Statement and Press Conference,HIGH,USD
adc54c25-81ea-4ecf-9eba-63c0a4c1ccda,03/17/2016 08:30:00,SNB Interest Rate Decision,HIGH,CHF
4ff495ca-de0f-4f6c-863b-d66f9329ff58,03/17/2016 12:00:00,BoE Asset Purchase Facility,HIGH,GBP
60db8675-ae33-4283-9daa-1057e6d59168,03/17/2016 12:00:00,BoE Interest Rate Decision,HIGH,GBP
c98fe0d5-fac6-46bb-b633-3080c80bb79e,03/17/2016 12:00:00,BoE Minutes,HIGH,GBP
90f469ae-fe1a-46b3-b775-d77bdd000eae,03/17/2016 12:00:00,BoE MPC Vote Rate Cut,HIGH,GBP
f3711724-e7e3-4d02-8921-0f032c5bf7e4,03/17/2016 12:00:00,BoE MPC Vote Rate Hike,HIGH,GBP
c525b9fd-a2ae-49cb-ba74-03cd7857b7dc,03/17/2016 12:00:00,BoE MPC Vote Rate Unchanged,HIGH,GBP
1550f385-21a9-4839-95c5-8d90e0028ffd,03/24/2016 10:56:59,Targeted LTRO,HIGH,EUR
040cf8d6-76c7-4e20-98a8-29ef8a95a4e7,03/27/2016 19:00:00,BoE's Governor Carney speech,HIGH,GBP
6fc5d784-4e10-4949-bfac-daee20913daf,03/31/2016 07:00:00,BoE's Governor Carney speech,HIGH,GBP
45d12375-d27b-4c42-9770-d9e3b637f99c,04/04/2016 14:00:00,BoC's Governor Poloz speech,HIGH,CAD
c5c84f78-498c-4d8f-8be2-453d3eb6220c,04/06/2016 07:00:00,Non-Monetary Policy ECB Meeting,HIGH,EUR
efeda016-0a80-4b39-a80c-c86ed84ba9d0,04/06/2016 18:00:00,FOMC Minutes,HIGH,USD
ff6d547b-fe46-488e-82d1-d3277843a5a6,04/07/2016 00:30:00,BoJ's Governor Kuroda speech,HIGH,JPY
4f1ca001-ce40-4f33-9b0a-49ad2f2f7a93,04/07/2016 11:30:00,ECB Monetary Policy Meeting Accounts,HIGH,EUR
88e6f9c4-5621-4d4c-8bbc-e96ffca79d06,04/07/2016 13:00:00,ECB's President Draghi speech,HIGH,EUR
5b2d0c77-e4a4-4bd4-88c1-6a65ad48d795,04/11/2016 13:30:00,Fed Announcement,HIGH,USD
5ec06671-6b39-4e74-a1ce-bf2e0dd3f323,04/13/2016 14:00:00,BoC Interest Rate Decision,HIGH,CAD
4db4a85d-673f-4bb2-887e-797a15ac3366,04/13/2016 14:00:00,BoC Monetary Policy Report,HIGH,CAD
4acaabc8-365e-4682-b3ab-fde45f71ab8d,04/13/2016 14:00:00,BoC Monetary Policy Statement,HIGH,CAD
6c5a2a9c-fb82-4dc9-ae77-40032cb37c2f,04/13/2016 15:15:00,BoC Press Conference,HIGH,CAD
13a665c3-5b3a-4d87-afa8-94055ae07b48,04/14/2016 11:00:00,BoE Asset Purchase Facility,HIGH,GBP
ea147422-1fe9-4ebd-9ce4-f796d5707695,04/14/2016 11:00:00,BoE Interest Rate Decision,HIGH,GBP
b5e099b4-23d7-46bc-8498-03adab75de4a,04/14/2016 11:00:00,BoE Minutes,HIGH,GBP
d1c17d97-f5fb-430a-accd-630b64c7715f,04/14/2016 11:00:00,BoE MPC Vote Rate Cut,HIGH,GBP
dded0953-8b66-49a6-9ca8-b0e6d7ac5a61,04/14/2016 11:00:00,BoE MPC Vote Rate Hike,HIGH,GBP
24b91f67-82f9-45d3-ba37-6b94faa51b36,04/14/2016 11:00:00,BoE MPC Vote Rate Unchanged,HIGH,GBP
b85f2afe-7c61-4ab8-affa-4fbb0020ac71,04/19/2016 14:35:00,BoE's Governor Carney speech,HIGH,GBP
2151dbb8-2b17-4ce7-9cda-361fe6f5ac75,04/19/2016 15:00:00,BoC's Governor Poloz speech,HIGH,CAD
56e6ac61-e1b0-416a-b200-62de5f2b8313,04/20/2016 00:00:00,BoJ's Governor Kuroda speech,HIGH,JPY
1f2e4c4e-2d15-4ccd-8022-b1bdfc9ce556,04/20/2016 10:00:00,ECB's President Draghi speech,HIGH,EUR
62246135-5ddf-4998-8c46-46a56bd82de1,04/20/2016 20:15:00,BoC's Governor Poloz speech,HIGH,CAD
2d9fc0f2-2dc6-4eec-a2db-bbc62aa4b627,04/21/2016 11:45:00,ECB Main Refinancing Operations Rate,HIGH,EUR
03d5b716-5279-4191-b284-2d1f94e4e4d4,04/21/2016 12:30:00,ECB Press Conference,HIGH,EUR
456f18a7-b7b2-4ecc-83a2-6904824d1d19,04/21/2016 14:00:00,BoE's Governor Carney speech,HIGH,GBP
31344053-fb6d-4113-8272-3ffcb6745682,04/26/2016 12:40:00,BoC's Governor Poloz speech,HIGH,CAD
d210a869-d9b8-4054-aed6-4cb7450cae03,04/27/2016 18:00:00,Fed Interest Rate Decision,HIGH,USD
a82d4c44-e0d1-4e43-bb73-9aafb7b6711a,04/27/2016 18:00:00,Fed Monetary Policy Statement,HIGH,USD
980d5380-2baa-4106-8c73-1ebb4ce07c77,04/27/2016 20:00:00,RBNZ Monetary Policy Review,HIGH,NZD
190ba92f-a8c8-43e5-b9cb-1bb718153a69,04/27/2016 21:00:00,RBNZ Interest Rate Decision,HIGH,NZD
e4ec34a4-3c1c-469f-94c9-2a7f92f30cba,04/27/2016 21:00:00,RBNZ Monetary Policy Statement,HIGH,NZD
ae8d09dd-5205-45d9-a4ed-d5d0309ef33a,04/28/2016 03:00:00,BoJ Interest Rate Decision,HIGH,JPY
b52f24fa-8706-42bd-84ff-65b8869027be,04/28/2016 03:00:00,BoJ Monetary Policy Statement,HIGH,JPY
b57a23d5-d140-497c-9837-315dd74a0646,04/28/2016 05:30:00,BoJ Press Conference,HIGH,JPY
17bda770-784c-4c82-8821-cebc686b3279,05/02/2016 14:00:00,ECB's President Draghi speech,HIGH,EUR
26fad69f-d735-4b53-8b58-a95d0d7d8ca7,05/03/2016 16:30:00,BoC's Governor Poloz speech,HIGH,CAD
1437bdb1-3e1e-40b5-bf7b-d0c96fb8752c,05/04/2016 07:00:00,Non-Monetary Policy ECB Meeting,HIGH,EUR
d8c08b3c-5a3d-4c07-a3c7-31ed5cb8a09a,05/08/2016 23:50:00,BoJ Monetary Policy Meeting Minutes,HIGH,JPY
27e025eb-3335-4653-914a-5e95fa50524a,05/12/2016 11:00:00,BoE Asset Purchase Facility,HIGH,GBP
69781f19-1b4c-4258-9bd2-66ac25eeeea2,05/12/2016 11:00:00,BoE Interest Rate Decision,HIGH,GBP
dbff6eaa-227f-44f9-a9ac-eda97f3169f4,05/12/2016 11:00:00,BoE Minutes,HIGH,GBP
51c5a583-5707-496a-b206-2ca612756e11,05/12/2016 11:00:00,BoE Monetary Policy Summary,HIGH,GBP
e6da7f14-8eb4-44e0-a343-3d85c087d33e,05/12/2016 11:00:00,BoE MPC Vote Rate Cut,HIGH,GBP
e26457e7-5df3-4739-8d06-f2e4941ee2b9,05/12/2016 11:00:00,BoE MPC Vote Rate Hike,HIGH,GBP
d9ba1813-ccb4-4b4e-a696-ab1fb65a6c2c,05/12/2016 11:00:00,BoE MPC Vote Rate Unchanged,HIGH,GBP
e1398df5-eb9d-4c53-8c99-0bf0ab519b2f,05/12/2016 11:45:00,BoE's Governor Carney speech,HIGH,GBP
4528435b-4601-4cf3-9485-944fa07c2122,05/13/2016 03:30:00,BoJ's Governor Kuroda speech,HIGH,JPY
2df57f08-9264-48c1-a6d0-03622a367f33,05/18/2016 07:00:00,Non-Monetary Policy ECB Meeting,HIGH,EUR
54ccf28e-03e2-42a1-b530-54d987966508,05/18/2016 18:00:00,FOMC Minutes,HIGH,USD
f71fd5d4-05ca-4f1d-8127-b4fa3eb77878,05/19/2016 11:30:00,ECB Monetary Policy Meeting Accounts,HIGH,EUR
604ea063-12c4-4296-b35d-97bd46d6f7be,05/24/2016 09:00:00,BoE Monetary Policy Report Hearings,HIGH,GBP
86d89d8a-127f-441e-9d1a-8804056532be,05/25/2016 14:00:00,BoC Interest Rate Decision,HIGH,CAD
72c9d2dd-a24e-4de6-9715-aea5289fb19d,05/25/2016 14:00:00,BoC Monetary Policy Statement,HIGH,CAD
866fab4b-9b3d-4b2c-a50e-802983d1f76e,06/02/2016 11:45:00,ECB Main Refinancing Operations Rate,HIGH,EUR
b6310d56-9de8-4ef2-b8a8-8bd30e48b616,06/02/2016 11:45:00,ECB Rate On Deposit Facility,HIGH,EUR
cbdde8dc-53f5-4133-9cdc-719ce6d1f7d9,06/02/2016 12:30:00,ECB Press Conference,HIGH,EUR
c14693ad-c91b-445d-a3de-fb19727f0a7c,06/02/2016 13:00:00,BoE's Governor Carney speech,HIGH,GBP
9d233e26-a683-4374-9d32-8c0686727b46,06/08/2016 20:00:00,RBNZ Monetary Policy Review,HIGH,NZD
e61d5c04-61b2-4dc7-a907-2dfa80aab6e1,06/08/2016 21:00:00,RBNZ Interest Rate Decision,HIGH,NZD
8047542e-da84-4b42-996a-7221a2418c0f,06/08/2016 21:00:00,RBNZ Monetary Policy Statement,HIGH,NZD
58afdb95-414c-49b3-99b2-60a00c141b63,06/08/2016 21:00:00,RBNZ Press Conference,HIGH,NZD
8206ffcc-f51f-4dd4-bbae-26c1a7a1a71a,06/09/2016 07:00:00,ECB's President Draghi speech,HIGH,EUR
a7d1c498-b243-4001-b2e9-952eed6cff87,06/09/2016 15:15:00,BoC's Governor Poloz speech,HIGH,CAD
2159fe02-676b-42b2-a93d-2a71ef2c33b9,06/15/2016 18:00:00,Fed Interest Rate Decision,HIGH,USD
2460e7cc-4f7d-4295-91e1-7ecc6d09cfb2,06/15/2016 18:00:00,Fed Monetary Policy Statement,HIGH,USD
86b4e363-9d5a-4c4c-9c9c-048b8e469245,06/15/2016 18:00:00,FOMC Economic Projections,HIGH,USD
37ba82f0-fd27-4aab-b38e-5156906e0a1f,06/15/2016 18:30:00,FOMC Press Conference,HIGH,USD
195ec606-6755-4ec3-bd27-ddcce2b5ad09,06/15/2016 23:40:00,BoC's Governor Poloz speech,HIGH,CAD
d3b634a4-420a-4c2c-9930-5b05de85917b,06/16/2016 02:45:00,BoJ Monetary Policy Statement,HIGH,JPY
7f42def0-d994-4da7-ae70-81ade8c0ef99,06/16/2016 02:45:17,BoJ Interest Rate Decision,HIGH,JPY
e6baa350-28b5-4237-a2dc-8bb6d13d8763,06/16/2016 06:00:00,BoJ Press Conference,HIGH,JPY
cf597731-dd94-4692-8a0e-6c270ffdd26e,06/16/2016 07:30:00,SNB Interest Rate Decision,HIGH,CHF
5f815d92-9d18-4432-996e-22d068c5e63d,06/16/2016 07:30:00,SNB Press Conference,HIGH,CHF
d948f5f0-e226-4f00-ae13-8b12c5edf97d,06/16/2016 11:00:00,BoE Asset Purchase Facility,HIGH,GBP
f9babd4b-ff28-44aa-9659-78b4ecb4e98b,06/16/2016 11:00:00,BoE Interest Rate Decision,HIGH,GBP
02a5715f-f276-4b15-a41b-1c7874b94e37,06/16/2016 11:00:00,BoE Minutes,HIGH,GBP
d5dd4b7a-5ff5-4f0a-913e-2f6d533756d9,06/16/2016 11:00:00,BoE Monetary Policy Summary,HIGH,GBP
2f02c73d-420b-4edf-9d7d-8f2ac64f1829,06/16/2016 11:00:00,BoE MPC Vote Rate Cut,HIGH,GBP
0d348bee-27b4-468b-bc71-d229dcbfa392,06/16/2016 11:00:00,BoE MPC Vote Rate Hike,HIGH,GBP
566c44b0-2e1b-432a-8391-45def565832d,06/16/2016 11:00:00,BoE MPC Vote Rate Unchanged,HIGH,GBP
55c41c81-f269-4795-9f1a-70bc33547cc0,06/16/2016 20:00:00,BoE's Governor Carney speech,HIGH,GBP
8ec78d43-3b66-4e6d-ba8f-f864258fc16b,06/17/2016 15:00:00,ECB's President Draghi speech,HIGH,EUR
9bfa2332-8fae-4f0b-b759-015b6ffa9128,06/21/2016 13:00:00,ECB's President Draghi speech,HIGH,EUR
a98ce97d-5b43-4511-9683-b27749363ad9,06/21/2016 14:00:00,Fed's Chair Yellen testifies,HIGH,USD
349e1caa-dde0-4c3d-81d6-a673a03233a8,06/22/2016 07:00:00,Non-Monetary Policy ECB Meeting,HIGH,EUR
1e59eec3-71e2-4d37-9a3f-a98795c5f45a,06/22/2016 14:00:00,Fed's Chair Yellen testifies,HIGH,USD
ebe03eab-c845-41d7-a0c2-bc408c526808,06/23/2016 11:13:41,Targeted LTRO,HIGH,EUR
d5a7eec1-5a09-4b67-b789-5c6e9684cbad,06/24/2016 07:45:00,BoE's Governor Carney speech,HIGH,GBP
d1972922-2096-41f0-881a-60c777865364,06/24/2016 09:30:00,Targeted LTRO,HIGH,EUR
40611fcc-6270-467d-937e-985fc9bb278b,06/28/2016 08:00:00,ECB's President Draghi speech,HIGH,EUR
89446271-94a1-4836-9400-cbccf7f38ff1,06/29/2016 20:30:00,Bank Stress Test Results,HIGH,USD
30ed3736-c0ad-4ece-b3a0-b05f98880731,06/30/2016 15:00:00,BoE's Governor Carney speech,HIGH,GBP
444a0632-3727-4318-ae2c-d540e5ae9d35,07/05/2016 10:00:00,BoE's Governor Carney speech,HIGH,GBP
8e1b5f53-fc4b-45c7-a5f6-6146e39a79be,07/06/2016 07:00:00,ECB's President Draghi speech,HIGH,EUR
dd216b2e-9e53-4f03-bc91-5ea3d897b030,07/06/2016 07:00:00,Non-Monetary Policy ECB Meeting,HIGH,EUR
0306b441-eff2-4df6-a473-073f27383f47,07/06/2016 18:00:00,FOMC Minutes,HIGH,USD
6fe1b7f8-df3a-4031-b3a7-0cdbad5a8b37,07/07/2016 00:30:00,BoJ's Governor Kuroda speech,HIGH,JPY
2f81b24f-9dd4-45c7-857d-e2e9df9b149d,07/07/2016 11:30:00,ECB Monetary Policy Meeting Accounts,HIGH,EUR
f5b61977-8112-4e9c-be0b-55c59febf2b6,07/12/2016 09:00:00,BoE's Governor Carney speech,HIGH,GBP
6846deb1-c898-4535-a295-ff0f11276536,07/13/2016 14:00:00,BoC Interest Rate Decision,HIGH,CAD
fbb4ecff-8aa5-44e6-b858-2e6af2ee67d4,07/13/2016 14:00:00,BoC Monetary Policy Report,HIGH,CAD
47c40097-9fca-476d-964a-3e86b86d69bc,07/13/2016 14:00:00,BoC Monetary Policy Statement,HIGH,CAD
c3eecfb7-6022-40af-83a2-c1a08cffe8af,07/13/2016 15:15:00,BoC Press Conference,HIGH,CAD
220a43b1-53b7-467e-9c78-00ff588df0c8,07/14/2016 11:00:00,BoE Asset Purchase Facility,HIGH,GBP
89ff2ab4-c504-4090-bc36-a4b0638a7286,07/14/2016 11:00:00,BoE Interest Rate Decision,HIGH,GBP
3bb3054f-7b79-4d9c-a501-c8b3fb7d25ee,07/14/2016 11:00:00,BoE Minutes,HIGH,GBP
b350462f-f5ce-46b8-b9df-f70c5ad2628e,07/14/2016 11:00:00,BoE Monetary Policy Summary,HIGH,GBP
1b13610d-2d20-4885-918c-5bd8367130ac,07/14/2016 11:00:00,BoE MPC Vote Rate Cut,HIGH,GBP
667a03ff-50f7-4247-8d1f-36a4b2872ae7,07/14/2016 11:00:00,BoE MPC Vote Rate Hike,HIGH,GBP
699afaf1-fa27-4a86-bcd4-f74d21bbb429,07/14/2016 11:00:00,BoE MPC Vote Rate Unchanged,HIGH,GBP
8822c124-6fc8-4cb8-9d8c-e330a20243fc,07/21/2016 11:45:00,ECB Main Refinancing Operations Rate,HIGH,EUR
5fe5d593-ba63-4a46-89a0-217c18176a14,07/21/2016 11:45:00,ECB Rate On Deposit Facility,HIGH,EUR
42b9c5b0-7187-4259-8b90-fbaddfb909e1,07/21/2016 12:30:00,ECB Press Conference,HIGH,EUR
71b06538-4a2c-4753-9518-a894dd43a38a,07/27/2016 18:00:00,Fed Interest Rate Decision,HIGH,USD
7fd4274c-2aa7-4ea4-a9a2-61cd9c0b0350,07/27/2016 18:00:00,Fed Monetary Policy Statement,HIGH,USD
c8b21f2c-e066-403f-b68f-e2ad6faaf84c,07/29/2016 00:00:00,BoJ Interest Rate Decision,HIGH,JPY
5002a6c1-09b5-4e85-a5dd-7221bb2d2ce9,07/29/2016 01:00:00,BoJ Monetary Policy Statement,HIGH,JPY
acf0ccd5-d55a-4a1f-b1ac-c251ed9cd18d,07/29/2016 06:30:00,BoJ Press Conference,HIGH,JPY
d268215c-2e87-4b3d-95d2-0e35c874fe41,07/29/2016 20:00:00,Bank Stress Test Info,HIGH,EUR
651a04a1-2617-4a69-a5ea-238fc9b22fec,08/03/2016 07:00:00,Non-Monetary Policy ECB Meeting,HIGH,EUR
4a9aa50d-97a9-44f9-b133-0431a62721f4,08/04/2016 11:00:00,BoE Asset Purchase Facility,HIGH,GBP
0c05f63e-03b9-409d-bdd5-8717d67f6c9a,08/04/2016 11:00:00,BoE Interest Rate Decision,HIGH,GBP
02903a33-6bf7-4ed0-84e8-6f794420d1e5,08/04/2016 11:00:00,BoE Minutes,HIGH,GBP
a009bdf6-6e5a-4890-a7a7-8b0e247c65d8,08/04/2016 11:00:00,BoE Monetary Policy Summary,HIGH,GBP
0401db30-f0d9-40ae-b9a8-59609a0ead31,08/04/2016 11:00:00,BoE MPC Vote Rate Cut,HIGH,GBP
fde9b85a-2d69-4160-a3bb-a8913e6b76da,08/04/2016 11:00:00,BoE MPC Vote Rate Hike,HIGH,GBP
82f922e8-f5e4-4279-8f15-33ba4044724e,08/04/2016 11:00:00,BoE MPC Vote Rate Unchanged,HIGH,GBP
c5a8cea0-04b0-4e87-ba60-229ad6e253f1,08/04/2016 11:30:00,BoE's Governor Carney speech,HIGH,GBP
b9910c3f-499c-4336-9abb-5497db1b8721,08/10/2016 20:00:00,RBNZ Monetary Policy Review,HIGH,NZD
770d06fd-3c86-4d04-bb72-630a856cdbd0,08/10/2016 21:00:00,RBNZ Interest Rate Decision,HIGH,NZD
82568ce7-31ad-4237-a5a2-72d51fb8f41a,08/10/2016 21:00:00,RBNZ Monetary Policy Statement,HIGH,NZD
1a7c2484-e6a9-4e2e-8f7b-5e683348798e,08/10/2016 22:00:00,RBNZ Press Conference,HIGH,NZD
3bbd3bc8-79c7-4de3-9239-fad46f164161,08/17/2016 18:00:00,FOMC Minutes,HIGH,USD
86447af5-e258-4a56-92b9-bda85f52cca4,08/18/2016 11:30:00,ECB Monetary Policy Meeting Accounts,HIGH,EUR
f880fbdf-48a7-4c16-8a92-a5878bde06b0,08/23/2016 04:00:00,BoJ's Governor Kuroda speech,HIGH,JPY
f3aee067-0c51-45d5-9961-44eff797684f,08/25/2016 00:00:00,Jackson Hole Symposium,HIGH,USD
63f0cf99-bb92-4a1a-acf9-7424b2e449f0,08/26/2016 00:00:00,Jackson Hole Symposium,HIGH,USD
87e55715-fb65-4c1d-9348-a59ba44e2bb6,08/26/2016 14:00:00,Fed's Chair Yellen speech,HIGH,USD
2598cdb3-edd2-4fe0-b4be-fe84ab007539,08/27/2016 04:25:00,BoJ's Governor Kuroda speech,HIGH,JPY
d487dc67-89f7-4946-b2f9-d5c2f61600c4,09/05/2016 02:30:00,BoJ's Governor Kuroda speech,HIGH,JPY
6673076a-f770-4802-8018-67e30035d52a,09/07/2016 13:15:00,BoE Monetary Policy Report Hearings,HIGH,GBP
6d2cf970-f955-401f-b889-65ad5c4733d4,09/07/2016 14:00:00,BoC Interest Rate Decision,HIGH,CAD
a8404c0c-5b40-4693-8368-6382592ac59e,09/07/2016 14:00:00,BoC Monetary Policy Statement,HIGH,CAD
f68a2ec9-3101-486f-9fdb-c156d75693c5,09/08/2016 11:45:00,ECB Main Refinancing Operations Rate,HIGH,EUR
360e6324-1d42-4157-ae96-dc3898abb127,09/08/2016 11:45:00,ECB Rate On Deposit Facility,HIGH,EUR
8b7674c2-d6de-4ce7-8938-d903a39f73c4,09/08/2016 12:30:00,ECB Press Conference,HIGH,EUR
d3790134-4995-4752-8b8e-39d815775cd8,09/13/2016 10:45:00,ECB's President Draghi speech,HIGH,EUR
73b1ab31-3eb3-4fb9-ae91-399ec12c2c43,09/15/2016 07:30:00,SNB Interest Rate Decision,HIGH,CHF
93f7c725-709e-46d5-a9dc-3ef661940450,09/15/2016 11:00:00,BoE Asset Purchase Facility,HIGH,GBP
77359941-cddd-46a0-b075-4b1a6d11deb0,09/15/2016 11:00:00,BoE Interest Rate Decision,HIGH,GBP
98de57b7-230e-4f29-8f6c-2f651a82de46,09/15/2016 11:00:00,BoE Minutes,HIGH,GBP
cfefa024-6092-48c4-bd63-2b828c2cea08,09/15/2016 11:00:00,BoE Monetary Policy Summary,HIGH,GBP
6444866b-26ca-4688-b6c1-a488e7476729,09/15/2016 11:00:00,BoE MPC Vote Rate Cut,HIGH,GBP
79b857c9-f61b-4f7d-861c-c5417e19c61c,09/15/2016 11:00:00,BoE MPC Vote Rate Hike,HIGH,GBP
2953de3a-22b1-44eb-a9a6-9f96aa15ade0,09/15/2016 11:00:00,BoE MPC Vote Rate Unchanged,HIGH,GBP
36b66396-12fb-4b70-a174-f9c7cea60854,09/21/2016 04:19:05,BoJ Interest Rate Decision,HIGH,JPY
17fc8863-3af1-452e-8460-471cc6afb7a9,09/21/2016 04:21:00,BoJ Monetary Policy Statement,HIGH,JPY
8ee1bb35-51cc-460b-ac76-099b2289b4e2,09/21/2016 06:00:00,BoJ Press Conference,HIGH,JPY
9e25adc7-fe45-48f3-9b20-fb98a7816093,09/21/2016 18:00:00,Fed Interest Rate Decision,HIGH,USD
a1ab2d7a-00ab-4788-b1d9-08818445be50,09/21/2016 18:00:00,Fed Monetary Policy Statement,HIGH,USD
76824e1f-6233-4c03-92af-b07f0b4a6e57,09/21/2016 18:00:00,FOMC Economic Projections,HIGH,USD
3b9e060b-38aa-4251-b911-5f861bea6367,09/21/2016 18:30:00,FOMC Press Conference,HIGH,USD
c6afd8bb-146b-4649-8aa5-9c25aac754e7,09/21/2016 20:00:00,RBNZ Monetary Policy Review,HIGH,NZD
97988f64-02a6-491d-a452-a89709d92a11,09/21/2016 21:00:00,RBNZ Interest Rate Decision,HIGH,NZD
f91a5537-c7d3-420e-ac23-bbe3c8ca2341,09/22/2016 09:30:00,Targeted LTRO,HIGH,EUR
9206dfee-e210-4613-b7ee-ae89df075e5e,09/22/2016 13:00:00,ECB's President Draghi speech,HIGH,EUR
6b998585-daea-4c53-b009-facf1fea0d29,09/22/2016 17:00:00,BoE's Governor Carney speech,HIGH,GBP
0b39873a-cab6-4bff-9110-89d4cf7f5a82,09/26/2016 15:05:00,ECB's President Draghi speech,HIGH,EUR
cd5c6fcc-fd4e-42fe-b3c3-44d73fe2ce52,09/28/2016 09:00:00,ECB's President Draghi speech,HIGH,EUR
0cce3ef9-312b-410b-8b6d-90ddab691f7b,09/28/2016 14:00:00,Fed's Chair Yellen testifies,HIGH,USD
79250e05-35bf-43a4-8d95-a03d529ccece,09/29/2016 06:35:00,BoJ's Governor Kuroda speech,HIGH,JPY
3528bae8-7210-4ae4-96ea-c887c58d31c1,09/29/2016 20:00:00,Fed's Chair Yellen speech,HIGH,USD
a0fa2e76-97ce-4cce-957b-858a8e68fd96,09/30/2016 04:30:00,BoJ's Governor Kuroda speech,HIGH,JPY
ae4bfc78-9f1a-4e09-914f-4a95bcde8a24,10/06/2016 11:30:00,ECB Monetary Policy Meeting Accounts,HIGH,EUR
0dc94f93-84da-4267-9dfb-79d8125f8c17,10/12/2016 18:00:00,FOMC Minutes,HIGH,USD
e4582d62-abd2-4f18-97bf-90eedc4d574f,10/14/2016 14:00:00,BoE's Governor Carney speech,HIGH,GBP
9dc44b22-aab0-48dc-8ca1-3428e307b703,10/14/2016 17:30:00,Fed's Chair Yellen speech,HIGH,USD
f8ef4a55-12f3-42a0-b577-84fcf3609d88,10/17/2016 17:35:00,ECB's President Draghi speech,HIGH,EUR
bf0dfb6d-a3e2-4d70-82c8-68d5ac9ca31e,10/19/2016 14:00:00,BoC Interest Rate Decision,HIGH,CAD
0212c3e5-cfac-42b1-aad4-fb752cb1b8ee,10/19/2016 14:00:00,BoC Monetary Policy Report,HIGH,CAD
17484ded-9840-4f37-9095-aeedf200a0ef,10/19/2016 14:00:00,BoC Monetary Policy Statement,HIGH,CAD
5e1a5a37-a22f-49d4-9db6-8febb293e933,10/19/2016 15:15:00,BoC Press Conference,HIGH,CAD
38eb7d60-ffd8-4430-b403-bfa85299c086,10/19/2016 20:15:00,BoC's Governor Poloz speech,HIGH,CAD
37653aec-38cb-4157-9e7e-bf6e522a9841,10/20/2016 11:45:00,ECB Main Refinancing Operations Rate,HIGH,EUR
48827439-f1ec-4dc4-996f-74382af8928e,10/20/2016 11:45:00,ECB Rate On Deposit Facility,HIGH,EUR
dba2a79b-5e65-4523-bf09-ab00c94e5b64,10/20/2016 12:30:00,ECB Press Conference,HIGH,EUR
1d9d939d-01e6-4b12-b458-c5112609c4c5,10/21/2016 03:00:00,BoJ's Governor Kuroda speech,HIGH,JPY
eea60f36-b86d-4727-a955-842293a92c50,10/24/2016 18:30:00,BoC's Governor Poloz speech,HIGH,CAD
09d59640-f48d-4d02-935f-5726b5796852,10/25/2016 14:30:00,BoE's Governor Carney speech,HIGH,GBP
9094d193-1fcf-4ed9-9692-691a2ca85b6d,10/25/2016 15:30:00,ECB's President Draghi speech,HIGH,EUR
3db08462-fbe3-4203-a7c2-ba33f643bdd2,11/01/2016 03:00:00,BoJ Interest Rate Decision,HIGH,JPY
c4e1f293-34e2-4de5-b07b-d3e272cc5f9d,11/01/2016 03:00:00,BoJ Monetary Policy Statement,HIGH,JPY
8c2bb9c1-223a-4180-ba1b-83ca50d113a6,11/01/2016 03:00:00,BoJ Press Conference,HIGH,JPY
c0b975d9-28a0-4958-b501-70736a9aca47,11/01/2016 16:00:00,BoC's Governor Poloz speech,HIGH,CAD
f1851a97-e3a0-4a2a-82bc-061540cfec57,11/02/2016 18:00:00,Fed Interest Rate Decision,HIGH,USD
5449899e-7b29-4c86-8440-a19076906334,11/02/2016 18:00:00,Fed Monetary Policy Statement,HIGH,USD
d8818faa-c632-4aef-b852-b40ecc51a9cb,11/03/2016 12:00:00,BoE Asset Purchase Facility,HIGH,GBP
781dd190-b9b1-44de-ad3b-75ed6eb1509f,11/03/2016 12:00:00,BoE Interest Rate Decision,HIGH,GBP
bc47f742-2021-4cbc-8a40-460ade7af6f4,11/03/2016 12:00:00,BoE Minutes,HIGH,GBP
a943adc8-43d4-4d4b-ac86-29a73d18694f,11/03/2016 12:00:00,BoE Monetary Policy Summary,HIGH,GBP
46e29375-a89a-43a0-b4fe-3ecc80fb1926,11/03/2016 12:00:00,BoE MPC Vote Rate Cut,HIGH,GBP
145411e1-564c-4152-957c-2aab12824e03,11/03/2016 12:00:00,BoE MPC Vote Rate Hike,HIGH,GBP
9c5e3253-6576-4661-a907-a00e3cfd2e69,11/03/2016 12:00:00,BoE MPC Vote Rate Unchanged,HIGH,GBP
8f83fd8f-0b8b-4f64-bfec-c6321dfdefd7,11/03/2016 12:30:00,BoE's Governor Carney speech,HIGH,GBP
e72e9ce6-e583-4db8-b531-77b2fac1db73,11/06/2016 23:50:00,BoJ Monetary Policy Meeting Minutes,HIGH,JPY
07da9785-9416-44c1-adfa-11c09bd3deba,11/09/2016 20:00:00,RBNZ Interest Rate Decision,HIGH,NZD
90d68b27-e82f-456c-90e0-647e16fc22d9,11/09/2016 20:00:00,RBNZ Monetary Policy Review,HIGH,NZD
b540ba9b-a47c-4e50-8d9f-9742a6c10170,11/09/2016 20:00:00,RBNZ Monetary Policy Statement,HIGH,NZD
24f55d92-d152-43e5-bfb7-88c61733c6df,11/09/2016 21:05:00,RBNZ Press Conference,HIGH,NZD
df25256a-29a0-4a69-91df-64a097c740ca,11/11/2016 15:50:00,BoC's Governor Poloz speech,HIGH,CAD
c16786b7-a0b9-4900-b080-1ecfc4248e57,11/14/2016 15:00:00,ECB's President Draghi speech,HIGH,EUR
00e64167-8b2e-4168-b683-b0ecde4d2c9b,11/15/2016 10:00:00,BoE Monetary Policy Report Hearings,HIGH,GBP
419bf79f-5cc6-42a8-8a82-290ff60f0bae,11/17/2016 12:30:00,ECB Monetary Policy Meeting Accounts,HIGH,EUR
1a733658-9e01-42ce-9dbb-d248e8d853ee,11/17/2016 15:00:00,Fed's Chair Yellen testifies,HIGH,USD
7f8de01c-58da-411b-ac12-9d36218e60b0,11/18/2016 08:15:00,ECB's President Draghi speech,HIGH,EUR
8f07a977-a8cf-4866-841e-598c47295cf1,11/21/2016 16:30:00,ECB's President Draghi speech,HIGH,EUR
fb3e300c-cf3a-49de-bf35-0af5b008a686,11/23/2016 19:00:00,FOMC Minutes,HIGH,USD
d25e224f-31a7-4767-a584-6e5baa2ab1b9,11/28/2016 14:00:00,ECB's President Draghi speech,HIGH,EUR
85e414d6-1afb-4051-8526-e7fdf172a573,11/30/2016 12:45:00,ECB's President Draghi speech,HIGH,EUR
fe7a73bc-e9e6-4625-9f8b-467ce8c341e0,12/07/2016 15:00:00,BoC Interest Rate Decision,HIGH,CAD
d38cb85e-26f6-4442-85f1-b91a184481dd,12/07/2016 15:00:00,BoC Monetary Policy Statement,HIGH,CAD
08443ec1-c06d-4db2-8966-47cdb89bb645,12/08/2016 12:45:00,ECB Main Refinancing Operations Rate,HIGH,EUR
e1f230fd-6650-454a-a1a9-6632588358a3,12/08/2016 12:45:00,ECB Rate On Deposit Facility,HIGH,EUR
da784757-8564-4b90-8b54-b7169d842788,12/08/2016 13:30:00,ECB Press Conference,HIGH,EUR
677bef95-b3a2-4271-9ff9-eaa33722514d,12/14/2016 12:15:00,BoE's Governor Carney speech,HIGH,GBP
3f07c102-4a67-4599-b2a9-665ceac78d11,12/14/2016 19:00:00,Fed Interest Rate Decision,HIGH,USD
6ac9c0eb-71d3-4267-a4e9-dc7b47711b09,12/14/2016 19:00:00,Fed Monetary Policy Statement,HIGH,USD
4afc2801-cf80-4f60-966b-7d7081e06e8c,12/14/2016 19:00:00,FOMC Economic Projections,HIGH,USD
520b63c1-7206-4622-8ef9-7dd4b159f2ba,12/14/2016 19:30:00,FOMC Press Conference,HIGH,USD
9ceeecea-fd25-4bab-bdc4-4e052571760f,12/15/2016 08:30:00,SNB Interest Rate Decision,HIGH,CHF
00288530-6b78-4da6-83d5-3251d5237d6f,12/15/2016 08:30:00,SNB Press Conference,HIGH,CHF
752f56a7-a6da-4950-9a07-0cd4e8a668dd,12/15/2016 12:00:00,BoE Asset Purchase Facility,HIGH,GBP
8d553859-e414-4bed-bd17-a9330f2a38a1,12/15/2016 12:00:00,BoE Interest Rate Decision,HIGH,GBP
ae1886dc-66a0-41d6-a5f3-a36476a51f13,12/15/2016 12:00:00,BoE Minutes,HIGH,GBP
6ed50a61-80d1-4d9a-a9f0-0433b87dcc73,12/15/2016 12:00:00,BoE Monetary Policy Summary,HIGH,GBP
e2040e11-d1a1-4d1f-9c8a-134544b3331e,12/15/2016 12:00:00,BoE MPC Vote Rate Cut,HIGH,GBP
dbdd80be-9019-4ad3-93ea-e06013311c9d,12/15/2016 12:00:00,BoE MPC Vote Rate Hike,HIGH,GBP
f41b06dc-cb97-4e7e-8375-f437e874df8a,12/15/2016 12:00:00,BoE MPC Vote Rate Unchanged,HIGH,GBP
0313a40b-6981-4e15-b8fc-133fdfdc5700,12/15/2016 16:15:00,BoC's Governor Poloz speech,HIGH,CAD
5d1c9cc0-ce65-48fa-a3e1-fb2678a2cd61,12/19/2016 18:30:00,Fed's Chair Yellen speech,HIGH,USD
bea5b98b-3cbd-4e0f-8ce7-70c6a5c697ec,12/20/2016 03:00:00,BoJ Interest Rate Decision,HIGH,JPY
17f5f3cf-9b60-4f08-b6a5-fc7e2ec9653f,12/20/2016 03:00:00,BoJ Monetary Policy Statement,HIGH,JPY
f1da06da-dfa3-4da7-926a-3d8325248e0c,12/20/2016 06:00:00,BoJ Press Conference,HIGH,JPY
7ce00433-c633-4508-9a4c-b15ee3910581,12/26/2016 04:00:00,BoJ's Governor Kuroda speech,HIGH,JPY
17189727-abf8-4def-911e-79eba71e79a4,01/01/2017 12:00:00,BoE Monetary Policy Statement,HIGH,GBP
b34d64c2-79fb-4e1b-bfaa-aa5f03b65560,01/04/2017 19:00:00,FOMC Minutes,HIGH,USD
7f3699a5-dfd7-4051-a2b7-07d8a522401a,01/11/2017 14:15:00,BoE's Governor Carney speech,HIGH,GBP
4f9f7b17-e2dc-4f25-a613-4552e9acfc99,01/12/2017 12:30:00,ECB Monetary Policy Meeting Accounts,HIGH,EUR
71c69efe-5d4e-4ed0-976b-0f7e4c0c8bea,01/16/2017 18:30:00,BoE's Governor Carney speech,HIGH,GBP
40f26c29-1444-49f9-9a58-46b740fd32e3,01/18/2017 15:00:00,BoC Interest Rate Decision,HIGH,CAD
d5a01d5d-0a2d-49be-a0a2-ef92a17b7810,01/18/2017 15:00:00,BoC Monetary Policy Report,HIGH,CAD
902e3162-62cb-4af7-af9c-9cab14938030,01/18/2017 15:00:00,BoC Monetary Policy Statement,HIGH,CAD
9270b0c1-66d1-4b3c-a13f-ae9bc9d07227,01/18/2017 16:15:00,BoC Press Conference,HIGH,CAD
41c1d91d-1aa4-4868-aa82-0306b7e6e1f0,01/19/2017 12:45:00,ECB Main Refinancing Operations Rate,HIGH,EUR
1e16a85c-6303-4a7f-800f-9042748f230f,01/19/2017 12:45:00,ECB Rate On Deposit Facility,HIGH,EUR
625a9467-86a7-42e1-bc3a-e99afd9fd413,01/19/2017 13:30:00,ECB Press Conference,HIGH,EUR
e3c56b6d-b4d6-4d52-8b43-51cf83cff7ce,01/23/2017 11:30:00,ECB's President Draghi speech,HIGH,EUR
3d186001-bffd-4b04-bf1a-8e756f0caac4,01/25/2017 16:50:00,BoE's Governor Carney speech,HIGH,GBP
429ee511-fb57-40e1-9cc4-000853752d6e,01/31/2017 03:00:00,BoJ Interest Rate Decision,HIGH,JPY
d9c960c2-ebc9-48cc-be17-70bc0f0088e4,01/31/2017 03:00:00,BoJ Monetary Policy Statement,HIGH,JPY
0f367c2e-d878-4293-b0c4-95a1604ce4fb,01/31/2017 06:30:00,BoJ Press Conference,HIGH,JPY
932d5174-31ec-4c57-82e2-1baf4cb1fb6b,01/31/2017 08:00:00,ECB's President Draghi speech,HIGH,EUR
d645e7e4-dec6-4978-bd3c-0b557a2a5b54,01/31/2017 22:35:00,BoC's Governor Poloz speech,HIGH,CAD
10746caf-db93-4470-ad07-924fdfbc6c35,02/01/2017 08:00:00,Non-Monetary Policy ECB Meeting,HIGH,EUR
14f0551a-8e9e-425d-b8b7-600875f48cf1,02/01/2017 19:00:00,Fed Interest Rate Decision,HIGH,USD
245f021b-e44e-4409-a5f4-f727b789229b,02/01/2017 19:00:00,Fed Monetary Policy Statement,HIGH,USD
9b4bcd8f-a52b-4b4e-91f7-5a2d1fd7b89b,02/02/2017 12:00:00,BoE Asset Purchase Facility,HIGH,GBP
67dc38ff-d073-4b01-90e4-a5a6a5ae98ed,02/02/2017 12:00:00,BoE Interest Rate Decision,HIGH,GBP
102d7633-27f4-49e8-a4b5-c4d59eb7e2dd,02/02/2017 12:00:00,BoE Minutes,HIGH,GBP
52f13354-df77-4ceb-affa-cb4f488972de,02/02/2017 12:00:00,BoE Monetary Policy Summary,HIGH,GBP
c5cf64e7-f19f-42e6-8930-94c6cb2948fc,02/02/2017 12:00:00,BoE MPC Vote Rate Cut,HIGH,GBP
4ca69116-b58b-4aee-bb47-ca8f1babf46f,02/02/2017 12:00:00,BoE MPC Vote Rate Hike,HIGH,GBP
ccd6f581-89fd-4efb-8b34-1e94b861f694,02/02/2017 12:00:00,BoE MPC Vote Rate Unchanged,HIGH,GBP
b25a5e36-c7e0-4e07-aecf-940ae9975511,02/02/2017 12:15:00,ECB's President Draghi speech,HIGH,EUR
45dd2cdf-121c-4c36-9be1-c3c2143be2bb,02/02/2017 12:30:00,BoE's Governor Carney speech,HIGH,GBP
e1410714-ae28-463b-b26f-01b7525ab0af,02/02/2017 23:50:00,BoJ Monetary Policy Meeting Minutes,HIGH,JPY
82a48c36-3557-4150-8a15-907235213765,02/06/2017 14:00:00,ECB's President Draghi speech,HIGH,EUR
eea7afca-3918-4d32-bc2b-763126fc7803,02/08/2017 20:00:00,RBNZ Interest Rate Decision,HIGH,NZD
a2df65f2-02ca-40d8-846d-f12eb70f4677,02/08/2017 20:00:00,RBNZ Monetary Policy Review,HIGH,NZD
5ad59b46-e80b-4ac7-b8b3-9c8a247c5f47,02/08/2017 20:00:00,RBNZ Monetary Policy Statement,HIGH,NZD
66d7262f-df61-4647-87af-4a4871780bca,02/08/2017 21:00:00,RBNZ Press Conference,HIGH,NZD
ce99d9e2-78d0-4b6d-b7e8-76bb45bdf835,02/09/2017 18:30:00,BoE's Governor Carney speech,HIGH,GBP
ceb1fb4f-db24-44f2-8afa-1723bcd6148c,02/15/2017 08:00:00,Non-Monetary Policy ECB Meeting,HIGH,EUR
c6478d13-dd11-4fb1-aa74-010ac7d5df13,02/15/2017 15:00:00,Fed's Chair Yellen speech,HIGH,USD
45397e63-06ca-458e-9fd3-92746a2ded96,02/16/2017 12:30:00,ECB Monetary Policy Meeting Accounts,HIGH,EUR
eb3a47dc-24f8-45b2-a120-3d13d6187288,02/21/2017 10:00:00,BoE Monetary Policy Report Hearings,HIGH,GBP
4da7d668-3563-4077-b0ec-4cd89b51c02c,02/21/2017 10:00:00,BoE's Governor Carney speech,HIGH,GBP
80058254-b6da-4bfe-981e-6f27fe2bc559,02/22/2017 19:00:00,FOMC Minutes,HIGH,USD
30027b0b-206f-4354-a4c2-b4121721bfe3,03/01/2017 15:00:00,BoC Interest Rate Decision,HIGH,CAD
9e2f9362-0105-4565-946d-9be2803c8e5c,03/01/2017 15:00:00,BoC Monetary Policy Statement,HIGH,CAD
b5116169-c5fd-481d-8224-d6b930d8de0b,03/03/2017 18:00:00,Fed's Chair Yellen speech,HIGH,USD
6ce2b469-4bc7-4803-b361-ea4340016252,03/09/2017 12:45:00,ECB Main Refinancing Operations Rate,HIGH,EUR
36409e6a-bb82-4e03-82d0-ad91d778eb97,03/09/2017 12:45:00,ECB Rate On Deposit Facility,HIGH,EUR
d8be4df5-2e78-438b-81b8-ff1167deba01,03/09/2017 13:30:00,ECB Press Conference,HIGH,EUR
487cea7a-2ac0-41d9-a8ce-ae21c4d8e541,03/13/2017 13:30:00,ECB's President Draghi speech,HIGH,EUR
e975d604-068c-440b-86d9-0137b14936ee,03/15/2017 18:00:00,Fed Interest Rate Decision,HIGH,USD
3a2d3986-546d-4f72-9e53-10f0c38b4d25,03/15/2017 18:00:00,Fed Monetary Policy Statement,HIGH,USD
4b9e391d-75c1-4611-b211-b76166f86db5,03/15/2017 18:00:00,FOMC Economic Projections,HIGH,USD
4780cf2c-733f-46c4-a322-e61ec153f0b3,03/15/2017 18:30:00,FOMC Press Conference,HIGH,USD
3cef44db-d489-4ac3-8c2d-b749c56d0b5e,03/16/2017 02:55:00,BoJ Interest Rate Decision,HIGH,JPY
bef12ae6-e1a6-4887-98aa-8aa1a2ab60e3,03/16/2017 02:55:00,BoJ Monetary Policy Statement,HIGH,JPY
eb6bdc81-9cd5-4345-923c-17ba87188f0a,03/16/2017 05:30:00,BoJ Press Conference,HIGH,JPY
b2e5dfe0-4274-4c09-aa5e-068cda1e4d72,03/16/2017 08:30:00,SNB Interest Rate Decision,HIGH,CHF
31474a87-c5e3-41a3-a635-dfb404f0c387,03/16/2017 12:00:00,BoE Asset Purchase Facility,HIGH,GBP
7ea87bca-77dd-466d-a5bf-942bdba21689,03/16/2017 12:00:00,BoE Interest Rate Decision,HIGH,GBP
bb9e3b31-b761-4dc7-88d8-5b18b069063f,03/16/2017 12:00:00,BoE Minutes,HIGH,GBP
d962243b-1b4c-4789-9132-f9e02c1e8944,03/16/2017 12:00:00,BoE Monetary Policy Summary,HIGH,GBP
b61be951-df14-4011-a7f1-1904ef79237f,03/16/2017 12:00:00,BoE MPC Vote Rate Cut,HIGH,GBP
0be79732-e9bf-443e-9289-2a25cbfb41fc,03/16/2017 12:00:00,BoE MPC Vote Rate Hike,HIGH,GBP
99ebca1d-e435-4f60-a2cb-5fe8e12e14c5,03/16/2017 12:00:00,BoE MPC Vote Rate Unchanged,HIGH,GBP
69d3b105-f3da-45b8-b59f-b3b37d82aa12,03/21/2017 10:35:00,BoE's Governor Carney speech,HIGH,GBP
7e26a618-03dc-49f1-b6ed-8e5e0292e17f,03/21/2017 23:50:00,BoJ Monetary Policy Meeting Minutes,HIGH,JPY
53b2b1fc-0d36-41c9-9e9a-173b7f463df9,03/22/2017 08:00:00,Non-Monetary Policy ECB Meeting,HIGH,EUR
aabef24a-9ef4-4d49-a822-6926d5bbc87c,03/22/2017 20:00:00,RBNZ Interest Rate Decision,HIGH,NZD
f964319b-6cc6-4fc9-9b67-952ef71ccac1,03/22/2017 20:00:00,RBNZ Monetary Policy Review,HIGH,NZD
8cbe07ad-7ed2-4d15-b370-145e50e2a329,03/23/2017 12:45:00,Fed's Chair Yellen speech,HIGH,USD
6772802e-7fa6-4407-a882-c2e16f8745c0,04/04/2017 14:30:00,ECB's President Draghi speech,HIGH,EUR
c696dd90-96bb-4887-a64f-b4e311e5cee2,04/05/2017 07:00:00,Non-Monetary Policy ECB Meeting,HIGH,EUR
dba63eba-6e4f-46c3-a623-863b6663498a,04/05/2017 18:00:00,FOMC Minutes,HIGH,USD
685518f1-a8ae-42c1-94d8-9b678f58d41e,04/06/2017 07:00:00,ECB's President Draghi speech,HIGH,EUR
2ceba281-19ce-4f49-8c7d-8a40efde58e3,04/06/2017 11:30:00,ECB Monetary Policy Meeting Accounts,HIGH,EUR
a7aa2fbe-b709-4abb-aedd-978e96f72b32,04/07/2017 09:00:00,BoE's Governor Carney speech,HIGH,GBP
175e1f9c-b396-4e93-8cd3-ba536e301b33,04/10/2017 20:10:00,Fed's Chair Yellen speech,HIGH,USD
2613901e-0780-4fd5-9710-52fdfe71888d,04/12/2017 08:30:00,BoE's Governor Carney speech,HIGH,GBP
88ab89bd-aed3-4730-a58a-dce944952c00,04/12/2017 14:00:00,BoC Interest Rate Decision,HIGH,CAD
a21372cb-dab5-4160-9641-2d05099a7e3b,04/12/2017 14:00:00,BoC Monetary Policy Report,HIGH,CAD
ce260785-fcc4-4414-aeed-8ae1a7960e9b,04/12/2017 14:00:00,BoC Monetary Policy Statement,HIGH,CAD
8c6cdcff-3ce7-403b-9d51-1c4f27d4f64b,04/12/2017 15:15:00,BoC Press Conference,HIGH,CAD
4b51c717-f020-495f-9a4c-018841cfa783,04/12/2017 20:15:00,BoC's Governor Poloz speech,HIGH,CAD
e4f9fd33-07e3-4393-a092-7e59272ecbd3,04/13/2017 14:30:00,BoC's Governor Poloz speech,HIGH,CAD
90cfe344-638b-4ca2-83c1-8cfdf1b2e918,04/17/2017 06:15:00,BoJ's Governor Kuroda speech,HIGH,JPY
9c9a3c82-7eda-49b0-b3f1-d8a3cd941b01,04/20/2017 15:30:00,BoE's Governor Carney speech,HIGH,GBP
13e5e311-5fb9-42f6-bec7-1e970622eb90,04/20/2017 16:30:00,BoE's Governor Carney speech,HIGH,GBP
b586d21c-f3d1-4704-adf9-bf2889c29ec4,04/27/2017 03:15:00,BoJ Interest Rate Decision,HIGH,JPY
065c3be6-76a1-4a88-ab93-6ed9f01e953e,04/27/2017 03:15:00,BoJ Monetary Policy Statement,HIGH,JPY
17c8372d-48aa-4f32-92b8-629f77580fb9,04/27/2017 06:30:00,BoJ Press Conference,HIGH,JPY
edd2e9a3-0059-414c-ad0e-6d89d585f8ee,04/27/2017 11:45:00,ECB Main Refinancing Operations Rate,HIGH,EUR
d5b70149-6936-4d5e-be44-abf46fb16f54,04/27/2017 11:45:00,ECB Rate On Deposit Facility,HIGH,EUR
3f09ce96-07d9-4f4f-8c6c-a48254169494,04/27/2017 12:30:00,ECB Press Conference,HIGH,EUR
38705131-8b8b-42a5-88f5-c65682abaf00,05/01/2017 23:50:00,BoJ Monetary Policy Meeting Minutes,HIGH,JPY
d50b7c48-34b2-43f8-b511-32eca1d27efb,05/02/2017 00:20:00,BoJ's Governor Kuroda speech,HIGH,JPY
6963c73b-7cc3-4da5-85fb-dd6026dffba0,05/03/2017 18:00:00,Fed Interest Rate Decision,HIGH,USD
c9d48fd6-2b42-4b2c-97ff-2e3b309b9639,05/03/2017 18:00:00,Fed Monetary Policy Statement,HIGH,USD
f6d56448-90d9-4cc8-b7aa-1dde1852905a,05/04/2017 16:30:00,ECB's President Draghi speech,HIGH,EUR
6bde34fd-5372-4f0e-8cf6-66ed948a486e,05/04/2017 20:25:00,BoC's Governor Poloz speech,HIGH,CAD
54ac1912-027d-4249-b1ae-e4f188f31174,05/05/2017 17:30:00,Fed's Chair Yellen speech,HIGH,USD
b9b00605-f104-482c-b34a-b429a378e5c2,05/10/2017 12:00:00,ECB's President Draghi speech,HIGH,EUR
1730d5b2-300a-41fd-9ee3-07a0b07ac947,05/10/2017 21:00:00,RBNZ Interest Rate Decision,HIGH,NZD
fb2aca7a-d3e6-4e99-bc0a-dbf681566741,05/10/2017 21:00:00,RBNZ Monetary Policy Review,HIGH,NZD
e38395f6-6dfc-45d1-a819-43b8fe0fcaed,05/10/2017 21:00:00,RBNZ Monetary Policy Statement,HIGH,NZD
b874b8ba-fd7d-4f7f-85de-58499a1027d5,05/10/2017 22:00:00,RBNZ Press Conference,HIGH,NZD
1c2d4027-f3a4-4ca5-bb58-bf4a9f9e0371,05/11/2017 11:00:00,BoE Asset Purchase Facility,HIGH,GBP
fd0e70bd-0f55-4cde-9575-5c4698582927,05/11/2017 11:00:00,BoE Interest Rate Decision,HIGH,GBP
04133f0e-08fd-41c3-bdea-2e00b5553006,05/11/2017 11:00:00,BoE Minutes,HIGH,GBP
9fbafd6e-ba8d-4acc-973b-a4166f588e15,05/11/2017 11:00:00,BoE Monetary Policy Summary,HIGH,GBP
1752cf93-f43f-4135-bb66-53010a2170b1,05/11/2017 11:00:00,BoE MPC Vote Rate Cut,HIGH,GBP
12fca9ca-7fd8-4c85-8bd7-78032dbb8a67,05/11/2017 11:00:00,BoE MPC Vote Rate Hike,HIGH,GBP
337f4d27-0ed6-4910-9fe5-e316de6c255a,05/11/2017 11:00:00,BoE MPC Vote Rate Unchanged,HIGH,GBP
915f289d-a9c2-4483-ac61-ecd70339c398,05/11/2017 11:30:00,BoE's Governor Carney speech,HIGH,GBP
8edd7499-66b4-4bd1-90d9-d1482811b9ba,05/18/2017 11:30:00,ECB Monetary Policy Meeting Accounts,HIGH,EUR
ad935e36-82c8-4f7d-b696-39a5ad14f977,05/18/2017 17:00:00,ECB's President Draghi speech,HIGH,EUR
3c273202-a889-47c8-99e4-6044883c6a45,05/24/2017 00:00:00,BoJ's Governor Kuroda speech,HIGH,JPY
caa49ff1-5d74-4aaa-9e47-e75c2ae40b92,05/24/2017 12:45:00,ECB's President Draghi speech,HIGH,EUR
8c2b5cf0-625c-4104-992e-ce56bcb1d231,05/24/2017 14:00:00,BoC Interest Rate Decision,HIGH,CAD
b24c3cc7-d255-49be-894d-e49b84f4e1b7,05/24/2017 14:00:00,BoC Monetary Policy Statement,HIGH,CAD
1994ad25-84b5-4701-9cdc-85f3b322bee0,05/24/2017 18:00:00,FOMC Minutes,HIGH,USD
46473b64-6b1c-4718-8efa-2bf2d5287d07,05/29/2017 13:00:00,ECB's President Draghi speech,HIGH,EUR
4c312b90-0848-4859-ae65-86fb8008d808,05/29/2017 14:15:00,ECB's President Draghi speech,HIGH,EUR
534b4081-2fa9-4737-bb74-bb1b147b6eed,05/29/2017 15:00:00,ECB's President Draghi speech,HIGH,EUR
ed12a9c7-1e2a-4825-9f8e-872f6193548a,05/30/2017 23:00:00,RBNZ's Governor Wheeler Speech,HIGH,NZD
2982b4c2-c699-496e-845d-74fa2972b630,06/08/2017 11:45:00,ECB Main Refinancing Operations Rate,HIGH,EUR
4eefad20-f1e3-4a7b-945e-f31adb72a86f,06/08/2017 11:45:00,ECB Rate On Deposit Facility,HIGH,EUR
cc2168b1-d472-436e-a8ba-258416061fe8,06/08/2017 12:30:00,ECB Press Conference,HIGH,EUR
bde12515-ae78-4183-8d94-4a90af7048b8,06/08/2017 15:15:00,BoC's Governor Poloz speech,HIGH,CAD
f6f1cdf0-4236-4c42-a9d6-913dc122d55a,06/14/2017 18:00:00,Fed Interest Rate Decision,HIGH,USD
56533c73-20e5-4b44-b2bd-13136c6cbcf7,06/14/2017 18:00:00,Fed Monetary Policy Statement,HIGH,USD
e189ef71-3950-4a57-b586-749d1865bad2,06/14/2017 18:00:00,FOMC Economic Projections,HIGH,USD
465c1232-b35e-4a2e-8e27-ce25ca911954,06/14/2017 18:30:00,FOMC Press Conference,HIGH,USD
9f32a836-a9ee-4b5f-a831-1c00defc2c8c,06/15/2017 07:30:00,SNB Interest Rate Decision,HIGH,CHF
8196cf62-7a3f-489d-ac2e-3bee2f29874e,06/15/2017 11:00:00,BoE Asset Purchase Facility,HIGH,GBP
3d1fc073-6ecb-4bdd-846f-ce8d596271ec,06/15/2017 11:00:00,BoE Interest Rate Decision,HIGH,GBP
01e933b9-6cf7-4f57-bd31-d6eae7993189,06/15/2017 11:00:00,BoE Minutes,HIGH,GBP
39fbc40c-b686-4da2-a747-abe6077d4102,06/15/2017 11:00:00,BoE Monetary Policy Summary,HIGH,GBP
6cc062e6-394d-4b31-93b0-08b69c6d0fec,06/15/2017 11:00:00,BoE MPC Vote Rate Cut,HIGH,GBP
53b34098-8acc-4a83-bf60-ab7e0d642672,06/15/2017 11:00:00,BoE MPC Vote Rate Hike,HIGH,GBP
f80cfbb6-93e8-4915-a8ce-fa118417faa5,06/15/2017 11:00:00,BoE MPC Vote Rate Unchanged,HIGH,GBP
3581775d-dd1f-4cd6-b8f6-43acaa5523f0,06/16/2017 02:00:00,BoJ Interest Rate Decision,HIGH,JPY
3cf5f61f-9348-4fdc-809d-d028f626853f,06/16/2017 02:00:00,BoJ Monetary Policy Statement,HIGH,JPY
1a50fcbd-9adb-47cd-9d5d-aa576f0b7004,06/16/2017 06:30:00,BoJ Press Conference,HIGH,JPY
04ae6685-06d0-4779-8e24-f840f29daedd,06/20/2017 07:30:00,BoE's Governor Carney speech,HIGH,GBP
fcc6898c-1bb7-4dad-8894-f8fdbfa92202,06/20/2017 23:50:00,BoJ Monetary Policy Meeting Minutes,HIGH,JPY
1283e166-6544-468e-91ea-33902ec967ea,06/21/2017 06:35:00,BoJ's Governor Kuroda speech,HIGH,JPY
122ad647-eca3-45e8-8939-f068a20be9a2,06/21/2017 07:00:00,Non-Monetary Policy ECB Meeting,HIGH,EUR
687c96f4-74d2-4ee1-83c0-c9795f7229f5,06/21/2017 08:00:00,SNB Press Conference,HIGH,CHF
43ec0e20-4d19-4d04-95a6-902e54caefcc,06/21/2017 21:00:00,RBNZ Interest Rate Decision,HIGH,NZD
c91fd8df-7947-4dd1-90bc-ae67f85586e2,06/21/2017 21:00:00,RBNZ Monetary Policy Review,HIGH,NZD
404f75dd-33c7-42b9-9ebc-a788a473ca24,06/22/2017 20:30:00,Bank Stress Test Results,HIGH,USD
49767814-2118-4b62-84bb-e7b9a4938e58,06/26/2017 17:30:00,ECB's President Draghi speech,HIGH,EUR
73d54870-597b-4619-aaef-f305860679f6,06/27/2017 08:00:00,ECB's President Draghi speech,HIGH,EUR
3c263929-4fbd-4399-91d6-a8ab8dfc106b,06/27/2017 10:00:00,BoE's Governor Carney speech,HIGH,GBP
d57a146e-8227-489d-81d6-2704458455cf,06/27/2017 17:00:00,Fed's Chair Yellen speech,HIGH,USD
6a8de91f-b6fa-40e1-a0e1-892e8501d2f6,06/28/2017 13:30:00,BoC's Governor Poloz speech,HIGH,CAD
233dceda-2fce-41f3-959c-9eb59ba4859e,06/28/2017 13:30:00,ECB's President Draghi speech,HIGH,EUR
b9ae2a4d-17f6-4cd4-876c-d8f4dc1b0810,06/28/2017 13:30:00,BoJ's Governor Kuroda speech,HIGH,JPY
f6b8e6b4-2027-4df5-bf0b-853293a5c9fe,06/28/2017 13:30:00,BoE's Governor Carney speech,HIGH,GBP
5204c887-2614-44a9-b023-4941280d61c6,07/03/2017 12:00:00,BoE's Governor Carney speech,HIGH,GBP
a87bf562-94f5-4a98-a08d-3d25ebd7b54b,07/05/2017 07:00:00,Non-Monetary Policy ECB Meeting,HIGH,EUR
45d87dc6-0a4a-4e2e-90c6-76004a329a21,07/05/2017 18:00:00,FOMC Minutes,HIGH,USD
6d616e12-b1d4-48f9-9b92-8d7da2c705d4,07/06/2017 11:30:00,ECB Monetary Policy Meeting Accounts,HIGH,EUR
a512150f-3f4b-4f80-bd3d-63c2085431ad,07/07/2017 13:00:00,BoE's Governor Carney speech,HIGH,GBP
d9420ed1-7a5c-42f0-86eb-39a308920a56,07/12/2017 14:00:00,BoC Interest Rate Decision,HIGH,CAD
aa3e78b8-ac78-41e6-b5a6-394e1a712271,07/12/2017 14:00:00,BoC Monetary Policy Report,HIGH,CAD
f2c617f0-dff3-413c-a119-8db637e37ebd,07/12/2017 14:00:00,BoC Monetary Policy Statement,HIGH,CAD
605f66be-78b7-461e-a528-4fa2527612ef,07/12/2017 14:00:00,Fed's Chair Yellen testifies,HIGH,USD
a002247a-21b5-43d2-9251-7187dee07916,07/12/2017 15:15:00,BoC Press Conference,HIGH,CAD
8a404e26-60a2-42c8-995c-9f91214d212a,07/13/2017 14:00:00,Fed's Chair Yellen testifies,HIGH,USD
5937c823-dbdf-4467-b8f4-7c553e3c604b,07/13/2017 15:00:00,Fed's Chair Yellen testifies,HIGH,USD
8bae4a76-1e1a-429b-a36a-1f2c8a33c0b5,07/18/2017 08:00:00,ECB Bank Lending Survey,HIGH,EUR
4be8db74-a6e2-4045-b8d8-01bf3df1835d,07/18/2017 13:30:00,BoE's Governor Carney speech,HIGH,GBP
ff6f5fa8-8070-4781-99d7-af47a7027d39,07/20/2017 03:12:00,BoJ Interest Rate Decision,HIGH,JPY
1bdaf69b-1d86-40c0-ab50-d58b13271df3,07/20/2017 03:12:00,BoJ Monetary Policy Statement,HIGH,JPY
e12f6a9f-e701-4cf9-b2ab-a3e21b2e3770,07/20/2017 06:30:00,BoJ Press Conference,HIGH,JPY
3ca562af-210a-49c2-afb6-793525377e28,07/20/2017 11:45:00,ECB Main Refinancing Operations Rate,HIGH,EUR
da436b14-490b-4f1e-8c27-9552f0dccbc5,07/20/2017 11:45:00,ECB Rate On Deposit Facility,HIGH,EUR
f91db02d-84e5-4a1e-9a81-97d82f72a2b6,07/20/2017 12:30:00,ECB Press Conference,HIGH,EUR
940b3647-2367-4e14-a312-de1a6afc9788,07/24/2017 23:50:00,BoJ Monetary Policy Meeting Minutes,HIGH,JPY
64ed40b3-0f73-46df-8a77-1d7e750f1630,07/26/2017 18:00:00,Fed Interest Rate Decision,HIGH,USD
d389b6d2-fa8e-4528-a07c-602c4dcc132f,07/26/2017 18:00:00,Fed Monetary Policy Statement,HIGH,USD
39280f32-7007-4447-83d5-b27a88119a5f,08/02/2017 07:00:00,Non-Monetary Policy ECB Meeting,HIGH,EUR
4518c811-b9a1-41be-a2b0-bdc0944dfdc8,08/03/2017 11:00:00,BoE Asset Purchase Facility,HIGH,GBP
e3abe5b5-3f11-455f-b7a5-db6440730d72,08/03/2017 11:00:00,BoE Interest Rate Decision,HIGH,GBP
88d70327-213f-4a79-bf98-32aa1bdc772e,08/03/2017 11:00:00,BoE Minutes,HIGH,GBP
4644e51b-0135-48ae-a67f-fd82e60a2012,08/03/2017 11:00:00,BoE Monetary Policy Summary,HIGH,GBP
89b2d3b5-64c9-4b70-9a1e-4c0c2140754a,08/03/2017 11:00:00,BoE MPC Vote Rate Cut,HIGH,GBP
d3d26c05-2c89-4451-84ec-47a95d61e09e,08/03/2017 11:00:00,BoE MPC Vote Rate Hike,HIGH,GBP
dffdac20-19fc-4807-a22e-379d08220e14,08/03/2017 11:00:00,BoE MPC Vote Rate Unchanged,HIGH,GBP
9c83bf51-abda-47b1-9dcc-c6dff0874299,08/03/2017 11:30:00,BoE's Governor Carney speech,HIGH,GBP
eebc7e86-c87e-42e2-8ddd-411fcd22c22b,08/09/2017 21:00:00,RBNZ Interest Rate Decision,HIGH,NZD
35f68a0e-eb3b-40ec-be73-fbb270885798,08/09/2017 21:00:00,RBNZ Monetary Policy Review,HIGH,NZD
53b55a4b-b8c9-46c3-b828-cd88fde00e85,08/09/2017 21:00:00,RBNZ Monetary Policy Statement,HIGH,NZD
65fea8f9-0db6-47f5-88cb-eae78de9209c,08/09/2017 22:00:00,RBNZ Press Conference,HIGH,NZD
8bd3d1e1-a5fb-46cf-95f4-9f0c206a79f9,08/16/2017 18:00:00,FOMC Minutes,HIGH,USD
26e772a5-6f80-43aa-8a60-9ecadf166014,08/17/2017 11:30:00,ECB Monetary Policy Meeting Accounts,HIGH,EUR
352bf6d0-d076-4b57-8230-5d15b6509787,08/23/2017 07:00:00,ECB's President Draghi speech,HIGH,EUR
33478971-7e66-419a-9ae1-11a7502e8cdc,08/24/2017 08:00:00,Jackson Hole Symposium,HIGH,USD
f50e85d9-25b0-4fba-8811-97839b7e8da7,08/25/2017 00:00:00,Jackson Hole Symposium,HIGH,USD
4738d6c3-ff4e-4044-93d3-71e77e2abbac,08/25/2017 14:00:00,Fed's Chair Yellen speech,HIGH,USD
52ffd8ff-3f5b-47da-9506-c0e233b27202,08/25/2017 19:00:00,ECB's President Draghi speaks at Jackson Hole,HIGH,EUR
23152ae6-8fb6-4bd3-a3a1-9f12fc6c6067,08/26/2017 00:00:00,Jackson Hole Symposium,HIGH,USD
5704bed0-6904-4e6c-90ef-29f84042f837,08/30/2017 01:30:00,RBNZ's Governor Wheeler Speech,HIGH,NZD
622793e2-baf5-4d35-8ba4-f8d30846b89b,09/06/2017 14:00:00,BoC Interest Rate Decision,HIGH,CAD
099a5b76-c424-4621-bba9-04e9aa096fcc,09/06/2017 14:00:00,BoC Monetary Policy Statement,HIGH,CAD
452e5dbe-84e8-4741-8a5a-0aa592f69eb4,09/07/2017 11:45:00,ECB Main Refinancing Operations Rate,HIGH,EUR
7ee53efa-d353-4714-aefb-3d0660e5b7e7,09/07/2017 11:45:00,ECB Rate On Deposit Facility,HIGH,EUR
94cf7f5c-f126-4660-b220-6ec1c76b9574,09/07/2017 12:30:00,ECB Press Conference,HIGH,EUR
e6a18c11-ddce-4d25-8d8a-c33eba3e3c7f,09/14/2017 07:30:00,SNB Interest Rate Decision,HIGH,CHF
0df66c19-eae1-4b5e-9e85-774d318d62ab,09/14/2017 11:00:00,BoE Asset Purchase Facility,HIGH,GBP
753fe50f-1317-4cdb-a807-f24e678bb5d9,09/14/2017 11:00:00,BoE Interest Rate Decision,HIGH,GBP
81f2648f-3478-490a-a874-a7c98ce2f672,09/14/2017 11:00:00,BoE Minutes,HIGH,GBP
4d614912-611d-4505-a0f2-1b3499d5bf34,09/14/2017 11:00:00,BoE Monetary Policy Summary,HIGH,GBP
c064bcbc-24ae-4ad0-8a17-62f1b42ccdb6,09/14/2017 11:00:00,BoE MPC Vote Rate Cut,HIGH,GBP
8c7030e1-eb5d-421b-a87d-08cb92907158,09/14/2017 11:00:00,BoE MPC Vote Rate Hike,HIGH,GBP
01b94ce7-6bc3-464c-95d3-3c836b1cacce,09/14/2017 11:00:00,BoE MPC Vote Rate Unchanged,HIGH,GBP
eafeb6f4-0295-49c1-883c-65d46e3f6f37,09/18/2017 15:00:00,BoE's Governor Carney speech,HIGH,GBP
1497e773-bb67-4f66-95d3-70370c6f6149,09/20/2017 07:00:00,Non-Monetary Policy ECB Meeting,HIGH,EUR
8049fdf3-51b5-41df-acfb-9a3c1cb96c72,09/20/2017 18:00:00,Fed Interest Rate Decision,HIGH,USD
9811012b-f3be-4e45-a8ef-813cf286c0ee,09/20/2017 18:00:00,FOMC Economic Projections,HIGH,USD
fa6e44dd-5b7a-420b-ad69-c0ab35c9428a,09/20/2017 18:30:00,FOMC Press Conference,HIGH,USD
28a2e35f-a8c8-446a-bb2c-021c8b3654c8,09/21/2017 03:18:00,BoJ Interest Rate Decision,HIGH,JPY
543bd0b6-ee6c-4d5e-9e98-4c3688b8b395,09/21/2017 03:18:00,BoJ Monetary Policy Statement,HIGH,JPY
b632f47b-6356-48e0-ada6-76c41c256a21,09/21/2017 06:30:00,BoJ Press Conference,HIGH,JPY
1c2d6190-1eb9-495d-b627-aa123a3d0121,09/21/2017 13:30:00,ECB's President Draghi speech,HIGH,EUR
3c952be7-6d52-4916-8fb9-ed36e2e8485c,09/22/2017 08:00:00,ECB's President Draghi speech,HIGH,EUR
3d93d3ba-27ae-4ccd-8c28-0fe6a4912896,09/22/2017 09:30:00,ECB's President Draghi speech,HIGH,EUR
6d87f3c2-7397-4f05-a4bf-b8e35d6b7cff,09/25/2017 05:35:00,BoJ's Governor Kuroda speech,HIGH,JPY
eae81cec-ae63-47f3-a7b2-ab27e483b400,09/25/2017 13:00:00,ECB's President Draghi speech,HIGH,EUR
f43cd847-cf8c-4550-bb95-e4eb501e7df4,09/25/2017 23:50:00,BoJ Monetary Policy Meeting Minutes,HIGH,JPY
e8c9411a-76db-4579-859c-3f1584f97ee1,09/26/2017 16:45:00,Fed's Chair Yellen speech,HIGH,USD
d2cb0375-87ea-4c74-bc87-c7b87a5ad181,09/27/2017 15:45:00,BoC's Governor Poloz speech,HIGH,CAD
0cedf741-efb4-425e-b6ea-a324cb86c892,09/27/2017 20:00:00,RBNZ Interest Rate Decision,HIGH,NZD
3a9e99d7-9771-4271-bf76-d6fa479d0c63,09/27/2017 20:00:00,RBNZ Monetary Policy Review,HIGH,NZD
e1e507c6-932b-4865-b1f2-32da366f6737,09/28/2017 06:35:00,BoJ's Governor Kuroda speech,HIGH,JPY
776217ca-a1f9-44d8-9e05-c8527325a65e,09/28/2017 08:15:00,BoE's Governor Carney speech,HIGH,GBP
1b7d8982-6a97-4c06-8f0c-59212a5e6a95,09/29/2017 14:15:00,BoE's Governor Carney speech,HIGH,GBP
5904605c-e14f-4978-978a-a5f3ad11d7e2,10/04/2017 07:00:00,Non-Monetary Policy ECB Meeting,HIGH,EUR
e47d290e-f1e7-4ff1-861e-5a47ba1e9b91,10/04/2017 17:15:00,ECB's President Draghi speech,HIGH,EUR
85f10244-3ccf-4205-b304-59badc796eac,10/04/2017 19:15:00,Fed's Chair Yellen speech,HIGH,USD
ec33865c-b02f-4575-ba65-900b787d4b68,10/05/2017 11:30:00,ECB Monetary Policy Meeting Accounts,HIGH,EUR
c3945558-1ad1-4ac6-8f97-531e05b2398b,10/11/2017 18:00:00,FOMC Minutes,HIGH,USD
27f4b732-afd7-49df-9528-9d44faeabbf7,10/12/2017 14:30:00,ECB's President Draghi speech,HIGH,EUR
6547c5f4-ad65-4066-afb0-5fa0b2613234,10/17/2017 10:15:00,BoE's Governor Carney speech,HIGH,GBP
a2e18b58-6d1d-4790-9f2d-6b1daeb94152,10/17/2017 12:30:00,BoE's Governor Carney speech,HIGH,GBP
2402ad94-885f-43b1-9eda-e3fbb96b35cd,10/18/2017 08:10:00,ECB's President Draghi speech,HIGH,EUR
d084b5d2-9675-45f0-8d05-0c908995d643,10/20/2017 23:30:00,Fed's Chair Yellen speech,HIGH,USD
09f8eb5a-8364-41b8-b79c-8f805501293c,10/25/2017 14:00:00,BoC Interest Rate Decision,HIGH,CAD
6bfddb4e-43c1-4eae-809b-cc796ecc9e3c,10/25/2017 14:00:00,BoC Monetary Policy Report,HIGH,CAD
e0b1c12d-c9e3-4c33-89d6-60f33143f46e,10/25/2017 14:00:00,BoC Monetary Policy Statement,HIGH,CAD
9d6a7087-748a-4877-b5ef-d8568cbb5fa9,10/25/2017 15:15:00,BoC Press Conference,HIGH,CAD
5f66bab4-cd39-42c8-91a0-9428714036e8,10/26/2017 11:45:00,ECB Main Refinancing Operations Rate,HIGH,EUR
efa3e5a7-5664-4949-9717-e48b5c925ae7,10/26/2017 11:45:00,ECB Rate On Deposit Facility,HIGH,EUR
6dcda16b-2e8b-4870-9d12-e6f3870089ba,10/26/2017 12:30:00,ECB Press Conference,HIGH,EUR
c9791a03-86ec-44b4-b5b2-521e04e36112,10/31/2017 03:00:00,BoJ Monetary Policy Statement,HIGH,JPY
b248d62a-b23f-47ac-8267-afb87e7bbdac,10/31/2017 03:07:55,BoJ Interest Rate Decision,HIGH,JPY
6101bcbb-b632-484a-bfe5-dd0b4786edd9,10/31/2017 06:30:00,BoJ Press Conference,HIGH,JPY
7f2e2fe7-f92d-4cf3-acb1-505b167c6c00,10/31/2017 19:30:00,BoC's Governor Poloz speech,HIGH,CAD
21aabbf1-ca31-4add-816d-e5fe4a028f7f,11/01/2017 18:00:00,Fed Interest Rate Decision,HIGH,USD
c8f5f569-7f20-4aec-8b7f-ae33368db1da,11/01/2017 18:00:00,Fed Monetary Policy Statement,HIGH,USD
0551f758-c89c-4d19-b044-760fd1e34ba0,11/01/2017 20:15:00,BoC's Governor Poloz speech,HIGH,CAD
c86b61f5-74ed-44af-9278-8b808289a8b1,11/02/2017 12:00:00,BoE Asset Purchase Facility,HIGH,GBP
d28bf689-0d68-464d-ac4b-fb0c1214a1a8,11/02/2017 12:00:00,BoE Interest Rate Decision,HIGH,GBP
cd2393ba-034e-4239-b957-fa003333fcc4,11/02/2017 12:00:00,BoE Minutes,HIGH,GBP
0becf83c-461c-4ab8-ada8-db2dab58e5bd,11/02/2017 12:00:00,BoE Monetary Policy Report,HIGH,GBP
bf0f6471-a3d0-4aca-bc82-0907c2df26b2,11/02/2017 12:00:00,BoE Monetary Policy Summary,HIGH,GBP
7dcf90bf-9361-4400-95b8-b9731ee3762a,11/02/2017 12:00:00,BoE MPC Vote Rate Cut,HIGH,GBP
4d69d649-6046-45ec-b552-48e0adea1df5,11/02/2017 12:00:00,BoE MPC Vote Rate Hike,HIGH,GBP
a989990e-8aac-415f-a429-ba25722dcdd8,11/02/2017 12:00:00,BoE MPC Vote Rate Unchanged,HIGH,GBP
439b3cfc-1396-42ba-a6fc-b0803af240c0,11/02/2017 12:30:00,BoE's Governor Carney speech,HIGH,GBP
b7a4abc6-6b04-457f-a179-4b5aa178a0d6,11/02/2017 19:00:00,President Trump to announce Fed Chair Nominee,HIGH,USD
0dba1136-2941-4a70-b3a7-bf5269cfd213,11/05/2017 23:50:00,BoJ Monetary Policy Meeting Minutes,HIGH,JPY
c918bd17-a03f-46b9-902d-ce3b87fff404,11/06/2017 01:00:00,BoJ's Governor Kuroda speech,HIGH,JPY
178fed98-19fb-4d97-85f1-6165a54f4742,11/07/2017 09:00:00,ECB's President Draghi speech,HIGH,EUR
350647db-b596-4fa6-a1f7-5de79c132d52,11/07/2017 17:55:00,BoC's Governor Poloz speech,HIGH,CAD
cf105ddf-c2e5-4620-b81f-032cdde7b04c,11/07/2017 19:30:00,Fed's Chair Yellen speech,HIGH,USD
4fb0507a-05c1-4cfd-8d16-fc01172e3331,11/08/2017 08:00:00,Non-Monetary Policy ECB Meeting,HIGH,EUR
2769d7a4-3723-47d1-b0a7-664d48323526,11/08/2017 20:00:00,RBNZ Interest Rate Decision,HIGH,NZD
7fdec0ba-36a2-43cc-bb2a-21acae594b85,11/08/2017 20:00:00,RBNZ Monetary Policy Review,HIGH,NZD
ef8ffcc1-3735-494a-8122-f10e049379b1,11/08/2017 20:00:00,RBNZ Monetary Policy Statement,HIGH,NZD
769ae3bc-1ec9-4057-a997-103648d3d27e,11/08/2017 21:00:00,RBNZ Press Conference,HIGH,NZD
3668d646-2ad3-404d-b576-d649ed937741,11/13/2017 17:45:00,BoJ's Governor Kuroda speech,HIGH,JPY
9970185c-0048-4510-8142-b7a91c3c7851,11/14/2017 10:00:00,ECB's President Draghi speech,HIGH,EUR
e95d7df8-f663-4c7d-84cb-c141c85a36b5,11/14/2017 10:00:00,BoJ's Governor Kuroda speech,HIGH,JPY
815aa23c-bc78-430e-83c2-ff3a8ed0e35c,11/14/2017 10:00:00,BoE's Governor Carney speech,HIGH,GBP
189ad5b5-c608-4c55-bfc4-86fa6986008e,11/14/2017 10:00:00,Fed's Chair Yellen speech,HIGH,USD
f371ee5f-c95e-40f7-b57f-56396ed073fe,11/16/2017 14:00:00,BoE's Governor Carney speech,HIGH,GBP
444ba9ea-bbf7-47b0-bcd3-1b11f4f2c9a6,11/17/2017 08:30:00,ECB's President Draghi speech,HIGH,EUR
d9a4c14c-2de4-45d1-8eda-14cd3fffce82,11/20/2017 10:30:00,ECB's President Draghi speech,HIGH,EUR
65b13c92-0f43-4768-850c-a2246a1d3a64,11/20/2017 14:00:00,ECB's President Draghi speech,HIGH,EUR
abc2914a-512d-47a6-a920-8f7e5b93f97b,11/20/2017 16:00:00,ECB's President Draghi speech,HIGH,EUR
d2762b4e-48da-4770-9013-2ef669caf0bd,11/22/2017 19:00:00,FOMC Minutes,HIGH,USD
8b28ed56-b8ae-462a-8c0f-dcef17e4a262,11/23/2017 12:30:00,ECB Monetary Policy Meeting Accounts,HIGH,EUR
1f8774bf-742a-4ec2-9f06-87b0268950e6,11/28/2017 07:00:00,Bank Stress Test Results,HIGH,GBP
605d081e-3903-41ea-9a6f-dc8456135253,11/28/2017 07:30:00,BoE's Governor Carney speech,HIGH,GBP
9cad5443-493c-40e6-bb00-f5af709de18f,11/28/2017 16:30:00,BoC's Governor Poloz speech,HIGH,CAD
81d7b33a-74d7-469a-beb0-2051344a9fc4,11/29/2017 00:00:00,RBNZ's Governor Spencer speech,HIGH,NZD
35175350-25ad-4de8-b038-423acdf5cc28,11/29/2017 14:00:00,BoE's Governor Carney speech,HIGH,GBP
0d6faa70-7719-4c5f-ae28-332195a99cb4,11/29/2017 15:00:00,Fed's Chair Yellen testifies,HIGH,USD
54c272ae-6326-4450-ac10-2970422da986,12/06/2017 08:00:00,Non-Monetary Policy ECB Meeting,HIGH,EUR
25688209-ac07-4cad-8406-23e79eab1aaf,12/06/2017 15:00:00,BoC Interest Rate Decision,HIGH,CAD
1ed552a0-dda8-434c-871b-1f256d4bffa0,12/06/2017 15:00:00,BoC Monetary Policy Statement,HIGH,CAD
a4364180-35fc-4c77-ba6c-5b460de1cb49,12/07/2017 16:00:00,ECB's President Draghi speech,HIGH,EUR
721885c1-aa66-4703-a5b1-ed28ac1ceb42,12/12/2017 19:00:00,ECB's President Draghi speech,HIGH,EUR
85bd6359-5d76-4d6d-8c10-9a53fd1338dd,12/13/2017 19:00:00,Fed Interest Rate Decision,HIGH,USD
434c7b09-96be-4014-83d9-cca0412494de,12/13/2017 19:00:00,FOMC Economic Projections,HIGH,USD
3be42961-8ba5-4509-9bdd-c4040b276686,12/13/2017 19:30:00,FOMC Press Conference,HIGH,USD
6af1a735-6d00-406b-83f4-e4d6642ee572,12/14/2017 08:30:00,SNB Interest Rate Decision,HIGH,CHF
4c710a90-e6b1-4b63-a663-fca809701f70,12/14/2017 09:00:00,SNB Press Conference,HIGH,CHF
29da1e8b-de9f-40a7-a759-d9175e2d1136,12/14/2017 12:00:00,BoE Asset Purchase Facility,HIGH,GBP
a1ebc7d6-6dfb-4b28-9de4-32a0ddb8843d,12/14/2017 12:00:00,BoE Interest Rate Decision,HIGH,GBP
60cc642c-b734-4aa3-8b0c-bea560405aaa,12/14/2017 12:00:00,BoE Minutes,HIGH,GBP
d9b8a9c0-6aaf-405a-9086-1f826fbe3175,12/14/2017 12:00:00,BoE Monetary Policy Summary,HIGH,GBP
f17a1ff4-e889-45c4-829a-a353c4565517,12/14/2017 12:00:00,BoE MPC Vote Rate Cut,HIGH,GBP
d5380ed0-aa60-4d62-baa8-3e1940f81ad5,12/14/2017 12:00:00,BoE MPC Vote Rate Hike,HIGH,GBP
16cc09aa-cd66-4e71-ba2f-dc7e4bee40d0,12/14/2017 12:00:00,BoE MPC Vote Rate Unchanged,HIGH,GBP
41acd9e8-168c-4bca-9460-b44dbcf906f7,12/14/2017 12:45:00,ECB Main Refinancing Operations Rate,HIGH,EUR
a6683323-bc4a-4083-8789-69a76ef931c2,12/14/2017 12:45:00,ECB Rate On Deposit Facility,HIGH,EUR
bf8a7693-faae-4b1f-906e-e571b5f4e169,12/14/2017 13:30:00,ECB Press Conference,HIGH,EUR
293ab2a5-a2e7-4cab-8776-9b8f5535f531,12/14/2017 17:25:00,BoC's Governor Poloz speech,HIGH,CAD
78e74a3b-38ea-49bf-9e56-dda77b3acd28,12/20/2017 13:15:00,BoE's Governor Carney speech,HIGH,GBP
53f25fea-a207-4968-96c9-62af62940a67,12/21/2017 02:00:00,BoJ Interest Rate Decision,HIGH,JPY
9c537614-204d-472d-a04a-931346d2d170,12/21/2017 02:00:00,BoJ Monetary Policy Statement,HIGH,JPY
50c98f10-cae4-4e34-b68f-bcd13e170108,12/21/2017 06:30:00,BoJ Press Conference,HIGH,JPY
a8e0f49c-6864-4368-980b-8cbc20680527,12/25/2017 23:50:00,BoJ Monetary Policy Meeting Minutes,HIGH,JPY
fc296489-0a7a-4973-9e48-d64497ae78db,01/03/2018 19:00:00,FOMC Minutes,HIGH,USD
bd0c043b-0460-407d-a735-8d83564ec736,01/09/2018 08:00:00,Non-Monetary Policy ECB Meeting,HIGH,EUR
d2abcea7-addf-4ffb-816b-4b5f824e60d5,01/11/2018 12:30:00,ECB Monetary Policy Meeting Accounts,HIGH,EUR
dc053a3d-72c3-45e6-a59e-931fc7842ad6,01/17/2018 15:00:00,BoC Interest Rate Decision,HIGH,CAD
647462a7-4a30-469e-aba7-d190df464793,01/17/2018 15:00:00,BoC Monetary Policy Report,HIGH,CAD
a12391b7-25dc-45d8-8fa9-ed4e7de9b964,01/17/2018 15:00:00,BoC Monetary Policy Statement,HIGH,CAD
43b53522-1fa5-48ae-a053-e64d9da4bdaa,01/17/2018 16:15:00,BoC Press Conference,HIGH,CAD
01e38ee7-5c87-47eb-a13e-4ef9a1c2e8c6,01/23/2018 03:00:00,BoJ Monetary Policy Statement,HIGH,JPY
74d2ebf1-8b6d-47a2-acc5-c48a24757304,01/23/2018 03:14:00,BoJ Interest Rate Decision,HIGH,JPY
d6ca557d-9067-444f-98f2-8d3a37f0be67,01/23/2018 06:30:00,BoJ Press Conference,HIGH,JPY
273d1fef-931f-4a55-b1cb-ad04a947f93e,01/25/2018 12:45:00,ECB Main Refinancing Operations Rate,HIGH,EUR
ce214253-0feb-4625-a59e-a8977dd3c361,01/25/2018 12:45:00,ECB Rate On Deposit Facility,HIGH,EUR
cafebb90-c56f-4f0f-a0bf-b3830f6cb579,01/25/2018 13:30:00,ECB Press Conference,HIGH,EUR
7c40040c-5921-4dd3-869c-e048eb5ff5c6,01/25/2018 23:50:00,BoJ Monetary Policy Meeting Minutes,HIGH,JPY
adb2085d-a67c-480e-9b3f-cfa0accb04e0,01/26/2018 14:00:00,BoE's Governor Carney speech,HIGH,GBP
5385653f-27ba-4098-8193-68dbfb42059e,01/30/2018 15:30:00,BoE's Governor Carney speech,HIGH,GBP
eaf5cbfa-b673-462b-a640-36abf7c0b9d6,01/31/2018 19:00:00,Fed Interest Rate Decision,HIGH,USD
5b93b48d-c901-4d57-8a14-48b9ad075b8e,01/31/2018 19:00:00,Fed Monetary Policy Statement,HIGH,USD
6a54ada0-c172-4936-8aea-ce531771054d,02/05/2018 16:00:00,ECB's President Draghi speech,HIGH,EUR
8e159c0c-0ead-4a38-97ae-e8f5b02131e0,02/07/2018 08:00:00,Non-Monetary Policy ECB Meeting,HIGH,EUR
68b1b3f6-274a-4fbf-a2bc-de5b14a33c9e,02/07/2018 20:00:00,RBNZ Interest Rate Decision,HIGH,NZD
cf42761f-b81a-4bf6-b1b9-f657ac4f15be,02/07/2018 20:00:00,RBNZ Monetary Policy Review,HIGH,NZD
0e8265d0-121c-4924-b56e-9675379e7742,02/07/2018 20:00:00,RBNZ Monetary Policy Statement,HIGH,NZD
5a2f3dfb-5cc1-4745-9f0a-384ce87e599f,02/07/2018 21:00:00,RBNZ Press Conference,HIGH,NZD
744b69f1-094f-4e79-971b-7168c7f51181,02/08/2018 00:00:00,RBNZ's Governor Spencer speech,HIGH,NZD
252b81df-fa7c-45da-827e-dcc6016b23f9,02/08/2018 12:00:00,BoE Asset Purchase Facility,HIGH,GBP
658b8913-8ecd-4400-af0e-fb8063ea5a80,02/08/2018 12:00:00,BoE Interest Rate Decision,HIGH,GBP
bd7913f9-4f25-4f0e-a8bd-f6f5b1a31155,02/08/2018 12:00:00,BoE Minutes,HIGH,GBP
ff942f3b-a47a-49dc-a988-b4a529fdc3b2,02/08/2018 12:00:00,BoE Monetary Policy Summary,HIGH,GBP
968f54e0-2d33-427a-87cb-2078a45b9822,02/08/2018 12:00:00,BoE MPC Vote Rate Cut,HIGH,GBP
79d67130-8c8e-4cb5-8a53-4c9d72a19867,02/08/2018 12:00:00,BoE MPC Vote Rate Hike,HIGH,GBP
85d73a09-d7ea-4476-87ca-41ad5b7b1cfb,02/08/2018 12:00:00,BoE MPC Vote Rate Unchanged,HIGH,GBP
cbd50797-8858-4d23-b21a-4549824bdf56,02/08/2018 12:30:00,BoE's Governor Carney speech,HIGH,GBP
4547d5b7-e823-40ef-bd96-6f524cd77372,02/19/2018 18:45:00,BoE's Governor Carney speech,HIGH,GBP
bec3bc45-68b4-40f1-922f-2af72fa3b1d0,02/20/2018 23:00:00,RBNZ's Governor Spencer speech,HIGH,NZD
0560a332-9b76-4b6b-821a-8f69e7ae2b7c,02/21/2018 08:00:00,Non-Monetary Policy ECB Meeting,HIGH,EUR
df870c5d-dfd1-407c-a55c-66e734ba4aa0,02/21/2018 14:15:00,BoE Monetary Policy Report Hearings,HIGH,GBP
bbfbe49d-683b-4577-8140-ed1544a54ec1,02/21/2018 14:15:00,BoE's Governor Carney speech,HIGH,GBP
707d8b35-9d85-4348-823b-5e28769c87ad,02/21/2018 19:00:00,FOMC Minutes,HIGH,USD
c475e965-4d56-4ce9-8359-16de185a988a,02/22/2018 12:30:00,ECB Monetary Policy Meeting Accounts,HIGH,EUR
6e0cb49f-489d-460c-8b4d-4157ff4c5e1f,02/26/2018 14:40:00,ECB's President Draghi speech,HIGH,EUR
6bc95402-6c4f-47db-a7a3-5fe1efae5784,02/27/2018 13:30:00,Fed's Powell speech,HIGH,USD
272620ac-c79d-4842-8d58-efd2a785dd63,03/01/2018 15:00:00,Fed's Powell speech,HIGH,USD
e4ba09fd-d72b-48e4-b2e5-840aa751dae1,03/02/2018 00:00:00,BoE's Governor Carney speech,HIGH,GBP
35cb5369-2513-4d2e-bb1a-5d9583d9f1a5,03/02/2018 10:00:00,BoE's Governor Carney speech,HIGH,GBP
da06a851-b0ad-48a2-a7de-753e56aee6b7,03/07/2018 15:00:00,BoC Interest Rate Decision,HIGH,CAD
f895a162-6114-45b2-afb2-f1a324348b61,03/07/2018 15:00:00,BoC Monetary Policy Statement,HIGH,CAD
eabbc422-ffe0-43a4-8320-4791a3955a45,03/08/2018 12:45:00,ECB Main Refinancing Operations Rate,HIGH,EUR
ea390e85-9ceb-4dfe-a13b-4d26d1ed5a6c,03/08/2018 12:45:00,ECB Rate On Deposit Facility,HIGH,EUR
2146cd6b-6e33-4167-9fb7-e090a024f0ce,03/08/2018 13:30:00,ECB Press Conference,HIGH,EUR
7eeefa85-a766-4073-80a2-758bd6fa5c68,03/08/2018 16:00:00,BoC's Governor Poloz speech,HIGH,CAD
db86529a-c297-4235-a39f-5fb3bbc720d2,03/09/2018 02:00:00,BoJ Monetary Policy Statement,HIGH,JPY
b01866d5-0f1d-4324-938d-e34de9ee3342,03/09/2018 02:46:00,BoJ Interest Rate Decision,HIGH,JPY
6e68b77e-ccab-4da5-8c99-910b0885bbcb,03/09/2018 06:30:00,BoJ Press Conference,HIGH,JPY
071e5e7d-54d6-46dd-94e4-8040854619e7,03/12/2018 23:45:00,RBNZ's Governor Spencer speech,HIGH,NZD
bf395585-ccd6-4608-a483-a38a1e799f6a,03/13/2018 14:30:00,BoC's Governor Poloz speech,HIGH,CAD
f00c4c73-3192-41c9-8b8a-06102c8549b6,03/13/2018 23:50:00,BoJ Monetary Policy Meeting Minutes,HIGH,JPY
daeb92e9-76e0-4d44-8eab-6dd601161c36,03/14/2018 08:00:00,ECB's President Draghi speech,HIGH,EUR
b6539588-fa5d-4782-9af6-ac5b211ce000,03/15/2018 08:30:00,SNB Interest Rate Decision,HIGH,CHF
a1dc0c18-f150-410d-882c-08f8ff0d61ac,03/21/2018 18:00:00,Fed Interest Rate Decision,HIGH,USD
a244489b-bddd-4c9e-838b-222edcd0962b,03/21/2018 18:00:00,Fed Monetary Policy Statement,HIGH,USD
c3519f88-ebbe-4f8d-aac5-014267b64dc4,03/21/2018 18:00:00,Fed's Powell speech,HIGH,USD
b993c9b4-5910-4b19-9267-b579e4695289,03/21/2018 18:00:00,FOMC Economic Projections,HIGH,USD
c531a39d-30d3-41e0-9549-403fa7d63824,03/21/2018 18:30:00,FOMC Press Conference,HIGH,USD
7459288c-16e6-4e07-acaa-63004b7b1f98,03/21/2018 20:00:00,RBNZ Interest Rate Decision,HIGH,NZD
33835dfd-28dc-4d94-8b21-281268ca9440,03/21/2018 20:00:00,RBNZ Monetary Policy Review,HIGH,NZD
299d280f-e95d-400d-b7f5-bb39958e9174,03/22/2018 12:00:00,BoE Asset Purchase Facility,HIGH,GBP
d093b634-8a5c-430a-b37a-fe369a28daec,03/22/2018 12:00:00,BoE Interest Rate Decision,HIGH,GBP
c63695ed-f56c-4fec-974e-0b8cd4dbfe01,03/22/2018 12:00:00,BoE Minutes,HIGH,GBP
9f638a5e-1fe4-4850-9637-4c391004142d,03/22/2018 12:00:00,BoE Monetary Policy Summary,HIGH,GBP
c35b3296-c8b9-4ea7-a200-76044259d856,03/22/2018 12:00:00,BoE MPC Vote Rate Cut,HIGH,GBP
d3808e41-428f-45a8-b61e-63e7e8d8c8ea,03/22/2018 12:00:00,BoE MPC Vote Rate Hike,HIGH,GBP
9afe82d8-66b2-4506-b08d-36eb22b70e81,03/22/2018 12:00:00,BoE MPC Vote Rate Unchanged,HIGH,GBP
9d7003d0-f2b4-401f-a852-fafd17353212,04/06/2018 15:15:00,BoE's Governor Carney speech,HIGH,GBP
db6b0225-8cc7-4bbb-9db3-59ab0321fb16,04/06/2018 17:30:00,Fed's Powell speech,HIGH,USD
ff60419e-344a-435e-bfdb-5ddc54720b70,04/11/2018 11:00:00,ECB's President Draghi speech,HIGH,EUR
7ee67bc2-8649-44c9-bced-ab900da20795,04/11/2018 18:00:00,FOMC Minutes,HIGH,USD
4f03a3bc-20f6-498d-8258-563a19972e57,04/12/2018 11:30:00,ECB Monetary Policy Meeting Accounts,HIGH,EUR
7b61deef-f08a-47f2-a33a-bab9702e1658,04/12/2018 19:00:00,BoE's Governor Carney speech,HIGH,GBP
61bb40fd-4cb9-4ce9-8544-953eea6e2693,04/18/2018 14:00:00,BoC Interest Rate Decision,HIGH,CAD
121323af-493a-413d-b8c5-b86b311916c6,04/18/2018 14:00:00,BoC Monetary Policy Report,HIGH,CAD
0db29468-b52a-4112-a1ba-eb7d59833cd2,04/18/2018 14:00:00,BoC Monetary Policy Statement,HIGH,CAD
e1d1ac41-e775-43ed-88d2-9a097909b55b,04/18/2018 15:15:00,BoC Press Conference,HIGH,CAD
efd6fb6e-2a93-42e5-9384-29f27c903166,04/23/2018 19:30:00,BoC's Governor Poloz speech,HIGH,CAD
827acbba-2acc-48e3-87cb-85bd75ee9f17,04/25/2018 20:15:00,BoC's Governor Poloz speech,HIGH,CAD
356d59dd-b0b3-4b7f-8f2c-4d55089759e3,04/26/2018 11:45:00,ECB Main Refinancing Operations Rate,HIGH,EUR
b9b2a7f1-1bfc-4f85-8909-0ed69c48fd85,04/26/2018 11:45:00,ECB Rate On Deposit Facility,HIGH,EUR
1dd1f932-c08d-4f94-b273-a618ab86e066,04/26/2018 12:30:00,ECB Press Conference,HIGH,EUR
f03c85c6-e187-4fe7-a2ca-9260af2d397c,04/27/2018 02:00:00,BoJ Monetary Policy Statement,HIGH,JPY
0287cf59-a9e1-482e-9773-7f62030d1263,04/27/2018 03:05:14,BoJ Interest Rate Decision,HIGH,JPY
6a88f6a2-2186-4dd2-9e2b-615b59e9b5f5,04/27/2018 06:30:00,BoJ Press Conference,HIGH,JPY
318c7a02-cc0a-4a86-8964-b555f7ec0108,04/27/2018 14:00:00,BoE's Governor Carney speech,HIGH,GBP
55ec8f2c-8ecd-4377-ba2d-a21620485144,05/01/2018 18:30:00,BoC's Governor Poloz speech,HIGH,CAD
efd93b30-600a-41be-a685-e3dbfc335923,05/02/2018 18:00:00,Fed Interest Rate Decision,HIGH,USD
e8077999-bdb5-4bb7-bcb4-f24a7ed3f2fd,05/02/2018 18:00:00,Fed Monetary Policy Statement,HIGH,USD
1117f05b-13a2-4bc9-b179-a67174fae75b,05/06/2018 23:50:00,BoJ Monetary Policy Meeting Minutes,HIGH,JPY
8e2fe8ea-4227-43d9-83b4-0d65a48da789,05/08/2018 07:15:00,Fed's Powell speech,HIGH,USD
8243561d-b9f9-4daf-865a-3af66e44882f,05/09/2018 21:00:00,RBNZ Interest Rate Decision,HIGH,NZD
4d44fb63-0058-449d-b93a-3ae0c9974fff,05/09/2018 21:00:00,RBNZ Monetary Policy Review,HIGH,NZD
6199bb67-61ca-435b-813d-ad0f4c25c755,05/09/2018 21:00:00,RBNZ Monetary Policy Statement,HIGH,NZD
1523bb42-1bdd-4600-af50-adf5edc8c6c4,05/09/2018 22:00:00,RBNZ Press Conference,HIGH,NZD
e0411745-7d74-4bad-af52-5c1906e56953,05/10/2018 01:10:00,RBNZ's Governor Orr speech,HIGH,NZD
07dbcdbd-a1aa-465d-9f25-f752961862c2,05/10/2018 11:00:00,BoE Asset Purchase Facility,HIGH,GBP
f4289db8-03f6-4f7e-8c15-c5da555ec675,05/10/2018 11:00:00,BoE Interest Rate Decision,HIGH,GBP
cc62005d-ec93-4947-8635-9f5d153b7c4a,05/10/2018 11:00:00,BoE Minutes,HIGH,GBP
ea9176ce-a61c-433b-b85f-b404b4e03a2f,05/10/2018 11:00:00,BoE Monetary Policy Summary,HIGH,GBP
a26650c2-bf95-4855-930d-694ed8cc1d0d,05/10/2018 11:00:00,BoE MPC Vote Rate Cut,HIGH,GBP
4898b31c-6655-4693-bb24-cfcd572462a5,05/10/2018 11:00:00,BoE MPC Vote Rate Hike,HIGH,GBP
79296d47-8768-49f0-8927-682a7e65d13f,05/10/2018 11:00:00,BoE MPC Vote Rate Unchanged,HIGH,GBP
bc67d42f-b8f6-460f-8298-c99c2ca9521f,05/10/2018 11:30:00,BoE's Governor Carney speech,HIGH,GBP
614bfce4-07ef-4934-bf12-6b06757e5dc0,05/11/2018 13:15:00,ECB's President Draghi speech,HIGH,EUR
3a07f9a0-06a4-42f1-9e23-f78de10bb079,05/16/2018 12:00:00,ECB's President Draghi speech,HIGH,EUR
57eac4fe-54b6-44ba-bb85-95013e9c6208,05/22/2018 08:15:00,BoE's Governor Carney speech,HIGH,GBP
8a327e97-f4b4-4012-a68d-b29db74ad407,05/22/2018 09:00:00,BoE Monetary Policy Report Hearings,HIGH,GBP
47bbc7f1-9abd-4d82-a98f-a5a53531e558,05/23/2018 18:00:00,FOMC Minutes,HIGH,USD
73032907-5812-4bae-911c-5f3f5f254d43,05/24/2018 08:00:00,BoE's Governor Carney speech,HIGH,GBP
fa085cae-2e8b-486a-80c4-ce1c8f78c772,05/24/2018 11:30:00,ECB Monetary Policy Meeting Accounts,HIGH,EUR
789a4959-e086-4d18-bfe0-282fcae92fa2,05/24/2018 17:00:00,BoE's Governor Carney speech,HIGH,GBP
c4fca073-0837-4aed-a8ac-c7983fade473,05/25/2018 13:20:00,BoE's Governor Carney speech,HIGH,GBP
e46cf927-4abb-45ec-9b7b-3baeb65e7eac,05/25/2018 13:20:00,Fed's Powell speech,HIGH,USD
270fbdca-7fcb-4402-8c08-197ec5ac9f9c,05/30/2018 01:10:00,RBNZ's Governor Orr speech,HIGH,NZD
c7efd1e9-5900-4745-a596-116444beb151,05/30/2018 14:00:00,BoC Interest Rate Decision,HIGH,CAD
02f90ac8-d9bc-4d79-9840-e2d8723027e9,05/30/2018 14:00:00,BoC Monetary Policy Statement,HIGH,CAD
23f1385e-f118-4cb5-b140-2857ec6fdd21,06/07/2018 15:15:00,BoC's Governor Poloz speech,HIGH,CAD
f929ada5-03f5-444d-8cff-4789418ff96d,06/13/2018 18:00:00,Fed Interest Rate Decision,HIGH,USD
df4034e7-b3d4-46ed-acc2-50a19c42512c,06/13/2018 18:00:00,Fed Monetary Policy Statement,HIGH,USD
0e89e3e2-95f3-4e02-963e-eeebcf7466d9,06/13/2018 18:00:00,FOMC Economic Projections,HIGH,USD
c54b0906-b326-449f-8539-c7a0545f16a9,06/13/2018 18:30:00,FOMC Press Conference,HIGH,USD
fa39ec5e-0db4-4ddf-86d8-d8d871688187,06/14/2018 11:45:00,ECB Main Refinancing Operations Rate,HIGH,EUR
d2c31220-d51e-461f-9cd7-4bc1cdcd2488,06/14/2018 11:45:00,ECB Rate On Deposit Facility,HIGH,EUR
ff377049-395c-428c-96b4-972343afa8a3,06/14/2018 12:30:00,ECB Press Conference,HIGH,EUR
fdc96b33-0814-436d-a855-6d23e5831c79,06/15/2018 04:00:00,BoJ Interest Rate Decision,HIGH,JPY
bcd1e104-7d55-4aff-8b0b-a9f4ec2e9447,06/15/2018 04:00:00,BoJ Monetary Policy Statement,HIGH,JPY
772ee1ff-0f5f-4914-9c03-4421aeb69191,06/15/2018 04:00:00,BoJ Press Conference,HIGH,JPY
9185336d-f9d4-4266-8811-1cfbc89eff3c,06/18/2018 17:30:00,ECB's President Draghi speech,HIGH,EUR
6957fbcb-58db-4b59-8e53-35a86b26d52f,06/19/2018 08:00:00,ECB's President Draghi speech,HIGH,EUR
468abfee-198c-4f78-9b3e-0bdf78fe2dd1,06/19/2018 23:50:00,BoJ Monetary Policy Meeting Minutes,HIGH,JPY
ce4a00e7-f7d8-43d3-b858-eaa918c6d431,06/20/2018 13:30:00,ECB's President Draghi speech,HIGH,EUR
4e7c218f-68ce-4c35-91dd-2b9878df20bd,06/20/2018 13:30:00,BoJ's Governor Kuroda speech,HIGH,JPY
75332dd0-c14c-4b69-b476-4be28497adc2,06/20/2018 13:30:00,Fed's Powell speech,HIGH,USD
b030fd04-c7e1-4d54-9b6e-bcffcc68b0ef,06/21/2018 07:30:00,SNB Interest Rate Decision,HIGH,CHF
eaa23673-66c8-494c-8fab-22cba6f655fb,06/21/2018 07:30:00,SNB Monetary Policy Assessment,HIGH,CHF
002cb6e0-eea6-4b29-8f59-54bfc4687f79,06/21/2018 08:30:00,SNB Press Conference,HIGH,CHF
bea434e3-abf7-4a61-9ee7-048c01bdb560,06/21/2018 11:00:00,BoE Asset Purchase Facility,HIGH,GBP
5fcc9fed-d900-4d8e-a4f9-8bd8ddc4878b,06/21/2018 11:00:00,BoE Interest Rate Decision,HIGH,GBP
d2a363c2-bc5a-423a-9e07-94dbb48fb83f,06/21/2018 11:00:00,BoE Minutes,HIGH,GBP
9d3609c0-9e5d-4a76-93c2-2f0526643170,06/21/2018 11:00:00,BoE Monetary Policy Summary,HIGH,GBP
52644dab-50db-4c8e-83aa-3da8ec2619ba,06/21/2018 11:00:00,BoE MPC Vote Rate Cut,HIGH,GBP
1f72698c-07cb-4a98-a79b-37d51edd1052,06/21/2018 11:00:00,BoE MPC Vote Rate Hike,HIGH,GBP
04e4eea1-d948-41ff-b2a8-597379719029,06/21/2018 11:00:00,BoE MPC Vote Rate Unchanged,HIGH,GBP
ef2ecd64-c1f8-4f25-bfba-b9ee0891e6a0,06/21/2018 20:15:00,BoE's Governor Carney speech,HIGH,GBP
34fbf62f-9637-4a6e-b1ef-d874e1f0e2fe,06/21/2018 20:30:00,Bank Stress Test Results,HIGH,USD
15744235-7c88-4252-9bb0-62d19824a61c,06/27/2018 10:00:00,BoE's Governor Carney speech,HIGH,GBP
137ca426-4243-4d28-a909-daa3106b811d,06/27/2018 19:00:00,BoC's Governor Poloz speech,HIGH,CAD
7b865a7b-c72f-4eed-96af-cad50d0acc2b,06/27/2018 21:00:00,RBNZ Interest Rate Decision,HIGH,NZD
7fb9d480-ca66-4903-839f-2412564bca78,06/27/2018 21:00:00,RBNZ Monetary Policy Review,HIGH,NZD
4b2e3114-f461-4622-8dbf-c72e85f23795,07/05/2018 10:00:00,BoE's Governor Carney speech,HIGH,GBP
b2ae74d9-3b23-432e-a6ba-41d192c39097,07/05/2018 18:00:00,FOMC Minutes,HIGH,USD
0faf1a5c-500a-4f51-a58d-b34721108ddb,07/09/2018 00:30:00,BoJ's Governor Kuroda speech,HIGH,JPY
8e7ce0c7-b00b-44b4-ba01-fae5cdd8f631,07/09/2018 13:00:00,ECB's President Draghi speech,HIGH,EUR
e9c97a01-893d-48f9-8de5-4577e47f16d4,07/09/2018 15:00:00,ECB's President Draghi speech,HIGH,EUR
ab6dd7e8-8440-4e5d-a14c-4a5e6e2e186c,07/11/2018 07:00:00,ECB's President Draghi speech,HIGH,EUR
7771a559-0c83-4ffe-8230-fa3fdb4ec345,07/11/2018 14:00:00,BoC Interest Rate Decision,HIGH,CAD
afd2125a-5f41-4cd1-b546-600a06b12ddc,07/11/2018 14:00:00,BoC Monetary Policy Report,HIGH,CAD
017866a2-7a86-45d7-bc29-c0496223dc15,07/11/2018 14:00:00,BoC Monetary Policy Statement,HIGH,CAD
ff540119-e526-4491-bce1-32361ab9b0d5,07/11/2018 15:15:00,BoC Press Conference,HIGH,CAD
7c5d0c1a-3a1c-4cee-9fc0-77b1f6ff1c6c,07/11/2018 15:35:00,BoE's Governor Carney speech,HIGH,GBP
da313373-9744-4643-8cfa-32da4e8e533b,07/12/2018 11:30:00,ECB Monetary Policy Meeting Accounts,HIGH,EUR
43b5e322-5f98-45c8-8243-7576915eeb35,07/12/2018 17:30:00,Fed's Powell speech,HIGH,USD
ed2b4647-8da4-4d42-84c3-2c50e1725e2b,07/17/2018 08:00:00,BoE's Governor Carney speech,HIGH,GBP
b49e1cc9-30c2-4bbb-a2d9-b8ca21766538,07/17/2018 14:00:00,Fed's Powell speech,HIGH,USD
45b51509-ab2e-4963-97e8-a506283d65fa,07/18/2018 14:00:00,Fed's Powell speech,HIGH,USD
23271a38-9e04-4428-9b91-a71080dc6b9a,07/26/2018 11:45:00,ECB Main Refinancing Operations Rate,HIGH,EUR
2003341f-464e-411e-969f-e946a2681e97,07/26/2018 11:45:00,ECB Rate On Deposit Facility,HIGH,EUR
646c3a53-bc24-42db-9309-aaa90da416c7,07/26/2018 12:30:00,ECB Press Conference,HIGH,EUR
f4ae421c-201b-4d22-9f8d-9437fde9b93a,07/31/2018 02:00:00,BoJ Interest Rate Decision,HIGH,JPY
4f341b2a-c77e-48a5-a1d3-61e82c1e6deb,07/31/2018 02:00:00,BoJ Monetary Policy Statement,HIGH,JPY
e60aa40b-d674-4ce1-92ae-024e14eb1ca3,07/31/2018 05:00:00,BoJ Press Conference,HIGH,JPY
5f753124-b90a-4c5d-84cb-6bdccfcd92a3,08/01/2018 18:00:00,Fed Interest Rate Decision,HIGH,USD
925391db-8abc-40f5-a6b5-7192556d33f7,08/01/2018 18:00:00,Fed Monetary Policy Statement,HIGH,USD
1f4aa791-8065-4ae4-8884-3471234523bb,08/02/2018 11:00:00,BoE Asset Purchase Facility,HIGH,GBP
936e33de-1dd7-4fe1-a370-8f9dd03e12f1,08/02/2018 11:00:00,BoE Interest Rate Decision,HIGH,GBP
e9f5e9fd-4633-4822-8ccd-e44e3917240c,08/02/2018 11:00:00,BoE Minutes,HIGH,GBP
3372d5f8-e772-48bb-b5ef-f7b6b862e12d,08/02/2018 11:00:00,BoE Monetary Policy Report,HIGH,GBP
f26d9613-6f8a-4c24-8122-06fab89929d3,08/02/2018 11:00:00,BoE Monetary Policy Summary,HIGH,GBP
6e1e1ccb-82b2-418e-add0-1451909c76fe,08/02/2018 11:00:00,BoE MPC Vote Rate Cut,HIGH,GBP
75b077b1-2023-4cb0-bafe-d4cb82537bad,08/02/2018 11:00:00,BoE MPC Vote Rate Hike,HIGH,GBP
b19c006e-932a-4b03-8274-afa02621668f,08/02/2018 11:00:00,BoE MPC Vote Rate Unchanged,HIGH,GBP
019ca9be-4acd-4b66-b234-6963f4281d1d,08/02/2018 11:30:00,BoE's Governor Carney speech,HIGH,GBP
6ad07519-36df-4ade-b079-644e8bee11d8,08/02/2018 23:50:00,BoJ Monetary Policy Meeting Minutes,HIGH,JPY
d78d0156-08a2-42a4-8898-518e29443010,08/08/2018 21:00:00,RBNZ Interest Rate Decision,HIGH,NZD
2194112f-862a-4c49-93ab-6dd72df85132,08/08/2018 21:00:00,RBNZ Monetary Policy Review,HIGH,NZD
13ce5e96-6e3a-43e7-9e37-022b06f6caee,08/08/2018 21:00:00,RBNZ Monetary Policy Statement,HIGH,NZD
2d0d9668-0622-485d-8a26-267aed59e6c8,08/08/2018 22:00:00,RBNZ Press Conference,HIGH,NZD
5added6b-c91c-4202-9cbb-7c6ef23f193d,08/22/2018 18:00:00,FOMC Minutes,HIGH,USD
e0a98e25-b639-4606-a3d1-b62e80ae1056,08/23/2018 00:00:00,Jackson Hole Symposium,HIGH,USD
4f7c4106-23dd-4837-a600-b5988be719a5,08/23/2018 11:30:00,ECB Monetary Policy Meeting Accounts,HIGH,EUR
f8ce966c-a855-4fc5-9427-5afe219da53e,08/24/2018 00:00:00,Jackson Hole Symposium,HIGH,USD
5320f8b3-87cb-4dd0-a0ca-29b81a149353,08/24/2018 14:00:00,Fed's Powell speech,HIGH,USD
bad6fe6c-4046-43d5-af1a-3932ee91eaf3,08/25/2018 00:00:00,Jackson Hole Symposium,HIGH,USD
a8bc53d9-6eab-4216-92d5-a71f4c15b89a,08/25/2018 16:25:00,BoC's Governor Poloz speech,HIGH,CAD
ffe3ed6a-83f1-4028-bbe0-15492de1ca69,09/03/2018 05:40:00,BoJ's Governor Kuroda speech,HIGH,JPY
519f7aad-0e37-4c0c-8618-c8ddf363d758,09/04/2018 12:15:00,BoE Monetary Policy Report Hearings,HIGH,GBP
284d9621-9487-4f06-81fc-2638ebb9415c,09/05/2018 14:00:00,BoC Interest Rate Decision,HIGH,CAD
46685ddf-c510-41bc-8b84-5bd1c6a9e2a0,09/05/2018 14:00:00,BoC Monetary Policy Statement,HIGH,CAD
c3cf2eb7-fe15-4863-a13e-819cafc6345a,09/06/2018 21:30:00,RBNZ's Governor Orr speech,HIGH,NZD
de726a95-3fd8-4e9e-a9cf-1b21d4e62950,09/13/2018 11:00:00,BoE Asset Purchase Facility,HIGH,GBP
7a63d5f1-49c5-434b-be35-d8bab4fe6327,09/13/2018 11:00:00,BoE Interest Rate Decision,HIGH,GBP
e6fc6b42-c314-4031-91c9-ae9542fd7905,09/13/2018 11:00:00,BoE Minutes,HIGH,GBP
9c820991-e95a-4b45-93cb-52a6bd4c8f1c,09/13/2018 11:00:00,BoE Monetary Policy Summary,HIGH,GBP
896b46fe-bca8-477e-9622-386ac023f4bc,09/13/2018 11:00:00,BoE MPC Vote Rate Cut,HIGH,GBP
72c9f464-e852-409c-8e09-4804c1b5d8fb,09/13/2018 11:00:00,BoE MPC Vote Rate Hike,HIGH,GBP
5a4c6adf-e301-493a-9f77-84b1902d6013,09/13/2018 11:00:00,BoE MPC Vote Rate Unchanged,HIGH,GBP
94b9ac7f-6b30-4015-9d28-4012bb421f4b,09/13/2018 11:45:00,ECB Main Refinancing Operations Rate,HIGH,EUR
7ef6a847-9a65-4f23-b670-9761ef97b1cd,09/13/2018 11:45:00,ECB Rate On Deposit Facility,HIGH,EUR
ace711e7-1290-4a94-85b8-a00af0390650,09/13/2018 12:30:00,ECB Press Conference,HIGH,EUR
5f37cf1a-5502-4df6-a926-4d001e8820c2,09/14/2018 10:00:00,BoE's Governor Carney speech,HIGH,GBP
3cefc33c-aabc-4d4a-afe5-b22f0ffad334,09/18/2018 07:15:00,ECB's President Draghi speech,HIGH,EUR
f5cb85cc-dca1-4ab3-8e98-e6d8168d4933,09/19/2018 02:59:00,BoJ Monetary Policy Statement,HIGH,JPY
5239b814-6e89-47a5-8315-27b4f6f99d20,09/19/2018 02:59:16,BoJ Interest Rate Decision,HIGH,JPY
d7571b72-66c9-4dfd-9dc5-3410c64171c2,09/19/2018 06:00:00,BoJ Press Conference,HIGH,JPY
3b33e7ee-dc6c-48ce-8e2f-03a7e904352a,09/19/2018 13:00:00,ECB's President Draghi speech,HIGH,EUR
9b94768e-3f4f-4dcc-ae29-55ad095c7a2a,09/20/2018 07:30:00,SNB Interest Rate Decision,HIGH,CHF
59536dca-8e2b-4c98-a11e-484a0567d4bb,09/20/2018 07:30:00,SNB Monetary Policy Assessment,HIGH,CHF
1fe0d7ec-a2a5-4d18-9d9d-5363be947750,09/24/2018 13:00:00,ECB's President Draghi speech,HIGH,EUR
e256d911-c3c1-42fb-8428-758ba23d9502,09/24/2018 23:50:00,BoJ Monetary Policy Meeting Minutes,HIGH,JPY
04623b52-f0c0-48e8-91dd-2d08e93f667b,09/25/2018 05:35:00,BoJ's Governor Kuroda speech,HIGH,JPY
0ece3532-81b2-462a-8ec8-fc11f09cea3b,09/26/2018 18:00:00,Fed Interest Rate Decision,HIGH,USD
a5b83da2-5e72-4a8c-8232-0f249bb3b824,09/26/2018 18:00:00,Fed Monetary Policy Statement,HIGH,USD
c622bc2a-be41-4e6c-8bb0-1a66f11256f1,09/26/2018 18:00:00,FOMC Economic Projections,HIGH,USD
789f9165-b51b-4a30-8431-c53aaff0f0c0,09/26/2018 18:30:00,FOMC Press Conference,HIGH,USD
d81be1c9-4354-449b-9974-6a21e19e218d,09/26/2018 21:00:00,RBNZ Interest Rate Decision,HIGH,NZD
3dca4a19-71fc-4005-87b6-fe6c2a8817c2,09/26/2018 21:00:00,RBNZ Monetary Policy Review,HIGH,NZD
6c23c896-65bc-4afb-8deb-c59b927bc6e8,09/26/2018 22:00:00,RBNZ Press Conference,HIGH,NZD
52e7f330-00ad-4fb8-9f71-12355410fde3,09/27/2018 06:35:00,BoJ's Governor Kuroda speech,HIGH,JPY
f2bb6bd6-e53f-4bc7-ae4f-618bd4206352,09/27/2018 13:30:00,ECB's President Draghi speech,HIGH,EUR
bb5fcb18-e0ac-4503-b341-e36295a5fc25,09/27/2018 14:00:00,BoE's Governor Carney speech,HIGH,GBP
d3477d1c-7b5f-48a7-a03e-60bbf94372b9,09/27/2018 20:30:00,Fed's Powell speech,HIGH,USD
32e6d65b-abaf-4289-96af-45955db34b3b,09/27/2018 21:45:00,BoC's Governor Poloz speech,HIGH,CAD
d552ce3c-3e87-4075-8a14-0066b0c4969a,10/02/2018 16:45:00,Fed's Powell speech,HIGH,USD
566815cf-2fb9-4e84-af9a-d2168828fd76,10/03/2018 20:00:00,Fed's Powell speech,HIGH,USD
33fc606f-bbb0-4c2c-a5b9-223a43f34be1,10/11/2018 05:00:00,BoE's Governor Carney speech,HIGH,GBP
822df525-06fb-4923-83ab-1c5463cea24a,10/11/2018 09:00:00,BoE's Governor Carney speech,HIGH,GBP
3663dc62-44b4-4d1d-b1d9-27786e4c2800,10/11/2018 11:30:00,ECB Monetary Policy Meeting Accounts,HIGH,EUR
18a327bd-8d2a-4423-a418-70655cbeaca2,10/17/2018 18:00:00,FOMC Minutes,HIGH,USD
043f02e9-1214-4c73-81cb-89251622c8d1,10/18/2018 00:30:00,BoJ's Governor Kuroda speech,HIGH,JPY
4235264c-2cc3-4501-af7b-df0d6a9b6152,10/19/2018 06:35:00,BoJ's Governor Kuroda speech,HIGH,JPY
8e39faba-bcc9-4cbd-97ee-4917a355c9bb,10/19/2018 16:10:00,BoE's Governor Carney speech,HIGH,GBP
cdcef375-fef7-4233-b908-d723a28411ed,10/23/2018 15:20:00,BoE's Governor Carney speech,HIGH,GBP
84ec65d2-1da8-4cc0-b501-c3c5b882d2be,10/24/2018 14:00:00,BoC Interest Rate Decision,HIGH,CAD
ef8b3d4e-d8fb-444d-a361-048b685350c5,10/24/2018 14:00:00,BoC Monetary Policy Report,HIGH,CAD
b7efd08d-ba46-4edd-9e04-66fec57b2bf7,10/24/2018 14:00:00,BoC Monetary Policy Statement,HIGH,CAD
54bccc7a-5324-492e-8636-0885dfed8837,10/24/2018 15:15:00,BoC Press Conference,HIGH,CAD
e8809044-0e25-49fd-86d7-3185032f7dbf,10/25/2018 11:45:00,ECB Main Refinancing Operations Rate,HIGH,EUR
2b94035f-66da-426e-8f6b-8cb9e387fa11,10/25/2018 11:45:00,ECB Rate On Deposit Facility,HIGH,EUR
d8c22096-c461-4ff0-8569-ef14df55f4ed,10/25/2018 12:30:00,ECB Press Conference,HIGH,EUR
a0055ab9-0f4a-4ec7-9420-d7afceb71500,10/26/2018 14:00:00,ECB's President Draghi speech,HIGH,EUR
fdcfa6a6-678f-4dde-a86c-26b1c1ac0fab,10/30/2018 19:30:00,BoC's Governor Poloz speech,HIGH,CAD
dc7dfd21-77db-43f1-9f4c-4d7bbbcab55d,10/31/2018 02:00:00,BoJ Monetary Policy Statement,HIGH,JPY
94890870-1038-42b9-9ccd-b665a02dbd6a,10/31/2018 03:09:17,BoJ Interest Rate Decision,HIGH,JPY
b62c3e0b-7d0c-444d-9b47-6dc6bf0314d1,10/31/2018 06:00:00,BoJ Press Conference,HIGH,JPY
dd2aacb2-3b8a-4066-b96f-52ad7d37e0c0,10/31/2018 20:15:00,BoC's Governor Poloz speech,HIGH,CAD
e4cdfe41-29fb-496b-8946-4db93093029a,11/01/2018 12:00:00,BoE Asset Purchase Facility,HIGH,GBP
43b23ffb-b1e8-4b1c-b249-308302601c30,11/01/2018 12:00:00,BoE Interest Rate Decision,HIGH,GBP
6f81b39a-ebe7-4198-9850-cbda6413cc2a,11/01/2018 12:00:00,BoE Minutes,HIGH,GBP
52c51f82-ea6d-4895-b85c-2be89480dc80,11/01/2018 12:00:00,BoE Monetary Policy Report,HIGH,GBP
02a90c02-ae7c-4d72-8182-9d61e9d4aa74,11/01/2018 12:00:00,BoE Monetary Policy Summary,HIGH,GBP
178ec3f5-f588-4767-ab75-0a6aec89fdd3,11/01/2018 12:00:00,BoE MPC Vote Rate Cut,HIGH,GBP
9300783d-7ade-43ad-9ba1-f6733ae3be23,11/01/2018 12:00:00,BoE MPC Vote Rate Hike,HIGH,GBP
3e53c9da-991e-4461-a2d3-b2458b634f05,11/01/2018 12:00:00,BoE MPC Vote Rate Unchanged,HIGH,GBP
e2cb19e4-7422-4217-a809-f0419452aca5,11/01/2018 12:30:00,BoE's Governor Carney speech,HIGH,GBP
beaca0ac-82ad-4733-b60d-1d9c46500eba,11/04/2018 23:50:00,BoJ Monetary Policy Meeting Minutes,HIGH,JPY
9ecf8042-ffeb-4918-8edf-b9e2654aff16,11/05/2018 01:00:00,BoJ's Governor Kuroda speech,HIGH,JPY
9817ffef-da00-489b-ad3b-e5c5be8da096,11/05/2018 13:10:00,BoC's Governor Poloz speech,HIGH,CAD
d333c445-1afc-464e-9982-9030b283aa0f,11/07/2018 20:00:00,RBNZ Interest Rate Decision,HIGH,NZD
343a2583-d2e1-4f2d-9028-d15b1af0d771,11/07/2018 20:00:00,RBNZ Monetary Policy Review,HIGH,NZD
e015e5a4-8abe-40a6-a00b-17dd60e38984,11/07/2018 20:00:00,RBNZ Monetary Policy Statement,HIGH,NZD
507df15c-4196-4093-b32c-a36be374eea5,11/07/2018 21:00:00,RBNZ Press Conference,HIGH,NZD
afbb5890-0f11-408a-80a6-cff24e2cf771,11/08/2018 15:20:00,ECB's President Draghi speech,HIGH,EUR
4ad9eeae-0451-497d-83b9-17ce4f40c3b2,11/08/2018 19:00:00,Fed Interest Rate Decision,HIGH,USD
baf88b53-c782-45a3-b2ef-92477b016f66,11/08/2018 19:00:00,Fed Monetary Policy Statement,HIGH,USD
16467af4-2ee3-4687-aa86-e5f41993aac7,11/13/2018 08:30:00,SNB Interest Rate Decision,HIGH,CHF
382b6cc0-7fbc-40ae-b821-e5406feeffb4,11/14/2018 23:00:00,Fed's Powell speech,HIGH,USD
09f93054-c400-4ecd-9562-3cb6194b07ce,11/15/2018 16:30:00,Fed's Powell speech,HIGH,USD
540e2c9d-e487-421f-93ed-1299d5f339c7,11/16/2018 08:30:00,ECB's President Draghi speech,HIGH,EUR
638591ad-ce4c-4f38-a51c-f5077e305049,11/19/2018 03:30:00,BoJ's Governor Kuroda speech,HIGH,JPY
bd41db91-8233-4718-ab9e-a0a1878d5a84,11/20/2018 10:00:00,BoE Monetary Policy Report Hearings,HIGH,GBP
f6c55171-dfe6-429a-b6fc-e6f833dae023,11/20/2018 10:00:00,BoE's Governor Carney speech,HIGH,GBP
4311674a-e8f6-44c6-bf6b-ec976bbc84fb,11/21/2018 15:15:00,BoE's Governor Carney speech,HIGH,GBP
b4c2a870-3690-4818-82ce-44523a223b6d,11/22/2018 12:30:00,ECB Monetary Policy Meeting Accounts,HIGH,EUR
e1770411-c580-494f-b184-ce98676fb517,11/26/2018 14:00:00,ECB's President Draghi speech,HIGH,EUR
03b459ec-feb7-4abd-9911-dbd5a57644ef,11/26/2018 18:30:00,BoE's Governor Carney speech,HIGH,GBP
b8a5dcde-d872-4067-b0a9-fbf9d764d778,11/27/2018 22:00:00,RBNZ's Governor Orr speech,HIGH,NZD
9d4b5e56-9609-474a-a36a-c8806a714644,11/28/2018 00:00:00,RBNZ's Governor Orr speech,HIGH,NZD
6a87ab9e-8649-4a21-b5dc-ef88046c15cc,11/28/2018 16:45:00,BoE's Governor Carney speech,HIGH,GBP
812f7e54-4a0e-4d43-9439-f43ea1d7085d,11/28/2018 17:00:00,Fed's Powell speech,HIGH,USD
3e8ef6f8-f388-472e-b48f-a063d5e35726,11/29/2018 08:00:00,ECB's President Draghi speech,HIGH,EUR
12cda37d-61e8-4fc3-83fa-993baf51cdf4,11/29/2018 19:00:00,FOMC Minutes,HIGH,USD
f9257881-9e33-445c-ab0c-a927829511cb,12/04/2018 09:15:00,BoE's Governor Carney speech,HIGH,GBP
60f3c807-bca3-40bd-9e32-453e3c68b72c,12/05/2018 08:30:00,ECB's President Draghi speech,HIGH,EUR
20f77ee7-c6dd-4188-b70a-399d6e4e14cc,12/05/2018 15:00:00,BoC Interest Rate Decision,HIGH,CAD
9dd61b05-f69d-456f-9170-d9d99df0bfe6,12/05/2018 15:00:00,BoC Monetary Policy Statement,HIGH,CAD
a6e03c73-87db-4c4c-9773-a779c70b46ee,12/06/2018 13:50:00,BoC's Governor Poloz speech,HIGH,CAD
05c54d65-0fae-4c29-bb8e-51764ef76ce6,12/06/2018 23:45:00,Fed's Powell speech,HIGH,USD
5a10475d-ab3f-46b5-8edd-fcbc0275359c,12/11/2018 19:15:00,RBNZ's Governor Orr speech,HIGH,NZD
7fe388ec-3d88-4000-8dd0-d2039bb2b8f9,12/13/2018 08:30:00,SNB Interest Rate Decision,HIGH,CHF
36e39b4f-df50-4519-80f6-01d4a17557eb,12/13/2018 08:30:00,SNB Monetary Policy Assessment,HIGH,CHF
197b6ca5-bd88-43eb-89b4-709d1d6abee2,12/13/2018 09:00:00,SNB Press Conference,HIGH,CHF
b8da311d-6b1d-4c7d-9556-5f7d503a5377,12/13/2018 12:45:00,ECB Main Refinancing Operations Rate,HIGH,EUR
6109e7b9-3ac7-4072-8f9c-b945830baa31,12/13/2018 12:45:00,ECB Rate On Deposit Facility,HIGH,EUR
1f3f23c0-d65a-464c-a3da-cdbcdbd06e48,12/13/2018 13:30:00,ECB Press Conference,HIGH,EUR
7ce8c3fc-9521-459c-914c-46098274950a,12/15/2018 10:30:00,ECB's President Draghi speech,HIGH,EUR
eda7bcda-d643-46b5-8247-022bbe49577c,12/19/2018 19:00:00,Fed Interest Rate Decision,HIGH,USD
84c8deb0-ab06-4fd8-9eca-20ff5ff8f6cc,12/19/2018 19:00:00,Fed Monetary Policy Statement,HIGH,USD
b0dbc9c3-78f4-4ff0-8bf1-8a2607fc3a3b,12/19/2018 19:00:00,FOMC Economic Projections,HIGH,USD
3d0900dc-6658-4593-baed-03a05cd4746b,12/19/2018 19:30:00,FOMC Press Conference,HIGH,USD
4e5720e1-b17f-4605-8bf7-bad3f67e010b,12/20/2018 02:52:00,BoJ Interest Rate Decision,HIGH,JPY
ceae7d45-c917-448a-a453-d5b8056b5f25,12/20/2018 02:52:00,BoJ Monetary Policy Statement,HIGH,JPY
c526b531-3676-47fd-9491-7a9c63a1117b,12/20/2018 04:00:00,BoJ Press Conference,HIGH,JPY
96261f99-1a2d-40bc-b6ea-6d4da03ee999,12/20/2018 12:00:00,BoE Asset Purchase Facility,HIGH,GBP
23d7905c-fb71-4a6f-a26d-fd3a1da67ce5,12/20/2018 12:00:00,BoE Interest Rate Decision,HIGH,GBP
85a00a37-0e03-4b7b-b55b-e570fd2f5dfd,12/20/2018 12:00:00,BoE Minutes,HIGH,GBP
eb8cce3c-72f4-4f96-bcc1-7e3be072c03e,12/20/2018 12:00:00,BoE Monetary Policy Summary,HIGH,GBP
9f740be5-7055-463a-81a9-01878b156aa8,12/20/2018 12:00:00,BoE MPC Vote Rate Cut,HIGH,GBP
df8e551d-36f3-49b3-88c7-4521390b5346,12/20/2018 12:00:00,BoE MPC Vote Rate Hike,HIGH,GBP
75c7788e-f28e-4656-beb7-bfa3b2827b14,12/20/2018 12:00:00,BoE MPC Vote Rate Unchanged,HIGH,GBP
94015314-3474-420a-98da-5060351cff9d,12/25/2018 23:50:00,BoJ Monetary Policy Meeting Minutes,HIGH,JPY
7d85edae-9e2b-4b1d-b21f-cce58f0e93f6,12/26/2018 04:00:00,BoJ's Governor Kuroda speech,HIGH,JPY
26f8c1fa-0904-45dc-ad55-3c8be47f5668,01/04/2019 15:15:00,Fed's Powell speech,HIGH,USD
5d7706a0-8b19-435d-aeff-4b0a15687996,01/09/2019 15:00:00,BoC Interest Rate Decision,HIGH,CAD
b59b4470-03b1-4d94-82f5-4f8939d26a1f,01/09/2019 15:00:00,BoC Monetary Policy Report,HIGH,CAD
eae87f4b-edd6-4760-9723-dabfcf00a0d2,01/09/2019 15:00:00,BoC Monetary Policy Statement,HIGH,CAD
738cad6e-dfcc-438b-ba47-1e561ced2ec2,01/09/2019 15:30:00,BoE's Governor Carney speech,HIGH,GBP
868551a4-00a0-47bc-a114-8f5186d211f6,01/09/2019 16:15:00,BoC Press Conference,HIGH,CAD
7117b402-db91-4e8e-95e8-ad79cbb7d46f,01/09/2019 19:00:00,FOMC Minutes,HIGH,USD
d07c2def-9c3b-41a0-ab37-b0d3c88d8988,01/10/2019 12:30:00,ECB Monetary Policy Meeting Accounts,HIGH,EUR
ac8f1d24-f2b6-4a74-a572-f2ab7455ee8e,01/10/2019 17:45:00,Fed's Powell speech,HIGH,USD
34541b8d-f9fc-4758-9354-997a0ea92acc,01/15/2019 15:00:00,ECB's President Draghi speech,HIGH,EUR
7c089545-f2d9-45fb-98cb-9166ed77add5,01/16/2019 09:15:00,BoE's Governor Carney speech,HIGH,GBP
029be362-41bf-46c5-9716-26a4777463e5,01/17/2019 03:20:00,BoJ's Governor Kuroda speech,HIGH,JPY
00f12702-f30b-4969-9d2c-e2d67fa00e6e,01/23/2019 03:00:00,BoJ Interest Rate Decision,HIGH,JPY
1f4f6694-69e1-4cb5-aef5-6cfc178dc851,01/23/2019 03:00:00,BoJ Monetary Policy Statement,HIGH,JPY
e9a5b314-3a95-40d4-a817-6e786968cb3d,01/23/2019 06:00:00,BoJ Press Conference,HIGH,JPY
8953d725-9934-4a6f-9f8e-5dc8ae4fb1f7,01/24/2019 12:45:00,ECB Main Refinancing Operations Rate,HIGH,EUR
e5cd0396-4942-4975-9f7e-9dd49144acbe,01/24/2019 12:45:00,ECB Rate On Deposit Facility,HIGH,EUR
84811ec3-bcfc-4cef-9076-66dc76fa8994,01/24/2019 13:30:00,ECB Press Conference,HIGH,EUR
9c9cae5e-ad71-4f15-827e-3a4bdd493cdb,01/27/2019 23:50:00,BoJ Monetary Policy Meeting Minutes,HIGH,JPY
9939a3b1-4b36-4880-9411-5f93ff04c88a,01/28/2019 14:00:00,ECB's President Draghi speech,HIGH,EUR
87fff70b-cc8e-4e16-a29c-34866809f8ed,01/28/2019 14:30:00,BoE's Governor Carney speech,HIGH,GBP
80a3a17f-5303-4c02-ba3a-6e5458317f4f,01/28/2019 16:00:00,ECB's President Draghi speech,HIGH,EUR
c50e765b-3ac7-4871-99cf-4e4b49c0b766,01/30/2019 19:00:00,Fed Interest Rate Decision,HIGH,USD
48db0b5c-33ac-4f1f-942d-293c54fccf77,01/30/2019 19:00:00,Fed Monetary Policy Statement,HIGH,USD
b799a5fe-b4e2-435f-afe6-3dce55972dc7,01/30/2019 19:30:00,FOMC Press Conference,HIGH,USD
cd5a98b3-afa6-43b3-b133-94b2b5e466fd,02/07/2019 00:00:00,Fed's Powell speech,HIGH,USD
0051f38b-1bdf-41a6-8dc1-3c59683bd77b,02/07/2019 12:00:00,BoE Asset Purchase Facility,HIGH,GBP
7805a717-f8d6-42cb-a7e5-c2d23f848209,02/07/2019 12:00:00,BoE Interest Rate Decision,HIGH,GBP
eb42e307-c27c-4ab9-8b4e-d4f2fab2c8a8,02/07/2019 12:00:00,BoE Minutes,HIGH,GBP
f3c653d0-7aba-4d2c-9abc-0d14db61d58d,02/07/2019 12:00:00,BoE Monetary Policy Report,HIGH,GBP
187a9ae2-d0cc-401f-8a2f-4ce052114f18,02/07/2019 12:00:00,BoE Monetary Policy Summary,HIGH,GBP
68be7728-f9c4-4976-8903-3213cde57155,02/07/2019 12:00:00,BoE MPC Vote Rate Cut,HIGH,GBP
9208249d-6f18-45bb-8c2c-14e0d0f35ed0,02/07/2019 12:00:00,BoE MPC Vote Rate Hike,HIGH,GBP
f67b15e5-8bfe-4f92-a1de-ebc690fc3309,02/07/2019 12:00:00,BoE MPC Vote Rate Unchanged,HIGH,GBP
114f45b9-6a0a-47be-95e5-a706323944d4,02/07/2019 12:30:00,BoE's Governor Carney speech,HIGH,GBP
e07427a1-4dbb-4e50-9960-4441b34fbabe,02/12/2019 13:00:00,BoE's Governor Carney speech,HIGH,GBP
a71454fb-64f0-404b-afe5-4cb3327ec090,02/12/2019 16:45:00,Fed's Powell speech,HIGH,USD
5156882d-891a-4758-9555-d4ff77897822,02/13/2019 01:00:00,RBNZ Interest Rate Decision,HIGH,NZD
118ac9e4-2aee-43ee-94c1-8b2474d387e8,02/13/2019 01:00:00,RBNZ Monetary Policy Review,HIGH,NZD
c6c4c52e-4f23-4f24-b4a9-1a7c8a4af8bf,02/13/2019 01:00:00,RBNZ Monetary Policy Statement,HIGH,NZD
1935b22a-aa08-4069-b768-d205f91c400c,02/13/2019 02:00:00,RBNZ Press Conference,HIGH,NZD
6d5b8839-4ac5-4327-9715-af44453600b4,02/13/2019 19:10:00,RBNZ's Governor Orr speech,HIGH,NZD
28d72aa2-4065-413e-baed-f90c110b0e95,02/20/2019 19:00:00,FOMC Minutes,HIGH,USD
ae65627d-82b6-4098-b37a-f3efc5129003,02/21/2019 12:30:00,ECB Monetary Policy Meeting Accounts,HIGH,EUR
ac7a242d-48f7-4892-977a-6685733fbe11,02/21/2019 17:35:00,BoC's Governor Poloz speech,HIGH,CAD
60312c7c-0709-461a-80b7-e7c66f9a46d4,02/22/2019 15:30:00,ECB's President Draghi speech,HIGH,EUR
d3a0fd38-de65-444c-a3b7-736d5ea42b63,02/25/2019 10:00:00,BoE's Governor Carney speech,HIGH,GBP
0cd8760d-ee2f-403a-a0dc-f137c91ec95a,02/26/2019 10:00:00,BoE Monetary Policy Report Hearings,HIGH,GBP
4ca6ecfd-60ea-427a-b9a1-71208d64283f,02/26/2019 14:45:00,Fed's Chair Powell testifies,HIGH,USD
1638d11a-cc28-4670-bdca-93081bf8463e,02/27/2019 14:00:00,Fed's Chair Powell testifies,HIGH,USD
f6ef7f9a-7e1c-4139-9492-0f9d00705704,03/01/2019 01:15:00,Fed's Powell speech,HIGH,USD
ae076495-d8b9-4565-9feb-56e127187910,03/05/2019 15:35:00,BoE's Governor Carney speech,HIGH,GBP
4bcb1197-6f37-41ef-a7ac-ba8b8237f6d2,03/06/2019 15:00:00,BoC Interest Rate Decision,HIGH,CAD
87afd87f-760c-4816-b10f-07fcb0807d48,03/06/2019 15:00:00,BoC Monetary Policy Statement,HIGH,CAD
732cbc1c-5c14-47b9-82bc-951e28f171af,03/07/2019 12:45:00,ECB Main Refinancing Operations Rate,HIGH,EUR
d41ee1e0-5c16-4ea6-a870-cecbcf29083a,03/07/2019 12:45:00,ECB Rate On Deposit Facility,HIGH,EUR
5c8186ec-325d-45f6-ae70-387fd79d1076,03/07/2019 13:30:00,ECB Press Conference,HIGH,EUR
131f1c74-d948-4c17-8a9b-bf2418beb4ed,03/09/2019 03:00:00,Fed's Powell speech,HIGH,USD
9b631947-19a9-4acb-ba7e-ad77954a1514,03/11/2019 23:00:00,Fed's Powell speech,HIGH,USD
ed9b61d0-11b0-42b6-ab1a-66d77f39fb3a,03/15/2019 02:00:00,BoJ Interest Rate Decision,HIGH,JPY
e131865a-a0a1-431a-929e-c6f554d9509c,03/15/2019 02:00:00,BoJ Monetary Policy Statement,HIGH,JPY
5657151f-0aac-4771-b32a-f41e1fc5bb74,03/15/2019 06:00:00,BoJ Press Conference,HIGH,JPY
c182f031-25cb-469e-8b01-b21b741dd34b,03/15/2019 08:55:00,BoJ's Governor Kuroda speech,HIGH,JPY
149f314e-f414-4095-ad0c-94717840bfd1,03/19/2019 23:50:00,BoJ Monetary Policy Meeting Minutes,HIGH,JPY
041db72b-d4b2-43f0-8d74-b3feabf611cf,03/20/2019 18:00:00,Fed Interest Rate Decision,HIGH,USD
91542ac5-7c43-413f-8fff-729b698684e2,03/20/2019 18:00:00,Fed Monetary Policy Statement,HIGH,USD
cf0292cf-e890-43d4-8e52-04c2943a1409,03/20/2019 18:00:00,FOMC Economic Projections,HIGH,USD
004a8017-987d-48df-9446-4facfdc6d42b,03/20/2019 18:30:00,FOMC Press Conference,HIGH,USD
3025077d-adf7-4a65-b749-c7e7629ddfab,03/21/2019 08:30:00,SNB Interest Rate Decision,HIGH,CHF
021464ce-1a38-44df-9089-2ca9f42e4080,03/21/2019 08:30:00,SNB Monetary Policy Assessment,HIGH,CHF
dce61ce4-f883-4bb9-bcb5-743e98413f7e,03/21/2019 12:00:00,BoE Asset Purchase Facility,HIGH,GBP
1a9d7ad0-5cf8-4cb3-ba82-99a619e2e21c,03/21/2019 12:00:00,BoE Interest Rate Decision,HIGH,GBP
11a9461e-833c-43da-a7e8-5dcbd13cbcd9,03/21/2019 12:00:00,BoE Minutes,HIGH,GBP
9431ef72-f50b-490f-ae5e-fac73c7dde26,03/21/2019 12:00:00,BoE Monetary Policy Summary,HIGH,GBP
85db5b0a-acea-41cf-871d-5ac31d6f73af,03/21/2019 12:00:00,BoE MPC Vote Rate Cut,HIGH,GBP
4d2ae954-0825-413b-abed-408d4760c777,03/21/2019 12:00:00,BoE MPC Vote Rate Hike,HIGH,GBP
59bad4fb-772c-43fd-ab72-cace220b87f6,03/21/2019 12:00:00,BoE MPC Vote Rate Unchanged,HIGH,GBP
da69a435-c840-4dc7-8990-357006fbbb01,03/27/2019 01:00:00,RBNZ Interest Rate Decision,HIGH,NZD
0f1d82ad-9542-4b5f-90d8-4a8998c2a126,03/27/2019 01:00:00,RBNZ Monetary Policy Review,HIGH,NZD
3cc4586e-38e7-41df-8631-16205dd9efbb,03/27/2019 08:00:00,ECB's President Draghi speech,HIGH,EUR
e2cc20c2-42b3-4136-b711-fa9ec2d0d822,04/01/2019 18:55:00,BoC's Governor Poloz speech,HIGH,CAD
35f89af5-d29a-447b-a7d8-01dae06fe74f,04/04/2019 11:30:00,ECB Monetary Policy Meeting Accounts,HIGH,EUR
d5e7fa70-c591-4b00-8400-d13ab426ae6d,04/10/2019 06:15:00,BoJ's Governor Kuroda speech,HIGH,JPY
d619ded7-a151-4c6a-89fe-b069509d82f1,04/10/2019 11:45:00,ECB Main Refinancing Operations Rate,HIGH,EUR
e8e600c6-51a2-4f17-af7f-62778c66180b,04/10/2019 11:45:00,ECB Rate On Deposit Facility,HIGH,EUR
e1f0b8fd-20b1-4041-8782-d2b7ee5a2770,04/10/2019 12:30:00,ECB Press Conference,HIGH,EUR
5d9c0779-d410-4a58-9a9d-2963f76dca2b,04/10/2019 18:00:00,FOMC Minutes,HIGH,USD
d67fdc36-81ba-4806-8199-87ef7263a0d4,04/17/2019 13:00:00,BoE's Governor Carney speech,HIGH,GBP
31e144ba-098b-48a6-bb8f-66663e0ae2ba,04/24/2019 14:00:00,BoC Interest Rate Decision,HIGH,CAD
86be9000-b191-4286-9893-bd21a641c5ce,04/24/2019 14:00:00,BoC Monetary Policy Report,HIGH,CAD
bd7fd5e4-08d8-4c71-ae7f-fc9ed674bd10,04/24/2019 14:00:00,BoC Monetary Policy Statement,HIGH,CAD
2b6f487a-8754-401a-bc75-0aacce50f62b,04/24/2019 15:15:00,BoC Press Conference,HIGH,CAD
55a049b8-7535-4409-b4b8-f495228d0c47,04/25/2019 03:00:00,BoJ Interest Rate Decision,HIGH,JPY
3a487a13-eb82-4d8d-944e-794a9a782f30,04/25/2019 03:00:00,BoJ Monetary Policy Statement,HIGH,JPY
2b50cad9-6052-403f-8c96-0e755ee3cb34,04/25/2019 06:00:00,BoJ Press Conference,HIGH,JPY
09aecdb8-aeab-4323-83fb-b8e5ab3e9abf,04/26/2019 08:00:00,SNB's Chairman Jordan speech,HIGH,CHF
b4f691bd-9de6-48c7-bb2e-714dbb6a797c,04/29/2019 08:10:00,BoE's Governor Carney speech,HIGH,GBP
7a6ecd13-148b-408b-91eb-eee8c907cc99,04/30/2019 15:00:00,BoC's Governor Poloz speech,HIGH,CAD
df19cc77-926b-4c3b-8e0f-3a0b0c51bc14,05/01/2019 18:00:00,Fed Interest Rate Decision,HIGH,USD
5a0f91b8-a1e0-4192-91c5-5ae6b26c8dde,05/01/2019 18:00:00,Fed Monetary Policy Statement,HIGH,USD
e85783d7-251e-4ebf-955e-1fb80a43bc6f,05/01/2019 18:30:00,FOMC Press Conference,HIGH,USD
93449e51-20fc-4a0d-85de-34bd40629006,05/01/2019 20:15:00,BoC's Governor Poloz speech,HIGH,CAD
be6d0dbe-599f-4f88-95bf-7734eb159cd9,05/02/2019 11:00:00,BoE Asset Purchase Facility,HIGH,GBP
af89dd97-78d6-4766-bd4a-baa8050bcefd,05/02/2019 11:00:00,BoE Interest Rate Decision,HIGH,GBP
9cc67cdd-15f4-4461-9d18-c84275254d37,05/02/2019 11:00:00,BoE Minutes,HIGH,GBP
66941267-4186-44cb-aa27-aa401bd07bb2,05/02/2019 11:00:00,BoE Monetary Policy Report,HIGH,GBP
44697d5a-affe-4876-83eb-e0819cdac93f,05/02/2019 11:00:00,BoE Monetary Policy Summary,HIGH,GBP
e6f010a4-1ee6-4e32-b3db-44f5f1e639b2,05/02/2019 11:00:00,BoE MPC Vote Rate Cut,HIGH,GBP
1d8f772f-2d41-42ae-b1d5-e7514533cbf1,05/02/2019 11:00:00,BoE MPC Vote Rate Hike,HIGH,GBP
8e346937-522a-4a99-b963-313a9640b5ed,05/02/2019 11:00:00,BoE MPC Vote Rate Unchanged,HIGH,GBP
57a5e717-ff37-4d0e-97e9-79aab02f09fa,05/02/2019 11:30:00,BoE's Governor Carney speech,HIGH,GBP
367843b2-8582-428e-8be3-5d027675d85c,05/06/2019 17:45:00,BoC's Governor Poloz speech,HIGH,CAD
873e22a5-0645-4a01-9aab-576afbb00342,05/07/2019 23:50:00,BoJ Monetary Policy Meeting Minutes,HIGH,JPY
f72948ea-bc3e-46ea-891c-f1f65eca079f,05/08/2019 02:00:00,RBNZ Interest Rate Decision,HIGH,NZD
6429171f-b9d1-4a38-a37e-8f3f9e048b2f,05/08/2019 02:00:00,RBNZ Monetary Policy Review,HIGH,NZD
ab5bb476-8d16-4724-996c-ffc86c74c50b,05/08/2019 02:00:00,RBNZ Monetary Policy Statement,HIGH,NZD
38565b38-1765-430a-ad0f-da1e0fc27729,05/08/2019 03:00:00,RBNZ Press Conference,HIGH,NZD
2cfe98d4-7080-4616-981c-8b79ffbb4a49,05/08/2019 11:30:00,ECB's President Draghi speech,HIGH,EUR
7c117dcb-1e66-4702-bacd-0cf90aa9c76d,05/08/2019 20:00:00,RBNZ's Governor Orr speech,HIGH,NZD
b2136a87-e2bd-4c33-952a-e222f2543962,05/09/2019 12:30:00,Fed's Powell speech,HIGH,USD
555fed16-9285-4c7a-aaee-81aea0c99c57,05/16/2019 15:15:00,BoC's Governor Poloz speech,HIGH,CAD
435eb991-74aa-4ded-9714-9c04c30f98e0,05/20/2019 23:00:00,Fed's Powell speech,HIGH,USD
cd7321f9-4db2-4956-865b-87819a1058c5,05/22/2019 07:30:00,ECB's President Draghi speech,HIGH,EUR
6e864104-db2d-4929-b682-cd4b0465a5ee,05/22/2019 18:00:00,FOMC Minutes,HIGH,USD
ecc64f22-d4a6-4cfc-8ebb-412ea8d6e697,05/23/2019 11:30:00,ECB Monetary Policy Meeting Accounts,HIGH,EUR
474519fb-1ad5-469f-bd75-e5e1e6d74ba6,05/27/2019 03:00:00,BoJ's Governor Kuroda speech,HIGH,JPY
b282e417-8e7d-4553-988b-0dc5c8de4b9e,05/28/2019 23:00:00,RBNZ's Governor Orr speech,HIGH,NZD
292327c4-646e-4386-ab98-169187a2da2a,05/29/2019 00:00:00,BoJ's Governor Kuroda speech,HIGH,JPY
6427d958-d9d0-46d6-861b-6b83e47bd5bf,05/29/2019 01:10:00,RBNZ's Governor Orr speech,HIGH,NZD
c0c37a96-ce27-45ba-8964-5371126a23f1,05/29/2019 14:00:00,BoC Interest Rate Decision,HIGH,CAD
2e4a1202-4698-49ee-adaa-071bd3b0eed0,05/29/2019 14:00:00,BoC Monetary Policy Statement,HIGH,CAD
85088872-386f-4059-ad4b-088e1ac3d07f,06/04/2019 13:45:00,Fed's Powell speech,HIGH,USD
f7f06963-497c-414d-9435-58b12b856318,06/06/2019 03:50:00,BoJ's Governor Kuroda speech,HIGH,JPY
09d635a9-58da-48ed-b91d-ab1b1e250e7e,06/06/2019 09:00:00,BoE's Governor Carney speech,HIGH,GBP
5a8daba2-5d9a-421d-8581-a4092e6ef10a,06/06/2019 11:45:00,ECB Main Refinancing Operations Rate,HIGH,EUR
9fce3276-2a89-4ff6-b44d-5f039ca10a07,06/06/2019 11:45:00,ECB Rate On Deposit Facility,HIGH,EUR
ff48de29-6545-429b-b591-55c4b8fbe40a,06/06/2019 12:30:00,ECB Press Conference,HIGH,EUR
464911c7-ed1c-4553-8003-70e297bffa6e,06/07/2019 03:50:00,BoJ's Governor Kuroda speech,HIGH,JPY
c532de69-7c17-40a6-bbf9-f203148e4cc1,06/08/2019 06:20:00,BoJ's Governor Kuroda speech,HIGH,JPY
8fbe14ac-eb0d-47cb-90a3-bf95bc8d7724,06/12/2019 08:15:00,ECB's President Draghi speech,HIGH,EUR
2d127c4a-e194-420a-b0f0-7ba4bde2e47d,06/13/2019 07:30:00,SNB Interest Rate Decision,HIGH,CHF
1e15b4f1-1ec9-4626-8e51-ee7fb1dd511a,06/13/2019 07:30:00,SNB Monetary Policy Assessment,HIGH,CHF
59061c23-2e09-40be-800c-ec963161114a,06/13/2019 08:00:00,SNB Press Conference,HIGH,CHF
b2c547ad-c816-4d88-b9fb-ea82400fc1b2,06/14/2019 12:55:00,BoE's Governor Carney speech,HIGH,GBP
674090c0-daf1-43af-9479-d5f5ba0e2185,06/17/2019 18:00:00,ECB's President Draghi speech,HIGH,EUR
b803b57d-dc97-4503-9cc3-7fb6a4937b6a,06/18/2019 08:00:00,ECB's President Draghi speech,HIGH,EUR
6af0bb65-e4af-4f91-9318-bd23eeebb172,06/18/2019 14:00:00,ECB's President Draghi speech,HIGH,EUR
b6054316-1f7d-47df-b2cd-69ebe1c0663d,06/18/2019 14:00:00,BoE's Governor Carney speech,HIGH,GBP
2304095a-300d-4fe6-a71e-a5b44a4d2a4d,06/19/2019 14:00:00,ECB's President Draghi speech,HIGH,EUR
57926159-79db-4165-bed2-114bfb86a1db,06/19/2019 18:00:00,Fed Interest Rate Decision,HIGH,USD
c3f1fe62-5601-4ba4-9450-1aa395a716df,06/19/2019 18:00:00,Fed Monetary Policy Statement,HIGH,USD
3d6dedf6-3901-419b-9837-76ccad33cea0,06/19/2019 18:00:00,FOMC Economic Projections,HIGH,USD
ee0e491d-8a9b-4ab4-83a9-47db20d1d4fb,06/19/2019 18:30:00,FOMC Press Conference,HIGH,USD
3fec0be2-c10c-40aa-9006-4fa2a30f2d04,06/20/2019 02:00:00,BoJ Interest Rate Decision,HIGH,JPY
cc9603b7-4ec8-4004-a6e1-6d3cfe840989,06/20/2019 02:00:00,BoJ Monetary Policy Statement,HIGH,JPY
80de8f0b-e14c-48fc-8b48-77d2e7588ff7,06/20/2019 06:00:00,BoJ Press Conference,HIGH,JPY
ad4cf760-7753-4773-a018-71af318c68bb,06/20/2019 11:00:00,BoE Asset Purchase Facility,HIGH,GBP
3a2c086c-37ca-4d0a-a577-7b5c6194ce93,06/20/2019 11:00:00,BoE Interest Rate Decision,HIGH,GBP
dab95d6a-e12a-45b0-927d-01a37b8fbe83,06/20/2019 11:00:00,BoE Minutes,HIGH,GBP
68e55670-186b-4462-80ad-81828410c00a,06/20/2019 11:00:00,BoE Monetary Policy Summary,HIGH,GBP
7ccf3193-9f46-461c-8be6-57a29aaf9195,06/20/2019 11:00:00,BoE MPC Vote Rate Cut,HIGH,GBP
5552b7e7-581a-4738-bd52-ce36999e2c0d,06/20/2019 11:00:00,BoE MPC Vote Rate Hike,HIGH,GBP
ac8997c4-72f8-4740-820a-962e525a62c4,06/20/2019 11:00:00,BoE MPC Vote Rate Unchanged,HIGH,GBP
0f3f9c08-1b9f-4f63-993f-dc7e1159ee03,06/20/2019 20:00:00,BoE's Governor Carney speech,HIGH,GBP
0cb9cf69-a9e4-4b85-8be7-8c2c276e388b,06/24/2019 23:50:00,BoJ Monetary Policy Meeting Minutes,HIGH,JPY
82d98952-760a-447f-a367-2c3a03f4d08b,06/25/2019 17:00:00,Fed's Powell speech,HIGH,USD
d15fe626-cceb-41be-b498-11e8b5500f1d,06/26/2019 02:00:00,RBNZ Interest Rate Decision,HIGH,NZD
df6e6fc7-24e4-4345-bb1d-65763eb1f1a4,06/26/2019 02:00:00,RBNZ Monetary Policy Review,HIGH,NZD
b6657406-69ff-495d-8566-b20f34149c0b,06/26/2019 09:15:00,BoE Monetary Policy Report Hearings,HIGH,GBP
646a95c7-af66-4eae-99b4-4cecfcb9f16f,06/26/2019 09:15:00,BoE's Governor Carney speech,HIGH,GBP
aca0bcca-3933-485d-a81a-547b2a0f379e,07/02/2019 14:05:00,BoE's Governor Carney speech,HIGH,GBP
ed287ada-0637-4374-b501-7db4dac3d1c8,07/08/2019 00:30:00,BoJ's Governor Kuroda speech,HIGH,JPY
b72c9a8e-8b0d-4634-8bcc-dbc90a67aa89,07/09/2019 12:45:00,Fed's Powell speech,HIGH,USD
311e6133-4c14-4ac9-9cb3-e43bfe23e2dd,07/09/2019 21:00:00,RBNZ's Governor Orr speech,HIGH,NZD
6d45d50d-2587-43b8-8626-ce156aaa72e1,07/10/2019 14:00:00,BoC Interest Rate Decision,HIGH,CAD
b361b579-6719-42b5-ae95-dc7a77e853ee,07/10/2019 14:00:00,BoC Monetary Policy Report,HIGH,CAD
b4e31deb-b439-4cc4-a216-839079d90410,07/10/2019 14:00:00,BoC Monetary Policy Statement,HIGH,CAD
cfa5d7fc-53b3-48ab-8b92-99eb66a0c314,07/10/2019 14:00:00,Fed's Chair Powell testifies,HIGH,USD
96c13760-9489-4d98-a8e3-4cc3f9b5e6bf,07/10/2019 15:15:00,BoC Press Conference,HIGH,CAD
ffb59550-cb13-4bea-8945-cd24c3e7afc6,07/10/2019 18:00:00,FOMC Minutes,HIGH,USD
7f992d0e-447a-4a9f-a803-a0cd32a0c183,07/11/2019 10:00:00,BoE's Governor Carney speech,HIGH,GBP
9cd86560-5875-41e0-9686-965b1fc3d5bb,07/11/2019 11:30:00,ECB Monetary Policy Meeting Accounts,HIGH,EUR
928dc014-49ab-423a-a15d-65318c9bf003,07/11/2019 14:00:00,Fed's Chair Powell testifies,HIGH,USD
64e4d72a-b4b9-403e-bf8a-f9da683c5f54,07/16/2019 12:00:00,BoE's Governor Carney speech,HIGH,GBP
beeeb81b-ded8-4765-b56d-be6cbc05b3e9,07/16/2019 17:00:00,Fed's Powell speech,HIGH,USD
dc5ab37d-2947-41d8-93fa-7b76e49faf32,07/19/2019 20:30:00,BoJ's Governor Kuroda speech,HIGH,JPY
5727c5ab-888c-4e75-8593-dcdc3e8701ec,07/22/2019 15:00:00,BoJ's Governor Kuroda speech,HIGH,JPY
36a81f83-66de-4af7-82f3-9054110ccb66,07/23/2019 08:00:00,ECB Bank Lending Survey,HIGH,EUR
dce02e0b-4575-48f2-b544-dacb270022b8,07/25/2019 11:45:00,ECB Main Refinancing Operations Rate,HIGH,EUR
2bf33016-16a7-4980-a04d-9ff325aa70c8,07/25/2019 11:45:00,ECB Rate On Deposit Facility,HIGH,EUR
3970349c-3292-4434-bce9-ce08d768a1ac,07/25/2019 12:30:00,ECB Press Conference,HIGH,EUR
895c5a19-20e6-4916-b4ec-e2040782cab7,07/30/2019 02:00:00,BoJ Interest Rate Decision,HIGH,JPY
2c395f39-1d64-495d-87a9-f02423c91552,07/30/2019 02:00:00,BoJ Monetary Policy Statement,HIGH,JPY
2e4d1bed-da99-4791-acdc-919b5eecee01,07/30/2019 06:30:00,BoJ Press Conference,HIGH,JPY
e19acecc-eb1a-4172-877f-3913a821dc4c,07/31/2019 18:00:00,Fed Interest Rate Decision,HIGH,USD
5d392baa-a06e-4848-a262-56538bb4e590,07/31/2019 18:00:00,Fed Monetary Policy Statement,HIGH,USD
5050edd0-220a-446b-ba37-257b1a33677d,07/31/2019 18:30:00,FOMC Press Conference,HIGH,USD
e94ea7e6-7429-431f-8e74-6c857815b081,08/01/2019 11:00:00,BoE Asset Purchase Facility,HIGH,GBP
dcc05df5-8bce-4217-8912-c03c031256cc,08/01/2019 11:00:00,BoE Interest Rate Decision,HIGH,GBP
46f57b13-38c4-4bf2-9252-05035a9f3ab3,08/01/2019 11:00:00,BoE Minutes,HIGH,GBP
cf12df99-4b48-4401-a0a4-72ae199394e0,08/01/2019 11:00:00,BoE Monetary Policy Report,HIGH,GBP
0b7f2767-2faa-4f4f-812f-221696e63c55,08/01/2019 11:00:00,BoE Monetary Policy Summary,HIGH,GBP
227684c7-8fd1-4df8-8462-68e99df5617b,08/01/2019 11:00:00,BoE MPC Vote Rate Cut,HIGH,GBP
e649383a-a8fb-4998-ac57-160dcaab29b3,08/01/2019 11:00:00,BoE MPC Vote Rate Hike,HIGH,GBP
d7f1a79f-b3ef-4b43-93a0-d3aad1ae6b57,08/01/2019 11:00:00,BoE MPC Vote Rate Unchanged,HIGH,GBP
279c7fd1-7e87-4d1b-bb82-a0452845ccea,08/01/2019 11:30:00,BoE's Governor Carney speech,HIGH,GBP
acf066ea-569d-48b6-b656-78b7a3d76f67,08/01/2019 23:50:00,BoJ Monetary Policy Meeting Minutes,HIGH,JPY
8612f50a-27a5-4031-b56d-8808e22ee1a8,08/07/2019 02:00:00,RBNZ Interest Rate Decision,HIGH,NZD
e7e3dae7-b2f4-4745-bef1-29f89f9b3057,08/07/2019 02:00:00,RBNZ Monetary Policy Review,HIGH,NZD
b54c9f3d-891f-4cef-9b1c-003af908155e,08/07/2019 02:00:00,RBNZ Monetary Policy Statement,HIGH,NZD
3eeb38e6-4e80-419a-aa48-b589c537ec64,08/07/2019 03:00:00,RBNZ Press Conference,HIGH,NZD
eaa9efdf-32b9-413c-ac7e-d5d5e2ade629,08/21/2019 18:00:00,FOMC Minutes,HIGH,USD
e5f90ac3-0c97-4676-aa84-fbb50f1ec668,08/22/2019 00:00:00,Jackson Hole Symposium,HIGH,USD
ab8a45c2-48d8-479e-a740-3be99145efb6,08/22/2019 11:30:00,ECB Monetary Policy Meeting Accounts,HIGH,EUR
c09b9d29-0ee5-41e0-9999-db993c84d387,08/23/2019 00:00:00,Jackson Hole Symposium,HIGH,USD
16ec7e88-a494-4650-add3-89871f37bda7,08/23/2019 14:00:00,Fed's Powell speech,HIGH,USD
6162ce3e-c7aa-4e3d-a0c0-6e70c297315a,08/23/2019 19:00:00,BoE's Governor Carney speech,HIGH,GBP
fdc023a5-cb6e-4061-9cb5-9089a580c7e3,08/24/2019 00:00:00,Jackson Hole Symposium,HIGH,USD
26254b41-6fb8-4349-843f-8b5ec508b9e6,09/04/2019 07:00:00,ECB's President Lagarde speech,HIGH,EUR
20498037-6809-4a12-9604-4a07af4cc40e,09/04/2019 13:15:00,BoE Monetary Policy Report Hearings,HIGH,GBP
7841d0f1-c278-46bb-80a0-232144e4dff1,09/04/2019 13:15:00,BoE's Governor Carney speech,HIGH,GBP
c2a2cc95-bcb2-407e-9480-6505d2afb397,09/04/2019 14:00:00,BoC Interest Rate Decision,HIGH,CAD
4a029949-02fe-40f2-a17c-b8a973ea76f5,09/04/2019 14:00:00,BoC Monetary Policy Statement,HIGH,CAD
c971cec2-9d7a-4285-bfed-1326180116e8,09/06/2019 16:30:00,SNB's Chairman Jordan speech,HIGH,CHF
eba0d400-59ec-4dd1-ae29-6b3ff3623bf1,09/06/2019 16:30:00,Fed's Powell speech,HIGH,USD
119cfffe-a620-48ac-92e1-c89160d09cf8,09/12/2019 11:45:00,ECB Main Refinancing Operations Rate,HIGH,EUR
eb958b77-ab24-482f-87c3-07f211e1999c,09/12/2019 11:45:00,ECB Rate On Deposit Facility,HIGH,EUR
527ff3a9-ffae-4118-9256-558c2295e595,09/12/2019 12:30:00,ECB Press Conference,HIGH,EUR
9f53e5c1-bebc-4511-a92e-1c8dc0229cff,09/18/2019 18:00:00,Fed Interest Rate Decision,HIGH,USD
560a03e6-dfbb-4a4d-91c8-164b6d2598a1,09/18/2019 18:00:00,Fed Monetary Policy Statement,HIGH,USD
4f69a9a5-61de-4284-b705-8207238c766e,09/18/2019 18:00:00,FOMC Economic Projections,HIGH,USD
393c0e77-2cea-4334-8e29-924c6b90eba5,09/18/2019 18:30:00,FOMC Press Conference,HIGH,USD
c4399d8e-46e9-4450-b204-74542c29a4f2,09/19/2019 03:00:00,BoJ Interest Rate Decision,HIGH,JPY
471e93d1-22ab-4a88-961f-7098321f484c,09/19/2019 03:00:00,BoJ Monetary Policy Statement,HIGH,JPY
b770fdfe-b49c-4b45-9191-88b3ba649793,09/19/2019 06:30:00,BoJ Press Conference,HIGH,JPY
35854947-cdbe-439b-8211-876a819fbf99,09/19/2019 07:30:00,SNB Interest Rate Decision,HIGH,CHF
d274a790-d98a-4f22-903f-0217332edcce,09/19/2019 07:30:00,SNB Monetary Policy Assessment,HIGH,CHF
0ea182f9-6b97-41ef-b2cf-4b258f4084ae,09/19/2019 11:00:00,BoE Asset Purchase Facility,HIGH,GBP
a85a9eb0-03cf-4b9c-9fb2-cdc5b4aa3068,09/19/2019 11:00:00,BoE Interest Rate Decision,HIGH,GBP
a856c6d0-4e28-46a9-8de5-454478900739,09/19/2019 11:00:00,BoE Minutes,HIGH,GBP
7e99bcfb-ab5e-401e-8d44-8238a9b2b1a5,09/19/2019 11:00:00,BoE Monetary Policy Summary,HIGH,GBP
27ff10bf-2b4f-4a5a-9632-139c65805d71,09/19/2019 11:00:00,BoE MPC Vote Rate Cut,HIGH,GBP
4576c69b-3ff6-400c-ac2c-3564c3b32400,09/19/2019 11:00:00,BoE MPC Vote Rate Hike,HIGH,GBP
53ae996f-0109-4606-8eef-f70fb14051cf,09/19/2019 11:00:00,BoE MPC Vote Rate Unchanged,HIGH,GBP
6a865c56-ac75-46d1-a6ef-dc264c9ab95b,09/23/2019 13:00:00,ECB's President Draghi speech,HIGH,EUR
de4a5134-8ba4-442a-bc0c-11736aab910e,09/23/2019 15:00:00,ECB's President Draghi speech,HIGH,EUR
126d8486-e0a2-4352-9824-a8ff24bbb127,09/24/2019 05:30:00,BoJ's Governor Kuroda speech,HIGH,JPY
14d663df-e5a7-4165-bb60-fb407044df4f,09/24/2019 23:50:00,BoJ Monetary Policy Meeting Minutes,HIGH,JPY
073ce946-2c47-4043-ba09-b65de7da240c,09/25/2019 02:00:00,RBNZ Interest Rate Decision,HIGH,NZD
df1cc078-2570-40c3-887c-3b81e6c1e9af,09/25/2019 02:00:00,RBNZ Monetary Policy Review,HIGH,NZD
05cc9aac-268f-494a-b86a-15e1b0eee795,09/26/2019 13:30:00,ECB's President Draghi speech,HIGH,EUR
f3f52937-d2b5-47f4-ab0e-d6d462f141f5,10/01/2019 16:45:00,ECB's President Draghi speech,HIGH,EUR
f6def530-5278-4fe9-b7a5-79554db72dd0,10/04/2019 18:00:00,Fed's Powell speech,HIGH,USD
7749975e-37ef-4ae8-a190-d411496c9599,10/07/2019 17:00:00,Fed's Powell speech,HIGH,USD
734a9876-fc8b-4297-8b3f-84feddcc05c5,10/08/2019 04:10:00,BoE's Governor Carney speech,HIGH,GBP
785fef76-b41f-4966-ad99-0fa85049e459,10/08/2019 18:30:00,Fed's Powell speech,HIGH,USD
de26cef5-39c2-4730-973f-2ac4d10516ae,10/09/2019 15:00:00,Fed's Powell speech,HIGH,USD
45897d58-c198-44ff-9c5a-34cbc0c338b9,10/09/2019 18:00:00,FOMC Minutes,HIGH,USD
322df321-5bf6-4feb-8fa9-341e0e62d994,10/10/2019 09:20:00,BoE's Governor Carney speech,HIGH,GBP
d6ac714e-f9d7-4726-9dd0-757cf3092a32,10/10/2019 11:30:00,ECB Monetary Policy Meeting Accounts,HIGH,EUR
30304100-b78b-48cc-a756-116910ccbc38,10/11/2019 10:00:00,ECB's President Draghi speech,HIGH,EUR
902a0887-d9bb-47db-b9e1-efb0aa680f42,10/15/2019 00:30:00,BoJ's Governor Kuroda speech,HIGH,JPY
6d8be912-18c6-4828-b5ea-9bcb35ac6781,10/16/2019 13:00:00,BoE's Governor Carney speech,HIGH,GBP
7b0c5fa5-8aa6-4762-a2e4-6d49ebb7b420,10/16/2019 22:00:00,BoE's Governor Carney speech,HIGH,GBP
77204be2-a53e-4f59-856c-c3aac7b66893,10/22/2019 08:00:00,ECB Bank Lending Survey,HIGH,EUR
7c4549dd-dbac-457b-ad6d-947e6c144fdb,10/24/2019 11:45:00,ECB Main Refinancing Operations Rate,HIGH,EUR
31632aa3-cd9a-4599-82af-d40059ed7b33,10/24/2019 11:45:00,ECB Rate On Deposit Facility,HIGH,EUR
084f9138-94ab-4da2-bed8-ed95b836317e,10/24/2019 12:30:00,ECB Press Conference,HIGH,EUR
89d004e0-6bc8-4a9d-82ab-3c6dcd36fde0,10/28/2019 15:00:00,ECB's President Draghi speech,HIGH,EUR
18cf95e9-4c76-4b90-b146-b521fadcc50a,10/30/2019 14:00:00,BoC Interest Rate Decision,HIGH,CAD
53538bed-98bf-477b-9f73-10597860d1ea,10/30/2019 14:00:00,BoC Monetary Policy Report,HIGH,CAD
e7764d72-5dae-4e3b-923c-f06232e9d3b1,10/30/2019 14:00:00,BoC Monetary Policy Statement,HIGH,CAD
b66c53a6-2163-4b54-9431-7e431e56ce82,10/30/2019 15:15:00,BoC Press Conference,HIGH,CAD
22af58d2-f4c4-4eb7-a5a9-6aaba8a20aaa,10/30/2019 18:00:00,Fed Interest Rate Decision,HIGH,USD
ed2f67ea-2af5-4d31-9ca1-e5284680b2eb,10/30/2019 18:00:00,Fed Monetary Policy Statement,HIGH,USD
15c66ddf-c19e-4de6-851f-3a42159ee945,10/30/2019 18:30:00,FOMC Press Conference,HIGH,USD
df1386fa-8141-45a9-aa5d-54344a5381b1,10/31/2019 03:00:00,BoJ Interest Rate Decision,HIGH,JPY
feac5377-58bb-4604-ae81-74dd3bee39c3,10/31/2019 03:00:00,BoJ Monetary Policy Statement,HIGH,JPY
5b76cf41-ca42-4ed5-86c7-81003c975d12,10/31/2019 06:00:00,BoJ Press Conference,HIGH,JPY
0ef4ce06-2b55-434c-a023-3a8542640a35,10/31/2019 15:30:00,SNB's Chairman Jordan speech,HIGH,CHF
b3512c32-31cc-4514-af05-b6e09beb7f16,11/04/2019 19:30:00,ECB's President Lagarde speech,HIGH,EUR
d2908aed-7661-47d4-b58b-c7be828ad534,11/05/2019 23:50:00,BoJ Monetary Policy Meeting Minutes,HIGH,JPY
6f60301b-c2b4-46c5-86f4-b0cabf32b3f8,11/07/2019 12:00:00,BoE Asset Purchase Facility,HIGH,GBP
ec6cbe16-d49c-4389-8c4c-f2051cf2c11f,11/07/2019 12:00:00,BoE Interest Rate Decision,HIGH,GBP
92f994a0-9ebf-4e51-8137-61c12b54463d,11/07/2019 12:00:00,BoE Minutes,HIGH,GBP
98c288ed-3387-4b87-883a-fa0140e710a4,11/07/2019 12:00:00,BoE Monetary Policy Report,HIGH,GBP
6369c80f-1149-4dfa-a104-7d62ff374eee,11/07/2019 12:00:00,BoE Monetary Policy Summary,HIGH,GBP
bd1b4c7f-6d9c-4a5e-af0d-90595917d9fc,11/07/2019 12:00:00,BoE MPC Vote Rate Cut,HIGH,GBP
89efeccc-182b-475e-9649-009525979a08,11/07/2019 12:00:00,BoE MPC Vote Rate Hike,HIGH,GBP
f508bcf1-a6c9-4e4e-ab42-1dbcf5ec28b9,11/07/2019 12:00:00,BoE MPC Vote Rate Unchanged,HIGH,GBP
f57a1360-d654-45f1-97da-c3fb3f517c72,11/07/2019 12:30:00,BoE's Governor Carney speech,HIGH,GBP
10e25e40-d05f-409b-923b-d5f365633aed,11/13/2019 01:00:00,RBNZ Interest Rate Decision,HIGH,NZD
79fffe7a-949d-47a3-9f9a-bda4771feb2b,11/13/2019 01:00:00,RBNZ Monetary Policy Review,HIGH,NZD
9970eb98-45d5-4d01-8973-a15dfe398893,11/13/2019 01:00:00,RBNZ Monetary Policy Statement,HIGH,NZD
e2b43655-7376-4ba9-a127-ef3e5f5f0576,11/13/2019 02:00:00,RBNZ Press Conference,HIGH,NZD
209cc36a-0d72-4e44-a6c7-14f1c3647d79,11/13/2019 02:00:00,RBNZ's Governor Orr speech,HIGH,NZD
f2905550-0420-467a-bd71-f036892285a3,11/13/2019 16:00:00,Fed's Chair Powell testifies,HIGH,USD
8c7c6f41-ba2c-4263-a1f1-8c893b0b9e5c,11/14/2019 15:00:00,Fed's Chair Powell testifies,HIGH,USD
3bc0fd91-5b1a-4bc3-8111-d8cce0d80fc1,11/15/2019 02:45:00,BoC's Governor Poloz speech,HIGH,CAD
df11ab8b-497c-4910-b22e-f3d106544d50,11/20/2019 19:00:00,FOMC Minutes,HIGH,USD
e82d841e-290a-4f6e-afac-6069d8a83328,11/21/2019 12:30:00,ECB Monetary Policy Meeting Accounts,HIGH,EUR
b0d12677-bed0-4f7b-9457-f67e0539bee4,11/21/2019 13:40:00,BoC's Governor Poloz speech,HIGH,CAD
2d3604f2-61d2-4f2c-aeca-12482e7ad6bd,11/22/2019 08:30:00,ECB's President Lagarde speech,HIGH,EUR
6dbae86f-0ba4-4696-871e-e042a14fc0e1,11/26/2019 00:00:00,Fed's Powell speech,HIGH,USD
0541a4de-af0d-477e-bb66-fa992526ca76,11/26/2019 22:00:00,RBNZ's Governor Orr speech,HIGH,NZD
c100b4b0-8067-4dd3-ab45-64116ff50ed1,12/01/2019 11:00:00,ECB's President Lagarde speech,HIGH,EUR
6bc27136-2033-464c-a7f5-05626f3173c2,12/02/2019 14:00:00,ECB's President Lagarde speech,HIGH,EUR
cbdc6854-a7fe-49e7-870a-445f282910d8,12/04/2019 15:00:00,BoC Interest Rate Decision,HIGH,CAD
ba0bb4e1-1fb3-4704-82e6-e9f802c8c570,12/04/2019 15:00:00,BoC Monetary Policy Statement,HIGH,CAD
1ca6334c-b218-4f76-a410-df611e5e5ab5,12/04/2019 16:15:00,BoC Press Conference,HIGH,CAD
d9d2bd14-f7ed-4789-aaac-43ea0760245f,12/10/2019 15:15:00,BoE's Governor Carney speech,HIGH,GBP
b33db73b-0bbd-4ef2-a4f4-559bbc811d14,12/11/2019 19:00:00,Fed Interest Rate Decision,HIGH,USD
0ac0c6ea-002b-406c-88a9-a0eace3fa438,12/11/2019 19:00:00,Fed Monetary Policy Statement,HIGH,USD
074c4d00-84b9-48c9-bea2-f0be0954c077,12/11/2019 19:00:00,FOMC Economic Projections,HIGH,USD
7ef877ff-d620-45c1-8468-00badf83f3a7,12/11/2019 19:00:00,Interest Rate Projections - 1st year,HIGH,USD
1fb95ada-26ed-4032-9fb4-017788d596a3,12/11/2019 19:00:00,Interest Rate Projections - 2nd year,HIGH,USD
67cb1b76-312a-40ce-a3ad-1847b2a1c36f,12/11/2019 19:00:00,Interest Rate Projections - 3rd year,HIGH,USD
c2d2df41-f18b-4460-a4da-a49c83d72890,12/11/2019 19:00:00,Interest Rate Projections - Current,HIGH,USD
2be4d709-1d9d-4466-9a1c-39eebbfdb62b,12/11/2019 19:00:00,Interest Rate Projections - Longer,HIGH,USD
e4ac0266-363e-4862-991c-aadeb4216f26,12/11/2019 19:30:00,FOMC Press Conference,HIGH,USD
6c6e3152-ceab-4246-97bc-6482e4fb7000,12/12/2019 08:30:00,SNB Interest Rate Decision,HIGH,CHF
5df2bb0c-6583-4ab2-9059-22762fbd13ce,12/12/2019 08:30:00,SNB Monetary Policy Assessment,HIGH,CHF
57e90926-d907-42b6-badd-ca8b834424da,12/12/2019 09:00:00,SNB Press Conference,HIGH,CHF
25c4c16f-5ac5-407a-81e2-ddfa58456324,12/12/2019 12:45:00,ECB Main Refinancing Operations Rate,HIGH,EUR
e7dd1ec6-ebe8-4619-8468-32fe75b8cd08,12/12/2019 12:45:00,ECB Rate On Deposit Facility,HIGH,EUR
8598e623-3056-41b3-8550-cb470546d61b,12/12/2019 13:30:00,ECB Press Conference,HIGH,EUR
eb4a31e3-3db5-42e2-b1b8-5f28be5cb3b5,12/12/2019 17:45:00,BoC's Governor Poloz speech,HIGH,CAD
71535e72-d42f-4194-a98b-166a3144ddfd,12/17/2019 19:15:00,BoE's Governor Carney speech,HIGH,GBP
b1c1d0c7-15a7-4da8-ba85-3ec895bef8d5,12/18/2019 08:30:00,ECB's President Lagarde speech,HIGH,EUR
db488163-a27c-4809-bf1c-a1a53ff2896f,12/19/2019 03:00:00,BoJ Interest Rate Decision,HIGH,JPY
b0c0d150-3daa-4c6c-ba87-0123999e4b31,12/19/2019 03:00:00,BoJ Monetary Policy Statement,HIGH,JPY
86cace58-d303-45a8-9a4a-5a2fc489e159,12/19/2019 06:00:00,BoJ Press Conference,HIGH,JPY
bc33c525-505d-4d22-a261-8083613694d9,12/19/2019 12:00:00,BoE Asset Purchase Facility,HIGH,GBP
d81e4111-fc64-472f-bd36-426339a57fc6,12/19/2019 12:00:00,BoE Interest Rate Decision,HIGH,GBP
1a7ab463-dc2c-408e-926a-1ee3774bbb35,12/19/2019 12:00:00,BoE Minutes,HIGH,GBP
7d6d1235-20ad-426d-adf1-f0446f2384c2,12/19/2019 12:00:00,BoE Monetary Policy Summary,HIGH,GBP
a30dd97f-49cc-49ca-99d3-39bd76694762,12/19/2019 12:00:00,BoE MPC Vote Rate Cut,HIGH,GBP
7e76af80-acdc-4fd3-9f37-d80c43c83afe,12/19/2019 12:00:00,BoE MPC Vote Rate Hike,HIGH,GBP
68e6134d-7b61-4ee0-9b81-8b27c827a2e9,12/19/2019 12:00:00,BoE MPC Vote Rate Unchanged,HIGH,GBP
54501e38-4ff2-491b-864d-f9d663921a7d,12/23/2019 23:50:00,BoJ Monetary Policy Meeting Minutes,HIGH,JPY
39cb8c11-5b39-4610-993f-ef569a0ec085,12/26/2019 00:00:00,BoJ's Governor Kuroda speech,HIGH,JPY
3fa72395-467b-48b9-b0a3-29529d398237,01/03/2020 19:00:00,FOMC Minutes,HIGH,USD
294229b2-79ca-4339-8964-334dc6304acc,01/09/2020 09:30:00,BoE's Governor Carney speech,HIGH,GBP
0b49790f-c0c1-446a-9600-d48b71621924,01/09/2020 19:00:00,BoC's Governor Poloz speech,HIGH,CAD
f4c0d1b2-17dc-42f4-9dde-c14780600eba,01/15/2020 00:30:00,BoJ's Governor Kuroda speech,HIGH,JPY
b2fa30df-6215-48eb-9ead-3bbe2a0bbed0,01/16/2020 12:30:00,ECB Monetary Policy Meeting Accounts,HIGH,EUR
2f601fb5-2315-441d-b5cb-17ccd17f664f,01/16/2020 18:00:00,ECB's President Lagarde speech,HIGH,EUR
ab4ac19c-0f69-4384-bc16-4a9d35837ba0,01/20/2020 18:30:00,ECB's President Lagarde speech,HIGH,EUR
a8f383fa-992e-4c45-ac79-6e3163a8dd91,01/21/2020 03:00:00,BoJ Interest Rate Decision,HIGH,JPY
45b3ed40-79de-4ea5-bd06-52740db7010c,01/21/2020 03:00:00,BoJ Monetary Policy Statement,HIGH,JPY
32179be2-d0ec-4165-9f5f-aaee876e1cea,01/21/2020 06:00:00,BoJ Press Conference,HIGH,JPY
6e608cac-7fbf-47a8-b1ac-f8d2c5445bb3,01/21/2020 09:00:00,ECB Bank Lending Survey,HIGH,EUR
eeb52691-e10e-44ae-90bd-50aebbd369eb,01/22/2020 15:00:00,BoC Interest Rate Decision,HIGH,CAD
468012ea-5286-4432-89e4-c639956530dc,01/22/2020 15:00:00,BoC Monetary Policy Report,HIGH,CAD
f8a94323-b54e-43d8-9a0d-70ecdd28bd2c,01/22/2020 15:00:00,BoC Monetary Policy Statement,HIGH,CAD
4f190e23-62e6-4875-8ce6-2fedede0d20f,01/22/2020 16:15:00,BoC Press Conference,HIGH,CAD
66546006-2a29-47b9-a618-5b630247ef95,01/23/2020 12:45:00,ECB Main Refinancing Operations Rate,HIGH,EUR
7b12d24a-29ef-4df4-8622-ecd05a3162b0,01/23/2020 12:45:00,ECB Rate On Deposit Facility,HIGH,EUR
2614bb74-e02d-49f8-b938-04567d06b053,01/23/2020 13:30:00,ECB Press Conference,HIGH,EUR
fff0194a-9114-40b7-9c7b-1790d10c69d1,01/23/2020 23:50:00,BoJ Monetary Policy Meeting Minutes,HIGH,JPY
712f8d23-1a13-4163-b11f-bbb47a83d39e,01/24/2020 10:30:00,ECB's President Lagarde speech,HIGH,EUR
088a324d-7e8c-4c41-951f-adb4cb7d9b09,01/29/2020 19:00:00,Fed Interest Rate Decision,HIGH,USD
0a39e563-e8fe-406a-9c08-908d9edccd82,01/29/2020 19:30:00,FOMC Press Conference,HIGH,USD
4394fc2c-beed-405a-a4cb-6c9880965d87,01/30/2020 12:00:00,BoE Asset Purchase Facility,HIGH,GBP
5d53cff8-72f1-497f-b351-a642fa9623db,01/30/2020 12:00:00,BoE Interest Rate Decision,HIGH,GBP
9dd7d58a-3af7-4545-adbd-bec206fd8ef0,01/30/2020 12:00:00,BoE Minutes,HIGH,GBP
a764095b-bc82-4de2-9779-647338ce931f,01/30/2020 12:00:00,BoE Monetary Policy Report,HIGH,GBP
fa4d2958-10f2-4aa5-96d8-edb1825f706f,01/30/2020 12:00:00,BoE Monetary Policy Summary,HIGH,GBP
33c3c97f-8846-4473-bfc8-414a2bf0398e,01/30/2020 12:00:00,BoE MPC Vote Rate Cut,HIGH,GBP
3f3139fd-7a16-4a06-89bd-be54a09cf387,01/30/2020 12:00:00,BoE MPC Vote Rate Hike,HIGH,GBP
101dd544-b79a-487d-a7bb-f8db1523ca80,01/30/2020 12:00:00,BoE MPC Vote Rate Unchanged,HIGH,GBP
b430654f-8d65-4975-ac5a-f1c57da3ffff,01/30/2020 12:30:00,BoE's Governor Carney speech,HIGH,GBP
f1f36445-315d-4339-b365-b83d54aea9d2,02/05/2020 12:15:00,ECB's President Lagarde speech,HIGH,EUR
ff708974-b0a6-4114-95e9-3f95c31bd4fe,02/06/2020 08:00:00,ECB's President Lagarde speech,HIGH,EUR
45e3bdbf-650f-4433-b737-b26ffe1615e8,02/11/2020 14:00:00,ECB's President Lagarde speech,HIGH,EUR
5c6a9f9b-b38f-4ff1-94b1-07b3a85d3dd0,02/11/2020 15:00:00,Fed's Chair Powell testifies,HIGH,USD
d70e37ae-9c9a-411d-94ac-37db839e329f,02/12/2020 01:00:00,RBNZ Interest Rate Decision,HIGH,NZD
fb8bbb2b-718f-4c4b-8159-ff4871d09323,02/12/2020 01:00:00,RBNZ Monetary Policy Review,HIGH,NZD
54943dca-d015-47b9-b1d2-0702e39f783e,02/12/2020 01:00:00,RBNZ Monetary Policy Statement,HIGH,NZD
ec3e15a5-d173-4f18-952a-5e52b621f17c,02/12/2020 02:00:00,RBNZ Press Conference,HIGH,NZD
fd7cd57b-9aee-4f50-a410-9d01a3090083,02/12/2020 14:30:00,Fed's Chair Powell testifies,HIGH,USD
e99432da-867b-4a70-a1bc-877fd91713a5,02/12/2020 19:10:00,RBNZ's Governor Orr speech,HIGH,NZD
eb99d4a0-d685-4f27-a7f0-3068cd6b339e,02/13/2020 00:15:00,BoC's Governor Poloz speech,HIGH,CAD
03c4546b-45bd-4d1b-b9f5-d0af5f0c7b40,02/19/2020 19:00:00,FOMC Minutes,HIGH,USD
77acba5d-682e-4a16-8832-4a0ad174219e,02/20/2020 12:30:00,ECB Monetary Policy Meeting Accounts,HIGH,EUR
fc67ca12-e4f6-4db6-8a46-b9173be88825,02/26/2020 13:30:00,ECB's President Lagarde speech,HIGH,EUR
ff446fb9-0925-429e-9513-6bcb1c8b4b34,02/27/2020 09:45:00,ECB's President Lagarde speech,HIGH,EUR
1ea4134d-033d-4dc3-bf66-808b08c0f390,03/03/2020 09:30:00,BoE Monetary Policy Report Hearings,HIGH,GBP
73b0a4a1-f2bd-45ee-ab71-541218ac57c2,03/03/2020 15:00:00,Fed Interest Rate Decision,HIGH,USD
3098f11e-9a10-455c-bdc7-5e5835d6642a,03/03/2020 16:00:00,FOMC Press Conference,HIGH,USD
f3849ef9-6f3b-43c6-9f77-86ba280cf74b,03/04/2020 13:15:00,BoE's Governor Bailey speech,HIGH,GBP
1b37d8cd-89a9-4e57-b147-64907a84741f,03/04/2020 15:00:00,BoC Interest Rate Decision,HIGH,CAD
fa004007-34d9-4214-8bd5-105b9b77203b,03/04/2020 15:00:00,BoC Monetary Policy Statement,HIGH,CAD
77c99356-10eb-4a74-94e2-fc6a851efad0,03/05/2020 17:00:00,BoE's Governor Carney speech,HIGH,GBP
00224e23-462d-40d6-a603-428969523d8d,03/05/2020 17:45:00,BoC's Governor Poloz speech,HIGH,CAD
71235f8f-e52b-4a58-874e-503015f8efce,03/10/2020 01:00:00,RBNZ's Governor Orr speech,HIGH,NZD
aff168ff-eb2c-4b59-baab-452985d0c1ac,03/11/2020 07:00:00,BoE Asset Purchase Facility,HIGH,GBP
61bdb8e4-904b-42b3-8633-b6e248b765f9,03/11/2020 07:00:00,BoE Interest Rate Decision,HIGH,GBP
724f44f4-997c-41c4-a4fa-c3038c944290,03/11/2020 07:00:00,BoE Monetary Policy Summary,HIGH,GBP
46c4c29b-6b13-4486-99a0-55934c1b9b4b,03/11/2020 07:00:00,BoE MPC Vote Rate Cut,HIGH,GBP
5c05ab3c-29d7-4a5a-8608-d70087b3d217,03/11/2020 07:00:00,BoE MPC Vote Rate Hike,HIGH,GBP
281c8ee4-0e67-48a5-9489-b92a7b91e00f,03/11/2020 07:00:00,BoE MPC Vote Rate Unchanged,HIGH,GBP
3b3aa0e8-8670-41d7-addd-12947f63c021,03/11/2020 09:00:00,BoE's Governor Carney speech,HIGH,GBP
d7dea3b3-0aa8-434b-960c-87a5d3795160,03/12/2020 12:45:00,ECB Main Refinancing Operations Rate,HIGH,EUR
3b076250-e8cb-4e9a-b6c6-0e3f7d13aa35,03/12/2020 12:45:00,ECB Rate On Deposit Facility,HIGH,EUR
d3d8cf36-edcf-4b3d-b6e3-3434ae79e569,03/12/2020 13:30:00,ECB Press Conference,HIGH,EUR
ee80fdab-772f-4ceb-ac60-402fc99e1692,03/13/2020 12:00:00,BoE Minutes,HIGH,GBP
93d35bea-4574-4fef-99ac-ec05d94a14e3,03/13/2020 18:00:00,BoC Interest Rate Decision,HIGH,CAD
19de4503-f66e-4cb3-a1fe-4abd65df7301,03/13/2020 18:00:00,BoC Monetary Policy Statement,HIGH,CAD
62fb5d75-bd5f-4e09-9cd4-73b4a1fd429c,03/15/2020 19:00:00,RBNZ Interest Rate Decision,HIGH,NZD
3bf008f3-a615-4553-9bb2-6b7978c0cd84,03/15/2020 19:00:00,RBNZ Monetary Policy Review,HIGH,NZD
c3d37bbf-655e-4ed1-bdca-f97842d38b79,03/15/2020 21:00:00,Fed Interest Rate Decision,HIGH,USD
2754324f-2a1c-4a47-af18-52a9513a9f82,03/15/2020 21:00:00,Fed Monetary Policy Statement,HIGH,USD
6e40ae90-e5b9-4080-a2b3-06822d741f97,03/15/2020 22:30:00,Fed's Powell speech,HIGH,USD
a86b7d04-373b-4ea9-a561-4413b21e9097,03/16/2020 03:00:00,BoJ Interest Rate Decision,HIGH,JPY
b9168a68-c324-41d0-a8d0-45fc74224087,03/16/2020 03:00:00,BoJ Monetary Policy Statement,HIGH,JPY
18031352-a45a-47a6-bd62-b09bd28d5d09,03/16/2020 07:00:00,BoJ's Governor Kuroda speech,HIGH,JPY
4627a2f3-9746-4a54-b56f-6a7c7d829adf,03/17/2020 14:30:00,BoE MPC Vote Rate Cut,HIGH,GBP
a3256e17-1d0b-4df3-be2a-1cd9bb71d5c7,03/17/2020 14:30:00,BoE MPC Vote Rate Unchanged,HIGH,GBP
3f8a73f7-605d-4cec-b472-2b9cce5ad082,03/18/2020 15:15:00,BoC's Governor Poloz speech,HIGH,CAD
685c40fc-f018-4c8a-afad-ad3f5fd6c7a5,03/18/2020 23:50:00,BoJ Monetary Policy Meeting Minutes,HIGH,JPY
0de4d8d8-d837-421a-85c8-e4fc8cc4bad6,03/19/2020 08:30:00,SNB Interest Rate Decision,HIGH,CHF
712c6c52-6093-418e-b21a-f9ea418e7c13,03/19/2020 08:30:00,SNB Monetary Policy Assessment,HIGH,CHF
57e77380-1930-4f02-bced-55323c66c257,03/19/2020 14:30:00,BoE Asset Purchase Facility,HIGH,GBP
5766288f-6b44-4d8f-ac20-8a7cd6763bfa,03/19/2020 14:30:00,BoE Interest Rate Decision,HIGH,GBP
76dc6616-8ead-498c-b1df-7510fa823679,03/19/2020 14:30:00,BoE Monetary Policy Summary,HIGH,GBP
c0bf39e6-f9cb-4da4-b0e8-9c53bfd884e3,03/19/2020 14:30:00,BoE MPC Vote Rate Hike,HIGH,GBP
0d745b51-d557-4f59-a2c8-ad41d30f7c21,03/26/2020 11:05:00,Fed's Powell speech,HIGH,USD
84d30fb1-10b7-48f2-b5c8-2b923a855fa1,03/26/2020 12:00:00,BoE Asset Purchase Facility,HIGH,GBP
60509b9c-8159-4681-a561-42955cba9896,03/26/2020 12:00:00,BoE Interest Rate Decision,HIGH,GBP
973d74b9-6301-4328-81f7-53e85be0f7fb,03/26/2020 12:00:00,BoE Minutes,HIGH,GBP
cc797978-4c47-4494-88fc-7cab358ce898,03/26/2020 12:00:00,BoE Monetary Policy Summary,HIGH,GBP
ca455a3b-7146-4513-93c7-7bee07e76d40,03/26/2020 12:00:00,BoE MPC Vote Rate Cut,HIGH,GBP
111b7d49-effe-4168-b5dd-ee30ed581ac3,03/26/2020 12:00:00,BoE MPC Vote Rate Hike,HIGH,GBP
f8e59589-078d-4e87-9449-8b623cbd927b,03/26/2020 12:00:00,BoE MPC Vote Rate Unchanged,HIGH,GBP
0a85016f-5c80-4249-ad39-99f7786f0d15,03/27/2020 13:00:00,BoC Interest Rate Decision,HIGH,CAD
214a35a4-5669-4db3-903b-57a5e023f6ac,03/27/2020 13:00:00,BoC Monetary Policy Statement,HIGH,CAD
1187a832-6c0e-40d2-b9b2-4782b85236fe,03/27/2020 13:15:00,BoC Press Conference,HIGH,CAD
3827d753-f31e-43f5-87f3-ae2cc52abcb4,04/08/2020 18:00:00,FOMC Minutes,HIGH,USD
13183dbd-0c42-486b-b30b-3c678e2cfede,04/09/2020 00:30:00,BoJ's Governor Kuroda speech,HIGH,JPY
f0550571-38c1-42b6-8673-1fcefe059743,04/09/2020 11:30:00,ECB Monetary Policy Meeting Accounts,HIGH,EUR
81e0c44f-4c1f-4adf-9a9a-4d6405849972,04/09/2020 14:00:00,Fed's Powell speech,HIGH,USD
c8de3f29-7b21-47b4-abdd-0064508273ad,04/15/2020 14:00:00,BoC Interest Rate Decision,HIGH,CAD
5b281265-e9d7-4e08-a659-30443122da45,04/15/2020 14:00:00,BoC Monetary Policy Report,HIGH,CAD
3a956386-4692-4bde-b796-e5fb9e0ce048,04/15/2020 14:00:00,BoC Monetary Policy Statement,HIGH,CAD
296a21cc-9d38-4abd-adb8-e607cfecc504,04/15/2020 14:30:00,BoC Press Conference,HIGH,CAD
2b46c953-7d46-4663-9502-0dd6ec50375b,04/16/2020 20:00:00,BoC's Governor Poloz speech,HIGH,CAD
234d378e-8766-485b-9d88-90e2ae65983c,04/27/2020 03:00:00,BoJ Interest Rate Decision,HIGH,JPY
6d9ab491-e6a1-4103-b4f6-a00546ea18f6,04/27/2020 03:00:00,BoJ Monetary Policy Statement,HIGH,JPY
db7fa9e2-912b-49fa-bb0b-7e0d641c2a12,04/27/2020 06:30:00,BoJ Press Conference,HIGH,JPY
338f0b5b-0919-4736-add9-dd10b1422fcd,04/28/2020 08:00:00,ECB Bank Lending Survey,HIGH,EUR
05058e77-e5f5-4a5f-88be-ec6e8ff59f03,04/29/2020 18:00:00,Fed Interest Rate Decision,HIGH,USD
d4d5364c-2820-4411-a320-2b2d520ad10e,04/29/2020 18:30:00,FOMC Press Conference,HIGH,USD
0e9ff65e-4e87-4651-9976-a690b8ba139f,04/30/2020 11:45:00,ECB Main Refinancing Operations Rate,HIGH,EUR
d3043642-fd21-4251-823d-e8c6152d62a7,04/30/2020 11:45:00,ECB Rate On Deposit Facility,HIGH,EUR
afade3ed-18ac-46ae-8ced-67e2c644417e,04/30/2020 12:30:00,ECB Press Conference,HIGH,EUR
da257917-bf7e-4dfc-b413-15991a24e9b8,04/30/2020 23:50:00,BoJ Monetary Policy Meeting Minutes,HIGH,JPY
e93691f1-e183-4fc2-91d7-040c55e19a49,05/05/2020 06:00:00,BoE MPC Vote Rate Cut,HIGH,GBP
db5924c7-3be0-470b-9618-70c462360781,05/05/2020 06:00:00,BoE MPC Vote Rate Unchanged,HIGH,GBP
3322baec-b4d6-47ff-aabd-f41d371831ad,05/07/2020 06:00:00,BoE Asset Purchase Facility,HIGH,GBP
714dd90d-20e2-4e23-af85-335e6f877dc3,05/07/2020 06:00:00,BoE Interest Rate Decision,HIGH,GBP
418a4031-c6d5-4489-bc66-891c54e798df,05/07/2020 06:00:00,BoE Minutes,HIGH,GBP
2f444d5e-add5-4145-a1f7-0ca0547560e0,05/07/2020 06:00:00,BoE Monetary Policy Report,HIGH,GBP
6b4c14e1-7064-4f32-952a-62a55e2084db,05/07/2020 06:00:00,BoE Monetary Policy Summary,HIGH,GBP
7f4498a7-567e-418a-9ab0-c2837d46b768,05/07/2020 06:00:00,BoE MPC Vote Rate Hike,HIGH,GBP
84b2db48-fd88-449f-8276-65e6b4100e45,05/07/2020 09:00:00,BoE's Governor Bailey speech,HIGH,GBP
9b9d1d64-2def-48e8-9c9d-04b1746e636e,05/08/2020 11:00:00,ECB's President Lagarde speech,HIGH,EUR
aca7537e-6b04-48ab-809f-96d1d3872551,05/13/2020 02:00:00,RBNZ Interest Rate Decision,HIGH,NZD
788b2c2c-5fd7-4278-8a2e-509fb166c81a,05/13/2020 02:00:00,RBNZ Monetary Policy Review,HIGH,NZD
6fe5fd0d-eff9-463e-a645-662493e69419,05/13/2020 02:00:00,RBNZ Monetary Policy Statement,HIGH,NZD
2902646a-2eaa-49fc-a7e2-620000ddd76a,05/13/2020 03:00:00,RBNZ Press Conference,HIGH,NZD
ea810d46-4b5d-472b-a102-9dc71a580319,05/13/2020 13:00:00,Fed's Powell speech,HIGH,USD
be17a58c-3bd7-4a4d-b84b-2cf325cf835d,05/19/2020 14:00:00,Fed's Chair Powell testifies,HIGH,USD
d3a82630-063b-4043-b7d8-aac2063ce0f3,05/20/2020 13:30:00,BoE's Governor Bailey speech,HIGH,GBP
1d94c468-0f4e-49d3-92d2-ff6b01c7072f,05/20/2020 18:00:00,FOMC Minutes,HIGH,USD
e8392c03-3429-4174-88a6-3f37b5ede515,05/21/2020 18:30:00,Fed's Powell speech,HIGH,USD
a22201a1-5e1e-4f65-a881-857234202de7,05/22/2020 03:00:00,BoJ Interest Rate Decision,HIGH,JPY
4fb6832f-4413-49a0-af5e-19cf2d3207c8,05/22/2020 03:00:00,BoJ Monetary Policy Statement,HIGH,JPY
7c893988-70f0-487d-8ddd-73b626613661,05/22/2020 11:30:00,ECB Monetary Policy Meeting Accounts,HIGH,EUR
21419cad-4f3a-40b4-b99c-f1f2bd95d775,05/25/2020 17:30:00,BoC's Governor Poloz speech,HIGH,CAD
a5e2aaa6-7a52-4032-973e-921999165d24,05/26/2020 21:00:00,BoC's Governor Poloz speech,HIGH,CAD
267ca4b4-3266-4f07-ae7c-152580f7b9db,05/27/2020 07:30:00,ECB's President Lagarde speech,HIGH,EUR
4bbbc76b-dc7b-466d-bd6c-f892d3285d71,05/29/2020 15:00:00,Fed's Powell speech,HIGH,USD
6ded93b0-f7f7-4ca5-a767-e38c67719272,06/03/2020 14:00:00,BoC Interest Rate Decision,HIGH,CAD
7636f4fc-6751-4199-96d5-e22df1511f61,06/03/2020 14:00:00,BoC Monetary Policy Statement,HIGH,CAD
e37cc5e5-4c6d-4f68-8185-579b11bb0a1c,06/04/2020 11:45:00,ECB Main Refinancing Operations Rate,HIGH,EUR
136b76fd-29d7-4b4c-8901-3209534504ea,06/04/2020 11:45:00,ECB Rate On Deposit Facility,HIGH,EUR
38631928-db94-43f3-af6c-3719a872b4c9,06/04/2020 12:30:00,ECB Press Conference,HIGH,EUR
48e93673-899d-47d8-85e5-7c69d6bd43de,06/08/2020 13:45:00,ECB's President Lagarde speech,HIGH,EUR
24a63d34-02be-4918-b3ac-a293add39cbc,06/08/2020 15:45:00,ECB's President Lagarde speech,HIGH,EUR
67f0c2d4-e0c0-44d8-aa0d-ec6c89fce5a1,06/10/2020 18:00:00,Fed Interest Rate Decision,HIGH,USD
2ae2b206-d900-4def-8532-4588535a64ef,06/10/2020 18:00:00,Fed Monetary Policy Statement,HIGH,USD
ca1414ef-f49d-4bfe-a184-0ba53467bceb,06/10/2020 18:00:00,FOMC Economic Projections,HIGH,USD
740d5291-0370-48e6-b480-64eb25a85d16,06/10/2020 18:00:00,Interest Rate Projections - 1st year,HIGH,USD
e9a1ef42-0df8-4170-85a8-dd900cf9d5a0,06/10/2020 18:00:00,Interest Rate Projections - 2nd year,HIGH,USD
2ae2f012-5729-4229-9db4-c184cf19425a,06/10/2020 18:00:00,Interest Rate Projections - Current,HIGH,USD
3429e279-1895-4871-853f-011c7e378f28,06/10/2020 18:00:00,Interest Rate Projections - Longer,HIGH,USD
ecdc6b6b-291d-43c0-8785-df298ff9a6f3,06/10/2020 18:30:00,FOMC Press Conference,HIGH,USD
101f6f54-5b08-41e3-8725-e57261a5ce80,06/16/2020 03:00:00,BoJ Interest Rate Decision,HIGH,JPY
3186774e-40a0-45c4-ae87-0df7e1947887,06/16/2020 03:00:00,BoJ Monetary Policy Statement,HIGH,JPY
c7dbf360-9225-44fb-a376-fce9e13418e5,06/16/2020 06:00:00,BoJ Press Conference,HIGH,JPY
e2e0ed3a-1b19-490a-95d4-d9f10619a464,06/16/2020 11:00:00,BoE MPC Vote Rate Cut,HIGH,GBP
b544bd9d-e055-42cc-a202-4aac3e0c3f63,06/16/2020 11:00:00,BoE MPC Vote Rate Unchanged,HIGH,GBP
c003f1e6-3ab4-4298-9d55-a8f8fcbb66ad,06/16/2020 14:00:00,Fed's Chair Powell testifies,HIGH,USD
7fdd5ac2-0c88-41b6-ac04-3a0f1b484463,06/17/2020 16:00:00,Fed's Chair Powell testifies,HIGH,USD
7ec97c61-af1c-45de-a220-9b673f94c943,06/18/2020 07:30:00,SNB Interest Rate Decision,HIGH,CHF
a1ce3b5b-3869-4978-bc59-994e27880742,06/18/2020 07:30:00,SNB Monetary Policy Assessment,HIGH,CHF
cbe0acda-6fa4-4e6f-9ddf-1bfac6e5e67a,06/18/2020 08:00:00,SNB Press Conference,HIGH,CHF
59b7f266-3a97-4f17-9b6d-b134225db999,06/18/2020 11:00:00,BoE Asset Purchase Facility,HIGH,GBP
cd66be4a-b2e2-4049-831c-c79b058bf6ef,06/18/2020 11:00:00,BoE Interest Rate Decision,HIGH,GBP
0aa97040-0cb3-4ea6-82e0-500cd7607598,06/18/2020 11:00:00,BoE Minutes,HIGH,GBP
407e619b-9cfa-46e8-8c58-08a1f0340271,06/18/2020 11:00:00,BoE Monetary Policy Summary,HIGH,GBP
b5a5289e-6dfd-452b-863d-f9ecb0d958c7,06/18/2020 11:00:00,BoE MPC Vote Rate Hike,HIGH,GBP
5e04e77f-9fad-496a-b91f-eb3e8a3c0585,06/18/2020 23:50:00,BoJ Monetary Policy Meeting Minutes,HIGH,JPY
ae32547b-341a-4c44-908f-4fd1086f2f61,06/19/2020 17:00:00,Fed's Powell speech,HIGH,USD
ca7e18c6-ab51-41b0-8e14-53c131c80c1f,06/22/2020 15:00:00,BoC's Governor Macklem speech,HIGH,CAD
b994a7af-8c0e-4bb9-9f85-3284e02403b2,06/23/2020 08:45:00,BoE's Governor Bailey speech,HIGH,GBP
ae903892-767a-4ce6-89e1-ccfaab281bf9,06/24/2020 02:00:00,RBNZ Interest Rate Decision,HIGH,NZD
174c75d3-d00c-48be-bfd1-1827297f1809,06/24/2020 02:00:00,RBNZ Monetary Policy Review,HIGH,NZD
def89717-4e3d-45fa-8e12-141307f55071,06/25/2020 11:30:00,ECB Monetary Policy Meeting Accounts,HIGH,EUR
38c52873-2fea-4c49-a84f-054dd3fbe29e,06/25/2020 20:30:00,Bank Stress Test Results,HIGH,USD
751f982b-88db-4122-8820-f4b81973986e,06/26/2020 07:00:00,ECB's President Lagarde speech,HIGH,EUR
85254b17-ce54-40ec-a723-390366c6b936,06/29/2020 09:30:00,BoE's Governor Bailey speech,HIGH,GBP
2c1cd0a5-0b8d-45b6-b573-acd075ba7384,06/30/2020 16:30:00,Fed's Chair Powell testifies,HIGH,USD
8ef648e7-b5d1-496c-ba18-a07500e35df6,07/01/2020 18:00:00,FOMC Minutes,HIGH,USD
8f5f5604-cf84-48f5-b96b-72a800792a0c,07/04/2020 10:40:00,ECB's President Lagarde speech,HIGH,EUR
0eea971e-5ecb-4458-b508-4f3e791debf4,07/13/2020 15:30:00,BoE's Governor Bailey speech,HIGH,GBP
874af6b3-537c-47af-aab6-74f78ecd0d18,07/14/2020 08:00:00,ECB Bank Lending Survey,HIGH,EUR
4d0630df-c3d6-4646-8dff-c8948469d721,07/14/2020 13:30:00,SNB's Chairman Jordan speech,HIGH,CHF
0618932c-cafd-4284-aacc-c797246c2429,07/15/2020 03:00:00,BoJ Interest Rate Decision,HIGH,JPY
edd29573-28bd-4e39-a6b1-4d118177d0f8,07/15/2020 03:00:00,BoJ Monetary Policy Statement,HIGH,JPY
98dc4691-b2c9-4be3-b86e-b2b9774c0d9a,07/15/2020 06:00:00,BoJ Press Conference,HIGH,JPY
aa339a85-32fe-40a7-aaff-39dbade49c2b,07/15/2020 14:00:00,BoC Interest Rate Decision,HIGH,CAD
e19ad4fe-e3ab-40cf-ad44-6ddc7e567bd7,07/15/2020 14:00:00,BoC Monetary Policy Report,HIGH,CAD
39b520c8-acc5-49e3-afa8-840ef14e0d30,07/15/2020 14:00:00,BoC Monetary Policy Statement,HIGH,CAD
b3b15869-08d9-4e94-bb4c-8d311287728e,07/15/2020 15:15:00,BoC Press Conference,HIGH,CAD
e13b8bef-5ad4-494e-b386-34967a154838,07/16/2020 11:15:00,BoE's Governor Bailey speech,HIGH,GBP
7e357c9d-e995-48a0-a260-112884c82434,07/16/2020 11:45:00,ECB Main Refinancing Operations Rate,HIGH,EUR
1f6443f4-7627-43c1-b87a-1e451c34f96d,07/16/2020 11:45:00,ECB Rate On Deposit Facility,HIGH,EUR
169de492-1430-4c95-88cb-3c964581dd1c,07/16/2020 12:30:00,ECB Press Conference,HIGH,EUR
c49a82e1-c3c2-470a-9e6f-efc47615ae1c,07/17/2020 10:00:00,BoE's Governor Bailey speech,HIGH,GBP
7a8393e9-420e-4a6d-a0ec-c69ef6b6bde4,07/19/2020 23:50:00,BoJ Monetary Policy Meeting Minutes,HIGH,JPY
f6fd6d8f-a11c-4a65-8b6b-a5783da45d6b,07/22/2020 13:15:00,ECB's President Lagarde speech,HIGH,EUR
b7ac6ad2-b73a-4b5d-89a6-587257d3bda0,07/29/2020 18:00:00,Fed Interest Rate Decision,HIGH,USD
402e692d-b9ba-47fd-923d-0b45ddac1ee5,07/29/2020 18:00:00,Fed Monetary Policy Statement,HIGH,USD
abcfc97d-4953-4538-86ce-3ebfd9121092,07/29/2020 18:30:00,FOMC Press Conference,HIGH,USD
c3cb9837-6b07-4e95-8d9c-e8d6ed5236fc,08/04/2020 06:00:00,BoE MPC Vote Rate Cut,HIGH,GBP
51a1ee9e-25d9-4264-9a4e-1c95e131320a,08/04/2020 06:00:00,BoE MPC Vote Rate Unchanged,HIGH,GBP
75fc6c89-25fe-4e2f-a776-66cfa96bcdc5,08/05/2020 12:00:00,BoJ's Governor Kuroda speech,HIGH,JPY
fafdb766-bcd5-41d6-b5ab-ca7c6ddf2942,08/06/2020 06:00:00,BoE Asset Purchase Facility,HIGH,GBP
1e7b8393-4525-4993-a53a-d08f74192d7d,08/06/2020 06:00:00,BoE Interest Rate Decision,HIGH,GBP
e797ce72-694a-488e-bf5e-690c6d8fd577,08/06/2020 06:00:00,BoE Minutes,HIGH,GBP
52d1b6c0-816c-4875-96ff-fb4477d937a3,08/06/2020 06:00:00,BoE Monetary Policy Report,HIGH,GBP
9059bbe1-bb55-49a9-bedb-eed35675b1fc,08/06/2020 06:00:00,BoE Monetary Policy Summary,HIGH,GBP
e04ab723-4158-415c-9cf0-94f8bc3b254a,08/06/2020 09:00:00,BoE's Governor Bailey speech,HIGH,GBP
80104bda-80bc-43f0-8c5e-482bc1555886,08/06/2020 11:00:00,BoE MPC Vote Rate Hike,HIGH,GBP
1c30e874-a534-4910-8990-43b03e20e8ad,08/12/2020 02:00:00,RBNZ Interest Rate Decision,HIGH,NZD
2eeac3d4-42d7-406f-8c81-1a130a934d8a,08/12/2020 02:00:00,RBNZ Monetary Policy Review,HIGH,NZD
8242709c-a197-4cf9-b116-5984928f64fc,08/12/2020 02:00:00,RBNZ Monetary Policy Statement,HIGH,NZD
682e690d-0b85-425b-a162-151da47fa024,08/12/2020 03:00:00,RBNZ Press Conference,HIGH,NZD
acb1c4b0-1fcd-4e9b-82f8-908851dc2885,08/19/2020 18:00:00,FOMC Minutes,HIGH,USD
6d9af91a-fd64-47e4-83be-2f71d7810f5b,08/27/2020 00:00:00,Jackson Hole Symposium,HIGH,USD
1c7e3a47-4ecc-493e-ab19-4add6055f1bf,08/27/2020 13:10:00,Fed's Powell speech,HIGH,USD
c49c9e2d-54bf-46e4-81af-8e29b7ebd45b,08/27/2020 15:15:00,BoC's Governor Macklem speech,HIGH,CAD
4d4e5a1e-3608-4d93-949d-43ff47e0c13f,08/28/2020 00:00:00,Jackson Hole Symposium,HIGH,USD
ed834bcb-aefa-4ab4-a8aa-dbf29aa91023,08/28/2020 13:05:00,BoE's Governor Bailey speech,HIGH,GBP
d9990a4c-f98d-48bb-a612-78f55b7ab771,09/02/2020 00:30:00,RBNZ's Governor Orr speech,HIGH,NZD
a26cbcaf-0eaf-4973-a982-9d8092e98374,09/02/2020 13:30:00,BoE's Governor Bailey speech,HIGH,GBP
fad4943b-dfa6-42d9-b9ce-4a6e47137300,09/03/2020 14:00:00,BoE's Governor Bailey speech,HIGH,GBP
2876d420-dee6-46c2-a201-1ba24c5418de,09/09/2020 14:00:00,BoC Interest Rate Decision,HIGH,CAD
00025847-7751-4af3-8a52-b3bab2714da5,09/09/2020 14:00:00,BoC Monetary Policy Statement,HIGH,CAD
5c5e4198-c470-4879-8802-d367322b1a13,09/10/2020 11:45:00,ECB Main Refinancing Operations Rate,HIGH,EUR
1957589e-389a-4fb5-80c0-88e337ba65fc,09/10/2020 11:45:00,ECB Rate On Deposit Facility,HIGH,EUR
9197ecee-a827-4fa7-aa23-70bc0e90295e,09/10/2020 12:30:00,ECB Press Conference,HIGH,EUR
fc4fa84f-840e-4b2b-8333-c3e428e3b466,09/10/2020 16:30:00,BoC's Governor Macklem speech,HIGH,CAD
257e71a1-7e34-43f0-ba3a-d18676b664e0,09/10/2020 17:00:00,ECB's President Lagarde speech,HIGH,EUR
b2aff94b-d1ae-4ccb-bf1b-ae55d740184a,09/15/2020 11:00:00,BoE MPC Vote Rate Cut,HIGH,GBP
a8bc5e3c-875f-4ddb-9fc9-9392957aff86,09/15/2020 11:00:00,BoE MPC Vote Rate Unchanged,HIGH,GBP
39e14190-ef34-4267-9b11-821fdc48cdec,09/16/2020 18:00:00,Fed Interest Rate Decision,HIGH,USD
46022b49-60dd-447b-bbb7-d77d2a421631,09/16/2020 18:00:00,Fed Monetary Policy Statement,HIGH,USD
1e666912-60d0-4f4c-8c7f-7312964011a6,09/16/2020 18:00:00,FOMC Economic Projections,HIGH,USD
65987fa2-3f94-40d3-8e82-b4788c7097e1,09/16/2020 18:00:00,Interest Rate Projections - 1st year,HIGH,USD
e5dd931a-966b-495d-9e89-8b451f9f2f3e,09/16/2020 18:00:00,Interest Rate Projections - 2nd year,HIGH,USD
4fe59f16-42d4-4709-ac8c-ef771500032a,09/16/2020 18:00:00,Interest Rate Projections - 3rd year,HIGH,USD
6601966e-2065-41e5-a10e-4b990089c2bf,09/16/2020 18:00:00,Interest Rate Projections - Current,HIGH,USD
2ad06d84-1ac8-4ecb-ad20-d8909f8ae6ec,09/16/2020 18:00:00,Interest Rate Projections - Longer,HIGH,USD
8571d06e-89b3-4a5d-9f30-6b5167d7d7d2,09/16/2020 18:30:00,FOMC Press Conference,HIGH,USD
03f0621d-f4ca-49c1-8472-21c8fb5f27d9,09/17/2020 03:00:00,BoJ Interest Rate Decision,HIGH,JPY
0ebebaf8-14a3-44a6-a15b-d01019027d32,09/17/2020 03:00:00,BoJ Monetary Policy Statement,HIGH,JPY
bc0c2d24-7179-4205-870c-546b6771cae8,09/17/2020 06:00:00,BoJ Press Conference,HIGH,JPY
eec4db5f-4c28-4078-ba07-07ed404ddc34,09/17/2020 11:00:00,BoE Asset Purchase Facility,HIGH,GBP
8db3bbec-5b7e-4664-9177-d194dac50a80,09/17/2020 11:00:00,BoE Interest Rate Decision,HIGH,GBP
45f6eb53-3ff5-48c4-bd38-d12e4f500f65,09/17/2020 11:00:00,BoE Minutes,HIGH,GBP
97ab0314-e852-4253-8cd7-0ca03e38eccb,09/17/2020 11:00:00,BoE Monetary Policy Summary,HIGH,GBP
4ecddf3c-c465-44c0-a9fe-81c44059574a,09/17/2020 11:00:00,BoE MPC Vote Rate Hike,HIGH,GBP
085952db-0eff-453b-8762-3d17c5a89ab4,09/21/2020 12:25:00,ECB's President Lagarde speech,HIGH,EUR
cf1b651a-93a0-405d-a9f4-63441045c9b5,09/21/2020 14:00:00,Fed's Powell speech,HIGH,USD
c796d5f6-f62f-4c17-8781-e01b740759d2,09/22/2020 07:30:00,BoE's Governor Bailey speech,HIGH,GBP
28f54bbe-757b-4fbc-ab47-89b3facaf5ed,09/22/2020 14:30:00,Fed's Chair Powell testifies,HIGH,USD
de332c56-774a-4405-9514-0d05bbfe9b77,09/23/2020 02:00:00,RBNZ Interest Rate Decision,HIGH,NZD
0430e8ca-8931-49eb-b1a2-214f96874a5e,09/23/2020 02:00:00,RBNZ Monetary Policy Review,HIGH,NZD
4f6fa6b0-61ff-4428-b342-68ca7414d3aa,09/23/2020 05:35:00,BoJ's Governor Kuroda speech,HIGH,JPY
abfc9a69-29c4-4e69-bc1d-164f9adf011a,09/23/2020 14:00:00,Fed's Chair Powell testifies,HIGH,USD
db155c31-96aa-4782-b08f-6f131cbef87b,09/23/2020 23:50:00,BoJ Monetary Policy Meeting Minutes,HIGH,JPY
467b8963-30bc-4b76-bcf4-cc2f16a3580c,09/24/2020 07:30:00,SNB Interest Rate Decision,HIGH,CHF
94e512b1-984b-43d5-86bb-954e5ed73e43,09/24/2020 07:30:00,SNB Monetary Policy Assessment,HIGH,CHF
6cf12140-4fa6-4a68-a5f5-2c4375f9d11a,09/24/2020 14:00:00,BoE's Governor Bailey speech,HIGH,GBP
ab80b449-a442-469a-8c67-a364fe50a313,09/24/2020 14:00:00,Fed's Chair Powell testifies,HIGH,USD
9e07c181-5dc0-4d0f-b3fc-8fdca430f91e,09/28/2020 13:45:00,ECB's President Lagarde speech,HIGH,EUR
4d17b3d8-fe9d-4f0c-89ec-09fc865210c7,09/29/2020 14:00:00,BoE's Governor Bailey speech,HIGH,GBP
9f7c4561-1d05-4f21-bac0-f5179cb59dd0,09/30/2020 07:20:00,ECB's President Lagarde speech,HIGH,EUR
72fc3dd3-a4a4-4ed9-bd75-615ad21aacbd,10/05/2020 06:40:00,BoJ's Governor Kuroda speech,HIGH,JPY
aa579aa0-b7b3-4f3d-a102-f6b831c5f521,10/06/2020 13:00:00,ECB's President Lagarde speech,HIGH,EUR
e35c5a99-65b4-4dd6-ab49-f043228c302b,10/06/2020 14:40:00,Fed's Powell speech,HIGH,USD
89890753-337f-4318-b4cd-cbfe7dcafd73,10/07/2020 12:10:00,ECB's President Lagarde speech,HIGH,EUR
4223eb1a-a83d-408b-8b07-22676e33af10,10/07/2020 18:00:00,FOMC Minutes,HIGH,USD
d344641a-78a7-4e46-8258-f4fa83737a2c,10/08/2020 07:25:00,BoE's Governor Bailey speech,HIGH,GBP
a8e15178-e56a-4dad-af5e-25d78ebb5344,10/08/2020 09:30:00,SNB's Chairman Jordan speech,HIGH,CHF
b8fe6d3c-763b-4126-abc9-52a1f61fa959,10/08/2020 12:30:00,BoC's Governor Macklem speech,HIGH,CAD
7938b4a8-7004-4e49-8e87-9c53fbb55157,10/12/2020 11:00:00,ECB's President Lagarde speech,HIGH,EUR
b08b6b4d-c046-4868-8403-672299e99011,10/12/2020 16:00:00,BoE's Governor Bailey speech,HIGH,GBP
afc3d548-8a3c-4388-807a-bf7c0cd81f79,10/14/2020 08:00:00,ECB's President Lagarde speech,HIGH,EUR
e61d54ca-d271-484a-8fde-ff38c1b04847,10/15/2020 16:00:00,ECB's President Lagarde speech,HIGH,EUR
7514eeeb-325c-4dbb-a0b0-c5e6f7cbedad,10/18/2020 13:05:00,ECB's President Lagarde speech,HIGH,EUR
e58d81d1-6569-4b46-8dbd-eaff174b2414,10/18/2020 13:05:00,BoE's Governor Bailey speech,HIGH,GBP
25d58ad0-8e4c-4c14-bac5-b722a120aa0e,10/19/2020 12:00:00,Fed's Powell speech,HIGH,USD
b325823c-afc5-42a2-9630-ac227f40af75,10/19/2020 12:40:00,ECB's President Lagarde speech,HIGH,EUR
85f0e305-65e3-43a1-8483-51fbb5833ee2,10/19/2020 12:45:00,ECB's President Lagarde speech,HIGH,EUR
57962c17-a18d-4a94-87ca-a7c9b3892b8b,10/21/2020 07:30:00,ECB's President Lagarde speech,HIGH,EUR
061a3b11-5cf6-4a01-8b1d-4ebf6305f470,10/22/2020 09:25:00,BoE's Governor Bailey speech,HIGH,GBP
4692613d-8ddd-474d-9046-e8d6ed12b547,10/26/2020 15:30:00,SNB's Chairman Jordan speech,HIGH,CHF
afaa7539-076b-4a6a-aba2-0bbbc673cb36,10/27/2020 09:00:00,ECB Bank Lending Survey,HIGH,EUR
e9f45c8f-1c7b-4ad8-9cf8-ab76a68ccdf7,10/28/2020 14:00:00,BoC Interest Rate Decision,HIGH,CAD
1ddace0a-d443-4b5b-9d24-7390a2b8418a,10/28/2020 14:00:00,BoC Monetary Policy Report,HIGH,CAD
e1a934c7-5cad-4724-a512-99f986c2d4f8,10/28/2020 14:00:00,BoC Monetary Policy Statement,HIGH,CAD
006da0c0-3d31-412b-82b6-d0a56b61ea04,10/28/2020 15:15:00,BoC Press Conference,HIGH,CAD
2829f738-4341-4cb8-9b20-b5d04bd0bccb,10/29/2020 03:00:00,BoJ Interest Rate Decision,HIGH,JPY
da4411bf-db5d-4d1d-8099-8d3280baaf79,10/29/2020 03:00:00,BoJ Monetary Policy Statement,HIGH,JPY
9010708a-5a4a-4abd-b554-66344f98cb83,10/29/2020 06:00:00,BoJ Press Conference,HIGH,JPY
df465557-04c8-48c8-834f-b46ea7784e73,10/29/2020 12:45:00,ECB Main Refinancing Operations Rate,HIGH,EUR
c89df6f4-dcdd-49e7-a3b3-63b38954b0c6,10/29/2020 12:45:00,ECB Rate On Deposit Facility,HIGH,EUR
57811d87-b0f6-4b3e-9176-b1c9be5bc03f,10/29/2020 13:30:00,ECB Press Conference,HIGH,EUR
2331d36a-0750-4929-a44c-0d02e847db8b,11/03/2020 23:50:00,BoJ Monetary Policy Meeting Minutes,HIGH,JPY
1fde9fc4-d700-4c64-9acd-1114f0e394bb,11/05/2020 07:00:00,BoE Asset Purchase Facility,HIGH,GBP
923dfd08-85f0-4a4f-8486-d2c9090f8ef8,11/05/2020 07:00:00,BoE Interest Rate Decision,HIGH,GBP
84d99307-fc4b-4e1f-8db0-a706bba822d8,11/05/2020 07:00:00,BoE Minutes,HIGH,GBP
5419ffe4-8787-4791-990d-cae6514ac54c,11/05/2020 07:00:00,BoE Monetary Policy Report,HIGH,GBP
bd51c86b-a46c-4b0f-9b08-0160b28a74e0,11/05/2020 07:00:00,BoE Monetary Policy Summary,HIGH,GBP
204e4130-be4d-472e-ae8c-511627c07ee5,11/05/2020 07:00:00,BoE MPC Vote Rate Cut,HIGH,GBP
b26835ba-f4d6-4c52-9c10-d853b8061036,11/05/2020 07:00:00,BoE MPC Vote Rate Hike,HIGH,GBP
551c127f-5883-47b1-bce2-ea641bb5a9d1,11/05/2020 07:00:00,BoE MPC Vote Rate Unchanged,HIGH,GBP
0b804bea-1c00-4379-8643-5b7bc4af7ab3,11/05/2020 09:15:00,BoE's Governor Bailey speech,HIGH,GBP
50ffc838-d034-4aa9-a593-5e67a8ca9d05,11/05/2020 19:00:00,Fed Interest Rate Decision,HIGH,USD
ad589723-decb-4ab4-9ae7-40a53ef7f33c,11/05/2020 19:00:00,Fed Monetary Policy Statement,HIGH,USD
b09b6f3c-b03e-4976-980d-79e8a5d4a405,11/05/2020 19:30:00,FOMC Press Conference,HIGH,USD
d4883d2b-cd51-45d8-b697-175806e2be7f,11/06/2020 14:00:00,BoC's Governor Macklem speech,HIGH,CAD
af25c97c-3d72-41c5-9a7a-e7cf030b087d,11/09/2020 09:25:00,ECB's President Lagarde speech,HIGH,EUR
5200af32-108a-44c7-b27b-868f398c2a6d,11/09/2020 10:35:00,BoE's Governor Bailey speech,HIGH,GBP
c8bcd61d-bcd4-4ae1-b86f-8e21dcff88b4,11/11/2020 01:00:00,RBNZ Interest Rate Decision,HIGH,NZD
eefa9946-f2d4-48aa-b13f-56977e7f3ffa,11/11/2020 01:00:00,RBNZ Monetary Policy Review,HIGH,NZD
03a30bec-4999-4d68-9d41-ac78766377be,11/11/2020 01:00:00,RBNZ Monetary Policy Statement,HIGH,NZD
0fe5d2fc-99e9-48fe-bd79-624e8ee8486e,11/11/2020 02:00:00,RBNZ Press Conference,HIGH,NZD
d2420479-87cb-4850-a02a-c44aace8dca0,11/11/2020 13:00:00,ECB's President Lagarde speech,HIGH,EUR
3032b75d-fe83-4ad1-8673-0beb828a3089,11/12/2020 08:00:00,BoE's Governor Bailey speech,HIGH,GBP
0521b2b0-819f-42ad-8e88-ac1d45b3d32e,11/12/2020 16:45:00,ECB's President Lagarde speech,HIGH,EUR
e2db1d8d-c352-44b4-b56d-b6d2ce0300d8,11/12/2020 16:45:00,BoE's Governor Bailey speech,HIGH,GBP
cc38d57f-abb7-4eac-96c8-ba29f9224e57,11/12/2020 16:45:00,Fed's Powell speech,HIGH,USD
1db40007-0c5f-4eef-b2ac-68f38c1378d3,11/13/2020 16:00:00,BoE's Governor Bailey speech,HIGH,GBP
21093bce-b01c-4e9e-9e9f-69439a0bb4a8,11/16/2020 13:00:00,ECB's President Lagarde speech,HIGH,EUR
ad2f6b7c-8525-42a5-9742-1fb9bfb5f159,11/17/2020 11:00:00,BoE's Governor Bailey speech,HIGH,GBP
89004767-bd8f-4ddd-a43f-f95df1f8822f,11/17/2020 14:00:00,BoE's Governor Bailey speech,HIGH,GBP
89db9c33-f16a-4748-b6da-ded0cc100f9f,11/17/2020 16:00:00,ECB's President Lagarde speech,HIGH,EUR
246fc17e-07d2-4b92-b5f6-b178c11fea8f,11/17/2020 18:00:00,Fed's Powell speech,HIGH,USD
5f1a543b-60ea-482b-bb82-618f1ad02ed6,11/17/2020 19:00:00,BoC's Governor Macklem speech,HIGH,CAD
08f9b02d-d26c-46b5-9912-972d6a7c9fb0,11/18/2020 16:30:00,BoE's Governor Bailey speech,HIGH,GBP
4a20ff6b-7462-499f-9bea-7d91b5b374c0,11/19/2020 08:00:00,ECB's President Lagarde speech,HIGH,EUR
a8b49fdd-ab49-42d0-91ea-af347011ff0d,11/19/2020 15:15:00,ECB's President Lagarde speech,HIGH,EUR
f72b5712-0852-4f37-80c6-006ea978b0eb,11/20/2020 08:35:00,ECB's President Lagarde speech,HIGH,EUR
28b4909b-eadd-4ca8-9fec-41fc64a6baff,11/23/2020 15:30:00,BoE Monetary Policy Report Hearings,HIGH,GBP
b11af07e-47d2-4f7c-bd41-277dcf90fbf2,11/24/2020 12:05:00,BoJ's Governor Kuroda speech,HIGH,JPY
9e6593ca-5bab-4a6f-9bb7-636f29a13fb4,11/24/2020 14:00:00,ECB's President Lagarde speech,HIGH,EUR
d8024524-5fa4-4ace-aba0-d629b8815c1b,11/24/2020 22:00:00,RBNZ's Governor Orr speech,HIGH,NZD
f41904c8-dd65-4ecf-b63d-05a7bc1615e0,11/25/2020 19:00:00,FOMC Minutes,HIGH,USD
b55dabcb-619e-4dc4-abbb-303b8563bab0,11/30/2020 10:30:00,ECB's President Lagarde speech,HIGH,EUR
73c65171-0055-44f0-b028-e972735c9c6d,12/01/2020 15:00:00,Fed's Chair Powell testifies,HIGH,USD
69d8f14c-2c66-49af-a982-cf43b96800e2,12/01/2020 17:00:00,ECB's President Lagarde speech,HIGH,EUR
3cc11690-f579-44b6-88a0-149dc3b6cff2,12/02/2020 06:30:00,RBNZ's Governor Orr speech,HIGH,NZD
c65f5f50-91e3-40f7-81ae-dd6e2ca32f21,12/09/2020 15:00:00,BoC Interest Rate Decision,HIGH,CAD
10c810d2-e96e-4920-93e8-19ebe577a642,12/09/2020 15:00:00,BoC Monetary Policy Statement,HIGH,CAD
ef343285-8d92-43f1-9228-9edc18df218b,12/10/2020 12:45:00,ECB Main Refinancing Operations Rate,HIGH,EUR
5ed85b3e-7b8b-4f03-8a9c-6dfa2d85dc5b,12/10/2020 12:45:00,ECB Rate On Deposit Facility,HIGH,EUR
4510a3c0-8957-43cd-9628-cfc8e57b1db6,12/10/2020 13:30:00,ECB Press Conference,HIGH,EUR
bb75c4ba-bcf4-44fd-ab3b-1be1a39e13d2,12/11/2020 09:30:00,BoE's Governor Bailey speech,HIGH,GBP
364e0028-1ecc-4089-a701-c2fba78cef85,12/15/2020 19:30:00,BoC's Governor Macklem speech,HIGH,CAD
001393b9-786e-49b0-aa3e-d9d42ef44103,12/16/2020 19:00:00,Fed Interest Rate Decision,HIGH,USD
bc9d8865-ac1c-4133-bbb3-ed9235374aaa,12/16/2020 19:00:00,Fed Monetary Policy Statement,HIGH,USD
95236d78-786d-4f22-8745-ed1e963f6ddb,12/16/2020 19:00:00,FOMC Economic Projections,HIGH,USD
ddc3ff10-8fcc-45b8-af22-8b76483d768d,12/16/2020 19:00:00,Interest Rate Projections - 1st year,HIGH,USD
b31e0389-4499-455e-8345-2fde735a19c0,12/16/2020 19:00:00,Interest Rate Projections - 2nd year,HIGH,USD
6e036086-4038-468b-a7f4-cbac5f547acc,12/16/2020 19:00:00,Interest Rate Projections - 3rd year,HIGH,USD
22717773-ca99-47ae-8bc9-0d1a86ade4dc,12/16/2020 19:00:00,Interest Rate Projections - Current,HIGH,USD
d36436e5-b115-4606-b1f3-6ef057e56c43,12/16/2020 19:00:00,Interest Rate Projections - Longer,HIGH,USD
3ec58721-f6f2-4a0e-8e95-66502088d953,12/16/2020 19:30:00,FOMC Press Conference,HIGH,USD
34b742a4-6f1d-4883-a2c8-664d9e1d6844,12/17/2020 08:30:00,SNB Interest Rate Decision,HIGH,CHF
f62ea830-fb4b-4f1a-b344-2bc464655506,12/17/2020 08:30:00,SNB Monetary Policy Assessment,HIGH,CHF
80147ab0-0254-41bc-9cf0-f8105322320f,12/17/2020 09:00:00,SNB Press Conference,HIGH,CHF
71c88099-d21d-4043-adf0-5efed0e0bb71,12/17/2020 12:00:00,BoE Asset Purchase Facility,HIGH,GBP
35697884-6813-41e4-b9e4-ce904a12e40d,12/17/2020 12:00:00,BoE Interest Rate Decision,HIGH,GBP
2c34ee97-c851-4e84-a277-f5dd9ae01bcf,12/17/2020 12:00:00,BoE Minutes,HIGH,GBP
4da639c7-c84a-4ce3-871c-96a566ff721e,12/17/2020 12:00:00,BoE MPC Vote Rate Cut,HIGH,GBP
74aa39df-6eda-419d-b28e-07ef1c6cfbb6,12/17/2020 12:00:00,BoE MPC Vote Rate Hike,HIGH,GBP
78620ccb-332e-4a2c-8a5c-8f640a00525f,12/17/2020 12:00:00,BoE MPC Vote Rate Unchanged,HIGH,GBP
5f5d9578-b361-4613-9b00-a13a1a27226e,12/18/2020 03:00:00,BoJ Interest Rate Decision,HIGH,JPY
d623c8db-0d3a-4d44-987b-0037a2f45b13,12/18/2020 03:00:00,BoJ Monetary Policy Statement,HIGH,JPY
a32bdef3-37a4-4a35-8775-d6fe9631daa9,12/18/2020 06:00:00,BoJ Press Conference,HIGH,JPY
18811123-7707-46fc-98ba-095d66287f9c,12/18/2020 21:30:00,Bank Stress Test Results,HIGH,USD
b15270b2-8069-45c7-b92d-846b4e0a12f2,12/22/2020 23:50:00,BoJ Monetary Policy Meeting Minutes,HIGH,JPY
44cb2c0a-a3e1-4011-803a-774e48ce6222,12/24/2020 00:00:00,BoJ's Governor Kuroda speech,HIGH,JPY
4740ef68-6e73-471a-9dfa-c58882a4fd09,01/06/2021 14:30:00,BoE's Governor Bailey speech,HIGH,GBP
d272c39c-16e2-4998-abdd-2e323cfbca97,01/06/2021 19:00:00,FOMC Minutes,HIGH,USD
36e9b2b6-7fde-4d55-be72-8850dd155811,01/11/2021 14:40:00,ECB's President Lagarde speech,HIGH,EUR
baa91690-bdb1-4780-bf6d-437eedb8a971,01/11/2021 15:00:00,BoE's Governor Bailey speech,HIGH,GBP
abc31f00-0697-4733-8e88-d40251ebbc62,01/13/2021 09:00:00,ECB's President Lagarde speech,HIGH,EUR
30f145f5-eaab-4a51-b430-714d43532d91,01/14/2021 17:30:00,Fed's Powell speech,HIGH,USD
027ee008-6a6c-4f2c-89b2-92d33f0071c1,01/19/2021 09:00:00,ECB Bank Lending Survey,HIGH,EUR
5a55dbae-cdf5-4240-908f-9ea05711cf93,01/20/2021 15:00:00,BoC Interest Rate Decision,HIGH,CAD
8bf109cd-78e2-4ba9-976c-fa576b148487,01/20/2021 15:00:00,BoC Monetary Policy Report,HIGH,CAD
3d2693c5-09ee-4208-9bb6-afa9119ad2a6,01/20/2021 15:00:00,BoC Monetary Policy Statement,HIGH,CAD
2a1c63d9-e21e-48f6-9f7e-318620217599,01/20/2021 16:15:00,BoC Press Conference,HIGH,CAD
93b4cb07-a90c-43b8-8877-fa0f2f2cc83c,01/20/2021 17:00:00,BoE's Governor Bailey speech,HIGH,GBP
c2ae3c46-feb2-4f9f-840c-095735fe42ab,01/21/2021 03:00:00,BoJ Interest Rate Decision,HIGH,JPY
b8a5bd20-37ae-45e5-ad90-6817fc43986c,01/21/2021 03:00:00,BoJ Monetary Policy Statement,HIGH,JPY
c1f6ca8f-284b-4e60-a6ab-8a780b55224a,01/21/2021 06:00:00,BoJ Press Conference,HIGH,JPY
8fc1086f-14ea-4d6a-a8f1-937ee53ac8a1,01/21/2021 12:45:00,ECB Main Refinancing Operations Rate,HIGH,EUR
878c826d-52bd-4e09-822f-3c503c75c382,01/21/2021 12:45:00,ECB Rate On Deposit Facility,HIGH,EUR
eb77ffcc-a9f8-4ce9-99b2-78634caf9def,01/21/2021 13:30:00,ECB Press Conference,HIGH,EUR
1fb388b2-2b44-4cef-b0d2-b0e949542872,01/25/2021 08:45:00,ECB's President Lagarde speech,HIGH,EUR
13de2ca9-31c4-4f7f-b2b4-2d6d5cfd0c3d,01/25/2021 16:15:00,ECB's President Lagarde speech,HIGH,EUR
f40d5ec1-31eb-4c04-bb7b-dbaa1402b919,01/25/2021 17:00:00,BoE's Governor Bailey speech,HIGH,GBP
13dde2ec-7d3e-4cf1-8c57-97bf29d5dcf9,01/25/2021 23:50:00,BoJ Monetary Policy Meeting Minutes,HIGH,JPY
a2dcd67d-1086-4987-8e04-67837a160158,01/27/2021 19:00:00,Fed Interest Rate Decision,HIGH,USD
b2cd5b3c-98bf-45bd-90cf-18ebb31a823b,01/27/2021 19:00:00,Fed Monetary Policy Statement,HIGH,USD
9231f84b-43d4-429e-8d7d-85d57419d0e4,01/27/2021 19:30:00,FOMC Press Conference,HIGH,USD
90c27c61-1495-4369-bfd6-9ea9241b03ee,02/04/2021 12:00:00,BoE Asset Purchase Facility,HIGH,GBP
e702048b-2f28-4a49-8580-b59036cefd71,02/04/2021 12:00:00,BoE Interest Rate Decision,HIGH,GBP
223be0a6-ad0e-4126-9995-0df6c773e1f9,02/04/2021 12:00:00,BoE Minutes,HIGH,GBP
b773f5b4-fef3-40ab-af43-b7e8ae5044fd,02/04/2021 12:00:00,BoE Monetary Policy Report,HIGH,GBP
b76975bc-4200-4b0c-87bd-6a663ac310b3,02/04/2021 12:00:00,BoE Monetary Policy Summary,HIGH,GBP
b7c34c6f-6e7a-40df-8ee4-a80a3698d131,02/04/2021 12:00:00,BoE MPC Vote Rate Cut,HIGH,GBP
6479d63f-78c4-4aa8-b534-667bc2aed027,02/04/2021 12:00:00,BoE MPC Vote Rate Hike,HIGH,GBP
bafd696f-e41d-47e7-8648-f66448871e40,02/04/2021 12:00:00,BoE MPC Vote Rate Unchanged,HIGH,GBP
eae972ac-152d-40cc-b45b-e13d878440aa,02/04/2021 13:00:00,BoE's Governor Bailey speech,HIGH,GBP
77da9853-78e6-461d-9d1d-32df7eb628f6,02/05/2021 13:30:00,BoE's Governor Bailey speech,HIGH,GBP
bdfd3153-e631-42f6-9b82-a5ab22c7935a,02/10/2021 17:00:00,BoE's Governor Bailey speech,HIGH,GBP
419bf7af-9d3e-49bf-a7e6-34d22606b0d3,02/10/2021 19:00:00,Fed's Powell speech,HIGH,USD
27842666-8646-476a-8655-13e24fb5986b,02/17/2021 19:00:00,FOMC Minutes,HIGH,USD
09605a88-cc5b-425e-aec9-587b32e6a6a8,02/18/2021 12:30:00,ECB Monetary Policy Meeting Accounts,HIGH,EUR
0ec2ef09-3732-4b83-b73c-83028a1bacef,02/22/2021 14:30:00,ECB's President Lagarde speech,HIGH,EUR
401fa42f-992c-4981-9a35-f6ab73720386,02/23/2021 15:00:00,Fed's Chair Powell testifies,HIGH,USD
d4bebaa2-9380-4ec3-8c75-15dfc78380f3,02/23/2021 17:30:00,BoC's Governor Macklem speech,HIGH,CAD
2a6c2cb4-e33e-45e5-b34b-43f444c4f048,02/24/2021 01:00:00,RBNZ Interest Rate Decision,HIGH,NZD
4f321cd7-3f81-4cfe-ac3f-5f881c9fa438,02/24/2021 01:00:00,RBNZ Monetary Policy Review,HIGH,NZD
44c5da1c-e481-4aa6-b780-65cbe6d0c2fb,02/24/2021 01:00:00,RBNZ Monetary Policy Statement,HIGH,NZD
ad0ce6b3-c2cb-4349-b1cc-030a7d99aa90,02/24/2021 02:00:00,RBNZ Press Conference,HIGH,NZD
e00589cd-9cee-48a4-a81c-9a892bdb16d6,02/24/2021 14:30:00,BoE Monetary Policy Report Hearings,HIGH,GBP
f2ecc970-338d-4bd3-a768-8f453260128c,02/24/2021 15:00:00,Fed's Chair Powell testifies,HIGH,USD
a784e8fe-931e-4d74-afff-2de285d382ea,03/01/2021 16:10:00,ECB's President Lagarde speech,HIGH,EUR
272ce22a-4506-467a-9ed2-b604e6087e15,03/04/2021 17:05:00,Fed's Powell speech,HIGH,USD
0133622d-52a8-42ab-b5a5-9ddd0cb29a8c,03/08/2021 10:00:00,BoE's Governor Bailey speech,HIGH,GBP
d99b364f-d593-4e94-9411-313a440815ce,03/10/2021 15:00:00,BoC Interest Rate Decision,HIGH,CAD
23623c73-03f2-407c-889b-8efca205b6b0,03/10/2021 15:00:00,BoC Monetary Policy Statement,HIGH,CAD
a9af4756-2e9a-4592-a524-75923136bc97,03/11/2021 12:45:00,ECB Main Refinancing Operations Rate,HIGH,EUR
617379be-b906-48f3-b3f0-5d4f6cb64c24,03/11/2021 12:45:00,ECB Rate On Deposit Facility,HIGH,EUR
bd70866e-d8d1-4cbc-bf71-e203048b054c,03/11/2021 13:30:00,ECB Press Conference,HIGH,EUR
49297aaa-6939-452f-ae78-0c36a3f96916,03/16/2021 04:05:00,BoJ's Governor Kuroda speech,HIGH,JPY
42085bb4-6501-424d-b9d7-2210ef491d78,03/17/2021 18:00:00,Fed Interest Rate Decision,HIGH,USD
6b4b4a3e-4fc9-4de2-b550-f7ed79f201ea,03/17/2021 18:00:00,Fed Monetary Policy Statement,HIGH,USD
00947380-eec7-4757-a9a6-fff5b466e750,03/17/2021 18:00:00,FOMC Economic Projections,HIGH,USD
0b9a2e61-99b5-485f-a304-3c99e1090e37,03/17/2021 18:00:00,Interest Rate Projections - 1st year,HIGH,USD
d04ade31-2db7-4aa4-be13-084a5409e9eb,03/17/2021 18:00:00,Interest Rate Projections - 2nd year,HIGH,USD
eef401af-c1f3-479c-b7bc-1a759f567bda,03/17/2021 18:00:00,Interest Rate Projections - Longer,HIGH,USD
b9dcaba6-2cbd-423d-92c2-6fdfeade82b1,03/17/2021 18:30:00,FOMC Press Conference,HIGH,USD
19067962-19b2-4efe-8fae-0b87025e6c38,03/17/2021 19:00:00,Interest Rate Projections - Current,HIGH,USD
78759f2b-62b6-4a4a-a515-8c5f07d3a9dd,03/18/2021 08:00:00,ECB's President Lagarde speech,HIGH,EUR
8ff9f161-4aa2-4626-8c34-c03c0a43e319,03/18/2021 11:00:00,ECB's President Lagarde speech,HIGH,EUR
8bf3f14f-f2fd-4716-9b35-f670a15e5453,03/18/2021 12:00:00,BoE Asset Purchase Facility,HIGH,GBP
d6e2e1d9-e45e-4771-b4a1-ff78ffb4ea5d,03/18/2021 12:00:00,BoE Interest Rate Decision,HIGH,GBP
8e87a00f-8a1b-4a5e-9943-175d87ab1533,03/18/2021 12:00:00,BoE Minutes,HIGH,GBP
e72b346f-bd30-426b-b8df-074f314494c3,03/18/2021 12:00:00,BoE Monetary Policy Summary,HIGH,GBP
6d2fb904-b85b-4af3-a285-3f872eda4a5a,03/18/2021 12:00:00,BoE MPC Vote Rate Cut,HIGH,GBP
8de26c2d-e568-40b7-bd90-25e88724926b,03/18/2021 12:00:00,BoE MPC Vote Rate Hike,HIGH,GBP
5369a6a4-9603-4d76-9d32-cfb786560def,03/18/2021 12:00:00,BoE MPC Vote Rate Unchanged,HIGH,GBP
9c534c95-8736-40ac-b8a2-e9d73dc7b0b0,03/18/2021 15:55:00,Fed's Powell speech,HIGH,USD
6cfe7d48-28d4-4fe4-a5f5-5aad54cacab7,03/19/2021 03:00:00,BoJ Interest Rate Decision,HIGH,JPY
20a3850a-45c8-44b7-bfe6-c963d0a50244,03/19/2021 03:00:00,BoJ Monetary Policy Statement,HIGH,JPY
59a500bc-ee59-45e7-be48-48a235314c8f,03/19/2021 06:00:00,BoJ Press Conference,HIGH,JPY
8d83712a-0e4c-4053-91f2-9587a9b9d105,03/22/2021 13:00:00,Fed's Powell speech,HIGH,USD
adbe7378-0a90-416b-ac75-9014ef10f069,03/23/2021 11:50:00,BoE's Governor Bailey speech,HIGH,GBP
2d0ccd53-3eba-4298-a76d-7decc9b8aa30,03/23/2021 16:00:00,Fed's Chair Powell testifies,HIGH,USD
4308027a-25a5-4ea9-92fc-77b33895e450,03/23/2021 23:50:00,BoJ Monetary Policy Meeting Minutes,HIGH,JPY
3ae2a3d3-f1e5-4cae-8f03-bce5647a83b0,03/24/2021 14:00:00,Fed's Chair Powell testifies,HIGH,USD
0b744945-b870-4f41-b9f5-34a6f296db13,03/24/2021 15:40:00,ECB's President Lagarde speech,HIGH,EUR
f30c0f90-5b27-4338-b63e-60c19b0dbb37,03/25/2021 08:30:00,SNB Interest Rate Decision,HIGH,CHF
967e56c4-4bae-4c6a-921f-268e8bf7fc1d,03/25/2021 08:30:00,SNB Monetary Policy Assessment,HIGH,CHF
bff60f5b-8db6-416b-9ad8-12417c116d29,03/25/2021 09:30:00,BoC's Governor Macklem speech,HIGH,CAD
41bd2b1a-6a0c-47fb-ac38-03d4a756e6c2,03/25/2021 09:30:00,ECB's President Lagarde speech,HIGH,EUR
801cbc7f-11b5-4ab7-a65a-e9e4d1abe14f,03/25/2021 09:30:00,BoE's Governor Bailey speech,HIGH,GBP
6f3b95b4-b0e7-4cad-af82-38c61e2954b3,03/25/2021 11:20:00,BoJ's Governor Kuroda speech,HIGH,JPY
01e99d60-08bf-4ed2-9dde-ab8e38793d47,04/07/2021 18:00:00,FOMC Minutes,HIGH,USD
a71d2f7f-1631-45a3-aeb2-7c8b6d2133cf,04/08/2021 16:00:00,Fed's Powell speech,HIGH,USD
9ffd314b-d215-4ecb-a2ac-d0814dd38065,04/14/2021 02:00:00,RBNZ Interest Rate Decision,HIGH,NZD
a438e5a1-6cf9-497d-b2af-1c89671371cc,04/14/2021 02:00:00,RBNZ Monetary Policy Review,HIGH,NZD
5a58589d-5c18-4f1c-b1e2-ec379155d529,04/14/2021 06:17:00,BoJ's Governor Kuroda speech,HIGH,JPY
c1f54a09-d47e-45ff-b1e4-d4c2944a28fa,04/14/2021 14:00:00,ECB's President Lagarde speech,HIGH,EUR
446866f9-99cb-405c-9ee8-7259d642ed57,04/14/2021 16:00:00,Fed's Powell speech,HIGH,USD
7b4829aa-da74-4bdf-a6ea-7fe6a3fa3f96,04/15/2021 01:00:00,BoJ's Governor Kuroda speech,HIGH,JPY
d5b6fdaf-95d6-4bf0-9298-5b78d4e0d784,04/20/2021 08:00:00,ECB Bank Lending Survey,HIGH,EUR
2a6864cf-2ef4-4b59-8310-ccae934bbec7,04/21/2021 10:30:00,BoE's Governor Bailey speech,HIGH,GBP
3c199c2a-2b3a-4dae-ae33-dd8606f45e32,04/21/2021 14:00:00,BoC Interest Rate Decision,HIGH,CAD
c4e1f934-54cd-4f89-918b-c9f420d8c67f,04/21/2021 14:00:00,BoC Monetary Policy Report,HIGH,CAD
f0da03a3-b446-49d8-bbd9-0e3acff41f3e,04/21/2021 14:00:00,BoC Monetary Policy Statement,HIGH,CAD
165493be-9656-4bc3-84e1-345fc77cd195,04/21/2021 15:00:00,BoC Press Conference,HIGH,CAD
a5d732c2-5ae5-4ab9-a256-64da06d4cb8e,04/22/2021 11:45:00,ECB Main Refinancing Operations Rate,HIGH,EUR
fc88b776-93f5-44ba-b3ad-0bcbbe2da71f,04/22/2021 11:45:00,ECB Rate On Deposit Facility,HIGH,EUR
9b409dc0-f778-4242-877f-297f96fb687c,04/22/2021 12:30:00,ECB Press Conference,HIGH,EUR
aab6adf9-551a-46f0-8219-14a75366e1b3,04/23/2021 14:30:00,ECB's President Lagarde speech,HIGH,EUR
cb76456c-7360-49f6-88f9-cc2a363e6dca,04/27/2021 03:00:00,BoJ Interest Rate Decision,HIGH,JPY
f9962256-fe93-4128-9f12-71269e0997ea,04/27/2021 03:00:00,BoJ Monetary Policy Statement,HIGH,JPY
3e04041f-7854-4e1a-9783-da3f2adc4190,04/27/2021 06:00:00,BoJ Press Conference,HIGH,JPY
d0879788-7619-4104-8c32-d9efe38f8121,04/27/2021 20:00:00,BoC's Governor Macklem speech,HIGH,CAD
121f4725-e20a-4734-acda-50dea0918ff1,04/28/2021 14:00:00,ECB's President Lagarde speech,HIGH,EUR
ebf1ae34-9b37-4d25-96bc-76a0150ecb9c,04/28/2021 18:00:00,Fed Interest Rate Decision,HIGH,USD
04deb65c-efa8-42bb-a4c9-f0a523509b05,04/28/2021 18:00:00,Fed Monetary Policy Statement,HIGH,USD
a80305b1-b8dd-4f37-bd6f-2abbf217264e,04/28/2021 18:30:00,FOMC Press Conference,HIGH,USD
042640df-6de4-49d6-a139-09780c1eaaa3,04/30/2021 08:00:00,SNB's Chairman Jordan speech,HIGH,CHF
8a2ac97e-5a1f-4f93-b827-f1929dd3ec37,05/03/2021 18:20:00,Fed's Powell speech,HIGH,USD
3ca519ff-fac3-4837-b267-b63eab72ddbb,05/05/2021 22:30:00,BoC's Governor Macklem speech,HIGH,CAD
27942daf-7d74-4a97-affb-089f666225a7,05/05/2021 23:50:00,BoJ Monetary Policy Meeting Minutes,HIGH,JPY
728fc056-033a-4b5b-a524-1cc7bd3d65d4,05/06/2021 11:00:00,BoE Asset Purchase Facility,HIGH,GBP
1b9a18e2-96fc-44ef-bb7d-2b9f77d3db53,05/06/2021 11:00:00,BoE Interest Rate Decision,HIGH,GBP
5dec129c-3bb2-4e0c-b39b-1c7d8f2a0215,05/06/2021 11:00:00,BoE Minutes,HIGH,GBP
a50c32ed-94c3-4cb6-b2b2-6d2041131490,05/06/2021 11:00:00,BoE Monetary Policy Report,HIGH,GBP
e3f1a088-0252-433a-98ef-773dfbd15686,05/06/2021 11:00:00,BoE Monetary Policy Summary,HIGH,GBP
ecae227b-d3f8-4d8e-aeac-890d18381790,05/06/2021 11:00:00,BoE MPC Vote Rate Cut,HIGH,GBP
565d7e8d-7c12-42e0-8ed8-4bb5cf66b86b,05/06/2021 11:00:00,BoE MPC Vote Rate Hike,HIGH,GBP
2b45ded9-7c9b-4ef9-a3c6-01ddec44d166,05/06/2021 11:00:00,BoE MPC Vote Rate Unchanged,HIGH,GBP
d850470b-a304-475a-826d-a73eb9a2c3e2,05/06/2021 11:25:00,ECB's President Lagarde speech,HIGH,EUR
df858575-b8a5-4fb5-8d9b-057c6debe64d,05/06/2021 12:00:00,BoE's Governor Bailey speech,HIGH,GBP
8770ec16-9eb8-41e0-b4f0-6c107e711d73,05/07/2021 10:00:00,ECB's President Lagarde speech,HIGH,EUR
f1d2e62e-b895-475b-a67b-909f76df5345,05/11/2021 14:30:00,BoE's Governor Bailey speech,HIGH,GBP
35f5573a-ad27-4033-9591-2687232c3227,05/12/2021 14:00:00,BoE's Governor Bailey speech,HIGH,GBP
9acab7ed-7880-4c65-8656-a8d7e97da5ea,05/13/2021 15:00:00,BoC's Governor Macklem speech,HIGH,CAD
44619d2f-0ad4-40af-a4d1-06d38723f9da,05/13/2021 16:00:00,BoE's Governor Bailey speech,HIGH,GBP
0f5f97c8-c8cf-433f-8672-cb9e4f3b5d05,05/18/2021 14:00:00,ECB's President Lagarde speech,HIGH,EUR
87c5d79f-0c86-48d7-9cd8-a55fdde0dbf1,05/18/2021 14:00:00,BoE's Governor Bailey speech,HIGH,GBP
aa667405-b835-4efc-8a6a-187b100be593,05/19/2021 18:00:00,FOMC Minutes,HIGH,USD
a3fe3b8f-df39-4a54-9f06-e07c4f5d8aba,05/20/2021 12:00:00,ECB's President Lagarde speech,HIGH,EUR
c1a058e6-6f39-426e-9a49-46939f406fe0,05/21/2021 11:00:00,ECB's President Lagarde speech,HIGH,EUR
7126cb73-8f66-4805-ae43-84bdcf35c6f3,05/24/2021 11:05:00,BoJ's Governor Kuroda speech,HIGH,JPY
0ae7e509-ebd2-4788-9a60-f2bbfd27b048,05/24/2021 14:30:00,BoE's Governor Bailey speech,HIGH,GBP
8cf4676e-0eab-40c9-b5a2-f15eed2cc406,05/24/2021 15:30:00,BoE Monetary Policy Report Hearings,HIGH,GBP
1ede6886-6e4e-4921-a529-443770c89315,05/26/2021 02:00:00,RBNZ Interest Rate Decision,HIGH,NZD
50a5881a-f20b-4aad-9595-88bb14bda97c,05/26/2021 02:00:00,RBNZ Monetary Policy Review,HIGH,NZD
962bf6e3-2478-4650-a329-070f4700f75d,05/26/2021 02:00:00,RBNZ Monetary Policy Statement,HIGH,NZD
472f63fe-6375-48e1-a93f-1d4e03737793,05/26/2021 03:00:00,RBNZ Press Conference,HIGH,NZD
87c7439b-9223-43a5-8b76-9e1350f28928,06/01/2021 15:00:00,BoE's Governor Bailey speech,HIGH,GBP
81c76b2b-84db-4f32-a1ba-98ba7ed2e479,06/02/2021 17:10:00,ECB's President Lagarde speech,HIGH,EUR
16fa20fa-269f-41ac-a613-4912c458d003,06/03/2021 16:00:00,BoE's Governor Bailey speech,HIGH,GBP
6b030d5e-fd4a-4b9a-ab7c-9ec0dbb265bc,06/04/2021 11:00:00,Fed's Powell speech,HIGH,USD
b8bcb3ae-74db-4c7d-85f4-c170b54bb0c1,06/09/2021 14:00:00,BoC Interest Rate Decision,HIGH,CAD
a4382ce4-fac0-43c2-a97a-34cc3ff846fb,06/09/2021 14:00:00,BoC Monetary Policy Statement,HIGH,CAD
529d53cb-41aa-4228-8393-10a32891e44a,06/10/2021 11:45:00,ECB Main Refinancing Operations Rate,HIGH,EUR
44beef54-3aac-4e18-a005-dcd2d08b0f2d,06/10/2021 11:45:00,ECB Rate On Deposit Facility,HIGH,EUR
7a329a40-511f-4e41-92c4-39dcf9bf4301,06/10/2021 12:30:00,ECB Press Conference,HIGH,EUR
36f3eb8a-d188-4f98-b821-2cf3d0c114d2,06/11/2021 08:30:00,BoE's Governor Bailey speech,HIGH,GBP
ce22292b-b790-44be-a90a-580750fa3e76,06/14/2021 13:00:00,BoE's Governor Bailey speech,HIGH,GBP
2e273660-fece-4dd8-95fe-1f40d7d98acd,06/15/2021 12:15:00,BoE's Governor Bailey speech,HIGH,GBP
b8ca7e48-3385-4605-bcb6-4565845db8d9,06/16/2021 18:00:00,Fed Interest Rate Decision,HIGH,USD
7bf469a2-ce1b-419b-a03e-edb4f15445ea,06/16/2021 18:00:00,Fed Monetary Policy Statement,HIGH,USD
344c70b7-b444-441e-b6f9-a4c2cf2b579c,06/16/2021 18:00:00,FOMC Economic Projections,HIGH,USD
9e997fbf-4a92-4e5d-9861-6b3b143859fd,06/16/2021 18:00:00,Interest Rate Projections - 1st year,HIGH,USD
11215bfa-eaf7-49e8-8611-514fd2fcfb03,06/16/2021 18:00:00,Interest Rate Projections - 2nd year,HIGH,USD
0f36f263-21e7-471f-aeff-1abe94dfbdc6,06/16/2021 18:00:00,Interest Rate Projections - Current,HIGH,USD
23fd6fbd-e786-4d33-aee8-fb4db2a2ee4e,06/16/2021 18:00:00,Interest Rate Projections - Longer,HIGH,USD
40c801d8-20ff-49ca-9a2d-87e6cecc3a03,06/16/2021 18:30:00,FOMC Press Conference,HIGH,USD
a4fe89bb-efc4-463d-8722-580090a8e7b6,06/16/2021 22:30:00,BoC's Governor Macklem speech,HIGH,CAD
f1b0a820-8bfc-4bd7-b83e-4d072314b0b0,06/17/2021 07:30:00,SNB Interest Rate Decision,HIGH,CHF
d3b66909-6b30-4f9c-ab8b-fc911e704501,06/17/2021 07:30:00,SNB Monetary Policy Assessment,HIGH,CHF
507d82f9-567a-4c24-9b88-d1b31ebddfe7,06/17/2021 08:00:00,SNB Press Conference,HIGH,CHF
e026ff18-c1c9-4443-ad7f-6ea0fb89ac76,06/18/2021 03:00:00,BoJ Interest Rate Decision,HIGH,JPY
f806f728-e2a9-480b-984b-d6438bd35330,06/18/2021 03:00:00,BoJ Monetary Policy Statement,HIGH,JPY
e4103bfc-e857-4a3f-90dc-311bf0c019c6,06/18/2021 06:00:00,BoJ Press Conference,HIGH,JPY
8391d3a7-92d0-4470-adb5-cc706082853c,06/21/2021 12:30:00,ECB's President Lagarde speech,HIGH,EUR
d1c506b3-09bc-4aa6-a613-5c641ae4d829,06/21/2021 14:15:00,ECB's President Lagarde speech,HIGH,EUR
7fac07cb-4287-4195-b08c-13b21d4eeeca,06/22/2021 18:00:00,Fed's Chair Powell testifies,HIGH,USD
f64164dc-6c37-40b1-821e-0a51fa3aa53a,06/22/2021 23:50:00,BoJ Monetary Policy Meeting Minutes,HIGH,JPY
169ca571-1957-4571-ab04-beea341e71a6,06/23/2021 18:00:00,ECB's President Lagarde speech,HIGH,EUR
85ca752b-9061-4dc2-8974-4762e60bc4a9,06/24/2021 06:45:00,BoJ's Governor Kuroda speech,HIGH,JPY
ec149db5-8855-4fd6-a41d-4cc2368331b6,06/24/2021 11:00:00,BoE Asset Purchase Facility,HIGH,GBP
7d69f537-4560-4a4a-b1c9-0050cc22ed33,06/24/2021 11:00:00,BoE Interest Rate Decision,HIGH,GBP
f4d9b27d-ff6c-4252-8dad-d520874ec6c1,06/24/2021 11:00:00,BoE Minutes,HIGH,GBP
48348442-7d78-4aea-95be-6b86be547763,06/24/2021 11:00:00,BoE Monetary Policy Summary,HIGH,GBP
828cc35f-5e05-4a3f-9008-14043bb4a37d,06/24/2021 11:00:00,BoE MPC Vote Rate Cut,HIGH,GBP
6a845b5d-265c-4692-a35f-5b2ce9541245,06/24/2021 11:00:00,BoE MPC Vote Rate Hike,HIGH,GBP
45862043-673b-4452-ae28-13de08dfdd80,06/24/2021 11:00:00,BoE MPC Vote Rate Unchanged,HIGH,GBP
2b432123-e010-421f-b172-ed991469cb4e,06/24/2021 20:30:00,Bank Stress Test Results,HIGH,USD
e3765c5d-ab2b-401a-855e-69b9715f979c,06/29/2021 13:40:00,ECB's President Lagarde speech,HIGH,EUR
1a9612f8-86aa-4af0-a520-cb2916e34d10,07/01/2021 07:00:00,ECB's President Lagarde speech,HIGH,EUR
7dbb2625-71ad-4982-8d9a-a22c7ae18145,07/01/2021 08:00:00,BoE's Governor Bailey speech,HIGH,GBP
225d8b3c-22f1-4412-88c4-5214f7a1e88b,07/02/2021 12:30:00,ECB's President Lagarde speech,HIGH,EUR
9eeb3ad1-4d50-4d88-94c4-522eb402c4e9,07/07/2021 18:00:00,FOMC Minutes,HIGH,USD
60b3cb95-aac5-4538-9997-266a9cd79da0,07/08/2021 11:00:00,ECB Special Strategy Meeting,HIGH,EUR
cb9d11f6-498e-4c09-8da2-5c87b862428d,07/08/2021 12:30:00,ECB's President Lagarde speech,HIGH,EUR
022ee048-32f6-4368-abaf-8a9f54b9cedf,07/09/2021 10:00:00,ECB's President Lagarde speech,HIGH,EUR
8293203c-cdb1-43ba-9a17-124056c03761,07/09/2021 10:00:00,BoE's Governor Bailey speech,HIGH,GBP
69b031a3-e97b-4839-a766-5c9f431f231f,07/11/2021 12:10:00,ECB's President Lagarde speech,HIGH,EUR
222a301e-62c2-4f12-a8ed-c8c7c4f15105,07/14/2021 02:00:00,RBNZ Interest Rate Decision,HIGH,NZD
0f036208-0a68-46ac-be28-e834bcd919b3,07/14/2021 02:00:00,RBNZ Monetary Policy Review,HIGH,NZD
67d6b578-9171-40df-85f7-47fabe442f53,07/14/2021 14:00:00,BoC Interest Rate Decision,HIGH,CAD
6ede5a20-81bb-4bb4-bdab-7e45007fcecc,07/14/2021 14:00:00,BoC Monetary Policy Report,HIGH,CAD
44552d50-bb77-47e3-980a-66ed101746f2,07/14/2021 14:00:00,BoC Monetary Policy Statement,HIGH,CAD
7cc68eca-8c81-4b8b-9ac9-ee55ea668e8d,07/14/2021 15:15:00,BoC Press Conference,HIGH,CAD
8407b7f6-1999-432a-a313-a6981b7f593e,07/14/2021 16:00:00,Fed's Chair Powell testifies,HIGH,USD
eb976e3e-4118-49f0-841e-3ee16fb4721b,07/15/2021 13:30:00,Fed's Chair Powell testifies,HIGH,USD
8f7d6f28-4e3a-40c4-88ed-3c644f396e7b,07/16/2021 03:00:00,BoJ Interest Rate Decision,HIGH,JPY
53bbf469-6ca7-439f-8ed1-05183db13288,07/16/2021 03:00:00,BoJ Monetary Policy Statement,HIGH,JPY
813ce995-d149-4e16-b182-b187e9d55e93,07/16/2021 06:00:00,BoJ Press Conference,HIGH,JPY
9d686c18-2608-41bc-9486-ac052f9d7ecf,07/20/2021 08:00:00,ECB Bank Lending Survey,HIGH,EUR
8cd545d5-d7e3-4b17-b694-ed6677893163,07/20/2021 23:50:00,BoJ Monetary Policy Meeting Minutes,HIGH,JPY
ee65154d-1264-4945-b121-9a345bbbe3ef,07/22/2021 11:45:00,ECB Main Refinancing Operations Rate,HIGH,EUR
2bdc73e4-b19f-48c3-850c-1375b8b281a5,07/22/2021 11:45:00,ECB Monetary Policy Statement,HIGH,EUR
cdeb9e89-4fbc-4bfc-b451-31f339e2a7bd,07/22/2021 11:45:00,ECB Rate On Deposit Facility,HIGH,EUR
aa67d2b4-2585-4a48-a380-4ebecb39f4e6,07/22/2021 12:30:00,ECB Press Conference,HIGH,EUR
92eb2cc8-08b0-4bd5-a114-f1d84ea53050,07/27/2021 07:30:00,BoJ's Governor Kuroda speech,HIGH,JPY
28a811e8-e82b-42a3-b49a-7d4d173c4e12,07/28/2021 18:00:00,Fed Interest Rate Decision,HIGH,USD
1ff1d6e2-5522-4888-9314-daed4cddb2b3,07/28/2021 18:00:00,Fed Monetary Policy Statement,HIGH,USD
55f85015-a7d4-4e30-a4ba-1fed226b8431,07/28/2021 18:30:00,FOMC Press Conference,HIGH,USD
4c20e83d-1669-48c8-8473-11f81c4bb426,07/30/2021 14:00:00,ECB's President Lagarde speech,HIGH,EUR
1a60bd64-39c0-4354-a592-9373acf8f630,08/05/2021 11:00:00,BoE Asset Purchase Facility,HIGH,GBP
d1521ac3-8c54-4df3-a56e-52a3866f8447,08/05/2021 11:00:00,BoE Interest Rate Decision,HIGH,GBP
b7947d48-04d3-4af0-b1b3-53f67b3c2452,08/05/2021 11:00:00,BoE Minutes,HIGH,GBP
f746011d-dafe-40a2-81de-3347d4408e10,08/05/2021 11:00:00,BoE Monetary Policy Report,HIGH,GBP
d0aa4273-d6c2-4826-aaae-08023ca9ccfc,08/05/2021 11:00:00,BoE Monetary Policy Summary,HIGH,GBP
80ec64c9-33e7-44d0-b321-314f0044dfd4,08/05/2021 11:00:00,BoE MPC Vote Rate Cut,HIGH,GBP
5403bff1-f64f-47e9-a439-57d8fcd771a6,08/05/2021 11:00:00,BoE MPC Vote Rate Hike,HIGH,GBP
fc042ae8-c534-47b9-908f-3fa87fc4db98,08/05/2021 11:00:00,BoE MPC Vote Rate Unchanged,HIGH,GBP
d718e6f5-1830-446c-8c2a-8f1f49d1cd06,08/05/2021 12:00:00,BoE's Governor Bailey speech,HIGH,GBP
c558875d-1787-4026-8679-45e65904fc67,08/17/2021 17:30:00,Fed's Powell speech,HIGH,USD
72c5ddca-21fb-4eb5-973d-2ca80ecf4d7e,08/18/2021 02:00:00,RBNZ Interest Rate Decision,HIGH,NZD
4596a736-e63c-435c-af06-df6f0c71c3c3,08/18/2021 02:00:00,RBNZ Monetary Policy Review,HIGH,NZD
b5eb89d4-157c-49d7-9558-655691f31029,08/18/2021 02:00:00,RBNZ Monetary Policy Statement,HIGH,NZD
49c6279c-8f1c-4da7-bd9e-2da2824014e8,08/18/2021 03:00:00,RBNZ Press Conference,HIGH,NZD
d9a0162a-7b97-454a-8d31-9c778f68bfe3,08/18/2021 18:00:00,FOMC Minutes,HIGH,USD
30989b33-aafa-4cb7-9b2d-65798d4126ce,08/25/2021 08:30:00,ECB's De Guindos speech,HIGH,EUR
9b1806d0-71b7-4b2c-8f4f-a34d34fb901b,08/26/2021 14:00:00,Jackson Hole Symposium,HIGH,USD
001a9638-6077-47cd-b1b3-ef5b93264f4f,08/27/2021 14:00:00,Fed's Powell speech,HIGH,USD
8c00d8ae-716f-4df0-a1e5-e84711b298db,08/27/2021 14:00:00,Jackson Hole Symposium,HIGH,USD
e4d22e13-4e05-4c49-9b46-bb451dccef04,08/28/2021 14:00:00,Jackson Hole Symposium,HIGH,USD
5567f3d5-f729-4857-befd-86689021c2b1,09/08/2021 14:00:00,BoC Interest Rate Decision,HIGH,CAD
8c2af968-434e-4561-802e-9f1d06ca0449,09/08/2021 14:00:00,BoC Monetary Policy Statement,HIGH,CAD
1f2157eb-341c-477c-9746-9acaa25de688,09/08/2021 15:00:00,BoE Monetary Policy Report Hearings,HIGH,GBP
365a12ba-b6fc-4f81-bd6e-f3d25b149c7e,09/09/2021 11:45:00,ECB Main Refinancing Operations Rate,HIGH,EUR
85376d07-03f2-42bd-a6f5-d648d9a32bc1,09/09/2021 11:45:00,ECB Monetary Policy Statement,HIGH,EUR
e43bfb38-670f-445b-809c-9c71cbf6a72e,09/09/2021 11:45:00,ECB Rate On Deposit Facility,HIGH,EUR
e4eccab8-37c3-4048-b384-bb26845c9d05,09/09/2021 12:30:00,ECB Press Conference,HIGH,EUR
59993282-bc12-4db6-bc1e-5c187004f5a8,09/09/2021 16:00:00,BoC's Governor Macklem speech,HIGH,CAD
cbbb3205-f4c0-46fc-9b43-fbbcced4a282,09/10/2021 09:30:00,ECB's President Lagarde speech,HIGH,EUR
ee773926-1925-49c8-93cf-8dfb215651c7,09/13/2021 13:30:00,ECB's President Lagarde speech,HIGH,EUR
1bc1f80c-e49c-4a8c-bee3-5e617f5ac0ff,09/16/2021 12:00:00,ECB's President Lagarde speech,HIGH,EUR
a1c4ca2f-90e1-4051-a201-6ab4f1392a9a,09/22/2021 03:00:00,BoJ Interest Rate Decision,HIGH,JPY
a4c80019-13bd-4bce-a253-ea7a4da2aa25,09/22/2021 03:00:00,BoJ Monetary Policy Statement,HIGH,JPY
aab3bb78-ed2a-4695-a42e-230fbc88b46d,09/22/2021 06:00:00,BoJ Press Conference,HIGH,JPY
26cd7477-3146-4215-9a5e-ffc7dda73137,09/22/2021 18:00:00,Fed Interest Rate Decision,HIGH,USD
ed04e779-9ff9-47b0-bd30-f536267833bb,09/22/2021 18:00:00,Fed Monetary Policy Statement,HIGH,USD
4f62a899-f62c-4b87-ad2a-4cf1d5b5e7ef,09/22/2021 18:00:00,FOMC Economic Projections,HIGH,USD
d4bb2c9b-5eb8-4e4d-9c21-f0200f3db00c,09/22/2021 18:00:00,Interest Rate Projections - 1st year,HIGH,USD
818287fe-147c-4bcd-8211-0d8546094529,09/22/2021 18:00:00,Interest Rate Projections - 2nd year,HIGH,USD
007b8841-7b1e-4f89-9d07-fbcfc131a2fa,09/22/2021 18:00:00,Interest Rate Projections - 3rd year,HIGH,USD
a07f2be3-f7c8-48f4-af02-195fd12c4dd2,09/22/2021 18:00:00,Interest Rate Projections - Current,HIGH,USD
347b3683-5ede-4ac2-bdda-400a7dbf82b8,09/22/2021 18:00:00,Interest Rate Projections - Longer,HIGH,USD
bc5e8a0e-a7cf-4b36-91be-e8f11726224e,09/22/2021 18:30:00,FOMC Press Conference,HIGH,USD
3580e1ab-b7a4-4cdb-9665-b7f29e209fe9,09/23/2021 07:30:00,SNB Interest Rate Decision,HIGH,CHF
4f03201d-f9d7-460a-88f1-281d46795e2c,09/23/2021 07:30:00,SNB Monetary Policy Assessment,HIGH,CHF
6db09e90-e57b-4f46-a5e3-65bf545b9688,09/23/2021 11:00:00,BoE Asset Purchase Facility,HIGH,GBP
3c4ce0b6-ee32-4cf0-9db4-f91b37996b53,09/23/2021 11:00:00,BoE Interest Rate Decision,HIGH,GBP
106c66f7-847a-4f90-8a48-a506f2c6caf6,09/23/2021 11:00:00,BoE Minutes,HIGH,GBP
a9c78214-52d7-4f6a-9daa-a0d94ca5a4e3,09/23/2021 11:00:00,BoE Monetary Policy Summary,HIGH,GBP
c7c18544-140b-4555-89e8-c5634718bfaf,09/23/2021 11:00:00,BoE MPC Vote Rate Cut,HIGH,GBP
481876d8-d090-4208-b414-e877132da548,09/23/2021 11:00:00,BoE MPC Vote Rate Hike,HIGH,GBP
4b240ae7-2b67-44ba-b8f8-a692c814068b,09/23/2021 11:00:00,BoE MPC Vote Rate Unchanged,HIGH,GBP
4fa949ea-dd05-4915-8580-b39cf60bccfc,09/24/2021 14:00:00,Fed's Powell speech,HIGH,USD
be7feb57-36cd-455c-aea7-3bd3c078787c,09/27/2021 11:45:00,ECB's President Lagarde speech,HIGH,EUR
bfaf1f0a-9baf-41d3-a7cd-e8104e0bca3b,09/27/2021 15:00:00,BoE's Governor Bailey speech,HIGH,GBP
6efb1678-54c9-457b-a72a-c2886cfc5453,09/27/2021 23:50:00,BoJ Monetary Policy Meeting Minutes,HIGH,JPY
6266d1b9-1e90-4e0c-94fc-b05fb456be2d,09/28/2021 12:00:00,ECB's President Lagarde speech,HIGH,EUR
a1b6f5e5-0ac9-4a26-ac1c-fa9bb115c3f8,09/28/2021 14:00:00,Fed's Chair Powell testifies,HIGH,USD
e717746c-0272-441b-9cb5-8d6ea93409a9,09/29/2021 15:45:00,ECB's President Lagarde speech,HIGH,EUR
41ee32f8-700d-4c8a-afa9-6fbeadb77819,09/29/2021 15:45:00,Fed's Powell speech,HIGH,USD
ec8a3856-ea65-483a-a3e5-30c8b979905b,09/29/2021 16:30:00,ECB's President Lagarde speech,HIGH,EUR
3bc8b31f-04d7-4422-8b28-26c206d50e41,09/30/2021 07:10:00,BoJ's Governor Kuroda speech,HIGH,JPY
9196f06c-a698-426b-a4af-46e2a3883603,09/30/2021 14:00:00,Fed's Chair Powell testifies,HIGH,USD
e4a03138-869e-405c-8bf9-d4ec9a694242,10/05/2021 15:00:00,ECB's President Lagarde speech,HIGH,EUR
e4a819cb-8f63-43f1-98b5-334693170140,10/06/2021 01:00:00,RBNZ Interest Rate Decision,HIGH,NZD
8521e099-4bb3-4277-b6a2-b0017262e0cd,10/06/2021 01:00:00,RBNZ Monetary Policy Review,HIGH,NZD
72be343e-ef9d-407f-8518-69a0c1b1a9ea,10/07/2021 01:00:00,BoJ's Governor Kuroda speech,HIGH,JPY
381cfc20-cf2a-4fab-bce0-fb43365204f7,10/07/2021 16:00:00,BoC's Governor Macklem speech,HIGH,CAD
3e8ba547-f13a-4a47-bc71-75c5123e07c2,10/08/2021 12:10:00,ECB's President Lagarde speech,HIGH,EUR
3c2d4191-0199-4442-9da2-8231fc3b62e2,10/13/2021 18:00:00,FOMC Minutes,HIGH,USD
ff575cb7-917a-48ca-93b4-55286e3235a5,10/16/2021 14:00:00,ECB's President Lagarde speech,HIGH,EUR
cb6ca002-0661-490b-8d14-9ce1cf9036aa,10/22/2021 15:00:00,Fed's Powell speech,HIGH,USD
ebec968b-9e0d-4868-ae8d-e335e2b5e3aa,10/26/2021 08:00:00,ECB Bank Lending Survey,HIGH,EUR
94b2e1b2-7102-4b77-ada4-81ff3a771e77,10/27/2021 14:00:00,BoC Interest Rate Decision,HIGH,CAD
ea39c6df-5205-4cba-985e-78bb2fbeae14,10/27/2021 14:00:00,BoC Monetary Policy Report,HIGH,CAD
27e292ce-4488-48f3-8bdb-7ef00897825d,10/27/2021 14:00:00,BoC Monetary Policy Statement,HIGH,CAD
ebf3520a-5bd2-4c48-a9e7-7c1c43cbfe22,10/27/2021 15:00:00,BoC Press Conference,HIGH,CAD
f8cdac6d-7fb2-46d5-bb9a-52aa1da38086,10/27/2021 15:20:00,ECB's President Lagarde speech,HIGH,EUR
7d6f6d23-b9f8-4e87-98ec-5c45786c715e,10/28/2021 03:00:00,BoJ Interest Rate Decision,HIGH,JPY
637a9261-cf01-43c2-9c33-c3a852b60b8a,10/28/2021 03:00:00,BoJ Monetary Policy Statement,HIGH,JPY
4adef7e0-ebf5-40e1-8cf3-6ef2308b1709,10/28/2021 06:00:00,BoJ Press Conference,HIGH,JPY
bacb6271-4264-49ba-a7d6-5965c1775d2e,10/28/2021 11:45:00,ECB Main Refinancing Operations Rate,HIGH,EUR
7c899dcc-7bd6-4b5b-8c44-cd234140ddfc,10/28/2021 11:45:00,ECB Monetary Policy Statement,HIGH,EUR
6dc466a4-3802-4fc0-8ed8-60fc037d9795,10/28/2021 11:45:00,ECB Rate On Deposit Facility,HIGH,EUR
8232f6b6-34cd-4c98-ab92-e21ce72fb1a8,10/28/2021 12:30:00,ECB Press Conference,HIGH,EUR
5168917a-f642-4a83-ae85-59a154ea016c,11/01/2021 23:50:00,BoJ Monetary Policy Meeting Minutes,HIGH,JPY
62459697-3161-4e5b-88e9-c1f0f9639f3b,11/03/2021 10:15:00,ECB's President Lagarde speech,HIGH,EUR
f3153d9c-abbf-4c25-93ab-91fecb39428c,11/03/2021 18:00:00,Fed Interest Rate Decision,HIGH,USD
e11281df-cfc9-4368-b80d-deb061feb5ed,11/03/2021 18:00:00,Fed Monetary Policy Statement,HIGH,USD
ff8a676d-d498-441a-89a3-c934e7730a22,11/03/2021 18:30:00,FOMC Press Conference,HIGH,USD
298c8e3b-a3aa-48af-a36a-0a020f1c9874,11/04/2021 12:00:00,BoE Asset Purchase Facility,HIGH,GBP
191aa12c-0a08-473a-8ea8-68819929a0e7,11/04/2021 12:00:00,BoE Interest Rate Decision,HIGH,GBP
2f5d26a3-6109-46da-8ba4-0a51d8e2497f,11/04/2021 12:00:00,BoE Minutes,HIGH,GBP
ca91cc2a-3c91-4ea6-b85c-d326e1eca6fe,11/04/2021 12:00:00,BoE Monetary Policy Report,HIGH,GBP
fd056e50-a946-4187-a8a1-18beb2e72421,11/04/2021 12:00:00,BoE Monetary Policy Summary,HIGH,GBP
91923cc3-8140-4911-9165-ca03af695650,11/04/2021 12:00:00,BoE MPC Vote Rate Cut,HIGH,GBP
ace6461e-244e-4610-9985-cacb2d5ab441,11/04/2021 12:00:00,BoE MPC Vote Rate Hike,HIGH,GBP
83471993-0a06-43ff-857b-a7d8747c0a30,11/04/2021 12:00:00,BoE MPC Vote Rate Unchanged,HIGH,GBP
4072c775-110c-47bd-92c3-5e5a84ce759f,11/04/2021 12:30:00,BoE's Governor Bailey speech,HIGH,GBP
20d00491-1458-4758-9eb5-87bf03092c5b,11/04/2021 13:00:00,ECB's President Lagarde speech,HIGH,EUR
537d186b-1fc9-4a8d-b0c0-9bd6144f27c2,11/08/2021 15:30:00,Fed's Powell speech,HIGH,USD
d9f07ecd-b221-43f3-b501-5096f23d3c76,11/08/2021 17:00:00,BoE's Governor Bailey speech,HIGH,GBP
9d3619b0-e916-47cb-a352-14c3a6e4f9e1,11/09/2021 13:00:00,ECB's President Lagarde speech,HIGH,EUR
de3630bb-da7f-4747-8eb2-da5aff257cfa,11/09/2021 14:00:00,Fed's Powell speech,HIGH,USD
43828b8f-ddfc-4571-85c3-82149b5309ab,11/09/2021 16:00:00,BoE's Governor Bailey speech,HIGH,GBP
f4394958-46ab-4c5d-bfbf-a1ed43582eb0,11/09/2021 22:45:00,BoC's Governor Macklem speech,HIGH,CAD
694e9c0c-4cba-4428-8ce8-1e71a32bb499,11/15/2021 10:00:00,ECB's President Lagarde speech,HIGH,EUR
9fc64ba8-edd8-4ef2-b0e4-466ccc795291,11/15/2021 13:30:00,BoE Monetary Policy Report Hearings,HIGH,GBP
11c8cc6b-05bc-48f2-8f39-ac2329d63f2f,11/16/2021 16:10:00,ECB's President Lagarde speech,HIGH,EUR
180069e6-a383-44e9-b54b-2e236101f09b,11/17/2021 01:20:00,ECB's President Lagarde speech,HIGH,EUR
49670e8f-9dc4-4f5a-99fc-b82641e1b2f2,11/19/2021 08:30:00,ECB's President Lagarde speech,HIGH,EUR
02015016-807d-4080-9130-06a0d92b7ecd,11/19/2021 18:45:00,ECB's President Lagarde speech,HIGH,EUR
b969b368-d628-462e-bc1e-77133c3e1c4c,11/24/2021 01:00:00,RBNZ Interest Rate Decision,HIGH,NZD
d7e7c436-4b5b-4641-bbf8-c42adb143f34,11/24/2021 01:00:00,RBNZ Monetary Policy Review,HIGH,NZD
5460af07-6fcb-4677-9a4a-513b9418fc4c,11/24/2021 01:00:00,RBNZ Monetary Policy Statement,HIGH,NZD
ed062d5c-a4ec-4490-94e4-20537ba81405,11/24/2021 02:00:00,RBNZ Press Conference,HIGH,NZD
d9024b53-43ae-4541-82b9-0d566a0857a9,11/24/2021 19:00:00,FOMC Minutes,HIGH,USD
1147cc12-2653-406d-ae53-95c02b454ef6,11/25/2021 13:30:00,ECB's President Lagarde speech,HIGH,EUR
6a0ecd70-26c0-4a56-a343-cfc9bdcbf88c,11/25/2021 17:00:00,BoE's Governor Bailey speech,HIGH,GBP
a7deb1ef-6009-476d-80a9-862bd59c2273,11/26/2021 08:00:00,ECB's President Lagarde speech,HIGH,EUR
af2e0e69-28dd-4fd0-9f8a-63addcb652dd,11/29/2021 08:00:00,ECB's President Lagarde speech,HIGH,EUR
29228a29-5225-4748-99a6-86c7e9bd3a81,11/29/2021 08:30:00,BoJ's Governor Kuroda speech,HIGH,JPY
502b954f-7e9b-4327-83eb-f686b7585815,11/29/2021 19:00:00,BoC's Governor Macklem speech,HIGH,CAD
541a96fb-aed0-4caa-81cb-7a7b2903a4b3,11/29/2021 20:05:00,Fed's Powell speech,HIGH,USD
2bd66190-d98d-4e46-b374-d8f0c9efedca,11/30/2021 15:00:00,Fed's Powell speech,HIGH,USD
242fb486-eaaa-4776-b343-cdb57a8b6260,12/01/2021 14:00:00,BoE's Governor Bailey speech,HIGH,GBP
70017553-3e98-4423-b27b-d33c0d1864e2,12/01/2021 15:00:00,Fed's Chair Powell testifies,HIGH,USD
a3aea345-31d5-4753-af40-c4e8ce93af15,12/03/2021 08:30:00,ECB's President Lagarde speech,HIGH,EUR
858619c2-b22e-4a9d-92f4-0089d01e131d,12/08/2021 15:00:00,BoC Interest Rate Decision,HIGH,CAD
b0528df7-15bf-4d7e-b17b-a16aedcf22c4,12/08/2021 15:00:00,BoC Monetary Policy Statement,HIGH,CAD
0917907a-b3a2-4952-beae-1befadd478e2,12/10/2021 09:05:00,ECB's President Lagarde speech,HIGH,EUR
331ab8b5-dc71-4e39-80a4-8d99faa9fb1d,12/13/2021 15:00:00,BoC Monetary Policy Framework,HIGH,CAD
306e5fa2-18e8-4e9f-9496-93e726e5581c,12/13/2021 15:30:00,BoC's Governor Macklem speech,HIGH,CAD
2c29cd24-0ab8-4923-b2b5-cfe6bf569f1a,12/15/2021 17:00:00,BoC's Governor Macklem speech,HIGH,CAD
99219305-ccdd-4296-b700-c37ff2680f20,12/15/2021 19:00:00,Fed Interest Rate Decision,HIGH,USD
45e40947-cf5e-4a7a-84a8-24aedfc41ade,12/15/2021 19:00:00,Fed Monetary Policy Statement,HIGH,USD
d3a387fe-007a-4386-b30d-f2f999b2984e,12/15/2021 19:00:00,FOMC Economic Projections,HIGH,USD
d74f8095-214a-4162-9884-ea3a9e7d71c6,12/15/2021 19:00:00,Interest Rate Projections - 1st year,HIGH,USD
14c124a3-46fc-4ad2-ae72-3026818f4c3f,12/15/2021 19:00:00,Interest Rate Projections - 2nd year,HIGH,USD
c765a5df-abd2-43e2-821b-56767244a7f3,12/15/2021 19:00:00,Interest Rate Projections - 3rd year,HIGH,USD
dee2b2ea-0111-4199-8d27-b3465e77e29c,12/15/2021 19:00:00,Interest Rate Projections - Current,HIGH,USD
66b14105-cc6e-4132-ab47-178f9f3b9a55,12/15/2021 19:00:00,Interest Rate Projections - Longer,HIGH,USD
a6d367f1-1b4c-42b3-8eb9-3bc2a98d1afc,12/15/2021 19:30:00,FOMC Press Conference,HIGH,USD
fa229eb0-302d-476f-9d32-9ab0ef28cb91,12/16/2021 08:30:00,SNB Interest Rate Decision,HIGH,CHF
e18860ec-026d-484b-bef4-9b1a0e3dfb61,12/16/2021 08:30:00,SNB Monetary Policy Assessment,HIGH,CHF
e8796bec-ed49-49fe-8b81-d0994ddbc405,12/16/2021 09:00:00,SNB Press Conference,HIGH,CHF
45a103a6-be24-4d10-b425-0b8c0c56c067,12/16/2021 12:00:00,BoE Asset Purchase Facility,HIGH,GBP
1ba1ee93-4208-44f9-a5e7-5510778db69d,12/16/2021 12:00:00,BoE Interest Rate Decision,HIGH,GBP
1a6e6f3e-f04d-43f6-8347-42b895835e27,12/16/2021 12:00:00,BoE Minutes,HIGH,GBP
883cf615-a885-42d1-9ad9-cf48bf42707c,12/16/2021 12:00:00,BoE Monetary Policy Summary,HIGH,GBP
ff64a97e-fb72-46cf-8904-9073f67d9e0e,12/16/2021 12:00:00,BoE MPC Vote Rate Cut,HIGH,GBP
ccce281a-a6ee-49f3-9675-b6a1edbf1a38,12/16/2021 12:00:00,BoE MPC Vote Rate Hike,HIGH,GBP
359f141c-c4b6-4506-8993-31924550f55b,12/16/2021 12:00:00,BoE MPC Vote Rate Unchanged,HIGH,GBP
214513d5-3c2d-44db-84c4-0304a5cbab94,12/16/2021 12:45:00,ECB Main Refinancing Operations Rate,HIGH,EUR
a96dd9af-49b6-41c1-9e4c-716f1d14e4f2,12/16/2021 12:45:00,ECB Monetary Policy Statement,HIGH,EUR
41621ff7-cc7c-4191-85c1-48aa27dddd7a,12/16/2021 12:45:00,ECB Rate On Deposit Facility,HIGH,EUR
cf3b3f68-c3e3-4bc2-af0a-4418c50c8dca,12/16/2021 13:30:00,ECB Press Conference,HIGH,EUR
5c3e03ab-2562-4c0c-babb-f1a67ac32ecb,12/17/2021 03:00:00,BoJ Interest Rate Decision,HIGH,JPY
c5e6f6d0-43f2-4895-b7b1-cd2f88735e95,12/17/2021 03:00:00,BoJ Monetary Policy Statement,HIGH,JPY
041c2d14-72ac-4c82-ab01-06e7d3b95219,12/17/2021 06:00:00,BoJ Press Conference,HIGH,JPY
7ebb0f2e-0cce-485f-a38b-a686cd26b266,12/21/2021 23:50:00,BoJ Monetary Policy Meeting Minutes,HIGH,JPY
839b9684-ca1e-46d3-a576-e1adcd6344b7,01/05/2022 19:00:00,FOMC Minutes,HIGH,USD
56075372-fe44-4a22-9372-703619ea4596,01/11/2022 10:20:00,ECB's President Lagarde speech,HIGH,EUR
c92cfcd0-c7e4-4765-930e-29e1b2642051,01/11/2022 15:00:00,Fed's Chair Powell testifies,HIGH,USD
0dd30063-44ad-4460-a6ba-3b3a9733f284,01/12/2022 01:00:00,BoJ's Governor Kuroda speech,HIGH,JPY
d2e6b50e-7e5d-4c35-b20b-023c03eb1dbe,01/14/2022 13:15:00,ECB's President Lagarde speech,HIGH,EUR
ed94d2ac-d521-4003-8fd8-cc101b1512a4,01/18/2022 03:00:00,BoJ Interest Rate Decision,HIGH,JPY
d4ea6be5-9322-48ee-94f6-280879a23627,01/18/2022 03:00:00,BoJ Monetary Policy Statement,HIGH,JPY
3c89d272-3e77-4d0c-b68c-3246986154fd,01/18/2022 06:00:00,BoJ Press Conference,HIGH,JPY
1f8e33f3-219b-46e7-a345-4c7e59d00345,01/19/2022 14:15:00,BoE's Governor Bailey speech,HIGH,GBP
95c63372-6b3e-4df9-9b5d-6866829d4824,01/20/2022 23:50:00,BoJ Monetary Policy Meeting Minutes,HIGH,JPY
81785fd5-389c-4622-8f6e-c792711939cb,01/21/2022 12:30:00,ECB's President Lagarde speech,HIGH,EUR
21581103-bd52-4064-ac6d-dfba4d108fc9,01/26/2022 15:00:00,BoC Interest Rate Decision,HIGH,CAD
eedf450c-022b-4f2e-b17d-1fa936fd7912,01/26/2022 15:00:00,BoC Monetary Policy Report,HIGH,CAD
bf693db3-5ca9-4340-9526-3a3df1c3d1c5,01/26/2022 15:00:00,BoC Monetary Policy Statement,HIGH,CAD
e8313e85-59d4-4a6f-9547-a5009f559ffe,01/26/2022 16:00:00,BoC Press Conference,HIGH,CAD
ae70a36e-3b2e-4de0-bc13-d3c37c952506,01/26/2022 19:00:00,Fed Interest Rate Decision,HIGH,USD
8646a961-52a4-4351-8608-60d885e4edfb,01/26/2022 19:00:00,Fed Monetary Policy Statement,HIGH,USD
d834fa0c-f7e4-49ee-8d2a-c722d1d77fa3,01/26/2022 19:30:00,FOMC Press Conference,HIGH,USD
24a42ab4-df41-48d6-ac2b-3aba862e26bf,02/01/2022 09:00:00,ECB Bank Lending Survey,HIGH,EUR
bda4b340-dc5a-45f9-bfc0-23693682359b,02/02/2022 20:00:00,BoC's Governor Macklem speech,HIGH,CAD
27ac4b75-2f2c-4551-869e-741f078269af,02/03/2022 12:00:00,BoE Asset Purchase Facility,HIGH,GBP
224347bf-5a81-4c54-a657-711914ff8757,02/03/2022 12:00:00,BoE Interest Rate Decision,HIGH,GBP
986e2728-a76a-4c37-90ae-024c8a1f3e1b,02/03/2022 12:00:00,BoE Minutes,HIGH,GBP
33d7fd85-d990-43d2-a626-8fefacd39fdd,02/03/2022 12:00:00,BoE Monetary Policy Report,HIGH,GBP
eb6b568e-febb-49df-a267-e5535bdf999f,02/03/2022 12:00:00,BoE Monetary Policy Summary,HIGH,GBP
0298c34f-8000-4626-a497-904747b96120,02/03/2022 12:00:00,BoE MPC Vote Rate Cut,HIGH,GBP
ff50a64b-9deb-4630-8bd8-394b898edaee,02/03/2022 12:00:00,BoE MPC Vote Rate Hike,HIGH,GBP
493b2907-da44-44ac-b7aa-d717bddbfb0d,02/03/2022 12:00:00,BoE MPC Vote Rate Unchanged,HIGH,GBP
5fabdb38-077b-4f81-a444-a3126e872a51,02/03/2022 12:30:00,BoE's Governor Bailey speech,HIGH,GBP
28e91738-84ce-4e9a-b899-0dfccc661358,02/03/2022 12:45:00,ECB Main Refinancing Operations Rate,HIGH,EUR
760661d8-7360-45f0-8fe5-b6704003be9d,02/03/2022 12:45:00,ECB Monetary Policy Statement,HIGH,EUR
1883d914-d606-4bed-bfe7-71b5b1437c38,02/03/2022 12:45:00,ECB Rate On Deposit Facility,HIGH,EUR
a4ffac7c-f251-46c2-8c1d-4c4db1527fb5,02/03/2022 13:30:00,ECB Press Conference,HIGH,EUR
da99a182-6dac-4ba5-abb5-f9ecd6520fcd,02/07/2022 15:45:00,ECB's President Lagarde speech,HIGH,EUR
d00c8416-add2-4369-a269-ff998362a123,02/08/2022 02:15:00,RBNZ's Governor Orr speech,HIGH,NZD
3c59a875-3241-4d0b-8443-8d348717f679,02/09/2022 17:00:00,BoC's Governor Macklem speech,HIGH,CAD
e44c7bd5-95cf-4660-baf5-6ba304f6c46a,02/10/2022 17:00:00,BoE's Governor Bailey speech,HIGH,GBP
3de890fe-9ec6-4e49-b8d9-0913ab944df0,02/14/2022 16:15:00,ECB's President Lagarde speech,HIGH,EUR
00260852-b764-48c8-918c-398f07dc6721,02/16/2022 19:00:00,FOMC Minutes,HIGH,USD
e1185ab0-098c-4399-b621-2eee08568d98,02/23/2022 01:00:00,RBNZ Interest Rate Decision,HIGH,NZD
f7c5c99a-ef68-4c83-b279-72b492cff477,02/23/2022 01:00:00,RBNZ Monetary Policy Review,HIGH,NZD
4f8c35e6-8c9f-4c12-913a-7378df6a1bec,02/23/2022 01:00:00,RBNZ Monetary Policy Statement,HIGH,NZD
ffafd1dd-0911-40a4-aaad-612feefb14a7,02/23/2022 02:00:00,RBNZ Press Conference,HIGH,NZD
9ff01e9d-db5f-4642-96aa-d9b59b750a6c,02/23/2022 09:30:00,BoE Monetary Policy Report Hearings,HIGH,GBP
c98ebc96-77ac-477e-bd58-c9519794d27a,02/23/2022 09:30:00,BoE's Governor Bailey speech,HIGH,GBP
f99a3fc7-9634-4429-a50f-7b84ebf4851d,02/25/2022 14:00:00,ECB's President Lagarde speech,HIGH,EUR
c7954d2f-1089-4489-8857-b29518420a26,02/28/2022 15:50:00,ECB's President Lagarde speech,HIGH,EUR
4e28f0ad-3fc0-4262-a29f-17f699926919,03/01/2022 13:00:00,ECB's President Lagarde speech,HIGH,EUR
3db745a6-8322-4f65-bf97-feedd17f82df,03/02/2022 14:30:00,ECB's President Lagarde speech,HIGH,EUR
4e14f84b-0dad-4db9-901e-145096fdc2e0,03/02/2022 15:00:00,BoC Interest Rate Decision,HIGH,CAD
1b58876e-b262-4e46-a30d-ebb2ac9877c7,03/02/2022 15:00:00,BoC Monetary Policy Statement,HIGH,CAD
3faa6ad8-1673-44c8-b971-eff78209ed3e,03/02/2022 15:00:00,Fed's Chair Powell testifies,HIGH,USD
f86ad1b3-4b74-4144-85e7-1903f1430c16,03/03/2022 15:00:00,Fed's Chair Powell testifies,HIGH,USD
e0232962-a1b5-4a76-968d-f63fdcc9b9a8,03/03/2022 16:30:00,BoC's Governor Macklem speech,HIGH,CAD
8b97c042-01fd-4a7d-922a-03e880743b5d,03/03/2022 20:30:00,BoC's Governor Macklem speech,HIGH,CAD
2112897c-7298-4d49-8856-6a6612f3f90d,03/10/2022 12:45:00,ECB Main Refinancing Operations Rate,HIGH,EUR
27af67ca-7ced-414c-92d3-270dc0bf696c,03/10/2022 12:45:00,ECB Monetary Policy Statement,HIGH,EUR
8bc21caa-7f79-41e6-812e-83ecc511e96c,03/10/2022 12:45:00,ECB Rate On Deposit Facility,HIGH,EUR
be7cd84b-5dee-4020-9eb6-8e12b8cf84ce,03/10/2022 13:30:00,ECB Press Conference,HIGH,EUR
2c3c0ce7-167b-4272-add8-e61df116ddbe,03/15/2022 15:15:00,ECB's President Lagarde speech,HIGH,EUR
f251a917-54c0-410f-9b79-dc5c258318c6,03/16/2022 18:00:00,Fed Interest Rate Decision,HIGH,USD
738638ca-9923-484c-8ea2-f66a82d68a69,03/16/2022 18:00:00,Fed Monetary Policy Statement,HIGH,USD
e885f9b5-fcc5-42fb-9f8e-13431058b57e,03/16/2022 18:00:00,FOMC Economic Projections,HIGH,USD
d29daff4-bac7-428f-a93c-2fbbf49c7610,03/16/2022 18:00:00,Interest Rate Projections - 1st year,HIGH,USD
a905d356-45ef-402b-861d-bfbaf6a9a457,03/16/2022 18:00:00,Interest Rate Projections - 2nd year,HIGH,USD
7adceb43-1f32-4209-8135-304ae2f2a1c5,03/16/2022 18:00:00,Interest Rate Projections - Current,HIGH,USD
a23c8713-9143-494a-bde9-bf37b0d2dc73,03/16/2022 18:00:00,Interest Rate Projections - Longer,HIGH,USD
66cf9586-ac03-48e2-ace7-17019712de4f,03/16/2022 18:30:00,FOMC Press Conference,HIGH,USD
9ca1b941-29fa-496d-bffe-6f5865ad092b,03/17/2022 09:30:00,ECB's President Lagarde speech,HIGH,EUR
27167d91-0930-45d7-a5b0-5d3512e9c078,03/17/2022 12:00:00,BoE Interest Rate Decision,HIGH,GBP
03372f7f-d0af-4d2f-a104-47a5e3e969e9,03/17/2022 12:00:00,BoE Minutes,HIGH,GBP
f0a46481-113d-4d28-813a-7cf6e4a81b9f,03/17/2022 12:00:00,BoE Monetary Policy Summary,HIGH,GBP
999d2b28-9af9-4a4c-b8b1-c42217a7b6f9,03/17/2022 12:00:00,BoE MPC Vote Rate Cut,HIGH,GBP
f34e80b3-53f7-4fb2-ab2c-b504c2638029,03/17/2022 12:00:00,BoE MPC Vote Rate Hike,HIGH,GBP
5276428e-d43b-478e-9fa9-a0e08786f6f0,03/17/2022 12:00:00,BoE MPC Vote Rate Unchanged,HIGH,GBP
7fc30cb8-6bc0-4775-8c6b-f03172d47e54,03/18/2022 03:00:00,BoJ Interest Rate Decision,HIGH,JPY
c0bfcc45-26fc-4759-9fd4-6a2a4bf38085,03/18/2022 03:00:00,BoJ Monetary Policy Statement,HIGH,JPY
f43a2b6c-a443-410d-857e-fed4fce60900,03/18/2022 06:00:00,BoJ Press Conference,HIGH,JPY
19de5c9e-2b30-4312-b480-ddf5d6f1bb2b,03/21/2022 07:30:00,ECB's President Lagarde speech,HIGH,EUR
541297fe-82b3-4158-9c7f-374adeac72d8,03/21/2022 16:00:00,Fed's Powell speech,HIGH,USD
85cda9fa-fe1c-417a-b7e1-ecd163dc2b0a,03/22/2022 13:15:00,ECB's President Lagarde speech,HIGH,EUR
d8f75e7f-6995-4f61-8066-8086d3b486c3,03/23/2022 12:00:00,BoE's Governor Bailey speech,HIGH,GBP
b2778c2f-67ab-4d65-bc5b-66db7bd71f3d,03/23/2022 12:00:00,Fed's Powell speech,HIGH,USD
ba4b73a8-06eb-4ef4-b9b3-33e17218d66c,03/23/2022 23:50:00,BoJ Monetary Policy Meeting Minutes,HIGH,JPY
938e8411-970c-405c-9e34-6ea27475d8e3,03/24/2022 08:30:00,SNB Interest Rate Decision,HIGH,CHF
89cde7cb-1020-448f-96e8-2ee75f58ea06,03/24/2022 08:30:00,SNB Monetary Policy Assessment,HIGH,CHF
d02f5d27-2ac7-4cb8-ad90-05f9547b4093,03/28/2022 11:00:00,BoE's Governor Bailey speech,HIGH,GBP
6853f036-41d5-44a4-919d-ebcd36164bf9,03/30/2022 08:00:00,ECB's President Lagarde speech,HIGH,EUR
f1b5f5b2-1c28-40a0-9f86-886073223b15,04/04/2022 09:05:00,BoE's Governor Bailey speech,HIGH,GBP
83b1f177-56c2-4153-a01e-09e1cbb13801,04/06/2022 18:00:00,FOMC Minutes,HIGH,USD
0b3b72ef-c746-43ad-8722-6177520ee95b,04/11/2022 01:00:00,BoJ's Governor Kuroda speech,HIGH,JPY
d27448c0-8dd5-4fd0-a3b3-66d1cf5f42ca,04/12/2022 08:00:00,ECB Bank Lending Survey,HIGH,EUR
48a20899-fb54-4e1b-affe-53d49d5124d1,04/13/2022 02:00:00,RBNZ Interest Rate Decision,HIGH,NZD
78a04186-bd6d-49f0-a5d8-2f3a762093c3,04/13/2022 02:00:00,RBNZ Monetary Policy Review,HIGH,NZD
6adb780d-59c7-41ea-8611-52510d63393a,04/13/2022 06:15:00,BoJ's Governor Kuroda speech,HIGH,JPY
69128506-f169-43fe-99bb-633f5f04f26a,04/13/2022 14:00:00,BoC Interest Rate Decision,HIGH,CAD
a0f67b61-f449-4da3-bba7-a7fa1893e2ab,04/13/2022 14:00:00,BoC Monetary Policy Report,HIGH,CAD
819b752c-9de5-432d-a129-b271e07e6e34,04/13/2022 14:00:00,BoC Monetary Policy Statement,HIGH,CAD
c8266ba5-0db8-4833-a0e3-49d62d81aff3,04/13/2022 15:00:00,BoC Press Conference,HIGH,CAD
1e5642e3-6594-4ced-ac14-0baf1c025998,04/14/2022 11:45:00,ECB Main Refinancing Operations Rate,HIGH,EUR
f15f2a93-ba0f-4e6b-bf97-3440b0ad7a9d,04/14/2022 11:45:00,ECB Monetary Policy Statement,HIGH,EUR
1a4c275c-a16a-4a31-8ff4-8e91549f45df,04/14/2022 11:45:00,ECB Rate On Deposit Facility,HIGH,EUR
d4123f86-f7f5-4b6c-a83b-aa8f5cc0a365,04/14/2022 12:30:00,ECB Press Conference,HIGH,EUR
b5d4e1e8-9510-4ef1-8e4b-1c4e2bb56b1e,04/19/2022 16:30:00,SNB's Chairman Jordan speech,HIGH,CHF
756424bf-8088-4538-8d4c-b56b2a1a88da,04/21/2022 15:00:00,Fed's Powell speech,HIGH,USD
6b4d8dbd-d82c-4942-91bb-e7cb68a7dd46,04/21/2022 16:30:00,BoE's Governor Bailey speech,HIGH,GBP
2fb85c68-bb7f-46a2-9f53-b5e316af6e1c,04/21/2022 17:00:00,ECB's President Lagarde speech,HIGH,EUR
3eb1746b-df55-4dc9-9e4d-cf34d2681b9c,04/21/2022 17:00:00,Fed's Powell speech,HIGH,USD
6abf47f3-7140-4f0d-82cb-537a4dbd318f,04/22/2022 13:00:00,ECB's President Lagarde speech,HIGH,EUR
4e7a5892-2726-4279-9507-85d63109d803,04/22/2022 14:30:00,BoE's Governor Bailey speech,HIGH,GBP
6618b786-302e-4600-8d84-7910ab6e7987,04/25/2022 15:00:00,BoC's Governor Macklem speech,HIGH,CAD
e4882bbe-5e30-43f0-a85d-3c784d56d58a,04/27/2022 16:00:00,ECB's President Lagarde speech,HIGH,EUR
64a6675c-5312-4538-b381-b5dcf9267c65,04/27/2022 22:30:00,BoC's Governor Macklem speech,HIGH,CAD
129f27f7-c36f-4f32-a073-39ccf8b135a6,04/28/2022 03:00:00,BoJ Interest Rate Decision,HIGH,JPY
f95450bd-80a1-47d6-bd54-fc85e1185f68,04/28/2022 03:00:00,BoJ Monetary Policy Statement,HIGH,JPY
b50c202c-d153-4835-bddf-405a3ae4753a,04/28/2022 06:00:00,BoJ Press Conference,HIGH,JPY
111bbf5a-2774-4750-9e92-b23edcc3adfa,04/29/2022 08:00:00,SNB's Chairman Jordan speech,HIGH,CHF
efbc6ebd-7d51-45f0-bb23-d6096d7e245b,05/03/2022 13:00:00,ECB's President Lagarde speech,HIGH,EUR
7cf38692-22ff-4678-b4ed-4901ec36da9e,05/04/2022 18:00:00,Fed Interest Rate Decision,HIGH,USD
6cdb5bb7-e706-47f0-8000-1785101492ae,05/04/2022 18:00:00,Fed Monetary Policy Statement,HIGH,USD
a23c0347-3a5e-417e-9ac2-0015fcac38e8,05/04/2022 18:30:00,FOMC Press Conference,HIGH,USD
e00d204c-9def-478a-b367-c913af383fa6,05/05/2022 11:00:00,BoE Interest Rate Decision,HIGH,GBP
e843a758-8663-429c-9aad-00eacd04aad0,05/05/2022 11:00:00,BoE Minutes,HIGH,GBP
20efc3f1-8f6c-4296-aa82-56e7a2b23865,05/05/2022 11:00:00,BoE Monetary Policy Report,HIGH,GBP
6b3d0a85-762c-4e05-8366-8e3bfa3a0896,05/05/2022 11:00:00,BoE Monetary Policy Summary,HIGH,GBP
5d35fffc-a4b1-4249-a11d-c0758ea786d4,05/05/2022 11:00:00,BoE MPC Vote Rate Cut,HIGH,GBP
f08d1b88-39dc-4911-a8a1-d6a0e6bc3d2e,05/05/2022 11:00:00,BoE MPC Vote Rate Hike,HIGH,GBP
c0e20bcc-0b01-412f-bef8-e555e0447071,05/05/2022 11:00:00,BoE MPC Vote Rate Unchanged,HIGH,GBP
ac9f1d4a-3cb8-45ec-9013-8cfb1c5feea9,05/05/2022 11:30:00,BoE's Governor Bailey speech,HIGH,GBP
26cdaee5-85e8-4d4b-9ac9-66536c62e7eb,05/08/2022 23:50:00,BoJ Monetary Policy Meeting Minutes,HIGH,JPY
1795971e-1615-4f08-9baf-3f9334837091,05/11/2022 08:00:00,ECB's President Lagarde speech,HIGH,EUR
aa8cb275-f22d-417c-9148-f6fa1f03f8fa,05/16/2022 14:15:00,BoE Monetary Policy Report Hearings,HIGH,GBP
ce7c68ce-cec5-4739-a604-3ee9af2b92f6,05/17/2022 17:00:00,ECB's President Lagarde speech,HIGH,EUR
0007df9d-8e69-4bd5-aa16-a85bd2211110,05/17/2022 18:00:00,Fed's Powell speech,HIGH,USD
3b8955fc-59f2-4239-b436-e8f269054b29,05/23/2022 16:15:00,BoE's Governor Bailey speech,HIGH,GBP
bd43a912-b251-4a80-9dae-cfc6a5ba35c1,05/24/2022 16:20:00,Fed's Powell speech,HIGH,USD
205b1d1a-7ac8-4a81-beca-960844c5c9f6,05/24/2022 18:00:00,ECB's President Lagarde speech,HIGH,EUR
8cbb6882-889c-4b45-8766-f1769248a2ce,05/25/2022 02:00:00,RBNZ Interest Rate Decision,HIGH,NZD
cba8d0ff-d387-4243-9981-920e371a7156,05/25/2022 02:00:00,RBNZ Monetary Policy Review,HIGH,NZD
fd3b49a0-71a2-43c3-943c-700a3a688df7,05/25/2022 02:00:00,RBNZ Monetary Policy Statement,HIGH,NZD
d39f4c69-e66f-4355-a205-9e2a45df6e8e,05/25/2022 03:00:00,RBNZ Press Conference,HIGH,NZD
9912b4a0-8cc4-4471-8e8f-97b5acd3256e,05/25/2022 08:00:00,ECB's President Lagarde speech,HIGH,EUR
434defcd-04a6-4bd1-8a03-3ad37c997276,05/25/2022 11:05:00,BoJ's Governor Kuroda speech,HIGH,JPY
3c77b4bb-1eb0-4709-b6f2-68d6c1144d9f,05/25/2022 18:00:00,FOMC Minutes,HIGH,USD
fea95ede-93d9-4e61-8bcf-a6cdd60ac234,06/01/2022 11:00:00,ECB's President Lagarde speech,HIGH,EUR
24da67aa-f060-4f1e-9619-56efea86b08e,06/01/2022 14:00:00,BoC Interest Rate Decision,HIGH,CAD
0c8d30c3-c287-4eef-a0a6-1c952eaeca6b,06/01/2022 14:00:00,BoC Monetary Policy Statement,HIGH,CAD
f03cc2b6-87c6-4b2e-b614-81fc2d887bc9,06/09/2022 11:45:00,ECB Main Refinancing Operations Rate,HIGH,EUR
a93781a3-b2c3-448e-bbc8-48fbcd4d17b9,06/09/2022 11:45:00,ECB Monetary Policy Statement,HIGH,EUR
6621dd4d-ab19-4f9b-adad-bb048f91f1d6,06/09/2022 11:45:00,ECB Rate On Deposit Facility,HIGH,EUR
ee3475db-f42c-4a5b-98c4-85cf53ccda97,06/09/2022 12:30:00,ECB Press Conference,HIGH,EUR
68d69603-5611-46d6-97a7-95f9cbb8be3e,06/15/2022 09:00:00,ECB Monetary Policy Statement,HIGH,EUR
ec35d3d9-cb77-4c77-8ec5-dd92ab48f73b,06/15/2022 16:20:00,ECB's President Lagarde speech,HIGH,EUR
33336a15-330a-4991-ac77-9eabe9c6f77d,06/15/2022 18:00:00,Fed Interest Rate Decision,HIGH,USD
1c445aa5-8558-4ce8-91db-ae1b600173ff,06/15/2022 18:00:00,Fed Monetary Policy Statement,HIGH,USD
f56363d2-88f5-4735-8736-0322a67b6436,06/15/2022 18:00:00,FOMC Economic Projections,HIGH,USD
80d52023-6ed1-4ab2-8a7e-a726548953f7,06/15/2022 18:00:00,Interest Rate Projections - 1st year,HIGH,USD
ee875374-b365-4645-bc60-7da355f42644,06/15/2022 18:00:00,Interest Rate Projections - 2nd year,HIGH,USD
131cacd4-477d-43cb-ab1c-c9f461c9366d,06/15/2022 18:00:00,Interest Rate Projections - Current,HIGH,USD
b2fb03f2-eaa7-43f3-9296-cdfbbb088940,06/15/2022 18:00:00,Interest Rate Projections - Longer,HIGH,USD
38697e11-06c6-4aec-82f2-4e0380f40d18,06/15/2022 18:30:00,FOMC Press Conference,HIGH,USD
59607d33-78bf-44fc-b47f-82e6746993c0,06/16/2022 07:30:00,SNB Interest Rate Decision,HIGH,CHF
ad3abc47-d827-4d4d-a42a-869c57b08f04,06/16/2022 07:30:00,SNB Monetary Policy Assessment,HIGH,CHF
4e5a4310-58ce-4723-933d-0cbcab9fa6bf,06/16/2022 08:00:00,SNB Press Conference,HIGH,CHF
f5a91041-ff5e-444b-9397-cd979a4d1c35,06/16/2022 11:00:00,BoE Interest Rate Decision,HIGH,GBP
2d53519a-c277-4417-9195-404064b2afc7,06/16/2022 11:00:00,BoE Minutes,HIGH,GBP
36984024-5ad8-4b0e-b13b-a75c58a870da,06/16/2022 11:00:00,BoE Monetary Policy Summary,HIGH,GBP
79c351be-8746-466f-85b4-3cbfb70e257d,06/16/2022 11:00:00,BoE MPC Vote Rate Cut,HIGH,GBP
4e76afbd-25b8-4a52-856a-8eeb83dc340f,06/16/2022 11:00:00,BoE MPC Vote Rate Hike,HIGH,GBP
fdb166f5-ba57-4eac-92d0-b22a803c3918,06/16/2022 11:00:00,BoE MPC Vote Rate Unchanged,HIGH,GBP
782a75f4-3429-4177-8dc4-c700435bc367,06/17/2022 03:00:00,BoJ Interest Rate Decision,HIGH,JPY
799c4626-e85e-45dd-9b63-ddbd0f30aec9,06/17/2022 03:00:00,BoJ Monetary Policy Statement,HIGH,JPY
32cc6aa3-cf1d-40a3-90de-0620f1d9663f,06/17/2022 06:00:00,BoJ Press Conference,HIGH,JPY
f878f115-1e45-47f9-8fb7-b0301f90f1ed,06/17/2022 12:45:00,Fed's Powell speech,HIGH,USD
3887c2d5-d437-4b23-b5cb-8261e48487de,06/20/2022 13:00:00,ECB's President Lagarde speech,HIGH,EUR
ca5181b6-e401-4439-a1f5-17fe15c9ebb9,06/21/2022 23:50:00,BoJ Monetary Policy Meeting Minutes,HIGH,JPY
b0ff4210-dc2b-4b0e-b162-482d61ec032f,06/22/2022 13:30:00,Fed's Chair Powell testifies,HIGH,USD
61498f96-c0c0-4b56-9b55-3954fee23624,06/23/2022 14:00:00,Fed's Chair Powell testifies,HIGH,USD
9011e460-20fa-4f40-acc9-bb98b710cfaa,06/23/2022 20:30:00,Bank Stress Test Results,HIGH,USD
2ddb1a06-3fe0-415a-80df-134eae0cc864,06/27/2022 18:30:00,ECB's President Lagarde speech,HIGH,EUR
1b6e1eb7-8685-4d72-a311-081c0eebdee0,06/28/2022 08:00:00,ECB's President Lagarde speech,HIGH,EUR
346903ee-af0c-4de1-a43f-1d2271b49323,06/29/2022 13:00:00,ECB's President Lagarde speech,HIGH,EUR
bde8646d-584a-4bbe-8e80-b9e0cfcae90e,06/29/2022 13:00:00,BoE's Governor Bailey speech,HIGH,GBP
bc9257d2-3ecf-474b-a94d-a1573fcb5628,06/29/2022 13:00:00,Fed's Powell speech,HIGH,USD
d89fa2c5-5177-4924-84fc-bf8dd39e83d8,06/29/2022 15:00:00,ECB's President Lagarde speech,HIGH,EUR
243ad711-1c9d-4f7a-a8a8-8c0598b7cc16,07/06/2022 18:00:00,FOMC Minutes,HIGH,USD
56ce49de-703b-4447-8cb2-3ef377d6eaeb,07/08/2022 11:55:00,ECB's President Lagarde speech,HIGH,EUR
711d3fc6-0be5-43e9-9882-aeacaa6e802f,07/11/2022 01:00:00,BoJ's Governor Kuroda speech,HIGH,JPY
90a218ed-e5e6-46f2-8d1f-5d74e8381d59,07/11/2022 14:15:00,BoE's Governor Bailey speech,HIGH,GBP
c77e253a-0574-44f5-966d-5c0d66f6ed2d,07/12/2022 17:00:00,BoE's Governor Bailey speech,HIGH,GBP
2f6c62be-f51e-4979-b95a-0a6b3748bb53,07/13/2022 02:00:00,RBNZ Interest Rate Decision,HIGH,NZD
b6e72937-96d2-4790-a386-6e1315cfb378,07/13/2022 02:00:00,RBNZ Monetary Policy Review,HIGH,NZD
298212c8-2948-4bad-b07f-d2e19b508f47,07/13/2022 14:00:00,BoC Interest Rate Decision,HIGH,CAD
c985d94f-7510-403a-96ed-e4ed1f3a71b2,07/13/2022 14:00:00,BoC Monetary Policy Report,HIGH,CAD
16a28b55-8f09-450e-89c6-15a73e5a6eed,07/13/2022 14:00:00,BoC Monetary Policy Statement,HIGH,CAD
b9755633-ccb8-4a41-a556-adb826d544dc,07/13/2022 15:00:00,BoC Press Conference,HIGH,CAD
6faf0985-8186-4432-8cce-520873a1296e,07/19/2022 08:00:00,ECB Bank Lending Survey,HIGH,EUR
f28299ef-c908-44c7-8a3c-1c79da219ba8,07/21/2022 03:00:00,BoJ Interest Rate Decision,HIGH,JPY
edd73e84-b342-49a8-af00-10d9171f3369,07/21/2022 03:00:00,BoJ Monetary Policy Statement,HIGH,JPY
cbf50f4c-08b8-401f-aa81-274a25c28e31,07/21/2022 06:30:00,BoJ Press Conference,HIGH,JPY
8f3a7f23-ffd1-4ed7-b241-16faf3d0dd94,07/21/2022 12:15:00,ECB Main Refinancing Operations Rate,HIGH,EUR
229edac6-e5ac-4dbb-86cc-ef57c8e62597,07/21/2022 12:15:00,ECB Monetary Policy Statement,HIGH,EUR
149ce780-8125-4353-a77e-78f4a60d1a6f,07/21/2022 12:15:00,ECB Rate On Deposit Facility,HIGH,EUR
0c0adfc1-4a98-4ec6-9b1c-27428b3607ca,07/21/2022 12:45:00,ECB Press Conference,HIGH,EUR
0ac5c372-7a36-4409-8ceb-8d8da29f45ac,07/21/2022 14:15:00,ECB's President Lagarde speech,HIGH,EUR
5c9fbc7b-f2ac-42a0-8979-a3ba9d75dd2a,07/25/2022 23:50:00,BoJ Monetary Policy Meeting Minutes,HIGH,JPY
8758cc99-0cff-4adc-af12-1e749fbc6fa0,07/27/2022 18:00:00,Fed Interest Rate Decision,HIGH,USD
671994d3-e6f5-4a02-ad5b-1637ba613830,07/27/2022 18:00:00,Fed Monetary Policy Statement,HIGH,USD
a85d1d5c-286a-490a-a2ec-a08795e4d88f,07/27/2022 18:30:00,FOMC Press Conference,HIGH,USD
dcfeee63-534a-4747-a45c-02764e2c5199,08/04/2022 11:00:00,BoE Interest Rate Decision,HIGH,GBP
46e327f2-e594-4569-afdc-2a48770a0664,08/04/2022 11:00:00,BoE Minutes,HIGH,GBP
68a6d3da-f55d-4a2a-9435-cb617d1b75f0,08/04/2022 11:00:00,BoE Monetary Policy Report,HIGH,GBP
3d77e0d1-f08d-4f38-9b77-f473faf3b710,08/04/2022 11:00:00,BoE Monetary Policy Summary,HIGH,GBP
f3cad71e-d7c4-407f-98c4-a17d27815009,08/04/2022 11:00:00,BoE MPC Vote Rate Cut,HIGH,GBP
82145bfc-0c8d-49d6-a55b-34f698cb1afb,08/04/2022 11:00:00,BoE MPC Vote Rate Hike,HIGH,GBP
ddde35c0-ae21-412f-9af5-014ce1c0847c,08/04/2022 11:00:00,BoE MPC Vote Rate Unchanged,HIGH,GBP
0f509dd6-7341-4c97-8c87-841e1253c923,08/04/2022 11:30:00,BoE's Governor Bailey speech,HIGH,GBP
0b96d642-0219-4bfb-b6eb-3fe82907b956,08/17/2022 02:00:00,RBNZ Interest Rate Decision,HIGH,NZD
32216201-0cff-417a-8f27-09a06e1f3e0e,08/17/2022 02:00:00,RBNZ Monetary Policy Review,HIGH,NZD
10cf664f-49c3-4adb-a863-730e406f853b,08/17/2022 02:00:00,RBNZ Monetary Policy Statement,HIGH,NZD
4520c21b-3c1b-4481-afb4-1957eea987d6,08/17/2022 03:00:00,RBNZ Press Conference,HIGH,NZD
265296db-c6fe-4d44-acfe-9b3e72237fd9,08/17/2022 18:00:00,FOMC Minutes,HIGH,USD
1398b2ba-3781-4edc-9ce6-f8dbc7c56f19,08/25/2022 14:00:00,Jackson Hole Symposium,HIGH,USD
ad30c338-c1e4-4e7d-b401-4ce1d2373f9c,08/26/2022 14:00:00,Fed's Powell speech,HIGH,USD
97b28815-be23-410d-8b61-e5a4e3adb3ef,08/26/2022 14:00:00,Jackson Hole Symposium,HIGH,USD
0657b086-3daf-4d67-8638-b57441ee0eed,08/27/2022 14:00:00,Jackson Hole Symposium,HIGH,USD
8c3b2bc4-3fb1-4499-bab3-83ccd0ba7889,09/07/2022 09:00:00,BoE Monetary Policy Report Hearings,HIGH,GBP
6910cf0a-9d4a-4202-885f-06dc5b2572be,09/07/2022 09:00:00,BoE's Governor Bailey speech,HIGH,GBP
76de8769-2724-4701-a27c-e904e773b0d1,09/07/2022 14:00:00,BoC Interest Rate Decision,HIGH,CAD
ef1e4c0b-e06a-4855-810c-13e1f0d3acfa,09/07/2022 14:00:00,BoC Monetary Policy Statement,HIGH,CAD
76296e36-93c4-4a15-9142-4d04aad85459,09/08/2022 12:15:00,ECB Main Refinancing Operations Rate,HIGH,EUR
9e2b5682-7f18-414e-8ca0-a50915764dfa,09/08/2022 12:15:00,ECB Monetary Policy Statement,HIGH,EUR
18545636-027b-4809-bbd5-1018c75d97b8,09/08/2022 12:15:00,ECB Rate On Deposit Facility,HIGH,EUR
c5529c82-ba72-46a3-b3e3-6cff318be56d,09/08/2022 12:45:00,ECB Press Conference,HIGH,EUR
9dd6bbb6-f83c-4808-bf53-207a001e6031,09/08/2022 13:10:00,Fed's Powell speech,HIGH,USD
8e725f5e-cff5-4d69-ba7e-5b98ee771a2f,09/08/2022 14:15:00,ECB's President Lagarde speech,HIGH,EUR
40d7f5fa-3f46-4d16-b94a-15327bda271f,09/09/2022 09:30:00,ECB's President Lagarde speech,HIGH,EUR
6778f193-efcd-4a44-afad-904d3db6740d,09/16/2022 08:30:00,ECB's President Lagarde speech,HIGH,EUR
9337f3e5-c655-411e-8967-c80e642c0d7c,09/20/2022 17:00:00,ECB's President Lagarde speech,HIGH,EUR
f80c96b8-b7dd-4ec6-9805-de67a07698f3,09/21/2022 18:00:00,Fed Interest Rate Decision,HIGH,USD
cd56eba1-1704-42c3-80c2-cce1a9023bd8,09/21/2022 18:00:00,Fed Monetary Policy Statement,HIGH,USD
3baebad9-7d29-4996-b067-81187e7acc73,09/21/2022 18:00:00,FOMC Economic Projections,HIGH,USD
f3abe192-138f-44a1-a3e6-b21f90cb377c,09/21/2022 18:00:00,Interest Rate Projections - 1st year,HIGH,USD
c7f39d1a-f473-42a9-b33c-ba8fbd2798d6,09/21/2022 18:00:00,Interest Rate Projections - 2nd year,HIGH,USD
61b7a22d-cc26-4aba-8701-d6a3649427cb,09/21/2022 18:00:00,Interest Rate Projections - 3rd year,HIGH,USD
5210fe6e-d9f3-4944-a518-4a76f4e2f925,09/21/2022 18:00:00,Interest Rate Projections - Current,HIGH,USD
2c71426e-e73e-463b-810d-1158e6cc1146,09/21/2022 18:00:00,Interest Rate Projections - Longer,HIGH,USD
d6b47c65-c985-4ee8-ab4d-bd81d2dc421e,09/21/2022 18:30:00,FOMC Press Conference,HIGH,USD
5d38715c-a4fd-4af3-8229-30e5f4a637ba,09/22/2022 03:00:00,BoJ Interest Rate Decision,HIGH,JPY
b3797855-1351-4338-9c71-967848abb6dd,09/22/2022 03:00:00,BoJ Monetary Policy Statement,HIGH,JPY
fb33dcaa-b2ac-4485-a246-a9ce87ed90f8,09/22/2022 06:00:00,BoJ Press Conference,HIGH,JPY
852f75a0-2ba9-4c09-a0f5-c3015ddcfd77,09/22/2022 07:30:00,SNB Interest Rate Decision,HIGH,CHF
9f14d396-f913-497b-8084-908c43078565,09/22/2022 07:30:00,SNB Monetary Policy Assessment,HIGH,CHF
82565e46-4f53-43cb-96b0-02e6238d5f73,09/22/2022 11:00:00,BoE Interest Rate Decision,HIGH,GBP
a787cb3d-8718-43bc-85d0-7788e4e1a95b,09/22/2022 11:00:00,BoE Minutes,HIGH,GBP
2208b166-c5b7-4fd1-8e25-ed95294cf985,09/22/2022 11:00:00,BoE Monetary Policy Summary,HIGH,GBP
f96e0ed3-2604-4d98-926c-4fa5eb2b6b27,09/22/2022 11:00:00,BoE MPC Vote Rate Cut,HIGH,GBP
d7f4f788-5b32-4202-8bf5-4d39e65a1783,09/22/2022 11:00:00,BoE MPC Vote Rate Hike,HIGH,GBP
aaedd498-92fd-4cb0-9bae-18fe46ce4ed5,09/22/2022 11:00:00,BoE MPC Vote Rate Unchanged,HIGH,GBP
27300cd7-6946-46db-81b9-7dad47bd6e20,09/23/2022 18:00:00,Fed's Powell speech,HIGH,USD
432688f0-4ff3-4605-b5bc-790acca0868e,09/26/2022 05:35:00,BoJ's Governor Kuroda speech,HIGH,JPY
4556b103-94cf-4edf-b525-04d0ceda3b5b,09/26/2022 13:00:00,ECB's President Lagarde speech,HIGH,EUR
f4731327-79ba-4e5a-a60f-e440f06e7ccf,09/27/2022 11:30:00,ECB's President Lagarde speech,HIGH,EUR
766cfdbd-2939-46d9-ac4f-0cc1cbed0c54,09/27/2022 11:30:00,Fed's Powell speech,HIGH,USD
37918e54-bb4f-4f69-a5df-db601c681b57,09/27/2022 23:50:00,BoJ Monetary Policy Meeting Minutes,HIGH,JPY
21caefd5-4881-4d48-8a69-e3b2abd2457c,09/28/2022 07:15:00,ECB's President Lagarde speech,HIGH,EUR
99236e16-f728-4b3c-aeb1-aa12a952d6ef,09/28/2022 14:15:00,Fed's Powell speech,HIGH,USD
d8349d76-cca9-4f25-b851-0c39bca65db9,10/04/2022 15:00:00,ECB's President Lagarde speech,HIGH,EUR
c21ff41b-5293-4406-95fb-1dca3d5eb803,10/05/2022 01:00:00,RBNZ Interest Rate Decision,HIGH,NZD
e94244c3-b056-4bb4-8b22-32a8005ccb6a,10/05/2022 01:00:00,RBNZ Monetary Policy Review,HIGH,NZD
683a2718-bb2b-4590-858d-99593613c4e0,10/06/2022 15:35:00,BoC's Governor Macklem speech,HIGH,CAD
7c17c6fe-8c45-4e57-bd8a-6680026692fd,10/11/2022 16:00:00,SNB's Chairman Jordan speech,HIGH,CHF
f1407c81-ac39-4910-b7df-d5082f046400,10/11/2022 18:35:00,BoE's Governor Bailey speech,HIGH,GBP
58ecfcc8-ec70-4aa2-85d1-96c01b1beed5,10/12/2022 13:30:00,ECB's President Lagarde speech,HIGH,EUR
e480a489-0285-4da4-b2de-c93c6157cbbb,10/12/2022 18:00:00,FOMC Minutes,HIGH,USD
9d128370-50ad-49a8-85d1-03ddb7e8c74b,10/22/2022 09:00:00,ECB's President Lagarde speech,HIGH,EUR
1a80e07d-5673-4667-a19d-0c516dc51213,10/25/2022 08:00:00,ECB Bank Lending Survey,HIGH,EUR
40aa29da-9765-45c8-8a20-7d76f6cfae1b,10/26/2022 14:00:00,BoC Interest Rate Decision,HIGH,CAD
34c2c4a1-b6af-4c68-b692-2b228c91936b,10/26/2022 14:00:00,BoC Monetary Policy Report,HIGH,CAD
75a2e591-c2e8-408e-9a3b-008112073ee9,10/26/2022 14:00:00,BoC Monetary Policy Statement,HIGH,CAD
4ba0be27-35e4-4298-bd8b-6fc424557aa6,10/26/2022 15:00:00,BoC Press Conference,HIGH,CAD
e0e6499d-e4be-49b4-8333-c351e3b6f5d7,10/27/2022 12:15:00,ECB Main Refinancing Operations Rate,HIGH,EUR
97bc6ef2-0e9c-457c-bb95-b71fc082fb07,10/27/2022 12:15:00,ECB Monetary Policy Statement,HIGH,EUR
77982265-7ac9-41a9-9cbc-aa3e7db67fc3,10/27/2022 12:15:00,ECB Rate On Deposit Facility,HIGH,EUR
4926870a-483f-46a4-bd46-f7e0571ad711,10/27/2022 12:45:00,ECB Press Conference,HIGH,EUR
679a0170-1c6b-460e-b1a8-d9fb60916989,10/28/2022 03:00:00,BoJ Interest Rate Decision,HIGH,JPY
58005e4a-7e16-42c7-bdf2-f54b4dc53dbf,10/28/2022 03:00:00,BoJ Monetary Policy Statement,HIGH,JPY
a9dda429-fb9d-4e3d-a0be-2d391242723a,10/28/2022 06:00:00,BoJ Press Conference,HIGH,JPY
4302d6da-0b07-491b-9160-854ddc1247b0,11/01/2022 22:00:00,RBNZ's Governor Orr speech,HIGH,NZD
1b783c49-dcd3-47fa-ac06-68a4dc3539ec,11/01/2022 22:30:00,BoC's Governor Macklem speech,HIGH,CAD
ffb067ce-9e4c-4291-a955-b9094914cb4e,11/01/2022 23:50:00,BoJ Monetary Policy Meeting Minutes,HIGH,JPY
da2f8e6d-8f89-46c9-816d-ca25fc9e12e7,11/02/2022 18:00:00,Fed Interest Rate Decision,HIGH,USD
78602084-4db8-4154-bc93-4159a0b4cf01,11/02/2022 18:00:00,Fed Monetary Policy Statement,HIGH,USD
b58da065-e1ca-40b9-9e45-f64cc1e0a2f5,11/02/2022 18:30:00,FOMC Press Conference,HIGH,USD
625e897f-076c-4e2c-85e3-289e0072b69d,11/03/2022 08:05:00,ECB's President Lagarde speech,HIGH,EUR
a29e84d5-e6da-4deb-a345-6d34f64cd3ee,11/03/2022 12:00:00,BoE Interest Rate Decision,HIGH,GBP
3fe6c470-916b-49f2-9212-d97df4573013,11/03/2022 12:00:00,BoE Minutes,HIGH,GBP
092c4cae-9b35-4a7c-863a-0230af2047ee,11/03/2022 12:00:00,BoE Monetary Policy Report,HIGH,GBP
265911c8-b84d-4a41-b216-f703bd2d1e79,11/03/2022 12:00:00,BoE Monetary Policy Summary,HIGH,GBP
ec5a3014-8131-4d6a-971d-752a168fb919,11/03/2022 12:00:00,BoE MPC Vote Rate Cut,HIGH,GBP
ad03c1e4-37a7-4239-b508-c8ac017cc48d,11/03/2022 12:00:00,BoE MPC Vote Rate Hike,HIGH,GBP
ac33146a-6aee-47ab-a5a5-258b6f9d1225,11/03/2022 12:00:00,BoE MPC Vote Rate Unchanged,HIGH,GBP
4af1ed32-7ecd-4e56-841e-8e3e1cd6d469,11/03/2022 12:30:00,BoE's Governor Bailey speech,HIGH,GBP
9499c01c-e47a-48c0-b043-ff29f823f351,11/04/2022 09:30:00,ECB's President Lagarde speech,HIGH,EUR
f297baef-0549-4306-bf83-2238a8dbd0bf,11/07/2022 08:40:00,ECB's President Lagarde speech,HIGH,EUR
6b22463f-be19-4da1-bd73-096b4683b34f,11/08/2022 08:15:00,SNB's Chairman Jordan speech,HIGH,CHF
d8e8d90b-bc16-4c0b-9b0a-c448b62829d1,11/10/2022 16:50:00,BoC's Governor Macklem speech,HIGH,CAD
2aa732e6-1b46-40bc-b3d0-fa639b284871,11/16/2022 14:15:00,BoE Monetary Policy Report Hearings,HIGH,GBP
8828fa1a-08b1-46c7-a975-1122858f3a41,11/16/2022 17:00:00,ECB's President Lagarde speech,HIGH,EUR
5f8428ef-7eee-4079-ad47-14e0db22990f,11/18/2022 08:30:00,ECB's President Lagarde speech,HIGH,EUR
4b66adf8-fd08-4081-95f8-5b4cd63d2e11,11/23/2022 01:00:00,RBNZ Interest Rate Decision,HIGH,NZD
82f396f9-ee6e-4470-9c6d-39e3ffe3f6a0,11/23/2022 01:00:00,RBNZ Monetary Policy Review,HIGH,NZD
dd1ac4c6-4ba6-40a0-af0c-4724a1005388,11/23/2022 01:00:00,RBNZ Monetary Policy Statement,HIGH,NZD
fd8ee11d-1c2f-443c-9c5d-ea003fb25481,11/23/2022 02:00:00,RBNZ Press Conference,HIGH,NZD
c26a5e24-bf90-4fe5-bc74-4713f3d534e0,11/23/2022 19:00:00,FOMC Minutes,HIGH,USD
cc33c2d5-3f18-4021-b936-3588aa68e2f0,11/23/2022 21:30:00,BoC's Governor Macklem speech,HIGH,CAD
fde02b85-27f1-41cd-bc05-d40eca541c54,11/28/2022 14:00:00,ECB's President Lagarde speech,HIGH,EUR
ba3fe716-dacd-45ea-b783-9af90ea9b9ee,11/29/2022 15:00:00,BoE's Governor Bailey speech,HIGH,GBP
6578282f-d2bc-4b11-a5b7-da9b712309fb,11/30/2022 18:30:00,Fed's Powell speech,HIGH,USD
e6d8de0a-9842-4fc1-a095-61715d776f19,12/02/2022 01:30:00,BoJ's Governor Kuroda speech,HIGH,JPY
939aa755-44e2-403b-b466-24e0af9e7474,12/02/2022 02:40:00,ECB's President Lagarde speech,HIGH,EUR
f816f0cd-1cbc-45fe-81ad-19b21259a69c,12/03/2022 02:30:00,ECB's President Lagarde speech,HIGH,EUR
75e1608c-18d9-45b7-b413-64438c0cb453,12/07/2022 15:00:00,BoC Interest Rate Decision,HIGH,CAD
ad414acb-eaa3-4856-bb5a-37162e65b8b7,12/07/2022 15:00:00,BoC Monetary Policy Statement,HIGH,CAD
2b509d43-58d0-4259-b2cc-825af85ab832,12/08/2022 12:00:00,ECB's President Lagarde speech,HIGH,EUR
6b9fcf3d-6b7c-430a-971b-b0e880be3eca,12/12/2022 20:25:00,BoC's Governor Macklem speech,HIGH,CAD
3eaa9714-352d-4a27-8898-a5e5f987b7a3,12/13/2022 11:00:00,BoE's Governor Bailey speech,HIGH,GBP
2ca5b57d-d941-451c-81d7-3df69d75ac0f,12/14/2022 19:00:00,Fed Interest Rate Decision,HIGH,USD
fb05193d-b124-4ca0-8b93-de129b627a67,12/14/2022 19:00:00,Fed Monetary Policy Statement,HIGH,USD
a221ae96-731e-47ed-b253-36d657d52138,12/14/2022 19:00:00,FOMC Economic Projections,HIGH,USD
12e8ebe4-19e5-4b41-8e72-b89b93517dfa,12/14/2022 19:00:00,Interest Rate Projections - 1st year,HIGH,USD
fe892e9f-2dac-4a21-8732-e6dd82321979,12/14/2022 19:00:00,Interest Rate Projections - 2nd year,HIGH,USD
276f7bb2-d48d-4fa2-aac5-43e1619d782e,12/14/2022 19:00:00,Interest Rate Projections - 3rd year,HIGH,USD
a9d7661d-c771-4d95-854c-1296fc7d98ac,12/14/2022 19:00:00,Interest Rate Projections - Current,HIGH,USD
2bc1ad77-f6d0-4f71-9f67-216e3c422b59,12/14/2022 19:00:00,Interest Rate Projections - Longer,HIGH,USD
3cdd6b7c-274f-4242-a09b-fe8adcf2fd38,12/14/2022 19:30:00,FOMC Press Conference,HIGH,USD
e4a1cdc2-8a20-4567-b819-36664eccdcd8,12/15/2022 08:30:00,SNB Interest Rate Decision,HIGH,CHF
a71274bc-4f9a-4fdd-822b-2985374e8d53,12/15/2022 08:30:00,SNB Monetary Policy Assessment,HIGH,CHF
c6800407-4f4d-42ec-ba1c-b8be29ffd386,12/15/2022 09:00:00,SNB Press Conference,HIGH,CHF
66af61b2-b8fb-4793-bd63-c73d26484069,12/15/2022 12:00:00,BoE Interest Rate Decision,HIGH,GBP
8d7ca4f4-6c36-4694-9d45-9512291709d5,12/15/2022 12:00:00,BoE Minutes,HIGH,GBP
ff31fada-5da8-45a6-8ec4-7779c53d0ded,12/15/2022 12:00:00,BoE Monetary Policy Summary,HIGH,GBP
c62b5296-85c7-4fad-8aca-a7c110d38fe2,12/15/2022 12:00:00,BoE MPC Vote Rate Cut,HIGH,GBP
fdcd37b3-6887-4594-994f-f0ec5e4ff38f,12/15/2022 12:00:00,BoE MPC Vote Rate Hike,HIGH,GBP
9c8b7709-1843-43bf-85e7-75bd5d6933ac,12/15/2022 12:00:00,BoE MPC Vote Rate Unchanged,HIGH,GBP
596adc5a-5893-43b4-a40e-afcf5f9fcaf5,12/15/2022 13:15:00,ECB Main Refinancing Operations Rate,HIGH,EUR
72135302-01d2-4470-88a8-10e9e793f352,12/15/2022 13:15:00,ECB Monetary Policy Statement,HIGH,EUR
bfdf58a3-8913-4b0e-8543-662cee367014,12/15/2022 13:15:00,ECB Rate On Deposit Facility,HIGH,EUR
bc3a1b00-b042-492d-b7eb-5fad0fe0c4d3,12/15/2022 13:45:00,ECB Press Conference,HIGH,EUR
30b8960e-9511-4841-b8b8-fddebf3c3d4d,12/20/2022 03:00:00,BoJ Interest Rate Decision,HIGH,JPY
4b54e3cd-cc13-40fa-9c6a-adc9dbace5f7,12/20/2022 03:00:00,BoJ Monetary Policy Statement,HIGH,JPY
28b389e7-9a6f-4f31-84f8-6600fc93d54f,12/20/2022 06:00:00,BoJ Press Conference,HIGH,JPY
6a94e479-6dd2-4331-949e-8cb1d0cb12d1,12/22/2022 23:50:00,BoJ Monetary Policy Meeting Minutes,HIGH,JPY
553401b2-e9a4-4120-9985-5a5a5d12022d,12/26/2022 00:00:00,BoJ's Governor Kuroda speech,HIGH,JPY
012f437e-6857-4d9a-92f6-10060bc1a601,01/04/2023 19:00:00,FOMC Minutes,HIGH,USD
453dfd3d-7280-4e07-b381-429cffc45a14,01/10/2023 10:10:00,BoC's Governor Macklem speech,HIGH,CAD
b3a7b018-b38f-4327-8a5b-710e0428f12b,01/10/2023 10:10:00,BoJ's Governor Kuroda speech,HIGH,JPY
691e0c08-1450-41d9-9864-532b6c9f6d22,01/10/2023 10:10:00,BoE's Governor Bailey speech,HIGH,GBP
9e97609e-ee69-444e-8d5b-6c1e39d985a1,01/10/2023 14:00:00,Fed's Powell speech,HIGH,USD
f64468e6-0932-4cbe-83a6-0d0f7ba2e9e2,01/16/2023 15:00:00,BoE's Governor Bailey speech,HIGH,GBP
f449fee3-46ff-4c9e-831c-7ec26196c0aa,01/18/2023 02:30:00,BoJ Interest Rate Decision,HIGH,JPY
d9e9554f-7c0f-4b65-b283-b9b44615c7dd,01/18/2023 02:30:00,BoJ Monetary Policy Statement,HIGH,JPY
0070861b-ec44-40e5-9f77-9efea230f1f8,01/18/2023 06:30:00,BoJ Press Conference,HIGH,JPY
229e0911-2b17-4f3c-9ae4-357f2fef9054,01/19/2023 10:30:00,ECB's President Lagarde speech,HIGH,EUR
4cc8492f-397b-4ad1-88c0-4d0acd12059c,01/20/2023 10:00:00,ECB's President Lagarde speech,HIGH,EUR
30cdcd2f-0bff-42c1-a1e8-32044029d10e,01/22/2023 23:50:00,BoJ Monetary Policy Meeting Minutes,HIGH,JPY
a1c95001-9f31-4925-9896-33a48e53021e,01/23/2023 17:45:00,ECB's President Lagarde speech,HIGH,EUR
74c231a1-36de-4bfb-911c-117b2d7dad59,01/24/2023 09:45:00,ECB's President Lagarde speech,HIGH,EUR
51d19877-8bea-4084-918d-81d5a31ea1a7,01/25/2023 15:00:00,BoC Interest Rate Decision,HIGH,CAD
7e530d9c-3c0c-4e24-bcb9-a867ff3cf737,01/25/2023 15:00:00,BoC Monetary Policy Report,HIGH,CAD
4916885b-ef12-4931-a40c-c87db9bd021f,01/25/2023 15:00:00,BoC Monetary Policy Statement,HIGH,CAD
c2842719-102a-46fe-aa7e-b898c898c69b,01/25/2023 16:00:00,BoC Press Conference,HIGH,CAD
704264a4-3efa-4c8a-a8b3-39d33202447d,01/31/2023 09:00:00,ECB Bank Lending Survey,HIGH,EUR
07a989bb-cb91-4a92-b409-53c05e7f347b,02/01/2023 19:00:00,Fed Interest Rate Decision,HIGH,USD
58f19448-af6c-4cb7-96eb-521f7114f389,02/01/2023 19:00:00,Fed Monetary Policy Statement,HIGH,USD
4c76c7ab-1560-4dd3-914d-2b25ca864801,02/01/2023 19:30:00,FOMC Press Conference,HIGH,USD
8a0067c5-e0d5-4649-8213-f9863137f6c6,02/02/2023 12:00:00,BoE Interest Rate Decision,HIGH,GBP
62354f9f-9a1a-4db5-be7b-583e545650d3,02/02/2023 12:00:00,BoE Minutes,HIGH,GBP
fdeb6156-97cf-49b7-890d-8a83516b2937,02/02/2023 12:00:00,BoE Monetary Policy Report,HIGH,GBP
6fea1d70-bd61-427c-b077-e25c1f02cd62,02/02/2023 12:00:00,BoE Monetary Policy Summary,HIGH,GBP
2deedd44-db76-4197-bd70-870d629a6cc0,02/02/2023 12:00:00,BoE MPC Vote Rate Cut,HIGH,GBP
f1536755-be31-4eb2-bc7e-709b65ba200b,02/02/2023 12:00:00,BoE MPC Vote Rate Hike,HIGH,GBP
dd8146a8-95b9-4c16-a92c-9b4f38ec6652,02/02/2023 12:00:00,BoE MPC Vote Rate Unchanged,HIGH,GBP
4bbcfa6a-96d8-4ac4-89f5-351239613887,02/02/2023 12:30:00,BoE's Governor Bailey speech,HIGH,GBP
47c7167c-8597-4016-b26a-69ebb2436d60,02/02/2023 13:15:00,ECB Main Refinancing Operations Rate,HIGH,EUR
5c8fce19-406b-4a77-bbf6-ac67fc386c95,02/02/2023 13:15:00,ECB Monetary Policy Statement,HIGH,EUR
4876c5c5-17cf-4b5b-a741-87ed6717bd34,02/02/2023 13:15:00,ECB Rate On Deposit Facility,HIGH,EUR
b67da9a8-dc93-4d94-a187-6f5621817fd8,02/02/2023 13:45:00,ECB Press Conference,HIGH,EUR
db8186de-b436-459b-bb77-12782349d99e,02/02/2023 18:30:00,ECB's President Lagarde speech,HIGH,EUR
17b73d7d-023a-40bd-8726-0568dec79a3d,02/06/2023 18:00:00,ECB's President Lagarde speech,HIGH,EUR
ccd8de38-57da-4295-b449-66f2b962e90c,02/07/2023 17:30:00,BoC's Governor Macklem speech,HIGH,CAD
76ad0dd8-1042-4674-9721-d61af37cdae6,02/07/2023 17:40:00,Fed's Powell speech,HIGH,USD
c2ab91f2-140c-451a-a84f-4173fd700b0c,02/09/2023 09:45:00,BoE Monetary Policy Report Hearings,HIGH,GBP
fd2465b5-c532-4bc2-8706-316b00857ec0,02/09/2023 09:45:00,BoE's Governor Bailey speech,HIGH,GBP
5be79820-d9b0-4d5c-ab1c-fa78b18c6638,02/15/2023 14:00:00,ECB's President Lagarde speech,HIGH,EUR
0ba94505-691f-4254-8ac3-905b88d72a3a,02/16/2023 16:00:00,BoC's Governor Macklem speech,HIGH,CAD
75172da6-2c3e-4564-8b8a-ba8f3cb69b13,02/21/2023 15:00:00,ECB's President Lagarde speech,HIGH,EUR
8539911a-4fa9-41e7-a661-f46b1264c92b,02/22/2023 01:00:00,RBNZ Interest Rate Decision,HIGH,NZD
dc166c00-faca-4a3e-99ab-1ef1727db884,02/22/2023 01:00:00,RBNZ Monetary Policy Review,HIGH,NZD
772a604b-4bf4-42d3-a6cc-bf126ed81cb1,02/22/2023 01:00:00,RBNZ Monetary Policy Statement,HIGH,NZD
107bdd22-e30f-4712-85fe-22d56da2c8cf,02/22/2023 02:00:00,RBNZ Press Conference,HIGH,NZD
bdcbf957-16f6-4360-80f3-85318b23ad34,02/22/2023 19:00:00,FOMC Minutes,HIGH,USD
72e4fb2a-c64c-4118-8485-db8826bf49ce,02/22/2023 19:10:00,RBNZ's Governor Orr speech,HIGH,NZD
8605c247-036b-4baf-92d5-a26da46c849a,02/24/2023 05:00:00,BoJ Governor Ueda speech,HIGH,JPY
b2fdf921-60db-4a6a-b07f-496c4b67570c,02/27/2023 05:00:00,BoJ Governor Ueda speech,HIGH,JPY
4f770efe-22b0-4e59-9005-29aac8c27947,03/01/2023 10:10:00,BoE's Governor Bailey speech,HIGH,GBP
09a0e62b-9d2c-4ea3-880a-5c54031ac3d8,03/02/2023 07:55:00,ECB's President Lagarde speech,HIGH,EUR
9c59de74-fdd7-4b46-bf75-abb0cdaaa18a,03/07/2023 15:00:00,Fed's Chair Powell testifies,HIGH,USD
fd5dcbf1-d0eb-41a4-8561-964b73135ad4,03/08/2023 10:00:00,ECB's President Lagarde speech,HIGH,EUR
edc8f779-245a-4211-b14d-dc989a885ec6,03/08/2023 15:00:00,BoC Interest Rate Decision,HIGH,CAD
e395f5e1-7867-4609-88dd-81aa2730a83d,03/08/2023 15:00:00,BoC Monetary Policy Statement,HIGH,CAD
ae2c3e8b-0802-44f9-ba0e-50dfb85524b5,03/08/2023 15:00:00,Fed's Chair Powell testifies,HIGH,USD
fac6e8df-a26a-4ec8-a8a8-d9aafc9cef3d,03/10/2023 02:33:42,BoJ Interest Rate Decision,HIGH,JPY
ad150c17-3b92-4684-bd0a-434a988a2247,03/10/2023 03:00:00,BoJ Monetary Policy Statement,HIGH,JPY
83d09a8c-1f20-46bf-bf5d-c84ee3059ad5,03/10/2023 06:00:00,BoJ Press Conference,HIGH,JPY
6a7f3e4a-384c-4306-98a8-8f6f10d042ec,03/10/2023 15:00:00,ECB's President Lagarde speech,HIGH,EUR
840da707-c6b3-49d1-918b-2b4026bf62b4,03/14/2023 23:50:00,BoJ Monetary Policy Meeting Minutes,HIGH,JPY
483ae643-bca4-4cf8-bacc-423179f7fdb6,03/16/2023 13:15:00,ECB Main Refinancing Operations Rate,HIGH,EUR
c6a2fe83-cd13-4ea1-af88-4c1d89608353,03/16/2023 13:15:00,ECB Monetary Policy Statement,HIGH,EUR
6ef3182f-ae5e-490e-95eb-5637db8cf0e3,03/16/2023 13:15:00,ECB Rate On Deposit Facility,HIGH,EUR
31c2d9bb-c411-4bf5-81b9-6f52bae5cf64,03/16/2023 13:45:00,ECB Press Conference,HIGH,EUR
2f3f106c-5f40-4cff-874b-f1c1650f6707,03/20/2023 14:00:00,ECB's President Lagarde speech,HIGH,EUR
98603265-029c-4933-9552-66ff7ee084aa,03/20/2023 16:00:00,ECB's President Lagarde speech,HIGH,EUR
2c781ca8-d3b7-4ae5-9a14-e85f8252095d,03/21/2023 12:30:00,ECB's President Lagarde speech,HIGH,EUR
1ab276aa-dd9c-4d02-9a8e-2a585bff78af,03/22/2023 08:45:00,ECB's President Lagarde speech,HIGH,EUR
a234e3bb-c4c6-4900-95f7-a259d85a0f28,03/22/2023 18:00:00,Fed Interest Rate Decision,HIGH,USD
68dd8fa0-1aeb-466a-b7c4-4ce08dad5bf6,03/22/2023 18:00:00,Fed Monetary Policy Statement,HIGH,USD
dbe6988c-5cd4-4b9c-9ff0-629cc6b2a84f,03/22/2023 18:00:00,FOMC Economic Projections,HIGH,USD
692e5072-e7fb-4dbf-a189-49cf56f020a3,03/22/2023 18:00:00,Interest Rate Projections - 1st year,HIGH,USD
3412aa67-1a36-49e8-8489-72cf7d1fc322,03/22/2023 18:00:00,Interest Rate Projections - 2nd year,HIGH,USD
112347e0-7390-400e-9864-f11c394b106c,03/22/2023 18:00:00,Interest Rate Projections - Current,HIGH,USD
db01f334-34d2-4434-9d8c-991ba3a01a82,03/22/2023 18:00:00,Interest Rate Projections - Longer,HIGH,USD
547a9ba8-d139-4bc7-8e5b-90ccefa0bec9,03/22/2023 18:30:00,FOMC Press Conference,HIGH,USD
5bd43552-fbbd-4a67-9b4e-6f4029d5cfd5,03/23/2023 08:30:00,SNB Interest Rate Decision,HIGH,CHF
0556489c-0028-40e7-941c-660fa48bcdc1,03/23/2023 08:30:00,SNB Monetary Policy Assessment,HIGH,CHF
f331d146-9739-4c6a-abb4-78dbf174156c,03/23/2023 12:00:00,BoE Interest Rate Decision,HIGH,GBP
bd34d336-5470-4a8c-8d22-56593855b1d9,03/23/2023 12:00:00,BoE Minutes,HIGH,GBP
e1c49670-32da-4eeb-bffa-f86c7ade7e0f,03/23/2023 12:00:00,BoE Monetary Policy Summary,HIGH,GBP
6cb02d20-da98-4515-8b5b-1e86bc761b05,03/23/2023 12:00:00,BoE MPC Vote Rate Cut,HIGH,GBP
b16c62d1-297b-43be-8424-82fb60d915d7,03/23/2023 12:00:00,BoE MPC Vote Rate Hike,HIGH,GBP
014c364f-b5d3-40b4-8bc7-42592a5f9b27,03/23/2023 12:00:00,BoE MPC Vote Rate Unchanged,HIGH,GBP
f5fdd11f-6535-4b4e-8ceb-2ea1e25a3685,03/27/2023 17:00:00,BoE's Governor Bailey speech,HIGH,GBP
a2968434-134d-4e5a-9df9-64f2e21425fe,03/28/2023 04:00:00,BoJ's Governor Kuroda speech,HIGH,JPY
f067d887-38fa-4778-99b1-078800b40ff8,03/28/2023 08:45:00,BoE's Governor Bailey speech,HIGH,GBP
548c4cf8-ee34-45f2-bdf2-8d3f180e13a5,03/28/2023 13:15:00,ECB's President Lagarde speech,HIGH,EUR
313c742f-9a9e-44f6-a9e0-5a77e607566b,04/05/2023 02:00:00,RBNZ Interest Rate Decision,HIGH,NZD
04d86e83-51a0-4d0f-a623-916b8e659ff9,04/05/2023 02:00:00,RBNZ Monetary Policy Review,HIGH,NZD
25e2537c-c937-4be2-b587-e4d1923755fe,04/10/2023 10:15:00,BoJ Governor Ueda speech,HIGH,JPY
67d37bc1-5638-4d7d-8900-6a6b09273a0a,04/12/2023 13:00:00,BoE's Governor Bailey speech,HIGH,GBP
55867165-dc5b-41f5-b06c-3825a48d355f,04/12/2023 14:00:00,BoC Interest Rate Decision,HIGH,CAD
0d0b64fe-eec4-4ca5-83a9-37db19e508b6,04/12/2023 14:00:00,BoC Monetary Policy Report,HIGH,CAD
9275ebb8-7c89-46fc-8d31-a2944fefab41,04/12/2023 14:00:00,BoC Monetary Policy Statement,HIGH,CAD
54eb6287-4621-4a81-b34a-c33ed660c5a3,04/12/2023 15:00:00,BoC Press Conference,HIGH,CAD
717726a7-f178-4127-80c9-b61498672f28,04/12/2023 18:00:00,FOMC Minutes,HIGH,USD
638710f7-f440-4faa-8d90-6c14b0367525,04/12/2023 19:15:00,BoE's Governor Bailey speech,HIGH,GBP
130657a3-5dc9-4d86-97cb-5dada146ef53,04/13/2023 13:00:00,BoC's Governor Macklem speech,HIGH,CAD
d3b31383-df0d-4a6e-9d33-06df1bacdfb9,04/17/2023 17:00:00,ECB's President Lagarde speech,HIGH,EUR
b9384f7c-9e1d-49d1-9aab-0d611b54b5f8,04/18/2023 15:30:00,BoC's Governor Macklem speech,HIGH,CAD
83a1c496-2359-42db-b71d-e3c5eb2a53bf,04/20/2023 12:00:00,ECB's President Lagarde speech,HIGH,EUR
2b0cb400-3b8c-45ca-8a7e-b38cd50d5cfe,04/20/2023 15:30:00,BoC's Governor Macklem speech,HIGH,CAD
e723e347-d98a-47d1-a0d7-fb011ac0d149,04/28/2023 03:00:00,BoJ Monetary Policy Statement,HIGH,JPY
4f2f9b3a-c557-4c0d-88a6-567ef1e7312b,04/28/2023 04:00:31,BoJ Interest Rate Decision,HIGH,JPY
f9912a71-bcae-4c7c-966b-3f418624d444,04/28/2023 06:00:00,BoJ Press Conference,HIGH,JPY
71ea0f54-c5bf-48a1-a143-e57f21dec8e7,04/28/2023 08:00:00,SNB's Chairman Jordan speech,HIGH,CHF
9367272a-59dc-4f41-8302-02630b5981aa,05/02/2023 08:00:00,ECB Bank Lending Survey,HIGH,EUR
d76d12e7-685c-42cb-b5df-ab627a8ec57e,05/03/2023 18:00:00,Fed Interest Rate Decision,HIGH,USD
2d0891e3-be31-4c75-858d-dc57838c1b45,05/03/2023 18:00:00,Fed Monetary Policy Statement,HIGH,USD
ef309845-a6dc-40a0-bca0-93752987797a,05/03/2023 18:30:00,FOMC Press Conference,HIGH,USD
32b3413c-eb64-435e-b653-8b75d9324f43,05/04/2023 12:15:00,ECB Main Refinancing Operations Rate,HIGH,EUR
edfe4d7f-fb4f-4ce9-ab0f-9cd3efed2866,05/04/2023 12:15:00,ECB Monetary Policy Statement,HIGH,EUR
997c3a41-57ca-497d-a5bb-fcdb1ab902f7,05/04/2023 12:15:00,ECB Rate On Deposit Facility,HIGH,EUR
cf73791a-343f-4365-9a1e-cca442931730,05/04/2023 12:45:00,ECB Press Conference,HIGH,EUR
bd4d3c79-3cc1-4151-84e0-e37169983b0d,05/04/2023 16:50:00,BoC's Governor Macklem speech,HIGH,CAD
ca49e547-8018-4214-a338-807c354309d3,05/07/2023 23:50:00,BoJ Monetary Policy Meeting Minutes,HIGH,JPY
09689148-66da-4f75-a123-18055fb5bc0a,05/11/2023 11:00:00,BoE Interest Rate Decision,HIGH,GBP
b338d027-41cf-4fb7-abd0-b25f3cb41029,05/11/2023 11:00:00,BoE Minutes,HIGH,GBP
c0cfd85e-b07a-4696-b2f8-648e3b3bf503,05/11/2023 11:00:00,BoE Monetary Policy Report,HIGH,GBP
e77565b7-bc94-40a2-8d2c-aa951499c6b1,05/11/2023 11:00:00,BoE Monetary Policy Summary,HIGH,GBP
bb658ec7-1bdc-4593-b31b-d50183b74d88,05/11/2023 11:00:00,BoE MPC Vote Rate Cut,HIGH,GBP
316ed5cf-59d3-4cc1-b592-eda6600940ba,05/11/2023 11:00:00,BoE MPC Vote Rate Hike,HIGH,GBP
88cf01a6-6cdc-4022-af54-7c7eb1df765f,05/11/2023 11:00:00,BoE MPC Vote Rate Unchanged,HIGH,GBP
b089561c-f3ac-44ed-a23e-9a891429d8e5,05/11/2023 11:30:00,BoE's Governor Bailey speech,HIGH,GBP
0e58c0ac-4ced-4698-bd81-fb1c805466e2,05/11/2023 12:00:00,ECB's President Lagarde speech,HIGH,EUR
def70a89-8277-4ecb-952e-364d90ec4ac3,05/16/2023 14:00:00,ECB's President Lagarde speech,HIGH,EUR
d1e717d2-65ae-486c-bb83-c8b6e79b497a,05/17/2023 09:50:00,BoE's Governor Bailey speech,HIGH,GBP
0a6eb477-7e39-4af5-8eeb-3e3ea993e73d,05/18/2023 09:00:00,ECB's President Lagarde speech,HIGH,EUR
59bcda1f-c888-4492-9e87-02c1416a86d0,05/18/2023 09:15:00,BoE Monetary Policy Report Hearings,HIGH,GBP
74e14877-f5d8-445a-8a57-9b0d751d1655,05/19/2023 15:00:00,Fed's Powell speech,HIGH,USD
a9568012-f3cd-4e33-98bd-6166c8789c40,05/23/2023 09:15:00,BoE Monetary Policy Report Hearings,HIGH,GBP
ad985a66-76b6-4c91-92e9-737944bbc5a5,05/24/2023 02:00:00,RBNZ Interest Rate Decision,HIGH,NZD
f1f7e535-d646-4341-8d82-6269143f954b,05/24/2023 02:00:00,RBNZ Monetary Policy Review,HIGH,NZD
3b2d487b-d37b-4fc1-94e8-b5c2adc2cc5e,05/24/2023 02:00:00,RBNZ Monetary Policy Statement,HIGH,NZD
94d165e1-0e75-4e5d-9138-50804225aef5,05/24/2023 03:00:00,RBNZ Press Conference,HIGH,NZD
3f2e8f5b-2b89-4852-88c1-70ff3ee7b097,05/24/2023 09:30:00,BoE's Governor Bailey speech,HIGH,GBP
53d3ad3f-f307-4c08-888c-6eb043171284,05/24/2023 13:00:00,BoE's Governor Bailey speech,HIGH,GBP
7584f4c6-fb9c-4f94-a2fb-8080c355bbdd,05/24/2023 17:45:00,ECB's President Lagarde speech,HIGH,EUR
b8d1bc00-7380-46a4-895d-bee1ec02053c,05/24/2023 18:00:00,FOMC Minutes,HIGH,USD
7f40a7cf-7cb0-4c41-89a6-ca4aa8ba38bb,05/31/2023 12:30:00,ECB's President Lagarde speech,HIGH,EUR
4c3b91ee-9ca9-4356-8b18-7453f4c8029d,06/01/2023 09:30:00,ECB's President Lagarde speech,HIGH,EUR
e57c0192-7e4b-4903-a5c4-21333f109814,06/05/2023 13:00:00,ECB's President Lagarde speech,HIGH,EUR
5a828bb7-94eb-44bc-aa3d-1b2d6be592e6,06/07/2023 14:00:00,BoC Interest Rate Decision,HIGH,CAD
554f9128-8cf6-4728-9e3b-922354b21693,06/07/2023 14:00:00,BoC Monetary Policy Statement,HIGH,CAD
746b2f87-f3ae-4f56-86ad-f25d39b18d46,06/13/2023 14:00:00,BoE's Governor Bailey speech,HIGH,GBP
89b8e9b5-bad1-42ab-a2ca-2ca153eced3c,06/14/2023 18:00:00,Fed Interest Rate Decision,HIGH,USD
8e5048c4-3fb2-4c44-b5a0-cf883eb1507b,06/14/2023 18:00:00,Fed Monetary Policy Statement,HIGH,USD
684e9d91-f36c-41ac-a6f8-17020231661a,06/14/2023 18:00:00,FOMC Economic Projections,HIGH,USD
86d42d66-2acf-47e1-8fd5-7fd0d1db73a3,06/14/2023 18:00:00,Interest Rate Projections - 1st year,HIGH,USD
3db312c2-2b29-46f6-80f4-22e47b9e4de3,06/14/2023 18:00:00,Interest Rate Projections - 2nd year,HIGH,USD
2aab2285-da98-407c-a883-e201afc4689b,06/14/2023 18:00:00,Interest Rate Projections - Current,HIGH,USD
58a2ff38-ab0b-4961-ab5c-68ac17c6c30d,06/14/2023 18:00:00,Interest Rate Projections - Longer,HIGH,USD
d16db21d-2434-4351-b927-9d30e78c1586,06/14/2023 18:30:00,FOMC Press Conference,HIGH,USD
d8796578-6c84-4a33-9f0a-22b8b6163de5,06/15/2023 12:15:00,ECB Main Refinancing Operations Rate,HIGH,EUR
333ecd51-1221-4cb5-bfa4-da07823e868c,06/15/2023 12:15:00,ECB Monetary Policy Statement,HIGH,EUR
c99d34f2-fb91-4677-8e2c-89b3e1654175,06/15/2023 12:15:00,ECB Rate On Deposit Facility,HIGH,EUR
b585a947-5813-450f-ae33-a5dc7a05db35,06/15/2023 12:45:00,ECB Press Conference,HIGH,EUR
669c5dc8-cfaf-4228-b153-be1c9e208760,06/16/2023 02:45:00,BoJ Interest Rate Decision,HIGH,JPY
41bffe4f-1742-44ae-b662-f9f88ffb9aaf,06/16/2023 03:00:00,BoJ Monetary Policy Statement,HIGH,JPY
ba5b470d-ddb6-4fe7-966a-8b05a35e4888,06/16/2023 06:00:00,BoJ Press Conference,HIGH,JPY
4e15eade-6bde-4f1e-ba8e-4d7d78ba9746,06/20/2023 23:50:00,BoJ Monetary Policy Meeting Minutes,HIGH,JPY
bac5e101-250a-43fa-a8dd-ceb2e03c4ed3,06/21/2023 14:00:00,Fed's Chair Powell testifies,HIGH,USD
1d84dfbc-ad47-41ee-af5a-c7decdac8449,06/22/2023 07:30:00,SNB Interest Rate Decision,HIGH,CHF
1f86e1da-a491-41cc-afac-d1cfa222c91b,06/22/2023 07:30:00,SNB Monetary Policy Assessment,HIGH,CHF
7f36e233-b333-41ee-b51e-476324392bd7,06/22/2023 08:00:00,SNB Press Conference,HIGH,CHF
464a31c4-ef1d-4bbc-83ed-f34e280ac68a,06/22/2023 11:00:00,BoE Interest Rate Decision,HIGH,GBP
924fffe3-c66b-403b-8175-af1196d7f1ac,06/22/2023 11:00:00,BoE Minutes,HIGH,GBP
2ad732c5-65b8-4385-a733-362b41246bf9,06/22/2023 11:00:00,BoE Monetary Policy Summary,HIGH,GBP
6e1aa50d-c3a0-4b1c-b4e4-6738b5431201,06/22/2023 11:00:00,BoE MPC Vote Rate Cut,HIGH,GBP
e96cd816-68d7-4788-80fc-911e2de9d719,06/22/2023 11:00:00,BoE MPC Vote Rate Hike,HIGH,GBP
69e88227-a159-424e-9782-20cbaacbfc96,06/22/2023 11:00:00,BoE MPC Vote Rate Unchanged,HIGH,GBP
398e71dd-c1af-4484-9e3a-798422c7eb33,06/22/2023 14:00:00,Fed's Chair Powell testifies,HIGH,USD
a82e661d-d5ba-4e4c-b42d-f70d66bef26c,06/23/2023 07:00:00,ECB's President Lagarde speech,HIGH,EUR
7c0b12c9-88dc-45cc-b622-6be8f11fc905,06/26/2023 19:00:00,ECB's President Lagarde speech,HIGH,EUR
aebe3768-8523-4bc7-92f0-14fd700a227d,06/27/2023 08:00:00,ECB's President Lagarde speech,HIGH,EUR
5b4d2999-6888-4722-97a9-5e2f355f30a9,06/28/2023 13:30:00,ECB's President Lagarde speech,HIGH,EUR
2a0aee8b-9294-43fc-ad35-2a2cdc06ea83,06/28/2023 13:30:00,BoJ Governor Ueda speech,HIGH,JPY
e48e4a9a-ec22-423d-9793-0409a3e335c7,06/28/2023 13:30:00,BoE's Governor Bailey speech,HIGH,GBP
bb484654-0ac7-443b-a95b-161ce5c9a95f,06/28/2023 13:30:00,Fed's Powell speech,HIGH,USD
3871597e-0e18-47da-a145-04fb538e2590,06/28/2023 20:30:00,Bank Stress Test Results,HIGH,USD
c39d23e8-9d06-4672-9b53-b0ebce94d340,06/29/2023 06:30:00,Fed's Powell speech,HIGH,USD
032f0b32-ca24-4e00-a5c0-51f4ed49ca0e,07/05/2023 18:00:00,FOMC Minutes,HIGH,USD
62fec2f5-e01b-4340-a865-104928093328,07/07/2023 16:45:00,ECB's President Lagarde speech,HIGH,EUR
3ad894a8-4ebf-4389-b466-40700506bb16,07/10/2023 15:00:00,BoE's Governor Bailey speech,HIGH,GBP
ee1899a9-dcc9-4f72-b4a3-42d51f30087d,07/12/2023 02:00:00,RBNZ Interest Rate Decision,HIGH,NZD
c49867c4-a2f3-48a5-b261-611d42b32e1f,07/12/2023 02:00:00,RBNZ Monetary Policy Review,HIGH,NZD
d064411b-128d-4011-b769-22d15353de8a,07/12/2023 02:00:00,RBNZ Monetary Policy Statement,HIGH,NZD
db92a1f8-9237-463f-a1e2-97d1459bca6b,07/12/2023 14:00:00,BoC Interest Rate Decision,HIGH,CAD
ad325df7-cc32-41be-a74c-77e5061f7ed3,07/12/2023 14:00:00,BoC Monetary Policy Report,HIGH,CAD
6bd10dd8-50b0-45fc-b824-0b5e18b454cf,07/12/2023 14:00:00,BoC Monetary Policy Statement,HIGH,CAD
f8e7db88-3a06-482e-9b91-727115a0da73,07/12/2023 15:00:00,BoC Press Conference,HIGH,CAD
7f1758e3-8be1-461c-8a3d-d5065e7d12fe,07/17/2023 08:15:00,ECB's President Lagarde speech,HIGH,EUR
68a0ce72-acc9-4e97-863e-77584b79eab2,07/25/2023 08:00:00,ECB Bank Lending Survey,HIGH,EUR
6d26b5dc-52fc-4095-9dfe-3a0056a4cbb4,07/26/2023 18:00:00,Fed Interest Rate Decision,HIGH,USD
4d1836a4-937b-4450-bee1-39f58d873bda,07/26/2023 18:00:00,Fed Monetary Policy Statement,HIGH,USD
0eaee712-14f2-4000-9181-2589b9d0bd98,07/26/2023 18:30:00,FOMC Press Conference,HIGH,USD
99e5bc73-2966-43e8-9f84-a1d3d610c44a,07/27/2023 12:15:00,ECB Main Refinancing Operations Rate,HIGH,EUR
147248b8-54b3-45a5-a7ec-b014f6027acf,07/27/2023 12:15:00,ECB Monetary Policy Statement,HIGH,EUR
5ed48622-3cd4-42a2-b1ce-54308e79f37a,07/27/2023 12:15:00,ECB Rate On Deposit Facility,HIGH,EUR
a956a162-b3e8-4f62-b094-6902544a321f,07/27/2023 12:45:00,ECB Press Conference,HIGH,EUR
9459208c-ad5e-46b2-a0c9-9429a23da879,07/28/2023 03:00:00,BoJ Monetary Policy Statement,HIGH,JPY
4b2fe4d6-3201-4879-a5b0-0ff29c5c6b7c,07/28/2023 03:20:00,BoJ Interest Rate Decision,HIGH,JPY
288d2df9-21fa-4d8b-9396-8abaa53f07a9,07/28/2023 06:00:00,BoJ Press Conference,HIGH,JPY
ddc4bcc5-c5e1-4841-8af8-7cf133691ef7,08/03/2023 11:00:00,BoE Interest Rate Decision,HIGH,GBP
651ba740-1680-46de-8654-8a6ed7438598,08/03/2023 11:00:00,BoE Minutes,HIGH,GBP
5beebe4a-08dc-4635-ad5a-66e6c5eeb20b,08/03/2023 11:00:00,BoE Monetary Policy Report,HIGH,GBP
3b462e63-348d-4159-95aa-f2d2f320fd56,08/03/2023 11:00:00,BoE Monetary Policy Summary,HIGH,GBP
2bdaf4f0-0ed8-4b9b-8feb-c2c63f8ad442,08/03/2023 11:00:00,BoE MPC Vote Rate Cut,HIGH,GBP
b00ecd6d-49af-4ded-9bb7-46ade441a7ff,08/03/2023 11:00:00,BoE MPC Vote Rate Hike,HIGH,GBP
bac0a542-5df3-43ee-b6f6-a78e11fa7e20,08/03/2023 11:00:00,BoE MPC Vote Rate Unchanged,HIGH,GBP
a4e65f7f-32cd-4ea3-afe5-a9b8650d2bcb,08/03/2023 11:30:00,BoE's Governor Bailey speech,HIGH,GBP
f88c779e-c46e-45b8-bb1e-463dcf056bcb,08/16/2023 02:00:00,RBNZ Interest Rate Decision,HIGH,NZD
599def3d-42b0-4404-b76f-d775a4b04aa7,08/16/2023 02:00:00,RBNZ Monetary Policy Review,HIGH,NZD
69d436a3-9415-4190-abaf-596fc25af527,08/16/2023 02:00:00,RBNZ Monetary Policy Statement,HIGH,NZD
c1c3d5fe-3773-43b8-a5d9-5e7c460ae836,08/16/2023 03:00:00,RBNZ Press Conference,HIGH,NZD
2d3817a8-f041-4c52-80b4-e0082f7a7465,08/16/2023 18:00:00,FOMC Minutes,HIGH,USD
1728a878-d9a9-4957-b7fe-de1dc1918a69,08/24/2023 14:00:00,Jackson Hole Symposium,HIGH,USD
b90279ec-e162-4860-beef-eeaf0f50772b,08/25/2023 14:00:00,Jackson Hole Symposium,HIGH,USD
ec6505df-1e17-4740-bb11-1bd858649709,08/25/2023 14:05:00,Fed's Powell speech,HIGH,USD
18a443b5-48a5-4176-8376-792477480ee3,08/25/2023 19:00:00,ECB's President Lagarde speech,HIGH,EUR
3606a0f3-ee8a-4b31-ab81-79db8310f10f,08/26/2023 14:00:00,Jackson Hole Symposium,HIGH,USD
f5442e2c-c131-4dd6-901f-54987b76632a,08/26/2023 16:25:00,BoJ Governor Ueda speech,HIGH,JPY
a778e675-064b-4e96-ad1c-a150fcf2e948,09/04/2023 13:30:00,ECB's President Lagarde speech,HIGH,EUR
a2ad61d7-2312-450d-9452-0ce2355d3de3,09/05/2023 07:00:00,ECB's President Lagarde speech,HIGH,EUR
41df3e1f-4499-4351-9878-9bde46be4c94,09/06/2023 13:15:00,BoE Monetary Policy Report Hearings,HIGH,GBP
07f99598-911b-4e66-b136-12df27cbe703,09/06/2023 14:00:00,BoC Interest Rate Decision,HIGH,CAD
5e2c9fea-bbc9-4769-b09a-a385366caed3,09/06/2023 14:00:00,BoC Monetary Policy Statement,HIGH,CAD
ad35be97-77a8-427f-91af-4e85e4789388,09/07/2023 17:55:00,BoC's Governor Macklem speech,HIGH,CAD
0b664cd6-1752-4754-963c-b6e7bcf6a1d9,09/14/2023 12:15:00,ECB Main Refinancing Operations Rate,HIGH,EUR
50dcfacc-1dc1-4ff7-8be6-4219254873aa,09/14/2023 12:15:00,ECB Monetary Policy Statement,HIGH,EUR
321c701a-c116-4a8b-ac66-fd23389d6ee7,09/14/2023 12:15:00,ECB Rate On Deposit Facility,HIGH,EUR
fb2259f3-14e4-4ba9-bcdf-06bff726cd25,09/14/2023 12:45:00,ECB Press Conference,HIGH,EUR
159d3346-7b0d-4c00-805a-8b630710f5b8,09/15/2023 09:45:00,ECB's President Lagarde speech,HIGH,EUR
7aa769fe-fd25-43ca-a0d9-a33701e348ac,09/20/2023 18:00:00,Fed Interest Rate Decision,HIGH,USD
1c97d81a-044b-4067-86a6-9cbe42a78af7,09/20/2023 18:00:00,Fed Monetary Policy Statement,HIGH,USD
f591350e-71ef-4f19-861a-d0707a8c3244,09/20/2023 18:00:00,FOMC Economic Projections,HIGH,USD
310f8d95-9011-4fdb-8cea-e9400a04695c,09/20/2023 18:00:00,Interest Rate Projections - 1st year,HIGH,USD
898ac73a-7c20-4276-b6ad-3b22fe4d44f3,09/20/2023 18:00:00,Interest Rate Projections - 2nd year,HIGH,USD
1bf6879a-8936-4c93-83c5-1740d5304c71,09/20/2023 18:00:00,Interest Rate Projections - 3rd year,HIGH,USD
38081d8d-93bb-41f2-9eee-9921ca134178,09/20/2023 18:00:00,Interest Rate Projections - Current,HIGH,USD
ca0bdd82-bd70-490a-8613-af241b794581,09/20/2023 18:00:00,Interest Rate Projections - Longer,HIGH,USD
943c382b-dbda-473b-ad34-057525a93283,09/20/2023 18:30:00,FOMC Press Conference,HIGH,USD
28b7a616-d5e5-4a8b-85e8-2d8e1b8dc555,09/21/2023 07:30:00,SNB Interest Rate Decision,HIGH,CHF
1a150522-9000-4337-a9b6-e0792139b2ac,09/21/2023 07:30:00,SNB Monetary Policy Assessment,HIGH,CHF
3fd94d35-60c6-4320-a608-dc5ffc38be94,09/21/2023 08:00:00,SNB's Chairman Jordan speech,HIGH,CHF
0a6da49b-2f46-415b-a43b-54c6d434d518,09/21/2023 11:00:00,BoE Interest Rate Decision,HIGH,GBP
1553b1c3-956d-4be5-9c26-5c1b8a55e46d,09/21/2023 11:00:00,BoE Minutes,HIGH,GBP
44b0d0b9-2111-4ce1-bd55-58f2b3c99b8a,09/21/2023 11:00:00,BoE Monetary Policy Summary,HIGH,GBP
6f8b3b08-6f74-4565-94a0-a3285889b6ea,09/21/2023 11:00:00,BoE MPC Vote Rate Cut,HIGH,GBP
8205e0a3-d305-4b05-9ae0-220f7b2f35d1,09/21/2023 11:00:00,BoE MPC Vote Rate Hike,HIGH,GBP
1b925964-3ac2-43d7-ad10-5f1037272b8c,09/21/2023 11:00:00,BoE MPC Vote Rate Unchanged,HIGH,GBP
7c75a612-3226-408c-9257-8503c9c4f778,09/21/2023 14:00:00,ECB's President Lagarde speech,HIGH,EUR
65010891-ee47-42cb-9a7b-1e7c0739735d,09/22/2023 02:50:00,BoJ Interest Rate Decision,HIGH,JPY
3e88d69f-8652-4d87-a7cf-3fae76b01212,09/22/2023 03:00:00,BoJ Monetary Policy Statement,HIGH,JPY
8957a1d7-1cba-4d0f-9a0f-22435184cd54,09/22/2023 06:00:00,BoJ Press Conference,HIGH,JPY
a0cd2388-798b-48f2-8856-ae2469b3ccac,09/25/2023 05:30:00,BoJ Governor Ueda speech,HIGH,JPY
8449177b-a5c1-4c7f-ba0c-5f08a0b63bc4,09/25/2023 13:00:00,ECB's President Lagarde speech,HIGH,EUR
e523d7ef-fc85-45ff-820f-7deaaa4ca262,09/28/2023 20:00:00,Fed's Powell speech,HIGH,USD
3031a694-2f7b-40aa-9b8c-dc8875151c08,10/02/2023 15:00:00,Fed's Powell speech,HIGH,USD
65729ff5-0fe5-4683-9250-9f425536c560,10/04/2023 01:00:00,RBNZ Interest Rate Decision,HIGH,NZD
6b590998-078b-4dce-9172-1c5f57676953,10/04/2023 01:00:00,RBNZ Monetary Policy Review,HIGH,NZD
6a0f0799-4eb6-4477-9971-33d59777320e,10/04/2023 01:00:00,RBNZ Monetary Policy Statement,HIGH,NZD
3466682d-f49b-4fd9-b9d5-7b30214b10ae,10/04/2023 08:15:00,ECB's President Lagarde speech,HIGH,EUR
36e850b6-f873-48e5-bbb9-4d2f39d19e9b,10/04/2023 16:00:00,ECB's President Lagarde speech,HIGH,EUR
345ab15d-9c91-475f-8e0a-c4dca4922faa,10/10/2023 12:00:00,ECB's President Lagarde speech,HIGH,EUR
2e5f60d2-6cc3-46e1-b914-7c49c19cff90,10/11/2023 18:00:00,FOMC Minutes,HIGH,USD
862c7cf4-e67b-4a3f-94b7-9dd900e33b9f,10/13/2023 08:00:00,BoE's Governor Bailey speech,HIGH,GBP
ba2eb883-315b-4817-a229-e4dadfb9d5bd,10/13/2023 16:00:00,ECB's President Lagarde speech,HIGH,EUR
71c7b355-0113-4ffa-9ba5-e95e25042d74,10/14/2023 15:00:00,BoE's Governor Bailey speech,HIGH,GBP
2d9b4047-7e7f-4c51-b6be-06b3658cbb3f,10/14/2023 15:10:00,ECB's President Lagarde speech,HIGH,EUR
5f8d04a1-5296-46e1-bf86-b1488e62bb1b,10/18/2023 09:00:00,ECB's President Lagarde speech,HIGH,EUR
e1d41019-32bd-4085-a20b-4363babe5243,10/19/2023 16:00:00,Fed's Powell speech,HIGH,USD
6a889063-5418-4d7b-953e-9759397d16dd,10/20/2023 06:35:00,BoJ Governor Ueda speech,HIGH,JPY
0fa2e96b-fda4-44f7-ac63-558c9e8c81f4,10/24/2023 08:00:00,ECB Bank Lending Survey,HIGH,EUR
d4f42a5f-15bf-4544-8fed-63e0017f3c05,10/24/2023 12:30:00,ECB's President Lagarde speech,HIGH,EUR
69e86329-0d23-48b9-ba12-9e186e5e9174,10/25/2023 14:00:00,BoC Interest Rate Decision,HIGH,CAD
4b8e9a2f-206f-4f81-8565-800448db45b7,10/25/2023 14:00:00,BoC Monetary Policy Report,HIGH,CAD
f19634a7-b497-43d4-875f-3697e661a6ff,10/25/2023 14:00:00,BoC Monetary Policy Statement,HIGH,CAD
4a11aa55-1e31-46b5-9f93-2a9dcd92003b,10/25/2023 15:00:00,BoC Press Conference,HIGH,CAD
1232266b-8edf-4dd5-b9ea-f6bebb5c6b93,10/25/2023 17:00:00,ECB's President Lagarde speech,HIGH,EUR
f2068680-e08e-4099-aa7c-dac8ba2accdf,10/25/2023 20:35:00,Fed's Powell speech,HIGH,USD
b5147f55-f331-4d6f-adf2-c6e038cbd977,10/26/2023 12:15:00,ECB Main Refinancing Operations Rate,HIGH,EUR
1bce8fe5-4fcf-41d4-8c9b-344a1e8c4792,10/26/2023 12:15:00,ECB Monetary Policy Statement,HIGH,EUR
f6617a01-2068-4bb8-bef9-1e6e04df9405,10/26/2023 12:15:00,ECB Rate On Deposit Facility,HIGH,EUR
e67f36b9-8962-4ba7-a11d-00aedbc6786d,10/26/2023 12:45:00,ECB Press Conference,HIGH,EUR
dd4613dc-944a-41d7-8fda-2cf2004f04a7,10/30/2023 19:30:00,BoC's Governor Macklem speech,HIGH,CAD
32b7cba1-202f-44a3-a2a7-a2fb1d615f1d,10/31/2023 03:00:00,BoJ Monetary Policy Statement,HIGH,JPY
2dd80465-28ac-4926-891d-5a469d90688e,10/31/2023 03:25:00,BoJ Interest Rate Decision,HIGH,JPY
8667c045-6340-4e26-be02-0f42065dcffe,10/31/2023 06:00:00,BoJ Press Conference,HIGH,JPY
d9b7e574-04a2-4c21-994f-c82269fb22f0,11/01/2023 00:00:00,RBNZ's Governor Orr speech,HIGH,NZD
3a36a0ae-0685-46dd-b31e-f8541819a347,11/01/2023 12:40:00,SNB's Chairman Jordan speech,HIGH,CHF
eef432f1-deec-4d79-b6ea-653be4979124,11/01/2023 18:00:00,Fed Interest Rate Decision,HIGH,USD
083a2802-4561-49d5-b869-5991bb1a4833,11/01/2023 18:00:00,Fed Monetary Policy Statement,HIGH,USD
00880780-79ae-4bf3-84f4-4dc8e09fa1ed,11/01/2023 18:30:00,FOMC Press Conference,HIGH,USD
6e6afc8c-cfbf-4422-a0b7-5f7683f93371,11/01/2023 20:15:00,BoC's Governor Macklem speech,HIGH,CAD
635cd88f-1c0d-4697-b33b-05def8b93940,11/02/2023 12:00:00,BoE Interest Rate Decision,HIGH,GBP
24e4010c-05d5-4ddb-a993-8ba2fb4e38db,11/02/2023 12:00:00,BoE Minutes,HIGH,GBP
32ca8a7b-52fb-4e17-9fa3-9235fe7da2d7,11/02/2023 12:00:00,BoE Monetary Policy Report,HIGH,GBP
1073edba-d0a8-42fb-a0af-a6a632af9bef,11/02/2023 12:00:00,BoE Monetary Policy Summary,HIGH,GBP
8e0268f3-d966-4f50-97a8-e13343534bb4,11/02/2023 12:00:00,BoE MPC Vote Rate Cut,HIGH,GBP
41e5f70c-de23-46a6-94d6-6edee6460e04,11/02/2023 12:00:00,BoE MPC Vote Rate Hike,HIGH,GBP
c87818ed-d77b-4239-90d7-356b31c74952,11/02/2023 12:00:00,BoE MPC Vote Rate Unchanged,HIGH,GBP
c07d5695-731d-40f7-93d6-69ee88a8d688,11/02/2023 12:30:00,BoE's Governor Bailey speech,HIGH,GBP
40e04a22-96da-4158-a73d-7b4412275d8a,11/07/2023 12:30:00,Fed's Kashkari speech,HIGH,USD
e00dbcb4-fd18-4463-a7e5-923647bc8703,11/07/2023 13:00:00,Fed's Goolsbee speech,HIGH,USD
67b0d87f-8611-4518-9a08-01d1feb59f4f,11/07/2023 18:25:00,Fed's Logan speech,HIGH,USD
c0c8cf02-1b97-4939-bfae-56e2dd27d603,11/08/2023 09:30:00,BoE's Governor Bailey speech,HIGH,GBP
deafd292-b2e6-4afd-a844-10b9323e64cf,11/08/2023 14:15:00,Fed's Powell speech,HIGH,USD
c346d22d-41fc-48e0-8b0e-8bcf5d6be28f,11/09/2023 17:30:00,ECB's President Lagarde speech,HIGH,EUR
87dd84bf-b250-4879-9f68-a8503a0c6621,11/09/2023 19:00:00,Fed's Powell speech,HIGH,USD
049c5264-d0ce-4f92-bb7d-7653153d51ab,11/10/2023 12:30:00,ECB's President Lagarde speech,HIGH,EUR
35391b2c-5b3b-483c-9299-1dcc896ad2b9,11/14/2023 07:45:00,SNB's Chairman Jordan speech,HIGH,CHF
e84e98d6-ad37-417d-9da3-44b6d741c3b4,11/16/2023 11:30:00,ECB's President Lagarde speech,HIGH,EUR
55c54a7b-6634-4b5b-b909-3b870ce01ec5,11/17/2023 08:30:00,ECB's President Lagarde speech,HIGH,EUR
2c056544-8866-46aa-aba9-28aef1423361,11/18/2023 09:00:00,SNB's Chairman Jordan speech,HIGH,CHF
b81d5c4b-b193-41ba-ad13-8a3237518e10,11/20/2023 18:45:00,BoE's Governor Bailey speech,HIGH,GBP
1dd071a6-0979-43ae-a3fc-eceaed632f2a,11/21/2023 10:15:00,BoE Monetary Policy Report Hearings,HIGH,GBP
463b3da6-6683-4ba5-89d6-acebd3a4852d,11/21/2023 10:15:00,BoE's Governor Bailey speech,HIGH,GBP
0495bffe-1e9c-4795-ae19-97feccfb6f8a,11/21/2023 16:15:00,ECB's President Lagarde speech,HIGH,EUR
5794d4d1-7965-4ca7-961d-12eeeb92d6c3,11/21/2023 19:00:00,FOMC Minutes,HIGH,USD
9ebd6a8c-61ca-4b5f-89a5-6153f5a1a862,11/22/2023 16:30:00,BoC's Governor Macklem speech,HIGH,CAD
4f6a03f2-788b-4afa-8100-ee5c347a2b51,11/24/2023 10:00:00,ECB's President Lagarde speech,HIGH,EUR
9c451bdb-9121-479c-8ac2-2157e00aaf58,11/27/2023 14:00:00,ECB's President Lagarde speech,HIGH,EUR
0492039d-fce6-452d-8525-91a3f77e3d4c,11/28/2023 09:00:00,ECB's Nagel speech,HIGH,EUR
dd705f96-7b38-4483-9603-5aed42ea6eef,11/28/2023 16:00:00,ECB's President Lagarde speech,HIGH,EUR
2147a66b-663b-46ff-bf7b-0612e58cf993,11/29/2023 01:00:00,RBNZ Interest Rate Decision,HIGH,NZD
6983d62c-bd4f-44b5-b024-5d9282150b77,11/29/2023 01:00:00,RBNZ Monetary Policy Review,HIGH,NZD
727a3cf9-dd2a-47ae-bacd-6d45ccf5720e,11/29/2023 02:00:00,RBNZ Press Conference,HIGH,NZD
70f3f13b-be76-43d8-80df-d7cc2adc5ff1,11/29/2023 15:05:00,BoE's Governor Bailey speech,HIGH,GBP
50cb073e-23e0-49ce-9f4f-6c43f4f43763,11/30/2023 13:30:00,ECB's President Lagarde speech,HIGH,EUR
4f29559c-f5f4-43df-8ca1-f8ca97f581c2,12/01/2023 11:30:00,ECB's President Lagarde speech,HIGH,EUR
a3600c8e-6f2f-4fc6-a81e-201075552ec8,12/01/2023 16:00:00,Fed's Powell speech,HIGH,USD
5bbe68e4-d502-40b5-bc6d-31c5184958e0,12/01/2023 19:00:00,Fed's Powell speech,HIGH,USD
f7376242-a1b8-4791-91d8-4ae565664646,12/04/2023 14:00:00,ECB's President Lagarde speech,HIGH,EUR
8d452dda-ab35-48c0-b79a-4fe36ed9969d,12/06/2023 15:00:00,BoC Interest Rate Decision,HIGH,CAD
53dfcb9c-a300-4ede-99fd-3822c34d612e,12/06/2023 15:00:00,BoC Monetary Policy Statement,HIGH,CAD
6b83c779-69f4-40ab-b55b-7f40bcbcce3c,12/13/2023 19:00:00,Fed Interest Rate Decision,HIGH,USD
7dd50543-a7c8-4d80-8de4-e4707e465839,12/13/2023 19:00:00,Fed Monetary Policy Statement,HIGH,USD
766624a5-27c5-4ff2-ad2f-0a252a4d4c6f,12/13/2023 19:00:00,FOMC Economic Projections,HIGH,USD
d9cec262-e9ac-43ca-a82c-f27c93344c04,12/13/2023 19:00:00,Interest Rate Projections - 1st year,HIGH,USD
ff3a29f3-5377-40af-a8a4-f785939e481f,12/13/2023 19:00:00,Interest Rate Projections - 2nd year,HIGH,USD
8f4c9ffd-80c0-41b8-a73b-b85cedc238cf,12/13/2023 19:00:00,Interest Rate Projections - 3rd year,HIGH,USD
d0ee0dea-b570-41b8-b1e9-c30ffc2c28f9,12/13/2023 19:00:00,Interest Rate Projections - Current,HIGH,USD
6e28f018-83e3-4843-aa60-5ad80624e457,12/13/2023 19:00:00,Interest Rate Projections - Longer,HIGH,USD
2acd1bd3-a5a9-4828-9930-01fa41bba498,12/13/2023 19:30:00,FOMC Press Conference,HIGH,USD
cfc95ca8-1eb6-4a8c-83b8-09a84ce96944,12/14/2023 08:30:00,SNB Interest Rate Decision,HIGH,CHF
de0dfa31-1170-4918-82a1-8bccd8b390ab,12/14/2023 08:30:00,SNB Monetary Policy Assessment,HIGH,CHF
89622ff2-2d9c-4b43-9ec0-5bce51512e93,12/14/2023 09:00:00,SNB Press Conference,HIGH,CHF
557b4fc2-bddf-4665-96f3-644335e837ec,12/14/2023 09:00:00,SNB's Chairman Jordan speech,HIGH,CHF
c21faafe-7e26-4a5f-8871-205a256fbe64,12/14/2023 12:00:00,BoE Interest Rate Decision,HIGH,GBP
a7b91afe-bc4f-4dfa-9004-5242e09a35ab,12/14/2023 12:00:00,BoE Minutes,HIGH,GBP
c41575d8-118c-4601-b4c4-a8614455de9c,12/14/2023 12:00:00,BoE Monetary Policy Summary,HIGH,GBP
4b0dd526-c4a5-4792-afab-3e6afd490c42,12/14/2023 12:00:00,BoE MPC Vote Rate Cut,HIGH,GBP
c82ca77d-2db6-4960-99af-afa363c19b59,12/14/2023 12:00:00,BoE MPC Vote Rate Hike,HIGH,GBP
6854106f-216d-47a4-878b-0ba8bbc98fa8,12/14/2023 12:00:00,BoE MPC Vote Rate Unchanged,HIGH,GBP
f38a62de-e623-42de-b2be-76495b281acc,12/14/2023 13:15:00,ECB Main Refinancing Operations Rate,HIGH,EUR
910ed370-2876-447a-9d9d-2067f5c04327,12/14/2023 13:15:00,ECB Monetary Policy Statement,HIGH,EUR
62581f04-8d28-4e0a-a1c6-2e65c1161d38,12/14/2023 13:15:00,ECB Rate On Deposit Facility,HIGH,EUR
fd11cf8d-d7bf-43f1-b715-c0db2640a56c,12/14/2023 13:45:00,ECB Press Conference,HIGH,EUR
8dc2f136-72d9-4b7a-8fc2-d0c95af7b987,12/15/2023 17:40:00,BoC's Governor Macklem speech,HIGH,CAD
254259cb-e84b-4b9f-8d26-ca4f550d7478,12/19/2023 02:45:00,BoJ Interest Rate Decision,HIGH,JPY
b491c53b-463e-4ebe-b320-f856238f0795,12/19/2023 02:45:00,BoJ Monetary Policy Statement,HIGH,JPY
e624a9e2-4c8a-455d-b7b8-79f327864e1d,12/19/2023 06:00:00,BoJ Press Conference,HIGH,JPY
c048d451-2fd0-493f-baa8-223588212077,12/25/2023 00:00:00,BoJ Governor Ueda speech,HIGH,JPY
ec39a3a0-0c74-4bab-b2e0-38a7c89d7272,01/03/2024 19:00:00,FOMC Minutes,HIGH,USD
a6e9f8f6-326a-46fe-9f06-525d6e28cf03,01/17/2024 15:15:00,ECB's President Lagarde speech,HIGH,EUR
113a1380-c78c-4a9e-9f21-26331467e2ac,01/18/2024 10:30:00,SNB's Chairman Jordan speech,HIGH,CHF
5b8fa95f-e154-43a4-a051-3d6d9c0fd4ff,01/18/2024 15:15:00,ECB's President Lagarde speech,HIGH,EUR
fec4c34b-2957-4bbf-8601-364b529b404d,01/19/2024 10:00:00,ECB's President Lagarde speech,HIGH,EUR
22371a06-3789-4c9d-8a28-c3893017b115,01/23/2024 03:00:00,BoJ Monetary Policy Statement,HIGH,JPY
2048e878-3b87-4dd2-95cf-e8e71a503a29,01/23/2024 03:09:08,BoJ Interest Rate Decision,HIGH,JPY
d4acb61a-f1f4-4555-be1f-7de612a1d534,01/23/2024 06:00:00,BoJ Press Conference,HIGH,JPY
e3fd36df-4ca8-4bd3-94fc-01c9fedf9f50,01/23/2024 09:00:00,ECB Bank Lending Survey,HIGH,EUR
c10145fa-347e-412d-9d33-ff07ea23a1cb,01/24/2024 14:45:00,BoC Interest Rate Decision,HIGH,CAD
d21cd5d8-2820-47b4-af4e-59e9dafd1995,01/24/2024 14:45:00,BoC Monetary Policy Statement,HIGH,CAD
f12d5a86-8dfb-465d-96ef-401231d7d793,01/24/2024 15:00:00,BoC Monetary Policy Report,HIGH,CAD
bcffb775-9a59-4926-b4d5-f54a15b12508,01/24/2024 15:30:00,BoC Press Conference,HIGH,CAD
0b170db6-1d3f-4b11-bf3b-ec0ecf747c1b,01/25/2024 13:15:00,ECB Main Refinancing Operations Rate,HIGH,EUR
8b2553e6-f709-4436-b3f1-f0839232a7d2,01/25/2024 13:15:00,ECB Monetary Policy Statement,HIGH,EUR
b3a9f6d0-1048-44d6-a37d-18e172cf1fe4,01/25/2024 13:15:00,ECB Rate On Deposit Facility,HIGH,EUR
eb295c41-185e-4064-aac8-6013fb873009,01/25/2024 13:45:00,ECB Press Conference,HIGH,EUR
24bac98f-52da-4619-bfc2-baf9d3e96bc9,01/31/2024 19:00:00,Fed Interest Rate Decision,HIGH,USD
4802f03a-194a-4f8e-91f5-3cd92feafb96,01/31/2024 19:00:00,Fed Monetary Policy Statement,HIGH,USD
b1c5925b-12fa-4c06-a499-4dde3d96f377,01/31/2024 19:30:00,FOMC Press Conference,HIGH,USD
4defbc0f-a79d-4e95-94bf-8dd83dcadf92,02/01/2024 12:00:00,BoE Interest Rate Decision,HIGH,GBP
31961922-18a8-4b42-aecc-cb9d06ad34b7,02/01/2024 12:00:00,BoE Minutes,HIGH,GBP
46d65a84-cbfa-4a24-8938-b4d914103859,02/01/2024 12:00:00,BoE Monetary Policy Report,HIGH,GBP
549b0db7-5f89-413f-89bd-ab2578606a44,02/01/2024 12:00:00,BoE Monetary Policy Summary,HIGH,GBP
ec0930c9-7898-448e-941c-9faf8d8ed84b,02/01/2024 12:00:00,BoE MPC Vote Rate Cut,HIGH,GBP
409e91d1-bb68-4bea-aa01-0d7848b53bc1,02/01/2024 12:00:00,BoE MPC Vote Rate Hike,HIGH,GBP
ee15d396-5f7a-4515-853e-c6b97e5bb351,02/01/2024 12:00:00,BoE MPC Vote Rate Unchanged,HIGH,GBP
538d160d-9ba9-4e73-a02e-e6da88a333c8,02/01/2024 12:30:00,BoE's Governor Bailey speech,HIGH,GBP
61d26d42-bee0-4b94-b665-591e56e24134,02/05/2024 00:00:00,Fed's Powell speech,HIGH,USD
eb20355f-6b7c-4689-ba64-8a4fb1be3712,02/06/2024 17:45:00,BoC's Governor Macklem speech,HIGH,CAD
b1d95a51-c1ef-43e2-a960-41eaa5b35023,02/12/2024 00:30:00,RBNZ's Governor Orr speech,HIGH,NZD
5de2e522-acdc-4b77-826b-ed7ca24c83f3,02/12/2024 18:00:00,BoE's Governor Bailey speech,HIGH,GBP
9af1ea6d-bcd5-4ffe-af32-5e7f37d15154,02/14/2024 15:00:00,BoE's Governor Bailey speech,HIGH,GBP
3e7a9c7a-d51b-45db-8aaf-e06d0326073a,02/15/2024 08:00:00,ECB's President Lagarde speech,HIGH,EUR
64cfb2b9-fe5a-4e6a-ae47-d6c782577a92,02/15/2024 18:40:00,RBNZ's Governor Orr speech,HIGH,NZD
3bfd6abe-5400-44fc-8244-8ea8d7e69871,02/20/2024 10:15:00,BoE Monetary Policy Report Hearings,HIGH,GBP
289ed155-4b53-44b3-97c7-73226fcbb98b,02/21/2024 19:00:00,FOMC Minutes,HIGH,USD
41b45f9c-e282-4b63-a723-cae0ccbde203,02/26/2024 16:00:00,ECB's President Lagarde speech,HIGH,EUR
d5bf54c3-8d20-4e71-a35b-01915b83e450,02/28/2024 01:00:00,RBNZ Interest Rate Decision,HIGH,NZD
52f571dd-786e-4011-9667-2a71f1d0a94d,02/28/2024 01:00:00,RBNZ Monetary Policy Review,HIGH,NZD
d10f335a-b6f9-42b6-87f2-f4270fee9a54,02/28/2024 01:00:00,RBNZ Monetary Policy Statement,HIGH,NZD
e940d554-2b0d-43bc-8e4d-5493eee251f3,02/28/2024 02:00:00,RBNZ Press Conference,HIGH,NZD
3cf917ff-2c5d-4418-8f5a-81bd35b0281c,03/01/2024 00:00:00,RBNZ's Governor Orr speech,HIGH,NZD
0c1663b1-1e4e-4ee7-b220-c49b8e740c3b,03/05/2024 04:00:00,BoJ Governor Ueda speech,HIGH,JPY
3242d82d-dc53-4572-aed3-525efd34a178,03/06/2024 14:45:00,BoC Interest Rate Decision,HIGH,CAD
92321ee6-149b-4e79-a815-eeb549a21099,03/06/2024 14:45:00,BoC Monetary Policy Statement,HIGH,CAD
8cdac768-0a61-4085-96ec-8243f8690a53,03/06/2024 15:00:00,Fed's Chair Powell testifies,HIGH,USD
2f063f07-5bcc-4394-94fe-4fb545f009d7,03/06/2024 15:30:00,BoC Press Conference,HIGH,CAD
1b6e96ba-0147-433d-8c56-86f241f34a28,03/07/2024 13:15:00,ECB Main Refinancing Operations Rate,HIGH,EUR
0ff57e2d-0b5a-4ccb-85cd-687814936058,03/07/2024 13:15:00,ECB Monetary Policy Statement,HIGH,EUR
9017ccae-da57-4985-83bf-bce271ac1713,03/07/2024 13:15:00,ECB Rate On Deposit Facility,HIGH,EUR
efeda59b-dc4e-4ec4-96b2-4cc2423ffe38,03/07/2024 13:45:00,ECB Press Conference,HIGH,EUR
505ed791-9545-4533-b18a-5da3cb6009ec,03/07/2024 15:00:00,Fed's Chair Powell testifies,HIGH,USD
0e58452a-ad9f-4604-8d93-8443b7c890fe,03/12/2024 02:00:00,BoJ Governor Ueda speech,HIGH,JPY
12ca8647-bbee-4d84-b338-70be173d83b8,03/19/2024 03:35:00,BoJ Interest Rate Decision,HIGH,JPY
f7c0209b-d4c8-4e48-8534-c69b56017e03,03/19/2024 03:35:00,BoJ Monetary Policy Statement,HIGH,JPY
9a7f1f67-aa4f-483a-846f-cdaddd55a0a2,03/19/2024 06:00:00,BoJ Press Conference,HIGH,JPY
960261d5-236e-446f-969d-5d823ea69fdf,03/20/2024 08:45:00,ECB's President Lagarde speech,HIGH,EUR
16e85ee7-b7fe-49c0-89bf-b0da29375f9c,03/20/2024 18:00:00,Fed Interest Rate Decision,HIGH,USD
9bcd96aa-ea29-4e29-b8db-056fc6e639eb,03/20/2024 18:00:00,Fed Monetary Policy Statement,HIGH,USD
14a415e2-9545-4beb-a871-0f2058bca415,03/20/2024 18:00:00,FOMC Economic Projections,HIGH,USD
aa1cecef-f4e6-4bcf-afe4-ed35b866ef51,03/20/2024 18:00:00,Interest Rate Projections - 1st year,HIGH,USD
96e1e3a9-a562-411e-9b2a-85d480c6f639,03/20/2024 18:00:00,Interest Rate Projections - 2nd year,HIGH,USD
c06c33e5-4dfa-4789-82e7-970be39135c9,03/20/2024 18:00:00,Interest Rate Projections - Current,HIGH,USD
2c3a43fe-7b91-46be-a8db-56cb9be0d96b,03/20/2024 18:00:00,Interest Rate Projections - Longer,HIGH,USD
f453185d-c0a5-4b97-aa27-3273e8832ce6,03/20/2024 18:30:00,FOMC Press Conference,HIGH,USD
cff7121c-c8c3-4db3-8c20-57d5972400ee,03/21/2024 08:30:00,SNB Interest Rate Decision,HIGH,CHF
ee69e5fb-0ecd-493e-aa56-317cb78021ce,03/21/2024 08:30:00,SNB Monetary Policy Assessment,HIGH,CHF
ab94ffda-729b-40e6-97c3-14a0f8c5e14c,03/21/2024 09:00:00,SNB Press Conference,HIGH,CHF
5c461e0c-9ff9-4dc8-af6d-b4b56158ad7d,03/21/2024 12:00:00,BoE Interest Rate Decision,HIGH,GBP
02221c74-cc08-44d6-a161-28fc36be06d5,03/21/2024 12:00:00,BoE Minutes,HIGH,GBP
4484f41f-64f9-4e63-8e4f-edd6ebdaeba7,03/21/2024 12:00:00,BoE Monetary Policy Summary,HIGH,GBP
c4f5f2ee-559d-42dd-8830-97408ae0efa4,03/21/2024 12:00:00,BoE MPC Vote Rate Cut,HIGH,GBP
93d75ad2-8ac1-4b03-944c-c4ef786002bb,03/21/2024 12:00:00,BoE MPC Vote Rate Hike,HIGH,GBP
16b900ee-1e84-43a0-a302-44ff5435333b,03/21/2024 12:00:00,BoE MPC Vote Rate Unchanged,HIGH,GBP
1d239b4c-3e14-4f4a-a259-e958a598fd52,03/22/2024 13:00:00,Fed's Powell speech,HIGH,USD
d6b8c5f8-7da9-47a3-9969-e98a06651b91,03/29/2024 15:30:00,Fed's Powell speech,HIGH,USD
fd035cee-9d39-4199-bd9d-e229d65afdeb,04/03/2024 16:10:00,Fed's Powell speech,HIGH,USD
b011d702-54e0-4797-b931-ca666aa8db20,04/08/2024 15:15:00,SNB's Chairman Jordan speech,HIGH,CHF
d94679fe-24f7-44b2-868b-b201742b50e9,04/09/2024 08:00:00,ECB Bank Lending Survey,HIGH,EUR
b0e9b9c0-c90c-45fd-8b68-1cad6f1644ae,04/10/2024 02:00:00,RBNZ Interest Rate Decision,HIGH,NZD
de2ccc92-b84e-4667-a579-1bfb5910d4e5,04/10/2024 02:00:00,RBNZ Monetary Policy Review,HIGH,NZD
6008149b-c72b-4bbb-b94f-7aa31bbd7ed2,04/10/2024 13:45:00,BoC Interest Rate Decision,HIGH,CAD
90f1aa1b-0213-495c-8882-5c3c607ab390,04/10/2024 13:45:00,BoC Monetary Policy Statement,HIGH,CAD
70005c43-349d-46b2-aff7-d41e04622519,04/10/2024 14:00:00,BoC Monetary Policy Report,HIGH,CAD
d7024dc5-b650-4be7-ad25-d7a1ea498371,04/10/2024 14:30:00,BoC Press Conference,HIGH,CAD
b5e71b59-b529-423a-8512-62ff2281f09a,04/10/2024 18:00:00,FOMC Minutes,HIGH,USD
771b3b0a-df5f-4907-b23d-68f44ba31746,04/11/2024 12:15:00,ECB Main Refinancing Operations Rate,HIGH,EUR
6841cbf6-3891-4d5f-a5ef-92439f9dc987,04/11/2024 12:15:00,ECB Monetary Policy Statement,HIGH,EUR
b379944f-53aa-4d28-9df9-42a4021e05f8,04/11/2024 12:15:00,ECB Rate On Deposit Facility,HIGH,EUR
a8c35efe-82d0-4ecb-a77a-6a842db5f502,04/11/2024 12:45:00,ECB Press Conference,HIGH,EUR
7d316eb1-f5cd-45c2-af60-1579ab3baaeb,04/16/2024 17:00:00,BoE's Governor Bailey speech,HIGH,GBP
447721cc-0dc2-4053-9714-b887d1ab2ad4,04/16/2024 17:15:00,BoC's Governor Macklem speech,HIGH,CAD
96145552-dd8e-4e02-b930-9f06f0ef7b14,04/16/2024 17:15:00,Fed's Powell speech,HIGH,USD
9ac31e7a-5d32-4ee7-ac7c-51597730c2cb,04/17/2024 16:00:00,BoE's Governor Bailey speech,HIGH,GBP
6e3f0415-10a0-4520-bba9-94ae51d2bfa1,04/17/2024 17:45:00,ECB's President Lagarde speech,HIGH,EUR
336276b9-52ae-4f89-b674-7faf6e81a547,04/22/2024 15:30:00,ECB's President Lagarde speech,HIGH,EUR
6cda9833-3dd4-42e7-bf4d-dbe76d0b3c9e,04/26/2024 03:00:00,BoJ Monetary Policy Statement,HIGH,JPY
cea82527-fe4c-4562-b69c-04a1d40a3ee0,04/26/2024 03:20:00,BoJ Interest Rate Decision,HIGH,JPY
b9cb8874-ac7d-4b36-a956-706486027229,04/26/2024 06:00:00,BoJ Press Conference,HIGH,JPY
098bc9ff-ac88-4890-bb21-fe49082cd742,04/26/2024 08:00:00,SNB's Chairman Jordan speech,HIGH,CHF
944c8b22-f6d3-4950-a92c-e6d9e680189a,05/01/2024 18:00:00,Fed Interest Rate Decision,HIGH,USD
e294d143-ee70-4282-a8ef-506cad81a927,05/01/2024 18:00:00,Fed Monetary Policy Statement,HIGH,USD
42747728-22d9-42b4-b0ea-5d72516267f5,05/01/2024 18:30:00,FOMC Press Conference,HIGH,USD
c10a7658-23ae-4e3b-9915-197df8956548,05/01/2024 20:15:00,BoC's Governor Macklem speech,HIGH,CAD
ea281f42-659c-45f0-89e8-38e68bdf7e24,05/02/2024 12:45:00,BoC's Governor Macklem speech,HIGH,CAD
a48234c6-0f5c-4078-8bbe-bb6699e3e99b,05/06/2024 12:25:00,SNB's Chairman Jordan speech,HIGH,CHF
a2aa6e02-eb4f-4265-978d-956d33f55df1,05/09/2024 11:00:00,BoE Interest Rate Decision,HIGH,GBP
06b0e7e4-4cdf-427a-bffe-2cc96189a9ed,05/09/2024 11:00:00,BoE Minutes,HIGH,GBP
2938d3ac-f8ce-424e-9cbb-0a7715e67d0a,05/09/2024 11:00:00,BoE Monetary Policy Report,HIGH,GBP
82cb63a6-38e4-4fd4-878f-a710ad0f6cfd,05/09/2024 11:00:00,BoE Monetary Policy Summary,HIGH,GBP
f27ab924-9f39-4bf5-a1af-9177670a3d7f,05/09/2024 11:00:00,BoE MPC Vote Rate Cut,HIGH,GBP
33314cd5-6f33-4a2d-964b-3477c38756ad,05/09/2024 11:00:00,BoE MPC Vote Rate Hike,HIGH,GBP
8fa15888-0bd8-40b8-8974-381c96e4ee39,05/09/2024 11:00:00,BoE MPC Vote Rate Unchanged,HIGH,GBP
f40ad746-9b4b-4529-a3bc-590c3af11f5b,05/09/2024 11:30:00,BoE's Governor Bailey speech,HIGH,GBP
966a66fe-12e7-4c85-acfd-225efe86924f,05/09/2024 15:00:00,BoC's Governor Macklem speech,HIGH,CAD
c0d255d7-a4ba-4c9e-8824-496d960a2665,05/14/2024 14:00:00,Fed's Powell speech,HIGH,USD
1f7cd1c6-32f2-4c25-94f4-3b522c47f6c2,05/21/2024 17:00:00,BoE's Governor Bailey speech,HIGH,GBP
f4bb2cdb-3733-40b1-a2b2-77799949abd4,05/22/2024 02:00:00,RBNZ Interest Rate Decision,HIGH,NZD
30b35590-7ff2-4f8d-8850-776c43dceb21,05/22/2024 02:00:00,RBNZ Monetary Policy Review,HIGH,NZD
486cf70b-224b-471e-b1ee-67aaebad23ee,05/22/2024 03:00:00,RBNZ Press Conference,HIGH,NZD
f8465a33-5539-4a14-9d47-67a29595fc43,05/22/2024 08:00:00,ECB's President Lagarde speech,HIGH,EUR
56bf3741-51b0-45a1-89ff-328c584fad52,05/22/2024 18:00:00,RBNZ's Governor Orr speech,HIGH,NZD
973ada95-75e6-439c-a990-70abac576a1e,05/22/2024 18:00:00,FOMC Minutes,HIGH,USD
44815ff4-8b86-49d6-81a5-6c54e82c23ae,05/23/2024 22:25:00,RBNZ's Governor Orr speech,HIGH,NZD
2e9bd2fb-d4a4-42fa-ac67-7cc4a3596e6d,05/24/2024 07:45:00,SNB's Chairman Jordan speech,HIGH,CHF
eb4a29d2-bc4e-4901-b0e3-79a6a5a27f58,05/27/2024 00:05:00,BoJ Governor Ueda speech,HIGH,JPY
0ae4edf0-9db2-43c4-b135-46916a268b37,05/28/2024 04:55:00,SNB's Chairman Jordan speech,HIGH,CHF
dac3ca3a-5e3f-411b-85fe-29462fc1af8b,05/30/2024 00:00:00,SNB's Chairman Jordan speech,HIGH,CHF
b53e9e5c-7db8-4682-9672-f49b5b7d6705,05/30/2024 23:00:00,RBNZ's Governor Orr speech,HIGH,NZD
b86d1086-2671-43cf-bfa5-14934509666f,06/05/2024 13:45:00,BoC Interest Rate Decision,HIGH,CAD
9fc1a125-596c-4ffd-86c1-96325d5a255d,06/05/2024 13:45:00,BoC Monetary Policy Statement,HIGH,CAD
0d8f00cd-92e2-4c40-8b52-8450cdc2c659,06/05/2024 14:30:00,BoC Press Conference,HIGH,CAD
803b7879-5192-4e6f-adf7-d3b04cd12fe9,06/06/2024 12:15:00,ECB Main Refinancing Operations Rate,HIGH,EUR
b6aaac7a-3fd1-4f82-bfc4-6059d50472bb,06/06/2024 12:15:00,ECB Monetary Policy Statement,HIGH,EUR
4f3bc4da-1c3c-46a1-b540-2c3848e70522,06/06/2024 12:15:00,ECB Rate On Deposit Facility,HIGH,EUR
57c39ab0-5498-4c15-901a-a8e8bcdae48f,06/06/2024 12:45:00,ECB Press Conference,HIGH,EUR
7b2a3c91-4471-4fc5-860f-370e53895271,06/07/2024 14:15:00,ECB's President Lagarde speech,HIGH,EUR
6fb2b9ed-6aec-40cd-90c8-3b414b213a01,06/12/2024 18:00:00,Fed Interest Rate Decision,HIGH,USD
e6f11b2f-6dcb-40e7-8581-2726818e7d9a,06/12/2024 18:00:00,Fed Monetary Policy Statement,HIGH,USD
e511d996-c0e0-4673-b7b5-c938df3c6f54,06/12/2024 18:00:00,FOMC Economic Projections,HIGH,USD
545488af-fd1e-4cbb-b473-ab6dc5f7bd5f,06/12/2024 18:00:00,Interest Rate Projections - 1st year,HIGH,USD
eb52681a-eb3f-4748-836c-b28b49f86c0e,06/12/2024 18:00:00,Interest Rate Projections - 2nd year,HIGH,USD
eef925a8-c405-490b-b9f4-557582c428f7,06/12/2024 18:00:00,Interest Rate Projections - Current,HIGH,USD
5ddc41e9-6fd9-445f-b551-fabed0e1abc4,06/12/2024 18:00:00,Interest Rate Projections - Longer,HIGH,USD
a7370797-572e-4b6d-b93d-a5ec1673700c,06/12/2024 18:30:00,FOMC Press Conference,HIGH,USD
40a78bbc-25bb-4e4b-8dd4-a661e2a70f92,06/12/2024 19:30:00,BoC's Governor Macklem speech,HIGH,CAD
ccf37e0c-a0ce-4482-81ef-66b95b6a71ae,06/13/2024 17:00:00,BoC's Governor Macklem speech,HIGH,CAD
4f7f5e08-0fef-4074-893b-a74c439cbdde,06/14/2024 03:00:00,BoJ Monetary Policy Statement,HIGH,JPY
08da02d8-f3fd-4184-962d-ca64ecfc5e08,06/14/2024 03:23:54,BoJ Interest Rate Decision,HIGH,JPY
7ce220e1-f162-424e-8641-7a5611dedf85,06/14/2024 06:00:00,BoJ Press Conference,HIGH,JPY
5accd560-0698-4c0b-9c1a-ebfffc100db3,06/17/2024 09:00:00,ECB's President Lagarde speech,HIGH,EUR
7e8923c0-be7e-4279-b487-042dabdc085e,06/20/2024 07:30:00,SNB Interest Rate Decision,HIGH,CHF
bdae358e-c29e-4e4c-b547-f8ff7995b623,06/20/2024 07:30:00,SNB Monetary Policy Assessment,HIGH,CHF
292f9a6f-e9b2-4e1b-bd44-b94c700b5263,06/20/2024 08:00:00,SNB Press Conference,HIGH,CHF
aedd23bc-c09a-4a2b-beda-b7572e07f7db,06/20/2024 11:00:00,BoE Interest Rate Decision,HIGH,GBP
b0c2c99b-f248-4043-841f-c45da4477b8c,06/20/2024 11:00:00,BoE Minutes,HIGH,GBP
cf7f4fab-0d94-469f-b9f2-71d43e4edd3e,06/20/2024 11:00:00,BoE MPC Vote Rate Cut,HIGH,GBP
abe8a7dc-be54-452f-9a3c-273290acbf71,06/20/2024 11:00:00,BoE MPC Vote Rate Hike,HIGH,GBP
6d487606-93c4-4ecf-98e6-56dceb3bee9a,06/20/2024 11:00:00,BoE MPC Vote Rate Unchanged,HIGH,GBP
e16a124e-9e7b-4a7c-b215-fee79070bcf1,06/24/2024 17:00:00,BoC's Governor Macklem speech,HIGH,CAD
3dcba318-b2f7-4581-9912-10de87031761,06/26/2024 20:30:00,Bank Stress Test Results,HIGH,USD
4526bfc6-5653-4425-afa3-7c8996209c8d,07/01/2024 19:00:00,ECB's President Lagarde speech,HIGH,EUR
ea74c613-6817-4845-a2a5-48d243e78346,07/02/2024 13:30:00,ECB's President Lagarde speech,HIGH,EUR
34462c6b-57c4-460c-85ed-b0a7756bbccf,07/02/2024 13:30:00,Fed's Powell speech,HIGH,USD
f8050ba2-dc9e-4499-b70b-c63bfe13c998,07/03/2024 14:15:00,ECB's President Lagarde speech,HIGH,EUR
cfbf6258-5d5d-470f-9a96-5f1aca608fa3,07/03/2024 18:00:00,FOMC Minutes,HIGH,USD
a013b019-76f5-4a71-ad95-c3d27e64f029,07/09/2024 14:00:00,Fed's Chair Powell testifies,HIGH,USD
0bc95d4e-f085-4fbb-a8f6-a040fe252e36,07/10/2024 02:00:00,RBNZ Interest Rate Decision,HIGH,NZD
a25aef82-7f86-4219-9834-ca0b761369c4,07/10/2024 02:00:00,RBNZ Monetary Policy Review,HIGH,NZD
8b03c7bc-053d-4c07-b65b-83bc96681215,07/10/2024 14:00:00,Fed's Chair Powell testifies,HIGH,USD
c2512eb1-cd3b-4f98-903f-8dce1691f4ce,07/15/2024 16:30:00,Fed's Powell speech,HIGH,USD
b54ac933-328d-4051-8f80-58d07cc69c49,07/16/2024 08:00:00,ECB Bank Lending Survey,HIGH,EUR
1aeb454d-9552-4af9-ad6b-d362cba68ca1,07/18/2024 12:15:00,ECB Main Refinancing Operations Rate,HIGH,EUR
042f0709-aa73-4acb-bbec-2883c6f09c5f,07/18/2024 12:15:00,ECB Monetary Policy Statement,HIGH,EUR
74b519a1-02be-4373-9700-dc3da440af04,07/18/2024 12:15:00,ECB Rate On Deposit Facility,HIGH,EUR
6cfe0307-6e11-46fd-a1ef-e9165cb9ae1d,07/18/2024 12:45:00,ECB Press Conference,HIGH,EUR
ba437ccd-a67d-4580-8726-7f6667ea5303,07/24/2024 13:45:00,BoC Interest Rate Decision,HIGH,CAD
5c2bc191-6eb6-4579-8f27-2d0d478c43c0,07/24/2024 13:45:00,BoC Monetary Policy Report,HIGH,CAD
49e084d6-55c4-40eb-a560-9d1b49737c48,07/24/2024 13:45:00,BoC Monetary Policy Statement,HIGH,CAD
14f2a077-6f9c-4069-96f7-7694ca11db07,07/24/2024 14:30:00,BoC Press Conference,HIGH,CAD
23129d3d-4d12-4d7c-8a83-13623bfa572c,07/25/2024 15:00:00,ECB's President Lagarde speech,HIGH,EUR
53634b67-0bd5-41a5-9b91-2c3373b35f7b,07/31/2024 03:00:00,BoJ Monetary Policy Statement,HIGH,JPY
5fb22fcb-e914-4a37-8f32-af8d1ef32397,07/31/2024 03:55:00,BoJ Interest Rate Decision,HIGH,JPY
4085b769-61a6-4b70-8226-634dc2d4a16f,07/31/2024 06:00:00,BoJ Press Conference,HIGH,JPY
e69b822c-5260-4c64-8ba0-96a2f7b86b81,07/31/2024 18:00:00,Fed Interest Rate Decision,HIGH,USD
066cb2d8-e6aa-4658-89f4-11f9eb8925ca,07/31/2024 18:00:00,Fed Monetary Policy Statement,HIGH,USD
982fe3c1-d98f-4f36-9d53-b17609163975,07/31/2024 18:30:00,Fed's Powell speech,HIGH,USD
474d8afb-7871-4525-83fe-57c588147326,07/31/2024 18:30:00,FOMC Press Conference,HIGH,USD
5b31ddc4-e678-4012-9efb-6607ce9f3de2,08/01/2024 11:00:00,BoE Interest Rate Decision,HIGH,GBP
1c7947c4-a71c-456a-a631-c1ff757c96a0,08/01/2024 11:00:00,BoE Minutes,HIGH,GBP
64346a75-0f19-458b-8754-fb3a0dcafdaf,08/01/2024 11:00:00,BoE Monetary Policy Report,HIGH,GBP
3675187d-6f57-4894-9238-c1f859b0c345,08/01/2024 11:00:00,BoE MPC Vote Rate Cut,HIGH,GBP
0fc6fb4c-5241-41a4-b9a0-f2c19a471676,08/01/2024 11:00:00,BoE MPC Vote Rate Hike,HIGH,GBP
59777da3-3152-48e5-8d40-0c5e9babeeef,08/01/2024 11:00:00,BoE MPC Vote Rate Unchanged,HIGH,GBP
e1360a73-9c3c-4728-814b-ee705fac9670,08/01/2024 11:30:00,BoE's Governor Bailey speech,HIGH,GBP
0bf0ea92-f30e-401b-beb9-781a1f86ec56,08/14/2024 02:00:00,RBNZ Interest Rate Decision,HIGH,NZD
361c000c-f599-408d-b2bc-2cc072881472,08/14/2024 02:00:00,RBNZ Monetary Policy Review,HIGH,NZD
be6281ab-6513-4b85-aeca-953627c0f3d1,08/14/2024 03:00:00,RBNZ Press Conference,HIGH,NZD
933ef8f1-ded4-491f-89ba-f309ed043403,08/14/2024 18:00:00,RBNZ's Governor Orr speech,HIGH,NZD
8e15aa86-574f-4e2a-9ade-51e590e18fb3,08/14/2024 19:30:00,RBNZ's Governor Orr speech,HIGH,NZD
d3e140a7-65d8-4f58-a299-393f21323209,08/16/2024 00:45:00,RBNZ's Governor Orr speech,HIGH,NZD
f918dfff-3bdd-4941-8b07-043333423c1f,08/21/2024 18:00:00,FOMC Minutes,HIGH,USD
27e9ab07-bfcd-4e07-9a79-a393898b6494,08/22/2024 00:00:00,Jackson Hole Symposium,HIGH,USD
20cb304b-90de-42be-858d-dd2888b850f6,08/23/2024 00:00:00,Jackson Hole Symposium,HIGH,USD
2df91b25-1792-4a97-850a-729bc21fe6ee,08/23/2024 00:30:00,BoJ Governor Ueda speech,HIGH,JPY
84dc6495-645c-48b1-b103-8a59e8234ea9,08/23/2024 14:00:00,Fed's Powell speech,HIGH,USD
82115572-1e5c-4027-bf69-ad3ba07f36e1,08/23/2024 19:00:00,BoE's Governor Bailey speech,HIGH,GBP
7eaa9dbc-d0ce-4139-a422-9a5b2c5298f5,08/24/2024 00:00:00,Jackson Hole Symposium,HIGH,USD
889b8981-8bf5-40c4-8cd2-2ff60613a810,09/04/2024 13:45:00,BoC Interest Rate Decision,HIGH,CAD
cb3365a4-37e6-4a56-90d0-e0cec6b8eb3f,09/04/2024 13:45:00,BoC Monetary Policy Statement,HIGH,CAD
506e2e42-a21e-43d3-869d-d38795ded0e2,09/04/2024 14:30:00,BoC Press Conference,HIGH,CAD
5ec5e4b1-db69-4a38-99b3-13e34ba8e61f,09/10/2024 12:25:00,BoC's Governor Macklem speech,HIGH,CAD
77e7b835-d622-4f3c-be5b-422897d16ce0,09/12/2024 12:15:00,ECB Main Refinancing Operations Rate,HIGH,EUR
5bbe560e-ec41-47bb-9509-b886a72ae966,09/12/2024 12:15:00,ECB Monetary Policy Statement,HIGH,EUR
2f12d574-7f99-4a78-8217-73db564ba798,09/12/2024 12:15:00,ECB Rate On Deposit Facility,HIGH,EUR
d44aa25f-1b8d-400a-9534-7e4acb8f9dc1,09/12/2024 12:45:00,ECB Press Conference,HIGH,EUR
99ae9158-1a84-4b97-875f-061074285a06,09/18/2024 18:00:00,Fed Interest Rate Decision,HIGH,USD
29dd443a-53fa-40e9-8b8c-094a38670855,09/18/2024 18:00:00,Fed Monetary Policy Statement,HIGH,USD
d40e23e5-5763-47e9-94d9-00ae6c5846b5,09/18/2024 18:00:00,FOMC Economic Projections,HIGH,USD
c1e6c68b-6878-4617-9fe9-c32906168b65,09/18/2024 18:00:00,Interest Rate Projections - 1st year,HIGH,USD
e4ca80fe-45dc-4b78-931d-933000cdd60a,09/18/2024 18:00:00,Interest Rate Projections - 2nd year,HIGH,USD
f41b3df3-4fe4-4fe6-a20e-4fe8bbac7385,09/18/2024 18:00:00,Interest Rate Projections - 3rd year,HIGH,USD
9205ad79-91b1-4c89-81b8-bff0cb9263a3,09/18/2024 18:00:00,Interest Rate Projections - Current,HIGH,USD
c1824fe5-4606-4f1b-a28f-aa507c78f57e,09/18/2024 18:00:00,Interest Rate Projections - Longer,HIGH,USD
7e7a5992-6e11-4fbf-839f-738c1d6d0fbd,09/18/2024 18:30:00,FOMC Press Conference,HIGH,USD
c3e3a744-cbda-4aed-9518-a2ad992982ff,09/19/2024 11:00:00,BoE Interest Rate Decision,HIGH,GBP
c708d1ad-5f82-49a8-997b-52c5bf7dfb38,09/19/2024 11:00:00,BoE Minutes,HIGH,GBP
e9c0583c-6a5e-4d7e-a803-d03cf8694b14,09/19/2024 11:00:00,BoE Monetary Policy Summary,HIGH,GBP
be569cd4-b57a-4496-ad25-de0111c9e2e0,09/19/2024 11:00:00,BoE MPC Vote Rate Cut,HIGH,GBP
97cc4d65-d0b8-401e-a6c8-c12bffb89f66,09/19/2024 11:00:00,BoE MPC Vote Rate Hike,HIGH,GBP
442bd832-cdba-422f-b805-b25c5780b9ef,09/19/2024 11:00:00,BoE MPC Vote Rate Unchanged,HIGH,GBP
20ee84c7-4c43-485d-a7f4-09ee298f24cf,09/20/2024 02:52:35,BoJ Interest Rate Decision,HIGH,JPY
cbacc900-e8a9-4758-b59c-af7288cf0358,09/20/2024 03:00:00,BoJ Monetary Policy Statement,HIGH,JPY
99c0eea4-d79b-4477-bf68-d803f0ea5ff8,09/20/2024 06:00:00,BoJ Press Conference,HIGH,JPY
b63b9ece-9917-48fe-a74c-5ad6f5084745,09/20/2024 12:30:00,BoC's Governor Macklem speech,HIGH,CAD
0d75e123-071a-4378-b668-3565842ade42,09/20/2024 15:00:00,ECB's President Lagarde speech,HIGH,EUR
0b325f36-e1b8-4ff5-a3e0-7b1df0c130ae,09/24/2024 05:05:00,BoJ Governor Ueda speech,HIGH,JPY
795b38b4-abba-4017-a98f-1c6f5c01e7bd,09/24/2024 17:10:00,BoC's Governor Macklem speech,HIGH,CAD
042af391-96d1-4ca3-83dd-380b2d8c247a,09/26/2024 07:30:00,SNB Interest Rate Decision,HIGH,CHF
b99cf55f-a47d-445b-b5e8-48faa10101b3,09/26/2024 07:30:00,SNB Monetary Policy Assessment,HIGH,CHF
57bf10eb-e770-40ab-8911-3578b00b6ed9,09/26/2024 08:00:00,SNB Press Conference,HIGH,CHF
c3cea3d9-fd79-42fd-a612-b98a82eb2091,09/26/2024 13:20:00,Fed's Powell speech,HIGH,USD
a30fe6c7-142f-40a7-bae6-1a34fb219bce,09/26/2024 13:30:00,ECB's President Lagarde speech,HIGH,EUR
4022e0eb-8a36-4dd8-b8ff-791d34c1b23b,09/30/2024 13:00:00,ECB's President Lagarde speech,HIGH,EUR
0db968f0-6926-45a9-af81-8a42e71d402d,09/30/2024 18:00:00,Fed's Powell speech,HIGH,USD
4ca6cd0f-f825-49d4-8fae-4bd1e03f3709,10/09/2024 01:00:00,RBNZ Interest Rate Decision,HIGH,NZD
951e1403-e2a7-4610-885c-9071e10f8c69,10/09/2024 01:00:00,RBNZ Monetary Policy Review,HIGH,NZD
928dcb05-f76d-4caa-8347-39fe0f63b666,10/09/2024 18:00:00,FOMC Minutes,HIGH,USD
1f11b9e6-52f4-4f30-bae0-ce8eaa08dd8a,10/13/2024 20:15:00,RBNZ's Governor Orr speech,HIGH,NZD
3bc9b4ed-bf04-43e1-8ff8-a6a0f98aa3c2,10/15/2024 08:00:00,ECB Bank Lending Survey,HIGH,EUR
b011d89d-5196-453d-8ae7-610a41a9b441,10/17/2024 12:15:00,ECB Main Refinancing Operations Rate,HIGH,EUR
56081f25-3bd2-405d-b182-b04ff6b106c4,10/17/2024 12:15:00,ECB Monetary Policy Statement,HIGH,EUR
2fca70a1-62fa-4883-a294-b04342578fe3,10/17/2024 12:15:00,ECB Rate On Deposit Facility,HIGH,EUR
f529dc80-2e1d-400e-b40f-be922bf7797d,10/17/2024 12:45:00,ECB Press Conference,HIGH,EUR
47c9ddbc-e613-4d14-9cb2-a234ea0259f8,10/22/2024 13:25:00,BoE's Governor Bailey speech,HIGH,GBP
73edca63-a70e-4a82-9f18-4f0c152344a9,10/22/2024 14:30:00,ECB's President Lagarde speech,HIGH,EUR
4161ed2f-dd4e-4766-9ec3-e840e454f794,10/22/2024 19:15:00,ECB's President Lagarde speech,HIGH,EUR
e883a548-27d3-48ee-8623-b9515538411e,10/23/2024 13:45:00,BoC Interest Rate Decision,HIGH,CAD
ddb058dd-45fe-44b2-8265-79efa67af53b,10/23/2024 13:45:00,BoC Monetary Policy Report,HIGH,CAD
37363ec8-ddd8-4a4f-bc1c-28b64f445a1f,10/23/2024 13:45:00,BoC Monetary Policy Statement,HIGH,CAD
ba5c3216-d265-4950-9858-88859f63b0a4,10/23/2024 14:00:00,ECB's President Lagarde speech,HIGH,EUR
46776ad9-59e5-4b5c-9d3a-049351c94a14,10/23/2024 14:30:00,BoC Press Conference,HIGH,CAD
a9d16119-4c6f-49f5-846e-c56f232025a7,10/23/2024 17:00:00,RBNZ's Governor Orr speech,HIGH,NZD
c06e7905-9676-4e0c-8020-dd3b1dc19887,10/23/2024 18:45:00,BoE's Governor Bailey speech,HIGH,GBP
d081514c-9b78-45bf-855e-74db7476c606,10/23/2024 19:00:00,BoJ Governor Ueda speech,HIGH,JPY
85172d0c-4036-47e5-bfb6-4e8540c7638f,10/26/2024 15:20:00,BoE's Governor Bailey speech,HIGH,GBP
92ef2a88-5d2c-4198-9188-1d2f298f5387,10/28/2024 17:30:00,BoC's Governor Macklem speech,HIGH,CAD
1a851020-5e6d-4504-8b2b-06a24c7b6d62,10/29/2024 19:30:00,BoC's Governor Macklem speech,HIGH,CAD
8236e6b3-32f4-40ca-907d-6e5c55c92b76,10/30/2024 20:15:00,BoC's Governor Macklem speech,HIGH,CAD
819bfc44-c8cb-4f11-accd-1126da9281b5,10/31/2024 02:48:00,BoJ Monetary Policy Statement,HIGH,JPY
f5a59416-6566-4eb0-baad-859a9a9556d4,10/31/2024 02:48:29,BoJ Interest Rate Decision,HIGH,JPY
5ba8a2bb-89a1-43db-93fa-cc5a7fb4b0cc,10/31/2024 06:30:00,BoJ Press Conference,HIGH,JPY
9d6b4674-f5dc-462f-9aa4-f37ab3aa87db,11/05/2024 15:10:00,ECB's President Lagarde speech,HIGH,EUR
bd7ab157-62fb-4374-8e25-bf1213e616e7,11/06/2024 14:00:00,ECB's President Lagarde speech,HIGH,EUR
c438968b-a662-4cb3-930c-c0437b5c6849,11/07/2024 12:00:00,BoE Interest Rate Decision,HIGH,GBP
4a3cf5db-04e4-498d-9d29-98251c2400e1,11/07/2024 12:00:00,BoE Minutes,HIGH,GBP
d14b3c02-8ae0-4af0-a5c1-d1ad021f0dfa,11/07/2024 12:00:00,BoE Monetary Policy Report,HIGH,GBP
7e30f33d-df55-4b3c-b446-196cb8686b30,11/07/2024 12:00:00,BoE Monetary Policy Summary,HIGH,GBP
cdcd8799-cd02-46d8-bc96-b07ccf19a6fd,11/07/2024 12:00:00,BoE MPC Vote Rate Cut,HIGH,GBP
9a4eb59d-d7a9-4cf9-a703-f564bb287d9d,11/07/2024 12:00:00,BoE MPC Vote Rate Hike,HIGH,GBP
1c5a1927-35eb-4c63-99ca-4223dd01bd3c,11/07/2024 12:00:00,BoE MPC Vote Rate Unchanged,HIGH,GBP
aebb3024-d23a-4df3-b2e0-b603f4cb8ac2,11/07/2024 12:30:00,BoE's Governor Bailey speech,HIGH,GBP
08bee6a4-c2c5-4c14-9ea2-ec5b55359201,11/07/2024 19:00:00,Fed Interest Rate Decision,HIGH,USD
0da2b982-eee6-4ff8-8c66-e85d4b349ee1,11/07/2024 19:00:00,Fed Monetary Policy Statement,HIGH,USD
cf90d394-fee9-4ca7-a2e2-f76f60323d0f,11/07/2024 19:30:00,FOMC Press Conference,HIGH,USD
d99f801b-a4b6-4908-a226-9ccd7ebbf580,11/09/2024 15:35:00,ECB's President Lagarde speech,HIGH,EUR
574f006d-3b7c-4543-b8b9-d7513ca0ffe8,11/14/2024 20:00:00,Fed's Powell speech,HIGH,USD
0c974368-8158-489c-a4b3-6e244b65637d,11/14/2024 21:00:00,BoE's Governor Bailey speech,HIGH,GBP
5aaca876-4267-4448-899d-52df872e1267,11/18/2024 01:05:00,BoJ Governor Ueda speech,HIGH,JPY
937cab4f-3274-4bf2-a23b-d0a54c6d8d5a,11/18/2024 04:45:00,BoJ Governor Ueda speech,HIGH,JPY
c36b7e82-844b-4949-a90f-93ac9459ac29,11/18/2024 18:30:00,ECB's President Lagarde speech,HIGH,EUR
35f5ec5e-4a29-4c17-b880-5a0cd43b74dc,11/19/2024 10:00:00,BoE Monetary Policy Report Hearings,HIGH,GBP
0bb3b8f6-e063-44f0-8818-5fcccc8705d6,11/20/2024 13:00:00,ECB's President Lagarde speech,HIGH,EUR
5324c714-4cef-40a4-9b6e-3eea18f58c5e,11/21/2024 05:10:00,BoJ Governor Ueda speech,HIGH,JPY
8de62d02-6ae9-415f-b811-8383a6e0aabd,11/22/2024 08:30:00,ECB's President Lagarde speech,HIGH,EUR
6401d121-347f-463b-a90d-1c705b379a9f,11/22/2024 12:40:00,SNB Chairman Schlegel speech,HIGH,CHF
4d5538cf-e874-401c-bed2-5d014cf698a6,11/26/2024 19:00:00,FOMC Minutes,HIGH,USD
15b77496-6687-4ec8-8444-60c056c74443,11/27/2024 01:00:00,RBNZ Interest Rate Decision,HIGH,NZD
e3466df2-ba8a-44e5-bc74-a8791e6b26b1,11/27/2024 01:00:00,RBNZ Monetary Policy Review,HIGH,NZD
0fbcc512-cb04-4a73-827c-4e50b500636b,11/27/2024 02:00:00,RBNZ Press Conference,HIGH,NZD
089e120f-d9f4-4366-bdb7-1ac289ef8781,12/03/2024 16:00:00,RBNZ's Governor Orr speech,HIGH,NZD
edac5548-42d2-4306-81e7-08b6d66181c5,12/04/2024 09:00:00,BoE's Governor Bailey speech,HIGH,GBP
8ebacfaf-fff4-4ffe-b5d8-ac5adcc622a2,12/04/2024 13:30:00,ECB's President Lagarde speech,HIGH,EUR
43ce6526-b162-4948-8c39-36be50fef2b0,12/04/2024 15:30:00,ECB's President Lagarde speech,HIGH,EUR
c4dd8e43-10da-45d7-acd8-3f0d5df9ff81,12/04/2024 18:45:00,Fed's Powell speech,HIGH,USD
5e5f61f0-0966-4952-b777-7ac437cf02aa,12/11/2024 14:45:00,BoC Interest Rate Decision,HIGH,CAD
2e0190f2-a93b-4451-a55c-60ed1c4c7598,12/11/2024 14:45:00,BoC Monetary Policy Statement,HIGH,CAD
082c1e24-777b-4c8b-9931-d4e920d23caf,12/11/2024 15:30:00,BoC Press Conference,HIGH,CAD
ff8e642e-76c1-4cda-9358-662d4212f1ca,12/12/2024 08:30:00,SNB Interest Rate Decision,HIGH,CHF
940550b7-f0a4-4d11-a38b-57dd6c005adf,12/12/2024 08:30:00,SNB Monetary Policy Assessment,HIGH,CHF
9ecad2e1-4113-4fd6-bdc8-37642efadd0a,12/12/2024 09:00:00,SNB Press Conference,HIGH,CHF
89a7ecf1-5f31-44da-bbcb-e65fb0ae0e0f,12/12/2024 13:15:00,ECB Main Refinancing Operations Rate,HIGH,EUR
470d8b57-0dfe-4a51-8fd8-93d0d72d1345,12/12/2024 13:15:00,ECB Monetary Policy Statement,HIGH,EUR
51500de7-72eb-4b80-87ec-2d5e41cef773,12/12/2024 13:15:00,ECB Rate On Deposit Facility,HIGH,EUR
63f3ef87-f1da-4411-8d8b-1f0c27aad4ed,12/12/2024 13:45:00,ECB Press Conference,HIGH,EUR
b9ad1cd8-fc72-4d2d-bb05-fc56c15ed746,12/16/2024 08:15:00,ECB's President Lagarde speech,HIGH,EUR
f705e341-49e4-4573-8b66-ecfcb803043f,12/16/2024 08:30:00,ECB's President Lagarde speech,HIGH,EUR
5cea6160-611d-4e41-a263-b1deecb41ea5,12/16/2024 20:35:00,BoC's Governor Macklem speech,HIGH,CAD
fb927115-7cb0-4637-a81e-3eaa8208719d,12/18/2024 19:00:00,Fed Interest Rate Decision,HIGH,USD
01e01985-cc68-4dd8-a9a1-ba1c043940e8,12/18/2024 19:00:00,Fed Monetary Policy Statement,HIGH,USD
c888e77d-1d83-43ca-ad9e-f0556a6581a9,12/18/2024 19:00:00,FOMC Economic Projections,HIGH,USD
3a3a1a0f-9a63-4d3f-8f0b-b75f151bfa3a,12/18/2024 19:00:00,Interest Rate Projections - 1st year,HIGH,USD
dc5de0f7-b3dc-4457-9d4a-6008f70a1381,12/18/2024 19:00:00,Interest Rate Projections - 2nd year,HIGH,USD
efe892e5-baf2-410f-aec8-119c09c730ef,12/18/2024 19:00:00,Interest Rate Projections - 3rd year,HIGH,USD
35014d6f-a47b-4882-b530-bb441dbb1e0a,12/18/2024 19:00:00,Interest Rate Projections - Current,HIGH,USD
4c4fb626-08df-4eb5-9c5e-92b09e807b23,12/18/2024 19:00:00,Interest Rate Projections - Longer,HIGH,USD
de65cbed-0a6f-4049-8e57-38f96bde6603,12/18/2024 19:30:00,FOMC Press Conference,HIGH,USD
8922b3b8-3f75-4d4d-9dc7-2e1fefe1b3f0,12/19/2024 02:52:00,BoJ Monetary Policy Statement,HIGH,JPY
6ff6f27f-3a71-4007-abfa-a7a2bd8cf4ad,12/19/2024 02:52:27,BoJ Interest Rate Decision,HIGH,JPY
c6c01333-cdd8-40e3-b0b1-971cdf9b4fe6,12/19/2024 06:30:00,BoJ Press Conference,HIGH,JPY
b27ace63-a6c4-4783-b396-27df011e2f3d,12/19/2024 12:00:00,BoE Interest Rate Decision,HIGH,GBP
597bef1a-7f05-42f9-b271-986a1ebce003,12/19/2024 12:00:00,BoE Minutes,HIGH,GBP
a9ae1b08-8b9c-42a9-92e1-626be1aa04d5,12/19/2024 12:00:00,BoE Monetary Policy Summary,HIGH,GBP
de1b951a-cff0-4405-99ed-f083927def85,12/19/2024 12:00:00,BoE MPC Vote Rate Cut,HIGH,GBP
4bfacd1d-1ff7-4529-bd4b-5b3e333f7f62,12/19/2024 12:00:00,BoE MPC Vote Rate Hike,HIGH,GBP
2a8a0ecc-905d-4c9d-8abb-f6fc5e25b91a,12/19/2024 12:00:00,BoE MPC Vote Rate Unchanged,HIGH,GBP
81529c76-2ff7-4864-a549-96e982183247,12/25/2024 00:00:00,BoJ Governor Ueda speech,HIGH,JPY
d301ffa4-1fe0-4d34-ad52-e43bd9b78e01,01/08/2025 19:00:00,FOMC Minutes,HIGH,USD
8953c4c6-80a0-4260-8738-3986b18514d1,01/17/2025 17:00:00,BoE's Governor Bailey speech,HIGH,GBP
44954615-1d3c-4773-bb18-3eec29d0c481,01/22/2025 15:15:00,ECB's President Lagarde speech,HIGH,EUR
b73761c2-e579-4886-bbf8-cfc0dc97d302,01/24/2025 03:23:00,BoJ Monetary Policy Statement,HIGH,JPY
dab98628-1c08-426d-80c0-af937856a124,01/24/2025 03:23:28,BoJ Interest Rate Decision,HIGH,JPY
045df81c-784d-42db-bb1a-3a0aee5e7b79,01/24/2025 06:30:00,BoJ Press Conference,HIGH,JPY
5b362709-c12c-420c-b860-dc21de4a516f,01/24/2025 10:00:00,ECB's President Lagarde speech,HIGH,EUR
9cfadf8d-df19-459e-bb30-7ea254ea3920,01/27/2025 08:10:00,ECB's President Lagarde speech,HIGH,EUR
5699e384-efc7-4dd0-9df7-304bcc560687,01/28/2025 09:00:00,ECB Bank Lending Survey,HIGH,EUR
17abcb07-860e-4dcf-b546-43f1874b7ceb,01/28/2025 17:00:00,ECB's President Lagarde speech,HIGH,EUR
e0bf5d62-7073-41ff-904a-5a50c75af258,01/29/2025 14:15:00,BoE's Governor Bailey speech,HIGH,GBP
5a253199-0248-4614-81b0-06727fa0fb6f,01/29/2025 14:45:00,BoC Interest Rate Decision,HIGH,CAD
310ac4e3-3ea6-4ebe-9d8d-445b23eed4a7,01/29/2025 14:45:00,BoC Monetary Policy Report,HIGH,CAD
b56ec9b2-17ff-4168-bfc3-2a357c2fc47a,01/29/2025 14:45:00,BoC Monetary Policy Statement,HIGH,CAD
b571e7aa-f41c-413a-bfd9-4b0e565366c6,01/29/2025 15:30:00,BoC Press Conference,HIGH,CAD
5bd5b78a-772f-4e9c-ae01-754e80d70ebf,01/29/2025 19:00:00,Fed Interest Rate Decision,HIGH,USD
d03b9ba6-6cc5-4b75-b58a-04d204682cd8,01/29/2025 19:00:00,Fed Monetary Policy Statement,HIGH,USD
10eede05-8103-4117-9661-5ba7aef1ea61,01/29/2025 19:30:00,FOMC Press Conference,HIGH,USD
9d3915f8-e301-4aac-8074-e23fa54deddb,01/30/2025 13:15:00,ECB Main Refinancing Operations Rate,HIGH,EUR
373f20bb-9439-49d3-ab9b-dfca85581ad3,01/30/2025 13:15:00,ECB Monetary Policy Statement,HIGH,EUR
71014c59-cfcc-44f2-9ecd-bc51a49d8284,01/30/2025 13:15:00,ECB Rate On Deposit Facility,HIGH,EUR
d30e3f06-aca0-4268-aae3-03adcd893f85,01/30/2025 13:45:00,ECB Press Conference,HIGH,EUR
8abf7554-7f73-4845-b428-329ad24a87ec,02/06/2025 12:00:00,BoE Interest Rate Decision,HIGH,GBP
32c5a3a1-4327-4cc8-a992-2438a76ee6c9,02/06/2025 12:00:00,BoE Minutes,HIGH,GBP
6bd1a7e9-347c-4c6e-9df7-ceb4e069d35e,02/06/2025 12:00:00,BoE Monetary Policy Report,HIGH,GBP
9d4f59f4-e3ec-4e1f-a902-96e6527a4eb8,02/06/2025 12:00:00,BoE Monetary Policy Summary,HIGH,GBP
69da35ab-cc62-4036-ab62-6d2817617e2f,02/06/2025 12:00:00,BoE MPC Vote Rate Cut,HIGH,GBP
a7a98548-d7ad-46f8-8c63-57a30495f0f9,02/06/2025 12:00:00,BoE MPC Vote Rate Hike,HIGH,GBP
a1cf7307-b10f-4d12-8cfd-6e6c7b613b60,02/06/2025 12:00:00,BoE MPC Vote Rate Unchanged,HIGH,GBP
9f8f4477-2096-40f0-96f7-0f7b1467a1d1,02/06/2025 12:30:00,BoE's Governor Bailey speech,HIGH,GBP
e57fdc58-c091-4ed8-a8f1-e12ddcf5aaef,02/06/2025 22:00:00,BoC's Governor Macklem speech,HIGH,CAD
2b84704e-0189-4ea5-8c7f-bce6ae561e1d,02/10/2025 16:15:00,ECB's President Lagarde speech,HIGH,EUR
f72c9a2e-be95-4bce-ba10-574ee1cc0350,02/11/2025 12:15:00,BoE's Governor Bailey speech,HIGH,GBP
a7923841-9267-41eb-b8c5-9cbcea061f6b,02/11/2025 15:00:00,Fed's Chair Powell testifies,HIGH,USD
a5503222-73a0-4bcc-8025-17c5b3891d77,02/12/2025 15:00:00,Fed's Chair Powell testifies,HIGH,USD
a3af06f8-31b7-41d4-b0b4-0427d5a17044,02/18/2025 09:30:00,BoE's Governor Bailey speech,HIGH,GBP
33702646-b82b-4807-ad40-a38521800d12,02/19/2025 01:00:00,RBNZ Interest Rate Decision,HIGH,NZD
9047f22c-aa1e-4a27-b1cc-1bea32209f30,02/19/2025 01:00:00,RBNZ Monetary Policy Review,HIGH,NZD
4781ccdb-8fd0-4d27-b85e-d2833b4335ae,02/19/2025 02:00:00,RBNZ Press Conference,HIGH,NZD
c88c84a6-8b05-4971-b2a2-f7cda0c2af0b,02/19/2025 19:00:00,FOMC Minutes,HIGH,USD
bab12ed9-2aeb-4ac3-82a8-cca7c61c3d73,02/21/2025 19:10:00,BoC's Governor Macklem speech,HIGH,CAD
297667ed-4e96-4db1-97e6-62fce16ee930,03/05/2025 00:30:00,BoJ Governor Ueda speech,HIGH,JPY
8e0daf74-6dda-41f6-bc7e-3b8d0d1246cc,03/05/2025 14:30:00,BoE Monetary Policy Report Hearings,HIGH,GBP
1090e722-e85d-45f3-af9c-012ea195ebc3,03/06/2025 13:15:00,ECB Main Refinancing Operations Rate,HIGH,EUR
3d8b6177-4395-4fbf-9f42-3de00f38f5f7,03/06/2025 13:15:00,ECB Monetary Policy Statement,HIGH,EUR
96f43c0f-2b96-4db9-9de7-3520272a8e75,03/06/2025 13:15:00,ECB Rate On Deposit Facility,HIGH,EUR
1f9170cf-e50b-4b8b-8fca-0242340fb016,03/06/2025 13:45:00,ECB Press Conference,HIGH,EUR
5bd194ff-6558-4478-9bdb-7552259fbd00,03/06/2025 15:35:00,ECB's President Lagarde speech,HIGH,EUR
111a8ad7-81d7-43e9-ae94-56217a4ee942,03/07/2025 09:30:00,ECB's President Lagarde speech,HIGH,EUR
38d67c3a-7e8a-4f61-bffc-16a41f3b76c2,03/07/2025 17:30:00,Fed's Powell speech,HIGH,USD
537effaa-5f7b-486e-a8ad-76c41fb047eb,03/12/2025 08:45:00,ECB's President Lagarde speech,HIGH,EUR
04043bba-3349-4a5a-9bfd-a0e559926367,03/12/2025 13:45:00,BoC Interest Rate Decision,HIGH,CAD
e2b28db8-cdcc-494b-b305-e823d93e892f,03/12/2025 13:45:00,BoC Monetary Policy Statement,HIGH,CAD
48456506-c5dd-4f19-a4c2-949182c9dfe0,03/12/2025 14:30:00,BoC Press Conference,HIGH,CAD
4acbdca2-ae0a-4b65-9766-9dc7b36df76b,03/17/2025 14:00:00,ECB's President Lagarde speech,HIGH,EUR
b5041df5-708e-4c3b-b673-725696267fc6,03/19/2025 02:25:00,BoJ Monetary Policy Statement,HIGH,JPY
9f8dd946-066d-4d18-92e5-b6d33a02921d,03/19/2025 02:25:27,BoJ Interest Rate Decision,HIGH,JPY
ca2b9838-7f10-4d88-99de-daf4a81ccb9c,03/19/2025 06:30:00,BoJ Press Conference,HIGH,JPY
a02543c0-7dae-4db2-9270-793995fb0f83,03/19/2025 18:00:00,Fed Interest Rate Decision,HIGH,USD
f2a3c944-909b-455c-8d44-7cb34c7be5eb,03/19/2025 18:00:00,Fed Monetary Policy Statement,HIGH,USD
10c4ed07-9183-4d96-ae6e-6853e404fec1,03/19/2025 18:00:00,FOMC Economic Projections,HIGH,USD
6d8289c5-3b07-44a8-ac71-4ad6ffadfc2c,03/19/2025 18:00:00,Interest Rate Projections - 1st year,HIGH,USD
ce112c28-e177-43bf-b249-a0613bc07fb6,03/19/2025 18:00:00,Interest Rate Projections - 2nd year,HIGH,USD
25df6ec9-94f3-47c3-a91e-3452e2b2ee58,03/19/2025 18:00:00,Interest Rate Projections - Current,HIGH,USD
32772c39-a893-414b-a78f-01e11af2bd36,03/19/2025 18:00:00,Interest Rate Projections - Longer,HIGH,USD
89f9e00a-7094-4fda-8384-cde9cddadad2,03/19/2025 18:30:00,FOMC Press Conference,HIGH,USD
41e4ad8a-2386-4842-a66c-cb6f91bb2b16,03/20/2025 08:00:00,ECB's President Lagarde speech,HIGH,EUR
55ec3a84-0197-444f-b34d-6d8a3e38b21f,03/20/2025 08:30:00,SNB Interest Rate Decision,HIGH,CHF
6e704772-8d13-40e5-a647-24db8b5b3588,03/20/2025 08:30:00,SNB Monetary Policy Assessment,HIGH,CHF
f0b9f9df-c1d0-4f4d-a4b7-66aced03ec25,03/20/2025 09:00:00,SNB Press Conference,HIGH,CHF
4c96052e-49e6-44c5-be4c-3e44056624a3,03/20/2025 12:00:00,BoE Interest Rate Decision,HIGH,GBP
98a7fb61-0bce-4118-8743-4d9da4152f18,03/20/2025 12:00:00,BoE Minutes,HIGH,GBP
04afcc3c-c0d7-42f7-ae66-0787f1cacb8d,03/20/2025 12:00:00,BoE Monetary Policy Summary,HIGH,GBP
eb4381f2-f306-484e-88f6-bcc3809df30e,03/20/2025 12:00:00,BoE MPC Vote Rate Cut,HIGH,GBP
1d2deda1-d6c2-4f5b-a70a-cebf605d104d,03/20/2025 12:00:00,BoE MPC Vote Rate Hike,HIGH,GBP
752fa320-905f-481b-9a8c-261469997793,03/20/2025 12:00:00,BoE MPC Vote Rate Unchanged,HIGH,GBP
6031b751-ad77-47f1-9aea-dcf35e524e08,03/20/2025 17:00:00,BoC's Governor Macklem speech,HIGH,CAD
1d1a66af-6caf-47e4-ae17-e05220475fb0,03/24/2025 18:00:00,BoE's Governor Bailey speech,HIGH,GBP
c43076ce-1425-4514-9316-f5933fb4e537,03/25/2025 03:20:00,BoJ Governor Ueda speech,HIGH,JPY
dac0f6ac-cd0a-4a98-93e6-2d9c18225567,03/27/2025 18:05:00,ECB's President Lagarde speech,HIGH,EUR
f3fdb738-282d-492d-af06-516e1a402072,04/01/2025 12:30:00,ECB's President Lagarde speech,HIGH,EUR
13f82f3e-f015-4c8a-9f8a-ffe0535f0103,04/01/2025 22:20:00,Fed's Goolsbee speech,HIGH,USD
6ce75085-9e5a-4d95-b47d-6787bf966b58,04/04/2025 15:25:00,Fed's Powell speech,HIGH,USD
288ffe4d-cf95-45c3-bd66-535f56213e88,04/09/2025 02:00:00,RBNZ Interest Rate Decision,HIGH,NZD
18155897-532e-4424-9423-b42f524397ac,04/09/2025 02:00:00,RBNZ Monetary Policy Review,HIGH,NZD
a3228e28-8e74-44df-8f65-cc29e691feaf,04/09/2025 06:15:00,BoJ Governor Ueda speech,HIGH,JPY
2fcca8b1-8b6b-4131-8cec-81541d19da93,04/09/2025 18:00:00,FOMC Minutes,HIGH,USD
92153389-ae5c-4995-a58b-6200eabae5a9,04/11/2025 09:45:00,ECB's President Lagarde speech,HIGH,EUR
db7d6770-c3e1-46d1-a62c-b8f2fd973a3c,04/15/2025 08:00:00,ECB Bank Lending Survey,HIGH,EUR
e81e9074-eb02-4c5f-af54-00e3ba80096c,04/15/2025 16:00:00,ECB's President Lagarde speech,HIGH,EUR
d44beaff-124f-4745-8daf-144068a5b9c5,04/16/2025 13:45:00,BoC Interest Rate Decision,HIGH,CAD
7ff1697e-2e39-4de9-bc9f-8a9a8b7e1ca3,04/16/2025 13:45:00,BoC Monetary Policy Report,HIGH,CAD
1a5a7605-4461-4b4c-a697-bba5880da433,04/16/2025 13:45:00,BoC Monetary Policy Statement,HIGH,CAD
4a31ea02-65fd-4ab7-b9c8-26bedd3c0880,04/16/2025 14:30:00,BoC Press Conference,HIGH,CAD
aab5e281-ef02-46e6-b66d-0702b83e6626,04/16/2025 17:30:00,Fed's Powell speech,HIGH,USD
d5a2aaff-c3bf-4c9e-9e0b-2580636e325d,04/17/2025 12:15:00,ECB Main Refinancing Operations Rate,HIGH,EUR
e6c6b81e-c61b-45ad-8c2a-b488e85910ff,04/17/2025 12:15:00,ECB Monetary Policy Statement,HIGH,EUR
371dcd80-dd7a-4f29-87e4-c5be1f72c9a1,04/17/2025 12:15:00,ECB Rate On Deposit Facility,HIGH,EUR
71aa891f-ee14-445a-9d0e-d314de8fc3a3,04/17/2025 12:45:00,ECB Press Conference,HIGH,EUR
011f2bfd-c2b3-4ffc-8e4a-a90d04f68999,04/22/2025 14:00:00,ECB's President Lagarde speech,HIGH,EUR
e4e4ab6e-70fd-47c7-b9fd-c2bbd2f9849e,04/23/2025 17:15:00,BoE's Governor Bailey speech,HIGH,GBP
0c9f6422-8083-4bbf-9ba0-444325f98d0a,05/01/2025 03:02:00,BoJ Monetary Policy Statement,HIGH,JPY
56c19966-1dfd-483d-91f3-fc2b32e87483,05/01/2025 03:02:21,BoJ Interest Rate Decision,HIGH,JPY
7c8f3f1d-4e57-4d33-b262-56f64aa7dffa,05/01/2025 06:30:00,BoJ Press Conference,HIGH,JPY
ab4ace0d-dd49-4488-8a12-a073273a3af4,05/06/2025 07:35:00,SNB Chairman Schlegel speech,HIGH,CHF
122d3205-cf67-426b-9bd6-eeadc622b932,05/07/2025 18:00:00,Fed Interest Rate Decision,HIGH,USD
1ca62fc3-cbc5-4b12-a52e-ce0a2cb41723,05/07/2025 18:00:00,Fed Monetary Policy Statement,HIGH,USD
bf8aef80-985e-418d-a9d5-4f38499ecd00,05/07/2025 18:30:00,FOMC Press Conference,HIGH,USD
649b8eba-7d1a-4fcb-a785-f39a1d11f3c9,05/08/2025 11:02:00,BoE Interest Rate Decision,HIGH,GBP
463e46b7-a84c-4f3f-b47f-4fe6d00c70e8,05/08/2025 11:02:00,BoE Minutes,HIGH,GBP
47c6d1cb-f22c-4d41-b3fe-cb26ecbba3c1,05/08/2025 11:02:00,BoE Monetary Policy Report,HIGH,GBP
3a86ab8f-6e85-49ce-9e97-921650542343,05/08/2025 11:02:00,BoE Monetary Policy Summary,HIGH,GBP
0cff5d89-1450-4f83-b3ab-a588d123266b,05/08/2025 11:02:00,BoE MPC Vote Rate Cut,HIGH,GBP
3750a51b-a049-4808-b8ba-3305b474896f,05/08/2025 11:02:00,BoE MPC Vote Rate Hike,HIGH,GBP
9dcc5565-da93-49cd-990c-47c7cb47d9ef,05/08/2025 11:02:00,BoE MPC Vote Rate Unchanged,HIGH,GBP
d2df2f76-dda7-448a-9c7a-6ec579fbb6ec,05/08/2025 11:30:00,BoE's Governor Bailey speech,HIGH,GBP
5b2e1e73-1fe8-492d-bca6-252707aadb11,05/08/2025 14:00:00,BoC's Governor Macklem speech,HIGH,CAD
bab7e471-22b5-4746-9036-29a9dfc80fe9,05/09/2025 08:40:00,BoE's Governor Bailey speech,HIGH,GBP
ddcfbeba-5496-4c39-86f1-d6f59815ba95,05/13/2025 15:00:00,BoE's Governor Bailey speech,HIGH,GBP
f7589430-ab61-4c76-a781-bb1f633e908a,05/15/2025 12:40:00,Fed's Powell speech,HIGH,USD
942d8ee9-f906-4d97-a0ff-7b3c7f227485,05/17/2025 20:00:00,ECB's President Lagarde speech,HIGH,EUR
bf6b196e-7131-4ef6-8091-b47cef2eeba2,05/22/2025 18:30:00,BoC's Governor Macklem speech,HIGH,CAD
87911824-9e47-4b55-a151-9582d6fdbe00,05/22/2025 21:22:00,ECB's President Lagarde speech,HIGH,EUR
d9889632-f059-4e46-a1fc-9c996306330c,05/25/2025 18:40:00,Fed's Powell speech,HIGH,USD
1e0a2ba5-db4e-4380-92f0-046aac988099,05/26/2025 13:20:00,ECB's President Lagarde speech,HIGH,EUR
9835dd7b-8c11-4b3d-98bb-90e2cade2b78,05/27/2025 00:00:00,BoJ Governor Ueda speech,HIGH,JPY
03da6d34-fea0-421b-9889-5acb63721580,05/27/2025 16:20:00,SNB Chairman Schlegel speech,HIGH,CHF
8c0b86f6-09c3-433b-a873-b5e82f422961,05/28/2025 02:00:00,RBNZ Interest Rate Decision,HIGH,NZD
cd39dc67-d92c-42ad-9010-20ddce893ee7,05/28/2025 02:00:00,RBNZ Monetary Policy Review,HIGH,NZD
83425b01-0df9-48a7-be05-b117a59f2be0,05/28/2025 03:00:00,RBNZ Press Conference,HIGH,NZD
c7b96a24-4272-4f96-bfaa-5e6727576301,05/28/2025 18:00:00,RBNZ's Governor Hawkesby speech,HIGH,NZD
e3568b5b-a7f9-447c-a271-75d712ea405e,05/28/2025 18:00:00,FOMC Minutes,HIGH,USD
1b4bfb06-d3fd-4359-8f69-09ec8b44e3e7,05/29/2025 19:00:00,BoE's Governor Bailey speech,HIGH,GBP
6106889d-6d59-4ee3-aa3a-73103a3c680d,06/02/2025 17:00:00,Fed's Powell speech,HIGH,USD
93c76631-b982-4c86-b879-1c74dc5889f0,06/03/2025 07:50:00,BoJ Governor Ueda speech,HIGH,JPY
b709a9c4-347e-4d7f-85f6-1123321b8e38,06/03/2025 09:15:00,BoE Monetary Policy Report Hearings,HIGH,GBP
869115e5-85fc-4582-8f1a-bcd804a5217a,06/04/2025 13:45:00,BoC Interest Rate Decision,HIGH,CAD
1a7fcffd-154a-4033-8180-c6fc388d0828,06/04/2025 13:45:00,BoC Monetary Policy Statement,HIGH,CAD
91a77aa6-c8e6-44bf-9afb-6bd0440220bb,06/04/2025 14:30:00,BoC Press Conference,HIGH,CAD
5b359c63-7db8-4898-8983-3810b9c1f503,06/05/2025 12:15:00,ECB Main Refinancing Operations Rate,HIGH,EUR
51fab329-d389-4b85-b218-8d2fbdd99ea9,06/05/2025 12:15:00,ECB Monetary Policy Statement,HIGH,EUR
aad3dd5a-6f1e-4cc9-a8f4-bdfdead4ab58,06/05/2025 12:15:00,ECB Rate On Deposit Facility,HIGH,EUR
6379ae21-29b2-4d6d-a2ec-9aa944c7af79,06/05/2025 12:45:00,ECB Press Conference,HIGH,EUR
3fd47bf2-ef84-4047-b487-35fb3e7b29d7,06/06/2025 08:30:00,ECB's President Lagarde speech,HIGH,EUR
58eecafc-6352-46a9-b04f-96a88edaa889,06/07/2025 07:30:00,ECB's President Lagarde speech,HIGH,EUR
91c34b9a-19b0-48ac-a308-7bc96c98d98b,06/17/2025 03:00:00,BoJ Monetary Policy Statement,HIGH,JPY
476b8063-6b4a-4259-80a8-50f85bd9dad8,06/17/2025 03:31:14,BoJ Interest Rate Decision,HIGH,JPY
3a484b94-4703-422d-bd31-f77622950e46,06/17/2025 06:30:00,BoJ Press Conference,HIGH,JPY
6abbdf4a-5f67-4e41-9f3a-caa93febcee5,06/18/2025 15:30:00,BoC's Governor Macklem speech,HIGH,CAD
7bf0e98d-ff60-4e05-9d68-3c6c17f65e62,06/18/2025 18:00:00,Fed Interest Rate Decision,HIGH,USD
7f5e355a-c11b-4cd7-b903-9cb651b637c0,06/18/2025 18:00:00,Fed Monetary Policy Statement,HIGH,USD
410e5724-5f68-4b7a-ac33-facf30b89596,06/18/2025 18:00:00,FOMC Economic Projections,HIGH,USD
36f23aaf-de77-4f5e-a296-ad2e2c42ee85,06/18/2025 18:00:00,Interest Rate Projections - 1st year,HIGH,USD
15e974db-77e8-421c-9306-698da4e58f43,06/18/2025 18:00:00,Interest Rate Projections - 2nd year,HIGH,USD
db1eb0ef-f836-4e2c-b3b5-baf72abfde00,06/18/2025 18:00:00,Interest Rate Projections - Current,HIGH,USD
81edf129-099d-444f-acff-ca3e8ef980bc,06/18/2025 18:00:00,Interest Rate Projections - Longer,HIGH,USD
82629cc1-ecc0-46e2-85c4-5996e2b1a0ef,06/18/2025 18:30:00,FOMC Press Conference,HIGH,USD
7fa6f50e-adbe-4da5-9f51-6f0014292f9f,06/19/2025 07:30:00,SNB Interest Rate Decision,HIGH,CHF
25cba058-44f0-47d8-b892-4757b87740ce,06/19/2025 07:30:00,SNB Monetary Policy Assessment,HIGH,CHF
04d4322c-29ce-4ef0-b1ce-0c842ecfc022,06/19/2025 07:30:00,ECB's President Lagarde speech,HIGH,EUR
8fa97e3d-ee3a-41d2-94ac-8311fc519a71,06/19/2025 08:00:00,SNB Press Conference,HIGH,CHF
c81f6a82-57f6-49f3-ab99-9e118499ba40,06/19/2025 11:00:00,BoE Interest Rate Decision,HIGH,GBP
e795714a-c2d7-48e8-9006-3c764c002f60,06/19/2025 11:00:00,BoE Minutes,HIGH,GBP
faa74565-e048-4314-81bb-a259f5eee788,06/19/2025 11:00:00,BoE Monetary Policy Summary,HIGH,GBP
e79d0e30-ecc5-43ac-8b16-2ba809afd7a4,06/19/2025 11:00:00,BoE MPC Vote Rate Cut,HIGH,GBP
d060fabf-4e7f-4cea-b479-bb1d3cf20d5f,06/19/2025 11:00:00,BoE MPC Vote Rate Hike,HIGH,GBP
0c48c4ca-92c5-49c3-8742-9be1bfa0e9d7,06/19/2025 11:00:00,BoE MPC Vote Rate Unchanged,HIGH,GBP
001a7c56-22c7-4673-93d4-adc8c4cdf0da,06/23/2025 13:00:00,ECB's President Lagarde speech,HIGH,EUR
9657ce72-bcfb-4f4c-818c-e358ce3ec000,06/24/2025 14:00:00,BoE's Governor Bailey speech,HIGH,GBP
c0e8bb65-362f-4e24-9533-2a852a3d9cde,06/24/2025 14:00:00,Fed's Chair Powell testifies,HIGH,USD
22544154-5c58-4c34-9926-f69b8aa1cb55,06/25/2025 14:00:00,Fed's Chair Powell testifies,HIGH,USD
2ae46b79-5ec0-430b-9ac3-147922a079de,06/26/2025 11:00:00,BoE's Governor Bailey speech,HIGH,GBP
4f13e19e-0164-4fe4-821c-9593b5762963,06/27/2025 20:30:00,Bank Stress Test Results,HIGH,USD
d70d2d5e-4948-4851-989a-309d9c3bfc24,06/30/2025 19:00:00,ECB's President Lagarde speech,HIGH,EUR
ccb44840-049a-4cbd-8da9-8aa317499f94,07/01/2025 13:30:00,ECB's President Lagarde speech,HIGH,EUR
a82c048a-ae38-4803-941a-d2e74a6e0d66,07/01/2025 13:30:00,BoJ Governor Ueda speech,HIGH,JPY
3ec36a96-d6a1-464f-b7c3-d49080ec5e90,07/01/2025 13:30:00,BoE's Governor Bailey speech,HIGH,GBP
2febcffa-f9be-425d-8e0e-819d27811ebe,07/01/2025 13:30:00,Fed's Powell speech,HIGH,USD
35ce46f7-d32c-4338-9b6d-1f5dba7fbb2e,07/02/2025 14:15:00,ECB's President Lagarde speech,HIGH,EUR
b3fdb9d2-3a93-4900-be33-1192a74a6a53,07/04/2025 05:30:00,ECB's President Lagarde speech,HIGH,EUR
c3e6139a-71c1-4fd8-bb00-98bcf56dd0c4,07/05/2025 15:45:00,BoE's Governor Bailey speech,HIGH,GBP
a0654697-8e3a-4053-91aa-74cd9b9c8aa7,07/09/2025 02:00:00,RBNZ Interest Rate Decision,HIGH,NZD
fd70f02f-fcba-4b56-8dae-90ce844eca23,07/09/2025 02:00:00,RBNZ Monetary Policy Review,HIGH,NZD
26782102-aafe-4eef-b1d1-83969b2ec639,07/09/2025 18:00:00,FOMC Minutes,HIGH,USD
1adcbf9f-2a88-43f4-89f8-6864073c599f,07/14/2025 18:00:00,BoE's Governor Bailey speech,HIGH,GBP
063bc58d-9421-4fb4-9b36-53b4eff5ba4b,07/15/2025 20:00:00,BoE's Governor Bailey speech,HIGH,GBP
eda2fc59-5f83-4868-bb97-75b4ff71407b,07/22/2025 08:00:00,ECB Bank Lending Survey,HIGH,EUR
7d6cf9f4-e7f8-45ff-bb4f-ec3f23991644,07/22/2025 09:15:00,BoE's Governor Bailey speech,HIGH,GBP
b43ee007-29a3-4904-a3e3-932627c3e1b1,07/24/2025 08:00:00,SNB Chairman Schlegel speech,HIGH,CHF
49f5e86e-e7d8-4203-98b6-95a45f7f3d34,07/24/2025 12:15:00,ECB Main Refinancing Operations Rate,HIGH,EUR
09036d17-fdc9-4b65-944c-52425ee20424,07/24/2025 12:15:00,ECB Monetary Policy Statement,HIGH,EUR
66a2d43c-cb3c-4dad-87e5-1bfcdfa29422,07/24/2025 12:15:00,ECB Rate On Deposit Facility,HIGH,EUR
9c919c4d-2806-439e-b5e7-fb02629fe000,07/24/2025 12:45:00,ECB Press Conference,HIGH,EUR
bcdad7a0-88ce-4ebb-a034-8d9351220133,07/30/2025 13:45:00,BoC Interest Rate Decision,HIGH,CAD
12873696-48a1-4981-a5c0-52070cf83dc5,07/30/2025 13:45:00,BoC Monetary Policy Report,HIGH,CAD
c5866a0b-9303-47dd-975d-dfe452dfe81f,07/30/2025 13:45:00,BoC Monetary Policy Statement,HIGH,CAD
f6489c99-d807-45f4-9de8-02e77838c561,07/30/2025 14:30:00,BoC Press Conference,HIGH,CAD
9921b73a-a8f0-4f38-b0a3-df8a7ca770a6,07/30/2025 18:00:00,Fed Interest Rate Decision,HIGH,USD
0144a29f-d551-49bc-b3ce-090375f4ea25,07/30/2025 18:00:00,Fed Monetary Policy Statement,HIGH,USD
37324485-69d1-4ef9-a7d4-2656f8c6795e,07/30/2025 18:30:00,FOMC Press Conference,HIGH,USD
368d5d89-c27c-4984-913c-9b1194ab88f3,07/31/2025 02:57:00,BoJ Monetary Policy Statement,HIGH,JPY
e169cd96-74af-4715-a95a-46c0563fd820,07/31/2025 02:57:19,BoJ Interest Rate Decision,HIGH,JPY
fb7e4f8d-2db3-4556-a2b5-e4bd3ce6217e,07/31/2025 06:30:00,BoJ Press Conference,HIGH,JPY
c2cda0c5-712b-49e2-afc6-f51273aaa459,08/07/2025 11:00:00,BoE Interest Rate Decision,HIGH,GBP
bd41e21d-a06a-43df-80e0-873c0e1a13fa,08/07/2025 11:00:00,BoE Minutes,HIGH,GBP
607ff25f-ee17-48f3-8049-7e57cf80a905,08/07/2025 11:00:00,BoE Monetary Policy Report,HIGH,GBP
50e8aad2-04f9-4918-899e-e0f013d3f897,08/07/2025 11:00:00,BoE Monetary Policy Summary,HIGH,GBP
026dd2aa-2520-4cad-9f4a-e45b14bbe8a6,08/07/2025 11:00:00,BoE MPC Vote Rate Cut,HIGH,GBP
7d1ecb91-e0a8-4f9e-9e6b-3364aa10baea,08/07/2025 11:00:00,BoE MPC Vote Rate Hike,HIGH,GBP
944f9e31-5d89-4c7c-a306-a04505872b56,08/07/2025 11:00:00,BoE MPC Vote Rate Unchanged,HIGH,GBP
513fa743-d8d9-4e6a-9c7f-1324f42ceda3,08/07/2025 11:30:00,BoE's Governor Bailey speech,HIGH,GBP
24b741e0-ed3a-4853-9cb6-59518c8b2dd8,08/20/2025 02:00:00,RBNZ Interest Rate Decision,HIGH,NZD
c54edac0-5510-4c3c-95d9-51349e8ec6d6,08/20/2025 02:00:00,RBNZ Monetary Policy Review,HIGH,NZD
e85b0369-ac52-44d3-9c5d-814bf0e80d48,08/20/2025 02:00:00,RBNZ Monetary Policy Statement,HIGH,NZD
00c4b01b-9eb7-4114-a6c6-e5dbdc959db4,08/20/2025 03:00:00,RBNZ Press Conference,HIGH,NZD
9c729b58-9570-4d20-8777-d9763b4cdd81,08/20/2025 07:10:00,ECB's President Lagarde speech,HIGH,EUR
97b43544-14ac-4642-aa76-1b4afbabf711,08/20/2025 18:00:00,FOMC Minutes,HIGH,USD
49eb3f04-51d7-4fa0-90f4-d136e3501049,08/21/2025 00:00:00,Jackson Hole Symposium,HIGH,USD
ec01f524-7435-47c9-a535-b55f2d98efad,08/22/2025 00:00:00,Jackson Hole Symposium,HIGH,USD
b35b11bb-93dd-43c7-a055-9da71164cbc0,08/22/2025 14:00:00,Fed's Powell speech,HIGH,USD
ff61bfef-c474-4e04-876c-54c7ddfd4ac8,08/23/2025 00:00:00,Jackson Hole Symposium,HIGH,USD
7071df19-b364-4bc8-9f37-963159201375,08/23/2025 16:25:00,ECB's President Lagarde speech,HIGH,EUR
e0cdbe4b-0aaa-4a9e-8c05-3cc85a480fcc,08/23/2025 16:25:00,BoJ Governor Ueda speech,HIGH,JPY
36d3441d-fa55-483c-af81-8948a34a1baa,08/23/2025 16:25:00,BoE's Governor Bailey speech,HIGH,GBP
ad778efd-f1cd-4613-84e2-fa438dc88417,08/26/2025 18:45:00,BoC's Governor Macklem speech,HIGH,CAD
b1df5b52-bbb2-4423-8dd2-bbb31bf8f9d8,09/01/2025 17:30:00,ECB's President Lagarde speech,HIGH,EUR
76a58bd8-bd3f-43f6-8c44-efa39dbbd0c6,09/03/2025 07:30:00,ECB's President Lagarde speech,HIGH,EUR
61096ae2-6d02-4166-af20-5b7a397af7fe,09/03/2025 13:15:00,BoE Monetary Policy Report Hearings,HIGH,GBP
513fb973-70c8-443f-a71e-59e235c0138c,09/03/2025 13:30:00,BoE's Governor Bailey speech,HIGH,GBP
20f0124e-7f88-4edd-9b9f-2bb17ba68b19,09/10/2025 11:45:00,SNB Chairman Schlegel speech,HIGH,CHF
cfe7eb0b-e174-4daf-935b-3ada479b0f33,09/10/2025 23:15:00,RBNZ's Governor Hawkesby speech,HIGH,NZD
cebff90b-6abc-4ef3-91cf-ee9cca50144b,09/11/2025 12:15:00,ECB Main Refinancing Operations Rate,HIGH,EUR
ae6cd803-f04f-4a44-99b3-9257b787f8dd,09/11/2025 12:15:00,ECB Monetary Policy Statement,HIGH,EUR
b1167422-f231-45ea-ac03-c3b29954cf4a,09/11/2025 12:15:00,ECB Rate On Deposit Facility,HIGH,EUR
8e09d493-d44e-4337-9669-439c05fab20d,09/11/2025 12:45:00,ECB Press Conference,HIGH,EUR
09e3d90f-55c5-4cc7-8d25-081eb5bf4100,09/15/2025 18:10:00,ECB's President Lagarde speech,HIGH,EUR
03761afa-a205-4975-9c9a-f05cd1d423a5,09/17/2025 07:30:00,ECB's President Lagarde speech,HIGH,EUR
ad22642d-eb94-4758-8927-c98c7ff4a0b5,09/17/2025 13:45:00,BoC Interest Rate Decision,HIGH,CAD
51413c0a-6640-4df3-baaa-70298f2a73e0,09/17/2025 13:45:00,BoC Monetary Policy Statement,HIGH,CAD
41db92a5-59e7-411c-8922-8420c1a9f4dd,09/17/2025 14:30:00,BoC Press Conference,HIGH,CAD
fd6b9107-32ec-42d0-8c40-27f48ff65b81,09/17/2025 18:00:00,Fed Interest Rate Decision,HIGH,USD
986c01ff-940b-4b6e-84a3-d645542af6ce,09/17/2025 18:00:00,Fed Monetary Policy Statement,HIGH,USD
03c44fcf-fad6-4397-933a-f5df4d0b4d80,09/17/2025 18:00:00,FOMC Economic Projections,HIGH,USD
8397569f-6ed1-4db8-b2c5-38b5835b8531,09/17/2025 18:00:00,Interest Rate Projections - 1st year,HIGH,USD
d434fbe7-11ca-4694-afa8-3c2dd1b75ae7,09/17/2025 18:00:00,Interest Rate Projections - 2nd year,HIGH,USD
d5e197dc-ac8e-469f-af72-da6a15b52df6,09/17/2025 18:00:00,Interest Rate Projections - 3rd year,HIGH,USD
9ed9b74c-bc12-4a47-af9e-3e730e15f8a0,09/17/2025 18:00:00,Interest Rate Projections - Current,HIGH,USD
2d196b2d-a368-45d8-8857-a33d9f4e8ba1,09/17/2025 18:00:00,Interest Rate Projections - Longer,HIGH,USD
7cd0fa75-bb0c-46a9-8bab-613d0cc2c6f0,09/17/2025 18:30:00,FOMC Press Conference,HIGH,USD
e38cc2c8-73ef-4239-afa4-f1e7442732af,09/18/2025 07:10:00,ECB's President Lagarde speech,HIGH,EUR
721f1c2b-31d5-42be-af71-f47d91d791a8,09/18/2025 11:00:00,BoE Interest Rate Decision,HIGH,GBP
05d1f893-30a6-43af-9db5-4ce5d9f0dda1,09/18/2025 11:00:00,BoE Minutes,HIGH,GBP
c573b789-2f32-4eca-881f-d166a6460609,09/18/2025 11:00:00,BoE Monetary Policy Summary,HIGH,GBP
10b8567a-5daa-4751-836b-08baf9227238,09/18/2025 11:00:00,BoE MPC Vote Rate Cut,HIGH,GBP
d388cf87-3cae-47a4-a907-165c06234ca0,09/18/2025 11:00:00,BoE MPC Vote Rate Hike,HIGH,GBP
38e002ff-9415-4276-8dae-456d23638534,09/18/2025 11:00:00,BoE MPC Vote Rate Unchanged,HIGH,GBP
1e17e5b3-278f-4287-bf7d-95223cadb555,09/19/2025 03:00:00,BoJ Monetary Policy Statement,HIGH,JPY
f70ac1fc-a643-4eac-bb94-d36b7aa0a5b3,09/19/2025 03:47:32,BoJ Interest Rate Decision,HIGH,JPY
e3ed0054-cc84-4079-94ac-902781028887,09/19/2025 06:30:00,BoJ Press Conference,HIGH,JPY
96d45746-ed77-495b-ba97-25de7a4bf7f7,09/22/2025 18:00:00,BoE's Governor Bailey speech,HIGH,GBP
a7f1de1c-a2d2-422b-99bc-6b89b0b6ffdc,09/23/2025 16:35:00,Fed's Powell speech,HIGH,USD
43867411-041d-4a2d-bed2-b5761669a635,09/23/2025 18:30:00,BoC's Governor Macklem speech,HIGH,CAD
bdf0f407-c302-439f-8157-b2af5d42668f,09/24/2025 13:50:00,BoE's Governor Bailey speech,HIGH,GBP
ede2dfb1-0d91-4e6e-b875-9a74bfcab309,09/25/2025 07:30:00,SNB Interest Rate Decision,HIGH,CHF
39b91337-222a-4132-b7df-b44562b9940b,09/25/2025 07:30:00,SNB Monetary Policy Assessment,HIGH,CHF
2fa53c60-afae-4dd5-8519-24f490a5a0ad,09/25/2025 08:00:00,SNB Press Conference,HIGH,CHF
f9896eb7-9651-4fca-8fb4-2ab6099a5a43,09/30/2025 12:50:00,ECB's President Lagarde speech,HIGH,EUR
b0fc75bf-d424-416a-ac32-f59de76da6d9,10/03/2025 01:05:00,BoJ Governor Ueda speech,HIGH,JPY
c87f0479-8cb4-473c-8185-586d62031c28,10/03/2025 09:40:00,ECB's President Lagarde speech,HIGH,EUR
2c9c3786-2492-4c2e-b0f4-1a0aaf5cf8c5,10/03/2025 13:20:00,BoE's Governor Bailey speech,HIGH,GBP
84bf0805-6f99-4624-a2f4-e1876e1a49fe,10/06/2025 17:00:00,ECB's President Lagarde speech,HIGH,EUR
159b40ce-ac38-4ceb-b6a2-c96c6e6281fc,10/06/2025 17:30:00,BoE's Governor Bailey speech,HIGH,GBP
ce58dedc-6ff1-467b-b6a5-9ec0edefdd6f,10/07/2025 16:10:00,ECB's President Lagarde speech,HIGH,EUR
5ac38914-e247-4dfc-9bca-db0b83af8d40,10/08/2025 01:00:00,RBNZ Interest Rate Decision,HIGH,NZD
c2bbf947-ae4b-4e19-aadd-ee5b7159e9fb,10/08/2025 01:00:00,RBNZ Monetary Policy Review,HIGH,NZD
23e60b03-980d-4130-acbc-2b0d07cfda8e,10/08/2025 01:45:00,BoJ Governor Ueda speech,HIGH,JPY
15372321-6dce-44fc-a674-76820d946d06,10/08/2025 16:00:00,ECB's President Lagarde speech,HIGH,EUR
a20ecb3d-4ca6-46b1-9135-82c2ee17e27a,10/08/2025 18:00:00,FOMC Minutes,HIGH,USD
4b1a7fb4-3ec1-48b7-9c55-909af7c93901,10/09/2025 12:30:00,Fed's Powell speech,HIGH,USD
47c3c551-af89-43cc-add9-a8cac7718a19,10/14/2025 16:20:00,Fed's Powell speech,HIGH,USD
648d4e76-86a0-4ee4-b439-7e68595597ff,10/14/2025 17:00:00,BoE's Governor Bailey speech,HIGH,GBP
c2dee5c6-117c-49ac-b604-b49a382fc770,10/16/2025 16:00:00,ECB's President Lagarde speech,HIGH,EUR
f2b72c38-02d4-4a3d-b27a-81899cbd6004,10/16/2025 17:30:00,BoC's Governor Macklem speech,HIGH,CAD
11a9e8eb-9a2e-401d-bad5-6de35f8277b1,10/17/2025 13:00:00,ECB's President Lagarde speech,HIGH,EUR
44041e72-74bb-4e95-a6be-9bfb845b6c64,10/18/2025 13:00:00,ECB's President Lagarde speech,HIGH,EUR
6084c38f-74f1-4343-9c04-c91f78c3efe9,10/18/2025 13:00:00,BoE's Governor Bailey speech,HIGH,GBP
2f264e05-c5b9-4138-be51-ec9ff73ee120,10/21/2025 11:00:00,ECB's President Lagarde speech,HIGH,EUR
5fe5c29f-814c-4e34-b07b-bc8d55746a8e,10/22/2025 12:25:00,ECB's President Lagarde speech,HIGH,EUR
b7805065-7240-4f72-8948-12fc3c47ae1d,10/28/2025 09:00:00,ECB Bank Lending Survey,HIGH,EUR
0f9f60ba-3fed-4e21-a49b-dc80e1b6fe65,10/29/2025 13:45:00,BoC Interest Rate Decision,HIGH,CAD
770da357-6d6e-48d1-be91-2d20f48628ac,10/29/2025 13:45:00,BoC Monetary Policy Report,HIGH,CAD
4bbc3cdc-073c-4dbf-ab15-f7562ce5e31a,10/29/2025 13:45:00,BoC Monetary Policy Statement,HIGH,CAD
9f79914e-5b0d-4bae-9b97-5a56b84c8636,10/29/2025 14:30:00,BoC Press Conference,HIGH,CAD
67e7d0aa-af5f-4932-9580-026b3b39f235,10/29/2025 18:00:00,Fed Interest Rate Decision,HIGH,USD
cc779624-52f0-4113-bb34-a2244c66caef,10/29/2025 18:00:00,Fed Monetary Policy Statement,HIGH,USD
e50c8d51-d027-42e1-900f-3cc0a22e9de1,10/29/2025 18:30:00,FOMC Press Conference,HIGH,USD
a9df590c-d5ad-4b49-8c84-2c647a4a9257,10/30/2025 03:15:00,BoJ Monetary Policy Statement,HIGH,JPY
6b856664-60a2-426a-b60e-7fa47f191408,10/30/2025 03:15:07,BoJ Interest Rate Decision,HIGH,JPY
7091cbb2-b8cc-47f6-ac1c-3dde5d176f78,10/30/2025 06:30:00,BoJ Press Conference,HIGH,JPY
c3d93aa9-a53c-4d3e-adbe-53ea23bae438,10/30/2025 13:15:00,ECB Main Refinancing Operations Rate,HIGH,EUR
0dafb99f-6a3d-44a5-91ac-e30e257ef1ee,10/30/2025 13:15:00,ECB Monetary Policy Statement,HIGH,EUR
168591a6-5e1f-48a3-876f-efce509e9c8f,10/30/2025 13:15:00,ECB Rate On Deposit Facility,HIGH,EUR
c04b26a9-1ec1-4a0b-bb4d-064e314d9309,10/30/2025 13:45:00,ECB Press Conference,HIGH,EUR
9c4618ff-5471-42de-985a-a7d881f3d3ce,11/03/2025 18:30:00,BoC's Governor Macklem speech,HIGH,CAD
9de733bc-49ca-4481-8d55-3a28428229fa,11/04/2025 07:40:00,ECB's President Lagarde speech,HIGH,EUR
7a2787b4-fc89-4090-b580-5ca9bd3cbedc,11/04/2025 09:45:00,ECB's President Lagarde speech,HIGH,EUR
10848f9d-7126-4a5e-a1d2-036b1108c386,11/05/2025 21:30:00,BoC's Governor Macklem speech,HIGH,CAD
1e991067-0e1a-4b26-b206-852aa15ae207,11/06/2025 12:00:00,BoE Interest Rate Decision,HIGH,GBP
efa766b7-e0e1-4769-94b2-e588cc498db8,11/06/2025 12:00:00,BoE Minutes,HIGH,GBP
e0c8b93c-c12b-449c-9171-7f83d5296c33,11/06/2025 12:00:00,BoE Monetary Policy Report,HIGH,GBP
a84001b5-08d3-4f73-b5cc-162df90a778c,11/06/2025 12:00:00,BoE Monetary Policy Summary,HIGH,GBP
c6c27fb6-afbc-4bd5-8ac7-1cea8806ede3,11/06/2025 12:00:00,BoE MPC Vote Rate Cut,HIGH,GBP
cf7a8958-53a6-4221-b4cf-eaf31a5b7b42,11/06/2025 12:00:00,BoE MPC Vote Rate Hike,HIGH,GBP
06fb2303-e192-4299-ba56-96fa4170ec2b,11/06/2025 12:00:00,BoE MPC Vote Rate Unchanged,HIGH,GBP
c0c8a324-1770-455d-adbb-25cc7c836b92,11/06/2025 12:30:00,BoE's Governor Bailey speech,HIGH,GBP
7ca2359d-43bd-4222-86e6-13e108a422f8,11/06/2025 15:30:00,BoC's Governor Macklem speech,HIGH,CAD
49eef793-393d-4d3f-8f0f-831efbc5f401,11/11/2025 08:20:00,ECB's President Lagarde speech,HIGH,EUR
f7c20532-9307-4266-862f-749bfed9457b,11/19/2025 19:00:00,FOMC Minutes,HIGH,USD
869a1d35-933f-416d-9ca1-795006d88223,11/21/2025 08:30:00,ECB's President Lagarde speech,HIGH,EUR
fff43ce8-b4dd-4d6a-be01-952e337d8fc6,11/21/2025 12:40:00,SNB Chairman Schlegel speech,HIGH,CHF
d6e62ab2-e79c-4ea4-96e0-2edb5592e3ad,11/22/2025 08:00:00,ECB's President Lagarde speech,HIGH,EUR
8d7f9add-b440-44b1-94fa-2bcf7d42d8c0,11/22/2025 11:00:00,ECB's President Lagarde speech,HIGH,EUR
be5f9b1f-0c1a-492c-846e-9aeb913f542b,11/24/2025 14:45:00,ECB's President Lagarde speech,HIGH,EUR
292885eb-5d11-45ab-b4e3-01e2a490f987,11/26/2025 01:00:00,RBNZ Interest Rate Decision,HIGH,NZD
7857a0a1-5f82-4dd6-9409-b200ed1e988c,11/26/2025 01:00:00,RBNZ Monetary Policy Review,HIGH,NZD
bd119a43-0ec1-44e1-8296-5c84f0d2a41d,11/26/2025 01:00:00,RBNZ Monetary Policy Statement,HIGH,NZD
e7c1a146-c697-45d2-ae3a-5df50d220d48,11/26/2025 02:00:00,RBNZ Press Conference,HIGH,NZD
f7eb8246-3ed5-4763-8e1a-83f054568f32,11/26/2025 17:00:00,ECB's President Lagarde speech,HIGH,EUR
e09aa8c1-34b3-4592-a5eb-030259228afd,12/01/2025 01:05:00,BoJ Governor Ueda speech,HIGH,JPY
68dbfc9f-3e25-483b-88bd-f2391cefef6c,12/01/2025 21:10:00,RBNZ's Breman speech,HIGH,NZD
cbf4128d-8302-43d5-9559-e4a1fd1faa0e,12/02/2025 01:00:00,Fed's Powell speech,HIGH,USD
4a715577-2178-4db8-ab68-2f19eb3bf4fc,12/02/2025 10:00:00,BoE's Governor Bailey speech,HIGH,GBP
9ca05638-c0d9-457b-8e7d-8a8764b08ea7,12/03/2025 13:30:00,ECB's President Lagarde speech,HIGH,EUR
b51bfc0a-c9ff-4227-9a4b-316867d11d8c,12/03/2025 15:30:00,ECB's President Lagarde speech,HIGH,EUR
b4574236-5f83-4f51-ac0b-7d609a2171ec,12/09/2025 14:15:00,BoE Monetary Policy Report Hearings,HIGH,GBP
ce560d9d-425b-4dad-b6f8-b475ccc95203,12/10/2025 14:45:00,BoC Interest Rate Decision,HIGH,CAD
35616238-ca21-478d-876e-dda01f0b4cc3,12/10/2025 14:45:00,BoC Monetary Policy Statement,HIGH,CAD
58277d6c-6d12-4e8a-a44d-1fe43b8b08a4,12/10/2025 15:30:00,BoC Press Conference,HIGH,CAD
6b646c38-a57d-47e3-8acd-95a52eb7dced,12/10/2025 19:00:00,Fed Interest Rate Decision,HIGH,USD
be382896-4789-47cd-8183-232a871e601e,12/10/2025 19:00:00,Fed Monetary Policy Statement,HIGH,USD
384a569e-bb3b-4cf8-8281-ef96a10ecaa7,12/10/2025 19:00:00,FOMC Economic Projections,HIGH,USD
d6ba9dfe-86fc-4713-b2ca-296056defaf8,12/10/2025 19:00:00,Interest Rate Projections - 1st year,HIGH,USD
82be4b9b-fbf2-43e5-96f3-22f7284e0505,12/10/2025 19:00:00,Interest Rate Projections - 2nd year,HIGH,USD
4e5a6738-206e-4bfa-aba8-09e7dfd3fa36,12/10/2025 19:00:00,Interest Rate Projections - 3rd year,HIGH,USD
e9046585-913e-4c8e-88fa-dfdb8653d65c,12/10/2025 19:00:00,Interest Rate Projections - Current,HIGH,USD
e38bb734-97b5-4493-a94e-0620db18783b,12/10/2025 19:00:00,Interest Rate Projections - Longer,HIGH,USD
e2600a0c-79ad-422e-89f8-d29ed465d5ea,12/10/2025 19:30:00,FOMC Press Conference,HIGH,USD
e782eeac-7758-4c5c-ba60-02d190595304,12/11/2025 08:30:00,SNB Interest Rate Decision,HIGH,CHF
9686dea4-e090-466d-a94c-f2b6a2c991ad,12/11/2025 08:30:00,SNB Monetary Policy Assessment,HIGH,CHF
090c22fe-8412-4621-9876-0794c2b906c6,12/11/2025 09:00:00,SNB Press Conference,HIGH,CHF
ebcb7643-78e3-42b0-bbb1-346a759c976f,12/11/2025 09:50:00,BoE's Governor Bailey speech,HIGH,GBP
28ae0480-9f15-4de0-82b5-81e889bf4fbf,12/16/2025 17:45:00,BoC's Governor Macklem speech,HIGH,CAD
bf05e650-b4bb-4126-90ec-c2d68c7d1178,12/18/2025 12:00:00,BoE Interest Rate Decision,HIGH,GBP
c62b7768-5dd1-4eee-a11f-281425031fde,12/18/2025 12:00:00,BoE Minutes,HIGH,GBP
d85ada1e-2ae1-47b2-830b-0d393d64adf9,12/18/2025 12:00:00,BoE Monetary Policy Summary,HIGH,GBP
8d98019a-da1b-4176-888c-74034620fc68,12/18/2025 12:00:00,BoE MPC Vote Rate Cut,HIGH,GBP
d473d690-2db7-4786-acc6-94ac53fd41a4,12/18/2025 12:00:00,BoE MPC Vote Rate Hike,HIGH,GBP
e422f4fd-5896-4124-bea4-24f42f9c7d66,12/18/2025 12:00:00,BoE MPC Vote Rate Unchanged,HIGH,GBP
fc644721-18ce-492e-a3d2-51c5c8f9ce7d,12/18/2025 13:15:00,ECB Main Refinancing Operations Rate,HIGH,EUR
a1250fbc-49f6-4eaf-a589-6caa3a1cdb55,12/18/2025 13:15:00,ECB Monetary Policy Statement,HIGH,EUR
cb12178b-adf6-4edd-9966-a24292ca1db7,12/18/2025 13:15:00,ECB Rate On Deposit Facility,HIGH,EUR
79e7c666-10d9-43ba-8357-8de27817d321,12/18/2025 13:45:00,ECB Press Conference,HIGH,EUR
904537a1-46af-4a1a-b862-152efe9cd804,12/19/2025 03:20:00,BoJ Interest Rate Decision,HIGH,JPY
2d648408-7f20-4e3f-abc7-6e108dc5c366,12/19/2025 03:20:00,BoJ Monetary Policy Statement,HIGH,JPY
6a053440-7da9-4c42-a124-59539d94ed11,12/19/2025 06:30:00,BoJ Press Conference,HIGH,JPY
22c249f5-066b-45bd-a0a6-ab01ef62e5b6,12/25/2025 03:00:00,BoJ Governor Ueda speech,HIGH,JPY
0030af25-8db0-410e-9e47-28c61a85f658,12/30/2025 19:00:00,FOMC Minutes,HIGH,USD
f7589ab4-b273-428e-b513-eeb8b8d86ee1,01/06/2026 08:15:00,ECB's Cipollone speech,HIGH,EUR
8ba28bb8-e66c-4344-9293-1be2707d2823,01/12/2026 01:00:00,Fed's Powell speech,HIGH,USD
70f4b4f7-5e94-4f3f-bb16-03e069d367d4,01/13/2026 10:00:00,BoE's Governor Bailey speech,HIGH,GBP
f509ce05-861a-4697-9789-f623ee9b9804,01/20/2026 09:45:00,BoE's Governor Bailey speech,HIGH,GBP
6ce42a49-5617-466f-86d8-c317624aae1d,01/20/2026 16:30:00,SNB Chairman Schlegel speech,HIGH,CHF
f2e4b240-3c7e-4a23-b465-1c408a182a3c,01/21/2026 07:00:00,ECB's President Lagarde speech,HIGH,EUR
f08ebbf5-b2aa-4b88-9f82-91a0eaf19938,01/21/2026 16:45:00,ECB's President Lagarde speech,HIGH,EUR
8656d04e-b986-4847-bc0b-729a3b488be6,01/23/2026 03:00:00,BoJ Monetary Policy Statement,HIGH,JPY
8be92807-a18a-4e7a-b252-d872c026979b,01/23/2026 03:07:20,BoJ Interest Rate Decision,HIGH,JPY
cb33ea30-cb40-4ee4-8183-ec4b0ddf587c,01/23/2026 06:30:00,BoJ Press Conference,HIGH,JPY
4c5baf7e-81de-4469-96ad-1140d41ea0be,01/23/2026 10:00:00,ECB's President Lagarde speech,HIGH,EUR
a695a47d-983d-45c7-aada-d66c75ba9b44,01/27/2026 17:00:00,ECB's President Lagarde speech,HIGH,EUR
9c01a58f-e2ac-46d3-a2b2-24a7530e5fd5,01/28/2026 14:45:00,BoC Interest Rate Decision,HIGH,CAD
31d20de2-ca3d-4644-a23d-54062cf8fcd2,01/28/2026 14:45:00,BoC Monetary Policy Report,HIGH,CAD
cfc03a2b-b223-4d00-86a8-23b5866aaef5,01/28/2026 14:45:00,BoC Monetary Policy Statement,HIGH,CAD
dcb8e808-3dcd-4566-9f74-7d160f5d2c2e,01/28/2026 15:30:00,BoC Press Conference,HIGH,CAD
3d34109c-7a06-402e-b2b3-515fa2e66781,01/28/2026 19:00:00,Fed Interest Rate Decision,HIGH,USD
912c497f-d457-477c-9b8e-a1062514ec7b,01/28/2026 19:00:00,Fed Monetary Policy Statement,HIGH,USD
81b79ebc-a30e-4d5e-9fc2-9d34e73262b8,01/28/2026 19:30:00,FOMC Press Conference,HIGH,USD
9f2ff889-c1a7-4537-9d6a-4af45c3d9e1c,02/03/2026 09:00:00,ECB Bank Lending Survey,HIGH,EUR
3cb56259-b8b7-464a-98f2-df7b69980534,02/05/2026 12:00:00,BoE Interest Rate Decision,HIGH,GBP
74cc5483-802a-4a26-a6e7-7872fd7ad6b5,02/05/2026 12:00:00,BoE Minutes,HIGH,GBP
a0323d76-afe8-4f34-bf7a-50e91c5c7180,02/05/2026 12:00:00,BoE Monetary Policy Report,HIGH,GBP
797f6fe9-a0df-41d8-9a5f-7a7382585b4d,02/05/2026 12:00:00,BoE Monetary Policy Summary,HIGH,GBP
9ccf7680-13e5-4af3-82d4-8dd4a5e9af78,02/05/2026 12:00:00,BoE MPC Vote Rate Cut,HIGH,GBP
9f1183b5-3d8b-49e2-aba1-6e17ba251a97,02/05/2026 12:00:00,BoE MPC Vote Rate Hike,HIGH,GBP
4852c293-a17e-479c-8381-1152750448ca,02/05/2026 12:00:00,BoE MPC Vote Rate Unchanged,HIGH,GBP
ad873d16-262f-405a-b2bf-6e972c847cb6,02/05/2026 12:30:00,BoE's Governor Bailey speech,HIGH,GBP
77947772-bdf0-424b-af23-460fe7ccf852,02/05/2026 13:15:00,ECB Main Refinancing Operations Rate,HIGH,EUR
b3b18602-8229-438f-a687-f5a912ae7c19,02/05/2026 13:15:00,ECB Monetary Policy Statement,HIGH,EUR
5657262a-3606-4c4e-ae82-4c35a54bd9df,02/05/2026 13:15:00,ECB Rate On Deposit Facility,HIGH,EUR
18f648f8-41c0-4a93-9c32-beb026474c44,02/05/2026 13:45:00,ECB Press Conference,HIGH,EUR
1a0e9ba0-4e82-4213-b59d-7d64e0f78894,02/05/2026 17:40:00,BoC's Governor Macklem speech,HIGH,CAD
51248af7-3a7e-47f1-b6aa-a9f93ee41dce,02/08/2026 06:40:00,BoE's Governor Bailey speech,HIGH,GBP
e8873b38-3391-463e-b763-52169eb43576,02/09/2026 16:00:00,ECB's President Lagarde speech,HIGH,EUR
162704fa-7b8b-4cc2-adc1-8d569478a276,02/14/2026 16:30:00,ECB's President Lagarde speech,HIGH,EUR
fb2752d9-914d-41c3-a9ac-617772d9629d,02/15/2026 09:30:00,ECB's President Lagarde speech,HIGH,EUR
55668356-99ff-44a4-b6d7-4cdaff7b3972,02/18/2026 01:00:00,RBNZ Interest Rate Decision,HIGH,NZD
409d3e1f-7aca-4d99-928f-8587cb5c61ce,02/18/2026 01:00:00,RBNZ Monetary Policy Review,HIGH,NZD
730b3e7b-63eb-4a10-98a9-eb0962e7d0a3,02/18/2026 01:00:00,RBNZ Monetary Policy Statement,HIGH,NZD
1a6c294d-614f-4189-90bf-2754ff27214d,02/18/2026 02:00:00,RBNZ Press Conference,HIGH,NZD
3e2e7610-2045-472d-b37e-25e7f86e69a9,02/18/2026 19:00:00,FOMC Minutes,HIGH,USD
e32d99ec-22f1-4ab8-9e14-7250960b7019,02/19/2026 23:00:00,RBNZ's Breman speech,HIGH,NZD
0688e098-e37b-45ee-8ed5-caaa60b9ac80,02/20/2026 00:00:00,ECB's President Lagarde speech,HIGH,EUR
cae9e61d-9688-47f3-a750-04931b01bbba,02/23/2026 17:30:00,ECB's President Lagarde speech,HIGH,EUR
bcb3dd13-fa53-4f21-9ba4-b6dbd9a403bd,02/24/2026 14:15:00,BoE Monetary Policy Report Hearings,HIGH,GBP
b2d7de58-542b-4737-81f6-6b77a12f88fc,02/24/2026 14:15:00,BoE's Governor Bailey speech,HIGH,GBP
8762739d-1152-4ed8-8c6a-588261359554,02/26/2026 08:30:00,ECB's President Lagarde speech,HIGH,EUR
dbe51747-e194-4c8c-8d50-1450c840257e,03/02/2026 14:00:00,ECB's President Lagarde speech,HIGH,EUR
65b49e12-eca3-4ce9-8f07-477b7878eb8e,03/03/2026 04:00:00,BoJ Governor Ueda speech,HIGH,JPY
b711dcea-34c2-4cfc-aa7e-fd680762199e,03/04/2026 15:30:00,BoC's Governor Macklem speech,HIGH,CAD
4280e116-701a-4a14-8843-932ff608e550,03/05/2026 17:00:00,ECB's President Lagarde speech,HIGH,EUR
84364568-7c79-4572-9435-b2840226647f,03/06/2026 10:00:00,ECB's President Lagarde speech,HIGH,EUR
75e874c3-a011-4f2e-a6d9-4f4a0b3669ae,03/10/2026 20:30:00,ECB's President Lagarde speech,HIGH,EUR
8577897c-7fcd-46bd-bca3-a42930914dbe,03/12/2026 09:30:00,BoE's Governor Bailey speech,HIGH,GBP
f986b1a4-1b2d-4422-ad18-00ac7194c945,03/18/2026 13:45:00,BoC Interest Rate Decision,HIGH,CAD
e4406d03-8ad1-4e2a-b5ae-5148fbce70a0,03/18/2026 13:45:00,BoC Monetary Policy Statement,HIGH,CAD
f1b1f2c8-6307-4dca-9fc6-d90896f89da4,03/18/2026 14:30:00,BoC Press Conference,HIGH,CAD
0cd3ddbc-0f4c-4957-a7a1-7e062fef1211,03/18/2026 18:00:00,Fed Interest Rate Decision,HIGH,USD
0dc8fd8e-c848-4fcb-aed3-6748b7b8cea8,03/18/2026 18:00:00,Fed Monetary Policy Statement,HIGH,USD
184f3239-6d21-4877-893d-7de0ce67fb3e,03/18/2026 18:00:00,FOMC Economic Projections,HIGH,USD
8d892c24-ee42-423c-9293-ea387b8b5845,03/18/2026 18:00:00,Interest Rate Projections - 1st year,HIGH,USD
7dee14fb-5af0-48e7-8c8b-a269d82e2636,03/18/2026 18:00:00,Interest Rate Projections - 2nd year,HIGH,USD
dbdb078e-9fc1-4f9a-9bdd-f7ac48b888e7,03/18/2026 18:00:00,Interest Rate Projections - Current,HIGH,USD
a187a871-b4ae-44fe-b40c-bb3a9f7d25c2,03/18/2026 18:00:00,Interest Rate Projections - Longer,HIGH,USD
d6f0cf6c-586d-4a8a-8e23-252c8969afee,03/18/2026 18:30:00,FOMC Press Conference,HIGH,USD
f35f28e9-c4f5-4fbc-891c-b303c0b947ee,03/19/2026 02:46:17,BoJ Interest Rate Decision,HIGH,JPY
9b49135e-1b94-415c-bee3-952422b896d0,03/19/2026 03:00:00,BoJ Monetary Policy Statement,HIGH,JPY
b54f1db9-ce1c-4e1e-9242-a9ca40999513,03/19/2026 06:30:00,BoJ Press Conference,HIGH,JPY
36dd71d8-8ee6-4257-8ee0-b077ad5816a7,03/19/2026 08:30:00,SNB Interest Rate Decision,HIGH,CHF
c8dac05c-6a50-4a06-aec1-13e2a9f4af0f,03/19/2026 08:30:00,SNB Monetary Policy Assessment,HIGH,CHF
d845e82e-c4d8-4c99-97b1-2d12a20ca26d,03/19/2026 09:00:00,SNB Press Conference,HIGH,CHF
42961d6f-958b-4e27-a167-0dfc888284fc,03/19/2026 12:00:00,BoE Interest Rate Decision,HIGH,GBP
5473102a-1963-473e-ad07-ce224114dff1,03/19/2026 12:00:00,BoE Minutes,HIGH,GBP
ea852b0d-05f5-4159-b1cc-210431e59b10,03/19/2026 12:00:00,BoE Monetary Policy Summary,HIGH,GBP
af9295ba-006e-457b-95cd-d36aa7463c2d,03/19/2026 12:00:00,BoE MPC Vote Rate Cut,HIGH,GBP
f2b9326d-2f6f-4810-a37d-79c121ec0d6f,03/19/2026 12:00:00,BoE MPC Vote Rate Hike,HIGH,GBP
9ccdbf3c-39c4-48ca-b0f7-382abfa38ec0,03/19/2026 12:00:00,BoE MPC Vote Rate Unchanged,HIGH,GBP
32bc301f-5454-481b-af06-a67e6f265b9a,03/19/2026 13:15:00,ECB Main Refinancing Operations Rate,HIGH,EUR
dee56c72-1b72-41a7-9f25-a71f31ae994a,03/19/2026 13:15:00,ECB Monetary Policy Statement,HIGH,EUR
891d1afd-3da9-4a5e-b3e9-a4229e6b8482,03/19/2026 13:15:00,ECB Rate On Deposit Facility,HIGH,EUR
23f59d2d-d266-4d09-888c-b6114cb3edd5,03/19/2026 13:45:00,ECB Press Conference,HIGH,EUR
b43e3e2b-9039-4fe8-baca-82e489f83cc6,03/21/2026 14:30:00,Fed's Powell speech,HIGH,USD
90b2c61e-3e46-490a-9c15-7c2481d68873,03/24/2026 01:00:00,RBNZ's Breman speech,HIGH,NZD
7eb9f168-55da-49db-bdee-74377d36f502,03/25/2026 08:45:00,ECB's President Lagarde speech,HIGH,EUR
0c9ee4ec-f575-4deb-abb6-43b230ffe020,03/30/2026 14:30:00,Fed's Powell speech,HIGH,USD
dbc8dc74-d0c9-44f2-8cc3-c906075d441d,04/01/2026 12:30:00,BoE's Governor Bailey speech,HIGH,GBP
38032017-e296-413e-ab12-7c855af418ae,04/08/2026 02:00:00,RBNZ Interest Rate Decision,HIGH,NZD
005dbce0-289b-4176-9a79-f4e7150ef21e,04/08/2026 02:00:00,RBNZ Monetary Policy Review,HIGH,NZD
a244c03d-865b-4c7d-9113-6422e0a4c09b,04/08/2026 05:00:00,RBNZ's Breman speech,HIGH,NZD
254f426e-227b-426e-9eb9-c03bf46b640e,04/08/2026 18:00:00,RBNZ's Breman speech,HIGH,NZD
6ad5bf0c-cf2e-4142-849c-eff6168abc11,04/08/2026 18:00:00,FOMC Minutes,HIGH,USD
caee6326-d86d-41c5-a520-a58b748158e3,04/11/2026 21:00:00,RBNZ's Breman speech,HIGH,NZD
ba72cdae-7dd0-4412-8a66-f7b4f6115943,04/14/2026 12:30:00,RBNZ's Breman speech,HIGH,NZD
29984034-8cdb-433c-b1e7-13bac734ff41,04/14/2026 14:00:00,ECB's President Lagarde speech,HIGH,EUR
e9674962-feb1-4926-b05f-f5efebdabd63,04/14/2026 16:05:00,BoE's Governor Bailey speech,HIGH,GBP
60ba0b74-3fbc-40a6-bfa5-20e390741fa0,04/14/2026 21:00:00,ECB's President Lagarde speech,HIGH,EUR
e13d382c-5d35-4d42-ab21-988a79c9bfe6,04/15/2026 15:50:00,BoE's Governor Bailey speech,HIGH,GBP
bbc5bcc9-fc8a-4bea-b559-10a03f72c612,04/15/2026 17:00:00,RBNZ's Breman speech,HIGH,NZD
8fda1f0a-f37f-4dfe-ad40-cd577a26a6a2,04/15/2026 18:00:00,BoE's Governor Bailey speech,HIGH,GBP
359a9ce9-07a1-4a02-9756-1f226520e427,04/15/2026 19:30:00,ECB's President Lagarde speech,HIGH,EUR
9c7f8c34-6a7f-4f60-97cc-77e25a7e5152,04/20/2026 16:40:00,ECB's President Lagarde speech,HIGH,EUR
ddae689c-583e-4308-9a00-c3c213dd7469,04/21/2026 14:00:00,Fed Chair Warsh testifies,HIGH,USD
a179b213-dc94-45eb-8977-7a8b3daea1cb,04/22/2026 17:30:00,ECB's President Lagarde speech,HIGH,EUR
37e106d6-c92e-4806-9463-79f322e57342,04/24/2026 08:00:00,SNB Chairman Schlegel speech,HIGH,CHF
d9193452-da33-436c-b6a7-7eb88d73ed6a,04/28/2026 03:00:00,BoJ Interest Rate Decision,HIGH,JPY
dfae42b5-bc05-4714-bcaf-6554892a17a5,04/28/2026 03:00:00,BoJ Monetary Policy Statement,HIGH,JPY
930b9a8e-1209-4675-b3a2-de175060c721,04/28/2026 06:30:00,BoJ Press Conference,HIGH,JPY
268e714c-116b-49d4-8021-40f2ce01a648,04/28/2026 08:00:00,ECB Bank Lending Survey,HIGH,EUR
f802ed0a-3a72-4a17-b3d6-ec6cc6da7361,04/28/2026 17:30:00,ECB's President Lagarde speech,HIGH,EUR
ba29b7a8-b289-434d-b123-577f74be1612,04/29/2026 00:30:00,RBNZ's Breman speech,HIGH,NZD
fd97298e-fbc9-4744-895b-79cde1d19926,04/29/2026 13:45:00,BoC Interest Rate Decision,HIGH,CAD
bac7524c-2be2-46ad-a3ce-6f87358b5cd2,04/29/2026 13:45:00,BoC Monetary Policy Report,HIGH,CAD
91f28a66-0327-4acb-bcd3-ee18c479c43c,04/29/2026 13:45:00,BoC Monetary Policy Statement,HIGH,CAD
789b1a27-4116-49b3-b92b-ff4a7079de01,04/29/2026 14:30:00,BoC Press Conference,HIGH,CAD
39c4bcd3-2437-4dc0-b78e-48a60d34b058,04/29/2026 18:00:00,Fed Interest Rate Decision,HIGH,USD
84e2b763-4c75-4208-bd23-5bd88169146a,04/29/2026 18:00:00,Fed Monetary Policy Statement,HIGH,USD
cbe19dce-d69b-442c-95c0-cb7b33bf1cd9,04/29/2026 18:30:00,FOMC Press Conference,HIGH,USD
52e60eba-e936-4105-8b37-4afd2022ff81,04/30/2026 11:00:00,BoE Interest Rate Decision,HIGH,GBP
13d5f20a-2226-4dbe-9868-cde8845781fa,04/30/2026 11:00:00,BoE Minutes,HIGH,GBP
bcd0a844-b84f-4fa9-8bc7-c29ffb14de91,04/30/2026 11:00:00,BoE Monetary Policy Report,HIGH,GBP
ebdcef7d-e729-47e6-86e2-da0c30ec1401,04/30/2026 11:00:00,BoE Monetary Policy Summary,HIGH,GBP
53718cc6-849d-4bba-ae19-8f56880a7c2e,04/30/2026 11:00:00,BoE MPC Vote Rate Cut,HIGH,GBP
f6a38bb0-99a8-419b-9f0f-b9ed9913827f,04/30/2026 11:00:00,BoE MPC Vote Rate Hike,HIGH,GBP
543b163d-8e13-40bc-94f6-6516d2b13acf,04/30/2026 11:00:00,BoE MPC Vote Rate Unchanged,HIGH,GBP
52f92a5d-7274-4bf2-bd59-1e0b527160da,04/30/2026 11:30:00,BoE's Governor Bailey speech,HIGH,GBP
8e6cf159-1ed9-4c5d-9743-9cc4919a1a89,04/30/2026 12:15:00,ECB Main Refinancing Operations Rate,HIGH,EUR
5b17dc5a-cdd7-4df4-afb2-ff2aab3f5209,04/30/2026 12:15:00,ECB Monetary Policy Statement,HIGH,EUR
13912f56-77ef-43e7-94b0-22587cb73b2f,04/30/2026 12:15:00,ECB Rate On Deposit Facility,HIGH,EUR
7f3dd581-6c39-478f-b8d4-452a26aaeaa0,04/30/2026 12:45:00,ECB Press Conference,HIGH,EUR
2e7bc08f-a126-4e26-b6b3-f3ed26903cbe,05/05/2026 12:30:00,ECB's President Lagarde speech,HIGH,EUR
28ece9a1-48a8-4735-9930-0618bf9af2e6,05/08/2026 07:00:00,ECB's President Lagarde speech,HIGH,EUR
03000950-339f-4265-ad46-54e99d93ab6b,05/08/2026 12:20:00,BoE's Governor Bailey speech,HIGH,GBP
e709e4e6-3fb0-466a-8c64-4beaca829489,05/08/2026 14:00:00,ECB's President Lagarde speech,HIGH,EUR
b3e49175-817f-4ff2-bc8b-55346f5dcd98,05/13/2026 19:15:00,ECB's President Lagarde speech,HIGH,EUR
8e153505-6c21-4d5a-aa50-169907a359fa,05/14/2026 09:15:00,ECB's President Lagarde speech,HIGH,EUR
1d57223e-a95d-485e-abd8-dc812e5db08d,05/18/2026 06:12:00,ECB's President Lagarde speech,HIGH,EUR
44baacfb-0e05-4601-ae7e-6b8aa1f71a4e,05/20/2026 13:15:00,BoE Monetary Policy Report Hearings,HIGH,GBP
73f1969d-4990-486e-8d09-4daac11d4a3b,05/20/2026 18:00:00,FOMC Minutes,HIGH,USD
6591b2f1-fce2-469f-b5ac-373a67290d00,05/21/2026 15:00:00,BoE's Governor Bailey speech,HIGH,GBP
f506fc22-e36f-4177-853b-11433ea11802,05/22/2026 09:10:00,ECB's President Lagarde speech,HIGH,EUR
f3ac9c59-c7bd-48e7-8dde-684b51cbab57,05/22/2026 15:00:00,Fed Chair Warsh swearing-in ceremony,HIGH,USD
898fcef8-7b54-440a-a213-fa514f7caba9,05/24/2026 18:00:00,ECB's President Lagarde speech,HIGH,EUR
555c359a-6a67-4c48-87c6-9e3b1eedb87a,05/27/2026 00:00:00,BoJ Governor Ueda speech,HIGH,JPY
c59f0bf5-f0fb-4a8f-b012-94e2b5a62071,05/27/2026 02:00:00,RBNZ Interest Rate Decision,HIGH,NZD
614448b0-31c0-4d42-b028-742f1872aaa8,05/27/2026 02:00:00,RBNZ Monetary Policy Review,HIGH,NZD
483091cd-28d1-4a74-9af3-231d82874e1d,05/27/2026 02:00:00,RBNZ Monetary Policy Statement,HIGH,NZD
99d3e32d-b269-4c18-a868-19250dd68db6,05/27/2026 03:00:00,RBNZ Press Conference,HIGH,NZD
f66c80c5-9978-485f-9a1c-310a98149a15,05/28/2026 07:20:00,ECB's President Lagarde speech,HIGH,EUR
b70a2aa3-4375-40c3-8c55-089ec8ab4582,05/29/2026 08:20:00,BoE's Governor Bailey speech,HIGH,GBP
f95df659-7c7d-44ef-b7bb-e50f2db64c83,06/01/2026 00:30:00,Fed's Powell speech,HIGH,USD
331502ce-74fa-4c46-bd8a-f784875b012e,06/02/2026 14:00:00,BoE's Governor Bailey speech,HIGH,GBP
86094414-1239-45e8-beb8-e200ce1be7c7,06/03/2026 08:50:00,BoJ Governor Ueda speech,HIGH,JPY
cb3322df-e7e1-4661-b5f5-446e4ab42189,06/04/2026 08:00:00,ECB's President Lagarde speech,HIGH,EUR
64ddf1a9-3868-4b1a-8076-83a75cc0fff6,06/04/2026 15:40:00,BoE's Governor Bailey speech,HIGH,GBP
15e21b4f-5c45-41af-a776-3c6773fa6ead,06/05/2026 15:30:00,RBNZ's Breman speech,HIGH,NZD
fd3ef797-2092-4b82-9b55-f09a0a7a1f7d,06/05/2026 18:00:00,BoE's Governor Bailey speech,HIGH,GBP
787b3bc6-9000-4f1b-9a1f-b080065fc85d,06/09/2026 16:30:00,ECB's President Lagarde speech,HIGH,EUR
a5c47c74-ac36-47fb-9dde-b119c2d0cb20,06/10/2026 13:45:00,BoC Interest Rate Decision,HIGH,CAD
9dc640a3-f167-491a-a2b7-d1e998645bd8,06/10/2026 13:45:00,BoC Monetary Policy Statement,HIGH,CAD
c4e96662-a270-404a-a91f-93c1178d31d8,06/10/2026 14:30:00,BoC Press Conference,HIGH,CAD
ab92462e-7957-4f2f-9261-e503a955ac24,06/11/2026 12:15:00,ECB Main Refinancing Operations Rate,HIGH,EUR
565b7217-782a-441e-ab80-29ba63703ed2,06/11/2026 12:15:00,ECB Monetary Policy Statement,HIGH,EUR
3d0623dc-291a-430f-8ac2-1303aa4a395e,06/11/2026 12:15:00,ECB Rate On Deposit Facility,HIGH,EUR
0943c10c-bcd0-4199-a63f-82fbc5a6cdb9,06/11/2026 12:45:00,ECB Press Conference,HIGH,EUR
61db6576-cec8-41b0-956e-cd178e40989a,06/15/2026 06:00:00,ECB's President Lagarde speech,HIGH,EUR
62f6cc1e-7371-4162-8d7e-c226c71d7903,06/15/2026 07:30:00,ECB's President Lagarde speech,HIGH,EUR
3cc5e024-da92-470a-b7cc-8d2ff2c4f353,06/16/2026 03:00:00,BoJ Monetary Policy Statement,HIGH,JPY
d4aa13b2-069b-4a1d-bd14-69ac8beb96a2,06/16/2026 03:19:23,BoJ Interest Rate Decision,HIGH,JPY
8b3a3e1f-7086-4a06-ac70-4ed8bab961ef,06/16/2026 06:30:00,BoJ Press Conference,HIGH,JPY
cc343033-5717-4f56-8f2a-afe58d48583f,06/17/2026 18:00:00,Fed Interest Rate Decision,HIGH,USD
ff516547-9eb5-4a5b-a7bd-3cdf5f1239c8,06/17/2026 18:00:00,Fed Monetary Policy Statement,HIGH,USD
4bcbce8d-273f-4dfd-a65a-5267c4ea5ff4,06/17/2026 18:00:00,FOMC Economic Projections,HIGH,USD
87ea7260-51cb-497b-a7b2-7b0bd2252728,06/17/2026 18:00:00,Interest Rate Projections - 1st year,HIGH,USD
2feeb556-b9dd-43c0-9359-c16c0dbd8ba9,06/17/2026 18:00:00,Interest Rate Projections - 2nd year,HIGH,USD
4086a95c-6f32-4402-a28e-4dd40e8b1392,06/17/2026 18:00:00,Interest Rate Projections - Current,HIGH,USD
daf15023-10ea-4065-acd9-5c7ecf629dce,06/17/2026 18:00:00,Interest Rate Projections - Longer,HIGH,USD
dec8da24-95f8-4993-b673-1e4dfba40329,06/17/2026 18:30:00,FOMC Press Conference,HIGH,USD
c5fd3217-9114-4a1a-9658-edf54591a1bc,06/18/2026 07:30:00,SNB Interest Rate Decision,HIGH,CHF
bd86d082-7505-4d73-977b-0bde9945b4c5,06/18/2026 07:30:00,SNB Monetary Policy Assessment,HIGH,CHF
1dc0af51-a939-4dfd-8bfb-054363530065,06/18/2026 08:00:00,SNB Press Conference,HIGH,CHF
20ed369d-483e-4cc7-bae7-1018288b2c95,06/18/2026 11:00:00,BoE Interest Rate Decision,HIGH,GBP
11724f28-207a-4fc6-a54f-7299f419bb79,06/18/2026 11:00:00,BoE Minutes,HIGH,GBP
07fce62c-8c04-433d-9834-b09e095bfd11,06/18/2026 11:00:00,BoE Monetary Policy Summary,HIGH,GBP
85972367-e114-4e0a-8d98-98908f90ab63,06/18/2026 11:00:00,BoE MPC Vote Rate Cut,HIGH,GBP
6bb0b68c-29c8-4d7f-9aad-89ec1d26d2aa,06/18/2026 11:00:00,BoE MPC Vote Rate Hike,HIGH,GBP
4cf95e0a-4e5f-4ca0-a271-7ad8281f5330,06/18/2026 11:00:00,BoE MPC Vote Rate Unchanged,HIGH,GBP
767d3f43-07c4-460d-a643-2a6e520a1dfc,06/22/2026 08:00:00,ECB's President Lagarde speech,HIGH,EUR
6ee61e1e-94ac-41dc-bb9b-8bca20cee87e,06/22/2026 13:00:00,ECB's President Lagarde speech,HIGH,EUR
cc0324bb-602d-409b-a1d0-276b15aab839,06/22/2026 15:15:00,ECB's President Lagarde speech,HIGH,EUR
6a5a487c-c2c4-426a-a68a-86c073e1aa48,06/23/2026 13:00:00,BoC's Governor Macklem speech,HIGH,CAD
bd15b234-236e-4d87-8221-1317db7dbf58,06/24/2026 20:00:00,Bank Stress Test Results,HIGH,USD
42a28f1e-0423-4a29-8313-72e4f4a2b686,06/29/2026 17:30:00,ECB's President Lagarde speech,HIGH,EUR
a3f325bd-b509-44e2-a97f-72f30f36c30d,06/30/2026 15:30:00,BoE's Governor Bailey speech,HIGH,GBP
36f17820-5f82-40f9-8414-a486b83ff106,07/01/2026 13:00:00,BoC's Governor Macklem speech,HIGH,CAD
007f4bb1-8337-4fbb-ac4f-8e21b6f69d79,07/01/2026 13:00:00,ECB's President Lagarde speech,HIGH,EUR
027a85e2-2878-4656-8b93-65d383bd8eae,07/01/2026 13:00:00,BoE's Governor Bailey speech,HIGH,GBP
97eb47dc-6154-4652-83ba-109c531258ef,07/01/2026 13:00:00,Fed's Chair Warsh speech,HIGH,USD
ebd4e747-83dc-47c8-b621-23422b211857,07/01/2026 14:00:00,ECB's President Lagarde speech,HIGH,EUR
2051139a-9a40-4432-870e-c9ca62443650,07/03/2026 08:00:00,ECB's President Lagarde speech,HIGH,EUR
2db1190f-d7a3-444b-b43f-d277e6d9cbd6,07/03/2026 15:00:00,BoE's Governor Bailey speech,HIGH,GBP
f664bd4a-6fcc-4662-ad32-0dc43b3a8450,07/06/2026 16:00:00,ECB's President Lagarde speech,HIGH,EUR
084ba9be-484f-420c-bc76-92e6fec6b8e3,07/08/2026 02:00:00,RBNZ Interest Rate Decision,HIGH,NZD
834afad3-8ecb-468d-9c93-0402fcf56c07,07/08/2026 02:00:00,RBNZ Monetary Policy Review,HIGH,NZD
db9f073f-1c53-425c-93da-e6431d50b9a0,07/08/2026 03:00:00,RBNZ Press Conference,HIGH,NZD
77b6d7a3-e309-4172-962f-fc41c60c561d,07/08/2026 18:00:00,FOMC Minutes,HIGH,USD
5e33334f-cdbb-4546-b5f4-3efb62b7a31a,07/14/2026 08:55:00,BoE's Governor Bailey speech,HIGH,GBP
30cf237b-1dec-4a6f-9fc9-1c4f8f26f923,07/14/2026 12:30:00,Fed Chair Warsh testifies,HIGH,USD
948f214e-c967-4bbe-94e1-2b94178b52ba,07/14/2026 13:00:00,ECB's President Lagarde speech,HIGH,EUR
14187702-79b2-4714-8da7-db38b7d530e6,07/14/2026 14:00:00,Fed Chair Warsh testifies,HIGH,USD
8bd1b873-0b74-4e38-b06c-a3376a356b26,07/14/2026 20:00:00,BoE's Governor Bailey speech,HIGH,GBP
b4c6e1fe-c96b-49fb-8a29-b7e3f5ea203b,07/15/2026 13:45:00,BoC Interest Rate Decision,HIGH,CAD
a35dddbe-5407-42d5-8743-62593ef4bdf8,07/15/2026 13:45:00,BoC Monetary Policy Report,HIGH,CAD
09efcac4-7277-4c92-9477-9ae34c2844d3,07/15/2026 13:45:00,BoC Monetary Policy Statement,HIGH,CAD
624e84ff-096d-4982-a621-39a546c12fea,07/15/2026 14:00:00,Fed Chair Warsh testifies,HIGH,USD
2d1dd4ee-2ecc-41e9-9fe5-b4cc02aba3ac,07/15/2026 14:30:00,BoC Press Conference,HIGH,CAD
e0958882-99d0-44f7-b4cc-cbed73c4ca4c,07/21/2026 08:00:00,ECB Bank Lending Survey,HIGH,EUR
ce607978-3f0e-4e2d-bcc8-5e20aa618bec,07/23/2026 12:15:00,ECB Main Refinancing Operations Rate,HIGH,EUR
a7007706-9eb3-4e14-9f40-7dcdd6790fff,07/23/2026 12:15:00,ECB Monetary Policy Statement,HIGH,EUR
5f743b90-3d23-4c84-8073-3f69eaa69bad,07/23/2026 12:15:00,ECB Rate On Deposit Facility,HIGH,EUR
921b35ed-7a80-4d9c-bb8b-7ab50f598b60,07/23/2026 12:45:00,ECB Press Conference,HIGH,EUR
c402526a-3d94-4230-9340-6ed05f4f4d40,07/29/2026 18:00:00,Fed Interest Rate Decision,HIGH,USD
8e61a6fd-f7dc-4425-97db-5c139b16e086,07/29/2026 18:00:00,Fed Monetary Policy Statement,HIGH,USD
08e85942-07f1-4c23-9ca3-b7998339d217,07/29/2026 18:30:00,FOMC Press Conference,HIGH,USD
509d028b-7651-4ec9-b681-5be5b8c0ea07,07/30/2026 11:00:00,BoE Interest Rate Decision,HIGH,GBP
02f0f0f2-b746-450b-9fe1-618eaa42d16f,07/30/2026 11:00:00,BoE Minutes,HIGH,GBP
a7d30a75-32c5-4758-81a5-b92cc9cfbaf5,07/30/2026 11:00:00,BoE Monetary Policy Report,HIGH,GBP
2c782d16-4063-49d1-b4bf-2ebf3bbde58f,07/30/2026 11:00:00,BoE Monetary Policy Summary,HIGH,GBP
613a522a-c815-49b4-96e1-29fb5d8eda1c,07/30/2026 11:00:00,BoE MPC Vote Rate Cut,HIGH,GBP
b1722e1b-9b42-43b4-9bf5-2121fdfbd5ac,07/30/2026 11:00:00,BoE MPC Vote Rate Hike,HIGH,GBP
11b27115-4619-4de2-a0f8-59a0d6a887dc,07/30/2026 11:00:00,BoE MPC Vote Rate Unchanged,HIGH,GBP
b90b67e0-8db3-42a6-9258-6c443786b0d8,07/30/2026 12:00:00,BoE's Governor Bailey speech,HIGH,GBP
a5573d8b-0cdf-434f-b84b-cdd51e69af27,07/31/2026 03:00:00,BoJ Monetary Policy Statement,HIGH,JPY
f8ff114f-2103-4093-8708-d377422a9873,07/31/2026 03:11:27,BoJ Interest Rate Decision,HIGH,JPY
503a9e58-8416-4bef-bceb-2c81e96e7c6d,07/31/2026 06:30:00,BoJ Press Conference,HIGH,JPY
05a0ebc4-f747-4eae-8cba-d2280d33cbe1,08/19/2026 07:10:00,ECB's President Lagarde speech,HIGH,EUR
4c1d0e50-8162-4398-adbe-38e8bd0c9b61,08/19/2026 18:00:00,FOMC Minutes,HIGH,USD
2b5bc6d6-5bbc-40c8-836e-e9126c5fe710,08/27/2026 14:00:00,Jackson Hole Symposium,HIGH,USD
58b51ca1-dc68-48d8-800c-99b6dd7ca3ab,08/28/2026 14:00:00,Fed's Chair Warsh speech,HIGH,USD
2b605a0a-5c1a-42df-8241-512cdf6bad92,08/28/2026 14:00:00,Jackson Hole Symposium,HIGH,USD
64455197-8e57-4821-a0b9-895cdf923d38,08/29/2026 14:00:00,Jackson Hole Symposium,HIGH,USD
2881fb4b-d447-408a-9300-3eb4bc0e5a9e,09/02/2026 02:00:00,RBNZ Interest Rate Decision,HIGH,NZD
c28bdeb6-42d8-49d8-975c-02971c442f1e,09/02/2026 02:00:00,RBNZ Monetary Policy Review,HIGH,NZD
ac4eaa46-6def-4281-a8e2-d7e7b79a6912,09/02/2026 02:00:00,RBNZ Monetary Policy Statement,HIGH,NZD
fc74e544-8273-48be-849c-8fc6c5e3275b,09/02/2026 03:00:00,RBNZ Press Conference,HIGH,NZD
b8da849e-3653-441c-b145-7f1356419ee0,09/02/2026 13:45:00,BoC Interest Rate Decision,HIGH,CAD
ddf40a44-eacb-41ee-90b6-621b677e7518,09/02/2026 13:45:00,BoC Monetary Policy Statement,HIGH,CAD
11c4ee57-a95d-43d1-8526-fab6ef18b214,09/02/2026 14:30:00,BoC Press Conference,HIGH,CAD
20972f0a-4a27-48dc-a9fd-351763626580,09/03/2026 09:15:00,BoE Monetary Policy Report Hearings,HIGH,GBP
59741606-d5d5-4072-b31d-c11383896dc7,09/04/2026 08:50:00,BoE's Governor Bailey speech,HIGH,GBP
a071c91d-8461-4751-8f6e-14b7d4253369,09/10/2026 12:15:00,ECB Main Refinancing Operations Rate,HIGH,EUR
35c59829-bf34-4845-96c4-134c93cf3126,09/10/2026 12:15:00,ECB Monetary Policy Statement,HIGH,EUR
d7d6e099-259e-4042-b917-654fb80a70a1,09/10/2026 12:15:00,ECB Rate On Deposit Facility,HIGH,EUR
2f83a209-b288-4719-bb11-c91da5089fad,09/10/2026 12:45:00,ECB Press Conference,HIGH,EUR
2f1b6a4a-ff1e-428b-b8ad-d8521ebc870f,09/16/2026 18:00:00,Fed Interest Rate Decision,HIGH,USD
6058ca5b-901f-46b7-bfd9-657446035047,09/16/2026 18:00:00,Fed Monetary Policy Statement,HIGH,USD
11c9039f-f6ea-4b36-a7bd-dc45ccff3bd5,09/16/2026 18:00:00,FOMC Economic Projections,HIGH,USD
10532ed2-469b-48d2-97e8-0491e6a6c191,09/16/2026 18:00:00,Interest Rate Projections - 1st year,HIGH,USD
e844484f-c3a0-4354-a254-d392dbf57d7e,09/16/2026 18:00:00,Interest Rate Projections - 2nd year,HIGH,USD
a0e42f03-df7d-478a-a5c4-fc2a27de7320,09/16/2026 18:00:00,Interest Rate Projections - 3rd year,HIGH,USD
9b41c2fd-eb89-4863-9310-fa2f4bd0a28b,09/16/2026 18:00:00,Interest Rate Projections - Current,HIGH,USD
6c1d5e6e-d2d5-4cbd-bbd8-f4191b45c93b,09/16/2026 18:00:00,Interest Rate Projections - Longer,HIGH,USD
f560c035-6567-4131-bd62-1e686a974676,09/16/2026 18:30:00,FOMC Press Conference,HIGH,USD
d9444eb5-f55e-4c37-b44b-26c8a26e80c8,09/17/2026 11:00:00,BoE Interest Rate Decision,HIGH,GBP
8597f88a-705e-43f9-81be-272b8a624e6b,09/17/2026 11:00:00,BoE Minutes,HIGH,GBP
ed58b44f-8296-4f12-9bf4-a7f4347bb76c,09/17/2026 11:00:00,BoE Monetary Policy Summary,HIGH,GBP
5d215a3e-f12d-449f-937b-1c495174da96,09/17/2026 11:00:00,BoE MPC Vote Rate Cut,HIGH,GBP
3667db0e-da61-4db7-96c2-67663190c923,09/17/2026 11:00:00,BoE MPC Vote Rate Hike,HIGH,GBP
ac9c6c71-e007-424e-b60a-1fdaef0924c2,09/17/2026 11:00:00,BoE MPC Vote Rate Unchanged,HIGH,GBP
8e17cf2f-7fa7-4ceb-b303-33a6098af56a,09/18/2026 03:00:00,BoJ Interest Rate Decision,HIGH,JPY
34d7a1f7-2cd9-48bb-9212-1f6350d3d005,09/18/2026 03:00:00,BoJ Monetary Policy Statement,HIGH,JPY
b4633dd0-7b80-449e-a272-5746f0e40581,09/18/2026 06:30:00,BoJ Press Conference,HIGH,JPY
e722a23d-b084-4877-89bc-b325f0f82aa2,09/24/2026 07:30:00,SNB Interest Rate Decision,HIGH,CHF
a1df7c23-d368-41da-bb46-d55491653d8e,09/24/2026 07:30:00,SNB Monetary Policy Assessment,HIGH,CHF
ec575c99-e4f4-4900-90b2-db626bf83150,09/24/2026 08:00:00,SNB Press Conference,HIGH,CHF
02a53a33-4794-47f5-9def-bc39d26272b3,10/07/2026 18:00:00,FOMC Minutes,HIGH,USD
1e7a00e6-7194-46ad-9c39-f67e1a034bcc,10/27/2026 09:00:00,ECB Bank Lending Survey,HIGH,EUR
d558410d-6bb6-4439-88f4-8f8019f127fa,10/28/2026 01:00:00,RBNZ Interest Rate Decision,HIGH,NZD
9c6aeaa6-21a7-4ef5-ba0b-97ca4fd96ffb,10/28/2026 01:00:00,RBNZ Monetary Policy Review,HIGH,NZD
871a4f21-a61f-4b34-91be-5a8b377d64ca,10/28/2026 01:00:00,RBNZ Monetary Policy Statement,HIGH,NZD
bfcdec51-c026-48af-9b69-f5b5ba482bab,10/28/2026 13:45:00,BoC Interest Rate Decision,HIGH,CAD
3ef48b57-136b-4f6d-a0cb-3c920ab2a73d,10/28/2026 13:45:00,BoC Monetary Policy Report,HIGH,CAD
ca541175-42f2-4ff7-afa4-34063bf55c41,10/28/2026 13:45:00,BoC Monetary Policy Statement,HIGH,CAD
73ace6bf-2fd3-4e6f-9fcf-b178e888cd8c,10/28/2026 14:30:00,BoC Press Conference,HIGH,CAD
0fa5c63c-f61c-4436-8763-66222addfe7a,10/28/2026 18:00:00,Fed Interest Rate Decision,HIGH,USD
3c0c7b61-7aaa-4ca6-bff2-15593a479a36,10/28/2026 18:00:00,Fed Monetary Policy Statement,HIGH,USD
2b6b68dc-4cea-41c4-ba47-4766f56bf18d,10/28/2026 18:30:00,FOMC Press Conference,HIGH,USD
e3f013db-8a84-4e60-b1f6-7ab964ef971a,10/29/2026 13:15:00,ECB Main Refinancing Operations Rate,HIGH,EUR
0b2fdec5-11dd-4d63-956c-1982aa2d8226,10/29/2026 13:15:00,ECB Monetary Policy Statement,HIGH,EUR
18979b50-101a-4988-beb9-e16f4bbe6f82,10/29/2026 13:15:00,ECB Rate On Deposit Facility,HIGH,EUR
4c045f45-01aa-4ac0-91e7-876cd9d41af4,10/29/2026 13:45:00,ECB Press Conference,HIGH,EUR
c802a3fb-fac4-49e4-8082-f9e8445120f3,10/30/2026 03:00:00,BoJ Interest Rate Decision,HIGH,JPY
240a5d56-e79c-4889-a204-2ceb275ee9bd,10/30/2026 03:00:00,BoJ Monetary Policy Statement,HIGH,JPY
1f6e45de-03bd-457d-89d8-72142aa32639,10/30/2026 06:30:00,BoJ Press Conference,HIGH,JPY
afdafa46-06e1-4c9e-a74d-d2635ca62555,11/05/2026 12:00:00,BoE Interest Rate Decision,HIGH,GBP
395b75d2-b858-4d1b-b80e-c1008da2cb38,11/05/2026 12:00:00,BoE Minutes,HIGH,GBP
d877acfe-fc11-448a-a375-eb814853a930,11/05/2026 12:00:00,BoE Monetary Policy Report,HIGH,GBP
7ae75486-2d64-46f5-821f-4ebe7f11e76b,11/05/2026 12:00:00,BoE Monetary Policy Summary,HIGH,GBP
55d84e94-01d3-4d3e-8e4b-a19500e7525c,11/05/2026 12:00:00,BoE MPC Vote Rate Cut,HIGH,GBP
38938af9-5052-40d9-b878-da46c82c4af0,11/05/2026 12:00:00,BoE MPC Vote Rate Hike,HIGH,GBP
b6f8ab3e-5fe3-4088-9678-81822be75992,11/05/2026 12:00:00,BoE MPC Vote Rate Unchanged,HIGH,GBP
b7686588-d8da-4567-a380-e9eff4b6d41c,11/05/2026 12:30:00,BoE's Governor Bailey speech,HIGH,GBP
d97b15ef-1df0-4a15-b58a-326c46646d1a,11/18/2026 19:00:00,FOMC Minutes,HIGH,USD
8ffc8e1b-1e35-4c34-bf38-bb1ac97e73d5,12/03/2026 09:15:00,BoE Monetary Policy Report Hearings,HIGH,GBP
38af29be-e910-467a-8696-eb2bcf265c2f,12/09/2026 01:00:00,RBNZ Interest Rate Decision,HIGH,NZD
78234ab9-639b-4eaa-abe9-276ffdaa5d13,12/09/2026 01:00:00,RBNZ Monetary Policy Review,HIGH,NZD
7dbf4d77-2a1b-498c-9d33-c65948e09a90,12/09/2026 02:00:00,RBNZ Press Conference,HIGH,NZD
d7d14404-e3b9-42b7-8924-39a570b78a34,12/09/2026 14:45:00,BoC Interest Rate Decision,HIGH,CAD
17b71778-d51e-470d-9072-ed973720c8aa,12/09/2026 14:45:00,BoC Monetary Policy Statement,HIGH,CAD
51b3da2e-9b11-492b-95a2-5d0d90d966b7,12/09/2026 15:30:00,BoC Press Conference,HIGH,CAD
0f5a2e3a-6db9-4a82-9624-600da78dde70,12/09/2026 19:00:00,Fed Interest Rate Decision,HIGH,USD
aaa8dbe3-191c-4112-bc06-658211f04879,12/09/2026 19:00:00,Fed Monetary Policy Statement,HIGH,USD
ac41acfc-a738-4066-bd15-2dd1cee91dd8,12/09/2026 19:00:00,FOMC Economic Projections,HIGH,USD
e471c5ef-8293-4620-b51b-9fe162df8f24,12/09/2026 19:00:00,Interest Rate Projections - 1st year,HIGH,USD
3f5cb5b3-0104-4f40-9451-d4661b345909,12/09/2026 19:00:00,Interest Rate Projections - 2nd year,HIGH,USD
ad96a1c8-4113-44a8-8d36-8af7892237c7,12/09/2026 19:00:00,Interest Rate Projections - 3rd year,HIGH,USD
891d5b3c-32cd-4cab-a2f8-b9401a40f048,12/09/2026 19:00:00,Interest Rate Projections - Current,HIGH,USD
c8a61f38-7d2a-40f7-b80e-bdfb9989d953,12/09/2026 19:00:00,Interest Rate Projections - Longer,HIGH,USD
e65f5992-b1d8-42a2-8660-e6d84ae40eec,12/09/2026 19:30:00,FOMC Press Conference,HIGH,USD
29b4b04e-4684-402e-8fd6-ebf689bf51c5,12/10/2026 08:30:00,SNB Interest Rate Decision,HIGH,CHF
edc24fc6-02ef-4215-bfff-69fdf24e7c44,12/10/2026 08:30:00,SNB Monetary Policy Assessment,HIGH,CHF
f3d8f8f2-c4e7-4083-b125-5c18a61ea2ca,12/10/2026 09:00:00,SNB Press Conference,HIGH,CHF
86f08fae-98cc-43fa-a545-3c89d483cff5,12/10/2026 13:45:00,ECB Press Conference,HIGH,EUR
20d0bbdf-40b5-4270-8165-32d9e389fe99,12/17/2026 12:00:00,BoE Interest Rate Decision,HIGH,GBP
45fd5630-ed13-406b-8dba-b8b189d39470,12/17/2026 12:00:00,BoE Minutes,HIGH,GBP
88d683db-2eff-4800-8909-cec520543c0c,12/17/2026 12:00:00,BoE Monetary Policy Summary,HIGH,GBP
3b12a900-1c7f-4da8-8159-39143f08dd28,12/17/2026 12:00:00,BoE MPC Vote Rate Cut,HIGH,GBP
552a3001-f576-49af-982c-b9860c8f467c,12/17/2026 12:00:00,BoE MPC Vote Rate Hike,HIGH,GBP
7101af3d-868b-4489-abec-77db8393ab95,12/17/2026 12:00:00,BoE MPC Vote Rate Unchanged,HIGH,GBP
a3fd5937-a447-4e10-9aca-03ae94fdc344,12/17/2026 13:15:00,ECB Main Refinancing Operations Rate,HIGH,EUR
98e5408c-8198-4bc3-9102-1db253c44f45,12/17/2026 13:15:00,ECB Monetary Policy Statement,HIGH,EUR
e69a23d4-381a-4f5f-aa44-4928bf6ef9a3,12/17/2026 13:15:00,ECB Rate On Deposit Facility,HIGH,EUR
9f598e39-5cb7-4e2b-80eb-7161c3e7d67a,12/18/2026 03:00:00,BoJ Interest Rate Decision,HIGH,JPY
8d71c3a6-6d92-4675-a5fc-0661122f9c54,12/18/2026 03:00:00,BoJ Monetary Policy Statement,HIGH,JPY
39c1b2a8-8eca-442c-80f4-c18ec32ac5aa,12/18/2026 06:30:00,BoJ Press Conference,HIGH,JPY
db5befcf-52ee-478b-9e1d-c77775a9eb34,01/06/2027 19:00:00,FOMC Minutes,HIGH,USD
4a2571c8-0311-42ef-8f9c-b531ac091247,02/17/2027 01:00:00,RBNZ Interest Rate Decision,HIGH,NZD
b40d9b0b-9be1-471e-95c0-aed717b764f0,02/17/2027 01:00:00,RBNZ Monetary Policy Review,HIGH,NZD
c9e36d3f-8172-4e8e-83f3-5229e27e13d6,02/17/2027 01:00:00,RBNZ Monetary Policy Statement,HIGH,NZD
