date,rgm_prob_s0,rgm_prob_s1,rgm_prob_s2,rgm_label,rgm_trend_score,rgm_vol_score,rgm_conf
2004-12-31 00:00:00,,,,,,,
2005-01-03 00:00:00,,,,,,,
2005-01-04 00:00:00,,,,,,,
2005-01-05 00:00:00,,,,,,,
2005-01-06 00:00:00,,,,,,,
2005-01-07 00:00:00,,,,,,,
2005-01-10 00:00:00,,,,,,,
2005-01-11 00:00:00,,,,,,,
2005-01-12 00:00:00,,,,,,,
2005-01-13 00:00:00,,,,,,,
2005-01-14 00:00:00,,,,,,,
2005-01-17 00:00:00,,,,,,,
2005-01-18 00:00:00,,,,,,,
2005-01-19 00:00:00,,,,,,,
2005-01-20 00:00:00,,,,,,,
2005-01-21 00:00:00,,,,,,,
2005-01-24 00:00:00,,,,,,,
2005-01-25 00:00:00,,,,,,,
2005-01-26 00:00:00,,,,,,,
2005-01-27 00:00:00,,,,,,,
2005-01-28 00:00:00,1.0,0.0,0.0,0.0,-0.6850818,0.45052993,1.0
2005-01-31 00:00:00,1.0,0.0,6.6069904e-16,0.0,-0.6850818,0.45052993,1.0
2005-02-01 00:00:00,0.99999523,0.0,4.766131e-06,0.0,-0.68507427,0.45053256,0.99999523
2005-02-02 00:00:00,0.9999964,0.0,3.5773953e-06,0.0,-0.6850761,0.4505319,0.9999964
2005-02-03 00:00:00,0.99995524,0.0,4.4777953e-05,0.0,-0.6850112,0.45055455,0.99995524
2005-02-04 00:00:00,0.9997307,0.0,0.00026930112,0.0,-0.6846574,0.4506779,0.9997307
2005-02-07 00:00:00,1.0,0.0,1.1289486e-11,0.0,-0.6850818,0.45052993,1.0
2005-02-08 00:00:00,1.0,0.0,7.396116e-13,0.0,-0.6850818,0.45052993,1.0
2005-02-09 00:00:00,1.0,0.0,7.542935e-23,0.0,-0.6850818,0.45052993,1.0
2005-02-10 00:00:00,1.0,0.0,2.8279501e-12,0.0,-0.6850818,0.45052993,1.0
2005-02-11 00:00:00,0.99999964,0.0,3.8198357e-07,0.0,-0.6850812,0.45053014,0.99999964
2005-02-14 00:00:00,0.9947276,6.709416e-11,0.0052723903,0.0,-0.6767738,0.45342696,0.9947276
2005-02-15 00:00:00,0.42546645,0.5743917,0.00014183871,1.0,-0.26550248,0.19182721,0.5743917
2005-02-16 00:00:00,0.040165827,0.95979285,4.131384e-05,1.0,0.015715364,0.01813722,0.95979285
2005-02-17 00:00:00,0.00023027156,0.99956155,0.0002081589,1.0,0.045012876,0.00031190313,0.99956155
2005-02-18 00:00:00,0.003922673,0.99605864,1.8703504e-05,1.0,0.04215689,0.0017859851,0.99605864
2005-02-21 00:00:00,0.004464324,0.995524,1.1699657e-05,1.0,0.041755512,0.0020230112,0.995524
2005-02-22 00:00:00,1.5845739e-16,0.9863294,0.013670633,1.0,0.056565788,0.013670633,0.9863294
2005-02-23 00:00:00,2.3824008e-05,0.99917126,0.00080494024,1.0,0.04566828,0.0008156737,0.99917126
2005-02-24 00:00:00,4.6272207e-06,0.9991634,0.0008319651,1.0,0.04570515,0.00083404983,0.9991634
2005-02-25 00:00:00,8.692879e-10,0.9979569,0.0020431497,1.0,0.04673279,0.00204315,0.9979569
2005-02-28 00:00:00,2.6990168e-07,0.9990992,0.0009005356,1.0,0.04576632,0.0009006572,0.9990992
2005-03-01 00:00:00,1.7847853e-05,0.9995726,0.00040960175,1.0,0.04533832,0.00041764273,0.9995726
2005-03-02 00:00:00,0.00018428217,0.99957633,0.00023941211,1.0,0.045072883,0.00032243674,0.99957633
2005-03-03 00:00:00,1.3281134e-05,0.99968016,0.0003065492,1.0,0.045254506,0.00031253273,0.99968016
2005-03-04 00:00:00,4.077487e-23,0.9695382,0.030461816,1.0,0.07076556,0.030461816,0.9695382
2005-03-07 00:00:00,5.260867e-36,0.66967773,0.3303223,1.0,0.3243481,0.3303223,0.66967773
2005-03-08 00:00:00,0.0,0.0010748355,0.99892515,2.0,0.8897645,0.99892515,0.99892515
2005-03-09 00:00:00,0.0,0.0001065939,0.9998934,2.0,0.8905833,0.9998934,0.9998934
2005-03-10 00:00:00,0.0,0.00013207423,0.9998679,2.0,0.89056176,0.9998679,0.9998679
2005-03-11 00:00:00,0.0,2.4915773e-05,0.9999751,2.0,0.89065236,0.9999751,0.9999751
2005-03-14 00:00:00,2.3929858e-26,0.033675108,0.96632487,2.0,0.86219543,0.96632487,0.96632487
2005-03-15 00:00:00,9.626997e-16,0.3733008,0.6266992,2.0,0.5749847,0.6266992,0.6266992
2005-03-16 00:00:00,1.2149977e-23,0.14050095,0.85949904,2.0,0.7718562,0.85949904,0.85949904
2005-03-17 00:00:00,4.319021e-16,0.45744354,0.54255646,2.0,0.50382787,0.54255646,0.54255646
2005-03-18 00:00:00,1.4062902e-11,0.90775174,0.092248246,1.0,0.1230164,0.092248246,0.90775174
2005-03-21 00:00:00,0.0004809258,0.9891249,0.010394203,1.0,0.053443894,0.010610875,0.9891249
2005-03-22 00:00:00,0.99566567,0.0,0.004334359,0.0,-0.67825186,0.45291153,0.99566567
2005-03-23 00:00:00,0.9999819,0.0,1.8093351e-05,0.0,-0.6850532,0.4505399,0.9999819
2005-03-24 00:00:00,0.9999993,0.0,6.891937e-07,0.0,-0.6850807,0.45053032,0.9999993
2005-03-25 00:00:00,1.0,0.0,1.594836e-08,0.0,-0.6850817,0.45052993,1.0
2005-03-28 00:00:00,1.0,0.0,1.287379e-10,0.0,-0.6850818,0.45052993,1.0
2005-03-29 00:00:00,0.9999977,0.0,2.3279867e-06,0.0,-0.6850781,0.4505312,0.9999977
2005-03-30 00:00:00,0.9999886,0.0,1.1359539e-05,0.0,-0.68506384,0.45053616,0.9999886
2005-03-31 00:00:00,0.9995123,3.3725047e-33,0.00048767033,0.0,-0.6843133,0.4507979,0.9995123
2005-04-01 00:00:00,1.0,0.0,2.7450922e-10,0.0,-0.6850818,0.45052993,1.0
2005-04-04 00:00:00,1.0,0.0,9.959751e-13,0.0,-0.6850818,0.45052993,1.0
2005-04-05 00:00:00,1.0,0.0,9.1768655e-24,0.0,-0.6850818,0.45052993,1.0
2005-04-06 00:00:00,1.0,0.0,2.1365747e-24,0.0,-0.6850818,0.45052993,1.0
2005-04-07 00:00:00,1.0,0.0,4.2026804e-36,0.0,-0.6850818,0.45052993,1.0
2005-04-08 00:00:00,1.0,0.0,2.0537344e-25,0.0,-0.6850818,0.45052993,1.0
2005-04-11 00:00:00,1.0,0.0,2.8825256e-14,0.0,-0.6850818,0.45052993,1.0
2005-04-12 00:00:00,1.0,0.0,1.0595825e-15,0.0,-0.6850818,0.45052993,1.0
2005-04-13 00:00:00,1.0,0.0,2.8036735e-25,0.0,-0.6850818,0.45052993,1.0
2005-04-14 00:00:00,1.0,0.0,1.9924707e-31,0.0,-0.6850818,0.45052993,1.0
2005-04-15 00:00:00,1.0,0.0,1.8323372e-15,0.0,-0.6850818,0.45052993,1.0
2005-04-18 00:00:00,0.9995458,3.06052e-34,0.00045418835,0.0,-0.6843661,0.4507795,0.9995458
2005-04-19 00:00:00,0.7524558,0.24747641,6.7799585e-05,0.0,-0.5042957,0.33907166,0.7524558
2005-04-20 00:00:00,0.007195593,0.9927216,8.281699e-05,1.0,0.03982159,0.003324647,0.9927216
2005-04-21 00:00:00,0.0003014562,0.99964666,5.1853112e-05,1.0,0.044828724,0.00018766815,0.99964666
2005-04-22 00:00:00,0.00031293725,0.9996383,4.875889e-05,1.0,0.044817727,0.00018974648,0.9996383
2005-04-25 00:00:00,0.00044072492,0.99951506,4.4243676e-05,1.0,0.044720612,0.00024280345,0.99951506
2005-04-26 00:00:00,0.0052192044,0.994768,1.2750298e-05,1.0,0.041205272,0.0023641582,0.994768
2005-04-27 00:00:00,0.007237849,0.99275404,8.110833e-06,1.0,0.039727565,0.0032689783,0.99275404
2005-04-28 00:00:00,0.9808219,0.0001075902,0.019070497,0.0,-0.65495276,0.46096012,0.9808219
2005-04-29 00:00:00,0.9971671,0.0023084746,0.00052440586,0.0,-0.68257004,0.44977805,0.9971671
2005-05-02 00:00:00,0.56886667,0.43112445,8.900924e-06,0.0,-0.3703095,0.25630036,0.56886667
2005-05-03 00:00:00,0.09527359,0.90471745,8.943957e-06,1.0,-0.02454546,0.042932548,0.90471745
2005-05-04 00:00:00,0.00500344,0.9949735,2.307498e-05,1.0,0.04137153,0.0022772746,0.9949735
2005-05-05 00:00:00,0.00020547447,0.99974203,5.249785e-05,1.0,0.044899344,0.00014507024,0.99974203
2005-05-06 00:00:00,0.9628175,6.7578144e-21,0.037182514,0.0,-0.62649125,0.47096062,0.9628175
2005-05-09 00:00:00,0.9970956,1.9187653e-30,0.0029044386,0.0,-0.6805051,0.45212585,0.9970956
2005-05-10 00:00:00,0.96197975,0.037908427,0.00011181165,0.0,-0.6572291,0.43351248,0.96197975
2005-05-11 00:00:00,0.9990766,1.7910995e-19,0.00092339364,0.0,-0.6836267,0.45103732,0.9990766
2005-05-12 00:00:00,0.99937695,1.8778564e-30,0.0006230366,0.0,-0.68410003,0.45087227,0.99937695
2005-05-13 00:00:00,1.0,0.0,2.951281e-09,0.0,-0.6850818,0.45052993,1.0
2005-05-16 00:00:00,1.0,0.0,6.376819e-17,0.0,-0.6850818,0.45052993,1.0
2005-05-17 00:00:00,1.0,0.0,5.326078e-26,0.0,-0.6850818,0.45052993,1.0
2005-05-18 00:00:00,1.0,0.0,4.445408e-21,0.0,-0.6850818,0.45052993,1.0
2005-05-19 00:00:00,1.0,0.0,4.7183194e-19,0.0,-0.6850818,0.45052993,1.0
2005-05-20 00:00:00,1.0,0.0,3.1852504e-29,0.0,-0.6850818,0.45052993,1.0
2005-05-23 00:00:00,1.0,0.0,2.5173224e-20,0.0,-0.6850818,0.45052993,1.0
2005-05-24 00:00:00,1.0,0.0,1.6427243e-20,0.0,-0.6850818,0.45052993,1.0
2005-05-25 00:00:00,1.0,0.0,2.5117556e-12,0.0,-0.6850818,0.45052993,1.0
2005-05-26 00:00:00,1.0,0.0,1.0834815e-17,0.0,-0.6850818,0.45052993,1.0
2005-05-27 00:00:00,1.0,0.0,1.8951811e-09,0.0,-0.6850818,0.45052993,1.0
2005-05-30 00:00:00,1.0,0.0,7.769085e-15,0.0,-0.6850818,0.45052993,1.0
2005-05-31 00:00:00,1.0,0.0,5.232173e-34,0.0,-0.6850818,0.45052993,1.0
2005-06-01 00:00:00,1.0,0.0,0.0,0.0,-0.6850818,0.45052993,1.0
2005-06-02 00:00:00,1.0,0.0,7.1e-44,0.0,-0.6850818,0.45052993,1.0
2005-06-03 00:00:00,1.0,0.0,1.0082806e-34,0.0,-0.6850818,0.45052993,1.0
2005-06-06 00:00:00,1.0,0.0,2.6238643e-34,0.0,-0.6850818,0.45052993,1.0
2005-06-07 00:00:00,1.0,0.0,1.10646355e-35,0.0,-0.6850818,0.45052993,1.0
2005-06-08 00:00:00,1.0,0.0,4.4001406e-33,0.0,-0.6850818,0.45052993,1.0
2005-06-09 00:00:00,1.0,0.0,1.4958285e-22,0.0,-0.6850818,0.45052993,1.0
2005-06-10 00:00:00,1.0,0.0,5.590723e-29,0.0,-0.6850818,0.45052993,1.0
2005-06-13 00:00:00,1.0,0.0,1.4501508e-29,0.0,-0.6850818,0.45052993,1.0
2005-06-14 00:00:00,1.0,0.0,1.1331859e-33,0.0,-0.6850818,0.45052993,1.0
2005-06-15 00:00:00,1.0,0.0,3.4866055e-33,0.0,-0.6850818,0.45052993,1.0
2005-06-16 00:00:00,1.0,0.0,2.9185926e-30,0.0,-0.6850818,0.45052993,1.0
2005-06-17 00:00:00,1.0,0.0,1.7457004e-09,0.0,-0.6850818,0.45052993,1.0
2005-06-20 00:00:00,1.0,0.0,1.2547179e-21,0.0,-0.6850818,0.45052993,1.0
2005-06-21 00:00:00,1.0,0.0,1.0656201e-15,0.0,-0.6850818,0.45052993,1.0
2005-06-22 00:00:00,1.0,0.0,1.3883569e-23,0.0,-0.6850818,0.45052993,1.0
2005-06-23 00:00:00,1.0,0.0,6.64917e-25,0.0,-0.6850818,0.45052993,1.0
2005-06-24 00:00:00,1.0,0.0,2.9889489e-25,0.0,-0.6850818,0.45052993,1.0
2005-06-27 00:00:00,1.0,0.0,5.152966e-12,0.0,-0.6850818,0.45052993,1.0
2005-06-28 00:00:00,0.99999976,0.0,2.420348e-07,0.0,-0.68508136,0.45053005,0.99999976
2005-06-29 00:00:00,0.9985563,1.1569892e-26,0.0014436804,0.0,-0.6828069,0.45132318,0.9985563
2005-06-30 00:00:00,0.9999837,0.0,1.6285216e-05,0.0,-0.6850561,0.45053887,0.9999837
2005-07-01 00:00:00,1.0,0.0,5.9986055e-10,0.0,-0.6850818,0.45052993,1.0
2005-07-04 00:00:00,1.0,0.0,1.204486e-14,0.0,-0.6850818,0.45052993,1.0
2005-07-05 00:00:00,1.0,0.0,1.9822608e-15,0.0,-0.6850818,0.45052993,1.0
2005-07-06 00:00:00,1.0,0.0,4.008948e-12,0.0,-0.6850818,0.45052993,1.0
2005-07-07 00:00:00,1.0,0.0,2.462479e-11,0.0,-0.6850818,0.45052993,1.0
2005-07-08 00:00:00,0.999874,0.0,0.00012601682,0.0,-0.6848832,0.45059916,0.999874
2005-07-11 00:00:00,0.995203,7.3722375e-11,0.004796964,0.0,-0.6775229,0.4531657,0.995203
2005-07-12 00:00:00,5.856595e-07,0.7158733,0.28412613,1.0,0.28528106,0.2841264,0.7158733
2005-07-13 00:00:00,0.1644533,3.2985887e-09,0.8355467,2.0,0.6315353,0.9096378,0.8355467
2005-07-14 00:00:00,0.15237933,1.6314625e-06,0.84761906,2.0,0.65055954,0.9162705,0.84761906
2005-07-15 00:00:00,0.9999921,0.0,7.923427e-06,0.0,-0.68506926,0.45053428,0.9999921
2005-07-18 00:00:00,0.99815,1.4317168e-14,0.0018500362,0.0,-0.6821666,0.45154646,0.99815
2005-07-19 00:00:00,0.9999092,0.0,9.080164e-05,0.0,-0.68493867,0.45057982,0.9999092
2005-07-20 00:00:00,0.97939944,0.01902082,0.0015797215,0.0,-0.66870564,0.4428285,0.97939944
2005-07-21 00:00:00,0.00054926856,0.9918849,0.007565817,1.0,0.051002122,0.007813279,0.9918849
2005-07-22 00:00:00,0.91845936,0.0011906024,0.08035003,0.0,-0.55760056,0.49414346,0.91845936
2005-07-25 00:00:00,0.995856,4.1310132e-35,0.004144042,0.0,-0.6785518,0.45280695,0.995856
2005-07-26 00:00:00,0.99826735,1.0463929e-09,0.0017326479,0.0,-0.6823515,0.45148197,0.99826735
2005-07-27 00:00:00,0.99897707,0.0001057932,0.0009171238,0.0,-0.68355936,0.4509862,0.99897707
2005-07-28 00:00:00,0.77291894,0.22551006,0.0015710088,0.0,-0.51796436,0.34979412,0.77291894
2005-07-29 00:00:00,3.5785636e-06,0.99869823,0.0012982143,1.0,0.04610021,0.0012998265,0.99869823
2005-08-01 00:00:00,1.3899216e-16,0.9917922,0.008207825,1.0,0.051946063,0.008207825,0.9917922
2005-08-02 00:00:00,6.2003855e-16,0.9923138,0.00768622,1.0,0.05150496,0.00768622,0.9923138
2005-08-03 00:00:00,2.7913938e-28,0.22456384,0.77543616,2.0,0.70076686,0.77543616,0.77543616
2005-08-04 00:00:00,1.2650681e-35,3.934763e-05,0.99996066,2.0,0.89064014,0.99996066,0.99996066
2005-08-05 00:00:00,1.3888476e-27,0.000523383,0.9994766,2.0,0.89023083,0.9994766,0.9994766
2005-08-08 00:00:00,1.8490349e-18,0.08530236,0.91469765,2.0,0.8185359,0.91469765,0.91469765
2005-08-09 00:00:00,6.887361e-06,0.93837,0.06162315,1.0,0.09711269,0.06162625,0.93837
2005-08-10 00:00:00,1.3244692e-19,0.9529955,0.04700452,1.0,0.084755205,0.04700452,0.9529955
2005-08-11 00:00:00,1.9649932e-25,0.87838215,0.121617846,1.0,0.14785334,0.121617846,0.87838215
2005-08-12 00:00:00,2.537456e-32,0.41328585,0.58671415,2.0,0.5411706,0.58671415,0.58671415
2005-08-15 00:00:00,4.629179e-17,0.7411897,0.25881028,1.0,0.26387265,0.25881028,0.7411897
2005-08-16 00:00:00,1.1453357e-21,0.78024775,0.21975228,1.0,0.23084253,0.21975228,0.78024775
2005-08-17 00:00:00,3.2544907e-05,0.998582,0.0013854718,1.0,0.046152852,0.0014001343,0.998582
2005-08-18 00:00:00,0.0053642495,0.9946041,3.166793e-05,1.0,0.041115377,0.0024484228,0.9946041
2005-08-19 00:00:00,0.00059096166,0.99935645,5.2603136e-05,1.0,0.044617996,0.00031884905,0.99935645
2005-08-22 00:00:00,1.6684504e-08,0.99948597,0.00051402673,1.0,0.045439646,0.00051403424,0.99948597
2005-08-23 00:00:00,1.1229112e-09,0.9992718,0.0007281873,1.0,0.045620766,0.0007281878,0.9992718
2005-08-24 00:00:00,6.17975e-09,0.9994608,0.00053919543,1.0,0.04546094,0.00053919817,0.9994608
2005-08-25 00:00:00,7.7254066e-07,0.99975604,0.00024319603,1.0,0.045210063,0.00024354408,0.99975604
2005-08-26 00:00:00,8.926727e-08,0.9996498,0.00035007184,1.0,0.045300942,0.00035011207,0.9996498
2005-08-29 00:00:00,0.00573859,0.9942477,1.3719527e-05,1.0,0.040826898,0.0025991262,0.9942477
2005-08-30 00:00:00,0.006979552,0.99300903,1.1441683e-05,1.0,0.03991896,0.0031559388,0.99300903
2005-08-31 00:00:00,0.0071239076,0.9928701,5.9869776e-06,1.0,0.039808955,0.0032155206,0.9928701
2005-09-01 00:00:00,0.00041711295,0.9994703,0.00011258545,1.0,0.044795644,0.00030050732,0.9994703
2005-09-02 00:00:00,6.023415e-08,0.9994992,0.0005007286,1.0,0.04542837,0.00050075573,0.9994992
2005-09-05 00:00:00,3.8069832e-06,0.99972755,0.00026866898,1.0,0.045229387,0.00027038413,0.99972755
2005-09-06 00:00:00,0.00017839557,0.9996811,0.00014047894,1.0,0.044993516,0.00022085149,0.9996811
2005-09-07 00:00:00,0.0065657096,0.9933667,6.7593995e-05,1.0,0.04026859,0.0030256428,0.9933667
2005-09-08 00:00:00,0.97443026,0.00011831189,0.025451452,0.0,-0.6448901,0.46446145,0.97443026
2005-09-09 00:00:00,0.9936759,0.0054786927,0.0008454045,0.0,-0.67974967,0.44852614,0.9936759
2005-09-12 00:00:00,0.99927616,5.449668e-08,0.0007237994,0.0,-0.6839412,0.45092762,0.99927616
2005-09-13 00:00:00,0.99909866,2.184354e-12,0.00090136414,0.0,-0.68366146,0.45102522,0.99909866
2005-09-14 00:00:00,0.6576959,0.3422726,3.1489544e-05,0.0,-0.43514347,0.29634318,0.6576959
2005-09-15 00:00:00,0.081111655,0.9188542,3.416025e-05,1.0,-0.01418469,0.03657739,0.9188542
2005-09-16 00:00:00,0.00079848163,0.99912435,7.71816e-05,1.0,0.04448727,0.00043692146,0.99912435
2005-09-19 00:00:00,0.960813,4.8787116e-15,0.03918701,0.0,-0.6233326,0.47206202,0.960813
2005-09-20 00:00:00,0.9962551,5.9657113e-24,0.0037448867,0.0,-0.67918074,0.45258763,0.9962551
2005-09-21 00:00:00,0.8485676,0.15128626,0.00014613189,0.0,-0.5743994,0.38245124,0.8485676
2005-09-22 00:00:00,0.9995636,5.01e-42,0.00043644532,0.0,-0.68439406,0.45076975,0.9995636
2005-09-23 00:00:00,0.99999994,0.0,3.3446145e-08,0.0,-0.6850817,0.45052996,0.99999994
2005-09-26 00:00:00,0.9998465,0.0,0.00015348018,0.0,-0.6848399,0.45061427,0.9998465
2005-09-27 00:00:00,0.99999636,0.0,3.62078e-06,0.0,-0.68507606,0.45053193,0.99999636
2005-09-28 00:00:00,1.0,0.0,8.5948526e-10,0.0,-0.6850818,0.45052993,1.0
2005-09-29 00:00:00,1.0,0.0,2.1679992e-24,0.0,-0.6850818,0.45052993,1.0
2005-09-30 00:00:00,1.0,0.0,4.4971405e-31,0.0,-0.6850818,0.45052993,1.0
2005-10-03 00:00:00,1.0,0.0,3.47581e-40,0.0,-0.6850818,0.45052993,1.0
2005-10-04 00:00:00,1.0,0.0,9.13236e-36,0.0,-0.6850818,0.45052993,1.0
2005-10-05 00:00:00,1.0,0.0,1.285915e-19,0.0,-0.6850818,0.45052993,1.0
2005-10-06 00:00:00,0.99999994,0.0,5.9273063e-08,0.0,-0.68508166,0.45052996,0.99999994
2005-10-07 00:00:00,1.0,0.0,1.0223932e-09,0.0,-0.6850818,0.45052993,1.0
2005-10-10 00:00:00,0.99999994,0.0,7.7612995e-08,0.0,-0.68508166,0.45052996,0.99999994
2005-10-11 00:00:00,1.0,0.0,1.00151155e-11,0.0,-0.6850818,0.45052993,1.0
2005-10-12 00:00:00,0.99999994,0.0,5.819577e-08,0.0,-0.68508166,0.45052996,0.99999994
2005-10-13 00:00:00,0.99999905,0.0,9.277223e-07,0.0,-0.6850803,0.45053044,0.99999905
2005-10-14 00:00:00,0.99993086,0.0,6.9140915e-05,0.0,-0.6849728,0.45056793,0.99993086
2005-10-17 00:00:00,0.9997082,8.866e-42,0.00029182847,0.0,-0.68462193,0.45069027,0.9997082
2005-10-18 00:00:00,0.99998355,0.0,1.6457034e-05,0.0,-0.68505585,0.45053896,0.99998355
2005-10-19 00:00:00,1.0,0.0,7.0081603e-09,0.0,-0.6850818,0.45052993,1.0
2005-10-20 00:00:00,0.99909973,1.0013747e-24,0.0009002606,0.0,-0.6836632,0.4510246,0.99909973
2005-10-21 00:00:00,0.99877447,2.362982e-16,0.001225534,0.0,-0.68315065,0.45120332,0.99877447
2005-10-24 00:00:00,0.99914527,3.6828935e-28,0.00085470505,0.0,-0.68373495,0.45099956,0.99914527
2005-10-25 00:00:00,0.11810277,0.87668794,0.0052092737,1.0,-0.03681498,0.058418103,0.87668794
2005-10-26 00:00:00,0.55688846,0.4363653,0.0067462088,0.0,-0.35586688,0.25764114,0.55688846
2005-10-27 00:00:00,0.00042292726,0.9964936,0.0030835231,1.0,0.04730383,0.0032740645,0.9964936
2005-10-28 00:00:00,0.031035526,0.96094114,0.008023364,1.0,0.029131442,0.022005796,0.96094114
2005-10-31 00:00:00,0.0037907318,0.9933521,0.0028571496,1.0,0.044653602,0.004564988,0.9933521
2005-11-01 00:00:00,0.0001954584,0.9978085,0.0019960364,1.0,0.046550248,0.0020840962,0.9978085
2005-11-02 00:00:00,0.008362252,0.9898807,0.0017570873,1.0,0.04038571,0.0055245324,0.9898807
2005-11-03 00:00:00,0.9996368,0.0,0.00036316557,0.0,-0.6845095,0.4507295,0.9996368
2005-11-04 00:00:00,1.0,0.0,1.0590112e-10,0.0,-0.6850818,0.45052993,1.0
2005-11-07 00:00:00,0.99999994,0.0,4.2344087e-08,0.0,-0.6850817,0.45052996,0.99999994
2005-11-08 00:00:00,0.9999914,0.0,8.569271e-06,0.0,-0.68506825,0.45053464,0.9999914
2005-11-09 00:00:00,0.9999999,0.0,1.2271657e-07,0.0,-0.6850816,0.45053,0.9999999
2005-11-10 00:00:00,1.0,0.0,1.2674277e-12,0.0,-0.6850818,0.45052993,1.0
2005-11-11 00:00:00,1.0,0.0,8.874743e-13,0.0,-0.6850818,0.45052993,1.0
2005-11-14 00:00:00,1.0,0.0,2.9474333e-11,0.0,-0.6850818,0.45052993,1.0
2005-11-15 00:00:00,0.9999925,0.0,7.480968e-06,0.0,-0.68507,0.45053405,0.9999925
2005-11-16 00:00:00,1.0,0.0,4.9359405e-11,0.0,-0.6850818,0.45052993,1.0
2005-11-17 00:00:00,1.0,0.0,5.8580213e-10,0.0,-0.6850818,0.45052993,1.0
2005-11-18 00:00:00,0.9999794,0.0,2.0642969e-05,0.0,-0.68504924,0.4505413,0.9999794
2005-11-21 00:00:00,0.99999934,0.0,6.6587364e-07,0.0,-0.6850807,0.4505303,0.99999934
2005-11-22 00:00:00,1.0,0.0,2.5687472e-09,0.0,-0.6850818,0.45052993,1.0
2005-11-23 00:00:00,0.9999998,0.0,2.0697927e-07,0.0,-0.6850814,0.45053005,0.9999998
2005-11-24 00:00:00,1.0,0.0,1.2307128e-14,0.0,-0.6850818,0.45052993,1.0
2005-11-25 00:00:00,1.0,0.0,9.7314396e-14,0.0,-0.6850818,0.45052993,1.0
2005-11-28 00:00:00,0.99975216,1.107e-42,0.00024782622,0.0,-0.68469125,0.4506661,0.99975216
2005-11-29 00:00:00,0.99999994,0.0,4.8402974e-08,0.0,-0.6850817,0.45052996,0.99999994
2005-11-30 00:00:00,1.0,0.0,8.639592e-09,0.0,-0.6850818,0.45052993,1.0
2005-12-01 00:00:00,0.9999955,0.0,4.4883363e-06,0.0,-0.6850747,0.4505324,0.9999955
2005-12-02 00:00:00,0.99916834,3.8048902e-19,0.0008316904,0.0,-0.68377125,0.45098692,0.99916834
2005-12-05 00:00:00,0.7785835,0.22137353,4.291789e-05,0.0,-0.52339226,0.35081813,0.7785835
2005-12-06 00:00:00,0.21958916,0.7803715,3.9352057e-05,1.0,-0.1152809,0.098970845,0.7803715
2005-12-07 00:00:00,0.99141425,1.4104823e-07,0.008585607,0.0,-0.67155284,0.4552474,0.99141425
2005-12-08 00:00:00,0.0016454143,0.99650437,0.0018502027,1.0,0.045368325,0.002591511,0.99650437
2005-12-09 00:00:00,0.000920106,0.9990006,7.927744e-05,1.0,0.04440025,0.0004938127,0.9990006
2005-12-12 00:00:00,9.798777e-14,0.98947173,0.010528248,1.0,0.05390837,0.010528248,0.98947173
2005-12-13 00:00:00,1.2902907e-10,0.99754983,0.0024501747,1.0,0.047077,0.002450175,0.99754983
2005-12-14 00:00:00,2.0197454e-17,0.97931796,0.020682063,1.0,0.06249513,0.020682063,0.97931796
2005-12-15 00:00:00,3.0445327e-11,0.99778336,0.0022166562,1.0,0.04687952,0.0022166562,0.99778336
2005-12-16 00:00:00,9.450262e-13,0.9973559,0.002644098,1.0,0.047240995,0.002644098,0.9973559
2005-12-19 00:00:00,4.0016814e-16,0.9939807,0.006019314,1.0,0.05009531,0.006019314,0.9939807
2005-12-20 00:00:00,0.0023930792,0.99723834,0.0003685843,1.0,0.04356951,0.0014467381,0.99723834
2005-12-21 00:00:00,0.020088144,0.9795673,0.00034456787,1.0,0.030630266,0.009394878,0.9795673
2005-12-22 00:00:00,0.00034385594,0.9992352,0.00042093344,1.0,0.045109887,0.00057585083,0.9992352
2005-12-23 00:00:00,7.680629e-07,0.9993321,0.00066716305,1.0,0.0455686,0.0006675091,0.9993321
2005-12-26 00:00:00,0.034051467,0.9657884,0.00016010582,1.0,0.020279836,0.01550131,0.9657884
2005-12-27 00:00:00,0.00058983796,0.99930197,0.00010817044,1.0,0.044665806,0.0003739101,0.99930197
2005-12-28 00:00:00,0.0043211905,0.9956315,4.7281435e-05,1.0,0.041890103,0.0019941072,0.9956315
2005-12-29 00:00:00,6.2468025e-05,0.99971896,0.00021857697,1.0,0.0451442,0.00024672068,0.99971896
2005-12-30 00:00:00,5.035916e-06,0.99944884,0.0005461528,1.0,0.045463152,0.0005484217,0.99944884
2006-01-02 00:00:00,0.0076573,0.9923234,1.9279012e-05,1.0,0.039430775,0.0034691219,0.9923234
2006-01-03 00:00:00,2.1000762e-14,0.97855383,0.02144615,1.0,0.063141294,0.02144615,0.97855383
2006-01-04 00:00:00,1.9021804e-34,0.7747918,0.22520825,1.0,0.23545648,0.22520825,0.7747918
2006-01-05 00:00:00,1.5566223e-21,0.39559212,0.60440785,2.0,0.5561336,0.60440785,0.60440785
2006-01-06 00:00:00,3.3927263e-27,0.19117467,0.8088253,2.0,0.729003,0.8088253,0.8088253
2006-01-09 00:00:00,1.6717864e-05,0.8415216,0.15846163,1.0,0.17899877,0.15846917,0.8415216
2006-01-10 00:00:00,2.1814381e-05,0.9894589,0.010519294,1.0,0.05388487,0.010529122,0.9894589
2006-01-11 00:00:00,2.5557346e-08,0.99456364,0.0054363073,1.0,0.04960226,0.005436319,0.99456364
2006-01-12 00:00:00,0.0009277066,0.996927,0.0021452429,1.0,0.046141822,0.0025632023,0.996927
2006-01-13 00:00:00,4.2618035e-06,0.99558055,0.0044151614,1.0,0.048735615,0.0044170814,0.99558055
2006-01-16 00:00:00,3.4862842e-05,0.99569684,0.004268295,1.0,0.048589073,0.004284002,0.99569684
2006-01-17 00:00:00,9.857658e-14,0.9917173,0.008282738,1.0,0.052009415,0.008282738,0.9917173
2006-01-18 00:00:00,2.3495993e-18,0.9697015,0.030298462,1.0,0.07062741,0.030298462,0.9697015
2006-01-19 00:00:00,7.665604e-13,0.9765669,0.023433074,1.0,0.06482158,0.023433074,0.9765669
2006-01-20 00:00:00,2.4413154e-17,0.9741808,0.025819192,1.0,0.06683944,0.025819192,0.9741808
2006-01-23 00:00:00,4.88e-43,0.20487931,0.7951207,2.0,0.7174135,0.7951207,0.7951207
2006-01-24 00:00:00,1.2776649e-34,0.02007518,0.9799248,2.0,0.8736965,0.9799248,0.9799248
2006-01-25 00:00:00,8.957205e-33,0.0060630557,0.99393696,2.0,0.8855461,0.99393696,0.99393696
2006-01-26 00:00:00,9.04583e-28,0.009258523,0.9907415,2.0,0.8828438,0.9907415,0.9907415
2006-01-27 00:00:00,2.0852825e-14,0.07778596,0.92221403,2.0,0.8248923,0.92221403,0.92221403
2006-01-30 00:00:00,1.3407814e-16,0.11280977,0.8871902,2.0,0.7952738,0.8871902,0.8871902
2006-01-31 00:00:00,7.8611316e-05,0.9461208,0.053800583,1.0,0.09044503,0.053836,0.9461208
2006-02-01 00:00:00,0.903171,0.00011857643,0.09671043,0.0,-0.5326032,0.503616,0.903171
2006-02-02 00:00:00,0.9914811,0.003244423,0.0052744704,0.0,-0.67440176,0.45196638,0.9914811
2006-02-03 00:00:00,0.9993866,4.716171e-35,0.00061341136,0.0,-0.6841152,0.450867,0.9993866
2006-02-06 00:00:00,0.99935687,6.191548e-29,0.0006431236,0.0,-0.6840684,0.4508833,0.99935687
2006-02-07 00:00:00,0.99890465,2.3809175e-13,0.0010953419,0.0,-0.68335575,0.4511318,0.99890465
2006-02-08 00:00:00,0.9999612,0.0,3.8793904e-05,0.0,-0.6850206,0.45055124,0.9999612
2006-02-09 00:00:00,0.99942136,3.1889658e-07,0.0005783353,0.0,-0.68417025,0.45084757,0.99942136
2006-02-10 00:00:00,0.99999994,0.0,8.001805e-08,0.0,-0.68508166,0.45052996,0.99999994
2006-02-13 00:00:00,0.9999977,0.0,2.3128273e-06,0.0,-0.68507814,0.4505312,0.9999977
2006-02-14 00:00:00,0.9999941,0.0,5.9109307e-06,0.0,-0.6850725,0.45053318,0.9999941
2006-02-15 00:00:00,0.99999946,0.0,5.1165694e-07,0.0,-0.68508095,0.4505302,0.99999946
2006-02-16 00:00:00,0.99998534,0.0,1.4683234e-05,0.0,-0.68505865,0.450538,0.99998534
2006-02-17 00:00:00,0.9999947,0.0,5.3108106e-06,0.0,-0.6850734,0.45053285,0.9999947
2006-02-20 00:00:00,1.0,0.0,4.941732e-19,0.0,-0.6850818,0.45052993,1.0
2006-02-21 00:00:00,1.0,0.0,7.052756e-17,0.0,-0.6850818,0.45052993,1.0
2006-02-22 00:00:00,1.0,0.0,1.3364173e-15,0.0,-0.6850818,0.45052993,1.0
2006-02-23 00:00:00,1.0,0.0,9.361031e-13,0.0,-0.6850818,0.45052993,1.0
2006-02-24 00:00:00,0.99999976,0.0,2.3409348e-07,0.0,-0.6850814,0.45053005,0.99999976
2006-02-27 00:00:00,1.0,0.0,1.6630162e-08,0.0,-0.6850817,0.45052993,1.0
2006-02-28 00:00:00,0.9999996,0.0,4.095612e-07,0.0,-0.6850811,0.45053014,0.9999996
2006-03-01 00:00:00,0.9998236,0.0,0.00017641154,0.0,-0.6848038,0.45062685,0.9998236
2006-03-02 00:00:00,0.9996461,0.00018951335,0.0001643881,0.0,-0.6846844,0.45053488,0.9996461
2006-03-03 00:00:00,0.6301915,0.36980575,2.7378321e-06,0.0,-0.41508716,0.28392288,0.6301915
2006-03-06 00:00:00,0.082896136,0.91709554,8.303498e-06,1.0,-0.015509385,0.037355494,0.91709554
2006-03-07 00:00:00,0.98349583,1.1090054e-22,0.01650416,0.0,-0.65907526,0.45959848,0.98349583
2006-03-08 00:00:00,0.9990929,0.00044675858,0.00046035153,0.0,-0.6840302,0.4505816,0.9990929
2006-03-09 00:00:00,0.9992315,1.2963938e-20,0.00076848187,0.0,-0.68387085,0.4509522,0.9992315
2006-03-10 00:00:00,0.6164753,0.38352212,2.604869e-06,0.0,-0.40507326,0.27774316,0.6164753
2006-03-13 00:00:00,0.07452528,0.9254598,1.4916748e-05,1.0,-0.0093923425,0.033590786,0.9254598
2006-03-14 00:00:00,0.00041764253,0.9995019,8.049839e-05,1.0,0.04476812,0.00026865886,0.9995019
2006-03-15 00:00:00,5.337282e-09,0.99845284,0.0015471319,1.0,0.04631332,0.0015471342,0.99845284
2006-03-16 00:00:00,3.4960123e-16,0.9922409,0.007759085,1.0,0.051566575,0.007759085,0.9922409
2006-03-17 00:00:00,2.2386711e-14,0.99297875,0.007021235,1.0,0.0509426,0.007021235,0.99297875
2006-03-20 00:00:00,2.2352706e-12,0.99735713,0.0026428439,1.0,0.047239933,0.0026428439,0.99735713
2006-03-21 00:00:00,5.0151097e-09,0.99939406,0.0006059456,1.0,0.04551739,0.0006059478,0.99939406
2006-03-22 00:00:00,3.1623992e-07,0.99973136,0.00026830245,1.0,0.045231625,0.0002684449,0.99973136
2006-03-23 00:00:00,0.0038994455,0.9960422,5.8363752e-05,1.0,0.042207386,0.0018151806,0.9960422
2006-03-24 00:00:00,4.4500504e-07,0.99963474,0.00036480676,1.0,0.045313142,0.00036500726,0.99963474
2006-03-27 00:00:00,2.0038152e-07,0.99958533,0.00041449847,1.0,0.045355346,0.00041458875,0.99958533
2006-03-28 00:00:00,0.0011160981,0.99881595,6.7929075e-05,1.0,0.04424756,0.0005707647,0.99881595
2006-03-29 00:00:00,8.794141e-05,0.9997878,0.00012425231,1.0,0.045045834,0.00016387255,0.9997878
2006-03-30 00:00:00,8.061423e-06,0.9997324,0.000259538,1.0,0.04521856,0.0002631699,0.9997324
2006-03-31 00:00:00,0.0012585958,0.9986261,0.00011530796,1.0,0.04418359,0.00068234303,0.9986261
2006-04-03 00:00:00,1.0349354e-05,0.99974036,0.00024926855,1.0,0.045208205,0.00025393124,0.99974036
2006-04-04 00:00:00,3.370886e-24,0.91242564,0.087574355,1.0,0.11906383,0.087574355,0.91242564
2006-04-05 00:00:00,1.081549e-23,0.81511945,0.18488057,1.0,0.20135264,0.18488057,0.81511945
2006-04-06 00:00:00,2.7753127e-17,0.88993645,0.11006355,1.0,0.13808224,0.11006355,0.88993645
2006-04-07 00:00:00,2.4956197e-08,0.99578846,0.0042115175,1.0,0.048566494,0.0042115287,0.99578846
2006-04-10 00:00:00,4.040649e-06,0.9995509,0.00044509405,1.0,0.045378413,0.0004469145,0.9995509
2006-04-11 00:00:00,4.023948e-06,0.9995818,0.00041418965,1.0,0.04535229,0.00041600256,0.9995818
2006-04-12 00:00:00,0.01176914,0.98803055,0.00020029172,1.0,0.03658185,0.0055026417,0.98803055
2006-04-13 00:00:00,0.9668493,4.7039453e-08,0.033150636,0.0,-0.63284445,0.4687452,0.9668493
2006-04-14 00:00:00,0.99583226,1.2191116e-14,0.0041677416,0.0,-0.6785144,0.45281997,0.99583226
2006-04-17 00:00:00,0.043853212,0.951996,0.004150742,1.0,0.016498467,0.023907926,0.951996
2006-04-18 00:00:00,4.8123213e-13,0.9923815,0.007618469,1.0,0.051447663,0.007618469,0.9923815
2006-04-19 00:00:00,4.9798407e-17,0.9729246,0.027075432,1.0,0.067901805,0.027075432,0.9729246
2006-04-20 00:00:00,6.3376776e-20,0.9047121,0.09528791,1.0,0.12558694,0.09528791,0.9047121
2006-04-21 00:00:00,5.742902e-18,0.9306246,0.06937542,1.0,0.10367357,0.06937542,0.9306246
2006-04-24 00:00:00,4.5529012e-24,0.5771584,0.4228416,1.0,0.40258878,0.4228416,0.5771584
2006-04-25 00:00:00,4.1816355e-30,0.007024645,0.99297535,2.0,0.8847329,0.99297535,0.99297535
2006-04-26 00:00:00,3.2428863e-31,0.00026427477,0.9997357,2.0,0.89044994,0.9997357,0.9997357
2006-04-27 00:00:00,1.9452338e-24,0.008018579,0.99198145,2.0,0.88389236,0.99198145,0.99198145
2006-04-28 00:00:00,2e-44,4.2307414e-07,0.9999996,2.0,0.8906731,0.9999996,0.9999996
2006-05-01 00:00:00,1.294136e-29,5.6710593e-05,0.9999433,2.0,0.8906255,0.9999433,0.9999433
2006-05-02 00:00:00,4.8125524e-22,0.0062287226,0.99377126,2.0,0.885406,0.99377126,0.99377126
2006-05-03 00:00:00,1.5498547e-21,0.007411734,0.9925883,2.0,0.88440555,0.9925883,0.9925883
2006-05-04 00:00:00,2.10622e-40,4.0762266e-06,0.99999595,2.0,0.89067,0.99999595,0.99999595
2006-05-05 00:00:00,0.0,5.285575e-09,1.0,2.0,0.89067346,1.0,1.0
2006-05-08 00:00:00,0.0,1.1198444e-08,1.0,2.0,0.8906734,1.0,1.0
2006-05-09 00:00:00,0.0,3.5012562e-09,1.0,2.0,0.89067346,1.0,1.0
2006-05-10 00:00:00,0.0,2.4040248e-09,1.0,2.0,0.89067346,1.0,1.0
2006-05-11 00:00:00,0.0,1.7090854e-15,1.0,2.0,0.89067346,1.0,1.0
2006-05-12 00:00:00,0.0,1.4113014e-24,1.0,2.0,0.89067346,1.0,1.0
2006-05-15 00:00:00,2.2e-44,1.23081e-09,1.0,2.0,0.89067346,1.0,1.0
2006-05-16 00:00:00,9.211913e-39,2.3098198e-07,0.99999976,2.0,0.8906732,0.99999976,0.99999976
2006-05-17 00:00:00,5.606236e-22,6.813732e-05,0.9999319,2.0,0.8906158,0.9999319,0.9999319
2006-05-18 00:00:00,0.0,2.0062658e-12,1.0,2.0,0.89067346,1.0,1.0
2006-05-19 00:00:00,1.1149178e-28,2.2680062e-07,0.99999976,2.0,0.8906732,0.99999976,0.99999976
2006-05-22 00:00:00,1.4185224e-32,4.251614e-09,1.0,2.0,0.89067346,1.0,1.0
2006-05-23 00:00:00,7.276026e-21,3.547915e-05,0.99996454,2.0,0.8906434,0.99996454,0.99996454
2006-05-24 00:00:00,2.9760373e-16,0.0015932185,0.99840677,2.0,0.8893261,0.99840677,0.99840677
2006-05-25 00:00:00,1.9262331e-11,0.08550675,0.91449326,2.0,0.8183631,0.91449326,0.91449326
2006-05-26 00:00:00,0.00075665355,0.9549459,0.044297427,1.0,0.08191348,0.04463832,0.9549459
2006-05-29 00:00:00,2.9203122e-07,0.9981561,0.0018436407,1.0,0.04656386,0.0018437722,0.9981561
2006-05-30 00:00:00,8.9471555e-11,0.99136406,0.008635926,1.0,0.052308094,0.008635926,0.99136406
2006-05-31 00:00:00,1.7726418e-07,0.9982898,0.0017100151,1.0,0.04645094,0.001710095,0.9982898
2006-06-01 00:00:00,4.8261547e-05,0.99959546,0.00035627864,1.0,0.04527102,0.0003780219,0.99959546
2006-06-02 00:00:00,8.193847e-08,0.9985151,0.0014847834,1.0,0.046260536,0.0014848203,0.9985151
2006-06-05 00:00:00,3.849862e-08,0.99823844,0.0017615391,1.0,0.046494614,0.0017615565,0.99823844
2006-06-06 00:00:00,0.0025813286,0.99699014,0.00042852227,1.0,0.043482758,0.001591488,0.99699014
2006-06-07 00:00:00,0.0080796555,0.9914985,0.00042187117,1.0,0.039462876,0.004061998,0.9914985
2006-06-08 00:00:00,0.99956113,0.0,0.000438862,0.0,-0.68439025,0.45077106,0.99956113
2006-06-09 00:00:00,1.0,0.0,4.423817e-09,0.0,-0.6850818,0.45052993,1.0
2006-06-12 00:00:00,0.999993,0.0,6.9451526e-06,0.0,-0.6850708,0.45053375,0.999993
2006-06-13 00:00:00,1.0,0.0,5.4376287e-10,0.0,-0.6850818,0.45052993,1.0
2006-06-14 00:00:00,0.9995602,1.649753e-33,0.00043981828,0.0,-0.6843887,0.4507716,0.9995602
2006-06-15 00:00:00,0.99999446,0.0,5.5220544e-06,0.0,-0.6850731,0.45053297,0.99999446
2006-06-16 00:00:00,0.999587,1.2167435e-34,0.000413019,0.0,-0.68443096,0.45075688,0.999587
2006-06-19 00:00:00,1.0,0.0,5.9334364e-09,0.0,-0.6850818,0.45052993,1.0
2006-06-20 00:00:00,0.9999793,0.0,2.0682917e-05,0.0,-0.6850492,0.4505413,0.9999793
2006-06-21 00:00:00,0.99919254,1.1925269e-19,0.00080747233,0.0,-0.6838094,0.4509736,0.99919254
2006-06-22 00:00:00,0.999997,0.0,2.9947605e-06,0.0,-0.6850771,0.45053157,0.999997
2006-06-23 00:00:00,0.999999,0.0,1.0200599e-06,0.0,-0.6850802,0.4505305,0.999999
2006-06-26 00:00:00,0.99963015,7.705114e-36,0.00036986702,0.0,-0.68449897,0.45073316,0.99963015
2006-06-27 00:00:00,1.0,0.0,3.1322003e-09,0.0,-0.6850818,0.45052993,1.0
2006-06-28 00:00:00,1.0,0.0,1.3519304e-08,0.0,-0.6850817,0.45052993,1.0
2006-06-29 00:00:00,0.9998034,1.75e-43,0.00019654835,0.0,-0.6847721,0.45063794,0.9998034
2006-06-30 00:00:00,0.999389,1.9771233e-29,0.0006110256,0.0,-0.6841189,0.4508657,0.999389
2006-07-03 00:00:00,0.9989207,2.7631896e-19,0.0010793207,0.0,-0.683381,0.451123,0.9989207
2006-07-04 00:00:00,0.99913585,5.7325616e-07,0.00086358335,0.0,-0.6837205,0.45100418,0.99913585
2006-07-05 00:00:00,0.99884295,5.952866e-13,0.001157047,0.0,-0.68325853,0.4511657,0.99884295
2006-07-06 00:00:00,0.005397029,0.9939893,0.0006136713,1.0,0.041583627,0.0030451945,0.9939893
2006-07-07 00:00:00,5.819098e-07,0.99971306,0.00028633568,1.0,0.045246683,0.00028659785,0.99971306
2006-07-10 00:00:00,2.8084305e-06,0.9997728,0.00022441064,1.0,0.04519269,0.00022567593,0.9997728
2006-07-11 00:00:00,1.90244e-09,0.9991706,0.0008294038,1.0,0.04570636,0.0008294046,0.9991706
2006-07-12 00:00:00,0.00059449737,0.9993242,8.130261e-05,1.0,0.044639684,0.00034914145,0.9993242
2006-07-13 00:00:00,0.005048462,0.99490523,4.630136e-05,1.0,0.041358303,0.0023207848,0.99490523
2006-07-14 00:00:00,0.01436248,0.98560053,3.6984427e-05,1.0,0.034550384,0.0065077115,0.98560053
2006-07-17 00:00:00,0.9700017,1.2330642e-05,0.029985966,0.0,-0.6378222,0.46700075,0.9700017
2006-07-18 00:00:00,0.99612904,5.42897e-20,0.0038709394,0.0,-0.67898214,0.4526569,0.99612904
2006-07-19 00:00:00,0.99862176,5.412783e-12,0.0013782547,0.0,-0.68290997,0.45128724,0.99862176
2006-07-20 00:00:00,0.48073602,0.5189584,0.0003055652,1.0,-0.30571562,0.21689153,0.5189584
2006-07-21 00:00:00,5.938002e-07,0.9992872,0.00071219954,1.0,0.045606814,0.00071246707,0.9992872
2006-07-24 00:00:00,0.012691936,0.98726016,4.792729e-05,1.0,0.03577928,0.0057660243,0.98726016
2006-07-25 00:00:00,0.016539993,0.9834122,4.780388e-05,1.0,0.032969758,0.007499566,0.9834122
2006-07-26 00:00:00,7.1387865e-07,0.99934244,0.0006568583,1.0,0.045559928,0.0006571799,0.99934244
2006-07-27 00:00:00,0.012786504,0.9871385,7.499666e-05,1.0,0.03573313,0.0058356994,0.9871385
2006-07-28 00:00:00,0.6805763,0.3137089,0.005714796,0.0,-0.44704196,0.3123348,0.6805763
2006-07-31 00:00:00,0.99245614,0.00673017,0.00081370206,0.0,-0.67888594,0.44794488,0.99245614
2006-08-01 00:00:00,0.55660075,0.4433242,7.5037125e-05,0.0,-0.3612984,0.25084034,0.55660075
2006-08-02 00:00:00,0.046278596,0.9536668,5.4569442e-05,1.0,0.011263722,0.020904463,0.9536668
2006-08-03 00:00:00,0.015482601,0.984492,2.541509e-05,1.0,0.033722814,0.0070007904,0.984492
2006-08-04 00:00:00,0.003725262,0.9962176,5.7153065e-05,1.0,0.042333532,0.001735495,0.9962176
2006-08-07 00:00:00,0.0011253676,0.99881166,6.297037e-05,1.0,0.0442366,0.00056998216,0.99881166
2006-08-08 00:00:00,0.009837057,0.990135,2.791496e-05,1.0,0.037846666,0.004459804,0.990135
2006-08-09 00:00:00,7.798334e-07,0.9996954,0.00030380167,1.0,0.04526131,0.000304153,0.9996954
2006-08-10 00:00:00,0.00039979038,0.9994825,0.00011767661,1.0,0.044812597,0.00029779415,0.9994825
2006-08-11 00:00:00,0.0017180115,0.99817336,0.0001086586,1.0,0.043842554,0.0008826742,0.99817336
2006-08-14 00:00:00,2.5613776e-08,0.9994892,0.0005108063,1.0,0.04543692,0.0005108178,0.9994892
2006-08-15 00:00:00,6.419448e-14,0.99352723,0.006472768,1.0,0.05047878,0.006472768,0.99352723
2006-08-16 00:00:00,1.4878406e-11,0.9977782,0.0022218006,1.0,0.04688387,0.0022218006,0.9977782
2006-08-17 00:00:00,5.071802e-08,0.99957633,0.00042363576,1.0,0.04536318,0.0004236586,0.99957633
2006-08-18 00:00:00,3.5355344e-05,0.9998664,9.820795e-05,1.0,0.045062203,0.000114136594,0.9998664
2006-08-21 00:00:00,2.303481e-11,0.99883777,0.0011622498,1.0,0.04598784,0.0011622498,0.99883777
2006-08-22 00:00:00,1.0874384e-09,0.99934393,0.0006560476,1.0,0.04555976,0.0006560481,0.99934393
2006-08-23 00:00:00,0.0039723795,0.99601805,9.5955575e-06,1.0,0.042112894,0.0017992713,0.99601805
2006-08-24 00:00:00,0.0038631347,0.9961268,1.0095859e-05,1.0,0.042193078,0.0017505537,0.9961268
2006-08-25 00:00:00,0.0051499465,0.9948488,1.2532288e-06,1.0,0.041246116,0.0023214584,0.9948488
2006-08-28 00:00:00,0.011945261,0.98805255,2.1743372e-06,1.0,0.036285724,0.0053838715,0.98805255
2006-08-29 00:00:00,0.011537601,0.98846126,1.1344041e-06,1.0,0.036582474,0.0051991693,0.98846126
2006-08-30 00:00:00,0.012197268,0.9877999,2.853173e-06,1.0,0.036102314,0.0054980875,0.9877999
2006-08-31 00:00:00,0.011158684,0.9888402,1.0975693e-06,1.0,0.036859084,0.0050284187,0.9888402
2006-09-01 00:00:00,0.08882105,0.91100895,0.00017001771,1.0,-0.019698331,0.04018656,0.91100895
2006-09-04 00:00:00,0.028675,0.9713229,2.1060757e-06,1.0,0.024071507,0.012921052,0.9713229
2006-09-05 00:00:00,0.019377176,0.9806214,1.4344215e-06,1.0,0.030859157,0.008731432,0.9806214
2006-09-06 00:00:00,0.924575,0.07187674,0.0035482987,0.0,-0.6270143,0.420097,0.924575
2006-09-07 00:00:00,0.99963975,1.1830217e-06,0.00035905623,0.0,-0.6845151,0.4507267,0.99963975
2006-09-08 00:00:00,0.999511,0.00038816992,0.00010081519,0.0,-0.6846395,0.45041046,0.999511
2006-09-11 00:00:00,0.5279958,0.4719992,5.0181475e-06,0.0,-0.34047353,0.23788293,0.5279958
2006-09-12 00:00:00,0.9971087,7.3721915e-21,0.002891316,0.0,-0.6805258,0.45211864,0.9971087
2006-09-13 00:00:00,0.99974394,0.0,0.00025605696,0.0,-0.68467826,0.45067063,0.99974394
2006-09-14 00:00:00,0.9993221,2.032442e-27,0.0006778844,0.0,-0.6840136,0.4509024,0.9993221
2006-09-15 00:00:00,0.9998399,0.0,0.00016012325,0.0,-0.6848295,0.4506179,0.9998399
2006-09-18 00:00:00,0.9997962,0.0,0.00020380241,0.0,-0.68476063,0.4506419,0.9997962
2006-09-19 00:00:00,0.99937046,3.8738654e-32,0.0006295292,0.0,-0.6840898,0.45087585,0.99937046
2006-09-20 00:00:00,0.9994899,1.822063e-14,0.0005101124,0.0,-0.68427795,0.45081022,0.9994899
2006-09-21 00:00:00,0.7937402,0.20625862,1.1414036e-06,0.0,-0.53449327,0.35760486,0.7937402
2006-09-22 00:00:00,0.4013679,0.5986306,1.49628e-06,1.0,-0.24802715,0.18082975,0.5986306
2006-09-25 00:00:00,0.3617333,0.6381921,7.459386e-05,1.0,-0.21902862,0.16304627,0.6381921
2006-09-26 00:00:00,0.9963684,4.2063197e-36,0.0036316095,0.0,-0.67935926,0.45252538,0.9963684
2006-09-27 00:00:00,0.9990847,2.60747e-28,0.0009152849,0.0,-0.6836395,0.45103285,0.9990847
2006-09-28 00:00:00,0.9992793,4.049671e-20,0.0007206667,0.0,-0.6839462,0.45092592,0.9992793
2006-09-29 00:00:00,0.9998238,0.0,0.00017617777,0.0,-0.68480414,0.45062673,0.9998238
2006-10-02 00:00:00,0.99929416,8.405116e-26,0.00070586335,0.0,-0.6839695,0.45091778,0.99929416
2006-10-03 00:00:00,0.999492,8.252374e-13,0.00050802814,0.0,-0.68428123,0.4508091,0.999492
2006-10-04 00:00:00,0.9993226,2.9082783e-18,0.000677417,0.0,-0.6840143,0.45090216,0.9993226
2006-10-05 00:00:00,0.9002151,0.099760726,2.4156332e-05,0.0,-0.61220974,0.405598,0.9002151
2006-10-06 00:00:00,0.9995415,9.117977e-09,0.00045848824,0.0,-0.6843593,0.45078185,0.9995415
2006-10-09 00:00:00,0.99931157,1.225228e-22,0.0006884402,0.0,-0.683997,0.4509082,0.99931157
2006-10-10 00:00:00,0.99968916,7e-45,0.00031083563,0.0,-0.68459195,0.45070073,0.99968916
2006-10-11 00:00:00,0.99995846,0.0,4.1564468e-05,0.0,-0.6850163,0.45055276,0.99995846
2006-10-12 00:00:00,0.99984753,0.0,0.00015248195,0.0,-0.6848415,0.4506137,0.99984753
2006-10-13 00:00:00,0.9997416,0.0,0.00025839818,0.0,-0.6846746,0.4506719,0.9997416
2006-10-16 00:00:00,0.9999582,0.0,4.178549e-05,0.0,-0.6850159,0.45055288,0.9999582
2006-10-17 00:00:00,0.99959534,5.00269e-40,0.00040466862,0.0,-0.6844441,0.4507523,0.99959534
2006-10-18 00:00:00,0.9998137,0.0,0.00018630832,0.0,-0.68478817,0.4506323,0.9998137
2006-10-19 00:00:00,0.9998872,0.0,0.00011275933,0.0,-0.6849041,0.4505919,0.9998872
2006-10-20 00:00:00,0.9999306,0.0,6.9368776e-05,0.0,-0.68497247,0.45056805,0.9999306
2006-10-23 00:00:00,0.9999979,0.0,2.0708824e-06,0.0,-0.6850785,0.45053107,0.9999979
2006-10-24 00:00:00,0.9996746,4.29e-43,0.00032537998,0.0,-0.68456906,0.45070872,0.9996746
2006-10-25 00:00:00,0.99924034,8.087217e-19,0.00075968,0.0,-0.6838847,0.45094734,0.99924034
2006-10-26 00:00:00,0.4178453,0.5821468,7.895937e-06,1.0,-0.26005167,0.1882597,0.5821468
2006-10-27 00:00:00,0.02856856,0.97142214,9.326435e-06,1.0,0.024155324,0.012880318,0.97142214
2006-10-30 00:00:00,0.014054329,0.9859276,1.8071554e-05,1.0,0.034759365,0.006349968,0.9859276
2006-10-31 00:00:00,0.008856251,0.99114126,2.5110862e-06,1.0,0.038541254,0.003992517,0.99114126
2006-11-01 00:00:00,0.008116061,0.9918812,2.7262188e-06,1.0,0.03908184,0.0036592546,0.9918812
2006-11-02 00:00:00,0.0015958905,0.99838924,1.4881385e-05,1.0,0.043852407,0.0007338778,0.99838924
2006-11-03 00:00:00,0.00021682106,0.9997371,4.6108707e-05,1.0,0.044885658,0.00014379309,0.9997371
2006-11-06 00:00:00,6.124406e-05,0.99985605,8.269766e-05,1.0,0.045030184,0.00011028994,0.99985605
2006-11-07 00:00:00,6.241176e-12,0.971642,0.02835797,1.0,0.0689864,0.02835797,0.971642
2006-11-08 00:00:00,9.475752e-12,0.9632683,0.036731694,1.0,0.0760678,0.036731694,0.9632683
2006-11-09 00:00:00,6.272486e-15,0.91833955,0.08166043,1.0,0.114062615,0.08166043,0.91833955
2006-11-10 00:00:00,1.4849737e-21,0.04399181,0.9560082,2.0,0.8534709,0.9560082,0.9560082
2006-11-13 00:00:00,3.7655466e-18,0.007620542,0.9923795,2.0,0.884229,0.9923795,0.9923795
2006-11-14 00:00:00,5.0307976e-16,0.014721994,0.985278,2.0,0.87822354,0.985278,0.985278
2006-11-15 00:00:00,1.4217146e-16,0.015727885,0.9842721,2.0,0.87737286,0.9842721,0.9842721
2006-11-16 00:00:00,6.6474786e-06,0.77869606,0.22129726,1.0,0.23214422,0.22130026,0.77869606
2006-11-17 00:00:00,3.744684e-09,0.9498969,0.050103143,1.0,0.08737561,0.050103143,0.9498969
2006-11-20 00:00:00,5.5226455e-15,0.024083251,0.97591674,2.0,0.87030697,0.97591674,0.97591674
2006-11-21 00:00:00,3.0858575e-18,0.00019486155,0.99980515,2.0,0.89050865,0.99980515,0.99980515
2006-11-22 00:00:00,5.776375e-23,8.526799e-05,0.9999147,2.0,0.89060134,0.9999147,0.9999147
2006-11-23 00:00:00,5.565683e-16,8.391941e-05,0.9999161,2.0,0.89060247,0.9999161,0.9999161
2006-11-24 00:00:00,2.8335568e-27,2.0344334e-05,0.9999797,2.0,0.89065623,0.9999797,0.9999797
2006-11-27 00:00:00,1.8807235e-37,6.077379e-07,0.9999994,2.0,0.8906729,0.9999994,0.9999994
2006-11-28 00:00:00,6.91371e-40,9.62545e-07,0.99999905,2.0,0.8906726,0.99999905,0.99999905
2006-11-29 00:00:00,7.185467e-31,0.00041437038,0.9995856,2.0,0.89032304,0.9995856,0.9995856
2006-11-30 00:00:00,3.6008e-41,0.00045442182,0.9995456,2.0,0.8902891,0.9995456,0.9995456
2006-12-01 00:00:00,0.0,4.5036954e-06,0.99999547,2.0,0.89066964,0.99999547,0.99999547
2006-12-04 00:00:00,0.0,4.342669e-06,0.99999565,2.0,0.89066976,0.99999565,0.99999565
2006-12-05 00:00:00,0.0,1.0287024e-05,0.9999897,2.0,0.89066476,0.9999897,0.9999897
2006-12-06 00:00:00,0.0,2.2531445e-05,0.99997747,2.0,0.8906544,0.99997747,0.99997747
2006-12-07 00:00:00,5.53e-41,5.2605014e-06,0.99999475,2.0,0.890669,0.99999475,0.99999475
2006-12-08 00:00:00,5.1933085e-25,0.003613761,0.99638623,2.0,0.8876174,0.99638623,0.99638623
2006-12-11 00:00:00,2.1388404e-33,0.0012678893,0.9987321,2.0,0.88960123,0.9987321,0.9987321
2006-12-12 00:00:00,8.82464e-39,0.000557674,0.99944234,2.0,0.8902018,0.99944234,0.99944234
2006-12-13 00:00:00,1.8303721e-26,0.005740706,0.9942593,2.0,0.8858187,0.9942593,0.9942593
2006-12-14 00:00:00,4.1687752e-22,0.017401002,0.982599,2.0,0.87595797,0.982599,0.982599
2006-12-15 00:00:00,2.5695512e-11,0.3496979,0.6503021,2.0,0.59494495,0.6503021,0.6503021
2006-12-18 00:00:00,6.1624446e-14,0.6488554,0.3511446,1.0,0.34195688,0.3511446,0.6488554
2006-12-19 00:00:00,4.746293e-20,0.23479322,0.7652068,2.0,0.6921162,0.7652068,0.7652068
2006-12-20 00:00:00,8.22245e-11,0.8513765,0.14862353,1.0,0.17069119,0.14862353,0.8513765
2006-12-21 00:00:00,4.9806026e-10,0.99213785,0.007862133,1.0,0.05165372,0.007862133,0.99213785
2006-12-22 00:00:00,0.004677558,0.9953118,1.06282405e-05,1.0,0.041598927,0.002118008,0.9953118
2006-12-25 00:00:00,0.004281448,0.9957151,3.445236e-06,1.0,0.04188205,0.0019323659,0.9957151
2006-12-26 00:00:00,0.96364814,4.1086895e-12,0.036351833,0.0,-0.62780017,0.47050416,0.96364814
2006-12-27 00:00:00,0.69383574,0.30599067,0.00017362447,0.0,-0.46140847,0.3127674,0.69383574
2006-12-28 00:00:00,0.99800205,1.0349438e-17,0.0019979344,0.0,-0.6819335,0.45162773,0.99800205
2006-12-29 00:00:00,0.99947083,5.628742e-37,0.00052918046,0.0,-0.6842479,0.4508207,0.99947083
2007-01-01 00:00:00,0.99928,5.9125623e-25,0.00072001404,0.0,-0.6839472,0.45092556,0.99928
2007-01-02 00:00:00,0.96408755,0.03582833,8.4137995e-05,0.0,-0.6587914,0.4344344,0.96408755
2007-01-03 00:00:00,0.9991645,2.718735e-21,0.00083544897,0.0,-0.6837653,0.45098898,0.9991645
2007-01-04 00:00:00,0.9999443,0.0,5.565795e-05,0.0,-0.68499404,0.4505605,0.9999443
2007-01-05 00:00:00,0.99995345,0.0,4.6574653e-05,0.0,-0.6850084,0.45055553,0.99995345
2007-01-08 00:00:00,0.99998367,0.0,1.6338967e-05,0.0,-0.68505603,0.4505389,0.99998367
2007-01-09 00:00:00,1.0,0.0,8.335168e-09,0.0,-0.6850818,0.45052993,1.0
2007-01-10 00:00:00,1.0,0.0,2.2883848e-08,0.0,-0.6850817,0.45052993,1.0
2007-01-11 00:00:00,0.9999998,0.0,1.5015074e-07,0.0,-0.68508154,0.45053002,0.9999998
2007-01-12 00:00:00,0.9996966,4.298e-42,0.00030341113,0.0,-0.6846037,0.45069665,0.9996966
2007-01-15 00:00:00,0.99983776,0.0,0.00016225698,0.0,-0.6848261,0.4506191,0.99983776
2007-01-16 00:00:00,1.0,0.0,6.342694e-10,0.0,-0.6850818,0.45052993,1.0
2007-01-17 00:00:00,0.9999998,0.0,1.9388672e-07,0.0,-0.6850815,0.45053005,0.9999998
2007-01-18 00:00:00,0.9999956,0.0,4.410001e-06,0.0,-0.6850748,0.45053235,0.9999956
2007-01-19 00:00:00,0.9998784,0.0,0.000121582576,0.0,-0.6848902,0.45059675,0.9998784
2007-01-22 00:00:00,0.99994856,0.0,5.141008e-05,0.0,-0.6850008,0.4505582,0.99994856
2007-01-23 00:00:00,0.9994796,4.7347616e-12,0.00052038254,0.0,-0.6842618,0.45081586,0.9994796
2007-01-24 00:00:00,0.99971443,8e-45,0.00028556207,0.0,-0.68463176,0.45068684,0.99971443
2007-01-25 00:00:00,0.99998224,0.0,1.7759585e-05,0.0,-0.68505377,0.45053968,0.99998224
2007-01-26 00:00:00,1.0,0.0,6.615064e-09,0.0,-0.6850818,0.45052993,1.0
2007-01-29 00:00:00,0.9999997,0.0,2.861398e-07,0.0,-0.6850813,0.45053008,0.9999997
2007-01-30 00:00:00,1.0,0.0,2.0189017e-11,0.0,-0.6850818,0.45052993,1.0
2007-01-31 00:00:00,0.9995865,1.85935e-40,0.0004134636,0.0,-0.68443024,0.45075712,0.9995865
2007-02-01 00:00:00,0.99970084,6.0518506e-09,0.00029917515,0.0,-0.68461037,0.45069432,0.99970084
2007-02-02 00:00:00,0.97576344,0.024197845,3.8722977e-05,0.0,-0.6673542,0.43964934,0.97576344
2007-02-05 00:00:00,0.9992827,9.7936755e-21,0.0007172821,0.0,-0.6839515,0.45092407,0.9992827
2007-02-06 00:00:00,0.5343689,0.46563026,8.834118e-07,0.0,-0.3451299,0.24075004,0.5343689
2007-02-07 00:00:00,0.07651255,0.92347056,1.6916669e-05,1.0,-0.010841528,0.03448811,0.92347056
2007-02-08 00:00:00,0.00028215253,0.99721026,0.0025076114,1.0,0.046919577,0.0026347295,0.99721026
2007-02-09 00:00:00,0.0069536874,0.9930283,1.7999939e-05,1.0,0.03994339,0.0031508442,0.9930283
2007-02-12 00:00:00,0.04130693,0.95869195,1.1047459e-06,1.0,0.014848255,0.018611114,0.95869195
2007-02-13 00:00:00,0.0013811992,0.99857306,4.573964e-05,1.0,0.04403525,0.00066801126,0.99857306
2007-02-14 00:00:00,3.428849e-08,0.99872804,0.0012719319,1.0,0.04608057,0.0012719474,0.99872804
2007-02-15 00:00:00,1.0140469e-06,0.99944824,0.0005507217,1.0,0.04546995,0.0005511786,0.99944824
2007-02-16 00:00:00,4.1396117e-07,0.9992512,0.0007483837,1.0,0.045637544,0.0007485702,0.9992512
2007-02-19 00:00:00,1.7255749e-08,0.9981785,0.0018214986,1.0,0.046545334,0.0018215064,0.9981785
2007-02-20 00:00:00,0.00016541553,0.9997261,0.00010847242,1.0,0.044975925,0.00018299707,0.9997261
2007-02-21 00:00:00,1.5292924e-06,0.9892643,0.010734167,1.0,0.05408139,0.010734855,0.9892643
2007-02-22 00:00:00,4.8758153e-07,0.9436268,0.056372672,1.0,0.0926772,0.056372892,0.9436268
2007-02-23 00:00:00,2.9324449e-12,0.07132413,0.9286759,2.0,0.8303569,0.9286759,0.9286759
2007-02-26 00:00:00,4.0990358e-12,0.0015404066,0.9984596,2.0,0.88937074,0.9984596,0.9984596
2007-02-27 00:00:00,2.9320117e-15,0.00046056602,0.99953943,2.0,0.89028394,0.99953943,0.99953943
2007-02-28 00:00:00,8.990824e-10,0.0020842028,0.9979158,2.0,0.8889109,0.9979158,0.9979158
2007-03-01 00:00:00,5.030345e-05,0.7944514,0.20549828,1.0,0.21875165,0.20552094,0.7944514
2007-03-02 00:00:00,3.3244005e-11,0.037587572,0.9624124,2.0,0.85888684,0.9624124,0.9624124
2007-03-05 00:00:00,2.1716523e-05,0.91867584,0.08130245,1.0,0.11374403,0.08131224,0.91867584
2007-03-06 00:00:00,7.50683e-06,0.99872077,0.0012717426,1.0,0.046074957,0.0012751246,0.99872077
2007-03-07 00:00:00,7.122419e-06,0.99955547,0.00043742778,1.0,0.04536968,0.00044063665,0.99955547
2007-03-08 00:00:00,0.00065470766,0.99931735,2.7921542e-05,1.0,0.044550583,0.00032288695,0.99931735
2007-03-09 00:00:00,0.000539317,0.9994284,3.227328e-05,1.0,0.044638507,0.00027525175,0.9994284
2007-03-12 00:00:00,1.3245761e-10,0.9917993,0.008200697,1.0,0.05194003,0.008200697,0.9917993
2007-03-13 00:00:00,5.806164e-06,0.99883294,0.0011612447,1.0,0.045982752,0.0011638606,0.99883294
2007-03-14 00:00:00,0.001688988,0.9982798,3.1214713e-05,1.0,0.043798253,0.00079215434,0.9982798
2007-03-15 00:00:00,3.6112764e-05,0.9995639,0.00040003302,1.0,0.045316894,0.0004163029,0.9995639
2007-03-16 00:00:00,1.0268343e-06,0.9986463,0.0013526398,1.0,0.0461481,0.0013531024,0.9986463
2007-03-19 00:00:00,7.4188883e-06,0.999342,0.00065054715,1.0,0.045549694,0.0006538896,0.999342
2007-03-20 00:00:00,3.056436e-06,0.99893945,0.001057475,1.0,0.045897003,0.001058852,0.99893945
2007-03-21 00:00:00,1.9908719e-12,0.97055525,0.029444778,1.0,0.06990548,0.029444778,0.97055525
2007-03-22 00:00:00,1.4411777e-08,0.9983586,0.0016413693,1.0,0.046393007,0.0016413758,0.9983586
2007-03-23 00:00:00,0.00025833727,0.9996946,4.70516e-05,1.0,0.044856146,0.00016344027,0.9996946
2007-03-26 00:00:00,6.385732e-05,0.9998582,7.791404e-05,1.0,0.04502423,0.00010668368,0.9998582
2007-03-27 00:00:00,0.00018799119,0.9997573,5.472887e-05,1.0,0.044913996,0.00013942452,0.9997573
2007-03-28 00:00:00,0.002385461,0.99759877,1.5768612e-05,1.0,0.043276705,0.0010904901,0.99759877
2007-03-29 00:00:00,4.652636e-06,0.9997785,0.00021682912,1.0,0.045184933,0.00021892528,0.9997785
2007-03-30 00:00:00,4.094916e-06,0.9997507,0.0002452299,1.0,0.045209356,0.0002470748,0.9997507
2007-04-02 00:00:00,1.2273486e-14,0.69205713,0.30794287,1.0,0.3054225,0.30794287,0.69205713
2007-04-03 00:00:00,3.2246686e-07,0.9814654,0.018534254,1.0,0.060678564,0.0185344,0.9814654
2007-04-04 00:00:00,7.6658296e-08,0.996499,0.0035009207,1.0,0.047965527,0.0035009554,0.996499
2007-04-05 00:00:00,1.40094625e-14,0.8182572,0.18174279,1.0,0.1986991,0.18174279,0.8182572
2007-04-06 00:00:00,9.812595e-13,0.8181814,0.18181862,1.0,0.19876324,0.18181862,0.8181814
2007-04-09 00:00:00,5.6901144e-06,0.99526745,0.0047268528,1.0,0.04899816,0.004729416,0.99526745
2007-04-10 00:00:00,2.0844422e-10,0.9921337,0.007866349,1.0,0.051657286,0.007866349,0.9921337
2007-04-11 00:00:00,5.2577228e-08,0.9961007,0.0038992416,1.0,0.04830239,0.0038992653,0.9961007
2007-04-12 00:00:00,3.5263817e-08,0.995028,0.00497192,1.0,0.04920953,0.004971936,0.995028
2007-04-13 00:00:00,8.543228e-09,0.9910316,0.008968426,1.0,0.05258927,0.00896843,0.9910316
2007-04-16 00:00:00,8.655276e-09,0.9869668,0.013033194,1.0,0.056026716,0.013033197,0.9869668
2007-04-17 00:00:00,2.3938077e-11,0.95378727,0.046212744,1.0,0.08408562,0.046212744,0.95378727
2007-04-18 00:00:00,1.4490592e-08,0.9581857,0.041814305,1.0,0.08036599,0.041814312,0.9581857
2007-04-19 00:00:00,9.732877e-16,0.038798258,0.9612017,2.0,0.85786295,0.9612017,0.9612017
2007-04-20 00:00:00,1.1035371e-19,3.196442e-05,0.99996805,2.0,0.8906464,0.99996805,0.99996805
2007-04-23 00:00:00,1.10238275e-13,0.00021508086,0.99978495,2.0,0.89049155,0.99978495,0.99978495
2007-04-24 00:00:00,1.0054275e-16,0.00010106308,0.9998989,2.0,0.890588,0.9998989,0.9998989
2007-04-25 00:00:00,9.7884796e-24,5.1707826e-08,0.99999994,2.0,0.8906734,0.99999994,0.99999994
2007-04-26 00:00:00,1.353448e-14,0.0003031801,0.9996968,2.0,0.89041704,0.9996968,0.9996968
2007-04-27 00:00:00,1.0858336e-17,0.00017530168,0.9998247,2.0,0.89052516,0.9998247,0.9998247
2007-04-30 00:00:00,3.640523e-16,0.00020900537,0.99979097,2.0,0.8904967,0.99979097,0.99979097
2007-05-01 00:00:00,3.3939872e-16,0.00023778966,0.99976224,2.0,0.89047235,0.99976224,0.99976224
2007-05-02 00:00:00,1.7938391e-10,0.002995254,0.99700475,2.0,0.88814044,0.99700475,0.99700475
2007-05-03 00:00:00,0.0007633533,0.631732,0.36750463,1.0,0.35523474,0.36784855,0.631732
2007-05-04 00:00:00,7.7354265e-09,0.11636804,0.88363194,2.0,0.79226464,0.88363194,0.88363194
2007-05-07 00:00:00,2.9313897e-13,0.00016322562,0.9998368,2.0,0.8905354,0.9998368,0.9998368
2007-05-08 00:00:00,0.003908339,0.88803023,0.10806145,1.0,0.1335357,0.10982227,0.88803023
2007-05-09 00:00:00,0.002055664,0.99751955,0.00042478644,1.0,0.04386338,0.0013509246,0.99751955
2007-05-10 00:00:00,0.0037890137,0.99620926,1.7223048e-06,1.0,0.04224011,0.0017087864,0.99620926
2007-05-11 00:00:00,0.004303376,0.99569523,1.3833497e-06,1.0,0.041864295,0.0019401831,0.99569523
2007-05-14 00:00:00,0.024880672,0.97511667,2.6374867e-06,1.0,0.026842145,0.0112121245,0.97511667
2007-05-15 00:00:00,0.029843746,0.970154,2.247558e-06,1.0,0.023218341,0.0134477485,0.970154
2007-05-16 00:00:00,0.9679585,3.6653437e-11,0.0320415,0.0,-0.63459224,0.46813577,0.9679585
2007-05-17 00:00:00,0.9962288,2.2724086e-28,0.0037711724,0.0,-0.6791393,0.4526021,0.9962288
2007-05-18 00:00:00,0.9991753,4.0338545e-11,0.00082467106,0.0,-0.6837823,0.45098308,0.9991753
2007-05-21 00:00:00,0.99907625,1.3699723e-22,0.00092375115,0.0,-0.6836262,0.4510375,0.99907625
2007-05-22 00:00:00,0.9999367,0.0,6.3291845e-05,0.0,-0.68498206,0.4505647,0.9999367
2007-05-23 00:00:00,0.9999428,0.0,5.7217574e-05,0.0,-0.6849916,0.45056137,0.9999428
2007-05-24 00:00:00,0.99986434,0.0,0.00013568866,0.0,-0.684868,0.4506045,0.99986434
2007-05-25 00:00:00,0.9999985,0.0,1.5045293e-06,0.0,-0.6850794,0.45053077,0.9999985
2007-05-28 00:00:00,0.9999906,0.0,9.412861e-06,0.0,-0.68506694,0.4505351,0.9999906
2007-05-29 00:00:00,0.99976516,0.0,0.00023482095,0.0,-0.68471175,0.45065895,0.99976516
2007-05-30 00:00:00,0.9998546,0.0,0.00014536815,0.0,-0.6848527,0.4506098,0.9998546
2007-05-31 00:00:00,0.9993811,3.1689915e-19,0.0006188625,0.0,-0.6841066,0.45086998,0.9993811
2007-06-01 00:00:00,0.99971944,0.0,0.0002805496,0.0,-0.6846397,0.45068407,0.99971944
2007-06-04 00:00:00,0.999339,6.9147134e-22,0.0006609905,0.0,-0.6840402,0.45089313,0.999339
2007-06-05 00:00:00,0.39815906,0.60183954,1.3844069e-06,1.0,-0.24568452,0.17938396,0.60183954
2007-06-06 00:00:00,0.114376694,0.8856105,1.2814692e-05,1.0,-0.038489103,0.051542938,0.8856105
2007-06-07 00:00:00,0.79982656,0.19916229,0.001011147,0.0,-0.5380827,0.36135694,0.79982656
2007-06-08 00:00:00,0.9994643,0.0,0.0005357354,0.0,-0.6842376,0.4508243,0.9994643
2007-06-11 00:00:00,0.99998856,0.0,1.14379945e-05,0.0,-0.6850637,0.45053622,0.99998856
2007-06-12 00:00:00,1.0,0.0,1.9602026e-12,0.0,-0.6850818,0.45052993,1.0
2007-06-13 00:00:00,0.99999976,0.0,2.1941248e-07,0.0,-0.6850814,0.45053005,0.99999976
2007-06-14 00:00:00,0.99999535,0.0,4.675975e-06,0.0,-0.6850744,0.4505325,0.99999535
2007-06-15 00:00:00,0.9993769,2.232103e-31,0.0006230902,0.0,-0.6840999,0.4508723,0.9993769
2007-06-18 00:00:00,0.99205685,0.007889507,5.365018e-05,0.0,-0.6792372,0.44700494,0.99205685
2007-06-19 00:00:00,0.4308701,0.5691273,2.5786028e-06,1.0,-0.2695654,0.19412245,0.5691273
2007-06-20 00:00:00,0.99762356,0.0017989386,0.00057748257,0.0,-0.6828584,0.45003676,0.99762356
2007-06-21 00:00:00,0.7304104,0.26958036,9.226269e-06,0.0,-0.48825017,0.32908097,0.7304104
2007-06-22 00:00:00,0.43555072,0.56444836,9.3277214e-07,1.0,-0.27298406,0.19622958,0.56444836
2007-06-25 00:00:00,0.25125417,0.7487452,6.053114e-07,1.0,-0.13843186,0.11319813,0.7487452
2007-06-26 00:00:00,0.098008946,0.9019906,4.6636467e-07,1.0,-0.026549673,0.04415643,0.9019906
2007-06-27 00:00:00,0.06633597,0.93366313,8.773525e-07,1.0,-0.003425304,0.029887216,0.93366313
2007-06-28 00:00:00,0.007144249,0.9928552,5.3958377e-07,1.0,0.039789498,0.0032192376,0.9928552
2007-06-29 00:00:00,0.001856367,0.9981179,2.5733472e-05,1.0,0.043671414,0.00086208235,0.9981179
2007-07-02 00:00:00,0.00015847165,0.9997157,0.00012586944,1.0,0.04499571,0.00019726566,0.9997157
2007-07-03 00:00:00,0.0017092341,0.998272,1.87853e-05,1.0,0.04377296,0.0007888464,0.998272
2007-07-04 00:00:00,0.00025297163,0.99963623,0.00011082406,1.0,0.044913992,0.00022479537,0.99963623
2007-07-05 00:00:00,6.5938807e-06,0.9882163,0.011777111,1.0,0.05495968,0.011780082,0.9882163
2007-07-06 00:00:00,1.5685994e-13,0.00022518152,0.9997748,2.0,0.890483,0.9997748,0.9997748
2007-07-09 00:00:00,3.6361226e-18,3.0073206e-09,1.0,2.0,0.89067346,1.0,1.0
2007-07-10 00:00:00,2.7e-44,6.651487e-16,1.0,2.0,0.89067346,1.0,1.0
2007-07-11 00:00:00,1.36e-43,2.99219e-16,1.0,2.0,0.89067346,1.0,1.0
2007-07-12 00:00:00,0.0,3.451887e-14,1.0,2.0,0.89067346,1.0,1.0
2007-07-13 00:00:00,1.6134172e-37,6.352913e-18,1.0,2.0,0.89067346,1.0,1.0
2007-07-16 00:00:00,1.8860556e-32,7.422169e-18,1.0,2.0,0.89067346,1.0,1.0
2007-07-17 00:00:00,1.096116e-33,1.7196815e-17,1.0,2.0,0.89067346,1.0,1.0
2007-07-18 00:00:00,9.079e-42,6.1236014e-24,1.0,2.0,0.89067346,1.0,1.0
2007-07-19 00:00:00,3.688e-42,2.6143223e-24,1.0,2.0,0.89067346,1.0,1.0
2007-07-20 00:00:00,2.4117763e-35,2.4571642e-27,1.0,2.0,0.89067346,1.0,1.0
2007-07-23 00:00:00,2.5719295e-30,1.8565932e-20,1.0,2.0,0.89067346,1.0,1.0
2007-07-24 00:00:00,4.1353574e-36,1.6286298e-23,1.0,2.0,0.89067346,1.0,1.0
2007-07-25 00:00:00,1.02674105e-16,4.2149527e-06,0.99999577,2.0,0.8906699,0.99999577,0.99999577
2007-07-26 00:00:00,2.2530355e-22,1.07887956e-07,0.9999999,2.0,0.89067334,0.9999999,0.9999999
2007-07-27 00:00:00,0.003140255,0.9260702,0.07078955,1.0,0.1025768,0.07220434,0.9260702
2007-07-30 00:00:00,0.00050429965,0.99891114,0.00058454357,1.0,0.04513111,0.00081174565,0.99891114
2007-07-31 00:00:00,0.0023482349,0.9976228,2.8971437e-05,1.0,0.04331505,0.0010869214,0.9976228
2007-08-01 00:00:00,0.0037802928,0.99620724,1.2465114e-05,1.0,0.04225556,0.0017156001,0.99620724
2007-08-02 00:00:00,0.0002801821,0.99960935,0.00011044593,1.0,0.044893805,0.00023667635,0.99960935
2007-08-03 00:00:00,1.3656565e-05,0.99959725,0.00038908765,1.0,0.04532403,0.00039524035,0.99959725
2007-08-06 00:00:00,1.4042395e-07,0.9987489,0.0012509715,1.0,0.046062768,0.0012510347,0.9987489
2007-08-07 00:00:00,0.005706364,0.9942918,1.840865e-06,1.0,0.04084038,0.0025727286,0.9942918
2007-08-08 00:00:00,0.0048773075,0.99511594,6.759018e-06,1.0,0.041449822,0.002204132,0.99511594
2007-08-09 00:00:00,0.96208495,6.466632e-21,0.03791507,0.0,-0.6253369,0.47136313,0.96208495
2007-08-10 00:00:00,0.99615777,7.101433e-13,0.0038422092,0.0,-0.6790274,0.4526411,0.99615777
2007-08-13 00:00:00,0.99965376,4.27e-43,0.000346247,0.0,-0.68453616,0.4507202,0.99965376
2007-08-14 00:00:00,0.9999996,0.0,4.339939e-07,0.0,-0.68508106,0.45053017,0.9999996
2007-08-15 00:00:00,1.0,0.0,8.111691e-13,0.0,-0.6850818,0.45052993,1.0
2007-08-16 00:00:00,1.0,0.0,1.81552e-12,0.0,-0.6850818,0.45052993,1.0
2007-08-17 00:00:00,1.0,0.0,2.2196269e-11,0.0,-0.6850818,0.45052993,1.0
2007-08-20 00:00:00,1.0,0.0,4.1007728e-10,0.0,-0.6850818,0.45052993,1.0
2007-08-21 00:00:00,1.0,0.0,8.134935e-12,0.0,-0.6850818,0.45052993,1.0
2007-08-22 00:00:00,0.9998156,0.0,0.00018439571,0.0,-0.6847912,0.45063126,0.9998156
2007-08-23 00:00:00,0.99991214,0.0,8.7839e-05,0.0,-0.6849434,0.45057818,0.99991214
2007-08-24 00:00:00,0.49531925,0.50463766,4.306762e-05,1.0,-0.31658462,0.22319922,0.50463766
2007-08-27 00:00:00,0.9965464,1.3765757e-10,0.0034536077,0.0,-0.67963976,0.4524276,0.9965464
2007-08-28 00:00:00,0.99896246,3.1760904e-15,0.0010375145,0.0,-0.6834469,0.45110002,0.99896246
2007-08-29 00:00:00,0.61823857,0.3817362,2.5227293e-05,0.0,-0.4063415,0.27856022,0.61823857
2007-08-30 00:00:00,0.9463882,0.053005148,0.00060665177,0.0,-0.64542747,0.42698285,0.9463882
2007-08-31 00:00:00,0.99938613,9.802934e-33,0.00061388465,0.0,-0.68411446,0.45086724,0.99938613
2007-09-03 00:00:00,0.99994326,0.0,5.6763998e-05,0.0,-0.6849923,0.45056114,0.99994326
2007-09-04 00:00:00,0.99935806,3.414522e-27,0.0006419485,0.0,-0.6840702,0.45088267,0.99935806
2007-09-05 00:00:00,0.9995697,5.5797633e-37,0.00043030168,0.0,-0.6844037,0.45076635,0.9995697
2007-09-06 00:00:00,0.6163398,0.38365442,5.780329e-06,0.0,-0.40497166,0.2776853,0.6163398
2007-09-07 00:00:00,0.045412168,0.9545697,1.8112289e-05,1.0,0.0118654575,0.020477654,0.9545697
2007-09-10 00:00:00,6.5336644e-07,0.9996425,0.00035685694,1.0,0.04530627,0.0003571513,0.9996425
2007-09-11 00:00:00,3.07667e-16,0.94167227,0.058327723,1.0,0.09433088,0.058327723,0.94167227
2007-09-12 00:00:00,8.589898e-39,7.96792e-05,0.9999203,2.0,0.89060605,0.9999203,0.9999203
2007-09-13 00:00:00,1.8943156e-35,2.4169605e-05,0.99997586,2.0,0.890653,0.99997586,0.99997586
2007-09-14 00:00:00,7.4047333e-31,5.7355014e-06,0.9999943,2.0,0.8906686,0.9999943,0.9999943
2007-09-17 00:00:00,3.1469427e-29,2.5218338e-05,0.9999748,2.0,0.8906521,0.9999748,0.9999748
2007-09-18 00:00:00,9.8e-44,0.00012162901,0.99987835,2.0,0.8905706,0.99987835,0.99987835
2007-09-19 00:00:00,2.1232545e-33,2.0229809e-05,0.9999798,2.0,0.89065635,0.9999798,0.9999798
2007-09-20 00:00:00,4.16e-43,0.0001060587,0.99989396,2.0,0.89058375,0.99989396,0.99989396
2007-09-21 00:00:00,1.2884076e-31,1.1375075e-05,0.9999886,2.0,0.8906638,0.9999886,0.9999886
2007-09-24 00:00:00,9.9022004e-36,3.3118977e-07,0.99999964,2.0,0.89067316,0.99999964,0.99999964
2007-09-25 00:00:00,0.0,7.030172e-11,1.0,2.0,0.89067346,1.0,1.0
2007-09-26 00:00:00,3.632e-42,2.04295e-12,1.0,2.0,0.89067346,1.0,1.0
2007-09-27 00:00:00,1e-45,2.3465316e-11,1.0,2.0,0.89067346,1.0,1.0
2007-09-28 00:00:00,0.0,7.860782e-12,1.0,2.0,0.89067346,1.0,1.0
2007-10-01 00:00:00,0.0,9.970114e-10,1.0,2.0,0.89067346,1.0,1.0
2007-10-02 00:00:00,0.0,1.991919e-05,0.9999801,2.0,0.8906566,0.9999801,0.9999801
2007-10-03 00:00:00,5.8152317e-32,0.0009618609,0.99903816,2.0,0.88986003,0.99903816,0.99903816
2007-10-04 00:00:00,1.2646235e-31,0.0011380315,0.99886197,2.0,0.889711,0.99886197,0.99886197
2007-10-05 00:00:00,1.1058919e-23,0.0016184351,0.99838156,2.0,0.88930476,0.99838156,0.99838156
2007-10-08 00:00:00,6.372987e-11,0.29391977,0.70608026,2.0,0.64211476,0.70608026,0.70608026
2007-10-09 00:00:00,5.7341974e-12,0.73071516,0.26928484,1.0,0.27273068,0.26928484,0.73071516
2007-10-10 00:00:00,2.0021772e-10,0.96031684,0.039683163,1.0,0.078563765,0.039683163,0.96031684
2007-10-11 00:00:00,1.1810967e-16,0.94820166,0.05179834,1.0,0.088809185,0.05179834,0.94820166
2007-10-12 00:00:00,2.7117302e-14,0.9746548,0.025345193,1.0,0.06643859,0.025345193,0.9746548
2007-10-15 00:00:00,1.0608166e-16,0.9638507,0.036149323,1.0,0.07557531,0.036149323,0.9638507
2007-10-16 00:00:00,2.2442731e-07,0.9982221,0.0017776701,1.0,0.04650812,0.0017777713,0.9982221
2007-10-17 00:00:00,4.4736654e-09,0.998016,0.0019840037,1.0,0.046682768,0.0019840058,0.998016
2007-10-18 00:00:00,2.080469e-08,0.9982982,0.0017017757,1.0,0.046444084,0.0017017851,0.9982982
2007-10-19 00:00:00,7.192871e-08,0.998505,0.0014949209,1.0,0.04626912,0.0014949533,0.998505
2007-10-22 00:00:00,0.0006862631,0.9992336,8.012125e-05,1.0,0.044571687,0.0003893033,0.9992336
2007-10-23 00:00:00,0.00052965706,0.9993985,7.183307e-05,1.0,0.044679016,0.00031045944,0.9993985
2007-10-24 00:00:00,0.00010739916,0.99978447,0.00010813411,1.0,0.045018,0.00015652065,0.99978447
2007-10-25 00:00:00,7.2583125e-06,0.9997666,0.00022614805,1.0,0.04519091,0.00022941815,0.9997666
2007-10-26 00:00:00,0.0002470333,0.9996796,7.33498e-05,1.0,0.044886637,0.0001846457,0.9996796
2007-10-29 00:00:00,1.4973684e-06,0.9996577,0.00034080067,1.0,0.045292076,0.00034147527,0.9996577
2007-10-30 00:00:00,9.23845e-13,0.99217314,0.007826889,1.0,0.051623914,0.007826889,0.99217314
2007-10-31 00:00:00,6.6885077e-21,0.76187956,0.23812047,1.0,0.24637593,0.23812047,0.76187956
2007-11-01 00:00:00,4.1485237e-13,0.9023408,0.09765918,1.0,0.12759225,0.09765918,0.9023408
2007-11-02 00:00:00,3.1865463e-19,0.8413504,0.15864961,1.0,0.17916992,0.15864961,0.8413504
2007-11-05 00:00:00,2.8304312e-27,0.14537989,0.8546201,2.0,0.76773024,0.8546201,0.8546201
2007-11-06 00:00:00,1.0582314e-30,0.006114157,0.9938858,2.0,0.8855029,0.9938858,0.9938858
2007-11-07 00:00:00,6.0474537e-34,0.0010316219,0.99896836,2.0,0.889801,0.99896836,0.99896836
2007-11-08 00:00:00,1.9505916e-33,0.0007488925,0.9992511,2.0,0.8900401,0.9992511,0.9992511
2007-11-09 00:00:00,4.3727028e-37,0.00018609903,0.9998139,2.0,0.89051604,0.9998139,0.9998139
2007-11-12 00:00:00,4.1450595e-15,0.06364123,0.93635875,2.0,0.83685404,0.93635875,0.93635875
2007-11-13 00:00:00,1.5435215e-26,0.0033936861,0.9966063,2.0,0.8878035,0.9966063,0.9966063
2007-11-14 00:00:00,1.1869566e-26,0.0017051428,0.99829483,2.0,0.88923144,0.99829483,0.99829483
2007-11-15 00:00:00,1.3423484e-15,0.05118952,0.94881046,2.0,0.8473841,0.94881046,0.94881046
2007-11-16 00:00:00,5.4762103e-18,0.037679326,0.9623207,2.0,0.85880923,0.9623207,0.9623207
2007-11-19 00:00:00,1.6058946e-34,0.0011861768,0.9988138,2.0,0.8896703,0.9988138,0.9988138
2007-11-20 00:00:00,6e-45,7.9319325e-05,0.99992067,2.0,0.89060634,0.99992067,0.99992067
2007-11-21 00:00:00,0.0,2.3624329e-05,0.9999764,2.0,0.89065343,0.9999764,0.9999764
2007-11-22 00:00:00,2.218726e-39,0.00028024983,0.99971974,2.0,0.8904364,0.99971974,0.99971974
2007-11-23 00:00:00,1.3527955e-29,0.001226096,0.99877393,2.0,0.8896366,0.99877393,0.99877393
2007-11-26 00:00:00,9.0483085e-31,0.0008424203,0.9991576,2.0,0.889961,0.9991576,0.9991576
2007-11-27 00:00:00,1.5363235e-23,0.0030273749,0.9969726,2.0,0.88811326,0.9969726,0.9969726
2007-11-28 00:00:00,5.3418435e-21,0.0053611314,0.99463886,2.0,0.8861397,0.99463886,0.99463886
2007-11-29 00:00:00,2.971863e-17,0.017451908,0.9825481,2.0,0.87591493,0.9825481,0.9825481
2007-11-30 00:00:00,0.0002321336,0.5939479,0.40581998,1.0,0.38802466,0.4059246,0.5939479
2007-12-03 00:00:00,3.9557264e-07,0.926141,0.073858574,1.0,0.107464544,0.07385875,0.926141
2007-12-04 00:00:00,1.5108593e-07,0.98736113,0.012638745,1.0,0.05569304,0.012638813,0.98736113
2007-12-05 00:00:00,0.40037256,0.53114957,0.06847791,1.0,-0.18939212,0.24885772,0.53114957
2007-12-06 00:00:00,0.689833,0.28724873,0.022918316,0.0,-0.43925163,0.3337087,0.689833
2007-12-07 00:00:00,0.8174954,0.17728329,0.0052213324,0.0,-0.54742205,0.37352747,0.8174954
2007-12-10 00:00:00,1.6667147e-05,0.997468,0.0025153218,1.0,0.047119923,0.0025228309,0.997468
2007-12-11 00:00:00,0.004125086,0.99581045,6.445508e-05,1.0,0.0420478,0.0019229299,0.99581045
2007-12-12 00:00:00,0.0026575301,0.99725795,8.454404e-05,1.0,0.04313623,0.0012818408,0.99725795
2007-12-13 00:00:00,0.0069061494,0.99305034,4.351225e-05,1.0,0.03999967,0.0031549393,0.99305034
2007-12-14 00:00:00,0.9997298,0.0,0.00027016728,0.0,-0.684656,0.45067838,0.9997298
2007-12-17 00:00:00,0.9999991,0.0,8.6760593e-07,0.0,-0.6850804,0.4505304,0.9999991
2007-12-18 00:00:00,1.0,0.0,1.6784357e-15,0.0,-0.6850818,0.45052993,1.0
2007-12-19 00:00:00,1.0,0.0,3.0436673e-20,0.0,-0.6850818,0.45052993,1.0
2007-12-20 00:00:00,1.0,0.0,1.7032515e-23,0.0,-0.6850818,0.45052993,1.0
2007-12-21 00:00:00,1.0,0.0,1.336475e-17,0.0,-0.6850818,0.45052993,1.0
2007-12-24 00:00:00,1.0,0.0,1.6090251e-19,0.0,-0.6850818,0.45052993,1.0
2007-12-25 00:00:00,1.0,0.0,4.3766937e-17,0.0,-0.6850818,0.45052993,1.0
2007-12-26 00:00:00,1.0,0.0,6.09417e-11,0.0,-0.6850818,0.45052993,1.0
2007-12-27 00:00:00,0.999478,1.8014375e-32,0.00052200287,0.0,-0.68425924,0.45081675,0.999478
2007-12-28 00:00:00,0.17952542,0.81870586,0.0017686973,1.0,-0.08456843,0.082650274,0.81870586
2007-12-31 00:00:00,0.97587746,4.1847654e-12,0.024122551,0.0,-0.6470705,0.46378455,0.97587746
2008-01-01 00:00:00,0.99800587,2.6866206e-31,0.001994143,0.0,-0.6819395,0.45162565,0.99800587
2008-01-02 00:00:00,0.028262854,0.9700006,0.0017365121,1.0,0.025839143,0.0144697735,0.9700006
2008-01-03 00:00:00,0.0015208145,0.9982094,0.00026976553,1.0,0.04412277,0.000954938,0.9982094
2008-01-04 00:00:00,0.0012713626,0.99846005,0.0002685728,1.0,0.044303883,0.0008413597,0.99846005
2008-01-07 00:00:00,0.47325084,0.5134785,0.0132706715,1.0,-0.28928658,0.22648433,0.5134785
2008-01-08 00:00:00,0.06711216,0.93256044,0.00032740404,1.0,-0.0037158625,0.030563442,0.93256044
2008-01-09 00:00:00,0.9735736,0.00037658107,0.026049806,0.0,-0.6437587,0.46467385,0.9735736
2008-01-10 00:00:00,0.00033081553,0.9843798,0.015289382,1.0,0.057693187,0.015438424,0.9843798
2008-01-11 00:00:00,4.588389e-17,0.9876164,0.012383555,1.0,0.055477343,0.012383555,0.9876164
2008-01-14 00:00:00,2.3182086e-26,0.81775266,0.18224737,1.0,0.19912581,0.18224737,0.81775266
2008-01-15 00:00:00,1.3584901e-18,0.79206103,0.207939,1.0,0.22085242,0.207939,0.79206103
2008-01-16 00:00:00,3.5079866e-11,0.96812963,0.03187034,1.0,0.0719567,0.03187034,0.96812963
2008-01-17 00:00:00,4.5253447e-13,0.9877154,0.012284605,1.0,0.055393666,0.012284605,0.9877154
2008-01-18 00:00:00,2.1733029e-09,0.9984063,0.0015937359,1.0,0.046352733,0.0015937369,0.9984063
2008-01-21 00:00:00,0.057754476,0.93851054,0.0037349756,1.0,0.005997738,0.029755095,0.93851054
2008-01-22 00:00:00,4.2526943e-10,0.9681197,0.0318803,1.0,0.07196513,0.0318803,0.9681197
2008-01-23 00:00:00,2.2431053e-05,0.9639558,0.036021743,1.0,0.07545104,0.036031846,0.9639558
2008-01-24 00:00:00,4.8991947e-06,0.95769536,0.04229975,1.0,0.08077295,0.04230196,0.95769536
2008-01-25 00:00:00,0.72517735,6.1230844e-07,0.27482206,0.0,-0.252029,0.60153615,0.72517735
2008-01-28 00:00:00,4.6221444e-06,0.4675857,0.53240967,2.0,0.49524364,0.53241175,0.53240967
2008-01-29 00:00:00,1.5928203e-05,0.754989,0.24499503,1.0,0.2521779,0.2450022,0.754989
2008-01-30 00:00:00,0.0005688189,0.89352,0.10591118,1.0,0.13415542,0.10616745,0.89352
2008-01-31 00:00:00,0.00024255882,0.9541348,0.045622613,1.0,0.08340948,0.04573189,0.9541348
2008-02-01 00:00:00,0.029908855,0.8989916,0.07109954,1.0,0.08329555,0.08457438,0.8989916
2008-02-04 00:00:00,3.5508587e-05,0.97296417,0.027000306,1.0,0.067812346,0.027016304,0.97296417
2008-02-05 00:00:00,0.7420713,6.9395255e-14,0.25792873,0.0,-0.27864924,0.59225404,0.7420713
2008-02-06 00:00:00,0.8374655,3.9613854e-11,0.1625345,0.0,-0.42896718,0.5398378,0.8374655
2008-02-07 00:00:00,0.99999994,0.0,3.067601e-08,0.0,-0.6850817,0.45052996,0.99999994
2008-02-08 00:00:00,0.99999976,0.0,2.272371e-07,0.0,-0.6850814,0.45053005,0.99999976
2008-02-11 00:00:00,1.0,0.0,9.719038e-12,0.0,-0.6850818,0.45052993,1.0
2008-02-12 00:00:00,0.999992,0.0,7.975183e-06,0.0,-0.6850692,0.4505343,0.999992
2008-02-13 00:00:00,0.99842596,2.255692e-24,0.0015740446,0.0,-0.68260145,0.45139483,0.99842596
2008-02-14 00:00:00,0.9955444,0.0007480188,0.003707619,0.0,-0.67869335,0.45223016,0.9955444
2008-02-15 00:00:00,0.89115983,0.05537937,0.05346082,0.0,-0.56040883,0.45495498,0.89115983
2008-02-18 00:00:00,1.3129085e-07,0.9455944,0.05440548,1.0,0.09101387,0.05440554,0.9455944
2008-02-19 00:00:00,0.0015996295,0.997988,0.00041235625,1.0,0.04418581,0.0011330373,0.997988
2008-02-20 00:00:00,0.0009879792,0.9988239,0.0001881554,1.0,0.04444277,0.0006332696,0.9988239
2008-02-21 00:00:00,0.007652463,0.9922916,5.588677e-05,1.0,0.039465263,0.0035035503,0.9922916
2008-02-22 00:00:00,3.7978756e-05,0.9998078,0.00015426295,1.0,0.04510769,0.00017137351,0.9998078
2008-02-25 00:00:00,0.005437119,0.9945428,2.0074884e-05,1.0,0.04105237,0.0024696598,0.9945428
2008-02-26 00:00:00,4.3986415e-09,0.9990999,0.000900067,1.0,0.04576612,0.00090006896,0.9990999
2008-02-27 00:00:00,1.1097095e-12,0.9972936,0.0027064176,1.0,0.047293697,0.0027064176,0.9972936
2008-02-28 00:00:00,4.599877e-15,0.9936815,0.006318512,1.0,0.05034833,0.006318512,0.9936815
2008-02-29 00:00:00,3.8753546e-19,0.9827852,0.017214756,1.0,0.05956294,0.017214756,0.9827852
2008-03-03 00:00:00,9.520049e-19,0.9778723,0.02212768,1.0,0.06371764,0.02212768,0.9778723
2008-03-04 00:00:00,3.52e-43,0.218662,0.78133804,2.0,0.70575786,0.78133804,0.78133804
2008-03-05 00:00:00,0.0,0.0005241274,0.9994759,2.0,0.8902302,0.9994759,0.9994759
2008-03-06 00:00:00,0.0,1.0915537e-08,1.0,2.0,0.8906734,1.0,1.0
2008-03-07 00:00:00,0.0,8.119588e-08,0.99999994,2.0,0.89067334,0.99999994,0.99999994
2008-03-10 00:00:00,0.0,7.16661e-08,0.99999994,2.0,0.8906734,0.99999994,0.99999994
2008-03-11 00:00:00,0.0,2.2571854e-07,0.99999976,2.0,0.8906732,0.99999976,0.99999976
2008-03-12 00:00:00,0.0,2.2094064e-11,1.0,2.0,0.89067346,1.0,1.0
2008-03-13 00:00:00,0.0,5.4815756e-11,1.0,2.0,0.89067346,1.0,1.0
2008-03-14 00:00:00,0.0,1.172501e-11,1.0,2.0,0.89067346,1.0,1.0
2008-03-17 00:00:00,0.0,2.440609e-16,1.0,2.0,0.89067346,1.0,1.0
2008-03-18 00:00:00,0.0,4.3177788e-12,1.0,2.0,0.89067346,1.0,1.0
2008-03-19 00:00:00,0.0,2.0130694e-12,1.0,2.0,0.89067346,1.0,1.0
2008-03-20 00:00:00,0.0,1.9353143e-07,0.9999998,2.0,0.8906733,0.9999998,0.9999998
2008-03-21 00:00:00,6.2e-44,9.97963e-07,0.999999,2.0,0.89067256,0.999999,0.999999
2008-03-24 00:00:00,8.4e-44,1.6805698e-06,0.99999833,2.0,0.890672,0.99999833,0.99999833
2008-03-25 00:00:00,1e-44,1.9012219e-06,0.9999981,2.0,0.89067185,0.9999981,0.9999981
2008-03-26 00:00:00,0.0,5.5262e-09,1.0,2.0,0.89067346,1.0,1.0
2008-03-27 00:00:00,1e-45,4.938889e-06,0.99999505,2.0,0.8906693,0.99999505,0.99999505
2008-03-28 00:00:00,3e-45,4.598819e-06,0.9999954,2.0,0.8906695,0.9999954,0.9999954
2008-03-31 00:00:00,2.632366e-38,1.9243278e-05,0.99998075,2.0,0.8906572,0.99998075,0.99998075
2008-04-01 00:00:00,2.8048822e-22,0.0004811726,0.9995188,2.0,0.89026654,0.9995188,0.9995188
2008-04-02 00:00:00,5.9353727e-21,0.0013971671,0.9986028,2.0,0.8894919,0.9986028,0.9986028
2008-04-03 00:00:00,1.4105612e-12,0.025976595,0.9740234,2.0,0.86870587,0.9740234,0.9740234
2008-04-04 00:00:00,1.6552852e-19,0.008219705,0.9917803,2.0,0.8837223,0.9917803,0.9917803
2008-04-07 00:00:00,1.4384314e-18,0.009456032,0.99054396,2.0,0.8826768,0.99054396,0.99054396
2008-04-08 00:00:00,1.5144241e-17,0.013073886,0.98692614,2.0,0.8796173,0.98692614,0.98692614
2008-04-09 00:00:00,2.4188283e-11,0.10991044,0.8900896,2.0,0.7977256,0.8900896,0.8900896
2008-04-10 00:00:00,9.7864824e-05,0.48212433,0.5177778,2.0,0.48280188,0.5178219,0.5177778
2008-04-11 00:00:00,8.85884e-05,0.82426226,0.17564917,1.0,0.19348125,0.17568909,0.82426226
2008-04-14 00:00:00,0.003070619,0.9638929,0.033036504,1.0,0.07070108,0.03441991,0.9638929
2008-04-15 00:00:00,0.00012174312,0.9912313,0.008646942,1.0,0.052228525,0.00870179,0.9912313
2008-04-16 00:00:00,1.393141e-12,0.9638428,0.036157206,1.0,0.075581975,0.036157206,0.9638428
2008-04-17 00:00:00,2.80167e-26,0.6887831,0.31121692,1.0,0.3081913,0.31121692,0.6887831
2008-04-18 00:00:00,2.632248e-18,0.61008465,0.38991538,1.0,0.3747441,0.38991538,0.61008465
2008-04-21 00:00:00,2.5818318e-25,0.05233859,0.9476614,2.0,0.84641236,0.9476614,0.9476614
2008-04-22 00:00:00,5.840894e-16,0.22255836,0.7774416,2.0,0.70246285,0.7774416,0.7774416
2008-04-23 00:00:00,0.0052055703,0.99212086,0.002673544,1.0,0.043465376,0.0050188093,0.99212086
2008-04-24 00:00:00,0.9442996,4.99838e-21,0.055700406,0.0,-0.59731156,0.48113564,0.9442996
2008-04-25 00:00:00,0.99588734,2.8292938e-32,0.0041126604,0.0,-0.6786012,0.45278972,0.99588734
2008-04-28 00:00:00,0.9980618,9.958062e-15,0.0019382316,0.0,-0.6820276,0.45159492,0.9980618
2008-04-29 00:00:00,0.9983252,0.0010178948,0.000656892,0.0,-0.68330353,0.45043227,0.9983252
2008-04-30 00:00:00,0.99916536,0.00017372957,0.00066091534,0.0,-0.68391347,0.4508148,0.99916536
2008-05-01 00:00:00,0.9996964,7.64918e-40,0.00030359937,0.0,-0.6846034,0.45069674,0.9996964
2008-05-02 00:00:00,0.9999998,0.0,1.7123217e-07,0.0,-0.6850815,0.45053002,0.9999998
2008-05-05 00:00:00,0.9998664,0.0,0.00013359546,0.0,-0.68487126,0.45060334,0.9998664
2008-05-06 00:00:00,0.9996439,1.9880192e-37,0.0003560537,0.0,-0.6845207,0.4507256,0.9996439
2008-05-07 00:00:00,1.0,0.0,4.2396388e-15,0.0,-0.6850818,0.45052993,1.0
2008-05-08 00:00:00,1.0,0.0,4.021822e-09,0.0,-0.6850818,0.45052993,1.0
2008-05-09 00:00:00,0.99999994,0.0,4.070763e-08,0.0,-0.6850817,0.45052996,0.99999994
2008-05-12 00:00:00,0.9999993,0.0,6.9074e-07,0.0,-0.6850807,0.45053032,0.9999993
2008-05-13 00:00:00,0.9999999,0.0,1.3505945e-07,0.0,-0.68508154,0.45053,0.9999999
2008-05-14 00:00:00,1.0,0.0,5.872346e-15,0.0,-0.6850818,0.45052993,1.0
2008-05-15 00:00:00,1.0,0.0,8.776164e-14,0.0,-0.6850818,0.45052993,1.0
2008-05-16 00:00:00,0.9999776,0.0,2.2412143e-05,0.0,-0.68504643,0.45054224,0.9999776
2008-05-19 00:00:00,1.0,0.0,1.7291661e-10,0.0,-0.6850818,0.45052993,1.0
2008-05-20 00:00:00,0.99999994,0.0,5.5354594e-08,0.0,-0.68508166,0.45052996,0.99999994
2008-05-21 00:00:00,0.9987069,1.7780515e-16,0.0012930975,0.0,-0.68304414,0.45124045,0.9987069
2008-05-22 00:00:00,0.50887555,0.4909122,0.00021223821,0.0,-0.32633886,0.22947592,0.50887555
2008-05-23 00:00:00,0.0022470772,0.99756724,0.00018570776,1.0,0.04352145,0.0011980833,0.99756724
2008-05-26 00:00:00,0.0002737222,0.999579,0.00014728906,1.0,0.04492968,0.0002706091,0.999579
2008-05-27 00:00:00,0.00047989297,0.99938184,0.00013825358,1.0,0.044771515,0.00035445974,0.99938184
2008-05-28 00:00:00,0.010073469,0.98985124,7.530974e-05,1.0,0.037714142,0.0046137087,0.98985124
2008-05-29 00:00:00,0.009060199,0.9908735,6.6283086e-05,1.0,0.038446285,0.004148174,0.9908735
2008-05-30 00:00:00,0.0002283702,0.99964315,0.0001284561,1.0,0.044946864,0.00023134371,0.99964315
2008-06-02 00:00:00,0.007448015,0.99250954,4.243179e-05,1.0,0.039603148,0.0033979854,0.99250954
2008-06-03 00:00:00,0.97102976,2.2721217e-05,0.028947521,0.0,-0.63945097,0.46642548,0.97102976
2008-06-04 00:00:00,0.24884713,0.7508378,0.00031505062,1.0,-0.1364086,0.11242813,0.7508378
2008-06-05 00:00:00,8.438245e-06,0.99972075,0.00027078638,1.0,0.0452278,0.00027458806,0.99972075
2008-06-06 00:00:00,1.2294697e-11,0.997668,0.0023319747,1.0,0.04697704,0.0023319747,0.997668
2008-06-09 00:00:00,0.00034490417,0.99904823,0.0006068583,1.0,0.045266353,0.00076224795,0.99904823
2008-06-10 00:00:00,0.7167183,0.2462289,0.037052758,0.0,-0.44692725,0.35995582,0.7167183
2008-06-11 00:00:00,0.07670364,0.8957751,0.027521312,1.0,0.012278563,0.062078595,0.8957751
2008-06-12 00:00:00,0.89733815,0.024460794,0.07820103,0.0,-0.5439976,0.48247874,0.89733815
2008-06-13 00:00:00,0.9986932,0.0,0.0013067543,0.0,-0.6830226,0.45124796,0.9986932
2008-06-16 00:00:00,0.9971998,5.0678902e-11,0.0028002453,0.0,-0.68066925,0.4520686,0.9971998
2008-06-17 00:00:00,0.99856997,3.0500398e-26,0.0014300253,0.0,-0.6828284,0.4513157,0.99856997
2008-06-18 00:00:00,0.999966,0.0,3.394493e-05,0.0,-0.68502825,0.4505486,0.999966
2008-06-19 00:00:00,0.99996686,0.0,3.3140077e-05,0.0,-0.68502957,0.45054814,0.99996686
2008-06-20 00:00:00,0.9993047,1.9617463e-33,0.0006952874,0.0,-0.6839862,0.45091197,0.9993047
2008-06-23 00:00:00,0.9999877,0.0,1.228921e-05,0.0,-0.6850624,0.4505367,0.9999877
2008-06-24 00:00:00,0.99836326,2.0407117e-21,0.0016367491,0.0,-0.6825026,0.45142928,0.99836326
2008-06-25 00:00:00,0.9920381,0.006427145,0.0015347772,0.0,-0.67797095,0.44847763,0.9920381
2008-06-26 00:00:00,2.403204e-06,0.9821162,0.017881349,1.0,0.0601249,0.01788243,0.9821162
2008-06-27 00:00:00,1.6118369e-08,0.99450153,0.0054984605,1.0,0.049654827,0.005498468,0.99450153
2008-06-30 00:00:00,1.2482435e-07,0.99670243,0.0032974235,1.0,0.0477934,0.0032974798,0.99670243
2008-07-01 00:00:00,6.755194e-13,0.9678639,0.032136112,1.0,0.072181456,0.032136112,0.9678639
2008-07-02 00:00:00,7.2981546e-19,0.07197927,0.9280207,2.0,0.8298028,0.9280207,0.9280207
2008-07-03 00:00:00,0.0054213195,0.5124266,0.48215207,1.0,0.44878775,0.48459452,0.5124266
2008-07-04 00:00:00,0.47730604,2.6986152e-08,0.52269393,2.0,0.13855594,0.7377346,0.52269393
2008-07-07 00:00:00,0.24408326,0.7047329,0.051183876,1.0,-0.08991239,0.1611507,0.7047329
2008-07-08 00:00:00,6.490737e-06,0.9992016,0.00079188554,1.0,0.0456699,0.00079480984,0.9992016
2008-07-09 00:00:00,2.1417804e-05,0.9998378,0.00014077016,1.0,0.04510837,0.00015041952,0.9998378
2008-07-10 00:00:00,2.970368e-13,0.99661523,0.0033847643,1.0,0.04786735,0.0033847643,0.99661523
2008-07-11 00:00:00,1.2277063e-30,0.094392434,0.9056076,2.0,0.8108487,0.9056076,0.9056076
2008-07-14 00:00:00,2.1711684e-19,0.1584253,0.8415747,2.0,0.75669813,0.8415747,0.8415747
2008-07-15 00:00:00,1.2792896e-17,0.4061523,0.5938477,2.0,0.54720324,0.5938477,0.5938477
2008-07-16 00:00:00,7.636186e-10,0.95990527,0.040094733,1.0,0.07891182,0.040094733,0.95990527
2008-07-17 00:00:00,3.5453408e-14,0.98697734,0.013022671,1.0,0.056017827,0.013022671,0.98697734
2008-07-18 00:00:00,1.6437484e-08,0.99938154,0.0006184433,1.0,0.04552795,0.0006184507,0.99938154
2008-07-21 00:00:00,1.3036226e-17,0.99116737,0.008832623,1.0,0.052474435,0.008832623,0.99116737
2008-07-22 00:00:00,6.6242814e-07,0.99961066,0.00038866597,1.0,0.045333162,0.00038896443,0.99961066
2008-07-23 00:00:00,0.00968385,0.990275,4.1136926e-05,1.0,0.0379697,0.0044040014,0.990275
2008-07-24 00:00:00,0.97366446,3.185271e-06,0.02633235,0.0,-0.6435861,0.46499732,0.97366446
2008-07-25 00:00:00,0.9974586,1.7974226e-10,0.0025414326,0.0,-0.68107706,0.45192638,0.9974586
2008-07-28 00:00:00,0.8716568,0.12825054,9.269412e-05,0.0,-0.5913017,0.39280015,0.8716568
2008-07-29 00:00:00,0.99974495,0.0,0.0002550639,0.0,-0.68467987,0.4506701,0.99974495
2008-07-30 00:00:00,0.9999996,0.0,4.1403538e-07,0.0,-0.6850811,0.45053017,0.9999996
2008-07-31 00:00:00,0.9993353,1.0262283e-13,0.00066471373,0.0,-0.68403435,0.45089516,0.9993353
2008-08-01 00:00:00,0.9992969,2.0300103e-26,0.0007031126,0.0,-0.68397385,0.45091626,0.9992969
2008-08-04 00:00:00,0.9994477,7.241128e-33,0.0005523178,0.0,-0.68421143,0.4508334,0.9994477
2008-08-05 00:00:00,0.99984014,0.0,0.00015987543,0.0,-0.68482983,0.4506178,0.99984014
2008-08-06 00:00:00,0.99999994,0.0,6.7292525e-08,0.0,-0.68508166,0.45052996,0.99999994
2008-08-07 00:00:00,1.0,0.0,1.419582e-17,0.0,-0.6850818,0.45052993,1.0
2008-08-08 00:00:00,1.0,0.0,0.0,0.0,-0.6850818,0.45052993,1.0
2008-08-11 00:00:00,1.0,0.0,0.0,0.0,-0.6850818,0.45052993,1.0
2008-08-12 00:00:00,1.0,0.0,0.0,0.0,-0.6850818,0.45052993,1.0
2008-08-13 00:00:00,1.0,0.0,0.0,0.0,-0.6850818,0.45052993,1.0
2008-08-14 00:00:00,1.0,0.0,0.0,0.0,-0.6850818,0.45052993,1.0
2008-08-15 00:00:00,1.0,0.0,0.0,0.0,-0.6850818,0.45052993,1.0
2008-08-18 00:00:00,1.0,0.0,0.0,0.0,-0.6850818,0.45052993,1.0
2008-08-19 00:00:00,1.0,0.0,0.0,0.0,-0.6850818,0.45052993,1.0
2008-08-20 00:00:00,1.0,0.0,0.0,0.0,-0.6850818,0.45052993,1.0
2008-08-21 00:00:00,1.0,0.0,0.0,0.0,-0.6850818,0.45052993,1.0
2008-08-22 00:00:00,1.0,0.0,0.0,0.0,-0.6850818,0.45052993,1.0
2008-08-25 00:00:00,1.0,0.0,0.0,0.0,-0.6850818,0.45052993,1.0
2008-08-26 00:00:00,1.0,0.0,0.0,0.0,-0.6850818,0.45052993,1.0
2008-08-27 00:00:00,1.0,0.0,0.0,0.0,-0.6850818,0.45052993,1.0
2008-08-28 00:00:00,1.0,0.0,0.0,0.0,-0.6850818,0.45052993,1.0
2008-08-29 00:00:00,1.0,0.0,0.0,0.0,-0.6850818,0.45052993,1.0
2008-09-01 00:00:00,1.0,0.0,0.0,0.0,-0.6850818,0.45052993,1.0
2008-09-02 00:00:00,1.0,0.0,0.0,0.0,-0.6850818,0.45052993,1.0
2008-09-03 00:00:00,1.0,0.0,0.0,0.0,-0.6850818,0.45052993,1.0
2008-09-04 00:00:00,1.0,0.0,0.0,0.0,-0.6850818,0.45052993,1.0
2008-09-05 00:00:00,1.0,0.0,1.3084e-41,0.0,-0.6850818,0.45052993,1.0
2008-09-08 00:00:00,1.0,0.0,0.0,0.0,-0.6850818,0.45052993,1.0
2008-09-09 00:00:00,1.0,0.0,0.0,0.0,-0.6850818,0.45052993,1.0
2008-09-10 00:00:00,1.0,0.0,0.0,0.0,-0.6850818,0.45052993,1.0
2008-09-11 00:00:00,1.0,0.0,6.33e-43,0.0,-0.6850818,0.45052993,1.0
2008-09-12 00:00:00,1.0,0.0,1.8333165e-17,0.0,-0.6850818,0.45052993,1.0
2008-09-15 00:00:00,1.0,0.0,1.4004561e-16,0.0,-0.6850818,0.45052993,1.0
2008-09-16 00:00:00,1.0,0.0,1.3593578e-29,0.0,-0.6850818,0.45052993,1.0
2008-09-17 00:00:00,1.0,0.0,1.32456564e-14,0.0,-0.6850818,0.45052993,1.0
2008-09-18 00:00:00,1.0,0.0,1.3482887e-26,0.0,-0.6850818,0.45052993,1.0
2008-09-19 00:00:00,1.0,0.0,3.2411077e-10,0.0,-0.6850818,0.45052993,1.0
2008-09-22 00:00:00,0.005827668,3.6798852e-08,0.9941723,2.0,0.8814904,0.99679786,0.9941723
2008-09-23 00:00:00,2.586065e-05,6.791187e-12,0.99997413,2.0,0.8906327,0.9999858,0.99997413
2008-09-24 00:00:00,0.025441296,3.7585965e-33,0.9745587,2.0,0.8505842,0.98602074,0.9745587
2008-09-25 00:00:00,0.0038963873,3.543689e-20,0.9961036,2.0,0.8845337,0.99785906,0.9961036
2008-09-26 00:00:00,0.006187333,5.6708523e-25,0.9938127,2.0,0.8809237,0.9966003,0.9938127
2008-09-29 00:00:00,0.99857116,0.0,0.0014288488,0.0,-0.6828303,0.45131505,0.99857116
2008-09-30 00:00:00,1.0,0.0,1.7628529e-15,0.0,-0.6850818,0.45052993,1.0
2008-10-01 00:00:00,1.0,0.0,1.2723365e-25,0.0,-0.6850818,0.45052993,1.0
2008-10-02 00:00:00,1.0,0.0,3.7409324e-22,0.0,-0.6850818,0.45052993,1.0
2008-10-03 00:00:00,1.0,0.0,1.31796e-23,0.0,-0.6850818,0.45052993,1.0
2008-10-06 00:00:00,1.0,0.0,1.3590883e-34,0.0,-0.6850818,0.45052993,1.0
2008-10-07 00:00:00,1.0,0.0,3.3823937e-27,0.0,-0.6850818,0.45052993,1.0
2008-10-08 00:00:00,1.0,0.0,4.9197988e-14,0.0,-0.6850818,0.45052993,1.0
2008-10-09 00:00:00,1.0,0.0,6.6119615e-22,0.0,-0.6850818,0.45052993,1.0
2008-10-10 00:00:00,1.0,0.0,0.0,0.0,-0.6850818,0.45052993,1.0
2008-10-13 00:00:00,1.0,0.0,1.1500276e-32,0.0,-0.6850818,0.45052993,1.0
2008-10-14 00:00:00,1.0,0.0,3.242546e-34,0.0,-0.6850818,0.45052993,1.0
2008-10-15 00:00:00,1.0,0.0,0.0,0.0,-0.6850818,0.45052993,1.0
2008-10-16 00:00:00,1.0,0.0,0.0,0.0,-0.6850818,0.45052993,1.0
2008-10-17 00:00:00,1.0,0.0,0.0,0.0,-0.6850818,0.45052993,1.0
2008-10-20 00:00:00,1.0,0.0,0.0,0.0,-0.6850818,0.45052993,1.0
2008-10-21 00:00:00,1.0,0.0,0.0,0.0,-0.6850818,0.45052993,1.0
2008-10-22 00:00:00,1.0,0.0,0.0,0.0,-0.6850818,0.45052993,1.0
2008-10-23 00:00:00,1.0,0.0,0.0,0.0,-0.6850818,0.45052993,1.0
2008-10-24 00:00:00,1.0,0.0,0.0,0.0,-0.6850818,0.45052993,1.0
2008-10-27 00:00:00,1.0,0.0,0.0,0.0,-0.6850818,0.45052993,1.0
2008-10-28 00:00:00,1.0,0.0,0.0,0.0,-0.6850818,0.45052993,1.0
2008-10-29 00:00:00,1.0,0.0,0.0,0.0,-0.6850818,0.45052993,1.0
2008-10-30 00:00:00,1.0,0.0,0.0,0.0,-0.6850818,0.45052993,1.0
2008-10-31 00:00:00,1.0,0.0,0.0,0.0,-0.6850818,0.45052993,1.0
2008-11-03 00:00:00,1.0,0.0,0.0,0.0,-0.6850818,0.45052993,1.0
2008-11-04 00:00:00,1.0,0.0,8.97e-43,0.0,-0.6850818,0.45052993,1.0
2008-11-05 00:00:00,1.0,0.0,0.0,0.0,-0.6850818,0.45052993,1.0
2008-11-06 00:00:00,1.0,0.0,0.0,0.0,-0.6850818,0.45052993,1.0
2008-11-07 00:00:00,1.0,0.0,0.0,0.0,-0.6850818,0.45052993,1.0
2008-11-10 00:00:00,1.0,0.0,0.0,0.0,-0.6850818,0.45052993,1.0
2008-11-11 00:00:00,1.0,0.0,0.0,0.0,-0.6850818,0.45052993,1.0
2008-11-12 00:00:00,1.0,0.0,0.0,0.0,-0.6850818,0.45052993,1.0
2008-11-13 00:00:00,1.0,0.0,0.0,0.0,-0.6850818,0.45052993,1.0
2008-11-14 00:00:00,1.0,0.0,0.0,0.0,-0.6850818,0.45052993,1.0
2008-11-17 00:00:00,1.0,0.0,0.0,0.0,-0.6850818,0.45052993,1.0
2008-11-18 00:00:00,1.0,0.0,1.0021677e-24,0.0,-0.6850818,0.45052993,1.0
2008-11-19 00:00:00,1.0,0.0,9.102209e-16,0.0,-0.6850818,0.45052993,1.0
2008-11-20 00:00:00,1.0,0.0,2.0394761e-32,0.0,-0.6850818,0.45052993,1.0
2008-11-21 00:00:00,0.01158813,0.0,0.98841184,2.0,0.8724134,0.9936327,0.98841184
2008-11-24 00:00:00,0.0,1.090843e-18,1.0,2.0,0.89067346,1.0,1.0
2008-11-25 00:00:00,4.370402e-24,1.5365595e-19,1.0,2.0,0.89067346,1.0,1.0
2008-11-26 00:00:00,0.00020320977,0.0,0.9997968,2.0,0.8903532,0.99988836,0.9997968
2008-11-27 00:00:00,5.0648485e-09,9.25486e-39,1.0,2.0,0.89067346,1.0,1.0
2008-11-28 00:00:00,5.5810206e-06,0.0,0.9999944,2.0,0.89066464,0.99999696,0.9999944
2008-12-01 00:00:00,4.8119375e-07,0.0,0.9999995,2.0,0.8906727,0.99999976,0.9999995
2008-12-02 00:00:00,1.0,0.0,1.8286976e-09,0.0,-0.6850818,0.45052993,1.0
2008-12-03 00:00:00,1.0,0.0,6.4199126e-09,0.0,-0.6850818,0.45052993,1.0
2008-12-04 00:00:00,4.6730364e-07,1.04185516e-17,0.9999995,2.0,0.8906727,0.99999976,0.9999995
2008-12-05 00:00:00,2.0093535e-06,1.6426027e-27,0.999998,2.0,0.8906703,0.99999887,0.999998
2008-12-08 00:00:00,1.2217466e-16,3.3434069e-16,1.0,2.0,0.89067346,1.0,1.0
2008-12-09 00:00:00,1.1261464e-37,1.564548e-10,1.0,2.0,0.89067346,1.0,1.0
2008-12-10 00:00:00,0.0,1.8952693e-18,1.0,2.0,0.89067346,1.0,1.0
2008-12-11 00:00:00,0.0,7.3111395e-16,1.0,2.0,0.89067346,1.0,1.0
2008-12-12 00:00:00,0.0,5.265245e-37,1.0,2.0,0.89067346,1.0,1.0
2008-12-15 00:00:00,0.0,0.0,1.0,2.0,0.89067346,1.0,1.0
2008-12-16 00:00:00,0.0,0.0,1.0,2.0,0.89067346,1.0,1.0
2008-12-17 00:00:00,0.0,0.0,1.0,2.0,0.89067346,1.0,1.0
2008-12-18 00:00:00,0.0,0.0,1.0,2.0,0.89067346,1.0,1.0
2008-12-19 00:00:00,0.0,0.0,1.0,2.0,0.89067346,1.0,1.0
2008-12-22 00:00:00,0.0,0.0,1.0,2.0,0.89067346,1.0,1.0
2008-12-23 00:00:00,0.0,0.0,1.0,2.0,0.89067346,1.0,1.0
2008-12-24 00:00:00,0.0,0.0,1.0,2.0,0.89067346,1.0,1.0
2008-12-25 00:00:00,0.0,0.0,1.0,2.0,0.89067346,1.0,1.0
2008-12-26 00:00:00,0.0,0.0,1.0,2.0,0.89067346,1.0,1.0
2008-12-29 00:00:00,0.0,0.0,1.0,2.0,0.89067346,1.0,1.0
2008-12-30 00:00:00,0.0,0.0,1.0,2.0,0.89067346,1.0,1.0
2008-12-31 00:00:00,0.0,0.0,1.0,2.0,0.89067346,1.0,1.0
2009-01-01 00:00:00,0.0,0.0,1.0,2.0,0.89067346,1.0,1.0
2009-01-02 00:00:00,0.0,0.0,1.0,2.0,0.89067346,1.0,1.0
2009-01-05 00:00:00,0.0,6.3068986e-35,1.0,2.0,0.89067346,1.0,1.0
2009-01-06 00:00:00,0.0,1.3367545e-22,1.0,2.0,0.89067346,1.0,1.0
2009-01-07 00:00:00,0.0,1.3151592e-23,1.0,2.0,0.89067346,1.0,1.0
2009-01-08 00:00:00,2.1314861e-35,1.0311061e-13,1.0,2.0,0.89067346,1.0,1.0
2009-01-09 00:00:00,4.74895e-14,5.0978027e-30,1.0,2.0,0.89067346,1.0,1.0
2009-01-12 00:00:00,1.0,0.0,1.1192616e-13,0.0,-0.6850818,0.45052993,1.0
2009-01-13 00:00:00,1.0,0.0,0.0,0.0,-0.6850818,0.45052993,1.0
2009-01-14 00:00:00,1.0,0.0,0.0,0.0,-0.6850818,0.45052993,1.0
2009-01-15 00:00:00,1.0,0.0,0.0,0.0,-0.6850818,0.45052993,1.0
2009-01-16 00:00:00,1.0,0.0,7.997673e-36,0.0,-0.6850818,0.45052993,1.0
2009-01-19 00:00:00,1.0,0.0,0.0,0.0,-0.6850818,0.45052993,1.0
2009-01-20 00:00:00,1.0,0.0,0.0,0.0,-0.6850818,0.45052993,1.0
2009-01-21 00:00:00,1.0,0.0,0.0,0.0,-0.6850818,0.45052993,1.0
2009-01-22 00:00:00,1.0,0.0,0.0,0.0,-0.6850818,0.45052993,1.0
2009-01-23 00:00:00,1.0,0.0,0.0,0.0,-0.6850818,0.45052993,1.0
2009-01-26 00:00:00,1.0,0.0,0.0,0.0,-0.6850818,0.45052993,1.0
2009-01-27 00:00:00,1.0,0.0,0.0,0.0,-0.6850818,0.45052993,1.0
2009-01-28 00:00:00,1.0,0.0,0.0,0.0,-0.6850818,0.45052993,1.0
2009-01-29 00:00:00,1.0,0.0,0.0,0.0,-0.6850818,0.45052993,1.0
2009-01-30 00:00:00,1.0,0.0,0.0,0.0,-0.6850818,0.45052993,1.0
2009-02-02 00:00:00,1.0,0.0,0.0,0.0,-0.6850818,0.45052993,1.0
2009-02-03 00:00:00,1.0,0.0,1.1517749e-24,0.0,-0.6850818,0.45052993,1.0
2009-02-04 00:00:00,1.0,0.0,0.0,0.0,-0.6850818,0.45052993,1.0
2009-02-05 00:00:00,1.0,0.0,0.0,0.0,-0.6850818,0.45052993,1.0
2009-02-06 00:00:00,1.0,0.0,1.896301e-27,0.0,-0.6850818,0.45052993,1.0
2009-02-09 00:00:00,1.0,0.0,8.960362e-18,0.0,-0.6850818,0.45052993,1.0
2009-02-10 00:00:00,1.0,0.0,4.0550924e-11,0.0,-0.6850818,0.45052993,1.0
2009-02-11 00:00:00,1.0,0.0,2.8874496e-14,0.0,-0.6850818,0.45052993,1.0
2009-02-12 00:00:00,1.0,0.0,1.9196862e-10,0.0,-0.6850818,0.45052993,1.0
2009-02-13 00:00:00,1.0,0.0,3.5537797e-18,0.0,-0.6850818,0.45052993,1.0
2009-02-16 00:00:00,1.0,0.0,3.0569297e-11,0.0,-0.6850818,0.45052993,1.0
2009-02-17 00:00:00,1.0,0.0,6.4724957e-12,0.0,-0.6850818,0.45052993,1.0
2009-02-18 00:00:00,1.0,0.0,4.303311e-21,0.0,-0.6850818,0.45052993,1.0
2009-02-19 00:00:00,1.0,0.0,1.32970264e-14,0.0,-0.6850818,0.45052993,1.0
2009-02-20 00:00:00,0.99992967,0.0,7.035695e-05,0.0,-0.6849709,0.4505686,0.99992967
2009-02-23 00:00:00,1.0,0.0,1.4480094e-26,0.0,-0.6850818,0.45052993,1.0
2009-02-24 00:00:00,1.0,0.0,2.0521528e-14,0.0,-0.6850818,0.45052993,1.0
2009-02-25 00:00:00,1.0,0.0,9.147344e-21,0.0,-0.6850818,0.45052993,1.0
2009-02-26 00:00:00,0.9999999,0.0,1.2193524e-07,0.0,-0.6850816,0.45053,0.9999999
2009-02-27 00:00:00,0.99986565,0.0,0.00013435376,0.0,-0.68487006,0.45060375,0.99986565
2009-03-02 00:00:00,1.0,0.0,3.936836e-09,0.0,-0.6850818,0.45052993,1.0
2009-03-03 00:00:00,1.0,0.0,1.735523e-23,0.0,-0.6850818,0.45052993,1.0
2009-03-04 00:00:00,0.9999997,0.0,2.867326e-07,0.0,-0.6850813,0.45053008,0.9999997
2009-03-05 00:00:00,1.0,0.0,2.615795e-08,0.0,-0.6850817,0.45052993,1.0
2009-03-06 00:00:00,1.0,0.0,2.414149e-10,0.0,-0.6850818,0.45052993,1.0
2009-03-09 00:00:00,1.0,0.0,5.208732e-13,0.0,-0.6850818,0.45052993,1.0
2009-03-10 00:00:00,0.9999955,0.0,4.4707076e-06,0.0,-0.68507475,0.45053238,0.9999955
2009-03-11 00:00:00,0.9828156,9.26796e-22,0.017184382,0.0,-0.6580034,0.45997223,0.9828156
2009-03-12 00:00:00,0.5788967,3.9758824e-08,0.42110327,0.0,-0.021526052,0.68191355,0.5788967
2009-03-13 00:00:00,0.0011922917,1.1416473e-06,0.9988066,2.0,0.8887937,0.99934375,0.9988066
2009-03-16 00:00:00,2.0657692e-10,0.0004017586,0.99959826,2.0,0.89033365,0.99959826,0.99959826
2009-03-17 00:00:00,1.8403812e-31,6.3877397e-09,1.0,2.0,0.89067346,1.0,1.0
2009-03-18 00:00:00,0.0,0.0,1.0,2.0,0.89067346,1.0,1.0
2009-03-19 00:00:00,0.0,0.0,1.0,2.0,0.89067346,1.0,1.0
2009-03-20 00:00:00,0.0,3.197394e-33,1.0,2.0,0.89067346,1.0,1.0
2009-03-23 00:00:00,0.0,0.0,1.0,2.0,0.89067346,1.0,1.0
2009-03-24 00:00:00,0.0,1.5075984e-17,1.0,2.0,0.89067346,1.0,1.0
2009-03-25 00:00:00,0.0,9.687e-42,1.0,2.0,0.89067346,1.0,1.0
2009-03-26 00:00:00,0.0,2.1285571e-38,1.0,2.0,0.89067346,1.0,1.0
2009-03-27 00:00:00,0.0,9.941605e-22,1.0,2.0,0.89067346,1.0,1.0
2009-03-30 00:00:00,0.0,3.160506e-23,1.0,2.0,0.89067346,1.0,1.0
2009-03-31 00:00:00,0.0,3.253031e-35,1.0,2.0,0.89067346,1.0,1.0
2009-04-01 00:00:00,0.0,2.7721908e-20,1.0,2.0,0.89067346,1.0,1.0
2009-04-02 00:00:00,0.0,0.0,1.0,2.0,0.89067346,1.0,1.0
2009-04-03 00:00:00,0.0,8e-45,1.0,2.0,0.89067346,1.0,1.0
2009-04-06 00:00:00,0.0,3.1215302e-31,1.0,2.0,0.89067346,1.0,1.0
2009-04-07 00:00:00,0.0,1.4367327e-16,1.0,2.0,0.89067346,1.0,1.0
2009-04-08 00:00:00,1.279044e-39,2.3096192e-10,1.0,2.0,0.89067346,1.0,1.0
2009-04-09 00:00:00,1.044329e-18,3.976266e-10,1.0,2.0,0.89067346,1.0,1.0
2009-04-10 00:00:00,1.3116944e-21,2.390465e-09,1.0,2.0,0.89067346,1.0,1.0
2009-04-13 00:00:00,3.7028006e-35,3.8132542e-10,1.0,2.0,0.89067346,1.0,1.0
2009-04-14 00:00:00,2.5562572e-20,2.1201223e-11,1.0,2.0,0.89067346,1.0,1.0
2009-04-15 00:00:00,0.99998194,0.0,1.8073599e-05,0.0,-0.6850533,0.45053986,0.99998194
2009-04-16 00:00:00,1.0,0.0,5.0009256e-21,0.0,-0.6850818,0.45052993,1.0
2009-04-17 00:00:00,1.0,0.0,4.9179743e-26,0.0,-0.6850818,0.45052993,1.0
2009-04-20 00:00:00,1.0,0.0,1.307e-41,0.0,-0.6850818,0.45052993,1.0
2009-04-21 00:00:00,1.0,0.0,6.217438e-27,0.0,-0.6850818,0.45052993,1.0
2009-04-22 00:00:00,1.0,0.0,1.7245294e-28,0.0,-0.6850818,0.45052993,1.0
2009-04-23 00:00:00,1.0,0.0,1.954904e-16,0.0,-0.6850818,0.45052993,1.0
2009-04-24 00:00:00,0.98195136,2.4913234e-15,0.018048672,0.0,-0.6566415,0.46044713,0.98195136
2009-04-27 00:00:00,0.9998796,0.0,0.0001204183,0.0,-0.684892,0.4505961,0.9998796
2009-04-28 00:00:00,0.99925566,1e-45,0.00074437156,0.0,-0.6839088,0.45093894,0.99925566
2009-04-29 00:00:00,0.33860072,9.884283e-10,0.66139925,2.0,0.3571216,0.81394905,0.66139925
2009-04-30 00:00:00,0.99989843,0.0,0.00010157707,0.0,-0.6849217,0.45058575,0.99989843
2009-05-01 00:00:00,0.9999983,0.0,1.6989936e-06,0.0,-0.6850791,0.45053086,0.9999983
2009-05-04 00:00:00,0.0290304,0.0031129406,0.96785665,2.0,0.8422961,0.98093575,0.96785665
2009-05-05 00:00:00,0.0008672812,1.3165972e-07,0.9991326,2.0,0.8893067,0.99952334,0.9991326
2009-05-06 00:00:00,0.00018388436,3.895349e-07,0.9998157,2.0,0.89038336,0.99989855,0.9998157
2009-05-07 00:00:00,6.4422874e-15,0.0014070191,0.998593,2.0,0.8894836,0.998593,0.998593
2009-05-08 00:00:00,3.8676468e-32,1.6482277e-09,1.0,2.0,0.89067346,1.0,1.0
2009-05-11 00:00:00,3.725094e-12,0.00032540402,0.9996746,2.0,0.89039826,0.9996746,0.9996746
2009-05-12 00:00:00,2.8052614e-27,4.4420597e-07,0.9999996,2.0,0.89067304,0.9999996,0.9999996
2009-05-13 00:00:00,8.811874e-20,3.9713992e-05,0.9999603,2.0,0.89063984,0.9999603,0.9999603
2009-05-14 00:00:00,7.3250705e-31,1.0799495e-09,1.0,2.0,0.89067346,1.0,1.0
2009-05-15 00:00:00,1.2328883e-31,1.7916602e-10,1.0,2.0,0.89067346,1.0,1.0
2009-05-18 00:00:00,0.0,1.00251846e-25,1.0,2.0,0.89067346,1.0,1.0
2009-05-19 00:00:00,0.0,3.9712376e-33,1.0,2.0,0.89067346,1.0,1.0
2009-05-20 00:00:00,0.0,1.906e-42,1.0,2.0,0.89067346,1.0,1.0
2009-05-21 00:00:00,0.0,0.0,1.0,2.0,0.89067346,1.0,1.0
2009-05-22 00:00:00,0.0,1.2110728e-36,1.0,2.0,0.89067346,1.0,1.0
2009-05-25 00:00:00,0.0,0.0,1.0,2.0,0.89067346,1.0,1.0
2009-05-26 00:00:00,0.0,1.57e-43,1.0,2.0,0.89067346,1.0,1.0
2009-05-27 00:00:00,4.075e-42,4.0743547e-15,1.0,2.0,0.89067346,1.0,1.0
2009-05-28 00:00:00,0.0,1.7228836e-28,1.0,2.0,0.89067346,1.0,1.0
2009-05-29 00:00:00,0.0,0.0,1.0,2.0,0.89067346,1.0,1.0
2009-06-01 00:00:00,0.0,9.848146e-34,1.0,2.0,0.89067346,1.0,1.0
2009-06-02 00:00:00,0.0,0.0,1.0,2.0,0.89067346,1.0,1.0
2009-06-03 00:00:00,0.0,0.0,1.0,2.0,0.89067346,1.0,1.0
2009-06-04 00:00:00,0.0,1.2388885e-38,1.0,2.0,0.89067346,1.0,1.0
2009-06-05 00:00:00,1.2257092e-18,2.9975283e-05,0.99997,2.0,0.89064807,0.99997,0.99997
2009-06-08 00:00:00,9.6230367e-20,1.7321972e-05,0.99998266,2.0,0.8906588,0.99998266,0.99998266
2009-06-09 00:00:00,5.0536468e-23,1.1459266e-06,0.99999887,2.0,0.89067245,0.99999887,0.99999887
2009-06-10 00:00:00,2.4418076e-28,3.5097172e-09,1.0,2.0,0.89067346,1.0,1.0
2009-06-11 00:00:00,1.3658671e-32,2.0362833e-11,1.0,2.0,0.89067346,1.0,1.0
2009-06-12 00:00:00,2.8238832e-35,2.2864347e-13,1.0,2.0,0.89067346,1.0,1.0
2009-06-15 00:00:00,4.1618448e-13,8.020398e-05,0.9999198,2.0,0.8906056,0.9999198,0.9999198
2009-06-16 00:00:00,4.8147814e-10,3.9427447e-05,0.9999606,2.0,0.8906401,0.9999606,0.9999606
2009-06-17 00:00:00,9.2837876e-11,4.7313824e-05,0.9999527,2.0,0.8906334,0.9999527,0.9999527
2009-06-18 00:00:00,0.004766038,2.8664813e-15,0.99523395,2.0,0.88316333,0.9973812,0.99523395
2009-06-19 00:00:00,0.013334031,4.335694e-20,0.98666596,2.0,0.8696623,0.99267334,0.98666596
2009-06-22 00:00:00,0.79326653,0.0,0.20673348,0.0,-0.3593204,0.5641238,0.79326653
2009-06-23 00:00:00,0.00022434772,5.999019e-09,0.99977565,2.0,0.89031994,0.99987674,0.99977565
2009-06-24 00:00:00,1.035523e-07,1.1375017e-07,0.99999976,2.0,0.89067316,0.9999998,0.99999976
2009-06-25 00:00:00,1.145775e-05,3.038502e-09,0.99998856,2.0,0.8906554,0.9999937,0.99998856
2009-06-26 00:00:00,0.072300084,4.146502e-31,0.9276999,2.0,0.7767462,0.96027327,0.9276999
2009-06-29 00:00:00,0.33771995,5.766386e-34,0.6622801,2.0,0.35850948,0.814433,0.6622801
2009-06-30 00:00:00,0.9969688,0.0,0.0030311784,0.0,-0.68030536,0.45219547,0.9969688
2009-07-01 00:00:00,0.94404715,4.680353e-07,0.055952407,0.0,-0.5969141,0.4812739,0.94404715
2009-07-02 00:00:00,0.99997777,0.0,2.2253995e-05,0.0,-0.6850467,0.45054215,0.99997777
2009-07-03 00:00:00,0.9492705,2.4681858e-06,0.05072706,0.0,-0.6051465,0.4784018,0.9492705
2009-07-06 00:00:00,0.12773202,0.0003299365,0.87193805,2.0,0.68912005,0.92948514,0.87193805
2009-07-07 00:00:00,0.9463347,0.0,0.05366525,0.0,-0.60051847,0.4800174,0.9463347
2009-07-08 00:00:00,0.9945311,3.6986809e-37,0.0054688756,0.0,-0.67646414,0.4535349,0.9945311
2009-07-09 00:00:00,0.9977912,2.182636e-33,0.0022088087,0.0,-0.6816012,0.4517436,0.9977912
2009-07-10 00:00:00,0.99428207,1.2806338e-22,0.005717935,0.0,-0.6760717,0.45367175,0.99428207
2009-07-13 00:00:00,1.7856202e-07,0.91282415,0.087175675,1.0,0.11872655,0.08717575,0.91282415
2009-07-14 00:00:00,1.361782e-06,0.9612705,0.03872813,1.0,0.07775512,0.038728744,0.9612705
2009-07-15 00:00:00,0.0001115736,0.9834636,0.016424868,1.0,0.058813497,0.016475135,0.9834636
2009-07-16 00:00:00,1.7934928e-09,0.9895043,0.010495721,1.0,0.053880863,0.010495721,0.9895043
2009-07-17 00:00:00,3.7722432e-06,0.99241847,0.0075777303,1.0,0.051410455,0.00757943,0.99241847
2009-07-20 00:00:00,8.281777e-18,0.7946107,0.20538932,1.0,0.21869624,0.20538932,0.7946107
2009-07-21 00:00:00,6.629757e-05,0.99634033,0.0035933938,1.0,0.04799538,0.0036232627,0.99634033
2009-07-22 00:00:00,1.9467351e-11,0.99798137,0.0020186414,1.0,0.046712063,0.0020186414,0.99798137
2009-07-23 00:00:00,7.95865e-06,0.9996257,0.00036635046,1.0,0.045308962,0.00036993608,0.9996257
2009-07-24 00:00:00,1.522657e-05,0.99965423,0.0003305285,1.0,0.045273364,0.00033738854,0.99965423
2009-07-27 00:00:00,9.693667e-07,0.99948597,0.0005130397,1.0,0.04543812,0.00051347644,0.99948597
2009-07-28 00:00:00,0.0061205914,0.99366856,0.00021087343,1.0,0.04071473,0.002968383,0.99366856
2009-07-29 00:00:00,0.96794957,7.861502e-26,0.032050442,0.0,-0.6345781,0.4681407,0.96794957
2009-07-30 00:00:00,0.02168317,0.97588986,0.002426945,1.0,0.03122676,0.012195861,0.97588986
2009-07-31 00:00:00,1.1974837e-11,0.99442315,0.0055768667,1.0,0.049721144,0.0055768667,0.99442315
2009-08-03 00:00:00,1.0586342e-20,0.1961875,0.8038125,2.0,0.7247639,0.8038125,0.8038125
2009-08-04 00:00:00,5.3795204e-34,3.450375e-05,0.9999655,2.0,0.89064425,0.9999655,0.9999655
2009-08-05 00:00:00,3.215901e-38,2.6693526e-06,0.9999973,2.0,0.8906712,0.9999973,0.9999973
2009-08-06 00:00:00,2.4539111e-18,0.07118542,0.9288146,2.0,0.8304742,0.9288146,0.9288146
2009-08-07 00:00:00,2.0096075e-10,0.48995647,0.5100435,2.0,0.4763327,0.5100435,0.5100435
2009-08-10 00:00:00,6.678484e-05,0.9526783,0.047254875,1.0,0.08491816,0.047284964,0.9526783
2009-08-11 00:00:00,7.846301e-07,0.99535847,0.0046407483,1.0,0.048928924,0.0046411017,0.99535847
2009-08-12 00:00:00,7.167291e-05,0.99862427,0.001304051,1.0,0.04605543,0.0013363417,0.99862427
2009-08-13 00:00:00,1.8608394e-05,0.9986506,0.0013307729,1.0,0.04611677,0.0013391565,0.9986506
2009-08-14 00:00:00,0.00045731763,0.998077,0.0014657188,1.0,0.045910593,0.001671754,0.998077
2009-08-17 00:00:00,0.9417282,1.6305925e-17,0.058271818,0.0,-0.59325963,0.48254856,0.9417282
2009-08-18 00:00:00,0.9898343,2.1849267e-11,0.010165702,0.0,-0.6690631,0.4561157,0.9898343
2009-08-19 00:00:00,0.85327506,0.14059949,0.0061254296,0.0,-0.5727798,0.3905514,0.85327506
2009-08-20 00:00:00,0.0646061,0.92875963,0.0066342903,1.0,0.003447319,0.03574127,0.92875963
2009-08-21 00:00:00,0.00019296912,0.9966079,0.0031991375,1.0,0.047569487,0.003286076,0.9966079
2009-08-24 00:00:00,0.03675116,0.95659226,0.0066566053,1.0,0.02380271,0.023214102,0.95659226
2009-08-25 00:00:00,2.952362e-05,0.9979537,0.0020167448,1.0,0.046688907,0.0020300462,0.9979537
2009-08-26 00:00:00,4.5558464e-09,0.9983058,0.0016942031,1.0,0.046437692,0.0016942051,0.9983058
2009-08-27 00:00:00,4.89228e-13,0.9925236,0.0074764183,1.0,0.051327534,0.0074764183,0.9925236
2009-08-28 00:00:00,0.009173112,0.99048436,0.00034255302,1.0,0.038597483,0.0044753146,0.99048436
2009-08-31 00:00:00,0.9685132,3.1342847e-07,0.031486485,0.0,-0.6354665,0.46783066,0.9685132
2009-09-01 00:00:00,0.9998231,0.0,0.0001768875,0.0,-0.684803,0.45062712,0.9998231
2009-09-02 00:00:00,0.9993424,1.6957824e-29,0.0006576215,0.0,-0.6840455,0.4508913,0.9993424
2009-09-03 00:00:00,0.9989704,5.312848e-21,0.0010296346,0.0,-0.68345934,0.45109567,0.9989704
2009-09-04 00:00:00,0.07958451,0.9201769,0.00023855397,1.0,-0.012896894,0.036093757,0.9201769
2009-09-07 00:00:00,3.2595156e-07,0.99969447,0.00030519135,1.0,0.045262817,0.00030533818,0.99969447
2009-09-08 00:00:00,2.263962e-16,0.9851587,0.014841345,1.0,0.05755582,0.014841345,0.9851587
2009-09-09 00:00:00,3.461267e-15,0.98988813,0.01011189,1.0,0.05355627,0.01011189,0.98988813
2009-09-10 00:00:00,9.848585e-14,0.99548167,0.0045183236,1.0,0.048825968,0.0045183236,0.99548167
2009-09-11 00:00:00,7.4649e-19,0.98690903,0.01309099,1.0,0.0560756,0.01309099,0.98690903
2009-09-14 00:00:00,1.2251527e-36,0.3966445,0.60335547,2.0,0.5552437,0.60335547,0.60335547
2009-09-15 00:00:00,2.0762114e-38,0.017707733,0.9822923,2.0,0.87569857,0.9822923,0.9822923
2009-09-16 00:00:00,1.4255112e-29,0.036513638,0.9634864,2.0,0.85979503,0.9634864,0.9634864
2009-09-17 00:00:00,4.2701685e-31,0.02810871,0.9718913,2.0,0.86690277,0.9718913,0.9718913
2009-09-18 00:00:00,2.411425e-21,0.17491478,0.8250852,2.0,0.7427535,0.8250852,0.8250852
2009-09-21 00:00:00,1.5210322e-22,0.30872643,0.69127357,2.0,0.62959325,0.69127357,0.69127357
2009-09-22 00:00:00,1.974116e-35,0.024899626,0.9751004,2.0,0.8696166,0.9751004,0.9751004
2009-09-23 00:00:00,1.0081735e-31,0.006271355,0.99372864,2.0,0.88536996,0.99372864,0.99372864
2009-09-24 00:00:00,3.508967e-11,0.6560069,0.3439931,1.0,0.3359091,0.3439931,0.6560069
2009-09-25 00:00:00,2.895659e-20,0.81167054,0.18832946,1.0,0.20426925,0.18832946,0.81167054
2009-09-28 00:00:00,4.867965e-12,0.9886981,0.0113018975,1.0,0.05456262,0.0113018975,0.9886981
2009-09-29 00:00:00,8.118283e-21,0.975785,0.024214953,1.0,0.06548279,0.024214953,0.975785
2009-09-30 00:00:00,2.3279079e-20,0.973366,0.026634002,1.0,0.0675285,0.026634002,0.973366
2009-10-01 00:00:00,2.4033922e-10,0.99852026,0.0014797268,1.0,0.046256322,0.0014797269,0.99852026
2009-10-02 00:00:00,1.3084716e-11,0.99850154,0.0014984877,1.0,0.04627219,0.0014984877,0.99850154
2009-10-05 00:00:00,4.5794142e-14,0.9957211,0.0042789266,1.0,0.048623517,0.0042789266,0.9957211
2009-10-06 00:00:00,1.2671225e-07,0.9997228,0.00027707036,1.0,0.04523918,0.00027712746,0.9997228
2009-10-07 00:00:00,1.687736e-05,0.9999009,8.2236525e-05,1.0,0.045062184,8.984028e-05,0.9999009
2009-10-08 00:00:00,1.7751942e-06,0.99985635,0.00014186793,1.0,0.04512364,0.0001426677,0.99985635
2009-10-09 00:00:00,3.2148782e-05,0.9998951,7.276143e-05,1.0,0.045043025,8.7245426e-05,0.9998951
2009-10-12 00:00:00,5.889063e-05,0.99988073,6.0406703e-05,1.0,0.04501305,8.693869e-05,0.99988073
2009-10-13 00:00:00,7.121385e-06,0.99988335,0.00010955016,1.0,0.045092408,0.00011275855,0.99988335
2009-10-14 00:00:00,1.1390584e-07,0.99969155,0.00030834955,1.0,0.04526564,0.00030840086,0.99969155
2009-10-15 00:00:00,1.2589763e-07,0.9996853,0.00031460854,1.0,0.045270927,0.00031466526,0.9996853
2009-10-16 00:00:00,2.417498e-06,0.9998075,0.00019012354,1.0,0.045163978,0.00019121269,0.9998075
2009-10-19 00:00:00,2.3769564e-10,0.99815035,0.0018496611,1.0,0.04656916,0.0018496612,0.99815035
2009-10-20 00:00:00,0.0005462671,0.99941707,3.6650243e-05,1.0,0.044637136,0.0002827599,0.99941707
2009-10-21 00:00:00,1.5653455e-10,0.99839956,0.0016004606,1.0,0.04635842,0.0016004607,0.99839956
2009-10-22 00:00:00,2.7244139e-18,0.97661215,0.023387844,1.0,0.06478333,0.023387844,0.97661215
2009-10-23 00:00:00,5.1485937e-13,0.99369574,0.0063042874,1.0,0.0503363,0.0063042874,0.99369574
2009-10-26 00:00:00,2.5695748e-08,0.99927855,0.00072140957,1.0,0.045615017,0.00072142115,0.99927855
2009-10-27 00:00:00,8.608163e-08,0.9995441,0.00045583938,1.0,0.04539039,0.00045587815,0.9995441
2009-10-28 00:00:00,0.0029721323,0.9970001,2.778515e-05,1.0,0.042858545,0.0013668196,0.9970001
2009-10-29 00:00:00,5.645522e-13,0.99465257,0.005347414,1.0,0.0495271,0.005347414,0.99465257
2009-10-30 00:00:00,7.6654265e-05,0.9998045,0.00011887709,1.0,0.04504953,0.00015341213,0.9998045
2009-11-02 00:00:00,0.00043322725,0.99951065,5.6130146e-05,1.0,0.044736136,0.00025131198,0.99951065
2009-11-03 00:00:00,0.006519938,0.9934677,1.238725e-05,1.0,0.04025532,0.0029498143,0.9934677
2009-11-04 00:00:00,3.8973623e-05,0.99979377,0.00016725954,1.0,0.045117956,0.00018481832,0.99979377
2009-11-05 00:00:00,0.0006683614,0.99925125,8.041021e-05,1.0,0.044585,0.000381527,0.99925125
2009-11-06 00:00:00,0.0003382224,0.99957204,8.9738314e-05,1.0,0.04483392,0.00024211763,0.99957204
2009-11-09 00:00:00,1.2863195e-07,0.99930626,0.0006936261,1.0,0.045591448,0.00069368404,0.99930626
2009-11-10 00:00:00,5.086397e-05,0.9996741,0.00027505116,1.0,0.04520043,0.0002979669,0.9996741
2009-11-11 00:00:00,0.006467832,0.99341965,0.00011249399,1.0,0.040378015,0.0030264459,0.99341965
2009-11-12 00:00:00,0.9510723,9.342075e-14,0.048927702,0.0,-0.6079837,0.47741425,0.9510723
2009-11-13 00:00:00,0.928121,0.07072409,0.001154939,0.0,-0.63162714,0.4193012,0.928121
2009-11-16 00:00:00,0.779057,0.2206847,0.0002582865,0.0,-0.5235558,0.35124677,0.779057
2009-11-17 00:00:00,0.99777585,3.8584497e-07,0.002223747,0.0,-0.6815774,0.45175165,0.99777585
2009-11-18 00:00:00,0.9986683,1.4135799e-08,0.0013316902,0.0,-0.68298334,0.45126164,0.9986683
2009-11-19 00:00:00,0.99883384,1.2591329e-23,0.0011661876,0.0,-0.68324417,0.4511707,0.99883384
2009-11-20 00:00:00,0.9992206,1.4373258e-30,0.0007793854,0.0,-0.6838536,0.4509582,0.9992206
2009-11-23 00:00:00,0.18184,0.8169845,0.0011755166,1.0,-0.08675991,0.08309988,0.8169845
2009-11-24 00:00:00,0.0001327559,0.99942046,0.000446773,1.0,0.045285862,0.0005065835,0.99942046
2009-11-25 00:00:00,5.105621e-19,0.79774404,0.202256,1.0,0.21604648,0.202256,0.79774404
2009-11-26 00:00:00,0.00010833962,0.991494,0.008397669,1.0,0.05202751,0.008446478,0.991494
2009-11-27 00:00:00,1.1078741e-10,0.99663407,0.00336593,1.0,0.047851425,0.00336593,0.99663407
2009-11-30 00:00:00,1.710984e-10,0.9972394,0.0027606036,1.0,0.047339518,0.0027606036,0.9972394
2009-12-01 00:00:00,3.0837164e-16,0.97429717,0.02570283,1.0,0.066741034,0.02570283,0.97429717
2009-12-02 00:00:00,3.2490982e-07,0.999,0.0009996617,1.0,0.04585011,0.0009998081,0.999
2009-12-03 00:00:00,9.514558e-07,0.9994567,0.00054234074,1.0,0.04546291,0.0005427694,0.9994567
2009-12-04 00:00:00,0.18321088,0.8095604,0.0072287163,1.0,-0.08264177,0.089770705,0.8095604
2009-12-07 00:00:00,0.9940758,1.9000387e-38,0.0059242453,0.0,-0.6757466,0.45378512,0.9940758
2009-12-08 00:00:00,0.9999998,0.0,1.5203683e-07,0.0,-0.68508154,0.45053002,0.9999998
2009-12-09 00:00:00,0.9999946,0.0,5.4507836e-06,0.0,-0.6850732,0.4505329,0.9999946
2009-12-10 00:00:00,0.9991307,7.2622375e-26,0.0008692928,0.0,-0.68371195,0.45100757,0.9991307
2009-12-11 00:00:00,0.9999998,0.0,1.8614905e-07,0.0,-0.6850815,0.45053002,0.9999998
2009-12-14 00:00:00,1.0,0.0,6.616518e-09,0.0,-0.6850818,0.45052993,1.0
2009-12-15 00:00:00,1.0,0.0,1.2638817e-09,0.0,-0.6850818,0.45052993,1.0
2009-12-16 00:00:00,1.0,0.0,3.7305186e-15,0.0,-0.6850818,0.45052993,1.0
2009-12-17 00:00:00,1.0,0.0,2.4950386e-25,0.0,-0.6850818,0.45052993,1.0
2009-12-18 00:00:00,1.0,0.0,2.9371558e-22,0.0,-0.6850818,0.45052993,1.0
2009-12-21 00:00:00,1.0,0.0,2.8617756e-36,0.0,-0.6850818,0.45052993,1.0
2009-12-22 00:00:00,1.0,0.0,1.29678e-40,0.0,-0.6850818,0.45052993,1.0
2009-12-23 00:00:00,1.0,0.0,0.0,0.0,-0.6850818,0.45052993,1.0
2009-12-24 00:00:00,1.0,0.0,2.415953e-30,0.0,-0.6850818,0.45052993,1.0
2009-12-25 00:00:00,1.0,0.0,1.735763e-32,0.0,-0.6850818,0.45052993,1.0
2009-12-28 00:00:00,1.0,0.0,4.52391e-40,0.0,-0.6850818,0.45052993,1.0
2009-12-29 00:00:00,1.0,0.0,0.0,0.0,-0.6850818,0.45052993,1.0
2009-12-30 00:00:00,1.0,0.0,0.0,0.0,-0.6850818,0.45052993,1.0
2009-12-31 00:00:00,1.0,0.0,0.0,0.0,-0.6850818,0.45052993,1.0
2010-01-01 00:00:00,1.0,0.0,5.747395e-29,0.0,-0.6850818,0.45052993,1.0
2010-01-04 00:00:00,1.0,0.0,1.0734844e-16,0.0,-0.6850818,0.45052993,1.0
2010-01-05 00:00:00,1.0,0.0,4.8103528e-11,0.0,-0.6850818,0.45052993,1.0
2010-01-06 00:00:00,1.0,0.0,1.6895867e-11,0.0,-0.6850818,0.45052993,1.0
2010-01-07 00:00:00,1.0,0.0,2.5048985e-16,0.0,-0.6850818,0.45052993,1.0
2010-01-08 00:00:00,0.9999582,0.0,4.176176e-05,0.0,-0.685016,0.45055288,0.9999582
2010-01-11 00:00:00,0.99954635,1.9721739e-33,0.00045367226,0.0,-0.6843669,0.4507792,0.99954635
2010-01-12 00:00:00,0.99955314,1.5454225e-06,0.00044529786,0.0,-0.684379,0.45077392,0.99955314
2010-01-13 00:00:00,0.5210703,0.47891885,1.0830438e-05,0.0,-0.33541238,0.2347686,0.5210703
2010-01-14 00:00:00,0.00036912318,0.9994969,0.00013402206,1.0,0.04484881,0.00030032312,0.9994969
2010-01-15 00:00:00,0.0055783116,0.9944167,4.9696055e-06,1.0,0.040936515,0.002518166,0.9944167
2010-01-18 00:00:00,0.0003505243,0.99961686,3.2593645e-05,1.0,0.044776615,0.00019051533,0.99961686
2010-01-19 00:00:00,0.0059517347,0.99404275,5.5047244e-06,1.0,0.040664334,0.0026869392,0.99404275
2010-01-20 00:00:00,0.99934655,0.0,0.00065342366,0.0,-0.6840521,0.45088896,0.99934655
2010-01-21 00:00:00,0.99999994,0.0,7.351196e-08,0.0,-0.68508166,0.45052996,0.99999994
2010-01-22 00:00:00,0.9999969,0.0,3.0763404e-06,0.0,-0.6850769,0.45053163,0.9999969
2010-01-25 00:00:00,0.9999897,0.0,1.0306737e-05,0.0,-0.6850655,0.4505356,0.9999897
2010-01-26 00:00:00,0.99999905,0.0,9.3012505e-07,0.0,-0.6850803,0.45053044,0.99999905
2010-01-27 00:00:00,1.0,0.0,8.613564e-09,0.0,-0.6850818,0.45052993,1.0
2010-01-28 00:00:00,1.0,0.0,1.8885327e-11,0.0,-0.6850818,0.45052993,1.0
2010-01-29 00:00:00,1.0,0.0,8.005557e-18,0.0,-0.6850818,0.45052993,1.0
2010-02-01 00:00:00,1.0,0.0,1.7508953e-20,0.0,-0.6850818,0.45052993,1.0
2010-02-02 00:00:00,1.0,0.0,1.547607e-12,0.0,-0.6850818,0.45052993,1.0
2010-02-03 00:00:00,1.0,0.0,3.6040563e-20,0.0,-0.6850818,0.45052993,1.0
2010-02-04 00:00:00,1.0,0.0,2.0554278e-26,0.0,-0.6850818,0.45052993,1.0
2010-02-05 00:00:00,1.0,0.0,5.04e-43,0.0,-0.6850818,0.45052993,1.0
2010-02-08 00:00:00,1.0,0.0,0.0,0.0,-0.6850818,0.45052993,1.0
2010-02-09 00:00:00,1.0,0.0,1.1437192e-38,0.0,-0.6850818,0.45052993,1.0
2010-02-10 00:00:00,1.0,0.0,0.0,0.0,-0.6850818,0.45052993,1.0
2010-02-11 00:00:00,1.0,0.0,0.0,0.0,-0.6850818,0.45052993,1.0
2010-02-12 00:00:00,1.0,0.0,0.0,0.0,-0.6850818,0.45052993,1.0
2010-02-15 00:00:00,1.0,0.0,0.0,0.0,-0.6850818,0.45052993,1.0
2010-02-16 00:00:00,1.0,0.0,4.0461105e-22,0.0,-0.6850818,0.45052993,1.0
2010-02-17 00:00:00,1.0,0.0,2.4995976e-21,0.0,-0.6850818,0.45052993,1.0
2010-02-18 00:00:00,1.0,0.0,2.7406898e-32,0.0,-0.6850818,0.45052993,1.0
2010-02-19 00:00:00,1.0,0.0,3.29759e-22,0.0,-0.6850818,0.45052993,1.0
2010-02-22 00:00:00,1.0,0.0,2.4700775e-23,0.0,-0.6850818,0.45052993,1.0
2010-02-23 00:00:00,1.0,0.0,1.0813957e-24,0.0,-0.6850818,0.45052993,1.0
2010-02-24 00:00:00,1.0,0.0,7.809835e-20,0.0,-0.6850818,0.45052993,1.0
2010-02-25 00:00:00,1.0,0.0,4.7599414e-16,0.0,-0.6850818,0.45052993,1.0
2010-02-26 00:00:00,0.999998,0.0,2.0498478e-06,0.0,-0.68507856,0.45053107,0.999998
2010-03-01 00:00:00,1.0,0.0,3.898965e-12,0.0,-0.6850818,0.45052993,1.0
2010-03-02 00:00:00,1.0,0.0,1.0012636e-11,0.0,-0.6850818,0.45052993,1.0
2010-03-03 00:00:00,0.9999763,0.0,2.3711202e-05,0.0,-0.6850444,0.45054296,0.9999763
2010-03-04 00:00:00,0.99978733,1.027e-42,0.00021269418,0.0,-0.6847466,0.4506468,0.99978733
2010-03-05 00:00:00,0.9968012,1.2974925e-10,0.0031987869,0.0,-0.68004125,0.45228755,0.9968012
2010-03-08 00:00:00,0.99611545,8.340714e-08,0.003884452,0.0,-0.67896074,0.4526643,0.99611545
2010-03-09 00:00:00,0.9998795,0.0,0.00012054074,0.0,-0.6848918,0.45059615,0.9998795
2010-03-10 00:00:00,0.9988045,1.0541329e-22,0.0011954618,0.0,-0.68319803,0.4511868,0.9988045
2010-03-11 00:00:00,0.98967624,0.00935029,0.00097350316,0.0,-0.6767212,0.44685227,0.98967624
2010-03-12 00:00:00,0.0036815477,0.98496366,0.01135481,1.0,0.05191952,0.013013458,0.98496366
2010-03-15 00:00:00,0.0038867004,0.98753554,0.008577793,1.0,0.049421303,0.0103288675,0.98753554
2010-03-16 00:00:00,0.11454535,0.88164645,0.0038081848,1.0,-0.035402615,0.055414293,0.88164645
2010-03-17 00:00:00,0.00013079894,0.99946785,0.00040137809,1.0,0.0452489,0.0004603069,0.99946785
2010-03-18 00:00:00,8.339068e-06,0.999675,0.00031671242,1.0,0.04526671,0.00032046944,0.999675
2010-03-19 00:00:00,0.96319866,4.7983097e-09,0.03680135,0.0,-0.6270918,0.47075117,0.96319866
2010-03-22 00:00:00,0.99776554,0.0007881504,0.0014463231,0.0,-0.6822273,0.45096955,0.99776554
2010-03-23 00:00:00,0.99938434,1.2256229e-06,0.00061441044,0.0,-0.6841127,0.45086697,0.99938434
2010-03-24 00:00:00,0.9999756,0.0,2.4370953e-05,0.0,-0.6850434,0.4505433,0.9999756
2010-03-25 00:00:00,0.99999315,0.0,6.866128e-06,0.0,-0.68507093,0.45053372,0.99999315
2010-03-26 00:00:00,0.9999859,0.0,1.4120734e-05,0.0,-0.6850595,0.45053768,0.9999859
2010-03-29 00:00:00,0.99885815,5.4419188e-11,0.0011418686,0.0,-0.68328243,0.45115736,0.99885815
2010-03-30 00:00:00,0.99990386,0.0,9.615241e-05,0.0,-0.68493026,0.45058277,0.99990386
2010-03-31 00:00:00,0.9998396,1e-45,0.00016042266,0.0,-0.684829,0.4506181,0.9998396
2010-04-01 00:00:00,0.84073794,0.15911353,0.00014851302,0.0,-0.56868106,0.37892613,0.84073794
2010-04-02 00:00:00,0.9985851,9.857385e-24,0.0014148733,0.0,-0.68285227,0.45130736,0.9985851
2010-04-05 00:00:00,0.9994819,1.060834e-33,0.00051810214,0.0,-0.6842654,0.4508146,0.9994819
2010-04-06 00:00:00,0.99998397,0.0,1.6023436e-05,0.0,-0.6850565,0.45053872,0.99998397
2010-04-07 00:00:00,1.0,0.0,1.741781e-08,0.0,-0.6850817,0.45052993,1.0
2010-04-08 00:00:00,1.0,0.0,2.3769875e-08,0.0,-0.6850817,0.45052993,1.0
2010-04-09 00:00:00,0.99999946,0.0,5.606297e-07,0.0,-0.6850809,0.45053023,0.99999946
2010-04-12 00:00:00,0.99869657,5.7713204e-16,0.0013034422,0.0,-0.68302786,0.45124614,0.99869657
2010-04-13 00:00:00,0.9995698,3.3994616e-36,0.00043023712,0.0,-0.68440384,0.45076632,0.9995698
2010-04-14 00:00:00,0.99871016,1.09259e-13,0.0012898351,0.0,-0.6830493,0.45123866,0.99871016
2010-04-15 00:00:00,0.99908376,1.6969922e-06,0.0009145491,0.0,-0.6836394,0.45103168,0.99908376
2010-04-16 00:00:00,0.99884236,0.000620554,0.00053711527,0.0,-0.68378234,0.4505455,0.99884236
2010-04-19 00:00:00,0.99886596,1.3522683e-13,0.0011340465,0.0,-0.6832948,0.45115307,0.99886596
2010-04-20 00:00:00,0.9993239,6.7324786e-06,0.00066933874,0.0,-0.6840221,0.45089468,0.9993239
2010-04-21 00:00:00,0.4514521,0.5484387,0.000109161,1.0,-0.2845019,0.20350185,0.5484387
2010-04-22 00:00:00,0.99384147,1.218799e-12,0.0061585456,0.0,-0.6753774,0.45391387,0.99384147
2010-04-23 00:00:00,0.99843585,8.566695e-05,0.0014784711,0.0,-0.6826895,0.45130372,0.99843585
2010-04-26 00:00:00,0.9986485,1.2974676e-18,0.0013514474,0.0,-0.6829522,0.45127252,0.9986485
2010-04-27 00:00:00,0.99999976,0.0,2.6055355e-07,0.0,-0.68508136,0.45053008,0.99999976
2010-04-28 00:00:00,1.0,0.0,7.880543e-11,0.0,-0.6850818,0.45052993,1.0
2010-04-29 00:00:00,1.0,0.0,3.070985e-11,0.0,-0.6850818,0.45052993,1.0
2010-04-30 00:00:00,0.99999243,0.0,7.5521775e-06,0.0,-0.68506986,0.45053408,0.99999243
2010-05-03 00:00:00,0.99999994,0.0,3.0738924e-08,0.0,-0.6850817,0.45052996,0.99999994
2010-05-04 00:00:00,1.0,0.0,2.9056216e-16,0.0,-0.6850818,0.45052993,1.0
2010-05-05 00:00:00,1.0,0.0,3.874804e-25,0.0,-0.6850818,0.45052993,1.0
2010-05-06 00:00:00,1.0,0.0,3.1e-44,0.0,-0.6850818,0.45052993,1.0
2010-05-07 00:00:00,1.0,0.0,0.0,0.0,-0.6850818,0.45052993,1.0
2010-05-10 00:00:00,1.0,0.0,0.0,0.0,-0.6850818,0.45052993,1.0
2010-05-11 00:00:00,1.0,0.0,0.0,0.0,-0.6850818,0.45052993,1.0
2010-05-12 00:00:00,1.0,0.0,0.0,0.0,-0.6850818,0.45052993,1.0
2010-05-13 00:00:00,1.0,0.0,0.0,0.0,-0.6850818,0.45052993,1.0
2010-05-14 00:00:00,1.0,0.0,0.0,0.0,-0.6850818,0.45052993,1.0
2010-05-17 00:00:00,1.0,0.0,0.0,0.0,-0.6850818,0.45052993,1.0
2010-05-18 00:00:00,1.0,0.0,0.0,0.0,-0.6850818,0.45052993,1.0
2010-05-19 00:00:00,1.0,0.0,0.0,0.0,-0.6850818,0.45052993,1.0
2010-05-20 00:00:00,1.0,0.0,4e-45,0.0,-0.6850818,0.45052993,1.0
2010-05-21 00:00:00,1.0,0.0,0.0,0.0,-0.6850818,0.45052993,1.0
2010-05-24 00:00:00,1.0,0.0,0.0,0.0,-0.6850818,0.45052993,1.0
2010-05-25 00:00:00,1.0,0.0,0.0,0.0,-0.6850818,0.45052993,1.0
2010-05-26 00:00:00,1.0,0.0,0.0,0.0,-0.6850818,0.45052993,1.0
2010-05-27 00:00:00,1.0,0.0,0.0,0.0,-0.6850818,0.45052993,1.0
2010-05-28 00:00:00,1.0,0.0,0.0,0.0,-0.6850818,0.45052993,1.0
2010-05-31 00:00:00,1.0,0.0,0.0,0.0,-0.6850818,0.45052993,1.0
2010-06-01 00:00:00,1.0,0.0,0.0,0.0,-0.6850818,0.45052993,1.0
2010-06-02 00:00:00,1.0,0.0,1.05182315e-35,0.0,-0.6850818,0.45052993,1.0
2010-06-03 00:00:00,1.0,0.0,6.618699e-28,0.0,-0.6850818,0.45052993,1.0
2010-06-04 00:00:00,1.0,0.0,0.0,0.0,-0.6850818,0.45052993,1.0
2010-06-07 00:00:00,1.0,0.0,0.0,0.0,-0.6850818,0.45052993,1.0
2010-06-08 00:00:00,1.0,0.0,0.0,0.0,-0.6850818,0.45052993,1.0
2010-06-09 00:00:00,1.0,0.0,0.0,0.0,-0.6850818,0.45052993,1.0
2010-06-10 00:00:00,1.0,0.0,3.9089494e-22,0.0,-0.6850818,0.45052993,1.0
2010-06-11 00:00:00,1.0,0.0,3.2523127e-11,0.0,-0.6850818,0.45052993,1.0
2010-06-14 00:00:00,0.9999991,0.0,9.1367275e-07,0.0,-0.68508035,0.45053044,0.9999991
2010-06-15 00:00:00,3.1703797e-09,1.6948667e-05,0.9999831,2.0,0.8906591,0.9999831,0.9999831
2010-06-16 00:00:00,0.05914157,1.6196896e-32,0.9408584,2.0,0.7974808,0.9675035,0.9408584
2010-06-17 00:00:00,0.9608767,0.0,0.039123323,0.0,-0.623433,0.47202703,0.9608767
2010-06-18 00:00:00,0.9999865,0.0,1.3449238e-05,0.0,-0.68506056,0.45053732,0.9999865
2010-06-21 00:00:00,0.98861146,5.8038125e-08,0.0113885,0.0,-0.66713625,0.45678756,0.98861146
2010-06-22 00:00:00,0.99061394,1.5265379e-20,0.009386043,0.0,-0.67029166,0.45568728,0.99061394
2010-06-23 00:00:00,0.002810149,0.64773273,0.34945711,1.0,0.33847818,0.35072315,0.64773273
2010-06-24 00:00:00,0.4834948,0.00010295719,0.51640224,2.0,0.12871695,0.7342311,0.51640224
2010-06-25 00:00:00,0.013675471,0.6232703,0.36305428,1.0,0.34204423,0.3692155,0.6232703
2010-06-28 00:00:00,0.19516143,0.67044777,0.13439079,1.0,0.01617024,0.22231685,0.67044777
2010-06-29 00:00:00,0.8694549,3.2253952e-12,0.13054508,0.0,-0.47937468,0.52226055,0.8694549
2010-06-30 00:00:00,0.9658963,7.0861756e-06,0.034096617,0.0,-0.63134867,0.4692618,0.9658963
2010-07-01 00:00:00,6.7077865e-21,0.007435622,0.9925644,2.0,0.88438535,0.9925644,0.9925644
2010-07-02 00:00:00,0.0,1.5814361e-13,1.0,2.0,0.89067346,1.0,1.0
2010-07-05 00:00:00,0.0,1.5166007e-13,1.0,2.0,0.89067346,1.0,1.0
2010-07-06 00:00:00,0.0,4.869005e-21,1.0,2.0,0.89067346,1.0,1.0
2010-07-07 00:00:00,0.0,2.3487282e-17,1.0,2.0,0.89067346,1.0,1.0
2010-07-08 00:00:00,0.0,1.9307624e-10,1.0,2.0,0.89067346,1.0,1.0
2010-07-09 00:00:00,0.0,6.6021183e-10,1.0,2.0,0.89067346,1.0,1.0
2010-07-12 00:00:00,2.733512e-28,0.0004222493,0.99957776,2.0,0.89031637,0.99957776,0.99957776
2010-07-13 00:00:00,1.2812422e-29,0.00023910962,0.99976087,2.0,0.8904712,0.99976087,0.99976087
2010-07-14 00:00:00,2.2279703e-33,3.5092533e-05,0.9999649,2.0,0.8906438,0.9999649,0.9999649
2010-07-15 00:00:00,0.0,2.7133789e-09,1.0,2.0,0.89067346,1.0,1.0
2010-07-16 00:00:00,0.0,6.767397e-10,1.0,2.0,0.89067346,1.0,1.0
2010-07-19 00:00:00,0.0,1.9804345e-12,1.0,2.0,0.89067346,1.0,1.0
2010-07-20 00:00:00,0.0,2.1861198e-13,1.0,2.0,0.89067346,1.0,1.0
2010-07-21 00:00:00,1.6822591e-36,5.248499e-07,0.99999946,2.0,0.890673,0.99999946,0.99999946
2010-07-22 00:00:00,0.0,1.9130866e-14,1.0,2.0,0.89067346,1.0,1.0
2010-07-23 00:00:00,0.0,1.3877652e-11,1.0,2.0,0.89067346,1.0,1.0
2010-07-26 00:00:00,0.0,2.6919915e-22,1.0,2.0,0.89067346,1.0,1.0
2010-07-27 00:00:00,0.0,7.0053554e-28,1.0,2.0,0.89067346,1.0,1.0
2010-07-28 00:00:00,0.0,8.1201606e-23,1.0,2.0,0.89067346,1.0,1.0
2010-07-29 00:00:00,0.0,3.3532163e-07,0.99999964,2.0,0.89067316,0.99999964,0.99999964
2010-07-30 00:00:00,3.24977e-40,8.76191e-05,0.9999124,2.0,0.89059937,0.9999124,0.9999124
2010-08-02 00:00:00,0.0,1.737005e-11,1.0,2.0,0.89067346,1.0,1.0
2010-08-03 00:00:00,0.0,2.3348156e-07,0.99999976,2.0,0.8906732,0.99999976,0.99999976
2010-08-04 00:00:00,4e-45,4.4167302e-07,0.9999996,2.0,0.89067304,0.9999996,0.9999996
2010-08-05 00:00:00,6.53665e-40,2.2937815e-05,0.99997705,2.0,0.890654,0.99997705,0.99997705
2010-08-06 00:00:00,0.0,1.0694532e-10,1.0,2.0,0.89067346,1.0,1.0
2010-08-09 00:00:00,0.0,7.330136e-11,1.0,2.0,0.89067346,1.0,1.0
2010-08-10 00:00:00,6.819629e-32,0.00012353269,0.99987644,2.0,0.890569,0.99987644,0.99987644
2010-08-11 00:00:00,4.477607e-07,8.2179926e-05,0.9999174,2.0,0.89060324,0.99991757,0.9999174
2010-08-12 00:00:00,0.04293203,1.964518e-21,0.95706797,2.0,0.8230231,0.97641015,0.95706797
2010-08-13 00:00:00,0.98503655,0.0,0.014963459,0.0,-0.661503,0.45875192,0.98503655
2010-08-16 00:00:00,0.99890655,5.9635e-41,0.0010934498,0.0,-0.6833588,0.45113075,0.99890655
2010-08-17 00:00:00,0.9846678,7.4542456e-12,0.015332223,0.0,-0.66092193,0.45895454,0.9846678
2010-08-18 00:00:00,0.87192404,0.0022742169,0.12580174,0.0,-0.48518863,0.5186296,0.87192404
2010-08-19 00:00:00,0.9824953,1.0232087e-28,0.017504668,0.0,-0.6574987,0.46014822,0.9824953
2010-08-20 00:00:00,0.99999243,0.0,7.56107e-06,0.0,-0.68506986,0.45053408,0.99999243
2010-08-23 00:00:00,1.0,0.0,2.1672847e-14,0.0,-0.6850818,0.45052993,1.0
2010-08-24 00:00:00,1.0,0.0,2.289991e-14,0.0,-0.6850818,0.45052993,1.0
2010-08-25 00:00:00,1.0,0.0,2.0817757e-12,0.0,-0.6850818,0.45052993,1.0
2010-08-26 00:00:00,1.0,0.0,4.4050368e-15,0.0,-0.6850818,0.45052993,1.0
2010-08-27 00:00:00,1.0,0.0,2.9591782e-10,0.0,-0.6850818,0.45052993,1.0
2010-08-30 00:00:00,1.0,0.0,7.431875e-27,0.0,-0.6850818,0.45052993,1.0
2010-08-31 00:00:00,1.0,0.0,2.477819e-31,0.0,-0.6850818,0.45052993,1.0
2010-09-01 00:00:00,1.0,0.0,1.2390717e-14,0.0,-0.6850818,0.45052993,1.0
2010-09-02 00:00:00,1.0,0.0,5.138786e-15,0.0,-0.6850818,0.45052993,1.0
2010-09-03 00:00:00,1.0,0.0,4.667525e-16,0.0,-0.6850818,0.45052993,1.0
2010-09-06 00:00:00,1.0,0.0,3.5284342e-17,0.0,-0.6850818,0.45052993,1.0
2010-09-07 00:00:00,1.0,0.0,1.6883374e-22,0.0,-0.6850818,0.45052993,1.0
2010-09-08 00:00:00,0.99935037,2.7609594e-27,0.0006496352,0.0,-0.6840581,0.45088688,0.99935037
2010-09-09 00:00:00,0.99980146,8e-45,0.00019856,0.0,-0.6847689,0.45063904,0.99980146
2010-09-10 00:00:00,0.99920774,1.9549498e-10,0.00079225417,0.0,-0.68383336,0.45096526,0.99920774
2010-09-13 00:00:00,0.64062274,0.35750812,0.0018691525,0.0,-0.4211245,0.29048887,0.64062274
2010-09-14 00:00:00,0.000492906,0.9958595,0.0036475898,1.0,0.04772975,0.0038696586,0.9958595
2010-09-15 00:00:00,4.1428955e-10,0.9958851,0.004114903,1.0,0.048484806,0.004114903,0.9958851
2010-09-16 00:00:00,1.4308036e-12,0.98927176,0.010728213,1.0,0.054077473,0.010728213,0.98927176
2010-09-17 00:00:00,2.3234345e-19,0.9237356,0.0762644,1.0,0.109499365,0.0762644,0.9237356
2010-09-20 00:00:00,3.8593127e-30,0.26104102,0.738959,2.0,0.6699193,0.738959,0.738959
2010-09-21 00:00:00,0.0,3.6169962e-12,1.0,2.0,0.89067346,1.0,1.0
2010-09-22 00:00:00,0.0,1.6329491e-19,1.0,2.0,0.89067346,1.0,1.0
2010-09-23 00:00:00,0.0,1.6054603e-13,1.0,2.0,0.89067346,1.0,1.0
2010-09-24 00:00:00,0.0,5.322698e-26,1.0,2.0,0.89067346,1.0,1.0
2010-09-27 00:00:00,0.0,2.2038821e-29,1.0,2.0,0.89067346,1.0,1.0
2010-09-28 00:00:00,0.0,0.0,1.0,2.0,0.89067346,1.0,1.0
2010-09-29 00:00:00,0.0,1.112087e-37,1.0,2.0,0.89067346,1.0,1.0
2010-09-30 00:00:00,0.0,1.6989093e-35,1.0,2.0,0.89067346,1.0,1.0
2010-10-01 00:00:00,0.0,0.0,1.0,2.0,0.89067346,1.0,1.0
2010-10-04 00:00:00,0.0,9.71e-43,1.0,2.0,0.89067346,1.0,1.0
2010-10-05 00:00:00,0.0,0.0,1.0,2.0,0.89067346,1.0,1.0
2010-10-06 00:00:00,0.0,0.0,1.0,2.0,0.89067346,1.0,1.0
2010-10-07 00:00:00,0.0,0.0,1.0,2.0,0.89067346,1.0,1.0
2010-10-08 00:00:00,0.0,0.0,1.0,2.0,0.89067346,1.0,1.0
2010-10-11 00:00:00,0.0,0.0,1.0,2.0,0.89067346,1.0,1.0
2010-10-12 00:00:00,0.0,0.0,1.0,2.0,0.89067346,1.0,1.0
2010-10-13 00:00:00,0.0,0.0,1.0,2.0,0.89067346,1.0,1.0
2010-10-14 00:00:00,0.0,0.0,1.0,2.0,0.89067346,1.0,1.0
2010-10-15 00:00:00,0.0,0.0,1.0,2.0,0.89067346,1.0,1.0
2010-10-18 00:00:00,0.0,0.0,1.0,2.0,0.89067346,1.0,1.0
2010-10-19 00:00:00,8.634242e-29,6.0786634e-09,1.0,2.0,0.89067346,1.0,1.0
2010-10-20 00:00:00,0.0,3.33464e-17,1.0,2.0,0.89067346,1.0,1.0
2010-10-21 00:00:00,0.0,1.3459767e-19,1.0,2.0,0.89067346,1.0,1.0
2010-10-22 00:00:00,5.5744862e-34,6.067773e-09,1.0,2.0,0.89067346,1.0,1.0
2010-10-25 00:00:00,2.0569792e-37,9.142031e-10,1.0,2.0,0.89067346,1.0,1.0
2010-10-26 00:00:00,1.5185008e-16,0.00013085017,0.99986917,2.0,0.8905628,0.99986917,0.99986917
2010-10-27 00:00:00,7.365693e-10,7.291015e-05,0.9999271,2.0,0.89061177,0.9999271,0.9999271
2010-10-28 00:00:00,1.5889725e-19,5.2735362e-05,0.99994725,2.0,0.8906288,0.99994725,0.99994725
2010-10-29 00:00:00,6.0383445e-09,9.672354e-05,0.99990326,2.0,0.8905916,0.99990326,0.99990326
2010-11-01 00:00:00,3.8751546e-15,0.0014650746,0.9985349,2.0,0.88943446,0.9985349,0.9985349
2010-11-02 00:00:00,5.077253e-09,0.0046378234,0.99536216,2.0,0.88675135,0.99536216,0.99536216
2010-11-03 00:00:00,8.246111e-11,0.0052277837,0.9947722,2.0,0.88625246,0.9947722,0.9947722
2010-11-04 00:00:00,4.650161e-17,0.0022516346,0.9977484,2.0,0.8887693,0.9977484,0.9977484
2010-11-05 00:00:00,4.572034e-06,1.0024728e-05,0.9999854,2.0,0.8906578,0.9999875,0.9999854
2010-11-08 00:00:00,0.0014823886,4.273353e-10,0.99851763,2.0,0.88833755,0.99918544,0.99851763
2010-11-09 00:00:00,0.6470662,0.0,0.35293382,0.0,-0.12894446,0.6444565,0.6470662
2010-11-10 00:00:00,0.9999167,0.0,8.333328e-05,0.0,-0.6849505,0.4505757,0.9999167
2010-11-11 00:00:00,1.0,0.0,1.2895404e-16,0.0,-0.6850818,0.45052993,1.0
2010-11-12 00:00:00,1.0,0.0,5.629075e-10,0.0,-0.6850818,0.45052993,1.0
2010-11-15 00:00:00,1.0,0.0,1.2371414e-15,0.0,-0.6850818,0.45052993,1.0
2010-11-16 00:00:00,0.9999964,0.0,3.5645317e-06,0.0,-0.6850762,0.4505319,0.9999964
2010-11-17 00:00:00,1.0,0.0,4.43942e-15,0.0,-0.6850818,0.45052993,1.0
2010-11-18 00:00:00,0.99999964,0.0,3.4817378e-07,0.0,-0.68508124,0.4505301,0.99999964
2010-11-19 00:00:00,0.99999994,0.0,4.7961457e-08,0.0,-0.6850817,0.45052996,0.99999994
2010-11-22 00:00:00,1.0,0.0,7.4344925e-10,0.0,-0.6850818,0.45052993,1.0
2010-11-23 00:00:00,1.0,0.0,3.8054825e-18,0.0,-0.6850818,0.45052993,1.0
2010-11-24 00:00:00,1.0,0.0,9.208505e-17,0.0,-0.6850818,0.45052993,1.0
2010-11-25 00:00:00,1.0,0.0,2.6449332e-29,0.0,-0.6850818,0.45052993,1.0
2010-11-26 00:00:00,1.0,0.0,1.8503333e-37,0.0,-0.6850818,0.45052993,1.0
2010-11-29 00:00:00,1.0,0.0,0.0,0.0,-0.6850818,0.45052993,1.0
2010-11-30 00:00:00,1.0,0.0,0.0,0.0,-0.6850818,0.45052993,1.0
2010-12-01 00:00:00,1.0,0.0,0.0,0.0,-0.6850818,0.45052993,1.0
2010-12-02 00:00:00,1.0,0.0,0.0,0.0,-0.6850818,0.45052993,1.0
2010-12-03 00:00:00,1.0,0.0,5.015063e-30,0.0,-0.6850818,0.45052993,1.0
2010-12-06 00:00:00,1.0,0.0,6.100016e-27,0.0,-0.6850818,0.45052993,1.0
2010-12-07 00:00:00,1.0,0.0,4.6617126e-23,0.0,-0.6850818,0.45052993,1.0
2010-12-08 00:00:00,1.0,0.0,1.6922125e-23,0.0,-0.6850818,0.45052993,1.0
2010-12-09 00:00:00,1.0,0.0,6.3692825e-14,0.0,-0.6850818,0.45052993,1.0
2010-12-10 00:00:00,1.0,0.0,1.0674459e-19,0.0,-0.6850818,0.45052993,1.0
2010-12-13 00:00:00,0.999972,0.0,2.8041219e-05,0.0,-0.68503755,0.45054534,0.999972
2010-12-14 00:00:00,0.9996511,1e-42,0.0003489023,0.0,-0.684532,0.45072165,0.9996511
2010-12-15 00:00:00,1.0,0.0,1.5087735e-11,0.0,-0.6850818,0.45052993,1.0
2010-12-16 00:00:00,1.0,0.0,5.5169122e-17,0.0,-0.6850818,0.45052993,1.0
2010-12-17 00:00:00,1.0,0.0,1.2189368e-21,0.0,-0.6850818,0.45052993,1.0
2010-12-20 00:00:00,1.0,0.0,1.90666e-21,0.0,-0.6850818,0.45052993,1.0
2010-12-21 00:00:00,1.0,0.0,1.9347464e-09,0.0,-0.6850818,0.45052993,1.0
2010-12-22 00:00:00,0.99999964,0.0,3.5815495e-07,0.0,-0.6850812,0.45053014,0.99999964
2010-12-23 00:00:00,0.9999965,0.0,3.5101286e-06,0.0,-0.68507624,0.45053187,0.9999965
2010-12-24 00:00:00,0.9990364,8.326404e-33,0.00096365006,0.0,-0.6835633,0.45105943,0.9990364
2010-12-27 00:00:00,0.257763,0.6953646,0.046872437,1.0,-0.10354584,0.16300239,0.6953646
2010-12-28 00:00:00,0.007023121,0.95926046,0.033716407,1.0,0.06839038,0.036880534,0.95926046
2010-12-29 00:00:00,0.0007193246,0.9719909,0.027289795,1.0,0.067557916,0.027613873,0.9719909
2010-12-30 00:00:00,0.001647446,0.97346306,0.024889512,1.0,0.064850464,0.025631737,0.97346306
2010-12-31 00:00:00,0.93265533,0.01635836,0.050986283,0.0,-0.59279686,0.47117543,0.93265533
2011-01-03 00:00:00,0.3158995,0.6807295,0.0033710059,1.0,-0.18277831,0.14569318,0.6807295
2011-01-04 00:00:00,0.016398892,0.98331183,0.0002892886,1.0,0.03327699,0.00767748,0.98331183
2011-01-05 00:00:00,0.94216955,1.6168569e-17,0.057830457,0.0,-0.5939551,0.48230603,0.94216955
2011-01-06 00:00:00,0.99999934,0.0,6.289805e-07,0.0,-0.68508077,0.4505303,0.99999934
2011-01-07 00:00:00,1.0,0.0,2.079105e-10,0.0,-0.6850818,0.45052993,1.0
2011-01-10 00:00:00,1.0,0.0,3.571852e-17,0.0,-0.6850818,0.45052993,1.0
2011-01-11 00:00:00,1.0,0.0,1.1774e-13,0.0,-0.6850818,0.45052993,1.0
2011-01-12 00:00:00,0.99864423,2.1799016e-22,0.0013557904,0.0,-0.6829454,0.4512749,0.99864423
2011-01-13 00:00:00,0.039785918,0.42552516,0.5346889,2.0,0.46812734,0.5526137,0.5346889
2011-01-14 00:00:00,3.602622e-09,0.3577132,0.6422868,2.0,0.58816665,0.6422868,0.6422868
2011-01-17 00:00:00,1.2145797e-07,0.1777241,0.82227576,2.0,0.7403776,0.8222758,0.82227576
2011-01-18 00:00:00,1.082074e-15,0.029091863,0.97090816,2.0,0.86607134,0.97090816,0.97090816
2011-01-19 00:00:00,9.491098e-20,0.0010185824,0.9989814,2.0,0.88981205,0.9989814,0.9989814
2011-01-20 00:00:00,4.0768808e-20,0.0005525727,0.9994474,2.0,0.89020616,0.9994474,0.9994474
2011-01-21 00:00:00,6.250597e-35,5.476643e-11,1.0,2.0,0.89067346,1.0,1.0
2011-01-24 00:00:00,1.568052e-30,3.250671e-08,0.99999994,2.0,0.8906734,0.99999994,0.99999994
2011-01-25 00:00:00,0.0,3.2501223e-16,1.0,2.0,0.89067346,1.0,1.0
2011-01-26 00:00:00,4.540907e-34,4.2745583e-08,0.99999994,2.0,0.8906734,0.99999994,0.99999994
2011-01-27 00:00:00,2.115881e-27,4.4145614e-05,0.99995583,2.0,0.8906361,0.99995583,0.99995583
2011-01-28 00:00:00,1.9389717e-11,0.022555923,0.97744405,2.0,0.8715986,0.97744405,0.97744405
2011-01-31 00:00:00,2.8650647e-21,0.0005846134,0.9994154,2.0,0.89017904,0.9994154,0.9994154
2011-02-01 00:00:00,3.204482e-36,5.017388e-10,1.0,2.0,0.89067346,1.0,1.0
2011-02-02 00:00:00,0.0,2.7674603e-17,1.0,2.0,0.89067346,1.0,1.0
2011-02-03 00:00:00,0.0,7.424845e-18,1.0,2.0,0.89067346,1.0,1.0
2011-02-04 00:00:00,0.0,1.0863098e-19,1.0,2.0,0.89067346,1.0,1.0
2011-02-07 00:00:00,0.0,1.052345e-14,1.0,2.0,0.89067346,1.0,1.0
2011-02-08 00:00:00,0.0,6.0775615e-16,1.0,2.0,0.89067346,1.0,1.0
2011-02-09 00:00:00,0.0,1.6404284e-11,1.0,2.0,0.89067346,1.0,1.0
2011-02-10 00:00:00,2.829577e-11,0.23571202,0.76428795,2.0,0.6913392,0.76428795,0.76428795
2011-02-11 00:00:00,1.8510711e-06,0.84742653,0.1525716,1.0,0.1740286,0.15257244,0.84742653
2011-02-14 00:00:00,2.7014105e-08,0.9860022,0.013997789,1.0,0.05684243,0.013997801,0.9860022
2011-02-15 00:00:00,7.450456e-05,0.99843585,0.0014896396,1.0,0.046210308,0.0015232061,0.99843585
2011-02-16 00:00:00,6.717797e-05,0.99873,0.0012028236,1.0,0.045973107,0.0012330892,0.99873
2011-02-17 00:00:00,2.4314588e-06,0.99857444,0.0014231625,1.0,0.046206713,0.001424258,0.99857444
2011-02-18 00:00:00,0.002492092,0.99716854,0.0003393763,1.0,0.04347252,0.0014621384,0.99716854
2011-02-21 00:00:00,0.013657418,0.98601645,0.00032613936,1.0,0.03530967,0.0064792153,0.98601645
2011-02-22 00:00:00,0.21744129,0.78010494,0.0024537807,1.0,-0.111670956,0.10041759,0.78010494
2011-02-23 00:00:00,0.04089782,0.9585084,0.00059380237,1.0,0.015648168,0.019019494,0.9585084
2011-02-24 00:00:00,0.00089660246,0.9984766,0.0006267903,1.0,0.044880424,0.0010307365,0.9984766
2011-02-25 00:00:00,1.7603117e-05,0.99950594,0.0004764766,1.0,0.045395054,0.00048440733,0.99950594
2011-02-28 00:00:00,0.0003042016,0.99942374,0.0002720579,1.0,0.04501294,0.0004091098,0.99942374
2011-03-01 00:00:00,0.9676675,1.1358182e-05,0.032321095,0.0,-0.63414335,0.46828428,0.9676675
2011-03-02 00:00:00,0.6045074,0.3942425,0.0012501148,0.0,-0.3952807,0.2735988,0.6045074
2011-03-03 00:00:00,8.789882e-14,0.9859396,0.014060377,1.0,0.05689538,0.014060377,0.9859396
2011-03-04 00:00:00,2.9803855e-21,0.8516961,0.14830391,1.0,0.17042091,0.14830391,0.8516961
2011-03-07 00:00:00,6.65273e-18,0.80720603,0.19279395,1.0,0.20804472,0.19279395,0.80720603
2011-03-08 00:00:00,1.6323401e-10,0.9860534,0.013946614,1.0,0.056799173,0.013946614,0.9860534
2011-03-09 00:00:00,1.7803064e-06,0.9997692,0.00022898264,1.0,0.045197308,0.00022978472,0.9997692
2011-03-10 00:00:00,5.269845e-07,0.99977595,0.00022350416,1.0,0.04519359,0.00022374159,0.99977595
2011-03-11 00:00:00,1.1737996e-16,0.9777029,0.02229709,1.0,0.06386091,0.02229709,0.9777029
2011-03-14 00:00:00,4.9559565e-33,0.023463123,0.97653687,2.0,0.87083143,0.97653687,0.97653687
2011-03-15 00:00:00,4.585437e-32,0.0007363021,0.9992637,2.0,0.89005077,0.9992637,0.9992637
2011-03-16 00:00:00,1.9221996e-13,0.2987836,0.7012164,2.0,0.63800156,0.7012164,0.7012164
2011-03-17 00:00:00,7.634976e-22,0.03890573,0.96109426,2.0,0.8577721,0.96109426,0.96109426
2011-03-18 00:00:00,6.9155743e-31,4.411101e-05,0.9999559,2.0,0.89063615,0.9999559,0.9999559
2011-03-21 00:00:00,1.0697349e-35,6.4437955e-07,0.99999934,2.0,0.89067286,0.99999934,0.99999934
2011-03-22 00:00:00,1.8745392e-30,2.3490943e-06,0.9999977,2.0,0.89067143,0.9999977,0.9999977
2011-03-23 00:00:00,7.168858e-16,0.03195485,0.9680452,2.0,0.8636502,0.9680452,0.9680452
2011-03-24 00:00:00,3.1401245e-16,0.039919663,0.9600803,2.0,0.85691464,0.9600803,0.9600803
2011-03-25 00:00:00,4.6362857e-15,0.059470437,0.9405296,2.0,0.84038115,0.9405296,0.9405296
2011-03-28 00:00:00,8.1539936e-10,0.66420835,0.33579165,1.0,0.32897335,0.33579165,0.66420835
2011-03-29 00:00:00,2.861879e-16,0.5121312,0.48786876,1.0,0.45758018,0.48786876,0.5121312
2011-03-30 00:00:00,7.330528e-11,0.9547939,0.04520614,1.0,0.08323437,0.04520614,0.9547939
2011-03-31 00:00:00,9.77265e-08,0.99894583,0.0010540672,1.0,0.045896284,0.0010541112,0.99894583
2011-04-01 00:00:00,3.3681283e-10,0.99859256,0.0014074217,1.0,0.046195175,0.0014074218,0.99859256
2011-04-04 00:00:00,8.158818e-10,0.99872166,0.001278364,1.0,0.046086036,0.0012783643,0.99872166
2011-04-05 00:00:00,3.376355e-16,0.98962015,0.010379869,1.0,0.05378289,0.010379869,0.98962015
2011-04-06 00:00:00,7.2704263e-22,0.64867973,0.35132027,1.0,0.34210542,0.35132027,0.64867973
2011-04-07 00:00:00,8.3028017e-32,0.016432565,0.9835674,2.0,0.87677693,0.9835674,0.9835674
2011-04-08 00:00:00,8.59e-43,4.650021e-06,0.99999535,2.0,0.8906695,0.99999535,0.99999535
2011-04-11 00:00:00,2.6145745e-25,0.008966809,0.9910332,2.0,0.8830905,0.9910332,0.9910332
2011-04-12 00:00:00,2.0391122e-31,0.00018376228,0.99981624,2.0,0.890518,0.99981624,0.99981624
2011-04-13 00:00:00,1.9883e-41,1.5697227e-05,0.9999843,2.0,0.89066017,0.9999843,0.9999843
2011-04-14 00:00:00,1.0043304e-29,0.008300589,0.9916994,2.0,0.8836539,0.9916994,0.9916994
2011-04-15 00:00:00,3.0792942e-09,0.8206629,0.1793371,1.0,0.19666469,0.1793371,0.8206629
2011-04-18 00:00:00,0.0143376645,0.9847734,0.00088892225,1.0,0.035288956,0.0073484695,0.9847734
2011-04-19 00:00:00,1.4737273e-07,0.9990241,0.000975786,1.0,0.04583005,0.00097585237,0.9990241
2011-04-20 00:00:00,3.314256e-21,0.6294558,0.3705442,1.0,0.35836253,0.3705442,0.6294558
2011-04-21 00:00:00,6.8147585e-20,0.3274956,0.67250437,2.0,0.6137207,0.67250437,0.67250437
2011-04-22 00:00:00,7.481338e-30,0.015118878,0.9848811,2.0,0.8778879,0.9848811,0.9848811
2011-04-25 00:00:00,1.7266436e-30,0.0021115737,0.99788845,2.0,0.88888776,0.99788845,0.99788845
2011-04-26 00:00:00,2.682e-42,8.37532e-07,0.99999917,2.0,0.89067274,0.99999917,0.99999917
2011-04-27 00:00:00,0.0,5.3409558e-11,1.0,2.0,0.89067346,1.0,1.0
2011-04-28 00:00:00,0.0,1.5137613e-12,1.0,2.0,0.89067346,1.0,1.0
2011-04-29 00:00:00,2.702766e-39,3.6441713e-07,0.99999964,2.0,0.8906731,0.99999964,0.99999964
2011-05-02 00:00:00,6.885e-42,1.6023306e-07,0.9999998,2.0,0.8906733,0.9999998,0.9999998
2011-05-03 00:00:00,1.4e-43,2.6353945e-08,1.0,2.0,0.8906734,1.0,1.0
2011-05-04 00:00:00,1.9446115e-32,0.00024281275,0.9997572,2.0,0.8904681,0.9997572,0.9997572
2011-05-05 00:00:00,1.5101541e-12,0.027663762,0.97233623,2.0,0.86727905,0.97233623,0.97233623
2011-05-06 00:00:00,0.74881876,0.0,0.25118124,0.0,-0.28928164,0.5885465,0.74881876
2011-05-09 00:00:00,0.7524455,2.8224595e-15,0.24755447,0.0,-0.29499653,0.5865537,0.7524455
2011-05-10 00:00:00,0.86467904,1.1202934e-21,0.13532095,0.0,-0.47184908,0.52488476,0.86467904
2011-05-11 00:00:00,0.99999684,0.0,3.144757e-06,0.0,-0.68507683,0.45053166,0.99999684
2011-05-12 00:00:00,1.0,0.0,1.4725912e-08,0.0,-0.6850817,0.45052993,1.0
2011-05-13 00:00:00,1.0,0.0,1.7649165e-10,0.0,-0.6850818,0.45052993,1.0
2011-05-16 00:00:00,0.99684495,1.516703e-25,0.0031550676,0.0,-0.68011016,0.45226353,0.99684495
2011-05-17 00:00:00,0.996605,3.8143755e-27,0.0033950317,0.0,-0.679732,0.4523954,0.996605
2011-05-18 00:00:00,0.99999994,0.0,8.715843e-08,0.0,-0.68508166,0.45053,0.99999994
2011-05-19 00:00:00,0.99999917,0.0,8.103246e-07,0.0,-0.68508047,0.45053038,0.99999917
2011-05-20 00:00:00,1.0,0.0,2.6193098e-15,0.0,-0.6850818,0.45052993,1.0
2011-05-23 00:00:00,1.0,0.0,3.9398427e-24,0.0,-0.6850818,0.45052993,1.0
2011-05-24 00:00:00,1.0,0.0,3.5669968e-30,0.0,-0.6850818,0.45052993,1.0
2011-05-25 00:00:00,1.0,0.0,6.656e-41,0.0,-0.6850818,0.45052993,1.0
2011-05-26 00:00:00,1.0,0.0,3.10094e-38,0.0,-0.6850818,0.45052993,1.0
2011-05-27 00:00:00,1.0,0.0,1.7039179e-20,0.0,-0.6850818,0.45052993,1.0
2011-05-30 00:00:00,1.0,0.0,1.9313081e-18,0.0,-0.6850818,0.45052993,1.0
2011-05-31 00:00:00,1.0,0.0,2.684418e-15,0.0,-0.6850818,0.45052993,1.0
2011-06-01 00:00:00,1.0,0.0,2.6136116e-19,0.0,-0.6850818,0.45052993,1.0
2011-06-02 00:00:00,0.9932962,5.9454077e-19,0.0067037647,0.0,-0.6745183,0.45421344,0.9932962
2011-06-03 00:00:00,2.431011e-12,0.34208956,0.65791047,2.0,0.6013791,0.65791047,0.65791047
2011-06-06 00:00:00,2.855194e-09,0.37482682,0.62517315,2.0,0.57369417,0.62517315,0.62517315
2011-06-07 00:00:00,2.5282634e-12,0.18995938,0.8100406,2.0,0.7300308,0.8100406,0.8100406
2011-06-08 00:00:00,3.199115e-19,0.002596676,0.9974033,2.0,0.8884775,0.9974033,0.9974033
2011-06-09 00:00:00,9.8032876e-14,0.019199235,0.98080075,2.0,0.8744373,0.98080075,0.98080075
2011-06-10 00:00:00,8.908406e-10,0.073838614,0.9261614,2.0,0.82823044,0.9261614,0.9261614
2011-06-13 00:00:00,5.3040523e-12,0.05101893,0.94898105,2.0,0.84752834,0.94898105,0.94898105
2011-06-14 00:00:00,1.367864e-06,0.1822881,0.8177105,2.0,0.736516,0.8177112,0.8177105
2011-06-15 00:00:00,0.045288906,4.949513e-18,0.9547111,2.0,0.81930923,0.9751151,0.9547111
2011-06-16 00:00:00,0.39578027,4.062411e-34,0.60421973,2.0,0.26702064,0.7825306,0.60421973
2011-06-17 00:00:00,2.6261861e-05,0.013641882,0.9863319,2.0,0.87909555,0.9863437,0.9863319
2011-06-20 00:00:00,5.462357e-18,0.0022833557,0.99771667,2.0,0.88874245,0.99771667,0.99771667
2011-06-21 00:00:00,1.3586492e-13,0.028835045,0.97116494,2.0,0.86628854,0.97116494,0.97116494
2011-06-22 00:00:00,4.454018e-12,0.05459782,0.9454022,2.0,0.8445018,0.9454022,0.9454022
2011-06-23 00:00:00,4.8853544e-05,0.036453377,0.96349776,2.0,0.859769,0.96351975,0.96349776
2011-06-24 00:00:00,0.23731497,3.186952e-30,0.76268506,2.0,0.51672316,0.8696025,0.76268506
2011-06-27 00:00:00,0.38974133,8.669312e-07,0.6102578,2.0,0.27653578,0.78584796,0.6102578
2011-06-28 00:00:00,0.63651806,2.177113e-14,0.3634819,0.0,-0.11232325,0.65025234,0.63651806
2011-06-29 00:00:00,0.0049648336,0.10125904,0.8937761,2.0,0.7972185,0.89601296,0.8937761
2011-06-30 00:00:00,0.1302826,0.00074711174,0.8689703,2.0,0.6847482,0.9276665,0.8689703
2011-07-01 00:00:00,0.5308999,2.0543754e-22,0.46910015,0.0,0.054105207,0.7082864,0.5308999
2011-07-04 00:00:00,0.8410457,1.0742e-08,0.15895432,0.0,-0.43460864,0.5378706,0.8410457
2011-07-05 00:00:00,0.99992603,0.0,7.3977346e-05,0.0,-0.6849652,0.45057058,0.99992603
2011-07-06 00:00:00,0.9999987,0.0,1.3085304e-06,0.0,-0.6850797,0.45053065,0.9999987
2011-07-07 00:00:00,0.9998336,0.0,0.00016642381,0.0,-0.6848195,0.45062137,0.9998336
2011-07-08 00:00:00,0.99852544,1.2565431e-14,0.0014745829,0.0,-0.6827582,0.45134017,0.99852544
2011-07-11 00:00:00,1.0,0.0,2.0653108e-12,0.0,-0.6850818,0.45052993,1.0
2011-07-12 00:00:00,1.0,0.0,1.7427105e-16,0.0,-0.6850818,0.45052993,1.0
2011-07-13 00:00:00,0.6711586,0.093004875,0.23583652,0.0,-0.24555953,0.53821355,0.6711586
2011-07-14 00:00:00,0.77036935,1.0364772e-10,0.22963063,0.0,-0.3232401,0.5767051,0.77036935
2011-07-15 00:00:00,0.9908175,1.005e-42,0.009182494,0.0,-0.6706124,0.45557544,0.9908175
2011-07-18 00:00:00,0.99999774,0.0,2.2902507e-06,0.0,-0.68507814,0.45053118,0.99999774
2011-07-19 00:00:00,0.9999889,0.0,1.1113743e-05,0.0,-0.68506426,0.45053604,0.9999889
2011-07-20 00:00:00,0.99530476,3.338806e-17,0.0046952353,0.0,-0.67768323,0.45310983,0.99530476
2011-07-21 00:00:00,0.0016335166,0.25357005,0.7447964,2.0,0.6736632,0.7455324,0.7447964
2011-07-22 00:00:00,1.3352594e-07,0.06451393,0.93548596,2.0,0.83611584,0.935486,0.93548596
2011-07-25 00:00:00,0.0017758311,0.0024041764,0.99582,2.0,0.885842,0.99662006,0.99582
2011-07-26 00:00:00,5.2170986e-07,0.0059138294,0.99408567,2.0,0.8856715,0.9940859,0.99408567
2011-07-27 00:00:00,0.081289046,1.2259392e-27,0.91871095,2.0,0.7625818,0.9553341,0.91871095
2011-07-28 00:00:00,0.7193331,4.89e-43,0.28066692,0.0,-0.24281943,0.604748,0.7193331
2011-07-29 00:00:00,0.9599692,9.32507e-38,0.0400308,0.0,-0.622003,0.47252566,0.9599692
2011-08-01 00:00:00,0.9999994,0.0,5.8500797e-07,0.0,-0.6850808,0.45053026,0.9999994
2011-08-02 00:00:00,0.99999946,0.0,5.2332274e-07,0.0,-0.68508095,0.45053023,0.99999946
2011-08-03 00:00:00,0.89304906,5.688276e-07,0.106950395,0.0,-0.5165537,0.5092957,0.89304906
2011-08-04 00:00:00,0.99999994,0.0,5.478348e-08,0.0,-0.68508166,0.45052996,0.99999994
2011-08-05 00:00:00,0.17762692,9.634832e-13,0.8223731,2.0,0.6107769,0.9023993,0.8223731
2011-08-08 00:00:00,5.890881e-08,7.525497e-07,0.99999917,2.0,0.8906727,0.9999992,0.99999917
2011-08-09 00:00:00,8.5550245e-24,3.3217789e-06,0.99999666,2.0,0.89067066,0.99999666,0.99999666
2011-08-10 00:00:00,0.12950961,1e-45,0.8704904,2.0,0.686598,0.9288383,0.8704904
2011-08-11 00:00:00,0.00012582382,1.3112569e-09,0.9998742,2.0,0.89047515,0.99993086,0.9998742
2011-08-12 00:00:00,7.148378e-07,4.433035e-08,0.9999992,2.0,0.89067227,0.9999996,0.9999992
2011-08-15 00:00:00,2.8427465e-19,1.3916574e-05,0.9999861,2.0,0.89066166,0.9999861,0.9999861
2011-08-16 00:00:00,5.2385066e-13,4.348011e-06,0.99999565,2.0,0.89066976,0.99999565,0.99999565
2011-08-17 00:00:00,1.440375e-10,7.70493e-07,0.9999992,2.0,0.8906728,0.9999992,0.9999992
2011-08-18 00:00:00,0.043395974,7.47448e-40,0.956604,2.0,0.82229203,0.9761552,0.956604
2011-08-19 00:00:00,6.1736624e-05,3.2112106e-12,0.99993825,2.0,0.8905762,0.9999661,0.99993825
2011-08-22 00:00:00,0.00043238068,3.510919e-17,0.9995676,2.0,0.8899921,0.9997624,0.9995676
2011-08-23 00:00:00,0.0055825557,9.964852e-28,0.9944174,2.0,0.8818767,0.99693257,0.9944174
2011-08-24 00:00:00,4.297606e-05,5.817139e-10,0.999957,2.0,0.8906057,0.9999764,0.999957
2011-08-25 00:00:00,1.2083261e-05,2.8710774e-09,0.9999879,2.0,0.8906544,0.9999934,0.9999879
2011-08-26 00:00:00,2.9076492e-07,5.545851e-08,0.99999964,2.0,0.8906729,0.99999976,0.99999964
2011-08-29 00:00:00,7.137254e-14,0.00013733888,0.9998627,2.0,0.8905573,0.9998627,0.9998627
2011-08-30 00:00:00,1.3150066e-14,0.00017940135,0.9998206,2.0,0.8905217,0.9998206,0.9998206
2011-08-31 00:00:00,0.0007946672,1.2353555e-09,0.99920535,2.0,0.8894212,0.99956334,0.99920535
2011-09-01 00:00:00,7.222943e-09,0.016179118,0.98382086,2.0,0.8769913,0.98382086,0.98382086
2011-09-02 00:00:00,0.06485222,1.3705079e-15,0.93514776,2.0,0.7884822,0.96436566,0.93514776
2011-09-05 00:00:00,0.3301365,2.7204655e-25,0.6698635,2.0,0.37045914,0.8185999,0.6698635
2011-09-06 00:00:00,0.99999994,0.0,8.740597e-08,0.0,-0.6850816,0.45053,0.99999994
2011-09-07 00:00:00,0.9988731,1.4029569e-08,0.0011268841,0.0,-0.68330604,0.4511491,0.9988731
2011-09-08 00:00:00,1.0,0.0,3.0430205e-09,0.0,-0.6850818,0.45052993,1.0
2011-09-09 00:00:00,1.0,0.0,1.3287397e-26,0.0,-0.6850818,0.45052993,1.0
2011-09-12 00:00:00,1.0,0.0,0.0,0.0,-0.6850818,0.45052993,1.0
2011-09-13 00:00:00,1.0,0.0,3.7567449e-37,0.0,-0.6850818,0.45052993,1.0
2011-09-14 00:00:00,1.0,0.0,4.820937e-35,0.0,-0.6850818,0.45052993,1.0
2011-09-15 00:00:00,1.0,0.0,1.0225725e-14,0.0,-0.6850818,0.45052993,1.0
2011-09-16 00:00:00,1.0,0.0,8.335162e-28,0.0,-0.6850818,0.45052993,1.0
2011-09-19 00:00:00,1.0,0.0,2.49479e-40,0.0,-0.6850818,0.45052993,1.0
2011-09-20 00:00:00,1.0,0.0,7.03627e-40,0.0,-0.6850818,0.45052993,1.0
2011-09-21 00:00:00,1.0,0.0,0.0,0.0,-0.6850818,0.45052993,1.0
2011-09-22 00:00:00,1.0,0.0,0.0,0.0,-0.6850818,0.45052993,1.0
2011-09-23 00:00:00,1.0,0.0,0.0,0.0,-0.6850818,0.45052993,1.0
2011-09-26 00:00:00,1.0,0.0,0.0,0.0,-0.6850818,0.45052993,1.0
2011-09-27 00:00:00,1.0,0.0,0.0,0.0,-0.6850818,0.45052993,1.0
2011-09-28 00:00:00,1.0,0.0,0.0,0.0,-0.6850818,0.45052993,1.0
2011-09-29 00:00:00,1.0,0.0,4.7864345e-35,0.0,-0.6850818,0.45052993,1.0
2011-09-30 00:00:00,1.0,0.0,0.0,0.0,-0.6850818,0.45052993,1.0
2011-10-03 00:00:00,1.0,0.0,0.0,0.0,-0.6850818,0.45052993,1.0
2011-10-04 00:00:00,1.0,0.0,2.9845435e-38,0.0,-0.6850818,0.45052993,1.0
2011-10-05 00:00:00,1.0,0.0,1.156e-42,0.0,-0.6850818,0.45052993,1.0
2011-10-06 00:00:00,1.0,0.0,8.622921e-20,0.0,-0.6850818,0.45052993,1.0
2011-10-07 00:00:00,1.0,0.0,1.0980371e-08,0.0,-0.6850818,0.45052993,1.0
2011-10-10 00:00:00,0.9067515,2.1061297e-10,0.09324849,0.0,-0.538145,0.50176716,0.9067515
2011-10-11 00:00:00,0.752717,8.47981e-18,0.24728295,0.0,-0.29542437,0.5864045,0.752717
2011-10-12 00:00:00,0.029281622,1.2502711e-08,0.9707184,2.0,0.8445327,0.9839106,0.9707184
2011-10-13 00:00:00,0.47298205,5.4085e-41,0.52701795,2.0,0.14536953,0.7401105,0.52701795
2011-10-14 00:00:00,0.00026777145,1.2478741e-06,0.999731,2.0,0.89025044,0.99985164,0.999731
2011-10-17 00:00:00,3.1298563e-07,4.1410258e-05,0.9999583,2.0,0.89063793,0.9999584,0.9999583
2011-10-18 00:00:00,0.00091849937,1.1157252e-07,0.9990814,2.0,0.889226,0.9994952,0.9990814
2011-10-19 00:00:00,3.9823758e-10,0.0019344301,0.9980656,2.0,0.88903755,0.9980656,0.9980656
2011-10-20 00:00:00,1.009692e-16,0.0033479575,0.99665207,2.0,0.8878422,0.99665207,0.99665207
2011-10-21 00:00:00,4.7871827e-25,4.8610018e-05,0.99995136,2.0,0.89063233,0.99995136,0.99995136
2011-10-24 00:00:00,6.105684e-28,4.8937013e-06,0.9999951,2.0,0.8906693,0.9999951,0.9999951
2011-10-25 00:00:00,1.905733e-18,0.0018716066,0.9981284,2.0,0.88909066,0.9981284,0.9981284
2011-10-26 00:00:00,1.2116457e-22,0.0006386044,0.9993614,2.0,0.8901334,0.9993614,0.9993614
2011-10-27 00:00:00,0.0,2.6123838e-13,1.0,2.0,0.89067346,1.0,1.0
2011-10-28 00:00:00,0.0,1.8043036e-22,1.0,2.0,0.89067346,1.0,1.0
2011-10-31 00:00:00,0.0,1.9054223e-18,1.0,2.0,0.89067346,1.0,1.0
2011-11-01 00:00:00,3.1125775e-24,1.0079066e-05,0.9999899,2.0,0.89066494,0.9999899,0.9999899
2011-11-02 00:00:00,1.119554e-24,9.15058e-06,0.9999908,2.0,0.8906657,0.9999908,0.9999908
2011-11-03 00:00:00,1.6229655e-29,1.2356662e-06,0.99999875,2.0,0.8906724,0.99999875,0.99999875
2011-11-04 00:00:00,2.934898e-31,6.349152e-07,0.99999934,2.0,0.8906729,0.99999934,0.99999934
2011-11-07 00:00:00,1.2883396e-08,1.608941e-06,0.9999984,2.0,0.890672,0.9999984,0.9999984
2011-11-08 00:00:00,7.622737e-12,2.4426081e-05,0.99997556,2.0,0.8906528,0.99997556,0.99997556
2011-11-09 00:00:00,0.9999873,0.0,1.2685404e-05,0.0,-0.68506175,0.4505369,0.9999873
2011-11-10 00:00:00,0.99982303,0.0,0.00017699039,0.0,-0.6848029,0.45062718,0.99982303
2011-11-11 00:00:00,0.99938035,0.0,0.000619664,0.0,-0.68410534,0.45087042,0.99938035
2011-11-14 00:00:00,0.9987489,0.0,0.0012511197,0.0,-0.6831103,0.45121738,0.9987489
2011-11-15 00:00:00,0.99999994,0.0,4.4768186e-08,0.0,-0.6850817,0.45052996,0.99999994
2011-11-16 00:00:00,1.0,0.0,1.8495676e-13,0.0,-0.6850818,0.45052993,1.0
2011-11-17 00:00:00,1.0,0.0,2.9641874e-14,0.0,-0.6850818,0.45052993,1.0
2011-11-18 00:00:00,1.0,0.0,6.246425e-16,0.0,-0.6850818,0.45052993,1.0
2011-11-21 00:00:00,1.0,0.0,2.1261555e-20,0.0,-0.6850818,0.45052993,1.0
2011-11-22 00:00:00,1.0,0.0,1.1541805e-16,0.0,-0.6850818,0.45052993,1.0
2011-11-23 00:00:00,1.0,0.0,1.6661813e-28,0.0,-0.6850818,0.45052993,1.0
2011-11-24 00:00:00,1.0,0.0,0.0,0.0,-0.6850818,0.45052993,1.0
2011-11-25 00:00:00,1.0,0.0,0.0,0.0,-0.6850818,0.45052993,1.0
2011-11-28 00:00:00,1.0,0.0,4.4634678e-26,0.0,-0.6850818,0.45052993,1.0
2011-11-29 00:00:00,1.0,0.0,9.5597115e-12,0.0,-0.6850818,0.45052993,1.0
2011-11-30 00:00:00,0.9999999,0.0,1.1126602e-07,0.0,-0.6850816,0.45053,0.9999999
2011-12-01 00:00:00,1.0,0.0,5.934233e-13,0.0,-0.6850818,0.45052993,1.0
2011-12-02 00:00:00,1.0,0.0,1.8705215e-15,0.0,-0.6850818,0.45052993,1.0
2011-12-05 00:00:00,1.0,0.0,5.944066e-14,0.0,-0.6850818,0.45052993,1.0
2011-12-06 00:00:00,1.0,0.0,8.365363e-17,0.0,-0.6850818,0.45052993,1.0
2011-12-07 00:00:00,0.9993707,6.822853e-30,0.00062933273,0.0,-0.6840901,0.45087573,0.9993707
2011-12-08 00:00:00,0.9999998,0.0,1.7324807e-07,0.0,-0.6850815,0.45053002,0.9999998
2011-12-09 00:00:00,1.0,0.0,8.559911e-13,0.0,-0.6850818,0.45052993,1.0
2011-12-12 00:00:00,1.0,0.0,8.219801e-21,0.0,-0.6850818,0.45052993,1.0
2011-12-13 00:00:00,1.0,0.0,2.3944404e-23,0.0,-0.6850818,0.45052993,1.0
2011-12-14 00:00:00,1.0,0.0,3.742504e-21,0.0,-0.6850818,0.45052993,1.0
2011-12-15 00:00:00,1.0,0.0,2.2972044e-18,0.0,-0.6850818,0.45052993,1.0
2011-12-16 00:00:00,1.0,0.0,8.27972e-24,0.0,-0.6850818,0.45052993,1.0
2011-12-19 00:00:00,1.0,0.0,1.2118118e-23,0.0,-0.6850818,0.45052993,1.0
2011-12-20 00:00:00,1.0,0.0,3.8824598e-19,0.0,-0.6850818,0.45052993,1.0
2011-12-21 00:00:00,1.0,0.0,1.3105655e-10,0.0,-0.6850818,0.45052993,1.0
2011-12-22 00:00:00,1.0,0.0,8.072613e-09,0.0,-0.6850818,0.45052993,1.0
2011-12-23 00:00:00,0.9999804,0.0,1.9622126e-05,0.0,-0.68505085,0.45054072,0.9999804
2011-12-26 00:00:00,1.0,0.0,5.221169e-09,0.0,-0.6850818,0.45052993,1.0
2011-12-27 00:00:00,1.0,0.0,2.7493517e-08,0.0,-0.6850817,0.45052993,1.0
2011-12-28 00:00:00,1.0,0.0,5.0515017e-31,0.0,-0.6850818,0.45052993,1.0
2011-12-29 00:00:00,1.0,0.0,2.188737e-30,0.0,-0.6850818,0.45052993,1.0
2011-12-30 00:00:00,1.0,0.0,8.651801e-23,0.0,-0.6850818,0.45052993,1.0
2012-01-02 00:00:00,1.0,0.0,2.4760277e-24,0.0,-0.6850818,0.45052993,1.0
2012-01-03 00:00:00,1.0,0.0,1.3696236e-14,0.0,-0.6850818,0.45052993,1.0
2012-01-04 00:00:00,1.0,0.0,2.6228372e-23,0.0,-0.6850818,0.45052993,1.0
2012-01-05 00:00:00,1.0,0.0,1.736887e-31,0.0,-0.6850818,0.45052993,1.0
2012-01-06 00:00:00,1.0,0.0,2.7e-44,0.0,-0.6850818,0.45052993,1.0
2012-01-09 00:00:00,1.0,0.0,2.7421564e-16,0.0,-0.6850818,0.45052993,1.0
2012-01-10 00:00:00,1.0,0.0,1.8571338e-08,0.0,-0.6850817,0.45052993,1.0
2012-01-11 00:00:00,1.0,0.0,2.2570681e-08,0.0,-0.6850817,0.45052993,1.0
2012-01-12 00:00:00,0.99999356,0.0,6.409047e-06,0.0,-0.68507165,0.45053345,0.99999356
2012-01-13 00:00:00,1.0,0.0,3.0225405e-14,0.0,-0.6850818,0.45052993,1.0
2012-01-16 00:00:00,1.0,0.0,9.169716e-13,0.0,-0.6850818,0.45052993,1.0
2012-01-17 00:00:00,1.0,0.0,1.0175628e-12,0.0,-0.6850818,0.45052993,1.0
2012-01-18 00:00:00,0.9999412,0.0,5.882877e-05,0.0,-0.6849891,0.45056227,0.9999412
2012-01-19 00:00:00,0.99855375,5.2374217e-21,0.0014462611,0.0,-0.6828028,0.4513246,0.99855375
2012-01-20 00:00:00,0.99910563,1.273932e-28,0.0008943864,0.0,-0.6836724,0.45102137,0.99910563
2012-01-23 00:00:00,0.99744606,9.751276e-06,0.0025441677,0.0,-0.6810657,0.4519235,0.99744606
2012-01-24 00:00:00,0.99692166,3.7145452e-07,0.0030779624,0.0,-0.6802314,0.452221,0.99692166
2012-01-25 00:00:00,2.110467e-05,0.9849518,0.015027126,1.0,0.057697523,0.015036635,0.9849518
2012-01-26 00:00:00,1.0547341e-05,0.9971951,0.0027943389,1.0,0.047360346,0.0027990907,0.9971951
2012-01-27 00:00:00,1.6166008e-11,0.97114027,0.02885974,1.0,0.069410734,0.02885974,0.97114027
2012-01-30 00:00:00,1.27253195e-08,0.9807444,0.019255567,1.0,0.061288778,0.019255573,0.9807444
2012-01-31 00:00:00,0.1334123,0.83957255,0.027015176,1.0,-0.029551707,0.08712141,0.83957255
2012-02-01 00:00:00,6.5273864e-10,0.975927,0.024073029,1.0,0.06536277,0.02407303,0.975927
2012-02-02 00:00:00,6.540468e-17,0.5134196,0.48658034,1.0,0.4564906,0.48658034,0.5134196
2012-02-03 00:00:00,3.6741712e-28,0.0004438594,0.9995561,2.0,0.89029807,0.9995561,0.9995561
2012-02-06 00:00:00,8.4621497e-19,0.010732822,0.9892672,2.0,0.88159704,0.9892672,0.9892672
2012-02-07 00:00:00,1.1318267e-34,3.6038017e-08,0.99999994,2.0,0.8906734,0.99999994,0.99999994
2012-02-08 00:00:00,2.320839e-39,5.498737e-09,1.0,2.0,0.89067346,1.0,1.0
2012-02-09 00:00:00,6.412569e-31,2.963277e-05,0.9999704,2.0,0.89064837,0.9999704,0.9999704
2012-02-10 00:00:00,1.977815e-39,5.959742e-07,0.9999994,2.0,0.8906729,0.9999994,0.9999994
2012-02-13 00:00:00,9.187971e-35,1.2659144e-06,0.99999875,2.0,0.8906724,0.99999875,0.99999875
2012-02-14 00:00:00,1.2817277e-22,0.0050619757,0.994938,2.0,0.8863927,0.994938,0.994938
2012-02-15 00:00:00,3.9452982e-07,0.8512366,0.148763,1.0,0.17080887,0.14876318,0.8512366
2012-02-16 00:00:00,1.7791393e-06,0.99867857,0.001319682,1.0,0.04611968,0.0013204835,0.99867857
2012-02-17 00:00:00,8.3027665e-09,0.9993462,0.00065381004,1.0,0.045557864,0.00065381377,0.9993462
2012-02-20 00:00:00,2.8844354e-07,0.9997093,0.00029042244,1.0,0.045250352,0.0002905524,0.9997093
2012-02-21 00:00:00,1.0685798e-08,0.99942493,0.00057503226,1.0,0.04549124,0.0005750371,0.99942493
2012-02-22 00:00:00,9.96286e-06,0.9998578,0.00013222636,1.0,0.04510951,0.00013671492,0.9998578
2012-02-23 00:00:00,3.0700098e-13,0.9959966,0.0040034344,1.0,0.04839054,0.0040034344,0.9959966
2012-02-24 00:00:00,1.1032243e-09,0.9991536,0.0008463635,1.0,0.045720704,0.00084636395,0.9991536
2012-02-27 00:00:00,2.805321e-12,0.99810946,0.0018905307,1.0,0.046603724,0.0018905307,0.99810946
2012-02-28 00:00:00,5.4723356e-24,0.8987033,0.101296745,1.0,0.13066843,0.101296745,0.8987033
2012-02-29 00:00:00,5.0949834e-06,0.9990763,0.0009186156,1.0,0.04577809,0.000920911,0.9990763
2012-03-01 00:00:00,6.835655e-08,0.9995174,0.00048257652,1.0,0.045413014,0.0004826073,0.9995174
2012-03-02 00:00:00,0.0073070056,0.99250954,0.00018343642,1.0,0.039825343,0.0034754612,0.99250954
2012-03-05 00:00:00,0.00024045896,0.99952227,0.00023726939,1.0,0.045030057,0.00034560336,0.99952227
2012-03-06 00:00:00,0.96999043,1.4522134e-26,0.03000959,0.0,-0.637794,0.4670193,0.96999043
2012-03-07 00:00:00,0.99642974,1.1064013e-20,0.0035702342,0.0,-0.67945594,0.45249167,0.99642974
2012-03-08 00:00:00,0.94993985,0.049734335,0.00032584,0.0,-0.648258,0.42830217,0.94993985
2012-03-09 00:00:00,0.9981763,1.2455483e-13,0.0018237013,0.0,-0.68220806,0.451532,0.9981763
2012-03-12 00:00:00,0.9533999,0.04580383,0.00079624675,0.0,-0.65038633,0.43033144,0.9533999
2012-03-13 00:00:00,0.9978631,5.4551395e-09,0.0021368717,0.0,-0.6817146,0.45170408,0.9978631
2012-03-14 00:00:00,0.99834704,1.5471968e-06,0.0016513802,0.0,-0.6824785,0.4514366,0.99834704
2012-03-15 00:00:00,0.99819595,3.6230734e-09,0.0018040737,0.0,-0.682239,0.45152122,0.99819595
2012-03-16 00:00:00,0.9491507,0.047954597,0.0028947177,0.0,-0.64550936,0.4305155,0.9491507
2012-03-19 00:00:00,0.9497066,0.047975928,0.002317433,0.0,-0.6464035,0.4301887,0.9497066
2012-03-20 00:00:00,0.9965441,0.0019574931,0.0014984105,0.0,-0.6812915,0.45047134,0.9965441
2012-03-21 00:00:00,0.99806476,2.6330184e-07,0.0019349816,0.0,-0.6820325,0.45159304,0.99806476
2012-03-22 00:00:00,0.9998139,0.0,0.00018609418,0.0,-0.6847885,0.45063218,0.9998139
2012-03-23 00:00:00,0.99989086,0.0,0.00010915376,0.0,-0.68490976,0.4505899,0.99989086
2012-03-26 00:00:00,0.9985253,5.9333236e-09,0.0014746848,0.0,-0.68275803,0.45134023,0.9985253
2012-03-27 00:00:00,0.99962246,2.399665e-39,0.00037756126,0.0,-0.6844868,0.4507374,0.99962246
2012-03-28 00:00:00,0.86226237,0.13762145,0.00011616927,0.0,-0.5844231,0.38859117,0.86226237
2012-03-29 00:00:00,0.9028253,0.096842185,0.00033252218,0.0,-0.6138546,0.40708235,0.9028253
2012-03-30 00:00:00,0.001008808,0.99854845,0.00044271426,1.0,0.044642836,0.0008972125,0.99854845
2012-04-02 00:00:00,0.00022007067,0.99964994,0.00012998612,1.0,0.044954218,0.00022913454,0.99964994
2012-04-03 00:00:00,0.0002897014,0.9995842,0.00012609664,1.0,0.044900093,0.00025661578,0.9995842
2012-04-04 00:00:00,0.018358294,0.98156476,7.696995e-05,1.0,0.03166691,0.00834793,0.98156476
2012-04-05 00:00:00,0.9991535,0.0,0.0008465338,0.0,-0.6837478,0.4509951,0.9991535
2012-04-06 00:00:00,0.9228245,0.077104405,7.109901e-05,0.0,-0.62867683,0.41583115,0.9228245
2012-04-09 00:00:00,0.9995693,5.184441e-06,0.00042549995,0.0,-0.6844075,0.4507614,0.9995693
2012-04-10 00:00:00,0.4941361,0.50585854,5.370974e-06,1.0,-0.3157527,0.22262847,0.50585854
2012-04-11 00:00:00,0.009751589,0.990223,2.5412624e-05,1.0,0.03790695,0.0044187955,0.990223
2012-04-12 00:00:00,0.0003735873,0.99959314,3.3273656e-05,1.0,0.04476035,0.0002015859,0.99959314
2012-04-13 00:00:00,0.96650726,6.536821e-14,0.033492774,0.0,-0.6323054,0.4689332,0.96650726
2012-04-16 00:00:00,0.99681664,5.3211507e-18,0.0031833898,0.0,-0.6800655,0.45227912,0.99681664
2012-04-17 00:00:00,0.9990721,4.4576234e-18,0.00092790363,0.0,-0.6836196,0.4510398,0.9990721
2012-04-18 00:00:00,0.99924994,4.4276126e-17,0.00075008575,0.0,-0.6838998,0.45094207,0.99924994
2012-04-19 00:00:00,0.9996871,2.4183898e-06,0.0003105327,0.0,-0.6845907,0.45069948,0.9996871
2012-04-20 00:00:00,0.9995738,0.00023656635,0.0001895868,0.0,-0.6846103,0.45052752,0.9995738
2012-04-23 00:00:00,0.9999774,0.0,2.2571434e-05,0.0,-0.6850462,0.45054233,0.9999774
2012-04-24 00:00:00,0.9993768,1.10666214e-29,0.00062323303,0.0,-0.68409973,0.4508724,0.9993768
2012-04-25 00:00:00,0.99929035,1.2970431e-14,0.00070963334,0.0,-0.68396354,0.45091987,0.99929035
2012-04-26 00:00:00,0.9991786,6.3447262e-24,0.0008214412,0.0,-0.6837874,0.4509813,0.9991786
2012-04-27 00:00:00,0.9993004,1.1122544e-12,0.00069957366,0.0,-0.6839794,0.45091432,0.9993004
2012-04-30 00:00:00,0.9992581,1.620508e-13,0.0007419088,0.0,-0.6839127,0.4509376,0.9992581
2012-05-01 00:00:00,0.67760944,0.32238668,3.8861303e-06,0.0,-0.44970542,0.3052872,0.67760944
2012-05-02 00:00:00,0.16712818,0.8328693,2.5492172e-06,1.0,-0.077010944,0.07529879,0.8328693
2012-05-03 00:00:00,0.0061809113,0.9938008,1.8242801e-05,1.0,0.04050779,0.0028029284,0.9938008
2012-05-04 00:00:00,0.006754503,0.9932416,3.8859084e-06,1.0,0.040076878,0.0030469915,0.9932416
2012-05-07 00:00:00,0.910042,0.08364552,0.006312504,0.0,-0.6140663,0.41631365,0.910042
2012-05-08 00:00:00,0.9990017,6.253793e-10,0.0009983006,0.0,-0.6835087,0.45107847,0.9990017
2012-05-09 00:00:00,0.9998848,0.0,0.00011521316,0.0,-0.6849002,0.45059323,0.9998848
2012-05-10 00:00:00,0.9999998,0.0,1.7755575e-07,0.0,-0.6850815,0.45053002,0.9999998
2012-05-11 00:00:00,0.9997566,0.0,0.00024342118,0.0,-0.6846982,0.4506637,0.9997566
2012-05-14 00:00:00,1.0,0.0,2.7365374e-10,0.0,-0.6850818,0.45052993,1.0
2012-05-15 00:00:00,1.0,0.0,6.497973e-18,0.0,-0.6850818,0.45052993,1.0
2012-05-16 00:00:00,1.0,0.0,6.301085e-17,0.0,-0.6850818,0.45052993,1.0
2012-05-17 00:00:00,1.0,0.0,6.746602e-23,0.0,-0.6850818,0.45052993,1.0
2012-05-18 00:00:00,1.0,0.0,4.7875395e-22,0.0,-0.6850818,0.45052993,1.0
2012-05-21 00:00:00,1.0,0.0,3.8335676e-13,0.0,-0.6850818,0.45052993,1.0
2012-05-22 00:00:00,1.0,0.0,2.1242992e-33,0.0,-0.6850818,0.45052993,1.0
2012-05-23 00:00:00,1.0,0.0,0.0,0.0,-0.6850818,0.45052993,1.0
2012-05-24 00:00:00,1.0,0.0,0.0,0.0,-0.6850818,0.45052993,1.0
2012-05-25 00:00:00,1.0,0.0,0.0,0.0,-0.6850818,0.45052993,1.0
2012-05-28 00:00:00,1.0,0.0,0.0,0.0,-0.6850818,0.45052993,1.0
2012-05-29 00:00:00,1.0,0.0,0.0,0.0,-0.6850818,0.45052993,1.0
2012-05-30 00:00:00,1.0,0.0,0.0,0.0,-0.6850818,0.45052993,1.0
2012-05-31 00:00:00,1.0,0.0,0.0,0.0,-0.6850818,0.45052993,1.0
2012-06-01 00:00:00,1.0,0.0,0.0,0.0,-0.6850818,0.45052993,1.0
2012-06-04 00:00:00,1.0,0.0,4.728203e-31,0.0,-0.6850818,0.45052993,1.0
2012-06-05 00:00:00,1.0,0.0,4.2907556e-31,0.0,-0.6850818,0.45052993,1.0
2012-06-06 00:00:00,1.0,0.0,8.0182524e-14,0.0,-0.6850818,0.45052993,1.0
2012-06-07 00:00:00,1.0,0.0,2.5061589e-14,0.0,-0.6850818,0.45052993,1.0
2012-06-08 00:00:00,1.0,0.0,8.2428634e-17,0.0,-0.6850818,0.45052993,1.0
2012-06-11 00:00:00,1.0,0.0,1.8006419e-13,0.0,-0.6850818,0.45052993,1.0
2012-06-12 00:00:00,0.999999,0.0,1.0345755e-06,0.0,-0.6850801,0.4505305,0.999999
2012-06-13 00:00:00,0.9995621,6.9e-44,0.00043792825,0.0,-0.6843917,0.45077056,0.9995621
2012-06-14 00:00:00,0.9964715,1.359942e-11,0.0035284576,0.0,-0.6795218,0.45246872,0.9964715
2012-06-15 00:00:00,0.99910235,2.5846113e-35,0.0008976713,0.0,-0.68366724,0.45102316,0.99910235
2012-06-18 00:00:00,0.9999949,0.0,5.1096413e-06,0.0,-0.68507373,0.45053273,0.9999949
2012-06-19 00:00:00,0.5420862,0.4578398,7.402376e-05,0.0,-0.35070238,0.24430008,0.5420862
2012-06-20 00:00:00,0.0010409601,0.9988046,0.00015443149,1.0,0.04437557,0.00062341517,0.9988046
2012-06-21 00:00:00,0.0074505857,0.99249667,5.2737698e-05,1.0,0.039609987,0.0034094497,0.99249667
2012-06-22 00:00:00,0.0031745643,0.99674946,7.597874e-05,1.0,0.04275151,0.0015062151,0.99674946
2012-06-25 00:00:00,0.11951396,0.87873596,0.0017500679,1.0,-0.040770616,0.055594683,0.87873596
2012-06-26 00:00:00,0.024950437,0.9749883,6.130264e-05,1.0,0.026840823,0.011302221,0.9749883
2012-06-27 00:00:00,0.00042965598,0.9994896,8.072721e-05,1.0,0.044759545,0.00027430008,0.9994896
2012-06-28 00:00:00,0.00093606947,0.99900436,5.9566817e-05,1.0,0.044371925,0.00048129412,0.99900436
2012-06-29 00:00:00,1.37695e-11,0.99465585,0.005344157,1.0,0.04952435,0.005344157,0.99465585
2012-07-02 00:00:00,0.007949577,0.98984593,0.0022045132,1.0,0.04106537,0.005786035,0.98984593
2012-07-03 00:00:00,2.1613478e-06,0.9983093,0.0016885011,1.0,0.046431296,0.0016894749,0.9983093
2012-07-04 00:00:00,0.9374454,6.7902466e-09,0.06255459,0.0,-0.5865111,0.48490182,0.9374454
2012-07-05 00:00:00,0.99975044,0.0,0.00024954253,0.0,-0.68468857,0.45066705,0.99975044
2012-07-06 00:00:00,0.9999996,0.0,4.2997385e-07,0.0,-0.68508106,0.45053017,0.9999996
2012-07-09 00:00:00,0.99992824,0.0,7.179021e-05,0.0,-0.68496865,0.4505694,0.99992824
2012-07-10 00:00:00,0.99999994,0.0,6.33261e-08,0.0,-0.68508166,0.45052996,0.99999994
2012-07-11 00:00:00,1.0,0.0,6.630875e-13,0.0,-0.6850818,0.45052993,1.0
2012-07-12 00:00:00,1.0,0.0,1.7093277e-21,0.0,-0.6850818,0.45052993,1.0
2012-07-13 00:00:00,1.0,0.0,2.747273e-17,0.0,-0.6850818,0.45052993,1.0
2012-07-16 00:00:00,1.0,0.0,6.1172947e-13,0.0,-0.6850818,0.45052993,1.0
2012-07-17 00:00:00,1.0,0.0,4.036686e-17,0.0,-0.6850818,0.45052993,1.0
2012-07-18 00:00:00,1.0,0.0,1.3361798e-18,0.0,-0.6850818,0.45052993,1.0
2012-07-19 00:00:00,1.0,0.0,8.4401575e-10,0.0,-0.6850818,0.45052993,1.0
2012-07-20 00:00:00,1.0,0.0,7.2911745e-20,0.0,-0.6850818,0.45052993,1.0
2012-07-23 00:00:00,1.0,0.0,2.4417788e-17,0.0,-0.6850818,0.45052993,1.0
2012-07-24 00:00:00,1.0,0.0,6.237608e-21,0.0,-0.6850818,0.45052993,1.0
2012-07-25 00:00:00,1.0,0.0,5.358273e-13,0.0,-0.6850818,0.45052993,1.0
2012-07-26 00:00:00,0.9999509,0.0,4.9113547e-05,0.0,-0.68500435,0.4505569,0.9999509
2012-07-27 00:00:00,1.0,0.0,8.2308113e-13,0.0,-0.6850818,0.45052993,1.0
2012-07-30 00:00:00,1.0,0.0,1.9096743e-11,0.0,-0.6850818,0.45052993,1.0
2012-07-31 00:00:00,1.0,0.0,7.3379705e-11,0.0,-0.6850818,0.45052993,1.0
2012-08-01 00:00:00,1.0,0.0,6.5901204e-09,0.0,-0.6850818,0.45052993,1.0
2012-08-02 00:00:00,0.99999565,0.0,4.3504792e-06,0.0,-0.6850749,0.45053232,0.99999565
2012-08-03 00:00:00,0.03757599,0.95581853,0.0066054994,1.0,0.023157293,0.023534607,0.95581853
2012-08-06 00:00:00,0.0032000404,0.9946128,0.0021871307,1.0,0.044518244,0.0036288449,0.9946128
2012-08-07 00:00:00,7.3637484e-06,0.9982403,0.0017523721,1.0,0.046481512,0.0017556896,0.9982403
2012-08-08 00:00:00,8.914188e-06,0.9982949,0.0016962091,1.0,0.046432886,0.0017002252,0.9982949
2012-08-09 00:00:00,0.000102616046,0.99804276,0.0018546255,1.0,0.046498444,0.0019008572,0.99804276
2012-08-10 00:00:00,0.016896483,0.9814663,0.0016371964,1.0,0.03405359,0.009249567,0.9814663
2012-08-13 00:00:00,0.00580959,0.99246144,0.0017289653,1.0,0.042225588,0.0043463595,0.99246144
2012-08-14 00:00:00,0.03525984,0.9629962,0.0017439544,1.0,0.020737031,0.017629566,0.9629962
2012-08-15 00:00:00,0.097362004,0.9007479,0.0018900834,1.0,-0.02447936,0.045754578,0.9007479
2012-08-16 00:00:00,0.0024679594,0.9951924,0.0023396118,1.0,0.045181673,0.0034515013,0.9951924
2012-08-17 00:00:00,1.6191951e-08,0.99832976,0.0016702438,1.0,0.046417423,0.001670251,0.99832976
2012-08-20 00:00:00,2.7316153e-12,0.99659514,0.0034048562,1.0,0.04788434,0.0034048562,0.99659514
2012-08-21 00:00:00,8.7707665e-32,0.6928039,0.30719608,1.0,0.304791,0.30719608,0.6928039
2012-08-22 00:00:00,1.0302344e-29,0.37771302,0.622287,2.0,0.5712534,0.622287,0.622287
2012-08-23 00:00:00,2.8189826e-17,0.7506111,0.24938886,1.0,0.25590527,0.24938886,0.7506111
2012-08-24 00:00:00,1.4890322e-09,0.98381835,0.016181622,1.0,0.058689248,0.016181622,0.98381835
2012-08-27 00:00:00,9.6936775e-14,0.9912097,0.008790318,1.0,0.052438658,0.008790318,0.9912097
2012-08-28 00:00:00,4.885422e-17,0.9887574,0.011242626,1.0,0.054512497,0.011242626,0.9887574
2012-08-29 00:00:00,1.6773386e-18,0.98392326,0.01607676,1.0,0.05860057,0.01607676,0.98392326
2012-08-30 00:00:00,1.5029324e-23,0.93505573,0.064944275,1.0,0.099926285,0.064944275,0.93505573
2012-08-31 00:00:00,1.887977e-08,0.9965733,0.0034266673,1.0,0.047902774,0.0034266757,0.9965733
2012-09-03 00:00:00,4.29856e-09,0.99826354,0.0017364447,1.0,0.046473417,0.0017364465,0.99826354
2012-09-04 00:00:00,4.544068e-06,0.99985063,0.00014480564,1.0,0.045124102,0.00014685288,0.99985063
2012-09-05 00:00:00,5.6124654e-11,0.9988968,0.0011032246,1.0,0.045937926,0.0011032246,0.9988968
2012-09-06 00:00:00,3.5458227e-22,0.916877,0.08312301,1.0,0.11529948,0.08312301,0.916877
2012-09-07 00:00:00,0.0,0.043938998,0.956061,2.0,0.8535156,0.956061,0.956061
2012-09-10 00:00:00,4.567221e-34,0.012489485,0.9875105,2.0,0.88011146,0.9875105,0.9875105
2012-09-11 00:00:00,0.0,1.5625012e-05,0.9999844,2.0,0.8906602,0.9999844,0.9999844
2012-09-12 00:00:00,0.0,1.5871057e-08,1.0,2.0,0.8906734,1.0,1.0
2012-09-13 00:00:00,0.0,1.3199304e-09,1.0,2.0,0.89067346,1.0,1.0
2012-09-14 00:00:00,0.0,5.8898274e-22,1.0,2.0,0.89067346,1.0,1.0
2012-09-17 00:00:00,0.0,3.8442912e-20,1.0,2.0,0.89067346,1.0,1.0
2012-09-18 00:00:00,0.0,5.5559375e-09,1.0,2.0,0.89067346,1.0,1.0
2012-09-19 00:00:00,1.16e-43,2.1653805e-06,0.99999785,2.0,0.8906716,0.99999785,0.99999785
2012-09-20 00:00:00,1.077375e-27,0.00020305732,0.9997969,2.0,0.89050174,0.9997969,0.9997969
2012-09-21 00:00:00,2.3450581e-35,3.5613695e-05,0.9999644,2.0,0.8906433,0.9999644,0.9999644
2012-09-24 00:00:00,3.8517677e-31,7.049282e-05,0.9999295,2.0,0.8906138,0.9999295,0.9999295
2012-09-25 00:00:00,1.3927504e-18,0.027137432,0.97286254,2.0,0.8677242,0.97286254,0.97286254
2012-09-26 00:00:00,8.143014e-21,0.027633233,0.97236675,2.0,0.86730486,0.97236675,0.97236675
2012-09-27 00:00:00,7.422245e-27,0.0026582258,0.99734175,2.0,0.88842547,0.99734175,0.99734175
2012-09-28 00:00:00,2.5205615e-14,0.1985724,0.8014276,2.0,0.722747,0.8014276,0.8014276
2012-10-01 00:00:00,9.339368e-16,0.37020794,0.6297921,2.0,0.57760024,0.6297921,0.6297921
2012-10-02 00:00:00,1.2628365e-23,0.101312585,0.8986874,2.0,0.80499655,0.8986874,0.8986874
2012-10-03 00:00:00,1.4910083e-18,0.30228856,0.69771147,2.0,0.63503754,0.69771147,0.69771147
2012-10-04 00:00:00,3.5933245e-24,0.0957838,0.9042162,2.0,0.8096721,0.9042162,0.9042162
2012-10-05 00:00:00,4.027648e-09,0.90753627,0.09246374,1.0,0.12319863,0.09246374,0.90753627
2012-10-08 00:00:00,3.3550318e-09,0.9977899,0.0022100534,1.0,0.046873935,0.0022100548,0.9977899
2012-10-09 00:00:00,0.005540966,0.99444884,1.0202182e-05,1.0,0.040968206,0.0025065732,0.99444884
2012-10-10 00:00:00,0.88719016,0.10134616,0.011463689,0.0,-0.59302634,0.4111694,0.88719016
2012-10-11 00:00:00,0.99876636,1.1436072e-06,0.0012324867,0.0,-0.68313885,0.45120662,0.99876636
2012-10-12 00:00:00,0.9998977,0.0,0.000102252205,0.0,-0.68492067,0.4505861,0.9998977
2012-10-15 00:00:00,0.99956137,6.90032e-36,0.00043864653,0.0,-0.68439054,0.45077094,0.99956137
2012-10-16 00:00:00,0.38013232,0.6198265,4.1211348e-05,1.0,-0.23248975,0.1713022,0.6198265
2012-10-17 00:00:00,0.026340865,0.9736441,1.5074298e-05,1.0,0.025786595,0.011882422,0.9736441
2012-10-18 00:00:00,0.00071524584,0.99925065,3.4116532e-05,1.0,0.044511624,0.00035635618,0.99925065
2012-10-19 00:00:00,0.004617117,0.9953748,8.108729e-06,1.0,0.041640926,0.002088258,0.9953748
2012-10-22 00:00:00,4.3682092e-05,0.99987805,7.8272606e-05,1.0,0.045039263,9.7952696e-05,0.99987805
2012-10-23 00:00:00,0.0015403248,0.9984331,2.655014e-05,1.0,0.043902844,0.00072051253,0.9984331
2012-10-24 00:00:00,0.00087724684,0.99908817,3.458078e-05,1.0,0.04439374,0.00042980674,0.99908817
2012-10-25 00:00:00,0.006505635,0.99348557,8.820884e-06,1.0,0.040262744,0.0029398042,0.99348557
2012-10-26 00:00:00,0.0012551202,0.9987136,3.124155e-05,1.0,0.044115037,0.0005967107,0.9987136
2012-10-29 00:00:00,0.0071478444,0.9928458,6.361211e-06,1.0,0.039791796,0.003226679,0.9928458
2012-10-30 00:00:00,0.0049341097,0.9950497,1.6199323e-05,1.0,0.041416336,0.0022391635,0.9950497
2012-10-31 00:00:00,0.005996405,0.99399006,1.3550102e-05,1.0,0.040638525,0.00271511,0.99399006
2012-11-01 00:00:00,0.98070204,2.593304e-06,0.019295346,0.0,-0.6546751,0.46113098,0.98070204
2012-11-02 00:00:00,0.99994624,0.0,5.3752978e-05,0.0,-0.6849971,0.45055947,0.99994624
2012-11-05 00:00:00,0.9999205,0.0,7.9508296e-05,0.0,-0.6849565,0.45057362,0.9999205
2012-11-06 00:00:00,0.9997449,8.84404e-06,0.0002462802,0.0,-0.68468726,0.45066127,0.9997449
2012-11-07 00:00:00,0.9992593,2.2405646e-20,0.0007406803,0.0,-0.68391466,0.4509369,0.9992593
2012-11-08 00:00:00,0.9999767,0.0,2.3282897e-05,0.0,-0.68504506,0.45054272,0.9999767
2012-11-09 00:00:00,0.9999999,0.0,1.1051956e-07,0.0,-0.6850816,0.45053,0.9999999
2012-11-12 00:00:00,1.0,0.0,6.612559e-09,0.0,-0.6850818,0.45052993,1.0
2012-11-13 00:00:00,1.0,0.0,2.8343636e-24,0.0,-0.6850818,0.45052993,1.0
2012-11-14 00:00:00,1.0,0.0,8.199631e-22,0.0,-0.6850818,0.45052993,1.0
2012-11-15 00:00:00,1.0,0.0,1.7564332e-11,0.0,-0.6850818,0.45052993,1.0
2012-11-16 00:00:00,1.0,0.0,6.480912e-11,0.0,-0.6850818,0.45052993,1.0
2012-11-19 00:00:00,1.0,0.0,1.4434826e-13,0.0,-0.6850818,0.45052993,1.0
2012-11-20 00:00:00,0.9998956,0.0,0.00010445131,0.0,-0.68491715,0.45058733,0.9998956
2012-11-21 00:00:00,0.99934196,1.25094686e-20,0.00065804424,0.0,-0.68404484,0.4508915,0.99934196
2012-11-22 00:00:00,0.9997776,1.917857e-07,0.00022216416,0.0,-0.68473154,0.4506519,0.9997776
2012-11-23 00:00:00,0.706296,0.29370123,2.7110336e-06,0.0,-0.4706501,0.3182102,0.706296
2012-11-26 00:00:00,0.06316537,0.9368163,1.8369183e-05,1.0,-0.0010956965,0.028476257,0.9368163
2012-11-27 00:00:00,0.01372798,0.9862657,6.2829486e-06,1.0,0.034987662,0.006191149,0.9862657
2012-11-28 00:00:00,0.004367816,0.99563104,1.1699852e-06,1.0,0.04181707,0.0019690017,0.99563104
2012-11-29 00:00:00,0.011765564,0.988233,1.4591708e-06,1.0,0.036416315,0.0053021978,0.988233
2012-11-30 00:00:00,3.7158527e-05,0.99676144,0.0032014132,1.0,0.04768517,0.0032181544,0.99676144
2012-12-03 00:00:00,3.581694e-14,0.022884892,0.9771151,2.0,0.8713204,0.9771151,0.9771151
2012-12-04 00:00:00,6.2312725e-19,9.22251e-05,0.9999078,2.0,0.89059544,0.9999078,0.9999078
2012-12-05 00:00:00,6.59539e-23,6.032815e-07,0.9999994,2.0,0.8906729,0.9999994,0.9999994
2012-12-06 00:00:00,8.0020157e-10,0.354391,0.64560896,2.0,0.5909761,0.64560896,0.64560896
2012-12-07 00:00:00,9.148513e-10,0.86220264,0.13779737,1.0,0.16153584,0.13779737,0.86220264
2012-12-10 00:00:00,7.1578424e-11,0.96668464,0.03331537,1.0,0.07317872,0.03331537,0.96668464
2012-12-11 00:00:00,5.7941236e-17,0.9619572,0.038042795,1.0,0.077176556,0.038042795,0.9619572
2012-12-12 00:00:00,3.6400002e-20,0.9393448,0.060655206,1.0,0.09629916,0.060655206,0.9393448
2012-12-13 00:00:00,2.8270916e-16,0.9478009,0.052199114,1.0,0.08914811,0.052199114,0.9478009
2012-12-14 00:00:00,8.478459e-31,0.46004772,0.5399523,2.0,0.5016256,0.5399523,0.5399523
2012-12-17 00:00:00,1.3009801e-28,0.07756511,0.92243487,2.0,0.8250791,0.92243487,0.92243487
2012-12-18 00:00:00,1.2931364e-31,0.012504254,0.9874957,2.0,0.880099,0.9874957,0.9874957
2012-12-19 00:00:00,3.755649e-23,0.020690734,0.97930926,2.0,0.8731759,0.97930926,0.97930926
2012-12-20 00:00:00,1.6800312e-24,0.021385614,0.9786144,2.0,0.8725883,0.9786144,0.9786144
2012-12-21 00:00:00,7.1210198e-09,0.68130344,0.31869653,1.0,0.31451657,0.31869653,0.68130344
2012-12-24 00:00:00,4.7445617e-08,0.98870754,0.0112924175,1.0,0.05455457,0.011292439,0.98870754
2012-12-25 00:00:00,9.094291e-12,0.9457969,0.05420309,1.0,0.090842806,0.05420309,0.9457969
2012-12-26 00:00:00,1.27828885e-14,0.8491435,0.1508565,1.0,0.17257954,0.1508565,0.8491435
2012-12-27 00:00:00,1.4958671e-14,0.69995224,0.30004776,1.0,0.2987459,0.30004776,0.69995224
2012-12-28 00:00:00,1.3595075e-10,0.94065976,0.059340246,1.0,0.09518714,0.059340246,0.94065976
2012-12-31 00:00:00,3.554147e-05,0.99942255,0.00054188375,1.0,0.04543727,0.0005578962,0.99942255
2013-01-01 00:00:00,0.0006222756,0.99932593,5.1767754e-05,1.0,0.044594426,0.0003321215,0.99932593
2013-01-02 00:00:00,0.00026951346,0.99961466,0.000115824914,1.0,0.044906143,0.0002372488,0.99961466
2013-01-03 00:00:00,0.0021833587,0.99779737,1.9295618e-05,1.0,0.04342724,0.001002964,0.99779737
2013-01-04 00:00:00,1.0923928e-05,0.9995612,0.00042786193,1.0,0.045358818,0.00043278348,0.9995612
2013-01-07 00:00:00,3.9539024e-08,0.9984855,0.0015144581,1.0,0.046285663,0.0015144759,0.9984855
2013-01-08 00:00:00,0.0018004106,0.99818134,1.8258032e-05,1.0,0.043705948,0.0008293969,0.99818134
2013-01-09 00:00:00,0.0029058706,0.9970913,2.828845e-06,1.0,0.042885818,0.0013120106,0.9970913
2013-01-10 00:00:00,3.1628307e-09,0.9963104,0.003689599,1.0,0.048125137,0.0036896004,0.9963104
2013-01-11 00:00:00,3.714313e-08,0.99661624,0.003383709,1.0,0.04786643,0.0033837256,0.99661624
2013-01-14 00:00:00,1.772041e-10,0.9949336,0.005066391,1.0,0.04928945,0.005066391,0.9949336
2013-01-15 00:00:00,0.00089129177,0.9986757,0.0004330244,1.0,0.044720437,0.000834578,0.9986757
2013-01-16 00:00:00,0.0014852413,0.9981859,0.0003288731,1.0,0.044198725,0.0009980188,0.9981859
2013-01-17 00:00:00,8.388583e-06,0.9988223,0.001169326,1.0,0.0459877,0.0011731053,0.9988223
2013-01-18 00:00:00,1.5752707e-05,0.99885833,0.0011259243,1.0,0.045945622,0.0011330214,0.99885833
2013-01-21 00:00:00,2.1028696e-05,0.9988648,0.0011141134,1.0,0.045931783,0.0011235875,0.9988648
2013-01-22 00:00:00,1.4808557e-05,0.99874717,0.0012380295,1.0,0.046041112,0.0012447012,0.99874717
2013-01-23 00:00:00,0.0010703994,0.9982256,0.0007039866,1.0,0.04481882,0.0011862336,0.9982256
2013-01-24 00:00:00,4.9553928e-05,0.99855584,0.0013946359,1.0,0.046148185,0.0014169613,0.99855584
2013-01-25 00:00:00,7.2407744e-12,0.99123484,0.00876515,1.0,0.052417375,0.00876515,0.99123484
2013-01-28 00:00:00,3.781422e-12,0.9869615,0.013038501,1.0,0.056031212,0.013038501,0.9869615
2013-01-29 00:00:00,4.0824765e-15,0.9670784,0.032921605,1.0,0.07284573,0.032921605,0.9670784
2013-01-30 00:00:00,4.9865416e-23,0.49789232,0.5021077,2.0,0.4696216,0.5021077,0.5021077
2013-01-31 00:00:00,0.0,0.00013464919,0.99986535,2.0,0.89055955,0.99986535,0.99986535
2013-02-01 00:00:00,0.0,2.023764e-05,0.99997973,2.0,0.89065635,0.99997973,0.99997973
2013-02-04 00:00:00,5.9205155e-25,0.0032150801,0.9967849,2.0,0.88795453,0.9967849,0.9967849
2013-02-05 00:00:00,8.78914e-39,2.927469e-05,0.99997073,2.0,0.89064866,0.99997073,0.99997073
2013-02-06 00:00:00,4.7375485e-34,4.245975e-05,0.99995756,2.0,0.8906375,0.99995756,0.99995756
2013-02-07 00:00:00,0.0009776396,0.829459,0.16956335,1.0,0.18768558,0.1700038,0.829459
2013-02-08 00:00:00,0.005277761,0.9942678,0.0004544118,1.0,0.041536022,0.002832201,0.9942678
2013-02-11 00:00:00,0.005233761,0.9947072,5.9018996e-05,1.0,0.041233774,0.002416985,0.9947072
2013-02-12 00:00:00,1.9892754e-05,0.9996165,0.00036362655,1.0,0.045297947,0.00037258884,0.9996165
2013-02-13 00:00:00,3.605086e-06,0.9995326,0.00046381564,1.0,0.045394566,0.00046543984,0.9995326
2013-02-14 00:00:00,0.04240443,0.95694876,0.0006468118,1.0,0.01459304,0.019751277,0.95694876
2013-02-15 00:00:00,0.005641179,0.9943287,3.013111e-05,1.0,0.040911894,0.0025716512,0.9943287
2013-02-18 00:00:00,0.004448899,0.9955285,2.2603115e-05,1.0,0.041775994,0.0020269654,0.9955285
2013-02-19 00:00:00,0.0011102532,0.99884164,4.812339e-05,1.0,0.044235077,0.00054832565,0.99884164
2013-02-20 00:00:00,0.7017461,0.284725,0.013528873,0.0,-0.4558896,0.3296865,0.7017461
2013-02-21 00:00:00,0.99939495,0.0,0.0006050721,0.0,-0.68412834,0.4508624,0.99939495
2013-02-22 00:00:00,0.9999999,0.0,1.0143074e-07,0.0,-0.6850816,0.45053,0.9999999
2013-02-25 00:00:00,1.0,0.0,7.598366e-14,0.0,-0.6850818,0.45052993,1.0
2013-02-26 00:00:00,1.0,0.0,9.837791e-18,0.0,-0.6850818,0.45052993,1.0
2013-02-27 00:00:00,1.0,0.0,1.517672e-16,0.0,-0.6850818,0.45052993,1.0
2013-02-28 00:00:00,1.0,0.0,1.7022284e-28,0.0,-0.6850818,0.45052993,1.0
2013-03-01 00:00:00,1.0,0.0,6.727139e-36,0.0,-0.6850818,0.45052993,1.0
2013-03-04 00:00:00,1.0,0.0,1.8581964e-22,0.0,-0.6850818,0.45052993,1.0
2013-03-05 00:00:00,1.0,0.0,6.606958e-30,0.0,-0.6850818,0.45052993,1.0
2013-03-06 00:00:00,1.0,0.0,7.4074284e-31,0.0,-0.6850818,0.45052993,1.0
2013-03-07 00:00:00,1.0,0.0,2.0569074e-08,0.0,-0.6850817,0.45052993,1.0
2013-03-08 00:00:00,1.0,0.0,3.7198865e-13,0.0,-0.6850818,0.45052993,1.0
2013-03-11 00:00:00,1.0,0.0,8.057069e-14,0.0,-0.6850818,0.45052993,1.0
2013-03-12 00:00:00,1.0,0.0,1.6154203e-18,0.0,-0.6850818,0.45052993,1.0
2013-03-13 00:00:00,1.0,0.0,2.2701643e-23,0.0,-0.6850818,0.45052993,1.0
2013-03-14 00:00:00,1.0,0.0,6.6606044e-12,0.0,-0.6850818,0.45052993,1.0
2013-03-15 00:00:00,1.0,0.0,9.654767e-09,0.0,-0.6850818,0.45052993,1.0
2013-03-18 00:00:00,1.0,0.0,1.2408592e-15,0.0,-0.6850818,0.45052993,1.0
2013-03-19 00:00:00,1.0,0.0,7.226295e-26,0.0,-0.6850818,0.45052993,1.0
2013-03-20 00:00:00,1.0,0.0,4.6956106e-11,0.0,-0.6850818,0.45052993,1.0
2013-03-21 00:00:00,1.0,0.0,7.55505e-09,0.0,-0.6850818,0.45052993,1.0
2013-03-22 00:00:00,0.99998003,0.0,1.9986806e-05,0.0,-0.68505025,0.4505409,0.99998003
2013-03-25 00:00:00,0.9999893,0.0,1.073151e-05,0.0,-0.68506485,0.45053583,0.9999893
2013-03-26 00:00:00,0.99997896,0.0,2.1016482e-05,0.0,-0.68504864,0.45054147,0.99997896
2013-03-27 00:00:00,1.0,0.0,6.8171455e-14,0.0,-0.6850818,0.45052993,1.0
2013-03-28 00:00:00,0.99999934,0.0,6.805708e-07,0.0,-0.6850807,0.4505303,0.99999934
2013-03-29 00:00:00,0.999981,0.0,1.9013025e-05,0.0,-0.6850518,0.45054036,0.999981
2013-04-01 00:00:00,0.9999505,0.0,4.947701e-05,0.0,-0.6850038,0.4505571,0.9999505
2013-04-02 00:00:00,0.99999726,0.0,2.7604829e-06,0.0,-0.6850774,0.45053145,0.99999726
2013-04-03 00:00:00,0.99936354,5.9382563e-30,0.00063645025,0.0,-0.6840789,0.45087963,0.99936354
2013-04-04 00:00:00,0.99991876,0.0,8.1267455e-05,0.0,-0.6849537,0.45057458,0.99991876
2013-04-05 00:00:00,0.83846605,0.16140708,0.00012689049,0.0,-0.5670406,0.37788093,0.83846605
2013-04-08 00:00:00,0.36798117,0.63195705,6.1802406e-05,1.0,-0.22360094,0.16584833,0.63195705
2013-04-09 00:00:00,0.030192567,0.96973324,7.42163e-05,1.0,0.023024533,0.013676872,0.96973324
2013-04-10 00:00:00,0.0007472439,0.9991659,8.6858374e-05,1.0,0.044532865,0.0004235141,0.9991659
2013-04-11 00:00:00,0.00027317763,0.9996175,0.00010932916,1.0,0.044897977,0.00023240385,0.9996175
2013-04-12 00:00:00,0.0052629313,0.99469936,3.7706133e-05,1.0,0.041194454,0.0024088144,0.99469936
2013-04-15 00:00:00,0.00026597813,0.9996801,5.3913456e-05,1.0,0.04485637,0.00017374457,0.9996801
2013-04-16 00:00:00,2.7626983e-16,0.99089456,0.009105453,1.0,0.052705158,0.009105453,0.99089456
2013-04-17 00:00:00,0.00040517253,0.99940276,0.0001920422,1.0,0.044871558,0.00037458455,0.99940276
2013-04-18 00:00:00,4.380866e-06,0.9996638,0.00033182203,1.0,0.045282375,0.00033379573,0.9996638
2013-04-19 00:00:00,0.0019742432,0.9979486,7.719593e-05,1.0,0.043628875,0.00096665166,0.9979486
2013-04-22 00:00:00,4.6995394e-09,0.999255,0.00074499584,1.0,0.045634978,0.00074499793,0.999255
2013-04-23 00:00:00,2.3977182e-05,0.9998523,0.0001237096,1.0,0.045092076,0.00013451204,0.9998523
2013-04-24 00:00:00,9.732226e-12,0.99840057,0.0015994123,1.0,0.046357535,0.0015994123,0.99840057
2013-04-25 00:00:00,3.085242e-08,0.99946976,0.00053020404,1.0,0.045453317,0.00053021795,0.99946976
2013-04-26 00:00:00,2.2636155e-09,0.99927956,0.000720419,1.0,0.045614198,0.00072042004,0.99927956
2013-04-29 00:00:00,6.8127986e-12,0.9984204,0.0015795736,1.0,0.04634076,0.0015795736,0.9984204
2013-04-30 00:00:00,6.757248e-21,0.9807776,0.019222355,1.0,0.0612607,0.019222355,0.9807776
2013-05-01 00:00:00,2.8312772e-19,0.98039854,0.019601488,1.0,0.061581325,0.019601488,0.98039854
2013-05-02 00:00:00,1.1016691e-05,0.99970657,0.00028240544,1.0,0.045235742,0.0002873688,0.99970657
2013-05-03 00:00:00,6.1963816e-05,0.9998178,0.000120235316,1.0,0.045061402,0.00014815187,0.9998178
2013-05-06 00:00:00,0.0039639557,0.99600995,2.6104539e-05,1.0,0.042133007,0.0018119852,0.99600995
2013-05-07 00:00:00,0.0064205565,0.9935645,1.4929111e-05,1.0,0.040330026,0.0029075819,0.9935645
2013-05-08 00:00:00,0.00016975288,0.9997168,0.00011345186,1.0,0.044976972,0.00018993061,0.9997168
2013-05-09 00:00:00,0.9513196,1.774955e-12,0.048680447,0.0,-0.6083733,0.47727838,0.9513196
2013-05-10 00:00:00,0.9959422,2.9507415e-27,0.00405784,0.0,-0.67868763,0.4527596,0.9959422
2013-05-13 00:00:00,0.9988851,5.6931393e-10,0.0011149314,0.0,-0.68332493,0.45114255,0.9988851
2013-05-14 00:00:00,0.9999996,0.0,3.9750915e-07,0.0,-0.6850811,0.45053014,0.9999996
2013-05-15 00:00:00,0.9997188,7.829e-42,0.0002811923,0.0,-0.6846387,0.45068443,0.9997188
2013-05-16 00:00:00,0.99988574,0.0,0.00011424658,0.0,-0.6849017,0.4505927,0.99988574
2013-05-17 00:00:00,0.99999374,0.0,6.281362e-06,0.0,-0.6850719,0.4505334,0.99999374
2013-05-20 00:00:00,0.99983853,0.0,0.00016144816,0.0,-0.6848274,0.45061865,0.99983853
2013-05-21 00:00:00,0.999509,9.922527e-10,0.0004910224,0.0,-0.68430805,0.45079973,0.999509
2013-05-22 00:00:00,0.99985635,0.0,0.00014361773,0.0,-0.68485546,0.45060885,0.99985635
2013-05-23 00:00:00,0.9993395,4.796492e-12,0.00066045934,0.0,-0.684041,0.45089284,0.9993395
2013-05-24 00:00:00,0.9991954,4.1450992e-16,0.00080460636,0.0,-0.6838139,0.45097205,0.9991954
2013-05-27 00:00:00,0.9997407,3e-45,0.00025927983,0.0,-0.6846732,0.4506724,0.9997407
2013-05-28 00:00:00,1.0,0.0,3.4470565e-11,0.0,-0.6850818,0.45052993,1.0
2013-05-29 00:00:00,0.9999968,0.0,3.2219532e-06,0.0,-0.6850767,0.4505317,0.9999968
2013-05-30 00:00:00,0.97132355,0.028567234,0.000109229,0.0,-0.6640531,0.43771955,0.97132355
2013-05-31 00:00:00,0.99916345,2.3163236e-25,0.00083656306,0.0,-0.68376356,0.4509896,0.99916345
2013-06-03 00:00:00,0.7155912,0.28437787,3.092545e-05,0.0,-0.47741252,0.32242617,0.7155912
2013-06-04 00:00:00,0.2560201,0.7439511,2.8830695e-05,1.0,-0.14188753,0.115373544,0.7439511
2013-06-05 00:00:00,0.9936595,8.17535e-09,0.006340502,0.0,-0.6750907,0.45401385,0.9936595
2013-06-06 00:00:00,5.4742327e-07,0.99560916,0.0043903133,1.0,0.048717313,0.00439056,0.99560916
2013-06-07 00:00:00,1.3912001e-10,0.99890786,0.0010921123,1.0,0.045928527,0.0010921123,0.99890786
2013-06-10 00:00:00,5.0279583e-13,0.997805,0.0021949844,1.0,0.04686119,0.0021949844,0.997805
2013-06-11 00:00:00,6.4680996e-23,0.96060663,0.039393336,1.0,0.07831866,0.039393336,0.96060663
2013-06-12 00:00:00,8.330144e-34,0.48924047,0.51075953,2.0,0.4769382,0.51075953,0.51075953
2013-06-13 00:00:00,4.307795e-36,0.031230904,0.9687691,2.0,0.86426246,0.9687691,0.9687691
2013-06-14 00:00:00,6.82e-43,0.0013306743,0.9986693,2.0,0.8895481,0.9986693,0.9986693
2013-06-17 00:00:00,2.604043e-38,0.003135023,0.996865,2.0,0.88802224,0.996865,0.996865
2013-06-18 00:00:00,2.176353e-38,0.0025707344,0.99742925,2.0,0.88849944,0.99742925,0.99742925
2013-06-19 00:00:00,4.0421452e-33,0.005369679,0.99463034,2.0,0.8861325,0.99463034,0.99463034
2013-06-20 00:00:00,5.760941e-17,0.17799415,0.82200587,2.0,0.7401494,0.82200587,0.82200587
2013-06-21 00:00:00,7.0865084e-08,0.9168691,0.0831308,1.0,0.115306005,0.08313083,0.9168691
2013-06-24 00:00:00,1.2423963e-08,0.99673444,0.003265557,1.0,0.047766533,0.0032655627,0.99673444
2013-06-25 00:00:00,1.6153454e-10,0.99844503,0.001554958,1.0,0.046319943,0.0015549582,0.99844503
2013-06-26 00:00:00,0.0016019315,0.9983483,4.9773444e-05,1.0,0.043877505,0.00077149156,0.9983483
2013-06-27 00:00:00,0.0049404167,0.99504936,1.0253109e-05,1.0,0.041406702,0.0022360587,0.99504936
2013-06-28 00:00:00,0.0054584416,0.99453443,7.138029e-06,1.0,0.041025862,0.0024663294,0.99453443
2013-07-01 00:00:00,0.0047329767,0.99526215,4.84819e-06,1.0,0.04155358,0.002137196,0.99526215
2013-07-02 00:00:00,0.9621255,1.32144695e-14,0.037874497,0.0,-0.62540084,0.47134084,0.9621255
2013-07-03 00:00:00,0.99711484,3.1722625e-08,0.0028851086,0.0,-0.6805355,0.4521152,0.99711484
2013-07-04 00:00:00,1.0,0.0,1.1411919e-12,0.0,-0.6850818,0.45052993,1.0
2013-07-05 00:00:00,1.0,0.0,2.483931e-15,0.0,-0.6850818,0.45052993,1.0
2013-07-08 00:00:00,1.0,0.0,1.0012356e-15,0.0,-0.6850818,0.45052993,1.0
2013-07-09 00:00:00,1.0,0.0,1.502426e-29,0.0,-0.6850818,0.45052993,1.0
2013-07-10 00:00:00,0.9999999,0.0,1.4701959e-07,0.0,-0.68508154,0.45053002,0.9999999
2013-07-11 00:00:00,1.0,0.0,1.1814187e-09,0.0,-0.6850818,0.45052993,1.0
2013-07-12 00:00:00,1.0,0.0,5.560732e-10,0.0,-0.6850818,0.45052993,1.0
2013-07-15 00:00:00,1.0,0.0,2.0278739e-11,0.0,-0.6850818,0.45052993,1.0
2013-07-16 00:00:00,0.99999994,0.0,3.4853436e-08,0.0,-0.6850817,0.45052996,0.99999994
2013-07-17 00:00:00,0.99996203,0.0,3.7982394e-05,0.0,-0.68502194,0.4505508,0.99996203
2013-07-18 00:00:00,0.9993808,2.3219834e-37,0.00061916723,0.0,-0.6841061,0.45087016,0.9993808
2013-07-19 00:00:00,0.9867403,0.0009552614,0.012304467,0.0,-0.6649955,0.45686048,0.9867403
2013-07-22 00:00:00,0.7684577,0.018199304,0.213343,0.0,-0.33561835,0.5595562,0.7684577
2013-07-23 00:00:00,3.255977e-05,0.07398866,0.9259788,2.0,0.8280523,0.92599344,0.9259788
2013-07-24 00:00:00,5.7268412e-09,0.04635149,0.9536485,2.0,0.8514754,0.9536485,0.9536485
2013-07-25 00:00:00,2.1724121e-13,0.046515323,0.95348465,2.0,0.8513369,0.95348465,0.95348465
2013-07-26 00:00:00,3.6841439e-16,0.04108539,0.95891464,2.0,0.85592884,0.95891464,0.95891464
2013-07-29 00:00:00,1.6458544e-10,0.02829435,0.9717057,2.0,0.86674577,0.9717057,0.9717057
2013-07-30 00:00:00,5.2824974e-19,0.024235511,0.9757645,2.0,0.8701782,0.9757645,0.9757645
2013-07-31 00:00:00,6.1810873e-18,0.019983927,0.98001605,2.0,0.87377363,0.98001605,0.98001605
2013-08-01 00:00:00,2.804043e-22,0.019884152,0.98011583,2.0,0.87385803,0.98011583,0.98011583
2013-08-02 00:00:00,3.373605e-39,0.0056391438,0.99436086,2.0,0.8859046,0.99436086,0.99436086
2013-08-05 00:00:00,7.8048887e-32,0.008361251,0.9916387,2.0,0.8836026,0.9916387,0.9916387
2013-08-06 00:00:00,0.0,0.0011902188,0.99880975,2.0,0.8896669,0.99880975,0.99880975
2013-08-07 00:00:00,1.000319e-09,0.20052564,0.79947436,2.0,0.7210952,0.79947436,0.79947436
2013-08-08 00:00:00,1.5425583e-16,0.029704286,0.9702957,2.0,0.86555344,0.9702957,0.9702957
2013-08-09 00:00:00,2.8583418e-14,0.054808773,0.9451912,2.0,0.8443234,0.9451912,0.9451912
2013-08-12 00:00:00,4.9533266e-10,0.5478166,0.45218343,1.0,0.42740223,0.45218343,0.5478166
2013-08-13 00:00:00,0.0005061607,0.998172,0.0013218821,1.0,0.045753296,0.0015499226,0.998172
2013-08-14 00:00:00,2.4072111e-05,0.99966085,0.00031507006,1.0,0.045253832,0.00032591526,0.99966085
2013-08-15 00:00:00,7.169357e-11,0.9933997,0.0066003357,1.0,0.05058666,0.0066003357,0.9933997
2013-08-16 00:00:00,2.5948628e-07,0.99896896,0.0010307838,1.0,0.045876473,0.0010309006,0.99896896
2013-08-19 00:00:00,3.1745316e-05,0.99972206,0.00024616387,1.0,0.045189958,0.00026046607,0.99972206
2013-08-20 00:00:00,3.9625053e-08,0.998262,0.0017379534,1.0,0.046474665,0.0017379712,0.998262
2013-08-21 00:00:00,1.2721993e-05,0.9997358,0.00025149304,1.0,0.045208354,0.00025722466,0.9997358
2013-08-22 00:00:00,0.001930687,0.9980418,2.7523925e-05,1.0,0.04361867,0.0008973562,0.9980418
2013-08-23 00:00:00,0.00077168783,0.9991764,5.1910854e-05,1.0,0.044485465,0.00039957932,0.9991764
2013-08-26 00:00:00,0.0002759029,0.99962974,9.4335366e-05,1.0,0.044883307,0.00021863787,0.99962974
2013-08-27 00:00:00,0.00013981275,0.9997417,0.000118489224,1.0,0.04500309,0.00018147904,0.9997417
2013-08-28 00:00:00,0.006202588,0.993791,6.419619e-06,1.0,0.040481966,0.0028008712,0.993791
2013-08-29 00:00:00,0.0065649445,0.993431,4.074958e-06,1.0,0.04021543,0.002961779,0.993431
2013-08-30 00:00:00,0.96862227,0.0133505445,0.018027177,0.0,-0.6469283,0.4544205,0.96862227
2013-09-02 00:00:00,0.99855655,1.2182934e-06,0.0014422148,0.0,-0.6828083,0.45132184,0.99855655
2013-09-03 00:00:00,0.9992779,2.8895433e-33,0.0007221009,0.0,-0.6839439,0.4509267,0.9992779
2013-09-04 00:00:00,0.9994554,1.6837667e-36,0.00054461265,0.0,-0.6842236,0.45082918,0.9994554
2013-09-05 00:00:00,1.0,0.0,2.3476904e-08,0.0,-0.6850817,0.45052993,1.0
2013-09-06 00:00:00,0.999777,0.0,0.00022295356,0.0,-0.68473047,0.45065245,0.999777
2013-09-09 00:00:00,0.9279259,0.071986526,8.7606975e-05,0.0,-0.63238734,0.41814598,0.9279259
2013-09-10 00:00:00,0.31947568,0.68052214,2.1378096e-06,1.0,-0.18823819,0.1439355,0.68052214
2013-09-11 00:00:00,0.033336688,0.9666579,5.4158263e-06,1.0,0.020670868,0.015024592,0.9666579
2013-09-12 00:00:00,0.8993038,0.09565907,0.0050371587,0.0,-0.60730505,0.41020042,0.8993038
2013-09-13 00:00:00,0.76475406,0.2351636,8.2339146e-05,0.0,-0.5132622,0.34462693,0.76475406
2013-09-16 00:00:00,0.17512384,0.82487494,1.2321226e-06,1.0,-0.082849585,0.07889976,0.82487494
2013-09-17 00:00:00,0.9962236,0.00029396804,0.0034824233,0.0,-0.6793797,0.45231098,0.9962236
2013-09-18 00:00:00,2.8793196e-05,0.99534744,0.0046237567,1.0,0.048894107,0.004636729,0.99534744
2013-09-19 00:00:00,2.3372405e-07,0.9991044,0.0008953706,1.0,0.04576198,0.0008954759,0.9991044
2013-09-20 00:00:00,7.0849064e-06,0.99962306,0.00036987098,1.0,0.04531258,0.00037306294,0.99962306
2013-09-23 00:00:00,0.00010291606,0.9997957,0.00010142841,1.0,0.0450156,0.00014779519,0.9997957
2013-09-24 00:00:00,0.0010376428,0.9989299,3.243351e-05,1.0,0.044274822,0.00049992267,0.9989299
2013-09-25 00:00:00,1.3835083e-07,0.999101,0.0008988791,1.0,0.045765016,0.0008989414,0.999101
2013-09-26 00:00:00,4.029693e-12,0.9391884,0.060811564,1.0,0.09643138,0.060811564,0.9391884
2013-09-27 00:00:00,5.5665947e-17,0.46792015,0.5320798,2.0,0.49496812,0.5320798,0.5320798
2013-09-30 00:00:00,9.9389684e-23,0.0013720813,0.9986279,2.0,0.88951313,0.9986279,0.9986279
2013-10-01 00:00:00,2.464631e-26,5.485576e-06,0.9999945,2.0,0.8906688,0.9999945,0.9999945
2013-10-02 00:00:00,6.4535246e-31,1.1328933e-05,0.9999887,2.0,0.89066386,0.9999887,0.9999887
2013-10-03 00:00:00,0.0,1.0850048e-12,1.0,2.0,0.89067346,1.0,1.0
2013-10-04 00:00:00,1.6903052e-30,3.8724943e-07,0.99999964,2.0,0.8906731,0.99999964,0.99999964
2013-10-07 00:00:00,4.1103858e-24,7.580431e-08,0.99999994,2.0,0.8906734,0.99999994,0.99999994
2013-10-08 00:00:00,8.473035e-25,8.383239e-08,0.99999994,2.0,0.89067334,0.99999994,0.99999994
2013-10-09 00:00:00,3.0799887e-09,0.06413161,0.9358684,2.0,0.8364394,0.9358684,0.9358684
2013-10-10 00:00:00,2.2256117e-11,0.02157665,0.97842336,2.0,0.87242675,0.97842336,0.97842336
2013-10-11 00:00:00,1.4419076e-13,0.007160684,0.99283934,2.0,0.88461787,0.99283934,0.99283934
2013-10-14 00:00:00,6.183305e-11,0.009905731,0.99009424,2.0,0.88229644,0.99009424,0.99009424
2013-10-15 00:00:00,4.8080246e-06,0.545882,0.45411322,1.0,0.4290307,0.45411536,0.545882
2013-10-16 00:00:00,0.028184332,0.97179013,2.555701e-05,1.0,0.024449568,0.012723442,0.97179013
2013-10-17 00:00:00,7.878174e-05,0.9994328,0.0004884068,1.0,0.045360476,0.0005239003,0.9994328
2013-10-18 00:00:00,5.3182316e-06,0.9981628,0.0018318582,1.0,0.046550225,0.0018342541,0.9981628
2013-10-21 00:00:00,1.2004716e-06,0.99170816,0.008290649,1.0,0.052015226,0.0082911905,0.99170816
2013-10-22 00:00:00,6.583877e-17,0.26414612,0.7358539,2.0,0.66729337,0.7358539,0.7358539
2013-10-23 00:00:00,2.9138452e-14,0.0071461787,0.9928538,2.0,0.88463014,0.9928538,0.9928538
2013-10-24 00:00:00,3.0167449e-21,7.255186e-06,0.9999927,2.0,0.8906673,0.9999927,0.9999927
2013-10-25 00:00:00,3.904918e-18,4.286546e-06,0.9999957,2.0,0.8906698,0.9999957,0.9999957
2013-10-28 00:00:00,1.8574708e-15,0.00014892916,0.99985105,2.0,0.8905475,0.99985105,0.99985105
2013-10-29 00:00:00,4.4975065e-10,0.05573672,0.9442633,2.0,0.84353864,0.9442633,0.9442633
2013-10-30 00:00:00,0.00012705452,0.86631906,0.13355389,1.0,0.15785453,0.13361114,0.86631906
2013-10-31 00:00:00,0.71069884,0.20955871,0.07974245,0.0,-0.40643117,0.39993355,0.71069884
2013-11-01 00:00:00,0.98651725,3.3396383e-08,0.013482714,0.0,-0.6638363,0.45793825,0.98651725
2013-11-04 00:00:00,0.99780446,4.6254325e-08,0.0021954887,0.0,-0.6816222,0.45173627,0.99780446
2013-11-05 00:00:00,0.9990758,2.0565762e-29,0.0009242351,0.0,-0.6836254,0.45103776,0.9990758
2013-11-06 00:00:00,0.43397197,0.56601363,1.4367953e-05,1.0,-0.27182007,0.19553173,0.56601363
2013-11-07 00:00:00,0.9944283,2.0740493e-23,0.005571712,0.0,-0.67630213,0.4535914,0.9944283
2013-11-08 00:00:00,0.999848,0.0,0.00015199493,0.0,-0.6848423,0.45061344,0.999848
2013-11-11 00:00:00,0.99955237,9.2255e-38,0.00044763344,0.0,-0.6843764,0.4507759,0.99955237
2013-11-12 00:00:00,0.99857265,3.2731767e-12,0.0014273289,0.0,-0.68283266,0.4513142,0.99857265
2013-11-13 00:00:00,0.9961969,0.003233256,0.00056979584,0.0,-0.6818234,0.44938633,0.9961969
2013-11-14 00:00:00,0.9999943,0.0,5.7393936e-06,0.0,-0.6850727,0.4505331,0.9999943
2013-11-15 00:00:00,0.9999315,0.0,6.849236e-05,0.0,-0.68497384,0.45056757,0.9999315
2013-11-18 00:00:00,0.99981004,0.0,0.00018997693,0.0,-0.6847824,0.45063433,0.99981004
2013-11-19 00:00:00,0.9999887,0.0,1.1352659e-05,0.0,-0.6850639,0.45053616,0.9999887
2013-11-20 00:00:00,1.0,0.0,2.7909057e-12,0.0,-0.6850818,0.45052993,1.0
2013-11-21 00:00:00,1.0,0.0,6.059185e-11,0.0,-0.6850818,0.45052993,1.0
2013-11-22 00:00:00,0.99999833,0.0,1.652347e-06,0.0,-0.68507916,0.45053083,0.99999833
2013-11-25 00:00:00,0.999999,0.0,1.019245e-06,0.0,-0.6850802,0.4505305,0.999999
2013-11-26 00:00:00,0.9998298,0.0,0.00017015918,0.0,-0.6848136,0.45062342,0.9998298
2013-11-27 00:00:00,0.99958783,3.1229788e-35,0.00041215844,0.0,-0.6844323,0.4507564,0.99958783
2013-11-28 00:00:00,0.5681145,0.43187746,8.009497e-06,0.0,-0.36976114,0.2559606,0.5681145
2013-11-29 00:00:00,0.011406911,0.9885664,2.6689833e-05,1.0,0.0366995,0.005165844,0.9885664
2013-12-02 00:00:00,0.007992725,0.99200416,3.1401842e-06,1.0,0.039172236,0.003604102,0.99200416
2013-12-03 00:00:00,0.0002841172,0.9996811,3.478952e-05,1.0,0.044826955,0.00016279281,0.9996811
2013-12-04 00:00:00,0.0038091019,0.9961819,9.015136e-06,1.0,0.042231612,0.0017251296,0.9961819
2013-12-05 00:00:00,6.7438186e-12,0.997002,0.0029980096,1.0,0.047540285,0.0029980096,0.997002
2013-12-06 00:00:00,7.8466053e-19,0.9547698,0.04523024,1.0,0.08325475,0.04523024,0.9547698
2013-12-09 00:00:00,3.6019518e-18,0.916055,0.08394496,1.0,0.11599457,0.08394496,0.916055
2013-12-10 00:00:00,7.242954e-18,0.8815385,0.11846147,1.0,0.14518408,0.11846147,0.8815385
2013-12-11 00:00:00,1.6692972e-15,0.8721498,0.12785016,1.0,0.15312381,0.12785016,0.8721498
2013-12-12 00:00:00,7.336433e-16,0.8446342,0.15536582,1.0,0.17639294,0.15536582,0.8446342
2013-12-13 00:00:00,3.2187857e-11,0.9190012,0.08099878,1.0,0.113503076,0.08099878,0.9190012
2013-12-16 00:00:00,4.750783e-12,0.9444006,0.05559937,1.0,0.092023596,0.05559937,0.9444006
2013-12-17 00:00:00,3.242492e-08,0.98536205,0.014637935,1.0,0.05738378,0.01463795,0.98536205
2013-12-18 00:00:00,4.0459067e-11,0.5490077,0.45099226,1.0,0.4263949,0.45099226,0.5490077
2013-12-19 00:00:00,1.2772343e-06,0.9114838,0.0885149,1.0,0.119858295,0.088515475,0.9114838
2013-12-20 00:00:00,0.00092980376,0.99862474,0.00044545517,1.0,0.04470283,0.0008643596,0.99862474
2013-12-23 00:00:00,3.826345e-05,0.9894218,0.010539926,1.0,0.05389031,0.010557164,0.9894218
2013-12-24 00:00:00,0.0018441228,0.9980384,0.00011744958,1.0,0.043757915,0.0009482821,0.9980384
2013-12-25 00:00:00,0.0036319727,0.99633104,3.6983776e-05,1.0,0.042384584,0.0016732962,0.99633104
2013-12-26 00:00:00,0.005228097,0.994745,2.6868976e-05,1.0,0.041210722,0.002382283,0.994745
2013-12-27 00:00:00,5.2311007e-05,0.99754304,0.002404656,1.0,0.04700031,0.0024282236,0.99754304
2013-12-30 00:00:00,3.850181e-13,0.004144412,0.99585557,2.0,0.88716865,0.99585557,0.99585557
2013-12-31 00:00:00,0.0001422113,0.75884587,0.24101193,1.0,0.24871734,0.24107601,0.75884587
2014-01-01 00:00:00,2.9069454e-06,0.9622606,0.03773651,1.0,0.07691541,0.037737817,0.9622606
2014-01-02 00:00:00,0.008815837,0.99118316,1.0022246e-06,1.0,0.038569484,0.003972801,0.99118316
2014-01-03 00:00:00,0.96980864,6.92889e-21,0.03019136,0.0,-0.63750756,0.4671192,0.96980864
2014-01-06 00:00:00,0.99731773,7.061226e-19,0.0026822519,0.0,-0.6808552,0.45200375,0.99731773
2014-01-07 00:00:00,0.9994631,3.409215e-39,0.0005369459,0.0,-0.6842357,0.45082498,0.9994631
2014-01-08 00:00:00,0.9999897,0.0,1.029476e-05,0.0,-0.68506557,0.4505356,0.9999897
2014-01-09 00:00:00,0.9995091,7.083796e-36,0.000490888,0.0,-0.68430823,0.45079967,0.9995091
2014-01-10 00:00:00,0.99972856,2.5410432e-07,0.0002711859,0.0,-0.68465424,0.45067883,0.99972856
2014-01-13 00:00:00,0.9994991,7.931825e-13,0.00050089223,0.0,-0.6842925,0.45080516,0.9994991
2014-01-14 00:00:00,0.9993673,1.9429042e-16,0.00063272176,0.0,-0.6840848,0.4508776,0.9993673
2014-01-15 00:00:00,0.99960846,3.0794828e-10,0.0003915342,0.0,-0.6844648,0.45074508,0.99960846
2014-01-16 00:00:00,0.939188,0.060775768,3.624575e-05,0.0,-0.6406531,0.42316854,0.939188
2014-01-17 00:00:00,0.9992022,2.759705e-29,0.0007977941,0.0,-0.68382466,0.4509683,0.9992022
2014-01-20 00:00:00,0.99954224,5.791541e-39,0.00045774947,0.0,-0.68436044,0.45078146,0.99954224
2014-01-21 00:00:00,0.9992995,1.8042738e-23,0.0007004958,0.0,-0.68397796,0.45091483,0.9992995
2014-01-22 00:00:00,0.99930596,1.4171721e-26,0.0006940345,0.0,-0.68398815,0.45091128,0.99930596
2014-01-23 00:00:00,0.51882386,0.48116946,6.7126134e-06,0.0,-0.33377576,0.23375238,0.51882386
2014-01-24 00:00:00,0.99837947,8.832287e-07,0.0016196624,0.0,-0.6825289,0.4514195,0.99837947
2014-01-27 00:00:00,0.999386,4.4495406e-32,0.0006139877,0.0,-0.6841143,0.4508673,0.999386
2014-01-28 00:00:00,0.99935824,2.6950913e-15,0.0006417487,0.0,-0.6840705,0.45088255,0.99935824
2014-01-29 00:00:00,0.9992673,3.6443412e-22,0.00073274807,0.0,-0.6839271,0.45093256,0.9992673
2014-01-30 00:00:00,0.9992594,6.458475e-22,0.0007406139,0.0,-0.6839147,0.45093688,0.9992594
2014-01-31 00:00:00,0.99928623,6.691254e-19,0.0007137475,0.0,-0.6839571,0.4509221,0.99928623
2014-02-03 00:00:00,0.99927884,8.925872e-22,0.000721168,0.0,-0.68394536,0.45092618,0.99927884
2014-02-04 00:00:00,0.99928916,1.5360535e-19,0.0007108258,0.0,-0.6839617,0.45092052,0.99928916
2014-02-05 00:00:00,0.9824659,0.01745979,7.4272415e-05,0.0,-0.67221755,0.4427046,0.9824659
2014-02-06 00:00:00,0.45611832,0.5438756,6.0864977e-06,1.0,-0.28799582,0.20550103,0.5438756
2014-02-07 00:00:00,0.6956964,0.30407038,0.00023321455,0.0,-0.46271652,0.31366527,0.6956964
2014-02-10 00:00:00,0.24301104,0.75697404,1.4925944e-05,1.0,-0.13240156,0.10949867,0.75697404
2014-02-11 00:00:00,0.16508117,0.8348498,6.9039095e-05,1.0,-0.075460225,0.07444305,0.8348498
2014-02-12 00:00:00,0.015785348,0.984213,1.6740603e-06,1.0,0.033481706,0.007113445,0.984213
2014-02-13 00:00:00,0.0055493335,0.9944405,1.0150587e-05,1.0,0.04096205,0.0025102915,0.9944405
2014-02-14 00:00:00,1.6098293e-05,0.9987115,0.0012723937,1.0,0.046069235,0.0012796465,0.9987115
2014-02-17 00:00:00,8.166515e-06,0.9983756,0.001616245,1.0,0.04636581,0.0016199243,0.9983756
2014-02-18 00:00:00,2.697737e-08,0.99324435,0.0067556216,1.0,0.05071796,0.0067556337,0.99324435
2014-02-19 00:00:00,2.5400084e-07,0.99819595,0.0018038143,1.0,0.046530206,0.0018039288,0.99819595
2014-02-20 00:00:00,0.017014913,0.9829836,1.4739693e-06,1.0,0.032583848,0.007667202,0.9829836
2014-02-21 00:00:00,0.012010583,0.9879852,4.2326965e-06,1.0,0.036239777,0.00541536,0.9879852
2014-02-24 00:00:00,0.01118233,0.98881334,4.3302234e-06,1.0,0.036844555,0.0050423043,0.98881334
2014-02-25 00:00:00,0.0032606132,0.99671555,2.3850362e-05,1.0,0.0426446,0.0014928542,0.99671555
2014-02-26 00:00:00,0.01733779,0.982661,1.1760335e-06,1.0,0.03234787,0.0078123687,0.982661
2014-02-27 00:00:00,0.00012690149,0.9985027,0.0013704173,1.0,0.04607123,0.0014275901,0.9985027
2014-02-28 00:00:00,2.815617e-19,5.080747e-05,0.9999492,2.0,0.8906305,0.9999492,0.9999492
2014-03-03 00:00:00,1.0856228e-08,0.074629724,0.9253703,2.0,0.82756144,0.9253703,0.9253703
2014-03-04 00:00:00,7.391077e-10,0.05779921,0.9422008,2.0,0.8417945,0.9422008,0.9422008
2014-03-05 00:00:00,1.7646511e-07,0.2505948,0.749405,2.0,0.6787531,0.74940515,0.749405
2014-03-06 00:00:00,5.7396504e-14,0.061331246,0.9386687,2.0,0.8388075,0.9386687,0.9386687
2014-03-07 00:00:00,1.21705935e-11,0.032574046,0.96742594,2.0,0.8631266,0.96742594,0.96742594
2014-03-10 00:00:00,1.3133931e-10,0.043084085,0.9569159,2.0,0.85423857,0.9569159,0.9569159
2014-03-11 00:00:00,2.0487028e-09,0.16294952,0.8370505,2.0,0.75287217,0.8370505,0.8370505
2014-03-12 00:00:00,1.1086716e-19,0.00039354296,0.99960643,2.0,0.8903406,0.99960643,0.99960643
2014-03-13 00:00:00,3.374728e-07,0.15137711,0.84862256,2.0,0.76265806,0.8486227,0.84862256
2014-03-14 00:00:00,1.6616085e-09,0.17200933,0.82799065,2.0,0.7452106,0.82799065,0.82799065
2014-03-17 00:00:00,1.6585057e-09,0.1827913,0.8172087,2.0,0.7360926,0.8172087,0.8172087
2014-03-18 00:00:00,5.4931775e-06,0.5925986,0.4073959,1.0,0.38952282,0.40739837,0.5925986
2014-03-19 00:00:00,0.0011965953,0.99829507,0.00050832593,1.0,0.04456122,0.0010474279,0.99829507
2014-03-20 00:00:00,0.0035601952,0.99643165,8.1737335e-06,1.0,0.042412624,0.0016121482,0.99643165
2014-03-21 00:00:00,0.0041440367,0.99584925,6.716868e-06,1.0,0.041985136,0.0018737294,0.99584925
2014-03-24 00:00:00,0.00061102543,0.9993575,3.1425425e-05,1.0,0.044585437,0.00030671066,0.9993575
2014-03-25 00:00:00,0.002295099,0.9976929,1.2028692e-05,1.0,0.043339513,0.0010460394,0.9976929
2014-03-26 00:00:00,0.0005262529,0.9994396,3.4159177e-05,1.0,0.04464964,0.00027125186,0.9994396
2014-03-27 00:00:00,0.0063257674,0.9936712,3.0333015e-06,1.0,0.04038917,0.002852981,0.9936712
2014-03-28 00:00:00,0.8754621,0.11902523,0.005512677,0.0,-0.5894964,0.39993456,0.8754621
2014-03-31 00:00:00,0.3651923,0.634804,3.6788024e-06,1.0,-0.22161399,0.16453375,0.634804
2014-04-01 00:00:00,0.05482044,0.945176,3.5617077e-06,1.0,0.004984299,0.024701811,0.945176
2014-04-02 00:00:00,0.017493315,0.98250484,1.8348252e-06,1.0,0.032234877,0.007883097,0.98250484
2014-04-03 00:00:00,0.98088884,1.6141304e-37,0.019111179,0.0,-0.65496725,0.46103096,0.98088884
2014-04-04 00:00:00,0.99970204,0.0,0.00029794173,0.0,-0.6846123,0.45069364,0.99970204
2014-04-07 00:00:00,0.9993955,4.4658456e-33,0.0006045323,0.0,-0.6841292,0.4508621,0.9993955
2014-04-08 00:00:00,0.9998286,3.351779e-05,0.00013793496,0.0,-0.68483996,0.4505906,0.9998286
2014-04-09 00:00:00,0.99183637,0.008106911,5.6693567e-05,0.0,-0.6790737,0.44690868,0.99183637
2014-04-10 00:00:00,0.826089,0.17391038,6.144174e-07,0.0,-0.55811113,0.37217844,0.826089
2014-04-11 00:00:00,0.21044576,0.7895502,4.027195e-06,1.0,-0.10863529,0.09481614,0.7895502
2014-04-14 00:00:00,0.99200153,4.551522e-18,0.00799848,0.0,-0.67247814,0.45492485,0.99200153
2014-04-15 00:00:00,0.9987817,1.632829e-23,0.0012183194,0.0,-0.683162,0.45119935,0.9987817
2014-04-16 00:00:00,0.9450124,0.054987434,1.9510625e-07,0.0,-0.64493585,0.42575654,0.9450124
2014-04-17 00:00:00,0.8627515,0.13724808,4.182471e-07,0.0,-0.5848781,0.38869578,0.8627515
2014-04-18 00:00:00,0.80934465,0.19065502,3.314644e-07,0.0,-0.5458865,0.3646343,0.80934465
2014-04-21 00:00:00,0.87694126,0.12301423,4.451661e-05,0.0,-0.59520054,0.3951328,0.87694126
2014-04-22 00:00:00,0.34596637,0.65403324,3.801834e-07,1.0,-0.20758016,0.15586859,0.65403324
2014-04-23 00:00:00,0.33267206,0.66732705,8.748853e-07,1.0,-0.19787376,0.14987959,0.66732705
2014-04-24 00:00:00,0.09989035,0.90000176,0.000107900916,1.0,-0.027832411,0.045111496,0.90000176
2014-04-25 00:00:00,0.04262258,0.9573179,5.950104e-05,1.0,0.0139371,0.01926225,0.9573179
2014-04-28 00:00:00,0.031138321,0.9688261,3.5584533e-05,1.0,0.022301381,0.01406433,0.9688261
2014-04-29 00:00:00,0.1253921,0.8746071,8.2137444e-07,1.0,-0.046541452,0.056493714,0.8746071
2014-04-30 00:00:00,0.02009494,0.97972345,0.00018158223,1.0,0.030487472,0.009234955,0.97972345
2014-05-01 00:00:00,0.0031292592,0.1741404,0.82273036,2.0,0.73847747,0.8241402,0.82273036
2014-05-02 00:00:00,1.5890537e-07,1.02322e-06,0.9999988,2.0,0.8906723,0.99999887,0.9999988
2014-05-05 00:00:00,8.495407e-05,4.643705e-05,0.99986863,2.0,0.8905003,0.9999069,0.99986863
2014-05-06 00:00:00,4.310371e-05,2.207145e-05,0.99993485,2.0,0.89058685,0.9999542,0.99993485
2014-05-07 00:00:00,0.16738342,0.82651055,0.0061060605,1.0,-0.072035745,0.0815173,0.82651055
2014-05-08 00:00:00,0.86594605,0.1335093,0.0005446469,0.0,-0.58675015,0.39067927,0.86594605
2014-05-09 00:00:00,0.9990703,3.379828e-39,0.00092971476,0.0,-0.68361676,0.45104077,0.9990703
2014-05-12 00:00:00,0.9998375,2.2782685e-07,0.00016223203,0.0,-0.68482596,0.45061898,0.9998375
2014-05-13 00:00:00,0.999326,2.0101152e-25,0.00067402085,0.0,-0.6840197,0.4509003,0.999326
2014-05-14 00:00:00,0.99928606,2.3092037e-27,0.0007139412,0.0,-0.68395674,0.45092222,0.99928606
2014-05-15 00:00:00,0.99932027,6.186532e-21,0.0006797225,0.0,-0.6840107,0.45090342,0.99932027
2014-05-16 00:00:00,0.99940145,2.8762951e-37,0.0005985536,0.0,-0.6841386,0.45085883,0.99940145
2014-05-19 00:00:00,0.99949497,4.496211e-13,0.0005050551,0.0,-0.68428594,0.45080745,0.99949497
2014-05-20 00:00:00,0.99918514,4.4275915e-26,0.0008148743,0.0,-0.6837977,0.45097768,0.99918514
2014-05-21 00:00:00,0.99958944,0.0,0.0004105367,0.0,-0.6844349,0.4507555,0.99958944
2014-05-22 00:00:00,0.9999806,0.0,1.9395531e-05,0.0,-0.6850512,0.4505406,0.9999806
2014-05-23 00:00:00,0.99999833,0.0,1.6818542e-06,0.0,-0.6850791,0.45053086,0.99999833
2014-05-26 00:00:00,0.99999803,0.0,1.9667177e-06,0.0,-0.6850787,0.450531,0.99999803
2014-05-27 00:00:00,0.99998355,0.0,1.6453354e-05,0.0,-0.68505585,0.45053896,0.99998355
2014-05-28 00:00:00,1.0,0.0,2.1343894e-13,0.0,-0.6850818,0.45052993,1.0
2014-05-29 00:00:00,1.0,0.0,3.750333e-12,0.0,-0.6850818,0.45052993,1.0
2014-05-30 00:00:00,1.0,0.0,5.898714e-09,0.0,-0.6850818,0.45052993,1.0
2014-06-02 00:00:00,1.0,0.0,1.75635e-11,0.0,-0.6850818,0.45052993,1.0
2014-06-03 00:00:00,1.0,0.0,2.6275856e-15,0.0,-0.6850818,0.45052993,1.0
2014-06-04 00:00:00,1.0,0.0,2.597668e-15,0.0,-0.6850818,0.45052993,1.0
2014-06-05 00:00:00,0.9999683,0.0,3.1699226e-05,0.0,-0.68503183,0.45054734,0.9999683
2014-06-06 00:00:00,0.9975974,4.7014608e-32,0.002402609,0.0,-0.6812959,0.4518501,0.9975974
2014-06-09 00:00:00,0.9996979,0.0,0.00030205754,0.0,-0.6846058,0.4506959,0.9996979
2014-06-10 00:00:00,0.999816,0.0,0.0001840115,0.0,-0.6847918,0.45063105,0.999816
2014-06-11 00:00:00,0.9999538,0.0,4.6192963e-05,0.0,-0.685009,0.45055532,0.9999538
2014-06-12 00:00:00,0.9996645,0.0,0.00033553067,0.0,-0.684553,0.4507143,0.9996645
2014-06-13 00:00:00,0.99908596,0.0,0.00091403106,0.0,-0.6836415,0.45103216,0.99908596
2014-06-16 00:00:00,0.99650395,1.7656e-41,0.0034960348,0.0,-0.6795729,0.4524509,0.99650395
2014-06-17 00:00:00,0.99815995,0.0,0.0018400485,0.0,-0.6821823,0.45154098,0.99815995
2014-06-18 00:00:00,0.99072164,9.287281e-14,0.009278385,0.0,-0.6704613,0.45562813,0.99072164
2014-06-19 00:00:00,0.7007831,0.2983374,0.0008795624,0.0,-0.4658836,0.3166033,0.7007831
2014-06-20 00:00:00,0.051227532,0.94873834,3.41425e-05,1.0,0.007633296,0.02311368,0.94873834
2014-06-23 00:00:00,0.38112026,0.6086397,0.010239997,1.0,-0.22458625,0.18194608,0.6086397
2014-06-24 00:00:00,0.011871236,0.98811907,9.7196935e-06,1.0,0.03634615,0.005358067,0.98811907
2014-06-25 00:00:00,0.035007454,0.964983,9.5580735e-06,1.0,0.019454569,0.015781464,0.964983
2014-06-26 00:00:00,0.12924603,0.8707469,7.077676e-06,1.0,-0.04934986,0.05823628,0.8707469
2014-06-27 00:00:00,0.1679829,0.8320125,4.6270357e-06,1.0,-0.07763322,0.075685956,0.8320125
2014-06-30 00:00:00,0.016543576,0.98326075,0.00019569196,1.0,0.03309221,0.0076490687,0.98326075
2014-07-01 00:00:00,0.017771753,0.98221904,9.221826e-06,1.0,0.03203784,0.008015928,0.98221904
2014-07-02 00:00:00,0.02496487,0.97503036,4.739027e-06,1.0,0.02678245,0.011252161,0.97503036
2014-07-03 00:00:00,0.63481444,0.3618765,0.0033090562,0.0,-0.41566628,0.28931198,0.63481444
2014-07-04 00:00:00,0.92348945,0.076132156,0.00037840506,0.0,-0.62890244,0.41643804,0.92348945
2014-07-07 00:00:00,0.9334114,0.066588186,4.111517e-07,0.0,-0.63646597,0.4205302,0.9334114
2014-07-08 00:00:00,0.7384785,0.2613698,0.00015176614,0.0,-0.49402002,0.3328584,0.7384785
2014-07-09 00:00:00,0.54947704,0.43469116,0.01583179,0.0,-0.34277248,0.26338765,0.54947704
2014-07-10 00:00:00,0.31939378,0.68059886,7.3723163e-06,1.0,-0.18817396,0.14390384,0.68059886
2014-07-11 00:00:00,0.12387856,0.87610394,1.7496293e-05,1.0,-0.045422334,0.055828497,0.87610394
2014-07-14 00:00:00,0.100833915,0.89916295,3.127459e-06,1.0,-0.028609894,0.045431823,0.89916295
2014-07-15 00:00:00,0.21062489,0.7893739,1.2276631e-06,1.0,-0.10876844,0.094894044,0.7893739
2014-07-16 00:00:00,0.99749035,9.997527e-05,0.00240966,0.0,-0.68121177,0.45180893,0.99749035
2014-07-17 00:00:00,0.99903333,3.313708e-20,0.0009666555,0.0,-0.6835586,0.45106107,0.99903333
2014-07-18 00:00:00,0.999477,1.2209361e-11,0.0005229752,0.0,-0.6842577,0.4508173,0.999477
2014-07-21 00:00:00,0.9994019,4.1385363e-13,0.0005980838,0.0,-0.6841393,0.45085856,0.9994019
2014-07-22 00:00:00,0.99956596,0.0,0.00043403512,0.0,-0.6843978,0.4507684,0.99956596
2014-07-23 00:00:00,0.99995214,0.0,4.783925e-05,0.0,-0.6850064,0.45055622,0.99995214
2014-07-24 00:00:00,0.9997741,0.0,0.00022592998,0.0,-0.68472576,0.45065406,0.9997741
2014-07-25 00:00:00,1.0,0.0,1.4678449e-08,0.0,-0.6850817,0.45052993,1.0
2014-07-28 00:00:00,1.0,0.0,7.1830584e-13,0.0,-0.6850818,0.45052993,1.0
2014-07-29 00:00:00,1.0,0.0,3.038713e-14,0.0,-0.6850818,0.45052993,1.0
2014-07-30 00:00:00,1.0,0.0,2.4861886e-13,0.0,-0.6850818,0.45052993,1.0
2014-07-31 00:00:00,1.0,0.0,3.3784953e-10,0.0,-0.6850818,0.45052993,1.0
2014-08-01 00:00:00,0.9999723,0.0,2.7701542e-05,0.0,-0.6850381,0.45054516,0.9999723
2014-08-04 00:00:00,0.99999845,0.0,1.5205054e-06,0.0,-0.6850794,0.45053077,0.99999845
2014-08-05 00:00:00,1.0,0.0,4.0935724e-11,0.0,-0.6850818,0.45052993,1.0
2014-08-06 00:00:00,1.0,0.0,8.1194844e-14,0.0,-0.6850818,0.45052993,1.0
2014-08-07 00:00:00,1.0,0.0,2.0235476e-12,0.0,-0.6850818,0.45052993,1.0
2014-08-08 00:00:00,0.99999934,0.0,6.7077667e-07,0.0,-0.6850807,0.4505303,0.99999934
2014-08-11 00:00:00,1.0,0.0,6.7567363e-10,0.0,-0.6850818,0.45052993,1.0
2014-08-12 00:00:00,0.9999999,0.0,1.16472016e-07,0.0,-0.6850816,0.45053,0.9999999
2014-08-13 00:00:00,0.9999747,0.0,2.525456e-05,0.0,-0.68504196,0.45054382,0.9999747
2014-08-14 00:00:00,0.9999603,0.0,3.9725724e-05,0.0,-0.6850192,0.45055175,0.9999603
2014-08-15 00:00:00,0.99912554,0.0,0.00087448023,0.0,-0.6837038,0.45101044,0.99912554
2014-08-18 00:00:00,0.9999175,0.0,8.247895e-05,0.0,-0.6849518,0.45057526,0.9999175
2014-08-19 00:00:00,0.9997356,0.0,0.0002644349,0.0,-0.6846651,0.45067522,0.9997356
2014-08-20 00:00:00,0.99999875,0.0,1.2365891e-06,0.0,-0.6850798,0.45053062,0.99999875
2014-08-21 00:00:00,0.9999851,0.0,1.4902317e-05,0.0,-0.6850583,0.45053813,0.9999851
2014-08-22 00:00:00,0.99998355,0.0,1.6450073e-05,0.0,-0.68505585,0.45053896,0.99998355
2014-08-25 00:00:00,1.0,0.0,3.6805639e-09,0.0,-0.6850818,0.45052993,1.0
2014-08-26 00:00:00,1.0,0.0,1.810421e-08,0.0,-0.6850817,0.45052993,1.0
2014-08-27 00:00:00,0.99999213,0.0,7.875461e-06,0.0,-0.6850694,0.45053425,0.99999213
2014-08-28 00:00:00,0.9999932,0.0,6.7811784e-06,0.0,-0.6850711,0.45053366,0.9999932
2014-08-29 00:00:00,1.0,0.0,4.0112954e-13,0.0,-0.6850818,0.45052993,1.0
2014-09-01 00:00:00,1.0,0.0,1.2839572e-12,0.0,-0.6850818,0.45052993,1.0
2014-09-02 00:00:00,1.0,0.0,5.0480273e-09,0.0,-0.6850818,0.45052993,1.0
2014-09-03 00:00:00,0.99999994,0.0,4.2801634e-08,0.0,-0.6850817,0.45052996,0.99999994
2014-09-04 00:00:00,1.0,0.0,2.7838287e-28,0.0,-0.6850818,0.45052993,1.0
2014-09-05 00:00:00,1.0,0.0,2.404793e-34,0.0,-0.6850818,0.45052993,1.0
2014-09-08 00:00:00,1.0,0.0,3.2046202e-38,0.0,-0.6850818,0.45052993,1.0
2014-09-09 00:00:00,1.0,0.0,2.329877e-26,0.0,-0.6850818,0.45052993,1.0
2014-09-10 00:00:00,1.0,0.0,7.30543e-29,0.0,-0.6850818,0.45052993,1.0
2014-09-11 00:00:00,1.0,0.0,2.3319867e-27,0.0,-0.6850818,0.45052993,1.0
2014-09-12 00:00:00,1.0,0.0,9.4125235e-27,0.0,-0.6850818,0.45052993,1.0
2014-09-15 00:00:00,1.0,0.0,2.0042911e-25,0.0,-0.6850818,0.45052993,1.0
2014-09-16 00:00:00,1.0,0.0,9.256542e-19,0.0,-0.6850818,0.45052993,1.0
2014-09-17 00:00:00,1.0,0.0,9.849654e-24,0.0,-0.6850818,0.45052993,1.0
2014-09-18 00:00:00,1.0,0.0,1.4049116e-16,0.0,-0.6850818,0.45052993,1.0
2014-09-19 00:00:00,1.0,0.0,1.0393295e-21,0.0,-0.6850818,0.45052993,1.0
2014-09-22 00:00:00,1.0,0.0,2.208421e-14,0.0,-0.6850818,0.45052993,1.0
2014-09-23 00:00:00,1.0,0.0,2.500151e-13,0.0,-0.6850818,0.45052993,1.0
2014-09-24 00:00:00,1.0,0.0,4.085605e-22,0.0,-0.6850818,0.45052993,1.0
2014-09-25 00:00:00,1.0,0.0,2.5638287e-23,0.0,-0.6850818,0.45052993,1.0
2014-09-26 00:00:00,1.0,0.0,2.1198712e-25,0.0,-0.6850818,0.45052993,1.0
2014-09-29 00:00:00,1.0,0.0,2.865298e-24,0.0,-0.6850818,0.45052993,1.0
2014-09-30 00:00:00,1.0,0.0,4.4250268e-30,0.0,-0.6850818,0.45052993,1.0
2014-10-01 00:00:00,1.0,0.0,1.7702949e-33,0.0,-0.6850818,0.45052993,1.0
2014-10-02 00:00:00,0.9999997,0.0,3.208593e-07,0.0,-0.68508124,0.4505301,0.9999997
2014-10-03 00:00:00,1.0,0.0,5.2189053e-22,0.0,-0.6850818,0.45052993,1.0
2014-10-06 00:00:00,0.9999979,0.0,2.0781977e-06,0.0,-0.6850785,0.45053107,0.9999979
2014-10-07 00:00:00,0.99999994,0.0,3.3901514e-08,0.0,-0.6850817,0.45052996,0.99999994
2014-10-08 00:00:00,0.9982217,0.0,0.0017783234,0.0,-0.6822796,0.45150706,0.9982217
2014-10-09 00:00:00,0.99999046,0.0,9.508994e-06,0.0,-0.68506676,0.45053515,0.99999046
2014-10-10 00:00:00,1.0,0.0,1.23028514e-11,0.0,-0.6850818,0.45052993,1.0
2014-10-13 00:00:00,0.99997103,0.0,2.8987613e-05,0.0,-0.68503606,0.45054585,0.99997103
2014-10-14 00:00:00,1.0,0.0,3.3905995e-10,0.0,-0.6850818,0.45052993,1.0
2014-10-15 00:00:00,0.982958,2.7888262e-05,0.017014077,0.0,-0.6582514,0.4598661,0.982958
2014-10-16 00:00:00,0.9916286,1.1191589e-27,0.008371439,0.0,-0.67189044,0.45512977,0.9916286
2014-10-17 00:00:00,0.98849195,1.8935803e-12,0.01150805,0.0,-0.6669479,0.45685327,0.98849195
2014-10-20 00:00:00,0.98961806,1.5652396e-09,0.01038196,0.0,-0.66872233,0.4562345,0.98961806
2014-10-21 00:00:00,0.998658,3.4627538e-35,0.0013419769,0.0,-0.6829671,0.4512673,0.998658
2014-10-22 00:00:00,0.9993655,1.6243497e-35,0.0006345187,0.0,-0.6840819,0.4508786,0.9993655
2014-10-23 00:00:00,0.99848866,2.7968302e-24,0.0015113103,0.0,-0.68270034,0.45136034,0.99848866
2014-10-24 00:00:00,0.9928608,0.0056222,0.0015170053,0.0,-0.67858666,0.44883052,0.9928608
2014-10-27 00:00:00,0.9216591,0.077127494,0.0012133658,0.0,-0.62686,0.41644838,0.9216591
2014-10-28 00:00:00,0.008579751,0.98799425,0.0034259781,1.0,0.041638244,0.0072914124,0.98799425
2014-10-29 00:00:00,0.13549213,0.8560363,0.008471551,1.0,-0.046751916,0.06951481,0.8560363
2014-10-30 00:00:00,0.9587895,2.198816e-09,0.041210487,0.0,-0.6201441,0.47317386,0.9587895
2014-10-31 00:00:00,0.8679454,0.12980098,0.0022536677,0.0,-0.5867646,0.39328903,0.8679454
2014-11-03 00:00:00,0.99951386,2.31202e-40,0.00048613158,0.0,-0.68431574,0.45079705,0.99951386
2014-11-04 00:00:00,0.9991015,1.6817903e-24,0.0008984929,0.0,-0.683666,0.45102364,0.9991015
2014-11-05 00:00:00,0.99999994,0.0,7.213272e-08,0.0,-0.68508166,0.45052996,0.99999994
2014-11-06 00:00:00,1.0,0.0,3.269292e-10,0.0,-0.6850818,0.45052993,1.0
2014-11-07 00:00:00,0.99992245,0.0,7.755686e-05,0.0,-0.68495953,0.45057255,0.99992245
2014-11-10 00:00:00,1.0,0.0,1.2025492e-09,0.0,-0.6850818,0.45052993,1.0
2014-11-11 00:00:00,0.999871,0.0,0.00012900845,0.0,-0.68487847,0.4506008,0.999871
2014-11-12 00:00:00,1.0,0.0,4.765124e-16,0.0,-0.6850818,0.45052993,1.0
2014-11-13 00:00:00,1.0,0.0,2.8067814e-11,0.0,-0.6850818,0.45052993,1.0
2014-11-14 00:00:00,0.9999974,0.0,2.644193e-06,0.0,-0.6850776,0.4505314,0.9999974
2014-11-17 00:00:00,1.0,0.0,7.067918e-12,0.0,-0.6850818,0.45052993,1.0
2014-11-18 00:00:00,0.9998969,0.0,0.000103108396,0.0,-0.6849193,0.4505866,0.9998969
2014-11-19 00:00:00,0.99914074,1.1379799e-17,0.00085928635,0.0,-0.68372774,0.4510021,0.99914074
2014-11-20 00:00:00,0.999131,1.2117202e-19,0.00086899323,0.0,-0.6837124,0.45100743,0.999131
2014-11-21 00:00:00,1.0,0.0,2.1370923e-08,0.0,-0.6850817,0.45052993,1.0
2014-11-24 00:00:00,0.99999994,0.0,5.4966932e-08,0.0,-0.68508166,0.45052996,0.99999994
2014-11-25 00:00:00,0.9999998,0.0,1.8103415e-07,0.0,-0.6850815,0.45053002,0.9999998
2014-11-26 00:00:00,0.9994234,3.314212e-29,0.00057662337,0.0,-0.68417317,0.45084676,0.9994234
2014-11-27 00:00:00,0.9996672,4.776334e-39,0.0003327973,0.0,-0.6845574,0.4507128,0.9996672
2014-11-28 00:00:00,0.9993056,7.829329e-11,0.00069440715,0.0,-0.68398756,0.4509115,0.9993056
2014-12-01 00:00:00,0.958119,0.0417586,0.00012241695,0.0,-0.6544015,0.4317837,0.958119
2014-12-02 00:00:00,0.999814,0.0,0.00018604081,0.0,-0.6847886,0.45063215,0.999814
2014-12-03 00:00:00,0.9998444,0.0,0.00015560495,0.0,-0.68483657,0.45061544,0.9998444
2014-12-04 00:00:00,0.6316415,0.36833793,2.0569076e-05,0.0,-0.41613072,0.28459397,0.6316415
2014-12-05 00:00:00,0.9996802,0.0,0.00031978832,0.0,-0.6845779,0.45070565,0.9996802
2014-12-08 00:00:00,0.99924517,6.805559e-24,0.0007548265,0.0,-0.68389237,0.4509447,0.99924517
2014-12-09 00:00:00,0.9990968,9.398936e-16,0.0009031874,0.0,-0.68365854,0.4510262,0.9990968
2014-12-10 00:00:00,0.4885419,0.51125884,0.00019926068,1.0,-0.31150448,0.220302,0.51125884
2014-12-11 00:00:00,0.9952202,2.9074958e-13,0.004779806,0.0,-0.67754996,0.4531563,0.9952202
2014-12-12 00:00:00,0.9986806,3.0853167e-10,0.001319393,0.0,-0.6830027,0.4512549,0.9986806
2014-12-15 00:00:00,0.93665344,0.06319316,0.00015342301,0.0,-0.6387035,0.42214382,0.93665344
2014-12-16 00:00:00,0.9788335,0.020885834,0.00028069303,0.0,-0.669391,0.44127446,0.9788335
2014-12-17 00:00:00,0.9999901,0.0,9.886365e-06,0.0,-0.68506616,0.45053536,0.9999901
2014-12-18 00:00:00,0.9999999,0.0,1.3919667e-07,0.0,-0.68508154,0.45053002,0.9999999
2014-12-19 00:00:00,0.99985576,0.0,0.00014426946,0.0,-0.68485445,0.4506092,0.99985576
2014-12-22 00:00:00,0.9999923,0.0,7.683018e-06,0.0,-0.6850697,0.45053416,0.9999923
2014-12-23 00:00:00,1.0,0.0,5.8350624e-10,0.0,-0.6850818,0.45052993,1.0
2014-12-24 00:00:00,1.0,0.0,1.627219e-10,0.0,-0.6850818,0.45052993,1.0
2014-12-25 00:00:00,0.9999998,0.0,1.5665175e-07,0.0,-0.68508154,0.45053002,0.9999998
2014-12-26 00:00:00,1.0,0.0,1.9348068e-08,0.0,-0.6850817,0.45052993,1.0
2014-12-29 00:00:00,1.0,0.0,8.781777e-11,0.0,-0.6850818,0.45052993,1.0
2014-12-30 00:00:00,0.9999986,0.0,1.383314e-06,0.0,-0.6850796,0.45053068,0.9999986
2014-12-31 00:00:00,0.9999966,0.0,3.3871154e-06,0.0,-0.6850764,0.45053178,0.9999966
2015-01-01 00:00:00,1.0,0.0,1.6689183e-10,0.0,-0.6850818,0.45052993,1.0
2015-01-02 00:00:00,1.0,0.0,1.3312249e-09,0.0,-0.6850818,0.45052993,1.0
2015-01-05 00:00:00,1.0,0.0,2.5168922e-16,0.0,-0.6850818,0.45052993,1.0
2015-01-06 00:00:00,1.0,0.0,9.364502e-31,0.0,-0.6850818,0.45052993,1.0
2015-01-07 00:00:00,1.0,0.0,0.0,0.0,-0.6850818,0.45052993,1.0
2015-01-08 00:00:00,1.0,0.0,0.0,0.0,-0.6850818,0.45052993,1.0
2015-01-09 00:00:00,1.0,0.0,0.0,0.0,-0.6850818,0.45052993,1.0
2015-01-12 00:00:00,1.0,0.0,0.0,0.0,-0.6850818,0.45052993,1.0
2015-01-13 00:00:00,1.0,0.0,0.0,0.0,-0.6850818,0.45052993,1.0
2015-01-14 00:00:00,1.0,0.0,0.0,0.0,-0.6850818,0.45052993,1.0
2015-01-15 00:00:00,1.0,0.0,0.0,0.0,-0.6850818,0.45052993,1.0
2015-01-16 00:00:00,1.0,0.0,0.0,0.0,-0.6850818,0.45052993,1.0
2015-01-19 00:00:00,1.0,0.0,0.0,0.0,-0.6850818,0.45052993,1.0
2015-01-20 00:00:00,1.0,0.0,0.0,0.0,-0.6850818,0.45052993,1.0
2015-01-21 00:00:00,1.0,0.0,4e-44,0.0,-0.6850818,0.45052993,1.0
2015-01-22 00:00:00,1.0,0.0,0.0,0.0,-0.6850818,0.45052993,1.0
2015-01-23 00:00:00,1.0,0.0,0.0,0.0,-0.6850818,0.45052993,1.0
2015-01-26 00:00:00,1.0,0.0,0.0,0.0,-0.6850818,0.45052993,1.0
2015-01-27 00:00:00,1.0,0.0,0.0,0.0,-0.6850818,0.45052993,1.0
2015-01-28 00:00:00,1.0,0.0,0.0,0.0,-0.6850818,0.45052993,1.0
2015-01-29 00:00:00,1.0,0.0,0.0,0.0,-0.6850818,0.45052993,1.0
2015-01-30 00:00:00,1.0,0.0,0.0,0.0,-0.6850818,0.45052993,1.0
2015-02-02 00:00:00,1.0,0.0,1.309e-42,0.0,-0.6850818,0.45052993,1.0
2015-02-03 00:00:00,1.0,0.0,2.708075e-22,0.0,-0.6850818,0.45052993,1.0
2015-02-04 00:00:00,1.0,0.0,1.6765568e-32,0.0,-0.6850818,0.45052993,1.0
2015-02-05 00:00:00,1.0,0.0,3.420271e-15,0.0,-0.6850818,0.45052993,1.0
2015-02-06 00:00:00,1.0,0.0,1.198761e-33,0.0,-0.6850818,0.45052993,1.0
2015-02-09 00:00:00,1.0,0.0,7.968169e-32,0.0,-0.6850818,0.45052993,1.0
2015-02-10 00:00:00,1.0,0.0,1.7144867e-27,0.0,-0.6850818,0.45052993,1.0
2015-02-11 00:00:00,1.0,0.0,7.1786914e-29,0.0,-0.6850818,0.45052993,1.0
2015-02-12 00:00:00,1.0,0.0,7.4736495e-10,0.0,-0.6850818,0.45052993,1.0
2015-02-13 00:00:00,0.9999985,0.0,1.507044e-06,0.0,-0.6850794,0.45053077,0.9999985
2015-02-16 00:00:00,1.0,0.0,8.847985e-12,0.0,-0.6850818,0.45052993,1.0
2015-02-17 00:00:00,0.9999756,0.0,2.4384377e-05,0.0,-0.68504333,0.45054334,0.9999756
2015-02-18 00:00:00,1.0,0.0,5.9150636e-09,0.0,-0.6850818,0.45052993,1.0
2015-02-19 00:00:00,0.9636679,0.0003418069,0.035990275,0.0,-0.62812036,0.4701515,0.9636679
2015-02-20 00:00:00,2.6823898e-07,0.60975826,0.3902415,1.0,0.3750197,0.39024162,0.60975826
2015-02-23 00:00:00,0.00052070234,0.48405716,0.5154221,2.0,0.48050106,0.5156567,0.5154221
2015-02-24 00:00:00,0.22985674,1.0321359e-05,0.77013296,2.0,0.52846676,0.8736903,0.77013296
2015-02-25 00:00:00,0.009460062,0.297836,0.69270396,2.0,0.6238962,0.696966,0.69270396
2015-02-26 00:00:00,0.8541721,0.0,0.14582789,0.0,-0.4552927,0.530658,0.8541721
2015-02-27 00:00:00,0.9781474,1.5455569e-28,0.021852601,0.0,-0.6506474,0.4625373,0.9781474
2015-03-02 00:00:00,0.999971,0.0,2.9004223e-05,0.0,-0.68503606,0.45054588,0.999971
2015-03-03 00:00:00,1.0,0.0,2.5894894e-12,0.0,-0.6850818,0.45052993,1.0
2015-03-04 00:00:00,1.0,0.0,8.628056e-10,0.0,-0.6850818,0.45052993,1.0
2015-03-05 00:00:00,1.0,0.0,5.5767474e-31,0.0,-0.6850818,0.45052993,1.0
2015-03-06 00:00:00,1.0,0.0,1.6246714e-36,0.0,-0.6850818,0.45052993,1.0
2015-03-09 00:00:00,1.0,0.0,2.298478e-39,0.0,-0.6850818,0.45052993,1.0
2015-03-10 00:00:00,1.0,0.0,0.0,0.0,-0.6850818,0.45052993,1.0
2015-03-11 00:00:00,1.0,0.0,0.0,0.0,-0.6850818,0.45052993,1.0
2015-03-12 00:00:00,1.0,0.0,0.0,0.0,-0.6850818,0.45052993,1.0
2015-03-13 00:00:00,1.0,0.0,0.0,0.0,-0.6850818,0.45052993,1.0
2015-03-16 00:00:00,1.0,0.0,0.0,0.0,-0.6850818,0.45052993,1.0
2015-03-17 00:00:00,1.0,0.0,0.0,0.0,-0.6850818,0.45052993,1.0
2015-03-18 00:00:00,1.0,0.0,5.98e-43,0.0,-0.6850818,0.45052993,1.0
2015-03-19 00:00:00,1.0,0.0,0.0,0.0,-0.6850818,0.45052993,1.0
2015-03-20 00:00:00,1.0,0.0,1.05e-43,0.0,-0.6850818,0.45052993,1.0
2015-03-23 00:00:00,1.0,0.0,5.255241e-25,0.0,-0.6850818,0.45052993,1.0
2015-03-24 00:00:00,1.0,0.0,3.1481164e-29,0.0,-0.6850818,0.45052993,1.0
2015-03-25 00:00:00,1.0,0.0,1.1020134e-25,0.0,-0.6850818,0.45052993,1.0
2015-03-26 00:00:00,1.0,0.0,4.047735e-18,0.0,-0.6850818,0.45052993,1.0
2015-03-27 00:00:00,1.0,0.0,3.831444e-17,0.0,-0.6850818,0.45052993,1.0
2015-03-30 00:00:00,1.0,0.0,1.839122e-20,0.0,-0.6850818,0.45052993,1.0
2015-03-31 00:00:00,1.0,0.0,4.142985e-29,0.0,-0.6850818,0.45052993,1.0
2015-04-01 00:00:00,1.0,0.0,2.670672e-17,0.0,-0.6850818,0.45052993,1.0
2015-04-02 00:00:00,0.99999964,0.0,3.7217578e-07,0.0,-0.6850812,0.45053014,0.99999964
2015-04-03 00:00:00,1.6830347e-08,2.945489e-07,0.9999997,2.0,0.89067316,0.9999997,0.9999997
2015-04-06 00:00:00,4.468104e-10,8.098e-11,1.0,2.0,0.89067346,1.0,1.0
2015-04-07 00:00:00,4.756407e-11,1.4302204e-09,1.0,2.0,0.89067346,1.0,1.0
2015-04-08 00:00:00,5.230818e-20,7.2392004e-06,0.9999928,2.0,0.8906673,0.9999928,0.9999928
2015-04-09 00:00:00,3.0398712e-06,8.3958833e-13,0.99999696,2.0,0.89066863,0.99999833,0.99999696
2015-04-10 00:00:00,1.3994147e-09,1.0493993e-07,0.9999999,2.0,0.89067334,0.9999999,0.9999999
2015-04-13 00:00:00,0.0003631384,5.024842e-14,0.9996369,2.0,0.8901012,0.99980044,0.9996369
2015-04-14 00:00:00,1.8461874e-06,9.164267e-11,0.99999815,2.0,0.89067054,0.999999,0.99999815
2015-04-15 00:00:00,0.99093336,0.0,0.009066636,0.0,-0.67079496,0.45551178,0.99093336
2015-04-16 00:00:00,0.04453005,0.4831268,0.47234315,1.0,0.4119399,0.4924053,0.4831268
2015-04-17 00:00:00,0.43220288,0.0009577764,0.56683934,2.0,0.20881753,0.76155967,0.56683934
2015-04-20 00:00:00,0.9996724,0.0,0.00032758707,0.0,-0.68456554,0.45070994,0.9996724
2015-04-21 00:00:00,0.9999733,0.0,2.670577e-05,0.0,-0.6850397,0.4505446,0.9999733
2015-04-22 00:00:00,1.0,0.0,2.5878023e-08,0.0,-0.6850817,0.45052993,1.0
2015-04-23 00:00:00,0.9983709,7.711775e-18,0.0016290982,0.0,-0.6825147,0.45142508,0.9983709
2015-04-24 00:00:00,0.9981494,5.561917e-05,0.0017949853,0.0,-0.6822127,0.45149118,0.9981494
2015-04-27 00:00:00,0.7322897,0.26161417,0.006096156,0.0,-0.4844747,0.33601457,0.7322897
2015-04-28 00:00:00,6.6567626e-11,0.9463198,0.053680185,1.0,0.09040061,0.053680185,0.9463198
2015-04-29 00:00:00,1.32627e-23,0.0012281605,0.99877185,2.0,0.88963485,0.99877185,0.99877185
2015-04-30 00:00:00,9.159796e-25,1.501606e-05,0.999985,2.0,0.89066076,0.999985,0.999985
2015-05-01 00:00:00,1.7534143e-12,0.10686058,0.8931394,2.0,0.80030483,0.8931394,0.8931394
2015-05-04 00:00:00,7.2726994e-12,0.26557025,0.7344298,2.0,0.66608906,0.7344298,0.7344298
2015-05-05 00:00:00,9.764512e-27,0.00047420512,0.9995258,2.0,0.89027244,0.9995258,0.9995258
2015-05-06 00:00:00,0.0,9.409358e-18,1.0,2.0,0.89067346,1.0,1.0
2015-05-07 00:00:00,0.0,1.6153346e-20,1.0,2.0,0.89067346,1.0,1.0
2015-05-08 00:00:00,0.0,3.9834275e-22,1.0,2.0,0.89067346,1.0,1.0
2015-05-11 00:00:00,0.0,1.5479338e-21,1.0,2.0,0.89067346,1.0,1.0
2015-05-12 00:00:00,0.0,1.2202648e-20,1.0,2.0,0.89067346,1.0,1.0
2015-05-13 00:00:00,0.0,1.4684947e-34,1.0,2.0,0.89067346,1.0,1.0
2015-05-14 00:00:00,0.0,3.5467092e-29,1.0,2.0,0.89067346,1.0,1.0
2015-05-15 00:00:00,0.0,5.273251e-28,1.0,2.0,0.89067346,1.0,1.0
2015-05-18 00:00:00,0.0,2.347336e-24,1.0,2.0,0.89067346,1.0,1.0
2015-05-19 00:00:00,4.4887547e-34,9.154088e-12,1.0,2.0,0.89067346,1.0,1.0
2015-05-20 00:00:00,1.5325658e-30,3.2015715e-10,1.0,2.0,0.89067346,1.0,1.0
2015-05-21 00:00:00,2.3682823e-21,3.9962208e-05,0.99996006,2.0,0.89063966,0.99996006,0.99996006
2015-05-22 00:00:00,1.0913694e-08,0.0033482478,0.99665177,2.0,0.88784194,0.99665177,0.99665177
2015-05-25 00:00:00,3.3863278e-06,0.00050543196,0.99949116,2.0,0.89024067,0.9994927,0.99949116
2015-05-26 00:00:00,0.09748226,9.611177e-29,0.90251774,2.0,0.73706526,0.9464364,0.90251774
2015-05-27 00:00:00,0.9999447,0.0,5.53218e-05,0.0,-0.6849946,0.45056033,0.9999447
2015-05-28 00:00:00,1.0,0.0,1.6408415e-09,0.0,-0.6850818,0.45052993,1.0
2015-05-29 00:00:00,0.99999976,0.0,2.481641e-07,0.0,-0.68508136,0.45053008,0.99999976
2015-06-01 00:00:00,1.0,0.0,2.4156975e-08,0.0,-0.6850817,0.45052993,1.0
2015-06-02 00:00:00,0.9571081,1.1495377e-16,0.042891912,0.0,-0.61749464,0.47409776,0.9571081
2015-06-03 00:00:00,0.9787252,4.5627146e-30,0.021274831,0.0,-0.65155786,0.4622198,0.9787252
2015-06-04 00:00:00,0.9369657,4.553384e-16,0.063034266,0.0,-0.58575517,0.4851654,0.9369657
2015-06-05 00:00:00,0.9817719,1.7708003e-33,0.018228116,0.0,-0.6563587,0.46054575,0.9817719
2015-06-08 00:00:00,8.5991195e-07,0.00066145184,0.9993377,2.0,0.8901127,0.9993381,0.9993377
2015-06-09 00:00:00,1.9247664e-06,3.4398417e-07,0.99999774,2.0,0.8906701,0.99999857,0.99999774
2015-06-10 00:00:00,0.008250706,1.765421e-17,0.9917493,2.0,0.8776723,0.9954665,0.9917493
2015-06-11 00:00:00,0.9675866,0.0,0.03241345,0.0,-0.6340061,0.46834016,0.9675866
2015-06-12 00:00:00,0.9999962,0.0,3.8334156e-06,0.0,-0.6850757,0.45053205,0.9999962
2015-06-15 00:00:00,0.98715234,4.2398696e-19,0.012847657,0.0,-0.664837,0.45758933,0.98715234
2015-06-16 00:00:00,0.012465452,0.27536774,0.7121668,2.0,0.6381611,0.71778286,0.7121668
2015-06-17 00:00:00,6.564977e-18,0.03601596,0.963984,2.0,0.8602159,0.963984,0.963984
2015-06-18 00:00:00,2.2937495e-18,0.008459648,0.9915404,2.0,0.88351935,0.9915404,0.9915404
2015-06-19 00:00:00,1.800144e-27,0.0004513776,0.9995486,2.0,0.89029175,0.9995486,0.9995486
2015-06-22 00:00:00,9.542597e-33,8.3511535e-05,0.9999165,2.0,0.8906028,0.9999165,0.9999165
2015-06-23 00:00:00,1.5817394e-22,0.0013530027,0.998647,2.0,0.8895292,0.998647,0.998647
2015-06-24 00:00:00,1.3179152e-24,0.00049437187,0.99950564,2.0,0.8902554,0.99950564,0.99950564
2015-06-25 00:00:00,1.5246644e-17,0.0062811105,0.99371886,2.0,0.8853617,0.99371886,0.99371886
2015-06-26 00:00:00,2.329636e-12,0.0062957467,0.99370426,2.0,0.88534933,0.99370426,0.99370426
2015-06-29 00:00:00,1.0772161e-23,0.0026329965,0.997367,2.0,0.8884468,0.997367,0.997367
2015-06-30 00:00:00,0.11622628,0.00031959047,0.88345414,2.0,0.707259,0.93581754,0.88345414
2015-07-01 00:00:00,0.9999844,0.0,1.5637852e-05,0.0,-0.6850571,0.45053852,0.9999844
2015-07-02 00:00:00,0.9997357,8.923e-42,0.00026431135,0.0,-0.68466526,0.45067516,0.9997357
2015-07-03 00:00:00,0.9841158,0.015214468,0.00066974136,0.0,-0.67291856,0.44404337,0.9841158
2015-07-06 00:00:00,1.0,0.0,9.784334e-09,0.0,-0.6850818,0.45052993,1.0
2015-07-07 00:00:00,1.0,0.0,2.8753157e-12,0.0,-0.6850818,0.45052993,1.0
2015-07-08 00:00:00,1.0,0.0,7.297872e-09,0.0,-0.6850818,0.45052993,1.0
2015-07-09 00:00:00,0.99999726,0.0,2.730997e-06,0.0,-0.6850775,0.45053142,0.99999726
2015-07-10 00:00:00,0.9994721,9.142379e-32,0.0005279128,0.0,-0.6842499,0.45082,0.9994721
2015-07-13 00:00:00,1.0,0.0,1.0062992e-12,0.0,-0.6850818,0.45052993,1.0
2015-07-14 00:00:00,1.0,0.0,4.543666e-09,0.0,-0.6850818,0.45052993,1.0
2015-07-15 00:00:00,1.0,0.0,5.322358e-25,0.0,-0.6850818,0.45052993,1.0
2015-07-16 00:00:00,1.0,0.0,1.5621093e-31,0.0,-0.6850818,0.45052993,1.0
2015-07-17 00:00:00,1.0,0.0,1.8253139e-35,0.0,-0.6850818,0.45052993,1.0
2015-07-20 00:00:00,1.0,0.0,4.390168e-34,0.0,-0.6850818,0.45052993,1.0
2015-07-21 00:00:00,1.0,0.0,1.0437295e-08,0.0,-0.6850818,0.45052993,1.0
2015-07-22 00:00:00,1.0,0.0,1.7715534e-11,0.0,-0.6850818,0.45052993,1.0
2015-07-23 00:00:00,0.9999998,0.0,1.8999282e-07,0.0,-0.6850815,0.45053002,0.9999998
2015-07-24 00:00:00,0.9999983,0.0,1.7091409e-06,0.0,-0.6850791,0.45053086,0.9999983
2015-07-27 00:00:00,0.99981165,2.17e-43,0.00018832179,0.0,-0.684785,0.4506334,0.99981165
2015-07-28 00:00:00,0.99835217,5.6855273e-17,0.0016478593,0.0,-0.68248516,0.4514354,0.99835217
2015-07-29 00:00:00,0.99800825,7.6566216e-13,0.0019917355,0.0,-0.6819433,0.45162433,0.99800825
2015-07-30 00:00:00,0.9999069,0.0,9.308294e-05,0.0,-0.6849351,0.45058107,0.9999069
2015-07-31 00:00:00,0.9997921,3.11e-43,0.00020788306,0.0,-0.6847542,0.45064417,0.9997921
2015-08-03 00:00:00,0.9991672,2.255542e-27,0.00083279883,0.0,-0.68376946,0.45098752,0.9991672
2015-08-04 00:00:00,0.9996753,4.28942e-40,0.00032472113,0.0,-0.6845701,0.45070836,0.9996753
2015-08-05 00:00:00,0.9999834,0.0,1.6650043e-05,0.0,-0.68505555,0.45053908,0.9999834
2015-08-06 00:00:00,0.99986106,0.0,0.00013894023,0.0,-0.68486285,0.4506063,0.99986106
2015-08-07 00:00:00,0.9999971,0.0,2.9359894e-06,0.0,-0.68507713,0.45053154,0.9999971
2015-08-10 00:00:00,0.5826833,0.41727242,4.424802e-05,0.0,-0.38036698,0.26256052,0.5826833
2015-08-11 00:00:00,0.09288404,0.9070857,3.022594e-05,1.0,-0.022782883,0.041877266,0.9070857
2015-08-12 00:00:00,2.1482248e-11,0.99791455,0.0020854557,1.0,0.04676857,0.0020854557,0.99791455
2015-08-13 00:00:00,9.825648e-18,0.98981625,0.0101837395,1.0,0.05361703,0.0101837395,0.98981625
2015-08-14 00:00:00,1.9021219e-18,0.98468566,0.015314342,1.0,0.05795582,0.015314342,0.98468566
2015-08-17 00:00:00,4.9391294e-14,0.99395084,0.0060491655,1.0,0.05012055,0.0060491655,0.99395084
2015-08-18 00:00:00,0.00021927225,0.9997117,6.9038775e-05,1.0,0.04490326,0.00016782749,0.9997117
2015-08-19 00:00:00,9.068012e-10,0.9990237,0.000976327,1.0,0.04583061,0.0009763274,0.9990237
2015-08-20 00:00:00,4.5933506e-14,0.9922541,0.0077459286,1.0,0.05155545,0.0077459286,0.9922541
2015-08-21 00:00:00,2.3732074e-31,0.0007009807,0.999299,2.0,0.89008063,0.999299,0.999299
2015-08-24 00:00:00,0.0,1.5064676e-10,1.0,2.0,0.89067346,1.0,1.0
2015-08-25 00:00:00,0.0,9.336175e-11,1.0,2.0,0.89067346,1.0,1.0
2015-08-26 00:00:00,4.578059e-29,4.023269e-06,0.999996,2.0,0.89067006,0.999996,0.999996
2015-08-27 00:00:00,8.039566e-23,8.117883e-05,0.9999188,2.0,0.8906048,0.9999188,0.9999188
2015-08-28 00:00:00,3.3781967e-13,0.003522329,0.99647766,2.0,0.8876947,0.99647766,0.99647766
2015-08-31 00:00:00,8.858937e-20,0.0003973704,0.9996026,2.0,0.8903374,0.9996026,0.9996026
2015-09-01 00:00:00,8.32229e-36,8.411543e-10,1.0,2.0,0.89067346,1.0,1.0
2015-09-02 00:00:00,1.9534681e-23,1.1985705e-05,0.999988,2.0,0.8906633,0.999988,0.999988
2015-09-03 00:00:00,1.1352806e-13,0.0011178689,0.9988821,2.0,0.88972807,0.9988821,0.9988821
2015-09-04 00:00:00,9.0302375e-13,0.0014546592,0.99854535,2.0,0.8894433,0.99854535,0.99854535
2015-09-07 00:00:00,1.5667059e-09,0.0009623881,0.9990376,2.0,0.88985956,0.9990376,0.9990376
2015-09-08 00:00:00,6.673695e-11,0.0013653348,0.99863464,2.0,0.8895188,0.99863464,0.99863464
2015-09-09 00:00:00,6.7503905e-05,6.257976e-05,0.99986994,2.0,0.89051414,0.99990034,0.99986994
2015-09-10 00:00:00,5.6071347e-08,0.0010605104,0.99893945,2.0,0.8897765,0.99893945,0.99893945
2015-09-11 00:00:00,3.3941203e-15,0.0020923913,0.9979076,2.0,0.888904,0.9979076,0.9979076
2015-09-14 00:00:00,1.027286e-15,0.0017949259,0.99820507,2.0,0.8891555,0.99820507,0.99820507
2015-09-15 00:00:00,1.9706912e-16,0.0014165768,0.99858344,2.0,0.88947546,0.99858344,0.99858344
2015-09-16 00:00:00,7.652328e-11,0.0061787074,0.99382126,2.0,0.8854483,0.99382126,0.99382126
2015-09-17 00:00:00,2.379916e-10,0.006737206,0.99326277,2.0,0.88497597,0.99326277,0.99326277
2015-09-18 00:00:00,0.12996739,1.4143312e-27,0.8700326,2.0,0.68587667,0.9285868,0.8700326
2015-09-21 00:00:00,1.0,0.0,9.7360164e-17,0.0,-0.6850818,0.45052993,1.0
2015-09-22 00:00:00,1.0,0.0,6.108051e-23,0.0,-0.6850818,0.45052993,1.0
2015-09-23 00:00:00,0.9998918,0.0,0.00010817257,0.0,-0.6849113,0.45058936,0.9998918
2015-09-24 00:00:00,0.9989105,6.5772123e-12,0.0010895248,0.0,-0.6833649,0.4511286,0.9989105
2015-09-25 00:00:00,0.7862117,0.21359962,0.00018862663,0.0,-0.5288383,0.35440055,0.7862117
2015-09-28 00:00:00,0.4569731,0.54287213,0.00015479552,1.0,-0.2884941,0.20603485,0.54287213
2015-09-29 00:00:00,0.99661654,4.9992825e-05,0.0033334515,0.0,-0.6797926,0.45233905,0.99661654
2015-09-30 00:00:00,0.9991982,3.0227334e-06,0.000798757,0.0,-0.6838209,0.45096746,0.9991982
2015-10-01 00:00:00,0.1979282,0.8018257,0.00024608703,1.0,-0.09929169,0.08941867,0.8018257
2015-10-02 00:00:00,0.008584798,0.9913564,5.885165e-05,1.0,0.038787086,0.0039265603,0.9913564
2015-10-05 00:00:00,0.005941593,0.9940163,4.2096373e-05,1.0,0.040702686,0.0027189618,0.9940163
2015-10-06 00:00:00,0.0019277507,0.99799436,7.7886885e-05,1.0,0.043663405,0.00094639626,0.99799436
2015-10-07 00:00:00,0.009614402,0.9903304,5.5183868e-05,1.0,0.038032282,0.0043867603,0.9903304
2015-10-08 00:00:00,0.012218272,0.98774445,3.7294376e-05,1.0,0.036116105,0.005541992,0.98774445
2015-10-09 00:00:00,0.010242019,0.9896964,6.160141e-05,1.0,0.037579495,0.004675938,0.9896964
2015-10-12 00:00:00,0.0044147884,0.995512,7.318377e-05,1.0,0.041843675,0.002062178,0.995512
2015-10-13 00:00:00,3.1585863e-05,0.9997712,0.00019725204,1.0,0.04514871,0.00021148242,0.9997712
2015-10-14 00:00:00,6.845009e-09,0.9987452,0.001254814,1.0,0.046066113,0.001254817,0.9987452
2015-10-15 00:00:00,0.95514804,0.008584439,0.036267534,0.0,-0.62166566,0.46659032,0.95514804
2015-10-16 00:00:00,0.33929265,0.65996253,0.0007448276,1.0,-0.20207821,0.15360631,0.65996253
2015-10-19 00:00:00,1.7440836e-05,0.99975514,0.00022739678,1.0,0.04518453,0.0002352544,0.99975514
2015-10-20 00:00:00,2.1971502e-13,0.99714506,0.002854956,1.0,0.04741931,0.002854956,0.99714506
2015-10-21 00:00:00,1.4942592e-07,0.999598,0.0004018059,1.0,0.045344647,0.00040187323,0.999598
2015-10-22 00:00:00,0.9648126,4.314222e-30,0.03518744,0.0,-0.629635,0.46986437,0.9648126
2015-10-23 00:00:00,0.99999505,0.0,4.926666e-06,0.0,-0.68507403,0.45053264,0.99999505
2015-10-26 00:00:00,0.9999968,0.0,3.2027147e-06,0.0,-0.6850767,0.4505317,0.9999968
2015-10-27 00:00:00,1.0,0.0,8.176517e-09,0.0,-0.6850818,0.45052993,1.0
2015-10-28 00:00:00,1.0,0.0,1.3802792e-10,0.0,-0.6850818,0.45052993,1.0
2015-10-29 00:00:00,0.99999994,0.0,7.6339546e-08,0.0,-0.68508166,0.45052996,0.99999994
2015-10-30 00:00:00,0.99999994,0.0,5.114045e-08,0.0,-0.68508166,0.45052996,0.99999994
2015-11-02 00:00:00,0.99999905,0.0,9.587349e-07,0.0,-0.68508023,0.45053047,0.99999905
2015-11-03 00:00:00,1.0,0.0,5.1448586e-15,0.0,-0.6850818,0.45052993,1.0
2015-11-04 00:00:00,1.0,0.0,4.121876e-21,0.0,-0.6850818,0.45052993,1.0
2015-11-05 00:00:00,1.0,0.0,3.3776823e-24,0.0,-0.6850818,0.45052993,1.0
2015-11-06 00:00:00,1.0,0.0,0.0,0.0,-0.6850818,0.45052993,1.0
2015-11-09 00:00:00,1.0,0.0,0.0,0.0,-0.6850818,0.45052993,1.0
2015-11-10 00:00:00,1.0,0.0,0.0,0.0,-0.6850818,0.45052993,1.0
2015-11-11 00:00:00,1.0,0.0,0.0,0.0,-0.6850818,0.45052993,1.0
2015-11-12 00:00:00,1.0,0.0,0.0,0.0,-0.6850818,0.45052993,1.0
2015-11-13 00:00:00,1.0,0.0,0.0,0.0,-0.6850818,0.45052993,1.0
2015-11-16 00:00:00,1.0,0.0,0.0,0.0,-0.6850818,0.45052993,1.0
2015-11-17 00:00:00,1.0,0.0,0.0,0.0,-0.6850818,0.45052993,1.0
2015-11-18 00:00:00,1.0,0.0,0.0,0.0,-0.6850818,0.45052993,1.0
2015-11-19 00:00:00,1.0,0.0,6.2573335e-18,0.0,-0.6850818,0.45052993,1.0
2015-11-20 00:00:00,1.0,0.0,1.2475795e-19,0.0,-0.6850818,0.45052993,1.0
2015-11-23 00:00:00,1.0,0.0,7.538901e-26,0.0,-0.6850818,0.45052993,1.0
2015-11-24 00:00:00,1.0,0.0,1.8048612e-22,0.0,-0.6850818,0.45052993,1.0
2015-11-25 00:00:00,1.0,0.0,3.5181378e-14,0.0,-0.6850818,0.45052993,1.0
2015-11-26 00:00:00,1.0,0.0,4.9995862e-24,0.0,-0.6850818,0.45052993,1.0
2015-11-27 00:00:00,1.0,0.0,2.1607848e-28,0.0,-0.6850818,0.45052993,1.0
2015-11-30 00:00:00,1.0,0.0,1.7769075e-32,0.0,-0.6850818,0.45052993,1.0
2015-12-01 00:00:00,1.0,0.0,4.179873e-18,0.0,-0.6850818,0.45052993,1.0
2015-12-02 00:00:00,1.0,0.0,5.847631e-11,0.0,-0.6850818,0.45052993,1.0
2015-12-03 00:00:00,0.66421044,0.0002804109,0.33550915,0.0,-0.15619674,0.63475585,0.66421044
2015-12-04 00:00:00,4.512949e-08,0.0049730334,0.99502695,2.0,0.8864678,0.99502695,0.99502695
2015-12-07 00:00:00,3.1805528e-05,0.00077356567,0.9991946,2.0,0.8899691,0.999209,0.9991946
2015-12-08 00:00:00,8.883133e-11,0.003467915,0.9965321,2.0,0.88774073,0.9965321,0.9965321
2015-12-09 00:00:00,2.5664655e-20,0.0026329318,0.9973671,2.0,0.88844687,0.9973671,0.9973671
2015-12-10 00:00:00,1.1567556e-09,0.0007563872,0.9992436,2.0,0.8900338,0.9992436,0.9992436
2015-12-11 00:00:00,7.5909663e-17,0.0022848328,0.9977152,2.0,0.88874125,0.9977152,0.9977152
2015-12-14 00:00:00,2.4002815e-27,0.0018434741,0.99815655,2.0,0.88911444,0.99815655,0.99815655
2015-12-15 00:00:00,1.4720543e-25,0.002089593,0.9979104,2.0,0.88890636,0.9979104,0.9979104
2015-12-16 00:00:00,3.3847468e-15,0.0031679627,0.996832,2.0,0.8879944,0.996832,0.996832
2015-12-17 00:00:00,4.5682278e-08,0.0008163621,0.9991836,2.0,0.889983,0.9991836,0.9991836
2015-12-18 00:00:00,1.1984447e-17,0.0060638636,0.9939361,2.0,0.88554543,0.9939361,0.9939361
2015-12-21 00:00:00,2.929415e-23,0.005860209,0.9941398,2.0,0.88571763,0.9941398,0.9941398
2015-12-22 00:00:00,5.9907615e-27,0.0030273346,0.9969727,2.0,0.8881133,0.9969727,0.9969727
2015-12-23 00:00:00,4.4821404e-24,0.0039836923,0.9960163,2.0,0.88730454,0.9960163,0.9960163
2015-12-24 00:00:00,5.0515166e-34,0.00014506503,0.9998549,2.0,0.89055073,0.9998549,0.9998549
2015-12-25 00:00:00,4.124665e-36,8.255195e-05,0.99991745,2.0,0.8906036,0.99991745,0.99991745
2015-12-28 00:00:00,1.4169e-41,2.498206e-05,0.999975,2.0,0.8906523,0.999975,0.999975
2015-12-29 00:00:00,5.6837367e-26,0.0030372897,0.9969627,2.0,0.8881049,0.9969627,0.9969627
2015-12-30 00:00:00,1.7782645e-29,0.0017831377,0.99821687,2.0,0.8891655,0.99821687,0.99821687
2015-12-31 00:00:00,0.2974427,2.5667364e-07,0.702557,2.0,0.42197636,0.8365639,0.702557
2016-01-01 00:00:00,0.9075386,0.061679397,0.030782018,0.0,-0.5915455,0.4396553,0.9075386
2016-01-04 00:00:00,0.46020103,0.53970146,9.749018e-05,1.0,-0.29089925,0.20743182,0.53970146
2016-01-05 00:00:00,0.9991668,0.0,0.00083322334,0.0,-0.6837688,0.45098776,0.9991668
2016-01-06 00:00:00,1.0,0.0,8.573204e-09,0.0,-0.6850818,0.45052993,1.0
2016-01-07 00:00:00,0.9701217,0.029748702,0.00012962794,0.0,-0.66315836,0.4371985,0.9701217
2016-01-08 00:00:00,0.9992081,5.130587e-12,0.0007919226,0.0,-0.6838339,0.45096508,0.9992081
2016-01-11 00:00:00,0.9998067,1e-45,0.00019331604,0.0,-0.68477714,0.45063615,0.9998067
2016-01-12 00:00:00,0.99924296,2.647687e-22,0.0007570206,0.0,-0.6838889,0.45094588,0.99924296
2016-01-13 00:00:00,0.5956169,0.40436068,2.243023e-05,0.0,-0.38982806,0.26836568,0.5956169
2016-01-14 00:00:00,0.106227204,0.8937583,1.450207e-05,1.0,-0.032537844,0.04787304,0.8937583
2016-01-15 00:00:00,0.0069479947,0.99301225,3.9776638e-05,1.0,0.03996596,0.003170056,0.99301225
2016-01-18 00:00:00,0.07445484,0.9250825,0.00046266848,1.0,-0.0089622615,0.0340068,0.9250825
2016-01-19 00:00:00,0.98237705,0.008113565,0.009509376,0.0,-0.6641737,0.45209965,0.98237705
2016-01-20 00:00:00,0.9986528,0.00071556243,0.00063164457,0.0,-0.683564,0.4505546,0.9986528
2016-01-21 00:00:00,0.99949837,9.727437e-33,0.0005016431,0.0,-0.6842913,0.45080557,0.99949837
2016-01-22 00:00:00,0.9999873,0.0,1.2670235e-05,0.0,-0.6850618,0.4505369,0.9999873
2016-01-25 00:00:00,0.99966496,1.2556699e-37,0.000335041,0.0,-0.6845538,0.45071402,0.99966496
2016-01-26 00:00:00,0.9992487,1.1227654e-11,0.0007513318,0.0,-0.68389785,0.45094275,0.9992487
2016-01-27 00:00:00,0.9990808,0.00060339493,0.00031585005,0.0,-0.68414354,0.45043164,0.9990808
2016-01-28 00:00:00,0.11446645,0.8853493,0.00018425906,1.0,-0.038409654,0.05175482,0.8853493
2016-01-29 00:00:00,0.93497527,0.058339335,0.0066854055,0.0,-0.63195443,0.42791975,0.93497527
2016-02-01 00:00:00,0.0672131,0.932343,0.00044391915,1.0,-0.0036910225,0.030725433,0.932343
2016-02-02 00:00:00,1.6967588e-08,0.9993962,0.0006037795,1.0,0.04551555,0.0006037872,0.9993962
2016-02-03 00:00:00,6.1840876e-23,0.84769285,0.15230715,1.0,0.17380632,0.15230715,0.84769285
2016-02-04 00:00:00,7.168415e-18,0.89902323,0.100976765,1.0,0.13039783,0.100976765,0.89902323
2016-02-05 00:00:00,1.562898e-13,0.9666037,0.03339632,1.0,0.07324718,0.03339632,0.9666037
2016-02-08 00:00:00,2.1839908e-24,0.6648083,0.33519173,1.0,0.32846606,0.33519173,0.6648083
2016-02-09 00:00:00,1.36817e-40,2.065178e-05,0.9999794,2.0,0.890656,0.9999794,0.9999794
2016-02-10 00:00:00,7.821144e-35,0.000104480554,0.9998955,2.0,0.89058506,0.9998955,0.9998955
2016-02-11 00:00:00,7e-45,1.010636e-06,0.999999,2.0,0.89067256,0.999999,0.999999
2016-02-12 00:00:00,4.736439e-26,0.0017325479,0.9982675,2.0,0.88920826,0.9982675,0.9982675
2016-02-15 00:00:00,5.875068e-19,0.008740915,0.9912591,2.0,0.8832815,0.9912591,0.9912591
2016-02-16 00:00:00,1.3802613e-13,0.066211775,0.93378824,2.0,0.8346802,0.93378824,0.93378824
2016-02-17 00:00:00,7.264751e-15,0.08584217,0.9141578,2.0,0.8180794,0.9141578,0.9141578
2016-02-18 00:00:00,2.8621385e-15,0.10029497,0.89970505,2.0,0.8058571,0.89970505,0.89970505
2016-02-19 00:00:00,8.388609e-25,0.0053532636,0.9946467,2.0,0.88614637,0.9946467,0.9946467
2016-02-22 00:00:00,5.460287e-09,0.32344282,0.6765572,2.0,0.61714804,0.6765572,0.6765572
2016-02-23 00:00:00,2.204906e-08,0.8358873,0.16411266,1.0,0.18378985,0.16411267,0.8358873
2016-02-24 00:00:00,1.26383475e-05,0.9865801,0.013407314,1.0,0.056333877,0.013413008,0.9865801
2016-02-25 00:00:00,0.000191793,0.9969971,0.0028110908,1.0,0.047242187,0.0028974991,0.9969971
2016-02-26 00:00:00,3.7467766e-05,0.99838775,0.0015748001,1.0,0.046309367,0.0015916805,0.99838775
2016-02-29 00:00:00,0.408148,0.57764345,0.014208527,1.0,-0.24096276,0.19809142,0.57764345
2016-03-01 00:00:00,0.9871585,3.1593368e-07,0.01284122,0.0,-0.6648469,0.45758566,0.9871585
2016-03-02 00:00:00,0.99999994,0.0,5.9431677e-08,0.0,-0.68508166,0.45052996,0.99999994
2016-03-03 00:00:00,1.0,0.0,2.5584632e-10,0.0,-0.6850818,0.45052993,1.0
2016-03-04 00:00:00,0.9999402,0.0,5.976807e-05,0.0,-0.6849876,0.45056278,0.9999402
2016-03-07 00:00:00,0.9999923,0.0,7.711817e-06,0.0,-0.6850696,0.45053416,0.9999923
2016-03-08 00:00:00,1.0,0.0,4.1957682e-14,0.0,-0.6850818,0.45052993,1.0
2016-03-09 00:00:00,1.0,0.0,7.327997e-15,0.0,-0.6850818,0.45052993,1.0
2016-03-10 00:00:00,0.9999172,0.0,8.276685e-05,0.0,-0.68495136,0.4505754,0.9999172
2016-03-11 00:00:00,0.99955153,1.9003988e-34,0.0004484594,0.0,-0.6843751,0.45077634,0.99955153
2016-03-14 00:00:00,0.99894357,6.816522e-19,0.001056454,0.0,-0.6834171,0.45111042,0.99894357
2016-03-15 00:00:00,0.9992504,3.4738632e-06,0.0007461048,0.0,-0.6839036,0.4509383,0.9992504
2016-03-16 00:00:00,0.01702076,0.975195,0.0077842358,1.0,0.039161213,0.015452597,0.975195
2016-03-17 00:00:00,1.5220286e-12,0.9912037,0.008796256,1.0,0.05244368,0.008796256,0.9912037
2016-03-18 00:00:00,2.949924e-07,0.99490607,0.005093665,1.0,0.0493123,0.0050937976,0.99490607
2016-03-21 00:00:00,6.8256414e-13,0.9929733,0.007026676,1.0,0.0509472,0.007026676,0.9929733
2016-03-22 00:00:00,1.0035135e-11,0.99425346,0.0057465583,1.0,0.049864646,0.0057465583,0.99425346
2016-03-23 00:00:00,6.7174426e-09,0.99682075,0.0031792668,1.0,0.047693565,0.0031792698,0.99682075
2016-03-24 00:00:00,2.2518478e-07,0.9977479,0.0022518863,1.0,0.046909146,0.0022519878,0.9977479
2016-03-25 00:00:00,8.3638e-16,0.99115247,0.008847519,1.0,0.05248703,0.008847519,0.99115247
2016-03-28 00:00:00,1.9679723e-25,0.94496536,0.055034626,1.0,0.091546014,0.055034626,0.94496536
2016-03-29 00:00:00,1.2481145e-38,0.2109665,0.7890335,2.0,0.71226573,0.7890335,0.7890335
2016-03-30 00:00:00,0.0,0.00022488623,0.9997751,2.0,0.89048326,0.9997751,0.9997751
2016-03-31 00:00:00,9.26e-43,0.0006004199,0.9993996,2.0,0.8901657,0.9993996,0.9993996
2016-04-01 00:00:00,3.042455e-36,0.005929882,0.9940701,2.0,0.88565874,0.9940701,0.9940701
2016-04-04 00:00:00,1.2809416e-33,0.008118052,0.99188197,2.0,0.88380826,0.99188197,0.99188197
2016-04-05 00:00:00,7.5105405e-35,0.0065037175,0.9934963,2.0,0.88517344,0.9934963,0.9934963
2016-04-06 00:00:00,1.26305e-40,0.0017598476,0.9982402,2.0,0.8891852,0.9982402,0.9982402
2016-04-07 00:00:00,1.3124241e-09,0.4737652,0.5262348,2.0,0.49002516,0.5262348,0.5262348
2016-04-08 00:00:00,1.1281728e-15,0.59468365,0.40531632,1.0,0.3877682,0.40531632,0.59468365
2016-04-11 00:00:00,1.3951533e-24,0.058836564,0.9411634,2.0,0.8409172,0.9411634,0.9411634
2016-04-12 00:00:00,1.4725702e-19,0.043513097,0.9564869,2.0,0.85387576,0.9564869,0.9564869
2016-04-13 00:00:00,0.005843153,0.9824475,0.011709315,1.0,0.050641153,0.01434183,0.9824475
2016-04-14 00:00:00,0.93289334,0.02008503,0.047021635,0.0,-0.5963234,0.467318,0.93289334
2016-04-15 00:00:00,0.49834174,0.5016194,3.885762e-05,1.0,-0.31879488,0.22455673,0.5016194
2016-04-18 00:00:00,0.018381564,0.9815796,3.8841674e-05,1.0,0.031617675,0.008320287,0.9815796
2016-04-19 00:00:00,4.4296544e-06,0.9993886,0.0006069865,1.0,0.045515038,0.0006089822,0.9993886
2016-04-20 00:00:00,1.6138829e-05,0.99971205,0.0002717946,1.0,0.045223027,0.00027906563,0.99971205
2016-04-21 00:00:00,1.3814234e-05,0.9997238,0.0002623719,1.0,0.045216758,0.00026859564,0.9997238
2016-04-22 00:00:00,0.003175033,0.9968119,1.3039423e-05,1.0,0.04269794,0.0014434869,0.9968119
2016-04-25 00:00:00,0.002163416,0.9978205,1.607356e-05,1.0,0.043439075,0.0009907573,0.9978205
2016-04-26 00:00:00,0.0069322684,0.9930662,1.5323834e-06,1.0,0.039945103,0.0031247267,0.9930662
2016-04-27 00:00:00,0.002941448,0.9970575,1.053743e-06,1.0,0.042858344,0.0013262641,0.9970575
2016-04-28 00:00:00,0.0033328135,0.9966619,5.305246e-06,1.0,0.042576205,0.0015068376,0.9966619
2016-04-29 00:00:00,0.0033824306,0.99660707,1.0525188e-05,1.0,0.042544395,0.0015344115,0.99660707
2016-05-02 00:00:00,5.2944883e-06,0.9998118,0.00018286204,1.0,0.045155738,0.00018524737,0.9998118
2016-05-03 00:00:00,3.691209e-05,0.9998403,0.0001227411,1.0,0.045081813,0.0001393711,0.9998403
2016-05-04 00:00:00,0.00045512916,0.99948716,5.7696576e-05,1.0,0.044721473,0.0002627459,0.99948716
2016-05-05 00:00:00,0.004066,0.99591684,1.7158689e-05,1.0,0.04205094,0.0018490135,0.99591684
2016-05-06 00:00:00,0.0043868585,0.995605,8.168937e-06,1.0,0.041809086,0.00198458,0.995605
2016-05-09 00:00:00,0.0554484,0.9439301,0.00062152796,1.0,0.0050484263,0.025602693,0.9439301
2016-05-10 00:00:00,0.0067575187,0.993229,1.3518932e-05,1.0,0.04008282,0.0030579835,0.993229
2016-05-11 00:00:00,1.8624842e-06,0.99974227,0.0002558791,1.0,0.04521999,0.0002567182,0.99974227
2016-05-12 00:00:00,0.000119156706,0.9998072,7.366979e-05,1.0,0.04498027,0.00012735346,0.9998072
2016-05-13 00:00:00,0.004930562,0.99506223,7.2102293e-06,1.0,0.04141132,0.002228576,0.99506223
2016-05-16 00:00:00,0.0047944766,0.995202,3.4985824e-06,1.0,0.04150754,0.0021635538,0.995202
2016-05-17 00:00:00,0.91251665,0.075953476,0.0115298685,0.0,-0.61146086,0.42264593,0.91251665
2016-05-18 00:00:00,0.997875,2.514499e-15,0.0021250136,0.0,-0.68173325,0.45169756,0.997875
2016-05-19 00:00:00,0.9990134,9.526237e-18,0.0009866006,0.0,-0.6835271,0.45107204,0.9990134
2016-05-20 00:00:00,0.4494559,0.5505376,6.49802e-06,1.0,-0.28313133,0.20249982,0.5505376
2016-05-23 00:00:00,0.99791354,3.145525e-05,0.002054989,0.0,-0.68182063,0.45164493,0.99791354
2016-05-24 00:00:00,0.9999398,0.0,6.0206654e-05,0.0,-0.6849869,0.450563,0.9999398
2016-05-25 00:00:00,0.99998033,0.0,1.9684445e-05,0.0,-0.6850507,0.45054075,0.99998033
2016-05-26 00:00:00,0.99996644,0.0,3.354677e-05,0.0,-0.6850289,0.45054835,0.99996644
2016-05-27 00:00:00,1.0,0.0,1.5876438e-17,0.0,-0.6850818,0.45052993,1.0
2016-05-30 00:00:00,1.0,0.0,2.2940591e-23,0.0,-0.6850818,0.45052993,1.0
2016-05-31 00:00:00,1.0,0.0,1.6638519e-22,0.0,-0.6850818,0.45052993,1.0
2016-06-01 00:00:00,1.0,0.0,3.7102472e-14,0.0,-0.6850818,0.45052993,1.0
2016-06-02 00:00:00,1.0,0.0,6.0923655e-10,0.0,-0.6850818,0.45052993,1.0
2016-06-03 00:00:00,0.99900013,8.0064e-08,0.0009997641,0.0,-0.6835063,0.45107925,0.99900013
2016-06-06 00:00:00,0.9984288,0.0009664477,0.00060472405,0.0,-0.6834233,0.4504268,0.9984288
2016-06-07 00:00:00,0.9968348,0.002639131,0.0005260654,0.0,-0.682326,0.44963,0.9968348
2016-06-08 00:00:00,0.99856764,0.00081116636,0.0006211651,0.0,-0.6835107,0.4505058,0.99856764
2016-06-09 00:00:00,0.998532,8.238791e-15,0.0014680318,0.0,-0.6827685,0.45133656,0.998532
2016-06-10 00:00:00,0.9984438,4.4413434e-14,0.0015562107,0.0,-0.6826296,0.45138502,0.9984438
2016-06-13 00:00:00,0.9989532,2.3426075e-05,0.0010233559,0.0,-0.6834521,0.4510817,0.9989532
2016-06-14 00:00:00,0.9992836,1.6211754e-30,0.00071637845,0.0,-0.6839529,0.45092356,0.9992836
2016-06-15 00:00:00,0.6959687,0.30259603,0.001435315,0.0,-0.4618987,0.31499004,0.6959687
2016-06-16 00:00:00,0.038642067,0.9598241,0.001533863,1.0,0.018090043,0.01894327,0.9598241
2016-06-17 00:00:00,0.00630937,0.992574,0.0011166644,1.0,0.041342903,0.0039592246,0.992574
2016-06-20 00:00:00,2.7015705e-05,0.99859506,0.0013779097,1.0,0.046150494,0.001390081,0.99859506
2016-06-21 00:00:00,1.1875113e-05,0.998704,0.0012841161,1.0,0.04608223,0.0012894662,0.998704
2016-06-22 00:00:00,4.5055533e-09,0.99742436,0.0025756387,1.0,0.047183096,0.0025756408,0.99742436
2016-06-23 00:00:00,2.9178392e-07,0.9978222,0.0021775095,1.0,0.0468462,0.002177641,0.9978222
2016-06-24 00:00:00,0.7542659,0.008483592,0.23725052,0.0,-0.30503926,0.5770699,0.7542659
2016-06-27 00:00:00,0.9973155,0.0,0.00268449,0.0,-0.6808517,0.45200497,0.9973155
2016-06-28 00:00:00,0.99369866,1.3221689e-19,0.0063013555,0.0,-0.67515236,0.45399234,0.99369866
2016-06-29 00:00:00,0.9936915,6.6668556e-22,0.006308509,0.0,-0.6751411,0.45399627,0.9936915
2016-06-30 00:00:00,0.9897536,2.3324683e-16,0.010246409,0.0,-0.66893595,0.45616004,0.9897536
2016-07-01 00:00:00,0.99999994,0.0,5.5854265e-08,0.0,-0.68508166,0.45052996,0.99999994
2016-07-04 00:00:00,0.99999994,0.0,6.196034e-08,0.0,-0.68508166,0.45052996,0.99999994
2016-07-05 00:00:00,1.0,0.0,2.5655777e-12,0.0,-0.6850818,0.45052993,1.0
2016-07-06 00:00:00,1.0,0.0,2.2312232e-13,0.0,-0.6850818,0.45052993,1.0
2016-07-07 00:00:00,1.0,0.0,1.5338681e-09,0.0,-0.6850818,0.45052993,1.0
2016-07-08 00:00:00,0.99999964,0.0,3.815675e-07,0.0,-0.6850812,0.45053014,0.99999964
2016-07-11 00:00:00,1.0,0.0,5.1969717e-09,0.0,-0.6850818,0.45052993,1.0
2016-07-12 00:00:00,0.99996966,0.0,3.0359364e-05,0.0,-0.6850339,0.45054662,0.99996966
2016-07-13 00:00:00,0.99999297,0.0,7.025203e-06,0.0,-0.6850707,0.45053378,0.99999297
2016-07-14 00:00:00,0.9999901,0.0,9.906842e-06,0.0,-0.68506616,0.4505354,0.9999901
2016-07-15 00:00:00,1.0,0.0,8.145802e-10,0.0,-0.6850818,0.45052993,1.0
2016-07-18 00:00:00,1.0,0.0,1.2110374e-10,0.0,-0.6850818,0.45052993,1.0
2016-07-19 00:00:00,1.0,0.0,1.4740332e-09,0.0,-0.6850818,0.45052993,1.0
2016-07-20 00:00:00,1.0,0.0,3.320415e-16,0.0,-0.6850818,0.45052993,1.0
2016-07-21 00:00:00,1.0,0.0,2.4557325e-15,0.0,-0.6850818,0.45052993,1.0
2016-07-22 00:00:00,0.99975663,0.0,0.00024338954,0.0,-0.6846982,0.45066366,0.99975663
2016-07-25 00:00:00,0.5482593,0.4517082,3.249795e-05,0.0,-0.3552444,0.24703972,0.5482593
2016-07-26 00:00:00,0.9959466,3.9304694e-19,0.004053399,0.0,-0.6786946,0.45275715,0.9959466
2016-07-27 00:00:00,0.9993915,1.0405905e-06,0.00060744805,0.0,-0.6841238,0.45086324,0.9993915
2016-07-28 00:00:00,0.47334933,0.52663535,1.5293193e-05,1.0,-0.3005682,0.21327335,0.52663535
2016-07-29 00:00:00,0.05337256,0.946622,5.4182588e-06,1.0,0.0060429475,0.024051353,0.946622
2016-08-01 00:00:00,0.009611116,0.99038583,3.0416638e-06,1.0,0.03799059,0.004333137,0.99038583
2016-08-02 00:00:00,2.1705398e-07,0.99856836,0.0014314175,1.0,0.04621531,0.0014315153,0.99856836
2016-08-03 00:00:00,0.0031265786,0.99686426,9.187992e-06,1.0,0.04273006,0.0014178053,0.99686426
2016-08-04 00:00:00,0.0013404955,0.9986413,1.8220951e-05,1.0,0.044041693,0.00062215433,0.9986413
2016-08-05 00:00:00,0.0053772065,0.9946181,4.6738337e-06,1.0,0.04108309,0.0024272662,0.9946181
2016-08-08 00:00:00,0.0067385985,0.9932581,3.2593127e-06,1.0,0.040087957,0.0030391996,0.9932581
2016-08-09 00:00:00,0.0033657711,0.996625,9.209354e-06,1.0,0.042555448,0.00152559,0.996625
2016-08-10 00:00:00,0.0003930826,0.99957466,3.2278454e-05,1.0,0.044745274,0.00020937393,0.99957466
2016-08-11 00:00:00,0.0059050764,0.9940895,5.4296875e-06,1.0,0.04069834,0.0026658433,0.9940895
2016-08-12 00:00:00,9.059168e-06,0.999884,0.00010694656,1.0,0.04508879,0.000111027985,0.999884
2016-08-15 00:00:00,4.717107e-05,0.9998851,6.772145e-05,1.0,0.045027792,8.897342e-05,0.9998851
2016-08-16 00:00:00,2.6559252e-17,0.98943406,0.010565963,1.0,0.053940266,0.010565963,0.98943406
2016-08-17 00:00:00,2.473043e-19,0.98159844,0.018401586,1.0,0.060566604,0.018401586,0.98159844
2016-08-18 00:00:00,7.558244e-23,0.955146,0.04485399,1.0,0.08293657,0.04485399,0.955146
2016-08-19 00:00:00,3.145881e-28,0.7513195,0.24868044,1.0,0.25530618,0.24868044,0.7513195
2016-08-22 00:00:00,1.6871956e-25,0.56984633,0.4301537,1.0,0.40877238,0.4301537,0.56984633
2016-08-23 00:00:00,2.9110444e-23,0.53971934,0.46028063,1.0,0.4342498,0.46028063,0.53971934
2016-08-24 00:00:00,4.806967e-10,0.97768044,0.022319546,1.0,0.0638799,0.022319546,0.97768044
2016-08-25 00:00:00,7.0266806e-11,0.9978551,0.0021448643,1.0,0.046818808,0.0021448643,0.9978551
2016-08-26 00:00:00,0.0058241687,0.99417233,3.4963284e-06,1.0,0.04075577,0.0026274587,0.99417233
2016-08-29 00:00:00,0.006521645,0.99347514,3.2283335e-06,1.0,0.040246326,0.0029414245,0.99347514
2016-08-30 00:00:00,0.97606426,9.342614e-08,0.023935668,0.0,-0.647365,0.46368182,0.97606426
2016-08-31 00:00:00,0.5769213,0.4230716,7.114823e-06,0.0,-0.3761916,0.25992742,0.5769213
2016-09-01 00:00:00,0.04696331,0.9530262,1.0539329e-05,1.0,0.010726584,0.021168917,0.9530262
2016-09-02 00:00:00,0.004228002,0.9957621,9.888521e-06,1.0,0.041926518,0.00191473,0.9957621
2016-09-05 00:00:00,0.003110375,0.9968805,9.17716e-06,1.0,0.04274188,0.0014104942,0.9968805
2016-09-06 00:00:00,1.0712321e-05,0.9998912,9.8071236e-05,1.0,0.045080077,0.00010289746,0.9998912
2016-09-07 00:00:00,0.0037554451,0.99623674,7.826228e-06,1.0,0.04226978,0.0016997666,0.99623674
2016-09-08 00:00:00,7.0518554e-06,0.9998392,0.00015377218,1.0,0.045129854,0.00015694926,0.9998392
2016-09-09 00:00:00,0.0018667208,0.9981201,1.3134012e-05,1.0,0.0436532,0.00085414766,0.9981201
2016-09-12 00:00:00,0.0029089178,0.9970815,9.584957e-06,1.0,0.04288931,0.0013201395,0.9970815
2016-09-13 00:00:00,0.986044,0.00010509404,0.01385091,0.0,-0.6631794,0.45809326,0.986044
2016-09-14 00:00:00,0.9994056,4.807663e-06,0.00058956083,0.0,-0.68414927,0.4508517,0.9994056
2016-09-15 00:00:00,0.99932444,2.444288e-27,0.00067558454,0.0,-0.68401724,0.45090115,0.99932444
2016-09-16 00:00:00,0.9999833,0.0,1.6710555e-05,0.0,-0.68505543,0.4505391,0.9999833
2016-09-19 00:00:00,0.99985474,0.0,0.00014524601,0.0,-0.6848529,0.45060974,0.99985474
2016-09-20 00:00:00,0.99991137,0.0,8.863856e-05,0.0,-0.68494207,0.45057863,0.99991137
2016-09-21 00:00:00,0.99948305,1.513817e-12,0.0005169434,0.0,-0.68426716,0.45081398,0.99948305
2016-09-22 00:00:00,0.9993765,2.5776534e-15,0.00062351255,0.0,-0.68409926,0.45087254,0.9993765
2016-09-23 00:00:00,0.70543337,0.29456422,2.3810749e-06,0.0,-0.4700206,0.31782123,0.70543337
2016-09-26 00:00:00,0.11085347,0.88913816,8.382333e-06,1.0,-0.035920594,0.04995119,0.88913816
2016-09-27 00:00:00,0.008286455,0.99170345,1.0077299e-05,1.0,0.038963653,0.003743373,0.99170345
2016-09-28 00:00:00,0.0036575533,0.9963324,1.0033253e-05,1.0,0.042343117,0.0016578706,0.9963324
2016-09-29 00:00:00,0.014331143,0.9856677,1.1330287e-06,1.0,0.034542944,0.0064577423,0.9856677
2016-09-30 00:00:00,0.0013297955,0.9986064,6.381521e-05,1.0,0.044088062,0.00066292787,0.9986064
2016-10-03 00:00:00,0.0058860406,0.99410695,7.0037904e-06,1.0,0.040713567,0.0026588414,0.99410695
2016-10-04 00:00:00,0.21191327,0.78772855,0.0003581608,1.0,-0.10940722,0.09583143,0.78772855
2016-10-05 00:00:00,0.18521723,0.8147299,5.286063e-05,1.0,-0.09017498,0.08349877,0.8147299
2016-10-06 00:00:00,0.9967697,0.0,0.0032302823,0.0,-0.67999166,0.45230487,0.9967697
2016-10-07 00:00:00,0.8746748,0.12529229,3.2900934e-05,0.0,-0.5935557,0.3941001,0.8746748
2016-10-10 00:00:00,0.998995,3.5079366e-26,0.0010049785,0.0,-0.68349814,0.45108214,0.998995
2016-10-11 00:00:00,0.9999704,0.0,2.965303e-05,0.0,-0.68503505,0.45054623,0.9999704
2016-10-12 00:00:00,1.0,0.0,1.5264033e-09,0.0,-0.6850818,0.45052993,1.0
2016-10-13 00:00:00,0.9999991,0.0,8.6960557e-07,0.0,-0.6850804,0.4505304,0.9999991
2016-10-14 00:00:00,0.99999666,0.0,3.3481704e-06,0.0,-0.6850765,0.45053178,0.99999666
2016-10-17 00:00:00,0.9999632,0.0,3.6773068e-05,0.0,-0.68502384,0.45055014,0.9999632
2016-10-18 00:00:00,0.9999869,0.0,1.3140757e-05,0.0,-0.68506104,0.45053715,0.9999869
2016-10-19 00:00:00,0.99999994,0.0,7.437595e-08,0.0,-0.68508166,0.45052996,0.99999994
2016-10-20 00:00:00,1.0,0.0,9.476532e-13,0.0,-0.6850818,0.45052993,1.0
2016-10-21 00:00:00,1.0,0.0,6.735029e-19,0.0,-0.6850818,0.45052993,1.0
2016-10-24 00:00:00,1.0,0.0,5.563223e-24,0.0,-0.6850818,0.45052993,1.0
2016-10-25 00:00:00,1.0,0.0,1.3275285e-18,0.0,-0.6850818,0.45052993,1.0
2016-10-26 00:00:00,1.0,0.0,4.472919e-16,0.0,-0.6850818,0.45052993,1.0
2016-10-27 00:00:00,1.0,0.0,9.460901e-17,0.0,-0.6850818,0.45052993,1.0
2016-10-28 00:00:00,1.0,0.0,7.138677e-10,0.0,-0.6850818,0.45052993,1.0
2016-10-31 00:00:00,1.0,0.0,7.681384e-09,0.0,-0.6850818,0.45052993,1.0
2016-11-01 00:00:00,0.9998241,0.0,0.0001758929,0.0,-0.6848046,0.45062658,0.9998241
2016-11-02 00:00:00,0.99878675,3.3747435e-27,0.0012132456,0.0,-0.68316996,0.45119658,0.99878675
2016-11-03 00:00:00,0.9989041,0.00037068158,0.0007252317,0.0,-0.6836684,0.4507614,0.9989041
2016-11-04 00:00:00,0.99891627,2.4652502e-08,0.0010836945,0.0,-0.6833741,0.45112538,0.99891627
2016-11-07 00:00:00,0.9987582,2.6173494e-19,0.0012417907,0.0,-0.683125,0.45121226,0.9987582
2016-11-08 00:00:00,0.9982556,0.0013933036,0.00035111394,0.0,-0.68351126,0.45009515,0.9982556
2016-11-09 00:00:00,0.99893194,1.01751183e-19,0.0010680464,0.0,-0.6833988,0.4511168,0.99893194
2016-11-10 00:00:00,0.9999421,0.0,5.790492e-05,0.0,-0.6849905,0.45056176,0.9999421
2016-11-11 00:00:00,0.9993393,3.1929887e-30,0.00066071464,0.0,-0.68404067,0.45089298,0.9993393
2016-11-14 00:00:00,1.0,0.0,6.780957e-11,0.0,-0.6850818,0.45052993,1.0
2016-11-15 00:00:00,1.0,0.0,6.134701e-10,0.0,-0.6850818,0.45052993,1.0
2016-11-16 00:00:00,1.0,0.0,4.9203214e-11,0.0,-0.6850818,0.45052993,1.0
2016-11-17 00:00:00,1.0,0.0,3.9705754e-14,0.0,-0.6850818,0.45052993,1.0
2016-11-18 00:00:00,1.0,0.0,1.9428423e-13,0.0,-0.6850818,0.45052993,1.0
2016-11-21 00:00:00,1.0,0.0,1.214115e-08,0.0,-0.6850817,0.45052993,1.0
2016-11-22 00:00:00,1.0,0.0,7.542558e-10,0.0,-0.6850818,0.45052993,1.0
2016-11-23 00:00:00,1.0,0.0,2.6763723e-19,0.0,-0.6850818,0.45052993,1.0
2016-11-24 00:00:00,1.0,0.0,2.9834719e-16,0.0,-0.6850818,0.45052993,1.0
2016-11-25 00:00:00,1.0,0.0,6.5146193e-22,0.0,-0.6850818,0.45052993,1.0
2016-11-28 00:00:00,1.0,0.0,7.372836e-18,0.0,-0.6850818,0.45052993,1.0
2016-11-29 00:00:00,1.0,0.0,7.663192e-25,0.0,-0.6850818,0.45052993,1.0
2016-11-30 00:00:00,1.0,0.0,9.152354e-38,0.0,-0.6850818,0.45052993,1.0
2016-12-01 00:00:00,1.0,0.0,1.8405393e-26,0.0,-0.6850818,0.45052993,1.0
2016-12-02 00:00:00,1.0,0.0,4.4576283e-32,0.0,-0.6850818,0.45052993,1.0
2016-12-05 00:00:00,1.0,0.0,2.0281643e-12,0.0,-0.6850818,0.45052993,1.0
2016-12-06 00:00:00,1.0,0.0,6.261591e-13,0.0,-0.6850818,0.45052993,1.0
2016-12-07 00:00:00,0.9999548,0.0,4.519482e-05,0.0,-0.68501055,0.45055476,0.9999548
2016-12-08 00:00:00,1.0,0.0,1.0665e-10,0.0,-0.6850818,0.45052993,1.0
2016-12-09 00:00:00,1.0,0.0,6.768237e-13,0.0,-0.6850818,0.45052993,1.0
2016-12-12 00:00:00,0.9993692,7.2315227e-29,0.0006308143,0.0,-0.68408775,0.45087653,0.9993692
2016-12-13 00:00:00,0.99920994,5.5610756e-26,0.0007900739,0.0,-0.6838368,0.45096406,0.99920994
2016-12-14 00:00:00,0.99999857,0.0,1.4488947e-06,0.0,-0.6850795,0.45053074,0.99999857
2016-12-15 00:00:00,0.9999997,0.0,3.1949608e-07,0.0,-0.68508124,0.4505301,0.9999997
2016-12-16 00:00:00,0.9998871,0.0,0.00011286664,0.0,-0.6849039,0.45059195,0.9998871
2016-12-19 00:00:00,1.0,0.0,7.576016e-09,0.0,-0.6850818,0.45052993,1.0
2016-12-20 00:00:00,1.0,0.0,2.7182727e-09,0.0,-0.6850818,0.45052993,1.0
2016-12-21 00:00:00,0.999641,2.8897502e-36,0.00035902407,0.0,-0.684516,0.4507272,0.999641
2016-12-22 00:00:00,0.99973,6.60618e-40,0.0002700263,0.0,-0.68465626,0.4506783,0.99973
2016-12-23 00:00:00,0.9999235,0.0,7.6490556e-05,0.0,-0.68496126,0.45057195,0.9999235
2016-12-26 00:00:00,0.9999867,0.0,1.3312375e-05,0.0,-0.6850608,0.45053723,0.9999867
2016-12-27 00:00:00,0.9999985,0.0,1.489047e-06,0.0,-0.6850794,0.45053074,0.9999985
2016-12-28 00:00:00,0.9999961,0.0,3.866536e-06,0.0,-0.6850757,0.45053205,0.9999961
2016-12-29 00:00:00,0.99928933,8.6149434e-30,0.0007106733,0.0,-0.6839619,0.45092043,0.99928933
2016-12-30 00:00:00,0.9999657,0.0,3.427065e-05,0.0,-0.6850278,0.45054877,0.9999657
2017-01-02 00:00:00,1.0,0.0,6.149344e-14,0.0,-0.6850818,0.45052993,1.0
2017-01-03 00:00:00,1.0,0.0,3.7778865e-14,0.0,-0.6850818,0.45052993,1.0
2017-01-04 00:00:00,1.0,0.0,4.488278e-11,0.0,-0.6850818,0.45052993,1.0
2017-01-05 00:00:00,0.9987034,0.000111469155,0.0011851053,0.0,-0.68313295,0.4511309,0.9987034
2017-01-06 00:00:00,0.9982913,1.0324682e-06,0.0017076243,0.0,-0.6823902,0.45146775,0.9982913
2017-01-09 00:00:00,0.99814576,1.6893786e-13,0.0018542121,0.0,-0.68215996,0.45154876,0.99814576
2017-01-10 00:00:00,0.99843127,3.2190477e-20,0.0015687455,0.0,-0.6826098,0.4513919,0.99843127
2017-01-11 00:00:00,0.0547431,0.9427372,0.0025196804,1.0,0.007168567,0.027183086,0.9427372
2017-01-12 00:00:00,2.348529e-11,0.99776775,0.0022322645,1.0,0.046892717,0.0022322645,0.99776775
2017-01-13 00:00:00,4.1512658e-11,0.99816257,0.0018374525,1.0,0.04655884,0.0018374525,0.99816257
2017-01-16 00:00:00,1.0551867e-11,0.99783343,0.0021665923,1.0,0.04683718,0.0021665923,0.99783343
2017-01-17 00:00:00,1.6044959e-21,0.7959863,0.20401372,1.0,0.21753293,0.20401372,0.7959863
2017-01-18 00:00:00,1.8873797e-11,0.9690634,0.030936599,1.0,0.07116707,0.030936599,0.9690634
2017-01-19 00:00:00,8.074901e-13,0.983019,0.016981032,1.0,0.059365287,0.016981032,0.983019
2017-01-20 00:00:00,8.9775675e-15,0.9484601,0.05153992,1.0,0.08859065,0.05153992,0.9484601
2017-01-23 00:00:00,1.4597878e-19,0.12961632,0.8703837,2.0,0.781061,0.8703837,0.8703837
2017-01-24 00:00:00,2.1547845e-16,0.02685663,0.9731434,2.0,0.86796165,0.9731434,0.9731434
2017-01-25 00:00:00,4.4548923e-25,5.9074282e-05,0.99994093,2.0,0.89062345,0.99994093,0.99994093
2017-01-26 00:00:00,0.0001110827,0.92425483,0.07563411,1.0,0.10888524,0.07568415,0.92425483
2017-01-27 00:00:00,1.7094619e-08,0.99641955,0.003580421,1.0,0.048032798,0.0035804287,0.99641955
2017-01-30 00:00:00,3.1694377e-14,0.98258895,0.017411064,1.0,0.05972895,0.017411064,0.98258895
2017-01-31 00:00:00,6.941735e-30,0.002917482,0.99708253,2.0,0.88820624,0.99708253,0.99708253
2017-02-01 00:00:00,2.2380572e-16,0.07026176,0.9297382,2.0,0.83125526,0.9297382,0.9297382
2017-02-02 00:00:00,4.89947e-07,0.9498506,0.05014891,1.0,0.08741396,0.05014913,0.9498506
2017-02-03 00:00:00,1.194003e-15,0.98630834,0.013691642,1.0,0.056583554,0.013691642,0.98630834
2017-02-06 00:00:00,2.0609117e-07,0.9996312,0.00036854413,1.0,0.04531648,0.000368637,0.9996312
2017-02-07 00:00:00,1.1917293e-05,0.99986225,0.00012585205,1.0,0.045102693,0.00013122115,0.99986225
2017-02-08 00:00:00,0.00022142136,0.99972326,5.5339915e-05,1.0,0.044890106,0.00015509687,0.99972326
2017-02-09 00:00:00,0.006124377,0.99386215,1.34949805e-05,1.0,0.04054505,0.00277271,0.99386215
2017-02-10 00:00:00,0.009115359,0.9908768,7.858404e-06,1.0,0.038356606,0.0041146004,0.9908768
2017-02-13 00:00:00,0.008383304,0.9916108,5.8804203e-06,1.0,0.038889397,0.0037828097,0.9916108
2017-02-14 00:00:00,0.97549796,9.37702e-33,0.024502011,0.0,-0.6464726,0.46399304,0.97549796
2017-02-15 00:00:00,0.8494091,0.15048188,0.00010901115,0.0,-0.57504517,0.38279325,0.8494091
2017-02-16 00:00:00,0.29977462,0.70022285,2.5667164e-06,1.0,-0.17385432,0.13506,0.70022285
2017-02-17 00:00:00,0.9935826,4.4577748e-18,0.006417409,0.0,-0.6749695,0.4540561,0.9935826
2017-02-20 00:00:00,0.9998468,0.0,0.00015320364,0.0,-0.6848404,0.45061412,0.9998468
2017-02-21 00:00:00,0.9999965,0.0,3.5116498e-06,0.0,-0.68507624,0.45053187,0.9999965
2017-02-22 00:00:00,0.9999996,0.0,4.3519702e-07,0.0,-0.68508106,0.45053017,0.9999996
2017-02-23 00:00:00,0.99934554,1.0186093e-25,0.00065444526,0.0,-0.6840505,0.45088953,0.99934554
2017-02-24 00:00:00,0.9998074,0.0,0.00019258815,0.0,-0.6847783,0.45063576,0.9998074
2017-02-27 00:00:00,0.999628,1.029803e-39,0.0003719813,0.0,-0.6844956,0.45073432,0.999628
2017-02-28 00:00:00,1.0,0.0,1.5089475e-09,0.0,-0.6850818,0.45052993,1.0
2017-03-01 00:00:00,1.0,0.0,1.9621018e-09,0.0,-0.6850818,0.45052993,1.0
2017-03-02 00:00:00,1.0,0.0,3.13185e-11,0.0,-0.6850818,0.45052993,1.0
2017-03-03 00:00:00,0.99997133,0.0,2.8672426e-05,0.0,-0.6850366,0.4505457,0.99997133
2017-03-06 00:00:00,0.9999739,0.0,2.6136113e-05,0.0,-0.6850406,0.4505443,0.9999739
2017-03-07 00:00:00,0.99948037,2.6353214e-32,0.000519631,0.0,-0.68426293,0.45081544,0.99948037
2017-03-08 00:00:00,0.99990857,0.0,9.142276e-05,0.0,-0.6849377,0.45058018,0.99990857
2017-03-09 00:00:00,0.9993494,6.958468e-16,0.0006505901,0.0,-0.6840566,0.4508874,0.9993494
2017-03-10 00:00:00,0.5400556,0.45992252,2.190114e-05,0.0,-0.3492639,0.2433331,0.5400556
2017-03-13 00:00:00,0.041013833,0.9589674,1.8764355e-05,1.0,0.015077175,0.018496724,0.9589674
2017-03-14 00:00:00,0.008468927,0.9915204,1.065683e-05,1.0,0.038830925,0.0038261618,0.9915204
2017-03-15 00:00:00,9.4596976e-07,0.99966705,0.00033200695,1.0,0.04528504,0.00033243315,0.99966705
2017-03-16 00:00:00,5.3762258e-05,0.9997995,0.00014674145,1.0,0.045089807,0.00017096296,0.9997995
2017-03-17 00:00:00,3.431639e-06,0.99977684,0.00021970723,1.0,0.045188256,0.00022125329,0.99977684
2017-03-20 00:00:00,1.8427224e-06,0.9997496,0.00024858196,1.0,0.045213837,0.00024941214,0.9997496
2017-03-21 00:00:00,2.0333743e-19,0.990133,0.00986702,1.0,0.05334919,0.00986702,0.990133
2017-03-22 00:00:00,1.8133167e-15,0.995205,0.0047949874,1.0,0.04905993,0.0047949874,0.995205
2017-03-23 00:00:00,6.9020245e-12,0.9983007,0.0016993433,1.0,0.046442043,0.0016993433,0.9983007
2017-03-24 00:00:00,9.542341e-16,0.9955361,0.0044639143,1.0,0.048779953,0.0044639143,0.9955361
2017-03-27 00:00:00,8.846229e-20,0.9857029,0.014297153,1.0,0.057095613,0.014297153,0.9857029
2017-03-28 00:00:00,5.8759e-16,0.99161166,0.008388337,1.0,0.052098714,0.008388337,0.99161166
2017-03-29 00:00:00,2.4217154e-13,0.99592054,0.004079464,1.0,0.048454836,0.004079464,0.99592054
2017-03-30 00:00:00,9.630544e-10,0.9986367,0.0013632801,1.0,0.046157844,0.0013632806,0.9986367
2017-03-31 00:00:00,0.005133597,0.9948437,2.2653223e-05,1.0,0.04127615,0.0023354923,0.9948437
2017-04-03 00:00:00,0.00018807617,0.99974376,6.814866e-05,1.0,0.044925284,0.00015288261,0.99974376
2017-04-04 00:00:00,3.0061026e-05,0.99986553,0.00010440432,1.0,0.045071308,0.00011794771,0.99986553
2017-04-05 00:00:00,3.0070487e-06,0.9998248,0.00017217238,1.0,0.04514837,0.00017352715,0.9998248
2017-04-06 00:00:00,0.0012982478,0.99866474,3.7007685e-05,1.0,0.044088427,0.0006219072,0.99866474
2017-04-07 00:00:00,0.96466684,1.1893518e-16,0.035333153,0.0,-0.6294054,0.46994445,0.96466684
2017-04-10 00:00:00,0.9980593,5.501641e-08,0.0019406545,0.0,-0.6820237,0.45159623,0.9980593
2017-04-11 00:00:00,0.5304047,0.4695883,7.005056e-06,0.0,-0.34223053,0.23897019,0.5304047
2017-04-12 00:00:00,0.99804413,4.5952644e-10,0.0019558407,0.0,-0.68199986,0.4516046,0.99804413
2017-04-13 00:00:00,0.99993926,0.0,6.0728325e-05,0.0,-0.68498605,0.4505633,0.99993926
2017-04-14 00:00:00,0.99966294,1.56e-43,0.00033706156,0.0,-0.68455064,0.45071512,0.99966294
2017-04-17 00:00:00,0.9992682,6.9598995e-23,0.0007318266,0.0,-0.6839286,0.45093206,0.9992682
2017-04-18 00:00:00,0.9992756,1.3744701e-18,0.0007243784,0.0,-0.68394035,0.45092794,0.9992756
2017-04-19 00:00:00,0.9993826,2.340659e-14,0.000617375,0.0,-0.6841089,0.45086917,0.9993826
2017-04-20 00:00:00,0.99946445,3.5236976e-12,0.0005355624,0.0,-0.68423784,0.4508242,0.99946445
2017-04-21 00:00:00,0.9994445,9.91203e-13,0.0005555019,0.0,-0.6842064,0.45083517,0.9994445
2017-04-24 00:00:00,0.5596618,0.4403276,1.0563134e-05,0.0,-0.36358777,0.25215498,0.5596618
2017-04-25 00:00:00,0.00026570843,0.99952924,0.00020504551,1.0,0.044984374,0.00032475512,0.99952924
2017-04-26 00:00:00,6.663447e-08,0.99922085,0.00077907695,1.0,0.045663755,0.000779107,0.99922085
2017-04-27 00:00:00,4.0246148e-10,0.9968294,0.0031705895,1.0,0.04768623,0.0031705897,0.9968294
2017-04-28 00:00:00,1.2718319e-16,0.94320184,0.05679815,1.0,0.09303737,0.05679815,0.94320184
2017-05-01 00:00:00,1.889457e-16,0.8647603,0.13523972,1.0,0.15937294,0.13523972,0.8647603
2017-05-02 00:00:00,1.618354e-18,0.7289556,0.27104434,1.0,0.27421862,0.27104434,0.7289556
2017-05-03 00:00:00,1.889655e-13,0.93428075,0.06571922,1.0,0.10058163,0.06571922,0.93428075
2017-05-04 00:00:00,2.8267697e-28,0.6477258,0.3522742,1.0,0.34291217,0.3522742,0.6477258
2017-05-05 00:00:00,7.93e-43,0.018074533,0.9819255,2.0,0.8753884,0.9819255,0.9819255
2017-05-08 00:00:00,1.6396166e-27,0.014170711,0.9858293,2.0,0.8786897,0.9858293,0.9858293
2017-05-09 00:00:00,2.4761155e-19,0.06808815,0.9319118,2.0,0.8330934,0.9319118,0.9319118
2017-05-10 00:00:00,5.541719e-11,0.60859203,0.39140797,1.0,0.37600634,0.39140797,0.60859203
2017-05-11 00:00:00,4.026954e-17,0.77202463,0.22797534,1.0,0.23779653,0.22797534,0.77202463
2017-05-12 00:00:00,5.503111e-25,0.5225309,0.4774691,1.0,0.4487855,0.4774691,0.5225309
2017-05-15 00:00:00,2.4107318e-27,0.16557364,0.83442634,2.0,0.750653,0.83442634,0.83442634
2017-05-16 00:00:00,6.5580054e-32,0.013518461,0.98648155,2.0,0.8792413,0.98648155,0.98648155
2017-05-17 00:00:00,1.81e-43,2.859151e-05,0.9999714,2.0,0.89064926,0.9999714,0.9999714
2017-05-18 00:00:00,1.3032974e-34,3.3794575e-05,0.9999662,2.0,0.89064485,0.9999662,0.9999662
2017-05-19 00:00:00,0.0,9.874349e-10,1.0,2.0,0.89067346,1.0,1.0
2017-05-22 00:00:00,4.396282e-30,0.00014115979,0.99985886,2.0,0.8905541,0.99985886,0.99985886
2017-05-23 00:00:00,9.6295305e-15,0.028541733,0.97145826,2.0,0.8665366,0.97145826,0.97145826
2017-05-24 00:00:00,1.2684028e-22,0.0007964903,0.9992035,2.0,0.88999987,0.9992035,0.9992035
2017-05-25 00:00:00,3.3756517e-26,0.00018833937,0.99981165,2.0,0.89051414,0.99981165,0.99981165
2017-05-26 00:00:00,5.9931825e-19,0.0030485594,0.99695146,2.0,0.8880954,0.99695146,0.99695146
2017-05-29 00:00:00,1.2221225e-11,0.032769468,0.96723056,2.0,0.86296135,0.96723056,0.96723056
2017-05-30 00:00:00,4.8458226e-13,0.024228446,0.97577155,2.0,0.8701842,0.97577155,0.97577155
2017-05-31 00:00:00,1.0576863e-25,3.1466112e-05,0.9999685,2.0,0.8906468,0.9999685,0.9999685
2017-06-01 00:00:00,1.8441225e-12,0.036793858,0.9632061,2.0,0.85955805,0.9632061,0.9632061
2017-06-02 00:00:00,1.5593461e-17,0.0028677494,0.99713224,2.0,0.88824826,0.99713224,0.99713224
2017-06-05 00:00:00,2.5020071e-23,0.00030652623,0.99969345,2.0,0.89041424,0.99969345,0.99969345
2017-06-06 00:00:00,1.6613545e-31,2.9674178e-05,0.9999703,2.0,0.89064837,0.9999703,0.9999703
2017-06-07 00:00:00,2.6378314e-32,3.011187e-05,0.9999699,2.0,0.89064795,0.9999699,0.9999699
2017-06-08 00:00:00,4.2296846e-22,0.00023537649,0.9997646,2.0,0.8904744,0.9997646,0.9997646
2017-06-09 00:00:00,1.7537273e-15,0.02513243,0.9748676,2.0,0.86941975,0.9748676,0.9748676
2017-06-12 00:00:00,2.5830815e-11,0.27417737,0.7258226,2.0,0.65881026,0.7258226,0.7258226
2017-06-13 00:00:00,8.596059e-05,0.9845797,0.015334355,1.0,0.057909984,0.015373083,0.9845797
2017-06-14 00:00:00,0.0025750857,0.9973642,6.0693932e-05,1.0,0.043176252,0.0012208471,0.9973642
2017-06-15 00:00:00,0.0042959335,0.99568295,2.113845e-05,1.0,0.041886434,0.001956585,0.99568295
2017-06-16 00:00:00,0.0019776188,0.9980178,4.5902307e-06,1.0,0.043565013,0.0008955667,0.9980178
2017-06-19 00:00:00,0.9269825,3.3505484e-16,0.073017485,0.0,-0.5700241,0.49065086,0.9269825
2017-06-20 00:00:00,0.9924134,0.0045563024,0.0030302817,0.0,-0.6769803,0.45014223,0.9924134
2017-06-21 00:00:00,0.9990128,3.9016626e-08,0.0009871358,0.0,-0.6835263,0.4510723,0.9990128
2017-06-22 00:00:00,0.9993486,2.8193944e-07,0.0006511635,0.0,-0.6840555,0.4508876,0.9993486
2017-06-23 00:00:00,0.5785913,0.4214047,4.014012e-06,0.0,-0.37741348,0.2606767,0.5785913
2017-06-26 00:00:00,0.070527054,0.92946357,9.363962e-06,1.0,-0.006477984,0.031783912,0.92946357
2017-06-27 00:00:00,3.605904e-08,0.9987356,0.0012643324,1.0,0.046074145,0.0012643487,0.9987356
2017-06-28 00:00:00,8.8183475e-07,0.9992469,0.0007522118,1.0,0.045640443,0.00075260905,0.9992469
2017-06-29 00:00:00,1.11094104e-13,0.9880555,0.011944478,1.0,0.055106033,0.011944478,0.9880555
2017-06-30 00:00:00,6.4983647e-07,0.9980105,0.0019888212,1.0,0.046686374,0.0019891139,0.9980105
2017-07-03 00:00:00,1.8576073e-05,0.999468,0.0005133958,1.0,0.045425564,0.0005217649,0.999468
2017-07-04 00:00:00,0.00022313047,0.9995672,0.00020964834,1.0,0.04501935,0.0003101753,0.9995672
2017-07-05 00:00:00,0.0001971735,0.999595,0.00020783168,1.0,0.045036767,0.00029666425,0.999595
2017-07-06 00:00:00,2.0496188e-14,0.9684963,0.03150366,1.0,0.071646616,0.03150366,0.9684963
2017-07-07 00:00:00,1.036855e-11,0.9823644,0.01763556,1.0,0.0599188,0.01763556,0.9823644
2017-07-10 00:00:00,4.791487e-11,0.98970145,0.010298542,1.0,0.053714115,0.010298542,0.98970145
2017-07-11 00:00:00,3.735009e-17,0.9647546,0.03524545,1.0,0.07481093,0.03524545,0.9647546
2017-07-12 00:00:00,5.972691e-11,0.9895866,0.0104134185,1.0,0.053811263,0.0104134185,0.9895866
2017-07-13 00:00:00,4.532755e-16,0.9687667,0.031233318,1.0,0.071417995,0.031233318,0.9687667
2017-07-14 00:00:00,9.808405e-18,0.93155766,0.06844235,1.0,0.1028845,0.06844235,0.93155766
2017-07-17 00:00:00,5.5401806e-26,0.46151558,0.5384844,2.0,0.5003843,0.5384844,0.5384844
2017-07-18 00:00:00,1.9237576e-38,0.0094298655,0.9905701,2.0,0.8826989,0.9905701,0.9905701
2017-07-19 00:00:00,5.011455e-31,0.0032778298,0.99672216,2.0,0.8879015,0.99672216,0.99672216
2017-07-20 00:00:00,0.0,1.086949e-05,0.99998915,2.0,0.8906642,0.99998915,0.99998915
2017-07-21 00:00:00,0.0,1.8430217e-05,0.9999816,2.0,0.89065784,0.9999816,0.9999816
2017-07-24 00:00:00,7e-45,1.2846547e-05,0.9999871,2.0,0.89066255,0.9999871,0.9999871
2017-07-25 00:00:00,4.5886284e-23,0.0021506345,0.99784935,2.0,0.88885474,0.99784935,0.99784935
2017-07-26 00:00:00,5.827716e-29,0.0005539534,0.99944603,2.0,0.89020497,0.99944603,0.99944603
2017-07-27 00:00:00,9.399058e-16,0.0073214984,0.9926785,2.0,0.88448185,0.9926785,0.9926785
2017-07-28 00:00:00,2.9509918e-24,0.00063957146,0.99936044,2.0,0.89013255,0.99936044,0.99936044
2017-07-31 00:00:00,1.06e-43,4.2532433e-06,0.99999577,2.0,0.8906698,0.99999577,0.99999577
2017-08-01 00:00:00,1.4e-44,2.283465e-06,0.99999774,2.0,0.8906715,0.99999774,0.99999774
2017-08-02 00:00:00,0.0,6.302737e-08,0.99999994,2.0,0.8906734,0.99999994,0.99999994
2017-08-03 00:00:00,0.0,6.174327e-07,0.9999994,2.0,0.8906729,0.9999994,0.9999994
2017-08-04 00:00:00,8.921405e-30,7.5677144e-06,0.99999243,2.0,0.890667,0.99999243,0.99999243
2017-08-07 00:00:00,6.024717e-34,1.3789713e-06,0.9999986,2.0,0.89067227,0.9999986,0.9999986
2017-08-08 00:00:00,6.6437166e-18,0.000711055,0.9992889,2.0,0.8900721,0.9992889,0.9992889
2017-08-09 00:00:00,1.5467257e-26,0.00026699068,0.99973303,2.0,0.8904477,0.99973303,0.99973303
2017-08-10 00:00:00,1.2373917e-29,0.00025717556,0.9997428,2.0,0.89045596,0.9997428,0.9997428
2017-08-11 00:00:00,1.0577591e-27,0.00064684235,0.9993532,2.0,0.8901264,0.9993532,0.9993532
2017-08-14 00:00:00,5.0743883e-20,0.0033232158,0.9966768,2.0,0.8878631,0.9966768,0.9966768
2017-08-15 00:00:00,5.547658e-09,0.172459,0.827541,2.0,0.7448303,0.827541,0.827541
2017-08-16 00:00:00,3.0135418e-13,0.23633677,0.76366323,2.0,0.69081086,0.76366323,0.76366323
2017-08-17 00:00:00,0.00139016,0.9850486,0.013561242,1.0,0.05545834,0.01418755,0.9850486
2017-08-18 00:00:00,0.0004159906,0.9993424,0.00024163337,1.0,0.044905595,0.00042904957,0.9993424
2017-08-21 00:00:00,2.129012e-07,0.99885464,0.0011451248,1.0,0.045973204,0.0011452207,0.99885464
2017-08-22 00:00:00,0.00011443372,0.9996717,0.00021389354,1.0,0.0451023,0.00026544934,0.9996717
2017-08-23 00:00:00,0.0012103756,0.9987317,5.7927577e-05,1.0,0.04417027,0.000603238,0.9987317
2017-08-24 00:00:00,0.00026841956,0.9996423,8.9240675e-05,1.0,0.044884462,0.00021017171,0.9996423
2017-08-25 00:00:00,1.7142078e-07,0.9992653,0.0007344912,1.0,0.045625973,0.00073456846,0.9992653
2017-08-28 00:00:00,5.56519e-06,0.999636,0.00035846521,1.0,0.04530404,0.0003609725,0.999636
2017-08-29 00:00:00,8.675656e-07,0.9993545,0.0006446459,1.0,0.045549486,0.00064503675,0.9993545
2017-08-30 00:00:00,0.0037037667,0.99625117,4.5075856e-05,1.0,0.042339012,0.0017137337,0.99625117
2017-08-31 00:00:00,0.0045175627,0.99545383,2.8609878e-05,1.0,0.041730944,0.002063907,0.99545383
2017-09-01 00:00:00,0.0007858387,0.9991483,6.586677e-05,1.0,0.044486932,0.00041991062,0.9991483
2017-09-04 00:00:00,0.0005378724,0.999389,7.315948e-05,1.0,0.04467414,0.00031548706,0.999389
2017-09-05 00:00:00,2.5653972e-07,0.9994183,0.00058140047,1.0,0.04549645,0.00058151607,0.9994183
2017-09-06 00:00:00,5.1855665e-07,0.9994994,0.0005001163,1.0,0.045427516,0.00050034997,0.9994994
2017-09-07 00:00:00,1.9329227e-13,0.9912117,0.008788295,1.0,0.052436948,0.008788295,0.9912117
2017-09-08 00:00:00,2.4232677e-10,0.99673563,0.0032643417,1.0,0.047765512,0.003264342,0.99673563
2017-09-11 00:00:00,3.7794365e-08,0.9986986,0.001301361,1.0,0.046105456,0.001301378,0.9986986
2017-09-12 00:00:00,8.794445e-12,0.9958597,0.004140297,1.0,0.048506282,0.004140297,0.9958597
2017-09-13 00:00:00,6.58727e-05,0.99969596,0.0002381777,1.0,0.04515829,0.00026785533,0.99969596
2017-09-14 00:00:00,7.127037e-10,0.99850196,0.0014980416,1.0,0.04627181,0.0014980419,0.99850196
2017-09-15 00:00:00,1.2773731e-08,0.9991766,0.00082338176,1.0,0.04570126,0.0008233875,0.9991766
2017-09-18 00:00:00,1.4553189e-06,0.9996888,0.00030974305,1.0,0.04526584,0.00031039873,0.9996888
2017-09-19 00:00:00,2.2865002e-12,0.9973218,0.0026782122,1.0,0.047269844,0.0026782122,0.9973218
2017-09-20 00:00:00,0.001914863,0.99802375,6.140114e-05,1.0,0.04365887,0.00092410424,0.99802375
2017-09-21 00:00:00,1.3480468e-06,0.999663,0.000335646,1.0,0.045287825,0.00033625332,0.999663
2017-09-22 00:00:00,0.004869099,0.995122,8.862718e-06,1.0,0.041457593,0.0022025376,0.995122
2017-09-25 00:00:00,0.9665254,8.8884536e-23,0.033474647,0.0,-0.63233393,0.46892324,0.9665254
2017-09-26 00:00:00,0.99991477,0.0,8.52067e-05,0.0,-0.6849475,0.45057675,0.99991477
2017-09-27 00:00:00,0.99972665,4.5143e-41,0.00027336192,0.0,-0.684651,0.45068014,0.99972665
2017-09-28 00:00:00,0.9995379,9.123719e-34,0.00046208952,0.0,-0.68435365,0.45078385,0.9995379
2017-09-29 00:00:00,0.9995729,5.875544e-05,0.00036836378,0.0,-0.68445843,0.45070586,0.9995729
2017-10-02 00:00:00,0.9998999,0.0,0.00010009794,0.0,-0.68492407,0.45058492,0.9998999
2017-10-03 00:00:00,0.9999637,0.0,3.6303794e-05,0.0,-0.68502456,0.45054987,0.9999637
2017-10-04 00:00:00,0.9999436,0.0,5.6386503e-05,0.0,-0.6849929,0.45056093,0.9999436
2017-10-05 00:00:00,1.0,0.0,9.741475e-13,0.0,-0.6850818,0.45052993,1.0
2017-10-06 00:00:00,1.0,0.0,9.564235e-12,0.0,-0.6850818,0.45052993,1.0
2017-10-09 00:00:00,0.9999993,0.0,7.144554e-07,0.0,-0.68508065,0.45053032,0.9999993
2017-10-10 00:00:00,0.99987113,0.0,0.00012885084,0.0,-0.6848787,0.45060074,0.99987113
2017-10-11 00:00:00,0.89487374,0.105048805,7.745792e-05,0.0,-0.608265,0.40324485,0.89487374
2017-10-12 00:00:00,0.9989113,1.7862335e-16,0.0010886838,0.0,-0.6833663,0.45112813,0.9989113
2017-10-13 00:00:00,0.99947125,3.9699647e-33,0.0005287747,0.0,-0.68424857,0.45082048,0.99947125
2017-10-16 00:00:00,0.9999095,0.0,9.0471745e-05,0.0,-0.6849392,0.45057964,0.9999095
2017-10-17 00:00:00,0.99999934,0.0,6.729694e-07,0.0,-0.6850807,0.4505303,0.99999934
2017-10-18 00:00:00,0.9994472,7.615466e-13,0.00055279705,0.0,-0.6842107,0.45083368,0.9994472
2017-10-19 00:00:00,0.9992909,4.6054113e-19,0.0007091263,0.0,-0.6839644,0.45091957,0.9992909
2017-10-20 00:00:00,0.999876,0.0,0.00012395681,0.0,-0.68488646,0.45059803,0.999876
2017-10-23 00:00:00,0.99930316,2.0930282e-20,0.0006968332,0.0,-0.68398374,0.45091283,0.99930316
2017-10-24 00:00:00,0.5967923,0.40319818,9.5305e-06,0.0,-0.39069712,0.26888233,0.5967923
2017-10-25 00:00:00,0.077622615,0.9223686,8.827408e-06,1.0,-0.01165881,0.034980137,0.9223686
2017-10-26 00:00:00,0.995405,1e-45,0.00459499,0.0,-0.6778412,0.45305473,0.995405
2017-10-27 00:00:00,0.9999984,0.0,1.5847418e-06,0.0,-0.6850793,0.4505308,0.9999984
2017-10-30 00:00:00,0.999261,5.7838967e-16,0.0007389783,0.0,-0.68391734,0.450936,0.999261
2017-10-31 00:00:00,0.99922746,1.1954682e-22,0.00077256036,0.0,-0.6838644,0.45095444,0.99922746
2017-11-01 00:00:00,0.99966204,2.786296e-39,0.0003379616,0.0,-0.6845492,0.45071563,0.99966204
2017-11-02 00:00:00,0.9995112,5.369815e-08,0.0004887479,0.0,-0.68431157,0.45079845,0.9995112
2017-11-03 00:00:00,0.9995933,7.1155204e-36,0.00040668482,0.0,-0.6844409,0.4507534,0.9995933
2017-11-06 00:00:00,0.99969596,7.10573e-40,0.0003040512,0.0,-0.6846027,0.450697,0.99969596
2017-11-07 00:00:00,0.9999998,0.0,1.5305828e-07,0.0,-0.68508154,0.45053002,0.9999998
2017-11-08 00:00:00,1.0,0.0,3.6276698e-12,0.0,-0.6850818,0.45052993,1.0
2017-11-09 00:00:00,0.9999971,0.0,2.9197247e-06,0.0,-0.6850772,0.45053154,0.9999971
2017-11-10 00:00:00,0.9999499,0.0,5.0140126e-05,0.0,-0.68500274,0.45055747,0.9999499
2017-11-13 00:00:00,0.9997728,8.1e-44,0.00022723197,0.0,-0.68472373,0.45065477,0.9997728
2017-11-14 00:00:00,0.6320135,0.367932,5.450351e-05,0.0,-0.4163736,0.2847955,0.6320135
2017-11-15 00:00:00,0.37915802,0.62071073,0.00013126769,1.0,-0.23170227,0.1709533,0.62071073
2017-11-16 00:00:00,0.99413526,6.653221e-13,0.0058647473,0.0,-0.6758404,0.45375243,0.99413526
2017-11-17 00:00:00,0.5792854,0.4206794,3.524595e-05,0.0,-0.37789378,0.26102063,0.5792854
2017-11-20 00:00:00,0.5586351,0.4410968,0.0002680525,0.0,-0.36262044,0.2519499,0.5586351
2017-11-21 00:00:00,0.5743318,0.4253746,0.0002935623,0.0,-0.37405884,0.25904724,0.5743318
2017-11-22 00:00:00,0.14602146,0.8539475,3.1039774e-05,1.0,-0.061577115,0.06581808,0.8539475
2017-11-23 00:00:00,5.47416e-11,0.13716657,0.86283344,2.0,0.77467597,0.86283344,0.86283344
2017-11-24 00:00:00,1.2792143e-28,3.3866343e-06,0.9999966,2.0,0.8906706,0.9999966,0.9999966
2017-11-27 00:00:00,7.473022e-18,0.0002761308,0.99972385,2.0,0.8904399,0.99972385,0.99972385
2017-11-28 00:00:00,4.82822e-10,0.271546,0.728454,2.0,0.66103554,0.728454,0.728454
2017-11-29 00:00:00,4.5314883e-13,0.16049698,0.83950305,2.0,0.75494623,0.83950305,0.83950305
2017-11-30 00:00:00,9.555915e-15,0.078117155,0.92188287,2.0,0.8246122,0.92188287,0.92188287
2017-12-01 00:00:00,1.7896572e-23,2.1915623e-05,0.99997807,2.0,0.8906549,0.99997807,0.99997807
2017-12-04 00:00:00,1.6563006e-17,0.0033738827,0.99662614,2.0,0.88782024,0.99662614,0.99662614
2017-12-05 00:00:00,1.7106116e-13,0.08087149,0.91912854,2.0,0.82228297,0.91912854,0.91912854
2017-12-06 00:00:00,5.858863e-11,0.5497244,0.45027563,1.0,0.42578885,0.45027563,0.5497244
2017-12-07 00:00:00,1.8846491e-05,0.99670297,0.0032781793,1.0,0.047763456,0.0032866702,0.99670297
2017-12-08 00:00:00,9.430164e-05,0.9998075,9.81963e-05,1.0,0.045019157,0.00014068202,0.9998075
2017-12-11 00:00:00,7.379806e-05,0.9998218,0.000104397244,1.0,0.04503937,0.00013764549,0.9998218
2017-12-12 00:00:00,0.93420035,0.059974097,0.0058255326,0.0,-0.63211584,0.42671075,0.93420035
2017-12-13 00:00:00,0.35369772,0.64628977,1.2540977e-05,1.0,-0.21321444,0.15936396,0.64628977
2017-12-14 00:00:00,0.03289677,0.9671021,1.1066917e-06,1.0,0.020988405,0.014822086,0.9671021
2017-12-15 00:00:00,0.6197457,0.3779714,0.0022828868,0.0,-0.40553257,0.28149688,0.6197457
2017-12-18 00:00:00,0.11868544,0.8813094,5.1840507e-06,1.0,-0.041641317,0.053476527,0.8813094
2017-12-19 00:00:00,0.0017144802,0.9982625,2.296665e-05,1.0,0.043772668,0.00079539133,0.9982625
2017-12-20 00:00:00,0.0046066167,0.9953867,6.6480293e-06,1.0,0.041647356,0.0020820668,0.9953867
2017-12-21 00:00:00,0.007813272,0.9921859,8.545411e-07,1.0,0.03930132,0.0035209674,0.9921859
2017-12-22 00:00:00,0.9836131,2.7953064e-07,0.016386645,0.0,-0.6592602,0.45953378,0.9836131
2017-12-25 00:00:00,0.86669433,0.133226,7.967413e-05,0.0,-0.5876897,0.39055142,0.86669433
2017-12-26 00:00:00,0.513295,0.48670435,6.662415e-07,0.0,-0.32974434,0.23125543,0.513295
2017-12-27 00:00:00,0.121181436,0.8788155,3.1143268e-06,1.0,-0.04346536,0.05459898,0.8788155
2017-12-28 00:00:00,0.03138254,0.9686152,2.2993902e-06,1.0,0.022094933,0.014141072,0.9686152
2017-12-29 00:00:00,0.000478798,0.9994854,3.5808152e-05,1.0,0.04468568,0.00025152098,0.9994854
2018-01-01 00:00:00,7.6174874e-06,0.9996734,0.00031893613,1.0,0.045269117,0.00032236803,0.9996734
2018-01-02 00:00:00,3.9770236e-12,0.9485049,0.051495083,1.0,0.08855273,0.051495083,0.9485049
2018-01-03 00:00:00,3.9362372e-10,0.987522,0.012477983,1.0,0.0555572,0.012477983,0.987522
2018-01-04 00:00:00,8.963155e-19,0.746447,0.25355297,1.0,0.2594267,0.25355297,0.746447
2018-01-05 00:00:00,2.9989588e-14,0.8803252,0.119674794,1.0,0.14621016,0.119674794,0.8803252
2018-01-08 00:00:00,1.355214e-08,0.9966546,0.0033453826,1.0,0.04783404,0.0033453887,0.9966546
2018-01-09 00:00:00,4.4885155e-08,0.99940765,0.00059228414,1.0,0.045505807,0.00059230434,0.99940765
2018-01-10 00:00:00,0.00018141964,0.9997553,6.3277395e-05,1.0,0.04492602,0.00014501238,0.9997553
2018-01-11 00:00:00,5.5418007e-15,0.9878141,0.01218588,1.0,0.05531018,0.01218588,0.9878141
2018-01-12 00:00:00,1.0532588e-38,0.22747722,0.7725228,2.0,0.6983031,0.7725228,0.7725228
2018-01-15 00:00:00,4.2e-44,0.00096400164,0.999036,2.0,0.8898582,0.999036,0.999036
2018-01-16 00:00:00,8.286044e-38,0.0019627702,0.9980372,2.0,0.8890136,0.9980372,0.9980372
2018-01-17 00:00:00,1.0481699e-18,0.070294775,0.9297052,2.0,0.83122736,0.9297052,0.9297052
2018-01-18 00:00:00,2.9114329e-28,0.007157265,0.99284273,2.0,0.8846208,0.99284273,0.99284273
2018-01-19 00:00:00,2.1634635e-24,0.007163127,0.9928369,2.0,0.8846158,0.9928369,0.9928369
2018-01-22 00:00:00,6.4182525e-28,0.00091605505,0.99908394,2.0,0.8898988,0.99908394,0.99908394
2018-01-23 00:00:00,1.3076142e-36,7.1337286e-06,0.99999285,2.0,0.8906674,0.99999285,0.99999285
2018-01-24 00:00:00,5.279e-42,1.07625304e-07,0.9999999,2.0,0.89067334,0.9999999,0.9999999
2018-01-25 00:00:00,5.066251e-37,5.146323e-06,0.9999949,2.0,0.8906691,0.9999949,0.9999949
2018-01-26 00:00:00,1.9260295e-33,3.292639e-05,0.9999671,2.0,0.89064556,0.9999671,0.9999671
2018-01-29 00:00:00,2.1037025e-25,7.896931e-05,0.999921,2.0,0.89060664,0.999921,0.999921
2018-01-30 00:00:00,5.742686e-23,0.0003007874,0.99969923,2.0,0.89041907,0.99969923,0.99969923
2018-01-31 00:00:00,1.9545444e-31,4.6641202e-05,0.9999533,2.0,0.890634,0.9999533,0.9999533
2018-02-01 00:00:00,3.0677382e-36,3.7665422e-06,0.99999624,2.0,0.89067024,0.99999624,0.99999624
2018-02-02 00:00:00,5.4406925e-34,2.8430948e-06,0.99999714,2.0,0.890671,0.99999714,0.99999714
2018-02-05 00:00:00,2.172395e-29,4.893288e-06,0.9999951,2.0,0.8906693,0.9999951,0.9999951
2018-02-06 00:00:00,1.1864708e-37,8.1674955e-07,0.99999917,2.0,0.89067274,0.99999917,0.99999917
2018-02-07 00:00:00,1.6295527e-19,0.00027556237,0.99972445,2.0,0.8904404,0.99972445,0.99972445
2018-02-08 00:00:00,5.998185e-11,0.03340019,0.9665998,2.0,0.86242795,0.9665998,0.9665998
2018-02-09 00:00:00,0.010900899,0.9112526,0.07784647,1.0,0.10287867,0.082757644,0.9112526
2018-02-12 00:00:00,0.0050145625,0.9945294,0.00045601765,1.0,0.041729536,0.0027152281,0.9945294
2018-02-13 00:00:00,0.0010015257,0.9986015,0.00039696667,1.0,0.044609465,0.00084818393,0.9986015
2018-02-14 00:00:00,1.6833382e-15,0.93564945,0.064350545,1.0,0.09942419,0.064350545,0.93564945
2018-02-15 00:00:00,5.6197427e-14,0.91213965,0.087860346,1.0,0.11930569,0.087860346,0.91213965
2018-02-16 00:00:00,2.3368958e-08,0.9803678,0.019632196,1.0,0.061607275,0.019632205,0.9803678
2018-02-19 00:00:00,6.5723016e-06,0.99788594,0.0021074642,1.0,0.04678238,0.0021104254,0.99788594
2018-02-20 00:00:00,0.0050926255,0.99477047,0.00013690736,1.0,0.041402683,0.0024312877,0.99477047
2018-02-21 00:00:00,0.920584,2.3168717e-21,0.07941596,0.0,-0.55994165,0.4941666,0.920584
2018-02-22 00:00:00,0.9842784,1.2801313e-08,0.015721582,0.0,-0.6603084,0.45916846,0.9842784
2018-02-23 00:00:00,0.9981582,1.0010316e-32,0.0018417995,0.0,-0.6821796,0.45154193,0.9981582
2018-02-26 00:00:00,0.99873513,1.1327835e-08,0.0012648313,0.0,-0.6830887,0.45122492,0.99873513
2018-02-27 00:00:00,0.99994576,0.0,5.42218e-05,0.0,-0.6849963,0.45055974,0.99994576
2018-02-28 00:00:00,0.99999815,0.0,1.8634214e-06,0.0,-0.68507886,0.45053095,0.99999815
2018-03-01 00:00:00,0.99999946,0.0,5.231138e-07,0.0,-0.68508095,0.45053023,0.99999946
2018-03-02 00:00:00,0.9996074,5.7344046e-36,0.0003925866,0.0,-0.68446314,0.45074564,0.9996074
2018-03-05 00:00:00,0.9837132,0.01609673,0.00019006697,0.0,-0.67303026,0.44338232,0.9837132
2018-03-06 00:00:00,0.45239165,0.547558,5.0331186e-05,1.0,-0.2852376,0.20386632,0.547558
2018-03-07 00:00:00,9.973098e-05,0.99976385,0.00013639304,1.0,0.045047496,0.00018132484,0.99976385
2018-03-08 00:00:00,0.003781839,0.9961913,2.6821943e-05,1.0,0.042266574,0.0017306536,0.9961913
2018-03-09 00:00:00,0.0033355425,0.996636,2.8508694e-05,1.0,0.042593837,0.0015312704,0.996636
2018-03-12 00:00:00,0.0051576523,0.99482197,2.0383375e-05,1.0,0.041256666,0.00234406,0.99482197
2018-03-13 00:00:00,0.005191354,0.9947877,2.095441e-05,1.0,0.041232545,0.0023598147,0.9947877
2018-03-14 00:00:00,0.96630645,5.593307e-14,0.033693567,0.0,-0.63198894,0.46904352,0.96630645
2018-03-15 00:00:00,0.9998971,0.0,0.00010286711,0.0,-0.68491966,0.45058647,0.9998971
2018-03-16 00:00:00,0.99938,4.299561e-28,0.0006200154,0.0,-0.6841048,0.4508706,0.99938
2018-03-19 00:00:00,0.9996012,1.12294074e-07,0.00039868473,0.0,-0.6844534,0.45074895,0.9996012
2018-03-20 00:00:00,0.99929744,1.568278e-14,0.00070256076,0.0,-0.6839747,0.45091596,0.99929744
2018-03-21 00:00:00,0.34508136,0.6548464,7.2280454e-05,1.0,-0.20687324,0.15554176,0.6548464
2018-03-22 00:00:00,0.05260813,0.9473845,7.415843e-06,1.0,0.0066027385,0.023708953,0.9473845
2018-03-23 00:00:00,0.0060778223,0.9939019,2.0255382e-05,1.0,0.040584754,0.0027584962,0.9939019
2018-03-26 00:00:00,9.273272e-06,0.9998265,0.00016423897,1.0,0.045137085,0.00016841685,0.9998265
2018-03-27 00:00:00,8.566406e-08,0.99967617,0.00032377444,1.0,0.045278706,0.00032381303,0.99967617
2018-03-28 00:00:00,5.5410474e-05,0.99982417,0.00012043127,1.0,0.045066353,0.00014539534,0.99982417
2018-03-29 00:00:00,0.00718076,0.9927993,1.9947536e-05,1.0,0.039779253,0.0032550949,0.9927993
2018-03-30 00:00:00,0.009806987,0.9901819,1.1094071e-05,1.0,0.037854392,0.0044294354,0.9901819
2018-04-02 00:00:00,0.974645,0.012931511,0.012423462,0.0,-0.65606433,0.45153022,0.974645
2018-04-03 00:00:00,0.9989048,4.399233e-37,0.0010951929,0.0,-0.683356,0.4511317,0.9989048
2018-04-04 00:00:00,0.99926525,8.801879e-31,0.00073472236,0.0,-0.683924,0.45093364,0.99926525
2018-04-05 00:00:00,0.9996645,6.802373e-07,0.0003348634,0.0,-0.6845536,0.45071363,0.9996645
2018-04-06 00:00:00,0.8838891,0.11607005,4.0857598e-05,0.0,-0.6002762,0.39825934,0.8838891
2018-04-09 00:00:00,0.55355024,0.44642216,2.7610426e-05,0.0,-0.35911137,0.24941856,0.55355024
2018-04-10 00:00:00,0.7110973,0.2886969,0.0002057981,0.0,-0.4739837,0.32057643,0.7110973
2018-04-11 00:00:00,0.15944517,0.8405511,3.7247855e-06,1.0,-0.07140069,0.07183854,0.8405511
2018-04-12 00:00:00,0.030704401,0.9692916,3.9446886e-06,1.0,0.022591423,0.013837197,0.9692916
2018-04-13 00:00:00,0.011051227,0.98894197,6.8306476e-06,1.0,0.036942385,0.004985739,0.98894197
2018-04-16 00:00:00,0.007830157,0.9921618,8.051624e-06,1.0,0.039295077,0.003535772,0.9921618
2018-04-17 00:00:00,8.864976e-05,0.9998303,8.107368e-05,1.0,0.0450088,0.00012101305,0.9998303
2018-04-18 00:00:00,0.014631879,0.98536617,1.9683193e-06,1.0,0.034324087,0.0065940674,0.98536617
2018-04-19 00:00:00,0.017618744,0.98238,1.2699842e-06,1.0,0.032142825,0.007939042,0.98238
2018-04-20 00:00:00,0.98887235,1.749987e-05,0.01111018,0.0,-0.66756207,0.45662677,0.98887235
2018-04-23 00:00:00,0.99999994,0.0,3.960603e-08,0.0,-0.6850817,0.45052996,0.99999994
2018-04-24 00:00:00,0.99992955,0.0,7.045731e-05,0.0,-0.68497074,0.45056865,0.99992955
2018-04-25 00:00:00,0.9996499,1e-45,0.00035011888,0.0,-0.6845301,0.4507223,0.9996499
2018-04-26 00:00:00,0.99998707,0.0,1.2952867e-05,0.0,-0.68506134,0.45053706,0.99998707
2018-04-27 00:00:00,0.9999863,0.0,1.3711837e-05,0.0,-0.68506014,0.45053747,0.9999863
2018-04-30 00:00:00,0.99999774,0.0,2.2581526e-06,0.0,-0.6850782,0.45053118,0.99999774
2018-05-01 00:00:00,1.0,0.0,1.1821005e-10,0.0,-0.6850818,0.45052993,1.0
2018-05-02 00:00:00,1.0,0.0,2.6010385e-14,0.0,-0.6850818,0.45052993,1.0
2018-05-03 00:00:00,1.0,0.0,1.44311585e-08,0.0,-0.6850817,0.45052993,1.0
2018-05-04 00:00:00,1.0,0.0,4.549844e-13,0.0,-0.6850818,0.45052993,1.0
2018-05-07 00:00:00,1.0,0.0,5.577491e-20,0.0,-0.6850818,0.45052993,1.0
2018-05-08 00:00:00,1.0,0.0,1.8434328e-33,0.0,-0.6850818,0.45052993,1.0
2018-05-09 00:00:00,1.0,0.0,2.235578e-37,0.0,-0.6850818,0.45052993,1.0
2018-05-10 00:00:00,1.0,0.0,5.219776e-22,0.0,-0.6850818,0.45052993,1.0
2018-05-11 00:00:00,1.0,0.0,3.574417e-18,0.0,-0.6850818,0.45052993,1.0
2018-05-14 00:00:00,1.0,0.0,1.2841083e-26,0.0,-0.6850818,0.45052993,1.0
2018-05-15 00:00:00,1.0,0.0,1.4103192e-37,0.0,-0.6850818,0.45052993,1.0
2018-05-16 00:00:00,1.0,0.0,2.168378e-39,0.0,-0.6850818,0.45052993,1.0
2018-05-17 00:00:00,1.0,0.0,2.1158364e-38,0.0,-0.6850818,0.45052993,1.0
2018-05-18 00:00:00,1.0,0.0,1.2187344e-34,0.0,-0.6850818,0.45052993,1.0
2018-05-21 00:00:00,1.0,0.0,7.468786e-24,0.0,-0.6850818,0.45052993,1.0
2018-05-22 00:00:00,1.0,0.0,8.835866e-29,0.0,-0.6850818,0.45052993,1.0
2018-05-23 00:00:00,1.0,0.0,2.203364e-30,0.0,-0.6850818,0.45052993,1.0
2018-05-24 00:00:00,1.0,0.0,5.036153e-22,0.0,-0.6850818,0.45052993,1.0
2018-05-25 00:00:00,1.0,0.0,7.1106567e-34,0.0,-0.6850818,0.45052993,1.0
2018-05-28 00:00:00,1.0,0.0,3.9889056e-31,0.0,-0.6850818,0.45052993,1.0
2018-05-29 00:00:00,1.0,0.0,3.3784662e-31,0.0,-0.6850818,0.45052993,1.0
2018-05-30 00:00:00,1.0,0.0,4.210105e-11,0.0,-0.6850818,0.45052993,1.0
2018-05-31 00:00:00,1.0,0.0,4.533417e-12,0.0,-0.6850818,0.45052993,1.0
2018-06-01 00:00:00,1.0,0.0,1.3118712e-12,0.0,-0.6850818,0.45052993,1.0
2018-06-04 00:00:00,0.9999998,0.0,2.0058265e-07,0.0,-0.6850815,0.45053005,0.9999998
2018-06-05 00:00:00,0.99869245,1.184e-42,0.0013075414,0.0,-0.6830214,0.45124838,0.99869245
2018-06-06 00:00:00,0.99198234,2.1244229e-09,0.008017679,0.0,-0.67244786,0.4549354,0.99198234
2018-06-07 00:00:00,0.9960327,1.5493769e-31,0.0039672996,0.0,-0.67883027,0.45270985,0.9960327
2018-06-08 00:00:00,0.9999255,0.0,7.448296e-05,0.0,-0.6849644,0.45057085,0.9999255
2018-06-11 00:00:00,0.99984515,0.0,0.00015484332,0.0,-0.68483776,0.45061502,0.99984515
2018-06-12 00:00:00,0.99722034,2.241839e-11,0.002779635,0.0,-0.68070173,0.45205727,0.99722034
2018-06-13 00:00:00,0.3839989,0.6159145,8.657441e-05,1.0,-0.23527433,0.17308958,0.6159145
2018-06-14 00:00:00,0.9999999,0.0,9.18188e-08,0.0,-0.6850816,0.45053,0.9999999
2018-06-15 00:00:00,0.99997526,0.0,2.471073e-05,0.0,-0.68504286,0.45054352,0.99997526
2018-06-18 00:00:00,0.99996185,0.0,3.8161706e-05,0.0,-0.68502164,0.4505509,0.99996185
2018-06-19 00:00:00,0.9999991,0.0,8.876877e-07,0.0,-0.68508035,0.4505304,0.9999991
2018-06-20 00:00:00,0.99962497,4e-44,0.0003750239,0.0,-0.6844908,0.450736,0.99962497
2018-06-21 00:00:00,0.99907595,2.483432e-36,0.0009240243,0.0,-0.68362576,0.45103765,0.99907595
2018-06-22 00:00:00,0.93349624,0.06338031,0.0031234715,0.0,-0.6338868,0.42369145,0.93349624
2018-06-25 00:00:00,0.10174152,0.8714029,0.02685555,1.0,-0.006564282,0.072693154,0.8714029
2018-06-26 00:00:00,5.3374213e-05,0.98900926,0.01093734,1.0,0.05421536,0.010961386,0.98900926
2018-06-27 00:00:00,0.9195929,3.5903619e-25,0.080407105,0.0,-0.5583798,0.49471122,0.9195929
2018-06-28 00:00:00,0.9966984,3.523e-42,0.0033016375,0.0,-0.6798792,0.4523441,0.9966984
2018-06-29 00:00:00,0.8723821,0.123820856,0.0037970424,0.0,-0.5886986,0.3968313,0.8723821
2018-07-02 00:00:00,0.9945389,3.806621e-12,0.0054610996,0.0,-0.6764764,0.45353064,0.9945389
2018-07-03 00:00:00,0.996491,2.3872751e-15,0.003508974,0.0,-0.6795525,0.452458,0.996491
2018-07-04 00:00:00,0.999557,2.222511e-39,0.0004429758,0.0,-0.68438375,0.45077333,0.999557
2018-07-05 00:00:00,0.999182,4.2743084e-29,0.00081798504,0.0,-0.6837928,0.45097938,0.999182
2018-07-06 00:00:00,0.9985028,5.508639e-05,0.0014421124,0.0,-0.6827691,0.45129752,0.9985028
2018-07-09 00:00:00,0.99797463,0.00085220323,0.0011731858,0.0,-0.6826109,0.4507906,0.99797463
2018-07-10 00:00:00,0.99855894,0.0002682385,0.0011728288,0.0,-0.6830378,0.45105353,0.99855894
2018-07-11 00:00:00,0.9997564,1.831e-42,0.00024363214,0.0,-0.68469787,0.4506638,0.9997564
2018-07-12 00:00:00,0.045593917,0.9542505,0.00015558738,1.0,0.011849023,0.020697013,0.9542505
2018-07-13 00:00:00,0.0018633385,0.9981188,1.7863598e-05,1.0,0.043659672,0.0008573534,0.9981188
2018-07-16 00:00:00,0.00116912,0.9988129,1.79674e-05,1.0,0.0441666,0.00054469093,0.9988129
2018-07-17 00:00:00,0.0024495393,0.99753904,1.1445568e-05,1.0,0.043226264,0.0011150363,0.99753904
2018-07-18 00:00:00,0.0022161072,0.9977715,1.2415585e-05,1.0,0.043397512,0.0010108382,0.9977715
2018-07-19 00:00:00,0.0042536706,0.9957393,7.0744654e-06,1.0,0.041905396,0.0019234804,0.9957393
2018-07-20 00:00:00,0.0028392999,0.99714965,1.1058404e-05,1.0,0.04294138,0.001290248,0.99714965
2018-07-23 00:00:00,0.0042558922,0.99574196,2.13853e-06,1.0,0.041899603,0.0019195453,0.99574196
2018-07-24 00:00:00,0.006792692,0.9932035,3.7887912e-06,1.0,0.040048912,0.0030641,0.9932035
2018-07-25 00:00:00,3.0300992e-08,0.996,0.0039999485,1.0,0.048387572,0.0039999625,0.996
2018-07-26 00:00:00,0.001041572,0.9989346,2.377427e-05,1.0,0.04426463,0.0004930336,0.9989346
2018-07-27 00:00:00,0.0135014355,0.98648304,1.5540045e-05,1.0,0.035160884,0.006098341,0.98648304
2018-07-30 00:00:00,0.0056864726,0.99430627,7.2617813e-06,1.0,0.040859487,0.002569188,0.99430627
2018-07-31 00:00:00,0.014676804,0.98532146,1.7354735e-06,1.0,0.034291092,0.0066140746,0.98532146
2018-08-01 00:00:00,0.014457426,0.9855419,7.234919e-07,1.0,0.0344504,0.0065142266,0.9855419
2018-08-02 00:00:00,0.9706291,6.389535e-23,0.029370893,0.0,-0.63880044,0.46666837,0.9706291
2018-08-03 00:00:00,0.9999073,0.0,9.268149e-05,0.0,-0.68493575,0.45058087,0.9999073
2018-08-06 00:00:00,0.9999973,0.0,2.681923e-06,0.0,-0.68507755,0.4505314,0.9999973
2018-08-07 00:00:00,0.99951124,8.001611e-36,0.0004887838,0.0,-0.68431157,0.4507985,0.99951124
2018-08-08 00:00:00,0.9996513,3.3885883e-09,0.00034867428,0.0,-0.68453234,0.4507215,0.9996513
2018-08-09 00:00:00,0.999725,1e-45,0.00027503853,0.0,-0.6846484,0.45068106,0.999725
2018-08-10 00:00:00,1.0,0.0,8.391485e-11,0.0,-0.6850818,0.45052993,1.0
2018-08-13 00:00:00,1.0,0.0,9.5801276e-14,0.0,-0.6850818,0.45052993,1.0
2018-08-14 00:00:00,1.0,0.0,1.0190949e-13,0.0,-0.6850818,0.45052993,1.0
2018-08-15 00:00:00,1.0,0.0,1.4074192e-13,0.0,-0.6850818,0.45052993,1.0
2018-08-16 00:00:00,1.0,0.0,1.6026586e-11,0.0,-0.6850818,0.45052993,1.0
2018-08-17 00:00:00,1.0,0.0,2.4416335e-11,0.0,-0.6850818,0.45052993,1.0
2018-08-20 00:00:00,0.99999756,0.0,2.4416122e-06,0.0,-0.6850779,0.45053127,0.99999756
2018-08-21 00:00:00,0.9993243,1.5065979e-25,0.000675701,0.0,-0.684017,0.4509012,0.9993243
2018-08-22 00:00:00,0.9998602,0.0,0.00013974364,0.0,-0.68486154,0.4506067,0.9998602
2018-08-23 00:00:00,0.9992909,6.107e-23,0.00070910895,0.0,-0.6839644,0.45091957,0.9992909
2018-08-24 00:00:00,0.9984723,0.0013077308,0.00022001125,0.0,-0.6837803,0.45006165,0.9984723
2018-08-27 00:00:00,0.95323694,0.0466545,0.00010858443,0.0,-0.6508488,0.42957035,0.95323694
2018-08-28 00:00:00,0.42397723,0.57601035,1.2434417e-05,1.0,-0.26452467,0.19102687,0.57601035
2018-08-29 00:00:00,0.034271207,0.9657082,2.0626796e-05,1.0,0.020001454,0.015460831,0.9657082
2018-08-30 00:00:00,0.0010988693,0.9988692,3.1963278e-05,1.0,0.044229724,0.0005270368,0.9988692
2018-08-31 00:00:00,0.004997159,0.9949894,1.3426068e-05,1.0,0.04136796,0.0022647956,0.9949894
2018-09-03 00:00:00,0.0029000156,0.99707943,2.0561702e-05,1.0,0.04290509,0.0013271056,0.99707943
2018-09-04 00:00:00,0.020595044,0.9793479,5.7077857e-05,1.0,0.030017063,0.009335762,0.9793479
2018-09-05 00:00:00,0.008429821,0.9915588,1.1376216e-05,1.0,0.038860083,0.0038092625,0.9915588
2018-09-06 00:00:00,0.00037656722,0.9995852,3.8235117e-05,1.0,0.04476237,0.00020788993,0.9995852
2018-09-07 00:00:00,6.222559e-06,0.99988884,0.00010492763,1.0,0.045089155,0.00010773108,0.99988884
2018-09-10 00:00:00,5.0331557e-09,0.99953187,0.00046812906,1.0,0.045400843,0.00046813133,0.99953187
2018-09-11 00:00:00,2.3537641e-14,0.9952646,0.004735394,1.0,0.049009535,0.004735394,0.9952646
2018-09-12 00:00:00,1.050676e-17,0.9872374,0.012762629,1.0,0.055797916,0.012762629,0.9872374
2018-09-13 00:00:00,2.2061909e-21,0.96392804,0.036071952,1.0,0.075509876,0.036071952,0.96392804
2018-09-14 00:00:00,2.0031075e-08,0.99926573,0.0007342231,1.0,0.045625858,0.00073423213,0.99926573
2018-09-17 00:00:00,7.117397e-08,0.9996919,0.00030801914,1.0,0.04526539,0.0003080512,0.9996919
2018-09-18 00:00:00,0.00048636904,0.9994846,2.9008232e-05,1.0,0.044674404,0.00024813204,0.9994846
2018-09-19 00:00:00,0.0012774032,0.9987044,1.824395e-05,1.0,0.044087775,0.00059375237,0.9987044
2018-09-20 00:00:00,1.1352835e-12,0.99775773,0.0022422455,1.0,0.04690116,0.0022422455,0.99775773
2018-09-21 00:00:00,2.1142157e-05,0.99988395,9.4905954e-05,1.0,0.045069788,0.00010443113,0.99988395
2018-09-24 00:00:00,0.0028191167,0.9971709,9.95424e-06,1.0,0.042955182,0.0012800506,0.9971709
2018-09-25 00:00:00,0.0026562104,0.9973335,1.02896165e-05,1.0,0.0430744,0.001206992,0.9973335
2018-09-26 00:00:00,0.007363208,0.9926337,3.0978463e-06,1.0,0.039631803,0.0033204434,0.9926337
2018-09-27 00:00:00,0.11197302,0.8876007,0.00042624839,1.0,-0.036384583,0.050873443,0.8876007
2018-09-28 00:00:00,0.013547325,0.98645115,1.5019746e-06,1.0,0.03511551,0.0061049773,0.98645115
2018-10-01 00:00:00,0.5631095,0.43402013,0.0028703664,0.0,-0.36368644,0.25656804,0.5631095
2018-10-02 00:00:00,0.93942183,0.060098164,0.00047998613,0.0,-0.6404486,0.42371765,0.93942183
2018-10-03 00:00:00,0.9998978,0.0,0.00010223601,0.0,-0.68492067,0.4505861,0.9998978
2018-10-04 00:00:00,0.99930996,1.6834677e-23,0.00069007115,0.0,-0.6839944,0.4509091,0.99930996
2018-10-05 00:00:00,0.9637164,0.036195975,8.7663364e-05,0.0,-0.6585174,0.43427074,0.9637164
2018-10-08 00:00:00,0.99920684,5.982909e-23,0.00079314754,0.0,-0.683832,0.45096573,0.99920684
2018-10-09 00:00:00,0.9992186,6.0500104e-19,0.0007814385,0.0,-0.6838504,0.4509593,0.9992186
2018-10-10 00:00:00,0.999217,1.5758562e-19,0.00078301196,0.0,-0.6838479,0.45096016,0.999217
2018-10-11 00:00:00,0.9992662,1.3468044e-23,0.0007338223,0.0,-0.68392545,0.45093316,0.9992662
2018-10-12 00:00:00,0.9995878,1.5583248e-08,0.00041222645,0.0,-0.6844322,0.45075643,0.9995878
2018-10-15 00:00:00,0.99932647,1.511586e-17,0.0006735388,0.0,-0.68402046,0.45090002,0.99932647
2018-10-16 00:00:00,0.9993146,3.15084e-25,0.000685412,0.0,-0.68400174,0.45090654,0.9993146
2018-10-17 00:00:00,0.99997455,0.0,2.5478128e-05,0.0,-0.6850416,0.45054394,0.99997455
2018-10-18 00:00:00,1.0,0.0,1.1300846e-16,0.0,-0.6850818,0.45052993,1.0
2018-10-19 00:00:00,1.0,0.0,1.3515685e-08,0.0,-0.6850817,0.45052993,1.0
2018-10-22 00:00:00,1.0,0.0,7.1200363e-12,0.0,-0.6850818,0.45052993,1.0
2018-10-23 00:00:00,1.0,0.0,2.812044e-12,0.0,-0.6850818,0.45052993,1.0
2018-10-24 00:00:00,1.0,0.0,7.952337e-17,0.0,-0.6850818,0.45052993,1.0
2018-10-25 00:00:00,1.0,0.0,6.289824e-10,0.0,-0.6850818,0.45052993,1.0
2018-10-26 00:00:00,0.9999973,0.0,2.7012472e-06,0.0,-0.6850775,0.45053142,0.9999973
2018-10-29 00:00:00,0.9999975,0.0,2.495261e-06,0.0,-0.68507785,0.4505313,0.9999975
2018-10-30 00:00:00,0.99999833,0.0,1.697129e-06,0.0,-0.6850791,0.45053086,0.99999833
2018-10-31 00:00:00,0.9999082,0.0,9.181195e-05,0.0,-0.6849371,0.4505804,0.9999082
2018-11-01 00:00:00,0.9991358,2.9755844e-28,0.00086418504,0.0,-0.68372005,0.45100477,0.9991358
2018-11-02 00:00:00,0.99954265,1.4191e-40,0.00045736888,0.0,-0.68436104,0.45078126,0.99954265
2018-11-05 00:00:00,0.9990101,6.2286386e-15,0.000989921,0.0,-0.68352187,0.45107386,0.9990101
2018-11-06 00:00:00,0.99940646,1.7217168e-07,0.0005933641,0.0,-0.68414664,0.45085588,0.99940646
2018-11-07 00:00:00,0.9990962,2.4985572e-21,0.0009037681,0.0,-0.68365765,0.45102653,0.9990962
2018-11-08 00:00:00,0.99999976,0.0,2.1309256e-07,0.0,-0.6850814,0.45053005,0.99999976
2018-11-09 00:00:00,0.9999999,0.0,1.306728e-07,0.0,-0.68508154,0.45053,0.9999999
2018-11-12 00:00:00,1.0,0.0,3.147193e-18,0.0,-0.6850818,0.45052993,1.0
2018-11-13 00:00:00,1.0,0.0,1.7038501e-09,0.0,-0.6850818,0.45052993,1.0
2018-11-14 00:00:00,0.9999923,0.0,7.710085e-06,0.0,-0.6850696,0.45053416,0.9999923
2018-11-15 00:00:00,0.9996282,5.6553985e-38,0.00037182108,0.0,-0.68449587,0.45073423,0.9996282
2018-11-16 00:00:00,0.999158,4.01486e-21,0.00084199425,0.0,-0.683755,0.45099258,0.999158
2018-11-19 00:00:00,0.628799,0.37116712,3.3821012e-05,0.0,-0.4140443,0.28332663,0.628799
2018-11-20 00:00:00,0.997518,2.418027e-21,0.0024819977,0.0,-0.68117076,0.45189372,0.997518
2018-11-21 00:00:00,0.6742219,0.32573786,4.0282626e-05,0.0,-0.4472014,0.3037974,0.6742219
2018-11-22 00:00:00,0.11936324,0.8806229,1.3825075e-05,1.0,-0.042128865,0.053790536,0.8806229
2018-11-23 00:00:00,0.9883403,6.133802e-08,0.011659612,0.0,-0.666709,0.4569365,0.9883403
2018-11-26 00:00:00,0.99926144,3.595705e-05,0.0007026251,0.0,-0.68394834,0.4508998,0.99926144
2018-11-27 00:00:00,0.99956536,2.2138165e-06,0.0004324163,0.0,-0.6843988,0.45076653,0.99956536
2018-11-28 00:00:00,0.3669958,0.6329051,9.905537e-05,1.0,-0.22285004,0.16544165,0.6329051
2018-11-29 00:00:00,0.076204546,0.92377293,2.2530525e-05,1.0,-0.010611914,0.034354962,0.92377293
2018-11-30 00:00:00,0.98378986,1.1261952e-08,0.016210152,0.0,-0.6595385,0.45943692,0.98378986
2018-12-03 00:00:00,0.9986776,1.02751244e-07,0.0013222578,0.0,-0.6829981,0.45125642,0.9986776
2018-12-04 00:00:00,0.9991746,6.156788e-23,0.0008253828,0.0,-0.68378115,0.45098346,0.9991746
2018-12-05 00:00:00,0.9991632,6.5931476e-17,0.00083679386,0.0,-0.6837632,0.45098972,0.9991632
2018-12-06 00:00:00,0.60929745,0.39068902,1.3523045e-05,0.0,-0.3998236,0.27452028,0.60929745
2018-12-07 00:00:00,0.07207816,0.9279003,2.1548822e-05,1.0,-0.007600125,0.032494918,0.9279003
2018-12-10 00:00:00,1.1781134e-05,0.9998347,0.00015352946,1.0,0.045126196,0.00015883721,0.9998347
2018-12-11 00:00:00,0.009219814,0.99077886,1.3261874e-06,1.0,0.03827482,0.0041551283,0.99077886
2018-12-12 00:00:00,0.004643695,0.99534744,8.868609e-06,1.0,0.041622162,0.0021009922,0.99534744
2018-12-13 00:00:00,0.009046451,0.99094933,4.213183e-06,1.0,0.03840383,0.00407991,0.99094933
2018-12-14 00:00:00,0.97017574,1.7082918e-27,0.029824229,0.0,-0.6380861,0.46691746,0.97017574
2018-12-17 00:00:00,0.9970414,3.6553394e-25,0.0029585832,0.0,-0.68041974,0.4521556,0.9970414
2018-12-18 00:00:00,0.78471315,0.215286,8.245258e-07,0.0,-0.527903,0.3535376,0.78471315
2018-12-19 00:00:00,0.3031587,0.6968407,6.285982e-07,1.0,-0.17632665,0.13658269,0.6968407
2018-12-20 00:00:00,0.051875047,0.9481199,5.0691674e-06,1.0,0.007135965,0.02337633,0.9481199
2018-12-21 00:00:00,0.019125434,0.98087204,2.5027641e-06,1.0,0.031043854,0.008619083,0.98087204
2018-12-24 00:00:00,0.0042803255,0.995709,1.0697496e-05,1.0,0.041889,0.0019391123,0.995709
2018-12-25 00:00:00,9.960751e-05,0.9998377,6.270071e-05,1.0,0.044985265,0.000107576874,0.9998377
2018-12-26 00:00:00,0.005279353,0.9947197,9.351553e-07,1.0,0.041151367,0.0023794416,0.9947197
2018-12-27 00:00:00,0.01086519,0.98913103,3.757183e-06,1.0,0.03707561,0.0048988503,0.98913103
2018-12-28 00:00:00,6.592557e-05,0.9998382,9.592672e-05,1.0,0.045037955,0.00012562817,0.9998382
2018-12-31 00:00:00,0.00013484908,0.9997932,7.199626e-05,1.0,0.044967398,0.0001327498,0.9997932
2019-01-01 00:00:00,8.2151004e-05,0.9998232,9.466335e-05,1.0,0.04502504,0.00013167484,0.9998232
2019-01-02 00:00:00,0.8993907,0.09181646,0.008792821,0.0,-0.60419244,0.41399527,0.8993907
2019-01-03 00:00:00,0.4096665,0.59030354,2.9957055e-05,1.0,-0.2540618,0.18459699,0.59030354
2019-01-04 00:00:00,0.07313157,0.92685413,1.43034185e-05,1.0,-0.008375331,0.032962266,0.92685413
2019-01-07 00:00:00,2.5352694e-05,0.99978685,0.00018782132,1.0,0.045145288,0.00019924347,0.99978685
2019-01-08 00:00:00,2.7460917e-06,0.99975103,0.00024619588,1.0,0.04521116,0.00024743308,0.99975103
2019-01-09 00:00:00,3.9127146e-09,0.99920386,0.00079610775,1.0,0.045678202,0.00079610955,0.99920386
2019-01-10 00:00:00,8.8543425e-07,0.9996032,0.0003958947,1.0,0.04533911,0.0003962936,0.9996032
2019-01-11 00:00:00,5.2942816e-08,0.99944794,0.0005519785,1.0,0.045471717,0.00055200234,0.99944794
2019-01-14 00:00:00,1.000494e-05,0.99971074,0.00027924246,1.0,0.045233805,0.00028374998,0.99971074
2019-01-15 00:00:00,0.0073058894,0.9925998,9.433183e-05,1.0,0.039750803,0.0033858537,0.9925998
2019-01-16 00:00:00,0.01750161,0.982426,7.240884e-05,1.0,0.032288503,0.007957408,0.982426
2019-01-17 00:00:00,0.96709293,1.2748541e-09,0.032907054,0.0,-0.6332283,0.46861136,0.96709293
2019-01-18 00:00:00,0.77575177,0.22408724,0.00016099143,0.0,-0.521225,0.34966037,0.77575177
2019-01-21 00:00:00,0.99800587,0.0014628114,0.00053134206,0.0,-0.6831765,0.45016286,0.99800587
2019-01-22 00:00:00,0.9995121,1.61929e-07,0.00048777758,0.0,-0.68431306,0.4507979,0.9995121
2019-01-23 00:00:00,0.6102794,0.38969254,2.8050335e-05,0.0,-0.4005282,0.27497718,0.6102794
2019-01-24 00:00:00,0.99849695,9.83505e-35,0.0015030727,0.0,-0.68271327,0.45135581,0.99849695
2019-01-25 00:00:00,0.99952817,5.8615577e-05,0.00041318606,0.0,-0.6843879,0.45073056,0.99952817
2019-01-28 00:00:00,0.9995684,1.7013763e-05,0.00041457496,0.0,-0.68441606,0.45075005,0.9995684
2019-01-29 00:00:00,0.99753714,0.002224896,0.00023799768,0.0,-0.6830824,0.44965833,0.99753714
2019-01-30 00:00:00,3.0695792e-06,0.9973279,0.0026689772,1.0,0.047259793,0.0026703603,0.9973279
2019-01-31 00:00:00,0.0034446176,0.9965431,1.2248039e-05,1.0,0.04250045,0.0015641514,0.9965431
2019-02-01 00:00:00,0.0033179552,0.9966695,1.2577598e-05,1.0,0.042593203,0.0015074157,0.9966695
2019-02-04 00:00:00,0.9432153,0.050597545,0.006187145,0.0,-0.63839173,0.43113387,0.9432153
2019-02-05 00:00:00,0.99961805,4.102739e-05,0.0003408921,0.0,-0.68451464,0.45069876,0.99961805
2019-02-06 00:00:00,0.99999696,0.0,3.0477815e-06,0.0,-0.68507695,0.4505316,0.99999696
2019-02-07 00:00:00,0.9999831,0.0,1.6917698e-05,0.0,-0.68505514,0.45053923,0.9999831
2019-02-08 00:00:00,0.9999203,0.0,7.969516e-05,0.0,-0.6849562,0.4505737,0.9999203
2019-02-11 00:00:00,0.9999987,0.0,1.3374425e-06,0.0,-0.68507963,0.45053068,0.9999987
2019-02-12 00:00:00,0.99944353,2.568375e-15,0.000556449,0.0,-0.68420494,0.45083568,0.99944353
2019-02-13 00:00:00,0.999713,3e-45,0.00028698088,0.0,-0.68462956,0.45068762,0.999713
2019-02-14 00:00:00,0.9992925,1.6344637e-21,0.0007075302,0.0,-0.6839669,0.4509187,0.9992925
2019-02-15 00:00:00,0.9994844,5.1812676e-11,0.00051557395,0.0,-0.68426937,0.45081323,0.9994844
2019-02-18 00:00:00,0.99969536,9.873999e-07,0.00030363403,0.0,-0.6846026,0.45069632,0.99969536
2019-02-19 00:00:00,0.64881855,0.35116178,1.9660863e-05,0.0,-0.42867222,0.29233184,0.64881855
2019-02-20 00:00:00,0.94682765,0.052874718,0.00029765512,0.0,-0.6460096,0.42687184,0.94682765
2019-02-21 00:00:00,0.5651713,0.43482685,1.8678531e-06,0.0,-0.36761752,0.25462845,0.5651713
2019-02-22 00:00:00,0.9983891,8.857331e-11,0.0016108885,0.0,-0.6825434,0.45141506,0.9983891
2019-02-25 00:00:00,0.99965316,2.4748332e-09,0.00034686492,0.0,-0.6845352,0.45072052,0.99965316
2019-02-26 00:00:00,0.9922853,0.007655556,5.9145368e-05,0.0,-0.6793994,0.44711336,0.9922853
2019-02-27 00:00:00,0.9993529,5.191847e-31,0.0006471508,0.0,-0.684062,0.45088553,0.9993529
2019-02-28 00:00:00,0.9995057,1.0279519e-14,0.0004942964,0.0,-0.68430287,0.45080152,0.9995057
2019-03-01 00:00:00,0.9993179,1.19174156e-23,0.00068212935,0.0,-0.68400687,0.45090473,0.9993179
2019-03-04 00:00:00,0.99929756,2.8632781e-28,0.00070244324,0.0,-0.68397486,0.4509159,0.99929756
2019-03-05 00:00:00,0.99932194,4.38372e-31,0.0006780525,0.0,-0.6840133,0.4509025,0.99932194
2019-03-06 00:00:00,0.9998503,2.724231e-06,0.00014702484,0.0,-0.6848481,0.45060948,0.9998503
2019-03-07 00:00:00,0.9999063,0.0,9.368119e-05,0.0,-0.68493414,0.4505814,0.9999063
2019-03-08 00:00:00,0.9993398,2.1817806e-21,0.00066016376,0.0,-0.6840415,0.45089266,0.9993398
2019-03-11 00:00:00,0.48451072,0.51548165,7.641181e-06,1.0,-0.30872342,0.21829422,0.51548165
2019-03-12 00:00:00,0.99831194,0.0009019642,0.00078608835,0.0,-0.68318456,0.4505555,0.99831194
2019-03-13 00:00:00,0.4526109,0.54735017,3.8947637e-05,1.0,-0.2854073,0.2039537,0.54735017
2019-03-14 00:00:00,0.16545062,0.83454865,7.4751154e-07,1.0,-0.07578771,0.0745412,0.83454865
2019-03-15 00:00:00,0.04480407,0.9551942,1.7468155e-06,1.0,0.012295582,0.020187322,0.9551942
2019-03-18 00:00:00,0.026155744,0.97384304,1.1888275e-06,1.0,0.025910007,0.011785135,0.97384304
2019-03-19 00:00:00,0.027713994,0.9722852,8.0468396e-07,1.0,0.024772024,0.012486788,0.9722852
2019-03-20 00:00:00,0.0018850979,0.99807787,3.7004345e-05,1.0,0.04365997,0.0008862974,0.99807787
2019-03-21 00:00:00,0.009647781,0.9903499,2.3235846e-06,1.0,0.03796321,0.0043489374,0.9903499
2019-03-22 00:00:00,0.30063686,0.69833064,0.0010324768,1.0,-0.17361288,0.13647838,0.69833064
2019-03-25 00:00:00,0.9976009,0.00070682215,0.0016922825,0.0,-0.68189913,0.45114136,0.9976009
2019-03-26 00:00:00,0.9994186,1.5879109e-35,0.00058140483,0.0,-0.6841656,0.45084938,0.9994186
2019-03-27 00:00:00,0.99959344,1.10107e-40,0.00040655263,0.0,-0.68444115,0.45075333,0.99959344
2019-03-28 00:00:00,0.9997948,0.0,0.00020523956,0.0,-0.68475837,0.4506427,0.9997948
2019-03-29 00:00:00,0.9998464,0.0,0.00015362268,0.0,-0.6848397,0.45061433,0.9998464
2019-04-01 00:00:00,0.99967563,4.1e-43,0.00032435716,0.0,-0.68457067,0.45070815,0.99967563
2019-04-02 00:00:00,0.9993407,1.5616395e-26,0.00065928826,0.0,-0.6840429,0.45089218,0.9993407
2019-04-03 00:00:00,0.9995307,1.0889659e-10,0.00046933617,0.0,-0.6843422,0.4507878,0.9995307
2019-04-04 00:00:00,0.8281596,0.17183955,9.0787756e-07,0.0,-0.5596226,0.37311158,0.8281596
2019-04-05 00:00:00,0.14286532,0.85713345,1.2652547e-06,1.0,-0.05929804,0.06436636,0.85713345
2019-04-08 00:00:00,0.030370368,0.96962917,4.610075e-07,1.0,0.02283235,0.01368322,0.96962917
2019-04-09 00:00:00,0.0073290262,0.99266887,2.11151e-06,1.0,0.039655924,0.0033040573,0.99266887
2019-04-10 00:00:00,0.99210453,0.00036297858,0.007532514,0.0,-0.67294735,0.4545053,0.99210453
2019-04-11 00:00:00,0.99963266,0.00020864778,0.00015872491,0.0,-0.6846793,0.45052314,0.99963266
2019-04-12 00:00:00,0.71512735,0.28486356,9.064595e-06,0.0,-0.4770924,0.32219535,0.71512735
2019-04-15 00:00:00,0.59167784,0.40828598,3.6192345e-05,0.0,-0.38694057,0.26660478,0.59167784
2019-04-16 00:00:00,0.99856216,6.419863e-11,0.0014378665,0.0,-0.682816,0.45132,0.99856216
2019-04-17 00:00:00,0.99973637,0.0,0.00026361307,0.0,-0.6846664,0.45067477,0.99973637
2019-04-18 00:00:00,0.99985975,0.0,0.00014023599,0.0,-0.68486077,0.45060697,0.99985975
2019-04-19 00:00:00,0.99986017,4.2013104e-07,0.00013943887,0.0,-0.6848617,0.45060635,0.99986017
2019-04-22 00:00:00,0.99981165,1.4645165e-08,0.00018833912,0.0,-0.684785,0.4506334,0.99981165
2019-04-23 00:00:00,0.9998842,2.8146223e-06,0.00011299389,0.0,-0.68490165,0.45059076,0.9998842
2019-04-24 00:00:00,0.9993487,2.63433e-31,0.0006512809,0.0,-0.6840555,0.4508878,0.9993487
2019-04-25 00:00:00,0.99930644,2.2529685e-28,0.00069353124,0.0,-0.6839889,0.45091102,0.99930644
2019-04-26 00:00:00,0.99959195,3.4665487e-12,0.00040804688,0.0,-0.68443877,0.45075414,0.99959195
2019-04-29 00:00:00,0.41148806,0.58850944,2.5203205e-06,1.0,-0.25541487,0.1853902,0.58850944
2019-04-30 00:00:00,0.25632435,0.74367493,6.8479443e-07,1.0,-0.14213347,0.11548248,0.74367493
2019-05-01 00:00:00,0.90144706,0.09797167,0.0005812899,0.0,-0.612638,0.40671018,0.90144706
2019-05-02 00:00:00,0.99970216,0.00013130458,0.00016655821,0.0,-0.68472344,0.4505623,0.99970216
2019-05-03 00:00:00,0.441396,0.55860305,9.215327e-07,1.0,-0.27725163,0.19886303,0.55860305
2019-05-06 00:00:00,0.99905473,2.2359083e-05,0.00092290784,0.0,-0.68361115,0.45102698,0.99905473
2019-05-07 00:00:00,0.9994634,1.867251e-15,0.00053661794,0.0,-0.68423617,0.4508248,0.9994634
2019-05-08 00:00:00,0.9994462,1.2844067e-16,0.00055376795,0.0,-0.68420917,0.4508342,0.9994462
2019-05-09 00:00:00,0.9968834,0.0030589001,5.770577e-05,0.0,-0.68275756,0.44918352,0.9968834
2019-05-10 00:00:00,0.99968934,6.871325e-11,0.00031064524,0.0,-0.68459225,0.4507006,0.99968934
2019-05-13 00:00:00,0.99955195,2.0256496e-14,0.00044802562,0.0,-0.68437576,0.4507761,0.99955195
2019-05-14 00:00:00,0.9993927,5.9086194e-19,0.00060733187,0.0,-0.68412477,0.45086363,0.9993927
2019-05-15 00:00:00,0.9992869,1.6880343e-24,0.0007131382,0.0,-0.68395805,0.45092177,0.9992869
2019-05-16 00:00:00,0.99972034,2.8960978e-10,0.0002796836,0.0,-0.68464106,0.45068362,0.99972034
2019-05-17 00:00:00,0.9993012,1.166402e-26,0.0006988254,0.0,-0.6839806,0.4509139,0.9993012
2019-05-20 00:00:00,0.99927634,5.32034e-27,0.0007236525,0.0,-0.6839415,0.45092756,0.99927634
2019-05-21 00:00:00,0.99973446,4.2037135e-10,0.0002655458,0.0,-0.68466336,0.45067585,0.99973446
2019-05-22 00:00:00,0.99616116,0.003838825,3.617443e-08,0.0,-0.68227905,0.44880044,0.99616116
2019-05-23 00:00:00,0.8999431,0.10005338,3.5333364e-06,0.0,-0.61202854,0.40545484,0.8999431
2019-05-24 00:00:00,0.739929,0.2600607,1.0252855e-05,0.0,-0.49519876,0.33337045,0.739929
2019-05-27 00:00:00,0.9482679,0.051731985,1.1983217e-07,0.0,-0.64731276,0.42722318,0.9482679
2019-05-28 00:00:00,0.9998663,2.313438e-06,0.00013140684,0.0,-0.684873,0.4506011,0.9998663
2019-05-29 00:00:00,0.9995695,5.1915327e-15,0.0004305232,0.0,-0.68440336,0.4507665,0.9995695
2019-05-30 00:00:00,0.99987435,4.132412e-05,8.429271e-05,0.0,-0.68491876,0.45055762,0.99987435
2019-05-31 00:00:00,0.98131484,0.01865892,2.6224852e-05,0.0,-0.67141783,0.44213793,0.98131484
2019-06-03 00:00:00,0.76548845,0.23450874,2.831152e-06,0.0,-0.5138656,0.3448783,0.76548845
2019-06-04 00:00:00,0.28899467,0.71097475,3.0591862e-05,1.0,-0.16596034,0.13023134,0.71097475
2019-06-05 00:00:00,0.1674593,0.83253944,1.2966791e-06,1.0,-0.077253744,0.07544672,0.83253944
2019-06-06 00:00:00,0.038055204,0.96193725,7.5431176e-06,1.0,0.017227741,0.017152552,0.96193725
2019-06-07 00:00:00,0.0014086722,0.99835825,0.0002330852,1.0,0.044173624,0.0008677342,0.99835825
2019-06-10 00:00:00,0.0020492824,0.9979028,4.79052e-05,1.0,0.04354932,0.0009711683,0.9979028
2019-06-11 00:00:00,0.00012031468,0.991161,0.0087186955,1.0,0.05229025,0.008772901,0.991161
2019-06-12 00:00:00,0.0019215425,0.9980356,4.2872947e-05,1.0,0.043638326,0.0009085853,0.9980356
2019-06-13 00:00:00,0.00048644032,0.999128,0.00038555698,1.0,0.044975873,0.00060471287,0.999128
2019-06-14 00:00:00,0.008524789,0.99147075,4.454765e-06,1.0,0.038784895,0.0038451273,0.99147075
2019-06-17 00:00:00,0.008741831,0.9912532,4.9676814e-06,1.0,0.03862687,0.0039434247,0.9912532
2019-06-18 00:00:00,0.019159522,0.9808388,1.685145e-06,1.0,0.031018276,0.008633624,0.9808388
2019-06-19 00:00:00,0.0031157937,0.996871,1.32362475e-05,1.0,0.04274136,0.0014169945,0.996871
2019-06-20 00:00:00,0.00020336769,0.99974436,5.2264862e-05,1.0,0.044900686,0.0001438881,0.99974436
2019-06-21 00:00:00,1.9144473e-07,0.99958265,0.000417158,1.0,0.0453576,0.00041724424,0.99958265
2019-06-24 00:00:00,1.0332321e-10,0.99793583,0.0020641657,1.0,0.046750564,0.002064166,0.99793583
2019-06-25 00:00:00,3.5585754e-10,0.998555,0.0014449671,1.0,0.046226926,0.0014449673,0.998555
2019-06-26 00:00:00,6.914655e-14,0.98483455,0.015165429,1.0,0.057829887,0.015165429,0.98483455
2019-06-27 00:00:00,1.9657434e-14,0.9698781,0.030121911,1.0,0.07047811,0.030121911,0.9698781
2019-06-28 00:00:00,4.636498e-11,0.97779846,0.022201544,1.0,0.06378011,0.022201544,0.97779846
2019-07-01 00:00:00,0.0077952654,0.9921996,5.148677e-06,1.0,0.039318096,0.003517149,0.9921996
2019-07-02 00:00:00,0.009565735,0.9904314,2.812657e-06,1.0,0.038023524,0.0043124626,0.9904314
2019-07-03 00:00:00,0.0050234473,0.9949695,7.0451674e-06,1.0,0.04134337,0.0022702587,0.9949695
2019-07-04 00:00:00,0.012184248,0.98781484,9.2405094e-07,1.0,0.036110185,0.005490293,0.98781484
2019-07-05 00:00:00,0.9750541,5.7302477e-29,0.024945904,0.0,-0.6457731,0.46423694,0.9750541
2019-07-08 00:00:00,0.99781084,5.572503e-29,0.0021891578,0.0,-0.6816322,0.4517328,0.99781084
2019-07-09 00:00:00,0.9996388,1.7e-44,0.00036122496,0.0,-0.68451256,0.45072842,0.9996388
2019-07-10 00:00:00,0.98139536,0.018541832,6.2830135e-05,0.0,-0.6714456,0.4422108,0.98139536
2019-07-11 00:00:00,0.91187936,0.08808009,4.057592e-05,0.0,-0.62071174,0.4108695,0.91187936
2019-07-12 00:00:00,0.29866758,0.70131993,1.2476754e-05,1.0,-0.17303772,0.13457116,0.70131993
2019-07-15 00:00:00,0.06664535,0.9333522,2.4636201e-06,1.0,-0.0036498369,0.030028187,0.9333522
2019-07-16 00:00:00,0.024708303,0.97529066,1.0347492e-06,1.0,0.026966635,0.011132864,0.97529066
2019-07-17 00:00:00,0.00572732,0.994272,6.6697345e-07,1.0,0.040824085,0.0025809961,0.994272
2019-07-18 00:00:00,0.16544938,0.8342272,0.00032340136,1.0,-0.075513944,0.0748633,0.8342272
2019-07-19 00:00:00,0.999235,0.0,0.0007650294,0.0,-0.6838763,0.4509503,0.999235
2019-07-22 00:00:00,0.99999994,0.0,4.8379167e-08,0.0,-0.6850817,0.45052996,0.99999994
2019-07-23 00:00:00,1.0,0.0,9.64896e-10,0.0,-0.6850818,0.45052993,1.0
2019-07-24 00:00:00,1.0,0.0,4.156976e-11,0.0,-0.6850818,0.45052993,1.0
2019-07-25 00:00:00,1.0,0.0,1.458262e-10,0.0,-0.6850818,0.45052993,1.0
2019-07-26 00:00:00,1.0,0.0,2.934372e-12,0.0,-0.6850818,0.45052993,1.0
2019-07-29 00:00:00,0.99996126,0.0,3.872911e-05,0.0,-0.68502074,0.4505512,0.99996126
2019-07-30 00:00:00,0.999867,0.0,0.00013296684,0.0,-0.68487227,0.45060298,0.999867
2019-07-31 00:00:00,1.0,0.0,4.3393653e-09,0.0,-0.6850818,0.45052993,1.0
2019-08-01 00:00:00,1.0,0.0,2.7325385e-08,0.0,-0.6850817,0.45052993,1.0
2019-08-02 00:00:00,0.9996419,1.1e-44,0.00035808433,0.0,-0.6845175,0.4507267,0.9996419
2019-08-05 00:00:00,0.60773396,0.39226052,5.5067353e-06,0.0,-0.39868888,0.27380785,0.60773396
2019-08-06 00:00:00,0.10726695,0.89273155,1.4912886e-06,1.0,-0.03330795,0.048328463,0.89273155
2019-08-07 00:00:00,0.99352866,5.9531053e-06,0.006465366,0.0,-0.67488956,0.45407978,0.99352866
2019-08-08 00:00:00,0.9992628,7.3391265e-11,0.0007371949,0.0,-0.68392015,0.450935,0.9992628
2019-08-09 00:00:00,0.9994558,1.6124269e-12,0.00054420857,0.0,-0.68422425,0.45082897,0.9994558
2019-08-12 00:00:00,0.9997673,5.6664514e-05,0.00017601579,0.0,-0.684763,0.45060113,0.9997673
2019-08-13 00:00:00,0.996982,0.002925475,9.255596e-05,0.0,-0.68280005,0.44926277,0.996982
2019-08-14 00:00:00,0.9992913,1.1043675e-19,0.0007086836,0.0,-0.683965,0.45091933,0.9992913
2019-08-15 00:00:00,0.9999418,0.0,5.818397e-05,0.0,-0.6849901,0.4505619,0.9999418
2019-08-16 00:00:00,0.9998188,0.0,0.00018119134,0.0,-0.6847963,0.4506295,0.9998188
2019-08-19 00:00:00,0.99972296,1e-45,0.00027702004,0.0,-0.68464524,0.45068213,0.99972296
2019-08-20 00:00:00,0.9997019,5.809443e-08,0.00029804723,0.0,-0.6846121,0.45069367,0.9997019
2019-08-21 00:00:00,0.99972475,2.384222e-07,0.00027503425,0.0,-0.6846482,0.45068094,0.99972475
2019-08-22 00:00:00,0.999574,1.658085e-10,0.00042601547,0.0,-0.68441045,0.450764,0.999574
2019-08-23 00:00:00,0.6064867,0.39351037,2.9235005e-06,0.0,-0.39778045,0.27324334,0.6064867
2019-08-26 00:00:00,0.99563485,0.0038289046,0.0005362665,0.0,-0.6814413,0.44909957,0.99563485
2019-08-27 00:00:00,0.99945277,4.323271e-12,0.00054725324,0.0,-0.6842194,0.45083064,0.99945277
2019-08-28 00:00:00,0.6628462,0.3371521,1.7289593e-06,0.0,-0.43892878,0.29863378,0.6628462
2019-08-29 00:00:00,0.14063054,0.859361,8.445972e-06,1.0,-0.057660386,0.06336671,0.859361
2019-08-30 00:00:00,0.99326366,3.4372247e-36,0.006736321,0.0,-0.67446697,0.45423135,0.99326366
2019-09-02 00:00:00,1.0,0.0,1.3897733e-16,0.0,-0.6850818,0.45052993,1.0
2019-09-03 00:00:00,1.0,0.0,3.5882274e-12,0.0,-0.6850818,0.45052993,1.0
2019-09-04 00:00:00,0.9999941,0.0,5.9031845e-06,0.0,-0.6850725,0.45053318,0.9999941
2019-09-05 00:00:00,0.9999703,0.0,2.9658087e-05,0.0,-0.68503505,0.45054623,0.9999703
2019-09-06 00:00:00,0.99999774,0.0,2.2364713e-06,0.0,-0.68507826,0.45053115,0.99999774
2019-09-09 00:00:00,0.999997,0.0,2.9958478e-06,0.0,-0.6850771,0.45053157,0.999997
2019-09-10 00:00:00,0.9998367,0.0,0.00016329507,0.0,-0.68482447,0.45061967,0.9998367
2019-09-11 00:00:00,0.9998681,0.0,0.00013190649,0.0,-0.68487394,0.4506024,0.9998681
2019-09-12 00:00:00,0.9997483,3.7123536e-07,0.00025133215,0.0,-0.68468547,0.45066786,0.9997483
2019-09-13 00:00:00,0.34083062,0.65916777,1.6059895e-06,1.0,-0.2038296,0.153556,0.65916777
2019-09-16 00:00:00,0.99479234,6.8882595e-15,0.0052076695,0.0,-0.67687577,0.4533914,0.99479234
2019-09-17 00:00:00,0.5939428,0.40602538,3.1801235e-05,0.0,-0.3885979,0.26762083,0.5939428
2019-09-18 00:00:00,0.99831307,3.256484e-07,0.0016866295,0.0,-0.68242383,0.45145655,0.99831307
2019-09-19 00:00:00,0.9916292,0.008195357,0.00017546637,0.0,-0.678822,0.4469341,0.9916292
2019-09-20 00:00:00,0.9995861,3.6034e-41,0.00041391372,0.0,-0.6844295,0.45075735,0.9995861
2019-09-23 00:00:00,0.9992093,9.125776e-31,0.00079068885,0.0,-0.68383586,0.4509644,0.9992093
2019-09-24 00:00:00,0.99893486,1.2154389e-13,0.0010651324,0.0,-0.6834034,0.4511152,0.99893486
2019-09-25 00:00:00,0.999623,1e-45,0.00037697927,0.0,-0.68448776,0.45073706,0.999623
2019-09-26 00:00:00,0.99965787,0.0,0.00034215956,0.0,-0.6845426,0.45071793,0.99965787
2019-09-27 00:00:00,0.99910766,0.00015873126,0.000733582,0.0,-0.68380994,0.4508615,0.99910766
2019-09-30 00:00:00,0.9981546,8.418475e-09,0.0018454136,0.0,-0.68217385,0.45154393,0.9981546
2019-10-01 00:00:00,0.96886367,0.030375192,0.0007611243,0.0,-0.6617059,0.43726322,0.96886367
2019-10-02 00:00:00,0.99634767,1.3220139e-11,0.0036523547,0.0,-0.67932653,0.4525368,0.99634767
2019-10-03 00:00:00,0.9974134,1.4014475e-06,0.0025852292,0.0,-0.681007,0.4519498,0.9974134
2019-10-04 00:00:00,0.9982239,0.00025188245,0.0015242307,0.0,-0.6824961,0.45125398,0.9982239
2019-10-07 00:00:00,0.99699646,6.4883775e-12,0.0030035302,0.0,-0.68034893,0.45218027,0.99699646
2019-10-08 00:00:00,0.996189,5.112868e-18,0.0038109878,0.0,-0.6790766,0.45262396,0.996189
2019-10-09 00:00:00,0.57172847,0.42805642,0.00021510657,0.0,-0.3722245,0.2577959,0.57172847
2019-10-10 00:00:00,0.9541927,0.04342092,0.0023863958,0.0,-0.64962035,0.43227875,0.9541927
2019-10-11 00:00:00,0.86148125,0.13819483,0.0003238887,0.0,-0.5836772,0.388447,0.86148125
2019-10-14 00:00:00,0.513304,0.48669282,3.231056e-06,0.0,-0.32974872,0.23126203,0.513304
2019-10-15 00:00:00,0.53846055,0.4611943,0.0003451224,0.0,-0.3478261,0.24293773,0.53846055
2019-10-16 00:00:00,0.21816218,0.78183323,4.582992e-06,1.0,-0.11426847,0.09829317,0.78183323
2019-10-17 00:00:00,0.012107886,0.9878641,2.8020953e-05,1.0,0.036188852,0.005482986,0.9878641
2019-10-18 00:00:00,1.9731397e-06,0.9955669,0.0044311504,1.0,0.048750807,0.0044320393,0.9955669
2019-10-21 00:00:00,7.025207e-07,0.98840785,0.011591454,1.0,0.054806978,0.011591771,0.98840785
2019-10-22 00:00:00,0.00012981542,0.9995689,0.0003013072,1.0,0.04516499,0.00035979296,0.9995689
2019-10-23 00:00:00,1.0622956e-08,0.067997746,0.93200225,2.0,0.8331699,0.93200225,0.93200225
2019-10-24 00:00:00,1.50726e-10,0.00040803372,0.99959195,2.0,0.89032835,0.99959195,0.99959195
2019-10-25 00:00:00,1.9712057e-05,0.16115859,0.8388217,2.0,0.7543556,0.8388306,0.8388217
2019-10-28 00:00:00,9.8142055e-14,4.3445232e-07,0.9999996,2.0,0.89067304,0.9999996,0.9999996
2019-10-29 00:00:00,1.6991264e-11,3.6019168e-07,0.99999964,2.0,0.89067316,0.99999964,0.99999964
2019-10-30 00:00:00,4.479587e-13,1.1712104e-07,0.9999999,2.0,0.89067334,0.9999999,0.9999999
2019-10-31 00:00:00,5.739422e-12,1.8996262e-07,0.9999998,2.0,0.8906733,0.9999998,0.9999998
2019-11-01 00:00:00,1.854813e-12,1.440474e-07,0.9999999,2.0,0.89067334,0.9999999,0.9999999
2019-11-04 00:00:00,1.1432309e-07,0.004642096,0.9953578,2.0,0.8867476,0.9953579,0.9953578
2019-11-05 00:00:00,0.0007233826,0.90314335,0.09613325,1.0,0.12577368,0.09645915,0.90314335
2019-11-06 00:00:00,0.002147715,0.9976999,0.00015239803,1.0,0.043565825,0.001120008,0.9976999
2019-11-07 00:00:00,0.022153957,0.9778436,2.4498222e-06,1.0,0.028832724,0.00998347,0.9778436
2019-11-08 00:00:00,0.0030756814,0.9969237,6.590393e-07,1.0,0.042760007,0.0013863456,0.9969237
2019-11-11 00:00:00,0.048540607,0.9514585,8.64675e-07,1.0,0.009566841,0.02186986,0.9514585
2019-11-12 00:00:00,0.004841514,0.99515724,1.2731279e-06,1.0,0.041471314,0.0021825202,0.99515724
2019-11-13 00:00:00,0.98346263,8.871769e-08,0.016537309,0.0,-0.6590229,0.45961666,0.98346263
2019-11-14 00:00:00,0.99848086,6.4161e-38,0.0015191303,0.0,-0.682688,0.45136464,0.99848086
2019-11-15 00:00:00,0.9996595,0.0,0.00034049366,0.0,-0.6845452,0.45071703,0.9996595
2019-11-18 00:00:00,0.9993659,5.0197704e-20,0.00063410075,0.0,-0.68408257,0.45087835,0.9993659
2019-11-19 00:00:00,0.99984914,1.5933692e-06,0.00014927225,0.0,-0.6848454,0.45061123,0.99984914
2019-11-20 00:00:00,0.99981475,5.540283e-08,0.00018521881,0.0,-0.6847899,0.45063168,0.99981475
2019-11-21 00:00:00,0.9951844,0.0047766813,3.888472e-05,0.0,-0.6815331,0.44839925,0.9951844
2019-11-22 00:00:00,0.99977535,3.847736e-09,0.00022466794,0.0,-0.6847277,0.45065337,0.99977535
2019-11-25 00:00:00,0.9993026,2.9236096e-28,0.00069736416,0.0,-0.6839829,0.4509131,0.9993026
2019-11-26 00:00:00,0.99926895,1.4891466e-30,0.00073103246,0.0,-0.68392986,0.4509316,0.99926895
2019-11-27 00:00:00,0.9999917,0.0,8.304564e-06,0.0,-0.68506867,0.4505345,0.9999917
2019-11-28 00:00:00,0.9999882,0.0,1.1779866e-05,0.0,-0.6850632,0.4505364,0.9999882
2019-11-29 00:00:00,0.99999094,0.0,9.048775e-06,0.0,-0.68506753,0.4505349,0.99999094
2019-12-02 00:00:00,0.9998395,1.06134365e-07,0.00016043342,0.0,-0.6848289,0.45061803,0.9998395
2019-12-03 00:00:00,0.98548895,0.014510995,7.145939e-08,0.0,-0.67448735,0.44399235,0.98548895
2019-12-04 00:00:00,0.9707367,0.029263189,1.0574222e-07,0.0,-0.6637169,0.43734604,0.9707367
2019-12-05 00:00:00,0.84255856,0.15742916,1.2267934e-05,0.0,-0.5701255,0.37961012,0.84255856
2019-12-06 00:00:00,0.6635332,0.33646378,2.9667792e-06,0.0,-0.43942934,0.29894456,0.6635332
2019-12-09 00:00:00,0.56329674,0.43670222,1.0126572e-06,0.0,-0.36624968,0.25378308,0.56329674
2019-12-10 00:00:00,0.6477944,0.34018448,0.0120210955,0.0,-0.41777527,0.30387187,0.6477944
2019-12-11 00:00:00,0.0034471592,0.002072986,0.99447984,2.0,0.8834885,0.9960329,0.99447984
2019-12-12 00:00:00,1.8131016e-10,3.5471473e-08,0.99999994,2.0,0.8906734,0.99999994,0.99999994
2019-12-13 00:00:00,0.029330006,0.9600037,0.010666347,1.0,0.03261171,0.023880392,0.9600037
2019-12-16 00:00:00,0.010896081,0.98908204,2.1872007e-05,1.0,0.037068374,0.0049308827,0.98908204
2019-12-17 00:00:00,0.0054231244,0.99453604,4.0834282e-05,1.0,0.041080143,0.0024841141,0.99453604
2019-12-18 00:00:00,0.020324236,0.97967374,1.9969596e-06,1.0,0.030168198,0.009158673,0.97967374
2019-12-19 00:00:00,0.010781235,0.9892121,6.647743e-06,1.0,0.03713935,0.004863917,0.9892121
2019-12-20 00:00:00,0.010506009,0.9894879,6.091395e-06,1.0,0.037339818,0.0047393627,0.9894879
2019-12-23 00:00:00,0.00306492,0.9968867,4.841985e-05,1.0,0.042808253,0.001429258,0.9968867
2019-12-24 00:00:00,0.0062062475,0.9937784,1.532459e-05,1.0,0.040486824,0.002811425,0.9937784
2019-12-25 00:00:00,0.0021834397,0.9975928,0.00022373722,1.0,0.04360007,0.0012074421,0.9975928
2019-12-26 00:00:00,0.0020618206,0.9977035,0.00023468131,1.0,0.043698117,0.0011635931,0.9977035
2019-12-27 00:00:00,8.096188e-07,0.9357616,0.06423763,1.0,0.099328116,0.064238,0.9357616
2019-12-30 00:00:00,6.95487e-05,0.9816921,0.018238394,1.0,0.06037782,0.018269727,0.9816921
2019-12-31 00:00:00,2.5187848e-05,0.9824618,0.017512983,1.0,0.05979675,0.017524332,0.9824618
2020-01-01 00:00:00,1.6721102e-05,0.9789016,0.021081634,1.0,0.06282083,0.021089168,0.9789016
2020-01-02 00:00:00,0.0033788926,0.99660194,1.9144145e-05,1.0,0.042554267,0.0015414363,0.99660194
2020-01-03 00:00:00,0.00048076687,0.99924284,0.00027636878,1.0,0.044887677,0.00049296865,0.99924284
2020-01-06 00:00:00,1.9032947e-05,0.99776095,0.0022200106,1.0,0.046868462,0.0022285855,0.99776095
2020-01-07 00:00:00,0.004924062,0.99506795,7.9951205e-06,1.0,0.04141673,0.0022264326,0.99506795
2020-01-08 00:00:00,0.0031690688,0.99682933,1.6245713e-06,1.0,0.042692643,0.0014293849,0.99682933
2020-01-09 00:00:00,0.9744557,1.838024e-12,0.025544282,0.0,-0.6448302,0.46456575,0.9744557
2020-01-10 00:00:00,0.9110409,0.08895812,9.758612e-07,0.0,-0.6201331,0.4104522,0.9110409
2020-01-13 00:00:00,0.7513776,0.2486221,3.216013e-07,0.0,-0.50356555,0.3385184,0.7513776
2020-01-14 00:00:00,0.18227671,0.8177194,3.8756984e-06,1.0,-0.088069566,0.082124986,0.8177194
2020-01-15 00:00:00,0.07426967,0.9257283,2.0064945e-06,1.0,-0.009216636,0.033462714,0.9257283
2020-01-16 00:00:00,0.08542008,0.91457915,7.412389e-07,1.0,-0.017358478,0.038485043,0.91457915
2020-01-17 00:00:00,0.09956628,0.900433,6.905391e-07,1.0,-0.027686475,0.04485828,0.900433
2020-01-20 00:00:00,0.13017604,0.86982334,6.2377677e-07,1.0,-0.050034307,0.058648825,0.86982334
2020-01-21 00:00:00,0.05798276,0.94201684,3.9716966e-07,1.0,0.0026728546,0.026123367,0.94201684
2020-01-22 00:00:00,0.11308677,0.8869126,6.2323403e-07,1.0,-0.03755766,0.0509496,0.8869126
2020-01-23 00:00:00,0.98590434,0.0123200305,0.001775645,0.0,-0.6732891,0.44595504,0.98590434
2020-01-24 00:00:00,0.9999719,0.0,2.8073177e-05,0.0,-0.68503755,0.45054537,0.9999719
2020-01-27 00:00:00,0.9999999,0.0,1.01945936e-07,0.0,-0.6850816,0.45053,0.9999999
2020-01-28 00:00:00,1.0,0.0,5.2896456e-09,0.0,-0.6850818,0.45052993,1.0
2020-01-29 00:00:00,1.0,0.0,3.7351774e-10,0.0,-0.6850818,0.45052993,1.0
2020-01-30 00:00:00,0.99998194,0.0,1.8045343e-05,0.0,-0.68505335,0.45053986,0.99998194
2020-01-31 00:00:00,0.9996087,4.2210666e-13,0.00039131887,0.0,-0.68446517,0.45074496,0.9996087
2020-02-03 00:00:00,0.99988925,0.0,0.000110735666,0.0,-0.68490726,0.4505908,0.99988925
2020-02-04 00:00:00,0.9995572,1e-45,0.00044282648,0.0,-0.684384,0.45077324,0.9995572
2020-02-05 00:00:00,0.9996084,0.0,0.0003916012,0.0,-0.6844647,0.4507451,0.9996084
2020-02-06 00:00:00,0.99984396,0.0,0.00015603799,0.0,-0.6848359,0.45061567,0.99984396
2020-02-07 00:00:00,0.9999996,0.0,4.132368e-07,0.0,-0.6850811,0.45053017,0.9999996
2020-02-10 00:00:00,1.0,0.0,9.107139e-11,0.0,-0.6850818,0.45052993,1.0
2020-02-11 00:00:00,1.0,0.0,3.1127658e-09,0.0,-0.6850818,0.45052993,1.0
2020-02-12 00:00:00,1.0,0.0,1.1518456e-16,0.0,-0.6850818,0.45052993,1.0
2020-02-13 00:00:00,1.0,0.0,1.0624518e-18,0.0,-0.6850818,0.45052993,1.0
2020-02-14 00:00:00,1.0,0.0,4.0135174e-15,0.0,-0.6850818,0.45052993,1.0
2020-02-17 00:00:00,1.0,0.0,2.8345598e-15,0.0,-0.6850818,0.45052993,1.0
2020-02-18 00:00:00,1.0,0.0,1.7675946e-18,0.0,-0.6850818,0.45052993,1.0
2020-02-19 00:00:00,1.0,0.0,1.0693341e-17,0.0,-0.6850818,0.45052993,1.0
2020-02-20 00:00:00,1.0,0.0,6.663176e-16,0.0,-0.6850818,0.45052993,1.0
2020-02-21 00:00:00,0.99999857,0.0,1.4162168e-06,0.0,-0.6850795,0.4505307,0.99999857
2020-02-24 00:00:00,0.99999595,0.0,4.0511245e-06,0.0,-0.6850754,0.45053217,0.99999595
2020-02-25 00:00:00,0.9998502,0.0,0.00014980986,0.0,-0.6848457,0.45061225,0.9998502
2020-02-26 00:00:00,0.9995956,0.0,0.00040443326,0.0,-0.6844445,0.45075217,0.9995956
2020-02-27 00:00:00,0.9281856,0.07166154,0.00015285301,0.0,-0.63252175,0.41832826,0.9281856
2020-02-28 00:00:00,0.9989086,1.1052604e-09,0.0010914226,0.0,-0.68336195,0.45112965,0.9989086
2020-03-02 00:00:00,0.08294313,0.9167764,0.00028045653,1.0,-0.01531354,0.037648816,0.9167764
2020-03-03 00:00:00,5.736641e-06,0.9995306,0.00046362873,1.0,0.045392852,0.00046621324,0.9995306
2020-03-04 00:00:00,1.1405101e-06,0.9993122,0.0006866484,1.0,0.045584805,0.0006871622,0.9993122
2020-03-05 00:00:00,2.9050274e-15,0.98322374,0.016776262,1.0,0.05919212,0.016776262,0.98322374
2020-03-06 00:00:00,2.3365134e-27,0.6771297,0.3228703,1.0,0.3180462,0.3228703,0.6771297
2020-03-09 00:00:00,0.0,0.00064451766,0.9993555,2.0,0.8901284,0.9993555,0.9993555
2020-03-10 00:00:00,1.0169439e-34,0.00014833797,0.99985164,2.0,0.890548,0.99985164,0.99985164
2020-03-11 00:00:00,3.2114612e-33,0.00012883554,0.99987113,2.0,0.8905645,0.99987113,0.99987113
2020-03-12 00:00:00,4.4705043e-26,0.0005525636,0.99944746,2.0,0.89020616,0.99944746,0.99944746
2020-03-13 00:00:00,1.8122772e-16,0.008983691,0.9910163,2.0,0.8830762,0.9910163,0.9910163
2020-03-16 00:00:00,1.563497e-22,0.00010474878,0.9998953,2.0,0.8905848,0.9998953,0.9998953
2020-03-17 00:00:00,1.5484338e-12,0.024508499,0.9754915,2.0,0.8699474,0.9754915,0.9754915
2020-03-18 00:00:00,1.4762321e-06,0.24708183,0.7529167,2.0,0.6817218,0.75291735,0.7529167
2020-03-19 00:00:00,0.94186914,0.0,0.058130853,0.0,-0.5934818,0.4824711,0.94186914
2020-03-20 00:00:00,0.99994075,0.0,5.9230835e-05,0.0,-0.68498844,0.45056248,0.99994075
2020-03-23 00:00:00,0.9977719,9.3192e-37,0.0022280584,0.0,-0.6815709,0.45175418,0.9977719
2020-03-24 00:00:00,0.9964847,2.9458655e-35,0.003515281,0.0,-0.67954254,0.45246148,0.9964847
2020-03-25 00:00:00,0.63658553,1.4374174e-10,0.36341447,0.0,-0.11242952,0.6502153,0.63658553
2020-03-26 00:00:00,0.00027343485,1.0303192e-09,0.9997266,2.0,0.8902426,0.99984974,0.9997266
2020-03-27 00:00:00,7.871023e-10,1.3793127e-07,0.9999999,2.0,0.89067334,0.9999999,0.9999999
2020-03-30 00:00:00,0.55919486,0.0,0.4408051,0.0,0.009519186,0.6927391,0.55919486
2020-03-31 00:00:00,0.99953777,0.0,0.0004622293,0.0,-0.6843534,0.4507839,0.99953777
2020-04-01 00:00:00,0.99999994,0.0,8.3275516e-08,0.0,-0.68508166,0.45052996,0.99999994
2020-04-02 00:00:00,1.0,0.0,7.71895e-21,0.0,-0.6850818,0.45052993,1.0
2020-04-03 00:00:00,1.0,0.0,5.7555133e-31,0.0,-0.6850818,0.45052993,1.0
2020-04-06 00:00:00,1.0,0.0,5.3e-44,0.0,-0.6850818,0.45052993,1.0
2020-04-07 00:00:00,1.0,0.0,8.2586913e-25,0.0,-0.6850818,0.45052993,1.0
2020-04-08 00:00:00,1.0,0.0,3.5724797e-23,0.0,-0.6850818,0.45052993,1.0
2020-04-09 00:00:00,1.0,0.0,4.8194226e-12,0.0,-0.6850818,0.45052993,1.0
2020-04-10 00:00:00,0.9999968,0.0,3.215974e-06,0.0,-0.6850767,0.4505317,0.9999968
2020-04-13 00:00:00,1.0,0.0,5.6472285e-11,0.0,-0.6850818,0.45052993,1.0
2020-04-14 00:00:00,0.94712037,3.8746935e-18,0.05287964,0.0,-0.6017564,0.4795857,0.94712037
2020-04-15 00:00:00,0.7760956,1.5543173e-20,0.22390436,0.0,-0.3322633,0.5735587,0.7760956
2020-04-16 00:00:00,2.5849332e-09,0.3248214,0.6751786,2.0,0.6159822,0.6751786,0.6751786
2020-04-17 00:00:00,2.3320528e-09,0.72248286,0.2775171,1.0,0.27969244,0.2775171,0.72248286
2020-04-20 00:00:00,6.1908206e-05,0.9591153,0.04082277,1.0,0.079482295,0.04085066,0.9591153
2020-04-21 00:00:00,0.0058384496,0.9794175,0.014744057,1.0,0.053210974,0.017374454,0.9794175
2020-04-22 00:00:00,0.9234427,3.6518874e-20,0.07655726,0.0,-0.5644463,0.49259585,0.9234427
2020-04-23 00:00:00,1.0,0.0,1.0805771e-09,0.0,-0.6850818,0.45052993,1.0
2020-04-24 00:00:00,1.0,0.0,1.6599223e-14,0.0,-0.6850818,0.45052993,1.0
2020-04-27 00:00:00,0.99999934,0.0,6.32724e-07,0.0,-0.68508077,0.4505303,0.99999934
2020-04-28 00:00:00,0.9999976,0.0,2.3848988e-06,0.0,-0.685078,0.45053124,0.9999976
2020-04-29 00:00:00,0.9993264,5.3880393e-14,0.00067358586,0.0,-0.68402034,0.45090005,0.9993264
2020-04-30 00:00:00,0.038561847,0.9612648,0.00017335785,1.0,0.016998073,0.017546624,0.9612648
2020-05-01 00:00:00,2.2757012e-09,0.99937034,0.00062966323,1.0,0.04553745,0.0006296642,0.99937034
2020-05-04 00:00:00,0.00011600915,0.9998289,5.5098422e-05,1.0,0.04496686,0.000107364016,0.9998289
2020-05-05 00:00:00,0.9833514,7.9767015e-05,0.016568815,0.0,-0.65891516,0.45959806,0.9833514
2020-05-06 00:00:00,0.99881727,4.6835487e-09,0.0011827147,0.0,-0.6832181,0.4511798,0.99881727
2020-05-07 00:00:00,0.99921703,1.8905208e-17,0.0007829513,0.0,-0.683848,0.45096013,0.99921703
2020-05-08 00:00:00,0.99923146,9.9470935e-24,0.00076852506,0.0,-0.68387073,0.4509522,0.99923146
2020-05-11 00:00:00,0.9993106,6.6337453e-29,0.00068939576,0.0,-0.6839954,0.45090872,0.9993106
2020-05-12 00:00:00,0.9996998,1e-45,0.0003002061,0.0,-0.6846087,0.4506949,0.9996998
2020-05-13 00:00:00,0.9993518,5.810372e-16,0.00064818445,0.0,-0.6840604,0.4508861,0.9993518
2020-05-14 00:00:00,0.99977815,4.546049e-06,0.00021732367,0.0,-0.684736,0.4506473,0.99977815
2020-05-15 00:00:00,0.9997108,7.874668e-08,0.00028914234,0.0,-0.6846261,0.45068878,0.9997108
2020-05-18 00:00:00,0.5300361,0.46994725,1.6637921e-05,0.0,-0.3419533,0.23881377,0.5300361
2020-05-19 00:00:00,0.029149838,0.9708325,1.7629252e-05,1.0,0.023737961,0.013150503,0.9708325
2020-05-20 00:00:00,1.681788e-08,0.9995512,0.00044880205,1.0,0.04538449,0.00044880962,0.9995512
2020-05-21 00:00:00,9.391147e-09,0.9995409,0.00045904436,1.0,0.045393154,0.00045904858,0.9995409
2020-05-22 00:00:00,0.0009565444,0.99902207,2.141362e-05,1.0,0.04432471,0.0004523655,0.99902207
2020-05-25 00:00:00,0.0013871575,0.99859476,1.8107168e-05,1.0,0.04400753,0.0006430631,0.99859476
2020-05-26 00:00:00,1.2705844e-06,0.9998403,0.00015841408,1.0,0.045138,0.00015898653,0.9998403
2020-05-27 00:00:00,2.9501573e-06,0.9998693,0.00012777849,1.0,0.045110866,0.00012910762,0.9998693
2020-05-28 00:00:00,6.790668e-06,0.9998915,0.00010169528,1.0,0.045086004,0.00010475468,0.9998915
2020-05-29 00:00:00,1.8021648e-05,0.9999032,7.878355e-05,1.0,0.04505843,8.6902844e-05,0.9999032
2020-06-01 00:00:00,1.0215261e-12,0.9974572,0.0025427875,1.0,0.047155317,0.0025427875,0.9974572
2020-06-02 00:00:00,9.090635e-29,0.7009482,0.2990518,1.0,0.29790363,0.2990518,0.7009482
2020-06-03 00:00:00,0.0,0.0057351086,0.9942649,2.0,0.8858234,0.9942649,0.9942649
2020-06-04 00:00:00,0.0,5.309015e-05,0.9999469,2.0,0.8906285,0.9999469,0.9999469
2020-06-05 00:00:00,1e-45,0.0001939003,0.9998061,2.0,0.8905095,0.9998061,0.9998061
2020-06-08 00:00:00,0.0,2.8445835e-05,0.99997157,2.0,0.8906494,0.99997157,0.99997157
2020-06-09 00:00:00,0.0,4.039279e-05,0.9999596,2.0,0.8906393,0.9999596,0.9999596
2020-06-10 00:00:00,0.0,1.3734455e-06,0.9999986,2.0,0.89067227,0.9999986,0.9999986
2020-06-11 00:00:00,0.0,2.9185471e-06,0.9999971,2.0,0.89067096,0.9999971,0.9999971
2020-06-12 00:00:00,7.261e-41,1.6193302e-05,0.9999838,2.0,0.89065975,0.9999838,0.9999838
2020-06-15 00:00:00,2.4047187e-38,6.602429e-05,0.99993396,2.0,0.8906176,0.99993396,0.99993396
2020-06-16 00:00:00,5.4301197e-24,0.0009629182,0.9990371,2.0,0.88985914,0.9990371,0.9990371
2020-06-17 00:00:00,5.207448e-15,0.059238393,0.9407616,2.0,0.8405774,0.9407616,0.9407616
2020-06-18 00:00:00,1.5617526e-14,0.12105703,0.87894297,2.0,0.7882993,0.87894297,0.87894297
2020-06-19 00:00:00,4.1156222e-16,0.13315225,0.86684775,2.0,0.7780708,0.86684775,0.86684775
2020-06-22 00:00:00,2.7139632e-28,0.00012732834,0.9998727,2.0,0.89056575,0.9998727,0.9998727
2020-06-23 00:00:00,5.0013166e-23,0.0018372342,0.99816275,2.0,0.88911974,0.99816275,0.99816275
2020-06-24 00:00:00,1.0560694e-11,0.13345505,0.86654496,2.0,0.7778147,0.86654496,0.86654496
2020-06-25 00:00:00,1.1513238e-05,0.94421613,0.055772334,1.0,0.09216146,0.055777524,0.94421613
2020-06-26 00:00:00,6.0945622e-05,0.99939966,0.0005393976,1.0,0.04541662,0.0005668554,0.99939966
2020-06-29 00:00:00,3.0155385e-05,0.9997048,0.00026507312,1.0,0.04520711,0.00027865902,0.9997048
2020-06-30 00:00:00,0.0028672838,0.9970965,3.6244935e-05,1.0,0.04294225,0.0013280421,0.9970965
2020-07-01 00:00:00,0.0046789898,0.9953073,1.36637655e-05,1.0,0.04160045,0.0021216886,0.9953073
2020-07-02 00:00:00,0.94256735,1.4038134e-18,0.05743264,0.0,-0.59458196,0.48208746,0.94256735
2020-07-03 00:00:00,0.99407035,0.0033345385,0.0025950808,0.0,-0.67855805,0.45045355,0.99407035
2020-07-06 00:00:00,0.4556775,0.54430705,1.5457877e-05,1.0,-0.28766605,0.2053118,0.54430705
2020-07-07 00:00:00,0.9950745,1.6327705e-05,0.0049091773,0.0,-0.6773342,0.45322,0.9950745
2020-07-08 00:00:00,0.9388445,0.060704898,0.00045057994,0.0,-0.6400519,0.42342815,0.9388445
2020-07-09 00:00:00,0.25674954,0.74323916,1.1271563e-05,1.0,-0.14243494,0.11568462,0.74323916
2020-07-10 00:00:00,0.019534992,0.98044425,2.0738065e-05,1.0,0.030760262,0.008821837,0.98044425
2020-07-13 00:00:00,0.005485634,0.9945088,5.560936e-06,1.0,0.041004676,0.0024770033,0.9945088
2020-07-14 00:00:00,2.5459522e-06,0.9994974,0.00050004275,1.0,0.045425974,0.0005011898,0.9994974
2020-07-15 00:00:00,2.334285e-08,0.99799794,0.002002049,1.0,0.046698015,0.0020020597,0.99799794
2020-07-16 00:00:00,9.387045e-09,0.9971354,0.0028645627,1.0,0.047427427,0.002864567,0.9971354
2020-07-17 00:00:00,5.5770682e-15,0.9612974,0.03870262,1.0,0.077734545,0.03870262,0.9612974
2020-07-20 00:00:00,2.348004e-08,0.9883605,0.011639441,1.0,0.054848056,0.011639452,0.9883605
2020-07-21 00:00:00,4.993294e-12,0.96497345,0.03502657,1.0,0.07462583,0.03502657,0.96497345
2020-07-22 00:00:00,3.826677e-24,0.031227812,0.9687722,2.0,0.8642651,0.9687722,0.9687722
2020-07-23 00:00:00,4.7813994e-37,2.6396226e-06,0.9999974,2.0,0.8906712,0.9999974,0.9999974
2020-07-24 00:00:00,1e-45,4.7782e-06,0.99999523,2.0,0.8906694,0.99999523,0.99999523
2020-07-27 00:00:00,0.0,1.4340173e-06,0.99999857,2.0,0.8906722,0.99999857,0.99999857
2020-07-28 00:00:00,0.0,2.703256e-06,0.9999973,2.0,0.89067113,0.9999973,0.9999973
2020-07-29 00:00:00,0.0,5.183189e-08,0.99999994,2.0,0.8906734,0.99999994,0.99999994
2020-07-30 00:00:00,0.0,9.287035e-14,1.0,2.0,0.89067346,1.0,1.0
2020-07-31 00:00:00,0.0,9.72598e-13,1.0,2.0,0.89067346,1.0,1.0
2020-08-03 00:00:00,6.75302e-39,1.734644e-08,1.0,2.0,0.8906734,1.0,1.0
2020-08-04 00:00:00,0.0,3.2540442e-12,1.0,2.0,0.89067346,1.0,1.0
2020-08-05 00:00:00,0.0,9.630249e-12,1.0,2.0,0.89067346,1.0,1.0
2020-08-06 00:00:00,0.0,3.199021e-12,1.0,2.0,0.89067346,1.0,1.0
2020-08-07 00:00:00,6e-45,6.488834e-11,1.0,2.0,0.89067346,1.0,1.0
2020-08-10 00:00:00,7.472461e-30,1.4933941e-07,0.9999998,2.0,0.89067334,0.9999998,0.9999998
2020-08-11 00:00:00,3.295547e-22,7.6064294e-05,0.99992394,2.0,0.8906091,0.99992394,0.99992394
2020-08-12 00:00:00,8.096329e-28,1.8013018e-06,0.9999982,2.0,0.8906719,0.9999982,0.9999982
2020-08-13 00:00:00,4.866807e-35,1.0172792e-07,0.9999999,2.0,0.89067334,0.9999999,0.9999999
2020-08-14 00:00:00,2.78311e-33,6.8494643e-07,0.99999934,2.0,0.89067286,0.99999934,0.99999934
2020-08-17 00:00:00,1.1647908e-33,6.406164e-07,0.99999934,2.0,0.8906729,0.99999934,0.99999934
2020-08-18 00:00:00,2.1741212e-32,1.8976846e-06,0.9999981,2.0,0.89067185,0.9999981,0.9999981
2020-08-19 00:00:00,4.708412e-16,0.00071169186,0.9992883,2.0,0.8900716,0.9992883,0.9992883
2020-08-20 00:00:00,1.6807287e-15,0.001494047,0.99850595,2.0,0.88940996,0.99850595,0.99850595
2020-08-21 00:00:00,1.0056182e-05,0.20576571,0.7942242,2.0,0.71664804,0.79422873,0.7942242
2020-08-24 00:00:00,0.008975857,0.96488374,0.026140418,1.0,0.060557935,0.03018431,0.96488374
2020-08-25 00:00:00,0.000101784266,0.9975814,0.002316823,1.0,0.046889916,0.0023626797,0.9975814
2020-08-26 00:00:00,0.0022192267,0.99752915,0.00025159685,1.0,0.0435975,0.0012514249,0.99752915
2020-08-27 00:00:00,0.8807502,0.0080336,0.11121624,0.0,-0.503967,0.5080205,0.8807502
2020-08-28 00:00:00,0.006418339,0.96974826,0.023833418,1.0,0.06047419,0.026725072,0.96974826
2020-08-31 00:00:00,7.788207e-08,0.9964318,0.0035680952,1.0,0.04802233,0.0035681303,0.9964318
2020-09-01 00:00:00,0.00012608456,0.99946326,0.0004106611,1.0,0.045260195,0.000467466,0.99946326
2020-09-02 00:00:00,0.027740225,0.9713284,0.0009314111,1.0,0.025539858,0.013429213,0.9713284
2020-09-03 00:00:00,0.20517358,0.7890178,0.005808633,1.0,-0.099877365,0.09824547,0.7890178
2020-09-04 00:00:00,0.013016028,0.9869509,3.308632e-05,1.0,0.035530113,0.0058971965,0.9869509
2020-09-07 00:00:00,0.0008591166,0.99908125,5.9640544e-05,1.0,0.04442817,0.0004466983,0.99908125
2020-09-08 00:00:00,0.0046788277,0.995312,9.209008e-06,1.0,0.0415968,0.002117161,0.995312
2020-09-09 00:00:00,0.0048865923,0.99511015,3.2778862e-06,1.0,0.0414401,0.0022048338,0.99511015
2020-09-10 00:00:00,0.00486267,0.9951345,2.8680388e-06,1.0,0.041457217,0.0021936463,0.9951345
2020-09-11 00:00:00,0.0046297996,0.9953678,2.3494065e-06,1.0,0.041626796,0.0020882126,0.9953678
2020-09-14 00:00:00,0.0027364534,0.9972611,2.4566343e-06,1.0,0.04300919,0.0012353108,0.9972611
2020-09-15 00:00:00,0.95873874,1.2640196e-21,0.041261278,0.0,-0.6200641,0.47320178,0.95873874
2020-09-16 00:00:00,0.96565044,0.033799972,0.0005495842,0.0,-0.65953887,0.435604,0.96565044
2020-09-17 00:00:00,0.31339028,0.6866012,8.516303e-06,1.0,-0.18378992,0.14120021,0.6866012
2020-09-18 00:00:00,0.06475008,0.93524706,2.8260904e-06,1.0,-0.002265822,0.029174676,0.93524706
2020-09-21 00:00:00,0.030508129,0.969455,3.6886773e-05,1.0,0.022762576,0.013781711,0.969455
2020-09-22 00:00:00,0.9840272,1.16165115e-35,0.015972786,0.0,-0.6599126,0.4593065,0.9840272
2020-09-23 00:00:00,0.9999576,0.0,4.2373707e-05,0.0,-0.685015,0.4505532,0.9999576
2020-09-24 00:00:00,0.9997812,0.0,0.00021879529,0.0,-0.684737,0.45065016,0.9997812
2020-09-25 00:00:00,1.0,0.0,2.187383e-11,0.0,-0.6850818,0.45052993,1.0
2020-09-28 00:00:00,1.0,0.0,3.1082992e-10,0.0,-0.6850818,0.45052993,1.0
2020-09-29 00:00:00,0.99997306,0.0,2.6950476e-05,0.0,-0.6850393,0.45054474,0.99997306
2020-09-30 00:00:00,0.999372,9.4497704e-33,0.00062797015,0.0,-0.6840922,0.45087498,0.999372
2020-10-01 00:00:00,0.99916464,5.1992686e-19,0.0008353763,0.0,-0.6837654,0.45098895,0.99916464
2020-10-02 00:00:00,0.9992707,1.2870389e-30,0.0007292927,0.0,-0.6839326,0.45093066,0.9992707
2020-10-05 00:00:00,0.7306147,0.26935452,3.0783678e-05,0.0,-0.4883811,0.32919458,0.7306147
2020-10-06 00:00:00,0.30165544,0.6983176,2.69852e-05,1.0,-0.17520684,0.13593179,0.6983176
2020-10-07 00:00:00,0.40236965,0.5974088,0.00022160719,1.0,-0.24857236,0.18150118,0.5974088
2020-10-08 00:00:00,0.99836314,0.0003878344,0.0012490415,0.0,-0.68283045,0.45104152,0.99836314
2020-10-09 00:00:00,0.4614241,0.53856975,6.164294e-06,1.0,-0.29186943,0.20789154,0.53856975
2020-10-12 00:00:00,0.9983024,0.0007113664,0.0009862042,0.0,-0.6830084,0.45075133,0.9983024
2020-10-13 00:00:00,0.9992236,1.7033776e-19,0.0007763843,0.0,-0.6838584,0.45095652,0.9992236
2020-10-14 00:00:00,0.9997161,9.225495e-07,0.00028297235,0.0,-0.6846352,0.450685,0.9997161
2020-10-15 00:00:00,0.99962616,1.2191e-41,0.00037383105,0.0,-0.6844927,0.45073533,0.99962616
2020-10-16 00:00:00,0.99934065,2.9477303e-29,0.0006593475,0.0,-0.6840428,0.4508922,0.99934065
2020-10-19 00:00:00,0.6771302,0.3228684,1.3567254e-06,0.0,-0.4493577,0.3050688,0.6771302
2020-10-20 00:00:00,0.0023919882,0.9975397,6.83321e-05,1.0,0.04331639,0.0011459943,0.9975397
2020-10-21 00:00:00,4.89302e-09,0.9989124,0.0010875746,1.0,0.045924686,0.0010875768,0.9989124
2020-10-22 00:00:00,1.4659239e-05,0.9998857,9.9649835e-05,1.0,0.04507853,0.00010625426,0.9998857
2020-10-23 00:00:00,7.229162e-12,0.9972315,0.0027685072,1.0,0.0473462,0.0027685072,0.9972315
2020-10-26 00:00:00,4.0788866e-05,0.9998881,7.111134e-05,1.0,0.04503532,8.948795e-05,0.9998881
2020-10-27 00:00:00,0.013021596,0.98697567,2.7323558e-06,1.0,0.035500377,0.0058693513,0.98697567
2020-10-28 00:00:00,0.016031975,0.9839663,1.7141869e-06,1.0,0.03330168,0.007224599,0.9839663
2020-10-29 00:00:00,0.98641574,9.211961e-06,0.013575069,0.0,-0.66368407,0.45798486,0.98641574
2020-10-30 00:00:00,0.9992144,5.433127e-08,0.0007855256,0.0,-0.6838439,0.45096153,0.9992144
2020-11-02 00:00:00,0.9997157,0.0,0.0002843002,0.0,-0.6846338,0.45068616,0.9997157
2020-11-03 00:00:00,0.6152719,0.38472235,5.703766e-06,0.0,-0.4041921,0.27720413,0.6152719
2020-11-04 00:00:00,0.8375715,0.16218935,0.00023913459,0.0,-0.56629264,0.37759018,0.8375715
2020-11-05 00:00:00,0.18576033,0.81422347,1.619004e-05,1.0,-0.0906025,0.08370678,0.81422347
2020-11-06 00:00:00,0.019947361,0.980043,9.646742e-06,1.0,0.030449817,0.0089965295,0.980043
2020-11-09 00:00:00,0.009017457,0.9909774,5.163828e-06,1.0,0.038425803,0.004067798,0.9909774
2020-11-10 00:00:00,0.0018002283,0.9981814,1.8369577e-05,1.0,0.043706175,0.0008294263,0.9981814
2020-11-11 00:00:00,0.0069191535,0.9930742,6.6475977e-06,1.0,0.039959002,0.0031239334,0.9930742
2020-11-12 00:00:00,0.0005214406,0.99944663,3.1942447e-05,1.0,0.044651277,0.00026686705,0.99944663
2020-11-13 00:00:00,0.0001110131,0.99983597,5.304729e-05,1.0,0.044968773,0.00010306201,0.99983597
2020-11-16 00:00:00,0.000774981,0.9991989,2.6093572e-05,1.0,0.044461224,0.0003752457,0.9991989
2020-11-17 00:00:00,0.007330532,0.9926648,4.680157e-06,1.0,0.039656997,0.0033073043,0.9926648
2020-11-18 00:00:00,0.0054639434,0.99453354,2.5269173e-06,1.0,0.041017946,0.002464197,0.99453354
2020-11-19 00:00:00,0.005458324,0.99453443,7.2231296e-06,1.0,0.041026022,0.0024663615,0.99453443
2020-11-20 00:00:00,0.0050950563,0.9949033,1.6426071e-06,1.0,0.04128652,0.002297118,0.9949033
2020-11-23 00:00:00,0.009002884,0.9909939,3.2248788e-06,1.0,0.038434803,0.0040592933,0.9909939
2020-11-24 00:00:00,9.883434e-05,0.9998273,7.38337e-05,1.0,0.044995245,0.00011836153,0.9998273
2020-11-25 00:00:00,1.241849e-07,0.99924403,0.0007558419,1.0,0.045644064,0.00075589784,0.99924403
2020-11-26 00:00:00,7.444831e-13,0.80111474,0.19888525,1.0,0.21319595,0.19888525,0.80111474
2020-11-27 00:00:00,7.779904e-24,0.0112841595,0.9887158,2.0,0.88113075,0.9887158,0.9887158
2020-11-30 00:00:00,1.0032014e-21,0.0031840636,0.9968159,2.0,0.88798076,0.9968159,0.9968159
2020-12-01 00:00:00,3.326212e-23,0.0020126346,0.9979874,2.0,0.8889714,0.9979874,0.9979874
2020-12-02 00:00:00,1.2124245e-34,9.8260934e-05,0.9999017,2.0,0.89059037,0.9999017,0.9999017
2020-12-03 00:00:00,5.1405466e-27,2.65406e-05,0.9999735,2.0,0.890651,0.9999735,0.9999735
2020-12-04 00:00:00,7.660286e-16,0.0010750581,0.998925,2.0,0.8897643,0.998925,0.998925
2020-12-07 00:00:00,9.5317685e-23,2.2458703e-07,0.99999976,2.0,0.8906732,0.99999976,0.99999976
2020-12-08 00:00:00,5.530627e-24,3.8040938e-08,0.99999994,2.0,0.8906734,0.99999994,0.99999994
2020-12-09 00:00:00,1.0900229e-25,3.727012e-09,1.0,2.0,0.89067346,1.0,1.0
2020-12-10 00:00:00,4.312767e-31,1.3801424e-08,1.0,2.0,0.8906734,1.0,1.0
2020-12-11 00:00:00,3.5956156e-21,5.6029453e-06,0.9999944,2.0,0.8906687,0.9999944,0.9999944
2020-12-14 00:00:00,2.1695217e-22,5.9107515e-06,0.9999941,2.0,0.89066845,0.9999941,0.9999941
2020-12-15 00:00:00,1.4772176e-22,5.993728e-06,0.999994,2.0,0.8906684,0.999994,0.999994
2020-12-16 00:00:00,1.0740105e-31,2.7372346e-07,0.9999997,2.0,0.8906732,0.9999997,0.9999997
2020-12-17 00:00:00,8.0940126e-38,1.6129505e-06,0.9999984,2.0,0.8906721,0.9999984,0.9999984
2020-12-18 00:00:00,1.0579911e-38,7.6501726e-07,0.9999992,2.0,0.8906728,0.9999992,0.9999992
2020-12-21 00:00:00,4.227799e-37,3.3462084e-06,0.99999666,2.0,0.8906706,0.99999666,0.99999666
2020-12-22 00:00:00,2.0938387e-20,0.0018605515,0.99813944,2.0,0.8891,0.99813944,0.99813944
2020-12-23 00:00:00,4.659243e-19,0.0017652926,0.9982347,2.0,0.8891806,0.9982347,0.9982347
2020-12-24 00:00:00,2.841824e-18,0.003546121,0.9964539,2.0,0.88767457,0.9964539,0.9964539
2020-12-25 00:00:00,3.886133e-14,0.0047897683,0.99521023,2.0,0.8866229,0.99521023,0.99521023
2020-12-28 00:00:00,8.041199e-21,3.6309677e-05,0.9999637,2.0,0.8906427,0.9999637,0.9999637
2020-12-29 00:00:00,9.0476995e-09,0.0023545232,0.9976455,2.0,0.8886823,0.9976455,0.9976455
2020-12-30 00:00:00,4.8778563e-09,0.0018099935,0.99819,2.0,0.88914275,0.99819,0.99819
2020-12-31 00:00:00,0.016699975,0.9789303,0.004369755,1.0,0.036507897,0.011893594,0.9789303
2021-01-01 00:00:00,0.0011997205,0.9987356,6.468428e-05,1.0,0.044183765,0.0006051943,0.9987356
2021-01-04 00:00:00,1.4722181e-05,0.99838763,0.0015976586,1.0,0.046345305,0.0016042914,0.99838763
2021-01-05 00:00:00,2.9654077e-08,0.98829573,0.011704226,1.0,0.054902837,0.011704239,0.98829573
2021-01-06 00:00:00,1.42851e-14,0.25308397,0.746916,2.0,0.6766483,0.746916,0.746916
2021-01-07 00:00:00,0.00012288713,0.9888369,0.0110402405,1.0,0.05425163,0.011095605,0.9888369
2021-01-08 00:00:00,0.00042080408,0.99950707,7.213119e-05,1.0,0.044758737,0.00026171602,0.99950707
2021-01-11 00:00:00,0.008528001,0.9914702,1.774745e-06,1.0,0.038780283,0.0038438942,0.9914702
2021-01-12 00:00:00,0.0070271688,0.9929669,5.947902e-06,1.0,0.03987955,0.0031718977,0.9929669
2021-01-13 00:00:00,0.024168354,0.97574633,8.533927e-05,1.0,0.027432138,0.010973906,0.97574633
2021-01-14 00:00:00,0.9693762,7.1592856e-22,0.03062378,0.0,-0.6368262,0.46735677,0.9693762
2021-01-15 00:00:00,0.9997735,0.0,0.00022649922,0.0,-0.68472487,0.4506544,0.9997735
2021-01-18 00:00:00,0.9998082,0.0,0.0001917972,0.0,-0.6847795,0.4506353,0.9998082
2021-01-19 00:00:00,0.9984488,0.0014082561,0.00014295772,0.0,-0.68382835,0.44997403,0.9984488
2021-01-20 00:00:00,0.9994892,4.255337e-11,0.0005108346,0.0,-0.6842768,0.4508106,0.9994892
2021-01-21 00:00:00,0.48023388,0.51975733,8.803657e-06,1.0,-0.3056,0.21636854,0.51975733
2021-01-22 00:00:00,0.10317052,0.8968139,1.5574287e-05,1.0,-0.030305296,0.046496984,0.8968139
2021-01-25 00:00:00,0.99036926,3.2860502e-08,0.009630711,0.0,-0.6699061,0.4558217,0.99036926
2021-01-26 00:00:00,0.998828,3.5875217e-14,0.001172,0.0,-0.683235,0.4511739,0.998828
2021-01-27 00:00:00,0.99997354,0.0,2.6463757e-05,0.0,-0.68504006,0.45054448,0.99997354
2021-01-28 00:00:00,0.9993595,4.4375924e-17,0.0006405008,0.0,-0.6840725,0.45088187,0.9993595
2021-01-29 00:00:00,0.9995473,1.14529e-10,0.00045269204,0.0,-0.68436843,0.45077866,0.9995473
2021-02-01 00:00:00,0.9999417,0.0,5.828701e-05,0.0,-0.6849899,0.45056197,0.9999417
2021-02-02 00:00:00,1.0,0.0,1.47230725e-08,0.0,-0.6850817,0.45052993,1.0
2021-02-03 00:00:00,1.0,0.0,1.9431201e-11,0.0,-0.6850818,0.45052993,1.0
2021-02-04 00:00:00,1.0,0.0,5.2312664e-12,0.0,-0.6850818,0.45052993,1.0
2021-02-05 00:00:00,0.99992317,0.0,7.684488e-05,0.0,-0.68496066,0.45057216,0.99992317
2021-02-08 00:00:00,0.9993056,1.2952852e-23,0.00069441163,0.0,-0.68398756,0.4509115,0.9993056
2021-02-09 00:00:00,0.9992928,1.0735018e-16,0.00070722797,0.0,-0.68396735,0.45091853,0.9992928
2021-02-10 00:00:00,0.9969461,0.002938127,0.00011576557,0.0,-0.6827543,0.44926983,0.9969461
2021-02-11 00:00:00,0.553055,0.44693488,1.0147359e-05,0.0,-0.35876456,0.24917798,0.553055
2021-02-12 00:00:00,0.11684408,0.8831527,3.1661e-06,1.0,-0.040298674,0.052644923,0.8831527
2021-02-15 00:00:00,0.017351715,0.98264366,4.6300283e-06,1.0,0.032340623,0.007822097,0.98264366
2021-02-16 00:00:00,0.97824574,0.016048433,0.0057058143,0.0,-0.66437405,0.4464348,0.97824574
2021-02-17 00:00:00,0.9994141,2.4044027e-09,0.0005858915,0.0,-0.68415856,0.45085186,0.9994141
2021-02-18 00:00:00,0.9995624,8.583242e-11,0.00043762784,0.0,-0.68439215,0.4507704,0.9995624
2021-02-19 00:00:00,0.999773,6.1278864e-05,0.00016570147,0.0,-0.68477595,0.45059338,0.999773
2021-02-22 00:00:00,0.71008474,0.2899136,1.6538913e-06,0.0,-0.4734171,0.3199161,0.71008474
2021-02-23 00:00:00,0.09214577,0.9078528,1.389258e-06,1.0,-0.02226827,0.04151582,0.9078528
2021-02-24 00:00:00,0.011458032,0.9885347,7.299099e-06,1.0,0.036645778,0.0051694857,0.9885347
2021-02-25 00:00:00,0.0144786425,0.9855193,2.0771358e-06,1.0,0.034436055,0.006525139,0.9855193
2021-02-26 00:00:00,0.9877579,1.523501e-05,0.012226864,0.0,-0.6658041,0.45724136,0.9877579
2021-03-01 00:00:00,0.5123712,0.48761672,1.2084653e-05,0.0,-0.32906023,0.23085064,0.5123712
2021-03-02 00:00:00,0.10166761,0.8983286,3.768309e-06,1.0,-0.029218027,0.045808073,0.8983286
2021-03-03 00:00:00,0.0234023,0.9765969,8.3117783e-07,1.0,0.027919957,0.0105442675,0.9765969
2021-03-04 00:00:00,0.010753674,0.9892456,7.5463333e-07,1.0,0.037154485,0.0048456066,0.9892456
2021-03-05 00:00:00,0.9801276,1.8523597e-35,0.01987241,0.0,-0.6537677,0.46144924,0.9801276
2021-03-08 00:00:00,0.9999851,0.0,1.4909026e-05,0.0,-0.6850583,0.45053813,0.9999851
2021-03-09 00:00:00,0.99999946,0.0,5.634304e-07,0.0,-0.6850809,0.45053023,0.99999946
2021-03-10 00:00:00,0.99998784,0.0,1.2144674e-05,0.0,-0.68506265,0.4505366,0.99998784
2021-03-11 00:00:00,0.99968535,5.9e-44,0.00031466308,0.0,-0.6845859,0.45070282,0.99968535
2021-03-12 00:00:00,0.9998446,0.0,0.00015540517,0.0,-0.68483686,0.45061532,0.9998446
2021-03-15 00:00:00,0.99999046,0.0,9.525857e-06,0.0,-0.68506676,0.45053518,0.99999046
2021-03-16 00:00:00,0.99995756,0.0,4.2450236e-05,0.0,-0.6850149,0.45055327,0.99995756
2021-03-17 00:00:00,0.99959373,1.7126498e-06,0.0004045588,0.0,-0.68444306,0.45075145,0.99959373
2021-03-18 00:00:00,0.9999005,0.0,9.947479e-05,0.0,-0.684925,0.4505846,0.9999005
2021-03-19 00:00:00,0.99999726,0.0,2.7632e-06,0.0,-0.6850774,0.45053145,0.99999726
2021-03-22 00:00:00,0.9999995,0.0,4.5351328e-07,0.0,-0.68508106,0.45053017,0.9999995
2021-03-23 00:00:00,1.0,0.0,1.1560651e-11,0.0,-0.6850818,0.45052993,1.0
2021-03-24 00:00:00,1.0,0.0,2.8791668e-15,0.0,-0.6850818,0.45052993,1.0
2021-03-25 00:00:00,1.0,0.0,3.3793895e-17,0.0,-0.6850818,0.45052993,1.0
2021-03-26 00:00:00,1.0,0.0,1.1613068e-09,0.0,-0.6850818,0.45052993,1.0
2021-03-29 00:00:00,1.0,0.0,1.1350063e-09,0.0,-0.6850818,0.45052993,1.0
2021-03-30 00:00:00,1.0,0.0,3.863138e-16,0.0,-0.6850818,0.45052993,1.0
2021-03-31 00:00:00,1.0,0.0,5.1164335e-13,0.0,-0.6850818,0.45052993,1.0
2021-04-01 00:00:00,0.99996907,0.0,3.0957737e-05,0.0,-0.68503296,0.45054695,0.99996907
2021-04-02 00:00:00,0.9996893,0.0,0.00031070883,0.0,-0.6845922,0.45070067,0.9996893
2021-04-05 00:00:00,0.8413895,0.15842968,0.00018083939,0.0,-0.5691294,0.379252,0.8413895
2021-04-06 00:00:00,0.16949327,0.8304822,2.454184e-05,1.0,-0.07871907,0.07638633,0.8304822
2021-04-07 00:00:00,0.98016465,0.01415273,0.005682642,0.0,-0.6657946,0.44727615,0.98016465
2021-04-08 00:00:00,0.9990919,2.0474806e-07,0.0009079015,0.0,-0.683651,0.4510287,0.9990919
2021-04-09 00:00:00,0.9995943,9.0415786e-05,0.00031529248,0.0,-0.68451893,0.45066243,0.9995943
2021-04-12 00:00:00,0.3421702,0.65782446,5.3265753e-06,1.0,-0.20480445,0.15416324,0.65782446
2021-04-13 00:00:00,0.038051963,0.96194255,5.479005e-06,1.0,0.017228365,0.017149027,0.96194255
2021-04-14 00:00:00,0.012243072,0.9877561,8.466132e-07,1.0,0.036067177,0.0055167167,0.9877561
2021-04-15 00:00:00,0.00947513,0.99052095,3.945218e-06,1.0,0.03809063,0.004272775,0.99052095
2021-04-16 00:00:00,0.002143788,0.99784017,1.6042448e-05,1.0,0.043453377,0.0009818831,0.99784017
2021-04-19 00:00:00,0.00026682712,0.99967957,5.3615247e-05,1.0,0.044855498,0.00017382886,0.99967957
2021-04-20 00:00:00,2.7110215e-08,0.77521235,0.22478762,1.0,0.23510075,0.22478762,0.77521235
2021-04-21 00:00:00,3.735353e-13,0.0005720206,0.999428,2.0,0.8901897,0.999428,0.999428
2021-04-22 00:00:00,9.014798e-17,1.3716932e-07,0.9999999,2.0,0.89067334,0.9999999,0.9999999
2021-04-23 00:00:00,4.2952993e-25,7.848042e-08,0.99999994,2.0,0.8906734,0.99999994,0.99999994
2021-04-26 00:00:00,1.4362683e-26,1.1473079e-08,1.0,2.0,0.8906734,1.0,1.0
2021-04-27 00:00:00,1.570791e-39,5.4204226e-17,1.0,2.0,0.89067346,1.0,1.0
2021-04-28 00:00:00,1e-45,1.4078404e-14,1.0,2.0,0.89067346,1.0,1.0
2021-04-29 00:00:00,2.7975804e-35,4.829234e-15,1.0,2.0,0.89067346,1.0,1.0
2021-04-30 00:00:00,4.3625926e-17,0.0013812066,0.9986188,2.0,0.8895054,0.9986188,0.9986188
2021-05-03 00:00:00,2.8894488e-15,0.0016468482,0.9983531,2.0,0.88928074,0.9983531,0.9983531
2021-05-04 00:00:00,2.7307997e-05,0.7633438,0.23662888,1.0,0.24509461,0.23664118,0.7633438
2021-05-05 00:00:00,1.6334589e-05,0.9960449,0.003938804,1.0,0.04832396,0.003946163,0.9960449
2021-05-06 00:00:00,2.545576e-06,0.9989777,0.001019744,1.0,0.04586547,0.0010208908,0.9989777
2021-05-07 00:00:00,6.7248826e-16,0.94128937,0.058710665,1.0,0.09465472,0.058710665,0.94128937
2021-05-10 00:00:00,4.534991e-12,0.9846332,0.015366791,1.0,0.058000173,0.015366791,0.9846332
2021-05-11 00:00:00,4.1181223e-09,0.9957319,0.0042681214,1.0,0.048614375,0.0042681233,0.9957319
2021-05-12 00:00:00,0.00037474078,0.9995741,5.114155e-05,1.0,0.044774618,0.00021997349,0.9995741
2021-05-13 00:00:00,0.00013102828,0.99979585,7.3136485e-05,1.0,0.04497115,0.00013216864,0.99979585
2021-05-14 00:00:00,5.995601e-07,0.99966526,0.00033416777,1.0,0.04528712,0.0003344379,0.99966526
2021-05-17 00:00:00,7.036599e-05,0.9998305,9.912504e-05,1.0,0.045037415,0.00013082703,0.9998305
2021-05-18 00:00:00,5.400899e-09,0.99904215,0.0009578566,1.0,0.045814987,0.00095785904,0.99904215
2021-05-19 00:00:00,1.3289877e-05,0.9998366,0.00015005814,1.0,0.045122158,0.00015604563,0.9998366
2021-05-20 00:00:00,4.4570894e-10,0.9988454,0.00115461,1.0,0.04598138,0.0011546102,0.9988454
2021-05-21 00:00:00,0.0008528413,0.99910843,3.8724e-05,1.0,0.044415064,0.00042295453,0.99910843
2021-05-24 00:00:00,1.5544274e-05,0.9998209,0.00016355429,1.0,0.045131925,0.00017055745,0.9998209
2021-05-25 00:00:00,1.4788108e-06,0.9996719,0.00032666003,1.0,0.04528013,0.00032732627,0.9996719
2021-05-26 00:00:00,0.002723997,0.99725085,2.5172612e-05,1.0,0.043037497,0.0012524148,0.99725085
2021-05-27 00:00:00,0.0018646494,0.99810195,3.3413933e-05,1.0,0.043671865,0.0008734943,0.99810195
2021-05-28 00:00:00,1.7219641e-07,0.99939716,0.00060269685,1.0,0.04551452,0.00060277444,0.99939716
2021-05-31 00:00:00,1.4087786e-07,0.9993884,0.0006114466,1.0,0.04552194,0.00061151007,0.9993884
2021-06-01 00:00:00,1.0028703e-09,0.99725384,0.0027461452,1.0,0.04732729,0.0027461457,0.99725384
2021-06-02 00:00:00,1.1684901e-09,0.99755156,0.0024484473,1.0,0.047075536,0.0024484477,0.99755156
2021-06-03 00:00:00,0.0024934926,0.9974928,1.3701783e-05,1.0,0.043196086,0.0011370948,0.9974928
2021-06-04 00:00:00,0.0062213806,0.99377763,1.0041019e-06,1.0,0.040463664,0.0028039222,0.99377763
2021-06-07 00:00:00,0.006929626,0.9930661,4.299318e-06,1.0,0.03994937,0.0031263034,0.9930661
2021-06-08 00:00:00,0.01038832,0.9896098,1.9016832e-06,1.0,0.037422195,0.0046821507,0.9896098
2021-06-09 00:00:00,0.00069273106,0.99927366,3.361439e-05,1.0,0.044527635,0.00034571046,0.99927366
2021-06-10 00:00:00,0.0009230394,0.99905205,2.4938498e-05,1.0,0.044352155,0.00044079538,0.99905205
2021-06-11 00:00:00,0.05148441,0.94839656,0.00011902524,1.0,0.007517534,0.023314293,0.94839656
2021-06-14 00:00:00,0.05016554,0.9497751,5.93298e-05,1.0,0.008429941,0.022660408,0.9497751
2021-06-15 00:00:00,0.979772,1.4501915e-19,0.020228049,0.0,-0.6532073,0.46164465,0.979772
2021-06-16 00:00:00,0.99994963,0.0,5.0350227e-05,0.0,-0.68500245,0.4505576,0.99994963
2021-06-17 00:00:00,1.0,0.0,2.6188488e-15,0.0,-0.6850818,0.45052993,1.0
2021-06-18 00:00:00,1.0,0.0,9.294458e-16,0.0,-0.6850818,0.45052993,1.0
2021-06-21 00:00:00,1.0,0.0,3.718266e-14,0.0,-0.6850818,0.45052993,1.0
2021-06-22 00:00:00,1.0,0.0,3.561853e-15,0.0,-0.6850818,0.45052993,1.0
2021-06-23 00:00:00,1.0,0.0,1.638023e-11,0.0,-0.6850818,0.45052993,1.0
2021-06-24 00:00:00,1.0,0.0,1.0019539e-11,0.0,-0.6850818,0.45052993,1.0
2021-06-25 00:00:00,1.0,0.0,1.10502975e-10,0.0,-0.6850818,0.45052993,1.0
2021-06-28 00:00:00,1.0,0.0,4.6208416e-16,0.0,-0.6850818,0.45052993,1.0
2021-06-29 00:00:00,1.0,0.0,2.891958e-17,0.0,-0.6850818,0.45052993,1.0
2021-06-30 00:00:00,1.0,0.0,1.2258494e-20,0.0,-0.6850818,0.45052993,1.0
2021-07-01 00:00:00,1.0,0.0,2.5346683e-14,0.0,-0.6850818,0.45052993,1.0
2021-07-02 00:00:00,1.0,0.0,8.4182714e-17,0.0,-0.6850818,0.45052993,1.0
2021-07-05 00:00:00,1.0,0.0,6.7089106e-21,0.0,-0.6850818,0.45052993,1.0
2021-07-06 00:00:00,1.0,0.0,2.8548352e-23,0.0,-0.6850818,0.45052993,1.0
2021-07-07 00:00:00,1.0,0.0,1.4751869e-27,0.0,-0.6850818,0.45052993,1.0
2021-07-08 00:00:00,1.0,0.0,1.30930606e-17,0.0,-0.6850818,0.45052993,1.0
2021-07-09 00:00:00,1.0,0.0,9.5054205e-09,0.0,-0.6850818,0.45052993,1.0
2021-07-12 00:00:00,1.0,0.0,4.2769753e-11,0.0,-0.6850818,0.45052993,1.0
2021-07-13 00:00:00,1.0,0.0,5.838492e-19,0.0,-0.6850818,0.45052993,1.0
2021-07-14 00:00:00,0.9998548,0.0,0.00014521588,0.0,-0.68485296,0.4506097,0.9998548
2021-07-15 00:00:00,0.9973058,1.0923732e-22,0.0026941788,0.0,-0.6808364,0.4520103,0.9973058
2021-07-16 00:00:00,0.9979637,1.1887823e-06,0.0020351016,0.0,-0.6818741,0.4516476,0.9979637
2021-07-19 00:00:00,0.99825317,1.0412285e-38,0.0017468056,0.0,-0.68232924,0.45148975,0.99825317
2021-07-20 00:00:00,0.99989593,0.0,0.000104080835,0.0,-0.68491775,0.45058712,0.99989593
2021-07-21 00:00:00,0.9994567,0.0,0.0005432924,0.0,-0.6842257,0.45082846,0.9994567
2021-07-22 00:00:00,0.99986184,0.0,0.00013814784,0.0,-0.6848641,0.45060584,0.99986184
2021-07-23 00:00:00,0.99996585,0.0,3.4171513e-05,0.0,-0.6850279,0.4505487,0.99996585
2021-07-26 00:00:00,0.99865544,2.023392e-39,0.0013445325,0.0,-0.68296313,0.4512687,0.99865544
2021-07-27 00:00:00,0.99737936,4.7865263e-14,0.0026206654,0.0,-0.68095225,0.45196992,0.99737936
2021-07-28 00:00:00,0.32591444,0.67408025,5.3012755e-06,1.0,-0.19293636,0.1468395,0.67408025
2021-07-29 00:00:00,0.061086487,0.938906,7.527423e-06,1.0,0.00041289494,0.027528819,0.938906
2021-07-30 00:00:00,0.03209737,0.9679005,2.1222565e-06,1.0,0.021572895,0.014462948,0.9679005
2021-08-02 00:00:00,0.025186438,0.9748117,1.8634321e-06,1.0,0.026618255,0.011349107,0.9748117
2021-08-03 00:00:00,0.01178279,0.9882121,5.125847e-06,1.0,0.03640684,0.005313625,0.9882121
2021-08-04 00:00:00,0.011866074,0.9881302,3.7302952e-06,1.0,0.036344856,0.005349752,0.9881302
2021-08-05 00:00:00,0.0029506378,0.9970489,4.7330232e-07,1.0,0.042851143,0.001329824,0.9970489
2021-08-06 00:00:00,0.9774953,4.4865213e-38,0.022504706,0.0,-0.6496199,0.4628956,0.9774953
2021-08-09 00:00:00,0.9990159,0.0,0.0009840745,0.0,-0.6835311,0.45107064,0.9990159
2021-08-10 00:00:00,0.99967754,7.753024e-07,0.0003216763,0.0,-0.6845743,0.45070633,0.99967754
2021-08-11 00:00:00,0.9990402,6.8358553e-28,0.0009597918,0.0,-0.6835694,0.4510573,0.9990402
2021-08-12 00:00:00,0.9990478,1.1628761e-18,0.00095217145,0.0,-0.68358135,0.4510531,0.9990478
2021-08-13 00:00:00,0.49369836,0.5063007,9.888936e-07,1.0,-0.3154368,0.22242688,0.5063007
2021-08-16 00:00:00,0.0335721,0.96642745,4.691192e-07,1.0,0.020494815,0.015125705,0.96642745
2021-08-17 00:00:00,0.98053324,4.6171542e-10,0.019466747,0.0,-0.65440696,0.4612263,0.98053324
2021-08-18 00:00:00,0.9976019,2.5206122e-21,0.0023980448,0.0,-0.681303,0.45184758,0.9976019
2021-08-19 00:00:00,0.9989866,8.2125913e-25,0.0010134218,0.0,-0.68348485,0.4510868,0.9989866
2021-08-20 00:00:00,0.9994231,3.2395128e-10,0.000576929,0.0,-0.6841727,0.45084694,0.9994231
2021-08-23 00:00:00,0.9996519,4.2303645e-07,0.00034767177,0.0,-0.6845336,0.4507208,0.9996519
2021-08-24 00:00:00,0.9995494,9.350507e-10,0.0004506142,0.0,-0.6843717,0.45077753,0.9995494
2021-08-25 00:00:00,0.999465,2.5768693e-12,0.00053500576,0.0,-0.68423873,0.4508239,0.999465
2021-08-26 00:00:00,0.999829,0.0,0.00017098275,0.0,-0.68481237,0.45062387,0.999829
2021-08-27 00:00:00,0.99952227,9.0182527e-13,0.00047775553,0.0,-0.6843289,0.45079243,0.99952227
2021-08-30 00:00:00,0.9994816,6.271798e-14,0.0005183976,0.0,-0.6842649,0.45081478,0.9994816
2021-08-31 00:00:00,0.9997735,6.2346237e-07,0.00022590275,0.0,-0.68472534,0.4506538,0.9997735
2021-09-01 00:00:00,0.8641613,0.13583829,4.0577248e-07,0.0,-0.5859074,0.38933095,0.8641613
2021-09-02 00:00:00,0.50041896,0.49957916,1.8833616e-06,0.0,-0.3203427,0.2254556,0.50041896
2021-09-03 00:00:00,0.005903089,0.99264026,0.0014566781,1.0,0.041927062,0.0041161967,0.99264026
2021-09-06 00:00:00,0.0001894301,0.9305452,0.06926534,1.0,0.10344218,0.06935068,0.9305452
2021-09-07 00:00:00,0.00031099498,0.9891335,0.010555537,1.0,0.053704396,0.010695649,0.9891335
2021-09-08 00:00:00,0.0050747874,0.9948979,2.7309454e-05,1.0,0.04132302,0.002313653,0.9948979
2021-09-09 00:00:00,0.0032682952,0.996674,5.7705915e-05,1.0,0.042667624,0.0015301707,0.996674
2021-09-10 00:00:00,0.059589606,0.94040936,1.0010574e-06,1.0,0.001500228,0.026847903,0.94040936
2021-09-13 00:00:00,0.06710787,0.9328908,1.3606003e-06,1.0,-0.003988453,0.030235466,0.9328908
2021-09-14 00:00:00,0.12988181,0.8329983,0.037119932,1.0,-0.018428873,0.09563558,0.8329983
2021-09-15 00:00:00,0.015134247,0.02962434,0.95524144,2.0,0.8417732,0.96205986,0.95524144
2021-09-16 00:00:00,0.06257238,0.72989553,0.2075321,1.0,0.17482504,0.23572282,0.72989553
2021-09-17 00:00:00,0.1523335,0.84765923,7.2402186e-06,1.0,-0.06620558,0.06863804,0.84765923
2021-09-20 00:00:00,0.014277713,0.9857219,4.1963267e-07,1.0,0.03458135,0.0064329566,0.9857219
2021-09-21 00:00:00,0.026800297,0.97318584,1.3894021e-05,1.0,0.025450172,0.01208823,0.97318584
2021-09-22 00:00:00,0.9745111,3.1298217e-22,0.025488926,0.0,-0.6449175,0.46453533,0.9745111
2021-09-23 00:00:00,0.46668258,0.53331494,2.5130555e-06,1.0,-0.29571167,0.21025698,0.53331494
2021-09-24 00:00:00,0.9968558,8.690215e-18,0.003144212,0.0,-0.68012726,0.45225757,0.9968558
2021-09-27 00:00:00,0.99912375,3.3927103e-33,0.00087624876,0.0,-0.68370104,0.4510114,0.99912375
2021-09-28 00:00:00,0.9997275,0.0,0.0002724838,0.0,-0.6846524,0.45067966,0.9997275
2021-09-29 00:00:00,1.0,0.0,3.284968e-12,0.0,-0.6850818,0.45052993,1.0
2021-09-30 00:00:00,1.0,0.0,1.0913556e-20,0.0,-0.6850818,0.45052993,1.0
2021-10-01 00:00:00,1.0,0.0,7.664252e-17,0.0,-0.6850818,0.45052993,1.0
2021-10-04 00:00:00,1.0,0.0,1.2622687e-13,0.0,-0.6850818,0.45052993,1.0
2021-10-05 00:00:00,1.0,0.0,7.655202e-13,0.0,-0.6850818,0.45052993,1.0
2021-10-06 00:00:00,1.0,0.0,2.3011888e-14,0.0,-0.6850818,0.45052993,1.0
2021-10-07 00:00:00,1.0,0.0,2.2526311e-14,0.0,-0.6850818,0.45052993,1.0
2021-10-08 00:00:00,1.0,0.0,2.150819e-11,0.0,-0.6850818,0.45052993,1.0
2021-10-11 00:00:00,1.0,0.0,1.2142803e-12,0.0,-0.6850818,0.45052993,1.0
2021-10-12 00:00:00,1.0,0.0,5.993896e-14,0.0,-0.6850818,0.45052993,1.0
2021-10-13 00:00:00,1.0,0.0,2.2619064e-08,0.0,-0.6850817,0.45052993,1.0
2021-10-14 00:00:00,0.99999106,0.0,8.968699e-06,0.0,-0.68506765,0.45053485,0.99999106
2021-10-15 00:00:00,0.9993497,6.87e-42,0.0006502708,0.0,-0.6840571,0.45088723,0.9993497
2021-10-18 00:00:00,0.99895436,2.9836088e-34,0.0010456375,0.0,-0.6834341,0.4511045,0.99895436
2021-10-19 00:00:00,0.99862,5.332928e-20,0.0013800558,0.0,-0.68290716,0.45128822,0.99862
2021-10-20 00:00:00,0.81594074,0.18398564,7.361302e-05,0.0,-0.5506403,0.36767936,0.81594074
2021-10-21 00:00:00,0.9988161,9.581472e-37,0.0011839014,0.0,-0.6832162,0.45118046,0.9988161
2021-10-22 00:00:00,0.9992876,7.636617e-13,0.0007124099,0.0,-0.6839592,0.4509214,0.9992876
2021-10-25 00:00:00,0.99915856,1.3899032e-18,0.00084142596,0.0,-0.6837559,0.45099226,0.99915856
2021-10-26 00:00:00,0.9991526,6.197706e-20,0.000847379,0.0,-0.6837465,0.45099553,0.9991526
2021-10-27 00:00:00,0.90561646,0.09438317,3.532456e-07,0.0,-0.6161733,0.40800768,0.90561646
2021-10-28 00:00:00,0.041248392,0.95736164,0.0013899711,1.0,0.016065512,0.019973608,0.95736164
2021-10-29 00:00:00,0.56483287,0.43301317,0.0021539773,0.0,-0.36555046,0.25662807,0.56483287
2021-11-01 00:00:00,0.055270467,0.9447259,3.6391618e-06,1.0,0.0046558073,0.024904639,0.9447259
2021-11-02 00:00:00,0.006578343,0.9934189,2.7712877e-06,1.0,0.040204544,0.0029665118,0.9934189
2021-11-03 00:00:00,0.003696474,0.9962949,8.616991e-06,1.0,0.042313505,0.0016739891,0.9962949
2021-11-04 00:00:00,0.004382965,0.9956161,9.549408e-07,1.0,0.041805826,0.0019756118,0.9956161
2021-11-05 00:00:00,0.0035479944,0.99645084,1.1675004e-06,1.0,0.042415608,0.0015996451,0.99645084
2021-11-08 00:00:00,0.0072280457,0.99276894,3.0005554e-06,1.0,0.0397304,0.0032594514,0.99276894
2021-11-09 00:00:00,0.0030516584,0.9969381,1.0231214e-05,1.0,0.04278564,0.0013850946,0.9969381
2021-11-10 00:00:00,0.9748079,5.282328e-29,0.025192084,0.0,-0.6453852,0.46437222,0.9748079
2021-11-11 00:00:00,0.99945796,0.0,0.000542033,0.0,-0.68422765,0.45082775,0.99945796
2021-11-12 00:00:00,0.9999452,0.0,5.4806045e-05,0.0,-0.6849954,0.45056003,0.9999452
2021-11-15 00:00:00,1.0,0.0,1.7466786e-09,0.0,-0.6850818,0.45052993,1.0
2021-11-16 00:00:00,1.0,0.0,1.047856e-14,0.0,-0.6850818,0.45052993,1.0
2021-11-17 00:00:00,1.0,0.0,2.2152145e-17,0.0,-0.6850818,0.45052993,1.0
2021-11-18 00:00:00,1.0,0.0,4.3076284e-10,0.0,-0.6850818,0.45052993,1.0
2021-11-19 00:00:00,1.0,0.0,4.446345e-19,0.0,-0.6850818,0.45052993,1.0
2021-11-22 00:00:00,1.0,0.0,1.2972208e-19,0.0,-0.6850818,0.45052993,1.0
2021-11-23 00:00:00,1.0,0.0,3.029225e-18,0.0,-0.6850818,0.45052993,1.0
2021-11-24 00:00:00,1.0,0.0,3.0330755e-22,0.0,-0.6850818,0.45052993,1.0
2021-11-25 00:00:00,1.0,0.0,6.370721e-35,0.0,-0.6850818,0.45052993,1.0
2021-11-26 00:00:00,1.0,0.0,1.7784457e-08,0.0,-0.6850817,0.45052993,1.0
2021-11-29 00:00:00,1.0,0.0,3.002722e-14,0.0,-0.6850818,0.45052993,1.0
2021-11-30 00:00:00,1.0,0.0,2.3862434e-09,0.0,-0.6850818,0.45052993,1.0
2021-12-01 00:00:00,1.0,0.0,1.8830807e-13,0.0,-0.6850818,0.45052993,1.0
2021-12-02 00:00:00,1.0,0.0,4.2003617e-10,0.0,-0.6850818,0.45052993,1.0
2021-12-03 00:00:00,1.0,0.0,3.8171732e-10,0.0,-0.6850818,0.45052993,1.0
2021-12-06 00:00:00,1.0,0.0,1.3567794e-14,0.0,-0.6850818,0.45052993,1.0
2021-12-07 00:00:00,1.0,0.0,3.562218e-16,0.0,-0.6850818,0.45052993,1.0
2021-12-08 00:00:00,0.9998236,0.0,0.00017643199,0.0,-0.6848038,0.45062688,0.9998236
2021-12-09 00:00:00,0.9999212,0.0,7.881402e-05,0.0,-0.68495756,0.45057324,0.9999212
2021-12-10 00:00:00,0.9996531,7.297974e-39,0.0003468779,0.0,-0.68453515,0.45072052,0.9996531
2021-12-13 00:00:00,0.99922806,4.639696e-16,0.00077192887,0.0,-0.68386537,0.45095408,0.99922806
2021-12-14 00:00:00,0.9995343,3.007287e-08,0.00046565654,0.0,-0.684348,0.4507858,0.9995343
2021-12-15 00:00:00,0.9028958,0.09703558,6.8596164e-05,0.0,-0.6141293,0.4068502,0.9028958
2021-12-16 00:00:00,0.9544737,0.04538597,0.0001403455,0.0,-0.65172493,0.4301593,0.9544737
2021-12-17 00:00:00,0.9980569,0.0017483176,0.00019480292,0.0,-0.6834984,0.4498493,0.9980569
2021-12-20 00:00:00,0.55173224,0.44825932,8.442542e-06,0.0,-0.35780028,0.24858032,0.55173224
2021-12-21 00:00:00,0.07473073,0.92526287,6.3826e-06,1.0,-0.009549553,0.033674814,0.92526287
2021-12-22 00:00:00,3.7882437e-05,0.99987245,8.9655085e-05,1.0,0.045053124,0.000106722255,0.99987245
2021-12-23 00:00:00,5.8233258e-05,0.99987715,6.4607884e-05,1.0,0.045017086,9.084371e-05,0.99987715
2021-12-24 00:00:00,0.009881285,0.99011815,5.6930406e-07,1.0,0.03779125,0.004452384,0.99011815
2021-12-27 00:00:00,0.015804898,0.98419297,2.1585138e-06,1.0,0.03346784,0.0071227383,0.98419297
2021-12-28 00:00:00,0.005066315,0.9949324,1.2812868e-06,1.0,0.041307196,0.0022838078,0.9949324
2021-12-29 00:00:00,0.013997454,0.9859999,2.6357475e-06,1.0,0.034787837,0.006308908,0.9859999
2021-12-30 00:00:00,0.018998602,0.9810003,1.099973e-06,1.0,0.031135267,0.008560539,0.9810003
2021-12-31 00:00:00,0.009302651,0.99069214,5.1915e-06,1.0,0.03821761,0.004196314,0.99069214
2022-01-03 00:00:00,0.012388722,0.9876096,1.6731767e-06,1.0,0.035961535,0.0055831634,0.9876096
2022-01-04 00:00:00,0.012069316,0.98792934,1.3112322e-06,1.0,0.036194425,0.005438899,0.98792934
2022-01-05 00:00:00,0.10456704,0.89523274,0.00020022884,1.0,-0.03116872,0.04731081,0.89523274
2022-01-06 00:00:00,0.031647187,0.96835214,6.7387225e-07,1.0,0.02190034,0.014258679,0.96835214
2022-01-07 00:00:00,0.013112997,0.98688334,3.6540214e-06,1.0,0.03543443,0.0059114518,0.98688334
2022-01-10 00:00:00,0.010200695,0.98979545,3.8505523e-06,1.0,0.037560828,0.004599569,0.98979545
2022-01-11 00:00:00,0.00021062829,0.9997456,4.3784057e-05,1.0,0.044888213,0.0001386784,0.9997456
2022-01-12 00:00:00,1.3366132e-06,0.9998112,0.0001874852,1.0,0.045162536,0.00018808739,0.9998112
2022-01-13 00:00:00,3.1328185e-05,0.99988675,8.1894956e-05,1.0,0.045051347,9.6009244e-05,0.99988675
2022-01-14 00:00:00,4.432444e-08,0.99875677,0.0012432067,1.0,0.04605627,0.0012432267,0.99875677
2022-01-17 00:00:00,1.2094391e-05,0.9997431,0.00024479066,1.0,0.045203146,0.00025023954,0.9997431
2022-01-18 00:00:00,0.006999106,0.9929972,3.6367508e-06,1.0,0.039898083,0.0031569435,0.9929972
2022-01-19 00:00:00,0.0097728,0.9902258,1.3865887e-06,1.0,0.037871145,0.0044043255,0.9902258
2022-01-20 00:00:00,0.0038267535,0.996172,1.2610006e-06,1.0,0.042212166,0.001725328,0.996172
2022-01-21 00:00:00,0.010143613,0.9898547,1.6661653e-06,1.0,0.037600655,0.004571668,0.9898547
2022-01-24 00:00:00,0.0048397663,0.9951592,1.046457e-06,1.0,0.041472398,0.002181506,0.9951592
2022-01-25 00:00:00,0.0041634394,0.99583507,1.4841461e-06,1.0,0.041966546,0.0018772382,0.99583507
2022-01-26 00:00:00,0.97147185,1.3415337e-28,0.028528152,0.0,-0.6401284,0.4662053,0.97147185
2022-01-27 00:00:00,0.9998874,0.0,0.0001126059,0.0,-0.68490434,0.4505918,0.9998874
2022-01-28 00:00:00,0.9999998,0.0,1.8049805e-07,0.0,-0.6850815,0.45053002,0.9999998
2022-01-31 00:00:00,0.99943465,1.26287045e-11,0.0005653713,0.0,-0.68419087,0.4508406,0.99943465
2022-02-01 00:00:00,0.5090674,0.49092218,1.0361113e-05,0.0,-0.32664967,0.22936048,0.5090674
2022-02-02 00:00:00,0.06786593,0.93212765,6.4426454e-06,1.0,-0.0045376047,0.030582076,0.93212765
2022-02-03 00:00:00,3.4478524e-06,0.99978137,0.00021521159,1.0,0.045184445,0.00021676495,0.99978137
2022-02-04 00:00:00,0.00031697046,0.9996204,6.263149e-05,1.0,0.04482651,0.00020543617,0.9996204
2022-02-07 00:00:00,4.16579e-05,0.9998523,0.00010606383,1.0,0.045064244,0.00012483196,0.9998523
2022-02-08 00:00:00,0.0024049617,0.9975669,2.8145874e-05,1.0,0.043272935,0.0011116532,0.9975669
2022-02-09 00:00:00,0.025036804,0.9748749,8.829657e-05,1.0,0.026800593,0.011368127,0.9748749
2022-02-10 00:00:00,0.98415256,0.0029854206,0.012862053,0.0,-0.66263473,0.45625222,0.98415256
2022-02-11 00:00:00,0.99845684,3.484531e-11,0.0015431868,0.0,-0.6826501,0.45137787,0.99845684
2022-02-14 00:00:00,0.999258,2.7871195e-26,0.0007420325,0.0,-0.6839125,0.45093766,0.999258
2022-02-15 00:00:00,0.54243696,0.4575459,1.7107104e-05,0.0,-0.35100663,0.2444012,0.54243696
2022-02-16 00:00:00,0.07331353,0.92667615,1.0325988e-05,1.0,-0.008511536,0.033040263,0.92667615
2022-02-17 00:00:00,0.005989715,0.99399364,1.6643844e-05,1.0,0.040646028,0.0027151897,0.99399364
2022-02-18 00:00:00,0.058853075,0.9409334,0.0002135465,1.0,0.0022177023,0.026728619,0.9409334
2022-02-21 00:00:00,0.025942188,0.9740259,3.192645e-05,1.0,0.026091915,0.011719658,0.9740259
2022-02-22 00:00:00,0.00875641,0.9912353,8.250134e-06,1.0,0.038619,0.003953275,0.9912353
2022-02-23 00:00:00,0.0021226504,0.99785393,2.3398623e-05,1.0,0.04347503,0.0009797162,0.99785393
2022-02-24 00:00:00,0.0039034074,0.99608,1.663304e-05,1.0,0.042169202,0.0017752349,0.99608
2022-02-25 00:00:00,1.02382e-05,0.9998195,0.0001702234,1.0,0.04514144,0.00017483602,0.9998195
2022-02-28 00:00:00,0.023069901,0.9768465,8.35731e-05,1.0,0.028232608,0.010477254,0.9768465
2022-03-01 00:00:00,0.9942833,0.0,0.005716711,0.0,-0.6760736,0.4536711,0.9942833
2022-03-02 00:00:00,0.99999475,0.0,5.2722953e-06,0.0,-0.68507344,0.45053282,0.99999475
2022-03-03 00:00:00,1.0,0.0,3.6789716e-22,0.0,-0.6850818,0.45052993,1.0
2022-03-04 00:00:00,1.0,0.0,8.8331e-41,0.0,-0.6850818,0.45052993,1.0
2022-03-07 00:00:00,1.0,0.0,0.0,0.0,-0.6850818,0.45052993,1.0
2022-03-08 00:00:00,1.0,0.0,1.304714e-39,0.0,-0.6850818,0.45052993,1.0
2022-03-09 00:00:00,1.0,0.0,8.5663334e-17,0.0,-0.6850818,0.45052993,1.0
2022-03-10 00:00:00,1.0,0.0,5.7162623e-21,0.0,-0.6850818,0.45052993,1.0
2022-03-11 00:00:00,1.0,0.0,6.6465614e-25,0.0,-0.6850818,0.45052993,1.0
2022-03-14 00:00:00,1.0,0.0,6.1827714e-18,0.0,-0.6850818,0.45052993,1.0
2022-03-15 00:00:00,1.0,0.0,1.6550953e-20,0.0,-0.6850818,0.45052993,1.0
2022-03-16 00:00:00,1.0,0.0,1.0082411e-16,0.0,-0.6850818,0.45052993,1.0
2022-03-17 00:00:00,1.0,0.0,3.639669e-10,0.0,-0.6850818,0.45052993,1.0
2022-03-18 00:00:00,1.0,0.0,1.3937577e-10,0.0,-0.6850818,0.45052993,1.0
2022-03-21 00:00:00,1.0,0.0,8.025916e-12,0.0,-0.6850818,0.45052993,1.0
2022-03-22 00:00:00,1.0,0.0,2.7721592e-12,0.0,-0.6850818,0.45052993,1.0
2022-03-23 00:00:00,1.0,0.0,2.8104717e-12,0.0,-0.6850818,0.45052993,1.0
2022-03-24 00:00:00,0.9999956,0.0,4.4348744e-06,0.0,-0.6850748,0.45053238,0.9999956
2022-03-25 00:00:00,1.0,0.0,5.014918e-12,0.0,-0.6850818,0.45052993,1.0
2022-03-28 00:00:00,0.99999994,0.0,4.286407e-08,0.0,-0.6850817,0.45052996,0.99999994
2022-03-29 00:00:00,0.998417,8.822322e-09,0.0015829715,0.0,-0.6825874,0.4513997,0.998417
2022-03-30 00:00:00,0.68674827,0.30641583,0.0068358895,0.0,-0.45059994,0.31623656,0.68674827
2022-03-31 00:00:00,0.909573,0.08560096,0.0048259995,0.0,-0.61498106,0.41461587,0.909573
2022-04-01 00:00:00,0.0014849369,0.99544823,0.0030668408,1.0,0.046514362,0.0037358492,0.99544823
2022-04-04 00:00:00,2.057916e-05,0.9989308,0.001048602,1.0,0.045876708,0.0010578736,0.9989308
2022-04-05 00:00:00,0.0970664,0.89983773,0.0030958406,1.0,-0.023243876,0.04682716,0.89983773
2022-04-06 00:00:00,0.99954027,0.0,0.00045972044,0.0,-0.68435735,0.45078254,0.99954027
2022-04-07 00:00:00,0.9998816,0.0,0.0001183806,0.0,-0.6848952,0.450595,0.9998816
2022-04-08 00:00:00,0.99866295,0.0011347678,0.0002023049,0.0,-0.6839345,0.45012984,0.99866295
2022-04-11 00:00:00,0.9993953,6.265223e-11,0.0006046986,0.0,-0.68412894,0.4508622,0.9993953
2022-04-12 00:00:00,0.9998228,0.0,0.00017722142,0.0,-0.68480253,0.4506273,0.9998228
2022-04-13 00:00:00,0.9996621,1.4146771e-38,0.000337909,0.0,-0.68454933,0.4507156,0.9996621
2022-04-14 00:00:00,1.0,0.0,1.378997e-11,0.0,-0.6850818,0.45052993,1.0
2022-04-15 00:00:00,1.0,0.0,3.624671e-09,0.0,-0.6850818,0.45052993,1.0
2022-04-18 00:00:00,1.0,0.0,4.3439017e-09,0.0,-0.6850818,0.45052993,1.0
2022-04-19 00:00:00,1.0,0.0,5.6788605e-09,0.0,-0.6850818,0.45052993,1.0
2022-04-20 00:00:00,0.9999432,0.0,5.6775967e-05,0.0,-0.6849923,0.45056114,0.9999432
2022-04-21 00:00:00,0.99998426,0.0,1.5760388e-05,0.0,-0.6850569,0.4505386,0.99998426
2022-04-22 00:00:00,0.9999917,0.0,8.296776e-06,0.0,-0.68506867,0.4505345,0.9999917
2022-04-25 00:00:00,1.0,0.0,3.0197084e-11,0.0,-0.6850818,0.45052993,1.0
2022-04-26 00:00:00,1.0,0.0,2.611006e-29,0.0,-0.6850818,0.45052993,1.0
2022-04-27 00:00:00,1.0,0.0,0.0,0.0,-0.6850818,0.45052993,1.0
2022-04-28 00:00:00,1.0,0.0,0.0,0.0,-0.6850818,0.45052993,1.0
2022-04-29 00:00:00,1.0,0.0,2.448351e-37,0.0,-0.6850818,0.45052993,1.0
2022-05-02 00:00:00,1.0,0.0,2.7442737e-33,0.0,-0.6850818,0.45052993,1.0
2022-05-03 00:00:00,1.0,0.0,3.7819535e-23,0.0,-0.6850818,0.45052993,1.0
2022-05-04 00:00:00,1.0,0.0,1.6645877e-11,0.0,-0.6850818,0.45052993,1.0
2022-05-05 00:00:00,1.0,0.0,2.5230344e-15,0.0,-0.6850818,0.45052993,1.0
2022-05-06 00:00:00,1.0,0.0,6.897807e-16,0.0,-0.6850818,0.45052993,1.0
2022-05-09 00:00:00,1.0,0.0,3.5256174e-14,0.0,-0.6850818,0.45052993,1.0
2022-05-10 00:00:00,1.0,0.0,6.08968e-13,0.0,-0.6850818,0.45052993,1.0
2022-05-11 00:00:00,1.0,0.0,2.6449714e-22,0.0,-0.6850818,0.45052993,1.0
2022-05-12 00:00:00,1.0,0.0,3.6492818e-30,0.0,-0.6850818,0.45052993,1.0
2022-05-13 00:00:00,1.0,0.0,1.3432493e-23,0.0,-0.6850818,0.45052993,1.0
2022-05-16 00:00:00,1.0,0.0,1.34917865e-17,0.0,-0.6850818,0.45052993,1.0
2022-05-17 00:00:00,1.0,0.0,1.6886076e-09,0.0,-0.6850818,0.45052993,1.0
2022-05-18 00:00:00,1.0,0.0,2.6254633e-20,0.0,-0.6850818,0.45052993,1.0
2022-05-19 00:00:00,1.0,0.0,4.1643078e-10,0.0,-0.6850818,0.45052993,1.0
2022-05-20 00:00:00,1.0,0.0,4.120883e-09,0.0,-0.6850818,0.45052993,1.0
2022-05-23 00:00:00,0.99707454,2.0982205e-07,0.0029252192,0.0,-0.6804722,0.45213714,0.99707454
2022-05-24 00:00:00,0.030288404,0.9400017,0.02970985,1.0,0.048016485,0.04335568,0.9400017
2022-05-25 00:00:00,1.0230289e-06,0.9943356,0.0056633917,1.0,0.049793568,0.0056638527,0.9943356
2022-05-26 00:00:00,1.640258e-13,0.96591777,0.03408223,1.0,0.07382723,0.03408223,0.96591777
2022-05-27 00:00:00,7.2746885e-11,0.9877084,0.012291626,1.0,0.055399604,0.012291626,0.9877084
2022-05-30 00:00:00,6.036061e-17,0.90908086,0.09091914,1.0,0.12189241,0.09091914,0.90908086
2022-05-31 00:00:00,4.383034e-12,0.9622578,0.037742224,1.0,0.07692237,0.037742224,0.9622578
2022-06-01 00:00:00,0.027368732,0.9666493,0.005981983,1.0,0.03008219,0.018312417,0.9666493
2022-06-02 00:00:00,4.074389e-12,0.98767376,0.012326253,1.0,0.055428885,0.012326253,0.98767376
2022-06-03 00:00:00,2.1542126e-09,0.99441427,0.005585704,1.0,0.049728613,0.005585705,0.99441427
2022-06-06 00:00:00,1.6983553e-06,0.99731255,0.0026857618,1.0,0.04727499,0.0026865269,0.99731255
2022-06-07 00:00:00,3.7865133e-09,0.9960684,0.0039316034,1.0,0.048329793,0.0039316053,0.9960684
2022-06-08 00:00:00,9.302884e-12,0.9900848,0.009915157,1.0,0.0533899,0.009915157,0.9900848
2022-06-09 00:00:00,3.0499044e-14,0.96464527,0.035354756,1.0,0.07490337,0.035354756,0.96464527
2022-06-10 00:00:00,1.9047597e-05,0.9967,0.0032809547,1.0,0.047765657,0.003289536,0.9967
2022-06-13 00:00:00,0.88743496,0.00012831658,0.11243674,0.0,-0.5078153,0.51225275,0.88743496
2022-06-14 00:00:00,0.99449223,8.5040645e-36,0.0055077653,0.0,-0.67640287,0.45355627,0.99449223
2022-06-15 00:00:00,0.9978901,0.00081451883,0.0012953472,0.0,-0.68244594,0.45087472,0.9978901
2022-06-16 00:00:00,0.9988013,2.0173293e-06,0.0011967071,0.0,-0.6831946,0.45118657,0.9988013
2022-06-17 00:00:00,0.99853206,5.3699623e-16,0.0014679146,0.0,-0.6827687,0.4513365,0.99853206
2022-06-20 00:00:00,0.99997795,0.0,2.2080767e-05,0.0,-0.685047,0.45054206,0.99997795
2022-06-21 00:00:00,0.9999994,0.0,5.666043e-07,0.0,-0.6850809,0.45053023,0.9999994
2022-06-22 00:00:00,0.99970967,5.663219e-39,0.00029033734,0.0,-0.68462425,0.45068946,0.99970967
2022-06-23 00:00:00,0.9999999,0.0,1.3983932e-07,0.0,-0.68508154,0.45053002,0.9999999
2022-06-24 00:00:00,0.99999434,0.0,5.6789218e-06,0.0,-0.68507284,0.45053306,0.99999434
2022-06-27 00:00:00,0.9999984,0.0,1.6390643e-06,0.0,-0.68507916,0.45053083,0.9999984
2022-06-28 00:00:00,0.9999998,0.0,2.0672128e-07,0.0,-0.6850814,0.45053005,0.9999998
2022-06-29 00:00:00,0.9999996,0.0,4.066537e-07,0.0,-0.6850811,0.45053014,0.9999996
2022-06-30 00:00:00,1.0,0.0,2.5845713e-11,0.0,-0.6850818,0.45052993,1.0
2022-07-01 00:00:00,1.0,0.0,1.0485936e-12,0.0,-0.6850818,0.45052993,1.0
2022-07-04 00:00:00,1.0,0.0,1.7549098e-10,0.0,-0.6850818,0.45052993,1.0
2022-07-05 00:00:00,1.0,0.0,4.4497877e-29,0.0,-0.6850818,0.45052993,1.0
2022-07-06 00:00:00,1.0,0.0,1.18435e-40,0.0,-0.6850818,0.45052993,1.0
2022-07-07 00:00:00,1.0,0.0,3.585116e-31,0.0,-0.6850818,0.45052993,1.0
2022-07-08 00:00:00,1.0,0.0,3.6783833e-18,0.0,-0.6850818,0.45052993,1.0
2022-07-11 00:00:00,1.0,0.0,8.5213847e-23,0.0,-0.6850818,0.45052993,1.0
2022-07-12 00:00:00,1.0,0.0,1.3197451e-27,0.0,-0.6850818,0.45052993,1.0
2022-07-13 00:00:00,1.0,0.0,2.2089068e-30,0.0,-0.6850818,0.45052993,1.0
2022-07-14 00:00:00,1.0,0.0,0.0,0.0,-0.6850818,0.45052993,1.0
2022-07-15 00:00:00,1.0,0.0,1.1528838e-29,0.0,-0.6850818,0.45052993,1.0
2022-07-18 00:00:00,1.0,0.0,7.3552515e-24,0.0,-0.6850818,0.45052993,1.0
2022-07-19 00:00:00,1.0,0.0,1.863725e-15,0.0,-0.6850818,0.45052993,1.0
2022-07-20 00:00:00,1.0,0.0,4.8165263e-24,0.0,-0.6850818,0.45052993,1.0
2022-07-21 00:00:00,1.0,0.0,2.6882587e-15,0.0,-0.6850818,0.45052993,1.0
2022-07-22 00:00:00,1.0,0.0,5.1476264e-20,0.0,-0.6850818,0.45052993,1.0
2022-07-25 00:00:00,1.0,0.0,8.1207457e-22,0.0,-0.6850818,0.45052993,1.0
2022-07-26 00:00:00,1.0,0.0,4.233305e-26,0.0,-0.6850818,0.45052993,1.0
2022-07-27 00:00:00,1.0,0.0,6.2560505e-11,0.0,-0.6850818,0.45052993,1.0
2022-07-28 00:00:00,1.0,0.0,7.465566e-15,0.0,-0.6850818,0.45052993,1.0
2022-07-29 00:00:00,1.0,0.0,1.6633459e-08,0.0,-0.6850817,0.45052993,1.0
2022-08-01 00:00:00,0.9999985,0.0,1.5079378e-06,0.0,-0.6850794,0.45053077,0.9999985
2022-08-02 00:00:00,0.9994002,1.3583031e-31,0.0005997855,0.0,-0.6841366,0.4508595,0.9994002
2022-08-03 00:00:00,0.9987741,3.6560723e-05,0.0011893358,0.0,-0.683181,0.45116696,0.9987741
2022-08-04 00:00:00,0.049237486,0.94292194,0.0078405505,1.0,0.015687834,0.030023511,0.94292194
2022-08-05 00:00:00,0.45401928,0.5291731,0.016807614,1.0,-0.27225482,0.22135688,0.5291731
2022-08-08 00:00:00,2.1897903e-07,0.99830425,0.0016955514,1.0,0.04643868,0.0016956502,0.99830425
2022-08-09 00:00:00,1.8189236e-10,0.99836445,0.001635526,1.0,0.046388075,0.001635526,0.99836445
2022-08-10 00:00:00,4.15359e-18,0.94332236,0.05667764,1.0,0.09293546,0.05667764,0.94332236
2022-08-11 00:00:00,3.4207872e-21,0.5533056,0.44669434,1.0,0.42276028,0.44669434,0.5533056
2022-08-12 00:00:00,1.3979501e-09,0.9667914,0.03320858,1.0,0.07308841,0.03320858,0.9667914
2022-08-15 00:00:00,0.034788385,0.96341366,0.0017979713,1.0,0.021126911,0.017471181,0.96341366
2022-08-16 00:00:00,0.9604029,1.38960475e-11,0.039597064,0.0,-0.6226865,0.47228733,0.9604029
2022-08-17 00:00:00,0.8871153,0.112049945,0.00083475345,0.0,-0.60196024,0.40050676,0.8871153
2022-08-18 00:00:00,0.9998434,0.0,0.00015660173,0.0,-0.684835,0.45061597,0.9998434
2022-08-19 00:00:00,0.9999976,0.0,2.3701677e-06,0.0,-0.685078,0.45053124,0.9999976
2022-08-22 00:00:00,1.0,0.0,2.6927495e-13,0.0,-0.6850818,0.45052993,1.0
2022-08-23 00:00:00,0.9999922,0.0,7.783684e-06,0.0,-0.6850695,0.4505342,0.9999922
2022-08-24 00:00:00,1.0,0.0,3.0511355e-10,0.0,-0.6850818,0.45052993,1.0
2022-08-25 00:00:00,1.0,0.0,3.2928997e-09,0.0,-0.6850818,0.45052993,1.0
2022-08-26 00:00:00,1.0,0.0,1.5803147e-12,0.0,-0.6850818,0.45052993,1.0
2022-08-29 00:00:00,1.0,0.0,1.1798867e-11,0.0,-0.6850818,0.45052993,1.0
2022-08-30 00:00:00,0.9999223,0.0,7.770643e-05,0.0,-0.6849593,0.45057264,0.9999223
2022-08-31 00:00:00,0.9997755,2.473e-42,0.00022447859,0.0,-0.684728,0.45065328,0.9997755
2022-09-01 00:00:00,1.0,0.0,4.1756427e-16,0.0,-0.6850818,0.45052993,1.0
2022-09-02 00:00:00,1.0,0.0,1.5595591e-10,0.0,-0.6850818,0.45052993,1.0
2022-09-05 00:00:00,1.0,0.0,2.6654512e-12,0.0,-0.6850818,0.45052993,1.0
2022-09-06 00:00:00,1.0,0.0,2.4471166e-18,0.0,-0.6850818,0.45052993,1.0
2022-09-07 00:00:00,1.0,0.0,4.5119913e-17,0.0,-0.6850818,0.45052993,1.0
2022-09-08 00:00:00,1.0,0.0,2.366955e-18,0.0,-0.6850818,0.45052993,1.0
2022-09-09 00:00:00,1.0,0.0,1.7926587e-09,0.0,-0.6850818,0.45052993,1.0
2022-09-12 00:00:00,0.9994644,7.952169e-05,0.0004560876,0.0,-0.684305,0.45074472,0.9994644
2022-09-13 00:00:00,0.99999994,0.0,7.816559e-08,0.0,-0.68508166,0.45052996,0.99999994
2022-09-14 00:00:00,0.99999994,0.0,4.5516966e-08,0.0,-0.6850817,0.45052996,0.99999994
2022-09-15 00:00:00,0.9996195,1.39373665e-36,0.00038052697,0.0,-0.68448216,0.45073903,0.9996195
2022-09-16 00:00:00,0.9992691,6.460351e-05,0.00066627347,0.0,-0.6839847,0.45086694,0.9992691
2022-09-19 00:00:00,0.009050721,0.98812014,0.002829128,1.0,0.040789656,0.0069067487,0.98812014
2022-09-20 00:00:00,0.021135764,0.9787615,0.00010273185,1.0,0.0296609,0.009625026,0.9787615
2022-09-21 00:00:00,0.9987876,0.0,0.0012124362,0.0,-0.6831713,0.45119613,0.9987876
2022-09-22 00:00:00,0.99995136,0.0,4.8647642e-05,0.0,-0.6850051,0.45055667,0.99995136
2022-09-23 00:00:00,1.0,0.0,1.1677466e-14,0.0,-0.6850818,0.45052993,1.0
2022-09-26 00:00:00,1.0,0.0,1.5952445e-27,0.0,-0.6850818,0.45052993,1.0
2022-09-27 00:00:00,1.0,0.0,1.927981e-32,0.0,-0.6850818,0.45052993,1.0
2022-09-28 00:00:00,1.0,0.0,5.2633554e-20,0.0,-0.6850818,0.45052993,1.0
2022-09-29 00:00:00,0.99995124,0.0,4.8753176e-05,0.0,-0.68500495,0.45055673,0.99995124
2022-09-30 00:00:00,0.99999785,0.0,2.1745748e-06,0.0,-0.6850783,0.45053113,0.99999785
2022-10-03 00:00:00,0.99990743,0.0,9.259217e-05,0.0,-0.68493587,0.4505808,0.99990743
2022-10-04 00:00:00,0.0016720388,0.0025665942,0.9957614,2.0,0.88586825,0.9965147,0.9957614
2022-10-05 00:00:00,0.19294593,2.606992e-37,0.80705404,2.0,0.5866379,0.893982,0.80705404
2022-10-06 00:00:00,0.99999994,0.0,5.2726033e-08,0.0,-0.68508166,0.45052996,0.99999994
2022-10-07 00:00:00,1.0,0.0,6.7245165e-17,0.0,-0.6850818,0.45052993,1.0
2022-10-10 00:00:00,1.0,0.0,1.2889446e-28,0.0,-0.6850818,0.45052993,1.0
2022-10-11 00:00:00,1.0,0.0,1.4154481e-14,0.0,-0.6850818,0.45052993,1.0
2022-10-12 00:00:00,1.0,0.0,1.525373e-14,0.0,-0.6850818,0.45052993,1.0
2022-10-13 00:00:00,1.0,0.0,5.0464544e-10,0.0,-0.6850818,0.45052993,1.0
2022-10-14 00:00:00,1.0,0.0,2.6833504e-15,0.0,-0.6850818,0.45052993,1.0
2022-10-17 00:00:00,0.99999994,0.0,5.513375e-08,0.0,-0.68508166,0.45052996,0.99999994
2022-10-18 00:00:00,0.9997402,0.0,0.00025980326,0.0,-0.68467236,0.4506727,0.9997402
2022-10-19 00:00:00,0.9949983,4.515681e-28,0.005001699,0.0,-0.6772003,0.4532782,0.9949983
2022-10-20 00:00:00,0.98936856,1.3855875e-25,0.010631429,0.0,-0.66832924,0.45637158,0.98936856
2022-10-21 00:00:00,4.4312474e-09,0.3887771,0.61122286,2.0,0.56189686,0.61122286,0.61122286
2022-10-24 00:00:00,3.1900858e-21,0.0045100837,0.9954899,2.0,0.8868594,0.9954899,0.9954899
2022-10-25 00:00:00,1.5068852e-35,1.1722808e-09,1.0,2.0,0.89067346,1.0,1.0
2022-10-26 00:00:00,1.5393395e-38,9.629051e-11,1.0,2.0,0.89067346,1.0,1.0
2022-10-27 00:00:00,1.7677614e-09,0.008752229,0.9912478,2.0,0.88327193,0.9912478,0.9912478
2022-10-28 00:00:00,1.2884975e-11,0.012979785,0.9870202,2.0,0.87969685,0.9870202,0.9870202
2022-10-31 00:00:00,0.00011913518,7.216696e-05,0.99980867,2.0,0.89042467,0.9998624,0.99980867
2022-11-01 00:00:00,0.38400042,3.1397e-41,0.6159996,2.0,0.28558278,0.78900325,0.6159996
2022-11-02 00:00:00,0.90367776,9.695752e-38,0.09632226,0.0,-0.5333015,0.5034561,0.90367776
2022-11-03 00:00:00,0.9594351,2.627128e-12,0.040564872,0.0,-0.62116146,0.47281912,0.9594351
2022-11-04 00:00:00,6.9371228e-15,0.028217323,0.9717827,2.0,0.8668109,0.9717827,0.9717827
2022-11-07 00:00:00,1.7390289e-28,9.876131e-06,0.9999901,2.0,0.8906651,0.9999901,0.9999901
2022-11-08 00:00:00,9.606495e-39,1.6462161e-10,1.0,2.0,0.89067346,1.0,1.0
2022-11-09 00:00:00,5.415339e-29,2.753551e-07,0.9999997,2.0,0.8906732,0.9999997,0.9999997
2022-11-10 00:00:00,0.0,1.0122993e-15,1.0,2.0,0.89067346,1.0,1.0
2022-11-11 00:00:00,0.0,0.0,1.0,2.0,0.89067346,1.0,1.0
2022-11-14 00:00:00,0.0,5.8875953e-21,1.0,2.0,0.89067346,1.0,1.0
2022-11-15 00:00:00,0.0,1.4593698e-23,1.0,2.0,0.89067346,1.0,1.0
2022-11-16 00:00:00,0.0,2.91e-43,1.0,2.0,0.89067346,1.0,1.0
2022-11-17 00:00:00,0.0,1.4205294e-36,1.0,2.0,0.89067346,1.0,1.0
2022-11-18 00:00:00,0.0,1.2989876e-18,1.0,2.0,0.89067346,1.0,1.0
2022-11-21 00:00:00,4.7122623e-36,6.7857386e-11,1.0,2.0,0.89067346,1.0,1.0
2022-11-22 00:00:00,4.4841027e-34,1.060504e-09,1.0,2.0,0.89067346,1.0,1.0
2022-11-23 00:00:00,3.5270747e-30,6.959545e-08,0.99999994,2.0,0.8906734,0.99999994,0.99999994
2022-11-24 00:00:00,0.0,7.960918e-15,1.0,2.0,0.89067346,1.0,1.0
2022-11-25 00:00:00,0.0,1.6383692e-14,1.0,2.0,0.89067346,1.0,1.0
2022-11-28 00:00:00,0.0,8.404035e-17,1.0,2.0,0.89067346,1.0,1.0
2022-11-29 00:00:00,0.0,3.0161025e-16,1.0,2.0,0.89067346,1.0,1.0
2022-11-30 00:00:00,0.0,7.953045e-38,1.0,2.0,0.89067346,1.0,1.0
2022-12-01 00:00:00,0.0,0.0,1.0,2.0,0.89067346,1.0,1.0
2022-12-02 00:00:00,0.0,1.7886235e-27,1.0,2.0,0.89067346,1.0,1.0
2022-12-05 00:00:00,0.0,1.04627574e-16,1.0,2.0,0.89067346,1.0,1.0
2022-12-06 00:00:00,7.773938e-37,2.3789188e-09,1.0,2.0,0.89067346,1.0,1.0
2022-12-07 00:00:00,0.0,1.9073391e-16,1.0,2.0,0.89067346,1.0,1.0
2022-12-08 00:00:00,3.0119486e-32,1.5028841e-06,0.9999985,2.0,0.89067215,0.9999985,0.9999985
2022-12-09 00:00:00,2.909226e-09,0.21075244,0.7892476,2.0,0.71244675,0.7892476,0.7892476
2022-12-12 00:00:00,1.6842097e-13,0.2372956,0.7627044,2.0,0.69,0.7627044,0.7627044
2022-12-13 00:00:00,2.2168455e-18,0.03184517,0.96815485,2.0,0.863743,0.96815485,0.96815485
2022-12-14 00:00:00,1.9603374e-20,0.0027535057,0.9972465,2.0,0.8883449,0.9972465,0.9972465
2022-12-15 00:00:00,5.7694794e-20,0.0013765307,0.9986235,2.0,0.8895093,0.9986235,0.9986235
2022-12-16 00:00:00,2.3990723e-18,0.0013368244,0.9986632,2.0,0.88954294,0.9986632,0.9986632
2022-12-19 00:00:00,1.2852702e-33,1.0028634e-05,0.99999,2.0,0.89066494,0.99999,0.99999
2022-12-20 00:00:00,2.5769049e-26,0.00050756714,0.9994924,2.0,0.8902442,0.9994924,0.9994924
2022-12-21 00:00:00,3.0083838e-11,0.042524237,0.9574758,2.0,0.854712,0.9574758,0.9574758
2022-12-22 00:00:00,1.2779832e-11,0.056902677,0.9430973,2.0,0.84255266,0.9430973,0.9430973
2022-12-23 00:00:00,3.297452e-14,0.029164292,0.9708357,2.0,0.8660101,0.9708357,0.9708357
2022-12-26 00:00:00,2.5215756e-25,0.0014553214,0.9985447,2.0,0.88944274,0.9985447,0.9985447
2022-12-27 00:00:00,8.8912584e-29,0.00039363868,0.9996064,2.0,0.89034057,0.9996064,0.9996064
2022-12-28 00:00:00,2.968037e-14,0.003300468,0.9966995,2.0,0.88788235,0.9966995,0.9966995
2022-12-29 00:00:00,1.2276417e-06,0.052084398,0.94791436,2.0,0.8466254,0.9479149,0.94791436
2022-12-30 00:00:00,2.7433508e-10,0.014999998,0.985,2.0,0.8779884,0.985,0.985
2023-01-02 00:00:00,3.9588763e-11,0.005296101,0.9947039,2.0,0.8861947,0.9947039,0.9947039
2023-01-03 00:00:00,0.0014811668,0.5188498,0.479669,1.0,0.44956455,0.48033634,0.5188498
2023-01-04 00:00:00,0.00017977593,0.9481485,0.051671747,1.0,0.08857088,0.051752742,0.9481485
2023-01-05 00:00:00,0.5343377,0.18931343,0.27634886,0.0,-0.111408405,0.517084,0.5343377
2023-01-06 00:00:00,0.0003867298,0.9151051,0.084508166,1.0,0.11618851,0.0846824,0.9151051
2023-01-09 00:00:00,1.11553884e-10,0.94578785,0.05421217,1.0,0.09085049,0.05421217,0.94578785
2023-01-10 00:00:00,9.44815e-06,0.9952612,0.0047293697,1.0,0.048997544,0.0047336267,0.9952612
2023-01-11 00:00:00,0.00012508198,0.9987889,0.0010859995,1.0,0.045832038,0.0011423527,0.9987889
2023-01-12 00:00:00,1.0408621e-13,0.9807681,0.019231906,1.0,0.06126878,0.019231906,0.9807681
2023-01-13 00:00:00,3.355937e-16,0.95537806,0.044621967,1.0,0.08274035,0.044621967,0.95537806
2023-01-16 00:00:00,9.1419954e-14,0.9639311,0.036068894,1.0,0.07550729,0.036068894,0.9639311
2023-01-17 00:00:00,5.1212767e-09,0.990419,0.009581031,1.0,0.053107336,0.009581033,0.990419
2023-01-18 00:00:00,4.207786e-11,0.9900627,0.009937301,1.0,0.053408626,0.009937301,0.9900627
2023-01-19 00:00:00,9.95654e-15,0.9748826,0.025117388,1.0,0.06624594,0.025117388,0.9748826
2023-01-20 00:00:00,3.8034566e-15,0.9633049,0.036695108,1.0,0.076036856,0.036695108,0.9633049
2023-01-23 00:00:00,1.24371525e-14,0.9595628,0.0404372,1.0,0.07920143,0.0404372,0.9595628
2023-01-24 00:00:00,1.5002742e-16,0.91877025,0.081229754,1.0,0.11369841,0.081229754,0.91877025
2023-01-25 00:00:00,1.7607265e-20,0.59965885,0.40034115,1.0,0.38356087,0.40034115,0.59965885
2023-01-26 00:00:00,2.3944466e-14,0.6568047,0.34319532,1.0,0.33523443,0.34319532,0.6568047
2023-01-27 00:00:00,2.2806782e-08,0.93851376,0.061486196,1.0,0.09700188,0.061486203,0.93851376
2023-01-30 00:00:00,1.697178e-09,0.98309064,0.016909346,1.0,0.059304662,0.016909348,0.98309064
2023-01-31 00:00:00,7.855892e-26,0.74942553,0.2505745,1.0,0.2569079,0.2505745,0.74942553
2023-02-01 00:00:00,6.4066e-41,0.025703207,0.9742968,2.0,0.868937,0.9742968,0.9742968
2023-02-02 00:00:00,1.6981548e-37,0.0010288593,0.99897116,2.0,0.88980335,0.99897116,0.99897116
2023-02-03 00:00:00,9.620218e-08,0.39001465,0.60998523,2.0,0.5608502,0.6099853,0.60998523
2023-02-06 00:00:00,0.020103952,0.96634877,0.013547269,1.0,0.041783832,0.0226047,0.96634877
2023-02-07 00:00:00,0.03656164,0.9625069,0.00093148777,1.0,0.019099524,0.0174036,0.9625069
2023-02-08 00:00:00,0.94850796,9.0006336e-07,0.051491145,0.0,-0.60394365,0.47882238,0.94850796
2023-02-09 00:00:00,0.99810797,3.5622e-41,0.0018920212,0.0,-0.6821004,0.45156953,0.99810797
2023-02-10 00:00:00,0.9999696,0.0,3.0372972e-05,0.0,-0.6850339,0.45054662,0.9999696
2023-02-13 00:00:00,0.9992847,3.094222e-27,0.0007153108,0.0,-0.6839546,0.45092297,0.9992847
2023-02-14 00:00:00,0.9990216,6.944142e-10,0.0009784332,0.0,-0.68354,0.45106754,0.9990216
2023-02-15 00:00:00,0.9994369,2.0689925e-31,0.00056309276,0.0,-0.68419445,0.45083934,0.9994369
2023-02-16 00:00:00,0.99999124,0.0,8.764781e-06,0.0,-0.68506795,0.45053476,0.99999124
2023-02-17 00:00:00,0.9999842,0.0,1.58241e-05,0.0,-0.6850568,0.45053864,0.9999842
2023-02-20 00:00:00,0.999999,0.0,1.0045165e-06,0.0,-0.6850802,0.45053047,0.999999
2023-02-21 00:00:00,1.0,0.0,1.2854252e-09,0.0,-0.6850818,0.45052993,1.0
2023-02-22 00:00:00,1.0,0.0,6.555534e-16,0.0,-0.6850818,0.45052993,1.0
2023-02-23 00:00:00,1.0,0.0,2.0838239e-14,0.0,-0.6850818,0.45052993,1.0
2023-02-24 00:00:00,1.0,0.0,2.319996e-16,0.0,-0.6850818,0.45052993,1.0
2023-02-27 00:00:00,1.0,0.0,1.4441364e-09,0.0,-0.6850818,0.45052993,1.0
2023-02-28 00:00:00,1.0,0.0,1.3955725e-12,0.0,-0.6850818,0.45052993,1.0
2023-03-01 00:00:00,1.0,0.0,7.786745e-18,0.0,-0.6850818,0.45052993,1.0
2023-03-02 00:00:00,1.0,0.0,2.5835679e-14,0.0,-0.6850818,0.45052993,1.0
2023-03-03 00:00:00,0.9999478,0.0,5.2238353e-05,0.0,-0.68499947,0.45055863,0.9999478
2023-03-06 00:00:00,0.9995626,0.00024955827,0.0001878134,0.0,-0.68460363,0.4505207,0.9995626
2023-03-07 00:00:00,0.9999939,0.0,6.0592683e-06,0.0,-0.68507224,0.45053327,0.9999939
2023-03-08 00:00:00,0.99997914,0.0,2.0887623e-05,0.0,-0.6850489,0.4505414,0.99997914
2023-03-09 00:00:00,0.99993986,0.0,6.0140785e-05,0.0,-0.684987,0.45056298,0.99993986
2023-03-10 00:00:00,0.9996097,4.4959303e-05,0.00034535694,0.0,-0.68450475,0.45069945,0.9996097
2023-03-13 00:00:00,0.85185975,0.14805965,8.062425e-05,0.0,-0.57685834,0.38386893,0.85185975
2023-03-14 00:00:00,0.6031077,0.39679596,9.637626e-05,0.0,-0.39523444,0.27181444,0.6031077
2023-03-15 00:00:00,0.9983678,3.1080335e-33,0.001632204,0.0,-0.68250984,0.45142677,0.9983678
2023-03-16 00:00:00,0.998596,4.054126e-11,0.0014040028,0.0,-0.6828694,0.4513014,0.998596
2023-03-17 00:00:00,0.9990239,4.5192723e-05,0.00093090313,0.0,-0.6835819,0.45102108,0.9990239
2023-03-20 00:00:00,0.78161335,0.21692032,0.0014663407,0.0,-0.52440053,0.35360655,0.78161335
2023-03-21 00:00:00,0.0001547475,0.9976658,0.0021794538,1.0,0.046735078,0.0022491722,0.9976658
2023-03-22 00:00:00,5.658296e-16,0.8984227,0.10157731,1.0,0.13090569,0.10157731,0.8984227
2023-03-23 00:00:00,1.4001117e-13,0.8620967,0.1379033,1.0,0.16162544,0.1379033,0.8620967
2023-03-24 00:00:00,1.691055e-11,0.9181468,0.081853226,1.0,0.114225656,0.081853226,0.9181468
2023-03-27 00:00:00,1.10376874e-10,0.9690692,0.030930791,1.0,0.07116216,0.030930791,0.9690692
2023-03-28 00:00:00,1.7194664e-15,0.7435386,0.2564614,1.0,0.2618863,0.2564614,0.7435386
2023-03-29 00:00:00,2.9256253e-09,0.97391105,0.026088946,1.0,0.06706756,0.026088947,0.97391105
2023-03-30 00:00:00,2.4730508e-20,0.52830285,0.47169715,1.0,0.44390437,0.47169715,0.52830285
2023-03-31 00:00:00,1.1064676e-11,0.8515189,0.14848109,1.0,0.17057073,0.14848109,0.8515189
2023-04-03 00:00:00,1.6010152e-12,0.9393094,0.06069057,1.0,0.09632906,0.06069057,0.9393094
2023-04-04 00:00:00,2.8123836e-34,0.00058421673,0.99941576,2.0,0.8901794,0.99941576,0.99941576
2023-04-05 00:00:00,1.5741832e-26,4.3875087e-05,0.99995613,2.0,0.8906363,0.99995613,0.99995613
2023-04-06 00:00:00,4.0438753e-24,0.00048469612,0.9995153,2.0,0.89026356,0.9995153,0.9995153
2023-04-07 00:00:00,6.74903e-17,0.06340871,0.93659127,2.0,0.8370507,0.93659127,0.93659127
2023-04-10 00:00:00,1.0784615e-06,0.92533135,0.07466758,1.0,0.108148195,0.074668065,0.92533135
2023-04-11 00:00:00,1.4147193e-09,0.9953837,0.0046163215,1.0,0.04890884,0.004616322,0.9953837
2023-04-12 00:00:00,5.2913143e-34,0.0024138477,0.99758613,2.0,0.8886321,0.99758613,0.99758613
2023-04-13 00:00:00,4.981032e-39,4.930927e-07,0.9999995,2.0,0.89067304,0.9999995,0.9999995
2023-04-14 00:00:00,7.17683e-22,0.0026519098,0.99734807,2.0,0.8884308,0.99734807,0.99734807
2023-04-17 00:00:00,1.9787394e-09,0.51568484,0.48431516,1.0,0.45457503,0.48431516,0.51568484
2023-04-18 00:00:00,1.769637e-09,0.9559919,0.044008102,1.0,0.082221225,0.044008102,0.9559919
2023-04-19 00:00:00,0.00078060845,0.99914986,6.951591e-05,1.0,0.04449384,0.00042120338,0.99914986
2023-04-20 00:00:00,1.1164693e-05,0.99986786,0.00012096801,1.0,0.04509911,0.00012599805,0.99986786
2023-04-21 00:00:00,2.7070778e-12,0.9974739,0.0025261154,1.0,0.04714122,0.0025261154,0.9974739
2023-04-24 00:00:00,5.953884e-14,0.9941314,0.005868593,1.0,0.049967848,0.005868593,0.9941314
2023-04-25 00:00:00,5.298075e-06,0.9998067,0.00018802063,1.0,0.045160096,0.00019040756,0.9998067
2023-04-26 00:00:00,2.3757618e-09,0.99800575,0.0019942264,1.0,0.046691414,0.0019942275,0.99800575
2023-04-27 00:00:00,2.0024068e-05,0.9998416,0.0001383972,1.0,0.045107383,0.00014741863,0.9998416
2023-04-28 00:00:00,7.6925076e-08,0.99955386,0.00044608396,1.0,0.045382146,0.00044611862,0.99955386
2023-05-01 00:00:00,0.0021161893,0.9978636,2.0215528e-05,1.0,0.04347706,0.00097362214,0.9978636
2023-05-02 00:00:00,0.0031044416,0.99688065,1.4880472e-05,1.0,0.042751037,0.0014135243,0.99688065
2023-05-03 00:00:00,1.9300039e-07,0.9996576,0.00034221524,1.0,0.04529422,0.0003423022,0.9996576
2023-05-04 00:00:00,0.00018001745,0.999757,6.296158e-05,1.0,0.044926777,0.00014406483,0.999757
2023-05-05 00:00:00,0.000113599985,0.99981534,7.1069044e-05,1.0,0.044982124,0.00012224923,0.99981534
2023-05-08 00:00:00,1.8012588e-05,0.9998666,0.00011536583,1.0,0.045089375,0.00012348103,0.9998666
2023-05-09 00:00:00,0.0035804454,0.9964072,1.237334e-05,1.0,0.042401392,0.0016254712,0.9964072
2023-05-10 00:00:00,0.005247971,0.99474424,7.817612e-06,1.0,0.0411801,0.0023721855,0.99474424
2023-05-11 00:00:00,0.9871479,1.9314e-41,0.012852089,0.0,-0.66483,0.45759177,0.9871479
2023-05-12 00:00:00,0.99951565,0.0,0.00048435637,0.0,-0.68431854,0.45079607,0.99951565
2023-05-15 00:00:00,0.99970466,1.6362952e-05,0.00027896478,0.0,-0.6846302,0.45067585,0.99970466
2023-05-16 00:00:00,0.99935037,3.4064802e-28,0.0006496605,0.0,-0.68405807,0.4508869,0.99935037
2023-05-17 00:00:00,0.99937683,1.5920467e-30,0.00062317675,0.0,-0.6840998,0.45087236,0.99937683
2023-05-18 00:00:00,0.99999535,0.0,4.6572204e-06,0.0,-0.68507445,0.4505325,0.99999535
2023-05-19 00:00:00,0.9999889,0.0,1.1101533e-05,0.0,-0.68506426,0.45053604,0.9999889
2023-05-22 00:00:00,1.0,0.0,1.4132506e-09,0.0,-0.6850818,0.45052993,1.0
2023-05-23 00:00:00,0.9999997,0.0,2.9704694e-07,0.0,-0.6850813,0.45053008,0.9999997
2023-05-24 00:00:00,1.0,0.0,1.2601413e-14,0.0,-0.6850818,0.45052993,1.0
2023-05-25 00:00:00,1.0,0.0,2.6817503e-16,0.0,-0.6850818,0.45052993,1.0
2023-05-26 00:00:00,1.0,0.0,3.4392556e-14,0.0,-0.6850818,0.45052993,1.0
2023-05-29 00:00:00,1.0,0.0,3.73983e-12,0.0,-0.6850818,0.45052993,1.0
2023-05-30 00:00:00,1.0,0.0,2.7736953e-14,0.0,-0.6850818,0.45052993,1.0
2023-05-31 00:00:00,1.0,0.0,1.9648231e-28,0.0,-0.6850818,0.45052993,1.0
2023-06-01 00:00:00,1.0,0.0,1.4713197e-12,0.0,-0.6850818,0.45052993,1.0
2023-06-02 00:00:00,1.0,0.0,7.870103e-17,0.0,-0.6850818,0.45052993,1.0
2023-06-05 00:00:00,1.0,0.0,1.6073362e-14,0.0,-0.6850818,0.45052993,1.0
2023-06-06 00:00:00,1.0,0.0,5.963013e-13,0.0,-0.6850818,0.45052993,1.0
2023-06-07 00:00:00,1.0,0.0,3.2674584e-14,0.0,-0.6850818,0.45052993,1.0
2023-06-08 00:00:00,0.9996082,1e-45,0.00039176593,0.0,-0.68446445,0.4507452,0.9996082
2023-06-09 00:00:00,0.9988061,1.9049075e-27,0.0011938612,0.0,-0.68320054,0.4511859,0.9988061
2023-06-12 00:00:00,0.9991171,3.6598408e-34,0.0008828987,0.0,-0.68369055,0.45101506,0.9991171
2023-06-13 00:00:00,0.9989224,1.1522032e-13,0.0010775992,0.0,-0.68338376,0.45112205,0.9989224
2023-06-14 00:00:00,0.5969444,0.40305296,2.6729838e-06,0.0,-0.39081395,0.268944,0.5969444
2023-06-15 00:00:00,1.1900575e-07,0.9982064,0.0017934905,1.0,0.046521574,0.0017935442,0.9982064
2023-06-16 00:00:00,1.3494428e-06,0.99944913,0.0005495073,1.0,0.04546868,0.00055011525,0.99944913
2023-06-19 00:00:00,3.122178e-05,0.99983793,0.00013087069,1.0,0.04509284,0.00014493703,0.99983793
2023-06-20 00:00:00,1.6240963e-07,0.99840605,0.0015937842,1.0,0.04635266,0.0015938574,0.99840605
2023-06-21 00:00:00,2.6353565e-15,0.9671924,0.032807592,1.0,0.07274931,0.032807592,0.9671924
2023-06-22 00:00:00,6.4916194e-15,0.9591749,0.04082514,1.0,0.079529494,0.04082514,0.9591749
2023-06-23 00:00:00,1.542404e-08,0.9988019,0.0011980907,1.0,0.04601814,0.0011980977,0.9988019
2023-06-26 00:00:00,9.422531e-12,0.9976393,0.002360722,1.0,0.04700135,0.002360722,0.9976393
2023-06-27 00:00:00,7.573175e-14,0.99604243,0.003957571,1.0,0.048351757,0.003957571,0.99604243
2023-06-28 00:00:00,2.0122214e-13,0.99676985,0.0032301352,1.0,0.047736585,0.0032301352,0.99676985
2023-06-29 00:00:00,6.276764e-05,0.9998709,6.635802e-05,1.0,0.045015253,9.463673e-05,0.9998709
2023-06-30 00:00:00,8.444002e-12,0.99806064,0.0019393723,1.0,0.04664503,0.0019393723,0.99806064
2023-07-03 00:00:00,1.7797364e-11,0.9982062,0.0017937785,1.0,0.046521906,0.0017937785,0.9982062
2023-07-04 00:00:00,8.388151e-10,0.9992478,0.0007522384,1.0,0.045641106,0.0007522388,0.9992478
2023-07-05 00:00:00,4.8601856e-07,0.9998077,0.00019181783,1.0,0.045166824,0.00019203681,0.9998077
2023-07-06 00:00:00,9.623659e-05,0.9998562,4.7563986e-05,1.0,0.044974927,9.092145e-05,0.9998562
2023-07-07 00:00:00,6.014789e-13,0.9979616,0.0020384395,1.0,0.04672881,0.0020384395,0.9979616
2023-07-10 00:00:00,7.0358224e-15,0.9963278,0.0036721758,1.0,0.048110407,0.0036721758,0.9963278
2023-07-11 00:00:00,3.539974e-13,0.99760336,0.0023966478,1.0,0.047031734,0.0023966478,0.99760336
2023-07-12 00:00:00,2.0334808e-21,0.98270667,0.017293325,1.0,0.05962938,0.017293325,0.98270667
2023-07-13 00:00:00,8.245085e-19,0.98690486,0.013095152,1.0,0.05607912,0.013095152,0.98690486
2023-07-14 00:00:00,8.1182556e-20,0.9833237,0.016676297,1.0,0.059107583,0.016676297,0.9833237
2023-07-17 00:00:00,1.6596218e-23,0.9537792,0.04622078,1.0,0.084092416,0.04622078,0.9537792
2023-07-18 00:00:00,1.3092042e-22,0.93557525,0.064424746,1.0,0.09948694,0.064424746,0.93557525
2023-07-19 00:00:00,2.6022507e-12,0.99294174,0.0070582842,1.0,0.050973933,0.0070582842,0.99294174
2023-07-20 00:00:00,2.5737683e-09,0.99906445,0.00093552546,1.0,0.045796104,0.0009355266,0.99906445
2023-07-21 00:00:00,2.4591716e-14,0.9942064,0.0057935826,1.0,0.049904414,0.0057935826,0.9942064
2023-07-24 00:00:00,1.4510572e-07,0.99958247,0.00041741243,1.0,0.04535785,0.0004174778,0.99958247
2023-07-25 00:00:00,0.00017480293,0.99975884,6.635253e-05,1.0,0.044933453,0.00014510647,0.99975884
2023-07-26 00:00:00,2.214534e-08,0.99946505,0.00053490937,1.0,0.045457304,0.0005349194,0.99946505
2023-07-27 00:00:00,2.2372918e-05,0.9998357,0.00014191108,1.0,0.04510864,0.00015199075,0.9998357
2023-07-28 00:00:00,3.582013e-05,0.9998391,0.00012503451,1.0,0.045084547,0.00014117254,0.9998391
2023-07-31 00:00:00,0.00032695688,0.9996078,6.524982e-05,1.0,0.044821437,0.00021255368,0.9996078
2023-08-01 00:00:00,4.412582e-06,0.9998101,0.00018548066,1.0,0.045158595,0.00018746866,0.9998101
2023-08-02 00:00:00,0.0002076443,0.9997067,8.566401e-05,1.0,0.04492581,0.00017921398,0.9997067
2023-08-03 00:00:00,0.0014065207,0.9985458,4.7644462e-05,1.0,0.044018373,0.00068132416,0.9985458
2023-08-04 00:00:00,0.0039029657,0.9960757,2.1362346e-05,1.0,0.042173523,0.0017797652,0.9960757
2023-08-07 00:00:00,0.006522986,0.9934682,8.776965e-06,1.0,0.04025004,0.0029475775,0.9934682
2023-08-08 00:00:00,0.9751453,2.9448836e-06,0.024851745,0.0,-0.6459193,0.4641839,0.9751453
2023-08-09 00:00:00,0.99990207,0.0,9.795281e-05,0.0,-0.6849274,0.45058376,0.99990207
2023-08-10 00:00:00,1.0,0.0,1.210306e-10,0.0,-0.6850818,0.45052993,1.0
2023-08-11 00:00:00,1.0,0.0,5.3782533e-14,0.0,-0.6850818,0.45052993,1.0
2023-08-14 00:00:00,1.0,0.0,1.487449e-18,0.0,-0.6850818,0.45052993,1.0
2023-08-15 00:00:00,1.0,0.0,4.164802e-18,0.0,-0.6850818,0.45052993,1.0
2023-08-16 00:00:00,1.0,0.0,1.0041446e-18,0.0,-0.6850818,0.45052993,1.0
2023-08-17 00:00:00,1.0,0.0,1.7421186e-12,0.0,-0.6850818,0.45052993,1.0
2023-08-18 00:00:00,1.0,0.0,9.278072e-12,0.0,-0.6850818,0.45052993,1.0
2023-08-21 00:00:00,0.9999921,0.0,7.944273e-06,0.0,-0.68506926,0.45053428,0.9999921
2023-08-22 00:00:00,0.99999994,0.0,7.343556e-08,0.0,-0.68508166,0.45052996,0.99999994
2023-08-23 00:00:00,1.0,0.0,1.2540427e-08,0.0,-0.6850817,0.45052993,1.0
2023-08-24 00:00:00,0.99999833,0.0,1.6951916e-06,0.0,-0.6850791,0.45053086,0.99999833
2023-08-25 00:00:00,1.0,0.0,1.3742031e-10,0.0,-0.6850818,0.45052993,1.0
2023-08-28 00:00:00,0.99999774,0.0,2.2391819e-06,0.0,-0.68507826,0.45053115,0.99999774
2023-08-29 00:00:00,0.99988765,0.0,0.0001123626,0.0,-0.6849047,0.45059168,0.99988765
2023-08-30 00:00:00,0.34183845,0.6581592,2.3279808e-06,1.0,-0.20456478,0.15401079,0.6581592
2023-08-31 00:00:00,0.9957116,5.318798e-30,0.004288403,0.0,-0.6783243,0.45288628,0.9957116
2023-09-01 00:00:00,1.0,0.0,1.3321313e-09,0.0,-0.6850818,0.45052993,1.0
2023-09-04 00:00:00,0.99999994,0.0,4.1442842e-08,0.0,-0.6850817,0.45052996,0.99999994
2023-09-05 00:00:00,1.0,0.0,9.2910457e-10,0.0,-0.6850818,0.45052993,1.0
2023-09-06 00:00:00,1.0,0.0,9.984716e-12,0.0,-0.6850818,0.45052993,1.0
2023-09-07 00:00:00,1.0,0.0,2.2085598e-14,0.0,-0.6850818,0.45052993,1.0
2023-09-08 00:00:00,1.0,0.0,1.7190561e-11,0.0,-0.6850818,0.45052993,1.0
2023-09-11 00:00:00,0.99997956,0.0,2.0428752e-05,0.0,-0.6850496,0.45054117,0.99997956
2023-09-12 00:00:00,0.9999502,0.0,4.985603e-05,0.0,-0.6850032,0.45055732,0.9999502
2023-09-13 00:00:00,0.9999043,0.0,9.5701136e-05,0.0,-0.684931,0.4505825,0.9999043
2023-09-14 00:00:00,1.0,0.0,7.089172e-10,0.0,-0.6850818,0.45052993,1.0
2023-09-15 00:00:00,0.99999994,0.0,6.698391e-08,0.0,-0.68508166,0.45052996,0.99999994
2023-09-18 00:00:00,0.9999997,0.0,2.75566e-07,0.0,-0.68508136,0.45053008,0.9999997
2023-09-19 00:00:00,0.9999817,0.0,1.828361e-05,0.0,-0.68505293,0.45053998,0.9999817
2023-09-20 00:00:00,0.99999994,0.0,4.3872156e-08,0.0,-0.6850817,0.45052996,0.99999994
2023-09-21 00:00:00,0.999867,0.0,0.00013296568,0.0,-0.68487227,0.45060298,0.999867
2023-09-22 00:00:00,0.9999234,0.0,7.656284e-05,0.0,-0.68496114,0.450572,0.9999234
2023-09-25 00:00:00,1.0,0.0,1.3762605e-09,0.0,-0.6850818,0.45052993,1.0
2023-09-26 00:00:00,1.0,0.0,3.7406698e-16,0.0,-0.6850818,0.45052993,1.0
2023-09-27 00:00:00,1.0,0.0,5.895826e-34,0.0,-0.6850818,0.45052993,1.0
2023-09-28 00:00:00,1.0,0.0,2.189077e-14,0.0,-0.6850818,0.45052993,1.0
2023-09-29 00:00:00,0.99999994,0.0,3.159812e-08,0.0,-0.6850817,0.45052996,0.99999994
2023-10-02 00:00:00,1.0,0.0,8.114989e-18,0.0,-0.6850818,0.45052993,1.0
2023-10-03 00:00:00,1.0,0.0,1.061053e-12,0.0,-0.6850818,0.45052993,1.0
2023-10-04 00:00:00,1.0,0.0,1.3078562e-08,0.0,-0.6850817,0.45052993,1.0
2023-10-05 00:00:00,0.99991393,0.0,8.609533e-05,0.0,-0.6849461,0.45057723,0.99991393
2023-10-06 00:00:00,0.9988606,3.7802255e-31,0.0011393932,0.0,-0.68328637,0.451156,0.9988606
2023-10-09 00:00:00,0.9999846,0.0,1.5359836e-05,0.0,-0.6850576,0.45053837,0.9999846
2023-10-10 00:00:00,0.9998988,0.0,0.00010123458,0.0,-0.6849222,0.45058554,0.9998988
2023-10-11 00:00:00,0.9992006,1.2887356e-30,0.0007993889,0.0,-0.68382215,0.45096916,0.9992006
2023-10-12 00:00:00,0.99894625,4.080614e-25,0.0010537573,0.0,-0.6834213,0.45110893,0.99894625
2023-10-13 00:00:00,0.9999175,0.0,8.248712e-05,0.0,-0.6849518,0.45057526,0.9999175
2023-10-16 00:00:00,0.9998057,0.0,0.00019430053,0.0,-0.6847756,0.45063668,0.9998057
2023-10-17 00:00:00,0.99928653,8.146391e-30,0.0007134715,0.0,-0.6839575,0.45092195,0.99928653
2023-10-18 00:00:00,0.99935204,6.236384e-32,0.0006479634,0.0,-0.68406075,0.45088598,0.99935204
2023-10-19 00:00:00,0.9991532,3.464952e-13,0.0008467881,0.0,-0.6837474,0.4509952,0.9991532
2023-10-20 00:00:00,0.9995363,1.1395998e-06,0.0004625584,0.0,-0.68435204,0.45078358,0.9995363
2023-10-23 00:00:00,0.12737522,0.87251896,0.00010583724,1.0,-0.04790049,0.057492185,0.87251896
2023-10-24 00:00:00,0.014185054,0.98580474,1.0216771e-05,1.0,0.034657285,0.006401008,0.98580474
2023-10-25 00:00:00,0.0022353632,0.9977467,1.792219e-05,1.0,0.04338811,0.0010250203,0.9977467
2023-10-26 00:00:00,0.00508564,0.9949119,2.4470125e-06,1.0,0.041294076,0.00229368,0.9949119
2023-10-27 00:00:00,0.0053019435,0.9946927,5.358885e-06,1.0,0.041138615,0.0023940431,0.9946927
2023-10-30 00:00:00,2.5753634e-06,0.99985236,0.00014506726,1.0,0.04512576,0.00014622754,0.99985236
2023-10-31 00:00:00,6.183795e-05,0.9998856,5.2525796e-05,1.0,0.045004234,8.0385646e-05,0.9998856
2023-11-01 00:00:00,0.00087357475,0.99910736,1.9063413e-05,1.0,0.0443833,0.000412635,0.99910736
2023-11-02 00:00:00,0.0017766152,0.9982105,1.2883872e-05,1.0,0.043718774,0.0008133022,0.9982105
2023-11-03 00:00:00,3.0315806e-07,0.9997302,0.00026945132,1.0,0.04523261,0.0002695879,0.9997302
2023-11-06 00:00:00,5.077799e-07,0.99975646,0.0002430416,1.0,0.045210123,0.00024327038,0.99975646
2023-11-07 00:00:00,0.00016344925,0.9997784,5.8173035e-05,1.0,0.044934824,0.00013181182,0.9997784
2023-11-08 00:00:00,0.00022620684,0.9997211,5.2700696e-05,1.0,0.04488438,0.00015461365,0.9997211
2023-11-09 00:00:00,1.9253623e-06,0.9998145,0.00018358119,1.0,0.045158807,0.00018444863,0.9998145
2023-11-10 00:00:00,8.0132884e-10,0.9989676,0.0010323884,1.0,0.04587802,0.0010323889,0.9989676
2023-11-13 00:00:00,1.5795905e-07,0.9995107,0.0004891658,1.0,0.04541852,0.00048923696,0.9995107
2023-11-14 00:00:00,4.2907925e-25,0.9615111,0.038488947,1.0,0.07755385,0.038488947,0.9615111
2023-11-15 00:00:00,5.13683e-27,0.8884926,0.11150744,1.0,0.13930328,0.11150744,0.8884926
2023-11-16 00:00:00,9.032562e-21,0.842432,0.15756796,1.0,0.17825523,0.15756796,0.842432
2023-11-17 00:00:00,1.2254751e-27,0.6629111,0.3370889,1.0,0.33007044,0.3370889,0.6629111
2023-11-20 00:00:00,1.4353116e-21,0.5468834,0.45311663,1.0,0.4281914,0.45311663,0.5468834
2023-11-21 00:00:00,3.648177e-30,0.047366064,0.9526339,2.0,0.85061747,0.9526339,0.9526339
2023-11-22 00:00:00,9.227252e-31,0.0049494826,0.9950505,2.0,0.88648784,0.9950505,0.9950505
2023-11-23 00:00:00,1.6885626e-33,0.0029101435,0.99708986,2.0,0.88821244,0.99708986,0.99708986
2023-11-24 00:00:00,1.122737e-39,0.0023163094,0.9976837,2.0,0.8887146,0.9976837,0.9976837
2023-11-27 00:00:00,4.8739045e-34,0.0023452344,0.99765474,2.0,0.8886902,0.99765474,0.99765474
2023-11-28 00:00:00,0.0,0.00021261405,0.9997874,2.0,0.89049363,0.9997874,0.9997874
2023-11-29 00:00:00,1.12132e-40,0.0011503156,0.9988497,2.0,0.88970065,0.9988497,0.9988497
2023-11-30 00:00:00,3.295912e-21,0.041480303,0.9585197,2.0,0.8555949,0.9585197,0.9585197
2023-12-01 00:00:00,5.6000314e-08,0.57484055,0.42515942,1.0,0.40454885,0.42515945,0.57484055
2023-12-04 00:00:00,5.2523883e-06,0.98656976,0.013425014,1.0,0.05635424,0.0134273805,0.98656976
2023-12-05 00:00:00,5.4486238e-05,0.9995307,0.00041483893,1.0,0.045316,0.0004393866,0.9995307
2023-12-06 00:00:00,0.0016103354,0.9982995,9.0183836e-05,1.0,0.043905545,0.00081568817,0.9982995
2023-12-07 00:00:00,2.7736694e-06,0.99959266,0.0004045439,1.0,0.04534505,0.00040579354,0.99959266
2023-12-08 00:00:00,0.00031086805,0.9995708,0.00011837182,1.0,0.044878107,0.0002584272,0.9995708
2023-12-11 00:00:00,0.00096482603,0.99895793,7.721796e-05,1.0,0.044365857,0.000511901,0.99895793
2023-12-12 00:00:00,0.9656732,1.6645625e-12,0.034326818,0.0,-0.6309911,0.4693915,0.9656732
2023-12-13 00:00:00,0.6084568,0.3915235,1.9709087e-05,0.0,-0.39920458,0.2741477,0.6084568
2023-12-14 00:00:00,2.6459278e-05,0.99975014,0.0002233795,1.0,0.04517455,0.0002353002,0.99975014
2023-12-15 00:00:00,0.045325015,0.95437115,0.0003038216,1.0,0.012170704,0.020724097,0.95437115
2023-12-18 00:00:00,0.061755847,0.93796945,0.00027467826,1.0,0.00015012412,0.028097536,0.93796945
2023-12-19 00:00:00,0.0026206428,0.99734116,3.8225153e-05,1.0,0.043123994,0.0012189031,0.99734116
2023-12-20 00:00:00,0.0020582639,0.99790585,3.5872905e-05,1.0,0.043532588,0.00096318236,0.99790585
2023-12-21 00:00:00,9.30109e-05,0.9997653,0.00014173429,1.0,0.045056917,0.00018363848,0.9997653
2023-12-22 00:00:00,0.0010360583,0.99889123,7.273347e-05,1.0,0.04431006,0.00053950876,0.99889123
2023-12-25 00:00:00,0.0015545898,0.99837345,7.196731e-05,1.0,0.04393084,0.0007723565,0.99837345
2023-12-26 00:00:00,0.003448667,0.99650323,4.811594e-05,1.0,0.04252783,0.0016018437,0.99650323
2023-12-27 00:00:00,2.5952702e-06,0.99930006,0.0006973129,1.0,0.045592763,0.0006984821,0.99930006
2023-12-28 00:00:00,6.6650374e-09,0.9976218,0.0023782128,1.0,0.047016136,0.0023782158,0.9976218
2023-12-29 00:00:00,3.1948062e-07,0.998399,0.0016006407,1.0,0.04635834,0.0016007846,0.998399
2024-01-01 00:00:00,7.662434e-11,0.99300057,0.006999433,1.0,0.050924163,0.006999433,0.99300057
2024-01-02 00:00:00,3.3210068e-07,0.9980708,0.0019289051,1.0,0.046635933,0.0019290547,0.9980708
2024-01-03 00:00:00,5.0071108e-08,0.99831146,0.0016884878,1.0,0.046432827,0.0016885104,0.99831146
2024-01-04 00:00:00,7.696955e-08,0.9987997,0.0012002654,1.0,0.046019934,0.0012003001,0.9987997
2024-01-05 00:00:00,1.6797005e-09,0.9983887,0.0016112726,1.0,0.046367563,0.0016112734,0.9983887
2024-01-08 00:00:00,4.794091e-10,0.9984726,0.0015274578,1.0,0.046296686,0.0015274581,0.9984726
2024-01-09 00:00:00,1.3137117e-06,0.99964124,0.00035747068,1.0,0.045306306,0.00035806256,0.99964124
2024-01-10 00:00:00,0.0001647836,0.9997543,8.088149e-05,1.0,0.044953056,0.00015512144,0.9997543
2024-01-11 00:00:00,0.0029716098,0.99702483,3.540726e-06,1.0,0.042838424,0.0013423399,0.99702483
2024-01-12 00:00:00,0.0037908633,0.9962013,7.834577e-06,1.0,0.042243928,0.001715732,0.9962013
2024-01-15 00:00:00,0.009371684,0.99062663,1.6860546e-06,1.0,0.038164247,0.00422391,0.99062663
2024-01-16 00:00:00,0.97140753,5.5884084e-26,0.02859249,0.0,-0.640027,0.46624064,0.97140753
2024-01-17 00:00:00,0.998568,4.333325e-08,0.0014319661,0.0,-0.6828253,0.45131674,0.998568
2024-01-18 00:00:00,0.99981415,0.0,0.00018586962,0.0,-0.6847889,0.45063207,0.99981415
2024-01-19 00:00:00,0.99968714,3.2e-44,0.00031286466,0.0,-0.6845888,0.45070183,0.99968714
2024-01-22 00:00:00,0.9999382,0.0,6.178949e-05,0.0,-0.6849844,0.45056388,0.9999382
2024-01-23 00:00:00,0.99999976,0.0,2.4720111e-07,0.0,-0.68508136,0.45053008,0.99999976
2024-01-24 00:00:00,1.0,0.0,1.278384e-11,0.0,-0.6850818,0.45052993,1.0
2024-01-25 00:00:00,1.0,0.0,2.8571956e-11,0.0,-0.6850818,0.45052993,1.0
2024-01-26 00:00:00,0.99999994,0.0,6.667052e-08,0.0,-0.68508166,0.45052996,0.99999994
2024-01-29 00:00:00,1.0,0.0,2.6972005e-09,0.0,-0.6850818,0.45052993,1.0
2024-01-30 00:00:00,0.9994227,4.0987414e-38,0.00057727477,0.0,-0.68417215,0.45084712,0.9994227
2024-01-31 00:00:00,0.99981034,0.0,0.00018968682,0.0,-0.68478286,0.45063415,0.99981034
2024-02-01 00:00:00,0.99946004,7.683869e-15,0.0005399517,0.0,-0.6842309,0.45082662,0.99946004
2024-02-02 00:00:00,0.9999803,0.0,1.9710787e-05,0.0,-0.6850507,0.45054075,0.9999803
2024-02-05 00:00:00,0.99999994,0.0,3.1302093e-08,0.0,-0.6850817,0.45052996,0.99999994
2024-02-06 00:00:00,0.99999607,0.0,3.9304828e-06,0.0,-0.6850756,0.45053208,0.99999607
2024-02-07 00:00:00,0.9999999,0.0,9.18974e-08,0.0,-0.6850816,0.45053,0.9999999
2024-02-08 00:00:00,1.0,0.0,2.6570778e-08,0.0,-0.6850817,0.45052993,1.0
2024-02-09 00:00:00,0.9999962,0.0,3.8076414e-06,0.0,-0.68507576,0.45053202,0.9999962
2024-02-12 00:00:00,0.99999774,0.0,2.244566e-06,0.0,-0.6850782,0.45053115,0.99999774
2024-02-13 00:00:00,0.99999696,0.0,3.0482245e-06,0.0,-0.68507695,0.4505316,0.99999696
2024-02-14 00:00:00,0.99997467,0.0,2.5315789e-05,0.0,-0.6850419,0.45054385,0.99997467
2024-02-15 00:00:00,0.9994329,1.0918888e-31,0.0005670742,0.0,-0.6841882,0.45084152,0.9994329
2024-02-16 00:00:00,0.9996518,1.264e-42,0.00034823385,0.0,-0.68453306,0.45072126,0.9996518
2024-02-19 00:00:00,0.9993954,3.8935792e-30,0.0006046425,0.0,-0.684129,0.45086217,0.9993954
2024-02-20 00:00:00,0.99978334,4.5406392e-05,0.00017126689,0.0,-0.68477875,0.45060357,0.99978334
2024-02-21 00:00:00,0.99965626,2.3154632e-09,0.00034371106,0.0,-0.68454015,0.4507188,0.99965626
2024-02-22 00:00:00,0.52987564,0.4701168,7.535983e-06,0.0,-0.34184384,0.23873238,0.52987564
2024-02-23 00:00:00,0.6075299,0.392338,0.00013213306,0.0,-0.3984328,0.2738425,0.6075299
2024-02-26 00:00:00,0.17909656,0.8209023,1.1368334e-06,1.0,-0.085750096,0.0806895,0.8209023
2024-02-27 00:00:00,0.026646398,0.973353,6.0311356e-07,1.0,0.025551291,0.012005603,0.973353
2024-02-28 00:00:00,0.011677678,0.98831993,2.3888556e-06,1.0,0.036481265,0.0052635325,0.98831993
2024-02-29 00:00:00,0.9766216,9.073972e-13,0.023378348,0.0,-0.6482432,0.46337563,0.9766216
2024-03-01 00:00:00,0.71671265,0.28324986,3.747784e-05,0.0,-0.47822574,0.322938,0.71671265
2024-03-04 00:00:00,0.027712774,0.016279688,0.95600754,2.0,0.83323765,0.968493,0.95600754
2024-03-05 00:00:00,0.0008674771,0.0011471453,0.99798536,2.0,0.8883364,0.9983762,0.99798536
2024-03-06 00:00:00,1.0452021e-06,6.3093776e-06,0.99999267,2.0,0.8906664,0.99999315,0.99999267
2024-03-07 00:00:00,2.7208851e-12,9.83545e-09,1.0,2.0,0.8906734,1.0,1.0
2024-03-08 00:00:00,8.5527957e-10,2.1082199e-06,0.9999979,2.0,0.8906717,0.9999979,0.9999979
2024-03-11 00:00:00,3.484107e-10,8.730744e-07,0.9999991,2.0,0.8906727,0.9999991,0.9999991
2024-03-12 00:00:00,9.932882e-24,5.081251e-28,1.0,2.0,0.89067346,1.0,1.0
2024-03-13 00:00:00,4.2123595e-24,4.499727e-28,1.0,2.0,0.89067346,1.0,1.0
2024-03-14 00:00:00,7.798206e-05,0.006427522,0.9934945,2.0,0.885115,0.9935296,0.9934945
2024-03-15 00:00:00,4.0242714e-05,0.0044682347,0.9954915,2.0,0.8868314,0.9955096,0.9954915
2024-03-18 00:00:00,0.0023274904,0.34808722,0.6495853,2.0,0.5926395,0.6506339,0.6495853
2024-03-19 00:00:00,0.012590727,0.98687106,0.0005382106,1.0,0.036267787,0.00621071,0.98687106
2024-03-20 00:00:00,0.00016986448,0.98284185,0.016988266,1.0,0.05924739,0.017064795,0.98284185
2024-03-21 00:00:00,0.006991034,0.9930037,5.2648293e-06,1.0,0.039905354,0.0031549348,0.9930037
2024-03-22 00:00:00,0.0025357401,0.9974622,2.044845e-06,1.0,0.043155383,0.0011444717,0.9974622
2024-03-25 00:00:00,0.0023975712,0.997601,1.4774453e-06,1.0,0.043255776,0.001081655,0.997601
2024-03-26 00:00:00,0.0026383728,0.99736077,8.87865e-07,1.0,0.043079473,0.0011895538,0.99736077
2024-03-27 00:00:00,0.01256512,0.98741055,2.4364039e-05,1.0,0.03585194,0.0056853266,0.98741055
2024-03-28 00:00:00,0.0031499404,0.99684864,1.4048172e-06,1.0,0.042706423,0.0014205473,0.99684864
2024-03-29 00:00:00,0.9556261,0.037275746,0.007098199,0.0,-0.6466822,0.43763635,0.9556261
2024-04-01 00:00:00,0.99926245,8.583666e-39,0.0007375742,0.0,-0.68391955,0.4509352,0.99926245
2024-04-02 00:00:00,0.99926543,8.337725e-20,0.00073455635,0.0,-0.68392426,0.45093355,0.99926543
2024-04-03 00:00:00,0.99957913,4.2600825e-09,0.0004208567,0.0,-0.6844186,0.45076117,0.99957913
2024-04-04 00:00:00,0.9995665,2.3831125e-37,0.00043352443,0.0,-0.68439865,0.45076814,0.9995665
2024-04-05 00:00:00,0.9994196,5.746579e-31,0.0005803833,0.0,-0.6841672,0.45084885,0.9994196
2024-04-08 00:00:00,0.99949056,2.740704e-12,0.0005094248,0.0,-0.684279,0.45080984,0.99949056
2024-04-09 00:00:00,0.99950546,4.6881028e-12,0.0004945452,0.0,-0.6843025,0.45080167,0.99950546
2024-04-10 00:00:00,0.99999994,0.0,4.0535443e-08,0.0,-0.6850817,0.45052996,0.99999994
2024-04-11 00:00:00,0.9999793,0.0,2.0660971e-05,0.0,-0.68504924,0.4505413,0.9999793
2024-04-12 00:00:00,1.0,0.0,1.0663983e-10,0.0,-0.6850818,0.45052993,1.0
2024-04-15 00:00:00,1.0,0.0,6.392231e-11,0.0,-0.6850818,0.45052993,1.0
2024-04-16 00:00:00,1.0,0.0,1.9699956e-10,0.0,-0.6850818,0.45052993,1.0
2024-04-17 00:00:00,1.0,0.0,3.7791425e-13,0.0,-0.6850818,0.45052993,1.0
2024-04-18 00:00:00,1.0,0.0,2.214321e-09,0.0,-0.6850818,0.45052993,1.0
2024-04-19 00:00:00,0.99998003,0.0,1.9965693e-05,0.0,-0.6850503,0.4505409,0.99998003
2024-04-22 00:00:00,0.99999976,0.0,2.2106504e-07,0.0,-0.6850814,0.45053005,0.99999976
2024-04-23 00:00:00,0.9998569,0.0,0.00014312599,0.0,-0.68485624,0.45060858,0.9998569
2024-04-24 00:00:00,0.99964106,9.569305e-39,0.00035893876,0.0,-0.6845162,0.45072716,0.99964106
2024-04-25 00:00:00,0.9993756,3.5731789e-12,0.0006244104,0.0,-0.6840978,0.45087302,0.9993756
2024-04-26 00:00:00,0.99939495,2.4051568e-29,0.000605022,0.0,-0.6841284,0.45086238,0.99939495
2024-04-29 00:00:00,0.8188717,0.18108831,4.001617e-05,0.0,-0.5528085,0.36896622,0.8188717
2024-04-30 00:00:00,0.99899995,2.2503141e-30,0.0010000449,0.0,-0.68350595,0.45107943,0.99899995
2024-05-01 00:00:00,0.9997322,6e-45,0.00026781473,0.0,-0.6846598,0.4506771,0.9997322
2024-05-02 00:00:00,0.99951303,9.502484e-34,0.00048694503,0.0,-0.6843145,0.4507975,0.99951303
2024-05-03 00:00:00,0.9993614,9.154645e-15,0.0006386166,0.0,-0.6840755,0.45088083,0.9993614
2024-05-06 00:00:00,0.99932814,6.4342565e-26,0.0006718562,0.0,-0.6840231,0.4508991,0.99932814
2024-05-07 00:00:00,0.9994868,6.6464186e-34,0.0005131951,0.0,-0.6842731,0.45081192,0.9994868
2024-05-08 00:00:00,0.81495976,0.18503971,5.432309e-07,0.0,-0.5499859,0.3671643,0.81495976
2024-05-09 00:00:00,0.23988995,0.7601029,7.148695e-06,1.0,-0.13012946,0.108084746,0.7601029
2024-05-10 00:00:00,0.0003520707,0.9667221,0.032925855,1.0,0.07259228,0.033084475,0.9667221
2024-05-13 00:00:00,2.0059783e-08,0.015806435,0.98419356,2.0,0.8773064,0.98419356,0.98419356
2024-05-14 00:00:00,4.207851e-13,1.0044201e-05,0.9999899,2.0,0.89066494,0.9999899,0.9999899
2024-05-15 00:00:00,1.1823051e-16,1.7713625e-06,0.9999982,2.0,0.89067197,0.9999982,0.9999982
2024-05-16 00:00:00,6.988281e-18,2.7601385e-07,0.9999997,2.0,0.8906732,0.9999997,0.9999997
2024-05-17 00:00:00,1.9990087e-16,2.8044326e-07,0.9999997,2.0,0.8906732,0.9999997,0.9999997
2024-05-20 00:00:00,4.8910295e-15,3.807558e-06,0.9999962,2.0,0.89067024,0.9999962,0.9999962
2024-05-21 00:00:00,2.4142064e-08,0.00045931755,0.9995407,2.0,0.89028496,0.9995407,0.9995407
2024-05-22 00:00:00,7.4521544e-05,0.3006883,0.69923717,2.0,0.6362734,0.6992707,0.69923717
2024-05-23 00:00:00,0.0026008866,0.99300534,0.0043937606,1.0,0.046821754,0.005565538,0.99300534
2024-05-24 00:00:00,2.382339e-06,0.52947783,0.47051978,1.0,0.44290698,0.47052085,0.52947783
2024-05-27 00:00:00,9.503077e-07,0.073832996,0.92616606,2.0,0.8282337,0.9261665,0.92616606
2024-05-28 00:00:00,6.8335555e-14,2.8045277e-09,1.0,2.0,0.89067346,1.0,1.0
2024-05-29 00:00:00,0.013977289,0.9021931,0.083829574,1.0,0.10569236,0.09012676,0.9021931
2024-05-30 00:00:00,0.0012530956,0.9936421,0.0051048077,1.0,0.04840707,0.0056693647,0.9936421
2024-05-31 00:00:00,0.0033303963,0.9962807,0.00038885948,1.0,0.04290233,0.0018893027,0.9962807
2024-06-03 00:00:00,1.4772512e-05,0.94367546,0.056309763,1.0,0.09261357,0.056316417,0.94367546
2024-06-04 00:00:00,2.8020037e-05,0.97629017,0.02368179,1.0,0.06501145,0.023694415,0.97629017
2024-06-05 00:00:00,4.2299536e-05,0.9933658,0.006591902,1.0,0.050548643,0.0066109593,0.9933658
2024-06-06 00:00:00,0.00030951126,0.99839056,0.0012999354,1.0,0.045878306,0.0014393794,0.99839056
2024-06-07 00:00:00,0.0133782765,0.9866199,1.8535172e-06,1.0,0.035239227,0.0060291677,0.9866199
2024-06-10 00:00:00,0.034499977,0.96545106,4.8935166e-05,1.0,0.019858371,0.015592207,0.96545106
2024-06-11 00:00:00,0.981526,7.01031e-12,0.01847401,0.0,-0.6559712,0.46068084,0.981526
2024-06-12 00:00:00,0.99842167,7.436233e-15,0.0015783601,0.0,-0.68259466,0.45139718,0.99842167
2024-06-13 00:00:00,0.9997052,0.0,0.00029483158,0.0,-0.68461716,0.45069194,0.9997052
2024-06-14 00:00:00,0.99996924,0.0,3.0773692e-05,0.0,-0.68503326,0.45054683,0.99996924
2024-06-17 00:00:00,0.9995459,2.6810575e-37,0.0004541297,0.0,-0.68436617,0.45077947,0.9995459
2024-06-18 00:00:00,0.9994575,1.8381019e-34,0.00054252456,0.0,-0.6842269,0.45082805,0.9994575
2024-06-19 00:00:00,0.9993783,3.221057e-15,0.000621684,0.0,-0.6841021,0.45087153,0.9993783
2024-06-20 00:00:00,0.9993203,1.8923254e-28,0.0006796544,0.0,-0.6840108,0.4509034,0.9993203
2024-06-21 00:00:00,0.999934,0.0,6.599886e-05,0.0,-0.68497777,0.4505662,0.999934
2024-06-24 00:00:00,0.9996858,1.51e-43,0.0003142041,0.0,-0.68458664,0.45070258,0.9996858
2024-06-25 00:00:00,0.99982363,0.0,0.00017636518,0.0,-0.68480384,0.45062685,0.99982363
2024-06-26 00:00:00,0.9995687,2.2083423e-38,0.0004313073,0.0,-0.6844021,0.45076692,0.9995687
2024-06-27 00:00:00,0.999594,7.31409e-40,0.00040602183,0.0,-0.684442,0.45075303,0.999594
2024-06-28 00:00:00,0.9997576,0.0,0.00024242437,0.0,-0.6846998,0.45066315,0.9997576
2024-07-01 00:00:00,0.9999884,0.0,1.16065485e-05,0.0,-0.6850635,0.4505363,0.9999884
2024-07-02 00:00:00,0.99978733,0.0,0.00021268999,0.0,-0.6847466,0.4506468,0.99978733
2024-07-03 00:00:00,0.9993562,3.6516682e-17,0.0006437688,0.0,-0.68406737,0.45088366,0.9993562
2024-07-04 00:00:00,0.9993451,1.8169753e-16,0.00065485993,0.0,-0.68404984,0.45088977,0.9993451
2024-07-05 00:00:00,0.7716656,0.22833234,2.093539e-06,0.0,-0.51837605,0.34766054,0.7716656
2024-07-08 00:00:00,0.14185773,0.85813063,1.16196825e-05,1.0,-0.058553655,0.06392277,0.85813063
2024-07-09 00:00:00,0.008639252,0.99134666,1.4074272e-05,1.0,0.03870946,0.003906316,0.99134666
2024-07-10 00:00:00,0.038276713,0.9617223,9.877721e-07,1.0,0.017060477,0.017245794,0.9617223
2024-07-11 00:00:00,6.874817e-05,0.9539704,0.045960892,1.0,0.083822444,0.045991864,0.9539704
2024-07-12 00:00:00,1.0946978e-12,9.341513e-05,0.9999066,2.0,0.8905944,0.9999066,0.9999066
2024-07-15 00:00:00,1.2143237e-08,0.00023457065,0.9997654,2.0,0.89047503,0.9997654,0.9997654
2024-07-16 00:00:00,2.8213112e-09,0.000113280716,0.9998867,2.0,0.8905776,0.9998867,0.9998867
2024-07-17 00:00:00,1.4127596e-12,1.8423445e-05,0.9999816,2.0,0.89065784,0.9999816,0.9999816
2024-07-18 00:00:00,7.9431367e-13,1.4959182e-05,0.99998504,2.0,0.89066076,0.99998504,0.99998504
2024-07-19 00:00:00,1.9255738e-12,3.2864802e-05,0.99996716,2.0,0.8906456,0.99996716,0.99996716
2024-07-22 00:00:00,1.36887195e-08,0.00026077684,0.9997392,2.0,0.89045286,0.9997392,0.9997392
2024-07-23 00:00:00,2.723789e-06,0.026783517,0.97321373,2.0,0.86801916,0.973215,0.97321373
2024-07-24 00:00:00,7.6657525e-09,0.00023240793,0.9997676,2.0,0.8904769,0.9997676,0.9997676
2024-07-25 00:00:00,2.4993994e-07,0.0005775787,0.9994222,2.0,0.8901846,0.9994223,0.9994222
2024-07-26 00:00:00,5.0614693e-07,0.0007445608,0.99925494,2.0,0.89004296,0.9992552,0.99925494
2024-07-29 00:00:00,0.014605648,0.95784277,0.027551575,1.0,0.05764107,0.03413186,0.95784277
2024-07-30 00:00:00,0.009257826,0.9907084,3.3783144e-05,1.0,0.038274515,0.004204711,0.9907084
2024-07-31 00:00:00,0.04549534,0.954503,1.6835581e-06,1.0,0.011790843,0.020498695,0.954503
2024-08-01 00:00:00,0.0074247452,0.99257344,1.8283646e-06,1.0,0.039585803,0.0033468984,0.99257344
2024-08-02 00:00:00,0.0018352015,0.99813414,3.0663068e-05,1.0,0.04369104,0.00085747626,0.99813414
2024-08-05 00:00:00,2.2080349e-05,0.99901134,0.0009665715,1.0,0.04580624,0.00097651937,0.99901134
2024-08-06 00:00:00,4.7217116e-05,0.9995681,0.00038465753,1.0,0.045295782,0.00040593024,0.9995681
2024-08-07 00:00:00,0.00025584854,0.9995908,0.00015334216,1.0,0.044947848,0.00026860958,0.9995908
2024-08-08 00:00:00,0.005333571,0.9946619,4.503516e-06,1.0,0.041114803,0.002407437,0.9946619
2024-08-09 00:00:00,0.009425547,0.9905734,1.0255229e-06,1.0,0.038124364,0.004247517,0.9905734
2024-08-12 00:00:00,0.0061809174,0.99381495,4.1491094e-06,1.0,0.040495865,0.0027888373,0.99381495
2024-08-13 00:00:00,0.0002601393,0.9995613,0.0001785212,1.0,0.04496601,0.00029572172,0.9995613
2024-08-14 00:00:00,0.0012268507,0.99872637,4.6760844e-05,1.0,0.0441488,0.0005994938,0.99872637
2024-08-15 00:00:00,0.0011702924,0.9987796,5.013636e-05,1.0,0.044192947,0.0005773881,0.9987796
2024-08-16 00:00:00,8.1159084e-07,0.9911586,0.008840579,1.0,0.05248057,0.008840945,0.9911586
2024-08-19 00:00:00,3.7419894e-11,0.92700934,0.07299064,1.0,0.10673085,0.07299064,0.92700934
2024-08-20 00:00:00,3.2453316e-22,0.0091874255,0.9908126,2.0,0.88290393,0.9908126,0.9908126
2024-08-21 00:00:00,6.965162e-30,1.6861011e-05,0.99998313,2.0,0.89065915,0.99998313,0.99998313
2024-08-22 00:00:00,3.1908618e-20,0.004014448,0.99598557,2.0,0.88727856,0.99598557,0.99598557
2024-08-23 00:00:00,8.782533e-30,0.002829657,0.9971703,2.0,0.8882805,0.9971703,0.9971703
2024-08-26 00:00:00,9.500371e-32,0.0011711539,0.9988288,2.0,0.889683,0.9988288,0.9988288
2024-08-27 00:00:00,3.3274413e-34,0.0006889146,0.9993111,2.0,0.8900908,0.9993111,0.9993111
2024-08-28 00:00:00,7.571424e-23,0.015864545,0.98413545,2.0,0.8772573,0.98413545,0.98413545
2024-08-29 00:00:00,1.166855e-21,0.03079199,0.969208,2.0,0.8646336,0.969208,0.969208
2024-08-30 00:00:00,1.6641337e-05,0.8783761,0.12160724,1.0,0.14783221,0.12161473,0.8783761
2024-09-02 00:00:00,6.637121e-05,0.9989962,0.0009374537,1.0,0.04574928,0.0009673559,0.9989962
2024-09-03 00:00:00,3.0345247e-05,0.9997355,0.00023419806,1.0,0.04518086,0.0002478695,0.9997355
2024-09-04 00:00:00,8.384417e-07,0.999458,0.0005411606,1.0,0.045461994,0.00054153835,0.999458
2024-09-05 00:00:00,6.6534916e-10,0.9975749,0.0024250678,1.0,0.047055766,0.002425068,0.9975749
2024-09-06 00:00:00,1.8733948e-07,0.9992987,0.00070112984,1.0,0.04559775,0.00070121425,0.9992987
2024-09-09 00:00:00,0.0005639972,0.99937725,5.8741687e-05,1.0,0.044642873,0.0003128393,0.99937725
2024-09-10 00:00:00,0.009165985,0.9908302,3.834336e-06,1.0,0.038316242,0.004133385,0.9908302
2024-09-11 00:00:00,0.0050580283,0.9949406,1.4094484e-06,1.0,0.041313354,0.0022802027,0.9949406
2024-09-12 00:00:00,0.00026358425,0.99968547,5.0970935e-05,1.0,0.04485563,0.00016972353,0.99968547
2024-09-13 00:00:00,0.007121604,0.9928724,5.9610084e-06,1.0,0.039810617,0.0032144566,0.9928724
2024-09-16 00:00:00,0.008329839,0.9916648,5.3512294e-06,1.0,0.038927983,0.0037581932,0.9916648
2024-09-17 00:00:00,0.0032580514,0.9967409,1.0534568e-06,1.0,0.042627193,0.0014689032,0.9967409
2024-09-18 00:00:00,0.27062163,0.72678024,0.0025981385,1.0,-0.15037513,0.12452128,0.72678024
2024-09-19 00:00:00,0.039216798,0.96077704,6.153181e-06,1.0,0.016378501,0.017674495,0.96077704
2024-09-20 00:00:00,0.011238044,0.9887375,2.441768e-05,1.0,0.036820866,0.005087493,0.9887375
2024-09-23 00:00:00,0.9795953,0.0052665,0.015138181,0.0,-0.6573827,0.4564752,0.9795953
2024-09-24 00:00:00,0.6024584,0.39753437,7.2237017e-06,0.0,-0.3948358,0.27143276,0.6024584
2024-09-25 00:00:00,0.10580034,0.89419806,1.613922e-06,1.0,-0.032237094,0.04766783,0.89419806
2024-09-26 00:00:00,0.0008453388,0.99911535,3.9284452e-05,1.0,0.044421013,0.00042013486,0.99911535
2024-09-27 00:00:00,4.5610977e-05,0.99985,0.00010439111,1.0,0.04505994,0.00012494023,0.99985
2024-09-30 00:00:00,0.0022886826,0.99769855,1.2782519e-05,1.0,0.043344837,0.0010439025,0.99769855
2024-10-01 00:00:00,0.006587695,0.9934101,2.1759543e-06,1.0,0.040197216,0.0029701297,0.9934101
2024-10-02 00:00:00,0.12751655,0.8718797,0.0006037219,1.0,-0.047582634,0.058053747,0.8718797
2024-10-03 00:00:00,0.9879207,2.592925e-11,0.012079283,0.0,-0.66604775,0.45716715,0.9879207
2024-10-04 00:00:00,0.99856,1.4728786e-28,0.001440009,0.0,-0.6828127,0.45132118,0.99856
2024-10-07 00:00:00,0.9994967,2.001739e-08,0.00050325244,0.0,-0.68428874,0.45080644,0.9994967
2024-10-08 00:00:00,0.99951124,0.00027407784,0.0002146518,0.0,-0.68454343,0.4505244,0.99951124
2024-10-09 00:00:00,0.9994131,6.7747676e-11,0.0005869354,0.0,-0.6841569,0.45085242,0.9994131
2024-10-10 00:00:00,0.9999094,0.0,9.0582645e-05,0.0,-0.684939,0.4505797,0.9999094
2024-10-11 00:00:00,0.99984056,0.0,0.00015943544,0.0,-0.68483055,0.45061752,0.99984056
2024-10-14 00:00:00,1.0,0.0,3.0778189e-09,0.0,-0.6850818,0.45052993,1.0
2024-10-15 00:00:00,1.0,0.0,1.5291347e-10,0.0,-0.6850818,0.45052993,1.0
2024-10-16 00:00:00,1.0,0.0,8.80014e-12,0.0,-0.6850818,0.45052993,1.0
2024-10-17 00:00:00,1.0,0.0,4.429593e-21,0.0,-0.6850818,0.45052993,1.0
2024-10-18 00:00:00,1.0,0.0,8.811672e-16,0.0,-0.6850818,0.45052993,1.0
2024-10-21 00:00:00,1.0,0.0,1.0107618e-15,0.0,-0.6850818,0.45052993,1.0
2024-10-22 00:00:00,1.0,0.0,1.0550731e-32,0.0,-0.6850818,0.45052993,1.0
2024-10-23 00:00:00,1.0,0.0,3.217993e-27,0.0,-0.6850818,0.45052993,1.0
2024-10-24 00:00:00,1.0,0.0,5.328405e-28,0.0,-0.6850818,0.45052993,1.0
2024-10-25 00:00:00,1.0,0.0,4.5178867e-30,0.0,-0.6850818,0.45052993,1.0
2024-10-28 00:00:00,1.0,0.0,1.0040197e-21,0.0,-0.6850818,0.45052993,1.0
2024-10-29 00:00:00,1.0,0.0,1.1093461e-13,0.0,-0.6850818,0.45052993,1.0
2024-10-30 00:00:00,0.99999976,0.0,2.5102068e-07,0.0,-0.68508136,0.45053008,0.99999976
2024-10-31 00:00:00,0.9999255,0.0,7.447915e-05,0.0,-0.6849644,0.45057085,0.9999255
2024-11-01 00:00:00,0.9998314,0.0,0.00016859474,0.0,-0.6848161,0.45062256,0.9998314
2024-11-04 00:00:00,0.99807876,1.581793e-26,0.0019212187,0.0,-0.6820544,0.4515856,0.99807876
2024-11-05 00:00:00,0.9717732,0.02792498,0.0003018071,0.0,-0.66421854,0.43811473,0.9717732
2024-11-06 00:00:00,1.0,0.0,1.893852e-08,0.0,-0.6850817,0.45052993,1.0
2024-11-07 00:00:00,0.9998789,0.0,0.000121092475,0.0,-0.684891,0.45059648,0.9998789
2024-11-08 00:00:00,1.0,0.0,2.6706122e-08,0.0,-0.6850817,0.45052993,1.0
2024-11-11 00:00:00,1.0,0.0,4.1763645e-10,0.0,-0.6850818,0.45052993,1.0
2024-11-12 00:00:00,1.0,0.0,1.4891354e-11,0.0,-0.6850818,0.45052993,1.0
2024-11-13 00:00:00,1.0,0.0,1.6115756e-13,0.0,-0.6850818,0.45052993,1.0
2024-11-14 00:00:00,1.0,0.0,4.7898263e-14,0.0,-0.6850818,0.45052993,1.0
2024-11-15 00:00:00,1.0,0.0,1.6771587e-16,0.0,-0.6850818,0.45052993,1.0
2024-11-18 00:00:00,0.99999994,0.0,3.3610416e-08,0.0,-0.6850817,0.45052996,0.99999994
2024-11-19 00:00:00,0.9999978,0.0,2.1892413e-06,0.0,-0.6850783,0.45053113,0.9999978
2024-11-20 00:00:00,1.0,0.0,6.326808e-09,0.0,-0.6850818,0.45052993,1.0
2024-11-21 00:00:00,1.0,0.0,4.4358393e-19,0.0,-0.6850818,0.45052993,1.0
2024-11-22 00:00:00,1.0,0.0,9.554741e-21,0.0,-0.6850818,0.45052993,1.0
2024-11-25 00:00:00,1.0,0.0,6.714591e-21,0.0,-0.6850818,0.45052993,1.0
2024-11-26 00:00:00,1.0,0.0,1.3390875e-15,0.0,-0.6850818,0.45052993,1.0
2024-11-27 00:00:00,1.0,0.0,1.0249295e-12,0.0,-0.6850818,0.45052993,1.0
2024-11-28 00:00:00,1.0,0.0,2.618609e-15,0.0,-0.6850818,0.45052993,1.0
2024-11-29 00:00:00,1.0,0.0,5.0961496e-10,0.0,-0.6850818,0.45052993,1.0
2024-12-02 00:00:00,1.0,0.0,3.2096773e-20,0.0,-0.6850818,0.45052993,1.0
2024-12-03 00:00:00,1.0,0.0,7.553659e-27,0.0,-0.6850818,0.45052993,1.0
2024-12-04 00:00:00,0.99999964,0.0,3.7203085e-07,0.0,-0.6850812,0.45053014,0.99999964
2024-12-05 00:00:00,0.9999987,0.0,1.3176933e-06,0.0,-0.6850797,0.45053065,0.9999987
2024-12-06 00:00:00,0.9995764,0.0,0.0004236051,0.0,-0.68441427,0.4507627,0.9995764
2024-12-09 00:00:00,0.9964463,5.1712116e-29,0.0035536883,0.0,-0.67948204,0.45248258,0.9964463
2024-12-10 00:00:00,0.99328595,8.747459e-18,0.006714039,0.0,-0.6745021,0.4542191,0.99328595
2024-12-11 00:00:00,0.993738,2.5017311e-08,0.0062619764,0.0,-0.6752144,0.4539707,0.993738
2024-12-12 00:00:00,0.99496466,2.9843088e-07,0.0050350227,0.0,-0.67714757,0.4532964,0.99496466
2024-12-13 00:00:00,0.9958211,0.0017650088,0.0024138656,0.0,-0.6799895,0.4510611,0.9958211
2024-12-16 00:00:00,0.9954997,8.587516e-15,0.004500322,0.0,-0.6779904,0.45300272,0.9954997
2024-12-17 00:00:00,0.9976188,9.9008414e-33,0.0023812286,0.0,-0.68132955,0.45183834,0.9976188
2024-12-18 00:00:00,0.9999996,0.0,4.366901e-07,0.0,-0.68508106,0.45053017,0.9999996
2024-12-19 00:00:00,0.9982625,1.6154715e-31,0.001737499,0.0,-0.6823439,0.45148462,0.9982625
2024-12-20 00:00:00,0.50456417,0.495222,0.00021385337,0.0,-0.32318977,0.2275351,0.50456417
2024-12-23 00:00:00,0.9861047,0.0008737983,0.013021504,0.0,-0.6639251,0.4572912,0.9861047
2024-12-24 00:00:00,0.99255174,1.7809044e-22,0.007448252,0.0,-0.67334515,0.45462254,0.99255174
2024-12-25 00:00:00,0.999989,0.0,1.1039638e-05,0.0,-0.6850644,0.45053598,0.999989
2024-12-26 00:00:00,0.99986804,0.0,0.00013197429,0.0,-0.6848738,0.45060244,0.99986804
2024-12-27 00:00:00,0.9999619,0.0,3.8110567e-05,0.0,-0.6850217,0.45055088,0.9999619
2024-12-30 00:00:00,0.9981353,7.263491e-29,0.0018647006,0.0,-0.68214345,0.45155454,0.9981353
2024-12-31 00:00:00,0.9999801,0.0,1.9915762e-05,0.0,-0.68505037,0.45054087,0.9999801
2025-01-01 00:00:00,0.9999914,0.0,8.600055e-06,0.0,-0.6850682,0.45053467,0.9999914
2025-01-02 00:00:00,1.0,0.0,1.0197321e-21,0.0,-0.6850818,0.45052993,1.0
2025-01-03 00:00:00,1.0,0.0,1.1248975e-13,0.0,-0.6850818,0.45052993,1.0
2025-01-06 00:00:00,0.99999464,0.0,5.363885e-06,0.0,-0.6850733,0.45053288,0.99999464
2025-01-07 00:00:00,0.9999995,0.0,4.897813e-07,0.0,-0.685081,0.4505302,0.9999995
2025-01-08 00:00:00,0.9999997,0.0,2.9172494e-07,0.0,-0.6850813,0.45053008,0.9999997
2025-01-09 00:00:00,0.9999981,0.0,1.9035493e-06,0.0,-0.68507874,0.45053098,0.9999981
2025-01-10 00:00:00,1.0,0.0,3.389673e-12,0.0,-0.6850818,0.45052993,1.0
2025-01-13 00:00:00,1.0,0.0,6.2548486e-12,0.0,-0.6850818,0.45052993,1.0
2025-01-14 00:00:00,0.99999934,0.0,6.5385274e-07,0.0,-0.68508077,0.4505303,0.99999934
2025-01-15 00:00:00,0.9985696,2.6464033e-07,0.0014301495,0.0,-0.682828,0.45131564,0.9985696
2025-01-16 00:00:00,0.99821025,6.5323885e-10,0.0017897558,0.0,-0.6822615,0.45151335,0.99821025
2025-01-17 00:00:00,0.9999865,0.0,1.3451433e-05,0.0,-0.68506056,0.45053732,0.9999865
2025-01-20 00:00:00,0.5051637,0.4947776,5.8672733e-05,0.0,-0.32375878,0.22765006,0.5051637
2025-01-21 00:00:00,0.05766975,0.94231313,1.7122424e-05,1.0,0.0029155219,0.025999073,0.94231313
2025-01-22 00:00:00,0.008942607,0.99104047,1.6939252e-05,1.0,0.03849041,0.004045851,0.99104047
2025-01-23 00:00:00,0.0070833857,0.9928931,2.3507053e-05,1.0,0.039853357,0.0032147844,0.9928931
2025-01-24 00:00:00,0.0009357172,0.9989542,0.00011008987,1.0,0.044414908,0.0005316585,0.9989542
2025-01-27 00:00:00,0.0049975663,0.994933,6.942898e-05,1.0,0.04141502,0.0023209823,0.994933
2025-01-28 00:00:00,0.00042722884,0.9994371,0.00013568872,1.0,0.044807795,0.0003281681,0.9994371
2025-01-29 00:00:00,0.00039575662,0.9994745,0.00012971282,1.0,0.04482572,0.00030801303,0.9994745
2025-01-30 00:00:00,5.944916e-07,0.99955875,0.00044065717,1.0,0.04537718,0.000440925,0.99955875
2025-01-31 00:00:00,0.0016112736,0.9983474,4.1337815e-05,1.0,0.04386355,0.0007672648,0.9983474
2025-02-03 00:00:00,0.970548,2.6498958e-07,0.02945177,0.0,-0.63867277,0.46671268,0.970548
2025-02-04 00:00:00,0.47932526,0.5205707,0.00010400552,1.0,-0.3048561,0.2160544,0.5205707
2025-02-05 00:00:00,0.0019734297,0.99792194,0.00010460807,1.0,0.04365265,0.0009936972,0.99792194
2025-02-06 00:00:00,0.00012580641,0.9997705,0.00010367321,1.0,0.045000788,0.00016035276,0.9997705
2025-02-07 00:00:00,0.00024731777,0.99967533,7.7336204e-05,1.0,0.0448898,0.00018876026,0.99967533
2025-02-10 00:00:00,0.0041570226,0.99582726,1.5715854e-05,1.0,0.041983265,0.001888579,0.99582726
2025-02-11 00:00:00,0.0017177681,0.9982445,3.7694776e-05,1.0,0.043782722,0.0008116007,0.9982445
2025-02-12 00:00:00,5.2660434e-05,0.9998201,0.00012722924,1.0,0.04507411,0.00015095435,0.9998201
2025-02-13 00:00:00,5.834582e-09,0.9993727,0.00062725926,1.0,0.04553541,0.0006272619,0.9993727
2025-02-14 00:00:00,7.6680554e-15,0.9967007,0.0032992703,1.0,0.047795054,0.0032992703,0.9967007
2025-02-17 00:00:00,0.002692967,0.9972962,1.0830662e-05,1.0,0.043048024,0.0012240929,0.9972962
2025-02-18 00:00:00,0.006979094,0.9930165,4.4524822e-06,1.0,0.039913386,0.0031487432,0.9930165
2025-02-19 00:00:00,0.009431581,0.9905668,1.6146062e-06,1.0,0.038120456,0.0042508245,0.9905668
2025-02-20 00:00:00,0.0007044486,0.9992702,2.5339523e-05,1.0,0.044512082,0.00034271472,0.9992702
2025-02-21 00:00:00,0.18644889,0.81285876,0.0006923743,1.0,-0.090533376,0.08469318,0.81285876
2025-02-24 00:00:00,0.037704837,0.962293,2.139672e-06,1.0,0.01747897,0.016989296,0.962293
2025-02-25 00:00:00,0.00056830683,0.99940336,2.8309607e-05,1.0,0.04461399,0.00028434885,0.99940336
2025-02-26 00:00:00,0.0032319354,0.9967579,1.0149572e-05,1.0,0.04265395,0.0014662332,0.9967579
2025-02-27 00:00:00,0.006338558,0.9936572,4.295954e-06,1.0,0.0403809,0.0028600062,0.9936572
2025-02-28 00:00:00,0.0079803765,0.99201524,4.3775426e-06,1.0,0.039182298,0.0035997762,0.99201524
2025-03-03 00:00:00,6.468441e-08,0.9996186,0.00038135436,1.0,0.045327414,0.0003813835,0.9996186
2025-03-04 00:00:00,3.6005782e-16,0.98618877,0.013811209,1.0,0.05668467,0.013811209,0.98618877
2025-03-05 00:00:00,1.840876e-34,0.0011718068,0.9988282,2.0,0.8896825,0.9988282,0.9988282
2025-03-06 00:00:00,1.666989e-37,2.6213443e-06,0.9999974,2.0,0.8906712,0.9999974,0.9999974
2025-03-07 00:00:00,0.0,2.9527006e-11,1.0,2.0,0.89067346,1.0,1.0
2025-03-10 00:00:00,0.0,2.5985553e-12,1.0,2.0,0.89067346,1.0,1.0
2025-03-11 00:00:00,0.0,4.405162e-13,1.0,2.0,0.89067346,1.0,1.0
2025-03-12 00:00:00,0.0,5.29171e-10,1.0,2.0,0.89067346,1.0,1.0
2025-03-13 00:00:00,6.6702305e-37,3.9207265e-05,0.9999608,2.0,0.89064026,0.9999608,0.9999608
2025-03-14 00:00:00,7.174218e-36,8.372206e-05,0.99991626,2.0,0.89060265,0.99991626,0.99991626
2025-03-17 00:00:00,6.26e-43,6.2245e-07,0.9999994,2.0,0.8906729,0.9999994,0.9999994
2025-03-18 00:00:00,0.0,5.6108753e-09,1.0,2.0,0.89067346,1.0,1.0
2025-03-19 00:00:00,0.0,3.473474e-09,1.0,2.0,0.89067346,1.0,1.0
2025-03-20 00:00:00,1.4103979e-30,0.00047699033,0.999523,2.0,0.89027005,0.999523,0.999523
2025-03-21 00:00:00,6.5834835e-31,0.00041299642,0.999587,2.0,0.8903242,0.999587,0.999587
2025-03-24 00:00:00,1.293854e-28,0.0006472806,0.9993527,2.0,0.89012605,0.9993527,0.9993527
2025-03-25 00:00:00,1.8610234e-19,0.04256261,0.9574374,2.0,0.8546796,0.9574374,0.9574374
2025-03-26 00:00:00,1.6995198e-17,0.10257852,0.8974215,2.0,0.803926,0.8974215,0.8974215
2025-03-27 00:00:00,5.50918e-40,0.00023961562,0.9997604,2.0,0.8904708,0.9997604,0.9997604
2025-03-28 00:00:00,0.0,2.710279e-06,0.9999973,2.0,0.89067113,0.9999973,0.9999973
2025-03-31 00:00:00,1.171122e-28,0.022510609,0.9774894,2.0,0.8716369,0.9774894,0.9774894
2025-04-01 00:00:00,3.873585e-09,0.7679353,0.23206474,1.0,0.2412548,0.23206475,0.7679353
2025-04-02 00:00:00,5.842896e-05,0.9993197,0.0006219221,1.0,0.045488246,0.0006482461,0.9993197
2025-04-03 00:00:00,8.5838226e-17,0.99144715,0.008552845,1.0,0.052237835,0.008552845,0.99144715
2025-04-04 00:00:00,3.794969e-06,0.99950105,0.0004951392,1.0,0.045420915,0.00049684895,0.99950105
2025-04-07 00:00:00,0.0005379843,0.99927515,0.00018686338,1.0,0.04477021,0.0004292414,0.99927515
2025-04-08 00:00:00,0.0012052152,0.9986473,0.00014752288,1.0,0.044249807,0.0006905084,0.9986473
2025-04-09 00:00:00,0.0010823011,0.9987356,0.00018206553,1.0,0.044368755,0.0006696746,0.9987356
2025-04-10 00:00:00,7.853628e-38,0.0024393795,0.9975606,2.0,0.88861054,0.9975606,0.9975606
2025-04-11 00:00:00,0.0,4.079824e-10,1.0,2.0,0.89067346,1.0,1.0
2025-04-14 00:00:00,2.383e-41,1.70941e-07,0.9999998,2.0,0.8906733,0.9999998,0.9999998
2025-04-15 00:00:00,4.8799763e-32,4.648071e-06,0.99999535,2.0,0.8906695,0.99999535,0.99999535
2025-04-16 00:00:00,0.0,1.7141209e-12,1.0,2.0,0.89067346,1.0,1.0
2025-04-17 00:00:00,0.0,3.1105493e-14,1.0,2.0,0.89067346,1.0,1.0
2025-04-18 00:00:00,0.0,3.4376507e-18,1.0,2.0,0.89067346,1.0,1.0
2025-04-21 00:00:00,0.0,1.476733e-35,1.0,2.0,0.89067346,1.0,1.0
2025-04-22 00:00:00,0.0,1.5030418e-24,1.0,2.0,0.89067346,1.0,1.0
2025-04-23 00:00:00,0.0,5.8962245e-27,1.0,2.0,0.89067346,1.0,1.0
2025-04-24 00:00:00,0.0,4.4974013e-24,1.0,2.0,0.89067346,1.0,1.0
2025-04-25 00:00:00,0.0,5.596202e-20,1.0,2.0,0.89067346,1.0,1.0
2025-04-28 00:00:00,0.0,6.081555e-26,1.0,2.0,0.89067346,1.0,1.0
2025-04-29 00:00:00,0.0,1.3224004e-26,1.0,2.0,0.89067346,1.0,1.0
2025-04-30 00:00:00,1.11287e-40,3.9753024e-11,1.0,2.0,0.89067346,1.0,1.0
2025-05-01 00:00:00,7.639404e-20,4.0777006e-05,0.99995923,2.0,0.89063895,0.99995923,0.99995923
2025-05-02 00:00:00,2.2432993e-30,6.3132165e-06,0.9999937,2.0,0.8906681,0.9999937,0.9999937
2025-05-05 00:00:00,6.243125e-39,5.679741e-07,0.9999994,2.0,0.890673,0.9999994,0.9999994
2025-05-06 00:00:00,4.738846e-34,1.4667907e-05,0.99998534,2.0,0.89066106,0.99998534,0.99998534
2025-05-07 00:00:00,1.891679e-32,2.2070597e-05,0.99997795,2.0,0.8906548,0.99997795,0.99997795
2025-05-08 00:00:00,0.07148274,0.0004214313,0.9280958,2.0,0.7776778,0.9603009,0.9280958
2025-05-09 00:00:00,0.46164927,1.5070943e-29,0.5383507,2.0,0.16322717,0.74633753,0.5383507
2025-05-12 00:00:00,0.9999996,0.0,4.288636e-07,0.0,-0.68508106,0.45053017,0.9999996
2025-05-13 00:00:00,0.9991797,7.708045e-32,0.00082025066,0.0,-0.68378925,0.45098063,0.9991797
2025-05-14 00:00:00,0.99999994,0.0,8.8026994e-08,0.0,-0.6850816,0.45053,0.99999994
2025-05-15 00:00:00,0.99999684,0.0,3.1738311e-06,0.0,-0.6850768,0.45053166,0.99999684
2025-05-16 00:00:00,1.0,0.0,1.0156401e-08,0.0,-0.6850818,0.45052993,1.0
2025-05-19 00:00:00,1.0,0.0,2.4014592e-12,0.0,-0.6850818,0.45052993,1.0
2025-05-20 00:00:00,0.9992013,2.4954513e-10,0.0007986787,0.0,-0.6838232,0.45096877,0.9992013
2025-05-21 00:00:00,0.56745267,0.43251973,2.7626138e-05,0.0,-0.36926132,0.25568202,0.56745267
2025-05-22 00:00:00,0.9967446,2.5115046e-19,0.0032554334,0.0,-0.679952,0.4523187,0.9967446
2025-05-23 00:00:00,0.67821664,0.32171857,6.4798325e-05,0.0,-0.4500972,0.30562168,0.67821664
2025-05-26 00:00:00,0.7920711,0.20747033,0.00045858967,0.0,-0.5328878,0.35731032,0.7920711
2025-05-27 00:00:00,0.9984825,8.133165e-08,0.0015173891,0.0,-0.6826907,0.45136365,0.9984825
2025-05-28 00:00:00,0.9990294,3.7096433e-22,0.00097057753,0.0,-0.6835524,0.45106325,0.9990294
2025-05-29 00:00:00,0.0990872,0.8945385,0.006374277,1.0,-0.021946765,0.05101603,0.8945385
2025-05-30 00:00:00,0.019916242,0.97771645,0.0023673058,1.0,0.032466333,0.011340169,0.97771645
2025-06-02 00:00:00,8.957431e-07,0.99650097,0.0034981566,1.0,0.04796259,0.00349856,0.99650097
2025-06-03 00:00:00,0.02927015,0.9558411,0.014888751,1.0,0.03622616,0.028075831,0.9558411
2025-06-04 00:00:00,1.7554663e-05,0.9940336,0.0059488686,1.0,0.05002292,0.0059567774,0.9940336
2025-06-05 00:00:00,2.6718126e-12,0.9844761,0.015523893,1.0,0.05813303,0.015523893,0.9844761
2025-06-06 00:00:00,4.2374202e-07,0.9949885,0.005011067,1.0,0.049242355,0.0050112577,0.9949885
2025-06-09 00:00:00,1.23129364e-20,0.5001868,0.4998132,1.0,0.46768123,0.4998132,0.5001868
2025-06-10 00:00:00,4.2140716e-14,0.8565393,0.14346069,1.0,0.16632515,0.14346069,0.8565393
2025-06-11 00:00:00,1.1989999e-20,0.27005965,0.72994035,2.0,0.66229254,0.72994035,0.72994035
2025-06-12 00:00:00,7.5667335e-32,4.728997e-06,0.9999953,2.0,0.89066947,0.9999953,0.9999953
2025-06-13 00:00:00,8.5758165e-28,3.2779587e-06,0.9999967,2.0,0.89067066,0.9999967,0.9999967
2025-06-16 00:00:00,1.3062789e-20,0.003647773,0.99635226,2.0,0.8875886,0.99635226,0.99635226
2025-06-17 00:00:00,4.5132285e-09,0.5075641,0.49243587,1.0,0.46144244,0.49243587,0.5075641
2025-06-18 00:00:00,1.0578598e-06,0.97973543,0.020263527,1.0,0.062140416,0.020264003,0.97973543
2025-06-19 00:00:00,4.368535e-12,0.9909511,0.0090489015,1.0,0.052657332,0.0090489015,0.9909511
2025-06-20 00:00:00,1.8649682e-07,0.99915934,0.00084049697,1.0,0.045715608,0.000840581,0.99915934
2025-06-23 00:00:00,1.0422675e-10,0.9972397,0.00276032,1.0,0.04733928,0.00276032,0.9972397
2025-06-24 00:00:00,3.1839767e-16,0.9818425,0.018157482,1.0,0.060360175,0.018157482,0.9818425
2025-06-25 00:00:00,7.032199e-39,0.0070771747,0.99292284,2.0,0.8846885,0.99292284,0.99292284
2025-06-26 00:00:00,2.5920215e-21,0.11758473,0.8824153,2.0,0.79123574,0.8824153,0.8824153
2025-06-27 00:00:00,6.017271e-29,0.04640725,0.9535928,2.0,0.8514283,0.9535928,0.9535928
2025-06-30 00:00:00,1.2988149e-23,0.09129141,0.9087086,2.0,0.81347114,0.9087086,0.9087086
2025-07-01 00:00:00,2.990351e-39,0.0034886382,0.99651134,2.0,0.8877232,0.99651134,0.99651134
2025-07-02 00:00:00,6.1540946e-33,0.0029039164,0.99709606,2.0,0.8882177,0.99709606,0.99709606
2025-07-03 00:00:00,3.2480486e-23,0.025035676,0.9749643,2.0,0.86950153,0.9749643,0.9749643
2025-07-04 00:00:00,2.0707896e-36,0.0002588289,0.9997412,2.0,0.89045453,0.9997412,0.9997412
2025-07-07 00:00:00,4.561378e-23,0.0155722145,0.9844278,2.0,0.8775045,0.9844278,0.9844278
2025-07-08 00:00:00,1.723864e-19,0.056701634,0.94329834,2.0,0.84272265,0.94329834,0.94329834
2025-07-09 00:00:00,4.5759566e-13,0.17281555,0.82718444,2.0,0.7445288,0.82718444,0.82718444
2025-07-10 00:00:00,0.0011267543,0.99517006,0.0037032075,1.0,0.04731402,0.004210844,0.99517006
2025-07-11 00:00:00,8.665778e-06,0.9985181,0.0014732211,1.0,0.04624449,0.0014771252,0.9985181
2025-07-14 00:00:00,0.00014814248,0.9997462,0.0001056258,1.0,0.04498613,0.00017236843,0.9997462
2025-07-15 00:00:00,4.3032458e-05,0.99970806,0.00024892396,1.0,0.045184053,0.00026831139,0.99970806
2025-07-16 00:00:00,6.117605e-07,0.9986089,0.0013905115,1.0,0.046180427,0.0013907871,0.9986089
2025-07-17 00:00:00,0.00040186013,0.9995449,5.3237956e-05,1.0,0.04475659,0.00023428797,0.9995449
2025-07-18 00:00:00,0.0003490253,0.999596,5.5004188e-05,1.0,0.04479666,0.00021225054,0.999596
2025-07-21 00:00:00,0.0008414106,0.99912477,3.3853128e-05,1.0,0.04441929,0.0004129338,0.99912477
2025-07-22 00:00:00,6.223767e-05,0.9998093,0.00012846578,1.0,0.045068163,0.0001565057,0.9998093
2025-07-23 00:00:00,0.0018979651,0.998081,2.1019932e-05,1.0,0.04363706,0.00087611005,0.998081
2025-07-24 00:00:00,0.009510297,0.99048483,4.8943384e-06,1.0,0.03806576,0.004289568,0.99048483
2025-07-25 00:00:00,0.027718721,0.9722802,1.0901891e-06,1.0,0.024768814,0.012489203,0.9722802
2025-07-28 00:00:00,0.99991137,0.0,8.8635e-05,0.0,-0.6849421,0.45057863,0.99991137
2025-07-29 00:00:00,1.0,0.0,2.4877383e-10,0.0,-0.6850818,0.45052993,1.0
2025-07-30 00:00:00,1.0,0.0,1.8611267e-20,0.0,-0.6850818,0.45052993,1.0
2025-07-31 00:00:00,1.0,0.0,1.5263599e-18,0.0,-0.6850818,0.45052993,1.0
2025-08-01 00:00:00,0.9999985,0.0,1.5166084e-06,0.0,-0.6850794,0.45053077,0.9999985
2025-08-04 00:00:00,0.99994683,0.0,5.3175834e-05,0.0,-0.684998,0.45055914,0.99994683
2025-08-05 00:00:00,0.9999104,0.0,8.959315e-05,0.0,-0.6849406,0.45057917,0.9999104
2025-08-06 00:00:00,0.99886185,8.019171e-17,0.0011381452,0.0,-0.68328834,0.4511553,0.99886185
2025-08-07 00:00:00,0.9990844,0.00032290866,0.0005926561,0.0,-0.68391216,0.4507101,0.9990844
2025-08-08 00:00:00,0.99895424,5.45318e-09,0.0010457813,0.0,-0.6834339,0.45110455,0.99895424
2025-08-11 00:00:00,0.99890244,3.788535e-09,0.0010975859,0.0,-0.68335223,0.451133,0.99890244
2025-08-12 00:00:00,0.23215061,0.7656186,0.0022307748,1.0,-0.122598626,0.106821574,0.7656186
2025-08-13 00:00:00,0.0039425124,0.9952775,0.0007799747,1.0,0.04278619,0.0025561946,0.9952775
2025-08-14 00:00:00,0.017193059,0.98201007,0.00079685566,1.0,0.033126414,0.008542843,0.98201007
2025-08-15 00:00:00,0.00095285435,0.9979362,0.0011109369,1.0,0.04524878,0.0015402263,0.9979362
2025-08-18 00:00:00,0.9544124,0.010286986,0.035300586,0.0,-0.6219463,0.46529195,0.9544124
2025-08-19 00:00:00,0.9948967,3.3214153e-25,0.0051032966,0.0,-0.6770402,0.45333403,0.9948967
2025-08-20 00:00:00,0.999252,1.1077939e-37,0.00074799795,0.0,-0.6839031,0.45094094,0.999252
2025-08-21 00:00:00,0.99979204,0.0,0.0002079694,0.0,-0.6847541,0.4506442,0.99979204
2025-08-22 00:00:00,0.99886394,1.8691502e-05,0.0011173976,0.0,-0.68330735,0.4511355,0.99886394
2025-08-25 00:00:00,0.8970969,0.10251893,0.00038422088,0.0,-0.6096286,0.4045532,0.8970969
2025-08-26 00:00:00,0.029294308,0.96923107,0.0014746243,1.0,0.02486462,0.014672588,0.96923107
2025-08-27 00:00:00,3.5871935e-12,0.9974092,0.002590759,1.0,0.047195885,0.002590759,0.9974092
2025-08-28 00:00:00,1.7107902e-15,0.9944636,0.005536348,1.0,0.04968688,0.005536348,0.9944636
2025-08-29 00:00:00,0.00031892105,0.9996244,5.6693072e-05,1.0,0.044820067,0.00020037655,0.9996244
2025-09-01 00:00:00,1.6343596e-05,0.9998719,0.00011174597,1.0,0.04508753,0.00011910925,0.9998719
2025-09-02 00:00:00,0.0044275033,0.99555445,1.8056788e-05,1.0,0.041787773,0.0020127795,0.99555445
2025-09-03 00:00:00,0.007945337,0.9920516,3.072727e-06,1.0,0.039206777,0.003582685,0.9920516
2025-09-04 00:00:00,0.031223264,0.96872187,5.4852484e-05,1.0,0.02225566,0.014121868,0.96872187
2025-09-05 00:00:00,0.0026762527,0.99729866,2.510505e-05,1.0,0.0430723,0.0012308371,0.99729866
2025-09-08 00:00:00,1.6934883e-06,0.99981296,0.00018533398,1.0,0.045160457,0.00018609695,0.99981296
2025-09-09 00:00:00,0.0083971685,0.9915953,7.501021e-06,1.0,0.038880646,0.0037906768,0.9915953
2025-09-10 00:00:00,0.010775636,0.9892131,1.1253718e-05,1.0,0.037147332,0.0048660003,0.9892131
2025-09-11 00:00:00,0.0012264589,0.9987448,2.8752414e-05,1.0,0.044133857,0.00058130885,0.9987448
2025-09-12 00:00:00,0.0086066015,0.99138844,4.9346995e-06,1.0,0.03872557,0.0038824663,0.99138844
2025-09-15 00:00:00,0.0004820997,0.99947244,4.5474317e-05,1.0,0.044691443,0.00026267467,0.99947244
2025-09-16 00:00:00,8.6373687e-13,0.99732816,0.0026718434,1.0,0.047264457,0.0026718434,0.99732816
2025-09-17 00:00:00,3.132739e-08,0.9995716,0.00042834936,1.0,0.04536718,0.00042836348,0.9995716
2025-09-18 00:00:00,2.0374506e-08,0.9995753,0.00042463353,1.0,0.04536405,0.00042464273,0.9995753
2025-09-19 00:00:00,0.0064616106,0.9935332,5.197948e-06,1.0,0.040291823,0.0029163468,0.9935332
2025-09-22 00:00:00,8.301736e-09,0.99920005,0.00079995784,1.0,0.045681454,0.0007999616,0.99920005
2025-09-23 00:00:00,2.7488568e-08,0.9993262,0.00067372725,1.0,0.04557469,0.0006737396,0.9993262
2025-09-24 00:00:00,0.0005100965,0.99946296,2.694804e-05,1.0,0.044655338,0.00025676176,0.99946296
2025-09-25 00:00:00,0.012693314,0.98728424,2.2431463e-05,1.0,0.03575671,0.0057411497,0.98728424
2025-09-26 00:00:00,0.008232091,0.9917633,4.6366617e-06,1.0,0.038998745,0.00371344,0.9917633
2025-09-29 00:00:00,0.008151728,0.99184376,4.506303e-06,1.0,0.039057307,0.0036771034,0.99184376
2025-09-30 00:00:00,0.00035727824,0.99960774,3.5009347e-05,1.0,0.044773724,0.00019597389,0.99960774
2025-10-01 00:00:00,0.0022413565,0.9977437,1.4890643e-05,1.0,0.04338117,0.0010246888,0.9977437
2025-10-02 00:00:00,0.0029351497,0.9970515,1.3390261e-05,1.0,0.04287337,0.001335763,0.9970515
2025-10-03 00:00:00,0.010210557,0.9897865,2.9600405e-06,1.0,0.037552875,0.0046031214,0.9897865
2025-10-06 00:00:00,0.9869367,3.1460673e-05,0.013031842,0.0,-0.6645238,0.45767635,0.9869367
2025-10-07 00:00:00,0.99955857,4.1853873e-05,0.0003995777,0.0,-0.6844216,0.45073062,0.99955857
2025-10-08 00:00:00,0.9995138,2.5068295e-11,0.0004862027,0.0,-0.6843156,0.45079708,0.9995138
2025-10-09 00:00:00,0.99992764,0.0,7.234038e-05,0.0,-0.68496776,0.4505697,0.99992764
2025-10-10 00:00:00,0.99937665,8.2161827e-29,0.000623353,0.0,-0.6840995,0.45087245,0.99937665
2025-10-13 00:00:00,0.99998987,0.0,1.01287615e-05,0.0,-0.6850658,0.4505355,0.99998987
2025-10-14 00:00:00,1.0,0.0,1.1763581e-09,0.0,-0.6850818,0.45052993,1.0
2025-10-15 00:00:00,0.99995905,0.0,4.095755e-05,0.0,-0.6850172,0.45055243,0.99995905
2025-10-16 00:00:00,0.99935156,1.6648486e-15,0.0006484391,0.0,-0.68406,0.45088622,0.99935156
2025-10-17 00:00:00,0.999285,4.5920813e-17,0.00071504404,0.0,-0.683955,0.45092282,0.999285
2025-10-20 00:00:00,0.9998224,0.0,0.00017763342,0.0,-0.6848019,0.45062754,0.9998224
2025-10-21 00:00:00,0.9999984,0.0,1.5882827e-06,0.0,-0.6850793,0.4505308,0.9999984
2025-10-22 00:00:00,0.9995959,6.41586e-40,0.00040413425,0.0,-0.68444496,0.450752,0.9995959
2025-10-23 00:00:00,0.99619734,0.0037195487,8.309406e-05,0.0,-0.68223524,0.44889984,0.99619734
2025-10-24 00:00:00,0.99958,1.8694607e-11,0.00041997695,0.0,-0.68442,0.4507607,0.99958
2025-10-27 00:00:00,0.9995051,2.4642772e-13,0.0004948934,0.0,-0.6843019,0.45080185,0.9995051
2025-10-28 00:00:00,0.99954045,1.8770766e-12,0.00045957798,0.0,-0.6843576,0.45078245,0.99954045
2025-10-29 00:00:00,0.9994979,3.6673077e-38,0.00050212315,0.0,-0.6842905,0.45080584,0.9994979
2025-10-30 00:00:00,0.99979144,0.0,0.00020857718,0.0,-0.6847531,0.45064455,0.99979144
2025-10-31 00:00:00,0.9999976,0.0,2.363467e-06,0.0,-0.685078,0.45053124,0.9999976
2025-11-03 00:00:00,0.99999,0.0,9.987754e-06,0.0,-0.68506604,0.45053542,0.99999
2025-11-04 00:00:00,0.9999371,0.0,6.2857034e-05,0.0,-0.6849827,0.45056447,0.9999371
2025-11-05 00:00:00,0.9995939,4.4312e-41,0.0004060615,0.0,-0.6844419,0.45075306,0.9995939
2025-11-06 00:00:00,0.33676156,0.6632361,2.3517055e-06,1.0,-0.2008582,0.15172352,0.6632361
2025-11-07 00:00:00,0.9891761,0.00984815,0.0009757482,0.0,-0.6763542,0.4466292,0.9891761
2025-11-10 00:00:00,0.48258844,0.5174108,7.298045e-07,1.0,-0.30732584,0.21742128,0.5174108
2025-11-11 00:00:00,0.033988502,0.966011,5.2332007e-07,1.0,0.02019085,0.015313361,0.966011
2025-11-12 00:00:00,0.9932234,0.00212854,0.0046480037,0.0,-0.6762036,0.4521249,0.9932234
2025-11-13 00:00:00,0.9995289,1.2363416e-10,0.0004710858,0.0,-0.68433946,0.45078877,0.9995289
2025-11-14 00:00:00,0.80594283,0.19404474,1.2453202e-05,0.0,-0.54339266,0.36311382,0.80594283
2025-11-17 00:00:00,0.99970955,4.8633952e-05,0.00024179525,0.0,-0.68466526,0.4506409,0.99970955
2025-11-18 00:00:00,0.46389523,0.5361036,1.1616221e-06,1.0,-0.2936778,0.20899984,0.5361036
2025-11-19 00:00:00,0.9984367,2.5853406e-09,0.0015632884,0.0,-0.6826184,0.4513889,0.9984367
2025-11-20 00:00:00,0.9993529,3.1578447e-18,0.0006471029,0.0,-0.68406206,0.4508855,0.9993529
2025-11-21 00:00:00,0.99942183,1.7939256e-38,0.0005781811,0.0,-0.6841707,0.45084763,0.99942183
2025-11-24 00:00:00,0.99974483,0.0,0.0002551476,0.0,-0.68467975,0.45067012,0.99974483
2025-11-25 00:00:00,0.9993387,4.1216283e-22,0.00066133623,0.0,-0.68403965,0.4508933,0.9993387
2025-11-26 00:00:00,0.9449074,0.055092424,1.6020145e-07,0.0,-0.64485925,0.42570925,0.9449074
2025-11-27 00:00:00,0.8756059,0.12439372,4.0196247e-07,0.0,-0.59426296,0.39448705,0.8756059
2025-11-28 00:00:00,0.56832534,0.43166232,1.2367482e-05,0.0,-0.36991134,0.25605994,0.56832534
2025-12-01 00:00:00,0.17985553,0.8189777,0.001166787,1.0,-0.08531845,0.082197085,0.8189777
2025-12-02 00:00:00,2.9756604e-05,0.00014164818,0.9998286,2.0,0.89050674,0.999842,0.9998286
2025-12-03 00:00:00,1.3624936e-10,1.23717845e-08,1.0,2.0,0.8906734,1.0,1.0
2025-12-04 00:00:00,0.024628717,0.25895888,0.7164124,2.0,0.6328712,0.72750837,0.7164124
2025-12-05 00:00:00,0.067683406,0.90638816,0.025928413,1.0,0.017517049,0.056421813,0.90638816
2025-12-08 00:00:00,0.078905076,0.9135233,0.007571604,1.0,-0.0061995215,0.043120705,0.9135233
2025-12-09 00:00:00,0.07600753,0.92398787,4.6011205e-06,1.0,-0.010483237,0.03424827,0.92398787
2025-12-10 00:00:00,0.011847893,0.9278954,0.06025666,1.0,0.08731213,0.06559449,0.9278954
2025-12-11 00:00:00,0.0056938166,0.842463,0.15184315,1.0,0.16925694,0.15440838,0.842463
2025-12-12 00:00:00,0.0023270382,0.2966932,0.70097977,2.0,0.6361025,0.70202816,0.70097977
2025-12-15 00:00:00,1.6719208e-10,2.8208214e-10,1.0,2.0,0.89067346,1.0,1.0
2025-12-16 00:00:00,5.435055e-12,7.043338e-13,1.0,2.0,0.89067346,1.0,1.0
2025-12-17 00:00:00,1.5639518e-19,5.4102386e-28,1.0,2.0,0.89067346,1.0,1.0
2025-12-18 00:00:00,9.273537e-17,9.098893e-22,1.0,2.0,0.89067346,1.0,1.0
2025-12-19 00:00:00,5.2319794e-18,2.4450138e-24,1.0,2.0,0.89067346,1.0,1.0
2025-12-22 00:00:00,2.8749973e-24,4.586909e-25,1.0,2.0,0.89067346,1.0,1.0
2025-12-23 00:00:00,2.2621125e-22,4.0107456e-25,1.0,2.0,0.89067346,1.0,1.0
2025-12-24 00:00:00,1.7694199e-15,6.3329193e-20,1.0,2.0,0.89067346,1.0,1.0
2025-12-25 00:00:00,1.5195904e-15,5.363218e-20,1.0,2.0,0.89067346,1.0,1.0
2025-12-26 00:00:00,8.1650425e-14,1.7965369e-16,1.0,2.0,0.89067346,1.0,1.0
2025-12-29 00:00:00,3.0224647e-12,1.3073931e-14,1.0,2.0,0.89067346,1.0,1.0
2025-12-30 00:00:00,1.4773723e-05,3.9762697e-05,0.99994546,2.0,0.89061654,0.99995214,0.99994546
2025-12-31 00:00:00,0.02035144,0.064015865,0.91563267,2.0,0.80446833,0.92480165,0.91563267
2026-01-01 00:00:00,1.7654846e-05,7.554348e-08,0.9999823,2.0,0.89064556,0.9999902,0.9999823
2026-01-02 00:00:00,0.042689253,0.23627265,0.7210381,2.0,0.6235973,0.7402709,0.7210381
2026-01-05 00:00:00,0.07400775,0.83118427,0.09480799,1.0,0.071149014,0.1281507,0.83118427
2026-01-06 00:00:00,0.02706948,0.9727476,0.00018291704,1.0,0.025396582,0.012378528,0.9727476
2026-01-07 00:00:00,0.010838756,0.9891565,4.7534522e-06,1.0,0.03709575,0.0048879376,0.9891565
2026-01-08 00:00:00,0.9556077,8.278775e-34,0.04439231,0.0,-0.61513036,0.47492218,0.9556077
2026-01-09 00:00:00,0.9970014,0.0,0.0029986002,0.0,-0.6803567,0.45217758,0.9970014
2026-01-12 00:00:00,0.99880457,1.2177477e-32,0.0011954319,0.0,-0.68319803,0.45118678,0.99880457
2026-01-13 00:00:00,0.9994764,0.0,0.0005236396,0.0,-0.6842566,0.45081764,0.9994764
2026-01-14 00:00:00,0.9992564,1.93788e-40,0.000743647,0.0,-0.68390995,0.45093855,0.9992564
2026-01-15 00:00:00,0.99969196,0.0,0.0003080533,0.0,-0.68459636,0.4506992,0.99969196
2026-01-16 00:00:00,0.99961853,0.0,0.00038147744,0.0,-0.68448067,0.45073953,0.99961853
2026-01-19 00:00:00,0.9998707,0.0,0.0001293075,0.0,-0.684878,0.45060098,0.9998707
2026-01-20 00:00:00,0.9994754,5.796883e-14,0.0005245765,0.0,-0.6842552,0.45081818,0.9994754
2026-01-21 00:00:00,0.9995533,4.1e-43,0.00044668766,0.0,-0.6843779,0.45077538,0.9995533
2026-01-22 00:00:00,0.783632,0.21633956,2.848136e-05,0.0,-0.52709025,0.35307813,0.783632
2026-01-23 00:00:00,0.14462517,0.8553663,8.527151e-06,1.0,-0.060576744,0.065166496,0.8553663
2026-01-26 00:00:00,0.00096486753,0.9989765,5.8577138e-05,1.0,0.04435006,0.00049327884,0.9989765
2026-01-27 00:00:00,5.790636e-18,0.9263496,0.07365045,1.0,0.10728882,0.07365045,0.9263496
2026-01-28 00:00:00,3.2016731e-13,0.98110604,0.018893931,1.0,0.060982965,0.018893931,0.98110604
2026-01-29 00:00:00,1.5928555e-11,0.99407387,0.005926144,1.0,0.050016515,0.005926144,0.99407387
2026-01-30 00:00:00,7.1905088e-06,0.9994187,0.0005741583,1.0,0.04548526,0.00057739776,0.9994187
2026-02-02 00:00:00,0.00041943265,0.99938023,0.0002003392,1.0,0.04486816,0.00038930617,0.99938023
2026-02-03 00:00:00,9.000403e-06,0.99955523,0.00043576586,1.0,0.045366906,0.0004398208,0.99955523
2026-02-04 00:00:00,1.2922223e-05,0.99959666,0.000390407,1.0,0.045325685,0.00039622886,0.99959666
2026-02-05 00:00:00,2.5080813e-05,0.99965686,0.00031806252,1.0,0.045255627,0.00032936217,0.99965686
2026-02-06 00:00:00,1.8365174e-08,0.99894917,0.0010508227,1.0,0.0458936,0.0010508309,0.99894917
2026-02-09 00:00:00,2.854375e-12,0.99443525,0.005564749,1.0,0.049710896,0.005564749,0.99443525
2026-02-10 00:00:00,3.701492e-13,0.991761,0.008238953,1.0,0.051972385,0.008238953,0.991761
2026-02-11 00:00:00,8.582276e-12,0.99455076,0.00544923,1.0,0.049613204,0.00544923,0.99455076
2026-02-12 00:00:00,1.2301369e-14,0.99023336,0.009766623,1.0,0.05326429,0.009766623,0.99023336
2026-02-13 00:00:00,9.5405e-16,0.98682445,0.013175577,1.0,0.056147132,0.013175577,0.98682445
2026-02-16 00:00:00,7.05015e-11,0.9972612,0.0027387962,1.0,0.047321077,0.0027387964,0.9972612
2026-02-17 00:00:00,1.1471002e-05,0.99969995,0.00028855004,1.0,0.045240607,0.0002937181,0.99969995
2026-02-18 00:00:00,2.5604399e-05,0.9997694,0.00020502023,1.0,0.04515965,0.00021655578,0.9997694
2026-02-19 00:00:00,0.0054833093,0.9945039,1.2752893e-05,1.0,0.041012455,0.002483148,0.9945039
2026-02-20 00:00:00,0.9752646,0.008219825,0.01651558,0.0,-0.6530561,0.45590147,0.9752646
2026-02-23 00:00:00,0.997885,3.2848967e-16,0.0021150238,0.0,-0.681749,0.45169207,0.997885
2026-02-24 00:00:00,1.0,0.0,8.264586e-11,0.0,-0.6850818,0.45052993,1.0
2026-02-25 00:00:00,0.99997973,0.0,2.026376e-05,0.0,-0.68504983,0.45054108,0.99997973
2026-02-26 00:00:00,0.9999762,0.0,2.3773377e-05,0.0,-0.6850443,0.450543,0.9999762
2026-02-27 00:00:00,0.9510879,0.048879977,3.2158663e-05,0.0,-0.64934444,0.42852572,0.9510879
2026-03-02 00:00:00,0.99930257,7.143528e-30,0.0006974356,0.0,-0.6839828,0.45091316,0.99930257
2026-03-03 00:00:00,0.9999998,0.0,1.7188715e-07,0.0,-0.6850815,0.45053002,0.9999998
2026-03-04 00:00:00,0.9999821,0.0,1.790081e-05,0.0,-0.6850536,0.45053977,0.9999821
2026-03-05 00:00:00,0.99998707,0.0,1.2941522e-05,0.0,-0.6850614,0.45053706,0.99998707
2026-03-06 00:00:00,0.9999997,0.0,2.6838703e-07,0.0,-0.68508136,0.45053008,0.9999997
2026-03-09 00:00:00,1.0,0.0,2.4521043e-17,0.0,-0.6850818,0.45052993,1.0
2026-03-10 00:00:00,1.0,0.0,2.1908925e-16,0.0,-0.6850818,0.45052993,1.0
2026-03-11 00:00:00,1.0,0.0,2.5761463e-22,0.0,-0.6850818,0.45052993,1.0
2026-03-12 00:00:00,1.0,0.0,5.069716e-24,0.0,-0.6850818,0.45052993,1.0
2026-03-13 00:00:00,1.0,0.0,2.15325e-37,0.0,-0.6850818,0.45052993,1.0
2026-03-16 00:00:00,1.0,0.0,4.9860945e-20,0.0,-0.6850818,0.45052993,1.0
2026-03-17 00:00:00,1.0,0.0,1.2898999e-14,0.0,-0.6850818,0.45052993,1.0
2026-03-18 00:00:00,1.0,0.0,6.568376e-16,0.0,-0.6850818,0.45052993,1.0
2026-03-19 00:00:00,0.9999935,0.0,6.491341e-06,0.0,-0.6850715,0.4505335,0.9999935
2026-03-20 00:00:00,0.9999995,0.0,4.899281e-07,0.0,-0.685081,0.4505302,0.9999995
2026-03-23 00:00:00,0.9999872,0.0,1.27947105e-05,0.0,-0.68506163,0.45053697,0.9999872
2026-03-24 00:00:00,0.99991274,0.0,8.728016e-05,0.0,-0.6849442,0.45057788,0.99991274
2026-03-25 00:00:00,1.0,0.0,2.304198e-09,0.0,-0.6850818,0.45052993,1.0
2026-03-26 00:00:00,1.0,0.0,2.7933658e-10,0.0,-0.6850818,0.45052993,1.0
2026-03-27 00:00:00,1.0,0.0,5.146369e-13,0.0,-0.6850818,0.45052993,1.0
2026-03-30 00:00:00,1.0,0.0,2.7307937e-08,0.0,-0.6850817,0.45052993,1.0
2026-03-31 00:00:00,0.9986851,0.00041894952,0.00089590094,0.0,-0.68336415,0.45083344,0.9986851
2026-04-01 00:00:00,0.9989327,1.1763031e-05,0.0010555341,0.0,-0.6834099,0.4511046,0.9989327
2026-04-02 00:00:00,0.9985375,1.3270089e-10,0.0014625461,0.0,-0.68277717,0.45133355,0.9985375
2026-04-03 00:00:00,0.998653,3.0689483e-20,0.0013469852,0.0,-0.68295926,0.45127007,0.998653
2026-04-06 00:00:00,0.998641,9.7127045e-14,0.0013589729,0.0,-0.68294036,0.45127666,0.998641
2026-04-07 00:00:00,0.14548412,0.8522522,0.0022636908,1.0,-0.059296727,0.067808636,0.8522522
2026-04-08 00:00:00,5.5588684e-05,0.9993051,0.0006393003,1.0,0.045505013,0.0006643447,0.9993051
2026-04-09 00:00:00,2.542244e-08,0.9987597,0.0012402604,1.0,0.046053793,0.0012402718,0.9987597
2026-04-10 00:00:00,2.0732967e-20,0.9726745,0.027325535,1.0,0.068113305,0.027325535,0.9726745
2026-04-13 00:00:00,2.3691755e-16,0.98906463,0.010935393,1.0,0.05425268,0.010935393,0.98906463
2026-04-14 00:00:00,1.7571665e-15,0.9934022,0.006597816,1.0,0.05058453,0.006597816,0.9934022
2026-04-15 00:00:00,2.6018472e-26,0.92670023,0.07329977,1.0,0.106992275,0.07329977,0.92670023
2026-04-16 00:00:00,5.2204237e-11,0.9904187,0.009581326,1.0,0.053107586,0.009581326,0.9904187
2026-04-17 00:00:00,6.885734e-10,0.99786466,0.002135321,1.0,0.046810735,0.0021353213,0.99786466
