date,rgm_prob_s0,rgm_prob_s1,rgm_prob_s2,rgm_label,rgm_trend_score,rgm_vol_score,rgm_conf
2004-12-31 00:00:00,,,,,,,
2005-01-03 00:00:00,,,,,,,
2005-01-04 00:00:00,,,,,,,
2005-01-05 00:00:00,,,,,,,
2005-01-06 00:00:00,,,,,,,
2005-01-07 00:00:00,,,,,,,
2005-01-10 00:00:00,,,,,,,
2005-01-11 00:00:00,,,,,,,
2005-01-12 00:00:00,,,,,,,
2005-01-13 00:00:00,,,,,,,
2005-01-14 00:00:00,,,,,,,
2005-01-17 00:00:00,,,,,,,
2005-01-18 00:00:00,,,,,,,
2005-01-19 00:00:00,,,,,,,
2005-01-20 00:00:00,,,,,,,
2005-01-21 00:00:00,,,,,,,
2005-01-24 00:00:00,,,,,,,
2005-01-25 00:00:00,,,,,,,
2005-01-26 00:00:00,,,,,,,
2005-01-27 00:00:00,,,,,,,
2005-01-28 00:00:00,0.99999577,4.2534584e-06,0.0,0.0,-0.87877005,0.99999577,0.99999577
2005-01-31 00:00:00,0.9920519,0.007948127,3.7528543e-34,0.0,-0.8721872,0.9920519,0.9920519
2005-02-01 00:00:00,0.24939334,0.75060666,4.2782743e-12,1.0,-0.25676876,0.24939334,0.75060666
2005-02-02 00:00:00,0.2619365,0.7380635,2.092149e-12,1.0,-0.2671629,0.2619365,0.7380635
2005-02-03 00:00:00,0.1489913,0.8510087,1.7700209e-09,1.0,-0.17356865,0.1489913,0.8510087
2005-02-04 00:00:00,0.07907506,0.9209245,4.505501e-07,1.0,-0.11563086,0.0790752,0.9209245
2005-02-07 00:00:00,0.82852054,0.17147945,7.212166e-25,0.0,-0.7366738,0.82852054,0.82852054
2005-02-08 00:00:00,0.9756104,0.024389626,1.1735923e-25,0.0,-0.85856265,0.9756104,0.9756104
2005-02-09 00:00:00,0.99951637,0.0004836296,3e-44,0.0,-0.8783728,0.99951637,0.99951637
2005-02-10 00:00:00,0.9747602,0.025239814,2.97736e-24,0.0,-0.8578581,0.9747602,0.9747602
2005-02-11 00:00:00,0.8844426,0.115557395,2.2652789e-13,0.0,-0.7830147,0.8844426,0.8844426
2005-02-14 00:00:00,0.04246097,0.6840356,0.27350342,1.0,0.12494074,0.12987262,0.6840356
2005-02-15 00:00:00,0.0022267983,0.28778335,0.70998985,2.0,0.49379092,0.22913942,0.70998985
2005-02-16 00:00:00,0.00858392,0.116404384,0.8750117,2.0,0.61536855,0.2882375,0.8750117
2005-02-17 00:00:00,0.04958962,1.9497248e-23,0.95041037,2.0,0.6393443,0.3533406,0.95041037
2005-02-18 00:00:00,0.012130346,0.039434157,0.9484355,2.0,0.6688676,0.31525016,0.9484355
2005-02-21 00:00:00,0.0057066116,0.30971923,0.6845741,2.0,0.4713713,0.22449638,0.6845741
2005-02-22 00:00:00,1.0905535e-07,0.0,0.9999999,2.0,0.71855503,0.3195999,0.9999999
2005-02-23 00:00:00,0.035241295,9.178727e-33,0.9647587,2.0,0.6622633,0.343578,0.9647587
2005-02-24 00:00:00,0.020888612,2.1929e-41,0.9791114,2.0,0.68518925,0.33381245,0.9791114
2005-02-25 00:00:00,0.0005734667,0.0,0.99942654,2.0,0.7176392,0.31999,0.99942654
2005-02-28 00:00:00,0.007819018,0.0,0.992181,2.0,0.70606565,0.32491988,0.992181
2005-03-01 00:00:00,0.034096546,7.855557e-33,0.96590346,2.0,0.6640918,0.34279913,0.96590346
2005-03-02 00:00:00,0.055957075,4.8654768e-21,0.9440429,2.0,0.62917334,0.35767302,0.9440429
2005-03-03 00:00:00,0.03121681,4.4691905e-34,0.9687832,2.0,0.6686917,0.34083974,0.9687832
2005-03-04 00:00:00,1.7411574e-11,0.0,1.0,2.0,0.7185552,0.3195998,1.0
2005-03-07 00:00:00,1.2896155e-19,0.0,1.0,2.0,0.7185552,0.3195998,1.0
2005-03-08 00:00:00,2.4041322e-29,0.0,1.0,2.0,0.7185552,0.3195998,1.0
2005-03-09 00:00:00,2.188135e-28,0.0,1.0,2.0,0.7185552,0.3195998,1.0
2005-03-10 00:00:00,3.0180374e-28,0.0,1.0,2.0,0.7185552,0.3195998,1.0
2005-03-11 00:00:00,6.394929e-31,0.0,1.0,2.0,0.7185552,0.3195998,1.0
2005-03-14 00:00:00,3.7953953e-13,0.0,1.0,2.0,0.7185552,0.3195998,1.0
2005-03-15 00:00:00,3.4977322e-07,0.0,0.99999964,2.0,0.7185546,0.31960005,0.99999964
2005-03-16 00:00:00,9.363011e-12,0.0,1.0,2.0,0.7185552,0.3195998,1.0
2005-03-17 00:00:00,2.2359764e-07,0.0,0.99999976,2.0,0.71855485,0.31959996,0.99999976
2005-03-18 00:00:00,6.4875305e-05,0.0,0.99993515,2.0,0.71845156,0.31964394,0.99993515
2005-03-21 00:00:00,0.09996109,1.5118692e-20,0.9000389,2.0,0.5588845,0.38761336,0.9000389
2005-03-22 00:00:00,0.01092564,0.98907435,2.1108546e-08,1.0,-0.05915784,0.010925647,0.98907435
2005-03-23 00:00:00,0.021102345,0.97889763,2.51319e-10,1.0,-0.06759098,0.021102345,0.97889763
2005-03-24 00:00:00,0.07111656,0.92888343,3.8031403e-13,1.0,-0.10903624,0.07111656,0.92888343
2005-03-25 00:00:00,0.1724351,0.8275649,1.2482781e-16,1.0,-0.19299582,0.1724351,0.8275649
2005-03-28 00:00:00,0.70418525,0.29581475,7.882405e-21,0.0,-0.63364094,0.70418525,0.70418525
2005-03-29 00:00:00,0.056515772,0.94348425,5.9790463e-12,1.0,-0.09693701,0.056515772,0.94348425
2005-03-30 00:00:00,0.031656682,0.9683433,2.1876315e-10,1.0,-0.07633704,0.031656682,0.9683433
2005-03-31 00:00:00,0.01090368,0.9890876,8.744066e-06,1.0,-0.059132937,0.010906475,0.9890876
2005-04-01 00:00:00,0.4681747,0.5318253,4.1432175e-20,1.0,-0.43806618,0.4681747,0.5318253
2005-04-04 00:00:00,0.94686866,0.053131368,3.814602e-25,0.0,-0.8347452,0.94686866,0.94686866
2005-04-05 00:00:00,0.9993975,0.0006024816,0.0,0.0,-0.8782743,0.9993975,0.9993975
2005-04-06 00:00:00,0.9993796,0.0006203988,0.0,0.0,-0.8782595,0.9993796,0.9993796
2005-04-07 00:00:00,0.99999684,3.1666575e-06,0.0,0.0,-0.87877095,0.99999684,0.99999684
2005-04-08 00:00:00,0.99994326,5.6771984e-05,0.0,0.0,-0.87872654,0.99994326,0.99994326
2005-04-11 00:00:00,0.7789078,0.22109224,4.347458e-28,0.0,-0.6955612,0.7789078,0.7789078
2005-04-12 00:00:00,0.9324248,0.06757522,5.014391e-31,0.0,-0.8227761,0.9324248,0.9324248
2005-04-13 00:00:00,0.9924215,0.0075785113,0.0,0.0,-0.8724935,0.9924215,0.9924215
2005-04-14 00:00:00,0.9999806,1.9397314e-05,0.0,0.0,-0.8787575,0.9999806,0.9999806
2005-04-15 00:00:00,0.9120777,0.08792228,1.2670739e-30,0.0,-0.80591506,0.9120777,0.9120777
2005-04-18 00:00:00,0.0037060874,0.9962765,1.7437154e-05,1.0,-0.05316183,0.0037116604,0.9962765
2005-04-19 00:00:00,0.00051319157,0.8792006,0.120286226,1.0,0.041929748,0.038956646,0.8792006
2005-04-20 00:00:00,0.05020739,9.988705e-21,0.9497926,2.0,0.63835746,0.35376093,0.9497926
2005-04-21 00:00:00,0.051125832,1.5447084e-19,0.9488742,2.0,0.6368904,0.35438585,0.9488742
2005-04-22 00:00:00,0.05147963,6.750659e-19,0.94852036,2.0,0.6363253,0.35462657,0.94852036
2005-04-25 00:00:00,0.052063633,4.5710216e-17,0.94793636,2.0,0.6353925,0.35502392,0.94793636
2005-04-26 00:00:00,0.016177623,0.021989865,0.9618325,2.0,0.6758115,0.32357913,0.9618325
2005-04-27 00:00:00,0.00034715014,0.88975585,0.109896995,1.0,0.034081563,0.03547021,0.88975585
2005-04-28 00:00:00,0.00058774545,0.96599287,0.03341938,1.0,-0.02490304,0.011268573,0.96599287
2005-04-29 00:00:00,0.00038997177,0.9231489,0.07646115,1.0,0.008345308,0.024826942,0.9231489
2005-05-02 00:00:00,0.00029730322,0.8982949,0.10140779,1.0,0.027597561,0.032707214,0.8982949
2005-05-03 00:00:00,0.0071053905,0.2898902,0.7030044,2.0,0.48437876,0.23178548,0.7030044
2005-05-04 00:00:00,0.03980175,1.7235685e-08,0.9601982,2.0,0.6549787,0.34668094,0.9601982
2005-05-05 00:00:00,0.051378842,3.740191e-22,0.94862115,2.0,0.6364863,0.354558,0.94862115
2005-05-06 00:00:00,0.0018140788,0.9976107,0.000575206,1.0,-0.051165245,0.0019979146,0.9976107
2005-05-09 00:00:00,0.002386653,0.9975298,8.356204e-05,1.0,-0.05201763,0.0024133597,0.9975298
2005-05-10 00:00:00,0.00035360825,0.89010316,0.10954325,1.0,0.033804305,0.03536361,0.89010316
2005-05-11 00:00:00,0.001532105,0.9969427,0.0015251864,1.0,-0.05020137,0.0020195544,0.9969427
2005-05-12 00:00:00,0.0026500043,0.9972877,6.230502e-05,1.0,-0.0522522,0.002669917,0.9972877
2005-05-13 00:00:00,0.06905147,0.93094856,1.7098673e-18,1.0,-0.10732496,0.06905147,0.93094856
2005-05-16 00:00:00,0.6139371,0.3860629,2.6805176e-33,0.0,-0.55885506,0.6139371,0.6139371
2005-05-17 00:00:00,0.977306,0.022694001,0.0,0.0,-0.85996777,0.977306,0.977306
2005-05-18 00:00:00,0.84822774,0.15177223,4.2164e-41,0.0,-0.75300455,0.84822774,0.84822774
2005-05-19 00:00:00,0.774605,0.22539502,3.855061e-37,0.0,-0.6919956,0.774605,0.774605
2005-05-20 00:00:00,0.988997,0.011003037,0.0,0.0,-0.86965567,0.988997,0.988997
2005-05-23 00:00:00,0.87742615,0.12257384,2.3909e-39,0.0,-0.7772004,0.87742615,0.87742615
2005-05-24 00:00:00,0.88499814,0.115001835,1.115853e-39,0.0,-0.78347504,0.88499814,0.88499814
2005-05-25 00:00:00,0.2965642,0.70343584,5.2098074e-24,1.0,-0.2958578,0.2965642,0.70343584
2005-05-26 00:00:00,0.6865053,0.3134947,1.6021253e-34,0.0,-0.61899006,0.6865053,0.6865053
2005-05-27 00:00:00,0.09798607,0.9020139,1.6305073e-18,1.0,-0.13130218,0.09798607,0.9020139
2005-05-30 00:00:00,0.7631388,0.23686126,3.7075328e-29,0.0,-0.68249387,0.7631388,0.7631388
2005-05-31 00:00:00,1.0,8.53962e-09,0.0,0.0,-0.87877357,1.0,1.0
2005-06-01 00:00:00,1.0,4.94987e-20,0.0,0.0,-0.87877357,1.0,1.0
2005-06-02 00:00:00,1.0,4.2023803e-18,0.0,0.0,-0.87877357,1.0,1.0
2005-06-03 00:00:00,1.0,7.2738794e-11,0.0,0.0,-0.87877357,1.0,1.0
2005-06-06 00:00:00,1.0,8.7842046e-11,0.0,0.0,-0.87877357,1.0,1.0
2005-06-07 00:00:00,1.0,6.813785e-11,0.0,0.0,-0.87877357,1.0,1.0
2005-06-08 00:00:00,1.0,3.2416247e-09,0.0,0.0,-0.87877357,1.0,1.0
2005-06-09 00:00:00,0.9994345,0.00056555396,2.2e-44,0.0,-0.8783049,0.9994345,0.9994345
2005-06-10 00:00:00,0.9999993,7.2830534e-07,0.0,0.0,-0.878773,0.9999993,0.9999993
2005-06-13 00:00:00,0.9999998,1.912735e-07,0.0,0.0,-0.8787734,0.9999998,0.9999998
2005-06-14 00:00:00,1.0,2.322412e-10,0.0,0.0,-0.87877357,1.0,1.0
2005-06-15 00:00:00,1.0,7.3847717e-10,0.0,0.0,-0.87877357,1.0,1.0
2005-06-16 00:00:00,0.9999999,1.15328184e-07,0.0,0.0,-0.8787735,0.9999999,0.9999999
2005-06-17 00:00:00,0.8366476,0.16335237,2.844558e-19,0.0,-0.74340844,0.8366476,0.8366476
2005-06-20 00:00:00,0.99999785,2.135636e-06,6.6e-44,0.0,-0.8787718,0.99999785,0.99999785
2005-06-21 00:00:00,0.9994073,0.00059272605,2.714727e-32,0.0,-0.8782824,0.9994073,0.9994073
2005-06-22 00:00:00,1.0,2.4175732e-08,0.0,0.0,-0.87877357,1.0,1.0
2005-06-23 00:00:00,1.0,1.4372217e-09,0.0,0.0,-0.87877357,1.0,1.0
2005-06-24 00:00:00,1.0,2.2209294e-09,0.0,0.0,-0.87877357,1.0,1.0
2005-06-27 00:00:00,0.9593135,0.04068651,1.1356435e-24,0.0,-0.8450579,0.9593135,0.9593135
2005-06-28 00:00:00,0.38613582,0.6138642,1.5737945e-14,1.0,-0.37008306,0.38613582,0.6138642
2005-06-29 00:00:00,0.15948877,0.8404043,0.00010695492,1.0,-0.18218537,0.15952295,0.8404043
2005-06-30 00:00:00,0.12247039,0.8775296,1.9385087e-10,1.0,-0.15159158,0.12247039,0.8775296
2005-07-01 00:00:00,0.6830502,0.31694978,4.888166e-20,0.0,-0.61612695,0.6830502,0.6830502
2005-07-04 00:00:00,0.9934302,0.0065698177,9.9861965e-30,0.0,-0.87332934,0.9934302,0.9934302
2005-07-05 00:00:00,0.99616265,0.0038373547,2.6271506e-31,0.0,-0.87559366,0.99616265,0.99616265
2005-07-06 00:00:00,0.9049544,0.095045604,1.5352068e-24,0.0,-0.8000122,0.9049544,0.9049544
2005-07-07 00:00:00,0.818187,0.181813,6.640025e-23,0.0,-0.7281107,0.818187,0.818187
2005-07-08 00:00:00,0.15589231,0.8441076,4.927136e-08,1.0,-0.17928727,0.15589233,0.8441076
2005-07-11 00:00:00,0.45768303,0.4794723,0.06284467,1.0,-0.38106593,0.47776818,0.4794723
2005-07-12 00:00:00,0.0011640997,0.0,0.9988359,2.0,0.7166957,0.32039186,0.9988359
2005-07-13 00:00:00,0.9509391,0.01651553,0.03254535,0.0,-0.813102,0.9613406,0.9509391
2005-07-14 00:00:00,0.82119054,0.003654571,0.17515491,0.0,-0.59596515,0.87716997,0.82119054
2005-07-15 00:00:00,0.24529389,0.7547061,3.237376e-17,1.0,-0.25337166,0.24529389,0.7547061
2005-07-18 00:00:00,0.039849345,0.95505446,0.0050961925,1.0,-0.079208806,0.041478086,0.95505446
2005-07-19 00:00:00,0.02430426,0.9756957,1.6394235e-08,1.0,-0.0702443,0.024304265,0.9756957
2005-07-20 00:00:00,0.12825279,0.018959766,0.85278744,2.0,0.49911973,0.4008035,0.85278744
2005-07-21 00:00:00,0.023945997,8.7318e-41,0.976054,2.0,0.6803056,0.33589268,0.976054
2005-07-22 00:00:00,0.050170477,0.78464806,0.16518144,1.0,0.035289403,0.102962434,0.78464806
2005-07-25 00:00:00,0.019701786,0.9802943,3.9387137e-06,1.0,-0.06642735,0.019703045,0.9802943
2005-07-26 00:00:00,0.012998736,0.96333486,0.023666404,1.0,-0.042684365,0.020562515,0.96333486
2005-07-27 00:00:00,0.015113184,0.8274254,0.15746137,1.0,0.058406208,0.06543781,0.8274254
2005-07-28 00:00:00,0.0901677,3.5655883e-06,0.9098287,2.0,0.574525,0.38094878,0.9098287
2005-07-29 00:00:00,0.0060143713,0.0,0.99398565,2.0,0.70894825,0.323692,0.99398565
2005-08-01 00:00:00,1.6400222e-07,0.0,0.9999998,2.0,0.7185549,0.31959993,0.9999998
2005-08-02 00:00:00,3.9431728e-07,0.0,0.9999996,2.0,0.71855456,0.31960008,0.9999996
2005-08-03 00:00:00,4.9991813e-15,0.0,1.0,2.0,0.7185552,0.3195998,1.0
2005-08-04 00:00:00,1.9875748e-18,0.0,1.0,2.0,0.7185552,0.3195998,1.0
2005-08-05 00:00:00,1.225926e-13,0.0,1.0,2.0,0.7185552,0.3195998,1.0
2005-08-08 00:00:00,1.3194949e-08,0.0,1.0,2.0,0.71855515,0.31959984,1.0
2005-08-09 00:00:00,0.0194993,1.022e-41,0.9805007,2.0,0.6874084,0.33286715,0.9805007
2005-08-10 00:00:00,1.8042811e-09,0.0,1.0,2.0,0.7185552,0.3195998,1.0
2005-08-11 00:00:00,4.7289917e-13,0.0,1.0,2.0,0.7185552,0.3195998,1.0
2005-08-12 00:00:00,2.029972e-17,0.0,1.0,2.0,0.7185552,0.3195998,1.0
2005-08-15 00:00:00,5.7269645e-08,0.0,0.99999994,2.0,0.7185551,0.31959987,0.99999994
2005-08-16 00:00:00,1.02793205e-10,0.0,1.0,2.0,0.7185552,0.3195998,1.0
2005-08-17 00:00:00,0.036199342,5.8267595e-31,0.96380067,2.0,0.6607329,0.34422985,0.96380067
2005-08-18 00:00:00,0.014194178,0.103512116,0.8822937,2.0,0.61631685,0.2961751,0.8822937
2005-08-19 00:00:00,0.049577214,5.2448763e-15,0.95042276,2.0,0.63936406,0.35333216,0.95042276
2005-08-22 00:00:00,0.0025027804,0.0,0.9974972,2.0,0.7145574,0.3213027,0.9974972
2005-08-23 00:00:00,0.00075195276,0.0,0.999248,2.0,0.71735406,0.32011145,0.999248
2005-08-24 00:00:00,0.0017115078,0.0,0.9982885,2.0,0.7158214,0.32076433,0.9982885
2005-08-25 00:00:00,0.012355584,0.0,0.98764443,2.0,0.6988193,0.32800657,0.98764443
2005-08-26 00:00:00,0.005464897,0.0,0.9945351,2.0,0.70982593,0.32331812,0.9945351
2005-08-29 00:00:00,0.0123674935,0.09539978,0.8922327,2.0,0.62547034,0.2975249,0.8922327
2005-08-30 00:00:00,0.0054172073,0.43041825,0.5641645,2.0,0.37905714,0.1857241,0.5641645
2005-08-31 00:00:00,0.00045294582,0.8781224,0.12142468,1.0,0.04285476,0.039260253,0.8781224
2005-09-01 00:00:00,0.055195265,1.811953e-17,0.9448047,2.0,0.6303902,0.3571547,0.9448047
2005-09-02 00:00:00,0.00473617,0.0,0.9952638,2.0,0.71098995,0.3228223,0.9952638
2005-09-05 00:00:00,0.021722026,2.70997e-40,0.978278,2.0,0.683858,0.3343795,0.978278
2005-09-06 00:00:00,0.05332253,6.1754134e-21,0.94667745,2.0,0.6333816,0.35588047,0.94667745
2005-09-07 00:00:00,0.028795838,0.004131744,0.9670724,2.0,0.66938287,0.337872,0.9670724
2005-09-08 00:00:00,0.0012905707,0.96864086,0.030068573,1.0,-0.02806108,0.010900481,0.96864086
2005-09-09 00:00:00,0.0009486492,0.91271436,0.08633701,1.0,0.015473519,0.028541943,0.91271436
2005-09-12 00:00:00,0.0019249358,0.97395694,0.024118152,1.0,-0.033160605,0.009633092,0.97395694
2005-09-13 00:00:00,0.0022918142,0.99066925,0.0070389626,1.0,-0.046592705,0.0045414655,0.99066925
2005-09-14 00:00:00,0.0018376216,0.7495468,0.24861558,1.0,0.13947378,0.08129512,0.7495468
2005-09-15 00:00:00,0.028628772,8.1523314e-05,0.9712897,2.0,0.672763,0.3390528,0.9712897
2005-09-16 00:00:00,0.051968034,7.264062e-18,0.94803196,2.0,0.6355452,0.35495886,0.94803196
2005-09-19 00:00:00,0.0018756661,0.9959424,0.0021819063,1.0,-0.049981277,0.0025730028,0.9959424
2005-09-20 00:00:00,0.0024193889,0.99724,0.00034063097,1.0,-0.051847156,0.0025282544,0.99724
2005-09-21 00:00:00,0.00434621,0.68177825,0.31387556,1.0,0.18755768,0.10466078,0.68177825
2005-09-22 00:00:00,0.015769666,0.9842297,6.7227916e-07,1.0,-0.06317144,0.01576988,0.9842297
2005-09-23 00:00:00,0.10816286,0.8918371,1.010619e-16,1.0,-0.13973537,0.10816286,0.8918371
2005-09-26 00:00:00,0.020168217,0.9798317,1.1139997e-07,1.0,-0.066816814,0.020168252,0.9798317
2005-09-27 00:00:00,0.04064736,0.9593526,4.66476e-12,1.0,-0.08378734,0.04064736,0.9593526
2005-09-28 00:00:00,0.15033637,0.8496636,7.7190007e-20,1.0,-0.17468327,0.15033637,0.8496636
2005-09-29 00:00:00,0.9812136,0.01878637,0.0,0.0,-0.8632059,0.9812136,0.9812136
2005-09-30 00:00:00,0.992572,0.0074279695,0.0,0.0,-0.87261826,0.992572,0.992572
2005-10-03 00:00:00,0.9999954,4.574024e-06,0.0,0.0,-0.8787698,0.9999954,0.9999954
2005-10-04 00:00:00,0.9993632,0.0006368328,0.0,0.0,-0.87824583,0.9993632,0.9993632
2005-10-05 00:00:00,0.86423665,0.13576335,4.907346e-39,0.0,-0.76627064,0.86423665,0.86423665
2005-10-06 00:00:00,0.078906275,0.9210937,3.5808707e-16,1.0,-0.11549134,0.078906275,0.9210937
2005-10-07 00:00:00,0.21448751,0.7855125,8.6147126e-20,1.0,-0.22784336,0.21448751,0.7855125
2005-10-10 00:00:00,0.08196708,0.91803294,7.637778e-16,1.0,-0.11802773,0.08196708,0.91803294
2005-10-11 00:00:00,0.76337117,0.2366288,8.346374e-24,0.0,-0.6826865,0.76337117,0.76337117
2005-10-12 00:00:00,0.20143488,0.7985651,5.1864505e-16,1.0,-0.21702705,0.20143488,0.7985651
2005-10-13 00:00:00,0.08317102,0.916829,1.8450241e-13,1.0,-0.119025394,0.08317102,0.916829
2005-10-14 00:00:00,0.044392664,0.95560735,7.0354207e-09,1.0,-0.08689095,0.044392668,0.95560735
2005-10-17 00:00:00,0.03417758,0.96582186,5.789834e-07,1.0,-0.07842558,0.03417776,0.96582186
2005-10-18 00:00:00,0.07178621,0.9282138,1.5657667e-10,1.0,-0.109591156,0.07178621,0.9282138
2005-10-19 00:00:00,0.449544,0.550456,1.03129165e-17,1.0,-0.4226275,0.449544,0.550456
2005-10-20 00:00:00,0.00843824,0.99137765,0.0001841204,1.0,-0.0569551,0.0084970845,0.99137765
2005-10-21 00:00:00,0.00625631,0.9909951,0.0027485837,1.0,-0.0531758,0.0071347565,0.9909951
2005-10-24 00:00:00,0.007631627,0.9922858,8.259549e-05,1.0,-0.05636472,0.0076580243,0.9922858
2005-10-25 00:00:00,0.08819584,2.1700196e-18,0.91180414,2.0,0.5776774,0.37960827,0.91180414
2005-10-26 00:00:00,0.029490177,0.41918743,0.5513224,2.0,0.34923738,0.20569271,0.5513224
2005-10-27 00:00:00,0.048301246,8.481617e-32,0.9516988,2.0,0.64140224,0.352464,0.9516988
2005-10-28 00:00:00,0.13916333,1.953782e-07,0.86083645,2.0,0.49626544,0.41428652,0.86083645
2005-10-31 00:00:00,0.11218882,1.03839775e-13,0.8878112,2.0,0.5393528,0.39593312,0.8878112
2005-11-01 00:00:00,0.0770981,9.673278e-24,0.9229019,2.0,0.5954042,0.37205738,0.9229019
2005-11-02 00:00:00,0.09925393,5.3426974e-09,0.90074605,2.0,0.560014,0.3871322,0.90074605
2005-11-03 00:00:00,0.107718326,0.89228165,6.4713186e-11,1.0,-0.139367,0.107718326,0.89228165
2005-11-04 00:00:00,0.98918253,0.0108174505,4.1138344e-22,0.0,-0.8698095,0.98918253,0.98918253
2005-11-07 00:00:00,0.5767336,0.42326638,4.808816e-16,0.0,-0.5280256,0.5767336,0.5767336
2005-11-08 00:00:00,0.06171868,0.9382813,6.8610166e-11,1.0,-0.101248495,0.06171868,0.9382813
2005-11-09 00:00:00,0.16732031,0.8326797,4.635789e-15,1.0,-0.18875735,0.16732031,0.8326797
2005-11-10 00:00:00,0.992104,0.007895978,8.9329185e-26,0.0,-0.8722304,0.992104,0.992104
2005-11-11 00:00:00,0.98909163,0.010908392,5.4456424e-26,0.0,-0.8697341,0.98909163,0.98909163
2005-11-14 00:00:00,0.9161347,0.083865315,1.3417608e-22,0.0,-0.80927694,0.9161347,0.9161347
2005-11-15 00:00:00,0.037484247,0.9625158,5.2180243e-11,1.0,-0.08116616,0.037484247,0.9625158
2005-11-16 00:00:00,0.82510227,0.17489775,5.49402e-22,0.0,-0.7338412,0.82510227,0.82510227
2005-11-17 00:00:00,0.6201581,0.37984192,9.60495e-20,0.0,-0.56401014,0.6201581,0.6201581
2005-11-18 00:00:00,0.022701183,0.9772988,6.121835e-10,1.0,-0.06891589,0.022701183,0.9772988
2005-11-21 00:00:00,0.095411584,0.9045884,2.454603e-13,1.0,-0.12916878,0.095411584,0.9045884
2005-11-22 00:00:00,0.44031718,0.55968285,2.7444854e-18,1.0,-0.4149815,0.44031718,0.55968285
2005-11-23 00:00:00,0.086077124,0.91392285,1.844325e-14,1.0,-0.1214336,0.086077124,0.91392285
2005-11-24 00:00:00,0.90059394,0.09940609,1.80306e-29,0.0,-0.79639876,0.90059394,0.90059394
2005-11-25 00:00:00,0.82068306,0.17931694,1.2878138e-27,0.0,-0.73017913,0.82068306,0.82068306
2005-11-28 00:00:00,0.009066581,0.9909325,8.848142e-07,1.0,-0.05761663,0.009066864,0.9909325
2005-11-29 00:00:00,0.15500583,0.8449942,5.522764e-16,1.0,-0.17855272,0.15500583,0.8449942
2005-11-30 00:00:00,0.21219197,0.787808,1.3629333e-17,1.0,-0.22594112,0.21219197,0.787808
2005-12-01 00:00:00,0.032296255,0.96770376,1.5248641e-11,1.0,-0.07686703,0.032296255,0.96770376
2005-12-02 00:00:00,0.0018286663,0.9962142,0.001957148,1.0,-0.05011509,0.0024541705,0.9962142
2005-12-05 00:00:00,0.0007814916,0.829275,0.1699435,1.0,0.079876944,0.055095404,0.829275
2005-12-06 00:00:00,0.020140138,0.013306539,0.96655333,2.0,0.6761566,0.3290504,0.96655333
2005-12-07 00:00:00,0.0023293388,0.9691045,0.02856616,1.0,-0.030076718,0.011459079,0.9691045
2005-12-08 00:00:00,0.028499793,9.871088e-39,0.9715002,2.0,0.6730317,0.33899108,0.9715002
2005-12-09 00:00:00,0.056544032,5.2379447e-14,0.943456,2.0,0.6282358,0.3580724,0.943456
2005-12-12 00:00:00,5.080602e-06,0.0,0.99999493,2.0,0.7185471,0.31960326,0.99999493
2005-12-13 00:00:00,0.0002847604,0.0,0.99971527,2.0,0.71810037,0.31979358,0.99971527
2005-12-14 00:00:00,4.290005e-08,0.0,0.99999994,2.0,0.71855515,0.31959984,0.99999994
2005-12-15 00:00:00,0.00014528258,0.0,0.99985474,2.0,0.7183231,0.31969866,0.99985474
2005-12-16 00:00:00,2.2061216e-05,0.0,0.99997795,2.0,0.71852,0.31961483,0.99997795
2005-12-19 00:00:00,2.9967842e-07,0.0,0.9999997,2.0,0.71855474,0.31960002,0.9999997
2005-12-20 00:00:00,0.0701794,2.0695753e-10,0.9298206,2.0,0.6064556,0.3673499,0.9298206
2005-12-21 00:00:00,0.03791672,0.01784684,0.94423646,2.0,0.6442716,0.3396945,0.94423646
2005-12-22 00:00:00,0.065958194,3.9781387e-20,0.9340418,2.0,0.6131983,0.36447778,0.9340418
2005-12-23 00:00:00,0.013714222,0.0,0.9862858,2.0,0.6966491,0.32893097,0.9862858
2005-12-26 00:00:00,0.001137981,0.8312344,0.1676276,1.0,0.07780139,0.054711733,0.8312344
2005-12-27 00:00:00,0.055177245,6.4083692e-18,0.9448227,2.0,0.630419,0.35714242,0.9448227
2005-12-28 00:00:00,0.034082696,9.909076e-06,0.9659074,2.0,0.6641063,0.34278652,0.9659074
2005-12-29 00:00:00,0.042517837,6.0476e-29,0.95748216,2.0,0.65064025,0.34852895,0.95748216
2005-12-30 00:00:00,0.021862824,1.036e-42,0.9781372,2.0,0.6836331,0.33447528,0.9781372
2006-01-02 00:00:00,0.013945611,0.041992478,0.94406193,2.0,0.6640016,0.31566763,0.94406193
2006-01-03 00:00:00,2.8566512e-06,0.0,0.99999714,2.0,0.7185506,0.31960177,0.99999714
2006-01-04 00:00:00,2.3064523e-18,0.0,1.0,2.0,0.7185552,0.3195998,1.0
2006-01-05 00:00:00,1.5112743e-10,0.0,1.0,2.0,0.7185552,0.3195998,1.0
2006-01-06 00:00:00,1.0174969e-13,0.0,1.0,2.0,0.7185552,0.3195998,1.0
2006-01-09 00:00:00,0.027237916,4.243597e-39,0.9727621,2.0,0.6750473,0.3381325,0.9727621
2006-01-10 00:00:00,0.033938058,1.3766336e-35,0.96606195,2.0,0.66434497,0.34269127,0.96606195
2006-01-11 00:00:00,0.002624459,0.0,0.99737555,2.0,0.7143631,0.3213855,0.99737555
2006-01-12 00:00:00,0.09359276,1.2475115e-17,0.90640724,2.0,0.5690568,0.38328034,0.90640724
2006-01-13 00:00:00,0.024748323,8.887e-42,0.9752517,2.0,0.679024,0.33643857,0.9752517
2006-01-16 00:00:00,0.05014296,1.9778573e-32,0.94985706,2.0,0.6384604,0.3537171,0.94985706
2006-01-17 00:00:00,5.216344e-06,0.0,0.99999475,2.0,0.71854687,0.31960335,0.99999475
2006-01-18 00:00:00,9.835683e-09,0.0,1.0,2.0,0.7185552,0.31959984,1.0
2006-01-19 00:00:00,1.22026395e-05,0.0,0.9999878,2.0,0.7185357,0.31960812,0.9999878
2006-01-20 00:00:00,4.4201773e-08,0.0,0.99999994,2.0,0.71855515,0.31959984,0.99999994
2006-01-23 00:00:00,2.5157758e-24,0.0,1.0,2.0,0.7185552,0.3195998,1.0
2006-01-24 00:00:00,3.1559449e-18,0.0,1.0,2.0,0.7185552,0.3195998,1.0
2006-01-25 00:00:00,5.889422e-17,0.0,1.0,2.0,0.7185552,0.3195998,1.0
2006-01-26 00:00:00,6.557259e-14,0.0,1.0,2.0,0.7185552,0.3195998,1.0
2006-01-27 00:00:00,3.2732312e-06,0.0,0.9999967,2.0,0.71854997,0.31960204,0.9999967
2006-01-30 00:00:00,1.9520435e-07,0.0,0.9999998,2.0,0.7185549,0.31959996,0.9999998
2006-01-31 00:00:00,0.04332983,5.097594e-29,0.95667017,2.0,0.6493432,0.34908146,0.95667017
2006-02-01 00:00:00,0.0050589982,0.95395416,0.040986836,1.0,-0.022791436,0.018158384,0.95395416
2006-02-02 00:00:00,0.004375251,0.8593956,0.13622914,1.0,0.050984044,0.047914058,0.8593956
2006-02-03 00:00:00,0.0069602462,0.9930342,5.5714027e-06,1.0,-0.05586757,0.006962027,0.9930342
2006-02-06 00:00:00,0.005572501,0.9943888,3.8699047e-05,1.0,-0.054692127,0.005584869,0.9943888
2006-02-07 00:00:00,0.0044059805,0.99070984,0.0048841606,1.0,-0.05000096,0.005966957,0.99070984
2006-02-08 00:00:00,0.010096408,0.98990357,2.8995966e-09,1.0,-0.058470696,0.010096409,0.98990357
2006-02-09 00:00:00,0.0016437435,0.9683904,0.029965863,1.0,-0.028432693,0.011220828,0.9683904
2006-02-10 00:00:00,0.030327735,0.96967226,1.3621399e-15,1.0,-0.07523578,0.030327735,0.96967226
2006-02-13 00:00:00,0.015999602,0.9840004,3.6634007e-12,1.0,-0.063362494,0.015999602,0.9840004
2006-02-14 00:00:00,0.013448331,0.98655164,3.8253165e-11,1.0,-0.061248332,0.013448331,0.98655164
2006-02-15 00:00:00,0.020787451,0.9792125,1.0602601e-13,1.0,-0.06733004,0.020787451,0.9792125
2006-02-16 00:00:00,0.010150346,0.9898496,3.7215214e-10,1.0,-0.058515392,0.010150346,0.9898496
2006-02-17 00:00:00,0.012957331,0.98704267,2.8128907e-11,1.0,-0.060841456,0.012957331,0.98704267
2006-02-20 00:00:00,0.95750856,0.042491406,4.3696056e-37,0.0,-0.84356225,0.95750856,0.95750856
2006-02-21 00:00:00,0.9611231,0.038876884,6.760567e-33,0.0,-0.8465575,0.9611231,0.9611231
2006-02-22 00:00:00,0.9666646,0.03333539,2.3095447e-30,0.0,-0.85114956,0.9666646,0.9666646
2006-02-23 00:00:00,0.9489328,0.05106717,1.1157042e-24,0.0,-0.83645576,0.9489328,0.9489328
2006-02-24 00:00:00,0.68210614,0.31789383,7.177096e-13,0.0,-0.61534464,0.68210614,0.68210614
2006-02-27 00:00:00,0.7544147,0.24558532,1.6133857e-15,0.0,-0.67526454,0.7544147,0.7544147
2006-02-28 00:00:00,0.26868683,0.73131317,1.1865047e-12,1.0,-0.27275667,0.26868683,0.73131317
2006-03-01 00:00:00,0.023099989,0.97689426,5.7693296e-06,1.0,-0.06924193,0.023101833,0.97689426
2006-03-02 00:00:00,0.00021476505,0.92587024,0.073915005,1.0,0.0065333783,0.023837987,0.92587024
2006-03-03 00:00:00,0.00021683461,0.92067325,0.0791099,1.0,0.010524763,0.025500344,0.92067325
2006-03-06 00:00:00,0.023837,1.799129e-05,0.976145,2.0,0.6804658,0.33581278,0.976145
2006-03-07 00:00:00,0.0022516374,0.9971149,0.0006334497,1.0,-0.05148307,0.0024540878,0.9971149
2006-03-08 00:00:00,0.00033347422,0.9258831,0.07378342,1.0,0.0063338634,0.023914643,0.9258831
2006-03-09 00:00:00,0.0018612448,0.9961499,0.0019888459,1.0,-0.050117724,0.0024968795,0.9961499
2006-03-10 00:00:00,9.514476e-05,0.92086077,0.07904406,1.0,0.0105749965,0.025357611,0.92086077
2006-03-13 00:00:00,0.026233725,1.0052124e-05,0.9737562,2.0,0.6766436,0.33744603,0.9737562
2006-03-14 00:00:00,0.05038512,6.531976e-24,0.9496149,2.0,0.6380736,0.35388187,0.9496149
2006-03-15 00:00:00,0.0013836536,0.0,0.99861634,2.0,0.7163451,0.32054126,0.99861634
2006-03-16 00:00:00,3.0330324e-07,0.0,0.9999997,2.0,0.71855474,0.31960002,0.9999997
2006-03-17 00:00:00,2.6022826e-06,0.0,0.9999974,2.0,0.71855104,0.3196016,0.9999974
2006-03-20 00:00:00,3.4056593e-05,0.0,0.99996597,2.0,0.7185008,0.319623,0.99996597
2006-03-21 00:00:00,0.0016417783,0.0,0.99835825,2.0,0.7159327,0.3207169,0.99835825
2006-03-22 00:00:00,0.009316398,0.0,0.9906836,2.0,0.70367384,0.3259387,0.9906836
2006-03-23 00:00:00,0.038242754,8.887098e-06,0.96174836,2.0,0.6574621,0.34561735,0.96174836
2006-03-24 00:00:00,0.01062904,0.0,0.98937094,2.0,0.7015771,0.32683182,0.98937094
2006-03-27 00:00:00,0.008096844,0.0,0.9919032,2.0,0.7056219,0.32510892,0.9919032
2006-03-28 00:00:00,0.05243328,2.4882932e-12,0.94756675,2.0,0.63480204,0.35527542,0.94756675
2006-03-29 00:00:00,0.04793752,2.0281197e-25,0.9520625,2.0,0.6419832,0.3522165,0.9520625
2006-03-30 00:00:00,0.02848967,7.223436e-37,0.97151035,2.0,0.67304784,0.3389842,0.97151035
2006-03-31 00:00:00,0.0576726,4.885558e-12,0.9423274,2.0,0.6264331,0.35884026,0.9423274
2006-04-03 00:00:00,0.030549591,1.5845153e-35,0.9694504,2.0,0.6697575,0.34038576,0.9694504
2006-04-04 00:00:00,3.820683e-12,0.0,1.0,2.0,0.7185552,0.3195998,1.0
2006-04-05 00:00:00,8.456778e-12,0.0,1.0,2.0,0.7185552,0.3195998,1.0
2006-04-06 00:00:00,4.6870642e-08,0.0,0.99999994,2.0,0.71855515,0.31959984,0.99999994
2006-04-07 00:00:00,0.0029962761,0.0,0.99700373,2.0,0.71376914,0.3216385,0.99700373
2006-04-10 00:00:00,0.023529952,8.30122e-40,0.97647005,2.0,0.68097013,0.3356096,0.97647005
2006-04-11 00:00:00,0.02365685,7.97647e-40,0.97634315,2.0,0.6807674,0.33569595,0.97634315
2006-04-12 00:00:00,0.03887587,0.0014839831,0.95964015,2.0,0.65531695,0.34557667,0.95964015
2006-04-13 00:00:00,0.0024254061,0.9796459,0.0179287,1.0,-0.03833291,0.008155416,0.9796459
2006-04-14 00:00:00,0.0030712963,0.9912469,0.005681829,1.0,-0.04828181,0.004887208,0.9912469
2006-04-17 00:00:00,0.06787783,4.5185544e-22,0.9321222,2.0,0.610132,0.3657839,0.9321222
2006-04-18 00:00:00,1.1398126e-05,0.0,0.9999886,2.0,0.718537,0.3196076,0.9999886
2006-04-19 00:00:00,6.718396e-08,0.0,0.99999994,2.0,0.7185551,0.31959987,0.99999994
2006-04-20 00:00:00,1.0368981e-09,0.0,1.0,2.0,0.7185552,0.3195998,1.0
2006-04-21 00:00:00,1.8992623e-08,0.0,1.0,2.0,0.71855515,0.31959984,1.0
2006-04-24 00:00:00,2.5946582e-12,0.0,1.0,2.0,0.7185552,0.3195998,1.0
2006-04-25 00:00:00,1.5430291e-15,0.0,1.0,2.0,0.7185552,0.3195998,1.0
2006-04-26 00:00:00,8.280581e-16,0.0,1.0,2.0,0.7185552,0.3195998,1.0
2006-04-27 00:00:00,5.529853e-12,0.0,1.0,2.0,0.7185552,0.3195998,1.0
2006-04-28 00:00:00,9.778642e-24,0.0,1.0,2.0,0.7185552,0.3195998,1.0
2006-05-01 00:00:00,7.0137305e-15,0.0,1.0,2.0,0.7185552,0.3195998,1.0
2006-05-02 00:00:00,1.2171049e-10,0.0,1.0,2.0,0.7185552,0.3195998,1.0
2006-05-03 00:00:00,2.3633895e-10,0.0,1.0,2.0,0.7185552,0.3195998,1.0
2006-05-04 00:00:00,2.0150285e-21,0.0,1.0,2.0,0.7185552,0.3195998,1.0
2006-05-05 00:00:00,8.237896e-39,0.0,1.0,2.0,0.7185552,0.3195998,1.0
2006-05-08 00:00:00,2.2319139e-33,0.0,1.0,2.0,0.7185552,0.3195998,1.0
2006-05-09 00:00:00,3.1848977e-34,0.0,1.0,2.0,0.7185552,0.3195998,1.0
2006-05-10 00:00:00,8.14e-43,0.0,1.0,2.0,0.7185552,0.3195998,1.0
2006-05-11 00:00:00,0.0,0.0,1.0,2.0,0.7185552,0.3195998,1.0
2006-05-12 00:00:00,0.0,0.0,1.0,2.0,0.7185552,0.3195998,1.0
2006-05-15 00:00:00,1.7933238e-23,0.0,1.0,2.0,0.7185552,0.3195998,1.0
2006-05-16 00:00:00,3.592558e-20,0.0,1.0,2.0,0.7185552,0.3195998,1.0
2006-05-17 00:00:00,2.358955e-10,0.0,1.0,2.0,0.7185552,0.3195998,1.0
2006-05-18 00:00:00,1.4681256e-24,0.0,1.0,2.0,0.7185552,0.3195998,1.0
2006-05-19 00:00:00,4.2737034e-14,0.0,1.0,2.0,0.7185552,0.3195998,1.0
2006-05-22 00:00:00,2.800293e-16,0.0,1.0,2.0,0.7185552,0.3195998,1.0
2006-05-23 00:00:00,8.9772884e-10,0.0,1.0,2.0,0.7185552,0.3195998,1.0
2006-05-24 00:00:00,2.2353144e-07,0.0,0.99999976,2.0,0.71855485,0.31959996,0.99999976
2006-05-25 00:00:00,4.847199e-05,0.0,0.99995154,2.0,0.7184778,0.3196328,0.99995154
2006-05-26 00:00:00,0.06348999,7.951296e-19,0.93651,2.0,0.6171408,0.36279842,0.93651
2006-05-29 00:00:00,0.006962648,0.0,0.99303734,2.0,0.7074336,0.3243372,0.99303734
2006-05-30 00:00:00,0.000104422885,0.0,0.9998956,2.0,0.7183884,0.31967086,0.9998956
2006-05-31 00:00:00,0.0055863434,0.0,0.9944137,2.0,0.709632,0.32340077,0.9944137
2006-06-01 00:00:00,0.04508897,8.194021e-28,0.95491105,2.0,0.6465333,0.35027835,0.95491105
2006-06-02 00:00:00,0.004313636,0.0,0.99568635,2.0,0.7116649,0.32253483,0.99568635
2006-06-05 00:00:00,0.0030180677,0.0,0.9969819,2.0,0.7137343,0.3216533,0.9969819
2006-06-06 00:00:00,0.07730253,9.1605773e-10,0.9226975,2.0,0.59507763,0.37219647,0.9226975
2006-06-07 00:00:00,0.064872555,1.8123073e-05,0.9351093,2.0,0.6149185,0.36373332,0.9351093
2006-06-08 00:00:00,0.03660975,0.96339023,8.297916e-11,1.0,-0.0804415,0.03660975,0.96339023
2006-06-09 00:00:00,0.20573829,0.7942617,4.358909e-18,1.0,-0.22059315,0.20573829,0.7942617
2006-06-12 00:00:00,0.02159271,0.97840726,5.2504303e-11,1.0,-0.06799733,0.02159271,0.97840726
2006-06-13 00:00:00,0.20783909,0.7921609,7.772051e-20,1.0,-0.22233401,0.20783909,0.7921609
2006-06-14 00:00:00,0.0048920712,0.9950972,1.07271835e-05,1.0,-0.054149777,0.0048954994,0.9950972
2006-06-15 00:00:00,0.013191258,0.9868087,3.381443e-11,1.0,-0.061035305,0.013191258,0.9868087
2006-06-16 00:00:00,0.003057278,0.9969285,1.42117315e-05,1.0,-0.052626662,0.00306182,0.9969285
2006-06-19 00:00:00,0.04760874,0.95239127,8.401517e-18,1.0,-0.08955602,0.04760874,0.95239127
2006-06-20 00:00:00,0.008976067,0.99102396,1.3647097e-09,1.0,-0.0575423,0.008976067,0.99102396
2006-06-21 00:00:00,0.0017617976,0.99730617,0.0009320321,1.0,-0.050847646,0.0020596748,0.99730617
2006-06-22 00:00:00,0.01462333,0.98537666,6.3597174e-12,1.0,-0.06222202,0.01462333,0.98537666
2006-06-23 00:00:00,0.019102303,0.9808977,6.142725e-13,1.0,-0.06593361,0.019102303,0.9808977
2006-06-26 00:00:00,0.0052021057,0.9947925,5.3498093e-06,1.0,-0.054410826,0.0052038156,0.9947925
2006-06-27 00:00:00,0.068643585,0.93135643,2.0911734e-18,1.0,-0.106986955,0.068643585,0.93135643
2006-06-28 00:00:00,0.04823738,0.9517626,4.8226317e-17,1.0,-0.09007695,0.04823738,0.9517626
2006-06-29 00:00:00,0.0068613947,0.9931381,5.2939987e-07,1.0,-0.055789534,0.006861564,0.9931381
2006-06-30 00:00:00,0.006954002,0.9930173,2.8662284e-05,1.0,-0.05584465,0.006963162,0.9930173
2006-07-03 00:00:00,0.0063070417,0.99297166,0.00072129245,1.0,-0.054776136,0.0065375664,0.99297166
2006-07-04 00:00:00,0.004713018,0.95429134,0.040995654,1.0,-0.022497956,0.017815221,0.95429134
2006-07-05 00:00:00,0.005409222,0.9885367,0.00605409,1.0,-0.049933035,0.007344108,0.9885367
2006-07-06 00:00:00,0.03703259,2.2701015e-31,0.9629674,2.0,0.65940195,0.3447968,0.9629674
2006-07-07 00:00:00,0.011328931,0.0,0.98867106,2.0,0.7004592,0.32730803,0.98867106
2006-07-10 00:00:00,0.020075541,5.5e-43,0.97992444,2.0,0.686488,0.33325922,0.97992444
2006-07-11 00:00:00,0.0010171587,0.0,0.99898285,2.0,0.71693045,0.3202919,0.99898285
2006-07-12 00:00:00,0.05626976,1.8288509e-15,0.94373024,2.0,0.6286739,0.35788578,0.94373024
2006-07-13 00:00:00,0.032158572,9.0186826e-05,0.96775126,2.0,0.6671181,0.3414517,0.96775126
2006-07-14 00:00:00,0.0019849616,0.7354006,0.26261446,1.0,0.15011205,0.08591649,0.7354006
2006-07-17 00:00:00,0.0032182205,0.9612588,0.03552297,1.0,-0.02546589,0.014571356,0.9612588
2006-07-18 00:00:00,0.0037872286,0.99536574,0.00084701733,1.0,-0.052591406,0.004057935,0.99536574
2006-07-19 00:00:00,0.004338797,0.98644304,0.009218148,1.0,-0.046613924,0.007284915,0.98644304
2006-07-20 00:00:00,0.048737843,1.3173307e-06,0.95126086,2.0,0.64070386,0.35276064,0.95126086
2006-07-21 00:00:00,0.004547817,0.0,0.99545217,2.0,0.71129084,0.32269415,0.99545217
2006-07-24 00:00:00,0.006880991,0.43940198,0.553717,2.0,0.36981356,0.18384886,0.553717
2006-07-25 00:00:00,0.0032511966,0.6566104,0.34013835,1.0,0.20865223,0.11195935,0.6566104
2006-07-26 00:00:00,0.012405522,0.0,0.9875945,2.0,0.6987395,0.32804054,0.9875945
2006-07-27 00:00:00,0.017553788,0.088458754,0.8939875,2.0,0.6225214,0.303272,0.8939875
2006-07-28 00:00:00,0.0009339678,0.8755127,0.1235533,1.0,0.044092327,0.04042158,0.8755127
2006-07-31 00:00:00,0.0010408798,0.880595,0.11836409,1.0,0.040015,0.038870018,0.880595
2006-08-01 00:00:00,0.02669851,0.0007477154,0.9725538,2.0,0.67533416,0.33752653,0.9725538
2006-08-02 00:00:00,0.041286275,1.5876786e-07,0.9587136,2.0,0.6526073,0.34769097,0.9587136
2006-08-03 00:00:00,0.010595897,0.16941294,0.8199912,2.0,0.5714092,0.27266493,0.8199912
2006-08-04 00:00:00,0.042990454,1.0848898e-07,0.95700943,2.0,0.64988524,0.3488505,0.95700943
2006-08-07 00:00:00,0.053592257,5.805357e-13,0.94640774,2.0,0.6329507,0.356064,0.94640774
2006-08-08 00:00:00,0.011205961,0.16481207,0.82398194,2.0,0.5739713,0.27455044,0.82398194
2006-08-09 00:00:00,0.013526774,0.0,0.9864732,2.0,0.69694847,0.32880345,0.9864732
2006-08-10 00:00:00,0.059029385,4.0233953e-18,0.9409706,2.0,0.62426585,0.3597634,0.9409706
2006-08-11 00:00:00,0.05707084,3.2331214e-11,0.94292915,2.0,0.6273943,0.35843083,0.94292915
2006-08-14 00:00:00,0.003825773,0.0,0.9961742,2.0,0.7124442,0.32220286,0.9961742
2006-08-15 00:00:00,5.712009e-06,0.0,0.9999943,2.0,0.7185461,0.3196037,0.9999943
2006-08-16 00:00:00,0.0001122529,0.0,0.99988776,2.0,0.7183759,0.3196762,0.99988776
2006-08-17 00:00:00,0.0050207283,0.0,0.99497926,2.0,0.71053547,0.32301593,0.99497926
2006-08-18 00:00:00,0.04184606,7.6232166e-32,0.95815396,2.0,0.6517133,0.34807187,0.95815396
2006-08-21 00:00:00,0.0001491504,0.0,0.99985087,2.0,0.718317,0.3197013,0.99985087
2006-08-22 00:00:00,0.0009344829,0.0,0.9990655,2.0,0.71706253,0.32023564,0.9990655
2006-08-23 00:00:00,0.034092788,2.439176e-07,0.965907,2.0,0.6640976,0.34279647,0.965907
2006-08-24 00:00:00,0.03623039,6.503541e-08,0.96376956,2.0,0.66068333,0.34425095,0.96376956
2006-08-25 00:00:00,8.700405e-05,0.8287107,0.17120235,1.0,0.081420064,0.05480324,0.8287107
2006-08-28 00:00:00,0.00066826126,0.8405682,0.15876356,1.0,0.0713772,0.051409062,0.8405682
2006-08-29 00:00:00,7.274648e-05,0.9276098,0.07231744,1.0,0.0054230755,0.023185385,0.9276098
2006-08-30 00:00:00,0.0061892997,0.2911162,0.7026945,2.0,0.48489967,0.23077033,0.7026945
2006-08-31 00:00:00,6.678294e-05,0.9345961,0.0653371,1.0,6.251734e-05,0.020948509,0.9345961
2006-09-01 00:00:00,0.00010894182,0.8156292,0.18426189,1.0,0.09144022,0.058999006,0.8156292
2006-09-04 00:00:00,0.003510253,0.51952726,0.4769625,1.0,0.31360874,0.15594739,0.51952726
2006-09-05 00:00:00,0.00024804202,0.92164195,0.07811,1.0,0.009730321,0.025211984,0.92164195
2006-09-06 00:00:00,0.00013093997,0.8427999,0.15706915,1.0,0.07052004,0.05033021,0.8427999
2006-09-07 00:00:00,0.00021327121,0.91104424,0.08874251,1.0,0.017931914,0.02857536,0.91104424
2006-09-08 00:00:00,0.00013130116,0.85069335,0.14917536,1.0,0.06445211,0.04780772,0.85069335
2006-09-11 00:00:00,6.851293e-05,0.7533809,0.24655057,1.0,0.1393525,0.07886603,0.7533809
2006-09-12 00:00:00,0.0010421327,0.99362504,0.005332824,1.0,-0.04686857,0.0027465024,0.99362504
2006-09-13 00:00:00,0.093922965,0.90605164,2.5421205e-05,1.0,-0.12791567,0.093931094,0.90605164
2006-09-14 00:00:00,0.0028761895,0.9940068,0.0031170265,1.0,-0.05009159,0.0038723906,0.9940068
2006-09-15 00:00:00,0.036663163,0.9633327,4.129509e-06,1.0,-0.08048258,0.036664482,0.9633327
2006-09-18 00:00:00,0.022982122,0.9770088,9.07514e-06,1.0,-0.069141716,0.022985023,0.9770088
2006-09-19 00:00:00,0.0035971582,0.9952988,0.0011040635,1.0,-0.05223632,0.0039500166,0.9952988
2006-09-20 00:00:00,0.0004433747,0.97069204,0.028864605,1.0,-0.028284475,0.009668497,0.97069204
2006-09-21 00:00:00,0.00017888451,0.9388272,0.060993876,1.0,-0.003368838,0.019672515,0.9388272
2006-09-22 00:00:00,0.0007904834,0.8364652,0.16274434,1.0,0.0743358,0.052803546,0.8364652
2006-09-25 00:00:00,9.031659e-05,0.7859908,0.2139189,1.0,0.11425179,0.06845876,0.7859908
2006-09-26 00:00:00,0.0038263006,0.9960324,0.00014128798,1.0,-0.053166248,0.0038714563,0.9960324
2006-09-27 00:00:00,0.0015755061,0.9974242,0.0010003038,1.0,-0.05064079,0.001895203,0.9974242
2006-09-28 00:00:00,0.0008583769,0.9928856,0.006256021,1.0,-0.046006672,0.0028578,0.9928856
2006-09-29 00:00:00,0.016928785,0.98306876,2.476415e-06,1.0,-0.064130574,0.016929576,0.98306876
2006-10-02 00:00:00,0.0013081956,0.9972703,0.0014215343,1.0,-0.0500955,0.0017625177,0.9972703
2006-10-03 00:00:00,0.00046887633,0.9720298,0.027501296,1.0,-0.02935353,0.009258285,0.9720298
2006-10-04 00:00:00,0.0007529634,0.9906524,0.008594668,1.0,-0.044121698,0.0034998176,0.9906524
2006-10-05 00:00:00,8.430331e-05,0.74344987,0.25646585,1.0,0.14696088,0.08205074,0.74344987
2006-10-06 00:00:00,0.00027143874,0.9476669,0.052061662,1.0,-0.010311364,0.016910337,0.9476669
2006-10-09 00:00:00,0.0010886979,0.99584097,0.0030703163,1.0,-0.048646256,0.0020699704,0.99584097
2006-10-10 00:00:00,0.0050894427,0.99489594,1.460849e-05,1.0,-0.054310348,0.005094112,0.99489594
2006-10-11 00:00:00,0.029935267,0.9700647,5.5913873e-08,1.0,-0.07491051,0.029935285,0.9700647
2006-10-12 00:00:00,0.0083007775,0.99169755,1.6955682e-06,1.0,-0.05698141,0.00830132,0.99169755
2006-10-13 00:00:00,0.0061227796,0.9938677,9.546992e-06,1.0,-0.055170532,0.0061258306,0.9938677
2006-10-16 00:00:00,0.055699546,0.94430035,1.0445533e-07,1.0,-0.09626054,0.05569958,0.94430035
2006-10-17 00:00:00,0.008924964,0.9909962,7.885135e-05,1.0,-0.057439346,0.0089501655,0.9909962
2006-10-18 00:00:00,0.041844,0.95814687,9.155215e-06,1.0,-0.08477192,0.041846927,0.95814687
2006-10-19 00:00:00,0.084161416,0.9158352,3.3776762e-06,1.0,-0.119843505,0.084162496,0.9158352
2006-10-20 00:00:00,0.1007308,0.8992683,8.6998733e-07,1.0,-0.13357598,0.100731075,0.8992683
2006-10-23 00:00:00,0.36039057,0.63960946,1.3752256e-10,1.0,-0.34874877,0.36039057,0.63960946
2006-10-24 00:00:00,0.01732813,0.9826161,5.5731536e-05,1.0,-0.064420566,0.017345943,0.9826161
2006-10-25 00:00:00,0.00097085984,0.99369586,0.0053333044,1.0,-0.04680914,0.002675383,0.99369586
2006-10-26 00:00:00,8.4500105e-05,0.8494418,0.1504737,1.0,0.065488875,0.048175864,0.8494418
2006-10-27 00:00:00,0.029959064,4.6260914e-07,0.9700405,2.0,0.6707004,0.33998382,0.9700405
2006-10-30 00:00:00,9.0727306e-05,0.8489666,0.1509427,1.0,0.065844215,0.048331987,0.8489666
2006-10-31 00:00:00,0.002300863,0.6286247,0.36907446,1.0,0.23168176,0.120257,0.6286247
2006-11-01 00:00:00,0.0036639972,0.48490456,0.51143146,2.0,0.3399762,0.1671174,0.51143146
2006-11-02 00:00:00,0.04451187,1.4448067e-12,0.95548815,2.0,0.6474551,0.3498857,0.95548815
2006-11-03 00:00:00,0.05213989,1.9812867e-26,0.9478601,2.0,0.63527066,0.3550758,0.9478601
2006-11-06 00:00:00,0.04287255,2.5928446e-34,0.95712745,2.0,0.65007365,0.34877032,0.95712745
2006-11-07 00:00:00,1.929828e-05,0.0,0.9999807,2.0,0.7185244,0.31961295,0.9999807
2006-11-08 00:00:00,2.6087293e-05,0.0,0.9999739,2.0,0.71851355,0.31961757,0.9999739
2006-11-09 00:00:00,4.8865655e-07,0.0,0.9999995,2.0,0.71855444,0.31960014,0.9999995
2006-11-10 00:00:00,5.092566e-11,0.0,1.0,2.0,0.7185552,0.3195998,1.0
2006-11-13 00:00:00,1.906036e-08,0.0,1.0,2.0,0.71855515,0.31959984,1.0
2006-11-14 00:00:00,2.557269e-07,0.0,0.99999976,2.0,0.7185548,0.3196,0.99999976
2006-11-15 00:00:00,1.3042515e-07,0.0,0.9999999,2.0,0.718555,0.3195999,0.9999999
2006-11-16 00:00:00,0.011880503,0.0,0.9881195,2.0,0.6995781,0.3276833,0.9881195
2006-11-17 00:00:00,0.0005887589,0.0,0.9994112,2.0,0.71761477,0.3200004,0.9994112
2006-11-20 00:00:00,2.0989145e-07,0.0,0.99999976,2.0,0.71855485,0.31959996,0.99999976
2006-11-21 00:00:00,2.4640109e-08,0.0,1.0,2.0,0.71855515,0.31959984,1.0
2006-11-22 00:00:00,5.4200203e-11,0.0,1.0,2.0,0.7185552,0.3195998,1.0
2006-11-23 00:00:00,3.9436176e-07,0.0,0.9999996,2.0,0.71855456,0.31960008,0.9999996
2006-11-24 00:00:00,1.3210059e-13,0.0,1.0,2.0,0.7185552,0.3195998,1.0
2006-11-27 00:00:00,7.258043e-20,0.0,1.0,2.0,0.7185552,0.3195998,1.0
2006-11-28 00:00:00,1.8205052e-21,0.0,1.0,2.0,0.7185552,0.3195998,1.0
2006-11-29 00:00:00,6.6010405e-16,0.0,1.0,2.0,0.7185552,0.3195998,1.0
2006-11-30 00:00:00,2.5111906e-22,0.0,1.0,2.0,0.7185552,0.3195998,1.0
2006-12-01 00:00:00,6.95237e-40,0.0,1.0,2.0,0.7185552,0.3195998,1.0
2006-12-04 00:00:00,1.6058229e-38,0.0,1.0,2.0,0.7185552,0.3195998,1.0
2006-12-05 00:00:00,1.2183885e-30,0.0,1.0,2.0,0.7185552,0.3195998,1.0
2006-12-06 00:00:00,1.4710134e-28,0.0,1.0,2.0,0.7185552,0.3195998,1.0
2006-12-07 00:00:00,3.1491913e-22,0.0,1.0,2.0,0.7185552,0.3195998,1.0
2006-12-08 00:00:00,2.666255e-12,0.0,1.0,2.0,0.7185552,0.3195998,1.0
2006-12-11 00:00:00,2.0892892e-17,0.0,1.0,2.0,0.7185552,0.3195998,1.0
2006-12-12 00:00:00,9.788275e-21,0.0,1.0,2.0,0.7185552,0.3195998,1.0
2006-12-13 00:00:00,3.4298047e-13,0.0,1.0,2.0,0.7185552,0.3195998,1.0
2006-12-14 00:00:00,1.07262144e-10,0.0,1.0,2.0,0.7185552,0.3195998,1.0
2006-12-15 00:00:00,5.719973e-05,0.0,0.9999428,2.0,0.71846384,0.31963873,0.9999428
2006-12-18 00:00:00,2.4335766e-06,0.0,0.99999756,2.0,0.71855134,0.31960148,0.99999756
2006-12-19 00:00:00,6.24579e-10,0.0,1.0,2.0,0.7185552,0.3195998,1.0
2006-12-20 00:00:00,0.00012540963,0.0,0.9998746,2.0,0.7183549,0.31968513,0.9998746
2006-12-21 00:00:00,0.00039776642,0.0,0.99960226,2.0,0.7179198,0.31987047,0.99960226
2006-12-22 00:00:00,0.007992091,0.20364398,0.78836393,2.0,0.5492564,0.25995305,0.78836393
2006-12-25 00:00:00,0.0001816731,0.8823928,0.117425494,1.0,0.04000554,0.037710838,0.8823928
2006-12-26 00:00:00,0.0007613327,0.991824,0.0074147056,1.0,-0.045035623,0.0031310713,0.991824
2006-12-27 00:00:00,0.00014914901,0.87668794,0.12316289,1.0,0.044442594,0.039511986,0.87668794
2006-12-28 00:00:00,0.00076782505,0.99540305,0.0038291053,1.0,-0.047797106,0.0019916063,0.99540305
2006-12-29 00:00:00,0.0031209798,0.9968061,7.293776e-05,1.0,-0.052634306,0.0031442905,0.9968061
2007-01-01 00:00:00,0.0011211995,0.99777323,0.0011055735,1.0,-0.050183404,0.0014745406,0.99777323
2007-01-02 00:00:00,0.00012455689,0.8638537,0.13602175,1.0,0.054347057,0.043597084,0.8638537
2007-01-03 00:00:00,0.0008957214,0.99771947,0.0013848168,1.0,-0.049781915,0.0013383086,0.99771947
2007-01-04 00:00:00,0.005302866,0.9946971,2.03043e-08,1.0,-0.05449842,0.0053028725,0.9946971
2007-01-05 00:00:00,0.0055051106,0.99449486,1.5074315e-08,1.0,-0.054666016,0.0055051157,0.99449486
2007-01-08 00:00:00,0.0079649715,0.99203503,9.044502e-10,1.0,-0.05670444,0.0079649715,0.99203503
2007-01-09 00:00:00,0.053433232,0.94656676,2.561285e-17,1.0,-0.0943826,0.053433232,0.94656676
2007-01-10 00:00:00,0.043709483,0.95629054,2.335291e-16,1.0,-0.086324826,0.043709483,0.95629054
2007-01-11 00:00:00,0.029626446,0.9703736,1.5735233e-14,1.0,-0.07465464,0.029626446,0.9703736
2007-01-12 00:00:00,0.0024023778,0.99758995,7.67254e-06,1.0,-0.05208899,0.00240483,0.99758995
2007-01-15 00:00:00,0.003746587,0.9962526,7.940671e-07,1.0,-0.053208183,0.0037468409,0.9962526
2007-01-16 00:00:00,0.5521015,0.44789854,1.1844423e-18,0.0,-0.5076137,0.5521015,0.5521015
2007-01-17 00:00:00,0.13570718,0.8642928,1.6077555e-13,1.0,-0.16256051,0.13570718,0.8642928
2007-01-18 00:00:00,0.029506497,0.9704935,1.0717761e-10,1.0,-0.07455525,0.029506497,0.9704935
2007-01-19 00:00:00,0.008601139,0.9913981,7.764664e-07,1.0,-0.057231016,0.008601387,0.9913981
2007-01-22 00:00:00,0.015198613,0.9848013,6.691225e-08,1.0,-0.062698685,0.015198634,0.9848013
2007-01-23 00:00:00,0.00037896313,0.9814442,0.018176831,1.0,-0.036446355,0.0061882753,0.9814442
2007-01-24 00:00:00,0.0026514467,0.99734294,5.637203e-06,1.0,-0.05229695,0.0026532484,0.99734294
2007-01-25 00:00:00,0.010964058,0.98903596,1.4217829e-09,1.0,-0.059189692,0.010964058,0.98903596
2007-01-26 00:00:00,0.19763063,0.80236936,4.6637244e-17,1.0,-0.21387458,0.19763063,0.80236936
2007-01-29 00:00:00,0.05191487,0.9480851,8.846242e-14,1.0,-0.09312438,0.05191487,0.9480851
2007-01-30 00:00:00,0.84666026,0.15333976,3.7575088e-22,0.0,-0.7517056,0.84666026,0.84666026
2007-01-31 00:00:00,0.0033260297,0.9966263,4.763634e-05,1.0,-0.052823674,0.0033412543,0.9966263
2007-02-01 00:00:00,0.00023533187,0.9372794,0.06248527,1.0,-0.0022692406,0.020205611,0.9372794
2007-02-02 00:00:00,8.4982385e-05,0.75511664,0.24479838,1.0,0.13799201,0.0783225,0.75511664
2007-02-05 00:00:00,0.0009935099,0.9900914,0.008915083,1.0,-0.04407474,0.0038427687,0.9900914
2007-02-06 00:00:00,6.0759234e-05,0.6547774,0.3451618,1.0,0.21515737,0.110374406,0.6547774
2007-02-07 00:00:00,0.056982927,2.8778768e-12,0.94301707,2.0,0.62753475,0.35837102,0.94301707
2007-02-08 00:00:00,0.04024673,0.0,0.9597533,2.0,0.65426797,0.3469837,0.9597533
2007-02-09 00:00:00,0.055682015,5.722646e-12,0.944318,2.0,0.6296127,0.35748586,0.944318
2007-02-12 00:00:00,9.521745e-05,0.9604112,0.03949357,1.0,-0.019825919,0.012717354,0.9604112
2007-02-13 00:00:00,0.07226679,5.113544e-23,0.9277332,2.0,0.6031214,0.36877015,0.9277332
2007-02-14 00:00:00,0.0032340002,0.0,0.996766,2.0,0.71338946,0.32180023,0.996766
2007-02-15 00:00:00,0.012536642,0.0,0.98746336,2.0,0.6985301,0.32812974,0.98746336
2007-02-16 00:00:00,0.008502715,0.0,0.9914973,2.0,0.7049736,0.32538506,0.9914973
2007-02-19 00:00:00,0.002038483,0.0,0.9979615,2.0,0.71529907,0.3209868,0.9979615
2007-02-20 00:00:00,0.05078235,5.446378e-31,0.9492177,2.0,0.6374391,0.35415214,0.9492177
2007-02-21 00:00:00,0.0062395004,0.0,0.9937605,2.0,0.70858866,0.32384518,0.9937605
2007-02-22 00:00:00,0.0027026644,0.0,0.99729735,2.0,0.71423817,0.3214387,0.99729735
2007-02-23 00:00:00,6.3451807e-06,0.0,0.9999937,2.0,0.7185451,0.31960413,0.9999937
2007-02-26 00:00:00,3.403626e-05,0.0,0.99996597,2.0,0.71850085,0.31962296,0.99996597
2007-02-27 00:00:00,9.949338e-07,0.0,0.999999,2.0,0.7185536,0.3196005,0.999999
2007-02-28 00:00:00,0.00039226352,0.0,0.99960774,2.0,0.71792865,0.31986672,0.99960774
2007-03-01 00:00:00,0.022060527,0.0,0.9779395,2.0,0.6833173,0.3346098,0.9779395
2007-03-02 00:00:00,2.8830655e-05,0.0,0.99997115,2.0,0.71850914,0.31961945,0.99997115
2007-03-05 00:00:00,0.020537654,0.0,0.9794623,2.0,0.6857498,0.33357364,0.9794623
2007-03-06 00:00:00,0.020700226,0.0,0.9792998,2.0,0.68549013,0.33368427,0.9792998
2007-03-07 00:00:00,0.020359954,0.0,0.97964007,2.0,0.68603367,0.33345273,0.97964007
2007-03-08 00:00:00,0.052183043,1.6325838e-18,0.94781697,2.0,0.6352017,0.35510516,0.94781697
2007-03-09 00:00:00,0.05321314,4.7116495e-20,0.9467869,2.0,0.6335563,0.35580605,0.9467869
2007-03-12 00:00:00,0.00013822677,0.0,0.9998618,2.0,0.7183344,0.31969386,0.9998618
2007-03-13 00:00:00,0.016501876,0.0,0.9834981,2.0,0.69219625,0.33082768,0.9834981
2007-03-14 00:00:00,0.054091442,8.038714e-17,0.94590855,2.0,0.6321534,0.35640365,0.94590855
2007-03-15 00:00:00,0.03167896,1.65e-43,0.968321,2.0,0.6679535,0.3411542,0.968321
2007-03-16 00:00:00,0.0087670125,0.0,0.991233,2.0,0.7045514,0.3255649,0.991233
2007-03-19 00:00:00,0.01896965,0.0,0.98103034,2.0,0.6882544,0.33250678,0.98103034
2007-03-20 00:00:00,0.012933601,0.0,0.9870664,2.0,0.697896,0.32839984,0.9870664
2007-03-21 00:00:00,9.82985e-06,0.0,0.99999017,2.0,0.7185395,0.3196065,0.99999017
2007-03-22 00:00:00,0.001877009,0.0,0.998123,2.0,0.715557,0.32087693,0.998123
2007-03-23 00:00:00,0.051092267,1.9846178e-23,0.94890773,2.0,0.63694406,0.354363,0.94890773
2007-03-26 00:00:00,0.042272568,1.2753348e-31,0.95772743,2.0,0.65103203,0.3483621,0.95772743
2007-03-27 00:00:00,0.04939765,3.277724e-25,0.95060235,2.0,0.6396509,0.35321,0.95060235
2007-03-28 00:00:00,0.037765626,2.4529792e-09,0.9622344,2.0,0.6582311,0.34529555,0.9622344
2007-03-29 00:00:00,0.020475669,0.0,0.9795243,2.0,0.68584883,0.33353147,0.9795243
2007-03-30 00:00:00,0.019642634,0.0,0.98035735,2.0,0.68717945,0.33296466,0.98035735
2007-04-02 00:00:00,2.6759213e-07,0.0,0.99999976,2.0,0.7185548,0.3196,0.99999976
2007-04-03 00:00:00,0.0055708117,0.0,0.9944292,2.0,0.7096568,0.3233902,0.9944292
2007-04-04 00:00:00,0.0029752792,0.0,0.9970247,2.0,0.7138027,0.3216242,0.9970247
2007-04-05 00:00:00,3.7585173e-07,0.0,0.99999964,2.0,0.7185546,0.31960008,0.99999964
2007-04-06 00:00:00,7.2971425e-06,0.0,0.9999927,2.0,0.7185435,0.31960478,0.9999927
2007-04-09 00:00:00,0.018994348,0.0,0.98100567,2.0,0.68821496,0.33252358,0.98100567
2007-04-10 00:00:00,0.00017621483,0.0,0.9998238,2.0,0.7182737,0.3197197,0.9998238
2007-04-11 00:00:00,0.0025730457,0.0,0.9974269,2.0,0.7144452,0.3213505,0.9974269
2007-04-12 00:00:00,0.0020643822,0.0,0.9979356,2.0,0.7152577,0.32100442,0.9979356
2007-04-13 00:00:00,0.0010038986,0.0,0.9989961,2.0,0.71695167,0.32028288,0.9989961
2007-04-16 00:00:00,0.0009828587,0.0,0.9990171,2.0,0.7169852,0.32026854,0.9990171
2007-04-17 00:00:00,4.5056913e-05,0.0,0.99995494,2.0,0.7184832,0.31963047,0.99995494
2007-04-18 00:00:00,0.001225249,0.0,0.99877477,2.0,0.7165981,0.32043347,0.99877477
2007-04-19 00:00:00,1.1270858e-07,0.0,0.9999999,2.0,0.71855503,0.3195999,0.9999999
2007-04-20 00:00:00,6.3440044e-09,0.0,1.0,2.0,0.7185552,0.3195998,1.0
2007-04-23 00:00:00,1.1147078e-05,0.0,0.99998885,2.0,0.7185374,0.3196074,0.99998885
2007-04-24 00:00:00,2.8601633e-07,0.0,0.9999997,2.0,0.71855474,0.31960002,0.9999997
2007-04-25 00:00:00,4.164439e-11,0.0,1.0,2.0,0.7185552,0.3195998,1.0
2007-04-26 00:00:00,3.7145314e-06,0.0,0.9999963,2.0,0.71854925,0.31960234,0.9999963
2007-04-27 00:00:00,7.859692e-08,0.0,0.99999994,2.0,0.7185551,0.31959987,0.99999994
2007-04-30 00:00:00,5.2310804e-07,0.0,0.99999946,2.0,0.7185544,0.31960016,0.99999946
2007-05-01 00:00:00,4.950832e-07,0.0,0.9999995,2.0,0.71855444,0.31960016,0.9999995
2007-05-02 00:00:00,0.0003232615,0.0,0.99967676,2.0,0.71803886,0.31981978,0.99967676
2007-05-03 00:00:00,0.056825444,4.3021903e-33,0.94317454,2.0,0.6277863,0.35826385,0.94317454
2007-05-04 00:00:00,0.00067091896,0.0,0.9993291,2.0,0.7174835,0.32005632,0.9993291
2007-05-07 00:00:00,1.2088996e-05,0.0,0.9999879,2.0,0.7185359,0.31960803,0.9999879
2007-05-08 00:00:00,0.06243084,2.5798483e-24,0.93756914,2.0,0.61883265,0.36207777,0.93756914
2007-05-09 00:00:00,0.058312956,4.6448747e-18,0.94168705,2.0,0.62541026,0.35927597,0.94168705
2007-05-10 00:00:00,0.00015771612,0.17576,0.82408226,2.0,0.58320373,0.26353428,0.82408226
2007-05-11 00:00:00,0.00014227843,0.23536643,0.76449126,2.0,0.53741133,0.24447355,0.76449126
2007-05-14 00:00:00,0.000114111615,0.8727933,0.12709257,1.0,0.047492214,0.04073287,0.8727933
2007-05-15 00:00:00,0.000101224396,0.9182057,0.08169311,1.0,0.012606178,0.026210329,0.9182057
2007-05-16 00:00:00,0.000915553,0.9460906,0.052993886,1.0,-0.01012856,0.017852388,0.9460906
2007-05-17 00:00:00,0.003224787,0.99475074,0.0020244655,1.0,-0.051220268,0.0038718057,0.99475074
2007-05-18 00:00:00,0.00045828958,0.93981284,0.059728898,1.0,-0.004572709,0.019547634,0.93981284
2007-05-21 00:00:00,0.0013280263,0.9934543,0.0052176956,1.0,-0.047193978,0.002995601,0.9934543
2007-05-22 00:00:00,0.18672928,0.8132698,9.043522e-07,1.0,-0.20484027,0.18672957,0.8132698
2007-05-23 00:00:00,0.17215188,0.8278473,8.372526e-07,1.0,-0.19276047,0.17215215,0.8278473
2007-05-24 00:00:00,0.08118637,0.9188056,8.051268e-06,1.0,-0.117374584,0.08118894,0.9188056
2007-05-25 00:00:00,0.99741036,0.0025896432,7.81732e-11,0.0,-0.8766276,0.99741036,0.99741036
2007-05-28 00:00:00,0.9280699,0.0719301,1.2561131e-08,0.0,-0.81916726,0.9280699,0.9280699
2007-05-29 00:00:00,0.32201195,0.6778023,0.00018572298,1.0,-0.31680283,0.32207128,0.6778023
2007-05-30 00:00:00,0.48968932,0.51027393,3.6764977e-05,1.0,-0.45586643,0.48970106,0.51027393
2007-05-31 00:00:00,0.0014702975,0.9769626,0.021567088,1.0,-0.034744762,0.008363134,0.9769626
2007-06-01 00:00:00,0.67566913,0.32390252,0.0004283571,0.0,-0.6096812,0.67580605,0.67566913
2007-06-04 00:00:00,0.0020196168,0.9847496,0.0132307755,1.0,-0.04160775,0.0062481705,0.9847496
2007-06-05 00:00:00,4.7139067e-05,0.58585566,0.4140972,1.0,0.2681565,0.13239253,0.58585566
2007-06-06 00:00:00,5.5299366e-05,0.67523587,0.32470885,1.0,0.19944054,0.103832185,0.67523587
2007-06-07 00:00:00,8.1723745e-05,0.7914889,0.20842938,1.0,0.110039346,0.06669571,0.7914889
2007-06-08 00:00:00,0.18752617,0.8123108,0.00016298545,1.0,-0.20537604,0.18757826,0.8123108
2007-06-11 00:00:00,0.9905723,0.009427691,1.3106839e-08,0.0,-0.8709611,0.9905723,0.9905723
2007-06-12 00:00:00,1.0,1.2253736e-11,1.7893476e-24,0.0,-0.87877357,1.0,1.0
2007-06-13 00:00:00,1.0,1.3260232e-08,1.7750768e-13,0.0,-0.87877357,1.0,1.0
2007-06-14 00:00:00,0.99999976,2.5032855e-07,3.9887518e-10,0.0,-0.8787734,0.99999976,0.99999976
2007-06-15 00:00:00,0.014880794,0.9809645,0.0041547315,1.0,-0.059241798,0.016208645,0.9809645
2007-06-18 00:00:00,7.5855314e-05,0.8100541,0.18987,1.0,0.095778376,0.060758274,0.8100541
2007-06-19 00:00:00,4.804275e-05,0.6864779,0.31347406,1.0,0.19081083,0.10023429,0.6864779
2007-06-20 00:00:00,0.000109938504,0.8533726,0.1465175,1.0,0.062426824,0.046936903,0.8533726
2007-06-21 00:00:00,5.396265e-05,0.7197203,0.28022575,1.0,0.1652493,0.089614056,0.7197203
2007-06-22 00:00:00,0.00017768708,0.94418895,0.055633374,1.0,-0.0074882447,0.017958103,0.94418895
2007-06-25 00:00:00,2.6979911e-05,0.9545842,0.04538881,1.0,-0.015237939,0.014533235,0.9545842
2007-06-26 00:00:00,5.7405836e-05,0.6795572,0.3203854,1.0,0.19611554,0.10245252,0.6795572
2007-06-27 00:00:00,4.855583e-05,0.9711288,0.02882265,1.0,-0.02798955,0.00926027,0.9711288
2007-06-28 00:00:00,5.240969e-05,0.69317114,0.30677646,1.0,0.18565904,0.09809811,0.69317114
2007-06-29 00:00:00,0.0532897,8.636174e-16,0.9467103,2.0,0.63343406,0.35585815,0.9467103
2007-07-02 00:00:00,0.04693015,7.329107e-31,0.95306987,2.0,0.6435923,0.3515311,0.95306987
2007-07-03 00:00:00,0.045709647,2.0696784e-13,0.95429033,2.0,0.64554185,0.35070068,0.95429033
2007-07-04 00:00:00,0.047921095,8.80975e-28,0.9520789,2.0,0.64200944,0.35220534,0.9520789
2007-07-05 00:00:00,0.009071616,0.0,0.9909284,2.0,0.70406485,0.32577214,0.9909284
2007-07-06 00:00:00,1.2284794e-06,0.0,0.99999875,2.0,0.71855325,0.31960064,0.99999875
2007-07-09 00:00:00,5.018575e-08,0.0,0.99999994,2.0,0.7185551,0.31959984,0.99999994
2007-07-10 00:00:00,6.0928453e-24,0.0,1.0,2.0,0.7185552,0.3195998,1.0
2007-07-11 00:00:00,1.5969762e-23,0.0,1.0,2.0,0.7185552,0.3195998,1.0
2007-07-12 00:00:00,1.02462485e-26,0.0,1.0,2.0,0.7185552,0.3195998,1.0
2007-07-13 00:00:00,1.5305691e-19,0.0,1.0,2.0,0.7185552,0.3195998,1.0
2007-07-16 00:00:00,2.809129e-16,0.0,1.0,2.0,0.7185552,0.3195998,1.0
2007-07-17 00:00:00,4.2315103e-17,0.0,1.0,2.0,0.7185552,0.3195998,1.0
2007-07-18 00:00:00,3.8750726e-22,0.0,1.0,2.0,0.7185552,0.3195998,1.0
2007-07-19 00:00:00,2.160069e-22,0.0,1.0,2.0,0.7185552,0.3195998,1.0
2007-07-20 00:00:00,1.1364953e-17,0.0,1.0,2.0,0.7185552,0.3195998,1.0
2007-07-23 00:00:00,1.0204876e-14,0.0,1.0,2.0,0.7185552,0.3195998,1.0
2007-07-24 00:00:00,2.4301863e-18,0.0,1.0,2.0,0.7185552,0.3195998,1.0
2007-07-25 00:00:00,2.5219853e-07,0.0,0.99999976,2.0,0.7185548,0.3196,0.99999976
2007-07-26 00:00:00,1.5555743e-10,0.0,1.0,2.0,0.7185552,0.3195998,1.0
2007-07-27 00:00:00,0.0502366,1.3012216e-17,0.9497634,2.0,0.63831085,0.3537808,0.9497634
2007-07-30 00:00:00,0.04949744,2.4288307e-20,0.9505026,2.0,0.6394915,0.3532779,0.9505026
2007-07-31 00:00:00,0.028853409,2.8156222e-07,0.9711463,2.0,0.6724666,0.33923158,0.9711463
2007-08-01 00:00:00,0.0150816245,0.0022401072,0.9826783,2.0,0.692743,0.32914543,0.9826783
2007-08-02 00:00:00,0.046752933,1.4123186e-22,0.9532471,2.0,0.6438754,0.3514105,0.9532471
2007-08-03 00:00:00,0.024824236,1.36055e-40,0.97517574,2.0,0.67890275,0.33649024,0.97517574
2007-08-06 00:00:00,0.004342003,0.0,0.995658,2.0,0.7116196,0.3225541,0.995658
2007-08-07 00:00:00,0.000111999936,0.8824878,0.11740024,1.0,0.04004386,0.037633095,0.8824878
2007-08-08 00:00:00,0.016723782,0.0014802506,0.98179597,2.0,0.690704,0.33050558,0.98179597
2007-08-09 00:00:00,0.001909792,0.9973287,0.0007614804,1.0,-0.05110138,0.002153161,0.9973287
2007-08-10 00:00:00,0.0008367739,0.9896611,0.009502118,1.0,-0.04349363,0.0038736493,0.9896611
2007-08-13 00:00:00,0.0035115413,0.9964859,2.5549089e-06,1.0,-0.053012054,0.0035123578,0.9964859
2007-08-14 00:00:00,0.024002453,0.97599757,1.3520241e-13,1.0,-0.06999421,0.024002453,0.97599757
2007-08-15 00:00:00,0.45938396,0.54061604,3.226047e-25,1.0,-0.43078157,0.45938396,0.54061604
2007-08-16 00:00:00,0.41817886,0.58182114,1.7285717e-24,1.0,-0.39663616,0.41817886,0.58182114
2007-08-17 00:00:00,0.3171991,0.6828009,2.4925513e-22,1.0,-0.31295735,0.3171991,0.6828009
2007-08-20 00:00:00,0.14621739,0.8537826,7.0334347e-20,1.0,-0.17127,0.14621739,0.8537826
2007-08-21 00:00:00,0.23664473,0.76335526,2.5980167e-23,1.0,-0.24620436,0.23664473,0.76335526
2007-08-22 00:00:00,0.005222541,0.9947767,7.1165357e-07,1.0,-0.054431323,0.0052227685,0.9947767
2007-08-23 00:00:00,0.0060676644,0.99393225,6.9089864e-08,1.0,-0.055132147,0.0060676862,0.99393225
2007-08-24 00:00:00,0.018563235,0.014587487,0.96684927,2.0,0.6776908,0.32756808,0.96684927
2007-08-27 00:00:00,0.00087160995,0.9897481,0.009380247,1.0,-0.043616172,0.0038695354,0.9897481
2007-08-28 00:00:00,0.0010181913,0.99522966,0.0037521438,1.0,-0.048063736,0.002217376,0.99522966
2007-08-29 00:00:00,0.0005991092,0.8678764,0.1315245,1.0,0.050496954,0.042634316,0.8678764
2007-08-30 00:00:00,0.0005742844,0.920174,0.07925169,1.0,0.010337546,0.02590311,0.920174
2007-08-31 00:00:00,0.0024545453,0.9975154,3.008854e-05,1.0,-0.05211499,0.0024641617,0.9975154
2007-09-03 00:00:00,0.006538294,0.99346167,1.4315384e-08,1.0,-0.055522185,0.0065382984,0.99346167
2007-09-04 00:00:00,0.002067537,0.9977492,0.00018323396,1.0,-0.05167657,0.0021260986,0.9977492
2007-09-05 00:00:00,0.0033412867,0.99664354,1.5189912e-05,1.0,-0.05286126,0.0033461412,0.99664354
2007-09-06 00:00:00,0.0015709604,0.7167945,0.28163457,1.0,0.16507511,0.091581315,0.7167945
2007-09-07 00:00:00,0.035284314,4.6143533e-08,0.96471566,2.0,0.6621945,0.34360725,0.96471566
2007-09-10 00:00:00,0.009334181,0.0,0.9906658,2.0,0.70364547,0.3259508,0.9906658
2007-09-11 00:00:00,1.020695e-07,0.0,0.9999999,2.0,0.71855503,0.3195999,0.9999999
2007-09-12 00:00:00,2.976696e-21,0.0,1.0,2.0,0.7185552,0.3195998,1.0
2007-09-13 00:00:00,2.4762218e-18,0.0,1.0,2.0,0.7185552,0.3195998,1.0
2007-09-14 00:00:00,1.4526992e-15,0.0,1.0,2.0,0.7185552,0.3195998,1.0
2007-09-17 00:00:00,1.2345241e-14,0.0,1.0,2.0,0.7185552,0.3195998,1.0
2007-09-18 00:00:00,1.1980561e-23,0.0,1.0,2.0,0.7185552,0.3195998,1.0
2007-09-19 00:00:00,2.8476616e-17,0.0,1.0,2.0,0.7185552,0.3195998,1.0
2007-09-20 00:00:00,2.1331441e-23,0.0,1.0,2.0,0.7185552,0.3195998,1.0
2007-09-21 00:00:00,3.0797986e-16,0.0,1.0,2.0,0.7185552,0.3195998,1.0
2007-09-24 00:00:00,8.991087e-19,0.0,1.0,2.0,0.7185552,0.3195998,1.0
2007-09-25 00:00:00,1.6355044e-34,0.0,1.0,2.0,0.7185552,0.3195998,1.0
2007-09-26 00:00:00,9.2767064e-23,0.0,1.0,2.0,0.7185552,0.3195998,1.0
2007-09-27 00:00:00,4.938717e-25,0.0,1.0,2.0,0.7185552,0.3195998,1.0
2007-09-28 00:00:00,2.84e-43,0.0,1.0,2.0,0.7185552,0.3195998,1.0
2007-10-01 00:00:00,5.439436e-39,0.0,1.0,2.0,0.7185552,0.3195998,1.0
2007-10-02 00:00:00,2.7514714e-25,0.0,1.0,2.0,0.7185552,0.3195998,1.0
2007-10-03 00:00:00,1.7410691e-16,0.0,1.0,2.0,0.7185552,0.3195998,1.0
2007-10-04 00:00:00,2.6964502e-16,0.0,1.0,2.0,0.7185552,0.3195998,1.0
2007-10-05 00:00:00,1.4103548e-11,0.0,1.0,2.0,0.7185552,0.3195998,1.0
2007-10-08 00:00:00,9.221812e-05,0.0,0.9999078,2.0,0.71840787,0.31966257,0.9999078
2007-10-09 00:00:00,2.9429639e-05,0.0,0.99997056,2.0,0.7185082,0.31961983,0.99997056
2007-10-10 00:00:00,0.00019622747,0.0,0.9998038,2.0,0.71824175,0.31973332,0.9998038
2007-10-11 00:00:00,6.43144e-08,0.0,0.99999994,2.0,0.7185551,0.31959987,0.99999994
2007-10-12 00:00:00,1.6884692e-06,0.0,0.99999833,2.0,0.71855253,0.31960097,0.99999833
2007-10-15 00:00:00,6.617838e-08,0.0,0.99999994,2.0,0.7185551,0.31959987,0.99999994
2007-10-16 00:00:00,0.006077672,0.0,0.99392235,2.0,0.70884717,0.32373506,0.99392235
2007-10-17 00:00:00,0.0010329486,0.0,0.99896705,2.0,0.71690524,0.32030264,0.99896705
2007-10-18 00:00:00,0.0020980637,0.0,0.9979019,2.0,0.7152039,0.32102734,0.9979019
2007-10-19 00:00:00,0.0036341953,0.0,0.9963658,2.0,0.7127502,0.32207254,0.9963658
2007-10-22 00:00:00,0.0513372,6.6256717e-16,0.9486628,2.0,0.6365528,0.35452965,0.9486628
2007-10-23 00:00:00,0.05128755,3.368375e-17,0.94871247,2.0,0.63663214,0.35449588,0.94871247
2007-10-24 00:00:00,0.045512117,2.2201144e-26,0.95448786,2.0,0.6458574,0.35056627,0.95448786
2007-10-25 00:00:00,0.02397827,2.2258e-41,0.9760217,2.0,0.68025404,0.33591464,0.9760217
2007-10-26 00:00:00,0.05021891,3.579654e-22,0.94978106,2.0,0.6383391,0.35376877,0.94978106
2007-10-29 00:00:00,0.013930453,0.0,0.98606956,2.0,0.69630367,0.3290781,0.98606956
2007-10-30 00:00:00,1.1288811e-05,0.0,0.99998873,2.0,0.71853715,0.3196075,0.99998873
2007-10-31 00:00:00,1.0148105e-10,0.0,1.0,2.0,0.7185552,0.3195998,1.0
2007-11-01 00:00:00,6.4351734e-06,0.0,0.99999356,2.0,0.7185449,0.3196042,0.99999356
2007-11-02 00:00:00,2.0092499e-09,0.0,1.0,2.0,0.7185552,0.3195998,1.0
2007-11-05 00:00:00,2.4344262e-14,0.0,1.0,2.0,0.7185552,0.3195998,1.0
2007-11-06 00:00:00,7.6266386e-16,0.0,1.0,2.0,0.7185552,0.3195998,1.0
2007-11-07 00:00:00,1.1031531e-17,0.0,1.0,2.0,0.7185552,0.3195998,1.0
2007-11-08 00:00:00,2.3309336e-17,0.0,1.0,2.0,0.7185552,0.3195998,1.0
2007-11-09 00:00:00,1.2682917e-19,0.0,1.0,2.0,0.7185552,0.3195998,1.0
2007-11-12 00:00:00,8.73972e-07,0.0,0.9999991,2.0,0.7185538,0.3196004,0.9999991
2007-11-13 00:00:00,3.3603524e-13,0.0,1.0,2.0,0.7185552,0.3195998,1.0
2007-11-14 00:00:00,3.2465597e-13,0.0,1.0,2.0,0.7185552,0.3195998,1.0
2007-11-15 00:00:00,4.951447e-07,0.0,0.9999995,2.0,0.71855444,0.31960016,0.9999995
2007-11-16 00:00:00,2.4110772e-08,0.0,1.0,2.0,0.71855515,0.31959984,1.0
2007-11-19 00:00:00,4.730158e-18,0.0,1.0,2.0,0.7185552,0.3195998,1.0
2007-11-20 00:00:00,1.3821484e-24,0.0,1.0,2.0,0.7185552,0.3195998,1.0
2007-11-21 00:00:00,6.80366e-26,0.0,1.0,2.0,0.7185552,0.3195998,1.0
2007-11-22 00:00:00,4.461964e-21,0.0,1.0,2.0,0.7185552,0.3195998,1.0
2007-11-23 00:00:00,5.1107287e-15,0.0,1.0,2.0,0.7185552,0.3195998,1.0
2007-11-26 00:00:00,1.0567223e-15,0.0,1.0,2.0,0.7185552,0.3195998,1.0
2007-11-27 00:00:00,2.6149255e-11,0.0,1.0,2.0,0.7185552,0.3195998,1.0
2007-11-28 00:00:00,7.3345685e-10,0.0,1.0,2.0,0.7185552,0.3195998,1.0
2007-11-29 00:00:00,8.860622e-08,0.0,0.99999994,2.0,0.71855503,0.31959987,0.99999994
2007-11-30 00:00:00,0.056284405,4.1980747e-28,0.9437156,2.0,0.6286505,0.35789573,0.9437156
2007-12-03 00:00:00,0.007920181,0.0,0.9920798,2.0,0.70590407,0.32498872,0.9920798
2007-12-04 00:00:00,0.005414623,0.0,0.9945854,2.0,0.7099063,0.32328394,0.9945854
2007-12-05 00:00:00,0.0322397,0.279843,0.6879173,2.0,0.45195386,0.25209793,0.6879173
2007-12-06 00:00:00,0.02131955,0.3736453,0.6050352,2.0,0.39729494,0.21468867,0.6050352
2007-12-07 00:00:00,0.01530187,0.47943354,0.5052646,2.0,0.325592,0.17678434,0.5052646
2007-12-10 00:00:00,0.008409956,0.0,0.99159,2.0,0.70512176,0.32532194,0.99159
2007-12-11 00:00:00,0.023181109,0.0031924113,0.9736265,2.0,0.67907345,0.33435196,0.9736265
2007-12-12 00:00:00,0.039200734,1.503149e-06,0.9607978,2.0,0.65593755,0.3462715,0.9607978
2007-12-13 00:00:00,0.0030303127,0.63788176,0.3590879,1.0,0.22340102,0.117794745,0.63788176
2007-12-14 00:00:00,0.040303227,0.95969677,3.0670674e-11,1.0,-0.083502166,0.040303227,0.95969677
2007-12-17 00:00:00,0.051956695,0.9480433,3.544543e-13,1.0,-0.09315904,0.051956695,0.9480433
2007-12-18 00:00:00,0.44961247,0.55038756,1.7747533e-30,1.0,-0.42268422,0.44961247,0.55038756
2007-12-19 00:00:00,0.78817415,0.21182586,1.970775e-39,0.0,-0.70324,0.78817415,0.78817415
2007-12-20 00:00:00,0.95603925,0.043960754,1e-45,0.0,-0.84234464,0.95603925,0.95603925
2007-12-21 00:00:00,0.7952273,0.2047727,1.4289244e-34,0.0,-0.7090847,0.7952273,0.7952273
2007-12-24 00:00:00,0.8470486,0.15295143,3.385144e-38,0.0,-0.7520274,0.8470486,0.8470486
2007-12-25 00:00:00,0.60181147,0.39818853,1.5624344e-33,0.0,-0.5488069,0.60181147,0.60181147
2007-12-26 00:00:00,0.17620833,0.8237917,9.145239e-22,1.0,-0.19612257,0.17620833,0.8237917
2007-12-27 00:00:00,0.012278679,0.9877089,1.239888e-05,1.0,-0.060269546,0.012282642,0.9877089
2007-12-28 00:00:00,0.07803833,5.5178874e-14,0.92196167,2.0,0.59390235,0.37269711,0.92196167
2007-12-31 00:00:00,0.019917727,0.9745849,0.005497382,1.0,-0.06238371,0.021674689,0.9745849
2008-01-01 00:00:00,0.01395259,0.9860323,1.5093622e-05,1.0,-0.061654594,0.013957414,0.9860323
2008-01-02 00:00:00,0.05695664,1.1399568e-22,0.94304335,2.0,0.6275767,0.35835314,0.94304335
2008-01-03 00:00:00,0.06709138,1.4426859e-12,0.9329086,2.0,0.6113882,0.3652488,0.9329086
2008-01-04 00:00:00,0.067390166,4.6108755e-12,0.93260986,2.0,0.61091095,0.3654521,0.93260986
2008-01-07 00:00:00,0.0047550923,0.8261793,0.16906561,1.0,0.07590934,0.05878843,0.8261793
2008-01-08 00:00:00,0.04467999,0.00020339292,0.9551166,2.0,0.64703023,0.34993508,0.9551166
2008-01-09 00:00:00,0.0050385026,0.9343112,0.06065027,1.0,-0.00765997,0.024422318,0.9343112
2008-01-10 00:00:00,0.016650291,2e-44,0.9833497,2.0,0.6919592,0.33092868,0.9833497
2008-01-11 00:00:00,6.0513756e-08,0.0,0.99999994,2.0,0.7185551,0.31959987,0.99999994
2008-01-14 00:00:00,8.5973654e-14,0.0,1.0,2.0,0.7185552,0.3195998,1.0
2008-01-15 00:00:00,4.8681725e-09,0.0,1.0,2.0,0.7185552,0.3195998,1.0
2008-01-16 00:00:00,8.482485e-05,0.0,0.9999152,2.0,0.71841973,0.31965753,0.9999152
2008-01-17 00:00:00,8.528351e-06,0.0,0.9999915,2.0,0.71854156,0.31960562,0.9999915
2008-01-18 00:00:00,0.00091063645,0.0,0.99908936,2.0,0.7171006,0.32021943,0.99908936
2008-01-21 00:00:00,0.08935582,0.006237749,0.9044064,2.0,0.5710299,0.37840396,0.9044064
2008-01-22 00:00:00,0.0002976131,0.0,0.9997024,2.0,0.7180798,0.3198023,0.9997024
2008-01-23 00:00:00,0.055160638,3.7390743e-36,0.94483936,2.0,0.63044554,0.35713112,0.94483936
2008-01-24 00:00:00,0.03269123,2.242e-42,0.96730876,2.0,0.66633654,0.34184292,0.96730876
2008-01-25 00:00:00,0.4737968,0.3899704,0.13623278,0.0,-0.3380085,0.5173368,0.4737968
2008-01-28 00:00:00,0.005398849,0.0,0.99460113,2.0,0.70993143,0.32327318,0.99460113
2008-01-29 00:00:00,0.047119528,1.430051e-36,0.95288044,2.0,0.6432898,0.35165995,0.95288044
2008-01-30 00:00:00,0.121057704,4.8294904e-23,0.8789423,2.0,0.52518624,0.4019675,0.8789423
2008-01-31 00:00:00,0.09956959,3.4563897e-26,0.9004304,2.0,0.5595098,0.38734698,0.9004304
2008-02-01 00:00:00,0.22707984,1.3640235e-10,0.77292013,2.0,0.35583404,0.47410497,0.77292013
2008-02-04 00:00:00,0.053154424,1.8801823e-34,0.9468456,2.0,0.6336501,0.3557661,0.9468456
2008-02-05 00:00:00,0.70998085,0.2825634,0.0074557853,0.0,-0.6327126,0.7123637,0.70998085
2008-02-06 00:00:00,0.80220634,0.13986477,0.05792887,0.0,-0.6703405,0.82072043,0.80220634
2008-02-07 00:00:00,0.4162298,0.5837702,7.8203865e-20,1.0,-0.39502105,0.4162298,0.5837702
2008-02-08 00:00:00,0.19542427,0.80457574,3.252544e-15,1.0,-0.21204624,0.19542427,0.80457574
2008-02-11 00:00:00,0.58131874,0.41868126,2.8221465e-24,0.0,-0.5318252,0.58131874,0.58131874
2008-02-12 00:00:00,0.14101811,0.8589819,1.2837014e-11,1.0,-0.1669615,0.14101811,0.8589819
2008-02-13 00:00:00,0.19755019,0.80215836,0.0002914442,1.0,-0.2135839,0.19764334,0.80215836
2008-02-14 00:00:00,0.29642293,0.016751109,0.68682593,2.0,0.23219441,0.5159324,0.68682593
2008-02-15 00:00:00,0.29611126,1.2750068e-11,0.7038887,2.0,0.24556816,0.521074,0.7038887
2008-02-18 00:00:00,0.0009608853,0.0,0.9990391,2.0,0.71702033,0.3202536,0.9990391
2008-02-19 00:00:00,0.061859787,1.63959e-11,0.9381402,2.0,0.6197448,0.36168924,0.9381402
2008-02-20 00:00:00,0.06359378,7.704426e-14,0.9364062,2.0,0.616975,0.36286902,0.9364062
2008-02-21 00:00:00,0.025541913,0.0051444885,0.9693136,2.0,0.673802,0.33533436,0.9693136
2008-02-22 00:00:00,0.039687935,7.890828e-30,0.96031207,2.0,0.65516055,0.34660348,0.96031207
2008-02-25 00:00:00,0.019287754,0.007144735,0.9735675,2.0,0.68225443,0.33043975,0.9735675
2008-02-26 00:00:00,0.0015181523,0.0,0.99848187,2.0,0.7161302,0.32063276,0.99848187
2008-02-27 00:00:00,2.443834e-05,0.0,0.99997556,2.0,0.7185162,0.31961644,0.99997556
2008-02-28 00:00:00,1.035721e-06,0.0,0.999999,2.0,0.71855354,0.31960052,0.999999
2008-02-29 00:00:00,4.113199e-09,0.0,1.0,2.0,0.7185552,0.3195998,1.0
2008-03-03 00:00:00,6.397555e-09,0.0,1.0,2.0,0.7185552,0.3195998,1.0
2008-03-04 00:00:00,1.4808527e-24,0.0,1.0,2.0,0.7185552,0.3195998,1.0
2008-03-05 00:00:00,1.3813613e-32,0.0,1.0,2.0,0.7185552,0.3195998,1.0
2008-03-06 00:00:00,0.0,0.0,1.0,2.0,0.7185552,0.3195998,1.0
2008-03-07 00:00:00,0.0,0.0,1.0,2.0,0.7185552,0.3195998,1.0
2008-03-10 00:00:00,0.0,0.0,1.0,2.0,0.7185552,0.3195998,1.0
2008-03-11 00:00:00,0.0,0.0,1.0,2.0,0.7185552,0.3195998,1.0
2008-03-12 00:00:00,0.0,0.0,1.0,2.0,0.7185552,0.3195998,1.0
2008-03-13 00:00:00,0.0,0.0,1.0,2.0,0.7185552,0.3195998,1.0
2008-03-14 00:00:00,0.0,0.0,1.0,2.0,0.7185552,0.3195998,1.0
2008-03-17 00:00:00,0.0,0.0,1.0,2.0,0.7185552,0.3195998,1.0
2008-03-18 00:00:00,0.0,0.0,1.0,2.0,0.7185552,0.3195998,1.0
2008-03-19 00:00:00,0.0,0.0,1.0,2.0,0.7185552,0.3195998,1.0
2008-03-20 00:00:00,1.4546701e-25,0.0,1.0,2.0,0.7185552,0.3195998,1.0
2008-03-21 00:00:00,1.2063695e-23,0.0,1.0,2.0,0.7185552,0.3195998,1.0
2008-03-24 00:00:00,1.3184273e-23,0.0,1.0,2.0,0.7185552,0.3195998,1.0
2008-03-25 00:00:00,2.9971435e-24,0.0,1.0,2.0,0.7185552,0.3195998,1.0
2008-03-26 00:00:00,3.755729e-31,0.0,1.0,2.0,0.7185552,0.3195998,1.0
2008-03-27 00:00:00,7.66475e-25,0.0,1.0,2.0,0.7185552,0.3195998,1.0
2008-03-28 00:00:00,1.2456189e-24,0.0,1.0,2.0,0.7185552,0.3195998,1.0
2008-03-31 00:00:00,3.452573e-20,0.0,1.0,2.0,0.7185552,0.3195998,1.0
2008-04-01 00:00:00,2.403513e-10,0.0,1.0,2.0,0.7185552,0.3195998,1.0
2008-04-02 00:00:00,1.2253515e-09,0.0,1.0,2.0,0.7185552,0.3195998,1.0
2008-04-03 00:00:00,4.655793e-05,0.0,0.99995345,2.0,0.7184808,0.3196315,0.99995345
2008-04-04 00:00:00,6.205318e-09,0.0,1.0,2.0,0.7185552,0.3195998,1.0
2008-04-07 00:00:00,2.0513014e-08,0.0,1.0,2.0,0.71855515,0.31959984,1.0
2008-04-08 00:00:00,7.382271e-08,0.0,0.99999994,2.0,0.7185551,0.31959987,0.99999994
2008-04-09 00:00:00,0.0001116875,0.0,0.9998883,2.0,0.7183768,0.3196758,0.9998883
2008-04-10 00:00:00,0.071451955,3.6601318e-29,0.92854804,2.0,0.6044229,0.36821574,0.92854804
2008-04-11 00:00:00,0.07075997,2.4727758e-29,0.92924005,2.0,0.60552824,0.36774492,0.92924005
2008-04-14 00:00:00,0.12894033,2.804316e-13,0.87105966,2.0,0.5125951,0.40733084,0.87105966
2008-04-15 00:00:00,0.07044416,2.5303103e-27,0.92955583,2.0,0.6060327,0.36753005,0.92955583
2008-04-16 00:00:00,1.6258078e-05,0.0,0.9999837,2.0,0.7185292,0.3196109,0.9999837
2008-04-17 00:00:00,8.2557814e-14,0.0,1.0,2.0,0.7185552,0.3195998,1.0
2008-04-18 00:00:00,8.157005e-09,0.0,1.0,2.0,0.7185552,0.31959984,1.0
2008-04-21 00:00:00,6.36032e-13,0.0,1.0,2.0,0.7185552,0.3195998,1.0
2008-04-22 00:00:00,2.3847215e-07,0.0,0.99999976,2.0,0.7185548,0.3196,0.99999976
2008-04-23 00:00:00,0.02678998,0.00010415447,0.97310585,2.0,0.6756827,0.33779442,0.97310585
2008-04-24 00:00:00,0.010399712,0.9892472,0.00035305644,1.0,-0.058450654,0.010512549,0.9892472
2008-04-25 00:00:00,0.010352386,0.98962796,1.9677474e-05,1.0,-0.058667693,0.010358675,0.98962796
2008-04-28 00:00:00,0.0063099125,0.98974705,0.0039430186,1.0,-0.052302107,0.0075701005,0.98974705
2008-04-29 00:00:00,0.0024320448,0.89199793,0.10557,1.0,0.02902789,0.036172196,0.89199793
2008-04-30 00:00:00,0.0023441669,0.9171632,0.080492646,1.0,0.00982477,0.028069602,0.9171632
2008-05-01 00:00:00,0.010505547,0.9894929,1.5652348e-06,1.0,-0.058808535,0.010506047,0.9894929
2008-05-02 00:00:00,0.07749264,0.92250735,1.6623716e-14,1.0,-0.1143199,0.07749264,0.92250735
2008-05-05 00:00:00,0.014984962,0.9850149,1.4631202e-07,1.0,-0.06252158,0.014985008,0.9850149
2008-05-06 00:00:00,0.010621141,0.98937577,3.0639153e-06,1.0,-0.058903173,0.01062212,0.98937577
2008-05-07 00:00:00,0.9789119,0.021088095,3.6801283e-30,0.0,-0.8612985,0.9789119,0.9789119
2008-05-08 00:00:00,0.28668904,0.71331096,6.6898158e-18,1.0,-0.28767458,0.28668904,0.71331096
2008-05-09 00:00:00,0.17077081,0.8292292,7.3463263e-16,1.0,-0.19161667,0.17077081,0.8292292
2008-05-12 00:00:00,0.083786696,0.91621333,3.0007577e-13,1.0,-0.11953559,0.083786696,0.91621333
2008-05-13 00:00:00,0.14957102,0.850429,9.924026e-15,1.0,-0.17404905,0.14957102,0.850429
2008-05-14 00:00:00,0.92167807,0.078321934,1.0208015e-29,0.0,-0.8138706,0.92167807,0.92167807
2008-05-15 00:00:00,0.7552516,0.24474844,2.3258934e-27,0.0,-0.67595804,0.7552516,0.7552516
2008-05-16 00:00:00,0.016740372,0.9832596,8.5438234e-10,1.0,-0.06397635,0.016740372,0.9832596
2008-05-19 00:00:00,0.20501925,0.79498076,5.6769866e-21,1.0,-0.2199973,0.20501925,0.79498076
2008-05-20 00:00:00,0.0689627,0.9310373,6.761995e-16,1.0,-0.10725139,0.0689627,0.9310373
2008-05-21 00:00:00,0.013237685,0.9848517,0.0019106221,1.0,-0.05960516,0.01384832,0.9848517
2008-05-22 00:00:00,0.04028704,6.431189e-05,0.95964867,2.0,0.6541541,0.3469906,0.95964867
2008-05-23 00:00:00,0.054226488,4.0587014e-21,0.94577354,2.0,0.6319377,0.35649553,0.94577354
2008-05-26 00:00:00,0.05686629,5.8203137e-19,0.9431337,2.0,0.627721,0.35829166,0.9431337
2008-05-27 00:00:00,0.059644666,3.8532701e-16,0.94035536,2.0,0.6232831,0.36018205,0.94035536
2008-05-28 00:00:00,0.020439308,0.077917114,0.9016436,2.0,0.6260152,0.30860442,0.9016436
2008-05-29 00:00:00,0.024886338,0.017486507,0.9576272,2.0,0.66536236,0.3309438,0.9576272
2008-05-30 00:00:00,0.054376494,2.3500195e-20,0.9456235,2.0,0.6316981,0.3565976,0.9456235
2008-06-02 00:00:00,0.019543,0.040850107,0.9396069,2.0,0.6559388,0.3198412,0.9396069
2008-06-03 00:00:00,0.0018020448,0.9721899,0.026008058,1.0,-0.031606074,0.010114215,0.9721899
2008-06-04 00:00:00,0.041744843,1.6515112e-09,0.9582552,2.0,0.65187496,0.34800303,0.9582552
2008-06-05 00:00:00,0.016925745,8e-45,0.98307425,2.0,0.6915192,0.3311161,0.98307425
2008-06-06 00:00:00,8.323993e-05,0.0,0.99991673,2.0,0.71842223,0.31965646,0.99991673
2008-06-09 00:00:00,0.07210241,2.1855285e-19,0.9278976,2.0,0.60338396,0.3686583,0.9278976
2008-06-10 00:00:00,0.06651517,0.39438516,0.53909963,2.0,0.30916077,0.23881133,0.53909963
2008-06-11 00:00:00,0.1386946,1.00098e-15,0.8613054,2.0,0.4970143,0.41396764,0.8613054
2008-06-12 00:00:00,0.19481944,0.15985572,0.6453248,2.0,0.28448993,0.40106514,0.6453248
2008-06-13 00:00:00,0.041787498,0.95821244,4.3805965e-08,1.0,-0.0847321,0.041787513,0.95821244
2008-06-16 00:00:00,0.152084,0.79916495,0.04875107,1.0,-0.13865851,0.16766483,0.79916495
2008-06-17 00:00:00,0.039966445,0.9599211,0.00011245194,1.0,-0.08313665,0.040002383,0.9599211
2008-06-18 00:00:00,0.038550414,0.96144956,8.602757e-10,1.0,-0.08204966,0.038550414,0.96144956
2008-06-19 00:00:00,0.04236578,0.9576342,1.1104752e-09,1.0,-0.08521134,0.04236578,0.9576342
2008-06-20 00:00:00,0.036939252,0.96304756,1.3177868e-05,1.0,-0.08070441,0.036943465,0.96304756
2008-06-23 00:00:00,0.09865247,0.9013475,6.876941e-11,1.0,-0.1318544,0.09865247,0.9013475
2008-06-24 00:00:00,0.049206473,0.94988,0.00091350544,1.0,-0.09017784,0.04949843,0.94988
2008-06-25 00:00:00,0.11181599,0.03721939,0.8509646,2.0,0.51133925,0.38378412,0.8509646
2008-06-26 00:00:00,0.0023670993,0.0,0.9976329,2.0,0.7147742,0.32121038,0.9976329
2008-06-27 00:00:00,0.0026164898,0.0,0.99738353,2.0,0.7143758,0.32138008,0.99738353
2008-06-30 00:00:00,0.006484799,0.0,0.9935152,2.0,0.7081968,0.32401207,0.9935152
2008-07-01 00:00:00,8.868279e-06,0.0,0.9999911,2.0,0.718541,0.31960586,0.9999911
2008-07-02 00:00:00,1.9237318e-09,0.0,1.0,2.0,0.7185552,0.3195998,1.0
2008-07-03 00:00:00,0.14104624,8.066837e-14,0.8589538,2.0,0.49325797,0.4155677,0.8589538
2008-07-04 00:00:00,0.012842741,0.96667546,0.020481804,1.0,-0.045002967,0.019388722,0.96667546
2008-07-07 00:00:00,0.070477,5.2180704e-09,0.929523,2.0,0.6059803,0.36755237,0.929523
2008-07-08 00:00:00,0.015192602,0.0,0.9848074,2.0,0.6942876,0.32993686,0.9848074
2008-07-09 00:00:00,0.036091197,5.3430722e-33,0.9639088,2.0,0.66090566,0.34415627,0.9639088
2008-07-10 00:00:00,1.1593327e-05,0.0,0.9999884,2.0,0.7185367,0.3196077,0.9999884
2008-07-11 00:00:00,2.9711044e-16,0.0,1.0,2.0,0.7185552,0.3195998,1.0
2008-07-14 00:00:00,4.2295625e-09,0.0,1.0,2.0,0.7185552,0.3195998,1.0
2008-07-15 00:00:00,3.497652e-08,0.0,0.99999994,2.0,0.71855515,0.31959984,0.99999994
2008-07-16 00:00:00,0.00049395376,0.0,0.99950606,2.0,0.71776617,0.31993592,0.99950606
2008-07-17 00:00:00,2.5701772e-06,0.0,0.99999744,2.0,0.7185511,0.31960157,0.99999744
2008-07-18 00:00:00,0.0026170628,0.0,0.99738294,2.0,0.7143749,0.32138047,0.99738294
2008-07-21 00:00:00,3.6312727e-08,0.0,0.99999994,2.0,0.71855515,0.31959984,0.99999994
2008-07-22 00:00:00,0.011671498,0.0,0.9883285,2.0,0.69991195,0.3275411,0.9883285
2008-07-23 00:00:00,0.0057764086,0.52954555,0.46467808,1.0,0.3022883,0.15428744,0.52954555
2008-07-24 00:00:00,0.0011477331,0.978612,0.02024025,1.0,-0.03549735,0.007616513,0.978612
2008-07-25 00:00:00,0.0012906705,0.9863016,0.012407757,1.0,-0.041636314,0.005256187,0.9863016
2008-07-28 00:00:00,0.0006366905,0.87691957,0.12244372,1.0,0.04348579,0.039769683,0.87691957
2008-07-29 00:00:00,0.007339612,0.99266016,2.465793e-07,1.0,-0.056186035,0.007339691,0.99266016
2008-07-30 00:00:00,0.025834251,0.97416574,4.395938e-14,1.0,-0.07151217,0.025834251,0.97416574
2008-07-31 00:00:00,0.00094031566,0.99191993,0.0071397666,1.0,-0.045395274,0.0032221838,0.99191993
2008-08-01 00:00:00,0.0019019917,0.99782604,0.00027199785,1.0,-0.05147116,0.0019889222,0.99782604
2008-08-04 00:00:00,0.0028050402,0.9971412,5.3758158e-05,1.0,-0.05238724,0.0028222213,0.9971412
2008-08-05 00:00:00,0.0056521995,0.99434745,3.6201038e-07,1.0,-0.05478764,0.0056523154,0.99434745
2008-08-06 00:00:00,0.050270654,0.9497293,1.5516177e-15,1.0,-0.091761865,0.050270654,0.9497293
2008-08-07 00:00:00,0.59386,0.40614,6.998621e-35,0.0,-0.54221773,0.59386,0.59386
2008-08-08 00:00:00,0.99999994,8.26352e-08,0.0,0.0,-0.8787735,0.99999994,0.99999994
2008-08-11 00:00:00,1.0,2.3142188e-10,0.0,0.0,-0.87877357,1.0,1.0
2008-08-12 00:00:00,1.0,1.3051069e-11,0.0,0.0,-0.87877357,1.0,1.0
2008-08-13 00:00:00,0.99999946,5.244502e-07,0.0,0.0,-0.87877315,0.99999946,0.99999946
2008-08-14 00:00:00,1.0,3.7653562e-14,0.0,0.0,-0.87877357,1.0,1.0
2008-08-15 00:00:00,1.0,1.9649296e-23,0.0,0.0,-0.87877357,1.0,1.0
2008-08-18 00:00:00,1.0,5.6620654e-22,0.0,0.0,-0.87877357,1.0,1.0
2008-08-19 00:00:00,1.0,2.8834985e-11,0.0,0.0,-0.87877357,1.0,1.0
2008-08-20 00:00:00,1.0,9.94244e-09,0.0,0.0,-0.87877357,1.0,1.0
2008-08-21 00:00:00,0.99999994,5.9456408e-08,0.0,0.0,-0.8787735,0.99999994,0.99999994
2008-08-22 00:00:00,1.0,1.043143e-14,0.0,0.0,-0.87877357,1.0,1.0
2008-08-25 00:00:00,1.0,2.5298093e-21,0.0,0.0,-0.87877357,1.0,1.0
2008-08-26 00:00:00,1.0,8.295054e-16,0.0,0.0,-0.87877357,1.0,1.0
2008-08-27 00:00:00,1.0,4.0076083e-14,0.0,0.0,-0.87877357,1.0,1.0
2008-08-28 00:00:00,1.0,4.237361e-18,0.0,0.0,-0.87877357,1.0,1.0
2008-08-29 00:00:00,1.0,2.612793e-19,0.0,0.0,-0.87877357,1.0,1.0
2008-09-01 00:00:00,1.0,1.1617387e-30,0.0,0.0,-0.87877357,1.0,1.0
2008-09-02 00:00:00,1.0,4.6865126e-31,0.0,0.0,-0.87877357,1.0,1.0
2008-09-03 00:00:00,1.0,5.29253e-25,0.0,0.0,-0.87877357,1.0,1.0
2008-09-04 00:00:00,1.0,7e-45,0.0,0.0,-0.87877357,1.0,1.0
2008-09-05 00:00:00,1.0,1.0511806e-13,0.0,0.0,-0.87877357,1.0,1.0
2008-09-08 00:00:00,1.0,1.4690418e-17,0.0,0.0,-0.87877357,1.0,1.0
2008-09-09 00:00:00,1.0,4.9836184e-20,0.0,0.0,-0.87877357,1.0,1.0
2008-09-10 00:00:00,1.0,1.00399e-40,0.0,0.0,-0.87877357,1.0,1.0
2008-09-11 00:00:00,1.0,2.4678023e-22,0.0,0.0,-0.87877357,1.0,1.0
2008-09-12 00:00:00,0.9999995,4.551294e-07,4.474169e-37,0.0,-0.8787732,0.9999995,0.9999995
2008-09-15 00:00:00,0.9999971,2.8968052e-06,4.2395415e-35,0.0,-0.8787712,0.9999971,0.9999971
2008-09-16 00:00:00,1.0,3.7135483e-13,0.0,0.0,-0.87877357,1.0,1.0
2008-09-17 00:00:00,0.99986714,0.00013283764,5.349744e-31,0.0,-0.8786635,0.99986714,0.99986714
2008-09-18 00:00:00,1.0,5.880509e-10,0.0,0.0,-0.87877357,1.0,1.0
2008-09-19 00:00:00,0.9534192,0.046580784,1.0356056e-21,0.0,-0.8401735,0.9534192,0.9534192
2008-09-22 00:00:00,0.98363143,4.7180705e-28,0.016368566,0.0,-0.8526276,0.9888628,0.98363143
2008-09-23 00:00:00,0.99782574,2.0241881e-19,0.0021742787,0.0,-0.8753005,0.9985206,0.99782574
2008-09-24 00:00:00,0.99999934,5.990203e-07,4.070047e-08,0.0,-0.87877303,0.99999934,0.99999934
2008-09-25 00:00:00,0.9999815,4.867382e-09,1.8454983e-05,0.0,-0.87874407,0.9999874,0.9999815
2008-09-26 00:00:00,0.999998,5.1276512e-08,1.9651402e-06,0.0,-0.8787704,0.9999986,0.999998
2008-09-29 00:00:00,0.99974537,0.00025461667,4.485669e-18,0.0,-0.87856257,0.99974537,0.99974537
2008-09-30 00:00:00,0.99955857,0.00044142458,2.3976033e-35,0.0,-0.8784078,0.99955857,0.99955857
2008-10-01 00:00:00,1.0,4.818676e-09,0.0,0.0,-0.87877357,1.0,1.0
2008-10-02 00:00:00,0.9999997,2.8841927e-07,0.0,0.0,-0.87877333,0.9999997,0.9999997
2008-10-03 00:00:00,1.0,2.8013444e-08,0.0,0.0,-0.87877357,1.0,1.0
2008-10-06 00:00:00,1.0,1.0347271e-17,0.0,0.0,-0.87877357,1.0,1.0
2008-10-07 00:00:00,1.0,9.686984e-11,0.0,0.0,-0.87877357,1.0,1.0
2008-10-08 00:00:00,0.999828,0.00017203961,5.4802605e-33,0.0,-0.878631,0.999828,0.999828
2008-10-09 00:00:00,0.99999917,8.173929e-07,0.0,0.0,-0.8787729,0.99999917,0.99999917
2008-10-10 00:00:00,1.0,5.186049e-39,0.0,0.0,-0.87877357,1.0,1.0
2008-10-13 00:00:00,1.0,1.4604728e-14,0.0,0.0,-0.87877357,1.0,1.0
2008-10-14 00:00:00,1.0,1.9717913e-16,0.0,0.0,-0.87877357,1.0,1.0
2008-10-15 00:00:00,1.0,0.0,0.0,0.0,-0.87877357,1.0,1.0
2008-10-16 00:00:00,1.0,5.6484e-41,0.0,0.0,-0.87877357,1.0,1.0
2008-10-17 00:00:00,1.0,0.0,0.0,0.0,-0.87877357,1.0,1.0
2008-10-20 00:00:00,1.0,0.0,0.0,0.0,-0.87877357,1.0,1.0
2008-10-21 00:00:00,1.0,0.0,0.0,0.0,-0.87877357,1.0,1.0
2008-10-22 00:00:00,1.0,0.0,0.0,0.0,-0.87877357,1.0,1.0
2008-10-23 00:00:00,1.0,0.0,0.0,0.0,-0.87877357,1.0,1.0
2008-10-24 00:00:00,1.0,0.0,0.0,0.0,-0.87877357,1.0,1.0
2008-10-27 00:00:00,1.0,0.0,0.0,0.0,-0.87877357,1.0,1.0
2008-10-28 00:00:00,1.0,0.0,0.0,0.0,-0.87877357,1.0,1.0
2008-10-29 00:00:00,1.0,0.0,0.0,0.0,-0.87877357,1.0,1.0
2008-10-30 00:00:00,1.0,0.0,0.0,0.0,-0.87877357,1.0,1.0
2008-10-31 00:00:00,1.0,0.0,0.0,0.0,-0.87877357,1.0,1.0
2008-11-03 00:00:00,1.0,0.0,0.0,0.0,-0.87877357,1.0,1.0
2008-11-04 00:00:00,1.0,9.606651e-18,0.0,0.0,-0.87877357,1.0,1.0
2008-11-05 00:00:00,1.0,1.0720193e-28,0.0,0.0,-0.87877357,1.0,1.0
2008-11-06 00:00:00,1.0,0.0,0.0,0.0,-0.87877357,1.0,1.0
2008-11-07 00:00:00,1.0,1.9930024e-29,0.0,0.0,-0.87877357,1.0,1.0
2008-11-10 00:00:00,1.0,0.0,0.0,0.0,-0.87877357,1.0,1.0
2008-11-11 00:00:00,1.0,0.0,0.0,0.0,-0.87877357,1.0,1.0
2008-11-12 00:00:00,1.0,0.0,0.0,0.0,-0.87877357,1.0,1.0
2008-11-13 00:00:00,1.0,2.614413e-28,0.0,0.0,-0.87877357,1.0,1.0
2008-11-14 00:00:00,1.0,0.0,0.0,0.0,-0.87877357,1.0,1.0
2008-11-17 00:00:00,1.0,1.2461017e-29,0.0,0.0,-0.87877357,1.0,1.0
2008-11-18 00:00:00,1.0,1.012434e-11,0.0,0.0,-0.87877357,1.0,1.0
2008-11-19 00:00:00,1.0,3.118845e-14,8e-45,0.0,-0.87877357,1.0,1.0
2008-11-20 00:00:00,1.0,1.6267371e-11,0.0,0.0,-0.87877357,1.0,1.0
2008-11-21 00:00:00,1.0,1.4199379e-35,1.0631241e-15,0.0,-0.87877357,1.0,1.0
2008-11-24 00:00:00,1.939244e-22,0.0,1.0,2.0,0.7185552,0.3195998,1.0
2008-11-25 00:00:00,0.0014342492,0.0,0.99856573,2.0,0.71626425,0.32057568,0.99856573
2008-11-26 00:00:00,1.0,5.6892055e-29,2.3409026e-17,0.0,-0.87877357,1.0,1.0
2008-11-27 00:00:00,1.0,6e-44,9.2110826e-11,0.0,-0.87877357,1.0,1.0
2008-11-28 00:00:00,1.0,2.2268453e-33,1.5406183e-15,0.0,-0.87877357,1.0,1.0
2008-12-01 00:00:00,1.0,8.363342e-36,7.986739e-14,0.0,-0.87877357,1.0,1.0
2008-12-02 00:00:00,0.9999998,1.9474774e-07,1.1629984e-34,0.0,-0.8787734,0.9999998,0.9999998
2008-12-03 00:00:00,1.0,8.971965e-10,3.1104473e-27,0.0,-0.87877357,1.0,1.0
2008-12-04 00:00:00,0.99962234,0.0,0.00037765896,0.0,-0.8781703,0.99974304,0.99962234
2008-12-05 00:00:00,0.99999994,8.555514e-25,8.412536e-08,0.0,-0.87877345,0.99999994,0.99999994
2008-12-08 00:00:00,0.35302913,0.0,0.64697087,2.0,0.1546516,0.5598009,0.64697087
2008-12-09 00:00:00,6.080227e-17,0.0,1.0,2.0,0.7185552,0.3195998,1.0
2008-12-10 00:00:00,6.071138e-28,0.0,1.0,2.0,0.7185552,0.3195998,1.0
2008-12-11 00:00:00,1.6352578e-25,0.0,1.0,2.0,0.7185552,0.3195998,1.0
2008-12-12 00:00:00,3e-45,0.0,1.0,2.0,0.7185552,0.3195998,1.0
2008-12-15 00:00:00,0.0,0.0,1.0,2.0,0.7185552,0.3195998,1.0
2008-12-16 00:00:00,0.0,0.0,1.0,2.0,0.7185552,0.3195998,1.0
2008-12-17 00:00:00,0.0,0.0,1.0,2.0,0.7185552,0.3195998,1.0
2008-12-18 00:00:00,0.0,0.0,1.0,2.0,0.7185552,0.3195998,1.0
2008-12-19 00:00:00,0.0,0.0,1.0,2.0,0.7185552,0.3195998,1.0
2008-12-22 00:00:00,0.0,0.0,1.0,2.0,0.7185552,0.3195998,1.0
2008-12-23 00:00:00,0.0,0.0,1.0,2.0,0.7185552,0.3195998,1.0
2008-12-24 00:00:00,0.0,0.0,1.0,2.0,0.7185552,0.3195998,1.0
2008-12-25 00:00:00,0.0,0.0,1.0,2.0,0.7185552,0.3195998,1.0
2008-12-26 00:00:00,0.0,0.0,1.0,2.0,0.7185552,0.3195998,1.0
2008-12-29 00:00:00,0.0,0.0,1.0,2.0,0.7185552,0.3195998,1.0
2008-12-30 00:00:00,0.0,0.0,1.0,2.0,0.7185552,0.3195998,1.0
2008-12-31 00:00:00,0.0,0.0,1.0,2.0,0.7185552,0.3195998,1.0
2009-01-01 00:00:00,0.0,0.0,1.0,2.0,0.7185552,0.3195998,1.0
2009-01-02 00:00:00,0.0,0.0,1.0,2.0,0.7185552,0.3195998,1.0
2009-01-05 00:00:00,3e-45,0.0,1.0,2.0,0.7185552,0.3195998,1.0
2009-01-06 00:00:00,9.867597e-32,0.0,1.0,2.0,0.7185552,0.3195998,1.0
2009-01-07 00:00:00,2.5009553e-33,0.0,1.0,2.0,0.7185552,0.3195998,1.0
2009-01-08 00:00:00,3.1817002e-13,0.0,1.0,2.0,0.7185552,0.3195998,1.0
2009-01-09 00:00:00,0.9999976,0.0,2.3865364e-06,0.0,-0.87876976,0.9999984,0.9999976
2009-01-12 00:00:00,0.99999976,2.564185e-07,1.369e-42,0.0,-0.8787734,0.99999976,0.99999976
2009-01-13 00:00:00,1.0,0.0,0.0,0.0,-0.87877357,1.0,1.0
2009-01-14 00:00:00,1.0,0.0,0.0,0.0,-0.87877357,1.0,1.0
2009-01-15 00:00:00,1.0,0.0,0.0,0.0,-0.87877357,1.0,1.0
2009-01-16 00:00:00,1.0,1.120529e-15,0.0,0.0,-0.87877357,1.0,1.0
2009-01-19 00:00:00,1.0,3.208e-42,0.0,0.0,-0.87877357,1.0,1.0
2009-01-20 00:00:00,1.0,0.0,0.0,0.0,-0.87877357,1.0,1.0
2009-01-21 00:00:00,1.0,0.0,0.0,0.0,-0.87877357,1.0,1.0
2009-01-22 00:00:00,1.0,0.0,0.0,0.0,-0.87877357,1.0,1.0
2009-01-23 00:00:00,1.0,0.0,0.0,0.0,-0.87877357,1.0,1.0
2009-01-26 00:00:00,1.0,0.0,0.0,0.0,-0.87877357,1.0,1.0
2009-01-27 00:00:00,1.0,0.0,0.0,0.0,-0.87877357,1.0,1.0
2009-01-28 00:00:00,1.0,3.7815e-41,0.0,0.0,-0.87877357,1.0,1.0
2009-01-29 00:00:00,1.0,0.0,0.0,0.0,-0.87877357,1.0,1.0
2009-01-30 00:00:00,1.0,0.0,0.0,0.0,-0.87877357,1.0,1.0
2009-02-02 00:00:00,1.0,0.0,0.0,0.0,-0.87877357,1.0,1.0
2009-02-03 00:00:00,1.0,1.0775781e-09,0.0,0.0,-0.87877357,1.0,1.0
2009-02-04 00:00:00,1.0,6.195935e-38,0.0,0.0,-0.87877357,1.0,1.0
2009-02-05 00:00:00,1.0,0.0,0.0,0.0,-0.87877357,1.0,1.0
2009-02-06 00:00:00,1.0,2.300052e-12,0.0,0.0,-0.87877357,1.0,1.0
2009-02-09 00:00:00,0.99990946,9.055528e-05,7.251996e-39,0.0,-0.8786985,0.99990946,0.99990946
2009-02-10 00:00:00,0.9788031,0.021196911,2.9148773e-25,0.0,-0.8612083,0.9788031,0.9788031
2009-02-11 00:00:00,0.99722916,0.002770812,1.1988384e-31,0.0,-0.8764775,0.99722916,0.99722916
2009-02-12 00:00:00,0.9766314,0.023368625,6.1708964e-24,0.0,-0.85940874,0.9766314,0.9766314
2009-02-13 00:00:00,0.999761,0.00023902363,3.79472e-39,0.0,-0.8785755,0.999761,0.999761
2009-02-16 00:00:00,0.92620367,0.073796354,8.8696e-25,0.0,-0.8176208,0.92620367,0.92620367
2009-02-17 00:00:00,0.952699,0.047300987,3.4262454e-26,0.0,-0.8395767,0.952699,0.952699
2009-02-18 00:00:00,0.9999249,7.511116e-05,4.3e-44,0.0,-0.87871134,0.9999249,0.9999249
2009-02-19 00:00:00,0.9886985,0.011301506,1.8874821e-31,0.0,-0.86940837,0.9886985,0.9886985
2009-02-20 00:00:00,0.99904275,0.0009572281,3.1859966e-12,0.0,-0.87798035,0.99904275,0.99904275
2009-02-23 00:00:00,1.0,3.5916828e-10,0.0,0.0,-0.87877357,1.0,1.0
2009-02-24 00:00:00,0.99773246,0.0022675176,3.0002895e-32,0.0,-0.87689453,0.99773246,0.99773246
2009-02-25 00:00:00,0.9999995,4.8996446e-07,3e-45,0.0,-0.87877315,0.9999995,0.9999995
2009-02-26 00:00:00,0.9774217,0.022578292,4.219332e-18,0.0,-0.8600636,0.9774217,0.9774217
2009-02-27 00:00:00,0.99732596,0.002674027,3.2910848e-11,0.0,-0.8765577,0.99732596,0.99732596
2009-03-02 00:00:00,0.969954,0.030045995,3.346743e-21,0.0,-0.8538754,0.969954,0.969954
2009-03-03 00:00:00,1.0,1.0339447e-08,0.0,0.0,-0.87877357,1.0,1.0
2009-03-04 00:00:00,0.76845044,0.23154956,4.723438e-16,0.0,-0.68689555,0.76845044,0.76845044
2009-03-05 00:00:00,0.812367,0.18763298,2.1673317e-18,0.0,-0.7232879,0.812367,0.812367
2009-03-06 00:00:00,0.886056,0.113943994,1.5220843e-22,0.0,-0.78435165,0.886056,0.886056
2009-03-09 00:00:00,0.98882526,0.011174713,3.3191359e-28,0.0,-0.86951345,0.98882526,0.98882526
2009-03-10 00:00:00,0.83337295,0.16662705,1.807019e-13,0.0,-0.7406948,0.83337295,0.83337295
2009-03-11 00:00:00,0.9997065,0.00019224579,0.0001012546,0.0,-0.87845254,0.9997389,0.9997065
2009-03-12 00:00:00,0.97677666,8.327369e-10,0.023223324,0.0,-0.8416783,0.98419887,0.97677666
2009-03-13 00:00:00,0.85376495,4.9592754e-22,0.14623506,0.0,-0.6451881,0.9005016,0.85376495
2009-03-16 00:00:00,0.0076185465,0.0,0.99238145,2.0,0.70638585,0.32478347,0.99238145
2009-03-17 00:00:00,3.2745982e-15,0.0,1.0,2.0,0.7185552,0.3195998,1.0
2009-03-18 00:00:00,0.0,0.0,1.0,2.0,0.7185552,0.3195998,1.0
2009-03-19 00:00:00,0.0,0.0,1.0,2.0,0.7185552,0.3195998,1.0
2009-03-20 00:00:00,9.2e-44,0.0,1.0,2.0,0.7185552,0.3195998,1.0
2009-03-23 00:00:00,0.0,0.0,1.0,2.0,0.7185552,0.3195998,1.0
2009-03-24 00:00:00,5.671367e-31,0.0,1.0,2.0,0.7185552,0.3195998,1.0
2009-03-25 00:00:00,0.0,0.0,1.0,2.0,0.7185552,0.3195998,1.0
2009-03-26 00:00:00,0.0,0.0,1.0,2.0,0.7185552,0.3195998,1.0
2009-03-27 00:00:00,1.4663899e-31,0.0,1.0,2.0,0.7185552,0.3195998,1.0
2009-03-30 00:00:00,1.3859928e-32,0.0,1.0,2.0,0.7185552,0.3195998,1.0
2009-03-31 00:00:00,2.5846e-41,0.0,1.0,2.0,0.7185552,0.3195998,1.0
2009-04-01 00:00:00,2.51822e-31,0.0,1.0,2.0,0.7185552,0.3195998,1.0
2009-04-02 00:00:00,0.0,0.0,1.0,2.0,0.7185552,0.3195998,1.0
2009-04-03 00:00:00,0.0,0.0,1.0,2.0,0.7185552,0.3195998,1.0
2009-04-06 00:00:00,1.288725e-39,0.0,1.0,2.0,0.7185552,0.3195998,1.0
2009-04-07 00:00:00,6.711068e-27,0.0,1.0,2.0,0.7185552,0.3195998,1.0
2009-04-08 00:00:00,8.531653e-19,0.0,1.0,2.0,0.7185552,0.3195998,1.0
2009-04-09 00:00:00,0.0001633202,0.0,0.9998367,2.0,0.7182943,0.31971094,0.9998367
2009-04-10 00:00:00,1.7233341e-06,0.0,0.9999983,2.0,0.7185525,0.319601,0.9999983
2009-04-13 00:00:00,2.887662e-15,0.0,1.0,2.0,0.7185552,0.3195998,1.0
2009-04-14 00:00:00,8.242227e-05,0.0,0.99991757,2.0,0.71842355,0.3196559,0.99991757
2009-04-15 00:00:00,0.9038201,0.0961799,3.1407117e-20,0.0,-0.7990722,0.9038201,0.9038201
2009-04-16 00:00:00,0.99999905,9.330908e-07,5e-44,0.0,-0.8787728,0.99999905,0.99999905
2009-04-17 00:00:00,1.0,2.6300143e-11,0.0,0.0,-0.87877357,1.0,1.0
2009-04-20 00:00:00,1.0,5.274611e-30,0.0,0.0,-0.87877357,1.0,1.0
2009-04-21 00:00:00,1.0,2.0331898e-12,0.0,0.0,-0.87877357,1.0,1.0
2009-04-22 00:00:00,1.0,3.1585487e-13,0.0,0.0,-0.87877357,1.0,1.0
2009-04-23 00:00:00,0.99987495,0.0001250341,1.3162255e-35,0.0,-0.87867,0.99987495,0.99987495
2009-04-24 00:00:00,0.99746776,0.0004955436,0.0020367221,0.0,-0.8751096,0.9981187,0.99746776
2009-04-27 00:00:00,0.9752035,0.024796473,8.452836e-12,0.0,-0.8582255,0.9752035,0.9752035
2009-04-28 00:00:00,0.99832827,0.0016717066,2.8994651e-09,0.0,-0.8773883,0.99832827,0.99832827
2009-04-29 00:00:00,0.99535835,2.630225e-14,0.0046416353,0.0,-0.87135935,0.99684185,0.99535835
2009-04-30 00:00:00,0.77505606,0.2249439,1.9508808e-15,0.0,-0.6923694,0.77505606,0.77505606
2009-05-01 00:00:00,0.78006285,0.21993716,2.6993717e-14,0.0,-0.69651836,0.78006285,0.78006285
2009-05-04 00:00:00,0.5336728,6.5981724e-28,0.4663272,0.0,-0.13389575,0.6827109,0.5336728
2009-05-05 00:00:00,0.9414881,3.081545e-13,0.058511898,0.0,-0.78531086,0.9601885,0.9414881
2009-05-06 00:00:00,0.9127849,6.7456036e-16,0.08721515,0.0,-0.7394623,0.9406588,0.9127849
2009-05-07 00:00:00,1.0506792e-05,0.0,0.9999895,2.0,0.7185384,0.31960696,0.9999895
2009-05-08 00:00:00,3.2238743e-15,0.0,1.0,2.0,0.7185552,0.3195998,1.0
2009-05-11 00:00:00,0.0010724606,0.0,0.99892753,2.0,0.7168421,0.32032952,0.99892753
2009-05-12 00:00:00,1.1502752e-12,0.0,1.0,2.0,0.7185552,0.3195998,1.0
2009-05-13 00:00:00,4.4567862e-08,0.0,0.99999994,2.0,0.71855515,0.31959984,0.99999994
2009-05-14 00:00:00,1.33402344e-14,0.0,1.0,2.0,0.7185552,0.3195998,1.0
2009-05-15 00:00:00,4.5918113e-15,0.0,1.0,2.0,0.7185552,0.3195998,1.0
2009-05-18 00:00:00,5.7078285e-28,0.0,1.0,2.0,0.7185552,0.3195998,1.0
2009-05-19 00:00:00,6.129266e-32,0.0,1.0,2.0,0.7185552,0.3195998,1.0
2009-05-20 00:00:00,5.2497613e-37,0.0,1.0,2.0,0.7185552,0.3195998,1.0
2009-05-21 00:00:00,7.12591e-40,0.0,1.0,2.0,0.7185552,0.3195998,1.0
2009-05-22 00:00:00,2.7841985e-35,0.0,1.0,2.0,0.7185552,0.3195998,1.0
2009-05-25 00:00:00,0.0,0.0,1.0,2.0,0.7185552,0.3195998,1.0
2009-05-26 00:00:00,0.0,0.0,1.0,2.0,0.7185552,0.3195998,1.0
2009-05-27 00:00:00,1.2965382e-21,0.0,1.0,2.0,0.7185552,0.3195998,1.0
2009-05-28 00:00:00,3.178437e-31,0.0,1.0,2.0,0.7185552,0.3195998,1.0
2009-05-29 00:00:00,1e-45,0.0,1.0,2.0,0.7185552,0.3195998,1.0
2009-06-01 00:00:00,4.8850626e-36,0.0,1.0,2.0,0.7185552,0.3195998,1.0
2009-06-02 00:00:00,0.0,0.0,1.0,2.0,0.7185552,0.3195998,1.0
2009-06-03 00:00:00,3.1735e-41,0.0,1.0,2.0,0.7185552,0.3195998,1.0
2009-06-04 00:00:00,7.4837338e-37,0.0,1.0,2.0,0.7185552,0.3195998,1.0
2009-06-05 00:00:00,9.2101764e-08,0.0,0.9999999,2.0,0.71855503,0.31959987,0.9999999
2009-06-08 00:00:00,1.8962947e-08,0.0,1.0,2.0,0.71855515,0.31959984,1.0
2009-06-09 00:00:00,2.7093064e-10,0.0,1.0,2.0,0.7185552,0.3195998,1.0
2009-06-10 00:00:00,1.8270231e-13,0.0,1.0,2.0,0.7185552,0.3195998,1.0
2009-06-11 00:00:00,7.0572705e-16,0.0,1.0,2.0,0.7185552,0.3195998,1.0
2009-06-12 00:00:00,1.9860916e-17,0.0,1.0,2.0,0.7185552,0.3195998,1.0
2009-06-15 00:00:00,0.0005698726,0.0,0.9994301,2.0,0.71764493,0.31998757,0.9994301
2009-06-16 00:00:00,0.030836565,0.0,0.9691634,2.0,0.66929907,0.34058103,0.9691634
2009-06-17 00:00:00,0.0132292975,0.0,0.9867707,2.0,0.69742364,0.32860103,0.9867707
2009-06-18 00:00:00,0.9992705,2.9389969e-06,0.0007265456,0.0,-0.8776106,0.9995027,0.9992705
2009-06-19 00:00:00,0.99987125,3.706033e-05,9.17145e-05,0.0,-0.87859637,0.9999005,0.99987125
2009-06-22 00:00:00,0.9769699,0.023030112,1.2569852e-10,0.0,-0.85968924,0.9769699,0.9769699
2009-06-23 00:00:00,0.96706855,3.1712127e-28,0.032931447,0.0,-0.8261712,0.9775934,0.96706855
2009-06-24 00:00:00,0.73794276,6.0860096e-38,0.26205724,0.0,-0.460182,0.8216962,0.73794276
2009-06-25 00:00:00,0.9735249,1.555262e-22,0.026475053,0.0,-0.8364842,0.98198634,0.9735249
2009-06-26 00:00:00,0.99813807,0.0018609063,1.0343853e-06,0.0,-0.87722987,0.99813837,0.99813807
2009-06-29 00:00:00,0.9967097,0.00328995,3.294964e-07,0.0,-0.8760468,0.9967098,0.9967097
2009-06-30 00:00:00,0.85730356,0.14269641,7.1107274e-12,0.0,-0.7605254,0.85730356,0.85730356
2009-07-01 00:00:00,0.9458367,5.0939484e-06,0.05415818,0.0,-0.79226094,0.9631457,0.9458367
2009-07-02 00:00:00,0.8761768,0.123823225,8.7579175e-14,0.0,-0.77616507,0.8761768,0.8761768
2009-07-03 00:00:00,0.91568357,7.5399186e-07,0.08431566,0.0,-0.7440931,0.9426308,0.91568357
2009-07-06 00:00:00,0.7351611,4.7818325e-17,0.2648389,0.0,-0.4557388,0.8198036,0.7351611
2009-07-07 00:00:00,0.62559813,0.37440187,2.455173e-09,0.0,-0.56851816,0.62559813,0.62559813
2009-07-08 00:00:00,0.8179825,0.18201646,1.0232108e-06,0.0,-0.72794044,0.81798285,0.8179825
2009-07-09 00:00:00,0.9083865,0.091609605,3.8492176e-06,0.0,-0.80285335,0.9083878,0.9083865
2009-07-10 00:00:00,0.96450704,0.035222508,0.00027043791,0.0,-0.84915376,0.96459347,0.96450704
2009-07-13 00:00:00,0.00069418066,0.0,0.99930584,2.0,0.7174464,0.32007214,0.99930584
2009-07-14 00:00:00,0.01976982,0.0,0.98023015,2.0,0.6869763,0.3330512,0.98023015
2009-07-15 00:00:00,0.08042097,2.5627632e-28,0.919579,2.0,0.5900965,0.37431827,0.919579
2009-07-16 00:00:00,0.0009735311,0.0,0.9990265,2.0,0.7170001,0.3202622,0.9990265
2009-07-17 00:00:00,0.027331812,1.821e-41,0.9726682,2.0,0.6748973,0.3381964,0.9726682
2009-07-20 00:00:00,1.0615033e-08,0.0,1.0,2.0,0.71855515,0.31959984,1.0
2009-07-21 00:00:00,0.050818555,1.4646737e-26,0.94918144,2.0,0.63738126,0.35417676,0.94918144
2009-07-22 00:00:00,9.697857e-05,0.0,0.999903,2.0,0.7184003,0.3196658,0.999903
2009-07-23 00:00:00,0.027074901,1.4661e-36,0.9729251,2.0,0.6753077,0.33802158,0.9729251
2009-07-24 00:00:00,0.03251941,2.0825339e-33,0.9674806,2.0,0.666611,0.34172603,0.9674806
2009-07-27 00:00:00,0.013297201,0.0,0.9867028,2.0,0.6973152,0.32864723,0.9867028
2009-07-28 00:00:00,0.048580058,8.42295e-05,0.9513357,2.0,0.64089215,0.35262677,0.9513357
2009-07-29 00:00:00,0.010008295,0.9899516,4.0086525e-05,1.0,-0.05836687,0.010021106,0.9899516
2009-07-30 00:00:00,0.049099382,1.773633e-23,0.9509006,2.0,0.64012736,0.35300705,0.9509006
2009-07-31 00:00:00,4.8930553e-05,0.0,0.99995106,2.0,0.718477,0.3196331,0.99995106
2009-08-03 00:00:00,1.0205125e-10,0.0,1.0,2.0,0.7185552,0.3195998,1.0
2009-08-04 00:00:00,1.5832338e-17,0.0,1.0,2.0,0.7185552,0.3195998,1.0
2009-08-05 00:00:00,6.019054e-20,0.0,1.0,2.0,0.7185552,0.3195998,1.0
2009-08-06 00:00:00,1.29576305e-08,0.0,1.0,2.0,0.71855515,0.31959984,1.0
2009-08-07 00:00:00,0.00023134628,0.0,0.9997687,2.0,0.71818566,0.31975722,0.9997687
2009-08-10 00:00:00,0.05790088,1.2062066e-28,0.9420991,2.0,0.6260685,0.3589956,0.9420991
2009-08-11 00:00:00,0.013693897,0.0,0.98630613,2.0,0.69668156,0.32891715,0.98630613
2009-08-12 00:00:00,0.0576028,5.2179933e-27,0.9423972,2.0,0.6265446,0.35879278,0.9423972
2009-08-13 00:00:00,0.040331025,5.8041246e-33,0.959669,2.0,0.6541333,0.34704104,0.959669
2009-08-14 00:00:00,0.087081395,1.7292578e-19,0.9129186,2.0,0.5794576,0.37885,0.9129186
2009-08-17 00:00:00,0.014564125,0.984794,0.0006418568,1.0,-0.061679587,0.014769262,0.984794
2009-08-18 00:00:00,0.017397309,0.9688796,0.013723112,1.0,-0.053972334,0.021783212,0.9688796
2009-08-19 00:00:00,0.12941845,1.0936457e-06,0.87058043,2.0,0.51183057,0.4076558,0.87058043
2009-08-20 00:00:00,0.110005915,6.917762e-17,0.8899941,2.0,0.5428396,0.39444786,0.8899941
2009-08-21 00:00:00,0.07058908,1.3340621e-26,0.92941093,2.0,0.6058012,0.36762863,0.92941093
2009-08-24 00:00:00,0.13349457,3.2111825e-06,0.8665022,2.0,0.505318,0.41042852,0.8665022
2009-08-25 00:00:00,0.04273976,5.915474e-33,0.95726025,2.0,0.6502857,0.34867996,0.95726025
2009-08-26 00:00:00,0.0015644971,0.0,0.9984355,2.0,0.71605617,0.3206643,0.9984355
2009-08-27 00:00:00,1.3779595e-05,0.0,0.99998623,2.0,0.7185332,0.3196092,0.99998623
2009-08-28 00:00:00,0.052262112,7.844395e-05,0.94765943,2.0,0.63501513,0.3551339,0.94765943
2009-08-31 00:00:00,0.0018058274,0.9818837,0.01631049,1.0,-0.039063334,0.007018657,0.9818837
2009-09-01 00:00:00,0.011768108,0.9882319,3.795748e-09,1.0,-0.05985598,0.011768109,0.9882319
2009-09-02 00:00:00,0.0063934843,0.9935619,4.459145e-05,1.0,-0.05536792,0.006407736,0.9935619
2009-09-03 00:00:00,0.005591529,0.99378806,0.00062038936,1.0,-0.05426077,0.005789805,0.99378806
2009-09-04 00:00:00,0.05400009,9.013969e-18,0.9459999,2.0,0.6322993,0.35634148,0.9459999
2009-09-07 00:00:00,0.007633177,0.0,0.99236685,2.0,0.7063625,0.32479343,0.99236685
2009-09-08 00:00:00,1.800499e-07,0.0,0.9999998,2.0,0.7185549,0.31959993,0.9999998
2009-09-09 00:00:00,9.250048e-07,0.0,0.99999905,2.0,0.7185537,0.31960043,0.99999905
2009-09-10 00:00:00,6.3822913e-06,0.0,0.9999936,2.0,0.718545,0.31960416,0.9999936
2009-09-11 00:00:00,7.805816e-09,0.0,1.0,2.0,0.7185552,0.31959984,1.0
2009-09-14 00:00:00,5.523412e-20,0.0,1.0,2.0,0.7185552,0.3195998,1.0
2009-09-15 00:00:00,2.0285302e-20,0.0,1.0,2.0,0.7185552,0.3195998,1.0
2009-09-16 00:00:00,5.7164094e-15,0.0,1.0,2.0,0.7185552,0.3195998,1.0
2009-09-17 00:00:00,6.721882e-16,0.0,1.0,2.0,0.7185552,0.3195998,1.0
2009-09-18 00:00:00,2.7945804e-10,0.0,1.0,2.0,0.7185552,0.3195998,1.0
2009-09-21 00:00:00,5.199566e-11,0.0,1.0,2.0,0.7185552,0.3195998,1.0
2009-09-22 00:00:00,1.1032232e-18,0.0,1.0,2.0,0.7185552,0.3195998,1.0
2009-09-23 00:00:00,2.9709665e-16,0.0,1.0,2.0,0.7185552,0.3195998,1.0
2009-09-24 00:00:00,7.2766496e-05,0.0,0.9999272,2.0,0.718439,0.31964934,0.9999272
2009-09-25 00:00:00,8.997896e-10,0.0,1.0,2.0,0.7185552,0.3195998,1.0
2009-09-28 00:00:00,4.4378543e-05,0.0,0.9999556,2.0,0.7184843,0.31963003,0.9999556
2009-09-29 00:00:00,4.3989404e-10,0.0,1.0,2.0,0.7185552,0.3195998,1.0
2009-09-30 00:00:00,8.637252e-10,0.0,1.0,2.0,0.7185552,0.3195998,1.0
2009-10-01 00:00:00,0.00035826786,0.0,0.9996417,2.0,0.71798295,0.3198436,0.9996417
2009-10-02 00:00:00,8.292031e-05,0.0,0.9999171,2.0,0.7184228,0.31965622,0.9999171
2009-10-05 00:00:00,3.7838552e-06,0.0,0.99999624,2.0,0.71854913,0.3196024,0.99999624
2009-10-06 00:00:00,0.0065152547,0.0,0.99348474,2.0,0.7081482,0.32403278,0.99348474
2009-10-07 00:00:00,0.033528663,2.3078596e-36,0.9664713,2.0,0.6649989,0.34241274,0.9664713
2009-10-08 00:00:00,0.017300066,0.0,0.98269993,2.0,0.6909213,0.33137077,0.98269993
2009-10-09 00:00:00,0.038728572,7.168855e-33,0.9612714,2.0,0.6566929,0.34595075,0.9612714
2009-10-12 00:00:00,0.04349488,1.63871e-29,0.9565051,2.0,0.64907956,0.34919375,0.9565051
2009-10-13 00:00:00,0.026063535,4.8149e-41,0.97393644,2.0,0.67692316,0.33733344,0.97393644
2009-10-14 00:00:00,0.005739789,0.0,0.9942602,2.0,0.7093869,0.32350516,0.9942602
2009-10-15 00:00:00,0.005848349,0.0,0.99415165,2.0,0.70921344,0.32357904,0.99415165
2009-10-16 00:00:00,0.017283514,0.0,0.9827165,2.0,0.6909478,0.33135954,0.9827165
2009-10-19 00:00:00,0.00025269116,0.0,0.99974734,2.0,0.71815157,0.31977174,0.99974734
2009-10-20 00:00:00,0.05205646,2.1318135e-17,0.9479435,2.0,0.63540393,0.35501903,0.9479435
2009-10-21 00:00:00,0.0002198833,0.0,0.9997801,2.0,0.71820396,0.31974941,0.9997801
2009-10-22 00:00:00,9.6971835e-09,0.0,1.0,2.0,0.7185552,0.31959984,1.0
2009-10-23 00:00:00,1.0738084e-05,0.0,0.9999893,2.0,0.71853805,0.3196071,0.9999893
2009-10-26 00:00:00,0.0026236423,0.0,0.9973764,2.0,0.71436435,0.32138494,0.9973764
2009-10-27 00:00:00,0.0045593265,0.0,0.99544066,2.0,0.7112725,0.322702,0.99544066
2009-10-28 00:00:00,0.031434912,2.1166876e-05,0.96854395,2.0,0.66832703,0.34098136,0.96854395
2009-10-29 00:00:00,9.825932e-06,0.0,0.99999017,2.0,0.7185395,0.3196065,0.99999017
2009-10-30 00:00:00,0.04469575,2.0261937e-26,0.95530427,2.0,0.64716136,0.3500108,0.95530427
2009-11-02 00:00:00,0.052667215,8.049178e-17,0.9473328,2.0,0.6344283,0.3554346,0.9473328
2009-11-03 00:00:00,0.00077531394,0.847266,0.15195867,1.0,0.06605785,0.049341276,0.847266
2009-11-04 00:00:00,0.039604265,8.816346e-30,0.96039575,2.0,0.6552942,0.34654656,0.96039575
2009-11-05 00:00:00,0.05586567,2.5387715e-14,0.94413435,2.0,0.62931937,0.35761082,0.94413435
2009-11-06 00:00:00,0.055320427,5.509655e-18,0.94467956,2.0,0.6301903,0.35723984,0.94467956
2009-11-09 00:00:00,0.006221409,0.0,0.9937786,2.0,0.70861757,0.32383287,0.9937786
2009-11-10 00:00:00,0.046037663,2.4818373e-27,0.9539623,2.0,0.6450179,0.35092387,0.9539623
2009-11-11 00:00:00,0.03922901,0.00018856899,0.96058244,2.0,0.6557486,0.34623098,0.96058244
2009-11-12 00:00:00,0.0056828205,0.9919357,0.0023814945,1.0,-0.052982733,0.0064439457,0.9919357
2009-11-13 00:00:00,0.005556009,0.69860625,0.29583773,1.0,0.17269023,0.100105695,0.69860625
2009-11-16 00:00:00,0.018345715,0.3074676,0.6741867,2.0,0.45291322,0.23381566,0.6741867
2009-11-17 00:00:00,0.011910995,0.9360547,0.05203427,1.0,-0.019977763,0.028541138,0.9360547
2009-11-18 00:00:00,0.012141528,0.9439764,0.043882072,1.0,-0.02643506,0.02616623,0.9439764
2009-11-19 00:00:00,0.0114079565,0.9882971,0.0002949553,1.0,-0.059330817,0.011502224,0.9882971
2009-11-20 00:00:00,0.012551193,0.98741573,3.3047745e-05,1.0,-0.0604795,0.012561755,0.98741573
2009-11-23 00:00:00,0.071908474,2.9538238e-14,0.9280915,2.0,0.6036937,0.36852637,0.9280915
2009-11-24 00:00:00,0.044941846,1.3220937e-29,0.95505816,2.0,0.6467683,0.35017827,0.95505816
2009-11-25 00:00:00,2.5401374e-09,0.0,1.0,2.0,0.7185552,0.3195998,1.0
2009-11-26 00:00:00,0.063501105,1.1301295e-25,0.9364989,2.0,0.61712307,0.362806,0.9364989
2009-11-27 00:00:00,0.0002762643,0.0,0.99972373,2.0,0.7181139,0.3197878,0.99972373
2009-11-30 00:00:00,0.00035036338,0.0,0.99964964,2.0,0.7179955,0.3198382,0.99964964
2009-12-01 00:00:00,2.0800425e-07,0.0,0.9999998,2.0,0.71855485,0.31959996,0.9999998
2009-12-02 00:00:00,0.01023797,0.0,0.989762,2.0,0.7022018,0.32656574,0.989762
2009-12-03 00:00:00,0.015059079,0.0,0.98494095,2.0,0.6945009,0.32984602,0.98494095
2009-12-04 00:00:00,0.06651592,0.06998612,0.863498,2.0,0.5585119,0.34248972,0.863498
2009-12-07 00:00:00,0.014885245,0.9851128,1.9950544e-06,1.0,-0.062437527,0.014885883,0.9851128
2009-12-08 00:00:00,0.10789461,0.8921054,1.0134166e-15,1.0,-0.13951308,0.10789461,0.8921054
2009-12-09 00:00:00,0.045047708,0.9549523,1.2035587e-11,1.0,-0.08743377,0.045047708,0.9549523
2009-12-10 00:00:00,0.012524343,0.9873599,0.00011579454,1.0,-0.060393646,0.012561351,0.9873599
2009-12-11 00:00:00,0.06974978,0.9302502,4.7294453e-15,1.0,-0.10790362,0.06974978,0.9302502
2009-12-14 00:00:00,0.10647185,0.89352816,4.6954262e-18,1.0,-0.13833408,0.10647185,0.89352816
2009-12-15 00:00:00,0.1605167,0.8394833,1.8514981e-19,1.0,-0.18311939,0.1605167,0.8394833
2009-12-16 00:00:00,0.6435098,0.35649022,2.2441026e-30,0.0,-0.583361,0.6435098,0.6435098
2009-12-17 00:00:00,0.99996567,3.4304903e-05,0.0,0.0,-0.87874514,0.99996567,0.99996567
2009-12-18 00:00:00,0.99767536,0.002324651,2.5e-44,0.0,-0.8768472,0.99767536,0.99767536
2009-12-21 00:00:00,0.9999994,5.683768e-07,0.0,0.0,-0.8787731,0.9999994,0.9999994
2009-12-22 00:00:00,1.0,3.67712e-09,0.0,0.0,-0.87877357,1.0,1.0
2009-12-23 00:00:00,1.0,7.0437767e-10,0.0,0.0,-0.87877357,1.0,1.0
2009-12-24 00:00:00,0.9975733,0.0024266976,0.0,0.0,-0.8767626,0.9975733,0.9975733
2009-12-25 00:00:00,0.9981761,0.0018239064,0.0,0.0,-0.8772622,0.9981761,0.9981761
2009-12-28 00:00:00,0.9994693,0.0005307117,0.0,0.0,-0.8783338,0.9994693,0.9994693
2009-12-29 00:00:00,0.9999732,2.6847963e-05,0.0,0.0,-0.87875134,0.9999732,0.9999732
2009-12-30 00:00:00,0.9999049,9.513439e-05,0.0,0.0,-0.8786948,0.9999049,0.9999049
2009-12-31 00:00:00,0.99992365,7.632899e-05,0.0,0.0,-0.8787103,0.99992365,0.99992365
2010-01-01 00:00:00,0.9997204,0.00027960146,0.0,0.0,-0.8785419,0.9997204,0.9997204
2010-01-04 00:00:00,0.79472595,0.20527405,2.5117364e-32,0.0,-0.70866925,0.79472595,0.79472595
2010-01-05 00:00:00,0.5682219,0.43177804,4.5551596e-21,0.0,-0.5209723,0.5682219,0.5682219
2010-01-06 00:00:00,0.6370008,0.3629992,5.695612e-22,0.0,-0.5779672,0.6370008,0.6370008
2010-01-07 00:00:00,0.6408578,0.35914218,9.2822236e-32,0.0,-0.5811634,0.6408578,0.6408578
2010-01-08 00:00:00,0.0121808965,0.9878191,1.3759544e-08,1.0,-0.06019804,0.012180901,0.9878191
2010-01-11 00:00:00,0.0039767358,0.996001,2.2285909e-05,1.0,-0.05338238,0.0039838585,0.996001
2010-01-12 00:00:00,0.0006005333,0.96405166,0.035347793,1.0,-0.023431344,0.011897682,0.96405166
2010-01-13 00:00:00,0.00021056208,0.89880043,0.100989014,1.0,0.027347548,0.032486632,0.89880043
2010-01-14 00:00:00,0.034381323,1.2351262e-37,0.96561867,2.0,0.6636369,0.34299287,0.96561867
2010-01-15 00:00:00,0.012101361,0.04299336,0.9449053,2.0,0.6661781,0.3140929,0.9449053
2010-01-18 00:00:00,0.050901003,1.1354958e-20,0.949099,2.0,0.6372496,0.35423288,0.949099
2010-01-19 00:00:00,0.0021941713,0.66674507,0.33106077,1.0,0.20255059,0.10800113,0.66674507
2010-01-20 00:00:00,0.010006139,0.9899939,3.6062078e-10,1.0,-0.058395892,0.010006139,0.9899939
2010-01-21 00:00:00,0.03402036,0.96597964,1.8317602e-15,1.0,-0.078295745,0.03402036,0.96597964
2010-01-22 00:00:00,0.014685792,0.9853142,9.965057e-12,1.0,-0.062273778,0.014685792,0.9853142
2010-01-25 00:00:00,0.011426558,0.98857343,2.0172264e-10,1.0,-0.05957295,0.011426558,0.98857343
2010-01-26 00:00:00,0.020475006,0.97952497,6.13866e-13,1.0,-0.067071125,0.020475006,0.97952497
2010-01-27 00:00:00,0.06632617,0.9336738,2.6750821e-17,1.0,-0.10506659,0.06632617,0.9336738
2010-01-28 00:00:00,0.35430634,0.64569366,1.6523102e-22,1.0,-0.34370697,0.35430634,0.64569366
2010-01-29 00:00:00,0.99699634,0.003003649,1.9891589e-35,0.0,-0.87628454,0.99699634,0.99699634
2010-02-01 00:00:00,0.99879843,0.0012015493,1.61374e-40,0.0,-0.8777779,0.99879843,0.99879843
2010-02-02 00:00:00,0.7959254,0.20407465,1.3296488e-24,0.0,-0.70966315,0.7959254,0.7959254
2010-02-03 00:00:00,0.9995871,0.0004128656,4.93655e-40,0.0,-0.87843144,0.9995871,0.9995871
2010-02-04 00:00:00,0.99999976,2.1943298e-07,0.0,0.0,-0.8787734,0.99999976,0.99999976
2010-02-05 00:00:00,1.0,1.8889615e-13,0.0,0.0,-0.87877357,1.0,1.0
2010-02-08 00:00:00,1.0,2.4068401e-16,0.0,0.0,-0.87877357,1.0,1.0
2010-02-09 00:00:00,1.0,1.79136e-11,0.0,0.0,-0.87877357,1.0,1.0
2010-02-10 00:00:00,1.0,7.688671e-15,0.0,0.0,-0.87877357,1.0,1.0
2010-02-11 00:00:00,1.0,6.144311e-19,0.0,0.0,-0.87877357,1.0,1.0
2010-02-12 00:00:00,1.0,2.1577434e-14,0.0,0.0,-0.87877357,1.0,1.0
2010-02-15 00:00:00,1.0,4.8958815e-18,0.0,0.0,-0.87877357,1.0,1.0
2010-02-16 00:00:00,0.999977,2.3011782e-05,4.2e-44,0.0,-0.8787545,0.999977,0.999977
2010-02-17 00:00:00,0.9999665,3.3519307e-05,1.401e-42,0.0,-0.8787458,0.9999665,0.9999665
2010-02-18 00:00:00,1.0,1.5479061e-13,0.0,0.0,-0.87877357,1.0,1.0
2010-02-19 00:00:00,1.0,1.9134148e-08,4e-45,0.0,-0.87877357,1.0,1.0
2010-02-22 00:00:00,1.0,5.538113e-09,0.0,0.0,-0.87877357,1.0,1.0
2010-02-23 00:00:00,1.0,2.072693e-10,0.0,0.0,-0.87877357,1.0,1.0
2010-02-24 00:00:00,0.9999984,1.5934274e-06,2.22567e-40,0.0,-0.87877226,0.9999984,0.9999984
2010-02-25 00:00:00,0.9989497,0.0010502642,1.3861753e-32,0.0,-0.8779033,0.9989497,0.9989497
2010-02-26 00:00:00,0.19853124,0.80146873,1.5180311e-12,1.0,-0.21462089,0.19853124,0.80146873
2010-03-01 00:00:00,0.9399228,0.06007718,1.5856407e-24,0.0,-0.82898945,0.9399228,0.9399228
2010-03-02 00:00:00,0.9064546,0.09354535,1.11601485e-23,0.0,-0.8012554,0.9064546,0.9064546
2010-03-03 00:00:00,0.12016035,0.87983966,4.403008e-10,1.0,-0.14967732,0.12016035,0.87983966
2010-03-04 00:00:00,0.07042575,0.9295741,2.0549601e-07,1.0,-0.10846362,0.070425816,0.9295741
2010-03-05 00:00:00,0.21139157,0.74194497,0.046663467,1.0,-0.18940954,0.2263052,0.74194497
2010-03-08 00:00:00,0.22549383,0.62056905,0.1539371,1.0,-0.118638776,0.2746921,0.62056905
2010-03-09 00:00:00,0.030524993,0.969475,2.133368e-08,1.0,-0.07539923,0.030525,0.969475
2010-03-10 00:00:00,0.03172146,0.96804166,0.00023685065,1.0,-0.07620866,0.03179716,0.96804166
2010-03-11 00:00:00,0.050093148,0.3969069,0.5529999,2.0,0.33345377,0.22683182,0.5529999
2010-03-12 00:00:00,0.045136392,2.048512e-33,0.9548636,2.0,0.64645755,0.35031062,0.9548636
2010-03-15 00:00:00,0.1484123,2.2833078e-14,0.8515877,2.0,0.48149195,0.42057958,0.8515877
2010-03-16 00:00:00,0.042016033,0.24909629,0.7088877,2.0,0.4599716,0.2685764,0.7088877
2010-03-17 00:00:00,0.047099907,2.262829e-27,0.9529001,2.0,0.64332116,0.3516466,0.9529001
2010-03-18 00:00:00,0.028462704,3.1035207e-36,0.9715373,2.0,0.6730909,0.33896583,0.9715373
2010-03-19 00:00:00,0.0013450196,0.98954195,0.009113041,1.0,-0.044213865,0.004257546,0.98954195
2010-03-22 00:00:00,0.00097044714,0.92977583,0.0692537,1.0,0.0023242093,0.023103917,0.92977583
2010-03-23 00:00:00,0.0013257328,0.9659609,0.032713328,1.0,-0.026057303,0.011780906,0.9659609
2010-03-24 00:00:00,0.01860103,0.98139894,1.3336516e-09,1.0,-0.065518215,0.01860103,0.98139894
2010-03-25 00:00:00,0.03349658,0.96650344,8.234124e-11,1.0,-0.077861704,0.03349658,0.96650344
2010-03-26 00:00:00,0.024612958,0.97538704,4.1212672e-10,1.0,-0.07050012,0.024612958,0.97538704
2010-03-29 00:00:00,0.0057984507,0.9845764,0.009625123,1.0,-0.047510672,0.008874638,0.9845764
2010-03-30 00:00:00,0.012581845,0.9874181,4.289768e-08,1.0,-0.06053027,0.012581859,0.9874181
2010-03-31 00:00:00,0.010511028,0.9894887,2.3629212e-07,1.0,-0.058814097,0.010511103,0.9894887
2010-04-01 00:00:00,0.0071941046,0.60616577,0.38664013,1.0,0.24112889,0.13076422,0.60616577
2010-04-02 00:00:00,0.0051628267,0.9946909,0.00014627207,1.0,-0.054269955,0.0052095754,0.9946909
2010-04-05 00:00:00,0.0067435056,0.9932465,1.0004891e-05,1.0,-0.05568456,0.006746703,0.9932465
2010-04-06 00:00:00,0.042505275,0.95749474,5.970792e-10,1.0,-0.08532693,0.042505275,0.95749474
2010-04-07 00:00:00,0.68238604,0.31761393,2.6716068e-16,0.0,-0.6155766,0.68238604,0.68238604
2010-04-08 00:00:00,0.61751133,0.38248867,5.458386e-16,0.0,-0.56181693,0.61751133,0.61751133
2010-04-09 00:00:00,0.19575109,0.8042489,3.0822992e-13,1.0,-0.21231706,0.19575109,0.8042489
2010-04-12 00:00:00,0.011707736,0.98624206,0.0020501975,1.0,-0.058230054,0.012362979,0.98624206
2010-04-13 00:00:00,0.009860318,0.9901359,3.782332e-06,1.0,-0.05827215,0.009861527,0.9901359
2010-04-14 00:00:00,0.00863886,0.9868182,0.0045429575,1.0,-0.053770885,0.010090789,0.9868182
2010-04-15 00:00:00,0.0065744966,0.93868333,0.054742195,1.0,-0.0134740975,0.024070092,0.93868333
2010-04-16 00:00:00,0.0061866264,0.85229105,0.14152235,1.0,0.053551693,0.051417146,0.85229105
2010-04-19 00:00:00,0.005073879,0.98964894,0.005277177,1.0,-0.05025233,0.0067604636,0.98964894
2010-04-20 00:00:00,0.0037652676,0.9319381,0.064296626,1.0,-0.0038020716,0.02431446,0.9319381
2010-04-21 00:00:00,0.037413556,7.183399e-06,0.96257925,2.0,0.6587879,0.3450537,0.96257925
2010-04-22 00:00:00,0.005930753,0.9891279,0.004941358,1.0,-0.051220525,0.00751001,0.9891279
2010-04-23 00:00:00,0.025960274,0.76157093,0.21246877,1.0,0.0916995,0.09386525,0.76157093
2010-04-26 00:00:00,0.010201539,0.9887697,0.0010287288,1.0,-0.057767075,0.01053032,0.9887697
2010-04-27 00:00:00,0.1883565,0.8116435,6.744646e-15,1.0,-0.2061894,0.1883565,0.8116435
2010-04-28 00:00:00,0.61998653,0.38001347,5.102192e-22,0.0,-0.56386805,0.61998653,0.61998653
2010-04-29 00:00:00,0.6358901,0.36410984,8.109503e-23,0.0,-0.5770469,0.6358901,0.6358901
2010-04-30 00:00:00,0.05112043,0.94887954,2.3221867e-11,1.0,-0.09246605,0.05112043,0.94887954
2010-05-03 00:00:00,0.19449688,0.80550313,1.1086637e-16,1.0,-0.21127774,0.19449688,0.80550313
2010-05-04 00:00:00,0.99792844,0.002071538,1.234923e-33,0.0,-0.87705696,0.99792844,0.99792844
2010-05-05 00:00:00,1.0,1.0742277e-09,0.0,0.0,-0.87877357,1.0,1.0
2010-05-06 00:00:00,1.0,9.799457e-30,0.0,0.0,-0.87877357,1.0,1.0
2010-05-07 00:00:00,1.0,5.7032687e-31,0.0,0.0,-0.87877357,1.0,1.0
2010-05-10 00:00:00,1.0,1.551984e-39,0.0,0.0,-0.87877357,1.0,1.0
2010-05-11 00:00:00,1.0,0.0,0.0,0.0,-0.87877357,1.0,1.0
2010-05-12 00:00:00,1.0,0.0,0.0,0.0,-0.87877357,1.0,1.0
2010-05-13 00:00:00,1.0,0.0,0.0,0.0,-0.87877357,1.0,1.0
2010-05-14 00:00:00,1.0,0.0,0.0,0.0,-0.87877357,1.0,1.0
2010-05-17 00:00:00,1.0,0.0,0.0,0.0,-0.87877357,1.0,1.0
2010-05-18 00:00:00,1.0,0.0,0.0,0.0,-0.87877357,1.0,1.0
2010-05-19 00:00:00,1.0,0.0,0.0,0.0,-0.87877357,1.0,1.0
2010-05-20 00:00:00,1.0,1.982983e-29,0.0,0.0,-0.87877357,1.0,1.0
2010-05-21 00:00:00,1.0,3.4e-44,0.0,0.0,-0.87877357,1.0,1.0
2010-05-24 00:00:00,1.0,0.0,0.0,0.0,-0.87877357,1.0,1.0
2010-05-25 00:00:00,1.0,0.0,0.0,0.0,-0.87877357,1.0,1.0
2010-05-26 00:00:00,1.0,0.0,0.0,0.0,-0.87877357,1.0,1.0
2010-05-27 00:00:00,1.0,0.0,0.0,0.0,-0.87877357,1.0,1.0
2010-05-28 00:00:00,1.0,0.0,0.0,0.0,-0.87877357,1.0,1.0
2010-05-31 00:00:00,1.0,0.0,0.0,0.0,-0.87877357,1.0,1.0
2010-06-01 00:00:00,1.0,1.13535345e-36,0.0,0.0,-0.87877357,1.0,1.0
2010-06-02 00:00:00,1.0,3.0512363e-15,0.0,0.0,-0.87877357,1.0,1.0
2010-06-03 00:00:00,1.0,3.063149e-09,0.0,0.0,-0.87877357,1.0,1.0
2010-06-04 00:00:00,1.0,1.8e-44,0.0,0.0,-0.87877357,1.0,1.0
2010-06-07 00:00:00,1.0,0.0,0.0,0.0,-0.87877357,1.0,1.0
2010-06-08 00:00:00,1.0,1.3359359e-29,0.0,0.0,-0.87877357,1.0,1.0
2010-06-09 00:00:00,1.0,1.1518337e-26,0.0,0.0,-0.87877357,1.0,1.0
2010-06-10 00:00:00,0.9999975,2.476427e-06,0.0,0.0,-0.87877154,0.9999975,0.9999975
2010-06-11 00:00:00,0.9996778,0.00032220353,7.212704e-27,0.0,-0.8785066,0.9996778,0.9996778
2010-06-14 00:00:00,0.99999714,2.8663928e-06,1.01339e-18,0.0,-0.8787712,0.99999714,0.99999714
2010-06-15 00:00:00,0.01348627,0.0,0.98651373,2.0,0.6970132,0.32877588,0.98651373
2010-06-16 00:00:00,0.9998987,0.0001011229,2.2779938e-07,0.0,-0.8786894,0.99989873,0.9998987
2010-06-17 00:00:00,0.97426057,0.025739424,2.1626718e-11,0.0,-0.8574441,0.97426057,0.97426057
2010-06-18 00:00:00,0.9241354,0.07586459,7.232426e-14,0.0,-0.8159069,0.9241354,0.9241354
2010-06-21 00:00:00,0.898543,0.004194327,0.09726269,0.0,-0.7199374,0.92962813,0.898543
2010-06-22 00:00:00,0.93436295,0.064975016,0.00066203467,0.0,-0.8238733,0.93457454,0.93436295
2010-06-23 00:00:00,0.055628143,4.218193e-39,0.9443719,2.0,0.62969875,0.3574492,0.9443719
2010-06-24 00:00:00,0.09402339,0.7228522,0.18312444,1.0,0.012741872,0.15254994,0.7228522
2010-06-25 00:00:00,0.07977865,4.6457624e-24,0.9202213,2.0,0.59112245,0.37388122,0.9202213
2010-06-28 00:00:00,0.108071916,0.013838197,0.8780899,2.0,0.53529197,0.38870928,0.8780899
2010-06-29 00:00:00,0.11893067,0.8680207,0.013048619,1.0,-0.13862838,0.123101,0.8680207
2010-06-30 00:00:00,0.2025909,0.42238796,0.37502113,1.0,0.07027848,0.3224476,0.42238796
2010-07-01 00:00:00,8.914252e-11,0.0,1.0,2.0,0.7185552,0.3195998,1.0
2010-07-02 00:00:00,7.445131e-32,0.0,1.0,2.0,0.7185552,0.3195998,1.0
2010-07-05 00:00:00,1.801703e-30,0.0,1.0,2.0,0.7185552,0.3195998,1.0
2010-07-06 00:00:00,2.3317037e-37,0.0,1.0,2.0,0.7185552,0.3195998,1.0
2010-07-07 00:00:00,5.806316e-35,0.0,1.0,2.0,0.7185552,0.3195998,1.0
2010-07-08 00:00:00,1.6107713e-27,0.0,1.0,2.0,0.7185552,0.3195998,1.0
2010-07-09 00:00:00,2.2489038e-24,0.0,1.0,2.0,0.7185552,0.3195998,1.0
2010-07-12 00:00:00,6.404503e-14,0.0,1.0,2.0,0.7185552,0.3195998,1.0
2010-07-13 00:00:00,1.0531629e-14,0.0,1.0,2.0,0.7185552,0.3195998,1.0
2010-07-14 00:00:00,6.072516e-17,0.0,1.0,2.0,0.7185552,0.3195998,1.0
2010-07-15 00:00:00,1.1331878e-24,0.0,1.0,2.0,0.7185552,0.3195998,1.0
2010-07-16 00:00:00,2.8979037e-25,0.0,1.0,2.0,0.7185552,0.3195998,1.0
2010-07-19 00:00:00,1.1039763e-33,0.0,1.0,2.0,0.7185552,0.3195998,1.0
2010-07-20 00:00:00,4.877525e-37,0.0,1.0,2.0,0.7185552,0.3195998,1.0
2010-07-21 00:00:00,1.0362224e-18,0.0,1.0,2.0,0.7185552,0.3195998,1.0
2010-07-22 00:00:00,3.1009068e-28,0.0,1.0,2.0,0.7185552,0.3195998,1.0
2010-07-23 00:00:00,1.906699e-25,0.0,1.0,2.0,0.7185552,0.3195998,1.0
2010-07-26 00:00:00,8.2402e-41,0.0,1.0,2.0,0.7185552,0.3195998,1.0
2010-07-27 00:00:00,0.0,0.0,1.0,2.0,0.7185552,0.3195998,1.0
2010-07-28 00:00:00,0.0,0.0,1.0,2.0,0.7185552,0.3195998,1.0
2010-07-29 00:00:00,1.3274649e-27,0.0,1.0,2.0,0.7185552,0.3195998,1.0
2010-07-30 00:00:00,1.6852776e-21,0.0,1.0,2.0,0.7185552,0.3195998,1.0
2010-08-02 00:00:00,3.863419e-39,0.0,1.0,2.0,0.7185552,0.3195998,1.0
2010-08-03 00:00:00,1.3047432e-32,0.0,1.0,2.0,0.7185552,0.3195998,1.0
2010-08-04 00:00:00,2.3426378e-24,0.0,1.0,2.0,0.7185552,0.3195998,1.0
2010-08-05 00:00:00,2.8221773e-21,0.0,1.0,2.0,0.7185552,0.3195998,1.0
2010-08-06 00:00:00,2.561529e-35,0.0,1.0,2.0,0.7185552,0.3195998,1.0
2010-08-09 00:00:00,3.6309954e-32,0.0,1.0,2.0,0.7185552,0.3195998,1.0
2010-08-10 00:00:00,2.6230593e-16,0.0,1.0,2.0,0.7185552,0.3195998,1.0
2010-08-11 00:00:00,0.269828,1.6267712e-38,0.73017204,2.0,0.2875512,0.5031908,0.73017204
2010-08-12 00:00:00,0.9769167,0.022729408,0.0003539079,0.0,-0.8593731,0.9770298,0.9769167
2010-08-13 00:00:00,0.7100239,0.2899761,1.8143601e-11,0.0,-0.63847923,0.7100239,0.7100239
2010-08-16 00:00:00,0.8642907,0.13570906,1.9808759e-07,0.0,-0.7663153,0.8642908,0.8642907
2010-08-17 00:00:00,0.98392606,0.0031115075,0.012962429,0.0,-0.8554899,0.9880689,0.98392606
2010-08-18 00:00:00,0.59733886,3.5397099e-09,0.40266114,0.0,-0.23559134,0.7260293,0.59733886
2010-08-19 00:00:00,0.33781132,0.6621371,5.1586543e-05,1.0,-0.32999837,0.3378278,0.6621371
2010-08-20 00:00:00,0.17607085,0.82392913,1.4796457e-12,1.0,-0.19600865,0.17607085,0.82392913
2010-08-23 00:00:00,0.77190274,0.22809725,2.903498e-29,0.0,-0.68975633,0.77190274,0.77190274
2010-08-24 00:00:00,0.7706398,0.22936021,3.2710412e-29,0.0,-0.6887098,0.7706398,0.7706398
2010-08-25 00:00:00,0.61658597,0.383414,2.3899308e-25,0.0,-0.5610501,0.61658597,0.61658597
2010-08-26 00:00:00,0.79405797,0.20594202,1.3579227e-30,0.0,-0.7081157,0.79405797,0.79405797
2010-08-27 00:00:00,0.33866346,0.66133654,4.294802e-21,1.0,-0.33074418,0.33866346,0.66133654
2010-08-30 00:00:00,0.9999597,4.0322444e-05,0.0,0.0,-0.8787402,0.9999597,0.9999597
2010-08-31 00:00:00,0.9999879,1.20863915e-05,0.0,0.0,-0.87876356,0.9999879,0.9999879
2010-09-01 00:00:00,0.75316,0.24683999,6.950258e-30,0.0,-0.6742248,0.75316,0.75316
2010-09-02 00:00:00,0.7643783,0.23562168,1.0943931e-30,0.0,-0.6835211,0.7643783,0.7643783
2010-09-03 00:00:00,0.799169,0.20083103,9.075255e-33,0.0,-0.712351,0.799169,0.799169
2010-09-06 00:00:00,0.91825944,0.08174054,4.5213806e-35,0.0,-0.81103766,0.91825944,0.91825944
2010-09-07 00:00:00,0.99960595,0.0003940271,1e-45,0.0,-0.87844706,0.99960595,0.99960595
2010-09-08 00:00:00,0.0037016603,0.99622494,7.34113e-05,1.0,-0.053115137,0.0037251224,0.99622494
2010-09-09 00:00:00,0.0066781184,0.99332136,5.206713e-07,1.0,-0.055637665,0.006678285,0.99332136
2010-09-10 00:00:00,0.001780046,0.9871791,0.011040844,1.0,-0.043092534,0.005308698,0.9871791
2010-09-13 00:00:00,0.09235404,6.932621e-08,0.9076459,2.0,0.5710354,0.3824375,0.9076459
2010-09-14 00:00:00,0.046916336,1.0615715e-32,0.9530837,2.0,0.6436144,0.3515217,0.9530837
2010-09-15 00:00:00,0.0004747112,0.0,0.9995253,2.0,0.7177969,0.3199228,0.9995253
2010-09-16 00:00:00,2.046027e-05,0.0,0.99997956,2.0,0.7185225,0.31961372,0.99997956
2010-09-17 00:00:00,1.9254747e-09,0.0,1.0,2.0,0.7185552,0.3195998,1.0
2010-09-20 00:00:00,5.26096e-16,0.0,1.0,2.0,0.7185552,0.3195998,1.0
2010-09-21 00:00:00,5.4601354e-34,0.0,1.0,2.0,0.7185552,0.3195998,1.0
2010-09-22 00:00:00,2.17016e-40,0.0,1.0,2.0,0.7185552,0.3195998,1.0
2010-09-23 00:00:00,1.0323733e-26,0.0,1.0,2.0,0.7185552,0.3195998,1.0
2010-09-24 00:00:00,8.316656e-39,0.0,1.0,2.0,0.7185552,0.3195998,1.0
2010-09-27 00:00:00,3.98e-43,0.0,1.0,2.0,0.7185552,0.3195998,1.0
2010-09-28 00:00:00,0.0,0.0,1.0,2.0,0.7185552,0.3195998,1.0
2010-09-29 00:00:00,0.0,0.0,1.0,2.0,0.7185552,0.3195998,1.0
2010-09-30 00:00:00,0.0,0.0,1.0,2.0,0.7185552,0.3195998,1.0
2010-10-01 00:00:00,0.0,0.0,1.0,2.0,0.7185552,0.3195998,1.0
2010-10-04 00:00:00,0.0,0.0,1.0,2.0,0.7185552,0.3195998,1.0
2010-10-05 00:00:00,0.0,0.0,1.0,2.0,0.7185552,0.3195998,1.0
2010-10-06 00:00:00,0.0,0.0,1.0,2.0,0.7185552,0.3195998,1.0
2010-10-07 00:00:00,0.0,0.0,1.0,2.0,0.7185552,0.3195998,1.0
2010-10-08 00:00:00,0.0,0.0,1.0,2.0,0.7185552,0.3195998,1.0
2010-10-11 00:00:00,0.0,0.0,1.0,2.0,0.7185552,0.3195998,1.0
2010-10-12 00:00:00,0.0,0.0,1.0,2.0,0.7185552,0.3195998,1.0
2010-10-13 00:00:00,0.0,0.0,1.0,2.0,0.7185552,0.3195998,1.0
2010-10-14 00:00:00,0.0,0.0,1.0,2.0,0.7185552,0.3195998,1.0
2010-10-15 00:00:00,0.0,0.0,1.0,2.0,0.7185552,0.3195998,1.0
2010-10-18 00:00:00,0.0,0.0,1.0,2.0,0.7185552,0.3195998,1.0
2010-10-19 00:00:00,2.758238e-13,0.0,1.0,2.0,0.7185552,0.3195998,1.0
2010-10-20 00:00:00,5.593492e-25,0.0,1.0,2.0,0.7185552,0.3195998,1.0
2010-10-21 00:00:00,3.97822e-28,0.0,1.0,2.0,0.7185552,0.3195998,1.0
2010-10-22 00:00:00,1.2122078e-16,0.0,1.0,2.0,0.7185552,0.3195998,1.0
2010-10-25 00:00:00,7.8065103e-19,0.0,1.0,2.0,0.7185552,0.3195998,1.0
2010-10-26 00:00:00,3.5633482e-06,0.0,0.9999964,2.0,0.7185495,0.31960225,0.9999964
2010-10-27 00:00:00,0.025503894,0.0,0.9744961,2.0,0.6778171,0.33695266,0.9744961
2010-10-28 00:00:00,6.725276e-08,0.0,0.99999994,2.0,0.7185551,0.31959987,0.99999994
2010-10-29 00:00:00,0.055627722,0.0,0.9443723,2.0,0.62969947,0.35744894,0.9443723
2010-11-01 00:00:00,8.667061e-06,0.0,0.99999136,2.0,0.7185414,0.3196057,0.99999136
2010-11-02 00:00:00,0.0089640515,0.0,0.99103594,2.0,0.7042367,0.32569897,0.99103594
2010-11-03 00:00:00,0.0011480893,0.0,0.9988519,2.0,0.7167213,0.320381,0.9988519
2010-11-04 00:00:00,4.1805706e-07,0.0,0.9999996,2.0,0.71855456,0.3196001,0.9999996
2010-11-05 00:00:00,0.6651249,1.4205369e-28,0.33487514,0.0,-0.3438679,0.7721509,0.6651249
2010-11-08 00:00:00,0.9930502,4.440133e-08,0.006949762,0.0,-0.8676725,0.9952713,0.9930502
2010-11-09 00:00:00,0.9945651,0.0054348777,1.9755761e-10,0.0,-0.87426984,0.9945651,0.9945651
2010-11-10 00:00:00,0.9433311,0.05666885,1.28249724e-14,0.0,-0.8318138,0.9433311,0.9433311
2010-11-11 00:00:00,0.9989702,0.0010298162,2.0266573e-35,0.0,-0.8779202,0.9989702,0.9989702
2010-11-12 00:00:00,0.94154483,0.058455154,3.2752371e-22,0.0,-0.8303336,0.94154483,0.94154483
2010-11-15 00:00:00,0.9992219,0.0007780864,8.049282e-34,0.0,-0.8781288,0.9992219,0.9992219
2010-11-16 00:00:00,0.71756226,0.28243777,3.9804152e-13,0.0,-0.64472604,0.71756226,0.71756226
2010-11-17 00:00:00,0.9996976,0.00030236284,5.469734e-31,0.0,-0.878523,0.9996976,0.9996976
2010-11-18 00:00:00,0.27274835,0.72725165,1.9431829e-14,1.0,-0.27612236,0.27274835,0.72725165
2010-11-19 00:00:00,0.37184438,0.6281556,2.77763e-16,1.0,-0.35824022,0.37184438,0.6281556
2010-11-22 00:00:00,0.838683,0.161317,4.020663e-20,0.0,-0.74509513,0.838683,0.838683
2010-11-23 00:00:00,0.9999993,7.0204385e-07,3.720107e-38,0.0,-0.878773,0.9999993,0.9999993
2010-11-24 00:00:00,0.9999873,1.27119e-05,3.0174025e-35,0.0,-0.878763,0.9999873,0.9999873
2010-11-25 00:00:00,1.0,8.247464e-14,0.0,0.0,-0.87877357,1.0,1.0
2010-11-26 00:00:00,1.0,5.5242223e-25,0.0,0.0,-0.87877357,1.0,1.0
2010-11-29 00:00:00,1.0,2.7957e-41,0.0,0.0,-0.87877357,1.0,1.0
2010-11-30 00:00:00,1.0,0.0,0.0,0.0,-0.87877357,1.0,1.0
2010-12-01 00:00:00,1.0,0.0,0.0,0.0,-0.87877357,1.0,1.0
2010-12-02 00:00:00,1.0,0.0,0.0,0.0,-0.87877357,1.0,1.0
2010-12-03 00:00:00,1.0,1.232243e-16,0.0,0.0,-0.87877357,1.0,1.0
2010-12-06 00:00:00,1.0,3.9980995e-14,0.0,0.0,-0.87877357,1.0,1.0
2010-12-07 00:00:00,1.0,4.893102e-10,0.0,0.0,-0.87877357,1.0,1.0
2010-12-08 00:00:00,1.0,2.607813e-10,0.0,0.0,-0.87877357,1.0,1.0
2010-12-09 00:00:00,0.9921401,0.007859869,5.294003e-29,0.0,-0.87226033,0.9921401,0.9921401
2010-12-10 00:00:00,0.9999777,2.231481e-05,1.07555e-40,0.0,-0.8787551,0.9999777,0.9999777
2010-12-13 00:00:00,0.49492833,0.5050717,1.276783e-10,1.0,-0.4602361,0.49492833,0.5050717
2010-12-14 00:00:00,0.6699057,0.33009416,1.3096316e-07,0.0,-0.60523444,0.6699057,0.6699057
2010-12-15 00:00:00,0.90755486,0.09244516,1.3542104e-24,0.0,-0.8021671,0.90755486,0.90755486
2010-12-16 00:00:00,0.99801147,0.0019885236,1.3956239e-35,0.0,-0.87712574,0.99801147,0.99801147
2010-12-17 00:00:00,0.99999756,2.4564292e-06,4e-45,0.0,-0.87877154,0.99999756,0.99999756
2010-12-20 00:00:00,0.99999815,1.8727121e-06,7e-45,0.0,-0.878772,0.99999815,0.99999815
2010-12-21 00:00:00,0.46026492,0.5397351,1.1601827e-19,1.0,-0.4315116,0.46026492,0.5397351
2010-12-22 00:00:00,0.217818,0.782182,7.481469e-15,1.0,-0.23060325,0.217818,0.782182
2010-12-23 00:00:00,0.17792426,0.8220757,1.387332e-12,1.0,-0.19754452,0.17792426,0.8220757
2010-12-24 00:00:00,0.21360238,0.78637844,1.9152583e-05,1.0,-0.22709516,0.2136085,0.78637844
2010-12-27 00:00:00,0.1365542,1.7016562e-19,0.8634458,2.0,0.50043327,0.41251132,0.8634458
2010-12-28 00:00:00,0.12974103,3.6163868e-20,0.870259,2.0,0.5113161,0.40787563,0.870259
2010-12-29 00:00:00,0.11703945,4.6557962e-23,0.88296056,2.0,0.5316047,0.3992335,0.88296056
2010-12-30 00:00:00,0.13583516,9.767776e-20,0.8641648,2.0,0.5015818,0.41202208,0.8641648
2010-12-31 00:00:00,0.012282974,0.81336284,0.17435421,1.0,0.07373635,0.068006545,0.81336284
2011-01-03 00:00:00,0.06193736,1.0856481e-09,0.93806267,2.0,0.61962086,0.36174202,0.93806267
2011-01-04 00:00:00,0.063068956,2.2922433e-10,0.9369311,2.0,0.61781335,0.36251193,0.9369311
2011-01-05 00:00:00,0.025752999,0.9728466,0.0014003619,1.0,-0.07036843,0.026200553,0.9728466
2011-01-06 00:00:00,0.21494594,0.785054,4.7173864e-16,1.0,-0.22822325,0.21494594,0.785054
2011-01-07 00:00:00,0.72656924,0.27343076,1.7600093e-21,0.0,-0.65218985,0.72656924,0.72656924
2011-01-10 00:00:00,0.99624825,0.0037517708,3.622382e-35,0.0,-0.8756646,0.99624825,0.99624825
2011-01-11 00:00:00,0.8799654,0.120034605,8.031701e-28,0.0,-0.77930456,0.8799654,0.8799654
2011-01-12 00:00:00,0.04433846,0.95523554,0.00042599882,1.0,-0.08651859,0.044474613,0.95523554
2011-01-13 00:00:00,0.14942981,2.2559655e-30,0.8505702,2.0,0.47986665,0.4212719,0.8505702
2011-01-14 00:00:00,0.0016554177,0.0,0.9983446,2.0,0.715911,0.32072616,0.9983446
2011-01-17 00:00:00,0.014287304,0.0,0.9857127,2.0,0.69573367,0.3293209,0.9857127
2011-01-18 00:00:00,1.393199e-06,0.0,0.9999986,2.0,0.71855295,0.31960076,0.9999986
2011-01-19 00:00:00,1.0786679e-08,0.0,1.0,2.0,0.71855515,0.31959984,1.0
2011-01-20 00:00:00,6.907939e-09,0.0,1.0,2.0,0.7185552,0.3195998,1.0
2011-01-21 00:00:00,3.916298e-17,0.0,1.0,2.0,0.7185552,0.3195998,1.0
2011-01-24 00:00:00,1.05177885e-14,0.0,1.0,2.0,0.7185552,0.3195998,1.0
2011-01-25 00:00:00,1.4054257e-24,0.0,1.0,2.0,0.7185552,0.3195998,1.0
2011-01-26 00:00:00,5.0328117e-17,0.0,1.0,2.0,0.7185552,0.3195998,1.0
2011-01-27 00:00:00,2.9767584e-13,0.0,1.0,2.0,0.7185552,0.3195998,1.0
2011-01-28 00:00:00,0.0002866566,0.0,0.99971336,2.0,0.7180973,0.31979486,0.99971336
2011-01-31 00:00:00,1.1734654e-09,0.0,1.0,2.0,0.7185552,0.3195998,1.0
2011-02-01 00:00:00,3.2130938e-18,0.0,1.0,2.0,0.7185552,0.3195998,1.0
2011-02-02 00:00:00,2.2192231e-30,0.0,1.0,2.0,0.7185552,0.3195998,1.0
2011-02-03 00:00:00,3.7511446e-29,0.0,1.0,2.0,0.7185552,0.3195998,1.0
2011-02-04 00:00:00,2.8810044e-32,0.0,1.0,2.0,0.7185552,0.3195998,1.0
2011-02-07 00:00:00,8.722573e-29,0.0,1.0,2.0,0.7185552,0.3195998,1.0
2011-02-08 00:00:00,8.323139e-30,0.0,1.0,2.0,0.7185552,0.3195998,1.0
2011-02-09 00:00:00,2.2789957e-25,0.0,1.0,2.0,0.7185552,0.3195998,1.0
2011-02-10 00:00:00,9.049992e-05,0.0,0.9999095,2.0,0.7184106,0.31966138,0.9999095
2011-02-11 00:00:00,0.017566238,4e-45,0.98243374,2.0,0.69049615,0.33155188,0.98243374
2011-02-14 00:00:00,0.0032790427,0.0,0.99672097,2.0,0.7133175,0.32183087,0.99672097
2011-02-15 00:00:00,0.05837179,8.120043e-27,0.9416282,2.0,0.62531626,0.359316,0.9416282
2011-02-16 00:00:00,0.057109572,2.233438e-27,0.9428904,2.0,0.62733245,0.35845718,0.9428904
2011-02-17 00:00:00,0.021594176,5.49e-42,0.97840583,2.0,0.6840622,0.3342925,0.97840583
2011-02-18 00:00:00,0.07076974,1.7271276e-10,0.9292303,2.0,0.6055127,0.36775157,0.9292303
2011-02-21 00:00:00,0.04727058,0.0005955114,0.9521339,2.0,0.6425908,0.3515724,0.9521339
2011-02-22 00:00:00,0.005103664,0.7484393,0.24645703,1.0,0.13510811,0.08387128,0.7484393
2011-02-23 00:00:00,0.06633817,2.9107644e-06,0.9336589,2.0,0.6125891,0.3647354,0.9336589
2011-02-24 00:00:00,0.07700318,1.5946327e-17,0.9229968,2.0,0.5955558,0.3719928,0.9229968
2011-02-25 00:00:00,0.03741328,8.526502e-33,0.9625867,2.0,0.65879387,0.34505582,0.9625867
2011-02-28 00:00:00,0.063050285,2.1078099e-19,0.93694973,2.0,0.61784315,0.36249924,0.93694973
2011-03-01 00:00:00,0.0024706493,0.963611,0.033918355,1.0,-0.026079804,0.013310949,0.963611
2011-03-02 00:00:00,0.046259142,4.0420025e-05,0.9537004,2.0,0.64463305,0.35106164,0.9537004
2011-03-03 00:00:00,9.379564e-07,0.0,0.99999905,2.0,0.7185537,0.31960046,0.99999905
2011-03-04 00:00:00,1.6381482e-10,0.0,1.0,2.0,0.7185552,0.3195998,1.0
2011-03-07 00:00:00,1.6031562e-08,0.0,1.0,2.0,0.71855515,0.31959984,1.0
2011-03-08 00:00:00,0.00022444477,0.0,0.9997755,2.0,0.7181967,0.31975254,0.9997755
2011-03-09 00:00:00,0.01680224,0.0,0.98319775,2.0,0.6917165,0.33103207,0.98319775
2011-03-10 00:00:00,0.011004225,0.0,0.9889958,2.0,0.70097786,0.3270871,0.9889958
2011-03-11 00:00:00,1.0216504e-07,0.0,0.9999999,2.0,0.71855503,0.3195999,0.9999999
2011-03-14 00:00:00,1.9049913e-17,0.0,1.0,2.0,0.7185552,0.3195998,1.0
2011-03-15 00:00:00,6.02008e-16,0.0,1.0,2.0,0.7185552,0.3195998,1.0
2011-03-16 00:00:00,6.4844785e-06,0.0,0.9999935,2.0,0.71854484,0.31960422,0.9999935
2011-03-17 00:00:00,2.0373131e-10,0.0,1.0,2.0,0.7185552,0.3195998,1.0
2011-03-18 00:00:00,2.9914883e-15,0.0,1.0,2.0,0.7185552,0.3195998,1.0
2011-03-21 00:00:00,5.8494387e-18,0.0,1.0,2.0,0.7185552,0.3195998,1.0
2011-03-22 00:00:00,5.9759356e-15,0.0,1.0,2.0,0.7185552,0.3195998,1.0
2011-03-23 00:00:00,3.5941562e-07,0.0,0.99999964,2.0,0.7185546,0.31960008,0.99999964
2011-03-24 00:00:00,2.2881251e-07,0.0,0.99999976,2.0,0.71855485,0.3196,0.99999976
2011-03-25 00:00:00,9.0452824e-07,0.0,0.9999991,2.0,0.7185538,0.31960043,0.9999991
2011-03-28 00:00:00,0.0003961336,0.0,0.99960387,2.0,0.71792245,0.31986934,0.99960387
2011-03-29 00:00:00,1.2254262e-07,0.0,0.9999999,2.0,0.718555,0.3195999,0.9999999
2011-03-30 00:00:00,0.00018022252,0.0,0.99981976,2.0,0.7182673,0.31972244,0.99981976
2011-03-31 00:00:00,0.0059034997,0.0,0.9940965,2.0,0.70912534,0.32361656,0.9940965
2011-04-01 00:00:00,0.0004333676,0.0,0.9995666,2.0,0.71786296,0.31989467,0.9995666
2011-04-04 00:00:00,0.00065737293,0.0,0.9993426,2.0,0.71750516,0.32004708,0.9993426
2011-04-05 00:00:00,2.3858925e-07,0.0,0.99999976,2.0,0.7185548,0.3196,0.99999976
2011-04-06 00:00:00,4.401347e-11,0.0,1.0,2.0,0.7185552,0.3195998,1.0
2011-04-07 00:00:00,1.9370114e-16,0.0,1.0,2.0,0.7185552,0.3195998,1.0
2011-04-08 00:00:00,1.5764415e-22,0.0,1.0,2.0,0.7185552,0.3195998,1.0
2011-04-11 00:00:00,2.2063861e-12,0.0,1.0,2.0,0.7185552,0.3195998,1.0
2011-04-12 00:00:00,7.846978e-16,0.0,1.0,2.0,0.7185552,0.3195998,1.0
2011-04-13 00:00:00,7.9496055e-22,0.0,1.0,2.0,0.7185552,0.3195998,1.0
2011-04-14 00:00:00,5.46821e-15,0.0,1.0,2.0,0.7185552,0.3195998,1.0
2011-04-15 00:00:00,0.0006736092,0.0,0.9993264,2.0,0.7174792,0.32005814,0.9993264
2011-04-18 00:00:00,0.02107126,0.14282182,0.83610696,2.0,0.57511616,0.2882909,0.83610696
2011-04-19 00:00:00,0.0062730727,0.0,0.9937269,2.0,0.708535,0.323868,0.9937269
2011-04-20 00:00:00,8.013602e-11,0.0,1.0,2.0,0.7185552,0.3195998,1.0
2011-04-21 00:00:00,1.1785185e-09,0.0,1.0,2.0,0.7185552,0.3195998,1.0
2011-04-22 00:00:00,3.2986584e-15,0.0,1.0,2.0,0.7185552,0.3195998,1.0
2011-04-25 00:00:00,2.2836449e-15,0.0,1.0,2.0,0.7185552,0.3195998,1.0
2011-04-26 00:00:00,2.8454036e-22,0.0,1.0,2.0,0.7185552,0.3195998,1.0
2011-04-27 00:00:00,3.3739604e-27,0.0,1.0,2.0,0.7185552,0.3195998,1.0
2011-04-28 00:00:00,9.737397e-29,0.0,1.0,2.0,0.7185552,0.3195998,1.0
2011-04-29 00:00:00,1.7168785e-20,0.0,1.0,2.0,0.7185552,0.3195998,1.0
2011-05-02 00:00:00,4.301981e-22,0.0,1.0,2.0,0.7185552,0.3195998,1.0
2011-05-03 00:00:00,4.3522788e-23,0.0,1.0,2.0,0.7185552,0.3195998,1.0
2011-05-04 00:00:00,1.3237191e-16,0.0,1.0,2.0,0.7185552,0.3195998,1.0
2011-05-05 00:00:00,6.2793595e-05,0.0,0.9999372,2.0,0.7184549,0.31964254,0.9999372
2011-05-06 00:00:00,0.6516899,0.34831014,3.4045964e-09,0.0,-0.5901396,0.6516899,0.6516899
2011-05-09 00:00:00,0.98874396,0.0076832515,0.003572813,0.0,-0.86669976,0.9898858,0.98874396
2011-05-10 00:00:00,0.9686852,0.030999167,0.00031564283,0.0,-0.8525813,0.96878606,0.9686852
2011-05-11 00:00:00,0.6850873,0.31491268,4.571163e-16,0.0,-0.6178151,0.6850873,0.6850873
2011-05-12 00:00:00,0.66385037,0.33614966,2.0994282e-18,0.0,-0.6002166,0.66385037,0.66385037
2011-05-13 00:00:00,0.77861875,0.22138125,1.7250055e-22,0.0,-0.6953217,0.77861875,0.77861875
2011-05-16 00:00:00,0.965731,0.03420958,5.9382015e-05,0.0,-0.8503303,0.96575004,0.965731
2011-05-17 00:00:00,0.9552329,0.044732824,3.426337e-05,0.0,-0.8416501,0.9552439,0.9552329
2011-05-18 00:00:00,0.29253775,0.70746225,1.8288933e-16,1.0,-0.2925212,0.29253775,0.70746225
2011-05-19 00:00:00,0.31722552,0.6827745,5.0754536e-14,1.0,-0.31297922,0.31722552,0.6827745
2011-05-20 00:00:00,0.94766295,0.052337036,7.7968084e-32,0.0,-0.8354035,0.94766295,0.94766295
2011-05-23 00:00:00,0.9999995,4.7989045e-07,0.0,0.0,-0.87877315,0.9999995,0.9999995
2011-05-24 00:00:00,1.0,2.2307958e-09,0.0,0.0,-0.87877357,1.0,1.0
2011-05-25 00:00:00,1.0,9.6914196e-14,0.0,0.0,-0.87877357,1.0,1.0
2011-05-26 00:00:00,1.0,1.5166641e-12,0.0,0.0,-0.87877357,1.0,1.0
2011-05-27 00:00:00,0.99984294,0.00015708512,1.497e-42,0.0,-0.8786434,0.99984294,0.99984294
2011-05-30 00:00:00,0.9988814,0.0011185727,1.3393081e-38,0.0,-0.87784666,0.9988814,0.9988814
2011-05-31 00:00:00,0.9882671,0.011732903,1.6799279e-32,0.0,-0.86905086,0.9882671,0.9882671
2011-06-01 00:00:00,0.9999572,4.2816093e-05,1.01429e-40,0.0,-0.8787381,0.9999572,0.9999572
2011-06-02 00:00:00,0.9817785,0.01731306,0.0009084089,0.0,-0.8629758,0.98206884,0.9817785
2011-06-03 00:00:00,1.1856993e-06,0.0,0.9999988,2.0,0.7185533,0.3196006,0.9999988
2011-06-06 00:00:00,0.0015605143,0.0,0.9984395,2.0,0.71606255,0.3206616,0.9984395
2011-06-07 00:00:00,4.103669e-05,0.0,0.999959,2.0,0.71848965,0.31962773,0.999959
2011-06-08 00:00:00,6.5319e-09,0.0,1.0,2.0,0.7185552,0.3195998,1.0
2011-06-09 00:00:00,6.971419e-06,0.0,0.999993,2.0,0.71854407,0.31960455,0.999993
2011-06-10 00:00:00,0.0010605825,0.0,0.9989394,2.0,0.7168611,0.32032144,0.9989394
2011-06-13 00:00:00,7.9210804e-05,0.0,0.9999208,2.0,0.7184287,0.31965372,0.9999208
2011-06-14 00:00:00,0.025558963,1e-44,0.97444105,2.0,0.6777291,0.33699015,0.97444105
2011-06-15 00:00:00,0.99242085,0.006844925,0.000734215,0.0,-0.87192863,0.9926555,0.99242085
2011-06-16 00:00:00,0.8588237,0.14117445,1.8325767e-06,0.0,-0.7617837,0.8588243,0.8588237
2011-06-17 00:00:00,0.067671664,8.1246e-41,0.93232834,2.0,0.6104613,0.36564362,0.93232834
2011-06-20 00:00:00,6.911922e-08,0.0,0.99999994,2.0,0.7185551,0.31959987,0.99999994
2011-06-21 00:00:00,1.5082368e-05,0.0,0.9999849,2.0,0.71853113,0.3196101,0.9999849
2011-06-22 00:00:00,9.292817e-05,0.0,0.9999071,2.0,0.71840674,0.31966305,0.9999071
2011-06-23 00:00:00,0.14723037,1.7465981e-28,0.8527696,2.0,0.4833799,0.4197754,0.8527696
2011-06-24 00:00:00,0.11959853,0.8803843,1.7162285e-05,1.0,-0.14919858,0.119604014,0.8803843
2011-06-27 00:00:00,0.6348397,0.061723948,0.30343634,0.0,-0.3429372,0.7318179,0.6348397
2011-06-28 00:00:00,0.49751547,0.48559284,0.016891696,0.0,-0.44939604,0.5029141,0.49751547
2011-06-29 00:00:00,0.13069604,2.002836e-27,0.86930394,2.0,0.50979066,0.40852544,0.86930394
2011-06-30 00:00:00,0.27074894,0.11485143,0.6143996,2.0,0.19779848,0.46711096,0.6143996
2011-07-01 00:00:00,0.06492179,0.9346016,0.0004765935,1.0,-0.10353648,0.06507411,0.9346016
2011-07-04 00:00:00,0.120507196,0.7574643,0.122028485,1.0,-0.056166418,0.15950748,0.7574643
2011-07-05 00:00:00,0.087986246,0.91201377,2.5020153e-12,1.0,-0.12301563,0.087986246,0.91201377
2011-07-06 00:00:00,0.107838295,0.8921617,2.2145435e-13,1.0,-0.13946642,0.107838295,0.8921617
2011-07-07 00:00:00,0.056951992,0.94304794,7.6963445e-08,1.0,-0.09729843,0.05695202,0.94304794
2011-07-08 00:00:00,0.019192513,0.97437024,0.006437219,1.0,-0.06106033,0.021249846,0.97437024
2011-07-11 00:00:00,0.7738591,0.22614089,8.819294e-26,0.0,-0.6913775,0.7738591,0.7738591
2011-07-12 00:00:00,0.99231094,0.007689075,6.9763294e-34,0.0,-0.8724019,0.99231094,0.99231094
2011-07-13 00:00:00,0.3485869,2.1982818e-17,0.65141314,2.0,0.16174735,0.5567784,0.65141314
2011-07-14 00:00:00,0.9333495,0.026287252,0.040363245,0.0,-0.79251677,0.9462496,0.9333495
2011-07-15 00:00:00,0.31618917,0.6838106,2.2471104e-07,1.0,-0.31212026,0.31618923,0.6838106
2011-07-18 00:00:00,0.1831129,0.8168871,1.12756436e-13,1.0,-0.20184419,0.1831129,0.8168871
2011-07-19 00:00:00,0.19213745,0.8078626,2.6126172e-11,1.0,-0.20932254,0.19213745,0.8078626
2011-07-20 00:00:00,0.86224115,0.13344935,0.004309488,0.0,-0.7613045,0.8636185,0.86224115
2011-07-21 00:00:00,0.070510015,2.1204e-41,0.92949,2.0,0.6059275,0.36757484,0.92949
2011-07-22 00:00:00,0.020883752,0.0,0.97911626,2.0,0.685197,0.33380914,0.97911626
2011-07-25 00:00:00,0.4578866,6.831449e-14,0.54211336,2.0,-0.012840276,0.63114595,0.54211336
2011-07-26 00:00:00,0.057512354,2.35e-43,0.94248766,2.0,0.6266891,0.35873124,0.94248766
2011-07-27 00:00:00,0.9411348,0.058827013,3.8182574e-05,0.0,-0.82996446,0.941147,0.9411348
2011-07-28 00:00:00,0.7857672,0.21423268,1.2159217e-07,0.0,-0.7012453,0.78576726,0.7857672
2011-07-29 00:00:00,0.8847537,0.11524519,1.1074917e-06,0.0,-0.7832716,0.88475406,0.8847537
2011-08-01 00:00:00,0.7015396,0.29846045,8.7409684e-17,0.0,-0.6314485,0.7015396,0.7015396
2011-08-02 00:00:00,0.6623546,0.33764538,3.0804193e-15,0.0,-0.59897715,0.6623546,0.6623546
2011-08-03 00:00:00,0.93703836,2.710871e-08,0.06296161,0.0,-0.7782032,0.9571609,0.93703836
2011-08-04 00:00:00,0.9870377,0.012962263,1.1335525e-21,0.0,-0.86803216,0.9870377,0.9870377
2011-08-05 00:00:00,0.9993055,1.6694717e-15,0.000694507,0.0,-0.8776642,0.99952745,0.9993055
2011-08-08 00:00:00,0.30892056,0.0,0.69107944,2.0,0.2251075,0.52978945,0.69107944
2011-08-09 00:00:00,1.0706713e-09,0.0,1.0,2.0,0.7185552,0.3195998,1.0
2011-08-10 00:00:00,0.99979764,0.0002023396,2.1268125e-09,0.0,-0.8786059,0.99979764,0.99979764
2011-08-11 00:00:00,0.97223204,6.4705505e-20,0.027767971,0.0,-0.834419,0.98110664,0.97223204
2011-08-12 00:00:00,0.8421718,1.8580644e-30,0.15782821,0.0,-0.62667,0.89261365,0.8421718
2011-08-15 00:00:00,5.376478e-07,0.0,0.99999946,2.0,0.7185543,0.3196002,0.99999946
2011-08-16 00:00:00,0.0037683004,0.0,0.9962317,2.0,0.712536,0.32216376,0.9962317
2011-08-17 00:00:00,0.08971081,0.0,0.91028917,2.0,0.57525754,0.38063908,0.91028917
2011-08-18 00:00:00,0.9999897,1.0331475e-05,9.0972e-09,0.0,-0.878765,0.9999897,0.9999897
2011-08-19 00:00:00,0.99613535,1.8124598e-18,0.0038646418,0.0,-0.8726005,0.9973705,0.99613535
2011-08-22 00:00:00,0.99982303,1.080769e-10,0.00017699371,0.0,-0.87849087,0.9998796,0.99982303
2011-08-23 00:00:00,0.9999981,2.939004e-07,1.6042695e-06,0.0,-0.87877077,0.9999986,0.9999981
2011-08-24 00:00:00,0.9824499,2.2418456e-18,0.017550085,0.0,-0.8507403,0.9880589,0.9824499
2011-08-25 00:00:00,0.9655104,8.471389e-22,0.034489565,0.0,-0.8236824,0.9765333,0.9655104
2011-08-26 00:00:00,0.8061819,7.368287e-34,0.19381808,0.0,-0.5691824,0.86812615,0.8061819
2011-08-29 00:00:00,0.000240871,0.0,0.99975914,2.0,0.71817046,0.31976372,0.99975914
2011-08-30 00:00:00,8.3203806e-05,0.0,0.9999168,2.0,0.7184223,0.31965643,0.9999168
2011-08-31 00:00:00,0.9810068,5.07095e-10,0.018993171,0.0,-0.8484352,0.98707706,0.9810068
2011-09-01 00:00:00,0.007189369,0.0,0.9928106,2.0,0.7070714,0.32449147,0.9928106
2011-09-02 00:00:00,0.5054003,0.48438656,0.010213128,0.0,-0.4610635,0.5086644,0.5054003
2011-09-05 00:00:00,0.36303037,0.6368097,0.00015989681,1.0,-0.3508134,0.36308149,0.6368097
2011-09-06 00:00:00,0.8039809,0.19601913,1.6476751e-20,0.0,-0.7163385,0.8039809,0.8039809
2011-09-07 00:00:00,0.011016604,0.9580377,0.030945744,1.0,-0.0354465,0.020906858,0.9580377
2011-09-08 00:00:00,0.61612445,0.38387555,1.6598396e-18,0.0,-0.56066763,0.61612445,0.61612445
2011-09-09 00:00:00,1.0,5.5658115e-13,0.0,0.0,-0.87877357,1.0,1.0
2011-09-12 00:00:00,1.0,7.3225205e-25,0.0,0.0,-0.87877357,1.0,1.0
2011-09-13 00:00:00,1.0,1.02075127e-16,0.0,0.0,-0.87877357,1.0,1.0
2011-09-14 00:00:00,1.0,1.4926193e-15,0.0,0.0,-0.87877357,1.0,1.0
2011-09-15 00:00:00,0.9957902,0.0042098095,5.532174e-30,0.0,-0.875285,0.9957902,0.9957902
2011-09-16 00:00:00,1.0,3.7972117e-10,0.0,0.0,-0.87877357,1.0,1.0
2011-09-19 00:00:00,1.0,9.506478e-23,0.0,0.0,-0.87877357,1.0,1.0
2011-09-20 00:00:00,1.0,9.848215e-22,0.0,0.0,-0.87877357,1.0,1.0
2011-09-21 00:00:00,1.0,2.3628672e-35,0.0,0.0,-0.87877357,1.0,1.0
2011-09-22 00:00:00,1.0,4e-45,0.0,0.0,-0.87877357,1.0,1.0
2011-09-23 00:00:00,1.0,0.0,0.0,0.0,-0.87877357,1.0,1.0
2011-09-26 00:00:00,1.0,0.0,0.0,0.0,-0.87877357,1.0,1.0
2011-09-27 00:00:00,1.0,1.7558338e-35,0.0,0.0,-0.87877357,1.0,1.0
2011-09-28 00:00:00,1.0,2.6565314e-34,0.0,0.0,-0.87877357,1.0,1.0
2011-09-29 00:00:00,1.0,7.392307e-18,0.0,0.0,-0.87877357,1.0,1.0
2011-09-30 00:00:00,1.0,5.6625473e-36,0.0,0.0,-0.87877357,1.0,1.0
2011-10-03 00:00:00,1.0,0.0,0.0,0.0,-0.87877357,1.0,1.0
2011-10-04 00:00:00,1.0,7.4078984e-25,0.0,0.0,-0.87877357,1.0,1.0
2011-10-05 00:00:00,1.0,6.3698024e-28,0.0,0.0,-0.87877357,1.0,1.0
2011-10-06 00:00:00,0.99999857,1.4049749e-06,2.9276e-41,0.0,-0.87877244,0.99999857,0.99999857
2011-10-07 00:00:00,0.7613901,0.23860988,5.68921e-18,0.0,-0.6810449,0.7613901,0.7613901
2011-10-10 00:00:00,0.9958469,3.4205866e-07,0.0041527515,0.0,-0.87214,0.99717414,0.9958469
2011-10-11 00:00:00,0.9997894,2.1026328e-05,0.00018954914,0.0,-0.8784534,0.99985,0.9997894
2011-10-12 00:00:00,0.98509777,1.2751383e-13,0.01490224,0.0,-0.8549698,0.98986053,0.98509777
2011-10-13 00:00:00,0.99315596,0.00684402,1.7662863e-08,0.0,-0.8731021,0.99315596,0.99315596
2011-10-14 00:00:00,0.83977807,5.221818e-26,0.16022195,0.0,-0.6228464,0.89098495,0.83977807
2011-10-17 00:00:00,0.2971349,6.542319e-39,0.7028651,2.0,0.24393308,0.5217705,0.7028651
2011-10-18 00:00:00,0.95298934,6.49306e-11,0.047010634,0.0,-0.80368215,0.96801394,0.95298934
2011-10-19 00:00:00,0.004524391,0.0,0.9954756,2.0,0.71132827,0.3226782,0.9954756
2011-10-20 00:00:00,8.220677e-07,0.0,0.99999917,2.0,0.7185539,0.31960037,0.99999917
2011-10-21 00:00:00,1.4419087e-11,0.0,1.0,2.0,0.7185552,0.3195998,1.0
2011-10-24 00:00:00,3.0130637e-13,0.0,1.0,2.0,0.7185552,0.3195998,1.0
2011-10-25 00:00:00,9.017288e-08,0.0,0.9999999,2.0,0.71855503,0.31959987,0.9999999
2011-10-26 00:00:00,3.2609515e-10,0.0,1.0,2.0,0.7185552,0.3195998,1.0
2011-10-27 00:00:00,1.0382317e-26,0.0,1.0,2.0,0.7185552,0.3195998,1.0
2011-10-28 00:00:00,4.4683e-41,0.0,1.0,2.0,0.7185552,0.3195998,1.0
2011-10-31 00:00:00,1.2273281e-33,0.0,1.0,2.0,0.7185552,0.3195998,1.0
2011-11-01 00:00:00,5.107163e-10,0.0,1.0,2.0,0.7185552,0.3195998,1.0
2011-11-02 00:00:00,2.7240946e-10,0.0,1.0,2.0,0.7185552,0.3195998,1.0
2011-11-03 00:00:00,3.2851177e-13,0.0,1.0,2.0,0.7185552,0.3195998,1.0
2011-11-04 00:00:00,2.6169102e-14,0.0,1.0,2.0,0.7185552,0.3195998,1.0
2011-11-07 00:00:00,0.26246262,0.0,0.7375374,2.0,0.29931614,0.4981794,0.7375374
2011-11-08 00:00:00,0.004934163,0.0,0.9950658,2.0,0.7106737,0.322957,0.9950658
2011-11-09 00:00:00,0.99828184,0.0017181495,1.2532441e-22,0.0,-0.8773498,0.99828184,0.99828184
2011-11-10 00:00:00,0.9999978,2.1930387e-06,2.8834674e-13,0.0,-0.8787718,0.9999978,0.9999978
2011-11-11 00:00:00,0.99999964,3.6423447e-07,2.4201851e-12,0.0,-0.8787733,0.99999964,0.99999964
2011-11-14 00:00:00,0.99999976,2.2403181e-07,1.0799992e-11,0.0,-0.8787734,0.99999976,0.99999976
2011-11-15 00:00:00,0.99970055,0.00029948022,6.281496e-21,0.0,-0.87852544,0.99970055,0.99970055
2011-11-16 00:00:00,0.9982358,0.0017641612,2.613307e-31,0.0,-0.87731165,0.9982358,0.9982358
2011-11-17 00:00:00,0.99837035,0.0016296267,8.356151e-33,0.0,-0.87742317,0.99837035,0.99837035
2011-11-18 00:00:00,0.9988736,0.0011264066,5.7943097e-36,0.0,-0.87784016,0.9988736,0.9988736
2011-11-21 00:00:00,0.9999644,3.557341e-05,1.4e-44,0.0,-0.8787441,0.9999644,0.9999644
2011-11-22 00:00:00,0.9994207,0.0005793265,1.902712e-37,0.0,-0.8782935,0.9994207,0.9994207
2011-11-23 00:00:00,1.0,2.7851162e-11,0.0,0.0,-0.87877357,1.0,1.0
2011-11-24 00:00:00,1.0,2.70963e-40,0.0,0.0,-0.87877357,1.0,1.0
2011-11-25 00:00:00,1.0,0.0,0.0,0.0,-0.87877357,1.0,1.0
2011-11-28 00:00:00,1.0,5.772552e-10,0.0,0.0,-0.87877357,1.0,1.0
2011-11-29 00:00:00,0.80632365,0.19367635,1.3698212e-24,0.0,-0.7182799,0.80632365,0.80632365
2011-11-30 00:00:00,0.49591765,0.5040824,2.4377124e-16,1.0,-0.46105593,0.49591765,0.5040824
2011-12-01 00:00:00,0.87074775,0.12925224,4.3599352e-27,0.0,-0.77166617,0.87074775,0.87074775
2011-12-02 00:00:00,0.99140966,0.008590327,2.7175396e-32,0.0,-0.87165505,0.99140966,0.99140966
2011-12-05 00:00:00,0.951845,0.04815504,3.2379893e-29,0.0,-0.838869,0.951845,0.951845
2011-12-06 00:00:00,0.9896805,0.010319486,6.7217574e-35,0.0,-0.87022215,0.9896805,0.9896805
2011-12-07 00:00:00,0.012991012,0.98698694,2.2078677e-05,1.0,-0.060852397,0.012998069,0.98698694
2011-12-08 00:00:00,0.052386913,0.94761306,5.407059e-15,1.0,-0.093515545,0.052386913,0.94761306
2011-12-09 00:00:00,0.291499,0.708501,1.01344326e-25,1.0,-0.29166043,0.291499,0.708501
2011-12-12 00:00:00,0.9750423,0.024957707,1.2347e-41,0.0,-0.8580919,0.9750423,0.9750423
2011-12-13 00:00:00,0.99733627,0.0026637155,0.0,0.0,-0.87656623,0.99733627,0.99733627
2011-12-14 00:00:00,0.97764015,0.022359854,3.977e-42,0.0,-0.86024463,0.97764015,0.97764015
2011-12-15 00:00:00,0.94944835,0.050551627,1.0257033e-36,0.0,-0.836883,0.94944835,0.94944835
2011-12-16 00:00:00,0.9871069,0.012893103,0.0,0.0,-0.86808944,0.9871069,0.9871069
2011-12-19 00:00:00,0.98735815,0.0126418285,0.0,0.0,-0.8682977,0.98735815,0.98735815
2011-12-20 00:00:00,0.9462738,0.053726193,4.1563112e-38,0.0,-0.8342523,0.9462738,0.9462738
2011-12-21 00:00:00,0.14527875,0.85472125,2.5548243e-21,1.0,-0.17049219,0.14527875,0.85472125
2011-12-22 00:00:00,0.0787228,0.9212772,1.1035776e-17,1.0,-0.11533929,0.0787228,0.9212772
2011-12-23 00:00:00,0.025592793,0.9744072,7.102117e-10,1.0,-0.07131208,0.025592793,0.9744072
2011-12-26 00:00:00,0.09506604,0.9049339,7.43031e-18,1.0,-0.12888244,0.09506604,0.9049339
2011-12-27 00:00:00,0.06903801,0.93096197,2.228937e-16,1.0,-0.107313804,0.06903801,0.93096197
2011-12-28 00:00:00,0.96326953,0.036730457,0.0,0.0,-0.84833616,0.96326953,0.96326953
2011-12-29 00:00:00,0.960034,0.039965995,0.0,0.0,-0.84565496,0.960034,0.960034
2011-12-30 00:00:00,0.8508614,0.14913861,4.2e-44,0.0,-0.755187,0.8508614,0.8508614
2012-01-02 00:00:00,0.86686116,0.13313882,0.0,0.0,-0.7684455,0.86686116,0.86686116
2012-01-03 00:00:00,0.28739458,0.7126054,3.381404e-29,1.0,-0.28825924,0.28739458,0.7126054
2012-01-04 00:00:00,0.96295214,0.037047848,0.0,0.0,-0.8480732,0.96295214,0.96295214
2012-01-05 00:00:00,0.9999764,2.3573893e-05,0.0,0.0,-0.878754,0.9999764,0.9999764
2012-01-06 00:00:00,1.0,9.524362e-11,0.0,0.0,-0.87877357,1.0,1.0
2012-01-09 00:00:00,0.72237664,0.27762336,3.007222e-32,0.0,-0.6487156,0.72237664,0.72237664
2012-01-10 00:00:00,0.059569847,0.94043016,1.2310802e-16,1.0,-0.09946782,0.059569847,0.94043016
2012-01-11 00:00:00,0.06339298,0.936607,1.9865002e-16,1.0,-0.10263594,0.06339298,0.936607
2012-01-12 00:00:00,0.02609983,0.97390014,5.25443e-11,1.0,-0.071732245,0.02609983,0.97390014
2012-01-13 00:00:00,0.7212148,0.27878523,2.7020756e-28,0.0,-0.64775276,0.7212148,0.7212148
2012-01-16 00:00:00,0.4663385,0.53366154,2.153626e-25,1.0,-0.43654457,0.4663385,0.53366154
2012-01-17 00:00:00,0.40013137,0.59986866,2.346716e-25,1.0,-0.38168076,0.40013137,0.59986866
2012-01-18 00:00:00,0.032294005,0.96770597,8.129122e-09,1.0,-0.07686516,0.032294005,0.96770597
2012-01-19 00:00:00,0.050086915,0.94942415,0.00048895855,1.0,-0.09123377,0.050243188,0.94942415
2012-01-20 00:00:00,0.03646892,0.9635032,2.7904745e-05,1.0,-0.08030334,0.036477838,0.9635032
2012-01-23 00:00:00,0.19849196,0.46282175,0.3386863,1.0,0.04574604,0.30673602,0.46282175
2012-01-24 00:00:00,0.18715942,0.6232006,0.18964,1.0,-0.05942886,0.24776833,0.6232006
2012-01-25 00:00:00,0.005561433,0.0,0.9944386,2.0,0.70967174,0.3233838,0.9944386
2012-01-26 00:00:00,0.035383943,8.165003e-36,0.96461606,2.0,0.6620354,0.34367505,0.96461606
2012-01-27 00:00:00,4.7508132e-05,0.0,0.9999525,2.0,0.71847934,0.31963214,0.9999525
2012-01-30 00:00:00,0.0019077847,0.0,0.99809223,2.0,0.71550786,0.32089788,0.99809223
2012-01-31 00:00:00,0.1631231,0.0010222591,0.83585465,2.0,0.45720822,0.4302621,0.83585465
2012-02-01 00:00:00,0.00019279197,0.0,0.9998072,2.0,0.71824723,0.319731,0.9998072
2012-02-02 00:00:00,1.6967881e-08,0.0,1.0,2.0,0.71855515,0.31959984,1.0
2012-02-03 00:00:00,2.8255034e-14,0.0,1.0,2.0,0.7185552,0.3195998,1.0
2012-02-06 00:00:00,8.6117184e-09,0.0,1.0,2.0,0.7185552,0.31959984,1.0
2012-02-07 00:00:00,1.5960543e-17,0.0,1.0,2.0,0.7185552,0.3195998,1.0
2012-02-08 00:00:00,2.605891e-20,0.0,1.0,2.0,0.7185552,0.3195998,1.0
2012-02-09 00:00:00,1.4649206e-15,0.0,1.0,2.0,0.7185552,0.3195998,1.0
2012-02-10 00:00:00,1.6669743e-20,0.0,1.0,2.0,0.7185552,0.3195998,1.0
2012-02-13 00:00:00,1.1122141e-17,0.0,1.0,2.0,0.7185552,0.3195998,1.0
2012-02-14 00:00:00,7.000231e-11,0.0,1.0,2.0,0.7185552,0.3195998,1.0
2012-02-15 00:00:00,0.0053034932,0.0,0.9946965,2.0,0.7100838,0.3232083,0.9946965
2012-02-16 00:00:00,0.016046679,1e-45,0.9839533,2.0,0.69292337,0.33051798,0.9839533
2012-02-17 00:00:00,0.001839873,0.0,0.9981601,2.0,0.71561635,0.32085165,0.9981601
2012-02-20 00:00:00,0.008644184,0.0,0.99135584,2.0,0.7047476,0.32548133,0.99135584
2012-02-21 00:00:00,0.002105432,0.0,0.9978946,2.0,0.71519214,0.32103235,0.9978946
2012-02-22 00:00:00,0.028843286,8.054997e-37,0.9711567,2.0,0.67248297,0.3392248,0.9711567
2012-02-23 00:00:00,9.801813e-06,0.0,0.9999902,2.0,0.71853954,0.31960648,0.9999902
2012-02-24 00:00:00,0.00073456456,0.0,0.99926543,2.0,0.71738183,0.32009962,0.99926543
2012-02-27 00:00:00,3.517975e-05,0.0,0.99996483,2.0,0.718499,0.31962377,0.99996483
2012-02-28 00:00:00,3.4727052e-12,0.0,1.0,2.0,0.7185552,0.3195998,1.0
2012-02-29 00:00:00,0.023205789,2.74121e-39,0.9767942,2.0,0.6814879,0.33538905,0.9767942
2012-03-01 00:00:00,0.00476854,0.0,0.99523145,2.0,0.7109383,0.32284433,0.99523145
2012-03-02 00:00:00,0.046048753,0.00015625393,0.953795,2.0,0.6448801,0.35088146,0.953795
2012-03-05 00:00:00,0.059426103,2.745979e-20,0.9405739,2.0,0.6236322,0.36003333,0.9405739
2012-03-06 00:00:00,0.0037976075,0.99615145,5.0951025e-05,1.0,-0.05321191,0.0038138914,0.99615145
2012-03-07 00:00:00,0.0030574086,0.9963754,0.0005672288,1.0,-0.05220169,0.0032386947,0.9963754
2012-03-08 00:00:00,0.007351964,0.6825478,0.31010026,1.0,0.18216498,0.106459945,0.6825478
2012-03-09 00:00:00,0.019411314,0.9741159,0.0064727524,1.0,-0.061214335,0.021480005,0.9741159
2012-03-12 00:00:00,0.064976044,0.02997654,0.9050474,2.0,0.59172535,0.35422903,0.9050474
2012-03-13 00:00:00,0.048179097,0.89328,0.05854086,1.0,-0.045030683,0.06688874,0.89328
2012-03-14 00:00:00,0.048510317,0.78385353,0.16763614,1.0,0.038551953,0.1020868,0.78385353
2012-03-15 00:00:00,0.03722265,0.90586394,0.056913387,1.0,-0.03720238,0.05541216,0.90586394
2012-03-16 00:00:00,0.13273337,4.8358055e-05,0.86721826,2.0,0.5064992,0.40989617,0.86721826
2012-03-19 00:00:00,0.11595403,0.0017154627,0.88233054,2.0,0.5320199,0.3979467,0.88233054
2012-03-20 00:00:00,0.07129278,0.34642,0.58228725,2.0,0.33839825,0.25739166,0.58228725
2012-03-21 00:00:00,0.07558892,0.7651242,0.1592869,1.0,0.009695019,0.12649699,0.7651242
2012-03-22 00:00:00,0.021411972,0.9785879,1.1112226e-07,1.0,-0.067847475,0.02141201,0.9785879
2012-03-23 00:00:00,0.021848796,0.97815114,3.664684e-08,1.0,-0.068209514,0.021848807,0.97815114
2012-03-26 00:00:00,0.032183513,0.91372615,0.054090343,1.0,-0.03519656,0.04947078,0.91372615
2012-03-27 00:00:00,0.016709082,0.9832895,1.4290017e-06,1.0,-0.06394932,0.016709538,0.9832895
2012-03-28 00:00:00,0.0039213463,0.7112738,0.28480485,1.0,0.16556428,0.094944924,0.7112738
2012-03-29 00:00:00,0.0035351794,0.794717,0.2017478,1.0,0.10204172,0.06801374,0.794717
2012-03-30 00:00:00,0.032109696,3.6279234e-34,0.9678903,2.0,0.6672655,0.34144726,0.9678903
2012-04-02 00:00:00,0.05424652,2.4197363e-20,0.94575346,2.0,0.6319057,0.35650915,0.94575346
2012-04-03 00:00:00,0.05606311,4.750192e-19,0.9439369,2.0,0.629004,0.35774517,0.9439369
2012-04-04 00:00:00,0.0022701558,0.7560077,0.24172214,1.0,0.13381666,0.07952451,0.7560077
2012-04-05 00:00:00,0.010484984,0.989515,8.06812e-10,1.0,-0.058792695,0.010484984,0.989515
2012-04-06 00:00:00,0.00023477184,0.89509785,0.104667366,1.0,0.030154886,0.033686444,0.89509785
2012-04-09 00:00:00,0.00039513918,0.9555096,0.04409523,1.0,-0.016537344,0.014487966,0.9555096
2012-04-10 00:00:00,0.00010689719,0.8917612,0.10813192,1.0,0.032923914,0.034665838,0.8917612
2012-04-11 00:00:00,0.05058258,1.8683855e-15,0.9494174,2.0,0.6377582,0.3540162,0.9494174
2012-04-12 00:00:00,0.052772224,2.0573728e-20,0.9472278,2.0,0.6342606,0.35550606,0.9472278
2012-04-13 00:00:00,0.0007699419,0.9940323,0.0051977523,1.0,-0.04674684,0.0024311426,0.9940323
2012-04-16 00:00:00,0.000840498,0.99589944,0.0032600556,1.0,-0.048294734,0.0018824112,0.99589944
2012-04-17 00:00:00,0.00084466767,0.99595046,0.003204864,1.0,-0.048340615,0.0018689416,0.99595046
2012-04-18 00:00:00,0.00078301254,0.9952084,0.0040086103,1.0,-0.047671713,0.0020641636,0.9952084
2012-04-19 00:00:00,0.00034549888,0.9501851,0.049469404,1.0,-0.0123652965,0.016155912,0.9501851
2012-04-20 00:00:00,0.00030562977,0.923932,0.075762376,1.0,0.00787808,0.024519272,0.923932
2012-04-23 00:00:00,0.009974248,0.99002576,1.6596959e-09,1.0,-0.058369465,0.009974248,0.99002576
2012-04-24 00:00:00,0.0017513343,0.9980541,0.00019460813,1.0,-0.051405802,0.001813531,0.9980541
2012-04-25 00:00:00,0.0008419902,0.9895227,0.009635315,1.0,-0.043395568,0.003921435,0.9895227
2012-04-26 00:00:00,0.0015303444,0.9974279,0.0010417553,1.0,-0.050571505,0.0018632892,0.9974279
2012-04-27 00:00:00,0.00096592674,0.981554,0.017480114,1.0,-0.03746829,0.006552568,0.981554
2012-04-30 00:00:00,0.001115952,0.9828072,0.016076824,1.0,-0.038671266,0.006254102,0.9828072
2012-05-01 00:00:00,0.00031366933,0.88098705,0.11869931,1.0,0.040875293,0.038249947,0.88098705
2012-05-02 00:00:00,0.00015784132,0.8815739,0.11826824,1.0,0.040673073,0.03795635,0.8815739
2012-05-03 00:00:00,0.05105656,7.4803293e-13,0.94894344,2.0,0.6370011,0.3543387,0.94894344
2012-05-04 00:00:00,0.00013351213,0.8393689,0.1604976,1.0,0.07315323,0.051428515,0.8393689
2012-05-07 00:00:00,0.00024213761,0.8964575,0.10330037,1.0,0.029098025,0.033256914,0.8964575
2012-05-08 00:00:00,0.00046459376,0.9753832,0.024152195,1.0,-0.031924296,0.008183631,0.9753832
2012-05-09 00:00:00,0.004085557,0.9959143,1.6332923e-07,1.0,-0.053489562,0.004085609,0.9959143
2012-05-10 00:00:00,0.036103163,0.9638968,2.819117e-14,1.0,-0.0800217,0.036103163,0.9638968
2012-05-11 00:00:00,0.0038104148,0.99618435,5.240424e-06,1.0,-0.05325766,0.0038120896,0.99618435
2012-05-14 00:00:00,0.33081943,0.6691806,1.2903322e-19,1.0,-0.32424408,0.33081943,0.6691806
2012-05-15 00:00:00,0.8150021,0.18499793,9.893619e-35,0.0,-0.72547144,0.8150021,0.8150021
2012-05-16 00:00:00,0.8333528,0.1666472,1.0345054e-32,0.0,-0.74067813,0.8333528,0.8333528
2012-05-17 00:00:00,0.98413223,0.0158678,5.9e-44,0.0,-0.8656244,0.98413223,0.98413223
2012-05-18 00:00:00,0.98301756,0.016982453,2.34e-42,0.0,-0.86470073,0.98301756,0.98301756
2012-05-21 00:00:00,0.82825947,0.17174055,3.0727468e-25,0.0,-0.7364574,0.82825947,0.82825947
2012-05-22 00:00:00,0.9990268,0.0009732364,0.0,0.0,-0.87796706,0.9990268,0.9990268
2012-05-23 00:00:00,0.9999996,4.4412846e-07,0.0,0.0,-0.8787732,0.9999996,0.9999996
2012-05-24 00:00:00,0.99999917,8.3155453e-07,0.0,0.0,-0.8787729,0.99999917,0.99999917
2012-05-25 00:00:00,1.0,2.198075e-08,0.0,0.0,-0.87877357,1.0,1.0
2012-05-28 00:00:00,0.99999994,5.1594636e-08,0.0,0.0,-0.8787735,0.99999994,0.99999994
2012-05-29 00:00:00,1.0,6.601035e-10,0.0,0.0,-0.87877357,1.0,1.0
2012-05-30 00:00:00,1.0,4.582139e-11,0.0,0.0,-0.87877357,1.0,1.0
2012-05-31 00:00:00,1.0,4.4014094e-12,0.0,0.0,-0.87877357,1.0,1.0
2012-06-01 00:00:00,0.99999994,3.3331435e-08,0.0,0.0,-0.87877357,0.99999994,0.99999994
2012-06-04 00:00:00,0.9999963,3.6873548e-06,0.0,0.0,-0.87877053,0.9999963,0.9999963
2012-06-05 00:00:00,0.9999969,3.0880315e-06,0.0,0.0,-0.878771,0.9999969,0.9999969
2012-06-06 00:00:00,0.99439186,0.005608169,5.039282e-28,0.0,-0.87412626,0.99439186,0.99439186
2012-06-07 00:00:00,0.99344075,0.0065592327,6.5091e-29,0.0,-0.87333816,0.99344075,0.99344075
2012-06-08 00:00:00,0.9991061,0.00089387246,7.337489e-34,0.0,-0.87803286,0.9991061,0.9991061
2012-06-11 00:00:00,0.9822064,0.017793568,5.01837e-27,0.0,-0.8640286,0.9822064,0.9822064
2012-06-12 00:00:00,0.5212984,0.47870156,1.0573331e-12,0.0,-0.4820882,0.5212984,0.5212984
2012-06-13 00:00:00,0.14009973,0.85989726,3.0254057e-06,1.0,-0.16619815,0.1401007,0.85989726
2012-06-14 00:00:00,0.04464156,0.91073614,0.04462229,1.0,-0.052797873,0.058902837,0.91073614
2012-06-15 00:00:00,0.030338034,0.96964234,1.9605071e-05,1.0,-0.07522924,0.0303443,0.96964234
2012-06-18 00:00:00,0.058995564,0.94100446,3.2882537e-11,1.0,-0.09899193,0.058995564,0.94100446
2012-06-19 00:00:00,0.008266441,0.30008942,0.69164413,2.0,0.47468445,0.22931577,0.69164413
2012-06-20 00:00:00,0.042972043,4.727404e-27,0.957028,2.0,0.64991474,0.348838,0.957028
2012-06-21 00:00:00,0.007634351,0.4174837,0.574882,2.0,0.3854579,0.19136652,0.574882
2012-06-22 00:00:00,0.041458033,3.323424e-06,0.95853865,2.0,0.6523305,0.3478068,0.95853865
2012-06-25 00:00:00,0.0020174582,0.8465191,0.15146345,1.0,0.06464787,0.05042515,0.8465191
2012-06-26 00:00:00,0.0036226509,0.66830313,0.32807422,1.0,0.19907121,0.10847511,0.66830313
2012-06-27 00:00:00,0.052343693,7.3567715e-18,0.94765633,2.0,0.6349451,0.35521448,0.94765633
2012-06-28 00:00:00,0.05035593,4.242038e-12,0.9496441,2.0,0.63812023,0.353862,0.9496441
2012-06-29 00:00:00,7.651969e-05,0.0,0.99992347,2.0,0.71843296,0.31965187,0.99992347
2012-07-02 00:00:00,0.109111995,6.7071833e-09,0.890888,2.0,0.5442675,0.39383963,0.890888
2012-07-03 00:00:00,0.01913762,2.55e-43,0.9808624,2.0,0.68798614,0.33262107,0.9808624
2012-07-04 00:00:00,0.011823734,0.97471064,0.013465602,1.0,-0.049551617,0.016127339,0.97471064
2012-07-05 00:00:00,0.026045771,0.9739542,1.2250538e-09,1.0,-0.071687445,0.026045771,0.9739542
2012-07-06 00:00:00,0.061677348,0.93832266,3.1545245e-14,1.0,-0.101214245,0.061677348,0.93832266
2012-07-09 00:00:00,0.03256165,0.96743834,1.0779321e-08,1.0,-0.07708695,0.032561652,0.96743834
2012-07-10 00:00:00,0.103506126,0.89649385,5.8886567e-16,1.0,-0.13587648,0.103506126,0.89649385
2012-07-11 00:00:00,0.49676567,0.5032343,5.605168e-26,1.0,-0.46175867,0.49676567,0.5032343
2012-07-12 00:00:00,0.9958831,0.0041168947,8.28e-43,0.0,-0.87536204,0.9958831,0.9958831
2012-07-13 00:00:00,0.9774858,0.022514228,1.1760536e-34,0.0,-0.8601167,0.9774858,0.9774858
2012-07-16 00:00:00,0.5830906,0.41690943,5.661515e-26,0.0,-0.5332935,0.5830906,0.5830906
2012-07-17 00:00:00,0.8406706,0.15932941,4.2364963e-34,0.0,-0.7467421,0.8406706,0.8406706
2012-07-18 00:00:00,0.9508686,0.049131375,5.1588375e-37,0.0,-0.8380599,0.9508686,0.9508686
2012-07-19 00:00:00,0.10355271,0.8964473,1.07347946e-19,1.0,-0.13591509,0.10355271,0.8964473
2012-07-20 00:00:00,0.95884794,0.04115208,2.234732e-39,0.0,-0.8446721,0.95884794,0.95884794
2012-07-23 00:00:00,0.80529124,0.1947088,2.1242016e-34,0.0,-0.71742433,0.80529124,0.80529124
2012-07-24 00:00:00,0.990974,0.009026,1.8342e-41,0.0,-0.871294,0.990974,0.990974
2012-07-25 00:00:00,0.7521658,0.2478342,5.4350963e-26,0.0,-0.67340094,0.7521658,0.7521658
2012-07-26 00:00:00,0.107112296,0.8928877,2.8695986e-09,1.0,-0.1388648,0.1071123,0.8928877
2012-07-27 00:00:00,0.6610479,0.3389521,2.4259117e-25,0.0,-0.5978943,0.6610479,0.6610479
2012-07-30 00:00:00,0.3898264,0.61017364,1.1875067e-22,1.0,-0.37314132,0.3898264,0.61017364
2012-07-31 00:00:00,0.30733404,0.692666,1.5649897e-21,1.0,-0.30478242,0.30733404,0.692666
2012-08-01 00:00:00,0.09586381,0.9041362,1.20629296e-17,1.0,-0.12954353,0.09586381,0.9041362
2012-08-02 00:00:00,0.015830051,0.98416996,2.2493165e-11,1.0,-0.06322199,0.015830051,0.98416996
2012-08-03 00:00:00,0.07439251,1.2990086e-23,0.9256075,2.0,0.5997259,0.3702165,0.9256075
2012-08-06 00:00:00,0.105843015,4.7238465e-14,0.894157,2.0,0.5494891,0.39161542,0.894157
2012-08-07 00:00:00,0.029702347,7.622765e-38,0.97029763,2.0,0.6711108,0.3398093,0.97029763
2012-08-08 00:00:00,0.03200446,8.212187e-37,0.9679955,2.0,0.66743356,0.34137565,0.9679955
2012-08-09 00:00:00,0.0640139,1.9117286e-26,0.9359861,2.0,0.616304,0.3631549,0.9359861
2012-08-10 00:00:00,0.08863552,4.53616e-06,0.91135997,2.0,0.57697165,0.379906,0.91135997
2012-08-13 00:00:00,0.10235222,5.869435e-11,0.8976478,2.0,0.55506504,0.3892403,0.8976478
2012-08-14 00:00:00,0.074539006,0.0006278229,0.9248332,2.0,0.59900934,0.37011552,0.9248332
2012-08-15 00:00:00,0.047550514,0.09667215,0.8557773,2.0,0.56829345,0.32105678,0.8557773
2012-08-16 00:00:00,0.099830575,2.331894e-17,0.90016943,2.0,0.55909294,0.38752455,0.90016943
2012-08-17 00:00:00,0.0028051601,0.0,0.9971948,2.0,0.71407443,0.32150844,0.9971948
2012-08-20 00:00:00,4.3834665e-05,0.0,0.9999562,2.0,0.7184852,0.31962964,0.9999562
2012-08-21 00:00:00,6.848344e-17,0.0,1.0,2.0,0.7185552,0.3195998,1.0
2012-08-22 00:00:00,2.709171e-15,0.0,1.0,2.0,0.7185552,0.3195998,1.0
2012-08-23 00:00:00,7.250164e-08,0.0,0.99999994,2.0,0.7185551,0.31959987,0.99999994
2012-08-24 00:00:00,0.00087517727,0.0,0.9991248,2.0,0.71715724,0.3201953,0.9991248
2012-08-27 00:00:00,5.9541076e-06,0.0,0.99999404,2.0,0.7185457,0.31960386,0.99999404
2012-08-28 00:00:00,9.5666465e-08,0.0,0.9999999,2.0,0.71855503,0.3195999,0.9999999
2012-08-29 00:00:00,1.301155e-08,0.0,1.0,2.0,0.71855515,0.31959984,1.0
2012-08-30 00:00:00,9.713169e-12,0.0,1.0,2.0,0.7185552,0.3195998,1.0
2012-08-31 00:00:00,0.0020234627,0.0,0.99797654,2.0,0.7153231,0.3209766,0.99797654
2012-09-03 00:00:00,0.0010289755,0.0,0.99897105,2.0,0.7169116,0.32029992,0.99897105
2012-09-04 00:00:00,0.021910727,1e-44,0.9780893,2.0,0.68355656,0.33450788,0.9780893
2012-09-05 00:00:00,0.00018078374,0.0,0.9998192,2.0,0.7182664,0.31972283,0.9998192
2012-09-06 00:00:00,4.532194e-11,0.0,1.0,2.0,0.7185552,0.3195998,1.0
2012-09-07 00:00:00,3.608738e-27,0.0,1.0,2.0,0.7185552,0.3195998,1.0
2012-09-10 00:00:00,1.1857793e-17,0.0,1.0,2.0,0.7185552,0.3195998,1.0
2012-09-11 00:00:00,1.0741425e-24,0.0,1.0,2.0,0.7185552,0.3195998,1.0
2012-09-12 00:00:00,1.4496254e-33,0.0,1.0,2.0,0.7185552,0.3195998,1.0
2012-09-13 00:00:00,1.695227e-35,0.0,1.0,2.0,0.7185552,0.3195998,1.0
2012-09-14 00:00:00,0.0,0.0,1.0,2.0,0.7185552,0.3195998,1.0
2012-09-17 00:00:00,0.0,0.0,1.0,2.0,0.7185552,0.3195998,1.0
2012-09-18 00:00:00,6.136207e-27,0.0,1.0,2.0,0.7185552,0.3195998,1.0
2012-09-19 00:00:00,1.896834e-23,0.0,1.0,2.0,0.7185552,0.3195998,1.0
2012-09-20 00:00:00,8.31317e-14,0.0,1.0,2.0,0.7185552,0.3195998,1.0
2012-09-21 00:00:00,2.1878526e-18,0.0,1.0,2.0,0.7185552,0.3195998,1.0
2012-09-24 00:00:00,7.9211276e-16,0.0,1.0,2.0,0.7185552,0.3195998,1.0
2012-09-25 00:00:00,9.816499e-09,0.0,1.0,2.0,0.7185552,0.31959984,1.0
2012-09-26 00:00:00,5.3836285e-10,0.0,1.0,2.0,0.7185552,0.3195998,1.0
2012-09-27 00:00:00,2.1450989e-13,0.0,1.0,2.0,0.7185552,0.3195998,1.0
2012-09-28 00:00:00,1.7364011e-06,0.0,0.9999983,2.0,0.7185524,0.319601,0.9999983
2012-10-01 00:00:00,2.7225957e-07,0.0,0.9999997,2.0,0.71855474,0.31960002,0.9999997
2012-10-02 00:00:00,9.157461e-12,0.0,1.0,2.0,0.7185552,0.3195998,1.0
2012-10-03 00:00:00,9.309405e-09,0.0,1.0,2.0,0.7185552,0.31959984,1.0
2012-10-04 00:00:00,4.9459738e-12,0.0,1.0,2.0,0.7185552,0.3195998,1.0
2012-10-05 00:00:00,0.0008738434,0.0,0.99912614,2.0,0.7171594,0.3201944,0.99912614
2012-10-08 00:00:00,0.0011517698,0.0,0.99884826,2.0,0.71671546,0.3203835,0.99884826
2012-10-09 00:00:00,0.0006205812,0.8565679,0.1428115,1.0,0.05915503,0.046263114,0.8565679
2012-10-10 00:00:00,0.00048058984,0.9363521,0.06316733,1.0,-0.001948201,0.020668859,0.9363521
2012-10-11 00:00:00,0.00055014854,0.96884936,0.030600496,1.0,-0.027038647,0.010330061,0.96884936
2012-10-12 00:00:00,0.006342526,0.9936573,1.8491225e-07,1.0,-0.055359825,0.006342585,0.9936573
2012-10-15 00:00:00,0.0021192958,0.99783593,4.4762062e-05,1.0,-0.0518259,0.0021336018,0.99783593
2012-10-16 00:00:00,0.02794373,1.0455472e-05,0.97204584,2.0,0.6739118,0.3386094,0.97204584
2012-10-17 00:00:00,0.024532106,8.903956e-05,0.9753789,2.0,0.6793009,0.336263,0.9753789
2012-10-18 00:00:00,0.047806334,3.0009536e-16,0.9521937,2.0,0.6421928,0.35212725,0.9521937
2012-10-19 00:00:00,0.014875022,0.016188929,0.968936,2.0,0.6823511,0.3245468,0.968936
2012-10-22 00:00:00,0.03867176,1.596758e-30,0.96132827,2.0,0.6567837,0.3459121,0.96132827
2012-10-23 00:00:00,0.041523475,1.0343426e-09,0.95847654,2.0,0.65222853,0.3478524,0.95847654
2012-10-24 00:00:00,0.04780984,3.231889e-13,0.95219016,2.0,0.6421872,0.35212964,0.95219016
2012-10-25 00:00:00,0.0052139526,0.42072025,0.5740658,2.0,0.38683626,0.18868527,0.5740658
2012-10-26 00:00:00,0.04551858,5.1154454e-12,0.9544814,2.0,0.6458471,0.35057068,0.9544814
2012-10-29 00:00:00,0.0013588418,0.756355,0.24228615,1.0,0.13500535,0.07879345,0.756355
2012-10-30 00:00:00,0.023281919,0.0003725876,0.9763455,2.0,0.6810799,0.33532175,0.9763455
2012-10-31 00:00:00,0.017279245,0.008602044,0.9741187,2.0,0.6843425,0.3286074,0.9741187
2012-11-01 00:00:00,0.0005929165,0.9671093,0.03229774,1.0,-0.025769483,0.010915269,0.9671093
2012-11-02 00:00:00,0.014623254,0.9853767,6.4975975e-10,1.0,-0.062221956,0.014623255,0.9853767
2012-11-05 00:00:00,0.008975967,0.99102396,4.8864806e-08,1.0,-0.057542183,0.008975983,0.99102396
2012-11-06 00:00:00,0.00036105036,0.943386,0.05625295,1.0,-0.00716395,0.018339483,0.943386
2012-11-07 00:00:00,0.0012434947,0.99690115,0.0018553383,1.0,-0.049708433,0.0018364604,0.99690115
2012-11-08 00:00:00,0.02914113,0.9708589,3.55891e-09,1.0,-0.07425247,0.029141132,0.9708589
2012-11-09 00:00:00,0.1828653,0.8171347,1.900352e-14,1.0,-0.20163901,0.1828653,0.8171347
2012-11-12 00:00:00,0.43869722,0.5613028,6.1146925e-17,1.0,-0.4136391,0.43869722,0.5613028
2012-11-13 00:00:00,1.0,3.3974096e-13,0.0,0.0,-0.87877357,1.0,1.0
2012-11-14 00:00:00,1.0,1.15783036e-10,1.256e-42,0.0,-0.87877357,1.0,1.0
2012-11-15 00:00:00,0.99979424,0.0002057342,2.343114e-22,0.0,-0.8786031,0.99979424,0.99979424
2012-11-16 00:00:00,0.99974716,0.00025284014,3.5485434e-21,0.0,-0.87856406,0.99974716,0.99974716
2012-11-19 00:00:00,0.9999998,1.791178e-07,6.766342e-27,0.0,-0.87877345,0.9999998,0.9999998
2012-11-20 00:00:00,0.43052492,0.5694695,5.5622572e-06,1.0,-0.4068627,0.4305267,0.5694695
2012-11-21 00:00:00,0.0012182507,0.99091357,0.007868171,1.0,-0.045065697,0.0037329167,0.99091357
2012-11-22 00:00:00,0.00022379204,0.9137555,0.08602075,1.0,0.015831092,0.027716009,0.9137555
2012-11-23 00:00:00,0.0023623353,0.62157845,0.3760592,1.0,0.23699969,0.122550786,0.62157845
2012-11-26 00:00:00,0.043674618,2.3754864e-11,0.9563254,2.0,0.6487925,0.34931603,0.9563254
2012-11-27 00:00:00,7.597993e-05,0.8320026,0.16792141,1.0,0.07890729,0.053743634,0.8320026
2012-11-28 00:00:00,6.543843e-05,0.8284252,0.17150936,1.0,0.08167392,0.054879796,0.8284252
2012-11-29 00:00:00,0.00026613608,0.916789,0.08294489,1.0,0.013431713,0.026775308,0.916789
2012-11-30 00:00:00,0.022834493,0.0,0.9771655,2.0,0.682081,0.3351364,0.9771655
2012-12-03 00:00:00,4.850862e-07,0.0,0.9999995,2.0,0.71855444,0.31960014,0.9999995
2012-12-04 00:00:00,1.2266508e-08,0.0,1.0,2.0,0.71855515,0.31959984,1.0
2012-12-05 00:00:00,9.398728e-11,0.0,1.0,2.0,0.7185552,0.3195998,1.0
2012-12-06 00:00:00,0.00027960676,0.0,0.9997204,2.0,0.7181086,0.31979007,0.9997204
2012-12-07 00:00:00,0.00038147412,0.0,0.99961853,2.0,0.7179459,0.3198594,0.99961853
2012-12-10 00:00:00,0.000111684836,0.0,0.9998883,2.0,0.7183768,0.3196758,0.9998883
2012-12-11 00:00:00,7.048688e-08,0.0,0.99999994,2.0,0.7185551,0.31959987,0.99999994
2012-12-12 00:00:00,1.0987743e-09,0.0,1.0,2.0,0.7185552,0.3195998,1.0
2012-12-13 00:00:00,1.5505064e-07,0.0,0.9999998,2.0,0.718555,0.31959993,0.9999998
2012-12-14 00:00:00,2.6509876e-16,0.0,1.0,2.0,0.7185552,0.3195998,1.0
2012-12-17 00:00:00,1.2780991e-14,0.0,1.0,2.0,0.7185552,0.3195998,1.0
2012-12-18 00:00:00,3.4374918e-16,0.0,1.0,2.0,0.7185552,0.3195998,1.0
2012-12-19 00:00:00,2.9255685e-11,0.0,1.0,2.0,0.7185552,0.3195998,1.0
2012-12-20 00:00:00,4.5904313e-12,0.0,1.0,2.0,0.7185552,0.3195998,1.0
2012-12-21 00:00:00,0.0007930058,0.0,0.999207,2.0,0.7172885,0.32013938,0.999207
2012-12-24 00:00:00,0.0028785926,0.0,0.9971214,2.0,0.71395713,0.32155842,0.9971214
2012-12-25 00:00:00,1.7077678e-05,0.0,0.9999829,2.0,0.7185279,0.31961143,0.9999829
2012-12-26 00:00:00,5.0973387e-07,0.0,0.99999946,2.0,0.7185544,0.31960016,0.99999946
2012-12-27 00:00:00,5.75081e-07,0.0,0.9999994,2.0,0.71855426,0.3196002,0.9999994
2012-12-28 00:00:00,0.00013391304,0.0,0.99986607,2.0,0.7183413,0.31969094,0.99986607
2012-12-31 00:00:00,0.033301376,1.4425207e-37,0.96669865,2.0,0.66536194,0.34225807,0.96669865
2013-01-01 00:00:00,0.0491324,7.142288e-19,0.9508676,2.0,0.6400746,0.35302952,0.9508676
2013-01-02 00:00:00,0.04770379,2.5033103e-25,0.9522962,2.0,0.6423566,0.3520575,0.9522962
2013-01-03 00:00:00,0.029416861,2.6149672e-07,0.9705829,2.0,0.6715666,0.33961496,0.9705829
2013-01-04 00:00:00,0.022296172,1.782e-42,0.9777038,2.0,0.6829409,0.33477014,0.9777038
2013-01-07 00:00:00,0.0024703334,0.0,0.9975297,2.0,0.71460927,0.32128063,0.9975297
2013-01-08 00:00:00,0.034298755,5.7165583e-09,0.9657012,2.0,0.6637688,0.3429367,0.9657012
2013-01-09 00:00:00,0.000111935144,0.8544464,0.14544165,1.0,0.061598215,0.046595063,0.8544464
2013-01-10 00:00:00,0.0009199618,0.0,0.99908006,2.0,0.7170857,0.32022575,0.99908006
2013-01-11 00:00:00,0.0027902196,0.0,0.9972098,2.0,0.7140983,0.32149827,0.9972098
2013-01-14 00:00:00,0.00022595945,0.0,0.99977404,2.0,0.71819425,0.31975356,0.99977404
2013-01-15 00:00:00,0.067409426,1.1901483e-14,0.93259054,2.0,0.6108802,0.3654652,0.93259054
2013-01-16 00:00:00,0.06627608,5.907128e-12,0.9337239,2.0,0.6126905,0.3646941,0.9337239
2013-01-17 00:00:00,0.027715549,9.0059126e-38,0.97228444,2.0,0.67428434,0.3384575,0.97228444
2013-01-18 00:00:00,0.03425351,1.4056248e-34,0.96574646,2.0,0.66384107,0.3429059,0.96574646
2013-01-21 00:00:00,0.037458602,3.401627e-33,0.9625414,2.0,0.6587215,0.34508666,0.9625414
2013-01-22 00:00:00,0.033875104,5.7445135e-35,0.9661249,2.0,0.6644455,0.34264845,0.9661249
2013-01-23 00:00:00,0.07698839,2.023459e-14,0.9230116,2.0,0.59557945,0.37198272,0.9230116
2013-01-24 00:00:00,0.048402656,1.2850974e-29,0.95159733,2.0,0.64124024,0.35253298,0.95159733
2013-01-25 00:00:00,4.576449e-05,0.0,0.9999542,2.0,0.7184821,0.31963095,0.9999542
2013-01-28 00:00:00,3.110955e-05,0.0,0.9999689,2.0,0.7185055,0.319621,0.9999689
2013-01-29 00:00:00,5.9869205e-07,0.0,0.9999994,2.0,0.71855426,0.31960022,0.9999994
2013-01-30 00:00:00,6.2870876e-12,0.0,1.0,2.0,0.7185552,0.3195998,1.0
2013-01-31 00:00:00,2.0991262e-30,0.0,1.0,2.0,0.7185552,0.3195998,1.0
2013-02-01 00:00:00,3.7456575e-29,0.0,1.0,2.0,0.7185552,0.3195998,1.0
2013-02-04 00:00:00,3.1260665e-12,0.0,1.0,2.0,0.7185552,0.3195998,1.0
2013-02-05 00:00:00,1.4747099e-20,0.0,1.0,2.0,0.7185552,0.3195998,1.0
2013-02-06 00:00:00,1.3418062e-17,0.0,1.0,2.0,0.7185552,0.3195998,1.0
2013-02-07 00:00:00,0.060364597,1.3262972e-21,0.9396354,2.0,0.6221331,0.3606719,0.9396354
2013-02-08 00:00:00,0.013836707,0.05904163,0.92712164,2.0,0.65107054,0.31014463,0.92712164
2013-02-11 00:00:00,0.013579878,0.073633775,0.91278636,2.0,0.6402644,0.30530623,0.91278636
2013-02-12 00:00:00,0.032340173,7.9282255e-35,0.96765983,2.0,0.6668973,0.34160408,0.96765983
2013-02-13 00:00:00,0.019382276,1.81e-43,0.9806177,2.0,0.6875953,0.3327875,0.9806177
2013-02-14 00:00:00,0.0013331219,0.77744937,0.22121751,1.0,0.118832074,0.0720342,0.77744937
2013-02-15 00:00:00,0.022214117,0.0018781807,0.9759077,2.0,0.6816283,0.33411404,0.9759077
2013-02-18 00:00:00,0.01792459,0.013950257,0.96812516,2.0,0.67920077,0.3273372,0.96812516
2013-02-19 00:00:00,0.047259618,2.4550537e-11,0.9527404,2.0,0.64306605,0.35175526,0.9527404
2013-02-20 00:00:00,0.0015028927,0.9109787,0.08751841,1.0,0.015922325,0.02947376,0.9109787
2013-02-21 00:00:00,0.0069451793,0.9930546,2.0335743e-07,1.0,-0.05585921,0.0069452445,0.9930546
2013-02-22 00:00:00,0.033965237,0.96603477,3.8739734e-15,1.0,-0.078250065,0.033965237,0.96603477
2013-02-25 00:00:00,0.68164915,0.31835082,2.1336417e-27,0.0,-0.614966,0.68164915,0.68164915
2013-02-26 00:00:00,0.8887873,0.11121269,5.0867016e-35,0.0,-0.786615,0.8887873,0.8887873
2013-02-27 00:00:00,0.7970695,0.20293048,9.988813e-33,0.0,-0.7106113,0.7970695,0.7970695
2013-02-28 00:00:00,0.99994713,5.285848e-05,0.0,0.0,-0.87872976,0.99994713,0.99994713
2013-03-01 00:00:00,0.9999999,1.3421406e-07,0.0,0.0,-0.87877345,0.9999999,0.9999999
2013-03-04 00:00:00,0.9724667,0.027533306,5.2e-44,0.0,-0.85595757,0.9724667,0.9724667
2013-03-05 00:00:00,0.9916347,0.008365253,0.0,0.0,-0.87184155,0.9916347,0.9916347
2013-03-06 00:00:00,0.9958375,0.0041625164,0.0,0.0,-0.87532425,0.9958375,0.9958375
2013-03-07 00:00:00,0.046181653,0.9538183,1.3362565e-16,1.0,-0.08837344,0.046181653,0.9538183
2013-03-08 00:00:00,0.39119536,0.60880464,4.1555362e-26,1.0,-0.37427577,0.39119536,0.60880464
2013-03-11 00:00:00,0.42060348,0.5793965,1.982913e-27,1.0,-0.39864537,0.42060348,0.5793965
2013-03-12 00:00:00,0.6913459,0.30865413,1.7475486e-36,0.0,-0.62300134,0.6913459,0.6913459
2013-03-13 00:00:00,0.98923606,0.010763917,0.0,0.0,-0.86985385,0.98923606,0.98923606
2013-03-14 00:00:00,0.19834627,0.80165374,1.0365659e-23,1.0,-0.21446761,0.19834627,0.80165374
2013-03-15 00:00:00,0.0703318,0.9296682,2.4990074e-17,1.0,-0.10838593,0.0703318,0.9296682
2013-03-18 00:00:00,0.9599765,0.04002348,3.2962364e-31,0.0,-0.84560734,0.9599765,0.9599765
2013-03-19 00:00:00,0.99999785,2.1275473e-06,0.0,0.0,-0.87877184,0.99999785,0.99999785
2013-03-20 00:00:00,0.4796457,0.52035433,7.74778e-22,1.0,-0.44757184,0.4796457,0.52035433
2013-03-21 00:00:00,0.12958863,0.87041134,2.0198422e-17,1.0,-0.15749025,0.12958863,0.87041134
2013-03-22 00:00:00,0.02235494,0.97764504,7.8988943e-10,1.0,-0.06862897,0.02235494,0.97764504
2013-03-25 00:00:00,0.029341107,0.9706589,1.6924986e-10,1.0,-0.074418195,0.029341107,0.9706589
2013-03-26 00:00:00,0.023857877,0.9761421,8.704283e-10,1.0,-0.069874406,0.023857879,0.9761421
2013-03-27 00:00:00,0.963657,0.036342993,1.1264846e-27,0.0,-0.84865725,0.963657,0.963657
2013-03-28 00:00:00,0.059101377,0.9408986,3.5060044e-13,1.0,-0.09907962,0.059101377,0.9408986
2013-03-29 00:00:00,0.021865336,0.9781347,7.468758e-10,1.0,-0.068223245,0.021865338,0.9781347
2013-04-01 00:00:00,0.017735744,0.9822642,8.892509e-09,1.0,-0.06480117,0.017735748,0.9822642
2013-04-02 00:00:00,0.040662076,0.95933795,7.8967085e-12,1.0,-0.08379953,0.040662076,0.95933795
2013-04-03 00:00:00,0.0082260845,0.9917431,3.0815332e-05,1.0,-0.05689713,0.008235933,0.9917431
2013-04-04 00:00:00,0.009946948,0.990053,3.767255e-08,1.0,-0.058346815,0.00994696,0.990053
2013-04-05 00:00:00,0.0011973139,0.8459414,0.15286125,1.0,0.066401936,0.05005174,0.8459414
2013-04-08 00:00:00,0.00110231,0.83704734,0.16185033,1.0,0.0733902,0.052829646,0.83704734
2013-04-09 00:00:00,0.03808688,4.77386e-05,0.96186537,2.0,0.6576812,0.3454989,0.96186537
2013-04-10 00:00:00,0.055320177,3.5996444e-15,0.9446798,2.0,0.6301907,0.35723966,0.9446798
2013-04-11 00:00:00,0.054506257,7.731384e-19,0.94549376,2.0,0.63149077,0.35668588,0.94549376
2013-04-12 00:00:00,0.022186464,0.012253379,0.96556014,2.0,0.6736975,0.3307793,0.96556014
2013-04-15 00:00:00,0.04999902,4.8245694e-20,0.950001,2.0,0.63869035,0.35361916,0.950001
2013-04-16 00:00:00,1.6427713e-07,0.0,0.9999998,2.0,0.7185549,0.31959993,0.9999998
2013-04-17 00:00:00,0.05937193,7.903164e-17,0.94062805,2.0,0.6237187,0.3599965,0.94062805
2013-04-18 00:00:00,0.02223805,9.22681e-40,0.9777619,2.0,0.6830337,0.3347306,0.9777619
2013-04-19 00:00:00,0.046834454,2.5845289e-08,0.95316553,2.0,0.6437452,0.35146597,0.95316553
2013-04-22 00:00:00,0.0013135122,0.0,0.9986865,2.0,0.71645707,0.32049352,0.9986865
2013-04-23 00:00:00,0.03436685,3.738342e-32,0.96563315,2.0,0.66366005,0.34298304,0.96563315
2013-04-24 00:00:00,6.561452e-05,0.0,0.9999344,2.0,0.71845037,0.31964445,0.9999344
2013-04-25 00:00:00,0.0031146687,0.0,0.99688536,2.0,0.7135801,0.32171905,0.99688536
2013-04-26 00:00:00,0.0009844862,0.0,0.9990155,2.0,0.71698266,0.32026967,0.9990155
2013-04-29 00:00:00,5.5930162e-05,0.0,0.9999441,2.0,0.71846586,0.31963786,0.9999441
2013-04-30 00:00:00,3.6647949e-10,0.0,1.0,2.0,0.7185552,0.3195998,1.0
2013-05-01 00:00:00,3.2565586e-09,0.0,1.0,2.0,0.7185552,0.3195998,1.0
2013-05-02 00:00:00,0.028287498,8.319774e-36,0.9717125,2.0,0.6733708,0.33884662,0.9717125
2013-05-03 00:00:00,0.04216096,8.869793e-27,0.957839,2.0,0.6512103,0.34828615,0.957839
2013-05-06 00:00:00,0.023154233,0.0018652494,0.97498053,2.0,0.68013656,0.33475783,0.97498053
2013-05-07 00:00:00,0.00037150743,0.87746245,0.12216602,1.0,0.043492083,0.039415747,0.87746245
2013-05-08 00:00:00,0.049401313,1.1579689e-21,0.9505987,2.0,0.63964504,0.35321248,0.9505987
2013-05-09 00:00:00,0.0031213788,0.9936222,0.0032564492,1.0,-0.050187603,0.0041621397,0.9936222
2013-05-10 00:00:00,0.0039812056,0.9959441,7.469127e-05,1.0,-0.053345803,0.0040050773,0.9959441
2013-05-13 00:00:00,0.0021539805,0.9844918,0.013354175,1.0,-0.04162424,0.006421972,0.9844918
2013-05-14 00:00:00,0.024856735,0.97514325,6.2723135e-14,1.0,-0.07070213,0.024856735,0.97514325
2013-05-15 00:00:00,0.0030007518,0.9969941,5.1509132e-06,1.0,-0.052586783,0.0030023982,0.9969941
2013-05-16 00:00:00,0.0057091475,0.9942906,2.3328604e-07,1.0,-0.05483493,0.005709222,0.9942906
2013-05-17 00:00:00,0.0126755,0.9873245,7.3609965e-11,1.0,-0.06060791,0.0126755,0.9873245
2013-05-20 00:00:00,0.0035979855,0.9964014,5.722517e-07,1.0,-0.05308521,0.0035981685,0.9964014
2013-05-21 00:00:00,0.0005071169,0.97917485,0.020318022,1.0,-0.034906708,0.0070007527,0.97917485
2013-05-22 00:00:00,0.004169072,0.99583066,2.955354e-07,1.0,-0.053558666,0.0041691666,0.99583066
2013-05-23 00:00:00,0.00094423466,0.98817736,0.010878406,1.0,-0.04252478,0.0044209715,0.98817736
2013-05-24 00:00:00,0.0011922235,0.9948811,0.0039266604,1.0,-0.048073806,0.0024471835,0.9948811
2013-05-27 00:00:00,0.0038692183,0.996129,1.8248506e-06,1.0,-0.053309012,0.0038698015,0.996129
2013-05-28 00:00:00,0.15627919,0.8437208,1.2992619e-22,1.0,-0.1796079,0.15627919,0.8437208
2013-05-29 00:00:00,0.02090513,0.97909486,6.4647398e-12,1.0,-0.06742755,0.02090513,0.97909486
2013-05-30 00:00:00,0.00064007024,0.8735786,0.12578133,1.0,0.04604847,0.04083976,0.8735786
2013-05-31 00:00:00,0.00244944,0.99722916,0.0003214259,1.0,-0.05188682,0.0025521677,0.99722916
2013-06-03 00:00:00,0.000624073,0.8486806,0.1506953,1.0,0.065212086,0.048786264,0.8486806
2013-06-04 00:00:00,0.0006057139,0.85595983,0.14343448,1.0,0.059646197,0.046447344,0.85595983
2013-06-05 00:00:00,0.0009682965,0.9842405,0.01479122,1.0,-0.0395371,0.005695568,0.9842405
2013-06-06 00:00:00,0.0012291081,0.0,0.9987709,2.0,0.7165919,0.3204361,0.9987709
2013-06-07 00:00:00,0.0002906847,0.0,0.9997093,2.0,0.7180909,0.3197976,0.9997093
2013-06-10 00:00:00,1.4873261e-05,0.0,0.9999851,2.0,0.7185314,0.31960994,0.9999851
2013-06-11 00:00:00,1.9338624e-11,0.0,1.0,2.0,0.7185552,0.3195998,1.0
2013-06-12 00:00:00,2.4104864e-18,0.0,1.0,2.0,0.7185552,0.3195998,1.0
2013-06-13 00:00:00,2.7175765e-19,0.0,1.0,2.0,0.7185552,0.3195998,1.0
2013-06-14 00:00:00,3.0762593e-23,0.0,1.0,2.0,0.7185552,0.3195998,1.0
2013-06-17 00:00:00,1.8100877e-20,0.0,1.0,2.0,0.7185552,0.3195998,1.0
2013-06-18 00:00:00,1.5457403e-20,0.0,1.0,2.0,0.7185552,0.3195998,1.0
2013-06-19 00:00:00,2.883833e-17,0.0,1.0,2.0,0.7185552,0.3195998,1.0
2013-06-20 00:00:00,6.637987e-08,0.0,0.99999994,2.0,0.7185551,0.31959987,0.99999994
2013-06-21 00:00:00,0.0034133997,0.0,0.9965866,2.0,0.7131029,0.3219223,0.9965866
2013-06-24 00:00:00,0.0019951358,0.0,0.99800485,2.0,0.71536833,0.3209573,0.99800485
2013-06-25 00:00:00,0.00025459263,0.0,0.9997454,2.0,0.7181485,0.31977305,0.9997454
2013-06-26 00:00:00,0.04340088,6.499166e-09,0.9565991,2.0,0.6492297,0.3491298,0.9565991
2013-06-27 00:00:00,0.00030150783,0.87244195,0.12725656,1.0,0.047462974,0.04097268,0.87244195
2013-06-28 00:00:00,0.0008668,0.8210334,0.17809975,1.0,0.086075634,0.05778745,0.8210334
2013-07-01 00:00:00,0.0001869394,0.89474404,0.10506904,1.0,0.030503277,0.033766985,0.89474404
2013-07-02 00:00:00,0.001279283,0.99647164,0.0022490472,1.0,-0.049435463,0.001998078,0.99647164
2013-07-03 00:00:00,0.0008286518,0.97757685,0.021594478,1.0,-0.034191992,0.0077302433,0.97757685
2013-07-04 00:00:00,0.22935449,0.7706455,2.5374024e-25,1.0,-0.24016318,0.22935449,0.7706455
2013-07-05 00:00:00,0.55165976,0.4483402,3.1245733e-30,0.0,-0.50724775,0.55165976,0.55165976
2013-07-08 00:00:00,0.57363355,0.42636648,5.9135345e-31,0.0,-0.5254567,0.57363355,0.57363355
2013-07-09 00:00:00,0.99843436,0.0015656329,0.0,0.0,-0.8774762,0.99843436,0.99843436
2013-07-10 00:00:00,0.3536182,0.6463818,1.1076956e-15,1.0,-0.34313673,0.3536182,0.6463818
2013-07-11 00:00:00,0.3315284,0.6684716,2.8670167e-20,1.0,-0.32483158,0.3315284,0.6684716
2013-07-12 00:00:00,0.33572793,0.66427207,5.5018957e-21,1.0,-0.3283116,0.33572793,0.66427207
2013-07-15 00:00:00,0.38955167,0.6104483,5.7821966e-24,1.0,-0.3729137,0.38955167,0.6104483
2013-07-16 00:00:00,0.35857204,0.641428,2.9432006e-17,1.0,-0.3472418,0.35857204,0.641428
2013-07-17 00:00:00,0.46019596,0.53980404,7.0431344e-10,1.0,-0.43145445,0.46019596,0.53980404
2013-07-18 00:00:00,0.6993195,0.30067837,2.1374635e-06,0.0,-0.62960714,0.69932014,0.6993195
2013-07-19 00:00:00,0.48327014,1.9494213e-05,0.51671034,2.0,-0.053401083,0.6484107,0.51671034
2013-07-22 00:00:00,0.43147928,1.6532003e-13,0.5685207,2.0,0.029340943,0.6131784,0.5685207
2013-07-23 00:00:00,0.025389934,0.0,0.9746101,2.0,0.67799914,0.33687514,0.9746101
2013-07-24 00:00:00,0.0039179814,0.0,0.996082,2.0,0.7122969,0.32226562,0.996082
2013-07-25 00:00:00,2.3653547e-05,0.0,0.99997634,2.0,0.7185174,0.3196159,0.99997634
2013-07-26 00:00:00,7.1436756e-07,0.0,0.9999993,2.0,0.7185541,0.3196003,0.9999993
2013-07-29 00:00:00,0.00080762315,0.0,0.99919236,2.0,0.7172652,0.32014933,0.99919236
2013-07-30 00:00:00,1.7016891e-08,0.0,1.0,2.0,0.71855515,0.31959984,1.0
2013-07-31 00:00:00,7.1435935e-08,0.0,0.99999994,2.0,0.7185551,0.31959987,0.99999994
2013-08-01 00:00:00,1.7712547e-10,0.0,1.0,2.0,0.7185552,0.3195998,1.0
2013-08-02 00:00:00,5.767098e-21,0.0,1.0,2.0,0.7185552,0.3195998,1.0
2013-08-05 00:00:00,2.6360213e-16,0.0,1.0,2.0,0.7185552,0.3195998,1.0
2013-08-06 00:00:00,3.025939e-30,0.0,1.0,2.0,0.7185552,0.3195998,1.0
2013-08-07 00:00:00,0.0002836698,0.0,0.99971634,2.0,0.7181021,0.31979284,0.99971634
2013-08-08 00:00:00,9.991722e-08,0.0,0.9999999,2.0,0.71855503,0.3195999,0.9999999
2013-08-09 00:00:00,1.8451492e-06,0.0,0.99999815,2.0,0.71855223,0.31960106,0.99999815
2013-08-12 00:00:00,0.00023577044,0.0,0.9997642,2.0,0.7181786,0.31976023,0.9997642
2013-08-13 00:00:00,0.05672295,9.8036304e-24,0.94327706,2.0,0.62795,0.3581941,0.94327706
2013-08-14 00:00:00,0.030842824,6e-43,0.96915716,2.0,0.66928905,0.3405853,0.96915716
2013-08-15 00:00:00,9.919436e-05,0.0,0.9999008,2.0,0.7183967,0.3196673,0.9999008
2013-08-16 00:00:00,0.006059753,0.0,0.99394023,2.0,0.7088758,0.32372287,0.99394023
2013-08-19 00:00:00,0.03347478,3.064228e-39,0.9665252,2.0,0.66508496,0.34237605,0.9665252
2013-08-20 00:00:00,0.002471722,0.0,0.99752825,2.0,0.71460706,0.32128158,0.99752825
2013-08-21 00:00:00,0.02760509,6.6843e-41,0.9723949,2.0,0.67446077,0.33838233,0.9723949
2013-08-22 00:00:00,0.039995797,8.6414244e-11,0.9600042,2.0,0.65466875,0.34681296,0.9600042
2013-08-23 00:00:00,0.051162217,2.6921652e-17,0.94883776,2.0,0.6368323,0.3544106,0.94883776
2013-08-26 00:00:00,0.050831545,8.133843e-24,0.94916844,2.0,0.6373605,0.3541856,0.94916844
2013-08-27 00:00:00,0.04730592,4.6632335e-28,0.95269406,2.0,0.6429921,0.35178676,0.95269406
2013-08-28 00:00:00,0.0047129993,0.29783568,0.6974513,2.0,0.48209283,0.2276183,0.6974513
2013-08-29 00:00:00,0.0010996051,0.7285102,0.27039018,1.0,0.1568226,0.08751626,0.7285102
2013-08-30 00:00:00,0.00039376467,0.848772,0.15083423,1.0,0.06550972,0.048600357,0.848772
2013-09-02 00:00:00,0.0004225218,0.9078576,0.09171989,1.0,0.020047104,0.029736182,0.9078576
2013-09-03 00:00:00,0.004351049,0.9953995,0.00024947576,1.0,-0.05351793,0.0044307816,0.9953995
2013-09-04 00:00:00,0.005235431,0.9946495,0.000115019204,1.0,-0.054354142,0.005272191,0.9946495
2013-09-05 00:00:00,0.49803984,0.50196016,3.617444e-15,1.0,-0.4628145,0.49803984,0.50196016
2013-09-06 00:00:00,0.006967033,0.99302894,4.032135e-06,1.0,-0.05587438,0.0069683213,0.99302894
2013-09-09 00:00:00,0.0001638582,0.86957127,0.13026485,1.0,0.049889397,0.041796483,0.86957127
2013-09-10 00:00:00,7.616191e-05,0.9082549,0.091668926,1.0,0.02029495,0.029373534,0.9082549
2013-09-11 00:00:00,0.014227566,0.012943989,0.97282845,2.0,0.6858796,0.32514337,0.97282845
2013-09-12 00:00:00,0.00016295382,0.90638036,0.09345669,1.0,0.021597212,0.030031696,0.90638036
2013-09-13 00:00:00,0.000106454776,0.86975676,0.1301368,1.0,0.04983853,0.04169815,0.86975676
2013-09-16 00:00:00,6.091076e-05,0.903608,0.09633106,1.0,0.023891183,0.0308483,0.903608
2013-09-17 00:00:00,0.00018750047,0.9288807,0.070931785,1.0,0.004262887,0.022857284,0.9288807
2013-09-18 00:00:00,0.0048070815,0.0,0.99519295,2.0,0.7108767,0.32287055,0.99519295
2013-09-19 00:00:00,0.0058396077,0.0,0.9941604,2.0,0.70922744,0.32357308,0.9941604
2013-09-20 00:00:00,0.020772321,8.49e-43,0.97922766,2.0,0.685375,0.33373332,0.97922766
2013-09-23 00:00:00,0.042665623,4.816341e-26,0.9573344,2.0,0.65040416,0.3486295,0.9573344
2013-09-24 00:00:00,0.0423002,8.1814625e-12,0.9576998,2.0,0.65098786,0.3483809,0.9576998
2013-09-25 00:00:00,0.0046728654,0.0,0.9953271,2.0,0.7110911,0.32277924,0.9953271
2013-09-26 00:00:00,9.840133e-06,0.0,0.99999017,2.0,0.7185395,0.3196065,0.99999017
2013-09-27 00:00:00,1.575461e-08,0.0,1.0,2.0,0.71855515,0.31959984,1.0
2013-09-30 00:00:00,2.5086497e-11,0.0,1.0,2.0,0.7185552,0.3195998,1.0
2013-10-01 00:00:00,4.4925248e-13,0.0,1.0,2.0,0.7185552,0.3195998,1.0
2013-10-02 00:00:00,6.7664973e-16,0.0,1.0,2.0,0.7185552,0.3195998,1.0
2013-10-03 00:00:00,2.1503933e-30,0.0,1.0,2.0,0.7185552,0.3195998,1.0
2013-10-04 00:00:00,1.4043673e-15,0.0,1.0,2.0,0.7185552,0.3195998,1.0
2013-10-07 00:00:00,1.2239495e-11,0.0,1.0,2.0,0.7185552,0.3195998,1.0
2013-10-08 00:00:00,4.716936e-12,0.0,1.0,2.0,0.7185552,0.3195998,1.0
2013-10-09 00:00:00,0.0005223896,0.0,0.9994776,2.0,0.71772075,0.31995526,0.9994776
2013-10-10 00:00:00,5.3090076e-05,0.0,0.9999469,2.0,0.7184704,0.31963593,0.9999469
2013-10-11 00:00:00,4.6858495e-06,0.0,0.9999953,2.0,0.7185477,0.319603,0.9999953
2013-10-14 00:00:00,9.442614e-05,0.0,0.9999056,2.0,0.71840435,0.31966406,0.9999056
2013-10-15 00:00:00,0.009451931,0.0,0.9905481,2.0,0.70345736,0.3260309,0.9905481
2013-10-16 00:00:00,9.669791e-05,0.37611607,0.6237872,2.0,0.42929563,0.19945899,0.6237872
2013-10-17 00:00:00,0.032303434,1.5942029e-37,0.96769655,2.0,0.666956,0.34157908,0.96769655
2013-10-18 00:00:00,0.013438416,0.0,0.9865616,2.0,0.6970896,0.3287433,0.9865616
2013-10-21 00:00:00,0.005559796,0.0,0.9944402,2.0,0.70967436,0.3233827,0.9944402
2013-10-22 00:00:00,1.0579746e-08,0.0,1.0,2.0,0.71855515,0.31959984,1.0
2013-10-23 00:00:00,1.6000527e-06,0.0,0.9999984,2.0,0.71855265,0.3196009,0.9999984
2013-10-24 00:00:00,4.5049997e-10,0.0,1.0,2.0,0.7185552,0.3195998,1.0
2013-10-25 00:00:00,2.8576013e-08,0.0,1.0,2.0,0.71855515,0.31959984,1.0
2013-10-28 00:00:00,6.67076e-07,0.0,0.99999934,2.0,0.71855414,0.31960028,0.99999934
2013-10-29 00:00:00,0.00022083611,0.0,0.99977916,2.0,0.7182025,0.31975007,0.99977916
2013-10-30 00:00:00,0.031275153,1.5513089e-37,0.96872485,2.0,0.6685985,0.34087944,0.96872485
2013-10-31 00:00:00,0.0010817954,0.84363264,0.15528555,1.0,0.06836112,0.05071103,0.84363264
2013-11-01 00:00:00,0.0022976955,0.9554768,0.0422255,1.0,-0.019551119,0.015792957,0.9554768
2013-11-04 00:00:00,0.001954971,0.9485256,0.04951943,1.0,-0.013660565,0.017781371,0.9485256
2013-11-05 00:00:00,0.0087180985,0.99108684,0.000195088,1.0,-0.05717858,0.008780449,0.99108684
2013-11-06 00:00:00,0.00031054314,0.8239957,0.17569377,1.0,0.0846872,0.05646224,0.8239957
2013-11-07 00:00:00,0.006358708,0.9931708,0.00047051144,1.0,-0.055011716,0.0065090833,0.9931708
2013-11-08 00:00:00,0.021117795,0.9788821,1.3449241e-07,1.0,-0.06760368,0.021117838,0.9788821
2013-11-11 00:00:00,0.012165437,0.9878222,1.2404145e-05,1.0,-0.060175706,0.012169402,0.9878222
2013-11-12 00:00:00,0.0039577824,0.97997975,0.016062487,1.0,-0.041037224,0.00909135,0.97997975
2013-11-13 00:00:00,0.0016697738,0.854669,0.14366126,1.0,0.05893876,0.047583885,0.854669
2013-11-14 00:00:00,0.041114315,0.95888567,1.325656e-10,1.0,-0.08417429,0.041114315,0.95888567
2013-11-15 00:00:00,0.013017858,0.9869821,6.090971e-08,1.0,-0.06089157,0.013017878,0.9869821
2013-11-18 00:00:00,0.0073053716,0.9926934,1.2053667e-06,1.0,-0.056156922,0.0073057567,0.9926934
2013-11-19 00:00:00,0.022515675,0.97748435,7.9918416e-10,1.0,-0.06876216,0.022515675,0.97748435
2013-11-20 00:00:00,0.1970257,0.8029743,3.3064906e-24,1.0,-0.2133733,0.1970257,0.8029743
2013-11-21 00:00:00,0.120617874,0.87938213,1.2573972e-21,1.0,-0.15005647,0.120617874,0.87938213
2013-11-22 00:00:00,0.01738915,0.9826108,2.5513112e-12,1.0,-0.06451397,0.01738915,0.9826108
2013-11-25 00:00:00,0.019139457,0.98086053,7.811234e-13,1.0,-0.06596439,0.019139457,0.98086053
2013-11-26 00:00:00,0.004095204,0.99590427,5.40279e-07,1.0,-0.053497266,0.004095377,0.99590427
2013-11-27 00:00:00,0.0027579463,0.99722844,1.3580618e-05,1.0,-0.052379098,0.0027622867,0.99722844
2013-11-28 00:00:00,0.0011953993,0.7774076,0.22139701,1.0,0.11908417,0.07195385,0.7774076
2013-11-29 00:00:00,0.05028282,5.9457287e-16,0.94971716,2.0,0.638237,0.35381225,0.94971716
2013-12-02 00:00:00,0.0010878026,0.7862396,0.21267256,1.0,0.11246721,0.06905792,0.7862396
2013-12-03 00:00:00,0.052608293,4.7392143e-22,0.9473917,2.0,0.63452244,0.3553945,0.9473917
2013-12-04 00:00:00,0.028139208,4.874516e-06,0.97185594,2.0,0.6736039,0.3387442,0.97185594
2013-12-05 00:00:00,5.4379943e-05,0.0,0.99994564,2.0,0.7184683,0.31963682,0.99994564
2013-12-06 00:00:00,5.4814993e-09,0.0,1.0,2.0,0.7185552,0.3195998,1.0
2013-12-09 00:00:00,1.2250147e-08,0.0,1.0,2.0,0.71855515,0.31959984,1.0
2013-12-10 00:00:00,1.6971846e-08,0.0,1.0,2.0,0.71855515,0.31959984,1.0
2013-12-11 00:00:00,3.051416e-07,0.0,0.9999997,2.0,0.71855474,0.31960002,0.9999997
2013-12-12 00:00:00,1.7924877e-07,0.0,0.9999998,2.0,0.7185549,0.31959993,0.9999998
2013-12-13 00:00:00,5.165109e-05,0.0,0.9999483,2.0,0.7184727,0.31963497,0.9999483
2013-12-16 00:00:00,1.9163976e-05,0.0,0.9999808,2.0,0.7185246,0.31961286,0.9999808
2013-12-17 00:00:00,0.0014894515,0.0,0.99851054,2.0,0.71617603,0.32061324,0.99851054
2013-12-18 00:00:00,1.8504004e-05,0.0,0.9999815,2.0,0.71852565,0.3196124,0.9999815
2013-12-19 00:00:00,0.0067217113,0.0,0.99327826,2.0,0.7078184,0.32417327,0.99327826
2013-12-20 00:00:00,0.06351762,5.515212e-27,0.93648237,2.0,0.61709666,0.36281723,0.93648237
2013-12-23 00:00:00,0.018735744,0.0,0.98126423,2.0,0.6886281,0.33234763,0.98126423
2013-12-24 00:00:00,0.067256674,7.767284e-23,0.9327433,2.0,0.61112416,0.36536127,0.9327433
2013-12-25 00:00:00,0.0629523,8.368186e-17,0.9370477,2.0,0.6179997,0.36243257,0.9370477
2013-12-26 00:00:00,0.058763865,2.3067784e-14,0.94123614,2.0,0.62469,0.35958275,0.94123614
2013-12-27 00:00:00,0.027763108,0.0,0.9722369,2.0,0.6742084,0.33848983,0.9722369
2013-12-30 00:00:00,1.9062597e-06,0.0,0.9999981,2.0,0.7185522,0.31960112,0.9999981
2013-12-31 00:00:00,0.029983938,0.0,0.97001606,2.0,0.670661,0.3400009,0.97001606
2014-01-01 00:00:00,0.009320151,0.0,0.99067986,2.0,0.7036679,0.32594123,0.99067986
2014-01-02 00:00:00,5.3201322e-05,0.77183616,0.22811063,1.0,0.12519115,0.072957315,0.77183616
2014-01-03 00:00:00,0.0009845782,0.99650395,0.0025114499,1.0,-0.048989553,0.0017872371,0.99650395
2014-01-06 00:00:00,0.00064497924,0.99322826,0.0061267545,1.0,-0.0459292,0.0026030887,0.99322826
2014-01-07 00:00:00,0.0044894465,0.99542177,8.878046e-05,1.0,-0.053756136,0.0045178207,0.99542177
2014-01-08 00:00:00,0.103082456,0.8969175,2.1091007e-09,1.0,-0.13552539,0.103082456,0.8969175
2014-01-09 00:00:00,0.0027225625,0.9971299,0.00014750512,1.0,-0.052246835,0.0027697051,0.9971299
2014-01-10 00:00:00,0.00022027463,0.9315567,0.068223044,1.0,0.0021536306,0.022024347,0.9315567
2014-01-13 00:00:00,0.00039886657,0.9769838,0.02261732,1.0,-0.03304963,0.0076273577,0.9769838
2014-01-14 00:00:00,0.0005774378,0.9885939,0.010828659,1.0,-0.042259067,0.004038275,0.9885939
2014-01-15 00:00:00,0.0003087994,0.95401907,0.04567214,1.0,-0.015253689,0.014905606,0.95401907
2014-01-16 00:00:00,9.8434495e-05,0.80012023,0.19978131,1.0,0.10337809,0.063948505,0.80012023
2014-01-17 00:00:00,0.0013842783,0.99815005,0.0004656816,1.0,-0.05089327,0.00153311,0.99815005
2014-01-20 00:00:00,0.0026810807,0.9972701,4.883751e-05,1.0,-0.0522883,0.0026966892,0.9972701
2014-01-21 00:00:00,0.0009240175,0.99732906,0.0017469248,1.0,-0.049527027,0.0014823343,0.99732906
2014-01-22 00:00:00,0.0011142453,0.99805534,0.00083041535,1.0,-0.050389145,0.0013796459,0.99805534
2014-01-23 00:00:00,0.00012358185,0.891083,0.10879343,1.0,0.033418566,0.03489394,0.891083
2014-01-24 00:00:00,0.0003952059,0.9662179,0.03338694,1.0,-0.024768425,0.011065666,0.9662179
2014-01-27 00:00:00,0.0028232327,0.9970458,0.00013092838,1.0,-0.052343,0.0028650775,0.9970458
2014-01-28 00:00:00,0.00080854836,0.99128854,0.007902902,1.0,-0.044699494,0.003334314,0.99128854
2014-01-29 00:00:00,0.0017970619,0.99621284,0.001990072,1.0,-0.050063595,0.0024330886,0.99621284
2014-01-30 00:00:00,0.0016999138,0.99621004,0.0020900357,1.0,-0.049906254,0.0023678888,0.99621004
2014-01-31 00:00:00,0.0011970231,0.994859,0.003943974,1.0,-0.048064474,0.0024575165,0.994859
2014-02-03 00:00:00,0.0016074008,0.996296,0.0020966355,1.0,-0.049824517,0.0022774853,0.996296
2014-02-04 00:00:00,0.0013101075,0.995345,0.0033449219,1.0,-0.048618652,0.0023791438,0.995345
2014-02-05 00:00:00,0.00013810156,0.90052265,0.09933926,1.0,0.0261395,0.031886913,0.90052265
2014-02-06 00:00:00,9.1314934e-05,0.87288797,0.12702072,1.0,0.047455873,0.04068711,0.87288797
2014-02-07 00:00:00,0.0001419317,0.88944507,0.110413015,1.0,0.034648266,0.03542991,0.88944507
2014-02-10 00:00:00,0.00010579908,0.8629354,0.13695875,1.0,0.05508284,0.04387779,0.8629354
2014-02-11 00:00:00,0.00012330753,0.8702377,0.12963901,1.0,0.049441937,0.04155591,0.8702377
2014-02-12 00:00:00,8.296928e-05,0.84630877,0.15360826,1.0,0.067899555,0.04917614,0.84630877
2014-02-13 00:00:00,0.024351016,2.7404478e-05,0.9756216,2.0,0.67963755,0.3361595,0.9756216
2014-02-14 00:00:00,0.022457158,0.0,0.9775428,2.0,0.6826837,0.33487967,0.9775428
2014-02-17 00:00:00,0.018239599,0.0,0.9817604,2.0,0.6894206,0.33201003,0.9817604
2014-02-18 00:00:00,0.0016920066,0.0,0.998308,2.0,0.7158525,0.32075107,0.998308
2014-02-19 00:00:00,0.005811754,0.0,0.99418825,2.0,0.7092719,0.32355413,0.99418825
2014-02-20 00:00:00,0.0005152037,0.8753795,0.12410528,1.0,0.044863638,0.04017923,0.8753795
2014-02-21 00:00:00,0.019873593,0.0005428001,0.9795836,2.0,0.6863933,0.33294833,0.9795836
2014-02-24 00:00:00,0.020339137,0.00041210576,0.97924876,2.0,0.6857501,0.33330685,0.97924876
2014-02-25 00:00:00,0.052443404,4.9902533e-14,0.9475566,2.0,0.63478583,0.3552823,0.9475566
2014-02-26 00:00:00,0.00011696009,0.94727194,0.05261111,1.0,-0.009761014,0.016931461,0.94727194
2014-02-27 00:00:00,0.039554913,3e-45,0.9604451,2.0,0.655373,0.34651297,0.9604451
2014-02-28 00:00:00,1.6958523e-09,0.0,1.0,2.0,0.7185552,0.3195998,1.0
2014-03-03 00:00:00,0.0011076748,0.0,0.9988923,2.0,0.71678585,0.32035348,0.9988923
2014-03-04 00:00:00,0.00034496753,0.0,0.999655,2.0,0.71800417,0.31983453,0.999655
2014-03-05 00:00:00,0.0031724726,0.0,0.99682754,2.0,0.71348774,0.32175836,0.99682754
2014-03-06 00:00:00,3.0166425e-06,0.0,0.99999696,2.0,0.7185504,0.31960186,0.99999696
2014-03-07 00:00:00,4.6737943e-05,0.0,0.99995327,2.0,0.7184805,0.3196316,0.99995327
2014-03-10 00:00:00,0.00013322444,0.0,0.9998668,2.0,0.7183424,0.31969047,0.9998668
2014-03-11 00:00:00,0.00041351168,0.0,0.99958646,2.0,0.7178947,0.31988117,0.99958646
2014-03-12 00:00:00,3.1554312e-09,0.0,1.0,2.0,0.7185552,0.3195998,1.0
2014-03-13 00:00:00,0.0032680521,0.0,0.99673194,2.0,0.71333504,0.3218234,0.99673194
2014-03-14 00:00:00,0.00032217297,0.0,0.99967784,2.0,0.7180406,0.31981903,0.99967784
2014-03-17 00:00:00,0.0003119009,0.0,0.9996881,2.0,0.718057,0.31981203,0.9996881
2014-03-18 00:00:00,0.0090422835,0.0,0.99095774,2.0,0.7041117,0.3257522,0.99095774
2014-03-19 00:00:00,0.042724255,1.7908627e-13,0.95727575,2.0,0.6503105,0.3486694,0.95727575
2014-03-20 00:00:00,0.020347307,0.00015909318,0.9794936,2.0,0.68593156,0.33339328,0.9794936
2014-03-21 00:00:00,0.017687723,0.0009285051,0.9813838,2.0,0.68958837,0.3313378,0.9813838
2014-03-24 00:00:00,0.04742609,6.752363e-17,0.9525739,2.0,0.64280015,0.35186854,0.9525739
2014-03-25 00:00:00,0.03212133,5.858843e-08,0.9678786,2.0,0.6672468,0.34145516,0.9678786
2014-03-26 00:00:00,0.04847218,2.2728932e-18,0.95152783,2.0,0.6411292,0.3525803,0.95152783
2014-03-27 00:00:00,0.0029491296,0.55512244,0.44192845,1.0,0.28714445,0.14418939,0.55512244
2014-03-28 00:00:00,0.0001446669,0.91100895,0.08884639,1.0,0.018068615,0.02853996,0.91100895
2014-03-31 00:00:00,0.0033502937,0.5046322,0.49201754,1.0,0.32531345,0.16059901,0.5046322
2014-04-01 00:00:00,0.013403958,0.012553289,0.9740428,2.0,0.68749547,0.32470784,0.9740428
2014-04-02 00:00:00,0.0014502079,0.7328464,0.26570344,1.0,0.15292956,0.08636897,0.7328464
2014-04-03 00:00:00,0.018562937,0.9809647,0.00047235205,1.0,-0.06512357,0.0187139,0.9809647
2014-04-04 00:00:00,0.34132686,0.65866643,6.6995417e-06,1.0,-0.33294612,0.341329,0.65866643
2014-04-07 00:00:00,0.0041529653,0.9949645,0.00088256394,1.0,-0.052867156,0.0044350326,0.9949645
2014-04-08 00:00:00,0.00013013819,0.8595017,0.14036812,1.0,0.057683308,0.04499176,0.8595017
2014-04-09 00:00:00,9.14401e-05,0.7994659,0.20044269,1.0,0.10389226,0.06415289,0.7994659
2014-04-10 00:00:00,4.3483233e-05,0.9712201,0.02873643,1.0,-0.02805162,0.009227641,0.9712201
2014-04-11 00:00:00,5.637182e-05,0.73421293,0.26573068,1.0,0.15410553,0.08498385,0.73421293
2014-04-14 00:00:00,0.0007416001,0.9922068,0.0070516043,1.0,-0.04529837,0.0029952915,0.9922068
2014-04-15 00:00:00,0.0011080791,0.9954421,0.003449818,1.0,-0.048370607,0.0022106403,0.9954421
2014-04-16 00:00:00,4.0146253e-05,0.8454763,0.15448353,1.0,0.06860783,0.049413055,0.8454763
2014-04-17 00:00:00,0.000100220874,0.96672875,0.033171054,1.0,-0.024689924,0.010701683,0.96672875
2014-04-18 00:00:00,2.6102685e-05,0.9791756,0.020798245,1.0,-0.034138978,0.006673218,0.9791756
2014-04-21 00:00:00,6.893926e-05,0.70694166,0.2929894,1.0,0.1750478,0.0937083,0.70694166
2014-04-22 00:00:00,5.5143395e-05,0.47553003,0.52441484,2.0,0.35294655,0.16765803,0.52441484
2014-04-23 00:00:00,0.00010764139,0.9647029,0.035189435,1.0,-0.023144625,0.011354178,0.9647029
2014-04-24 00:00:00,0.07059453,6.377303e-16,0.92940545,2.0,0.6057925,0.36763236,0.92940545
2014-04-25 00:00:00,0.061384857,4.4155093e-13,0.93861514,2.0,0.6205034,0.3613661,0.93861514
2014-04-28 00:00:00,0.052554186,6.4602934e-11,0.9474458,2.0,0.63460886,0.3553577,0.9474458
2014-04-29 00:00:00,2.2540156e-05,0.97746134,0.022516122,1.0,-0.03281556,0.0072186887,0.97746134
2014-04-30 00:00:00,0.07605815,2.2844142e-20,0.92394185,2.0,0.5970653,0.3713498,0.92394185
2014-05-01 00:00:00,0.032918707,0.0,0.9670813,2.0,0.6659732,0.3419977,0.9670813
2014-05-02 00:00:00,0.007697906,0.0,0.9923021,2.0,0.70625913,0.32483748,0.9923021
2014-05-05 00:00:00,0.049699046,0.0,0.95030093,2.0,0.63916945,0.35341504,0.95030093
2014-05-06 00:00:00,0.04351149,0.0,0.9564885,2.0,0.64905304,0.34920505,0.9564885
2014-05-07 00:00:00,0.028608857,6.994766e-06,0.97138417,2.0,0.6728521,0.33906305,0.97138417
2014-05-08 00:00:00,9.3352355e-05,0.8019096,0.19799703,1.0,0.102010794,0.06337317,0.8019096
2014-05-09 00:00:00,0.2878182,0.7065974,0.005584425,1.0,-0.28431773,0.289603,0.7065974
2014-05-12 00:00:00,0.00027315746,0.8791033,0.120623514,1.0,0.042387918,0.03882441,0.8791033
2014-05-13 00:00:00,0.01967206,0.95077944,0.029548515,1.0,-0.043693006,0.02911576,0.95077944
2014-05-14 00:00:00,0.03576313,0.936263,0.027973821,1.0,-0.058237586,0.044703554,0.936263
2014-05-15 00:00:00,0.009857395,0.94084895,0.04929363,1.0,-0.020382624,0.02561163,0.94084895
2014-05-16 00:00:00,0.3310426,0.6573524,0.011605009,1.0,-0.3155087,0.33475155,0.6573524
2014-05-19 00:00:00,0.0012414652,0.92599106,0.072767474,1.0,0.0048005222,0.024497937,0.92599106
2014-05-20 00:00:00,0.0515608,0.9019018,0.04653739,1.0,-0.05705957,0.066434145,0.9019018
2014-05-21 00:00:00,0.92857915,0.070109434,0.0013114058,0.0,-0.8185813,0.9289983,0.92857915
2014-05-22 00:00:00,0.9999831,1.6885808e-05,2.7132524e-08,0.0,-0.87875956,0.9999831,0.9999831
2014-05-23 00:00:00,0.9999997,3.122499e-07,3.9309164e-11,0.0,-0.87877333,0.9999997,0.9999997
2014-05-26 00:00:00,0.9999997,2.7562731e-07,5.141148e-11,0.0,-0.87877333,0.9999997,0.9999997
2014-05-27 00:00:00,0.99999803,1.9614456e-06,1.0398881e-08,0.0,-0.87877196,0.99999803,0.99999803
2014-05-28 00:00:00,1.0,4.5496267e-24,1.2191943e-26,0.0,-0.87877357,1.0,1.0
2014-05-29 00:00:00,1.0,1.1353854e-20,4.621671e-24,0.0,-0.87877357,1.0,1.0
2014-05-30 00:00:00,1.0,3.0224924e-12,4.0587744e-17,0.0,-0.87877357,1.0,1.0
2014-06-02 00:00:00,1.0,7.607496e-13,3.0331803e-22,0.0,-0.87877357,1.0,1.0
2014-06-03 00:00:00,1.0,2.4711554e-21,5.1639377e-30,0.0,-0.87877357,1.0,1.0
2014-06-04 00:00:00,1.0,2.8232288e-21,5.0918725e-30,0.0,-0.87877357,1.0,1.0
2014-06-05 00:00:00,0.999987,1.2935273e-05,3.5707426e-08,0.0,-0.8787628,0.99998707,0.999987
2014-06-06 00:00:00,0.7888069,0.075894,0.13529909,0.0,-0.5997654,0.8320485,0.7888069
2014-06-09 00:00:00,0.9998654,0.00012771417,6.844041e-06,0.0,-0.8786568,0.9998676,0.9998654
2014-06-10 00:00:00,0.9999573,4.1032003e-05,1.6234369e-06,0.0,-0.878737,0.99995786,0.9999573
2014-06-11 00:00:00,0.99999964,3.5119297e-07,1.7329146e-08,0.0,-0.8787733,0.99999964,0.99999964
2014-06-12 00:00:00,0.9999318,6.3713385e-05,4.4879603e-06,0.0,-0.8787136,0.99993324,0.9999318
2014-06-13 00:00:00,0.99974835,0.00018237851,6.92684e-05,0.0,-0.8785118,0.99977046,0.99974835
2014-06-16 00:00:00,0.9822763,0.010385307,0.0073383446,0.0,-0.8584458,0.9846217,0.9822763
2014-06-17 00:00:00,0.9978684,0.0018971671,0.00023441837,0.0,-0.876827,0.99794334,0.9978684
2014-06-18 00:00:00,0.021171298,0.10584001,0.8729887,2.0,0.60338277,0.30017832,0.8729887
2014-06-19 00:00:00,0.00027888277,0.02056486,0.97915626,2.0,0.70230234,0.31321704,0.97915626
2014-06-20 00:00:00,0.00018663505,0.022564316,0.977249,2.0,0.70091283,0.31251526,0.977249
2014-06-23 00:00:00,0.00048486923,0.06326025,0.93625486,2.0,0.6691551,0.29971176,0.93625486
2014-06-24 00:00:00,0.00015244534,0.044877753,0.9549698,2.0,0.683816,0.30536062,0.9549698
2014-06-25 00:00:00,0.0034941416,0.29997197,0.69653386,2.0,0.48239765,0.22610624,0.69653386
2014-06-26 00:00:00,0.00021758916,0.3979236,0.6018588,2.0,0.41233996,0.19257155,0.6018588
2014-06-27 00:00:00,0.00016800604,0.7733413,0.2264907,1.0,0.12385086,0.072554395,0.7733413
2014-06-30 00:00:00,0.06242692,4.3900197e-19,0.9375731,2.0,0.6188389,0.3620751,0.9375731
2014-07-01 00:00:00,0.02095435,9.175594e-05,0.9789539,2.0,0.6850137,0.33382782,0.9789539
2014-07-02 00:00:00,0.012491301,0.018713763,0.96879494,2.0,0.684218,0.32211798,0.96879494
2014-07-03 00:00:00,0.00016689824,0.58998406,0.40984908,1.0,0.26479188,0.13115458,0.58998406
2014-07-04 00:00:00,0.00014657153,0.5850524,0.41480106,1.0,0.26861513,0.13271692,0.5850524
2014-07-07 00:00:00,4.8998776e-05,0.9017065,0.09824447,1.0,0.02537181,0.031447913,0.9017065
2014-07-08 00:00:00,0.05770292,1.9581332e-14,0.9422971,2.0,0.6263847,0.3588609,0.9422971
2014-07-09 00:00:00,0.07741243,2.914505e-32,0.9225876,2.0,0.5949021,0.37227124,0.9225876
2014-07-10 00:00:00,0.01666339,0.004387609,0.978949,2.0,0.68856573,0.3295353,0.978949
2014-07-11 00:00:00,0.036850832,6.498131e-08,0.96314913,2.0,0.6596922,0.3446731,0.96314913
2014-07-14 00:00:00,0.009425576,0.1306445,0.8599299,2.0,0.60307837,0.28425902,0.8599299
2014-07-15 00:00:00,2.8105693e-05,0.9768719,0.023099957,1.0,-0.032371406,0.007410848,0.9768719
2014-07-16 00:00:00,0.00024007344,0.7873513,0.21240865,1.0,0.11296683,0.06812584,0.7873513
2014-07-17 00:00:00,0.015040754,0.8380412,0.14691809,1.0,0.050362032,0.06199575,0.8380412
2014-07-18 00:00:00,0.0013612595,0.80682516,0.19181359,1.0,0.09620716,0.062664844,0.80682516
2014-07-21 00:00:00,0.002091075,0.8116121,0.18629682,1.0,0.091361865,0.061631504,0.8116121
2014-07-22 00:00:00,0.8921572,0.10622207,0.0016207364,0.0,-0.78816175,0.89267516,0.8921572
2014-07-23 00:00:00,0.99998784,1.1885755e-05,2.912634e-07,0.0,-0.87876326,0.9999879,0.99998784
2014-07-24 00:00:00,0.99948573,0.00046260274,5.1688334e-05,0.0,-0.87830764,0.99950224,0.99948573
2014-07-25 00:00:00,1.0,1.5327438e-16,1.242587e-16,0.0,-0.87877357,1.0,1.0
2014-07-28 00:00:00,1.0,3.4238367e-33,2.6020642e-26,0.0,-0.87877357,1.0,1.0
2014-07-29 00:00:00,1.0,2.6474627e-33,8.1021766e-29,0.0,-0.87877357,1.0,1.0
2014-07-30 00:00:00,1.0,1.724645e-33,3.791929e-27,0.0,-0.87877357,1.0,1.0
2014-07-31 00:00:00,1.0,1.5364336e-32,2.8908563e-21,0.0,-0.87877357,1.0,1.0
2014-08-01 00:00:00,1.0,7.570266e-12,4.167194e-09,0.0,-0.87877357,1.0,1.0
2014-08-04 00:00:00,1.0,1.5651632e-16,1.6739263e-12,0.0,-0.87877357,1.0,1.0
2014-08-05 00:00:00,1.0,5.2538093e-24,2.2875775e-22,0.0,-0.87877357,1.0,1.0
2014-08-06 00:00:00,1.0,6.2692255e-34,4.5021342e-28,0.0,-0.87877357,1.0,1.0
2014-08-07 00:00:00,1.0,1.1155497e-33,1.6070502e-25,0.0,-0.87877357,1.0,1.0
2014-08-08 00:00:00,1.0,6.4141547e-13,5.4790075e-13,0.0,-0.87877357,1.0,1.0
2014-08-11 00:00:00,1.0,6.0173237e-18,1.4683964e-19,0.0,-0.87877357,1.0,1.0
2014-08-12 00:00:00,1.0,2.2346214e-16,6.6062615e-15,0.0,-0.87877357,1.0,1.0
2014-08-13 00:00:00,1.0,7.198746e-13,2.4769273e-09,0.0,-0.87877357,1.0,1.0
2014-08-14 00:00:00,1.0,2.5780203e-12,9.705533e-09,0.0,-0.87877357,1.0,1.0
2014-08-15 00:00:00,0.99803555,0.0004595822,0.0015048807,0.0,-0.87598896,0.9985165,0.99803555
2014-08-18 00:00:00,0.9999973,2.2909885e-06,4.0725925e-07,0.0,-0.878771,0.99999744,0.9999973
2014-08-19 00:00:00,0.9999489,3.089009e-05,2.0211855e-05,0.0,-0.8787157,0.99995536,0.9999489
2014-08-20 00:00:00,1.0,1.9984416e-08,8.231571e-12,0.0,-0.87877357,1.0,1.0
2014-08-21 00:00:00,0.9999894,1.0589809e-05,5.4838156e-09,0.0,-0.8787648,0.9999894,0.9999894
2014-08-22 00:00:00,0.99999166,8.3579325e-06,5.541859e-09,0.0,-0.87876666,0.99999166,0.99999166
2014-08-25 00:00:00,1.0,1.0204291e-08,1.9275854e-17,0.0,-0.87877357,1.0,1.0
2014-08-26 00:00:00,1.0,9.490578e-09,4.276788e-16,0.0,-0.87877357,1.0,1.0
2014-08-27 00:00:00,0.9999756,2.4358656e-05,4.1158316e-10,0.0,-0.87875336,0.9999756,0.9999756
2014-08-28 00:00:00,0.99998504,1.4944209e-05,2.1763268e-10,0.0,-0.8787612,0.99998504,0.99998504
2014-08-29 00:00:00,1.0,2.9986847e-13,8.572895e-26,0.0,-0.87877357,1.0,1.0
2014-09-01 00:00:00,1.0,1.543538e-13,6.33083e-25,0.0,-0.87877357,1.0,1.0
2014-09-02 00:00:00,1.0,2.5667733e-13,5.0189907e-18,0.0,-0.87877357,1.0,1.0
2014-09-03 00:00:00,1.0,2.081053e-11,4.928451e-16,0.0,-0.87877357,1.0,1.0
2014-09-04 00:00:00,1.0,5.238858e-13,0.0,0.0,-0.87877357,1.0,1.0
2014-09-05 00:00:00,1.0,1.3386305e-18,0.0,0.0,-0.87877357,1.0,1.0
2014-09-08 00:00:00,1.0,8.6758845e-17,0.0,0.0,-0.87877357,1.0,1.0
2014-09-09 00:00:00,1.0,3.2052676e-11,0.0,0.0,-0.87877357,1.0,1.0
2014-09-10 00:00:00,1.0,8.1089635e-11,0.0,0.0,-0.87877357,1.0,1.0
2014-09-11 00:00:00,1.0,1.0270567e-10,0.0,0.0,-0.87877357,1.0,1.0
2014-09-12 00:00:00,1.0,1.2680396e-10,0.0,0.0,-0.87877357,1.0,1.0
2014-09-15 00:00:00,1.0,5.5813777e-11,0.0,0.0,-0.87877357,1.0,1.0
2014-09-16 00:00:00,1.0,6.5740074e-10,3.803977e-37,0.0,-0.87877357,1.0,1.0
2014-09-17 00:00:00,1.0,3.4951813e-09,0.0,0.0,-0.87877357,1.0,1.0
2014-09-18 00:00:00,0.99999815,1.825683e-06,1.940569e-33,0.0,-0.8787721,0.99999815,0.99999815
2014-09-19 00:00:00,0.9999967,3.268626e-06,6.87e-43,0.0,-0.8787709,0.9999967,0.9999967
2014-09-22 00:00:00,0.9999935,6.5137183e-06,1.5142379e-29,0.0,-0.8787682,0.9999935,0.9999935
2014-09-23 00:00:00,0.9999923,7.704322e-06,1.7850913e-27,0.0,-0.8787672,0.9999923,0.9999923
2014-09-24 00:00:00,0.9999967,3.2893442e-06,1.39e-43,0.0,-0.8787708,0.9999967,0.9999967
2014-09-25 00:00:00,0.99999696,3.0304918e-06,1e-45,0.0,-0.87877107,0.99999696,0.99999696
2014-09-26 00:00:00,0.99999744,2.5540346e-06,0.0,0.0,-0.8787715,0.99999744,0.99999744
2014-09-29 00:00:00,0.9999974,2.597488e-06,0.0,0.0,-0.8787714,0.9999974,0.9999974
2014-09-30 00:00:00,0.99999946,5.645614e-07,0.0,0.0,-0.8787731,0.99999946,0.99999946
2014-10-01 00:00:00,0.9999999,1.4871782e-07,0.0,0.0,-0.87877345,0.9999999,0.9999999
2014-10-02 00:00:00,0.9999622,3.7804642e-05,8.3885257e-16,0.0,-0.8787423,0.9999622,0.9999622
2014-10-03 00:00:00,0.99999857,1.4434912e-06,3.9e-44,0.0,-0.8787724,0.99999857,0.99999857
2014-10-06 00:00:00,0.99972576,0.00027424135,2.0687164e-14,0.0,-0.8785463,0.99972576,0.99972576
2014-10-07 00:00:00,0.99984044,0.00015954066,4.5670734e-18,0.0,-0.87864137,0.99984044,0.99984044
2014-10-08 00:00:00,0.9974436,0.0025560854,3.0831544e-07,0.0,-0.8766549,0.9974437,0.9974436
2014-10-09 00:00:00,0.9960325,0.003967552,2.204869e-12,0.0,-0.8754858,0.9960325,0.9960325
2014-10-10 00:00:00,0.9991906,0.0008093693,2.4568225e-24,0.0,-0.8781029,0.9991906,0.9991906
2014-10-13 00:00:00,0.96777767,0.03222234,1.6312515e-10,0.0,-0.8520719,0.96777767,0.96777767
2014-10-14 00:00:00,0.99553794,0.004462078,4.1832583e-21,0.0,-0.875076,0.99553794,0.99553794
2014-10-15 00:00:00,0.3923387,0.026822776,0.58083856,2.0,0.071243756,0.57797456,0.58083856
2014-10-16 00:00:00,0.5478884,0.45176315,0.00034846866,0.0,-0.50385463,0.54799974,0.5478884
2014-10-17 00:00:00,0.30768615,0.6257648,0.06654905,1.0,-0.25392067,0.3289552,0.6257648
2014-10-20 00:00:00,0.18091689,0.6934141,0.12566899,1.0,-0.103427775,0.22108068,0.6934141
2014-10-21 00:00:00,0.09254037,0.9074516,7.994388e-06,1.0,-0.12678334,0.092542924,0.9074516
2014-10-22 00:00:00,0.06562896,0.9343654,5.6788294e-06,1.0,-0.10448446,0.06563077,0.9343654
2014-10-23 00:00:00,0.056032613,0.9437386,0.00022882794,1.0,-0.096360736,0.056105748,0.9437386
2014-10-24 00:00:00,0.04595694,0.44390425,0.5101388,2.0,0.30393574,0.2089972,0.5101388
2014-10-27 00:00:00,0.07064888,0.041390017,0.8879611,2.0,0.57389086,0.35444108,0.8879611
2014-10-28 00:00:00,0.06415299,1.2159183e-25,0.935847,2.0,0.6160818,0.36324954,0.935847
2014-10-29 00:00:00,0.09314847,0.048913386,0.8579382,2.0,0.53216875,0.36734533,0.8579382
2014-10-30 00:00:00,0.040008295,0.94233674,0.017654952,1.0,-0.06968712,0.045650814,0.94233674
2014-10-31 00:00:00,0.033384427,0.16941899,0.79719657,2.0,0.5350038,0.2881683,0.79719657
2014-11-03 00:00:00,0.008162005,0.9918366,1.4049469e-06,1.0,-0.056866635,0.008162455,0.9918366
2014-11-04 00:00:00,0.0056608473,0.9941792,0.00015995723,1.0,-0.05467213,0.00571197,0.9941792
2014-11-05 00:00:00,0.088860564,0.9111394,2.4034458e-15,1.0,-0.123740144,0.088860564,0.9111394
2014-11-06 00:00:00,0.4465983,0.5534017,5.236487e-20,1.0,-0.4201865,0.4465983,0.5534017
2014-11-07 00:00:00,0.017684145,0.98231584,2.947914e-08,1.0,-0.0647584,0.017684154,0.98231584
2014-11-10 00:00:00,0.2478081,0.7521919,6.3472965e-19,1.0,-0.2554551,0.2478081,0.7521919
2014-11-11 00:00:00,0.0115151,0.98848474,1.5083214e-07,1.0,-0.059646208,0.011515147,0.98848474
2014-11-12 00:00:00,0.8327259,0.16727413,1.9199288e-31,0.0,-0.7401586,0.8327259,0.8327259
2014-11-13 00:00:00,0.41260684,0.58739316,6.0215543e-22,1.0,-0.3920188,0.41260684,0.58739316
2014-11-14 00:00:00,0.030595833,0.96940416,1.5403907e-11,1.0,-0.075457945,0.030595833,0.96940416
2014-11-17 00:00:00,0.63583773,0.3641623,3.5626296e-23,0.0,-0.5770034,0.63583773,0.63583773
2014-11-18 00:00:00,0.007499276,0.99250054,1.5492688e-07,1.0,-0.056318413,0.0074993256,0.99250054
2014-11-19 00:00:00,0.0012255276,0.99650306,0.0022714327,1.0,-0.049373712,0.0019514771,0.99650306
2014-11-20 00:00:00,0.0012363364,0.9974476,0.0013160752,1.0,-0.050117012,0.0016569538,0.9974476
2014-11-21 00:00:00,0.11119734,0.88880265,1.8206837e-16,1.0,-0.14224996,0.11119734,0.88880265
2014-11-24 00:00:00,0.08607954,0.91392046,1.5922267e-15,1.0,-0.1214356,0.08607954,0.91392046
2014-11-25 00:00:00,0.06272392,0.93727607,1.9519468e-14,1.0,-0.10208151,0.06272392,0.93727607
2014-11-26 00:00:00,0.0026402865,0.99729854,6.1155806e-05,1.0,-0.05224503,0.002659832,0.99729854
2014-11-27 00:00:00,0.003924613,0.9960711,4.2608385e-06,1.0,-0.053353045,0.0039259745,0.9960711
2014-11-28 00:00:00,0.0010633486,0.98776084,0.0111757945,1.0,-0.0423949,0.0046351305,0.98776084
2014-12-01 00:00:00,0.0005471507,0.89807105,0.1013818,1.0,0.02737055,0.03294876,0.89807105
2014-12-02 00:00:00,0.0048761675,0.99512345,3.57233e-07,1.0,-0.05414457,0.0048762816,0.99512345
2014-12-03 00:00:00,0.004822574,0.9951771,3.4114808e-07,1.0,-0.05410017,0.004822683,0.9951771
2014-12-04 00:00:00,0.0006533346,0.8588214,0.14052525,1.0,0.057370532,0.04556518,0.8588214
2014-12-05 00:00:00,0.005940805,0.9940591,8.0614676e-08,1.0,-0.05502701,0.005940831,0.9940591
2014-12-08 00:00:00,0.0021249615,0.9975564,0.00031862725,1.0,-0.051620085,0.0022267948,0.9975564
2014-12-09 00:00:00,0.0018534714,0.9951111,0.003035433,1.0,-0.049306814,0.0028235952,0.9951111
2014-12-10 00:00:00,0.04222339,8.369031e-06,0.95776826,2.0,0.65110415,0.34832594,0.95776826
2014-12-11 00:00:00,0.0034069174,0.99245197,0.004141102,1.0,-0.049744222,0.0047304127,0.99245197
2014-12-12 00:00:00,0.0037246486,0.98044384,0.015831517,1.0,-0.04102157,0.008784398,0.98044384
2014-12-15 00:00:00,0.0020780095,0.81018895,0.18773307,1.0,0.09247667,0.062077463,0.81018895
2014-12-16 00:00:00,0.0018187497,0.8674151,0.13076615,1.0,0.048903372,0.04361159,0.8674151
2014-12-17 00:00:00,0.040403392,0.95959663,4.697913e-11,1.0,-0.08358517,0.040403392,0.95959663
2014-12-18 00:00:00,0.19384389,0.8061561,4.6556234e-15,1.0,-0.21073662,0.19384389,0.8061561
2014-12-19 00:00:00,0.013517704,0.98648214,1.5612306e-07,1.0,-0.061305698,0.013517753,0.98648214
2014-12-22 00:00:00,0.032894235,0.96710575,5.2842043e-11,1.0,-0.07736256,0.032894235,0.96710575
2014-12-23 00:00:00,0.45908222,0.54091775,6.6424406e-20,1.0,-0.43053153,0.45908222,0.54091775
2014-12-24 00:00:00,0.5005006,0.49949938,4.643018e-21,0.0,-0.4648537,0.5005006,0.5005006
2014-12-25 00:00:00,0.07290734,0.9270927,6.7260303e-15,1.0,-0.1105202,0.07290734,0.9270927
2014-12-26 00:00:00,0.15775098,0.84224904,9.739766e-17,1.0,-0.18082754,0.15775098,0.84224904
2014-12-29 00:00:00,0.57454425,0.42545578,1.6702702e-21,0.0,-0.5262114,0.57454425,0.57454425
2014-12-30 00:00:00,0.02885664,0.97114336,1.0106314e-12,1.0,-0.07401673,0.02885664,0.97114336
2014-12-31 00:00:00,0.021093478,0.9789065,9.0616195e-12,1.0,-0.067583635,0.021093478,0.9789065
2015-01-01 00:00:00,0.13136494,0.86863506,4.6220247e-21,1.0,-0.15896222,0.13136494,0.86863506
2015-01-02 00:00:00,0.087519914,0.91248006,3.9207666e-19,1.0,-0.122629195,0.087519914,0.91248006
2015-01-05 00:00:00,0.84727824,0.15272175,2.626066e-32,0.0,-0.7522177,0.84727824,0.84727824
2015-01-06 00:00:00,0.9999197,8.0311926e-05,0.0,0.0,-0.87870705,0.9999197,0.9999197
2015-01-07 00:00:00,0.99999994,8.717661e-08,0.0,0.0,-0.8787735,0.99999994,0.99999994
2015-01-08 00:00:00,0.9999944,5.6050685e-06,0.0,0.0,-0.8787689,0.9999944,0.9999944
2015-01-09 00:00:00,0.999997,2.9740816e-06,0.0,0.0,-0.8787711,0.999997,0.999997
2015-01-12 00:00:00,0.99999446,5.516315e-06,0.0,0.0,-0.878769,0.99999446,0.99999446
2015-01-13 00:00:00,1.0,2.3984266e-09,0.0,0.0,-0.87877357,1.0,1.0
2015-01-14 00:00:00,1.0,1.4153796e-09,0.0,0.0,-0.87877357,1.0,1.0
2015-01-15 00:00:00,1.0,2.3194184e-08,0.0,0.0,-0.87877357,1.0,1.0
2015-01-16 00:00:00,1.0,7.2329467e-09,0.0,0.0,-0.87877357,1.0,1.0
2015-01-19 00:00:00,0.99999994,3.1945603e-08,0.0,0.0,-0.87877357,0.99999994,0.99999994
2015-01-20 00:00:00,1.0,1.0345444e-08,0.0,0.0,-0.87877357,1.0,1.0
2015-01-21 00:00:00,0.99999994,8.588761e-08,0.0,0.0,-0.8787735,0.99999994,0.99999994
2015-01-22 00:00:00,1.0,5.37361e-29,0.0,0.0,-0.87877357,1.0,1.0
2015-01-23 00:00:00,1.0,0.0,0.0,0.0,-0.87877357,1.0,1.0
2015-01-26 00:00:00,1.0,0.0,0.0,0.0,-0.87877357,1.0,1.0
2015-01-27 00:00:00,1.0,8.413187e-39,0.0,0.0,-0.87877357,1.0,1.0
2015-01-28 00:00:00,1.0,1.3e-44,0.0,0.0,-0.87877357,1.0,1.0
2015-01-29 00:00:00,1.0,2.2085073e-38,0.0,0.0,-0.87877357,1.0,1.0
2015-01-30 00:00:00,1.0,2.7346507e-32,0.0,0.0,-0.87877357,1.0,1.0
2015-02-02 00:00:00,1.0,4.7418982e-20,0.0,0.0,-0.87877357,1.0,1.0
2015-02-03 00:00:00,0.99999994,4.5138197e-08,0.0,0.0,-0.87877357,0.99999994,0.99999994
2015-02-04 00:00:00,1.0,1.282493e-15,0.0,0.0,-0.87877357,1.0,1.0
2015-02-05 00:00:00,0.99993694,6.3046005e-05,2.8336316e-33,0.0,-0.87872136,0.99993694,0.99993694
2015-02-06 00:00:00,1.0,4.056752e-18,0.0,0.0,-0.87877357,1.0,1.0
2015-02-09 00:00:00,1.0,3.8026372e-16,0.0,0.0,-0.87877357,1.0,1.0
2015-02-10 00:00:00,1.0,2.2733086e-11,0.0,0.0,-0.87877357,1.0,1.0
2015-02-11 00:00:00,1.0,2.367899e-12,0.0,0.0,-0.87877357,1.0,1.0
2015-02-12 00:00:00,0.9917134,0.00828662,2.1178939e-22,0.0,-0.8719067,0.9917134,0.9917134
2015-02-13 00:00:00,0.99536633,0.0046336935,1.7335636e-15,0.0,-0.8749338,0.99536633,0.99536633
2015-02-16 00:00:00,0.9858613,0.014138724,5.1265445e-26,0.0,-0.86705726,0.9858613,0.9858613
2015-02-17 00:00:00,0.9985939,0.001406081,4.985521e-13,0.0,-0.8776084,0.9985939,0.9985939
2015-02-18 00:00:00,0.96900374,0.030996291,2.9085864e-20,0.0,-0.8530879,0.96900374,0.96900374
2015-02-19 00:00:00,0.710813,5.408378e-07,0.28918648,0.0,-0.41684726,0.8032369,0.710813
2015-02-20 00:00:00,0.00088945986,0.0,0.9991105,2.0,0.7171344,0.320205,0.9991105
2015-02-23 00:00:00,0.17291172,3.237288e-24,0.8270883,2.0,0.44235834,0.43724898,0.8270883
2015-02-24 00:00:00,0.29215094,0.4889174,0.21893163,1.0,-0.12391684,0.36212146,0.4889174
2015-02-25 00:00:00,0.118973404,3.1970587e-21,0.8810266,2.0,0.5285156,0.40054935,0.8810266
2015-02-26 00:00:00,0.21439733,0.7856026,2.6869428e-08,1.0,-0.22776861,0.21439734,0.7856026
2015-02-27 00:00:00,0.4018352,0.5981169,4.7929192e-05,1.0,-0.38305584,0.40185052,0.5981169
2015-03-02 00:00:00,0.18343987,0.81656015,3.20256e-11,1.0,-0.20211513,0.18343987,0.81656015
2015-03-03 00:00:00,0.27815825,0.72184175,5.061838e-25,1.0,-0.28060538,0.27815825,0.72184175
2015-03-04 00:00:00,0.17965561,0.8203444,8.538451e-20,1.0,-0.19897923,0.17965561,0.8203444
2015-03-05 00:00:00,0.97846925,0.021530723,0.0,0.0,-0.86093175,0.97846925,0.97846925
2015-03-06 00:00:00,0.9960877,0.0039123567,0.0,0.0,-0.87553155,0.9960877,0.9960877
2015-03-09 00:00:00,0.9989163,0.0010836996,0.0,0.0,-0.87787557,0.9989163,0.9989163
2015-03-10 00:00:00,1.0,1.0759361e-10,0.0,0.0,-0.87877357,1.0,1.0
2015-03-11 00:00:00,1.0,3.0554777e-31,0.0,0.0,-0.87877357,1.0,1.0
2015-03-12 00:00:00,1.0,2.8141613e-30,0.0,0.0,-0.87877357,1.0,1.0
2015-03-13 00:00:00,1.0,0.0,0.0,0.0,-0.87877357,1.0,1.0
2015-03-16 00:00:00,1.0,2.298735e-39,0.0,0.0,-0.87877357,1.0,1.0
2015-03-17 00:00:00,1.0,6.0339e-41,0.0,0.0,-0.87877357,1.0,1.0
2015-03-18 00:00:00,1.0,8.4970765e-17,0.0,0.0,-0.87877357,1.0,1.0
2015-03-19 00:00:00,1.0,3.427828e-39,0.0,0.0,-0.87877357,1.0,1.0
2015-03-20 00:00:00,1.0,1.0496444e-21,0.0,0.0,-0.87877357,1.0,1.0
2015-03-23 00:00:00,0.9999999,1.3973778e-07,0.0,0.0,-0.87877345,0.9999999,0.9999999
2015-03-24 00:00:00,1.0,1.6438709e-10,0.0,0.0,-0.87877357,1.0,1.0
2015-03-25 00:00:00,1.0,2.522645e-08,0.0,0.0,-0.87877357,1.0,1.0
2015-03-26 00:00:00,0.99989843,0.00010158125,3.78711e-40,0.0,-0.8786894,0.99989843,0.99989843
2015-03-27 00:00:00,0.9997861,0.00021391455,2.5061407e-38,0.0,-0.8785963,0.9997861,0.9997861
2015-03-30 00:00:00,0.99999267,7.342785e-06,8e-45,0.0,-0.8787675,0.99999267,0.99999267
2015-03-31 00:00:00,1.0,7.123205e-13,0.0,0.0,-0.87877357,1.0,1.0
2015-04-01 00:00:00,0.99989665,0.000103380575,8.094521e-39,0.0,-0.8786879,0.99989665,0.99989665
2015-04-02 00:00:00,0.9999911,8.891328e-06,7.855729e-20,0.0,-0.87876624,0.9999911,0.9999911
2015-04-03 00:00:00,0.14779371,0.0,0.8522063,2.0,0.48248005,0.42015868,0.8522063
2015-04-06 00:00:00,0.839519,0.0,0.16048096,0.0,-0.6224327,0.8908087,0.839519
2015-04-07 00:00:00,0.4188965,0.0,0.5811035,2.0,0.049439777,0.60461706,0.5811035
2015-04-08 00:00:00,1.7968911e-07,0.0,0.9999998,2.0,0.7185549,0.31959993,0.9999998
2015-04-09 00:00:00,0.9973663,1.3263494e-24,0.002633666,0.0,-0.87456673,0.99820805,0.9973663
2015-04-10 00:00:00,0.357746,0.0,0.642254,2.0,0.14711723,0.5630103,0.642254
2015-04-13 00:00:00,0.9994058,1.847952e-11,0.0005942219,0.0,-0.8778244,0.9995957,0.9994058
2015-04-14 00:00:00,0.98642427,6.0668184e-27,0.013575723,0.0,-0.8570887,0.99076307,0.98642427
2015-04-15 00:00:00,0.52625257,0.47374746,1.9242752e-13,0.0,-0.48619354,0.52625257,0.52625257
2015-04-16 00:00:00,0.15456542,3.8466782e-28,0.8454346,2.0,0.47166342,0.42476615,0.8454346
2015-04-17 00:00:00,0.26966593,0.24454936,0.4857847,2.0,0.09983492,0.42492262,0.4857847
2015-04-20 00:00:00,0.13325426,0.86674577,3.9878482e-12,1.0,-0.16052784,0.13325426,0.86674577
2015-04-21 00:00:00,0.049921926,0.95007807,8.377923e-10,1.0,-0.09147289,0.049921926,0.95007807
2015-04-22 00:00:00,0.4300952,0.5699048,1.6877043e-16,1.0,-0.40651086,0.4300952,0.5699048
2015-04-23 00:00:00,0.035037737,0.962864,0.002098299,1.0,-0.077525936,0.035708353,0.962864
2015-04-24 00:00:00,0.114234075,0.4275488,0.45821714,2.0,0.20744647,0.2606802,0.45821714
2015-04-27 00:00:00,0.13132457,2.0038493e-09,0.8686754,2.0,0.5087867,0.40895307,0.8686754
2015-04-28 00:00:00,1.8272787e-05,0.0,0.9999817,2.0,0.718526,0.31961226,0.9999817
2015-04-29 00:00:00,7.717439e-12,0.0,1.0,2.0,0.7185552,0.3195998,1.0
2015-04-30 00:00:00,1.0590913e-11,0.0,1.0,2.0,0.7185552,0.3195998,1.0
2015-05-01 00:00:00,2.611796e-05,0.0,0.9999739,2.0,0.7185135,0.3196176,0.9999739
2015-05-04 00:00:00,4.8908412e-05,0.0,0.99995106,2.0,0.7184771,0.3196331,0.99995106
2015-05-05 00:00:00,3.1537137e-13,0.0,1.0,2.0,0.7185552,0.3195998,1.0
2015-05-06 00:00:00,6.4362275e-31,0.0,1.0,2.0,0.7185552,0.3195998,1.0
2015-05-07 00:00:00,1.126124e-33,0.0,1.0,2.0,0.7185552,0.3195998,1.0
2015-05-08 00:00:00,2.6871333e-36,0.0,1.0,2.0,0.7185552,0.3195998,1.0
2015-05-11 00:00:00,3.4306913e-33,0.0,1.0,2.0,0.7185552,0.3195998,1.0
2015-05-12 00:00:00,7.716948e-33,0.0,1.0,2.0,0.7185552,0.3195998,1.0
2015-05-13 00:00:00,1.173e-42,0.0,1.0,2.0,0.7185552,0.3195998,1.0
2015-05-14 00:00:00,8.49717e-40,0.0,1.0,2.0,0.7185552,0.3195998,1.0
2015-05-15 00:00:00,2.464188e-39,0.0,1.0,2.0,0.7185552,0.3195998,1.0
2015-05-18 00:00:00,7.357376e-32,0.0,1.0,2.0,0.7185552,0.3195998,1.0
2015-05-19 00:00:00,8.7295765e-17,0.0,1.0,2.0,0.7185552,0.3195998,1.0
2015-05-20 00:00:00,1.0387757e-14,0.0,1.0,2.0,0.7185552,0.3195998,1.0
2015-05-21 00:00:00,1.3688282e-09,0.0,1.0,2.0,0.7185552,0.3195998,1.0
2015-05-22 00:00:00,0.017014092,0.0,0.9829859,2.0,0.6913781,0.33117622,0.9829859
2015-05-25 00:00:00,0.27401847,1.21461524e-32,0.72598153,2.0,0.28085762,0.506042,0.72598153
2015-05-26 00:00:00,0.9505594,0.049430795,9.844477e-06,0.0,-0.8377961,0.95056254,0.9505594
2015-05-27 00:00:00,0.4207739,0.5792261,2.9052492e-16,1.0,-0.3987866,0.4207739,0.5792261
2015-05-28 00:00:00,0.6764226,0.3235774,1.2699329e-19,0.0,-0.61063486,0.6764226,0.6764226
2015-05-29 00:00:00,0.30894226,0.69105774,4.5765952e-15,1.0,-0.30611512,0.30894226,0.69105774
2015-06-01 00:00:00,0.53653955,0.46346042,3.0192195e-17,0.0,-0.49471807,0.53653955,0.53653955
2015-06-02 00:00:00,0.99962616,4.6676323e-06,0.00036917755,0.0,-0.87818,0.9997441,0.99962616
2015-06-03 00:00:00,0.9971107,0.0028858462,3.4298562e-06,0.0,-0.8763767,0.9971118,0.9971107
2015-06-04 00:00:00,0.9987215,0.00019858062,0.0010799664,0.0,-0.876884,0.9990666,0.9987215
2015-06-05 00:00:00,0.99425745,0.005741639,9.124903e-07,0.0,-0.8740142,0.99425775,0.99425745
2015-06-08 00:00:00,0.043499477,0.0,0.95650053,2.0,0.64907223,0.34919688,0.95650053
2015-06-09 00:00:00,0.80131656,1.4295623e-29,0.19868344,0.0,-0.5614108,0.8648158,0.80131656
2015-06-10 00:00:00,0.9995073,2.9398481e-05,0.00046329983,0.0,-0.8780092,0.99965537,0.9995073
2015-06-11 00:00:00,0.9142884,0.08571159,1.1938237e-12,0.0,-0.807747,0.9142884,0.9142884
2015-06-12 00:00:00,0.8479862,0.1520138,3.9862603e-15,0.0,-0.7528044,0.8479862,0.8479862
2015-06-15 00:00:00,0.9986337,0.0008873607,0.000478964,0.0,-0.8772732,0.99878675,0.9986337
2015-06-16 00:00:00,0.1201322,2.664681e-33,0.8798678,2.0,0.52666456,0.40133777,0.8798678
2015-06-17 00:00:00,7.0792034e-08,0.0,0.99999994,2.0,0.7185551,0.31959987,0.99999994
2015-06-18 00:00:00,6.4565604e-08,0.0,0.99999994,2.0,0.7185551,0.31959987,0.99999994
2015-06-19 00:00:00,3.3186965e-13,0.0,1.0,2.0,0.7185552,0.3195998,1.0
2015-06-22 00:00:00,2.4165826e-16,0.0,1.0,2.0,0.7185552,0.3195998,1.0
2015-06-23 00:00:00,4.2595227e-10,0.0,1.0,2.0,0.7185552,0.3195998,1.0
2015-06-24 00:00:00,2.7762672e-11,0.0,1.0,2.0,0.7185552,0.3195998,1.0
2015-06-25 00:00:00,3.1845852e-07,0.0,0.9999997,2.0,0.7185547,0.31960005,0.9999997
2015-06-26 00:00:00,0.00024084433,0.0,0.99975914,2.0,0.71817046,0.3197637,0.99975914
2015-06-29 00:00:00,8.131069e-11,0.0,1.0,2.0,0.7185552,0.3195998,1.0
2015-06-30 00:00:00,0.17527218,0.3008736,0.5238542,2.0,0.2073186,0.3426959,0.5238542
2015-07-01 00:00:00,0.100757994,0.899242,3.1167404e-17,1.0,-0.13359918,0.100757994,0.899242
2015-07-02 00:00:00,0.051462058,0.94853747,4.887711e-07,1.0,-0.09274877,0.05146221,0.94853747
2015-07-03 00:00:00,0.043698754,0.35658678,0.59971446,2.0,0.37466016,0.23536739,0.59971446
2015-07-06 00:00:00,0.048161026,0.95183897,9.932763e-18,1.0,-0.09001368,0.048161026,0.95183897
2015-07-07 00:00:00,0.16210087,0.83789915,1.0227112e-24,1.0,-0.18443215,0.16210087,0.83789915
2015-07-08 00:00:00,0.061964057,0.93803596,8.3854715e-18,1.0,-0.10145183,0.061964057,0.93803596
2015-07-09 00:00:00,0.021736804,0.9782632,4.7826105e-12,1.0,-0.06811674,0.021736804,0.9782632
2015-07-10 00:00:00,0.013020032,0.9869672,1.2748496e-05,1.0,-0.060883615,0.013024106,0.9869672
2015-07-13 00:00:00,0.63125104,0.36874896,6.2776035e-26,0.0,-0.57320255,0.63125104,0.63125104
2015-07-14 00:00:00,0.1751529,0.8248471,1.3715254e-18,1.0,-0.19524796,0.1751529,0.8248471
2015-07-15 00:00:00,0.9995509,0.000449097,0.0,0.0,-0.8784014,0.9995509,0.9995509
2015-07-16 00:00:00,0.99999994,7.3305266e-08,0.0,0.0,-0.8787735,0.99999994,0.99999994
2015-07-17 00:00:00,1.0,2.524549e-11,0.0,0.0,-0.87877357,1.0,1.0
2015-07-20 00:00:00,1.0,2.973749e-10,0.0,0.0,-0.87877357,1.0,1.0
2015-07-21 00:00:00,0.16691315,0.83308685,2.6275409e-17,1.0,-0.18841995,0.16691315,0.83308685
2015-07-22 00:00:00,0.47976723,0.5202328,6.537447e-23,1.0,-0.44767258,0.47976723,0.5202328
2015-07-23 00:00:00,0.09734794,0.9026521,1.0924787e-14,1.0,-0.13077337,0.09734794,0.9026521
2015-07-24 00:00:00,0.048679594,0.9513204,1.1931023e-12,1.0,-0.0904434,0.048679594,0.9513204
2015-07-27 00:00:00,0.036949728,0.9630501,1.6300723e-07,1.0,-0.0807231,0.03694978,0.9630501
2015-07-28 00:00:00,0.039082974,0.9588476,0.0020694328,1.0,-0.08090029,0.039744366,0.9588476
2015-07-29 00:00:00,0.03556382,0.95457995,0.009856231,1.0,-0.07199868,0.03871387,0.95457995
2015-07-30 00:00:00,0.023055935,0.976944,1.4120955e-08,1.0,-0.06920985,0.023055939,0.976944
2015-07-31 00:00:00,0.022627123,0.97737265,2.5941551e-07,1.0,-0.06885432,0.022627205,0.97737265
2015-08-03 00:00:00,0.019302178,0.98064417,5.362811e-05,1.0,-0.06605802,0.019319318,0.98064417
2015-08-04 00:00:00,0.022830602,0.97716856,8.5377815e-07,1.0,-0.06902248,0.022830876,0.97716856
2015-08-05 00:00:00,0.030400576,0.9695994,1.8380597e-10,1.0,-0.07529614,0.030400576,0.9695994
2015-08-06 00:00:00,0.0234774,0.9765225,7.254661e-08,1.0,-0.06955906,0.023477424,0.9765225
2015-08-07 00:00:00,0.03759942,0.96240056,2.712533e-12,1.0,-0.081261605,0.03759942,0.96240056
2015-08-10 00:00:00,0.019793523,0.01117323,0.96903324,2.0,0.67835003,0.32949638,0.96903324
2015-08-11 00:00:00,0.02205847,0.004280362,0.9736612,2.0,0.6800304,0.3332404,0.9736612
2015-08-12 00:00:00,7.383853e-05,0.0,0.99992615,2.0,0.71843725,0.31965005,0.99992615
2015-08-13 00:00:00,3.7038006e-08,0.0,0.99999994,2.0,0.71855515,0.31959984,0.99999994
2015-08-14 00:00:00,1.31804905e-08,0.0,1.0,2.0,0.71855515,0.31959984,1.0
2015-08-17 00:00:00,3.9079728e-06,0.0,0.99999607,2.0,0.71854895,0.3196025,0.99999607
2015-08-18 00:00:00,0.051087324,1.2774453e-20,0.9489127,2.0,0.6369519,0.35435966,0.9489127
2015-08-19 00:00:00,0.00066014985,0.0,0.9993399,2.0,0.71750075,0.320049,0.9993399
2015-08-20 00:00:00,2.982647e-06,0.0,0.999997,2.0,0.71855044,0.31960183,0.999997
2015-08-21 00:00:00,1.0625382e-16,0.0,1.0,2.0,0.7185552,0.3195998,1.0
2015-08-24 00:00:00,1.3220345e-24,0.0,1.0,2.0,0.7185552,0.3195998,1.0
2015-08-25 00:00:00,2.594996e-24,0.0,1.0,2.0,0.7185552,0.3195998,1.0
2015-08-26 00:00:00,3.7348136e-14,0.0,1.0,2.0,0.7185552,0.3195998,1.0
2015-08-27 00:00:00,2.051062e-10,0.0,1.0,2.0,0.7185552,0.3195998,1.0
2015-08-28 00:00:00,7.05419e-05,0.0,0.9999295,2.0,0.7184425,0.31964782,0.9999295
2015-08-31 00:00:00,1.2275085e-08,0.0,1.0,2.0,0.71855515,0.31959984,1.0
2015-09-01 00:00:00,5.2792606e-18,0.0,1.0,2.0,0.7185552,0.3195998,1.0
2015-09-02 00:00:00,1.137885e-10,0.0,1.0,2.0,0.7185552,0.3195998,1.0
2015-09-03 00:00:00,6.249127e-05,0.0,0.99993753,2.0,0.7184554,0.31964234,0.99993753
2015-09-04 00:00:00,0.00019712557,0.0,0.9998029,2.0,0.7182403,0.31973395,0.9998029
2015-09-07 00:00:00,0.012418221,0.0,0.9875818,2.0,0.6987192,0.32804918,0.9875818
2015-09-08 00:00:00,0.0022585485,0.0,0.99774146,2.0,0.7149476,0.32113653,0.99774146
2015-09-09 00:00:00,0.6344614,1.7898749e-21,0.3655386,0.0,-0.29488826,0.75128746,0.6344614
2015-09-10 00:00:00,0.05447764,0.0,0.94552237,2.0,0.6315365,0.35666642,0.94552237
2015-09-11 00:00:00,5.874363e-06,0.0,0.9999941,2.0,0.7185458,0.3196038,0.9999941
2015-09-14 00:00:00,2.922131e-06,0.0,0.9999971,2.0,0.7185505,0.3196018,0.9999971
2015-09-15 00:00:00,1.1105938e-06,0.0,0.99999887,2.0,0.7185534,0.31960058,0.99999887
2015-09-16 00:00:00,0.0011432128,0.0,0.9988568,2.0,0.7167291,0.32037765,0.9988568
2015-09-17 00:00:00,0.0020010842,0.0,0.9979989,2.0,0.7153588,0.32096136,0.9979989
2015-09-18 00:00:00,0.77344644,0.22652236,3.121386e-05,0.0,-0.69101155,0.7734564,0.77344644
2015-09-21 00:00:00,0.99989253,0.0001074937,1.02343e-39,0.0,-0.8786845,0.99989253,0.99989253
2015-09-22 00:00:00,0.9999998,1.740436e-07,0.0,0.0,-0.87877345,0.9999998,0.9999998
2015-09-23 00:00:00,0.014585448,0.9854145,7.011617e-08,1.0,-0.062190574,0.014585471,0.9854145
2015-09-24 00:00:00,0.004453369,0.9886736,0.006872977,1.0,-0.048511505,0.006649971,0.9886736
2015-09-25 00:00:00,0.020080684,0.20652068,0.77339864,2.0,0.5277357,0.26725876,0.77339864
2015-09-28 00:00:00,0.0065545216,0.6158305,0.37761503,1.0,0.23472166,0.12724021,0.6158305
2015-09-29 00:00:00,0.0022494025,0.9589874,0.038763158,1.0,-0.02217246,0.014638101,0.9589874
2015-09-30 00:00:00,0.002186231,0.9580903,0.03972348,1.0,-0.021381954,0.014881847,0.9580903
2015-10-01 00:00:00,0.05238839,1.9495178e-11,0.94761163,2.0,0.6348737,0.35524487,0.94761163
2015-10-02 00:00:00,0.045079764,3.6700197e-08,0.9549202,2.0,0.646548,0.3502721,0.9549202
2015-10-05 00:00:00,0.026822919,0.0021832935,0.97099376,2.0,0.674032,0.33715236,0.97099376
2015-10-06 00:00:00,0.05105839,2.3114035e-09,0.9489416,2.0,0.6369982,0.35433996,0.9489416
2015-10-07 00:00:00,0.014578643,0.18855363,0.7968677,2.0,0.5503348,0.26925743,0.7968677
2015-10-08 00:00:00,0.0011353146,0.8337876,0.16507709,1.0,0.07584313,0.053893924,0.8337876
2015-10-09 00:00:00,0.017207434,0.13081214,0.85198045,2.0,0.5905193,0.2895002,0.85198045
2015-10-12 00:00:00,0.039268292,2.6515207e-05,0.9607052,2.0,0.6558104,0.34630948,0.9607052
2015-10-13 00:00:00,0.038253095,5.2261836e-30,0.96174693,2.0,0.6574524,0.34562722,0.96174693
2015-10-14 00:00:00,0.0014979932,0.0,0.998502,2.0,0.7161624,0.32061905,0.998502
2015-10-15 00:00:00,0.0035378258,0.92787147,0.06859072,1.0,-0.0003128999,0.025459409,0.92787147
2015-10-16 00:00:00,0.04004249,4.0099444e-06,0.9599535,2.0,0.6545911,0.34684345,0.9599535
2015-10-19 00:00:00,0.017440047,1e-45,0.98256,2.0,0.6906977,0.33146602,0.98256
2015-10-20 00:00:00,8.028282e-06,0.0,0.99999195,2.0,0.7185424,0.3196053,0.99999195
2015-10-21 00:00:00,0.005921326,0.0,0.9940787,2.0,0.7090969,0.3236287,0.9940787
2015-10-22 00:00:00,0.20558985,0.7943943,1.5864893e-05,1.0,-0.22045794,0.20559491,0.7943943
2015-10-23 00:00:00,0.13114052,0.86885947,2.264949e-13,1.0,-0.15877625,0.13114052,0.86885947
2015-10-26 00:00:00,0.13465355,0.86534643,3.279382e-12,1.0,-0.16168739,0.13465355,0.86534643
2015-10-27 00:00:00,0.15562859,0.8443714,4.6020818e-18,1.0,-0.17906877,0.15562859,0.8443714
2015-10-28 00:00:00,0.25136566,0.74863434,9.081747e-22,1.0,-0.25840315,0.25136566,0.74863434
2015-10-29 00:00:00,0.20106414,0.7989359,4.9003413e-16,1.0,-0.21671982,0.20106414,0.7989359
2015-10-30 00:00:00,0.20117205,0.79882795,2.0212007e-16,1.0,-0.21680926,0.20117205,0.79882795
2015-11-02 00:00:00,0.19445647,0.80554354,1.4903501e-13,1.0,-0.21124426,0.19445647,0.80554354
2015-11-03 00:00:00,0.5846495,0.41535053,1.9286387e-30,0.0,-0.5345853,0.5846495,0.5846495
2015-11-04 00:00:00,0.9919917,0.008008329,2.228e-42,0.0,-0.8721373,0.9919917,0.9919917
2015-11-05 00:00:00,0.99678826,0.0032117132,0.0,0.0,-0.8761121,0.99678826,0.99678826
2015-11-06 00:00:00,1.0,2.6372138e-15,0.0,0.0,-0.87877357,1.0,1.0
2015-11-09 00:00:00,1.0,4.545101e-14,0.0,0.0,-0.87877357,1.0,1.0
2015-11-10 00:00:00,1.0,7.211945e-18,0.0,0.0,-0.87877357,1.0,1.0
2015-11-11 00:00:00,1.0,9.088576e-19,0.0,0.0,-0.87877357,1.0,1.0
2015-11-12 00:00:00,0.9999999,9.505018e-08,0.0,0.0,-0.8787735,0.9999999,0.9999999
2015-11-13 00:00:00,1.0,1.9925934e-09,0.0,0.0,-0.87877357,1.0,1.0
2015-11-16 00:00:00,1.0,2.2867587e-16,0.0,0.0,-0.87877357,1.0,1.0
2015-11-17 00:00:00,1.0,1.7207308e-23,0.0,0.0,-0.87877357,1.0,1.0
2015-11-18 00:00:00,1.0,1.8820088e-21,0.0,0.0,-0.87877357,1.0,1.0
2015-11-19 00:00:00,0.9944888,0.0055112033,1.5727575e-35,0.0,-0.8742066,0.9944888,0.9944888
2015-11-20 00:00:00,0.998957,0.0010430252,6.157235e-39,0.0,-0.87790924,0.998957,0.998957
2015-11-23 00:00:00,0.9998968,0.00010319815,0.0,0.0,-0.87868804,0.9998968,0.9998968
2015-11-24 00:00:00,0.99808174,0.0019182421,4.3e-44,0.0,-0.877184,0.99808174,0.99808174
2015-11-25 00:00:00,0.81249434,0.18750565,8.0285043e-28,0.0,-0.7233934,0.81249434,0.81249434
2015-11-26 00:00:00,0.9885569,0.011443051,0.0,0.0,-0.86929107,0.9885569,0.9885569
2015-11-27 00:00:00,0.9970079,0.0029920773,0.0,0.0,-0.87629414,0.9970079,0.9970079
2015-11-30 00:00:00,0.9994779,0.0005220644,0.0,0.0,-0.87834096,0.9994779,0.9994779
2015-12-01 00:00:00,0.94530565,0.054694325,2.555592e-35,0.0,-0.8334501,0.94530565,0.94530565
2015-12-02 00:00:00,0.70782524,0.29217473,3.9262827e-21,0.0,-0.6366573,0.70782524,0.70782524
2015-12-03 00:00:00,0.83174753,1.5134179e-13,0.16825244,0.0,-0.6100191,0.885521,0.83174753
2015-12-04 00:00:00,0.0034625533,0.0,0.99653745,2.0,0.7130244,0.32195574,0.99653745
2015-12-07 00:00:00,0.33434218,9.154182e-27,0.6656578,2.0,0.18450083,0.5470863,0.6656578
2015-12-08 00:00:00,0.0012194789,0.0,0.99878055,2.0,0.7166073,0.32042956,0.99878055
2015-12-09 00:00:00,6.601348e-09,0.0,1.0,2.0,0.7185552,0.3195998,1.0
2015-12-10 00:00:00,0.009407946,0.0,0.99059206,2.0,0.7035276,0.326001,0.99059206
2015-12-11 00:00:00,8.2451896e-07,0.0,0.99999917,2.0,0.7185539,0.31960037,0.99999917
2015-12-14 00:00:00,3.1303942e-13,0.0,1.0,2.0,0.7185552,0.3195998,1.0
2015-12-15 00:00:00,4.00038e-12,0.0,1.0,2.0,0.7185552,0.3195998,1.0
2015-12-16 00:00:00,6.4087826e-06,0.0,0.99999356,2.0,0.71854496,0.3196042,0.99999356
2015-12-17 00:00:00,0.04313974,0.0,0.95686024,2.0,0.6496468,0.3489521,0.95686024
2015-12-18 00:00:00,1.9270705e-07,0.0,0.9999998,2.0,0.7185549,0.31959996,0.9999998
2015-12-21 00:00:00,8.754822e-11,0.0,1.0,2.0,0.7185552,0.3195998,1.0
2015-12-22 00:00:00,5.095144e-13,0.0,1.0,2.0,0.7185552,0.3195998,1.0
2015-12-23 00:00:00,2.8753097e-11,0.0,1.0,2.0,0.7185552,0.3195998,1.0
2015-12-24 00:00:00,2.7357736e-17,0.0,1.0,2.0,0.7185552,0.3195998,1.0
2015-12-25 00:00:00,1.4248074e-18,0.0,1.0,2.0,0.7185552,0.3195998,1.0
2015-12-28 00:00:00,5.3515026e-22,0.0,1.0,2.0,0.7185552,0.3195998,1.0
2015-12-29 00:00:00,2.2656909e-12,0.0,1.0,2.0,0.7185552,0.3195998,1.0
2015-12-30 00:00:00,1.7319821e-14,0.0,1.0,2.0,0.7185552,0.3195998,1.0
2015-12-31 00:00:00,0.0007439076,0.97770923,0.021546837,1.0,-0.03415839,0.007630273,0.97770923
2016-01-01 00:00:00,0.00039053836,0.9141612,0.08544828,1.0,0.015252877,0.027699793,0.9141612
2016-01-04 00:00:00,0.00026096374,0.8942742,0.10546485,1.0,0.030746179,0.033967514,0.8942742
2016-01-05 00:00:00,0.0038521118,0.99614745,4.3540373e-07,1.0,-0.053295903,0.003852251,0.99614745
2016-01-06 00:00:00,0.067695566,0.93230444,2.8379134e-17,1.0,-0.10620136,0.067695566,0.93230444
2016-01-07 00:00:00,0.0005454708,0.9048421,0.09461246,1.0,0.022168618,0.030783594,0.9048421
2016-01-08 00:00:00,0.0011503786,0.9908384,0.008011195,1.0,-0.044899516,0.003710755,0.9908384
2016-01-11 00:00:00,0.004665003,0.99533445,5.64785e-07,1.0,-0.053969424,0.0046651834,0.99533445
2016-01-12 00:00:00,0.0020128146,0.99750984,0.0004773464,1.0,-0.051405154,0.0021653746,0.99750984
2016-01-13 00:00:00,0.0015833689,0.7614591,0.23695749,1.0,0.13072339,0.07731494,0.7614591
2016-01-14 00:00:00,0.0023822174,0.68679076,0.31082702,1.0,0.1868419,0.10172248,0.68679076
2016-01-15 00:00:00,0.035891224,2.87438e-06,0.9641059,2.0,0.66122293,0.3440193,0.9641059
2016-01-18 00:00:00,0.00056220184,0.8994894,0.099948384,1.0,0.026256261,0.032505687,0.8994894
2016-01-19 00:00:00,0.00078171695,0.9479199,0.051298372,1.0,-0.011320926,0.017176667,0.9479199
2016-01-20 00:00:00,0.00073442695,0.9338085,0.06545705,1.0,-0.00039853333,0.02165449,0.9338085
2016-01-21 00:00:00,0.003636077,0.9963296,3.4345707e-05,1.0,-0.05309082,0.0036470538,0.9963296
2016-01-22 00:00:00,0.011355672,0.9886443,3.3631486e-10,1.0,-0.05951421,0.011355672,0.9886443
2016-01-25 00:00:00,0.0035048965,0.9964892,5.896636e-06,1.0,-0.053003978,0.003506781,0.9964892
2016-01-26 00:00:00,0.0011904781,0.9901839,0.008625649,1.0,-0.04446044,0.003947234,0.9901839
2016-01-27 00:00:00,0.0007369643,0.936108,0.06315505,1.0,-0.0021700982,0.020921305,0.936108
2016-01-28 00:00:00,0.049370885,1.655558e-14,0.9506291,2.0,0.6396937,0.35319176,0.9506291
2016-01-29 00:00:00,0.0012677975,0.92707294,0.07165926,1.0,0.00392686,0.024170084,0.92707294
2016-02-01 00:00:00,0.058560755,3.9446402e-14,0.9414393,2.0,0.6250144,0.35944456,0.9414393
2016-02-02 00:00:00,0.0020089594,0.0,0.997991,2.0,0.7153462,0.32096672,0.997991
2016-02-03 00:00:00,1.10595795e-11,0.0,1.0,2.0,0.7185552,0.3195998,1.0
2016-02-04 00:00:00,1.8274347e-08,0.0,1.0,2.0,0.71855515,0.31959984,1.0
2016-02-05 00:00:00,5.0648705e-06,0.0,0.99999493,2.0,0.7185471,0.31960326,0.99999493
2016-02-08 00:00:00,1.1349677e-12,0.0,1.0,2.0,0.7185552,0.3195998,1.0
2016-02-09 00:00:00,5.925713e-22,0.0,1.0,2.0,0.7185552,0.3195998,1.0
2016-02-10 00:00:00,4.1124223e-18,0.0,1.0,2.0,0.7185552,0.3195998,1.0
2016-02-11 00:00:00,3.112246e-24,0.0,1.0,2.0,0.7185552,0.3195998,1.0
2016-02-12 00:00:00,6.5588247e-13,0.0,1.0,2.0,0.7185552,0.3195998,1.0
2016-02-15 00:00:00,7.634495e-09,0.0,1.0,2.0,0.7185552,0.31959984,1.0
2016-02-16 00:00:00,5.654315e-06,0.0,0.99999434,2.0,0.71854615,0.31960365,0.99999434
2016-02-17 00:00:00,1.0924698e-06,0.0,0.9999989,2.0,0.7185534,0.31960055,0.9999989
2016-02-18 00:00:00,6.3200156e-07,0.0,0.99999934,2.0,0.7185542,0.31960025,0.99999934
2016-02-19 00:00:00,2.9866856e-12,0.0,1.0,2.0,0.7185552,0.3195998,1.0
2016-02-22 00:00:00,0.0011139673,0.0,0.99888605,2.0,0.71677583,0.32035777,0.99888605
2016-02-23 00:00:00,0.0025082785,0.0,0.9974917,2.0,0.71454865,0.32130644,0.9974917
2016-02-24 00:00:00,0.036967084,1.6119456e-35,0.9630329,2.0,0.6595066,0.34475222,0.9630329
2016-02-25 00:00:00,0.077336624,9.09567e-24,0.9226634,2.0,0.59502316,0.37221968,0.9226634
2016-02-26 00:00:00,0.049686473,4.102931e-30,0.9503135,2.0,0.63918954,0.3534065,0.9503135
2016-02-29 00:00:00,0.018865895,0.6611365,0.3199976,1.0,0.18023144,0.12113707,0.6611365
2016-03-01 00:00:00,0.018681886,0.9431826,0.038135547,1.0,-0.036271974,0.03087,0.9431826
2016-03-02 00:00:00,0.043288972,0.95671105,2.6811708e-16,1.0,-0.08597636,0.043288972,0.95671105
2016-03-03 00:00:00,0.108644746,0.8913553,2.6125958e-20,1.0,-0.14013469,0.108644746,0.8913553
2016-03-04 00:00:00,0.0064979536,0.993502,2.5743695e-08,1.0,-0.055488747,0.006497962,0.993502
2016-03-07 00:00:00,0.013050327,0.9869497,1.1698538e-10,1.0,-0.060918517,0.013050327,0.9869497
2016-03-08 00:00:00,0.85624367,0.14375634,2.3339107e-27,0.0,-0.7596471,0.85624367,0.85624367
2016-03-09 00:00:00,0.84301686,0.1569831,5.6427683e-29,0.0,-0.7486865,0.84301686,0.84301686
2016-03-10 00:00:00,0.024220638,0.97577935,3.7387245e-08,1.0,-0.070174985,0.02422065,0.97577935
2016-03-11 00:00:00,0.017072216,0.982916,1.1809409e-05,1.0,-0.06424226,0.017075991,0.982916
2016-03-14 00:00:00,0.008725333,0.98991346,0.0013612125,1.0,-0.05628822,0.009160376,0.98991346
2016-03-15 00:00:00,0.0044608833,0.9376101,0.057929046,1.0,-0.009273008,0.022974996,0.9376101
2016-03-16 00:00:00,0.055146027,2.7772208e-28,0.94485396,2.0,0.63046885,0.3571212,0.94485396
2016-03-17 00:00:00,2.3738654e-05,0.0,0.9999763,2.0,0.7185173,0.31961596,0.9999763
2016-03-18 00:00:00,0.009055083,0.0,0.9909449,2.0,0.70409125,0.3257609,0.9909449
2016-03-21 00:00:00,1.5697333e-05,0.0,0.9999843,2.0,0.7185301,0.3196105,0.9999843
2016-03-22 00:00:00,6.553899e-05,0.0,0.99993443,2.0,0.7184505,0.31964442,0.99993443
2016-03-23 00:00:00,0.0016858868,0.0,0.99831414,2.0,0.7158623,0.3207469,0.99831414
2016-03-24 00:00:00,0.007948219,0.0,0.9920518,2.0,0.7058593,0.3250078,0.9920518
2016-03-25 00:00:00,3.7764895e-07,0.0,0.99999964,2.0,0.7185546,0.31960008,0.99999964
2016-03-28 00:00:00,5.5944436e-13,0.0,1.0,2.0,0.7185552,0.3195998,1.0
2016-03-29 00:00:00,1.943886e-21,0.0,1.0,2.0,0.7185552,0.3195998,1.0
2016-03-30 00:00:00,3.143257e-26,0.0,1.0,2.0,0.7185552,0.3195998,1.0
2016-03-31 00:00:00,3.7409207e-23,0.0,1.0,2.0,0.7185552,0.3195998,1.0
2016-04-01 00:00:00,3.2833412e-19,0.0,1.0,2.0,0.7185552,0.3195998,1.0
2016-04-04 00:00:00,1.3369815e-17,0.0,1.0,2.0,0.7185552,0.3195998,1.0
2016-04-05 00:00:00,2.270252e-18,0.0,1.0,2.0,0.7185552,0.3195998,1.0
2016-04-06 00:00:00,5.824579e-22,0.0,1.0,2.0,0.7185552,0.3195998,1.0
2016-04-07 00:00:00,0.00037567393,0.0,0.9996243,2.0,0.7179551,0.31985542,0.9996243
2016-04-08 00:00:00,2.595644e-07,0.0,0.99999976,2.0,0.7185548,0.3196,0.99999976
2016-04-11 00:00:00,1.4537255e-12,0.0,1.0,2.0,0.7185552,0.3195998,1.0
2016-04-12 00:00:00,2.5665263e-09,0.0,1.0,2.0,0.7185552,0.3195998,1.0
2016-04-13 00:00:00,0.038393885,2.5450695e-09,0.9616061,2.0,0.6572275,0.34572303,0.9616061
2016-04-14 00:00:00,0.0011627877,0.6486871,0.3501501,1.0,0.21807845,0.1130707,0.6486871
2016-04-15 00:00:00,0.0004744727,0.7688396,0.23068593,1.0,0.12682159,0.07420165,0.7688396
2016-04-18 00:00:00,0.043374106,8.579073e-13,0.9566259,2.0,0.6492725,0.34911156,0.9566259
2016-04-19 00:00:00,0.016169105,0.0,0.98383087,2.0,0.6927278,0.33060127,0.98383087
2016-04-20 00:00:00,0.028078202,6.9088e-41,0.9719218,2.0,0.6737051,0.33870423,0.9719218
2016-04-21 00:00:00,0.026804274,9.135e-42,0.97319573,2.0,0.67573994,0.33783746,0.97319573
2016-04-22 00:00:00,0.026687553,4.073566e-06,0.9733084,2.0,0.6759233,0.33775672,0.9733084
2016-04-25 00:00:00,0.03598823,5.339924e-09,0.9640118,2.0,0.66107017,0.34408623,0.9640118
2016-04-26 00:00:00,8.7819215e-05,0.9027185,0.09719369,1.0,0.024531947,0.031150904,0.9027185
2016-04-27 00:00:00,9.613485e-05,0.76497585,0.23492804,1.0,0.13039586,0.07517909,0.76497585
2016-04-28 00:00:00,0.000113028604,0.7376482,0.2622388,1.0,0.15137452,0.0839245,0.7376482
2016-04-29 00:00:00,0.025169658,1.0046149e-05,0.9748203,2.0,0.67834324,0.33672205,0.9748203
2016-05-02 00:00:00,0.021572577,7.4e-44,0.9784274,2.0,0.6840967,0.3342778,0.9784274
2016-05-03 00:00:00,0.037194327,5.6712882e-33,0.9628057,2.0,0.6591436,0.34490684,0.9628057
2016-05-04 00:00:00,0.050552994,3.1804873e-18,0.94944704,2.0,0.63780546,0.35399607,0.94944704
2016-05-05 00:00:00,0.01448396,0.019917106,0.96559894,2.0,0.6801101,0.3230892,0.96559894
2016-05-06 00:00:00,0.0008300586,0.7654006,0.23376939,1.0,0.12889706,0.07554271,0.7654006
2016-05-09 00:00:00,0.0006190508,0.801833,0.19754796,1.0,0.10122998,0.06375534,0.801833
2016-05-10 00:00:00,0.00038384506,0.79530627,0.2043099,1.0,0.10662251,0.06568125,0.79530627
2016-05-11 00:00:00,0.0148759885,0.0,0.985124,2.0,0.69479334,0.32972145,0.985124
2016-05-12 00:00:00,0.046580244,1.4232199e-26,0.95341974,2.0,0.6441512,0.35129303,0.95341974
2016-05-13 00:00:00,0.006157086,0.2952387,0.6986042,2.0,0.48178235,0.22943087,0.6986042
2016-05-16 00:00:00,0.00023547554,0.8938962,0.105868295,1.0,0.031077407,0.03407096,0.8938962
2016-05-17 00:00:00,0.00030392586,0.91459286,0.085103236,1.0,0.015059426,0.027502904,0.91459286
2016-05-18 00:00:00,0.0009486404,0.99466276,0.004388583,1.0,-0.047516897,0.0023512307,0.99466276
2016-05-19 00:00:00,0.0010276771,0.9964051,0.002567205,1.0,-0.04898241,0.0018481554,0.9964051
2016-05-20 00:00:00,0.00012556942,0.89294213,0.106932275,1.0,0.031986322,0.034301106,0.89294213
2016-05-23 00:00:00,0.00036312948,0.9562852,0.043351706,1.0,-0.017082334,0.014218328,0.9562852
2016-05-24 00:00:00,0.006827322,0.99317265,2.0535081e-08,1.0,-0.055761687,0.0068273284,0.99317265
2016-05-25 00:00:00,0.010337907,0.9896621,1.8413763e-09,1.0,-0.05867082,0.010337908,0.9896621
2016-05-26 00:00:00,0.0081850095,0.991815,7.202433e-09,1.0,-0.056886774,0.008185011,0.991815
2016-05-27 00:00:00,0.83209825,0.16790174,4.8574205e-34,0.0,-0.7396385,0.83209825,0.83209825
2016-05-30 00:00:00,0.99781466,0.002185343,7e-45,0.0,-0.87696266,0.99781466,0.99781466
2016-05-31 00:00:00,0.998111,0.0018889712,2.63e-43,0.0,-0.87720823,0.998111,0.998111
2016-06-01 00:00:00,0.60200673,0.39799324,1.5247972e-27,0.0,-0.54896873,0.60200673,0.60200673
2016-06-02 00:00:00,0.3743028,0.6256972,6.533499e-19,1.0,-0.3602774,0.3743028,0.6256972
2016-06-03 00:00:00,0.009929546,0.946489,0.04358147,1.0,-0.024833119,0.023858177,0.946489
2016-06-06 00:00:00,0.0077924654,0.8339489,0.15825863,1.0,0.065085486,0.058371898,0.8339489
2016-06-07 00:00:00,0.0075418307,0.8122986,0.18015955,1.0,0.08212752,0.065120794,0.8122986
2016-06-08 00:00:00,0.007909759,0.839392,0.15269822,1.0,0.060714215,0.05671208,0.839392
2016-06-09 00:00:00,0.019782184,0.9751372,0.0050806664,1.0,-0.0625917,0.021405963,0.9751372
2016-06-10 00:00:00,0.018227238,0.9752968,0.006475947,1.0,-0.060230672,0.02029695,0.9752968
2016-06-13 00:00:00,0.01648559,0.852462,0.1310524,1.0,0.03696944,0.058369916,0.852462
2016-06-14 00:00:00,0.021917626,0.9780595,2.2911758e-05,1.0,-0.068248965,0.021924948,0.9780595
2016-06-15 00:00:00,0.0834075,5.2215216e-07,0.916592,2.0,0.5853256,0.37635013,0.916592
2016-06-16 00:00:00,0.08973159,1.2293875e-14,0.9102684,2.0,0.57522434,0.3806532,0.9102684
2016-06-17 00:00:00,0.09083874,1.1974986e-10,0.90916127,2.0,0.57345587,0.38140652,0.90916127
2016-06-20 00:00:00,0.04296194,3.401148e-32,0.95703804,2.0,0.64993083,0.34883112,0.95703804
2016-06-21 00:00:00,0.034600697,2.496584e-35,0.9653993,2.0,0.6632865,0.34314215,0.9653993
2016-06-22 00:00:00,0.0016729741,0.0,0.998327,2.0,0.7158829,0.3207381,0.998327
2016-06-23 00:00:00,0.009859898,0.0,0.9901401,2.0,0.7028057,0.3263085,0.9901401
2016-06-24 00:00:00,0.5261794,0.008868511,0.4649521,0.0,-0.12874313,0.674778,0.5261794
2016-06-27 00:00:00,0.4457795,0.5542205,3.58671e-09,1.0,-0.41950798,0.4457795,0.5542205
2016-06-28 00:00:00,0.94272083,0.05606437,0.0012148238,0.0,-0.8303743,0.94310904,0.94272083
2016-06-29 00:00:00,0.9169482,0.08254773,0.0005040613,0.0,-0.80956364,0.9171093,0.9169482
2016-06-30 00:00:00,0.95646155,0.03926919,0.004269277,0.0,-0.839413,0.957826,0.95646155
2016-07-01 00:00:00,0.0734378,0.9265622,6.7039634e-17,1.0,-0.110959776,0.0734378,0.9265622
2016-07-04 00:00:00,0.06527374,0.93472624,4.175458e-16,1.0,-0.10419446,0.06527374,0.93472624
2016-07-05 00:00:00,0.52691954,0.47308046,6.2916203e-25,0.0,-0.48674625,0.52691954,0.52691954
2016-07-06 00:00:00,0.6102097,0.38979033,5.2772418e-27,0.0,-0.5557662,0.6102097,0.6102097
2016-07-07 00:00:00,0.12252014,0.87747985,2.3652718e-19,1.0,-0.15163282,0.12252014,0.87747985
2016-07-08 00:00:00,0.05202885,0.94797117,3.3592988e-14,1.0,-0.09321883,0.05202885,0.94797117
2016-07-11 00:00:00,0.09087776,0.9091222,3.350677e-18,1.0,-0.12541173,0.09087776,0.9091222
2016-07-12 00:00:00,0.044808723,0.95519125,2.164865e-09,1.0,-0.08723573,0.044808723,0.95519125
2016-07-13 00:00:00,0.056437355,0.9435626,5.751604e-11,1.0,-0.096872024,0.056437355,0.9435626
2016-07-14 00:00:00,0.050668873,0.9493311,1.3047977e-10,1.0,-0.09209186,0.050668873,0.9493311
2016-07-15 00:00:00,0.10612843,0.89387155,7.60677e-20,1.0,-0.1380495,0.10612843,0.89387155
2016-07-18 00:00:00,0.12999405,0.87000597,1.6483665e-21,1.0,-0.15782622,0.12999405,0.87000597
2016-07-19 00:00:00,0.1043055,0.8956945,3.0717218e-19,1.0,-0.1365389,0.1043055,0.8956945
2016-07-20 00:00:00,0.47482166,0.5251783,5.5100175e-32,1.0,-0.44357434,0.47482166,0.5251783
2016-07-21 00:00:00,0.4064124,0.5935876,2.294454e-30,1.0,-0.38688567,0.4064124,0.5935876
2016-07-22 00:00:00,0.006941665,0.99305487,3.4790235e-06,1.0,-0.055853784,0.006942777,0.99305487
2016-07-25 00:00:00,0.00015361178,0.72143966,0.2784067,1.0,0.1637685,0.089132346,0.72143966
2016-07-26 00:00:00,0.0020414104,0.9902118,0.0077468227,1.0,-0.045841098,0.0045172935,0.9902118
2016-07-27 00:00:00,0.0003769236,0.91897154,0.08065156,1.0,0.011577116,0.026153147,0.91897154
2016-07-28 00:00:00,0.00010047549,0.8056337,0.19426581,1.0,0.09913685,0.06218779,0.8056337
2016-07-29 00:00:00,0.010077505,0.071373016,0.9185495,2.0,0.6475966,0.30364576,0.9185495
2016-08-01 00:00:00,0.0011783184,0.7595199,0.23930183,1.0,0.13286103,0.07765914,0.7595199
2016-08-02 00:00:00,0.004510045,0.0,0.99548995,2.0,0.71135116,0.32266846,0.99548995
2016-08-03 00:00:00,0.025462538,7.222276e-06,0.9745302,2.0,0.6778776,0.33692223,0.9745302
2016-08-04 00:00:00,0.041975856,3.579892e-12,0.95802414,2.0,0.65150595,0.3481602,0.95802414
2016-08-05 00:00:00,0.0118803885,0.038188305,0.9499313,2.0,0.6702245,0.31547827,0.9499313
2016-08-08 00:00:00,0.0036039776,0.4956758,0.5007202,2.0,0.33179265,0.16363408,0.5007202
2016-08-09 00:00:00,0.029613612,1.0270339e-06,0.9703854,2.0,0.6712517,0.3397486,0.9703854
2016-08-10 00:00:00,0.05051782,3.7912508e-19,0.9494822,2.0,0.6378616,0.35397214,0.9494822
2016-08-11 00:00:00,0.008587131,0.17508289,0.81632996,2.0,0.57025963,0.26948604,0.81632996
2016-08-12 00:00:00,0.027160369,3.1567e-41,0.97283965,2.0,0.67517114,0.33807975,0.97283965
2016-08-15 00:00:00,0.04060467,9.0029543e-32,0.95939535,2.0,0.6536962,0.34722725,0.95939535
2016-08-16 00:00:00,5.197844e-08,0.0,0.99999994,2.0,0.7185551,0.31959987,0.99999994
2016-08-17 00:00:00,3.440498e-09,0.0,1.0,2.0,0.7185552,0.3195998,1.0
2016-08-18 00:00:00,2.5054535e-11,0.0,1.0,2.0,0.7185552,0.3195998,1.0
2016-08-19 00:00:00,8.721917e-15,0.0,1.0,2.0,0.7185552,0.3195998,1.0
2016-08-22 00:00:00,5.25564e-13,0.0,1.0,2.0,0.7185552,0.3195998,1.0
2016-08-23 00:00:00,1.37742595e-11,0.0,1.0,2.0,0.7185552,0.3195998,1.0
2016-08-24 00:00:00,0.00039738909,0.0,0.9996026,2.0,0.7179204,0.3198702,0.9996026
2016-08-25 00:00:00,0.00016661255,0.0,0.9998334,2.0,0.7182891,0.31971318,0.9998334
2016-08-26 00:00:00,0.0010188207,0.78731084,0.21167032,1.0,0.11175399,0.06866862,0.78731084
2016-08-29 00:00:00,0.0012851064,0.7555353,0.2431796,1.0,0.13575323,0.079005264,0.7555353
2016-08-30 00:00:00,0.00039900653,0.97595847,0.023642538,1.0,-0.0322617,0.007955157,0.97595847
2016-08-31 00:00:00,6.2436164e-05,0.9367381,0.06319947,1.0,-0.001576991,0.020260975,0.9367381
2016-09-01 00:00:00,0.033847727,6.4240574e-08,0.9661522,2.0,0.6644892,0.3426298,0.9661522
2016-09-02 00:00:00,0.03724314,6.1228778e-09,0.9627569,2.0,0.65906566,0.34494007,0.9627569
2016-09-05 00:00:00,0.03578525,2.2305361e-08,0.96421474,2.0,0.66139436,0.3439481,0.96421474
2016-09-06 00:00:00,0.02885852,3.6238e-39,0.97114146,2.0,0.67245865,0.33923516,0.97114146
2016-09-07 00:00:00,0.024694271,2.5109242e-05,0.97528064,2.0,0.67909104,0.33639377,0.97528064
2016-09-08 00:00:00,0.023740787,1.37e-43,0.97625923,2.0,0.68063337,0.33575305,0.97625923
2016-09-09 00:00:00,0.038584564,6.276638e-10,0.9614154,2.0,0.65692294,0.34585276,0.9614154
2016-09-12 00:00:00,0.03003658,4.8392616e-07,0.96996295,2.0,0.6705765,0.34003657,0.96996295
2016-09-13 00:00:00,0.00021626745,0.9430555,0.05672825,1.0,-0.006678627,0.018346606,0.9430555
2016-09-14 00:00:00,0.00019387393,0.93159103,0.068215095,1.0,0.0021694,0.021995407,0.93159103
2016-09-15 00:00:00,0.0024595833,0.9964716,0.0010688044,1.0,-0.051320747,0.0028011731,0.9964716
2016-09-16 00:00:00,0.054785363,0.9452146,4.978093e-09,1.0,-0.09550307,0.054785367,0.9452146
2016-09-19 00:00:00,0.009338944,0.9906598,1.2924032e-06,1.0,-0.057842016,0.009339357,0.9906598
2016-09-20 00:00:00,0.011895545,0.9881042,2.5517892e-07,1.0,-0.05996139,0.011895626,0.9881042
2016-09-21 00:00:00,0.00045311617,0.9848323,0.014714625,1.0,-0.039169062,0.0051559075,0.9848323
2016-09-22 00:00:00,0.00059373904,0.99135697,0.008049312,1.0,-0.044408947,0.003166298,0.99135697
2016-09-23 00:00:00,0.0018049554,0.69149214,0.30670294,1.0,0.18415025,0.099827155,0.69149214
2016-09-26 00:00:00,0.030199751,5.623303e-07,0.9697997,2.0,0.67031586,0.34014755,0.9697997
2016-09-27 00:00:00,0.039044645,1.1219005e-09,0.9609554,2.0,0.6561881,0.3461658,0.9609554
2016-09-28 00:00:00,0.03936419,9.735567e-10,0.9606358,2.0,0.6556776,0.3463832,0.9606358
2016-09-29 00:00:00,0.0001206987,0.9502078,0.04967148,1.0,-0.012023686,0.015995694,0.9502078
2016-09-30 00:00:00,0.05728864,7.2726705e-21,0.94271135,2.0,0.6270464,0.358579,0.94271135
2016-10-03 00:00:00,0.03098494,5.438323e-07,0.9690145,2.0,0.66906166,0.3406818,0.9690145
2016-10-04 00:00:00,7.204556e-05,0.78802305,0.21190493,1.0,0.11271888,0.06779682,0.78802305
2016-10-05 00:00:00,6.272953e-05,0.7634742,0.23646303,1.0,0.13160342,0.07563627,0.7634742
2016-10-06 00:00:00,0.1857475,0.8141674,8.513772e-05,1.0,-0.20396195,0.18577471,0.8141674
2016-10-07 00:00:00,6.852238e-05,0.813664,0.18626745,1.0,0.09301531,0.059599563,0.813664
2016-10-10 00:00:00,0.0017135151,0.997019,0.0012674632,1.0,-0.0505498,0.002118596,0.997019
2016-10-11 00:00:00,0.030861747,0.96913826,1.6222655e-08,1.0,-0.07567829,0.030861752,0.96913826
2016-10-12 00:00:00,0.63070256,0.36929742,9.4276405e-18,0.0,-0.57274806,0.63070256,0.63070256
2016-10-13 00:00:00,0.060324278,0.93967575,3.0630808e-12,1.0,-0.100093,0.060324278,0.93967575
2016-10-14 00:00:00,0.04915011,0.9508499,7.7725375e-11,1.0,-0.09083331,0.04915011,0.9508499
2016-10-17 00:00:00,0.019096622,0.9809033,2.0014069e-08,1.0,-0.065928884,0.01909663,0.9809033
2016-10-18 00:00:00,0.03264312,0.96735686,1.4645428e-09,1.0,-0.077154465,0.03264312,0.96735686
2016-10-19 00:00:00,0.36134112,0.6386589,3.4054228e-14,1.0,-0.34953648,0.36134112,0.6386589
2016-10-20 00:00:00,0.8938744,0.10612561,2.5310446e-24,0.0,-0.79083055,0.8938744,0.8938744
2016-10-21 00:00:00,0.9917035,0.008296503,2.6266102e-36,0.0,-0.87189853,0.9917035,0.9917035
2016-10-24 00:00:00,0.999553,0.00044699677,1e-45,0.0,-0.8784032,0.999553,0.999553
2016-10-25 00:00:00,0.99901253,0.0009874833,9.154604e-36,0.0,-0.87795526,0.99901253,0.99901253
2016-10-26 00:00:00,0.99390614,0.0060938797,4.780006e-31,0.0,-0.87372375,0.99390614,0.99390614
2016-10-27 00:00:00,0.9946298,0.005370201,2.2220846e-32,0.0,-0.8743234,0.9946298,0.9946298
2016-10-28 00:00:00,0.6598606,0.3401394,6.7688045e-19,0.0,-0.5969105,0.6598606,0.6598606
2016-10-31 00:00:00,0.5141698,0.4858302,1.05800285e-16,0.0,-0.47618094,0.5141698,0.5141698
2016-11-01 00:00:00,0.030601652,0.9693978,5.920061e-07,1.0,-0.07546231,0.030601842,0.9693978
2016-11-02 00:00:00,0.008500981,0.9910144,0.0004845824,1.0,-0.056776136,0.008655854,0.9910144
2016-11-03 00:00:00,0.0012912088,0.83770233,0.16100645,1.0,0.07258501,0.05274884,0.83770233
2016-11-04 00:00:00,0.0015184432,0.94111025,0.057371315,1.0,-0.0072634052,0.019854305,0.94111025
2016-11-07 00:00:00,0.0025198997,0.99533314,0.0021469616,1.0,-0.050541993,0.0032060684,0.99533314
2016-11-08 00:00:00,0.00047103385,0.89365524,0.10587375,1.0,0.030886399,0.034308266,0.89365524
2016-11-09 00:00:00,0.002290753,0.99615705,0.0015522144,1.0,-0.050809264,0.0027868403,0.99615705
2016-11-10 00:00:00,0.009954049,0.9900459,2.0140964e-08,1.0,-0.058352713,0.009954056,0.9900459
2016-11-11 00:00:00,0.002871244,0.99701476,0.000114024006,1.0,-0.05239578,0.002907686,0.99701476
2016-11-14 00:00:00,0.12561022,0.87438977,1.2076571e-21,1.0,-0.15419346,0.12561022,0.87438977
2016-11-15 00:00:00,0.07612765,0.92387235,9.9860785e-20,1.0,-0.11318877,0.07612765,0.92387235
2016-11-16 00:00:00,0.12202251,0.8779775,5.8880846e-22,1.0,-0.15122044,0.12202251,0.8779775
2016-11-17 00:00:00,0.42706433,0.57293564,4.811989e-28,1.0,-0.4039993,0.42706433,0.57293564
2016-11-18 00:00:00,0.33288807,0.66711193,1.0428565e-26,1.0,-0.32595828,0.33288807,0.66711193
2016-11-21 00:00:00,0.062319506,0.9376805,4.4779436e-17,1.0,-0.10174638,0.062319506,0.9376805
2016-11-22 00:00:00,0.10029284,0.89970714,1.3389e-19,1.0,-0.13321373,0.10029284,0.89970714
2016-11-23 00:00:00,0.9877241,0.012275869,2.1276432e-38,0.0,-0.86860096,0.9877241,0.9877241
2016-11-24 00:00:00,0.9336155,0.06638451,2.5336006e-32,0.0,-0.8237628,0.9336155,0.9336155
2016-11-25 00:00:00,0.98636645,0.01363354,2.93e-43,0.0,-0.86747587,0.98636645,0.98636645
2016-11-28 00:00:00,0.906541,0.093458995,1.9848023e-35,0.0,-0.801327,0.906541,0.906541
2016-11-29 00:00:00,0.979465,0.020535003,0.0,0.0,-0.86175686,0.979465,0.979465
2016-11-30 00:00:00,0.9999671,3.2879896e-05,0.0,0.0,-0.87874633,0.9999671,0.9999671
2016-12-01 00:00:00,0.99975264,0.00024735281,0.0,0.0,-0.8785686,0.99975264,0.99975264
2016-12-02 00:00:00,0.9998651,0.00013488495,0.0,0.0,-0.8786618,0.9998651,0.9998651
2016-12-05 00:00:00,0.2881852,0.71181476,6.127767e-25,1.0,-0.2889144,0.2881852,0.71181476
2016-12-06 00:00:00,0.3816749,0.6183251,6.3602607e-26,1.0,-0.36638644,0.3816749,0.6183251
2016-12-07 00:00:00,0.0068642553,0.99313575,8.5270635e-09,1.0,-0.055792306,0.006864258,0.99313575
2016-12-08 00:00:00,0.22400188,0.7759981,1.3360417e-21,1.0,-0.23572762,0.22400188,0.7759981
2016-12-09 00:00:00,0.66913724,0.33086276,6.0119706e-26,0.0,-0.6045977,0.66913724,0.66913724
2016-12-12 00:00:00,0.004946998,0.9950027,5.0333652e-05,1.0,-0.05416485,0.0049630846,0.9950027
2016-12-13 00:00:00,0.004713312,0.995163,0.00012366439,1.0,-0.053914834,0.004752835,0.995163
2016-12-14 00:00:00,0.050855745,0.94914424,7.3017265e-13,1.0,-0.09224671,0.050855745,0.94914424
2016-12-15 00:00:00,0.0794307,0.9205693,3.285767e-14,1.0,-0.11592591,0.0794307,0.9205693
2016-12-16 00:00:00,0.015819933,0.98418003,5.6193876e-08,1.0,-0.063213564,0.01581995,0.98418003
2016-12-19 00:00:00,0.23873685,0.76126313,1.5997253e-17,1.0,-0.24793805,0.23873685,0.76126313
2016-12-20 00:00:00,0.34520647,0.65479356,2.4505513e-18,1.0,-0.33616617,0.34520647,0.65479356
2016-12-21 00:00:00,0.010129075,0.9898679,2.976184e-06,1.0,-0.058495477,0.010130025,0.9898679
2016-12-22 00:00:00,0.010886815,0.9891122,9.847294e-07,1.0,-0.059124928,0.01088713,0.9891122
2016-12-23 00:00:00,0.01382679,0.9861732,2.230436e-08,1.0,-0.061561935,0.013826798,0.9861732
2016-12-26 00:00:00,0.019859804,0.9801402,2.2347367e-10,1.0,-0.06656133,0.019859804,0.9801402
2016-12-27 00:00:00,0.029774625,0.9702254,1.1436187e-12,1.0,-0.07477743,0.029774625,0.9702254
2016-12-28 00:00:00,0.025117371,0.9748826,1.1440378e-11,1.0,-0.07091811,0.025117371,0.9748826
2016-12-29 00:00:00,0.0401305,0.95984805,2.1446667e-05,1.0,-0.083342545,0.040137354,0.95984805
2016-12-30 00:00:00,0.03587623,0.9641238,1.0968418e-09,1.0,-0.07983365,0.03587623,0.9641238
2017-01-02 00:00:00,0.7386346,0.26136538,4.0671187e-28,0.0,-0.66218805,0.7386346,0.7386346
2017-01-03 00:00:00,0.790302,0.20969799,1.5598729e-28,0.0,-0.70500326,0.790302,0.790302
2017-01-04 00:00:00,0.41358206,0.5864179,1.8910302e-22,1.0,-0.39282694,0.41358206,0.5864179
2017-01-05 00:00:00,0.05409182,0.6521045,0.29380366,1.0,0.13090657,0.14799142,0.6521045
2017-01-06 00:00:00,0.060803503,0.79160887,0.14758761,1.0,0.012954471,0.10797247,0.79160887
2017-01-09 00:00:00,0.028111193,0.96355283,0.0083359955,1.0,-0.066991456,0.030775376,0.96355283
2017-01-10 00:00:00,0.024669668,0.9745873,0.0007430126,1.0,-0.06997599,0.024907134,0.9745873
2017-01-11 00:00:00,0.06907781,1.8045262e-20,0.9309222,2.0,0.6082152,0.36660036,0.9309222
2017-01-12 00:00:00,9.6228556e-05,0.0,0.9999038,2.0,0.7184015,0.31966528,0.9999038
2017-01-13 00:00:00,0.00017776547,0.0,0.99982226,2.0,0.71827126,0.31972077,0.99982226
2017-01-16 00:00:00,9.0344176e-05,0.0,0.99990964,2.0,0.7184109,0.3196613,0.99990964
2017-01-17 00:00:00,1.0305007e-10,0.0,1.0,2.0,0.7185552,0.3195998,1.0
2017-01-18 00:00:00,9.85229e-05,0.0,0.9999015,2.0,0.7183978,0.31966686,0.9999015
2017-01-19 00:00:00,1.6578531e-05,0.0,0.99998343,2.0,0.7185287,0.3196111,0.99998343
2017-01-20 00:00:00,1.0059642e-06,0.0,0.999999,2.0,0.7185536,0.3196005,0.999999
2017-01-23 00:00:00,1.1163047e-09,0.0,1.0,2.0,0.7185552,0.3195998,1.0
2017-01-24 00:00:00,2.323193e-07,0.0,0.99999976,2.0,0.71855485,0.3196,0.99999976
2017-01-25 00:00:00,7.344359e-12,0.0,1.0,2.0,0.7185552,0.3195998,1.0
2017-01-26 00:00:00,0.038622927,1.7880763e-32,0.9613771,2.0,0.65686166,0.34587887,0.9613771
2017-01-27 00:00:00,0.0023998024,0.0,0.9976002,2.0,0.7147219,0.32123265,0.9976002
2017-01-30 00:00:00,2.4578876e-06,0.0,0.99999756,2.0,0.7185513,0.31960148,0.99999756
2017-01-31 00:00:00,1.977194e-15,0.0,1.0,2.0,0.7185552,0.3195998,1.0
2017-02-01 00:00:00,2.5546822e-07,0.0,0.99999976,2.0,0.7185548,0.3196,0.99999976
2017-02-02 00:00:00,0.008364679,0.0,0.9916353,2.0,0.70519406,0.32529116,0.9916353
2017-02-03 00:00:00,7.758372e-07,0.0,0.9999992,2.0,0.71855396,0.31960034,0.9999992
2017-02-06 00:00:00,0.009087913,0.0,0.9909121,2.0,0.7040388,0.32578322,0.9909121
2017-02-07 00:00:00,0.033492014,8.91898e-39,0.966508,2.0,0.6650574,0.3423878,0.966508
2017-02-08 00:00:00,0.055695113,6.361612e-23,0.9443049,2.0,0.62959176,0.35749477,0.9443049
2017-02-09 00:00:00,0.02123333,0.0010519943,0.97771466,2.0,0.68382996,0.33371076,0.97771466
2017-02-10 00:00:00,0.00026025384,0.8435609,0.15617889,1.0,0.06972859,0.050175,0.8435609
2017-02-13 00:00:00,0.00023225952,0.8574807,0.142287,1.0,0.059073653,0.045707162,0.8574807
2017-02-14 00:00:00,0.002031475,0.99788606,8.24706e-05,1.0,-0.05172414,0.0020578327,0.99788606
2017-02-15 00:00:00,0.000118911754,0.8396361,0.16024502,1.0,0.07297117,0.05133319,0.8396361
2017-02-16 00:00:00,0.00017417588,0.9234864,0.07633939,1.0,0.008430535,0.02457223,0.9234864
2017-02-17 00:00:00,0.00084916834,0.9960487,0.0031021691,1.0,-0.04842328,0.001840621,0.9960487
2017-02-20 00:00:00,0.005954999,0.9940449,1.2327375e-07,1.0,-0.055038743,0.0059550386,0.9940449
2017-02-21 00:00:00,0.015932288,0.98406774,1.670577e-11,1.0,-0.06330671,0.015932288,0.98406774
2017-02-22 00:00:00,0.029853165,0.97014683,1.6296251e-13,1.0,-0.07484252,0.029853165,0.97014683
2017-02-23 00:00:00,0.0010423115,0.9983516,0.00060609094,1.0,-0.050501965,0.001236018,0.9983516
2017-02-24 00:00:00,0.0035461006,0.9964526,1.2817795e-06,1.0,-0.05304167,0.0035465101,0.9964526
2017-02-27 00:00:00,0.0020839379,0.99789864,1.740273e-05,1.0,-0.05181763,0.0020894997,0.99789864
2017-02-28 00:00:00,0.60968393,0.3903161,5.6849903e-18,0.0,-0.5553306,0.60968393,0.60968393
2017-03-01 00:00:00,0.58353907,0.4164609,1.169535e-17,0.0,-0.5336651,0.58353907,0.58353907
2017-03-02 00:00:00,0.645996,0.35400403,1.7206104e-21,0.0,-0.58542126,0.645996,0.645996
2017-03-03 00:00:00,0.0073591857,0.9926408,4.1993014e-09,1.0,-0.05620244,0.007359187,0.9926408
2017-03-06 00:00:00,0.0076187337,0.9923813,3.03133e-09,1.0,-0.05641752,0.0076187346,0.9923813
2017-03-07 00:00:00,0.001719027,0.9981842,9.677008e-05,1.0,-0.051454235,0.0017499547,0.9981842
2017-03-08 00:00:00,0.0056179594,0.9943819,1.11022985e-07,1.0,-0.054759458,0.0056179953,0.9943819
2017-03-09 00:00:00,0.00065936,0.9933098,0.006030824,1.0,-0.046014853,0.0025868104,0.9933098
2017-03-10 00:00:00,0.015383421,0.02048681,0.96412975,2.0,0.6782354,0.3235191,0.96412975
2017-03-13 00:00:00,0.031435702,1.6677843e-06,0.9685626,2.0,0.66834074,0.34098813,0.9685626
2017-03-14 00:00:00,0.015575536,0.018213872,0.9662106,2.0,0.6796757,0.32437626,0.9662106
2017-03-15 00:00:00,0.01381718,0.0,0.9861828,2.0,0.6964846,0.32900104,0.9861828
2017-03-16 00:00:00,0.043311514,1.9807968e-27,0.95668846,2.0,0.64937246,0.34906897,0.95668846
2017-03-17 00:00:00,0.021186123,1.7487e-41,0.9788139,2.0,0.684714,0.33401486,0.9788139
2017-03-20 00:00:00,0.01724944,1.3e-44,0.98275054,2.0,0.6910022,0.33133635,0.98275054
2017-03-21 00:00:00,4.060993e-09,0.0,1.0,2.0,0.7185552,0.3195998,1.0
2017-03-22 00:00:00,7.418056e-07,0.0,0.9999993,2.0,0.718554,0.3196003,0.9999993
2017-03-23 00:00:00,6.320865e-05,0.0,0.9999368,2.0,0.71845424,0.3196428,0.9999368
2017-03-24 00:00:00,4.888509e-07,0.0,0.9999995,2.0,0.71855444,0.31960014,0.9999995
2017-03-27 00:00:00,1.915425e-09,0.0,1.0,2.0,0.7185552,0.3195998,1.0
2017-03-28 00:00:00,3.0290732e-07,0.0,0.9999997,2.0,0.71855474,0.31960002,0.9999997
2017-03-29 00:00:00,8.61104e-06,0.0,0.9999914,2.0,0.71854144,0.31960568,0.9999914
2017-03-30 00:00:00,0.0006484525,0.0,0.99935156,2.0,0.7175194,0.32004103,0.99935156
2017-03-31 00:00:00,0.0189986,0.015828935,0.96517247,2.0,0.6760411,0.32746753,0.96517247
2017-04-03 00:00:00,0.0494949,1.9966886e-21,0.9505051,2.0,0.63949555,0.35327616,0.9505051
2017-04-04 00:00:00,0.037465516,6.897307e-31,0.9625345,2.0,0.6587105,0.34509137,0.9625345
2017-04-05 00:00:00,0.020318056,6.25e-43,0.97968197,2.0,0.6861006,0.33342424,0.97968197
2017-04-06 00:00:00,0.04605019,5.4950502e-11,0.9539498,2.0,0.6449979,0.3509324,0.9539498
2017-04-07 00:00:00,0.0010251809,0.9970175,0.001957341,1.0,-0.04944912,0.0016507468,0.9970175
2017-04-10 00:00:00,0.0004891356,0.97059786,0.028913025,1.0,-0.028285177,0.009729733,0.97059786
2017-04-11 00:00:00,0.00013509773,0.8985388,0.10132608,1.0,0.027669169,0.032518893,0.8985388
2017-04-12 00:00:00,0.00036166701,0.97408277,0.025555557,1.0,-0.030760298,0.008529218,0.97408277
2017-04-13 00:00:00,0.010222851,0.98977715,2.7385815e-08,1.0,-0.058575455,0.010222861,0.98977715
2017-04-14 00:00:00,0.0041827257,0.995803,1.4290112e-05,1.0,-0.053559225,0.004187293,0.995803
2017-04-17 00:00:00,0.0010231154,0.9970428,0.0019341327,1.0,-0.049465246,0.0016412638,0.9970428
2017-04-18 00:00:00,0.0007709469,0.9947966,0.004432458,1.0,-0.047335923,0.0021875596,0.9947966
2017-04-19 00:00:00,0.00054062787,0.9883016,0.011157821,1.0,-0.04197555,0.0041066655,0.9883016
2017-04-20 00:00:00,0.00043417234,0.98293114,0.016634662,1.0,-0.03767751,0.005750607,0.98293114
2017-04-21 00:00:00,0.00045048143,0.98533785,0.014211693,1.0,-0.039553463,0.004992536,0.98533785
2017-04-24 00:00:00,0.00027322644,0.9015386,0.098188184,1.0,0.025142739,0.031654153,0.9015386
2017-04-25 00:00:00,0.03089328,2.2515187e-34,0.96910673,2.0,0.66920847,0.34061962,0.96910673
2017-04-26 00:00:00,0.0038621454,0.0,0.99613786,2.0,0.7123861,0.32222763,0.99613786
2017-04-27 00:00:00,0.000287187,0.0,0.9997128,2.0,0.7180965,0.31979522,0.9997128
2017-04-28 00:00:00,4.656137e-08,0.0,0.99999994,2.0,0.71855515,0.31959984,0.99999994
2017-05-01 00:00:00,5.583456e-08,0.0,0.99999994,2.0,0.7185551,0.31959987,0.99999994
2017-05-02 00:00:00,3.943475e-09,0.0,1.0,2.0,0.7185552,0.3195998,1.0
2017-05-03 00:00:00,5.269047e-06,0.0,0.99999475,2.0,0.7185468,0.3196034,0.99999475
2017-05-04 00:00:00,5.4997638e-15,0.0,1.0,2.0,0.7185552,0.3195998,1.0
2017-05-05 00:00:00,6.6554104e-24,0.0,1.0,2.0,0.7185552,0.3195998,1.0
2017-05-08 00:00:00,6.748569e-14,0.0,1.0,2.0,0.7185552,0.3195998,1.0
2017-05-09 00:00:00,3.466645e-09,0.0,1.0,2.0,0.7185552,0.3195998,1.0
2017-05-10 00:00:00,9.5772004e-05,0.0,0.9999042,2.0,0.7184022,0.31966498,0.9999042
2017-05-11 00:00:00,4.4166093e-08,0.0,0.99999994,2.0,0.71855515,0.31959984,0.99999994
2017-05-12 00:00:00,7.9495075e-13,0.0,1.0,2.0,0.7185552,0.3195998,1.0
2017-05-15 00:00:00,4.131198e-14,0.0,1.0,2.0,0.7185552,0.3195998,1.0
2017-05-16 00:00:00,1.2814661e-16,0.0,1.0,2.0,0.7185552,0.3195998,1.0
2017-05-17 00:00:00,1.7933781e-23,0.0,1.0,2.0,0.7185552,0.3195998,1.0
2017-05-18 00:00:00,6.468598e-18,0.0,1.0,2.0,0.7185552,0.3195998,1.0
2017-05-19 00:00:00,4.346513e-25,0.0,1.0,2.0,0.7185552,0.3195998,1.0
2017-05-22 00:00:00,3.5504178e-15,0.0,1.0,2.0,0.7185552,0.3195998,1.0
2017-05-23 00:00:00,1.426425e-06,0.0,0.99999857,2.0,0.71855295,0.3196008,0.99999857
2017-05-24 00:00:00,8.383311e-11,0.0,1.0,2.0,0.7185552,0.3195998,1.0
2017-05-25 00:00:00,8.262637e-13,0.0,1.0,2.0,0.7185552,0.3195998,1.0
2017-05-26 00:00:00,1.0155228e-08,0.0,1.0,2.0,0.7185552,0.31959984,1.0
2017-05-29 00:00:00,6.2965286e-05,0.0,0.99993706,2.0,0.7184546,0.31964266,0.99993706
2017-05-30 00:00:00,1.18634325e-05,0.0,0.99998814,2.0,0.71853626,0.31960788,0.99998814
2017-05-31 00:00:00,1.8123713e-12,0.0,1.0,2.0,0.7185552,0.3195998,1.0
2017-06-01 00:00:00,2.1989868e-05,0.0,0.999978,2.0,0.71852005,0.31961477,0.999978
2017-06-02 00:00:00,5.541815e-08,0.0,0.99999994,2.0,0.7185551,0.31959987,0.99999994
2017-06-05 00:00:00,3.734621e-11,0.0,1.0,2.0,0.7185552,0.3195998,1.0
2017-06-06 00:00:00,6.412029e-16,0.0,1.0,2.0,0.7185552,0.3195998,1.0
2017-06-07 00:00:00,2.0440027e-16,0.0,1.0,2.0,0.7185552,0.3195998,1.0
2017-06-08 00:00:00,1.799708e-10,0.0,1.0,2.0,0.7185552,0.3195998,1.0
2017-06-09 00:00:00,5.2066e-07,0.0,0.99999946,2.0,0.7185544,0.31960016,0.99999946
2017-06-12 00:00:00,6.069552e-05,0.0,0.9999393,2.0,0.71845824,0.3196411,0.9999393
2017-06-13 00:00:00,0.041431557,5.0066473e-32,0.95856845,2.0,0.6523754,0.34778985,0.95856845
2017-06-14 00:00:00,0.03408411,5.900502e-08,0.96591586,2.0,0.6641116,0.34279063,0.96591586
2017-06-15 00:00:00,0.016239883,0.0027450693,0.981015,2.0,0.6905047,0.3297721,0.981015
2017-06-16 00:00:00,0.00032048044,0.5401224,0.45955712,1.0,0.30287316,0.14719485,0.5401224
2017-06-19 00:00:00,0.003276303,0.9852334,0.011490285,1.0,-0.04398697,0.0069485963,0.9852334
2017-06-20 00:00:00,0.0004444387,0.72892576,0.2706298,1.0,0.15754971,0.08693767,0.72892576
2017-06-21 00:00:00,0.0007093579,0.90324724,0.09604341,1.0,0.023132725,0.031404812,0.90324724
2017-06-22 00:00:00,0.0005298618,0.8993754,0.10009475,1.0,0.026395569,0.032520127,0.8993754
2017-06-23 00:00:00,0.00015024572,0.9038273,0.096022464,1.0,0.023579944,0.030839007,0.9038273
2017-06-26 00:00:00,0.023534335,2.1705764e-05,0.97644395,2.0,0.68094647,0.33560565,0.97644395
2017-06-27 00:00:00,0.0020983394,0.0,0.9979017,2.0,0.71520346,0.32102752,0.9979017
2017-06-28 00:00:00,0.010390999,0.0,0.989609,2.0,0.70195735,0.32666984,0.989609
2017-06-29 00:00:00,3.3710116e-06,0.0,0.9999966,2.0,0.7185498,0.3196021,0.9999966
2017-06-30 00:00:00,0.008377017,0.0,0.991623,2.0,0.7051743,0.32529953,0.991623
2017-07-03 00:00:00,0.030269071,3.474795e-36,0.9697309,2.0,0.67020553,0.3401949,0.9697309
2017-07-04 00:00:00,0.050340645,1.246481e-21,0.94965935,2.0,0.6381446,0.3538516,0.94965935
2017-07-05 00:00:00,0.049501877,2.4819326e-22,0.9504981,2.0,0.6394844,0.3532809,0.9504981
2017-07-06 00:00:00,9.4849696e-07,0.0,0.99999905,2.0,0.71855366,0.31960046,0.99999905
2017-07-07 00:00:00,3.776083e-05,0.0,0.9999622,2.0,0.7184949,0.3196255,0.9999622
2017-07-10 00:00:00,9.05811e-05,0.0,0.9999094,2.0,0.7184105,0.31966144,0.9999094
2017-07-11 00:00:00,3.4632567e-08,0.0,0.99999994,2.0,0.71855515,0.31959984,0.99999994
2017-07-12 00:00:00,0.00011875051,0.0,0.99988127,2.0,0.7183655,0.3196806,0.99988127
2017-07-13 00:00:00,1.4803848e-07,0.0,0.9999999,2.0,0.718555,0.31959993,0.9999999
2017-07-14 00:00:00,1.5012917e-08,0.0,1.0,2.0,0.71855515,0.31959984,1.0
2017-07-17 00:00:00,1.06236024e-13,0.0,1.0,2.0,0.7185552,0.3195998,1.0
2017-07-18 00:00:00,6.840397e-21,0.0,1.0,2.0,0.7185552,0.3195998,1.0
2017-07-19 00:00:00,5.686693e-16,0.0,1.0,2.0,0.7185552,0.3195998,1.0
2017-07-20 00:00:00,2.8087654e-27,0.0,1.0,2.0,0.7185552,0.3195998,1.0
2017-07-21 00:00:00,2.9611638e-26,0.0,1.0,2.0,0.7185552,0.3195998,1.0
2017-07-24 00:00:00,2.1892022e-24,0.0,1.0,2.0,0.7185552,0.3195998,1.0
2017-07-25 00:00:00,5.209457e-11,0.0,1.0,2.0,0.7185552,0.3195998,1.0
2017-07-26 00:00:00,1.8530003e-14,0.0,1.0,2.0,0.7185552,0.3195998,1.0
2017-07-27 00:00:00,8.8094464e-07,0.0,0.9999991,2.0,0.7185538,0.3196004,0.9999991
2017-07-28 00:00:00,1.6978401e-11,0.0,1.0,2.0,0.7185552,0.3195998,1.0
2017-07-31 00:00:00,2.0791002e-23,0.0,1.0,2.0,0.7185552,0.3195998,1.0
2017-08-01 00:00:00,6.4166427e-24,0.0,1.0,2.0,0.7185552,0.3195998,1.0
2017-08-02 00:00:00,1.3630817e-29,0.0,1.0,2.0,0.7185552,0.3195998,1.0
2017-08-03 00:00:00,3.5738656e-25,0.0,1.0,2.0,0.7185552,0.3195998,1.0
2017-08-04 00:00:00,2.006561e-14,0.0,1.0,2.0,0.7185552,0.3195998,1.0
2017-08-07 00:00:00,5.720699e-17,0.0,1.0,2.0,0.7185552,0.3195998,1.0
2017-08-08 00:00:00,1.0376768e-07,0.0,0.9999999,2.0,0.71855503,0.3195999,0.9999999
2017-08-09 00:00:00,8.067898e-13,0.0,1.0,2.0,0.7185552,0.3195998,1.0
2017-08-10 00:00:00,8.911216e-15,0.0,1.0,2.0,0.7185552,0.3195998,1.0
2017-08-11 00:00:00,1.1203688e-13,0.0,1.0,2.0,0.7185552,0.3195998,1.0
2017-08-14 00:00:00,3.163907e-09,0.0,1.0,2.0,0.7185552,0.3195998,1.0
2017-08-15 00:00:00,0.0010933924,0.0,0.9989066,2.0,0.7168087,0.32034376,0.9989066
2017-08-16 00:00:00,7.4036643e-06,0.0,0.9999926,2.0,0.71854335,0.31960484,0.9999926
2017-08-17 00:00:00,0.056811202,8.7765014e-17,0.9431888,2.0,0.62780905,0.35825416,0.9431888
2017-08-18 00:00:00,0.055515174,1.048954e-20,0.94448483,2.0,0.62987924,0.35737234,0.94448483
2017-08-21 00:00:00,0.00596261,0.0,0.9940374,2.0,0.7090309,0.32365677,0.9940374
2017-08-22 00:00:00,0.047396824,4.5728303e-28,0.95260316,2.0,0.6428469,0.35184863,0.95260316
2017-08-23 00:00:00,0.050305277,8.901634e-14,0.94969475,2.0,0.6382011,0.35382754,0.94969475
2017-08-24 00:00:00,0.052428704,2.8868008e-23,0.9475713,2.0,0.6348093,0.35527232,0.9475713
2017-08-25 00:00:00,0.0057607256,0.0,0.9942393,2.0,0.70935345,0.3235194,0.9942393
2017-08-28 00:00:00,0.021833092,5.06e-43,0.97816694,2.0,0.6836806,0.33445504,0.97816694
2017-08-29 00:00:00,0.011117615,0.0,0.98888236,2.0,0.7007967,0.32716423,0.98888236
2017-08-30 00:00:00,0.022009926,0.0011944562,0.9767956,2.0,0.68248,0.33419362,0.9767956
2017-08-31 00:00:00,0.011994797,0.06730165,0.92070353,2.0,0.64766353,0.3062515,0.92070353
2017-09-01 00:00:00,0.051016595,1.3717764e-15,0.94898343,2.0,0.63706493,0.35431153,0.94898343
2017-09-04 00:00:00,0.052084215,1.3298904e-17,0.9479158,2.0,0.6353596,0.35503793,0.9479158
2017-09-05 00:00:00,0.0069131358,0.0,0.9930869,2.0,0.7075127,0.3243035,0.9930869
2017-09-06 00:00:00,0.009241884,0.0,0.9907581,2.0,0.70379287,0.325888,0.9907581
2017-09-07 00:00:00,4.9288606e-06,0.0,0.99999505,2.0,0.71854734,0.31960317,0.99999505
2017-09-08 00:00:00,0.00025460953,0.0,0.99974537,2.0,0.7181485,0.31977305,0.99974537
2017-09-11 00:00:00,0.0029338468,0.0,0.99706614,2.0,0.71386886,0.321596,0.99706614
2017-09-12 00:00:00,4.5297114e-05,0.0,0.9999547,2.0,0.71848285,0.31963062,0.9999547
2017-09-13 00:00:00,0.04357173,9.59496e-28,0.9564283,2.0,0.64895684,0.34924603,0.9564283
2017-09-14 00:00:00,0.00047637426,0.0,0.99952364,2.0,0.7177943,0.31992394,0.99952364
2017-09-15 00:00:00,0.001981958,0.0,0.998018,2.0,0.7153894,0.32094833,0.998018
2017-09-18 00:00:00,0.0142856985,0.0,0.9857143,2.0,0.6957362,0.3293198,0.9857143
2017-09-19 00:00:00,2.6213367e-05,0.0,0.9999738,2.0,0.7185133,0.31961766,0.9999738
2017-09-20 00:00:00,0.042443834,5.4958807e-08,0.9575561,2.0,0.6507584,0.3484786,0.9575561
2017-09-21 00:00:00,0.014521335,0.0,0.98547864,2.0,0.6953598,0.32948014,0.98547864
2017-09-22 00:00:00,0.004549881,0.4568008,0.5386493,2.0,0.36016336,0.17670211,0.5386493
2017-09-25 00:00:00,0.0021444124,0.9976113,0.00024431554,1.0,-0.051693324,0.0022224956,0.9976113
2017-09-26 00:00:00,0.0091234585,0.99087656,9.307466e-10,1.0,-0.057664443,0.009123459,0.99087656
2017-09-27 00:00:00,0.003463931,0.9965331,2.9799462e-06,1.0,-0.052972276,0.0034648834,0.9965331
2017-09-28 00:00:00,0.0026524034,0.99732566,2.194542e-05,1.0,-0.05228521,0.0026594172,0.99732566
2017-09-29 00:00:00,0.0006031269,0.9497195,0.049677376,1.0,-0.012418928,0.016480006,0.9497195
2017-10-02 00:00:00,0.0054059057,0.994594,8.710143e-08,1.0,-0.054583754,0.0054059336,0.994594
2017-10-03 00:00:00,0.00729835,0.99270165,5.1619313e-09,1.0,-0.056152027,0.0072983513,0.99270165
2017-10-04 00:00:00,0.006380044,0.9936199,1.8033816e-08,1.0,-0.055391047,0.00638005,0.9936199
2017-10-05 00:00:00,0.20758961,0.7924104,3.0316694e-25,1.0,-0.22212729,0.20758961,0.7924104
2017-10-06 00:00:00,0.15684709,0.84315294,2.8454746e-23,1.0,-0.1800785,0.15684709,0.84315294
2017-10-09 00:00:00,0.023033278,0.97696674,5.70148e-13,1.0,-0.06919108,0.023033278,0.97696674
2017-10-10 00:00:00,0.004360029,0.9956397,2.6902075e-07,1.0,-0.053716928,0.0043601147,0.9956397
2017-10-11 00:00:00,0.0002446771,0.9008118,0.0989435,1.0,0.025746979,0.031867005,0.9008118
2017-10-12 00:00:00,0.00089322746,0.9962381,0.002868652,1.0,-0.048639286,0.0018100481,0.9962381
2017-10-13 00:00:00,0.001948187,0.9980091,4.2718984e-05,1.0,-0.05168568,0.00196184,0.9980091
2017-10-16 00:00:00,0.0046967473,0.99530315,7.740026e-08,1.0,-0.053996105,0.004696772,0.99530315
2017-10-17 00:00:00,0.020367572,0.97963244,3.157891e-13,1.0,-0.0669821,0.020367572,0.97963244
2017-10-18 00:00:00,0.00043750813,0.985829,0.013733481,1.0,-0.039910294,0.004826726,0.985829
2017-10-19 00:00:00,0.0006687797,0.99573344,0.0035977575,1.0,-0.047892857,0.0018186223,0.99573344
2017-10-20 00:00:00,0.0043216767,0.99567807,2.4415974e-07,1.0,-0.053685166,0.004321755,0.99567807
2017-10-23 00:00:00,0.0006778867,0.9956664,0.0036557396,1.0,-0.04785584,0.0018462604,0.9956664
2017-10-24 00:00:00,7.419077e-05,0.786931,0.21299481,1.0,0.11355486,0.068147294,0.786931
2017-10-25 00:00:00,0.037543576,3.806503e-08,0.9624564,2.0,0.6585857,0.34514445,0.9624564
2017-10-26 00:00:00,0.0066203955,0.99337906,5.6578864e-07,1.0,-0.055589795,0.006620576,0.99337906
2017-10-27 00:00:00,0.026936857,0.9730632,7.067381e-13,1.0,-0.072425865,0.026936857,0.9730632
2017-10-30 00:00:00,0.0013629809,0.99510324,0.0035338032,1.0,-0.048517283,0.0024923838,0.99510324
2017-10-31 00:00:00,0.0021070228,0.9972824,0.0006105753,1.0,-0.051380813,0.0023021626,0.9972824
2017-11-01 00:00:00,0.004319172,0.9956744,6.4624987e-06,1.0,-0.05367831,0.0043212376,0.9956744
2017-11-02 00:00:00,0.00074122404,0.97456217,0.024696622,1.0,-0.03173505,0.00863426,0.97456217
2017-11-03 00:00:00,0.0035263037,0.99645936,1.4343837e-05,1.0,-0.053015225,0.003530888,0.99645936
2017-11-06 00:00:00,0.004382925,0.99561226,4.7982267e-06,1.0,-0.05373242,0.0043844585,0.99561226
2017-11-07 00:00:00,0.124315776,0.8756842,4.3905638e-14,1.0,-0.1531208,0.124315776,0.8756842
2017-11-08 00:00:00,0.96276313,0.03723685,2.3949177e-23,0.0,-0.84791654,0.96276313,0.96276313
2017-11-09 00:00:00,0.09417079,0.9058292,5.444533e-11,1.0,-0.12814057,0.09417079,0.9058292
2017-11-10 00:00:00,0.021195082,0.9788049,4.1587025e-08,1.0,-0.0676678,0.021195095,0.9788049
2017-11-13 00:00:00,0.01183886,0.9881569,4.2534284e-06,1.0,-0.059911344,0.01184022,0.9881569
2017-11-14 00:00:00,0.010089154,0.2816895,0.7082214,2.0,0.48591626,0.23643658,0.7082214
2017-11-15 00:00:00,0.00075185363,0.87870556,0.120542586,1.0,0.04192903,0.03927724,0.87870556
2017-11-16 00:00:00,0.0031705352,0.99102515,0.005804337,1.0,-0.04826988,0.0050256,0.99102515
2017-11-17 00:00:00,0.0011657826,0.80325395,0.19558024,1.0,0.09926441,0.06367319,0.80325395
2017-11-20 00:00:00,0.0006017171,0.897797,0.10160128,1.0,0.027494036,0.03307347,0.897797
2017-11-21 00:00:00,0.00060028187,0.8988554,0.10054433,1.0,0.026682794,0.032734234,0.8988554
2017-11-22 00:00:00,0.00050076033,0.88022417,0.119275086,1.0,0.041162826,0.038621053,0.88022417
2017-11-23 00:00:00,9.003251e-06,0.0,0.999991,2.0,0.71854085,0.31960595,0.999991
2017-11-24 00:00:00,2.3413725e-14,0.0,1.0,2.0,0.7185552,0.3195998,1.0
2017-11-27 00:00:00,3.4417827e-08,0.0,0.99999994,2.0,0.71855515,0.31959984,0.99999994
2017-11-28 00:00:00,0.00020384851,0.0,0.99979615,2.0,0.7182296,0.3197385,0.99979615
2017-11-29 00:00:00,5.803053e-06,0.0,0.9999942,2.0,0.7185459,0.31960377,0.9999942
2017-11-30 00:00:00,9.084391e-07,0.0,0.9999991,2.0,0.7185537,0.31960043,0.9999991
2017-12-01 00:00:00,2.3329567e-11,0.0,1.0,2.0,0.7185552,0.3195998,1.0
2017-12-04 00:00:00,4.3176588e-08,0.0,0.99999994,2.0,0.71855515,0.31959984,0.99999994
2017-12-05 00:00:00,4.5233232e-06,0.0,0.99999547,2.0,0.718548,0.3196029,0.99999547
2017-12-06 00:00:00,8.373752e-05,0.0,0.99991626,2.0,0.71842146,0.3196568,0.99991626
2017-12-07 00:00:00,0.028308442,5.561214e-39,0.97169155,2.0,0.6733373,0.3388609,0.97169155
2017-12-08 00:00:00,0.04220344,7.08993e-29,0.9577966,2.0,0.6511424,0.34831506,0.9577966
2017-12-11 00:00:00,0.040484473,1.5087678e-30,0.9595155,2.0,0.65388817,0.34714547,0.9595155
2017-12-12 00:00:00,0.000120627825,0.88554126,0.11433809,1.0,0.03768297,0.036663063,0.88554126
2017-12-13 00:00:00,0.021080479,0.00018017422,0.9787393,2.0,0.68474424,0.3338854,0.9787393
2017-12-14 00:00:00,6.946013e-05,0.8812011,0.118729465,1.0,0.04110084,0.038015377,0.8812011
2017-12-15 00:00:00,0.00015181862,0.8911787,0.10866943,1.0,0.033299852,0.03488255,0.8911787
2017-12-18 00:00:00,0.015632275,0.006313062,0.97805464,2.0,0.68873274,0.32821837,0.97805464
2017-12-19 00:00:00,0.054503325,5.368212e-18,0.9454967,2.0,0.6314955,0.35668388,0.9454967
2017-12-20 00:00:00,0.029499812,2.00895e-06,0.9704982,2.0,0.67143273,0.33967087,0.9704982
2017-12-21 00:00:00,5.5077897e-05,0.90380526,0.096139684,1.0,0.023748912,0.030781304,0.90380526
2017-12-22 00:00:00,0.00025017056,0.9562742,0.0434756,1.0,-0.016893493,0.014144965,0.9562742
2017-12-25 00:00:00,7.81441e-05,0.8178678,0.18205403,1.0,0.089768656,0.05826258,0.8178678
2017-12-26 00:00:00,3.1457035e-05,0.9476472,0.052321352,1.0,-0.009912884,0.016753351,0.9476472
2017-12-27 00:00:00,0.01444902,0.012931357,0.9726196,2.0,0.68553555,0.32529807,0.9726196
2017-12-28 00:00:00,0.0077876896,0.19453338,0.79767895,2.0,0.5565858,0.26272574,0.79767895
2017-12-29 00:00:00,0.055425614,6.7062825e-24,0.94457436,2.0,0.6300223,0.35731143,0.94457436
2018-01-01 00:00:00,0.021653207,0.0,0.97834677,2.0,0.6839679,0.33433267,0.97834677
2018-01-02 00:00:00,1.0989743e-05,0.0,0.99998903,2.0,0.7185376,0.3196073,0.99998903
2018-01-03 00:00:00,0.00022689224,0.0,0.9997731,2.0,0.71819276,0.31975418,0.9997731
2018-01-04 00:00:00,1.7503357e-09,0.0,1.0,2.0,0.7185552,0.3195998,1.0
2018-01-05 00:00:00,1.5804688e-06,0.0,0.9999984,2.0,0.71855265,0.31960088,0.9999984
2018-01-08 00:00:00,0.0019641109,0.0,0.9980359,2.0,0.71541786,0.3209362,0.9980359
2018-01-09 00:00:00,0.003482029,0.0,0.99651796,2.0,0.71299326,0.321969,0.99651796
2018-01-10 00:00:00,0.05391354,1.7693692e-28,0.94608647,2.0,0.6324375,0.3562826,0.94608647
2018-01-11 00:00:00,7.273951e-07,0.0,0.9999993,2.0,0.718554,0.3196003,0.9999993
2018-01-12 00:00:00,1.3215437e-21,0.0,1.0,2.0,0.7185552,0.3195998,1.0
2018-01-15 00:00:00,4.6673042e-24,0.0,1.0,2.0,0.7185552,0.3195998,1.0
2018-01-16 00:00:00,4.0027738e-20,0.0,1.0,2.0,0.7185552,0.3195998,1.0
2018-01-17 00:00:00,7.810552e-09,0.0,1.0,2.0,0.7185552,0.31959984,1.0
2018-01-18 00:00:00,2.5831927e-14,0.0,1.0,2.0,0.7185552,0.3195998,1.0
2018-01-19 00:00:00,5.565835e-12,0.0,1.0,2.0,0.7185552,0.3195998,1.0
2018-01-22 00:00:00,5.744394e-14,0.0,1.0,2.0,0.7185552,0.3195998,1.0
2018-01-23 00:00:00,4.8739544e-19,0.0,1.0,2.0,0.7185552,0.3195998,1.0
2018-01-24 00:00:00,3.212986e-22,0.0,1.0,2.0,0.7185552,0.3195998,1.0
2018-01-25 00:00:00,2.8784735e-19,0.0,1.0,2.0,0.7185552,0.3195998,1.0
2018-01-26 00:00:00,4.320575e-17,0.0,1.0,2.0,0.7185552,0.3195998,1.0
2018-01-29 00:00:00,3.394617e-12,0.0,1.0,2.0,0.7185552,0.3195998,1.0
2018-01-30 00:00:00,8.770702e-11,0.0,1.0,2.0,0.7185552,0.3195998,1.0
2018-01-31 00:00:00,8.420237e-16,0.0,1.0,2.0,0.7185552,0.3195998,1.0
2018-02-01 00:00:00,1.1587074e-18,0.0,1.0,2.0,0.7185552,0.3195998,1.0
2018-02-02 00:00:00,3.3435484e-17,0.0,1.0,2.0,0.7185552,0.3195998,1.0
2018-02-05 00:00:00,2.243707e-14,0.0,1.0,2.0,0.7185552,0.3195998,1.0
2018-02-06 00:00:00,1.7525014e-19,0.0,1.0,2.0,0.7185552,0.3195998,1.0
2018-02-07 00:00:00,9.327745e-09,0.0,1.0,2.0,0.7185552,0.31959984,1.0
2018-02-08 00:00:00,0.00021285965,0.0,0.99978715,2.0,0.71821517,0.31974465,0.99978715
2018-02-09 00:00:00,0.037139617,1.3021662e-06,0.9628591,2.0,0.65923,0.3448692,0.9628591
2018-02-12 00:00:00,0.020150147,0.00089097227,0.9789589,2.0,0.6856839,0.33302522,0.9789589
2018-02-13 00:00:00,0.060371306,6.325689e-15,0.9396287,2.0,0.62212235,0.36067647,0.9396287
2018-02-14 00:00:00,2.2886466e-07,0.0,0.99999976,2.0,0.71855485,0.3196,0.99999976
2018-02-15 00:00:00,2.0098062e-06,0.0,0.999998,2.0,0.718552,0.31960118,0.999998
2018-02-16 00:00:00,0.002005572,0.0,0.9979944,2.0,0.71535164,0.3209644,0.9979944
2018-02-19 00:00:00,0.023697272,4.89e-42,0.97630274,2.0,0.68070287,0.33572346,0.97630274
2018-02-20 00:00:00,0.021425417,0.009733705,0.9688409,2.0,0.67684984,0.3310668,0.9688409
2018-02-21 00:00:00,0.01698633,0.981504,0.001509657,1.0,-0.06301975,0.017468816,0.981504
2018-02-22 00:00:00,0.0050037075,0.93427986,0.060716417,1.0,-0.007580291,0.024408663,0.93427986
2018-02-23 00:00:00,0.008531268,0.99141586,5.2857195e-05,1.0,-0.057133082,0.008548161,0.99141586
2018-02-26 00:00:00,0.0021532164,0.9624892,0.035357572,1.0,-0.02471049,0.013453489,0.9624892
2018-02-27 00:00:00,0.012672161,0.9873278,1.2773429e-08,1.0,-0.060605135,0.012672165,0.9873278
2018-02-28 00:00:00,0.029379126,0.9706209,4.4084775e-12,1.0,-0.074449696,0.029379126,0.9706209
2018-03-01 00:00:00,0.03176563,0.96823436,2.2600049e-13,1.0,-0.07642732,0.03176563,0.96823436
2018-03-02 00:00:00,0.0036710706,0.99631906,9.856489e-06,1.0,-0.05313864,0.0036742205,0.99631906
2018-03-05 00:00:00,0.00048083914,0.90981966,0.08969952,1.0,0.018445807,0.029148791,0.90981966
2018-03-06 00:00:00,0.019606166,0.017058248,0.9633356,2.0,0.67412573,0.32748803,0.9633356
2018-03-07 00:00:00,0.026983215,1.9067858e-38,0.9730168,2.0,0.67545414,0.3379592,0.9730168
2018-03-08 00:00:00,0.027001513,0.00038078777,0.9726177,2.0,0.6751322,0.33784994,0.9726177
2018-03-09 00:00:00,0.031689264,2.5407402e-05,0.9682853,2.0,0.6679175,0.3411531,0.9682853
2018-03-12 00:00:00,0.019686265,0.010121825,0.9701919,2.0,0.6793295,0.32975942,0.9701919
2018-03-13 00:00:00,0.020547194,0.0069171037,0.9725357,2.0,0.68041766,0.33136943,0.9725357
2018-03-14 00:00:00,0.00080230716,0.99549544,0.0037022638,1.0,-0.04792318,0.00198555,0.99549544
2018-03-15 00:00:00,0.007331188,0.9926688,1.6615112e-09,1.0,-0.05617924,0.0073311883,0.9926688
2018-03-16 00:00:00,0.0013353648,0.9984361,0.00022855608,1.0,-0.051035006,0.0014084112,0.9984361
2018-03-19 00:00:00,0.00041644013,0.9632537,0.036329877,1.0,-0.022523904,0.012027463,0.9632537
2018-03-20 00:00:00,0.00081158226,0.99209446,0.007093956,1.0,-0.04532381,0.0030788092,0.99209446
2018-03-21 00:00:00,0.03839341,6.7617876e-08,0.9616065,2.0,0.65722823,0.34572268,0.9616065
2018-03-22 00:00:00,0.00027433748,0.87473655,0.124989085,1.0,0.04574258,0.040220827,0.87473655
2018-03-23 00:00:00,0.030970363,7.007616e-06,0.96902263,2.0,0.66907996,0.3406698,0.96902263
2018-03-26 00:00:00,0.028865011,1.7332868e-37,0.97113496,2.0,0.6724483,0.33923957,0.97113496
2018-03-27 00:00:00,0.005796885,0.0,0.9942031,2.0,0.7092957,0.32354403,0.9942031
2018-03-28 00:00:00,0.044460878,8.4145295e-28,0.9555391,2.0,0.6475366,0.349851,0.9555391
2018-03-29 00:00:00,0.014608493,0.058396906,0.9269946,2.0,0.6503333,0.3108758,0.9269946
2018-03-30 00:00:00,0.0006340245,0.84120935,0.15815662,1.0,0.07093906,0.051180854,0.84120935
2018-04-02 00:00:00,0.0007846905,0.9242687,0.07494657,1.0,0.0068540135,0.024737598,0.9242687
2018-04-03 00:00:00,0.0036172278,0.996361,2.1739415e-05,1.0,-0.053084888,0.0036241757,0.996361
2018-04-04 00:00:00,0.0030202789,0.9968446,0.00013511631,1.0,-0.052503064,0.003063462,0.9968446
2018-04-05 00:00:00,0.0005217262,0.93206006,0.06741818,1.0,0.0012851647,0.022068566,0.93206006
2018-04-06 00:00:00,0.00025363354,0.83615327,0.16359313,1.0,0.07543308,0.052537967,0.83615327
2018-04-09 00:00:00,0.00025320335,0.82361686,0.17612994,1.0,0.085069984,0.0565443,0.82361686
2018-04-10 00:00:00,0.00029326932,0.8378404,0.16186638,1.0,0.074072964,0.052025735,0.8378404
2018-04-11 00:00:00,0.00017247639,0.8507357,0.14909182,1.0,0.06435378,0.047822196,0.8507357
2018-04-12 00:00:00,0.0013773597,0.7254599,0.27316278,1.0,0.15872362,0.08868013,0.7254599
2018-04-13 00:00:00,0.013679284,0.021462066,0.96485865,2.0,0.68020785,0.32204792,0.96485865
2018-04-16 00:00:00,0.017750448,0.0028828252,0.9793667,2.0,0.687986,0.3307559,0.9793667
2018-04-17 00:00:00,0.04908247,3.0576884e-31,0.95091754,2.0,0.64015436,0.35299554,0.95091754
2018-04-18 00:00:00,0.0015973995,0.71500045,0.28340217,1.0,0.16641189,0.09217268,0.71500045
2018-04-19 00:00:00,0.00012386095,0.9414598,0.058416363,1.0,-0.00530447,0.018793719,0.9414598
2018-04-20 00:00:00,0.00029906325,0.9226637,0.07703727,1.0,0.008863476,0.02492016,0.9226637
2018-04-23 00:00:00,0.81257504,0.18742493,8.158758e-16,0.0,-0.72346026,0.81257504,0.81257504
2018-04-24 00:00:00,0.03834013,0.96165967,2.1953673e-07,1.0,-0.081875235,0.0383402,0.96165967
2018-04-25 00:00:00,0.008034508,0.9919272,3.827722e-05,1.0,-0.05673264,0.008046742,0.9919272
2018-04-26 00:00:00,0.05065302,0.94934696,2.059214e-09,1.0,-0.09207872,0.05065302,0.94934696
2018-04-27 00:00:00,0.0434227,0.9565773,2.881067e-09,1.0,-0.086087175,0.0434227,0.9565773
2018-04-30 00:00:00,0.070927106,0.9290729,3.6317987e-11,1.0,-0.10887924,0.070927106,0.9290729
2018-05-01 00:00:00,0.29324737,0.7067526,1.5362954e-20,1.0,-0.29310927,0.29324737,0.7067526
2018-05-02 00:00:00,0.61825603,0.38174394,8.502666e-28,0.0,-0.562434,0.61825603,0.61825603
2018-05-03 00:00:00,0.093605906,0.9063941,2.634471e-16,1.0,-0.12767246,0.093605906,0.9063941
2018-05-04 00:00:00,0.6187336,0.38126642,3.8398813e-25,0.0,-0.56282973,0.6187336,0.6187336
2018-05-07 00:00:00,0.983911,0.01608902,2.0519303e-38,0.0,-0.8654411,0.983911,0.983911
2018-05-08 00:00:00,0.9998534,0.0001466469,0.0,0.0,-0.87865204,0.9998534,0.9998534
2018-05-09 00:00:00,0.9999687,3.1318054e-05,0.0,0.0,-0.87874764,0.9999687,0.9999687
2018-05-10 00:00:00,0.9912418,0.008758177,2.154e-42,0.0,-0.8715159,0.9912418,0.9912418
2018-05-11 00:00:00,0.96813387,0.031866107,2.7672472e-35,0.0,-0.8523671,0.96813387,0.96813387
2018-05-14 00:00:00,0.99862665,0.0013733213,0.0,0.0,-0.87763554,0.99862665,0.99862665
2018-05-15 00:00:00,0.9999862,1.3798849e-05,0.0,0.0,-0.8787621,0.9999862,0.9999862
2018-05-16 00:00:00,0.9999945,5.4727743e-06,0.0,0.0,-0.87876904,0.9999945,0.9999945
2018-05-17 00:00:00,0.9999908,9.166325e-06,0.0,0.0,-0.878766,0.9999908,0.9999908
2018-05-18 00:00:00,0.99993247,6.752638e-05,0.0,0.0,-0.8787176,0.99993247,0.99993247
2018-05-21 00:00:00,0.9989355,0.0010644763,1e-45,0.0,-0.8778915,0.9989355,0.9989355
2018-05-22 00:00:00,0.9999231,7.686038e-05,0.0,0.0,-0.8787099,0.9999231,0.9999231
2018-05-23 00:00:00,0.99993557,6.4454915e-05,0.0,0.0,-0.87872016,0.99993557,0.99993557
2018-05-24 00:00:00,0.9998782,0.000121769954,3.079e-42,0.0,-0.87867266,0.9998782,0.9998782
2018-05-25 00:00:00,0.9999892,1.0816551e-05,0.0,0.0,-0.8787646,0.9999892,0.9999892
2018-05-28 00:00:00,0.9999944,5.5970363e-06,0.0,0.0,-0.8787689,0.9999944,0.9999944
2018-05-29 00:00:00,0.9999965,3.5285793e-06,0.0,0.0,-0.87877065,0.9999965,0.9999965
2018-05-30 00:00:00,0.98074424,0.019255761,4.0782132e-22,0.0,-0.86281693,0.98074424,0.98074424
2018-05-31 00:00:00,0.98627704,0.013722936,5.3833426e-24,0.0,-0.8674018,0.98627704,0.98627704
2018-06-01 00:00:00,0.9870831,0.012916948,4.5300983e-25,0.0,-0.8680697,0.9870831,0.9870831
2018-06-04 00:00:00,0.8935418,0.1064582,2.383313e-14,0.0,-0.79055494,0.8935418,0.8935418
2018-06-05 00:00:00,0.52448136,0.47545284,6.579495e-05,0.0,-0.48467523,0.5245024,0.52448136
2018-06-06 00:00:00,0.067717224,0.48860142,0.44368136,1.0,0.23482049,0.2095177,0.48860142
2018-06-07 00:00:00,0.15779294,0.8412336,0.0009734225,1.0,-0.18011408,0.15810405,0.8412336
2018-06-08 00:00:00,0.32524922,0.67475075,3.1153206e-08,1.0,-0.31962818,0.32524922,0.67475075
2018-06-11 00:00:00,0.18490951,0.81508994,5.5034616e-07,1.0,-0.20333256,0.18490969,0.81508994
2018-06-12 00:00:00,0.011414973,0.8499265,0.13865857,1.0,0.047017846,0.055730227,0.8499265
2018-06-13 00:00:00,0.0010601906,0.41589934,0.5830405,2.0,0.39717683,0.18739982,0.5830405
2018-06-14 00:00:00,0.5350178,0.46498218,5.4648686e-17,0.0,-0.49345705,0.5350178,0.5350178
2018-06-15 00:00:00,0.43496174,0.56503826,9.96031e-10,1.0,-0.41054362,0.43496174,0.56503826
2018-06-18 00:00:00,0.45252225,0.5474777,2.7949751e-09,1.0,-0.4250955,0.45252225,0.5474777
2018-06-19 00:00:00,0.48454183,0.51545817,3.3786578e-13,1.0,-0.45162913,0.48454183,0.51545817
2018-06-20 00:00:00,0.47960958,0.5203892,1.231846e-06,1.0,-0.44754097,0.47960997,0.5203892
2018-06-21 00:00:00,0.44839382,0.55159014,1.6040993e-05,1.0,-0.42166203,0.44839895,0.55159014
2018-06-22 00:00:00,0.08737912,0.015736887,0.89688396,2.0,0.5668857,0.37402308,0.89688396
2018-06-25 00:00:00,0.12977748,9.402207e-19,0.8702225,2.0,0.5112579,0.40790042,0.8702225
2018-06-26 00:00:00,0.04394484,2.6150657e-35,0.95605516,2.0,0.64836085,0.34949988,0.95605516
2018-06-27 00:00:00,0.08897351,0.9107778,0.00024870373,1.0,-0.12364257,0.08905299,0.9107778
2018-06-28 00:00:00,0.12498851,0.87500894,2.5508189e-06,1.0,-0.15367632,0.12498933,0.87500894
2018-06-29 00:00:00,0.112146765,0.00012742159,0.88772583,2.0,0.539322,0.39586377,0.88772583
2018-07-02 00:00:00,0.10189954,0.87406814,0.024032295,1.0,-0.1160725,0.109580256,0.87406814
2018-07-03 00:00:00,0.08062893,0.9114565,0.007914513,1.0,-0.110835284,0.08315841,0.9114565
2018-07-04 00:00:00,0.08254581,0.91745156,2.6339621e-06,1.0,-0.11850528,0.08254665,0.91745156
2018-07-05 00:00:00,0.054098304,0.9458417,5.9938066e-05,1.0,-0.09488765,0.05411746,0.9458417
2018-07-06 00:00:00,0.041268494,0.73341733,0.22531419,1.0,0.088887796,0.113278866,0.73341733
2018-07-09 00:00:00,0.034662656,0.648531,0.31680632,1.0,0.16468813,0.1359139,0.648531
2018-07-10 00:00:00,0.033424955,0.7076508,0.25892425,1.0,0.12122219,0.1161771,0.7076508
2018-07-11 00:00:00,0.036086265,0.9639132,5.480111e-07,1.0,-0.08000728,0.03608644,0.9639132
2018-07-12 00:00:00,0.04915433,2.5615528e-22,0.95084566,2.0,0.64003956,0.35304442,0.95084566
2018-07-13 00:00:00,0.044257034,1.2271252e-12,0.95574296,2.0,0.64786214,0.3497123,0.95574296
2018-07-16 00:00:00,0.045140658,5.6050824e-13,0.9548593,2.0,0.6464507,0.3503135,0.9548593
2018-07-17 00:00:00,0.034285612,3.6804003e-08,0.96571434,2.0,0.66378975,0.34292775,0.96571434
2018-07-18 00:00:00,0.03641111,6.6136168e-09,0.9635889,2.0,0.66039467,0.34437394,0.9635889
2018-07-19 00:00:00,0.021029998,0.00023863307,0.9787314,2.0,0.68477994,0.33383235,0.9787314
2018-07-20 00:00:00,0.031371005,2.878047e-07,0.9686287,2.0,0.66844517,0.34094456,0.9686287
2018-07-23 00:00:00,9.211598e-05,0.888071,0.111836895,1.0,0.035784025,0.035835166,0.888071
2018-07-24 00:00:00,0.008244674,0.15721045,0.8345449,2.0,0.5845445,0.27496508,0.8345449
2018-07-25 00:00:00,0.0017849493,0.0,0.9982151,2.0,0.715704,0.3208143,0.9982151
2018-07-26 00:00:00,0.047323942,1.02428496e-13,0.95267606,2.0,0.6429633,0.35179904,0.95267606
2018-07-27 00:00:00,7.7035525e-05,0.8125079,0.18741502,1.0,0.09389035,0.05997484,0.8125079
2018-07-30 00:00:00,0.034340587,1.1686275e-07,0.9656593,2.0,0.6637019,0.34296513,0.9656593
2018-07-31 00:00:00,0.0010694852,0.7925448,0.20638575,1.0,0.10764997,0.06703033,0.7925448
2018-08-01 00:00:00,5.282277e-05,0.8904613,0.10948588,1.0,0.034009457,0.03504449,0.8904613
2018-08-02 00:00:00,0.0011086288,0.99769604,0.0011953035,1.0,-0.05010402,0.0014906477,0.99769604
2018-08-03 00:00:00,0.031230753,0.96876925,5.9688663e-09,1.0,-0.075984076,0.031230755,0.96876925
2018-08-06 00:00:00,0.088188246,0.91181177,4.1870576e-11,1.0,-0.12318301,0.088188246,0.91181177
2018-08-07 00:00:00,0.0021517058,0.9977576,9.065472e-05,1.0,-0.05181748,0.002180679,0.9977576
2018-08-08 00:00:00,0.0002813269,0.9560132,0.043705497,1.0,-0.0167426,0.014249596,0.9560132
2018-08-09 00:00:00,0.0036658887,0.9963288,5.323769e-06,1.0,-0.053137828,0.00366759,0.9963288
2018-08-10 00:00:00,0.15341823,0.84658176,1.7691976e-21,1.0,-0.17723711,0.15341823,0.84658176
2018-08-13 00:00:00,0.40432805,0.59567195,4.2701164e-27,1.0,-0.38515842,0.40432805,0.59567195
2018-08-14 00:00:00,0.3897674,0.6102326,6.028239e-27,1.0,-0.37309247,0.3897674,0.6102326
2018-08-15 00:00:00,0.3956511,0.6043489,1.4829118e-26,1.0,-0.3779681,0.3956511,0.6043489
2018-08-16 00:00:00,0.18052827,0.8194717,1.2711621e-22,1.0,-0.19970237,0.18052827,0.8194717
2018-08-17 00:00:00,0.17446515,0.8255348,3.0254934e-22,1.0,-0.19467805,0.17446515,0.8255348
2018-08-20 00:00:00,0.015124942,0.9848751,8.235752e-12,1.0,-0.06263769,0.015124942,0.9848751
2018-08-21 00:00:00,0.0018462262,0.99794555,0.00020819803,1.0,-0.05147399,0.0019127663,0.99794555
2018-08-22 00:00:00,0.0043281205,0.99567163,2.626044e-07,1.0,-0.05369049,0.0043282043,0.99567163
2018-08-23 00:00:00,0.0012080279,0.9981646,0.0006273932,1.0,-0.050622914,0.0014085426,0.9981646
2018-08-24 00:00:00,0.0004256589,0.93163157,0.06794279,1.0,0.0017680194,0.022140164,0.93163157
2018-08-27 00:00:00,0.00038058372,0.9067668,0.09285267,1.0,0.020952579,0.03005628,0.9067668
2018-08-28 00:00:00,0.0003744805,0.8895506,0.11007487,1.0,0.034195643,0.03555439,0.8895506
2018-08-29 00:00:00,0.02547205,0.00021557552,0.97431237,2.0,0.67770225,0.33686212,0.97431237
2018-08-30 00:00:00,0.04776161,9.359897e-14,0.9522384,2.0,0.6422642,0.35209683,0.9522384
2018-08-31 00:00:00,0.01686174,0.016231949,0.9669063,2.0,0.6791446,0.32588482,0.9669063
2018-09-03 00:00:00,0.032834142,1.8789732e-06,0.967164,2.0,0.6661068,0.34193957,0.967164
2018-09-04 00:00:00,0.00027504802,0.8939458,0.10577912,1.0,0.03097607,0.034082036,0.8939458
2018-09-05 00:00:00,0.007310158,0.3059398,0.68675005,2.0,0.471715,0.22679535,0.68675005
2018-09-06 00:00:00,0.052207742,2.0696692e-19,0.94779223,2.0,0.6351623,0.35512197,0.94779223
2018-09-07 00:00:00,0.027075527,8.3e-44,0.9729245,2.0,0.6753067,0.33802202,0.9729245
2018-09-10 00:00:00,0.0018277526,0.0,0.9981722,2.0,0.71563566,0.32084343,0.9981722
2018-09-11 00:00:00,3.3725653e-06,0.0,0.9999966,2.0,0.7185498,0.3196021,0.9999966
2018-09-12 00:00:00,4.8543907e-08,0.0,0.99999994,2.0,0.7185551,0.31959984,0.99999994
2018-09-13 00:00:00,3.5627895e-10,0.0,1.0,2.0,0.7185552,0.3195998,1.0
2018-09-14 00:00:00,0.0034723405,0.0,0.9965277,2.0,0.7130087,0.3219624,0.9965277
2018-09-17 00:00:00,0.0058880416,0.0,0.99411196,2.0,0.7091501,0.32360604,0.99411196
2018-09-18 00:00:00,0.0600562,4.2903754e-21,0.9399438,2.0,0.6226257,0.36046207,0.9399438
2018-09-19 00:00:00,0.055217,3.0863638e-15,0.944783,2.0,0.6303555,0.35716948,0.944783
2018-09-20 00:00:00,2.7589542e-05,0.0,0.9999724,2.0,0.7185111,0.31961858,0.9999724
2018-09-21 00:00:00,0.035719007,1.1517094e-37,0.964281,2.0,0.6615002,0.34390303,0.964281
2018-09-24 00:00:00,0.0365954,6.354972e-09,0.9634046,2.0,0.6601003,0.34449932,0.9634046
2018-09-25 00:00:00,0.03718214,2.9813525e-09,0.96281785,2.0,0.6591631,0.34489855,0.96281785
2018-09-26 00:00:00,0.00813798,0.1613668,0.83049524,2.0,0.5815201,0.2735641,0.83049524
2018-09-27 00:00:00,0.00017926608,0.903638,0.09618271,1.0,0.02367907,0.030919243,0.903638
2018-09-28 00:00:00,8.515839e-05,0.9017645,0.09815034,1.0,0.025269495,0.03145399,0.9017645
2018-10-01 00:00:00,0.0001945055,0.9114485,0.08835699,1.0,0.01765113,0.028433383,0.9114485
2018-10-02 00:00:00,0.00019197426,0.9113696,0.088438414,1.0,0.017715817,0.028456876,0.9113696
2018-10-03 00:00:00,0.0062109716,0.99378896,7.938858e-08,1.0,-0.055250894,0.0062109972,0.99378896
2018-10-04 00:00:00,0.001179103,0.99820495,0.0006159776,1.0,-0.050607722,0.0013759694,0.99820495
2018-10-05 00:00:00,0.00017050128,0.90322566,0.09660387,1.0,0.024010062,0.03104508,0.90322566
2018-10-08 00:00:00,0.0012002819,0.9979766,0.0008231158,1.0,-0.050466053,0.0014633496,0.9979766
2018-10-09 00:00:00,0.0009129464,0.99677956,0.0023075219,1.0,-0.049086943,0.00165043,0.99677956
2018-10-10 00:00:00,0.0009655161,0.99702823,0.002006249,1.0,-0.049362082,0.0016067129,0.99702823
2018-10-11 00:00:00,0.0012287106,0.99799275,0.0007785211,1.0,-0.05052389,0.0014775258,0.99799275
2018-10-12 00:00:00,0.00032782837,0.96890354,0.030768605,1.0,-0.0267252,0.010161469,0.96890354
2018-10-15 00:00:00,0.00077952433,0.9947152,0.0045052813,1.0,-0.047287054,0.0022194113,0.9947152
2018-10-16 00:00:00,0.0015335047,0.997633,0.0008335054,1.0,-0.0507342,0.0017998929,0.997633
2018-10-17 00:00:00,0.01456593,0.98543406,4.0489385e-09,1.0,-0.06217445,0.014565932,0.98543406
2018-10-18 00:00:00,0.9988229,0.0011770484,1.7006703e-32,0.0,-0.8777982,0.9988229,0.9988229
2018-10-19 00:00:00,0.23337486,0.76662517,3.6140524e-16,1.0,-0.24349473,0.23337486,0.76662517
2018-10-22 00:00:00,0.37192702,0.628073,3.727821e-23,1.0,-0.35830867,0.37192702,0.628073
2018-10-23 00:00:00,0.44628677,0.5537132,6.904785e-24,1.0,-0.41992834,0.44628677,0.5537132
2018-10-24 00:00:00,0.66369534,0.3363047,5.9226662e-33,0.0,-0.6000882,0.66369534,0.66369534
2018-10-25 00:00:00,0.2755984,0.7244016,6.366292e-19,1.0,-0.2784841,0.2755984,0.7244016
2018-10-26 00:00:00,0.030407274,0.96959275,3.1149788e-11,1.0,-0.07530169,0.030407274,0.96959275
2018-10-29 00:00:00,0.034485392,0.9655146,2.7828897e-11,1.0,-0.078681104,0.034485392,0.9655146
2018-10-30 00:00:00,0.043750696,0.9562493,1.21737455e-11,1.0,-0.08635898,0.043750696,0.9562493
2018-10-31 00:00:00,0.016216174,0.98378354,3.0598432e-07,1.0,-0.063541725,0.016216272,0.98378354
2018-11-01 00:00:00,0.0025054181,0.9969162,0.00057840155,1.0,-0.05173568,0.0026902752,0.9969162
2018-11-02 00:00:00,0.004227387,0.99574876,2.3871185e-05,1.0,-0.053588867,0.0042350157,0.99574876
2018-11-05 00:00:00,0.00092382747,0.98504287,0.014033318,1.0,-0.04008282,0.0054088733,0.98504287
2018-11-06 00:00:00,0.00045103423,0.92972296,0.06982602,1.0,0.0031945498,0.022767417,0.92972296
2018-11-07 00:00:00,0.0010564206,0.9965445,0.0023991128,1.0,-0.049135435,0.0018231767,0.9965445
2018-11-08 00:00:00,0.057905946,0.942094,7.566081e-14,1.0,-0.098089,0.057905946,0.942094
2018-11-09 00:00:00,0.05892917,0.94107085,2.9152858e-14,1.0,-0.098936915,0.05892917,0.94107085
2018-11-12 00:00:00,0.73165447,0.2683455,1.4490047e-35,0.0,-0.65640384,0.73165447,0.73165447
2018-11-13 00:00:00,0.09147241,0.9085276,1.2172622e-18,1.0,-0.1259045,0.09147241,0.9085276
2018-11-14 00:00:00,0.012800347,0.98719966,1.4725479e-10,1.0,-0.06071137,0.012800347,0.98719966
2018-11-15 00:00:00,0.0032609915,0.99672717,1.1838236e-05,1.0,-0.052797295,0.003264775,0.99672717
2018-11-16 00:00:00,0.0016951208,0.99750704,0.00079782883,1.0,-0.05089555,0.0019501067,0.99750704
2018-11-19 00:00:00,0.00027189523,0.8903155,0.10941263,1.0,0.033771615,0.035240155,0.8903155
2018-11-20 00:00:00,0.0017698278,0.99777126,0.00045891223,1.0,-0.051217966,0.0019164961,0.99777126
2018-11-21 00:00:00,0.0002874407,0.8941316,0.10558093,1.0,0.030813463,0.03403109,0.8941316
2018-11-22 00:00:00,0.010048824,0.16970588,0.82024527,2.0,0.5720579,0.27219906,0.82024527
2018-11-23 00:00:00,0.00085999625,0.9842733,0.014866668,1.0,-0.03938936,0.0056113806,0.9842733
2018-11-26 00:00:00,0.0005920289,0.9517009,0.04770705,1.0,-0.013924239,0.015839193,0.9517009
2018-11-27 00:00:00,0.00066968217,0.96405387,0.03527643,1.0,-0.0235435,0.011944023,0.96405387
2018-11-28 00:00:00,0.037049815,1.1058776e-06,0.9629491,2.0,0.65937364,0.34480816,0.9629491
2018-11-29 00:00:00,0.00026350396,0.8935071,0.10622937,1.0,0.031331725,0.034214392,0.8935071
2018-11-30 00:00:00,0.0009531413,0.9869487,0.012098135,1.0,-0.041594606,0.0048197033,0.9869487
2018-12-03 00:00:00,0.0008153209,0.9733208,0.025863906,1.0,-0.030899212,0.0090814205,0.9733208
2018-12-04 00:00:00,0.0017336722,0.99779195,0.00047438292,1.0,-0.051176112,0.0018852849,0.99779195
2018-12-05 00:00:00,0.0013587872,0.99613184,0.0025093555,1.0,-0.04930126,0.0021607769,0.99613184
2018-12-06 00:00:00,0.00054107467,0.8641402,0.13531874,1.0,0.053461522,0.043788917,0.8641402
2018-12-07 00:00:00,0.025223209,0.00016353792,0.97461325,2.0,0.67813975,0.33670944,0.97461325
2018-12-10 00:00:00,0.024682086,2.27e-43,0.9753179,2.0,0.6791298,0.3363935,0.9753179
2018-12-11 00:00:00,8.855972e-05,0.94089025,0.05902117,1.0,-0.0048103267,0.018951714,0.94089025
2018-12-12 00:00:00,0.031553276,7.4333957e-07,0.96844596,2.0,0.66815364,0.34106845,0.96844596
2018-12-13 00:00:00,0.011142124,0.06106868,0.9277892,2.0,0.6538166,0.30766338,0.9277892
2018-12-14 00:00:00,0.0015899437,0.9978808,0.00052926934,1.0,-0.051014822,0.001759098,0.9978808
2018-12-17 00:00:00,0.0011665613,0.9973654,0.0014680406,1.0,-0.04994238,0.0016357468,0.9973654
2018-12-18 00:00:00,5.266332e-05,0.88348097,0.1164664,1.0,0.03937523,0.037275303,0.88348097
2018-12-19 00:00:00,6.7679204e-05,0.76776683,0.23216546,1.0,0.12829594,0.074267715,0.76776683
2018-12-20 00:00:00,0.022537982,0.00025178405,0.9772102,2.0,0.68236107,0.3348542,0.9772102
2018-12-21 00:00:00,0.0023029542,0.6306351,0.36706194,1.0,0.23013307,0.11961588,0.6306351
2018-12-24 00:00:00,0.042027045,2.115278e-09,0.95797294,2.0,0.65142417,0.34819502,0.95797294
2018-12-25 00:00:00,0.052079625,4.3109802e-31,0.9479204,2.0,0.6353669,0.3550348,0.9479204
2018-12-26 00:00:00,8.15789e-05,0.80375254,0.19616586,1.0,0.100613,0.06277615,0.80375254
2018-12-27 00:00:00,0.009554777,0.11309643,0.8773488,2.0,0.6163604,0.2899553,0.8773488
2018-12-28 00:00:00,0.04819959,2.2149426e-35,0.9518004,2.0,0.6415646,0.35239482,0.9518004
2018-12-31 00:00:00,0.0556149,1.286032e-30,0.9443851,2.0,0.6297199,0.3574402,0.9443851
2019-01-01 00:00:00,0.050909836,9.860776e-34,0.9490902,2.0,0.63723546,0.35423887,0.9490902
2019-01-02 00:00:00,0.0005363825,0.9063479,0.093115754,1.0,0.021025697,0.03029616,0.9063479
2019-01-03 00:00:00,0.0023317393,0.66858244,0.3290858,1.0,0.20091853,0.107507505,0.66858244
2019-01-04 00:00:00,0.0024785732,0.66035515,0.33716625,1.0,0.20700794,0.110236846,0.66035515
2019-01-07 00:00:00,0.03219843,5.367549e-35,0.9678016,2.0,0.66712373,0.34150764,0.9678016
2019-01-08 00:00:00,0.020814024,6.77e-43,0.979186,2.0,0.68530834,0.3337617,0.979186
2019-01-09 00:00:00,0.0016473462,0.0,0.99835265,2.0,0.71592385,0.32072067,0.99835265
2019-01-10 00:00:00,0.01451148,0.0,0.98548853,2.0,0.6953756,0.32947344,0.98548853
2019-01-11 00:00:00,0.0050151297,0.0,0.99498487,2.0,0.7105444,0.3230121,0.99498487
2019-01-14 00:00:00,0.030751487,3.674429e-36,0.96924853,2.0,0.66943496,0.34052312,0.96924853
2019-01-15 00:00:00,0.03485464,0.00019411482,0.9649513,2.0,0.66273165,0.34325287,0.9649513
2019-01-16 00:00:00,0.008238241,0.38759652,0.60416526,2.0,0.40746635,0.20132934,0.60416526
2019-01-17 00:00:00,0.0025222437,0.98349214,0.013985603,1.0,-0.041444052,0.0069920397,0.98349214
2019-01-18 00:00:00,0.0005432,0.84593195,0.15352486,1.0,0.06745407,0.049609717,0.84593195
2019-01-21 00:00:00,0.00083803956,0.91601986,0.08314211,1.0,0.013109387,0.027410243,0.91601986
2019-01-22 00:00:00,0.0011066674,0.96187675,0.037016574,1.0,-0.022568038,0.012937158,0.96187675
2019-01-23 00:00:00,0.010977409,0.13423038,0.85479224,2.0,0.5978432,0.28416884,0.85479224
2019-01-24 00:00:00,0.0047438713,0.9952361,2.0037884e-05,1.0,-0.054019812,0.0047502755,0.9952361
2019-01-25 00:00:00,0.0013828523,0.93272185,0.06589529,1.0,-0.00059901166,0.022442974,0.93272185
2019-01-28 00:00:00,0.0014633455,0.9400356,0.058501102,1.0,-0.006349325,0.020160286,0.9400356
2019-01-29 00:00:00,0.0012041173,0.89752364,0.10127224,1.0,0.026741924,0.033570707,0.89752364
2019-01-30 00:00:00,0.0025723274,0.0,0.9974277,2.0,0.71444637,0.32135004,0.9974277
2019-01-31 00:00:00,0.03055714,8.5970663e-07,0.969442,2.0,0.66974473,0.34039062,0.969442
2019-02-01 00:00:00,0.03286603,1.9551737e-07,0.96713376,2.0,0.66605717,0.3419618,0.96713376
2019-02-04 00:00:00,0.00021299475,0.8962148,0.10357225,1.0,0.02933116,0.033314668,0.8962148
2019-02-05 00:00:00,0.00026401333,0.9087275,0.09100845,1.0,0.019631598,0.029350296,0.9087275
2019-02-06 00:00:00,0.4155476,0.5844524,1.277905e-10,1.0,-0.39445573,0.4155476,0.5844524
2019-02-07 00:00:00,0.23087227,0.7691277,1.1557627e-08,1.0,-0.24142091,0.23087229,0.7691277
2019-02-08 00:00:00,0.09960906,0.90039015,7.9911376e-07,1.0,-0.13264649,0.099609315,0.90039015
2019-02-11 00:00:00,0.35397977,0.64602023,2.3888683e-11,1.0,-0.34343633,0.35397977,0.64602023
2019-02-12 00:00:00,0.00048560472,0.98718566,0.012328733,1.0,-0.041029923,0.0044258656,0.98718566
2019-02-13 00:00:00,0.0038238163,0.99616796,8.243818e-06,1.0,-0.053266454,0.003826451,0.99616796
2019-02-14 00:00:00,0.00075589394,0.9970964,0.0021476974,1.0,-0.04907965,0.0014422976,0.9970964
2019-02-15 00:00:00,0.00034638154,0.97639954,0.023254061,1.0,-0.032516696,0.0077783754,0.97639954
2019-02-18 00:00:00,0.00022420441,0.94138575,0.05839003,1.0,-0.0054078647,0.018885646,0.94138575
2019-02-19 00:00:00,9.115304e-05,0.8474562,0.15245262,1.0,0.06700448,0.048814982,0.8474562
2019-02-20 00:00:00,0.00013235095,0.88332087,0.11654676,1.0,0.03937096,0.037380673,0.88332087
2019-02-21 00:00:00,0.0005769283,0.8660057,0.13341734,1.0,0.051970284,0.043217085,0.8660057
2019-02-22 00:00:00,0.000330149,0.9587902,0.040879652,1.0,-0.018955173,0.013395278,0.9587902
2019-02-25 00:00:00,0.00022585578,0.93603075,0.06374341,1.0,-0.0012943057,0.020598238,0.93603075
2019-02-26 00:00:00,8.5154476e-05,0.7942152,0.20569967,1.0,0.10793828,0.06582673,0.7942152
2019-02-27 00:00:00,0.0047192634,0.99333495,0.0019457941,1.0,-0.05251917,0.005341139,0.99333495
2019-02-28 00:00:00,0.00058845925,0.9656835,0.033727996,1.0,-0.024666412,0.011367921,0.9656835
2019-03-01 00:00:00,0.0026726502,0.9875716,0.0097557455,1.0,-0.04482001,0.0057905847,0.9875716
2019-03-04 00:00:00,0.0048958864,0.9905667,0.004537419,1.0,-0.050673455,0.0063460446,0.9905667
2019-03-05 00:00:00,0.0067850254,0.99049574,0.0027192452,1.0,-0.05363648,0.0076540955,0.99049574
2019-03-06 00:00:00,0.00014693751,0.8752994,0.12455368,1.0,0.04551347,0.03995427,0.8752994
2019-03-07 00:00:00,0.15872969,0.84126776,2.5469947e-06,1.0,-0.1816366,0.1587305,0.84126776
2019-03-08 00:00:00,0.0013418307,0.99525577,0.0034023924,1.0,-0.048600767,0.0024292346,0.99525577
2019-03-11 00:00:00,6.469101e-05,0.83516467,0.16477065,1.0,0.076494776,0.05272536,0.83516467
2019-03-12 00:00:00,0.00015093788,0.9166225,0.08322655,1.0,0.013743673,0.026750129,0.9166225
2019-03-13 00:00:00,0.039981287,1.1102532e-10,0.9600187,2.0,0.65469193,0.3468031,0.9600187
2019-03-14 00:00:00,3.1153668e-05,0.965938,0.034030877,1.0,-0.023971777,0.010907415,0.965938
2019-03-15 00:00:00,0.002903178,0.5655261,0.43157068,1.0,0.27922094,0.1408331,0.5655261
2019-03-18 00:00:00,0.0002474548,0.9252103,0.07454228,1.0,0.0069884453,0.024071153,0.9252103
2019-03-19 00:00:00,3.8437545e-05,0.9681306,0.031830974,1.0,-0.02566879,0.01021161,0.9681306
2019-03-20 00:00:00,0.053165965,3.0732116e-17,0.946834,2.0,0.63363165,0.35577396,0.946834
2019-03-21 00:00:00,0.0049072546,0.3738983,0.6211944,2.0,0.4233163,0.20344089,0.6211944
2019-03-22 00:00:00,0.00013625866,0.87930816,0.120555565,1.0,0.042449135,0.038665798,0.87930816
2019-03-25 00:00:00,0.00021095191,0.92224646,0.07754257,1.0,0.009324898,0.024993543,0.92224646
2019-03-26 00:00:00,0.0026663584,0.9972464,8.726202e-05,1.0,-0.052246567,0.0026942473,0.9972464
2019-03-27 00:00:00,0.0034707321,0.9965048,2.445995e-05,1.0,-0.0529614,0.0034785494,0.9965048
2019-03-28 00:00:00,0.0052304803,0.9947677,1.8049492e-06,1.0,-0.054437064,0.0052310573,0.9947677
2019-03-29 00:00:00,0.0057884655,0.9942108,7.280637e-07,1.0,-0.054900277,0.0057886983,0.9942108
2019-04-01 00:00:00,0.0034732677,0.9965148,1.1933152e-05,1.0,-0.05297313,0.0034770814,0.9965148
2019-04-02 00:00:00,0.001380767,0.99794096,0.0006782465,1.0,-0.05072697,0.0015975344,0.99794096
2019-04-03 00:00:00,0.00038167663,0.97504216,0.024576137,1.0,-0.031529717,0.008236206,0.97504216
2019-04-04 00:00:00,0.00014828255,0.94951415,0.050337538,1.0,-0.011534571,0.01623615,0.94951415
2019-04-05 00:00:00,5.7137724e-05,0.71899706,0.2809458,1.0,0.16580015,0.08984737,0.71899706
2019-04-08 00:00:00,5.7538808e-05,0.74246097,0.2574815,1.0,0.14776374,0.08234857,0.74246097
2019-04-09 00:00:00,6.4469445e-05,0.71349996,0.28643554,1.0,0.17001382,0.09160922,0.71349996
2019-04-10 00:00:00,0.00017399555,0.8828923,0.11693369,1.0,0.039633874,0.037545983,0.8828923
2019-04-11 00:00:00,0.00012738442,0.8318273,0.16804533,1.0,0.078959934,0.05383464,0.8318273
2019-04-12 00:00:00,7.2193645e-05,0.71065545,0.28927234,1.0,0.17218794,0.092523575,0.71065545
2019-04-15 00:00:00,8.3924664e-05,0.7390134,0.2609027,1.0,0.15037163,0.08346838,0.7390134
2019-04-16 00:00:00,0.00044810245,0.9488771,0.050674815,1.0,-0.011523771,0.016643764,0.9488771
2019-04-17 00:00:00,0.5851878,0.41473055,8.166447e-05,0.0,-0.5349686,0.5852139,0.5851878
2019-04-18 00:00:00,0.72784793,0.27213806,1.398591e-05,0.0,-0.6532387,0.7278524,0.72784793
2019-04-19 00:00:00,0.00020134442,0.8389673,0.16083135,1.0,0.07335356,0.051603016,0.8389673
2019-04-22 00:00:00,0.00028032387,0.8635173,0.13620241,1.0,0.054356843,0.04381059,0.8635173
2019-04-23 00:00:00,0.00016258455,0.83000517,0.16983227,1.0,0.08030432,0.05444095,0.83000517
2019-04-24 00:00:00,0.013602125,0.9817562,0.0046416516,1.0,-0.05780793,0.015085597,0.9817562
2019-04-25 00:00:00,0.008474019,0.98493034,0.0065956707,1.0,-0.05205645,0.010581994,0.98493034
2019-04-26 00:00:00,0.00042806155,0.95124966,0.04832227,1.0,-0.013315468,0.01587185,0.95124966
2019-04-29 00:00:00,4.9881313e-05,0.6840912,0.31585887,1.0,0.19264242,0.10099832,0.6840912
2019-04-30 00:00:00,2.3934163e-05,0.9689953,0.030980766,1.0,-0.026310291,0.009925381,0.9689953
2019-05-01 00:00:00,8.40832e-05,0.80782026,0.19209568,1.0,0.097482346,0.06147783,0.80782026
2019-05-02 00:00:00,0.00011584144,0.8523155,0.14756869,1.0,0.06322993,0.047278766,0.8523155
2019-05-03 00:00:00,5.133257e-05,0.6393146,0.36063406,1.0,0.22705808,0.11530992,0.6393146
2019-05-06 00:00:00,0.00015290355,0.88596255,0.11388457,1.0,0.037307616,0.03655039,0.88596255
2019-05-07 00:00:00,0.00063758297,0.969698,0.029664384,1.0,-0.027830653,0.010118314,0.969698
2019-05-08 00:00:00,0.00078653503,0.97412395,0.025089523,1.0,-0.031470593,0.008805142,0.97412395
2019-05-09 00:00:00,8.468145e-05,0.7959601,0.20395519,1.0,0.106597774,0.065268725,0.7959601
2019-05-10 00:00:00,0.00034456828,0.9311956,0.06845983,1.0,0.0022326421,0.022224318,0.9311956
2019-05-13 00:00:00,0.000672506,0.9543921,0.04493539,1.0,-0.016121391,0.015033849,0.9543921
2019-05-14 00:00:00,0.001385276,0.9750788,0.023535922,1.0,-0.03316094,0.008907353,0.9750788
2019-05-15 00:00:00,0.0041774097,0.9834525,0.01237011,1.0,-0.044057403,0.008130894,0.9834525
2019-05-16 00:00:00,0.00033633475,0.9057421,0.09392159,1.0,0.021810878,0.030353656,0.9057421
2019-05-17 00:00:00,0.008688599,0.975922,0.015389441,1.0,-0.04547485,0.0136070615,0.975922
2019-05-20 00:00:00,0.009389614,0.9759364,0.0146739865,1.0,-0.046605702,0.014079417,0.9759364
2019-05-21 00:00:00,0.0003777135,0.9001283,0.09949397,1.0,0.026059857,0.03217597,0.9001283
2019-05-22 00:00:00,7.935993e-05,0.29536107,0.70455956,2.0,0.4913964,0.22525647,0.70455956
2019-05-23 00:00:00,0.02764994,6.875582e-05,0.9722813,2.0,0.6743363,0.33839086,0.9722813
2019-05-24 00:00:00,0.040297225,1.5326543e-07,0.9597026,2.0,0.65418714,0.347018,0.9597026
2019-05-27 00:00:00,3.2406515e-05,0.8958469,0.1041207,1.0,0.029902382,0.033309363,0.8958469
2019-05-28 00:00:00,0.00020949297,0.8015411,0.19824941,1.0,0.102108546,0.06356997,0.8015411
2019-05-29 00:00:00,0.002349495,0.84968233,0.14796816,1.0,0.061686035,0.04964009,0.84968233
2019-05-30 00:00:00,0.00014373666,0.7816653,0.21819094,1.0,0.11749127,0.06987752,0.7816653
2019-05-31 00:00:00,6.568595e-05,0.7267339,0.27320036,1.0,0.15983947,0.08738048,0.7267339
2019-06-03 00:00:00,0.016320197,0.004765101,0.9789147,2.0,0.68882376,0.32918116,0.9789147
2019-06-04 00:00:00,0.047105853,3.7318874e-11,0.95289415,2.0,0.6433117,0.35165066,0.95289415
2019-06-05 00:00:00,0.00066669163,0.86767304,0.13166025,1.0,0.050545305,0.042745285,0.86767304
2019-06-06 00:00:00,0.031595554,8.194065e-07,0.96840364,2.0,0.66808605,0.34109718,0.96840364
2019-06-07 00:00:00,0.060624417,1.9010202e-28,0.9393756,2.0,0.62171805,0.3608487,0.9393756
2019-06-10 00:00:00,0.061917443,1.9904649e-19,0.9380826,2.0,0.6196527,0.36172846,0.9380826
2019-06-11 00:00:00,0.025661098,0.0,0.9743389,2.0,0.677566,0.33705965,0.9743389
2019-06-12 00:00:00,0.061145805,1.4324117e-18,0.9388542,2.0,0.62088525,0.36120343,0.9388542
2019-06-13 00:00:00,0.054840513,8.840458e-34,0.9451595,2.0,0.6309569,0.3569133,0.9451595
2019-06-14 00:00:00,0.024061974,5.4176326e-05,0.97588384,2.0,0.6800787,0.33595428,0.97588384
2019-06-17 00:00:00,0.027228888,9.819986e-06,0.9727613,2.0,0.67505413,0.33812323,0.9727613
2019-06-18 00:00:00,0.0018580997,0.707627,0.2905149,1.0,0.1716631,0.0947066,0.707627
2019-06-19 00:00:00,0.05496006,8.8444036e-14,0.9450399,2.0,0.6307659,0.35699466,0.9450399
2019-06-20 00:00:00,0.056960054,4.2535466e-29,0.94303995,2.0,0.6275713,0.35835546,0.94303995
2019-06-21 00:00:00,0.00696879,0.0,0.9930312,2.0,0.70742375,0.3243414,0.9930312
2019-06-24 00:00:00,0.00020575788,0.0,0.99979424,2.0,0.71822655,0.31973982,0.99979424
2019-06-25 00:00:00,0.0004038157,0.0,0.9995962,2.0,0.7179102,0.31987458,0.9995962
2019-06-26 00:00:00,2.9870203e-06,0.0,0.999997,2.0,0.71855044,0.31960186,0.999997
2019-06-27 00:00:00,1.3299772e-06,0.0,0.9999987,2.0,0.71855307,0.31960073,0.9999987
2019-06-28 00:00:00,7.1013514e-05,0.0,0.999929,2.0,0.7184418,0.31964815,0.999929
2019-07-01 00:00:00,0.01188214,0.04060487,0.947513,2.0,0.6683642,0.31470713,0.947513
2019-07-02 00:00:00,0.007908771,0.18104818,0.811043,2.0,0.5667579,0.26711798,0.811043
2019-07-03 00:00:00,0.029184222,1.4113486e-06,0.97081435,2.0,0.67193735,0.33945632,0.97081435
2019-07-04 00:00:00,5.080025e-05,0.951559,0.048390172,1.0,-0.012950651,0.01551629,0.951559
2019-07-05 00:00:00,0.0031201858,0.9964395,0.0004402882,1.0,-0.05235128,0.003260902,0.9964395
2019-07-08 00:00:00,0.002561293,0.99674064,0.00069806905,1.0,-0.05169,0.0027843958,0.99674064
2019-07-09 00:00:00,0.011739397,0.9882332,2.7421227e-05,1.0,-0.059811115,0.011748161,0.9882332
2019-07-10 00:00:00,0.00011091588,0.87622243,0.12366664,1.0,0.044861484,0.03963475,0.87622243
2019-07-11 00:00:00,0.000100396464,0.85915637,0.14074321,1.0,0.057996277,0.045081902,0.85915637
2019-07-12 00:00:00,0.030645864,3.8485743e-07,0.96935374,2.0,0.6696034,0.34045115,0.96935374
2019-07-15 00:00:00,0.0069464194,0.22186746,0.7711861,2.0,0.536919,0.25341737,0.7711861
2019-07-16 00:00:00,6.896719e-05,0.95445067,0.045480356,1.0,-0.015202365,0.01460448,0.95445067
2019-07-17 00:00:00,6.0546725e-05,0.8047216,0.19521785,1.0,0.09990173,0.062452134,0.8047216
2019-07-18 00:00:00,9.6803866e-05,0.834011,0.16589215,1.0,0.077330224,0.053115908,0.834011
2019-07-19 00:00:00,0.94665015,0.053349342,4.8999163e-07,0.0,-0.83456385,0.9466503,0.94665015
2019-07-22 00:00:00,0.9999999,1.4629944e-07,1.4414329e-15,0.0,-0.87877345,0.9999999,0.9999999
2019-07-23 00:00:00,0.99999994,4.6830458e-08,3.0857774e-19,0.0,-0.8787735,0.99999994,0.99999994
2019-07-24 00:00:00,1.0,2.9592093e-09,3.9106036e-22,0.0,-0.87877357,1.0,1.0
2019-07-25 00:00:00,1.0,1.2261922e-08,5.8935225e-21,0.0,-0.87877357,1.0,1.0
2019-07-26 00:00:00,1.0,1.3188368e-09,1.5679432e-24,0.0,-0.87877357,1.0,1.0
2019-07-29 00:00:00,0.9994248,0.0005750391,1.365517e-07,0.0,-0.87829685,0.9994249,0.9994248
2019-07-30 00:00:00,0.96178085,0.038205937,1.3199617e-05,0.0,-0.8470924,0.9617851,0.96178085
2019-07-31 00:00:00,0.99996024,3.9753493e-05,2.0576973e-17,0.0,-0.8787406,0.99996024,0.99996024
2019-08-01 00:00:00,0.9994659,0.0005341257,2.2783162e-15,0.0,-0.87833095,0.9994659,0.9994659
2019-08-02 00:00:00,0.041347846,0.95845294,0.00019922906,1.0,-0.08421467,0.041411523,0.95845294
2019-08-05 00:00:00,0.0031563193,0.5287261,0.4681176,1.0,0.3071033,0.15276662,0.5287261
2019-08-06 00:00:00,8.3202176e-05,0.8995848,0.10033205,1.0,0.02694811,0.032149307,0.8995848
2019-08-07 00:00:00,0.00036689124,0.9590816,0.040551543,1.0,-0.01923782,0.013327157,0.9590816
2019-08-08 00:00:00,0.0005326928,0.9767126,0.02275475,1.0,-0.03305489,0.0078051067,0.9767126
2019-08-09 00:00:00,0.00066685496,0.9826568,0.016676363,1.0,-0.037838273,0.0059966175,0.9826568
2019-08-12 00:00:00,0.00025049603,0.9237004,0.07604911,1.0,0.008144171,0.02455578,0.9237004
2019-08-13 00:00:00,0.00018681854,0.89111704,0.108696155,1.0,0.033291392,0.03492609,0.89111704
2019-08-14 00:00:00,0.0014599145,0.9944264,0.004113643,1.0,-0.048151907,0.002774634,0.9944264
2019-08-15 00:00:00,0.0704909,0.929509,1.1243009e-07,1.0,-0.10851768,0.070490934,0.929509
2019-08-16 00:00:00,0.030307692,0.96968806,4.225882e-06,1.0,-0.07521592,0.030309044,0.96968806
2019-08-19 00:00:00,0.020005671,0.97997636,1.7960014e-05,1.0,-0.0666684,0.020011412,0.97997636
2019-08-20 00:00:00,0.0003329597,0.95796275,0.041704316,1.0,-0.018323615,0.013661651,0.95796275
2019-08-21 00:00:00,0.00029791563,0.9548954,0.04480673,1.0,-0.015909877,0.014618138,0.9548954
2019-08-22 00:00:00,0.00047188898,0.9749874,0.024540711,1.0,-0.031631704,0.008315096,0.9749874
2019-08-23 00:00:00,0.00016691814,0.9303401,0.06949298,1.0,0.0031739967,0.022376863,0.9303401
2019-08-26 00:00:00,0.00020492982,0.92818934,0.07160574,1.0,0.0047664917,0.023090113,0.92818934
2019-08-27 00:00:00,0.00055665243,0.98506355,0.014379801,1.0,-0.039512224,0.0051524346,0.98506355
2019-08-28 00:00:00,8.5255444e-05,0.9518818,0.048032895,1.0,-0.013253828,0.01543656,0.9518818
2019-08-29 00:00:00,7.6157834e-05,0.8624057,0.13751811,1.0,0.055537354,0.04402692,0.8624057
2019-08-30 00:00:00,0.0062848306,0.9936604,5.4773995e-05,1.0,-0.055270057,0.0063023367,0.9936604
2019-09-02 00:00:00,1.0,4.8582032e-14,7.370607e-33,0.0,-0.87877357,1.0,1.0
2019-09-03 00:00:00,1.0,3.9685677e-12,1.1225592e-23,0.0,-0.87877357,1.0,1.0
2019-09-04 00:00:00,0.86794144,0.13205853,4.2138515e-09,0.0,-0.7693407,0.8679415,0.86794144
2019-09-05 00:00:00,0.70342267,0.29657698,3.2941907e-07,0.0,-0.6330088,0.7034228,0.70342267
2019-09-06 00:00:00,0.9957019,0.004298116,2.444785e-10,0.0,-0.87521183,0.9957019,0.9957019
2019-09-09 00:00:00,0.992696,0.007304015,5.254877e-10,0.0,-0.87272096,0.992696,0.992696
2019-09-10 00:00:00,0.6454581,0.3544715,7.0386675e-05,0.0,-0.5849214,0.6454806,0.6454581
2019-09-11 00:00:00,0.70468765,0.29527983,3.2546868e-05,0.0,-0.6340322,0.704698,0.70468765
2019-09-12 00:00:00,0.00021194569,0.9158185,0.08396956,1.0,0.01426424,0.027048603,0.9158185
2019-09-13 00:00:00,5.367407e-05,0.7070161,0.2929302,1.0,0.17501493,0.09367411,0.7070161
2019-09-16 00:00:00,0.0008169296,0.9865708,0.012612294,1.0,-0.041086517,0.0048478167,0.9865708
2019-09-17 00:00:00,9.500448e-05,0.81920445,0.18070057,1.0,0.08871434,0.057846874,0.81920445
2019-09-18 00:00:00,0.00035655222,0.9506011,0.049042374,1.0,-0.0127027,0.016030485,0.9506011
2019-09-19 00:00:00,0.00018323126,0.84957224,0.1502445,1.0,0.06523088,0.048201345,0.84957224
2019-09-20 00:00:00,0.008752692,0.9911985,4.880136e-05,1.0,-0.05731969,0.008768288,0.9911985
2019-09-23 00:00:00,0.0051196837,0.99418133,0.0006989746,1.0,-0.053809363,0.005343076,0.99418133
2019-09-24 00:00:00,0.0011688083,0.96689194,0.03193927,1.0,-0.026522247,0.011376594,0.96689194
2019-09-25 00:00:00,0.014402679,0.98558277,1.45274425e-05,1.0,-0.062028006,0.014407323,0.98558277
2019-09-26 00:00:00,0.022954341,0.9770338,1.1867824e-05,1.0,-0.06911655,0.022958133,0.9770338
2019-09-27 00:00:00,0.00086604373,0.60242873,0.39670524,1.0,0.25410938,0.12765296,0.60242873
2019-09-30 00:00:00,0.0027769138,0.72646725,0.2707558,1.0,0.15571372,0.08931042,0.72646725
2019-10-01 00:00:00,0.0009038588,0.29339975,0.7056964,2.0,0.49158698,0.22644429,0.7056964
2019-10-02 00:00:00,0.0076600416,0.68877125,0.30356872,1.0,0.17688918,0.10468055,0.68877125
2019-10-03 00:00:00,0.002506738,0.43166682,0.5658264,2.0,0.3827464,0.18334477,0.5658264
2019-10-04 00:00:00,0.0013530942,0.33584148,0.66280544,2.0,0.45824617,0.21318558,0.66280544
2019-10-07 00:00:00,0.005701833,0.7534353,0.24086286,1.0,0.13031243,0.08268156,0.7534353
2019-10-08 00:00:00,0.011255693,0.917058,0.0716863,1.0,-0.0043290174,0.034166623,0.917058
2019-10-09 00:00:00,0.00044350832,0.21058524,0.78897125,2.0,0.5559785,0.25259858,0.78897125
2019-10-10 00:00:00,0.00071559503,0.37419286,0.62509155,2.0,0.42978534,0.20049474,0.62509155
2019-10-11 00:00:00,0.0003742344,0.43251014,0.56711566,2.0,0.38550448,0.1816243,0.56711566
2019-10-14 00:00:00,0.00042702229,0.84083235,0.1587406,1.0,0.07155947,0.05116049,0.84083235
2019-10-15 00:00:00,0.00017418878,0.44194755,0.55787826,2.0,0.37856987,0.17847198,0.55787826
2019-10-16 00:00:00,0.013827403,0.014891087,0.9712815,2.0,0.6850221,0.3242488,0.9712815
2019-10-17 00:00:00,0.05763249,2.0742573e-15,0.9423675,2.0,0.62649715,0.358813,0.9423675
2019-10-18 00:00:00,0.007979607,0.0,0.99202037,2.0,0.7058091,0.32502913,0.99202037
2019-10-21 00:00:00,0.004517735,0.0,0.99548227,2.0,0.7113389,0.32267368,0.99548227
2019-10-22 00:00:00,0.047602344,2.6811418e-37,0.95239764,2.0,0.6425186,0.35198846,0.95239764
2019-10-23 00:00:00,0.00020452247,0.0,0.9997955,2.0,0.7182285,0.31973898,0.9997955
2019-10-24 00:00:00,0.00019098412,0.0,0.999809,2.0,0.71825016,0.31972978,0.999809
2019-10-25 00:00:00,0.015291453,0.0,0.98470855,2.0,0.6941297,0.33000413,0.98470855
2019-10-28 00:00:00,8.326658e-06,0.0,0.99999166,2.0,0.7185419,0.31960547,0.99999166
2019-10-29 00:00:00,0.00012683855,0.0,0.99987316,2.0,0.7183526,0.3196861,0.99987316
2019-10-30 00:00:00,2.2778933e-05,0.0,0.99997723,2.0,0.7185188,0.3196153,0.99997723
2019-10-31 00:00:00,7.643914e-05,0.0,0.9999236,2.0,0.7184331,0.3196518,0.9999236
2019-11-01 00:00:00,4.458813e-05,0.0,0.9999554,2.0,0.718484,0.31963015,0.9999554
2019-11-04 00:00:00,0.0029557096,0.0,0.99704427,2.0,0.713834,0.32161087,0.99704427
2019-11-05 00:00:00,0.05005842,4.4184874e-38,0.9499416,2.0,0.63859546,0.35365957,0.9499416
2019-11-06 00:00:00,0.06521251,1.3206446e-19,0.9347875,2.0,0.61438936,0.36397043,0.9347875
2019-11-07 00:00:00,0.010109878,0.11797552,0.8719146,2.0,0.6117234,0.28877363,0.8719146
2019-11-08 00:00:00,5.2958545e-05,0.60092616,0.3990209,1.0,0.25656313,0.12757997,0.60092616
2019-11-11 00:00:00,2.6421378e-05,0.94360363,0.056369975,1.0,-0.0067967013,0.018042255,0.94360363
2019-11-12 00:00:00,5.4125616e-05,0.62072617,0.37921968,1.0,0.24134178,0.12125267,0.62072617
2019-11-13 00:00:00,0.0002850628,0.92424494,0.07546998,1.0,0.007670367,0.024405254,0.92424494
2019-11-14 00:00:00,0.08793779,0.90727216,0.004790043,1.0,-0.119293556,0.08946868,0.90727216
2019-11-15 00:00:00,0.79157484,0.20769337,0.000731767,0.0,-0.70549554,0.7918087,0.79157484
2019-11-18 00:00:00,0.0029141286,0.95913297,0.037952892,1.0,-0.023346119,0.015043866,0.95913297
2019-11-19 00:00:00,0.00016096987,0.85449517,0.14534386,1.0,0.061482403,0.046612836,0.85449517
2019-11-20 00:00:00,0.00022642271,0.8751946,0.12457895,1.0,0.045467027,0.040041834,0.8751946
2019-11-21 00:00:00,7.26125e-05,0.77700555,0.22292185,1.0,0.12118667,0.071318395,0.77700555
2019-11-22 00:00:00,0.0002955663,0.8919774,0.107727036,1.0,0.03245635,0.034725107,0.8919774
2019-11-25 00:00:00,0.03355161,0.9341436,0.032304768,1.0,-0.053075947,0.04387621,0.9341436
2019-11-26 00:00:00,0.06573524,0.9028057,0.031459074,1.0,-0.08039559,0.075789556,0.9028057
2019-11-27 00:00:00,1.0,9.2573604e-10,3.5105793e-10,0.0,-0.87877357,1.0,1.0
2019-11-28 00:00:00,1.0,6.2515944e-09,1.3694922e-09,0.0,-0.87877357,1.0,1.0
2019-11-29 00:00:00,1.0,1.9696391e-09,6.368008e-10,0.0,-0.87877357,1.0,1.0
2019-12-02 00:00:00,0.00023172623,0.87526953,0.12449874,1.0,0.045400977,0.0400215,0.87526953
2019-12-03 00:00:00,3.1481024e-05,0.8993255,0.100643024,1.0,0.027229996,0.032196973,0.8993255
2019-12-04 00:00:00,1.8943312e-05,0.97069836,0.029282728,1.0,-0.027611367,0.0093776975,0.97069836
2019-12-05 00:00:00,0.03639168,1.7905602e-07,0.96360815,2.0,0.6604256,0.34436065,0.96360815
2019-12-06 00:00:00,0.017381717,0.004545257,0.978073,2.0,0.6872971,0.32997367,0.978073
2019-12-09 00:00:00,0.0011324042,0.8057157,0.19315194,1.0,0.09742553,0.06286373,0.8057157
2019-12-10 00:00:00,0.08967884,5.618861e-28,0.9103212,2.0,0.5753086,0.38061732,0.9103212
2019-12-11 00:00:00,0.021906774,0.0,0.9780932,2.0,0.6835629,0.3345052,0.9780932
2019-12-12 00:00:00,0.00054578244,0.0,0.9994542,2.0,0.7176834,0.31997117,0.9994542
2019-12-13 00:00:00,0.0527491,3.570157e-13,0.9472509,2.0,0.63429755,0.35549033,0.9472509
2019-12-16 00:00:00,0.042842515,2.7232397e-10,0.9571575,2.0,0.6501216,0.34874988,0.9571575
2019-12-17 00:00:00,0.055303954,3.6615117e-15,0.94469607,2.0,0.6302166,0.35722864,0.94469607
2019-12-18 00:00:00,0.0059885187,0.32327658,0.6707349,2.0,0.46050003,0.22035527,0.6707349
2019-12-19 00:00:00,0.030607738,9.073762e-07,0.96939135,2.0,0.6696639,0.34042504,0.96939135
2019-12-20 00:00:00,0.02968709,2.0363286e-06,0.97031087,2.0,0.6711336,0.33979827,0.97031087
2019-12-23 00:00:00,0.0616345,2.0840383e-18,0.9383655,2.0,0.6201047,0.36153594,0.9383655
2019-12-24 00:00:00,0.046076547,4.227014e-11,0.95392346,2.0,0.6449558,0.3509503,0.95392346
2019-12-25 00:00:00,0.064576864,3.5171253e-25,0.93542314,2.0,0.6154047,0.36353794,0.93542314
2019-12-26 00:00:00,0.064728774,2.0620668e-25,0.9352712,2.0,0.6151621,0.3636413,0.9352712
2019-12-27 00:00:00,0.002749745,0.0,0.99725026,2.0,0.71416295,0.32147074,0.99725026
2019-12-30 00:00:00,0.022278998,0.0,0.977721,2.0,0.6829683,0.33475846,0.977721
2019-12-31 00:00:00,0.014361045,0.0,0.985639,2.0,0.6956159,0.32937106,0.985639
2020-01-01 00:00:00,0.011923302,0.0,0.9880767,2.0,0.69950974,0.32771245,0.9880767
2020-01-02 00:00:00,0.039450333,2.6123126e-10,0.96054965,2.0,0.65554005,0.34644184,0.96054965
2020-01-03 00:00:00,0.05109544,1.4215062e-30,0.9489046,2.0,0.636939,0.35436517,0.9489046
2020-01-06 00:00:00,0.019270934,0.0,0.98072904,2.0,0.68777317,0.33271176,0.98072904
2020-01-07 00:00:00,0.033073224,7.6930824e-08,0.9669267,2.0,0.6657263,0.34210283,0.9669267
2020-01-08 00:00:00,5.9242142e-05,0.75368977,0.24625102,1.0,0.13912992,0.07876102,0.75368977
2020-01-09 00:00:00,0.0006232977,0.9761312,0.023245482,1.0,-0.032752763,0.008052549,0.9761312
2020-01-10 00:00:00,4.8966813e-05,0.7589772,0.24097387,1.0,0.13508213,0.07706417,0.7589772
2020-01-13 00:00:00,5.9245598e-05,0.6036008,0.39633995,1.0,0.2544972,0.12672943,0.6036008
2020-01-14 00:00:00,5.0518793e-05,0.7351276,0.26482183,1.0,0.15341179,0.08468753,0.7351276
2020-01-15 00:00:00,0.007173309,0.2358373,0.7569894,2.0,0.5258185,0.24910699,0.7569894
2020-01-16 00:00:00,2.3563507e-05,0.9737655,0.026210923,1.0,-0.029976368,0.00840057,0.9737655
2020-01-17 00:00:00,2.3447288e-05,0.9628617,0.037114833,1.0,-0.02159488,0.011885341,0.9628617
2020-01-20 00:00:00,3.8547132e-05,0.8608537,0.13910776,1.0,0.056790426,0.044497363,0.8608537
2020-01-21 00:00:00,5.998925e-05,0.56708217,0.43285784,1.0,0.2825664,0.13840127,0.56708217
2020-01-22 00:00:00,6.1482315e-05,0.6536878,0.34625074,1.0,0.21599379,0.11072315,0.6536878
2020-01-23 00:00:00,0.00011684038,0.8368486,0.16303456,1.0,0.07511709,0.052222654,0.8368486
2020-01-24 00:00:00,0.99955946,0.00044052344,3.8540914e-08,0.0,-0.8784085,0.99955946,0.99955946
2020-01-27 00:00:00,1.0,3.4680997e-10,1.0267745e-14,0.0,-0.87877357,1.0,1.0
2020-01-28 00:00:00,1.0,4.9841736e-14,7.3687904e-18,0.0,-0.87877357,1.0,1.0
2020-01-29 00:00:00,1.0,1.160227e-15,2.4426904e-20,0.0,-0.87877357,1.0,1.0
2020-01-30 00:00:00,0.9999999,1.2421984e-07,8.99919e-09,0.0,-0.87877345,0.9999999,0.9999999
2020-01-31 00:00:00,0.0005822999,0.94663197,0.05278574,1.0,-0.010012396,0.017452613,0.94663197
2020-02-03 00:00:00,0.9752895,0.024700921,9.56368e-06,0.0,-0.8582894,0.97529256,0.9752895
2020-02-04 00:00:00,0.6072575,0.38987574,0.002866748,0.0,-0.5511163,0.6081737,0.6072575
2020-02-05 00:00:00,0.70331913,0.29528743,0.0013934404,0.0,-0.6318521,0.70376444,0.70331913
2020-02-06 00:00:00,0.94103914,0.058925893,3.497603e-05,0.0,-0.8298876,0.9410503,0.94103914
2020-02-07 00:00:00,0.99999785,2.1171215e-06,8.4712386e-13,0.0,-0.87877184,0.99999785,0.99999785
2020-02-10 00:00:00,1.0,2.888303e-09,5.5315874e-21,0.0,-0.87877357,1.0,1.0
2020-02-11 00:00:00,0.9999997,3.2671215e-07,1.8708662e-17,0.0,-0.87877333,0.9999997,0.9999997
2020-02-12 00:00:00,1.0,3.487123e-13,1.3582684e-32,0.0,-0.87877357,1.0,1.0
2020-02-13 00:00:00,1.0,1.1293594e-12,3.0292337e-36,0.0,-0.87877357,1.0,1.0
2020-02-14 00:00:00,1.0,1.6525878e-13,1.936582e-29,0.0,-0.87877357,1.0,1.0
2020-02-17 00:00:00,1.0,7.6531256e-14,1.1428382e-29,0.0,-0.87877357,1.0,1.0
2020-02-18 00:00:00,1.0,2.883241e-13,1.4471943e-35,0.0,-0.87877357,1.0,1.0
2020-02-19 00:00:00,1.0,1.962076e-12,4.8579747e-34,0.0,-0.87877357,1.0,1.0
2020-02-20 00:00:00,1.0,7.6762555e-13,1.0777594e-30,0.0,-0.87877357,1.0,1.0
2020-02-21 00:00:00,0.9888666,0.011133375,5.900232e-11,0.0,-0.86954767,0.9888666,0.9888666
2020-02-24 00:00:00,0.98039305,0.019606946,8.32626e-10,0.0,-0.8625259,0.98039305,0.98039305
2020-02-25 00:00:00,0.1823461,0.8176469,6.9773314e-06,1.0,-0.2012034,0.18234834,0.8176469
2020-02-26 00:00:00,0.04405551,0.95585436,9.0148846e-05,1.0,-0.08654227,0.04408432,0.95585436
2020-02-27 00:00:00,0.00027344518,0.762912,0.23681459,1.0,0.13169903,0.07595935,0.762912
2020-02-28 00:00:00,0.0008628172,0.93997633,0.059160825,1.0,-0.005344582,0.019770607,0.93997633
2020-03-02 00:00:00,0.048219528,9.43078e-18,0.9517805,2.0,0.6415328,0.35240838,0.9517805
2020-03-03 00:00:00,0.01618129,0.0,0.9838187,2.0,0.6927084,0.33060956,0.9838187
2020-03-04 00:00:00,0.011537203,0.0,0.9884628,2.0,0.70012647,0.32744974,0.9884628
2020-03-05 00:00:00,4.4130223e-07,0.0,0.9999996,2.0,0.7185545,0.3196001,0.9999996
2020-03-06 00:00:00,1.4600205e-14,0.0,1.0,2.0,0.7185552,0.3195998,1.0
2020-03-09 00:00:00,9.53363e-31,0.0,1.0,2.0,0.7185552,0.3195998,1.0
2020-03-10 00:00:00,4.5855953e-18,0.0,1.0,2.0,0.7185552,0.3195998,1.0
2020-03-11 00:00:00,4.0124556e-17,0.0,1.0,2.0,0.7185552,0.3195998,1.0
2020-03-12 00:00:00,7.201199e-13,0.0,1.0,2.0,0.7185552,0.3195998,1.0
2020-03-13 00:00:00,1.6843323e-07,0.0,0.9999998,2.0,0.7185549,0.31959993,0.9999998
2020-03-16 00:00:00,9.260968e-11,0.0,1.0,2.0,0.7185552,0.3195998,1.0
2020-03-17 00:00:00,2.3491537e-05,0.0,0.9999765,2.0,0.71851766,0.3196158,0.9999765
2020-03-18 00:00:00,0.01754249,0.0,0.9824575,2.0,0.69053406,0.33153573,0.9824575
2020-03-19 00:00:00,0.9919266,0.008073377,3.8241524e-12,0.0,-0.8720834,0.9919266,0.9919266
2020-03-20 00:00:00,0.98387533,0.016124666,2.4321352e-13,0.0,-0.8654116,0.98387533,0.98387533
2020-03-23 00:00:00,0.9998368,0.00016315805,3.379017e-08,0.0,-0.8786383,0.9998368,0.9998368
2020-03-24 00:00:00,0.9998799,0.00012005817,6.196821e-08,0.0,-0.878674,0.9998799,0.9998799
2020-03-25 00:00:00,0.9982499,2.012128e-10,0.0017501123,0.0,-0.87597805,0.9988092,0.9982499
2020-03-26 00:00:00,0.9852461,2.6134062e-25,0.0147538865,0.0,-0.8552068,0.98996145,0.9852461
2020-03-27 00:00:00,0.29299843,0.0,0.70700157,2.0,0.25054038,0.518956,0.70700157
2020-03-30 00:00:00,0.9998956,0.00010441574,8.563092e-12,0.0,-0.878687,0.9998956,0.9998956
2020-03-31 00:00:00,0.99825364,0.0017463699,6.6677083e-15,0.0,-0.8773264,0.99825364,0.99825364
2020-04-01 00:00:00,0.99207854,0.007921448,7.51277e-19,0.0,-0.8722093,0.99207854,0.99207854
2020-04-02 00:00:00,0.9999999,1.3694714e-07,6e-45,0.0,-0.87877345,0.9999999,0.9999999
2020-04-03 00:00:00,1.0,6.0066164e-17,0.0,0.0,-0.87877357,1.0,1.0
2020-04-06 00:00:00,1.0,2.9448993e-28,0.0,0.0,-0.87877357,1.0,1.0
2020-04-07 00:00:00,1.0,2.7254923e-09,0.0,0.0,-0.87877357,1.0,1.0
2020-04-08 00:00:00,0.99999994,5.021781e-08,0.0,0.0,-0.8787735,0.99999994,0.99999994
2020-04-09 00:00:00,0.98700094,0.012999035,2.8425647e-27,0.0,-0.8680017,0.98700094,0.98700094
2020-04-10 00:00:00,0.9944247,0.0055753235,3.1974107e-15,0.0,-0.8741535,0.9944247,0.9944247
2020-04-13 00:00:00,0.97137994,0.028620066,5.315666e-25,0.0,-0.855057,0.97137994,0.97137994
2020-04-14 00:00:00,0.9998175,1.4485405e-06,0.00018108952,0.0,-0.8784831,0.99987537,0.9998175
2020-04-15 00:00:00,0.9999302,2.702792e-06,6.7110035e-05,0.0,-0.87866414,0.99995166,0.9999302
2020-04-16 00:00:00,0.000112366884,0.0,0.99988765,2.0,0.7183757,0.31967628,0.99988765
2020-04-17 00:00:00,0.0010023938,0.0,0.9989976,2.0,0.71695405,0.32028183,0.9989976
2020-04-20 00:00:00,0.06389487,1.3781365e-29,0.93610513,2.0,0.61649406,0.3630739,0.93610513
2020-04-21 00:00:00,0.14595462,3.0981606e-13,0.8540454,2.0,0.48541766,0.41890737,0.8540454
2020-04-22 00:00:00,0.029878894,0.9697244,0.00039667616,1.0,-0.07455893,0.030005671,0.9697244
2020-04-23 00:00:00,0.26497826,0.7350217,1.7800606e-21,1.0,-0.2696835,0.26497826,0.7350217
2020-04-24 00:00:00,0.56875163,0.43124837,4.3784883e-29,0.0,-0.52141124,0.56875163,0.56875163
2020-04-27 00:00:00,0.019801807,0.9801982,2.0834285e-13,1.0,-0.06651326,0.019801807,0.9801982
2020-04-28 00:00:00,0.014480881,0.9855191,4.7139866e-12,1.0,-0.062103976,0.014480881,0.9855191
2020-04-29 00:00:00,0.0008307185,0.99287546,0.0062938347,1.0,-0.04595469,0.002842227,0.99287546
2020-04-30 00:00:00,0.050972633,2.331838e-23,0.94902736,2.0,0.63713515,0.3542816,0.94902736
2020-05-01 00:00:00,0.0009862486,0.0,0.9990137,2.0,0.71697986,0.32027087,0.9990137
2020-05-04 00:00:00,0.049221955,1.4612316e-25,0.95077807,2.0,0.63993156,0.35309044,0.95077807
2020-05-05 00:00:00,0.00039386158,0.9496083,0.049997833,1.0,-0.0119991945,0.01637316,0.9496083
2020-05-06 00:00:00,0.00047610598,0.96681845,0.03270543,1.0,-0.025359314,0.010928755,0.96681845
2020-05-07 00:00:00,0.00075974996,0.9943412,0.0048990585,1.0,-0.046967987,0.0023254883,0.9943412
2020-05-08 00:00:00,0.0010872396,0.99788135,0.0010314047,1.0,-0.050212275,0.0014168764,0.99788135
2020-05-11 00:00:00,0.0014355718,0.9982828,0.00028161044,1.0,-0.051077265,0.0015255744,0.9982828
2020-05-12 00:00:00,0.0030224766,0.9969729,4.601812e-06,1.0,-0.052605208,0.0030239474,0.9969729
2020-05-13 00:00:00,0.00059136853,0.98789006,0.011518575,1.0,-0.041740302,0.004272703,0.98789006
2020-05-14 00:00:00,0.00022906171,0.90166366,0.0981073,1.0,0.02511716,0.031584136,0.90166366
2020-05-15 00:00:00,0.00028976795,0.926634,0.073076226,1.0,0.0058264886,0.023644917,0.926634
2020-05-18 00:00:00,0.02418199,8.271649e-05,0.9757353,2.0,0.679865,0.33602682,0.9757353
2020-05-19 00:00:00,0.04382075,1.5927033e-10,0.95617926,2.0,0.64855903,0.34941545,0.95617926
2020-05-20 00:00:00,0.0026820588,0.0,0.99731797,2.0,0.71427107,0.3214247,0.99731797
2020-05-21 00:00:00,0.0023517385,0.0,0.99764824,2.0,0.7147987,0.32119995,0.99764824
2020-05-22 00:00:00,0.052389916,3.5011476e-15,0.9476101,2.0,0.6348713,0.35524592,0.9476101
2020-05-25 00:00:00,0.049728937,3.4466925e-13,0.95027107,2.0,0.6391217,0.3534354,0.95027107
2020-05-26 00:00:00,0.016292226,0.0,0.9837078,2.0,0.69253117,0.33068505,0.9837078
2020-05-27 00:00:00,0.02123415,0.0,0.97876585,2.0,0.6846373,0.33404753,0.97876585
2020-05-28 00:00:00,0.026703754,1.2218e-41,0.9732962,2.0,0.6759005,0.33776906,0.9732962
2020-05-29 00:00:00,0.033784013,3.2952406e-36,0.96621597,2.0,0.664591,0.34258646,0.96621597
2020-06-01 00:00:00,2.054304e-05,0.0,0.99997944,2.0,0.71852237,0.31961378,0.99997944
2020-06-02 00:00:00,3.248777e-15,0.0,1.0,2.0,0.7185552,0.3195998,1.0
2020-06-03 00:00:00,9.115039e-26,0.0,1.0,2.0,0.7185552,0.3195998,1.0
2020-06-04 00:00:00,1.362926e-32,0.0,1.0,2.0,0.7185552,0.3195998,1.0
2020-06-05 00:00:00,1.3863585e-24,0.0,1.0,2.0,0.7185552,0.3195998,1.0
2020-06-08 00:00:00,2.5989534e-31,0.0,1.0,2.0,0.7185552,0.3195998,1.0
2020-06-09 00:00:00,1.7659771e-30,0.0,1.0,2.0,0.7185552,0.3195998,1.0
2020-06-10 00:00:00,9.821342e-39,0.0,1.0,2.0,0.7185552,0.3195998,1.0
2020-06-11 00:00:00,1.4385709e-27,0.0,1.0,2.0,0.7185552,0.3195998,1.0
2020-06-12 00:00:00,1.1558994e-21,0.0,1.0,2.0,0.7185552,0.3195998,1.0
2020-06-15 00:00:00,3.7428268e-20,0.0,1.0,2.0,0.7185552,0.3195998,1.0
2020-06-16 00:00:00,1.2203265e-11,0.0,1.0,2.0,0.7185552,0.3195998,1.0
2020-06-17 00:00:00,7.900035e-07,0.0,0.9999992,2.0,0.71855396,0.31960034,0.9999992
2020-06-18 00:00:00,1.2828962e-06,0.0,0.9999987,2.0,0.7185531,0.3196007,0.9999987
2020-06-19 00:00:00,1.7729214e-07,0.0,0.9999998,2.0,0.7185549,0.31959993,0.9999998
2020-06-22 00:00:00,3.917287e-14,0.0,1.0,2.0,0.7185552,0.3195998,1.0
2020-06-23 00:00:00,3.9949256e-11,0.0,1.0,2.0,0.7185552,0.3195998,1.0
2020-06-24 00:00:00,3.389679e-05,0.0,0.9999661,2.0,0.71850103,0.31962287,0.9999661
2020-06-25 00:00:00,0.020899605,1.37e-43,0.9791004,2.0,0.68517166,0.33381993,0.9791004
2020-06-26 00:00:00,0.04211036,2.9281412e-29,0.9578896,2.0,0.65129113,0.3482517,0.9578896
2020-06-29 00:00:00,0.03559314,3.2047554e-33,0.96440685,2.0,0.66170126,0.34381738,0.96440685
2020-06-30 00:00:00,0.02989216,1.9027704e-05,0.97008884,2.0,0.67079294,0.33993235,0.97008884
2020-07-01 00:00:00,0.003099742,0.5388758,0.45802444,1.0,0.29939198,0.14948426,0.5388758
2020-07-02 00:00:00,0.0028113665,0.9939236,0.0032650002,1.0,-0.04992413,0.0038548599,0.9939236
2020-07-03 00:00:00,0.00054201664,0.80706686,0.19239116,1.0,0.09732999,0.062030192,0.80706686
2020-07-06 00:00:00,0.00051293767,0.7970563,0.20243074,1.0,0.1050711,0.06520976,0.7970563
2020-07-07 00:00:00,0.0013183799,0.89411706,0.10456453,1.0,0.029177891,0.034737185,0.89411706
2020-07-08 00:00:00,0.0008383794,0.72989464,0.26926696,1.0,0.15617572,0.086896054,0.72989464
2020-07-09 00:00:00,0.00044594693,0.6744193,0.32513478,1.0,0.19944422,0.10435896,0.6744193
2020-07-10 00:00:00,0.019599183,0.0005477697,0.97985303,2.0,0.68682784,0.33276004,0.97985303
2020-07-13 00:00:00,0.00050665595,0.7061594,0.29333392,1.0,0.17494988,0.094256125,0.7061594
2020-07-14 00:00:00,0.015960466,0.0,0.98403955,2.0,0.6930611,0.33045933,0.98403955
2020-07-15 00:00:00,0.0021435167,0.0,0.9978565,2.0,0.7151313,0.32105827,0.9978565
2020-07-16 00:00:00,0.0013555031,0.0,0.9986445,2.0,0.71639,0.3205221,0.9986445
2020-07-17 00:00:00,4.802289e-07,0.0,0.9999995,2.0,0.71855444,0.31960014,0.9999995
2020-07-20 00:00:00,0.0016664158,0.0,0.9983336,2.0,0.7158934,0.32073364,0.9983336
2020-07-21 00:00:00,1.9654366e-05,0.0,0.99998033,2.0,0.7185238,0.3196132,0.99998033
2020-07-22 00:00:00,1.1272177e-12,0.0,1.0,2.0,0.7185552,0.3195998,1.0
2020-07-23 00:00:00,1.4198391e-19,0.0,1.0,2.0,0.7185552,0.3195998,1.0
2020-07-24 00:00:00,6.049352e-25,0.0,1.0,2.0,0.7185552,0.3195998,1.0
2020-07-27 00:00:00,3.8227356e-34,0.0,1.0,2.0,0.7185552,0.3195998,1.0
2020-07-28 00:00:00,8.786773e-28,0.0,1.0,2.0,0.7185552,0.3195998,1.0
2020-07-29 00:00:00,6.61858e-32,0.0,1.0,2.0,0.7185552,0.3195998,1.0
2020-07-30 00:00:00,1.53e-43,0.0,1.0,2.0,0.7185552,0.3195998,1.0
2020-07-31 00:00:00,4.1792213e-28,0.0,1.0,2.0,0.7185552,0.3195998,1.0
2020-08-03 00:00:00,6.2324124e-20,0.0,1.0,2.0,0.7185552,0.3195998,1.0
2020-08-04 00:00:00,2.313258e-29,0.0,1.0,2.0,0.7185552,0.3195998,1.0
2020-08-05 00:00:00,8.2959505e-29,0.0,1.0,2.0,0.7185552,0.3195998,1.0
2020-08-06 00:00:00,3.4213476e-37,0.0,1.0,2.0,0.7185552,0.3195998,1.0
2020-08-07 00:00:00,1.6760593e-23,0.0,1.0,2.0,0.7185552,0.3195998,1.0
2020-08-10 00:00:00,2.0503073e-14,0.0,1.0,2.0,0.7185552,0.3195998,1.0
2020-08-11 00:00:00,3.7517156e-10,0.0,1.0,2.0,0.7185552,0.3195998,1.0
2020-08-12 00:00:00,2.3104123e-13,0.0,1.0,2.0,0.7185552,0.3195998,1.0
2020-08-13 00:00:00,1.1188909e-17,0.0,1.0,2.0,0.7185552,0.3195998,1.0
2020-08-14 00:00:00,1.0593112e-16,0.0,1.0,2.0,0.7185552,0.3195998,1.0
2020-08-17 00:00:00,6.034636e-17,0.0,1.0,2.0,0.7185552,0.3195998,1.0
2020-08-18 00:00:00,3.3001542e-16,0.0,1.0,2.0,0.7185552,0.3195998,1.0
2020-08-19 00:00:00,6.5489667e-07,0.0,0.99999934,2.0,0.71855414,0.31960025,0.99999934
2020-08-20 00:00:00,1.1130992e-06,0.0,0.99999887,2.0,0.7185534,0.31960058,0.99999887
2020-08-21 00:00:00,0.02716144,2.87e-43,0.9728386,2.0,0.67516947,0.33808047,0.9728386
2020-08-24 00:00:00,0.023286771,0.001648549,0.9750647,2.0,0.6800914,0.33491728,0.9750647
2020-08-25 00:00:00,0.050623808,1.6269939e-29,0.94937617,2.0,0.63769233,0.35404426,0.94937617
2020-08-26 00:00:00,0.047733083,6.379391e-09,0.95226693,2.0,0.6423098,0.35207742,0.95226693
2020-08-27 00:00:00,0.0076635717,0.45685995,0.5354765,2.0,0.35514432,0.17880176,0.5354765
2020-08-28 00:00:00,0.03917448,2.0199864e-33,0.9608255,2.0,0.6559807,0.34625414,0.9608255
2020-08-31 00:00:00,0.0037209294,0.0,0.99627906,2.0,0.7126117,0.32213154,0.99627906
2020-09-01 00:00:00,0.04935627,7.3564985e-27,0.9506437,2.0,0.639717,0.35318184,0.9506437
2020-09-02 00:00:00,0.0022225047,0.3856314,0.6121461,2.0,0.41858596,0.19786428,0.6121461
2020-09-03 00:00:00,0.002121011,0.539004,0.45887494,1.0,0.30085677,0.14877737,0.539004
2020-09-04 00:00:00,0.023789264,2.93365e-05,0.9761814,2.0,0.68053335,0.33577666,0.9761814
2020-09-07 00:00:00,0.047920734,1.9624565e-15,0.9520793,2.0,0.64201003,0.3522051,0.9520793
2020-09-08 00:00:00,0.00848042,0.115197174,0.8763224,2.0,0.6164618,0.2885529,0.8763224
2020-09-09 00:00:00,0.0002625017,0.8644814,0.13525613,1.0,0.053644244,0.043490335,0.8644814
2020-09-10 00:00:00,0.00020479696,0.878769,0.121026255,1.0,0.042754136,0.038884766,0.878769
2020-09-11 00:00:00,0.00014883038,0.8770672,0.12278398,1.0,0.04415161,0.039390568,0.8770672
2020-09-14 00:00:00,0.00014268773,0.8225704,0.17728695,1.0,0.08605091,0.056803565,0.8225704
2020-09-15 00:00:00,0.0021713905,0.9962979,0.0015307259,1.0,-0.05072687,0.0026606102,0.9962979
2020-09-16 00:00:00,0.00014022106,0.7897165,0.21014331,1.0,0.11130831,0.06730199,0.7897165
2020-09-17 00:00:00,8.443191e-05,0.7699754,0.22994015,1.0,0.12657155,0.07357326,0.7699754
2020-09-18 00:00:00,0.010788468,0.055079136,0.9341324,2.0,0.6589854,0.30933702,0.9341324
2020-09-21 00:00:00,9.108895e-05,0.8123189,0.18759,1.0,0.094013214,0.06004482,0.8123189
2020-09-22 00:00:00,0.003326239,0.99660647,6.728162e-05,1.0,-0.052808747,0.0033477421,0.99660647
2020-09-23 00:00:00,0.022397615,0.97760236,2.962422e-09,1.0,-0.06866433,0.022397615,0.97760236
2020-09-24 00:00:00,0.005178517,0.9948176,3.8631692e-06,1.0,-0.05439242,0.005179752,0.9948176
2020-09-25 00:00:00,0.9821877,0.01781233,1.7252322e-21,0.0,-0.864013,0.9821877,0.9821877
2020-09-28 00:00:00,0.91612726,0.083872736,5.095483e-19,0.0,-0.8092708,0.91612726,0.91612726
2020-09-29 00:00:00,0.01767486,0.98232514,1.0804471e-08,1.0,-0.06475072,0.017674863,0.98232514
2020-09-30 00:00:00,0.002294054,0.99737865,0.0003273111,1.0,-0.051753532,0.0023986625,0.99737865
2020-10-01 00:00:00,0.00070157205,0.9922232,0.007075226,1.0,-0.045247044,0.002962813,0.9922232
2020-10-02 00:00:00,0.0014239002,0.99810797,0.00046812472,1.0,-0.050924227,0.0015735128,0.99810797
2020-10-05 00:00:00,9.601312e-05,0.8112466,0.18865743,1.0,0.09482962,0.060390893,0.8112466
2020-10-06 00:00:00,9.2349335e-05,0.8153175,0.18459015,1.0,0.0917063,0.059087325,0.8153175
2020-10-07 00:00:00,0.00010677497,0.8284336,0.17145963,1.0,0.08160145,0.05490524,0.8284336
2020-10-08 00:00:00,0.00017425824,0.9011752,0.09865057,1.0,0.025580162,0.03170296,0.9011752
2020-10-09 00:00:00,7.780505e-05,0.8404916,0.15943062,1.0,0.07237925,0.0510318,0.8404916
2020-10-12 00:00:00,0.00018675128,0.9039844,0.0958288,1.0,0.023400836,0.03081362,0.9039844
2020-10-13 00:00:00,0.00071018346,0.99550813,0.0037816865,1.0,-0.04778579,0.0019188097,0.99550813
2020-10-14 00:00:00,0.00025838267,0.93306303,0.06667858,1.0,0.0009348888,0.021568846,0.93306303
2020-10-15 00:00:00,0.0023540666,0.9976295,1.6412347e-05,1.0,-0.05204224,0.002359312,0.9976295
2020-10-16 00:00:00,0.0012429703,0.99838734,0.00036968844,1.0,-0.05084996,0.0013611227,0.99838734
2020-10-19 00:00:00,5.7863912e-05,0.9252056,0.074736536,1.0,0.0072948704,0.023943646,0.9252056
2020-10-20 00:00:00,0.053594597,4.4309846e-31,0.9464054,2.0,0.632947,0.3560656,0.9464054
2020-10-21 00:00:00,0.001462373,0.0,0.9985376,2.0,0.7162193,0.32059482,0.9985376
2020-10-22 00:00:00,0.03541468,2.392e-42,0.9645853,2.0,0.6619863,0.34369597,0.9645853
2020-10-23 00:00:00,6.5552274e-05,0.0,0.99993443,2.0,0.7184505,0.31964442,0.99993443
2020-10-26 00:00:00,0.045735173,6.7368296e-36,0.9542648,2.0,0.6455011,0.35071805,0.9542648
2020-10-27 00:00:00,0.0076123746,0.22232616,0.7700615,2.0,0.5355027,0.2537239,0.7700615
2020-10-28 00:00:00,0.00039261507,0.89327204,0.10633536,1.0,0.031306203,0.034377377,0.89327204
2020-10-29 00:00:00,0.00031297706,0.93582004,0.06386701,1.0,-0.001271496,0.020724861,0.93582004
2020-10-30 00:00:00,0.00029635074,0.9403765,0.05932715,1.0,-0.0047473204,0.019257298,0.9403765
2020-11-02 00:00:00,0.0029442569,0.9970503,5.485521e-06,1.0,-0.05253971,0.0029460099,0.9970503
2020-11-03 00:00:00,0.0015853427,0.72017896,0.2782357,1.0,0.16245063,0.09050942,0.72017896
2020-11-04 00:00:00,0.0001920697,0.8872719,0.11253604,1.0,0.036238603,0.03615857,0.8872719
2020-11-05 00:00:00,0.02345428,0.00023701202,0.9763087,2.0,0.6809088,0.33548236,0.9763087
2020-11-06 00:00:00,0.018561766,0.0031509297,0.9782873,2.0,0.686484,0.3312222,0.9782873
2020-11-09 00:00:00,0.0004891034,0.86760604,0.13190487,1.0,0.050880488,0.042645875,0.86760604
2020-11-10 00:00:00,0.044493902,4.7169237e-11,0.9555061,2.0,0.6474838,0.34987348,0.9555061
2020-11-11 00:00:00,0.010467611,0.10699358,0.8825388,2.0,0.6195934,0.29252684,0.8825388
2020-11-12 00:00:00,0.05480916,1.6963851e-18,0.94519085,2.0,0.63100696,0.356892,0.94519085
2020-11-13 00:00:00,0.050505128,8.255701e-27,0.9494949,2.0,0.6378819,0.35396352,0.9494949
2020-11-16 00:00:00,0.05323998,7.7027625e-16,0.94676,2.0,0.63351345,0.35582432,0.94676
2020-11-17 00:00:00,0.008102094,0.18740211,0.8044958,2.0,0.5615651,0.2652188,0.8044958
2020-11-18 00:00:00,0.000112125,0.8805795,0.11930841,1.0,0.041510496,0.03824307,0.8805795
2020-11-19 00:00:00,0.021096092,0.0003877686,0.97851616,2.0,0.68455976,0.33382967,0.97851616
2020-11-20 00:00:00,9.1726964e-05,0.87652403,0.12338422,1.0,0.044660307,0.039525304,0.87652403
2020-11-23 00:00:00,0.005367762,0.33977506,0.65485716,2.0,0.44880986,0.21466,0.65485716
2020-11-24 00:00:00,0.047576934,1.2197809e-29,0.95242304,2.0,0.6425592,0.35197118,0.95242304
2020-11-25 00:00:00,0.0056331516,0.0,0.9943668,2.0,0.7095572,0.32343262,0.9943668
2020-11-26 00:00:00,4.269044e-06,0.0,0.9999957,2.0,0.71854836,0.31960273,0.9999957
2020-11-27 00:00:00,7.2132014e-12,0.0,1.0,2.0,0.7185552,0.3195998,1.0
2020-11-30 00:00:00,3.6118558e-10,0.0,1.0,2.0,0.7185552,0.3195998,1.0
2020-12-01 00:00:00,4.7108553e-11,0.0,1.0,2.0,0.7185552,0.3195998,1.0
2020-12-02 00:00:00,7.949905e-18,0.0,1.0,2.0,0.7185552,0.3195998,1.0
2020-12-03 00:00:00,2.7929948e-13,0.0,1.0,2.0,0.7185552,0.3195998,1.0
2020-12-04 00:00:00,3.9526057e-07,0.0,0.9999996,2.0,0.71855456,0.31960008,0.9999996
2020-12-07 00:00:00,9.6508995e-11,0.0,1.0,2.0,0.7185552,0.3195998,1.0
2020-12-08 00:00:00,1.9294904e-11,0.0,1.0,2.0,0.7185552,0.3195998,1.0
2020-12-09 00:00:00,2.1369035e-12,0.0,1.0,2.0,0.7185552,0.3195998,1.0
2020-12-10 00:00:00,1.0098918e-15,0.0,1.0,2.0,0.7185552,0.3195998,1.0
2020-12-11 00:00:00,5.838855e-10,0.0,1.0,2.0,0.7185552,0.3195998,1.0
2020-12-14 00:00:00,1.13713254e-10,0.0,1.0,2.0,0.7185552,0.3195998,1.0
2020-12-15 00:00:00,8.9598995e-11,0.0,1.0,2.0,0.7185552,0.3195998,1.0
2020-12-16 00:00:00,3.3407061e-16,0.0,1.0,2.0,0.7185552,0.3195998,1.0
2020-12-17 00:00:00,4.3931818e-20,0.0,1.0,2.0,0.7185552,0.3195998,1.0
2020-12-18 00:00:00,1.1543753e-20,0.0,1.0,2.0,0.7185552,0.3195998,1.0
2020-12-21 00:00:00,1.1970666e-19,0.0,1.0,2.0,0.7185552,0.3195998,1.0
2020-12-22 00:00:00,1.0251299e-09,0.0,1.0,2.0,0.7185552,0.3195998,1.0
2020-12-23 00:00:00,5.887085e-09,0.0,1.0,2.0,0.7185552,0.3195998,1.0
2020-12-24 00:00:00,1.5501728e-08,0.0,1.0,2.0,0.71855515,0.31959984,1.0
2020-12-25 00:00:00,2.4704984e-06,0.0,0.99999756,2.0,0.7185513,0.3196015,0.99999756
2020-12-28 00:00:00,7.8993295e-10,0.0,1.0,2.0,0.7185552,0.3195998,1.0
2020-12-29 00:00:00,0.0010361412,0.0,0.99896383,2.0,0.71690017,0.3203048,0.99896383
2020-12-30 00:00:00,0.0008076244,0.0,0.99919236,2.0,0.7172651,0.32014933,0.99919236
2020-12-31 00:00:00,0.03765967,1.5152083e-09,0.96234035,2.0,0.6584003,0.34522346,0.96234035
2021-01-01 00:00:00,0.054799836,1.587191e-20,0.94520015,2.0,0.63102186,0.35688564,0.94520015
2021-01-04 00:00:00,0.01917167,0.0,0.98082834,2.0,0.6879317,0.33264422,0.98082834
2021-01-05 00:00:00,0.001187905,0.0,0.9988121,2.0,0.7166577,0.32040808,0.9988121
2021-01-06 00:00:00,2.2558598e-07,0.0,0.99999976,2.0,0.71855485,0.31959996,0.99999976
2021-01-07 00:00:00,0.04215863,2.0608012e-35,0.9578414,2.0,0.651214,0.34828454,0.9578414
2021-01-08 00:00:00,0.055116635,2.1730185e-23,0.94488335,2.0,0.6305158,0.35710117,0.94488335
2021-01-11 00:00:00,0.00010234657,0.91505283,0.08484485,1.0,0.015027859,0.027218744,0.91505283
2021-01-12 00:00:00,0.018506356,0.00087994064,0.9806137,2.0,0.6883181,0.3319103,0.9806137
2021-01-13 00:00:00,0.00013844119,0.7772988,0.22256275,1.0,0.1208561,0.07126945,0.7772988
2021-01-14 00:00:00,0.0011755947,0.99677354,0.0020508934,1.0,-0.04950185,0.0018310599,0.99677354
2021-01-15 00:00:00,0.0083397,0.99166024,4.668536e-08,1.0,-0.05701493,0.008339715,0.99166024
2021-01-18 00:00:00,0.004458909,0.99553895,2.1350475e-06,1.0,-0.05379743,0.004459591,0.99553895
2021-01-19 00:00:00,0.00015146994,0.88227344,0.11757512,1.0,0.040145576,0.037728455,0.88227344
2021-01-20 00:00:00,0.0003403152,0.97303987,0.026619827,1.0,-0.029924542,0.008848007,0.97303987
2021-01-21 00:00:00,8.552688e-05,0.8495843,0.15033019,1.0,0.065377705,0.048131026,0.8495843
2021-01-22 00:00:00,9.63678e-05,0.8470371,0.15286657,1.0,0.06731834,0.048952498,0.8470371
2021-01-25 00:00:00,0.00033112947,0.9669758,0.03269304,1.0,-0.025248697,0.010779819,0.9669758
2021-01-26 00:00:00,0.0004535604,0.9856841,0.0138623305,1.0,-0.039824553,0.0048839585,0.9856841
2021-01-27 00:00:00,0.008602676,0.9913973,2.798577e-09,1.0,-0.057232883,0.008602677,0.9913973
2021-01-28 00:00:00,0.00051924575,0.99064314,0.008837638,1.0,-0.04374126,0.0033437535,0.99064314
2021-01-29 00:00:00,0.00032392232,0.9594073,0.040268745,1.0,-0.01941959,0.013193806,0.9594073
2021-02-01 00:00:00,0.00651641,0.99348354,3.0502793e-08,1.0,-0.05550404,0.00651642,0.99348354
2021-02-02 00:00:00,0.09739831,0.9026017,1.4576501e-16,1.0,-0.13081512,0.09739831,0.9026017
2021-02-03 00:00:00,0.5693819,0.4306181,3.794236e-22,0.0,-0.5219335,0.5693819,0.5693819
2021-02-04 00:00:00,0.56943774,0.4305623,2.850165e-23,0.0,-0.52197975,0.56943774,0.56943774
2021-02-05 00:00:00,0.005079303,0.9949206,8.854826e-08,1.0,-0.05431311,0.005079331,0.9949206
2021-02-08 00:00:00,0.00091413787,0.9979084,0.0011774527,1.0,-0.04995657,0.0012904515,0.9979084
2021-02-09 00:00:00,0.00057633413,0.9938034,0.005620277,1.0,-0.046261624,0.0023725736,0.9938034
2021-02-10 00:00:00,0.00014184021,0.89717746,0.10268072,1.0,0.028704844,0.032958582,0.89717746
2021-02-11 00:00:00,8.398721e-05,0.8551854,0.14473063,1.0,0.061074834,0.04633987,0.8551854
2021-02-12 00:00:00,0.010817231,0.059820995,0.92936176,2.0,0.65529454,0.3078411,0.92936176
2021-02-15 00:00:00,0.020387456,0.00033032955,0.9792822,2.0,0.6857358,0.3333659,0.9792822
2021-02-16 00:00:00,0.00014804942,0.9006882,0.0991638,1.0,0.025996383,0.031840783,0.9006882
2021-02-17 00:00:00,0.00027158373,0.96141773,0.038310688,1.0,-0.020881297,0.0125156725,0.96141773
2021-02-18 00:00:00,0.0003122403,0.9712005,0.028487228,1.0,-0.028465882,0.009416753,0.9712005
2021-02-19 00:00:00,0.00015536854,0.90759003,0.09225461,1.0,0.020679506,0.029639926,0.90759003
2021-02-22 00:00:00,0.0001544454,0.94019395,0.059651595,1.0,-0.004380341,0.019219084,0.94019395
2021-02-23 00:00:00,6.600099e-05,0.82486683,0.1750672,1.0,0.08440822,0.056017444,0.82486683
2021-02-24 00:00:00,0.033091944,1.9970423e-07,0.96690786,2.0,0.6656963,0.34211552,0.96690786
2021-02-25 00:00:00,0.0041429154,0.45274627,0.5431108,2.0,0.36392996,0.17772104,0.5431108
2021-02-26 00:00:00,0.00026934192,0.9457148,0.054015912,1.0,-0.008807475,0.017532816,0.9457148
2021-03-01 00:00:00,7.1709364e-05,0.81062,0.18930826,1.0,0.09535002,0.060574595,0.81062
2021-03-02 00:00:00,0.015242827,0.0073034856,0.9774537,2.0,0.6885935,0.32763684,0.9774537
2021-03-03 00:00:00,4.805015e-05,0.9283958,0.07155614,1.0,0.0048583657,0.02291738,0.9283958
2021-03-04 00:00:00,5.413014e-05,0.88484395,0.11510194,1.0,0.038325213,0.03684069,0.88484395
2021-03-05 00:00:00,0.0027418344,0.9971713,8.689238e-05,1.0,-0.052309394,0.002769605,0.9971713
2021-03-08 00:00:00,0.028067693,0.9719323,1.2840351e-10,1.0,-0.073362954,0.028067693,0.9719323
2021-03-09 00:00:00,0.103323504,0.8966765,1.7928341e-12,1.0,-0.13572514,0.103323504,0.8966765
2021-03-10 00:00:00,0.021108055,0.97889197,1.3438382e-09,1.0,-0.06759571,0.021108055,0.97889197
2021-03-11 00:00:00,0.0029759784,0.9970139,1.01181695e-05,1.0,-0.052562438,0.0029792122,0.9970139
2021-03-12 00:00:00,0.004581285,0.9954179,8.072815e-07,1.0,-0.053899862,0.0045815436,0.9954179
2021-03-15 00:00:00,0.014091082,0.9859089,4.152364e-10,1.0,-0.06178096,0.014091082,0.9859089
2021-03-16 00:00:00,0.008893338,0.9911066,2.166698e-08,1.0,-0.057473734,0.0088933455,0.9911066
2021-03-17 00:00:00,0.00033548198,0.9254483,0.07421621,1.0,0.0066648675,0.02405497,0.9254483
2021-03-18 00:00:00,0.005345271,0.99465454,1.6879261e-07,1.0,-0.054533444,0.0053453245,0.99465454
2021-03-19 00:00:00,0.018794622,0.9812054,1.8447974e-11,1.0,-0.06567864,0.018794622,0.9812054
2021-03-22 00:00:00,0.0331482,0.9668518,3.363312e-13,1.0,-0.07757302,0.0331482,0.9668518
2021-03-23 00:00:00,0.2330324,0.7669676,7.630586e-23,1.0,-0.24321096,0.2330324,0.7669676
2021-03-24 00:00:00,0.625642,0.37435797,7.341396e-30,0.0,-0.5685546,0.625642,0.625642
2021-03-25 00:00:00,0.8707108,0.12928918,1.2098351e-33,0.0,-0.7716356,0.8707108,0.8707108
2021-03-26 00:00:00,0.15249896,0.84750104,1.2024839e-18,1.0,-0.17647533,0.15249896,0.84750104
2021-03-29 00:00:00,0.17640193,0.8235981,1.2663922e-18,1.0,-0.196283,0.17640193,0.8235981
2021-03-30 00:00:00,0.82823735,0.17176266,2.245943e-31,0.0,-0.7364391,0.82823735,0.82823735
2021-03-31 00:00:00,0.6158508,0.3841492,3.7039206e-25,0.0,-0.5604409,0.6158508,0.6158508
2021-04-01 00:00:00,0.03399584,0.96600413,9.986612e-09,1.0,-0.07827542,0.033995844,0.96600413
2021-04-02 00:00:00,0.016983166,0.9830109,5.9458907e-06,1.0,-0.064172976,0.016985066,0.9830109
2021-04-05 00:00:00,0.00040750534,0.5798284,0.41976413,1.0,0.27221382,0.13456404,0.5798284
2021-04-06 00:00:00,0.00026438522,0.64755124,0.35218439,1.0,0.2203866,0.11282245,0.64755124
2021-04-07 00:00:00,0.00040764283,0.830393,0.16919935,1.0,0.07961474,0.054483723,0.830393
2021-04-08 00:00:00,0.0004576436,0.92058945,0.078952916,1.0,0.010204548,0.025690982,0.92058945
2021-04-09 00:00:00,0.0002625567,0.8837605,0.11597696,1.0,0.038825084,0.037328772,0.8837605
2021-04-12 00:00:00,8.8389796e-05,0.81136596,0.18854567,1.0,0.09475003,0.060347553,0.81136596
2021-04-13 00:00:00,0.01812814,0.0010575457,0.98081434,2.0,0.68878573,0.33159623,0.98081434
2021-04-14 00:00:00,6.10985e-05,0.84092075,0.15901816,1.0,0.072076045,0.05088327,0.84092075
2021-04-15 00:00:00,0.01709556,0.0019241542,0.9809803,2.0,0.68976897,0.33061668,0.9809803
2021-04-16 00:00:00,0.049923185,5.963177e-14,0.9500768,2.0,0.63881147,0.35356757,0.9500768
2021-04-19 00:00:00,0.053235076,1.5935274e-26,0.94676495,2.0,0.63352126,0.35582098,0.94676495
2021-04-20 00:00:00,0.00042674068,0.0,0.99957323,2.0,0.7178736,0.31989017,0.99957323
2021-04-21 00:00:00,4.0969408e-06,0.0,0.9999959,2.0,0.71854866,0.3196026,0.9999959
2021-04-22 00:00:00,2.3891687e-07,0.0,0.99999976,2.0,0.7185548,0.3196,0.99999976
2021-04-23 00:00:00,4.122865e-12,0.0,1.0,2.0,0.7185552,0.3195998,1.0
2021-04-26 00:00:00,5.811733e-13,0.0,1.0,2.0,0.7185552,0.3195998,1.0
2021-04-27 00:00:00,1.068312e-20,0.0,1.0,2.0,0.7185552,0.3195998,1.0
2021-04-28 00:00:00,1.2387534e-24,0.0,1.0,2.0,0.7185552,0.3195998,1.0
2021-04-29 00:00:00,4.2176322e-18,0.0,1.0,2.0,0.7185552,0.3195998,1.0
2021-04-30 00:00:00,7.334811e-08,0.0,0.99999994,2.0,0.7185551,0.31959987,0.99999994
2021-05-03 00:00:00,6.880974e-07,0.0,0.9999993,2.0,0.7185541,0.31960028,0.9999993
2021-05-04 00:00:00,0.017910453,0.0,0.9820895,2.0,0.6899463,0.3317861,0.9820895
2021-05-05 00:00:00,0.024039427,0.0,0.97596055,2.0,0.68015635,0.33595625,0.97596055
2021-05-06 00:00:00,0.012311392,0.0,0.9876886,2.0,0.69888985,0.3279765,0.9876886
2021-05-07 00:00:00,1.10250916e-07,0.0,0.9999999,2.0,0.71855503,0.3195999,0.9999999
2021-05-10 00:00:00,2.6078358e-05,0.0,0.9999739,2.0,0.71851355,0.31961757,0.9999739
2021-05-11 00:00:00,0.00076725526,0.0,0.99923277,2.0,0.7173296,0.32012185,0.99923277
2021-05-12 00:00:00,0.048363946,4.6281603e-19,0.9516361,2.0,0.64130205,0.35250667,0.9516361
2021-05-13 00:00:00,0.044693638,1.6258512e-25,0.95530635,2.0,0.64716476,0.35000938,0.95530635
2021-05-14 00:00:00,0.009879244,0.0,0.99012077,2.0,0.7027748,0.32632166,0.99012077
2021-05-17 00:00:00,0.040334515,6.402723e-29,0.9596655,2.0,0.6541277,0.34704342,0.9596655
2021-05-18 00:00:00,0.0012630027,0.0,0.998737,2.0,0.7165378,0.32045916,0.998737
2021-05-19 00:00:00,0.028776348,4.5848024e-37,0.97122365,2.0,0.6725899,0.33917925,0.97122365
2021-05-20 00:00:00,0.00040818556,0.0,0.9995918,2.0,0.7179032,0.31987754,0.9995918
2021-05-21 00:00:00,0.046571616,1.1476138e-13,0.9534284,2.0,0.64416504,0.35128716,0.9534284
2021-05-24 00:00:00,0.02982587,3.3864337e-37,0.97017413,2.0,0.67091346,0.33989334,0.97017413
2021-05-25 00:00:00,0.014009905,0.0,0.9859901,2.0,0.69617677,0.32913217,0.9859901
2021-05-26 00:00:00,0.028962582,4.5986058e-06,0.9710328,2.0,0.6722889,0.3393045,0.9710328
2021-05-27 00:00:00,0.03808953,6.766777e-09,0.9619105,2.0,0.6577137,0.34551594,0.9619105
2021-05-28 00:00:00,0.005633917,0.0,0.9943661,2.0,0.709556,0.32343313,0.9943661
2021-05-31 00:00:00,0.005239005,0.0,0.994761,2.0,0.7101868,0.32316443,0.994761
2021-06-01 00:00:00,0.0004390902,0.0,0.9995609,2.0,0.71785384,0.31989858,0.9995609
2021-06-02 00:00:00,0.00049172837,0.0,0.99950826,2.0,0.71776974,0.3199344,0.99950826
2021-06-03 00:00:00,0.031029189,1.9508597e-07,0.9689706,2.0,0.6689912,0.340712,0.9689706
2021-06-04 00:00:00,7.723748e-05,0.81942374,0.18049902,1.0,0.088574134,0.05776469,0.81942374
2021-06-07 00:00:00,0.015771676,0.0037575446,0.9804708,2.0,0.6904744,0.32912996,0.9804708
2021-06-08 00:00:00,0.000648868,0.8492399,0.15011121,1.0,0.06474258,0.048624385,0.8492399
2021-06-09 00:00:00,0.056065027,2.8678673e-21,0.943935,2.0,0.6290009,0.35774648,0.943935
2021-06-10 00:00:00,0.056423157,8.884244e-19,0.9435768,2.0,0.6284289,0.35799015,0.9435768
2021-06-11 00:00:00,8.386279e-05,0.81733775,0.18257837,1.0,0.090166956,0.058435876,0.81733775
2021-06-14 00:00:00,7.966601e-05,0.8108347,0.18908562,1.0,0.09517229,0.060511395,0.8108347
2021-06-15 00:00:00,0.0011657523,0.9934514,0.005382831,1.0,-0.04693257,0.0028861042,0.9934514
2021-06-16 00:00:00,0.10175186,0.89824814,8.876992e-09,1.0,-0.13442276,0.101751864,0.89824814
2021-06-17 00:00:00,0.99926746,0.0007325396,1.3365415e-29,0.0,-0.87816656,0.99926746,0.99926746
2021-06-18 00:00:00,0.9992063,0.0007936732,2.3084979e-30,0.0,-0.8781159,0.9992063,0.9992063
2021-06-21 00:00:00,0.9944664,0.005533602,3.9784582e-27,0.0,-0.87418807,0.9944664,0.9944664
2021-06-22 00:00:00,0.998967,0.0010330173,4.1502918e-29,0.0,-0.8779175,0.998967,0.998967
2021-06-23 00:00:00,0.99930054,0.0006994397,8.556711e-22,0.0,-0.878194,0.99930054,0.99930054
2021-06-24 00:00:00,0.99945164,0.000548367,3.1686955e-22,0.0,-0.87831914,0.99945164,0.99945164
2021-06-25 00:00:00,0.9959613,0.0040387088,4.9640915e-20,0.0,-0.8754268,0.9959613,0.9959613
2021-06-28 00:00:00,0.99999964,3.3533624e-07,7.3435436e-31,0.0,-0.8787733,0.99999964,0.99999964
2021-06-29 00:00:00,0.99999946,5.589852e-07,4.075209e-33,0.0,-0.8787731,0.99999946,0.99999946
2021-06-30 00:00:00,0.99999744,2.5821237e-06,2.222455e-39,0.0,-0.8787714,0.99999744,0.99999744
2021-07-01 00:00:00,0.9999996,4.167483e-07,1.8601425e-27,0.0,-0.8787732,0.9999996,0.9999996
2021-07-02 00:00:00,1.0,4.7895904e-10,2.863327e-32,0.0,-0.87877357,1.0,1.0
2021-07-05 00:00:00,1.0,1.4068942e-14,6.3999e-40,0.0,-0.87877357,1.0,1.0
2021-07-06 00:00:00,1.0,8.955339e-14,4e-44,0.0,-0.87877357,1.0,1.0
2021-07-07 00:00:00,1.0,9.446567e-14,0.0,0.0,-0.87877357,1.0,1.0
2021-07-08 00:00:00,0.9999968,3.2270677e-06,1.0550825e-33,0.0,-0.8787709,0.9999968,0.9999968
2021-07-09 00:00:00,0.9969205,0.0030794896,4.3250352e-16,0.0,-0.8762217,0.9969205,0.9969205
2021-07-12 00:00:00,0.9997632,0.00023678239,4.9266897e-21,0.0,-0.87857735,0.9997632,0.9997632
2021-07-13 00:00:00,0.9997335,0.00026649298,2.7084621e-36,0.0,-0.87855273,0.9997335,0.9997335
2021-07-14 00:00:00,0.28044924,0.7195486,2.1607277e-06,1.0,-0.28250217,0.28044996,0.7195486
2021-07-15 00:00:00,0.026115028,0.9315658,0.04231917,1.0,-0.039215814,0.03964023,0.9315658
2021-07-16 00:00:00,0.0021313652,0.40202844,0.5958402,2.0,0.4061278,0.19256179,0.5958402
2021-07-19 00:00:00,0.503762,0.49084172,0.005396286,0.0,-0.4634084,0.50548667,0.503762
2021-07-20 00:00:00,0.9978527,0.0021468175,4.7381602e-07,0.0,-0.87699383,0.99785286,0.9978527
2021-07-21 00:00:00,0.96242225,0.0374781,9.966197e-05,0.0,-0.8475574,0.9624541,0.96242225
2021-07-22 00:00:00,0.9874056,0.012592908,1.49585e-06,0.0,-0.86833584,0.9874061,0.9874056
2021-07-23 00:00:00,0.9989145,0.0010855063,3.2883726e-08,0.0,-0.877874,0.9989145,0.9989145
2021-07-26 00:00:00,0.38691074,0.60960555,0.0034836917,1.0,-0.36804748,0.38802415,0.60960555
2021-07-27 00:00:00,0.008744996,0.75661486,0.23464017,1.0,0.12300753,0.08373595,0.75661486
2021-07-28 00:00:00,0.00015809148,0.20912224,0.7907197,2.0,0.5575589,0.25287196,0.7907197
2021-07-29 00:00:00,0.012646764,0.007141629,0.9802116,2.0,0.69286466,0.32592222,0.9802116
2021-07-30 00:00:00,0.000111101486,0.7794829,0.220406,1.0,0.11922095,0.07055282,0.7794829
2021-08-02 00:00:00,8.314412e-05,0.89226377,0.1076531,1.0,0.032575548,0.034489054,0.89226377
2021-08-03 00:00:00,0.01484788,0.00244331,0.9827088,2.0,0.6929602,0.32892144,0.9827088
2021-08-04 00:00:00,0.012222639,0.016166976,0.97161037,2.0,0.68660474,0.32274914,0.97161037
2021-08-05 00:00:00,6.2115214e-05,0.578993,0.42094484,1.0,0.27340758,0.134596,0.578993
2021-08-06 00:00:00,0.12948868,0.8692447,0.0012666382,1.0,-0.15643382,0.1298935,0.8692447
2021-08-09 00:00:00,0.27522147,0.72449833,0.00028022425,1.0,-0.27795634,0.27531102,0.72449833
2021-08-10 00:00:00,0.00033580582,0.8209536,0.17871061,1.0,0.08698519,0.057451684,0.8209536
2021-08-11 00:00:00,0.15148048,0.74273735,0.105782196,1.0,-0.094320886,0.18528844,0.74273735
2021-08-12 00:00:00,0.01734283,0.79064304,0.19201413,1.0,0.083117865,0.07871051,0.79064304
2021-08-13 00:00:00,6.466189e-05,0.44961208,0.55032325,2.0,0.3728534,0.17594787,0.55032325
2021-08-16 00:00:00,5.776962e-05,0.5175899,0.4823523,1.0,0.32061258,0.15421747,0.5175899
2021-08-17 00:00:00,0.0006353681,0.947247,0.052117635,1.0,-0.010569918,0.017292155,0.947247
2021-08-18 00:00:00,0.0033788003,0.9813684,0.015252797,1.0,-0.041179817,0.008253592,0.9813684
2021-08-19 00:00:00,0.005874966,0.9851404,0.008984676,1.0,-0.048066363,0.008746467,0.9851404
2021-08-20 00:00:00,0.00046936597,0.9244388,0.07509188,1.0,0.007227015,0.024468718,0.9244388
2021-08-23 00:00:00,0.00026013408,0.8861087,0.11363115,1.0,0.037023965,0.03657663,0.8861087
2021-08-24 00:00:00,0.00036339433,0.93229544,0.06734117,1.0,0.0013571732,0.02188562,0.93229544
2021-08-25 00:00:00,0.0004990199,0.95778716,0.041713823,1.0,-0.018453917,0.01383075,0.95778716
2021-08-26 00:00:00,0.53515685,0.46477965,6.3495805e-05,0.0,-0.49352345,0.5351772,0.53515685
2021-08-27 00:00:00,0.00045033338,0.9648989,0.034650788,1.0,-0.02384264,0.011524718,0.9648989
2021-08-30 00:00:00,0.0005045995,0.97130275,0.028192637,1.0,-0.028851725,0.009514961,0.97130275
2021-08-31 00:00:00,0.00016779028,0.909058,0.090774246,1.0,0.019531311,0.029179221,0.909058
2021-09-01 00:00:00,4.023283e-05,0.85731167,0.14264812,1.0,0.059510354,0.04563055,0.85731167
2021-09-02 00:00:00,0.0057238205,0.3450698,0.6492064,2.0,0.44417125,0.21321006,0.6492064
2021-09-03 00:00:00,0.049293797,3.707645e-39,0.9507062,2.0,0.6398168,0.3531393,0.9507062
2021-09-06 00:00:00,0.018823247,0.0,0.98117673,2.0,0.6884883,0.33240715,0.98117673
2021-09-07 00:00:00,0.038371127,1e-45,0.96162885,2.0,0.6572639,0.34570754,0.96162885
2021-09-08 00:00:00,0.053317502,2.54506e-13,0.9466825,2.0,0.6333896,0.35587704,0.9466825
2021-09-09 00:00:00,0.06421543,5.4009197e-19,0.9357846,2.0,0.61598206,0.363292,0.9357846
2021-09-10 00:00:00,3.283609e-05,0.97964394,0.020323252,1.0,-0.034509666,0.006528144,0.97964394
2021-09-13 00:00:00,0.0005496611,0.88776046,0.11168987,1.0,0.03529186,0.036245722,0.88776046
2021-09-14 00:00:00,0.08619232,1.786116e-32,0.9138077,2.0,0.5808777,0.3782451,0.9138077
2021-09-15 00:00:00,0.049897272,0.0,0.95010275,2.0,0.63885283,0.35354993,0.95010275
2021-09-16 00:00:00,0.08145469,9.312857e-25,0.9185453,2.0,0.5884453,0.3750216,0.9185453
2021-09-17 00:00:00,3.5122877e-05,0.9810963,0.018868575,1.0,-0.035629712,0.0060655163,0.9810963
2021-09-20 00:00:00,4.4403227e-05,0.52882,0.47113562,1.0,0.31200188,0.15061927,0.52882
2021-09-21 00:00:00,4.96177e-05,0.70872897,0.2912214,1.0,0.17370482,0.09312393,0.70872897
2021-09-22 00:00:00,0.028115714,0.89613265,0.07575163,1.0,-0.015175546,0.052325923,0.89613265
2021-09-23 00:00:00,4.7556357e-05,0.5472506,0.45270184,1.0,0.29782996,0.14473099,0.5472506
2021-09-24 00:00:00,0.005912894,0.91781265,0.07627447,1.0,0.0036251368,0.030290201,0.91781265
2021-09-27 00:00:00,0.11490348,0.86306703,0.022029482,1.0,-0.12838794,0.12194409,0.86306703
2021-09-28 00:00:00,0.9813171,0.018410541,0.00027232617,0.0,-0.86308235,0.9814042,0.9813171
2021-09-29 00:00:00,1.0,1.4698282e-14,5.698531e-24,0.0,-0.87877357,1.0,1.0
2021-09-30 00:00:00,1.0,6.083615e-27,2.50405e-40,0.0,-0.87877357,1.0,1.0
2021-10-01 00:00:00,1.0,6.31781e-19,7.7392175e-33,0.0,-0.87877357,1.0,1.0
2021-10-04 00:00:00,1.0,3.7314248e-14,1.7297621e-26,0.0,-0.87877357,1.0,1.0
2021-10-05 00:00:00,1.0,3.6140666e-14,5.777483e-25,0.0,-0.87877357,1.0,1.0
2021-10-06 00:00:00,1.0,3.3517575e-14,7.305465e-28,0.0,-0.87877357,1.0,1.0
2021-10-07 00:00:00,1.0,2.315906e-14,7.052926e-28,0.0,-0.87877357,1.0,1.0
2021-10-08 00:00:00,1.0,4.2979464e-10,7.453856e-22,0.0,-0.87877357,1.0,1.0
2021-10-11 00:00:00,1.0,4.129806e-10,2.5407831e-24,0.0,-0.87877357,1.0,1.0
2021-10-12 00:00:00,1.0,4.6825277e-10,7.334625e-27,0.0,-0.87877357,1.0,1.0
2021-10-13 00:00:00,0.9980669,0.0019331272,3.4877026e-15,0.0,-0.87717164,0.9980669,0.9980669
2021-10-14 00:00:00,0.9815694,0.018430583,5.220568e-09,0.0,-0.8635007,0.9815694,0.9815694
2021-10-15 00:00:00,0.20055848,0.7983374,0.0011041453,1.0,-0.21545209,0.20091137,0.7983374
2021-10-18 00:00:00,0.053732175,0.9429672,0.0033006305,1.0,-0.09209327,0.054787055,0.9429672
2021-10-19 00:00:00,0.0041278396,0.97197366,0.023898514,1.0,-0.035154913,0.0117658,0.97197366
2021-10-20 00:00:00,0.00013883774,0.5991437,0.4007175,1.0,0.25779608,0.12820807,0.5991437
2021-10-21 00:00:00,0.05049153,0.94776845,0.0017399982,1.0,-0.090607435,0.05104763,0.94776845
2021-10-22 00:00:00,0.00074180955,0.94525594,0.054002248,1.0,-0.009209496,0.018000918,0.94525594
2021-10-25 00:00:00,0.0014940995,0.9801867,0.018319203,1.0,-0.037261,0.0073489132,0.9801867
2021-10-26 00:00:00,0.0016412539,0.98464113,0.013717595,1.0,-0.04092001,0.006025395,0.98464113
2021-10-27 00:00:00,6.981667e-05,0.32446852,0.67546165,2.0,0.46903792,0.21594724,0.67546165
2021-10-28 00:00:00,0.051066484,1.3995758e-34,0.94893354,2.0,0.63698524,0.35434547,0.94893354
2021-10-29 00:00:00,0.00013350396,0.8933594,0.106507055,1.0,0.031652898,0.03417314,0.8933594
2021-11-01 00:00:00,7.35703e-05,0.8524865,0.14743994,1.0,0.063166,0.04719535,0.8524865
2021-11-02 00:00:00,7.130062e-05,0.85456896,0.14535975,1.0,0.06156894,0.046528254,0.85456896
2021-11-03 00:00:00,0.030064141,2.2299547e-07,0.96993566,2.0,0.6705327,0.3400554,0.96993566
2021-11-04 00:00:00,6.550111e-05,0.87904125,0.12089326,1.0,0.042767342,0.038702965,0.87904125
2021-11-05 00:00:00,6.919921e-05,0.8721859,0.12774491,1.0,0.048030857,0.04089645,0.8721859
2021-11-08 00:00:00,0.006447055,0.25544885,0.7381041,2.0,0.511904,0.24234499,0.7381041
2021-11-09 00:00:00,0.03318153,2.8639235e-08,0.96681845,2.0,0.6655534,0.34217653,0.96681845
2021-11-10 00:00:00,0.0027429562,0.99712306,0.00013397426,1.0,-0.052274134,0.0027857744,0.99712306
2021-11-11 00:00:00,0.006824218,0.9931749,8.982133e-07,1.0,-0.055758443,0.006824505,0.9931749
2021-11-12 00:00:00,0.016667718,0.9833322,5.6248606e-08,1.0,-0.063916095,0.016667735,0.9833322
2021-11-15 00:00:00,0.1552781,0.8447219,2.9917905e-18,1.0,-0.17877834,0.1552781,0.8447219
2021-11-16 00:00:00,0.5475133,0.4524867,1.4537271e-28,0.0,-0.50381166,0.5475133,0.5475133
2021-11-17 00:00:00,0.88743424,0.11256576,1.6964496e-33,0.0,-0.7854938,0.88743424,0.88743424
2021-11-18 00:00:00,0.2430761,0.7569239,2.0270124e-19,1.0,-0.25153387,0.2430761,0.7569239
2021-11-19 00:00:00,0.84841186,0.15158813,5.5592384e-37,0.0,-0.75315714,0.84841186,0.84841186
2021-11-22 00:00:00,0.90130985,0.098690145,5.264904e-38,0.0,-0.79699206,0.90130985,0.90130985
2021-11-23 00:00:00,0.89197385,0.108026154,2.1922424e-35,0.0,-0.7892556,0.89197385,0.89197385
2021-11-24 00:00:00,0.9839174,0.016082576,4.15e-43,0.0,-0.86544645,0.9839174,0.9839174
2021-11-25 00:00:00,0.99979216,0.00020782473,0.0,0.0,-0.8786014,0.99979216,0.99979216
2021-11-26 00:00:00,0.41246027,0.58753973,4.7697886e-16,1.0,-0.39189735,0.41246027,0.58753973
2021-11-29 00:00:00,0.8448364,0.1551636,1.3565628e-27,0.0,-0.75019425,0.8448364,0.8448364
2021-11-30 00:00:00,0.28447977,0.71552026,6.182588e-18,1.0,-0.2858438,0.28447977,0.71552026
2021-12-01 00:00:00,0.63617194,0.36382806,5.354704e-26,0.0,-0.5772804,0.63617194,0.63617194
2021-12-02 00:00:00,0.4304915,0.5695085,3.464007e-19,1.0,-0.40683928,0.4304915,0.5695085
2021-12-03 00:00:00,0.39333773,0.6066623,2.703495e-19,1.0,-0.37605107,0.39333773,0.6066623
2021-12-06 00:00:00,0.71702206,0.28297797,3.636901e-28,0.0,-0.6442784,0.71702206,0.71702206
2021-12-07 00:00:00,0.79153794,0.20846206,3.0293782e-31,0.0,-0.70602745,0.79153794,0.79153794
2021-12-08 00:00:00,0.0074306973,0.9925681,1.225445e-06,1.0,-0.05626076,0.007431089,0.9925681
2021-12-09 00:00:00,0.008527315,0.9914726,9.551947e-08,1.0,-0.057170365,0.008527346,0.9914726
2021-12-10 00:00:00,0.0031182126,0.99687135,1.0437872e-05,1.0,-0.052680057,0.0031215486,0.99687135
2021-12-13 00:00:00,0.0007817154,0.99430776,0.004910513,1.0,-0.046977382,0.0023511145,0.99430776
2021-12-14 00:00:00,0.00036964248,0.96801376,0.0316166,1.0,-0.02610803,0.010474302,0.96801376
2021-12-15 00:00:00,0.0001544764,0.88768506,0.11216049,1.0,0.03598108,0.03600095,0.88768506
2021-12-16 00:00:00,0.0001676944,0.9009034,0.09892889,1.0,0.02579954,0.03178535,0.9009034
2021-12-17 00:00:00,0.00021207341,0.92176145,0.07802649,1.0,0.009695936,0.025149325,0.92176145
2021-12-20 00:00:00,0.009988457,0.09930708,0.89070445,2.0,0.626267,0.29465744,0.89070445
2021-12-21 00:00:00,0.015799332,0.0067206705,0.97748,2.0,0.68815255,0.32820177,0.97748
2021-12-22 00:00:00,0.03396326,6.8252038e-37,0.96603674,2.0,0.66430473,0.34270844,0.96603674
2021-12-23 00:00:00,0.043408994,9.120383e-31,0.956591,2.0,0.6492168,0.3491353,0.956591
2021-12-24 00:00:00,5.582945e-05,0.8175807,0.18236345,1.0,0.09002499,0.058339156,0.8175807
2021-12-27 00:00:00,0.006052886,0.3107037,0.6832434,2.0,0.47006145,0.22441736,0.6832434
2021-12-28 00:00:00,6.400761e-05,0.7533956,0.24654035,1.0,0.13934839,0.078858264,0.7533956
2021-12-29 00:00:00,0.010255843,0.09281066,0.8969335,2.0,0.63083345,0.29691562,0.8969335
2021-12-30 00:00:00,8.097427e-05,0.95429426,0.04562479,1.0,-0.015101295,0.014662648,0.95429426
2021-12-31 00:00:00,0.024881357,5.837833e-05,0.9750603,2.0,0.6787666,0.33651045,0.9750603
2022-01-03 00:00:00,0.00022378558,0.9189943,0.080781884,1.0,0.011804191,0.02604166,0.9189943
2022-01-04 00:00:00,9.014876e-05,0.93662816,0.06328171,1.0,-0.00153674,0.020314971,0.93662816
2022-01-05 00:00:00,0.00011704117,0.79940826,0.20047471,1.0,0.10389565,0.06418872,0.79940826
2022-01-06 00:00:00,5.8845926e-05,0.84572256,0.15421858,1.0,0.06838867,0.049347077,0.84572256
2022-01-07 00:00:00,0.014513481,0.014013466,0.97147304,2.0,0.68460083,0.32499608,0.97147304
2022-01-10 00:00:00,0.016175043,0.0058788536,0.9779461,2.0,0.6881995,0.32872644,0.9779461
2022-01-11 00:00:00,0.055222344,4.325809e-27,0.94477767,2.0,0.63034695,0.35717312,0.94477767
2022-01-12 00:00:00,0.015347872,0.0,0.9846521,2.0,0.6940396,0.3300425,0.9846521
2022-01-13 00:00:00,0.0373332,7.8298076e-36,0.9626668,2.0,0.6589218,0.34500134,0.9626668
2022-01-14 00:00:00,0.002881064,0.0,0.99711895,2.0,0.7139532,0.32156008,0.99711895
2022-01-17 00:00:00,0.026242409,0.0,0.97375757,2.0,0.6766375,0.33745515,0.97375757
2022-01-18 00:00:00,0.0122508705,0.035055436,0.9526937,2.0,0.6720408,0.3167316,0.9526937
2022-01-19 00:00:00,0.00011767045,0.945931,0.053951297,1.0,-0.008731455,0.017360495,0.945931
2022-01-20 00:00:00,6.938475e-05,0.8543161,0.14561453,1.0,0.061766353,0.046607763,0.8543161
2022-01-21 00:00:00,0.00023189152,0.92260677,0.07716135,1.0,0.009014514,0.024892643,0.92260677
2022-01-24 00:00:00,7.176578e-05,0.8625087,0.1374195,1.0,0.055465203,0.043991014,0.8625087
2022-01-25 00:00:00,7.7747296e-05,0.8509664,0.14895585,1.0,0.06432776,0.047684006,0.8509664
2022-01-26 00:00:00,0.0012924126,0.9984731,0.00023447181,1.0,-0.050994866,0.0013673498,0.9984731
2022-01-27 00:00:00,0.0068176435,0.99318236,3.5669978e-09,1.0,-0.05575368,0.0068176445,0.99318236
2022-01-28 00:00:00,0.031377036,0.968623,2.461915e-14,1.0,-0.076105304,0.031377036,0.968623
2022-01-31 00:00:00,0.0004791357,0.9850412,0.014479655,1.0,-0.039371233,0.005106831,0.9850412
2022-02-01 00:00:00,0.00012463475,0.8910835,0.10879186,1.0,0.033416484,0.034894492,0.8910835
2022-02-02 00:00:00,0.0001275519,0.8883348,0.11153766,1.0,0.035524648,0.035774965,0.8883348
2022-02-03 00:00:00,0.017253265,7e-45,0.9827467,2.0,0.69099605,0.33133894,0.9827467
2022-02-04 00:00:00,0.051334266,2.8382376e-18,0.94866574,2.0,0.6365575,0.35452765,0.94866574
2022-02-07 00:00:00,0.03944198,4.69437e-29,0.960558,2.0,0.6555534,0.34643614,0.960558
2022-02-08 00:00:00,0.03526514,6.080377e-07,0.96473426,2.0,0.6622247,0.34359404,0.96473426
2022-02-09 00:00:00,0.00025634127,0.90192556,0.0978181,1.0,0.024872258,0.03151899,0.90192556
2022-02-10 00:00:00,0.00049424556,0.9547977,0.044708095,1.0,-0.016148383,0.014782945,0.9547977
2022-02-11 00:00:00,0.00090794504,0.9882417,0.010850397,1.0,-0.04251624,0.0043757297,0.9882417
2022-02-14 00:00:00,0.0019809168,0.9978294,0.00018972458,1.0,-0.051599804,0.0020415527,0.9978294
2022-02-15 00:00:00,0.0073925755,0.2711836,0.7214238,2.0,0.49829903,0.23795949,0.7214238
2022-02-16 00:00:00,0.010639852,0.119408906,0.86995125,2.0,0.60977507,0.2886761,0.86995125
2022-02-17 00:00:00,0.028420515,9.42602e-06,0.9715701,2.0,0.6731511,0.33893412,0.9715701
2022-02-18 00:00:00,0.0002623107,0.9019141,0.09782356,1.0,0.02487151,0.031526703,0.9019141
2022-02-21 00:00:00,0.00022757046,0.88991433,0.10985809,1.0,0.03415075,0.035338193,0.88991433
2022-02-22 00:00:00,0.006766266,0.29486078,0.69837296,2.0,0.48109975,0.22996613,0.69837296
2022-02-23 00:00:00,0.04020024,9.150576e-10,0.95979977,2.0,0.6543422,0.34695208,0.95979977
2022-02-24 00:00:00,0.025563374,6.900831e-05,0.9743676,2.0,0.67766905,0.33697107,0.9743676
2022-02-25 00:00:00,0.028149351,9.33899e-37,0.97185063,2.0,0.67359143,0.33875263,0.97185063
2022-02-28 00:00:00,0.0003366137,0.897729,0.10193439,1.0,0.027969765,0.032914825,0.897729
2022-03-01 00:00:00,0.005247731,0.99475193,3.1622656e-07,1.0,-0.0544525,0.0052478323,0.99475193
2022-03-02 00:00:00,0.016187947,0.98381203,1.3774017e-11,1.0,-0.06351857,0.016187947,0.98381203
2022-03-03 00:00:00,0.98320556,0.016794425,1.348e-42,0.0,-0.86485654,0.98320556,0.98320556
2022-03-04 00:00:00,0.9995813,0.00041869318,0.0,0.0,-0.8784266,0.9995813,0.9995813
2022-03-07 00:00:00,0.99999917,8.360262e-07,0.0,0.0,-0.8787729,0.99999917,0.99999917
2022-03-08 00:00:00,0.9999868,1.3171136e-05,0.0,0.0,-0.87876266,0.9999868,0.9999868
2022-03-09 00:00:00,0.96181184,0.03818815,1.9199875e-33,0.0,-0.8471282,0.96181184,0.96181184
2022-03-10 00:00:00,0.9997017,0.00029834977,7.427e-42,0.0,-0.87852633,0.9997017,0.9997017
2022-03-11 00:00:00,0.9999986,1.3855466e-06,0.0,0.0,-0.87877244,0.9999986,0.9999986
2022-03-14 00:00:00,0.99794424,0.0020557595,5.1481598e-36,0.0,-0.87707,0.99794424,0.99794424
2022-03-15 00:00:00,0.9991954,0.00080462964,5.9547e-41,0.0,-0.87810683,0.9991954,0.9991954
2022-03-16 00:00:00,0.9935025,0.006497477,1.3090301e-33,0.0,-0.8733893,0.9935025,0.9935025
2022-03-17 00:00:00,0.61637956,0.38362044,2.2972549e-20,0.0,-0.56087905,0.61637956,0.61637956
2022-03-18 00:00:00,0.69831824,0.30168176,3.1684081e-21,0.0,-0.6287791,0.69831824,0.69831824
2022-03-21 00:00:00,0.914012,0.085987955,7.88731e-24,0.0,-0.807518,0.914012,0.914012
2022-03-22 00:00:00,0.93039244,0.06960756,8.41711e-25,0.0,-0.8210919,0.93039244,0.93039244
2022-03-23 00:00:00,0.93296355,0.067036465,8.341969e-25,0.0,-0.8232225,0.93296355,0.93296355
2022-03-24 00:00:00,0.045632955,0.95436704,1.0119342e-11,1.0,-0.08791875,0.045632955,0.95436704
2022-03-25 00:00:00,0.4939705,0.5060295,4.185588e-24,1.0,-0.4594424,0.4939705,0.5060295
2022-03-28 00:00:00,0.06271085,0.9372892,2.942019e-16,1.0,-0.10207068,0.06271085,0.9372892
2022-03-29 00:00:00,0.03514068,0.91842496,0.04643435,1.0,-0.043531924,0.049981087,0.91842496
2022-03-30 00:00:00,0.13895637,8.461363e-10,0.86104363,2.0,0.4965962,0.41414577,0.86104363
2022-03-31 00:00:00,0.1261496,0.043210108,0.8306403,2.0,0.48383898,0.3916221,0.8306403
2022-04-01 00:00:00,0.039753247,9.8678754e-33,0.96024674,2.0,0.6550562,0.34664795,0.96024674
2022-04-04 00:00:00,0.04094607,2.9733906e-32,0.95905393,2.0,0.65315086,0.34745952,0.95905393
2022-04-05 00:00:00,0.053022105,0.1245887,0.8223892,2.0,0.5380952,0.31585753,0.8223892
2022-04-06 00:00:00,0.009687222,0.99031276,8.499553e-10,1.0,-0.058131617,0.009687222,0.99031276
2022-04-07 00:00:00,0.0049239993,0.9950759,1.4250641e-07,1.0,-0.05418437,0.004924045,0.9950759
2022-04-08 00:00:00,0.00033936414,0.9308727,0.068787985,1.0,0.0024891899,0.02232399,0.9308727
2022-04-11 00:00:00,0.00062951405,0.9864521,0.01291838,1.0,-0.04069594,0.0047582258,0.9864521
2022-04-12 00:00:00,0.0035321882,0.9964672,6.246227e-07,1.0,-0.053030647,0.003532388,0.9964672
2022-04-13 00:00:00,0.0026657742,0.9973271,7.154084e-06,1.0,-0.052307658,0.0026680606,0.9973271
2022-04-14 00:00:00,0.1408638,0.8591362,4.6399e-23,1.0,-0.16683364,0.1408638,0.8591362
2022-04-15 00:00:00,0.060786374,0.93921363,5.0312826e-18,1.0,-0.10047592,0.060786374,0.93921363
2022-04-18 00:00:00,0.061011747,0.93898827,8.052586e-18,1.0,-0.10066268,0.061011747,0.93898827
2022-04-19 00:00:00,0.06122785,0.93877214,1.5380394e-17,1.0,-0.10084176,0.06122785,0.93877214
2022-04-20 00:00:00,0.0065554674,0.9934445,2.388943e-08,1.0,-0.055536408,0.006555475,0.9934445
2022-04-21 00:00:00,0.008825387,0.99117464,7.105257e-10,1.0,-0.05741744,0.008825388,0.99117464
2022-04-22 00:00:00,0.010321515,0.9896785,1.364534e-10,1.0,-0.058657236,0.010321515,0.9896785
2022-04-25 00:00:00,0.23227176,0.7677282,2.9498533e-22,1.0,-0.24258062,0.23227176,0.7677282
2022-04-26 00:00:00,0.9991245,0.0008754939,0.0,0.0,-0.87804806,0.9991245,0.9991245
2022-04-27 00:00:00,1.0,1.449368e-09,0.0,0.0,-0.87877357,1.0,1.0
2022-04-28 00:00:00,0.9999998,1.5263593e-07,0.0,0.0,-0.87877345,0.9999998,0.9999998
2022-04-29 00:00:00,0.9999896,1.0390227e-05,0.0,0.0,-0.878765,0.9999896,0.9999896
2022-05-02 00:00:00,0.999763,0.00023697424,0.0,0.0,-0.87857723,0.999763,0.999763
2022-05-03 00:00:00,0.96663886,0.033361126,1e-44,0.0,-0.8511282,0.96663886,0.96663886
2022-05-04 00:00:00,0.34197864,0.65802133,1.616179e-22,1.0,-0.33349138,0.34197864,0.65802133
2022-05-05 00:00:00,0.89033026,0.10966973,3.7986944e-30,0.0,-0.7878936,0.89033026,0.89033026
2022-05-06 00:00:00,0.901163,0.09883701,2.991469e-31,0.0,-0.79687035,0.901163,0.901163
2022-05-09 00:00:00,0.8499564,0.15004359,7.251759e-28,0.0,-0.754437,0.8499564,0.8499564
2022-05-10 00:00:00,0.68924975,0.31075025,2.3166932e-25,0.0,-0.62126434,0.68924975,0.68924975
2022-05-11 00:00:00,0.98419785,0.015802125,1.75e-43,0.0,-0.86567885,0.98419785,0.98419785
2022-05-12 00:00:00,0.99992275,7.725072e-05,0.0,0.0,-0.87870955,0.99992275,0.99992275
2022-05-13 00:00:00,0.99946934,0.00053065683,0.0,0.0,-0.87833387,0.99946934,0.99946934
2022-05-16 00:00:00,0.9777823,0.022217702,9.782896e-35,0.0,-0.86036247,0.9777823,0.9777823
2022-05-17 00:00:00,0.43618557,0.56381446,1.1607776e-18,1.0,-0.41155776,0.43618557,0.56381446
2022-05-18 00:00:00,0.9997186,0.0002813838,1.64292e-40,0.0,-0.8785404,0.9997186,0.9997186
2022-05-19 00:00:00,0.65185946,0.34814057,4.672439e-20,0.0,-0.5902801,0.65185946,0.65185946
2022-05-20 00:00:00,0.3584551,0.6415449,4.6392003e-18,1.0,-0.3471449,0.3584551,0.6415449
2022-05-23 00:00:00,0.22650528,0.5915544,0.18194032,1.0,-0.09795199,0.28465337,0.5915544
2022-05-24 00:00:00,0.086577915,3.6326844e-26,0.9134221,2.0,0.5802618,0.37850744,0.9134221
2022-05-25 00:00:00,0.013167733,0.0,0.98683226,2.0,0.697522,0.32855916,0.98683226
2022-05-26 00:00:00,3.726911e-06,0.0,0.99999624,2.0,0.71854925,0.31960234,0.99999624
2022-05-27 00:00:00,0.0001562576,0.0,0.9998437,2.0,0.7183056,0.31970614,0.9998437
2022-05-30 00:00:00,3.67441e-08,0.0,0.99999994,2.0,0.71855515,0.31959984,0.99999994
2022-05-31 00:00:00,3.1241616e-05,0.0,0.99996877,2.0,0.7185053,0.3196211,0.99996877
2022-06-01 00:00:00,0.108900666,2.1501653e-05,0.8910778,2.0,0.5445885,0.39368898,0.8910778
2022-06-02 00:00:00,2.7957609e-05,0.0,0.99997205,2.0,0.71851057,0.31961885,0.99997205
2022-06-03 00:00:00,0.0009574639,0.0,0.9990425,2.0,0.7170258,0.3202513,0.9990425
2022-06-06 00:00:00,0.019166576,6.9e-44,0.9808334,2.0,0.6879399,0.33264077,0.9808334
2022-06-07 00:00:00,0.0013486581,0.0,0.9986513,2.0,0.7164009,0.32051745,0.9986513
2022-06-08 00:00:00,5.773544e-05,0.0,0.99994224,2.0,0.718463,0.3196391,0.99994224
2022-06-09 00:00:00,1.7099516e-06,0.0,0.9999983,2.0,0.7185525,0.31960097,0.9999983
2022-06-10 00:00:00,0.042857055,4.577506e-33,0.95714295,2.0,0.6500984,0.34875977,0.95714295
2022-06-13 00:00:00,0.1940652,0.56646013,0.23947467,1.0,-0.02684559,0.27060127,0.56646013
2022-06-14 00:00:00,0.017421206,0.98257613,2.6525327e-06,1.0,-0.064538494,0.017422054,0.98257613
2022-06-15 00:00:00,0.024149882,0.7190675,0.25678262,1.0,0.12726197,0.106217556,0.7190675
2022-06-16 00:00:00,0.013753649,0.915511,0.07073532,1.0,-0.0071299784,0.036360644,0.915511
2022-06-17 00:00:00,0.011903568,0.9860825,0.002013912,1.0,-0.058420222,0.0125472145,0.9860825
2022-06-20 00:00:00,0.014082192,0.9859178,7.325814e-10,1.0,-0.061773594,0.014082192,0.9859178
2022-06-21 00:00:00,0.02966278,0.9703372,1.4846013e-13,1.0,-0.074684754,0.02966278,0.9703372
2022-06-22 00:00:00,0.0054434957,0.9945543,2.2142217e-06,1.0,-0.05461327,0.0054442035,0.9945543
2022-06-23 00:00:00,0.038714208,0.96128577,6.114844e-15,1.0,-0.082185395,0.038714208,0.96128577
2022-06-24 00:00:00,0.018043509,0.9819565,3.445975e-11,1.0,-0.06505622,0.018043509,0.9819565
2022-06-27 00:00:00,0.023199901,0.9768001,1.6623387e-12,1.0,-0.06932916,0.023199901,0.9768001
2022-06-28 00:00:00,0.046061326,0.95393866,1.6530087e-14,1.0,-0.08827373,0.046061326,0.95393866
2022-06-29 00:00:00,0.03951133,0.9604887,8.11198e-14,1.0,-0.08284594,0.03951133,0.9604887
2022-06-30 00:00:00,0.21519777,0.78480226,1.740351e-22,1.0,-0.22843194,0.21519777,0.78480226
2022-07-01 00:00:00,0.46234608,0.5376539,3.8524688e-25,1.0,-0.43323618,0.46234608,0.5376539
2022-07-04 00:00:00,0.14202772,0.85797226,8.550858e-21,1.0,-0.16779815,0.14202772,0.85797226
2022-07-05 00:00:00,0.99999887,1.1355812e-06,0.0,0.0,-0.8787726,0.99999887,0.99999887
2022-07-06 00:00:00,1.0,3.009538e-14,0.0,0.0,-0.87877357,1.0,1.0
2022-07-07 00:00:00,0.99999964,3.5889414e-07,0.0,0.0,-0.8787733,0.99999964,0.99999964
2022-07-08 00:00:00,0.9639178,0.036082197,6.335269e-36,0.0,-0.8488734,0.9639178,0.9639178
2022-07-11 00:00:00,0.99911433,0.00088565564,4e-45,0.0,-0.87803966,0.99911433,0.99911433
2022-07-12 00:00:00,0.99996316,3.6811107e-05,0.0,0.0,-0.87874305,0.99996316,0.99996316
2022-07-13 00:00:00,0.999982,1.802494e-05,0.0,0.0,-0.87875867,0.999982,0.999982
2022-07-14 00:00:00,0.9999995,5.03614e-07,0.0,0.0,-0.87877315,0.9999995,0.9999995
2022-07-15 00:00:00,0.9994763,0.0005236575,0.0,0.0,-0.87833965,0.9994763,0.9994763
2022-07-18 00:00:00,0.99744046,0.002559516,0.0,0.0,-0.8766526,0.99744046,0.99744046
2022-07-19 00:00:00,0.9493798,0.05062022,5.492834e-31,0.0,-0.83682615,0.9493798,0.9493798
2022-07-20 00:00:00,0.9996962,0.00030381366,0.0,0.0,-0.8785218,0.9996962,0.9996962
2022-07-21 00:00:00,0.90651506,0.09348495,1.2901381e-30,0.0,-0.8013055,0.90651506,0.90651506
2022-07-22 00:00:00,0.9695401,0.030459853,1.201682e-39,0.0,-0.85353243,0.9695401,0.9695401
2022-07-25 00:00:00,0.97289854,0.02710144,5.1e-43,0.0,-0.85631543,0.97289854,0.97289854
2022-07-26 00:00:00,0.99914235,0.0008576455,0.0,0.0,-0.87806284,0.99914235,0.99914235
2022-07-27 00:00:00,0.34442082,0.6555792,3.8911823e-22,1.0,-0.3355151,0.34442082,0.6555792
2022-07-28 00:00:00,0.63179517,0.36820483,8.04675e-30,0.0,-0.57365346,0.63179517,0.63179517
2022-07-29 00:00:00,0.16044408,0.8395559,3.3572558e-17,1.0,-0.18305922,0.16044408,0.8395559
2022-08-01 00:00:00,0.10410975,0.89589024,6.5227283e-13,1.0,-0.13637668,0.10410975,0.89589024
2022-08-02 00:00:00,0.020619433,0.9793653,1.5286028e-05,1.0,-0.067179054,0.020624317,0.9793653
2022-08-03 00:00:00,0.0134992525,0.8609387,0.12556201,1.0,0.03522388,0.053628847,0.8609387
2022-08-04 00:00:00,0.08001209,2.632871e-22,0.9199879,2.0,0.59074956,0.37404007,0.9199879
2022-08-05 00:00:00,0.044652622,0.43941116,0.51593626,2.0,0.3094728,0.20954575,0.51593626
2022-08-08 00:00:00,0.0026097565,0.0,0.9973903,2.0,0.7143866,0.3213755,0.9973903
2022-08-09 00:00:00,0.00028044634,0.0,0.99971956,2.0,0.7181072,0.31979063,0.99971956
2022-08-10 00:00:00,8.075565e-09,0.0,1.0,2.0,0.7185552,0.31959984,1.0
2022-08-11 00:00:00,9.2354915e-11,0.0,1.0,2.0,0.7185552,0.3195998,1.0
2022-08-12 00:00:00,0.0006880049,0.0,0.999312,2.0,0.7174562,0.32006794,0.999312
2022-08-15 00:00:00,0.05036805,0.034380063,0.9152519,2.0,0.6116743,0.3428824,0.9152519
2022-08-16 00:00:00,0.0053593507,0.99039465,0.004246024,1.0,-0.051281497,0.0067163794,0.99039465
2022-08-17 00:00:00,0.003337769,0.7753077,0.22135451,1.0,0.117276184,0.07408263,0.7753077
2022-08-18 00:00:00,0.012015195,0.9879848,4.391068e-08,1.0,-0.060060702,0.012015209,0.9879848
2022-08-19 00:00:00,0.028183099,0.9718169,2.7820853e-12,1.0,-0.07345858,0.028183099,0.9718169
2022-08-22 00:00:00,0.9246631,0.07533685,1.060176e-26,0.0,-0.8163442,0.9246631,0.9246631
2022-08-23 00:00:00,0.028389424,0.9716106,5.584472e-11,1.0,-0.07362956,0.028389424,0.9716106
2022-08-24 00:00:00,0.16093549,0.8390645,1.9008596e-20,1.0,-0.18346643,0.16093549,0.8390645
2022-08-25 00:00:00,0.101019435,0.89898056,2.3059785e-18,1.0,-0.13381582,0.101019435,0.89898056
2022-08-26 00:00:00,0.24528714,0.7547129,4.906413e-25,1.0,-0.25336605,0.24528714,0.7547129
2022-08-29 00:00:00,0.19282211,0.8071779,2.4580152e-23,1.0,-0.20988992,0.19282211,0.8071779
2022-08-30 00:00:00,0.012296256,0.9877037,4.0104734e-08,1.0,-0.06029361,0.012296269,0.9877037
2022-08-31 00:00:00,0.008259791,0.9917393,9.649914e-07,1.0,-0.056948006,0.008260099,0.9917393
2022-09-01 00:00:00,0.42454928,0.5754507,7.9016e-32,1.0,-0.40191513,0.42454928,0.5754507
2022-09-02 00:00:00,0.119628154,0.88037187,7.767149e-21,1.0,-0.1492363,0.119628154,0.88037187
2022-09-05 00:00:00,0.22362754,0.7763725,2.9536786e-24,1.0,-0.23541743,0.22362754,0.7763725
2022-09-06 00:00:00,0.585705,0.41429505,6.006687e-36,0.0,-0.53545994,0.585705,0.585705
2022-09-07 00:00:00,0.4599591,0.5400409,1.2524796e-33,1.0,-0.43125817,0.4599591,0.5400409
2022-09-08 00:00:00,0.5427173,0.45728272,4.9139215e-36,0.0,-0.49983734,0.5427173,0.5427173
2022-09-09 00:00:00,0.07777308,0.9222269,8.107774e-19,1.0,-0.11455229,0.07777308,0.9222269
2022-09-12 00:00:00,0.0015175673,0.93985885,0.058623582,1.0,-0.0063001113,0.020253653,0.93985885
2022-09-13 00:00:00,0.050406605,0.94959337,7.2982016e-16,1.0,-0.091874525,0.050406605,0.94959337
2022-09-14 00:00:00,0.053902324,0.9460977,2.2391586e-16,1.0,-0.094771326,0.053902324,0.9460977
2022-09-15 00:00:00,0.01796317,0.98203206,4.7749227e-06,1.0,-0.06498597,0.017964697,0.98203206
2022-09-16 00:00:00,0.008236337,0.8740474,0.11771625,1.0,0.033554383,0.04585843,0.8740474
2022-09-19 00:00:00,0.04045732,6.7970347e-31,0.9595427,2.0,0.65393156,0.347127,0.9595427
2022-09-20 00:00:00,0.004015588,0.66426796,0.33171645,1.0,0.20154524,0.110032104,0.66426796
2022-09-21 00:00:00,0.046854172,0.9531458,9.443673e-10,1.0,-0.08893073,0.046854172,0.9531458
2022-09-22 00:00:00,0.04359053,0.95640945,2.718389e-09,1.0,-0.086226255,0.04359053,0.95640945
2022-09-23 00:00:00,0.6854178,0.31458223,3.470265e-30,0.0,-0.6180889,0.6854178,0.6854178
2022-09-26 00:00:00,0.9999459,5.4113752e-05,0.0,0.0,-0.87872875,0.9999459,0.9999459
2022-09-27 00:00:00,0.99999964,3.788916e-07,0.0,0.0,-0.8787733,0.99999964,0.99999964
2022-09-28 00:00:00,0.9988981,0.0011019094,6.1157e-41,0.0,-0.8778605,0.9988981,0.9988981
2022-09-29 00:00:00,0.6232342,0.37676576,5.680942e-10,0.0,-0.5665593,0.6232342,0.6232342
2022-09-30 00:00:00,0.44946638,0.5505336,2.489422e-13,1.0,-0.4225632,0.44946638,0.5505336
2022-10-03 00:00:00,0.65808064,0.34191936,2.5791271e-09,0.0,-0.59543544,0.65808064,0.65808064
2022-10-04 00:00:00,0.3246516,9.637805e-38,0.6753484,2.0,0.19997986,0.54049283,0.6753484
2022-10-05 00:00:00,0.9862162,0.013783614,2.052827e-07,0.0,-0.8673512,0.98621625,0.9862162
2022-10-06 00:00:00,0.93107146,0.06892854,1.7657331e-23,0.0,-0.8216546,0.93107146,0.93107146
2022-10-07 00:00:00,0.9998048,0.00019522138,2.0167303e-36,0.0,-0.8786118,0.9998048,0.9998048
2022-10-10 00:00:00,1.0,1.4246007e-11,0.0,0.0,-0.87877357,1.0,1.0
2022-10-11 00:00:00,0.9818028,0.018197158,6.694572e-31,0.0,-0.86369413,0.9818028,0.9818028
2022-10-12 00:00:00,0.9824053,0.017594684,7.090168e-31,0.0,-0.8641934,0.9824053,0.9824053
2022-10-13 00:00:00,0.8197925,0.18020749,1.0220015e-21,0.0,-0.7294411,0.8197925,0.8197925
2022-10-14 00:00:00,0.9984604,0.001539565,8.6255865e-33,0.0,-0.8774978,0.9984604,0.9984604
2022-10-17 00:00:00,0.87039965,0.12960036,5.901266e-18,0.0,-0.77137774,0.87039965,0.87039965
2022-10-18 00:00:00,0.9730965,0.026903491,1.8600627e-09,0.0,-0.85647947,0.9730965,0.9730965
2022-10-19 00:00:00,0.9923726,0.0076082167,1.9214427e-05,0.0,-0.8724382,0.9923787,0.9923726
2022-10-20 00:00:00,0.9956611,0.0042891577,4.9747894e-05,0.0,-0.87513983,0.995677,0.9956611
2022-10-21 00:00:00,0.00017266253,0.0,0.9998273,2.0,0.7182794,0.3197173,0.9998273
2022-10-24 00:00:00,1.0859875e-09,0.0,1.0,2.0,0.7185552,0.3195998,1.0
2022-10-25 00:00:00,1.9755224e-17,0.0,1.0,2.0,0.7185552,0.3195998,1.0
2022-10-26 00:00:00,3.388016e-19,0.0,1.0,2.0,0.7185552,0.3195998,1.0
2022-10-27 00:00:00,0.0051293145,0.0,0.99487066,2.0,0.710362,0.3230898,0.99487066
2022-10-28 00:00:00,0.0003852648,0.0,0.9996147,2.0,0.7179398,0.31986195,0.9996147
2022-10-31 00:00:00,0.6163962,1.5096019e-19,0.38360384,0.0,-0.26603216,0.7389959,0.6163962
2022-11-01 00:00:00,0.30822024,0.6917794,3.9840037e-07,1.0,-0.30551648,0.30822036,0.6917794
2022-11-02 00:00:00,0.33987164,0.6601261,2.2225918e-06,1.0,-0.33174366,0.33987236,0.6601261
2022-11-03 00:00:00,0.40582326,0.5419555,0.052221302,1.0,-0.34625706,0.4225132,0.5419555
2022-11-04 00:00:00,3.9514862e-07,0.0,0.9999996,2.0,0.71855456,0.31960008,0.9999996
2022-11-07 00:00:00,2.519909e-13,0.0,1.0,2.0,0.7185552,0.3195998,1.0
2022-11-08 00:00:00,2.949449e-19,0.0,1.0,2.0,0.7185552,0.3195998,1.0
2022-11-09 00:00:00,1.6218332e-13,0.0,1.0,2.0,0.7185552,0.3195998,1.0
2022-11-10 00:00:00,2.3537557e-23,0.0,1.0,2.0,0.7185552,0.3195998,1.0
2022-11-11 00:00:00,1e-45,0.0,1.0,2.0,0.7185552,0.3195998,1.0
2022-11-14 00:00:00,1.2228025e-28,0.0,1.0,2.0,0.7185552,0.3195998,1.0
2022-11-15 00:00:00,2.4597268e-30,0.0,1.0,2.0,0.7185552,0.3195998,1.0
2022-11-16 00:00:00,0.0,0.0,1.0,2.0,0.7185552,0.3195998,1.0
2022-11-17 00:00:00,2.79611e-40,0.0,1.0,2.0,0.7185552,0.3195998,1.0
2022-11-18 00:00:00,2.8394124e-27,0.0,1.0,2.0,0.7185552,0.3195998,1.0
2022-11-21 00:00:00,1.1690619e-17,0.0,1.0,2.0,0.7185552,0.3195998,1.0
2022-11-22 00:00:00,1.6724169e-16,0.0,1.0,2.0,0.7185552,0.3195998,1.0
2022-11-23 00:00:00,3.0303874e-14,0.0,1.0,2.0,0.7185552,0.3195998,1.0
2022-11-24 00:00:00,6.584343e-25,0.0,1.0,2.0,0.7185552,0.3195998,1.0
2022-11-25 00:00:00,3.4431522e-24,0.0,1.0,2.0,0.7185552,0.3195998,1.0
2022-11-28 00:00:00,9.21699e-27,0.0,1.0,2.0,0.7185552,0.3195998,1.0
2022-11-29 00:00:00,1.7076743e-25,0.0,1.0,2.0,0.7185552,0.3195998,1.0
2022-11-30 00:00:00,9.4e-44,0.0,1.0,2.0,0.7185552,0.3195998,1.0
2022-12-01 00:00:00,0.0,0.0,1.0,2.0,0.7185552,0.3195998,1.0
2022-12-02 00:00:00,5.87293e-39,0.0,1.0,2.0,0.7185552,0.3195998,1.0
2022-12-05 00:00:00,9.460816e-28,0.0,1.0,2.0,0.7185552,0.3195998,1.0
2022-12-06 00:00:00,7.0869216e-19,0.0,1.0,2.0,0.7185552,0.3195998,1.0
2022-12-07 00:00:00,4.5777797e-30,0.0,1.0,2.0,0.7185552,0.3195998,1.0
2022-12-08 00:00:00,2.4115298e-16,0.0,1.0,2.0,0.7185552,0.3195998,1.0
2022-12-09 00:00:00,0.0006921711,0.0,0.9993078,2.0,0.71744955,0.32007077,0.9993078
2022-12-12 00:00:00,5.138879e-06,0.0,0.9999949,2.0,0.718547,0.31960332,0.9999949
2022-12-13 00:00:00,1.3152041e-08,0.0,1.0,2.0,0.71855515,0.31959984,1.0
2022-12-14 00:00:00,1.4649221e-09,0.0,1.0,2.0,0.7185552,0.3195998,1.0
2022-12-15 00:00:00,3.1955714e-09,0.0,1.0,2.0,0.7185552,0.3195998,1.0
2022-12-16 00:00:00,2.8710557e-08,0.0,1.0,2.0,0.71855515,0.31959984,1.0
2022-12-19 00:00:00,3.7499985e-17,0.0,1.0,2.0,0.7185552,0.3195998,1.0
2022-12-20 00:00:00,7.5845493e-13,0.0,1.0,2.0,0.7185552,0.3195998,1.0
2022-12-21 00:00:00,0.00014085133,0.0,0.99985915,2.0,0.7183302,0.31969565,0.99985915
2022-12-22 00:00:00,9.1227135e-05,0.0,0.99990875,2.0,0.7184095,0.3196619,0.99990875
2022-12-23 00:00:00,4.550714e-06,0.0,0.99999547,2.0,0.71854794,0.3196029,0.99999547
2022-12-26 00:00:00,2.7634952e-12,0.0,1.0,2.0,0.7185552,0.3195998,1.0
2022-12-27 00:00:00,2.472138e-14,0.0,1.0,2.0,0.7185552,0.3195998,1.0
2022-12-28 00:00:00,5.8071337e-06,0.0,0.9999942,2.0,0.7185459,0.31960377,0.9999942
2022-12-29 00:00:00,0.01533472,0.0,0.9846653,2.0,0.6940606,0.33003357,0.9846653
2022-12-30 00:00:00,0.000540097,0.0,0.9994599,2.0,0.7176925,0.3199673,0.9994599
2023-01-02 00:00:00,0.00025556184,0.0,0.9997444,2.0,0.718147,0.3197737,0.9997444
2023-01-03 00:00:00,0.07085771,2.255257e-20,0.9291423,2.0,0.60537213,0.3678114,0.9291423
2023-01-04 00:00:00,0.057527635,5.670798e-28,0.94247234,2.0,0.62666464,0.35874164,0.94247234
2023-01-05 00:00:00,0.013884935,0.13407119,0.85204387,2.0,0.5933213,0.286198,0.85204387
2023-01-06 00:00:00,0.034466542,3.9171678e-37,0.96553344,2.0,0.6635008,0.34305087,0.96553344
2023-01-09 00:00:00,0.0001440176,0.0,0.999856,2.0,0.71832514,0.3196978,0.999856
2023-01-10 00:00:00,0.029336182,1.921888e-38,0.97066385,2.0,0.67169565,0.33956015,0.97066385
2023-01-11 00:00:00,0.05802304,8.107077e-25,0.94197696,2.0,0.6258733,0.3590787,0.94197696
2023-01-12 00:00:00,3.6155666e-06,0.0,0.99999636,2.0,0.71854943,0.31960228,0.99999636
2023-01-13 00:00:00,1.3108233e-07,0.0,0.9999999,2.0,0.718555,0.3195999,0.9999999
2023-01-16 00:00:00,3.5557348e-06,0.0,0.9999964,2.0,0.7185495,0.31960225,0.9999964
2023-01-17 00:00:00,0.001230403,0.0,0.9987696,2.0,0.71658987,0.32043698,0.9987696
2023-01-18 00:00:00,0.00010664978,0.0,0.99989337,2.0,0.71838486,0.31967238,0.99989337
2023-01-19 00:00:00,9.52783e-07,0.0,0.99999905,2.0,0.71855366,0.31960046,0.99999905
2023-01-20 00:00:00,5.39002e-07,0.0,0.99999946,2.0,0.7185543,0.3196002,0.99999946
2023-01-23 00:00:00,1.079936e-06,0.0,0.9999989,2.0,0.7185535,0.31960055,0.9999989
2023-01-24 00:00:00,7.260313e-08,0.0,0.99999994,2.0,0.7185551,0.31959987,0.99999994
2023-01-25 00:00:00,2.5981506e-10,0.0,1.0,2.0,0.7185552,0.3195998,1.0
2023-01-26 00:00:00,1.5171789e-06,0.0,0.9999985,2.0,0.71855277,0.31960085,0.9999985
2023-01-27 00:00:00,0.0023873968,0.0,0.9976126,2.0,0.71474177,0.3212242,0.9976126
2023-01-30 00:00:00,0.0006869685,0.0,0.99931306,2.0,0.7174579,0.32006723,0.99931306
2023-01-31 00:00:00,1.3628513e-13,0.0,1.0,2.0,0.7185552,0.3195998,1.0
2023-02-01 00:00:00,9.459155e-23,0.0,1.0,2.0,0.7185552,0.3195998,1.0
2023-02-02 00:00:00,5.813741e-20,0.0,1.0,2.0,0.7185552,0.3195998,1.0
2023-02-03 00:00:00,0.0037222407,0.0,0.99627775,2.0,0.7126095,0.32213244,0.99627775
2023-02-06 00:00:00,0.0077484357,0.44098178,0.55126977,2.0,0.36721364,0.18393415,0.55126977
2023-02-07 00:00:00,0.0060509034,0.59050465,0.40344444,1.0,0.25499302,0.13499168,0.59050465
2023-02-08 00:00:00,0.008765155,0.9512225,0.04001239,1.0,-0.026611632,0.021553108,0.9512225
2023-02-09 00:00:00,0.015868392,0.9841282,3.4567056e-06,1.0,-0.06325111,0.015869496,0.9841282
2023-02-10 00:00:00,0.021749265,0.97825074,2.7385478e-09,1.0,-0.06812706,0.021749267,0.97825074
2023-02-13 00:00:00,0.005773194,0.99412936,9.744205e-05,1.0,-0.05481328,0.0058043366,0.99412936
2023-02-14 00:00:00,0.002707702,0.98152834,0.01576396,1.0,-0.040230785,0.007745861,0.98152834
2023-02-15 00:00:00,0.0051176855,0.9948569,2.5436448e-05,1.0,-0.054325428,0.005125815,0.9948569
2023-02-16 00:00:00,0.014502733,0.9854973,9.666313e-11,1.0,-0.062122084,0.014502733,0.9854973
2023-02-17 00:00:00,0.012339952,0.98766005,4.776341e-10,1.0,-0.060329854,0.012339952,0.98766005
2023-02-20 00:00:00,0.021034518,0.97896546,5.2001903e-13,1.0,-0.067534775,0.021034518,0.97896546
2023-02-21 00:00:00,0.060175627,0.93982434,2.3470257e-19,1.0,-0.09996982,0.060175627,0.93982434
2023-02-22 00:00:00,0.37202722,0.6279728,9.763331e-32,1.0,-0.3583917,0.37202722,0.6279728
2023-02-23 00:00:00,0.24690983,0.75309014,7.960663e-29,1.0,-0.25471073,0.24690983,0.75309014
2023-02-24 00:00:00,0.4143109,0.5856891,1.5321712e-32,1.0,-0.39343092,0.4143109,0.5856891
2023-02-27 00:00:00,0.06621161,0.93378836,3.124434e-19,1.0,-0.104971655,0.06621161,0.93378836
2023-02-28 00:00:00,0.2410952,0.7589048,3.3613112e-25,1.0,-0.24989235,0.2410952,0.7589048
2023-03-01 00:00:00,0.682374,0.31762597,3.2765783e-35,0.0,-0.6155666,0.682374,0.682374
2023-03-02 00:00:00,0.3529876,0.6470124,2.1897361e-28,1.0,-0.34261414,0.3529876,0.6470124
2023-03-03 00:00:00,0.005322938,0.99467707,2.339756e-08,1.0,-0.05451505,0.0053229453,0.99467707
2023-03-06 00:00:00,0.00021788126,0.92148936,0.07829275,1.0,0.009895788,0.02524023,0.92148936
2023-03-07 00:00:00,0.012425415,0.9875746,4.2311356e-11,1.0,-0.060400672,0.012425415,0.9875746
2023-03-08 00:00:00,0.0085306745,0.9914693,1.0285109e-09,1.0,-0.05717322,0.0085306745,0.9914693
2023-03-09 00:00:00,0.0064409454,0.99355906,1.8767812e-08,1.0,-0.055441514,0.006440951,0.99355906
2023-03-10 00:00:00,0.00084840186,0.9476596,0.051491957,1.0,-0.011227383,0.017305221,0.9476596
2023-03-13 00:00:00,0.0009029163,0.86161786,0.1374792,1.0,0.05482234,0.044841245,0.86161786
2023-03-14 00:00:00,0.00090354466,0.8627527,0.13634375,1.0,0.053949047,0.044478983,0.8627527
2023-03-15 00:00:00,0.010504489,0.9894884,7.063377e-06,1.0,-0.05880343,0.010506746,0.9894884
2023-03-16 00:00:00,0.010710299,0.9749461,0.014343612,1.0,-0.04795406,0.015294515,0.9749461
2023-03-17 00:00:00,0.016738813,0.8246606,0.15860058,1.0,0.05793476,0.06742753,0.8246606
2023-03-20 00:00:00,0.08693512,3.9750735e-06,0.9130609,2.0,0.5796882,0.37874922,0.9130609
2023-03-21 00:00:00,0.02578457,1.313207e-39,0.97421545,2.0,0.67736876,0.33714363,0.97421545
2023-03-22 00:00:00,1.3931562e-07,0.0,0.9999999,2.0,0.718555,0.31959993,0.9999999
2023-03-23 00:00:00,3.6560002e-06,0.0,0.99999636,2.0,0.7185494,0.3196023,0.99999636
2023-03-24 00:00:00,6.027757e-05,0.0,0.99993974,2.0,0.7184589,0.31964082,0.99993974
2023-03-27 00:00:00,0.00018755729,0.0,0.9998124,2.0,0.7182556,0.31972742,0.9998124
2023-03-28 00:00:00,2.1074337e-07,0.0,0.99999976,2.0,0.71855485,0.31959996,0.99999976
2023-03-29 00:00:00,0.0011633202,0.0,0.9988367,2.0,0.716697,0.32039133,0.9988367
2023-03-30 00:00:00,3.1649416e-10,0.0,1.0,2.0,0.7185552,0.3195998,1.0
2023-03-31 00:00:00,5.6387802e-05,0.0,0.9999436,2.0,0.71846515,0.3196382,0.9999436
2023-04-03 00:00:00,1.9017616e-05,0.0,0.999981,2.0,0.7185248,0.31961277,0.999981
2023-04-04 00:00:00,3.6009765e-18,0.0,1.0,2.0,0.7185552,0.3195998,1.0
2023-04-05 00:00:00,7.744297e-13,0.0,1.0,2.0,0.7185552,0.3195998,1.0
2023-04-06 00:00:00,1.4572945e-11,0.0,1.0,2.0,0.7185552,0.3195998,1.0
2023-04-07 00:00:00,9.221253e-08,0.0,0.9999999,2.0,0.71855503,0.31959987,0.9999999
2023-04-10 00:00:00,0.009951338,0.0,0.99004865,2.0,0.70265967,0.32637072,0.99004865
2023-04-11 00:00:00,0.00071647426,0.0,0.99928355,2.0,0.71741074,0.3200873,0.99928355
2023-04-12 00:00:00,4.1923408e-18,0.0,1.0,2.0,0.7185552,0.3195998,1.0
2023-04-13 00:00:00,6.281838e-20,0.0,1.0,2.0,0.7185552,0.3195998,1.0
2023-04-14 00:00:00,2.3763996e-10,0.0,1.0,2.0,0.7185552,0.3195998,1.0
2023-04-17 00:00:00,0.0004052953,0.0,0.9995947,2.0,0.7179078,0.31987557,0.9995947
2023-04-18 00:00:00,0.00057448895,0.0,0.99942553,2.0,0.71763754,0.3199907,0.99942553
2023-04-19 00:00:00,0.05140634,9.48801e-15,0.9485937,2.0,0.63644236,0.3545767,0.9485937
2023-04-20 00:00:00,0.028427847,1.804926e-39,0.97157216,2.0,0.6731466,0.33894214,0.97157216
2023-04-21 00:00:00,3.1660948e-05,0.0,0.99996835,2.0,0.7185046,0.31962135,0.99996835
2023-04-24 00:00:00,3.5630908e-06,0.0,0.9999964,2.0,0.7185495,0.31960225,0.9999964
2023-04-25 00:00:00,0.022240628,3.67e-43,0.97775936,2.0,0.6830296,0.33473235,0.97775936
2023-04-26 00:00:00,0.00067049096,0.0,0.9993295,2.0,0.7174842,0.32005602,0.9993295
2023-04-27 00:00:00,0.032223284,1.07125e-35,0.9677767,2.0,0.66708404,0.34152454,0.9677767
2023-04-28 00:00:00,0.0043343487,0.0,0.99566567,2.0,0.71163183,0.3225489,0.99566567
2023-05-01 00:00:00,0.03728407,4.104111e-08,0.96271586,2.0,0.6590003,0.3449679,0.96271586
2023-05-02 00:00:00,0.028856318,1.07822925e-05,0.9711329,2.0,0.6724539,0.3392302,0.9711329
2023-05-03 00:00:00,0.0064123143,0.0,0.9935877,2.0,0.70831263,0.32396275,0.9935877
2023-05-04 00:00:00,0.04961707,2.0344978e-23,0.95038295,2.0,0.6393004,0.35335928,0.95038295
2023-05-05 00:00:00,0.046707172,4.9960342e-26,0.95329285,2.0,0.6439485,0.3513794,0.95329285
2023-05-08 00:00:00,0.031633154,9.749279e-37,0.96836686,2.0,0.6680266,0.341123,0.96836686
2023-05-09 00:00:00,0.024498638,0.00013601106,0.97536534,2.0,0.67931825,0.3362252,0.97536534
2023-05-10 00:00:00,0.00013332196,0.8761561,0.12371057,1.0,0.044876695,0.0396712,0.8761561
2023-05-11 00:00:00,0.0026204148,0.99737525,4.3162686e-06,1.0,-0.052272253,0.0026217944,0.99737525
2023-05-12 00:00:00,0.003054882,0.9969435,1.6603457e-06,1.0,-0.05263432,0.0030554126,0.9969435
2023-05-15 00:00:00,0.00025654578,0.9334423,0.06630115,1.0,0.00064629724,0.021446383,0.9334423
2023-05-16 00:00:00,0.0011259238,0.99854004,0.0003340159,1.0,-0.050780386,0.0012326753,0.99854004
2023-05-17 00:00:00,0.0012701304,0.9985446,0.00018526721,1.0,-0.051014222,0.0013293418,0.9985446
2023-05-18 00:00:00,0.012336785,0.9876632,3.8276163e-11,1.0,-0.06032723,0.012336785,0.9876632
2023-05-19 00:00:00,0.009406838,0.99059314,3.961241e-10,1.0,-0.05789927,0.009406838,0.99059314
2023-05-22 00:00:00,0.11966217,0.88033783,1.5011848e-18,1.0,-0.1492645,0.11966217,0.88033783
2023-05-23 00:00:00,0.0509409,0.94905907,1.8744629e-13,1.0,-0.09231728,0.0509409,0.94905907
2023-05-24 00:00:00,0.9859457,0.014054289,4.3155603e-28,0.0,-0.86712724,0.9859457,0.9859457
2023-05-25 00:00:00,0.9855374,0.0144626135,2.3533757e-31,0.0,-0.86678886,0.9855374,0.9855374
2023-05-26 00:00:00,0.96834975,0.031650275,3.7614745e-27,0.0,-0.852546,0.96834975,0.96834975
2023-05-29 00:00:00,0.96854943,0.03145057,5.2887438e-23,0.0,-0.85271144,0.96854943,0.96854943
2023-05-30 00:00:00,0.9989284,0.0010715921,2.7964403e-27,0.0,-0.8778856,0.9989284,0.9989284
2023-05-31 00:00:00,1.0,3.017596e-10,0.0,0.0,-0.87877357,1.0,1.0
2023-06-01 00:00:00,0.99710685,0.0028931296,7.557667e-24,0.0,-0.87637615,0.99710685,0.99710685
2023-06-02 00:00:00,0.9961915,0.003808482,2.8158288e-32,0.0,-0.8756176,0.9961915,0.9961915
2023-06-05 00:00:00,0.9963328,0.0036671497,8.990067e-28,0.0,-0.87573475,0.9963328,0.9963328
2023-06-06 00:00:00,0.99675745,0.0032425537,1.1552346e-24,0.0,-0.8760866,0.99675745,0.99675745
2023-06-07 00:00:00,0.9995171,0.00048290583,3.6528555e-27,0.0,-0.8783734,0.9995171,0.9995171
2023-06-08 00:00:00,0.0259951,0.9739781,2.680812e-05,1.0,-0.07162485,0.026003668,0.9739781
2023-06-09 00:00:00,0.0061534895,0.99152195,0.0023245336,1.0,-0.053416546,0.0068964097,0.99152195
2023-06-12 00:00:00,0.010154666,0.9893538,0.0004915546,1.0,-0.058141135,0.0103117665,0.9893538
2023-06-13 00:00:00,0.0010549544,0.96633404,0.032611,1.0,-0.02591157,0.011477425,0.96633404
2023-06-14 00:00:00,8.511753e-05,0.8826479,0.11726699,1.0,0.03996372,0.037563626,0.8826479
2023-06-15 00:00:00,0.0011985828,0.0,0.9988014,2.0,0.71664065,0.32041535,0.9988014
2023-06-16 00:00:00,0.011481341,0.0,0.98851866,2.0,0.7002157,0.3274117,0.98851866
2023-06-19 00:00:00,0.03419106,3.2872622e-35,0.9658089,2.0,0.66394085,0.3428634,0.9658089
2023-06-20 00:00:00,0.004103211,0.0,0.9958968,2.0,0.712001,0.32239163,0.9958968
2023-06-21 00:00:00,2.9713004e-07,0.0,0.9999997,2.0,0.71855474,0.31960002,0.9999997
2023-06-22 00:00:00,5.546389e-07,0.0,0.99999946,2.0,0.7185543,0.3196002,0.99999946
2023-06-23 00:00:00,0.0022026447,0.0,0.99779737,2.0,0.71503687,0.3210985,0.99779737
2023-06-26 00:00:00,5.5073775e-05,0.0,0.9999449,2.0,0.71846724,0.3196373,0.9999449
2023-06-27 00:00:00,4.392061e-06,0.0,0.9999956,2.0,0.7185482,0.31960282,0.9999956
2023-06-28 00:00:00,7.955727e-06,0.0,0.9999921,2.0,0.7185425,0.31960523,0.9999921
2023-06-29 00:00:00,0.04186961,2.9653498e-29,0.95813036,2.0,0.65167564,0.3480879,0.95813036
2023-06-30 00:00:00,5.9781014e-05,0.0,0.9999402,2.0,0.7184597,0.3196405,0.9999402
2023-07-03 00:00:00,9.140362e-05,0.0,0.9999086,2.0,0.7184092,0.319662,0.9999086
2023-07-04 00:00:00,0.0006922511,0.0,0.99930775,2.0,0.7174494,0.32007083,0.99930775
2023-07-05 00:00:00,0.011071893,0.0,0.9889281,2.0,0.70086974,0.32713315,0.9889281
2023-07-06 00:00:00,0.048100684,1.4501322e-28,0.9518993,2.0,0.6417226,0.35232753,0.9518993
2023-07-07 00:00:00,1.9290339e-05,0.0,0.9999807,2.0,0.7185244,0.31961295,0.9999807
2023-07-10 00:00:00,1.7798006e-06,0.0,0.9999982,2.0,0.71855235,0.31960103,0.9999982
2023-07-11 00:00:00,1.4430674e-05,0.0,0.9999856,2.0,0.71853215,0.31960964,0.9999856
2023-07-12 00:00:00,2.631367e-10,0.0,1.0,2.0,0.7185552,0.3195998,1.0
2023-07-13 00:00:00,8.417125e-09,0.0,1.0,2.0,0.7185552,0.31959984,1.0
2023-07-14 00:00:00,1.890951e-09,0.0,1.0,2.0,0.7185552,0.3195998,1.0
2023-07-17 00:00:00,9.195734e-12,0.0,1.0,2.0,0.7185552,0.3195998,1.0
2023-07-18 00:00:00,2.9698934e-11,0.0,1.0,2.0,0.7185552,0.3195998,1.0
2023-07-19 00:00:00,2.7819515e-05,0.0,0.99997216,2.0,0.71851075,0.31961873,0.99997216
2023-07-20 00:00:00,0.0009970195,0.0,0.999003,2.0,0.71696264,0.3202782,0.999003
2023-07-21 00:00:00,2.019284e-06,0.0,0.999998,2.0,0.718552,0.31960118,0.999998
2023-07-24 00:00:00,0.006099356,0.0,0.99390066,2.0,0.70881253,0.3237498,0.99390066
2023-07-25 00:00:00,0.04724702,8.685418e-22,0.952753,2.0,0.6430862,0.3517467,0.952753
2023-07-26 00:00:00,0.0027131727,0.0,0.99728686,2.0,0.71422136,0.32144585,0.99728686
2023-07-27 00:00:00,0.034019396,3.578825e-32,0.9659806,2.0,0.664215,0.34274662,0.9659806
2023-07-28 00:00:00,0.03779991,8.896029e-30,0.9622001,2.0,0.6581763,0.34531888,0.9622001
2023-07-31 00:00:00,0.05098032,5.8004858e-18,0.9490197,2.0,0.63712287,0.35428682,0.9490197
2023-08-01 00:00:00,0.021901192,8.906e-41,0.9780988,2.0,0.6835718,0.3345014,0.9780988
2023-08-02 00:00:00,0.050577078,2.9610533e-20,0.9494229,2.0,0.63776696,0.35401246,0.9494229
2023-08-03 00:00:00,0.04537811,5.398992e-10,0.9546219,2.0,0.64607143,0.3504751,0.9546219
2023-08-04 00:00:00,0.024406558,0.0004993257,0.97509414,2.0,0.6791861,0.33604646,0.97509414
2023-08-07 00:00:00,0.00026321402,0.8948675,0.1048693,1.0,0.030286536,0.033779424,0.8948675
2023-08-08 00:00:00,0.000836826,0.9786616,0.02050157,1.0,-0.03503884,0.007389124,0.9786616
2023-08-09 00:00:00,0.012941206,0.98705876,6.17313e-09,1.0,-0.06082809,0.012941208,0.98705876
2023-08-10 00:00:00,0.97858936,0.021410668,2.958299e-20,0.0,-0.86103123,0.97858936,0.97858936
2023-08-11 00:00:00,0.9945725,0.0054274974,2.8345257e-27,0.0,-0.874276,0.9945725,0.9945725
2023-08-14 00:00:00,0.99559575,0.00440425,2.904609e-36,0.0,-0.8751239,0.99559575,0.99559575
2023-08-15 00:00:00,0.99600995,0.003990068,2.1282035e-35,0.0,-0.8754671,0.99600995,0.99600995
2023-08-16 00:00:00,0.99510175,0.00489827,1.42969635e-36,0.0,-0.87471455,0.99510175,0.99510175
2023-08-17 00:00:00,0.99735725,0.0026427647,3.766752e-24,0.0,-0.8765836,0.99735725,0.99735725
2023-08-18 00:00:00,0.99618864,0.0038113752,1.3297139e-22,0.0,-0.8756152,0.99618864,0.99618864
2023-08-21 00:00:00,0.41996437,0.5800356,4.1137067e-09,1.0,-0.39811575,0.41996437,0.5800356
2023-08-22 00:00:00,0.7295639,0.2704361,5.1761567e-14,0.0,-0.65467143,0.7295639,0.7295639
2023-08-23 00:00:00,0.93199915,0.068000846,1.087164e-15,0.0,-0.82242334,0.93199915,0.93199915
2023-08-24 00:00:00,0.66178864,0.33821133,1.2941268e-10,0.0,-0.5985082,0.66178864,0.66178864
2023-08-25 00:00:00,0.99999624,3.7566244e-06,4.044255e-20,0.0,-0.8787705,0.99999624,0.99999624
2023-08-28 00:00:00,0.9501624,0.049837586,3.172188e-10,0.0,-0.8374747,0.9501624,0.9501624
2023-08-29 00:00:00,0.05158975,0.94840753,2.729609e-06,1.0,-0.09285287,0.05159062,0.94840753
2023-08-30 00:00:00,5.8418642e-05,0.7693518,0.23058982,1.0,0.1270925,0.073754884,0.7693518
2023-08-31 00:00:00,0.0018643291,0.99791825,0.00021743996,1.0,-0.051481888,0.0019338229,0.99791825
2023-09-01 00:00:00,0.7716352,0.22836486,3.1457706e-18,0.0,-0.6895346,0.7716352,0.7716352
2023-09-04 00:00:00,0.3709736,0.6290264,8.964571e-15,1.0,-0.3575186,0.3709736,0.6290264
2023-09-05 00:00:00,0.48628268,0.5137173,2.2545703e-18,1.0,-0.4530717,0.48628268,0.5137173
2023-09-06 00:00:00,0.9168494,0.08315062,2.6000636e-22,0.0,-0.80986917,0.9168494,0.9168494
2023-09-07 00:00:00,0.95115507,0.048844963,1.1144245e-27,0.0,-0.83829725,0.95115507,0.95115507
2023-09-08 00:00:00,0.92498565,0.075014345,9.318323e-22,0.0,-0.81661147,0.92498565,0.92498565
2023-09-11 00:00:00,0.030775784,0.9692242,7.2036705e-09,1.0,-0.07560706,0.030775785,0.9692242
2023-09-12 00:00:00,0.017811015,0.98218894,6.3987116e-08,1.0,-0.06486351,0.017811036,0.98218894
2023-09-13 00:00:00,0.013122941,0.98687667,4.0041596e-07,1.0,-0.060978383,0.013123069,0.98687667
2023-09-14 00:00:00,0.1511613,0.8488387,4.187634e-19,1.0,-0.17536686,0.1511613,0.8488387
2023-09-15 00:00:00,0.048252527,0.9517475,4.100297e-15,1.0,-0.09008951,0.048252527,0.9517475
2023-09-18 00:00:00,0.035018016,0.964982,8.606827e-14,1.0,-0.07912248,0.035018016,0.964982
2023-09-19 00:00:00,0.014485285,0.9855147,2.0700537e-09,1.0,-0.062107623,0.014485286,0.9855147
2023-09-20 00:00:00,0.06991147,0.9300885,2.2451983e-15,1.0,-0.10803761,0.06991147,0.9300885
2023-09-21 00:00:00,0.009791996,0.9902074,6.290291e-07,1.0,-0.058217958,0.009792197,0.9902074
2023-09-22 00:00:00,0.013230813,0.9867691,1.1947425e-07,1.0,-0.06106799,0.013230851,0.9867691
2023-09-25 00:00:00,0.23037738,0.7696226,2.9247355e-18,1.0,-0.2410108,0.23037738,0.7696226
2023-09-26 00:00:00,0.9460528,0.053947233,5.1155883e-31,0.0,-0.83406913,0.9460528,0.9460528
2023-09-27 00:00:00,0.99996597,3.4050106e-05,0.0,0.0,-0.8787454,0.99996597,0.99996597
2023-09-28 00:00:00,0.978327,0.021673022,1.5479954e-27,0.0,-0.8608138,0.978327,0.978327
2023-09-29 00:00:00,0.86411905,0.13588095,8.088576e-15,0.0,-0.7661732,0.86411905,0.86411905
2023-10-02 00:00:00,0.98748696,0.012513024,3.1713846e-34,0.0,-0.8684044,0.98748696,0.98748696
2023-10-03 00:00:00,0.9913656,0.008634406,2.8619943e-24,0.0,-0.8716185,0.9913656,0.9913656
2023-10-04 00:00:00,0.6618412,0.3381588,5.934672e-16,0.0,-0.5985517,0.6618412,0.6618412
2023-10-05 00:00:00,0.08376394,0.91623586,1.6646824e-07,1.0,-0.1195166,0.083763994,0.91623586
2023-10-06 00:00:00,0.013666972,0.98595965,0.00037340485,1.0,-0.061142493,0.013786311,0.98595965
2023-10-09 00:00:00,0.08231163,0.91768837,1.7658233e-09,1.0,-0.118313245,0.08231163,0.91768837
2023-10-10 00:00:00,0.022067042,0.97793275,2.1151055e-07,1.0,-0.068390235,0.02206711,0.97793275
2023-10-11 00:00:00,0.004563417,0.99522394,0.00021266006,1.0,-0.053722214,0.004631383,0.99522394
2023-10-12 00:00:00,0.0027051407,0.9963853,0.0009095852,1.0,-0.051646616,0.002995844,0.9963853
2023-10-13 00:00:00,0.01250497,0.98749495,9.512508e-08,1.0,-0.060466524,0.012505,0.98749495
2023-10-16 00:00:00,0.0070909397,0.99290764,1.4016348e-06,1.0,-0.05597908,0.0070913876,0.99290764
2023-10-17 00:00:00,0.002442363,0.9973586,0.00019899463,1.0,-0.051975064,0.0025059616,0.9973586
2023-10-18 00:00:00,0.0023838484,0.9975108,0.00010538496,1.0,-0.05199853,0.0024175295,0.9975108
2023-10-19 00:00:00,0.000773792,0.9886069,0.010619271,1.0,-0.042582728,0.004167709,0.9886069
2023-10-20 00:00:00,0.00041521146,0.95370936,0.04587541,1.0,-0.015185623,0.015076985,0.95370936
2023-10-23 00:00:00,0.048654843,5.652424e-15,0.95134515,2.0,0.64083743,0.35270458,0.95134515
2023-10-24 00:00:00,0.00889971,0.21112879,0.7799715,2.0,0.54205334,0.25817847,0.7799715
2023-10-25 00:00:00,0.037939236,1.0739678e-08,0.96206075,2.0,0.65795374,0.34541368,0.96206075
2023-10-26 00:00:00,0.00012231604,0.91533124,0.08454644,1.0,0.014781936,0.027143342,0.91533124
2023-10-27 00:00:00,0.00013262895,0.8936867,0.10618068,1.0,0.03140275,0.034067955,0.8936867
2023-10-30 00:00:00,0.018656876,0.0,0.98134315,2.0,0.688754,0.33229396,0.98134315
2023-10-31 00:00:00,0.044318687,7.793708e-31,0.9556813,2.0,0.64776367,0.34975427,0.9556813
2023-11-01 00:00:00,0.05066391,1.5543938e-15,0.9493361,2.0,0.63762826,0.35407156,0.9493361
2023-11-02 00:00:00,0.042871494,3.4195084e-11,0.9571285,2.0,0.6500753,0.3487696,0.9571285
2023-11-03 00:00:00,0.008502906,0.0,0.9914971,2.0,0.7049733,0.32538518,0.9914971
2023-11-06 00:00:00,0.010313535,0.0,0.9896865,2.0,0.7020811,0.32661715,0.9896865
2023-11-07 00:00:00,0.047199205,2.406452e-22,0.9528008,2.0,0.64316255,0.35171416,0.9528008
2023-11-08 00:00:00,0.04827485,1.525996e-20,0.9517251,2.0,0.6414444,0.35244602,0.9517251
2023-11-09 00:00:00,0.016090991,0.0,0.983909,2.0,0.6928526,0.33054814,0.983909
2023-11-10 00:00:00,0.0005590853,0.0,0.9994409,2.0,0.71766216,0.3199802,0.9994409
2023-11-13 00:00:00,0.0056900145,0.0,0.99430996,2.0,0.7094664,0.3234713,0.99430996
2023-11-14 00:00:00,1.0035546e-12,0.0,1.0,2.0,0.7185552,0.3195998,1.0
2023-11-15 00:00:00,5.5082417e-14,0.0,1.0,2.0,0.7185552,0.3195998,1.0
2023-11-16 00:00:00,2.9133182e-10,0.0,1.0,2.0,0.7185552,0.3195998,1.0
2023-11-17 00:00:00,2.0388988e-14,0.0,1.0,2.0,0.7185552,0.3195998,1.0
2023-11-20 00:00:00,1.0025818e-10,0.0,1.0,2.0,0.7185552,0.3195998,1.0
2023-11-21 00:00:00,6.063432e-16,0.0,1.0,2.0,0.7185552,0.3195998,1.0
2023-11-22 00:00:00,5.935111e-16,0.0,1.0,2.0,0.7185552,0.3195998,1.0
2023-11-23 00:00:00,1.2949665e-17,0.0,1.0,2.0,0.7185552,0.3195998,1.0
2023-11-24 00:00:00,1.84818e-21,0.0,1.0,2.0,0.7185552,0.3195998,1.0
2023-11-27 00:00:00,6.0100904e-18,0.0,1.0,2.0,0.7185552,0.3195998,1.0
2023-11-28 00:00:00,3.9433517e-28,0.0,1.0,2.0,0.7185552,0.3195998,1.0
2023-11-29 00:00:00,4.194768e-22,0.0,1.0,2.0,0.7185552,0.3195998,1.0
2023-11-30 00:00:00,3.3828296e-10,0.0,1.0,2.0,0.7185552,0.3195998,1.0
2023-12-01 00:00:00,0.0023788672,0.0,0.9976211,2.0,0.71475536,0.3212184,0.9976211
2023-12-04 00:00:00,0.020706825,5.303e-42,0.97929317,2.0,0.6854796,0.33368874,0.97929317
2023-12-05 00:00:00,0.04240974,4.644106e-28,0.9575903,2.0,0.6508129,0.3484554,0.9575903
2023-12-06 00:00:00,0.047462434,3.0388307e-09,0.95253754,2.0,0.6427421,0.35189328,0.95253754
2023-12-07 00:00:00,0.017756663,1.63e-43,0.98224336,2.0,0.690192,0.33168146,0.98224336
2023-12-08 00:00:00,0.05222624,2.585383e-18,0.94777375,2.0,0.63513273,0.35513458,0.94777375
2023-12-11 00:00:00,0.050058383,3.3648945e-12,0.94994164,2.0,0.6385955,0.35365954,0.94994164
2023-12-12 00:00:00,0.00052208535,0.9826755,0.016802419,1.0,-0.037621412,0.0058921357,0.9826755
2023-12-13 00:00:00,0.0022471151,0.63198906,0.3657638,1.0,0.22918154,0.11914516,0.63198906
2023-12-14 00:00:00,0.014833428,0.0,0.98516655,2.0,0.69486135,0.32969248,0.98516655
2023-12-15 00:00:00,0.00037768812,0.8874144,0.11220789,1.0,0.03583255,0.03623931,0.8874144
2023-12-18 00:00:00,0.00040426923,0.8801673,0.11942841,1.0,0.041360646,0.03857357,0.8801673
2023-12-19 00:00:00,0.042255845,1.7926556e-09,0.9577442,2.0,0.65105873,0.3483507,0.9577442
2023-12-20 00:00:00,0.03749892,1.5185181e-07,0.96250093,2.0,0.65865695,0.34511405,0.96250093
2023-12-21 00:00:00,0.045860708,2.103841e-25,0.9541393,2.0,0.64530057,0.35080346,0.9541393
2023-12-22 00:00:00,0.049266536,1.2109152e-11,0.9507335,2.0,0.63986033,0.35312077,0.9507335
2023-12-25 00:00:00,0.045132764,2.26902e-09,0.95486724,2.0,0.64646333,0.35030815,0.95486724
2023-12-26 00:00:00,0.025727503,0.00034410474,0.9739284,2.0,0.6771954,0.33699483,0.9739284
2023-12-27 00:00:00,0.01701565,1e-45,0.98298436,2.0,0.6913756,0.33117726,0.98298436
2023-12-28 00:00:00,0.001288739,0.0,0.9987113,2.0,0.71649665,0.32047668,0.9987113
2023-12-29 00:00:00,0.007226897,0.0,0.9927731,2.0,0.70701146,0.324517,0.9927731
2024-01-01 00:00:00,0.00012725212,0.0,0.99987274,2.0,0.71835196,0.3196864,0.99987274
2024-01-02 00:00:00,0.007576402,0.0,0.9924236,2.0,0.7064532,0.3247548,0.9924236
2024-01-03 00:00:00,0.0033976657,0.0,0.99660236,2.0,0.71312803,0.3219116,0.99660236
2024-01-04 00:00:00,0.004221596,0.0,0.9957784,2.0,0.7118119,0.32247218,0.9957784
2024-01-05 00:00:00,0.0007423048,0.0,0.9992577,2.0,0.7173695,0.32010487,0.9992577
2024-01-08 00:00:00,0.00041799317,0.0,0.999582,2.0,0.7178875,0.3198842,0.999582
2024-01-09 00:00:00,0.0139907785,0.0,0.98600924,2.0,0.69620734,0.32911915,0.98600924
2024-01-10 00:00:00,0.047184773,4.860877e-22,0.95281523,2.0,0.6431856,0.35170436,0.95281523
2024-01-11 00:00:00,0.00012634193,0.8499817,0.14989194,1.0,0.06500702,0.048031777,0.8499817
2024-01-12 00:00:00,0.028290577,8.136107e-07,0.9717086,2.0,0.67336524,0.33884847,0.9717086
2024-01-15 00:00:00,0.0003233606,0.900991,0.09868564,1.0,0.025483562,0.031863272,0.900991
2024-01-16 00:00:00,0.002269904,0.99708694,0.0006431383,1.0,-0.051490758,0.0024754507,0.99708694
2024-01-17 00:00:00,0.00028333673,0.9535872,0.0461295,1.0,-0.014881034,0.015026316,0.9535872
2024-01-18 00:00:00,0.18795316,0.8120204,2.639578e-05,1.0,-0.20583487,0.1879616,0.8120204
2024-01-19 00:00:00,0.04150018,0.9583932,0.00010657892,1.0,-0.08441212,0.04153424,0.9583932
2024-01-22 00:00:00,0.24421394,0.755785,1.1020679e-06,1.0,-0.2524759,0.24421428,0.755785
2024-01-23 00:00:00,0.99474263,0.0052573537,8.8020194e-13,0.0,-0.87441695,0.99474263,0.99474263
2024-01-24 00:00:00,1.0,4.2117598e-10,1.0828171e-22,0.0,-0.87877357,1.0,1.0
2024-01-25 00:00:00,1.0,6.0028804e-10,5.9142343e-22,0.0,-0.87877357,1.0,1.0
2024-01-26 00:00:00,0.9999994,6.051853e-07,1.71697e-14,0.0,-0.8787731,0.9999994,0.9999994
2024-01-29 00:00:00,0.99999976,2.4714677e-07,1.4900621e-17,0.0,-0.8787734,0.99999976,0.99999976
2024-01-30 00:00:00,0.31992728,0.6664708,0.013601929,1.0,-0.3047628,0.32427445,0.6664708
2024-01-31 00:00:00,0.9291591,0.07074002,0.000100881094,0.0,-0.81999236,0.92919135,0.9291591
2024-02-01 00:00:00,0.0007050215,0.97059846,0.02869653,1.0,-0.028630488,0.009876427,0.97059846
2024-02-02 00:00:00,0.24007025,0.7599297,3.3751807e-08,1.0,-0.24904297,0.24007027,0.7599297
2024-02-05 00:00:00,0.7741984,0.2258016,8.6839664e-15,0.0,-0.6916587,0.7741984,0.7741984
2024-02-06 00:00:00,0.17600782,0.8239922,3.709141e-10,1.0,-0.19595642,0.17600782,0.8239922
2024-02-07 00:00:00,0.9006512,0.09934876,1.1499257e-13,0.0,-0.7964463,0.9006512,0.9006512
2024-02-08 00:00:00,0.9713522,0.028647766,6.229293e-15,0.0,-0.85503405,0.9713522,0.9713522
2024-02-09 00:00:00,0.7401054,0.2598946,1.0067994e-09,0.0,-0.66340685,0.7401054,0.7401054
2024-02-12 00:00:00,0.76795685,0.23204316,2.532916e-10,0.0,-0.6864865,0.76795685,0.76795685
2024-02-13 00:00:00,0.70925856,0.29074144,5.651772e-10,0.0,-0.63784504,0.70925856,0.70925856
2024-02-14 00:00:00,0.14416905,0.8558309,5.7152807e-08,1.0,-0.16957255,0.14416906,0.8558309
2024-02-15 00:00:00,0.0020493465,0.99763036,0.00032032502,1.0,-0.05155612,0.0021517223,0.99763036
2024-02-16 00:00:00,0.006101276,0.99386543,3.328683e-05,1.0,-0.055134468,0.0061119143,0.99386543
2024-02-19 00:00:00,0.0025266672,0.99689054,0.0005827698,1.0,-0.051749934,0.0027129203,0.99689054
2024-02-20 00:00:00,0.00015074247,0.9121524,0.08769686,1.0,0.017179977,0.028178642,0.9121524
2024-02-21 00:00:00,0.0002687542,0.9605947,0.039136507,1.0,-0.02024418,0.012776775,0.9605947
2024-02-22 00:00:00,6.2661624e-05,0.82251453,0.17742282,1.0,0.086221665,0.056766964,0.82251453
2024-02-23 00:00:00,8.59532e-05,0.8625694,0.13734469,1.0,0.05539593,0.043981288,0.8625694
2024-02-26 00:00:00,7.9355945e-05,0.95789015,0.04203051,1.0,-0.01786273,0.013512298,0.95789015
2024-02-27 00:00:00,5.3526597e-05,0.821587,0.17835948,1.0,0.08694921,0.057057183,0.821587
2024-02-28 00:00:00,0.0072717257,0.17615856,0.8165697,2.0,0.5715339,0.26824725,0.8165697
2024-02-29 00:00:00,0.0010269618,0.9730539,0.025919165,1.0,-0.031032115,0.009310722,0.9730539
2024-03-01 00:00:00,0.029664077,8.7399116e-07,0.97033507,2.0,0.67117125,0.33978298,0.97033507
2024-03-04 00:00:00,0.025958665,0.0,0.97404134,2.0,0.6770907,0.3372621,0.97404134
2024-03-05 00:00:00,0.048906446,0.0,0.95109355,2.0,0.6404355,0.35287577,0.95109355
2024-03-06 00:00:00,0.011315758,0.0,0.98868424,2.0,0.7004802,0.32729906,0.98868424
2024-03-07 00:00:00,6.396322e-05,0.0,0.99993604,2.0,0.71845305,0.31964335,0.99993604
2024-03-08 00:00:00,0.0006324166,0.0,0.9993676,2.0,0.71754503,0.32003012,0.9993676
2024-03-11 00:00:00,0.00044622485,0.0,0.9995538,2.0,0.71784246,0.31990343,0.9995538
2024-03-12 00:00:00,4.701854e-10,0.0,1.0,2.0,0.7185552,0.3195998,1.0
2024-03-13 00:00:00,2.6870148e-10,0.0,1.0,2.0,0.7185552,0.3195998,1.0
2024-03-14 00:00:00,0.027012331,0.0,0.97298765,2.0,0.67540765,0.33797902,0.97298765
2024-03-15 00:00:00,0.022844138,0.0,0.97715586,2.0,0.6820656,0.33514297,0.97715586
2024-03-18 00:00:00,0.047993705,3.002152e-37,0.9520063,2.0,0.64189345,0.35225475,0.9520063
2024-03-19 00:00:00,0.02784846,4.0282632e-07,0.97215116,2.0,0.6740717,0.3385478,0.97215116
2024-03-20 00:00:00,0.022316322,0.0,0.97768366,2.0,0.6829087,0.33478385,0.97768366
2024-03-21 00:00:00,0.0094888145,0.06076023,0.929751,2.0,0.65669453,0.30663705,0.929751
2024-03-22 00:00:00,9.00041e-05,0.7796539,0.22025609,1.0,0.119123206,0.07048381,0.7796539
2024-03-25 00:00:00,7.849335e-05,0.80030274,0.19961874,1.0,0.10326965,0.06387661,0.80030274
2024-03-26 00:00:00,6.936615e-05,0.81404877,0.18588185,1.0,0.09271822,0.05947717,0.81404877
2024-03-27 00:00:00,9.1568276e-05,0.8280047,0.17190374,1.0,0.08195542,0.055031974,0.8280047
2024-03-28 00:00:00,6.5927394e-05,0.82110816,0.17882591,1.0,0.087297454,0.057218656,0.82110816
2024-03-29 00:00:00,0.00014243598,0.9059437,0.09391386,1.0,0.021965617,0.030157289,0.9059437
2024-04-01 00:00:00,0.0040349555,0.9959182,4.6801822e-05,1.0,-0.05341178,0.004049913,0.9959182
2024-04-02 00:00:00,0.00073572865,0.99600124,0.0032630048,1.0,-0.048205648,0.0017785843,0.99600124
2024-04-03 00:00:00,0.00030854717,0.9687155,0.030975994,1.0,-0.02654981,0.010208469,0.9687155
2024-04-04 00:00:00,0.0038251851,0.99611,6.477976e-05,1.0,-0.05322413,0.003845889,0.99611
2024-04-05 00:00:00,0.002521487,0.9971757,0.00030282064,1.0,-0.051960826,0.0026182684,0.9971757
2024-04-08 00:00:00,0.00043246427,0.9817124,0.017855115,1.0,-0.036737982,0.0061389557,0.9817124
2024-04-09 00:00:00,0.000427727,0.9803991,0.019173179,1.0,-0.035720915,0.0065554716,0.9803991
2024-04-10 00:00:00,0.1356394,0.86436063,1.3177555e-15,1.0,-0.16250433,0.1356394,0.86436063
2024-04-11 00:00:00,0.037321035,0.96267897,4.8391953e-09,1.0,-0.08103091,0.03732104,0.96267897
2024-04-12 00:00:00,0.26064378,0.7393562,5.8959023e-21,1.0,-0.26609167,0.26064378,0.7393562
2024-04-15 00:00:00,0.2575591,0.7424409,2.330148e-21,1.0,-0.26353547,0.2575591,0.7424409
2024-04-16 00:00:00,0.24999829,0.7500017,2.990778e-20,1.0,-0.25727007,0.24999829,0.7500017
2024-04-17 00:00:00,0.8021147,0.1978853,2.2044728e-25,0.0,-0.7147921,0.8021147,0.8021147
2024-04-18 00:00:00,0.6886445,0.31135547,1.9306968e-17,0.0,-0.6207628,0.6886445,0.6886445
2024-04-19 00:00:00,0.090737455,0.90926254,1.4559078e-08,1.0,-0.12529546,0.090737455,0.90926254
2024-04-22 00:00:00,0.87000316,0.12999684,8.44429e-13,0.0,-0.77104914,0.87000316,0.87000316
2024-04-23 00:00:00,0.015722292,0.9842762,1.5253413e-06,1.0,-0.063131526,0.01572278,0.9842762
2024-04-24 00:00:00,0.0084828185,0.99148405,3.3116274e-05,1.0,-0.057108108,0.008493402,0.99148405
2024-04-25 00:00:00,0.0007018629,0.98650867,0.012789483,1.0,-0.040854968,0.0047893794,0.98650867
2024-04-26 00:00:00,0.0025275904,0.99726254,0.00020985563,1.0,-0.05203734,0.00259466,0.99726254
2024-04-29 00:00:00,0.000117831005,0.89057887,0.109303325,1.0,0.03381526,0.035051152,0.89057887
2024-04-30 00:00:00,0.0030390602,0.99678916,0.00017177325,1.0,-0.052490454,0.0030939588,0.99678916
2024-05-01 00:00:00,0.010949994,0.9890402,9.812041e-06,1.0,-0.059170496,0.01095313,0.9890402
2024-05-02 00:00:00,0.0036559503,0.996234,0.00011006023,1.0,-0.053049088,0.0036911254,0.996234
2024-05-03 00:00:00,0.0006240978,0.9918785,0.0074973996,1.0,-0.044858336,0.0030202654,0.9918785
2024-05-06 00:00:00,0.0017711612,0.9975976,0.000631247,1.0,-0.051086605,0.0019729077,0.9975976
2024-05-07 00:00:00,0.0028464466,0.99706084,9.273421e-05,1.0,-0.052391592,0.0028760843,0.99706084
2024-05-08 00:00:00,3.316941e-05,0.9313331,0.0686337,1.0,0.0026243303,0.021968486,0.9313331
2024-05-09 00:00:00,0.029134925,2.8694117e-06,0.9708622,2.0,0.67201495,0.33942232,0.9708622
2024-05-10 00:00:00,0.018968506,0.0,0.9810315,2.0,0.68825626,0.332506,0.9810315
2024-05-13 00:00:00,0.00046484885,0.0,0.99953514,2.0,0.71781266,0.3199161,0.99953514
2024-05-14 00:00:00,1.9870611e-05,0.0,0.99998015,2.0,0.71852344,0.31961334,0.99998015
2024-05-15 00:00:00,3.0602925e-07,0.0,0.9999997,2.0,0.71855474,0.31960002,0.9999997
2024-05-16 00:00:00,7.0765786e-08,0.0,0.99999994,2.0,0.7185551,0.31959987,0.99999994
2024-05-17 00:00:00,4.1117502e-07,0.0,0.9999996,2.0,0.71855456,0.3196001,0.9999996
2024-05-20 00:00:00,1.7817812e-06,0.0,0.9999982,2.0,0.71855235,0.31960103,0.9999982
2024-05-21 00:00:00,0.0018529153,0.0,0.9981471,2.0,0.7155955,0.32086053,0.9981471
2024-05-22 00:00:00,0.021868516,0.0,0.9781315,2.0,0.68362397,0.33447915,0.9781315
2024-05-23 00:00:00,0.062748305,3.9166868e-22,0.9372517,2.0,0.61832553,0.36229378,0.9372517
2024-05-24 00:00:00,0.0025035911,0.0,0.9974964,2.0,0.71455616,0.32130325,0.9974964
2024-05-27 00:00:00,0.003980519,0.0,0.9960195,2.0,0.712197,0.32230815,0.9960195
2024-05-28 00:00:00,1.2138368e-05,0.0,0.99998784,2.0,0.7185358,0.31960806,0.99998784
2024-05-29 00:00:00,0.06758961,5.6493954e-24,0.9324104,2.0,0.61059237,0.3655878,0.9324104
2024-05-30 00:00:00,0.056657735,2.1867997e-36,0.94334227,2.0,0.62805414,0.35814974,0.94334227
2024-05-31 00:00:00,0.069559105,1.7321125e-25,0.9304409,2.0,0.60744643,0.36692783,0.9304409
2024-06-03 00:00:00,0.009199066,0.0,0.9908009,2.0,0.70386124,0.32585886,0.9908009
2024-06-04 00:00:00,0.017571047,0.0,0.98242897,2.0,0.69048846,0.33155516,0.98242897
2024-06-05 00:00:00,0.023870826,0.0,0.9761292,2.0,0.68042564,0.33584154,0.9761292
2024-06-06 00:00:00,0.047360357,3.2939e-40,0.95263964,2.0,0.6429051,0.3518238,0.95263964
2024-06-07 00:00:00,0.0021990298,0.65285206,0.34494895,1.0,0.21322183,0.11244465,0.65285206
2024-06-10 00:00:00,8.188606e-05,0.8238502,0.17606789,1.0,0.08516425,0.056353148,0.8238502
2024-06-11 00:00:00,0.0004191649,0.9834767,0.01610416,1.0,-0.038072847,0.005566051,0.9834767
2024-06-12 00:00:00,0.00046958635,0.98519915,0.014331288,1.0,-0.039477367,0.0050498634,0.98519915
2024-06-13 00:00:00,0.0050398195,0.9949542,5.940525e-06,1.0,-0.05427589,0.005041718,0.9949542
2024-06-14 00:00:00,0.014693089,0.9853069,8.043731e-09,1.0,-0.06227982,0.014693092,0.9853069
2024-06-17 00:00:00,0.0020191052,0.99793065,5.0239603e-05,1.0,-0.051738665,0.0020351617,0.99793065
2024-06-18 00:00:00,0.0017919765,0.9981045,0.00010353542,1.0,-0.051509485,0.0018250664,0.9981045
2024-06-19 00:00:00,0.00053704367,0.98876005,0.010702901,1.0,-0.04232226,0.003957689,0.98876005
2024-06-20 00:00:00,0.0012715523,0.99829495,0.00043351323,1.0,-0.050824583,0.0014101029,0.99829495
2024-06-21 00:00:00,0.009723816,0.9902761,5.7753923e-08,1.0,-0.058161896,0.009723835,0.9902761
2024-06-24 00:00:00,0.0028446321,0.99714583,9.51731e-06,1.0,-0.052454054,0.0028476738,0.99714583
2024-06-25 00:00:00,0.0040547657,0.99594426,9.949596e-07,1.0,-0.053463407,0.0040550833,0.99594426
2024-06-26 00:00:00,0.0020794251,0.9978829,3.7672307e-05,1.0,-0.05179831,0.0020914653,0.9978829
2024-06-27 00:00:00,0.0022819627,0.99769205,2.5976557e-05,1.0,-0.05197514,0.0022902647,0.99769205
2024-06-28 00:00:00,0.0037583746,0.996238,3.6452245e-06,1.0,-0.05321576,0.0037595397,0.996238
2024-07-01 00:00:00,0.04338901,0.956611,1.2129096e-09,1.0,-0.08605926,0.04338901,0.956611
2024-07-02 00:00:00,0.007722293,0.99227387,3.834445e-06,1.0,-0.056500394,0.007723518,0.99227387
2024-07-03 00:00:00,0.0006077747,0.9918625,0.0075297737,1.0,-0.044819925,0.003014289,0.9918625
2024-07-04 00:00:00,0.0005699558,0.9908009,0.00862912,1.0,-0.04394356,0.003327821,0.9908009
2024-07-05 00:00:00,0.005130968,0.39711258,0.59775645,2.0,0.4051151,0.19617383,0.59775645
2024-07-08 00:00:00,0.04351684,7.160462e-10,0.9564832,2.0,0.6490445,0.34920868,0.9564832
2024-07-09 00:00:00,0.052614823,3.491392e-13,0.9473852,2.0,0.634512,0.35539895,0.9473852
2024-07-10 00:00:00,5.195341e-05,0.9737739,0.026174124,1.0,-0.03002818,0.008417199,0.9737739
2024-07-11 00:00:00,0.01507167,0.0,0.9849283,2.0,0.6944808,0.32985458,0.9849283
2024-07-12 00:00:00,5.9159133e-06,0.0,0.9999941,2.0,0.71854573,0.31960383,0.9999941
2024-07-15 00:00:00,0.0015714396,0.0,0.9984286,2.0,0.7160451,0.32066903,0.9984286
2024-07-16 00:00:00,0.0008745384,0.0,0.9991255,2.0,0.71715826,0.32019484,0.9991255
2024-07-17 00:00:00,2.8046095e-05,0.0,0.9999719,2.0,0.7185104,0.3196189,0.9999719
2024-07-18 00:00:00,2.1015641e-05,0.0,0.99997896,2.0,0.71852165,0.3196141,0.99997896
2024-07-19 00:00:00,3.0498111e-05,0.0,0.9999695,2.0,0.71850646,0.31962058,0.9999695
2024-07-22 00:00:00,0.0015552278,0.0,0.9984448,2.0,0.716071,0.320658,0.9984448
2024-07-23 00:00:00,0.008686745,0.0,0.9913133,2.0,0.7046796,0.3255103,0.9913133
2024-07-24 00:00:00,0.0012154932,0.0,0.9987845,2.0,0.71661365,0.32042685,0.9987845
2024-07-25 00:00:00,0.0048064496,0.0,0.99519354,2.0,0.7108777,0.32287014,0.99519354
2024-07-26 00:00:00,0.0062045925,0.0,0.9937954,2.0,0.70864445,0.32382143,0.9937954
2024-07-29 00:00:00,0.06919954,1.5465702e-20,0.93080044,2.0,0.6080208,0.3666832,0.93080044
2024-07-30 00:00:00,0.052715372,4.293121e-12,0.94728464,2.0,0.63435143,0.35546738,0.94728464
2024-07-31 00:00:00,0.001495431,0.7695329,0.22897165,1.0,0.12465786,0.074674726,0.7695329
2024-08-01 00:00:00,4.8641396e-05,0.6088349,0.3911164,1.0,0.25049084,0.12504937,0.6088349
2024-08-02 00:00:00,0.04616778,1.3846719e-14,0.9538322,2.0,0.6448101,0.35101238,0.9538322
2024-08-05 00:00:00,0.022806762,0.0,0.97719324,2.0,0.68212533,0.33511755,0.97719324
2024-08-06 00:00:00,0.031830702,3.620878e-39,0.9681693,2.0,0.6677111,0.34125742,0.9681693
2024-08-07 00:00:00,0.04568149,9.792802e-28,0.9543185,2.0,0.64558685,0.3506815,0.9543185
2024-08-08 00:00:00,0.014312479,0.0036270581,0.9820605,2.0,0.6929055,0.32817882,0.9820605
2024-08-09 00:00:00,5.0919854e-05,0.9466459,0.053303152,1.0,-0.009174344,0.017086597,0.9466459
2024-08-12 00:00:00,0.012181849,0.0112727005,0.97654545,2.0,0.6904319,0.3242856,0.97654545
2024-08-13 00:00:00,0.044382736,1.1571829e-27,0.95561725,2.0,0.6476614,0.34979784,0.95561725
2024-08-14 00:00:00,0.04430639,3.0489008e-15,0.9556936,2.0,0.64778334,0.3497459,0.9556936
2024-08-15 00:00:00,0.044809774,1.1679142e-15,0.95519024,2.0,0.6469793,0.3500884,0.95519024
2024-08-16 00:00:00,0.004637894,0.0,0.9953621,2.0,0.71114695,0.32275546,0.9953621
2024-08-19 00:00:00,2.9574043e-05,0.0,0.99997044,2.0,0.71850795,0.31961995,0.99997044
2024-08-20 00:00:00,1.5730351e-11,0.0,1.0,2.0,0.7185552,0.3195998,1.0
2024-08-21 00:00:00,2.9586052e-15,0.0,1.0,2.0,0.7185552,0.3195998,1.0
2024-08-22 00:00:00,1.2133664e-09,0.0,1.0,2.0,0.7185552,0.3195998,1.0
2024-08-23 00:00:00,2.9384068e-15,0.0,1.0,2.0,0.7185552,0.3195998,1.0
2024-08-26 00:00:00,1.9260594e-16,0.0,1.0,2.0,0.7185552,0.3195998,1.0
2024-08-27 00:00:00,6.25847e-18,0.0,1.0,2.0,0.7185552,0.3195998,1.0
2024-08-28 00:00:00,4.11912e-11,0.0,1.0,2.0,0.7185552,0.3195998,1.0
2024-08-29 00:00:00,1.8509967e-10,0.0,1.0,2.0,0.7185552,0.3195998,1.0
2024-08-30 00:00:00,0.021172974,0.0,0.978827,2.0,0.684735,0.33400592,0.978827
2024-09-02 00:00:00,0.04297653,9.5232485e-35,0.9570235,2.0,0.6499075,0.34884104,0.9570235
2024-09-03 00:00:00,0.03563372,3.995905e-39,0.96436626,2.0,0.6616364,0.343845,0.96436626
2024-09-04 00:00:00,0.010864526,0.0,0.9891355,2.0,0.70120096,0.32699203,0.9891355
2024-09-05 00:00:00,0.00041017952,0.0,0.9995898,2.0,0.7179,0.3198789,0.9995898
2024-09-06 00:00:00,0.006073192,0.0,0.9939268,2.0,0.7088543,0.32373202,0.9939268
2024-09-09 00:00:00,0.05838797,2.1217908e-21,0.941612,2.0,0.6252904,0.359327,0.941612
2024-09-10 00:00:00,0.0009957941,0.752531,0.24647322,1.0,0.13852465,0.07976859,0.752531
2024-09-11 00:00:00,0.00012220233,0.7348821,0.26499572,1.0,0.15348604,0.08481478,0.7348821
2024-09-12 00:00:00,0.054474976,2.1851437e-25,0.94552505,2.0,0.6315408,0.3566646,0.94552505
2024-09-13 00:00:00,0.016315734,0.0031829812,0.9805013,2.0,0.69004697,0.32968375,0.9805013
2024-09-16 00:00:00,0.013605267,0.013434836,0.9729599,2.0,0.6864963,0.3245631,0.9729599
2024-09-17 00:00:00,0.00010672289,0.7095661,0.29032716,1.0,0.17297012,0.092895225,0.7095661
2024-09-18 00:00:00,0.00024022083,0.7214584,0.27830142,1.0,0.1636158,0.089185305,0.7214584
2024-09-19 00:00:00,0.0132326195,0.011800478,0.9749669,2.0,0.6883478,0.32483187,0.9749669
2024-09-20 00:00:00,0.00013738984,0.5801915,0.41967112,1.0,0.27236614,0.1342642,0.5801915
2024-09-23 00:00:00,0.00029068976,0.81799257,0.18171674,1.0,0.08933327,0.058367327,0.81799257
2024-09-24 00:00:00,0.00013047818,0.923857,0.076012574,1.0,0.008215538,0.024424084,0.923857
2024-09-25 00:00:00,8.2486826e-05,0.8996978,0.100219764,1.0,0.026862387,0.032112703,0.8996978
2024-09-26 00:00:00,0.052552935,2.544909e-22,0.94744706,2.0,0.6346109,0.35535684,0.94744706
2024-09-27 00:00:00,0.038506042,3.194433e-35,0.96149397,2.0,0.6570484,0.34579933,0.96149397
2024-09-30 00:00:00,0.039415814,3.6734515e-10,0.96058416,2.0,0.6555952,0.34641835,0.96058416
2024-10-01 00:00:00,0.0002325867,0.91240966,0.087357774,1.0,0.016851515,0.028152114,0.91240966
2024-10-02 00:00:00,0.00015053661,0.8655174,0.13433206,1.0,0.05302673,0.04308304,0.8655174
2024-10-03 00:00:00,0.00048869854,0.98577785,0.01373342,1.0,-0.03995276,0.004877897,0.98577785
2024-10-04 00:00:00,0.001405231,0.9983087,0.00028604988,1.0,-0.051048707,0.0014966525,0.9983087
2024-10-07 00:00:00,0.00033698604,0.96149045,0.03817258,1.0,-0.02104165,0.012536936,0.96149045
2024-10-08 00:00:00,0.0002035839,0.9134433,0.086353086,1.0,0.016103286,0.027802013,0.9134433
2024-10-09 00:00:00,0.0004463542,0.9777026,0.021851044,1.0,-0.033677984,0.007429944,0.9777026
2024-10-10 00:00:00,0.022675967,0.9773236,4.6846765e-07,1.0,-0.06889463,0.022676116,0.9773236
2024-10-11 00:00:00,0.014361186,0.98563635,2.4716253e-06,1.0,-0.06200289,0.014361976,0.98563635
2024-10-14 00:00:00,0.97898066,0.02101931,6.8257277e-17,0.0,-0.86135554,0.97898066,0.97898066
2024-10-15 00:00:00,0.9837941,0.0162059,1.1615023e-19,0.0,-0.8653442,0.9837941,0.9837941
2024-10-16 00:00:00,0.9866648,0.013335217,3.1084505e-22,0.0,-0.8677231,0.9866648,0.9866648
2024-10-17 00:00:00,0.9999994,5.86877e-07,3.47456e-40,0.0,-0.8787731,0.9999994,0.9999994
2024-10-18 00:00:00,0.99910396,0.0008960291,3.3488514e-30,0.0,-0.8780311,0.99910396,0.99910396
2024-10-21 00:00:00,0.99929065,0.00070934277,4.198578e-30,0.0,-0.87818575,0.99929065,0.99929065
2024-10-22 00:00:00,1.0,1.7979614e-14,0.0,0.0,-0.87877357,1.0,1.0
2024-10-23 00:00:00,1.0,3.156617e-17,0.0,0.0,-0.87877357,1.0,1.0
2024-10-24 00:00:00,1.0,1.1722479e-18,0.0,0.0,-0.87877357,1.0,1.0
2024-10-25 00:00:00,1.0,2.172019e-17,0.0,0.0,-0.87877357,1.0,1.0
2024-10-28 00:00:00,1.0,1.3294158e-13,2.068e-41,0.0,-0.87877357,1.0,1.0
2024-10-29 00:00:00,1.0,1.8970182e-14,9.932207e-27,0.0,-0.87877357,1.0,1.0
2024-10-30 00:00:00,0.99999404,5.9494555e-06,2.1781986e-13,0.0,-0.8787686,0.99999404,0.99999404
2024-10-31 00:00:00,0.9748592,0.02514029,5.3470075e-07,0.0,-0.8579397,0.97485936,0.9748592
2024-11-01 00:00:00,0.90220606,0.09778505,8.908363e-06,0.0,-0.7977279,0.90220886,0.90220606
2024-11-04 00:00:00,0.018526193,0.96374685,0.017726956,1.0,-0.051830214,0.024191724,0.96374685
2024-11-05 00:00:00,0.00030113762,0.4404955,0.5592034,2.0,0.37948322,0.17902243,0.5592034
2024-11-06 00:00:00,0.33843708,0.6615629,3.8408714e-16,1.0,-0.3305566,0.33843708,0.6615629
2024-11-07 00:00:00,0.056674402,0.9433254,1.7554083e-07,1.0,-0.097068325,0.056674458,0.9433254
2024-11-08 00:00:00,0.18314467,0.8168553,3.614695e-16,1.0,-0.20187052,0.18314467,0.8168553
2024-11-11 00:00:00,0.35952753,0.6404725,6.680348e-20,1.0,-0.3480336,0.35952753,0.6404725
2024-11-12 00:00:00,0.6054348,0.39456522,7.9786e-23,0.0,-0.55180943,0.6054348,0.6054348
2024-11-13 00:00:00,0.8784342,0.12156584,7.960094e-27,0.0,-0.7780357,0.8784342,0.8784342
2024-11-14 00:00:00,0.94847184,0.051528137,5.524465e-28,0.0,-0.83607376,0.94847184,0.94847184
2024-11-15 00:00:00,0.98074496,0.019255064,8.530259e-33,0.0,-0.86281747,0.98074496,0.98074496
2024-11-18 00:00:00,0.73448557,0.26551443,3.807898e-16,0.0,-0.6587499,0.73448557,0.73448557
2024-11-19 00:00:00,0.6728596,0.32714036,3.1700701e-12,0.0,-0.60768235,0.6728596,0.6728596
2024-11-20 00:00:00,0.9014366,0.09856338,6.4826815e-18,0.0,-0.7970971,0.9014366,0.9014366
2024-11-21 00:00:00,0.99976456,0.0002354413,2.3200217e-38,0.0,-0.8785785,0.99976456,0.99976456
2024-11-22 00:00:00,0.9999821,1.7911158e-05,8.598e-42,0.0,-0.8787587,0.9999821,0.9999821
2024-11-25 00:00:00,0.9999864,1.3597803e-05,3.898e-42,0.0,-0.8787623,0.9999864,0.9999864
2024-11-26 00:00:00,0.9999314,6.8621855e-05,3.1823844e-32,0.0,-0.8787167,0.9999314,0.9999314
2024-11-27 00:00:00,0.99957454,0.0004254288,1.4438382e-26,0.0,-0.878421,0.99957454,0.99957454
2024-11-28 00:00:00,0.9998538,0.00014619257,1.263707e-31,0.0,-0.87865245,0.9998538,0.9998538
2024-11-29 00:00:00,0.9907745,0.009225512,8.167037e-21,0.0,-0.8711287,0.9907745,0.9907745
2024-12-02 00:00:00,0.9999948,5.1987317e-06,4.3126e-41,0.0,-0.8787693,0.9999948,0.9999948
2024-12-03 00:00:00,0.9999992,7.454925e-07,0.0,0.0,-0.878773,0.9999992,0.9999992
2024-12-04 00:00:00,0.95083755,0.04916242,4.9290253e-14,0.0,-0.83803415,0.95083755,0.95083755
2024-12-05 00:00:00,0.886528,0.11347199,1.2189012e-12,0.0,-0.78474283,0.886528,0.886528
2024-12-06 00:00:00,0.44614026,0.55385643,3.332371e-06,1.0,-0.41980436,0.44614133,0.55385643
2024-12-09 00:00:00,0.13890047,0.8568084,0.004291115,1.0,-0.16190828,0.1402719,0.8568084
2024-12-10 00:00:00,0.052310158,0.87720025,0.070489615,1.0,-0.039269444,0.07483862,0.87720025
2024-12-11 00:00:00,0.012260763,0.55104256,0.43669668,1.0,0.27540675,0.15182894,0.55104256
2024-12-12 00:00:00,0.008591836,0.52927804,0.46213013,1.0,0.29799673,0.15628853,0.52927804
2024-12-13 00:00:00,0.0033964722,0.35130903,0.6452945,2.0,0.44309297,0.20963249,0.6452945
2024-12-16 00:00:00,0.018601667,0.88266444,0.09873389,1.0,0.010373977,0.050157,0.88266444
2024-12-17 00:00:00,0.045551125,0.9535976,0.00085129926,1.0,-0.08719658,0.045823198,0.9535976
2024-12-18 00:00:00,0.4197313,0.5802687,2.016018e-13,1.0,-0.3979226,0.4197313,0.5802687
2024-12-19 00:00:00,0.108686976,0.8906707,0.00064231944,1.0,-0.13967596,0.10889226,0.8906707
2024-12-20 00:00:00,0.00815942,0.12255319,0.8692874,2.0,0.61132026,0.2859835,0.8692874
2024-12-23 00:00:00,0.015090957,0.48976895,0.49514008,2.0,0.31798452,0.17333764,0.49514008
2024-12-24 00:00:00,0.09181536,0.8995821,0.008602533,1.0,-0.119576275,0.09456473,0.8995821
2024-12-25 00:00:00,0.8568356,0.1431644,3.2236347e-10,0.0,-0.7601376,0.8568356,0.8568356
2024-12-26 00:00:00,0.42397442,0.576025,5.7643314e-07,1.0,-0.40143833,0.4239746,0.576025
2024-12-27 00:00:00,0.55234116,0.4476588,3.0482877e-08,0.0,-0.5078123,0.55234116,0.55234116
2024-12-30 00:00:00,0.11211558,0.8848251,0.0030592822,1.0,-0.14065932,0.113093324,0.8848251
2024-12-31 00:00:00,0.6032464,0.3967536,4.8652233e-09,0.0,-0.54999596,0.6032464,0.6032464
2025-01-01 00:00:00,0.669577,0.330423,9.864867e-10,0.0,-0.6049621,0.669577,0.669577
2025-01-02 00:00:00,0.99998677,1.3221542e-05,1.9009e-41,0.0,-0.8787626,0.99998677,0.99998677
2025-01-03 00:00:00,0.99634045,0.0036595261,1.5730979e-26,0.0,-0.87574106,0.99634045,0.99634045
2025-01-06 00:00:00,0.39926422,0.6007358,1.341106e-10,1.0,-0.3809622,0.39926422,0.6007358
2025-01-07 00:00:00,0.34142277,0.6585772,5.5649024e-13,1.0,-0.33303073,0.34142277,0.6585772
2025-01-08 00:00:00,0.30171913,0.6982809,1.7186274e-13,1.0,-0.30012953,0.30171913,0.6982809
2025-01-09 00:00:00,0.2186575,0.7813425,1.1972227e-11,1.0,-0.2312989,0.2186575,0.7813425
2025-01-10 00:00:00,0.70812416,0.29187584,1.26940586e-23,0.0,-0.63690495,0.70812416,0.70812416
2025-01-13 00:00:00,0.7069374,0.29306263,4.1731767e-23,0.0,-0.63592154,0.7069374,0.7069374
2025-01-14 00:00:00,0.2065171,0.7934829,7.8931317e-13,1.0,-0.22123854,0.2065171,0.7934829
2025-01-15 00:00:00,0.002428276,0.7578259,0.23974581,1.0,0.1321665,0.079050995,0.7578259
2025-01-16 00:00:00,0.002737722,0.87820005,0.119062215,1.0,0.0391455,0.040789984,0.87820005
2025-01-17 00:00:00,0.2753132,0.7246868,4.1681107e-09,1.0,-0.27824774,0.2753132,0.7246868
2025-01-20 00:00:00,0.0081573995,0.2508841,0.7409585,2.0,0.51268077,0.24496761,0.7409585
2025-01-21 00:00:00,0.0007767056,0.7881665,0.21105677,1.0,0.11148301,0.06823041,0.7881665
2025-01-22 00:00:00,0.0017512583,0.7159877,0.28226104,1.0,0.16540726,0.09196184,0.7159877
2025-01-23 00:00:00,0.0005141727,0.8477927,0.15169317,1.0,0.06607018,0.048995283,0.8477927
2025-01-24 00:00:00,0.054268964,7.044199e-13,0.94573104,2.0,0.6318698,0.35652444,0.94573104
2025-01-27 00:00:00,0.03030891,0.0012278415,0.96846324,2.0,0.6691981,0.3398296,0.96846324
2025-01-28 00:00:00,0.055035688,5.5121142e-17,0.9449643,2.0,0.6306451,0.3570461,0.9449643
2025-01-29 00:00:00,0.054711375,4.1164726e-17,0.9452886,2.0,0.6311631,0.35682544,0.9452886
2025-01-30 00:00:00,0.010125908,0.0,0.98987406,2.0,0.7023808,0.32648948,0.98987406
2025-01-31 00:00:00,0.04127652,3.6647787e-09,0.9587235,2.0,0.652623,0.34768435,0.9587235
2025-02-03 00:00:00,0.0008384852,0.9816478,0.017513739,1.0,-0.03733684,0.006435873,0.9816478
2025-02-04 00:00:00,0.0147254225,0.025677959,0.95959663,2.0,0.67529625,0.32141232,0.95959663
2025-02-05 00:00:00,0.04649863,8.426814e-23,0.95350134,2.0,0.6442816,0.3512375,0.95350134
2025-02-06 00:00:00,0.044862315,8.955315e-25,0.95513767,2.0,0.64689535,0.35012415,0.95513767
2025-02-07 00:00:00,0.048573297,1.20944816e-20,0.9514267,2.0,0.64096767,0.3526491,0.9514267
2025-02-10 00:00:00,0.0212536,0.0010802011,0.9776662,2.0,0.6837759,0.33371553,0.9776662
2025-02-11 00:00:00,0.04240948,8.872687e-10,0.9575905,2.0,0.65081334,0.34845525,0.9575905
2025-02-12 00:00:00,0.0408191,1.0948262e-28,0.9591809,2.0,0.6533537,0.34737313,0.9591809
2025-02-13 00:00:00,0.0018057463,0.0,0.9981943,2.0,0.7156708,0.32082844,0.9981943
2025-02-14 00:00:00,1.9016437e-06,0.0,0.9999981,2.0,0.7185522,0.31960112,0.9999981
2025-02-17 00:00:00,0.039425377,1.6982635e-09,0.9605746,2.0,0.6555799,0.34642485,0.9605746
2025-02-18 00:00:00,0.016461164,0.0047050426,0.9788338,2.0,0.6886447,0.32929626,0.9788338
2025-02-19 00:00:00,0.00013403804,0.9371892,0.06267675,1.0,-0.0020381177,0.020165516,0.9371892
2025-02-20 00:00:00,0.054167233,2.9966705e-17,0.9458328,2.0,0.63203233,0.3564552,0.9458328
2025-02-21 00:00:00,0.00015418373,0.86454904,0.13529678,1.0,0.05376525,0.04339501,0.86454904
2025-02-24 00:00:00,0.0008841288,0.8159081,0.18320778,1.0,0.089987606,0.059437305,0.8159081
2025-02-25 00:00:00,0.05703589,2.2486408e-21,0.94296414,2.0,0.6274501,0.35840705,0.94296414
2025-02-26 00:00:00,0.03846308,1.568725e-08,0.9615369,2.0,0.657117,0.3457701,0.9615369
2025-02-27 00:00:00,0.0001725628,0.88655,0.11327745,1.0,0.03682466,0.036376014,0.88655
2025-02-28 00:00:00,0.0006307367,0.84670985,0.15265943,1.0,0.066716306,0.049420662,0.84670985
2025-03-03 00:00:00,0.0049963994,0.0,0.9950036,2.0,0.7105743,0.32299936,0.9950036
2025-03-04 00:00:00,2.3615647e-07,0.0,0.99999976,2.0,0.7185548,0.3196,0.99999976
2025-03-05 00:00:00,1.837106e-18,0.0,1.0,2.0,0.7185552,0.3195998,1.0
2025-03-06 00:00:00,2.6827073e-19,0.0,1.0,2.0,0.7185552,0.3195998,1.0
2025-03-07 00:00:00,1.1929536e-30,0.0,1.0,2.0,0.7185552,0.3195998,1.0
2025-03-10 00:00:00,9.570469e-36,0.0,1.0,2.0,0.7185552,0.3195998,1.0
2025-03-11 00:00:00,6.3700266e-37,0.0,1.0,2.0,0.7185552,0.3195998,1.0
2025-03-12 00:00:00,1.0923721e-29,0.0,1.0,2.0,0.7185552,0.3195998,1.0
2025-03-13 00:00:00,2.674038e-19,0.0,1.0,2.0,0.7185552,0.3195998,1.0
2025-03-14 00:00:00,1.0407393e-18,0.0,1.0,2.0,0.7185552,0.3195998,1.0
2025-03-17 00:00:00,6.1627915e-23,0.0,1.0,2.0,0.7185552,0.3195998,1.0
2025-03-18 00:00:00,6.400288e-30,0.0,1.0,2.0,0.7185552,0.3195998,1.0
2025-03-19 00:00:00,4.1554436e-30,0.0,1.0,2.0,0.7185552,0.3195998,1.0
2025-03-20 00:00:00,1.4912729e-15,0.0,1.0,2.0,0.7185552,0.3195998,1.0
2025-03-21 00:00:00,9.558243e-16,0.0,1.0,2.0,0.7185552,0.3195998,1.0
2025-03-24 00:00:00,2.2816632e-14,0.0,1.0,2.0,0.7185552,0.3195998,1.0
2025-03-25 00:00:00,3.8371617e-09,0.0,1.0,2.0,0.7185552,0.3195998,1.0
2025-03-26 00:00:00,4.493917e-08,0.0,0.99999994,2.0,0.71855515,0.31959984,0.99999994
2025-03-27 00:00:00,2.5121229e-21,0.0,1.0,2.0,0.7185552,0.3195998,1.0
2025-03-28 00:00:00,6.114004e-26,0.0,1.0,2.0,0.7185552,0.3195998,1.0
2025-03-31 00:00:00,1.6067715e-14,0.0,1.0,2.0,0.7185552,0.3195998,1.0
2025-04-01 00:00:00,0.0007357208,0.0,0.9992643,2.0,0.71738,0.3201004,0.9992643
2025-04-02 00:00:00,0.04047321,5.325247e-31,0.9595268,2.0,0.65390617,0.3471378,0.9595268
2025-04-03 00:00:00,8.7737746e-08,0.0,0.99999994,2.0,0.71855503,0.31959987,0.99999994
2025-04-04 00:00:00,0.02054258,2.1986e-41,0.97945744,2.0,0.68574196,0.333577,0.97945744
2025-04-07 00:00:00,0.05996667,1.4340702e-15,0.9400333,2.0,0.6227687,0.36040115,0.9400333
2025-04-08 00:00:00,0.05617206,3.1229755e-11,0.9438279,2.0,0.62882996,0.3578193,0.9438279
2025-04-09 00:00:00,0.058407336,4.5996687e-12,0.94159263,2.0,0.62525946,0.3593402,0.94159263
2025-04-10 00:00:00,7.071213e-21,0.0,1.0,2.0,0.7185552,0.3195998,1.0
2025-04-11 00:00:00,2.93395e-28,0.0,1.0,2.0,0.7185552,0.3195998,1.0
2025-04-14 00:00:00,9.930498e-22,0.0,1.0,2.0,0.7185552,0.3195998,1.0
2025-04-15 00:00:00,8.265577e-16,0.0,1.0,2.0,0.7185552,0.3195998,1.0
2025-04-16 00:00:00,2.2696312e-27,0.0,1.0,2.0,0.7185552,0.3195998,1.0
2025-04-17 00:00:00,6.727819e-32,0.0,1.0,2.0,0.7185552,0.3195998,1.0
2025-04-18 00:00:00,2.618164e-39,0.0,1.0,2.0,0.7185552,0.3195998,1.0
2025-04-21 00:00:00,0.0,0.0,1.0,2.0,0.7185552,0.3195998,1.0
2025-04-22 00:00:00,1.6760729e-34,0.0,1.0,2.0,0.7185552,0.3195998,1.0
2025-04-23 00:00:00,5.9797873e-38,0.0,1.0,2.0,0.7185552,0.3195998,1.0
2025-04-24 00:00:00,3.6760648e-36,0.0,1.0,2.0,0.7185552,0.3195998,1.0
2025-04-25 00:00:00,7.574509e-33,0.0,1.0,2.0,0.7185552,0.3195998,1.0
2025-04-28 00:00:00,4.855716e-38,0.0,1.0,2.0,0.7185552,0.3195998,1.0
2025-04-29 00:00:00,6.495496e-39,0.0,1.0,2.0,0.7185552,0.3195998,1.0
2025-04-30 00:00:00,1.07258596e-20,0.0,1.0,2.0,0.7185552,0.3195998,1.0
2025-05-01 00:00:00,5.6657207e-08,0.0,0.99999994,2.0,0.7185551,0.31959987,0.99999994
2025-05-02 00:00:00,1.164722e-14,0.0,1.0,2.0,0.7185552,0.3195998,1.0
2025-05-05 00:00:00,3.8778007e-20,0.0,1.0,2.0,0.7185552,0.3195998,1.0
2025-05-06 00:00:00,4.0792756e-17,0.0,1.0,2.0,0.7185552,0.3195998,1.0
2025-05-07 00:00:00,4.08803e-16,0.0,1.0,2.0,0.7185552,0.3195998,1.0
2025-05-08 00:00:00,0.05271645,0.46740934,0.4798742,2.0,0.27507114,0.20608415,0.4798742
2025-05-09 00:00:00,0.044909276,0.9549481,0.00014258522,1.0,-0.087209456,0.044954844,0.9549481
2025-05-12 00:00:00,0.29613125,0.70386875,3.3372228e-18,1.0,-0.29549906,0.29613125,0.70386875
2025-05-13 00:00:00,0.1027801,0.8971983,2.1548294e-05,1.0,-0.13525829,0.10278699,0.8971983
2025-05-14 00:00:00,0.10728703,0.89271295,2.045358e-15,1.0,-0.1390096,0.10728703,0.89271295
2025-05-15 00:00:00,0.056018047,0.94398195,7.447681e-12,1.0,-0.09652456,0.056018047,0.94398195
2025-05-16 00:00:00,0.08592734,0.9140727,1.9011216e-17,1.0,-0.12130947,0.08592734,0.9140727
2025-05-19 00:00:00,0.17480314,0.82519686,1.0618238e-24,1.0,-0.19495814,0.17480314,0.82519686
2025-05-20 00:00:00,0.0014392157,0.9845223,0.014038486,1.0,-0.04050593,0.0059259133,0.9845223
2025-05-21 00:00:00,0.00060392433,0.85935414,0.14004193,1.0,0.057039965,0.0453613,0.85935414
2025-05-22 00:00:00,0.0022285508,0.9969948,0.00077666447,1.0,-0.051353853,0.0024767728,0.9969948
2025-05-23 00:00:00,0.001042615,0.838797,0.1601604,1.0,0.07214069,0.05222985,0.838797
2025-05-26 00:00:00,0.0010564177,0.88956136,0.10938226,1.0,0.033098154,0.036014967,0.88956136
2025-05-27 00:00:00,0.001824247,0.9788535,0.019322215,1.0,-0.03676361,0.007999623,0.9788535
2025-05-28 00:00:00,0.004069036,0.99561054,0.00032042642,1.0,-0.053229697,0.004171444,0.99561054
2025-05-29 00:00:00,0.0888657,2.6172765e-19,0.9111343,2.0,0.57660747,0.38006404,0.9111343
2025-05-30 00:00:00,0.10843824,5.2506395e-09,0.89156175,2.0,0.5453437,0.3933812,0.89156175
2025-06-02 00:00:00,0.014212052,0.0,0.9857879,2.0,0.6958539,0.3292697,0.9857879
2025-06-03 00:00:00,0.17490366,7.874634e-09,0.8250963,2.0,0.43917656,0.4386043,0.8250963
2025-06-04 00:00:00,0.041048173,7.7851325e-36,0.95895183,2.0,0.6529878,0.347529,0.95895183
2025-06-05 00:00:00,2.795966e-05,0.0,0.99997205,2.0,0.7185105,0.31961885,0.99997205
2025-06-06 00:00:00,0.011565922,0.0,0.9884341,2.0,0.70008063,0.32746926,0.9884341
2025-06-09 00:00:00,1.8508502e-10,0.0,1.0,2.0,0.7185552,0.3195998,1.0
2025-06-10 00:00:00,3.3617118e-06,0.0,0.99999666,2.0,0.71854985,0.3196021,0.99999666
2025-06-11 00:00:00,3.2456315e-10,0.0,1.0,2.0,0.7185552,0.3195998,1.0
2025-06-12 00:00:00,6.348589e-16,0.0,1.0,2.0,0.7185552,0.3195998,1.0
2025-06-13 00:00:00,1.8771355e-13,0.0,1.0,2.0,0.7185552,0.3195998,1.0
2025-06-16 00:00:00,1.1454943e-09,0.0,1.0,2.0,0.7185552,0.3195998,1.0
2025-06-17 00:00:00,0.00081365305,0.0,0.99918634,2.0,0.71725553,0.32015342,0.99918634
2025-06-18 00:00:00,0.013792856,0.0,0.9862071,2.0,0.6965235,0.32898447,0.9862071
2025-06-19 00:00:00,3.4714416e-05,0.0,0.9999653,2.0,0.7184997,0.31962344,0.9999653
2025-06-20 00:00:00,0.0075638955,0.0,0.9924361,2.0,0.7064732,0.32474628,0.9924361
2025-06-23 00:00:00,0.0002093823,0.0,0.9997906,2.0,0.7182208,0.3197423,0.9997906
2025-06-24 00:00:00,1.6290326e-07,0.0,0.9999998,2.0,0.7185549,0.31959993,0.9999998
2025-06-25 00:00:00,2.4421211e-21,0.0,1.0,2.0,0.7185552,0.3195998,1.0
2025-06-26 00:00:00,3.0524297e-10,0.0,1.0,2.0,0.7185552,0.3195998,1.0
2025-06-27 00:00:00,1.0788935e-14,0.0,1.0,2.0,0.7185552,0.3195998,1.0
2025-06-30 00:00:00,1.3654463e-11,0.0,1.0,2.0,0.7185552,0.3195998,1.0
2025-07-01 00:00:00,5.3675774e-21,0.0,1.0,2.0,0.7185552,0.3195998,1.0
2025-07-02 00:00:00,4.0276026e-17,0.0,1.0,2.0,0.7185552,0.3195998,1.0
2025-07-03 00:00:00,2.1982636e-11,0.0,1.0,2.0,0.7185552,0.3195998,1.0
2025-07-04 00:00:00,2.6887563e-19,0.0,1.0,2.0,0.7185552,0.3195998,1.0
2025-07-07 00:00:00,2.7161554e-11,0.0,1.0,2.0,0.7185552,0.3195998,1.0
2025-07-08 00:00:00,2.7138045e-09,0.0,1.0,2.0,0.7185552,0.3195998,1.0
2025-07-09 00:00:00,6.719531e-06,0.0,0.99999326,2.0,0.7185445,0.3196044,0.99999326
2025-07-10 00:00:00,0.05204637,6.86174e-20,0.94795364,2.0,0.63542,0.35501218,0.94795364
2025-07-11 00:00:00,0.016604291,0.0,0.9833957,2.0,0.6920327,0.3308974,0.9833957
2025-07-14 00:00:00,0.047204033,8.146398e-31,0.952796,2.0,0.64315486,0.35171744,0.952796
2025-07-15 00:00:00,0.035042327,7.0476e-41,0.96495765,2.0,0.6625811,0.34344262,0.96495765
2025-07-16 00:00:00,0.00718116,0.0,0.99281883,2.0,0.70708454,0.32448587,0.99281883
2025-07-17 00:00:00,0.056612503,2.943598e-25,0.9433875,2.0,0.62812644,0.35811898,0.9433875
2025-07-18 00:00:00,0.056579303,2.114038e-26,0.9434207,2.0,0.62817943,0.3580964,0.9434207
2025-07-21 00:00:00,0.06034777,2.7480588e-21,0.9396522,2.0,0.62215996,0.36066046,0.9396522
2025-07-22 00:00:00,0.042960674,7.7054936e-38,0.9570393,2.0,0.64993286,0.34883028,0.9570393
2025-07-23 00:00:00,0.060702134,5.3929986e-17,0.93929785,2.0,0.62159395,0.36090156,0.93929785
2025-07-24 00:00:00,0.028393578,1.06160915e-05,0.9715958,2.0,0.67319316,0.3389154,0.9715958
2025-07-25 00:00:00,5.8530426e-05,0.96967053,0.030270923,1.0,-0.026884587,0.009733112,0.96967053
2025-07-28 00:00:00,0.1627619,0.83723813,6.847781e-11,1.0,-0.18497993,0.1627619,0.83723813
2025-07-29 00:00:00,0.78680927,0.21319073,1.6565357e-19,0.0,-0.7021089,0.78680927,0.78680927
2025-07-30 00:00:00,0.8834044,0.1165956,9.53613e-40,0.0,-0.7821544,0.8834044,0.8834044
2025-07-31 00:00:00,0.8872019,0.112798095,5.8428738e-36,0.0,-0.78530127,0.8872019,0.8872019
2025-08-01 00:00:00,0.026612304,0.9733877,1.2222786e-12,1.0,-0.07215691,0.026612304,0.9733877
2025-08-04 00:00:00,0.017934645,0.9820653,1.2795993e-08,1.0,-0.06496599,0.017934648,0.9820653
2025-08-05 00:00:00,0.016929638,0.9830703,5.7961618e-08,1.0,-0.06413314,0.016929656,0.9830703
2025-08-06 00:00:00,0.009504163,0.9883101,0.0021857223,1.0,-0.056299847,0.01020272,0.9883101
2025-08-07 00:00:00,0.006325825,0.86529505,0.1283791,1.0,0.043333665,0.047355764,0.86529505
2025-08-08 00:00:00,0.008201567,0.962256,0.029542433,1.0,-0.03419243,0.017643323,0.962256
2025-08-11 00:00:00,0.008499723,0.9614463,0.030054022,1.0,-0.03404627,0.018104983,0.9614463
2025-08-12 00:00:00,0.07827263,2.8167632e-14,0.92172736,2.0,0.5935281,0.37285653,0.92172736
2025-08-13 00:00:00,0.076767705,1.2327843e-16,0.9232323,2.0,0.59593195,0.37183258,0.9232323
2025-08-14 00:00:00,0.06469188,3.9078408e-05,0.93526906,2.0,0.615191,0.3636037,0.93526906
2025-08-15 00:00:00,0.08350306,1.37503755e-17,0.91649693,2.0,0.58517337,0.3764153,0.91649693
2025-08-18 00:00:00,0.014010923,0.7965485,0.18944062,1.0,0.08390076,0.07455611,0.7965485
2025-08-19 00:00:00,0.017771358,0.98194003,0.00028862312,1.0,-0.06460884,0.017863601,0.98194003
2025-08-20 00:00:00,0.022553787,0.9774393,6.903485e-06,1.0,-0.06878844,0.022555992,0.9774393
2025-08-21 00:00:00,0.025338676,0.9746611,2.3179925e-07,1.0,-0.07110132,0.02533875,0.9746611
2025-08-22 00:00:00,0.042975295,0.65946287,0.29756185,1.0,0.14300726,0.138076,0.65946287
2025-08-25 00:00:00,0.03900876,0.023076942,0.9379143,2.0,0.63850707,0.338766,0.9379143
2025-08-26 00:00:00,0.07244602,1.0296709e-19,0.927554,2.0,0.6028351,0.3688921,0.927554
2025-08-27 00:00:00,5.340427e-05,0.0,0.9999466,2.0,0.7184699,0.31963617,0.9999466
2025-08-28 00:00:00,1.0840605e-06,0.0,0.9999989,2.0,0.7185535,0.31960055,0.9999989
2025-08-29 00:00:00,0.05572723,1.6281719e-21,0.94427276,2.0,0.6295405,0.35751665,0.94427276
2025-09-01 00:00:00,0.03543362,1.585763e-37,0.96456635,2.0,0.6619561,0.34370887,0.96456635
2025-09-02 00:00:00,0.02984447,9.729559e-06,0.9701458,2.0,0.67087626,0.33990288,0.9701458
2025-09-03 00:00:00,0.00019314465,0.83050674,0.16930011,1.0,0.07986994,0.05430143,0.83050674
2025-09-04 00:00:00,0.0002777425,0.79652727,0.203195,1.0,0.10585346,0.06521883,0.79652727
2025-09-05 00:00:00,0.04689382,4.1602173e-11,0.95310616,2.0,0.64365035,0.35150638,0.95310616
2025-09-08 00:00:00,0.01878066,0.0,0.98121935,2.0,0.6885563,0.33237818,0.98121935
2025-09-09 00:00:00,0.0044940184,0.43338725,0.5621187,2.0,0.37824962,0.18414706,0.5621187
2025-09-10 00:00:00,0.00023722945,0.846796,0.15296681,1.0,0.06727867,0.049125396,0.846796
2025-09-11 00:00:00,0.051135767,4.518934e-14,0.9488642,2.0,0.63687456,0.35439262,0.9488642
2025-09-12 00:00:00,0.0051210816,0.3574726,0.63740635,2.0,0.43560052,0.20883603,0.63740635
2025-09-15 00:00:00,0.054403674,5.991832e-20,0.94559634,2.0,0.6316546,0.35661608,0.94559634
2025-09-16 00:00:00,2.3944604e-05,0.0,0.99997604,2.0,0.71851695,0.3196161,0.99997604
2025-09-17 00:00:00,0.0038281006,0.0,0.9961719,2.0,0.7124405,0.32220447,0.9961719
2025-09-18 00:00:00,0.0031619035,0.0,0.9968381,2.0,0.7135046,0.32175118,0.9968381
2025-09-19 00:00:00,0.006964593,0.25739354,0.73564184,2.0,0.5095825,0.24207559,0.73564184
2025-09-22 00:00:00,0.0017545194,0.0,0.9982455,2.0,0.71575266,0.3207936,0.9982455
2025-09-23 00:00:00,0.0029942405,0.0,0.99700576,2.0,0.7137724,0.3216371,0.99700576
2025-09-24 00:00:00,0.052953057,2.8279922e-18,0.94704694,2.0,0.63397175,0.3556291,0.94704694
2025-09-25 00:00:00,0.0001721786,0.8828824,0.11694543,1.0,0.039644405,0.037547916,0.8828824
2025-09-26 00:00:00,0.0008713239,0.81582844,0.18330023,1.0,0.09006927,0.059454042,0.81582844
2025-09-29 00:00:00,0.0006903518,0.8376734,0.16163623,1.0,0.07356701,0.052349262,0.8376734
2025-09-30 00:00:00,0.054863602,2.5667148e-21,0.9451364,2.0,0.63092,0.35692903,0.9451364
2025-10-01 00:00:00,0.04147316,5.3095695e-10,0.95852685,2.0,0.65230894,0.34781817,0.95852685
2025-10-02 00:00:00,0.038171154,9.6962935e-09,0.9618288,2.0,0.6575833,0.3455715,0.9618288
2025-10-03 00:00:00,0.0017674526,0.6818546,0.3163779,1.0,0.19161808,0.102881774,0.6818546
2025-10-06 00:00:00,0.0003612852,0.9357654,0.06387332,1.0,-0.0013066762,0.020775186,0.9357654
2025-10-07 00:00:00,0.00024983342,0.8984413,0.10130882,1.0,0.027560828,0.032628115,0.8984413
2025-10-08 00:00:00,0.00045683017,0.9724049,0.027138252,1.0,-0.029622603,0.009130211,0.9724049
2025-10-09 00:00:00,0.0069068274,0.99309313,5.0700525e-08,1.0,-0.05582755,0.0069068437,0.99309313
2025-10-10 00:00:00,0.001314931,0.99842584,0.000259228,1.0,-0.050994497,0.0013977803,0.99842584
2025-10-13 00:00:00,0.009876982,0.99012303,2.0701028e-10,1.0,-0.058288865,0.009876982,0.99012303
2025-10-14 00:00:00,0.14683315,0.8531668,9.454903e-19,1.0,-0.17178026,0.14683315,0.8531668
2025-10-15 00:00:00,0.006828796,0.9931712,1.5878264e-08,1.0,-0.055762913,0.0068288012,0.9931712
2025-10-16 00:00:00,0.00050404924,0.9905467,0.008949234,1.0,-0.04364289,0.003364223,0.9905467
2025-10-17 00:00:00,0.0005668831,0.9929726,0.0064605037,1.0,-0.045607943,0.002631659,0.9929726
2025-10-20 00:00:00,0.0038314576,0.99616754,9.971732e-07,1.0,-0.053278357,0.0038317763,0.99616754
2025-10-21 00:00:00,0.02230569,0.97769433,3.5111777e-12,1.0,-0.06858816,0.02230569,0.97769433
2025-10-22 00:00:00,0.0021213559,0.99784416,3.4503562e-05,1.0,-0.051835492,0.0021323832,0.99784416
2025-10-23 00:00:00,0.00010578575,0.82564676,0.17424744,1.0,0.08374515,0.055795237,0.82564676
2025-10-24 00:00:00,0.00029023102,0.9622268,0.037482943,1.0,-0.021533003,0.0122697735,0.9622268
2025-10-27 00:00:00,0.00035822592,0.9733391,0.026302682,1.0,-0.03018316,0.0087645585,0.9733391
2025-10-28 00:00:00,0.00033264,0.96670794,0.032959428,1.0,-0.02504519,0.010866467,0.96670794
2025-10-29 00:00:00,0.002294972,0.9976089,9.6105294e-05,1.0,-0.05193201,0.0023256873,0.9976089
2025-10-30 00:00:00,0.00466868,0.9953288,2.5460877e-06,1.0,-0.053970948,0.0046694935,0.9953288
2025-10-31 00:00:00,0.04283646,0.9571635,2.0646e-11,1.0,-0.08560138,0.04283646,0.9571635
2025-11-03 00:00:00,0.02704545,0.9729546,8.309081e-10,1.0,-0.07251585,0.02704545,0.9729546
2025-11-04 00:00:00,0.012552811,0.9874471,1.206759e-07,1.0,-0.06050615,0.012552849,0.9874471
2025-11-05 00:00:00,0.003001821,0.9969483,4.9901937e-05,1.0,-0.05255327,0.0030177697,0.9969483
2025-11-06 00:00:00,5.9452046e-05,0.7238929,0.2760476,1.0,0.16203317,0.08828421,0.7238929
2025-11-07 00:00:00,0.00011605551,0.82348275,0.1764012,1.0,0.08539214,0.056493845,0.82348275
2025-11-10 00:00:00,5.2671086e-05,0.64345807,0.35648924,1.0,0.22387102,0.11398657,0.64345807
2025-11-11 00:00:00,5.1203668e-05,0.63425165,0.36569712,1.0,0.23094995,0.11692794,0.63425165
2025-11-12 00:00:00,0.00012320493,0.8509551,0.14892164,1.0,0.0642638,0.047718536,0.8509551
2025-11-13 00:00:00,0.0002772707,0.9300038,0.06971888,1.0,0.0032561885,0.022559412,0.9300038
2025-11-14 00:00:00,5.4351094e-05,0.67887115,0.3210745,1.0,0.19664773,0.10266969,0.67887115
2025-11-17 00:00:00,0.00012511133,0.8438941,0.15598075,1.0,0.06968827,0.04997653,0.8438941
2025-11-18 00:00:00,4.7834346e-05,0.5414282,0.45852396,1.0,0.30230495,0.146592,0.5414282
2025-11-19 00:00:00,0.00028820877,0.9197245,0.07998727,1.0,0.011140018,0.025852125,0.9197245
2025-11-20 00:00:00,0.0010643376,0.97184604,0.027089646,1.0,-0.030163387,0.009722183,0.97184604
2025-11-21 00:00:00,0.02765704,0.97071755,0.0016254076,1.0,-0.07177327,0.02817652,0.97071755
2025-11-24 00:00:00,0.5139992,0.48578644,0.00021434303,0.0,-0.4758748,0.5140677,0.5139992
2025-11-25 00:00:00,0.0015527884,0.98658293,0.011864299,1.0,-0.042271256,0.0053446162,0.98658293
2025-11-26 00:00:00,6.776256e-05,0.45612517,0.543807,2.0,0.36784208,0.1738684,0.543807
2025-11-27 00:00:00,0.00014589226,0.95800877,0.041845355,1.0,-0.018060185,0.013519661,0.95800877
2025-11-28 00:00:00,0.042310104,3.2343404e-08,0.9576899,2.0,0.650972,0.3483876,0.9576899
2025-12-01 00:00:00,0.08296255,5.2750374e-25,0.9170374,2.0,0.58603674,0.37604755,0.9170374
2025-12-02 00:00:00,0.008135111,0.0,0.99186486,2.0,0.70556074,0.32513496,0.99186486
2025-12-03 00:00:00,0.000612361,0.0,0.9993876,2.0,0.71757704,0.32001647,0.9993876
2025-12-04 00:00:00,0.08348307,4.4028226e-31,0.91651696,2.0,0.5852053,0.37640172,0.91651696
2025-12-05 00:00:00,0.07536004,1.2789308e-18,0.92463994,2.0,0.5981805,0.3708748,0.92463994
2025-12-08 00:00:00,0.083987944,2.1955187e-25,0.91601205,2.0,0.58439887,0.37674522,0.91601205
2025-12-09 00:00:00,0.014138679,0.021004466,0.96485686,2.0,0.6798258,0.32250676,0.96485686
2025-12-10 00:00:00,0.051389657,3.18e-43,0.94861037,2.0,0.636469,0.35456535,0.94861037
2025-12-11 00:00:00,0.048173748,6.6e-44,0.9518263,2.0,0.6416059,0.35237724,0.9518263
2025-12-12 00:00:00,0.03624031,0.0,0.9637597,2.0,0.66066754,0.34425774,0.9637597
2025-12-15 00:00:00,0.0005100826,0.0,0.9994899,2.0,0.7177404,0.3199469,0.9994899
2025-12-16 00:00:00,0.000194809,0.0,0.9998052,2.0,0.718244,0.31973237,0.9998052
2025-12-17 00:00:00,1.8481938e-07,0.0,0.9999998,2.0,0.7185549,0.31959996,0.9999998
2025-12-18 00:00:00,2.5446295e-06,0.0,0.99999744,2.0,0.71855116,0.31960154,0.99999744
2025-12-19 00:00:00,7.462687e-07,0.0,0.9999992,2.0,0.718554,0.3196003,0.9999992
2025-12-22 00:00:00,1.5227813e-10,0.0,1.0,2.0,0.7185552,0.3195998,1.0
2025-12-23 00:00:00,2.0762432e-09,0.0,1.0,2.0,0.7185552,0.3195998,1.0
2025-12-24 00:00:00,8.8460765e-06,0.0,0.9999912,2.0,0.7185411,0.31960583,0.9999912
2025-12-25 00:00:00,8.1466615e-06,0.0,0.99999183,2.0,0.71854216,0.31960535,0.99999183
2025-12-26 00:00:00,3.884493e-05,0.0,0.99996114,2.0,0.71849316,0.31962624,0.99996114
2025-12-29 00:00:00,0.000184372,0.0,0.99981564,2.0,0.7182607,0.31972528,0.99981564
2025-12-30 00:00:00,0.024964042,0.0,0.97503597,2.0,0.6786794,0.33658534,0.97503597
2025-12-31 00:00:00,0.06691545,1.41697195e-27,0.93308455,2.0,0.61166924,0.3651291,0.93308455
2026-01-01 00:00:00,0.035755277,0.0,0.9642447,2.0,0.6614423,0.3439277,0.9642447
2026-01-02 00:00:00,0.06544188,1.5323038e-24,0.9345581,2.0,0.61402303,0.36412647,0.9345581
2026-01-05 00:00:00,0.061558224,1.6178239e-20,0.93844175,2.0,0.6202265,0.36148405,0.93844175
2026-01-06 00:00:00,0.03840004,2.272073e-10,0.96159995,2.0,0.65721774,0.3457272,0.96159995
2026-01-07 00:00:00,6.097508e-05,0.6084341,0.39150494,1.0,0.25077927,0.12518588,0.6084341
2026-01-08 00:00:00,0.94933945,0.00021183473,0.05044869,0.0,-0.7980149,0.96546286,0.94933945
2026-01-09 00:00:00,0.9996566,2.5938263e-07,0.000343118,0.0,-0.87822527,0.9997663,0.9996566
2026-01-12 00:00:00,0.8275945,0.025631785,0.14677368,0.0,-0.62308747,0.8745034,0.8275945
2026-01-13 00:00:00,0.9988414,0.00014100845,0.0010175576,0.0,-0.8770313,0.99916667,0.9988414
2026-01-14 00:00:00,0.974822,0.0056229667,0.019555027,0.0,-0.84287816,0.98107177,0.974822
2026-01-15 00:00:00,0.9998181,5.044318e-05,0.00013144128,0.0,-0.8785218,0.9998601,0.9998181
2026-01-16 00:00:00,0.9994647,0.00013099196,0.0004043301,0.0,-0.87801915,0.9995939,0.9994647
2026-01-19 00:00:00,0.9999979,1.7482371e-08,2.07795e-06,0.0,-0.87877023,0.99999857,0.9999979
2026-01-20 00:00:00,0.0022134855,0.9023486,0.09543794,1.0,0.0214209,0.032715432,0.9023486
2026-01-21 00:00:00,0.5040997,0.49306297,0.0028373122,0.0,-0.46565524,0.5050065,0.5040997
2026-01-22 00:00:00,7.523679e-05,0.7995119,0.20041282,1.0,0.10388273,0.06412714,0.7995119
2026-01-23 00:00:00,0.023620801,1.2710503e-05,0.97636646,2.0,0.6808152,0.33566734,0.97636646
2026-01-26 00:00:00,0.05025956,5.071571e-24,0.94974047,2.0,0.63827413,0.35379642,0.94974047
2026-01-27 00:00:00,7.1776607e-09,0.0,1.0,2.0,0.7185552,0.3195998,1.0
2026-01-28 00:00:00,7.0579918e-06,0.0,0.99999297,2.0,0.71854395,0.3196046,0.99999297
2026-01-29 00:00:00,6.0078622e-05,0.0,0.9999399,2.0,0.71845925,0.3196407,0.9999399
2026-01-30 00:00:00,0.024897773,6.965825e-39,0.97510225,2.0,0.67878526,0.33654025,0.97510225
2026-02-02 00:00:00,0.05813633,5.4535422e-17,0.94186366,2.0,0.62569237,0.35915577,0.94186366
2026-02-03 00:00:00,0.026876,1.9884333e-37,0.973124,2.0,0.6756254,0.33788624,0.973124
2026-02-04 00:00:00,0.029981477,1.8815401e-35,0.9700185,2.0,0.6706649,0.33999923,0.9700185
2026-02-05 00:00:00,0.03596628,7.258445e-32,0.9640337,2.0,0.6611052,0.34407127,0.9640337
2026-02-06 00:00:00,0.0023259814,0.0,0.99767405,2.0,0.7148398,0.32118243,0.99767405
2026-02-09 00:00:00,2.3901737e-05,0.0,0.9999761,2.0,0.718517,0.31961608,0.9999761
2026-02-10 00:00:00,7.677038e-06,0.0,0.9999923,2.0,0.71854293,0.31960505,0.9999923
2026-02-11 00:00:00,4.37025e-05,0.0,0.9999563,2.0,0.7184854,0.31962955,0.9999563
2026-02-12 00:00:00,1.2260922e-06,0.0,0.99999875,2.0,0.71855325,0.31960064,0.99999875
2026-02-13 00:00:00,2.9148677e-07,0.0,0.9999997,2.0,0.71855474,0.31960002,0.9999997
2026-02-16 00:00:00,0.00016164208,0.0,0.99983835,2.0,0.718297,0.3197098,0.99983835
2026-02-17 00:00:00,0.028481888,1.2240548e-35,0.9715181,2.0,0.67306024,0.3389789,0.9715181
2026-02-18 00:00:00,0.035435695,3.1364794e-31,0.9645643,2.0,0.66195273,0.34371027,0.9645643
2026-02-19 00:00:00,0.0021816094,0.69307494,0.30474347,1.0,0.18233196,0.09957757,0.69307494
2026-02-20 00:00:00,0.0005533543,0.94799596,0.05145067,1.0,-0.011014623,0.01699698,0.94799596
2026-02-23 00:00:00,0.0015014213,0.9948104,0.0036881801,1.0,-0.048513338,0.002680163,0.9948104
2026-02-24 00:00:00,0.99994504,5.492714e-05,8.8590615e-21,0.0,-0.87872803,0.99994504,0.99994504
2026-02-25 00:00:00,0.37731493,0.622685,5.300987e-08,1.0,-0.36277342,0.37731493,0.622685
2026-02-26 00:00:00,0.35150647,0.64849347,7.461208e-08,1.0,-0.34138674,0.3515065,0.64849347
2026-02-27 00:00:00,6.665903e-05,0.8062132,0.19372012,1.0,0.09874543,0.061979573,0.8062132
2026-03-02 00:00:00,0.006561659,0.9925203,0.00091806415,1.0,-0.05483588,0.0068550715,0.9925203
2026-03-03 00:00:00,0.8598823,0.14011772,3.4139073e-13,0.0,-0.7626623,0.8598823,0.8598823
2026-03-04 00:00:00,0.1296784,0.8703216,1.5315303e-08,1.0,-0.15756463,0.1296784,0.8703216
2026-03-05 00:00:00,0.15206842,0.84793156,7.2181066e-09,1.0,-0.17611857,0.15206842,0.84793156
2026-03-06 00:00:00,0.928329,0.071671024,1.5177335e-12,0.0,-0.819382,0.928329,0.928329
2026-03-09 00:00:00,1.0,2.7868252e-15,1.1974838e-33,0.0,-0.87877357,1.0,1.0
2026-03-10 00:00:00,1.0,1.2508899e-15,7.455921e-32,0.0,-0.87877357,1.0,1.0
2026-03-11 00:00:00,1.0,3.3518266e-14,1.47e-42,0.0,-0.87877357,1.0,1.0
2026-03-12 00:00:00,1.0,1.4786429e-13,1e-45,0.0,-0.87877357,1.0,1.0
2026-03-13 00:00:00,1.0,1.1118143e-09,0.0,0.0,-0.87877357,1.0,1.0
2026-03-16 00:00:00,0.9982107,0.0017892525,2.5283777e-38,0.0,-0.8772909,0.9982107,0.9982107
2026-03-17 00:00:00,0.935652,0.06434798,3.507339e-28,0.0,-0.82545036,0.935652,0.935652
2026-03-18 00:00:00,0.9560554,0.043944612,9.16512e-31,0.0,-0.842358,0.9560554,0.9560554
2026-03-19 00:00:00,0.16166721,0.8383328,1.1467515e-10,1.0,-0.1840728,0.16166721,0.8383328
2026-03-20 00:00:00,0.25567868,0.74432135,3.7082961e-13,1.0,-0.26197723,0.25567868,0.74432135
2026-03-23 00:00:00,0.10319574,0.8968043,5.347359e-10,1.0,-0.13561927,0.10319574,0.8968043
2026-03-24 00:00:00,0.056123488,0.94387645,6.8984384e-08,1.0,-0.09661188,0.05612351,0.94387645
2026-03-25 00:00:00,0.22979628,0.7702037,3.2977997e-18,1.0,-0.24052927,0.22979628,0.7702037
2026-03-26 00:00:00,0.2604819,0.7395181,4.210101e-20,1.0,-0.2659575,0.2604819,0.7395181
2026-03-27 00:00:00,0.47150013,0.5284999,1.5923272e-25,1.0,-0.44082186,0.47150013,0.5284999
2026-03-30 00:00:00,0.16125226,0.83874774,7.724687e-16,1.0,-0.18372893,0.16125226,0.83874774
2026-03-31 00:00:00,0.0036960465,0.8234124,0.17289153,1.0,0.07972776,0.058952145,0.8234124
2026-04-01 00:00:00,0.0031747874,0.904301,0.09252422,1.0,0.018384645,0.032745514,0.904301
2026-04-02 00:00:00,0.003953118,0.9754792,0.02056771,1.0,-0.03757038,0.010526554,0.9754792
2026-04-03 00:00:00,0.0050292755,0.9938204,0.0011502667,1.0,-0.053387556,0.0053969007,0.9938204
2026-04-06 00:00:00,0.0031825202,0.99033505,0.0064824303,1.0,-0.047758587,0.005254304,0.99033505
2026-04-07 00:00:00,0.07917546,3.3522896e-15,0.9208245,2.0,0.59208596,0.3734708,0.9208245
2026-04-08 00:00:00,0.0363138,1.3253337e-32,0.9636862,2.0,0.6605501,0.34430772,0.9636862
2026-04-09 00:00:00,0.0029703884,0.0,0.9970296,2.0,0.7138105,0.32162088,0.9970296
2026-04-10 00:00:00,5.6678356e-10,0.0,1.0,2.0,0.7185552,0.3195998,1.0
2026-04-13 00:00:00,1.784126e-07,0.0,0.9999998,2.0,0.7185549,0.31959993,0.9999998
2026-04-14 00:00:00,5.648126e-07,0.0,0.99999946,2.0,0.7185543,0.3196002,0.99999946
2026-04-15 00:00:00,1.3170457e-13,0.0,1.0,2.0,0.7185552,0.3195998,1.0
2026-04-16 00:00:00,0.0001087075,0.0,0.9998913,2.0,0.7183816,0.31967378,0.9998913
2026-04-17 00:00:00,0.000442445,0.0,0.99955755,2.0,0.7178485,0.31990087,0.99955755
2026-04-20 02:00:00,0.0014814117,0.0,0.9985186,2.0,0.7161889,0.32060778,0.9985186
2026-04-21 02:00:00,0.023567773,5.49937e-40,0.9764322,2.0,0.6809097,0.33563533,0.9764322
2026-04-22 02:00:00,0.012801683,0.0,0.9871983,2.0,0.6981067,0.32831007,0.9871983
2026-04-23 02:00:00,0.009763761,0.0,0.9902362,2.0,0.70295924,0.32624307,0.9902362
2026-04-24 02:00:00,5.6964192e-05,0.0,0.999943,2.0,0.7184642,0.31963858,0.999943
2026-04-27 02:00:00,2.0142073e-08,0.0,1.0,2.0,0.71855515,0.31959984,1.0
2026-04-28 02:00:00,0.010899239,0.0,0.98910075,2.0,0.7011455,0.32701567,0.98910075
2026-04-29 02:00:00,0.048947953,9.271668e-22,0.95105207,2.0,0.64036924,0.35290402,0.95105207
2026-04-30 02:00:00,0.0004085161,0.0,0.99959147,2.0,0.71790266,0.31987777,0.99959147
2026-05-01 02:00:00,0.00010703022,0.0,0.99989295,2.0,0.71838427,0.31967264,0.99989295
2026-05-04 02:00:00,0.008355359,0.0,0.9916446,2.0,0.70520896,0.3252848,0.9916446
2026-05-05 02:00:00,0.00010773382,0.965571,0.034321286,1.0,-0.02381201,0.011076811,0.965571
2026-05-06 02:00:00,0.07033281,1.7529962e-17,0.9296672,2.0,0.6062106,0.36745426,0.9296672
2026-05-07 02:00:00,0.002761933,0.64815885,0.3490792,1.0,0.21593013,0.11432758,0.64815885
2026-05-08 02:00:00,0.029278496,1.318705e-05,0.9707083,2.0,0.67177767,0.3395167,0.9707083
2026-05-11 02:00:00,2.4080422e-05,0.95727986,0.042696033,1.0,-0.017305365,0.013669725,0.95727986
2026-05-12 02:00:00,0.00019632331,0.8859278,0.11387589,1.0,0.03726496,0.036591034,0.8859278
2026-05-13 02:00:00,0.0009847062,0.9829831,0.016032169,1.0,-0.03859683,0.0061085843,0.9829831
2026-05-14 02:00:00,0.0053991196,0.9939957,0.0006051426,1.0,-0.05411305,0.005592523,0.9939957
2026-05-15 02:00:00,0.015359176,0.98460656,3.4272958e-05,1.0,-0.06280545,0.015370131,0.98460656
2026-05-18 02:00:00,0.0057980767,0.99405444,0.00014748627,1.0,-0.054795433,0.0058452133,0.99405444
2026-05-19 02:00:00,0.008479571,0.99147916,4.1295076e-05,1.0,-0.05709913,0.008492769,0.99147916
2026-05-20 02:00:00,0.00036606018,0.9662065,0.033427477,1.0,-0.024713114,0.0110494755,0.9662065
2026-05-21 02:00:00,0.00019505178,0.9112966,0.08850836,1.0,0.01776703,0.028482309,0.9112966
2026-05-22 02:00:00,0.009992201,0.9892467,0.0007611022,1.0,-0.057799313,0.010235448,0.9892467
2026-05-25 02:00:00,0.00055435096,0.9799117,0.019533979,1.0,-0.035548512,0.006797407,0.9799117
2026-05-26 02:00:00,0.00041366796,0.96857333,0.031012997,1.0,-0.026608476,0.010325416,0.96857333
2026-05-27 02:00:00,0.00020844663,0.9172448,0.08254675,1.0,0.013173482,0.026590373,0.9172448
2026-05-28 02:00:00,0.00035168993,0.95412534,0.045522958,1.0,-0.0154039,0.014900819,0.95412534
2026-05-29 02:00:00,0.0001548761,0.8781437,0.12170139,1.0,0.043314453,0.039050616,0.8781437
2026-06-01 02:00:00,0.00012662678,0.8458245,0.15404887,1.0,0.068202056,0.049360618,0.8458245
2026-06-02 02:00:00,0.0012549268,0.9879371,0.010808003,1.0,-0.042836357,0.0047091627,0.9879371
2026-06-03 02:00:00,0.3173152,0.68262625,5.8551395e-05,1.0,-0.31300852,0.3173339,0.68262625
2026-06-04 02:00:00,0.05372763,0.9451657,0.001106681,1.0,-0.0937759,0.054081324,0.9451657
2026-06-05 02:00:00,1.0,2.3361152e-11,1.2656396e-26,0.0,-0.87877357,1.0,1.0
2026-06-08 02:00:00,1.0,1.2195268e-10,3.802409e-24,0.0,-0.87877357,1.0,1.0
2026-06-09 02:00:00,1.0,2.1449319e-08,1.2043156e-15,0.0,-0.87877357,1.0,1.0
2026-06-10 02:00:00,0.9999999,9.173848e-08,6.570449e-13,0.0,-0.8787735,0.9999999,0.9999999
2026-06-11 02:00:00,0.009346005,0.9668677,0.023786334,1.0,-0.039565273,0.016948113,0.9668677
2026-06-12 02:00:00,0.00044227313,0.8955883,0.10396945,1.0,0.029446473,0.033670887,0.8955883
2026-06-15 02:00:00,0.0011749499,0.90990245,0.08892263,1.0,0.017273447,0.029594604,0.90990245
2026-06-16 02:00:00,5.823445e-05,0.68047255,0.31946918,1.0,0.19541061,0.10216053,0.68047255
2026-06-17 02:00:00,0.7866233,0.21302468,0.00035201412,0.0,-0.70168424,0.78673583,0.7866233
2026-06-18 02:00:00,0.9966411,0.0033588766,6.085253e-09,0.0,-0.87599015,0.9966411,0.9966411
2026-06-19 02:00:00,0.66299844,0.33696806,3.351078e-05,0.0,-0.5994849,0.6630091,0.66299844
2026-06-22 02:00:00,0.99999815,1.8513225e-06,1.08197553e-16,0.0,-0.878772,0.99999815,0.99999815
2026-06-23 02:00:00,0.9999994,5.835401e-07,2.3781411e-24,0.0,-0.8787731,0.9999994,0.9999994
2026-06-24 02:00:00,0.9999996,4.181874e-07,2.0862603e-25,0.0,-0.8787732,0.9999996,0.9999996
2026-06-25 02:00:00,1.0,2.347832e-12,1.8457636e-33,0.0,-0.87877357,1.0,1.0
2026-06-26 02:00:00,1.0,8.8776525e-10,2.5543043e-29,0.0,-0.87877357,1.0,1.0
2026-06-29 02:00:00,0.9999189,8.109968e-05,2.1532724e-16,0.0,-0.8787064,0.9999189,0.9999189
2026-06-30 02:00:00,0.9999074,9.263361e-05,2.4267896e-15,0.0,-0.8786968,0.9999074,0.9999074
2026-07-01 02:00:00,0.99994457,5.5443295e-05,9.484368e-19,0.0,-0.8787276,0.99994457,0.99994457
2026-07-02 02:00:00,0.83648664,0.16351339,9.4065124e-11,0.0,-0.74327505,0.83648664,0.83648664
2026-07-03 02:00:00,0.005639853,0.93508816,0.05927196,1.0,-0.009217741,0.02458316,0.93508816
2026-07-06 02:00:00,0.006235973,0.9579094,0.035854604,1.0,-0.027711699,0.017695097,0.9579094
2026-07-07 02:00:00,0.07399436,0.9259394,6.623555e-05,1.0,-0.111370064,0.07401553,0.9259394
2026-07-08 02:00:00,0.01213462,0.9865466,0.001318819,1.0,-0.05914598,0.012556114,0.9865466
2026-07-09 02:00:00,0.13503096,0.86495537,1.36645585e-05,1.0,-0.16198964,0.13503532,0.86495537
2026-07-10 02:00:00,0.15097567,0.84902215,2.1486683e-06,1.0,-0.17521138,0.15097636,0.84902215
2026-07-13 02:00:00,0.92763555,0.072364435,4.3268224e-13,0.0,-0.81880736,0.92763555,0.92763555
2026-07-14 02:00:00,0.31558177,0.68441826,9.616503e-10,1.0,-0.31161708,0.31558177,0.68441826
2026-07-15 02:00:00,0.0001220864,0.57157594,0.42830193,1.0,0.279013,0.13700731,0.57157594
2026-07-16 02:00:00,7.3014664e-05,0.47996584,0.5199611,2.0,0.34950837,0.16625251,0.5199611
2026-07-17 02:00:00,8.6892345e-05,0.5999976,0.39991555,1.0,0.25722268,0.12789983,0.5999976
2026-07-20 02:00:00,6.510582e-05,0.46577698,0.53415793,2.0,0.36042738,0.17078188,0.53415793
2026-07-21 02:00:00,7.097398e-05,0.9661338,0.033795226,1.0,-0.02418591,0.010871923,0.9661338
2026-07-22 02:00:00,0.029951053,3.345199e-06,0.9700456,2.0,0.6707109,0.33997744,0.9700456
2026-07-23 02:00:00,3.208218e-05,0.9620336,0.03793431,1.0,-0.020972136,0.01215588,0.9620336
2026-07-24 02:00:00,6.253418e-05,0.4268301,0.57310736,2.0,0.39036837,0.18322754,0.57310736
2026-07-27 02:00:00,0.0001802067,0.76720816,0.23261164,1.0,0.12854566,0.074522845,0.76720816
2026-07-28 02:00:00,6.699988e-05,0.51901186,0.48092115,1.0,0.3195049,0.1537693,0.51901186
2026-07-29 02:00:00,0.059664626,4.4769035e-22,0.9403354,2.0,0.6232512,0.36019564,0.9403354
2026-07-30 02:00:00,0.05533317,4.5491335e-29,0.9446668,2.0,0.6301699,0.3572485,0.9446668
2026-07-31 02:00:00,0.057332568,8.725379e-21,0.9426674,2.0,0.62697625,0.3586089,0.9426674
2026-08-03 02:00:00,0.03694932,4.457388e-09,0.96305066,2.0,0.659535,0.34474015,0.96305066
2026-08-04 02:00:00,0.021156294,0.0,0.9788437,2.0,0.68476164,0.33399457,0.9788437
2026-08-05 02:00:00,0.016268283,0.0,0.9837317,2.0,0.6925694,0.33066875,0.9837317
2026-08-06 02:00:00,0.05880707,1.6918816e-21,0.9411929,2.0,0.624621,0.35961217,0.9411929
2026-08-07 02:00:00,0.015075164,0.0,0.98492485,2.0,0.69447523,0.32985696,0.98492485
2026-08-10 02:00:00,0.0025104915,0.0,0.9974895,2.0,0.71454513,0.32130796,0.9974895
2026-08-11 02:00:00,0.033492547,3e-45,0.96650743,2.0,0.6650566,0.34238815,0.96650743
2026-08-12 02:00:00,0.029849693,2.2081304e-07,0.9701501,2.0,0.67087525,0.3399095,0.9701501
2026-08-13 02:00:00,0.059174653,1.8740738e-25,0.94082534,2.0,0.6240338,0.35986227,0.94082534
2026-08-14 02:00:00,0.01845703,0.0,0.98154294,2.0,0.68907326,0.332158,0.98154294
2026-08-17 02:00:00,0.0006062396,0.0,0.99939376,2.0,0.7175868,0.3200123,0.99939376
2026-08-18 02:00:00,0.00021154677,0.0,0.99978846,2.0,0.7182173,0.31974375,0.99978846
2026-08-19 02:00:00,2.3004375e-10,0.0,1.0,2.0,0.7185552,0.3195998,1.0
2026-08-20 02:00:00,2.3970177e-16,0.0,1.0,2.0,0.7185552,0.3195998,1.0
2026-08-21 02:00:00,1.4622002e-16,0.0,1.0,2.0,0.7185552,0.3195998,1.0
2026-08-24 02:00:00,1.6276997e-14,0.0,1.0,2.0,0.7185552,0.3195998,1.0
2026-08-25 02:00:00,1.2635754e-13,0.0,1.0,2.0,0.7185552,0.3195998,1.0
2026-08-26 02:00:00,2.1621612e-05,0.0,0.99997836,2.0,0.71852064,0.31961453,0.99997836
2026-08-27 02:00:00,0.009215733,0.0,0.9907843,2.0,0.70383465,0.32587022,0.9907843
2026-08-28 02:00:00,0.030682221,1.012633e-08,0.9693178,2.0,0.6695456,0.340476,0.9693178
