time,open,high,low,close,volume,mid
2026-08-30 02:00:00,1.39139,1.39145,1.38987,1.39011,2925.93,1.39004
2026-08-29 02:00:00,1.39077,1.39077,1.39077,1.39077,0.0,1.39036
2026-08-28 02:00:00,1.38523,1.39106,1.38437,1.39077,100497.53,1.39036
2026-08-27 02:00:00,1.38758,1.38918,1.38514,1.38523,90256.59,1.38516
2026-08-26 02:00:00,1.38378,1.38935,1.3837,1.38756,83355.1,1.38751
2026-08-25 02:00:00,1.38419,1.38677,1.38258,1.38378,106837.46,1.38372
2026-08-24 02:00:00,1.37934,1.38607,1.37834,1.38419,106937.79,1.38412
2026-08-23 02:00:00,1.3817,1.38207,1.37903,1.37935,4776.7,1.37928
2026-08-22 02:00:00,1.37622,1.37622,1.37622,1.37622,0.0,1.37574
2026-08-21 02:00:00,1.37826,1.37829,1.37328,1.37622,89993.64,1.37574
2026-08-20 02:00:00,1.38112,1.38133,1.37561,1.37827,104102.2,1.3782
2026-08-19 02:00:00,1.39,1.39087,1.38029,1.38114,147317.61,1.38107
2026-08-18 02:00:00,1.38712,1.39107,1.38621,1.38999,86034.44,1.38994
2026-08-17 02:00:00,1.38731,1.38796,1.38453,1.38713,82118.14,1.38706
2026-08-16 02:00:00,1.38821,1.38851,1.38707,1.38729,4179.57,1.38724
2026-08-15 02:00:00,1.38795,1.38795,1.38795,1.38795,0.0,1.38754
2026-08-14 02:00:00,1.39283,1.39311,1.3865,1.38795,94067.59,1.38754
2026-08-13 02:00:00,1.39417,1.39592,1.39277,1.39283,81290.34,1.39276
2026-08-12 02:00:00,1.39212,1.39477,1.39085,1.39419,68213.72,1.39412
2026-08-11 02:00:00,1.39347,1.39466,1.39157,1.39215,70654.51,1.39208
2026-08-10 02:00:00,1.39534,1.39646,1.39272,1.39348,71346.88,1.39342
2026-08-09 02:00:00,1.3956,1.39588,1.3943,1.39536,5014.19,1.39528
2026-08-08 02:00:00,1.39449,1.39449,1.39449,1.39449,0.0,1.39411
2026-08-07 02:00:00,1.40149,1.40298,1.39262,1.39449,111068.62,1.39411
2026-08-06 02:00:00,1.40112,1.40383,1.3991,1.40149,60577.13,1.40142
2026-08-05 02:00:00,1.40665,1.40809,1.40054,1.40114,78483.66,1.40108
2026-08-04 02:00:00,1.40475,1.408,1.40358,1.40666,90671.84,1.4066
2026-08-03 02:00:00,1.40142,1.40555,1.40056,1.40474,71887.89,1.40469
2026-08-02 02:00:00,1.40149,1.40185,1.40066,1.40142,8802.45,1.40137
2026-08-01 02:00:00,1.40268,1.40268,1.40268,1.40268,0.0,1.40228
2026-07-31 02:00:00,1.40124,1.40594,1.40042,1.40268,110260.45,1.40228
2026-07-30 02:00:00,1.40371,1.40685,1.39914,1.40124,106561.76,1.40119
2026-07-29 02:00:00,1.41075,1.41105,1.40239,1.4037,97266.64,1.40364
2026-07-28 02:00:00,1.41259,1.41296,1.40867,1.41073,60148.68,1.41066
2026-07-27 02:00:00,1.40878,1.41324,1.40714,1.41257,66604.25,1.41252
2026-07-26 02:00:00,1.40899,1.40987,1.40808,1.40879,3487.87,1.40872
2026-07-25 02:00:00,1.40977,1.40977,1.40977,1.40977,0.0,1.40962
2026-07-24 02:00:00,1.40863,1.41155,1.40668,1.40977,73129.2,1.40962
2026-07-23 02:00:00,1.40866,1.41004,1.40572,1.40862,75409.03,1.40856
2026-07-22 02:00:00,1.41064,1.4109,1.4077,1.40867,65084.51,1.40861
2026-07-21 02:00:00,1.40726,1.41161,1.40549,1.41063,74119.4,1.41056
2026-07-20 02:00:00,1.402,1.40942,1.40038,1.40723,64370.65,1.40718
2026-07-19 02:00:00,1.40244,1.40277,1.4019,1.40205,3100.24,1.40198
2026-07-18 02:00:00,1.40232,1.40232,1.40232,1.40232,0.0,1.40211
2026-07-17 02:00:00,1.40384,1.40421,1.40059,1.40232,73211.74,1.40211
2026-07-16 02:00:00,1.40384,1.40588,1.40109,1.40388,67978.18,1.40381
2026-07-15 02:00:00,1.40528,1.40778,1.40253,1.40385,82097.83,1.40379
2026-07-14 02:00:00,1.41503,1.41554,1.40482,1.40528,117318.4,1.40523
2026-07-13 02:00:00,1.41647,1.41754,1.41257,1.41503,78615.21,1.41496
2026-07-12 02:00:00,1.41661,1.41714,1.41625,1.41647,4384.93,1.41642
2026-07-11 02:00:00,1.41607,1.41607,1.41607,1.41607,0.0,1.41556
2026-07-10 02:00:00,1.41684,1.41732,1.41179,1.41607,70757.28,1.41556
2026-07-09 02:00:00,1.41691,1.41901,1.41533,1.41684,62061.54,1.41678
2026-07-08 02:00:00,1.42055,1.42094,1.41555,1.41692,88535.76,1.41686
2026-07-07 02:00:00,1.4209,1.42268,1.41841,1.42057,63135.48,1.4205
2026-07-06 02:00:00,1.42056,1.42394,1.42021,1.42089,63723.96,1.42083
2026-07-05 02:00:00,1.42055,1.421,1.42,1.42056,3709.19,1.42049
2026-07-04 02:00:00,1.42003,1.42003,1.42003,1.42003,0.0,1.41985
2026-07-03 02:00:00,1.41916,1.42122,1.41601,1.42003,58825.02,1.41985
2026-07-02 02:00:00,1.42201,1.42251,1.41508,1.41916,105866.9,1.4191
2026-07-01 02:00:00,1.42084,1.42357,1.41923,1.422,61999.89,1.42193
2026-06-30 02:00:00,1.42119,1.42483,1.41786,1.42089,108991.3,1.42082
2026-06-29 02:00:00,1.41911,1.42184,1.41758,1.42118,102733.47,1.4211
2026-06-28 02:00:00,1.4208,1.4208,1.41883,1.41909,3851.77,1.41902
2026-06-27 02:00:00,1.41987,1.41987,1.41987,1.41987,0.0,1.41937
2026-06-26 02:00:00,1.42015,1.42105,1.41697,1.41987,142455.58,1.41937
2026-06-25 02:00:00,1.42363,1.42488,1.41779,1.42019,157394.1,1.42012
2026-06-24 02:00:00,1.42107,1.42487,1.42067,1.42363,163490.46,1.42358
2026-06-23 02:00:00,1.41598,1.42194,1.41574,1.42109,150540.73,1.42102
2026-06-22 02:00:00,1.41755,1.41942,1.41454,1.41598,141682.14,1.41592
2026-06-21 02:00:00,1.41826,1.4184,1.41671,1.41755,4496.89,1.41748
2026-06-20 02:00:00,1.41552,1.41552,1.41552,1.41552,0.0,1.41527
2026-06-19 02:00:00,1.4142,1.4184,1.41352,1.41552,111416.86,1.41527
2026-06-18 02:00:00,1.41025,1.41471,1.40952,1.41422,152554.04,1.41416
2026-06-17 02:00:00,1.39979,1.41236,1.39912,1.41028,158893.47,1.41021
2026-06-16 02:00:00,1.39936,1.40191,1.39808,1.39978,139182.54,1.3997
2026-06-15 02:00:00,1.39648,1.3997,1.39512,1.39937,161666.0,1.3993
2026-06-14 02:00:00,1.39954,1.39979,1.39563,1.39648,8426.56,1.39642
2026-06-13 02:00:00,1.39903,1.39903,1.39903,1.39903,0.0,1.39882
2026-06-12 02:00:00,1.39736,1.39965,1.39598,1.39903,198207.11,1.39882
2026-06-11 02:00:00,1.39477,1.40246,1.39323,1.39735,258554.4,1.3973
2026-06-10 02:00:00,1.39543,1.39581,1.38996,1.3948,180975.08,1.39475
2026-06-09 02:00:00,1.39587,1.39699,1.39194,1.39543,163888.97,1.39536
2026-06-08 02:00:00,1.39459,1.39629,1.39268,1.39587,214258.46,1.3958
2026-06-07 02:00:00,1.39458,1.39531,1.39425,1.3946,12972.0,1.39454
2026-06-06 02:00:00,1.39405,1.39405,1.39405,1.39405,0.0,1.39374
2026-06-05 02:00:00,1.39081,1.39512,1.38674,1.39405,168718.73,1.39374
2026-06-04 02:00:00,1.38946,1.39256,1.38816,1.39079,164192.95,1.39074
2026-06-03 02:00:00,1.38463,1.39004,1.38373,1.38945,161178.42,1.38938
2026-06-02 02:00:00,1.38423,1.38549,1.38156,1.38462,140923.09,1.38458
2026-06-01 02:00:00,1.37981,1.38504,1.3798,1.38424,163832.5,1.38417
2026-05-31 02:00:00,1.38068,1.3809,1.37902,1.3798,7255.93,1.37975
2026-05-30 02:00:00,1.37991,1.37991,1.37991,1.37991,0.0,1.3796
2026-05-29 02:00:00,1.37837,1.383,1.37709,1.37991,198343.62,1.3796
2026-05-28 02:00:00,1.38456,1.38707,1.37744,1.3784,167818.4,1.37833
2026-05-27 02:00:00,1.38092,1.38527,1.38043,1.38455,138813.2,1.38449
2026-05-26 02:00:00,1.38068,1.38219,1.37994,1.38091,135129.43,1.38084
2026-05-25 02:00:00,1.38033,1.38212,1.37954,1.3807,68876.06,1.38064
2026-05-24 02:00:00,1.3821,1.38228,1.37992,1.38031,9116.62,1.38026
2026-05-23 02:00:00,1.38227,1.38227,1.38227,1.38227,0.0,1.38198
2026-05-22 02:00:00,1.37772,1.38256,1.37771,1.38227,109236.56,1.38198
2026-05-21 02:00:00,1.37491,1.38007,1.37467,1.37773,154053.98,1.37766
2026-05-20 02:00:00,1.37499,1.37792,1.37313,1.37492,161404.99,1.37485
2026-05-19 02:00:00,1.37396,1.37746,1.3738,1.37498,160260.83,1.37493
2026-05-18 02:00:00,1.37636,1.37643,1.37329,1.37397,145148.55,1.3739
2026-05-17 02:00:00,1.37603,1.37645,1.37503,1.37635,7853.15,1.37629
2026-05-16 02:00:00,1.37525,1.37525,1.37525,1.37525,0.0,1.37498
2026-05-15 02:00:00,1.3725,1.37676,1.37248,1.37525,154443.3,1.37498
2026-05-14 02:00:00,1.37059,1.37383,1.37023,1.37251,145154.96,1.37244
2026-05-13 02:00:00,1.36988,1.37193,1.36849,1.3706,144785.76,1.37054
2026-05-12 02:00:00,1.36798,1.37252,1.36798,1.36985,145426.84,1.3698
2026-05-11 02:00:00,1.36842,1.36957,1.36488,1.36799,128339.52,1.36792
2026-05-10 02:00:00,1.36906,1.36952,1.36829,1.36845,8307.19,1.36838
2026-05-09 02:00:00,1.3679,1.3679,1.3679,1.3679,0.0,1.36764
2026-05-08 02:00:00,1.36615,1.37108,1.36431,1.3679,110573.71,1.36764
2026-05-07 02:00:00,1.36378,1.36693,1.36209,1.36614,125858.68,1.3661
2026-05-06 02:00:00,1.36054,1.36421,1.35786,1.36378,144872.4,1.36372
2026-05-05 02:00:00,1.36216,1.36309,1.35969,1.36056,116283.26,1.36049
2026-05-04 02:00:00,1.35893,1.36294,1.35831,1.36214,130604.04,1.36208
2026-05-03 02:00:00,1.35991,1.36016,1.35815,1.35893,2711.23,1.35886
2026-05-02 02:00:00,1.35918,1.35918,1.35918,1.35918,0.0,1.35864
2026-05-01 02:00:00,1.35806,1.35954,1.35508,1.35918,156756.46,1.35864
2026-04-30 02:00:00,1.36727,1.36895,1.35773,1.3581,179011.21,1.35803
2026-04-29 02:00:00,1.36811,1.37115,1.36679,1.36727,143466.07,1.3672
2026-04-28 02:00:00,1.36228,1.36922,1.36134,1.36812,139385.65,1.36806
2026-04-27 02:00:00,1.36789,1.36796,1.35983,1.36229,94241.23,1.36222
2026-04-26 02:00:00,1.36837,1.36886,1.36741,1.36789,5208.0,1.36782
2026-04-25 02:00:00,1.36701,1.36701,1.36701,1.36701,0.0,1.36676
2026-04-24 02:00:00,1.36997,1.37153,1.36635,1.36701,113601.84,1.36676
2026-04-23 02:00:00,1.3671,1.3715,1.36611,1.36997,154081.47,1.3699
2026-04-22 02:00:00,1.36589,1.3677,1.3644,1.36711,100547.82,1.36704
2026-04-21 02:00:00,1.36452,1.36775,1.36318,1.3659,155676.67,1.36584
2026-04-20 02:00:00,1.37066,1.37085,1.36355,1.36454,102369.41,1.36447
2026-04-19 02:00:00,1.36888,1.37104,1.36884,1.37067,6448.65,1.3706
2026-04-18T00:00:00Z,1.369,1.369,1.369,1.369,0.0,1.3689
2026-04-17T00:00:00Z,1.37023,1.37047,1.36518,1.369,113872.68,1.3689
2026-04-16T00:00:00Z,1.37335,1.37396,1.3697,1.37024,113412.3,1.37014
2026-04-15T00:00:00Z,1.37682,1.37897,1.37288,1.37332,109906.62,1.37322
2026-04-14T00:00:00Z,1.37878,1.37913,1.3734,1.37674,112651.63,1.37664
2026-04-13T00:00:00Z,1.38747,1.38784,1.37874,1.37879,124085.39,1.37869
2026-04-12T00:00:00Z,1.38381,1.38787,1.38381,1.38753,7778.4,1.38743
2026-04-11T00:00:00Z,1.38381,1.38381,1.38381,1.38381,0.0,1.38371
2026-04-10T00:00:00Z,1.38242,1.38452,1.38016,1.38381,91149.99,1.38371
2026-04-09T00:00:00Z,1.38526,1.38614,1.38074,1.38252,112375.85,1.38242
2026-04-08T00:00:00Z,1.38439,1.38759,1.38256,1.38526,145392.65,1.38516
2026-04-07T00:00:00Z,1.39139,1.3931,1.38423,1.38454,136426.5,1.38444
2026-04-06T00:00:00Z,1.39477,1.39492,1.39043,1.39135,114298.14,1.39125
2026-04-05T00:00:00Z,1.39443,1.39488,1.39282,1.39484,5410.59,1.39474
2026-04-04T00:00:00Z,1.39443,1.39443,1.39443,1.39443,0.0,1.39433
2026-04-03T00:00:00Z,1.39193,1.39505,1.3917,1.39443,50441.94,1.39433
2026-04-02T00:00:00Z,1.38793,1.39349,1.38725,1.39194,135527.15,1.39184
2026-04-01T00:00:00Z,1.39052,1.39132,1.38704,1.38791,155060.43,1.38781
2026-03-31T00:00:00Z,1.39302,1.39672,1.39047,1.39053,181466.7,1.39043
2026-03-30T00:00:00Z,1.39014,1.3946,1.38878,1.3931,149304.31,1.393
2026-03-29T00:00:00Z,1.38942,1.39045,1.38787,1.39015,8907.39,1.39005
2026-03-28T00:00:00Z,1.38942,1.38942,1.38942,1.38942,0.0,1.38932
2026-03-27T00:00:00Z,1.38551,1.3897,1.38476,1.38942,143316.11,1.38932
2026-03-26T00:00:00Z,1.38167,1.38673,1.3816,1.38552,145476.47,1.38542
2026-03-25T00:00:00Z,1.37598,1.38209,1.37519,1.38163,151083.84,1.38153
2026-03-24T00:00:00Z,1.37322,1.37863,1.37273,1.37596,191779.16,1.37586
2026-03-23T00:00:00Z,1.37112,1.3756,1.36721,1.37323,237008.4,1.37313
2026-03-22T00:00:00Z,1.37239,1.3734,1.37069,1.37111,12273.55,1.37101
2026-03-21T00:00:00Z,1.37239,1.37239,1.37239,1.37239,0.0,1.37229
2026-03-20T00:00:00Z,1.37392,1.37492,1.37017,1.37239,162035.74,1.37229
2026-03-19T00:00:00Z,1.3732,1.37496,1.37085,1.37382,180690.37,1.37372
2026-03-18T00:00:00Z,1.36914,1.37387,1.36888,1.3731,148639.27,1.373
2026-03-17T00:00:00Z,1.36885,1.37232,1.36825,1.36918,127984.31,1.36908
2026-03-16T00:00:00Z,1.37141,1.37238,1.36548,1.36883,140287.85,1.36873
2026-03-15T00:00:00Z,1.37163,1.37282,1.37112,1.37143,10187.44,1.37133
2026-03-14T00:00:00Z,1.37163,1.37163,1.37163,1.37163,0.0,1.37153
2026-03-13T00:00:00Z,1.36343,1.37426,1.36228,1.37163,143981.16,1.37153
2026-03-12T00:00:00Z,1.36045,1.36464,1.35789,1.36344,145683.11,1.36334
2026-03-11T00:00:00Z,1.35847,1.36066,1.35568,1.36038,122116.28,1.36028
2026-03-10T00:00:00Z,1.35888,1.36026,1.35445,1.3585,168642.71,1.3584
2026-03-09T00:00:00Z,1.36029,1.3608,1.35279,1.35897,211651.22,1.35887
2026-03-08T00:00:00Z,1.35684,1.36068,1.35642,1.36025,15255.41,1.36015
2026-03-07T00:00:00Z,1.35684,1.35684,1.35684,1.35684,0.0,1.35674
2026-03-06T00:00:00Z,1.36733,1.36755,1.35647,1.35684,178654.12,1.35674
2026-03-05T00:00:00Z,1.36455,1.37177,1.36176,1.36718,203075.68,1.36708
2026-03-04T00:00:00Z,1.36768,1.37009,1.3632,1.36461,187377.53,1.36451
2026-03-03T00:00:00Z,1.36737,1.37524,1.36571,1.36759,206155.1,1.36749
2026-03-02T00:00:00Z,1.36704,1.37174,1.36425,1.36729,159564.58,1.36719
2026-03-01T00:00:00Z,1.36422,1.36742,1.36342,1.36714,12255.83,1.36704
2026-02-28T00:00:00Z,1.36422,1.36422,1.36422,1.36422,0.0,1.36412
2026-02-27T00:00:00Z,1.36781,1.36855,1.36274,1.36422,118588.66,1.36412
2026-02-26T00:00:00Z,1.36775,1.37124,1.36608,1.36783,104309.11,1.36773
2026-02-25T00:00:00Z,1.37048,1.37083,1.36724,1.36775,99831.93,1.36765
2026-02-24T00:00:00Z,1.36958,1.37264,1.36907,1.3704,106655.7,1.3703
2026-02-23T00:00:00Z,1.36512,1.37052,1.36512,1.36957,147865.71,1.36947
2026-02-22T00:00:00Z,1.36794,1.36797,1.36506,1.36512,6562.57,1.36502
2026-02-21T00:00:00Z,1.36794,1.36794,1.36794,1.36794,0.0,1.36784
2026-02-20T00:00:00Z,1.36895,1.37107,1.3671,1.36794,160999.29,1.36784
2026-02-19T00:00:00Z,1.36985,1.37158,1.36735,1.36888,113175.26,1.36878
2026-02-18T00:00:00Z,1.36409,1.37014,1.36393,1.36983,105866.75,1.36973
2026-02-17T00:00:00Z,1.36376,1.36933,1.36333,1.36396,122778.77,1.36386
2026-02-16T00:00:00Z,1.3619,1.36405,1.36057,1.36381,60078.54,1.36371
2026-02-15T00:00:00Z,1.36153,1.36261,1.36023,1.36202,5568.03,1.36192
2026-02-14T00:00:00Z,1.36153,1.36153,1.36153,1.36153,0.0,1.36143
2026-02-13T00:00:00Z,1.36134,1.36381,1.35969,1.36153,145605.12,1.36143
2026-02-12T00:00:00Z,1.35775,1.36364,1.35572,1.36136,148498.4,1.36126
2026-02-11T00:00:00Z,1.35551,1.36189,1.3506,1.35782,165415.4,1.35772
2026-02-10T00:00:00Z,1.35627,1.35776,1.35264,1.35551,114065.39,1.35541
2026-02-09T00:00:00Z,1.36606,1.36681,1.35547,1.35626,171852.1,1.35616
2026-02-08T00:00:00Z,1.36726,1.36748,1.3658,1.36613,8273.48,1.36603
2026-02-07T00:00:00Z,1.36726,1.36726,1.36726,1.36726,0.0,1.36716
2026-02-06T00:00:00Z,1.37136,1.37253,1.36279,1.36726,115642.85,1.36716
2026-02-05T00:00:00Z,1.36728,1.37152,1.36571,1.37134,188821.47,1.37124
2026-02-04T00:00:00Z,1.36418,1.36843,1.36305,1.36729,129430.18,1.36719
2026-02-03T00:00:00Z,1.36747,1.36871,1.36308,1.36417,169683.5,1.36407
2026-02-02T00:00:00Z,1.36402,1.37038,1.3616,1.36755,233662.77,1.36745
2026-02-01T00:00:00Z,1.36159,1.3658,1.3601,1.36388,12184.99,1.36378
2026-01-31T00:00:00Z,1.36159,1.36159,1.36159,1.36159,0.0,1.36149
2026-01-30T00:00:00Z,1.3493,1.36247,1.34859,1.36159,245711.13,1.36149
2026-01-29T00:00:00Z,1.35396,1.35763,1.34839,1.34945,229671.1,1.34935
2026-01-28T00:00:00Z,1.35943,1.36162,1.35387,1.35412,194528.0,1.35402
2026-01-27T00:00:00Z,1.37161,1.37403,1.35643,1.35946,175708.16,1.35936
2026-01-26T00:00:00Z,1.37022,1.37212,1.36741,1.37149,138571.16,1.37139
2026-01-25T00:00:00Z,1.36992,1.37114,1.36901,1.37032,10856.4,1.37022
2026-01-24T00:00:00Z,1.36992,1.36992,1.36992,1.36992,0.0,1.36982
2026-01-23T00:00:00Z,1.37864,1.38011,1.36956,1.36992,121253.1,1.36982
2026-01-22T00:00:00Z,1.38456,1.38463,1.37837,1.37859,142685.5,1.37849
2026-01-21T00:00:00Z,1.38352,1.38454,1.37889,1.38454,163167.09,1.38444
2026-01-20T00:00:00Z,1.38759,1.38801,1.38166,1.38352,226837.54,1.38342
2026-01-19T00:00:00Z,1.39024,1.39084,1.38571,1.3876,155098.0,1.3875
2026-01-18T00:00:00Z,1.3912,1.39186,1.39015,1.39018,8350.22,1.39008
2026-01-17T00:00:00Z,1.3912,1.3912,1.3912,1.3912,0.0,1.3911
2026-01-16T00:00:00Z,1.38917,1.39299,1.38861,1.3912,179494.56,1.3911
2026-01-15T00:00:00Z,1.38884,1.39206,1.38853,1.38912,103953.44,1.38902
2026-01-14T00:00:00Z,1.38888,1.38991,1.38691,1.38862,130197.32,1.38852
2026-01-13T00:00:00Z,1.38779,1.38988,1.38619,1.38884,119638.61,1.38874
2026-01-12T00:00:00Z,1.39141,1.39154,1.3869,1.38781,134266.8,1.38771
2026-01-11T00:00:00Z,1.39114,1.39188,1.39113,1.39156,3652.1,1.39146
2026-01-10T00:00:00Z,1.39114,1.39114,1.39114,1.39114,0.0,1.39104
2026-01-09T00:00:00Z,1.38661,1.39215,1.38661,1.39114,125752.29,1.39104
2026-01-08T00:00:00Z,1.38598,1.389,1.38536,1.38662,119487.21,1.38652
2026-01-07T00:00:00Z,1.38175,1.38631,1.3792,1.38598,124586.57,1.38588
2026-01-06T00:00:00Z,1.37749,1.3818,1.37532,1.38178,122189.09,1.38168
2026-01-05T00:00:00Z,1.37488,1.38165,1.37427,1.37751,172049.36,1.37741
2026-01-04T00:00:00Z,1.37281,1.37493,1.37281,1.37489,6432.12,1.37479
2026-01-03T00:00:00Z,1.37281,1.37281,1.37281,1.37281,0.0,1.37271
2026-01-02T00:00:00Z,1.37189,1.37492,1.37024,1.37281,114848.16,1.37271
2026-01-01T00:00:00Z,1.37261,1.37261,1.37176,1.37193,2223.59,1.37183
2025-12-31T00:00:00Z,1.37257,1.37261,1.37257,1.37261,1.19,1.37251
2025-12-30 01:00:00,1.36888,1.37095,1.36797,1.36964,100023.04,1.36958
2025-12-29 01:00:00,1.36697,1.37019,1.36582,1.36886,128123.96,1.3688
2025-12-28 01:00:00,1.3674,1.36799,1.36643,1.36698,4172.28,1.36691
2025-12-27 01:00:00,1.36763,1.36763,1.36763,1.36763,0.0,1.3674
2025-12-26 01:00:00,1.36747,1.36859,1.36432,1.36763,126948.61,1.3674
2025-12-25 01:00:00,1.36817,1.36916,1.3666,1.36751,9771.15,1.36742
2025-12-24 01:00:00,1.36863,1.36902,1.36658,1.36817,104103.25,1.36742
2025-12-23 01:00:00,1.37507,1.37507,1.36863,1.36864,131441.84,1.36858
2025-12-22 01:00:00,1.37936,1.38017,1.37364,1.37507,119843.78,1.37499
2025-12-21 01:00:00,1.38019,1.38074,1.37932,1.37936,5981.85,1.3792
2025-12-20 01:00:00,1.38052,1.38052,1.38052,1.38052,0.0,1.38026
2025-12-19 01:00:00,1.37783,1.38068,1.37558,1.38052,107483.34,1.38026
2025-12-18 01:00:00,1.37848,1.37968,1.37566,1.37783,138846.98,1.37776
2025-12-17 01:00:00,1.37564,1.37989,1.37564,1.37849,131979.69,1.3784
2025-12-16 01:00:00,1.37702,1.3782,1.37308,1.37565,152867.96,1.37558
2025-12-15 01:00:00,1.37693,1.37892,1.37484,1.37702,126409.75,1.37696
2025-12-14 01:00:00,1.37787,1.37795,1.37661,1.37693,4501.34,1.37686
2025-12-13 01:00:00,1.37734,1.37734,1.37734,1.37734,0.0,1.37714
2025-12-12 01:00:00,1.37767,1.37956,1.37541,1.37734,129084.89,1.37714
2025-12-11 01:00:00,1.37905,1.38236,1.37574,1.37766,147126.49,1.3776
2025-12-10 01:00:00,1.38472,1.38729,1.37845,1.37904,128428.62,1.37898
2025-12-09 01:00:00,1.38495,1.38615,1.38242,1.38472,119786.32,1.38463
2025-12-08 01:00:00,1.38356,1.38604,1.38005,1.38496,124307.1,1.3849
2025-12-07 01:00:00,1.38443,1.38503,1.38254,1.38363,6669.5,1.38355
2025-12-06 01:00:00,1.38204,1.38204,1.38204,1.38204,0.0,1.38157
2025-12-05 01:00:00,1.39606,1.39606,1.38185,1.38204,110556.34,1.38157
2025-12-04 01:00:00,1.39544,1.3978,1.39259,1.39607,135471.38,1.396
2025-12-03 01:00:00,1.39707,1.39763,1.39391,1.39544,116856.89,1.39537
2025-12-02 01:00:00,1.40026,1.40153,1.39684,1.3971,111792.64,1.39702
2025-12-01 01:00:00,1.39711,1.40026,1.39554,1.40025,128845.95,1.40018
2025-11-30 01:00:00,1.39833,1.39853,1.39664,1.39713,4606.37,1.39706
2025-11-29 01:00:00,1.39831,1.39831,1.39831,1.39831,0.0,1.39792
2025-11-28 01:00:00,1.40275,1.40525,1.3939,1.39831,344476.77,1.39792
2025-11-27 01:00:00,1.40405,1.40506,1.40256,1.40275,72829.12,1.40268
2025-11-26 01:00:00,1.41042,1.41057,1.40354,1.40406,120307.72,1.40398
2025-11-25 01:00:00,1.4111,1.41255,1.40901,1.41045,124855.02,1.41038
2025-11-24 01:00:00,1.40963,1.41194,1.40918,1.41112,95752.2,1.41104
2025-11-23 01:00:00,1.41051,1.41066,1.40954,1.4096,3848.35,1.40954
2025-11-22 01:00:00,1.41049,1.41049,1.41049,1.41049,0.0,1.41025
2025-11-21 01:00:00,1.40924,1.41315,1.40823,1.41049,153564.27,1.41025
2025-11-20 01:00:00,1.40449,1.41076,1.40404,1.40924,143781.88,1.40918
2025-11-19 01:00:00,1.39866,1.40661,1.39859,1.40449,145582.91,1.40442
2025-11-18 01:00:00,1.4052,1.40631,1.3972,1.39867,147314.22,1.39859
2025-11-17 01:00:00,1.40192,1.40614,1.40168,1.4052,135680.37,1.40513
2025-11-16 01:00:00,1.40337,1.40337,1.40186,1.40194,4306.11,1.40188
2025-11-15 01:00:00,1.40282,1.40282,1.40282,1.40282,0.0,1.40246
2025-11-14 01:00:00,1.40379,1.40461,1.40148,1.40282,147736.93,1.40246
2025-11-13 01:00:00,1.40108,1.4045,1.3986,1.40379,122274.0,1.40372
2025-11-12 01:00:00,1.40169,1.40224,1.39907,1.40109,129479.27,1.40102
2025-11-11 01:00:00,1.40269,1.40421,1.40025,1.40171,114426.45,1.40164
2025-11-10 01:00:00,1.40456,1.40472,1.40017,1.40268,142295.26,1.40262
2025-11-09 01:00:00,1.40626,1.40632,1.4039,1.40455,5095.16,1.40447
2025-11-08 01:00:00,1.40452,1.40452,1.40452,1.40452,0.0,1.40414
2025-11-07 01:00:00,1.41133,1.41268,1.40279,1.40452,119086.83,1.40414
2025-11-06 01:00:00,1.41032,1.41407,1.40908,1.41134,138653.3,1.41126
2025-11-05 01:00:00,1.41025,1.41412,1.41023,1.41031,122444.66,1.41026
2025-11-04 01:00:00,1.40564,1.41089,1.40549,1.41026,120062.87,1.41018
2025-11-03 01:00:00,1.40169,1.40766,1.40093,1.40567,99860.75,1.40559
2025-11-02 01:00:00,1.40169,1.40276,1.40129,1.40168,5588.37,1.40162
2025-10-25 02:00:00,1.39997,1.39997,1.39997,1.39997,0.0,1.39956
2025-10-24 02:00:00,1.39882,1.40395,1.39849,1.39997,116622.31,1.39956
2025-10-23 02:00:00,1.39904,1.40055,1.39738,1.39881,94821.2,1.39874
2025-10-22 02:00:00,1.4021,1.4033,1.39767,1.39905,115048.89,1.39899
2025-10-21 02:00:00,1.40344,1.40664,1.40039,1.4021,114426.9,1.40202
2025-10-20 02:00:00,1.40171,1.40516,1.40062,1.40344,90928.74,1.40337
2025-10-19 02:00:00,1.40235,1.40251,1.40108,1.40172,4392.9,1.40164
2025-10-18 02:00:00,1.40257,1.40257,1.40257,1.40257,0.0,1.40206
2025-10-17 02:00:00,1.40471,1.40681,1.40083,1.40257,135382.97,1.40206
2025-10-16 02:00:00,1.40472,1.40617,1.40233,1.4047,141748.59,1.40463
2025-10-15 02:00:00,1.40466,1.40605,1.40273,1.40472,125245.46,1.40465
2025-10-14 02:00:00,1.40407,1.40807,1.40305,1.40465,136540.0,1.4046
2025-10-13 02:00:00,1.4,1.40412,1.39839,1.40405,111178.92,1.40398
2025-10-12 02:00:00,1.39987,1.40067,1.39901,1.39999,10817.6,1.39992
2025-10-11 02:00:00,1.40111,1.40111,1.40111,1.40111,0.0,1.4006
2025-10-10 02:00:00,1.40211,1.40349,1.39766,1.40111,138174.09,1.4006
2025-10-09 02:00:00,1.3956,1.40346,1.39345,1.4021,114595.33,1.40202
2025-10-08 02:00:00,1.39541,1.39717,1.39325,1.39562,135504.15,1.39554
2025-10-07 02:00:00,1.3946,1.39643,1.39395,1.39541,95795.41,1.39534
2025-10-06 02:00:00,1.39656,1.39683,1.39411,1.3946,100734.58,1.39453
2025-10-05 02:00:00,1.39631,1.39686,1.39594,1.39658,9515.61,1.3965
2025-10-04 02:00:00,1.39549,1.39549,1.39549,1.39549,0.0,1.39498
2025-10-03 02:00:00,1.39618,1.39701,1.39403,1.39549,96578.74,1.39498
2025-10-02 02:00:00,1.39414,1.39869,1.39331,1.39619,100721.88,1.3961
2025-10-01 02:00:00,1.3925,1.39576,1.39076,1.39412,124487.92,1.39407
2025-09-30 02:00:00,1.39187,1.39367,1.38971,1.39249,115758.1,1.39242
2025-09-29 02:00:00,1.39388,1.39404,1.39039,1.39187,100360.57,1.3918
2025-09-28 02:00:00,1.39414,1.39523,1.39374,1.39388,2525.09,1.39382
2025-09-27 02:00:00,1.39423,1.39423,1.39423,1.39423,0.0,1.39405
2025-09-26 02:00:00,1.39423,1.39593,1.39322,1.39423,109656.8,1.39405
2025-09-25 02:00:00,1.38973,1.39503,1.3886,1.39423,126496.98,1.39416
2025-09-24 02:00:00,1.38398,1.39075,1.38384,1.38971,118079.88,1.38966
2025-09-23 02:00:00,1.38258,1.38506,1.38124,1.38396,111543.54,1.3839
2025-09-22 02:00:00,1.37835,1.38326,1.37827,1.38265,104160.73,1.38257
2025-09-21 02:00:00,1.37878,1.37895,1.37797,1.37833,5675.4,1.37827
2025-09-20 02:00:00,1.37832,1.37832,1.37832,1.37832,0.0,1.37806
2025-09-19 02:00:00,1.3793,1.38263,1.37696,1.37832,117725.03,1.37806
2025-09-18 02:00:00,1.37718,1.38105,1.37666,1.37929,123939.46,1.37922
2025-09-17 02:00:00,1.37401,1.37881,1.37272,1.37717,129241.82,1.3771
2025-09-16 02:00:00,1.37761,1.37791,1.37352,1.374,108504.94,1.37394
2025-09-15 02:00:00,1.38402,1.38467,1.37676,1.37759,93110.21,1.37751
2025-09-14 02:00:00,1.38484,1.38505,1.38371,1.38402,3840.79,1.38396
2025-09-13 02:00:00,1.38475,1.38475,1.38475,1.38475,0.0,1.38452
2025-09-12 02:00:00,1.38359,1.38643,1.38334,1.38475,97896.91,1.38452
2025-09-11 02:00:00,1.38616,1.3893,1.38268,1.3836,127022.41,1.38352
2025-09-10 02:00:00,1.38474,1.38706,1.38312,1.38616,124866.52,1.3861
2025-09-09 02:00:00,1.37967,1.38605,1.37941,1.38476,114436.4,1.38468
2025-09-08 02:00:00,1.38364,1.38444,1.37889,1.37966,121370.92,1.37959
2025-09-07 02:00:00,1.38381,1.38463,1.38315,1.38363,6092.09,1.38356
2025-09-06 02:00:00,1.38338,1.38338,1.38338,1.38338,0.0,1.38298
2025-09-05 02:00:00,1.3816,1.38549,1.37593,1.38338,134878.81,1.38298
2025-09-04 02:00:00,1.37938,1.3846,1.37931,1.38161,103168.22,1.38155
2025-09-03 02:00:00,1.37857,1.38085,1.37837,1.37939,124664.72,1.37933
2025-09-02 02:00:00,1.37493,1.38156,1.37461,1.37857,158260.38,1.3785
2025-09-01 02:00:00,1.37401,1.37629,1.37335,1.37493,95021.18,1.37486
2025-08-31 02:00:00,1.37437,1.37455,1.37391,1.374,3490.29,1.37392
2025-08-30 02:00:00,1.37472,1.37472,1.37472,1.37472,0.0,1.37439
2025-08-29 02:00:00,1.3753,1.378,1.37273,1.37472,113822.41,1.37439
2025-08-28 02:00:00,1.37823,1.37887,1.3742,1.37529,116516.94,1.37522
2025-08-27 02:00:00,1.38357,1.38584,1.37817,1.37822,118439.76,1.37815
2025-08-26 02:00:00,1.38598,1.38687,1.38228,1.38358,141458.84,1.38351
2025-08-25 02:00:00,1.38309,1.38648,1.38176,1.38598,94692.05,1.38591
2025-08-24 02:00:00,1.38307,1.38346,1.3824,1.38305,5449.44,1.38298
2025-08-23 02:00:00,1.38301,1.38301,1.38301,1.38301,0.0,1.38279
2025-08-22 02:00:00,1.39028,1.39253,1.38152,1.38301,125949.49,1.38279
2025-08-21 02:00:00,1.38753,1.39136,1.38737,1.39026,109461.55,1.39018
2025-08-20 02:00:00,1.38678,1.38845,1.38543,1.38751,101941.89,1.38744
2025-08-19 02:00:00,1.38038,1.38765,1.38023,1.38678,112518.84,1.3867
2025-08-18 02:00:00,1.38164,1.38321,1.37837,1.38038,79203.75,1.3803
2025-08-17 02:00:00,1.38202,1.38221,1.38103,1.38165,3365.94,1.38157
2025-08-16 02:00:00,1.38208,1.38208,1.38208,1.38208,0.0,1.38195
2025-08-15 02:00:00,1.38146,1.38212,1.37883,1.38208,92137.52,1.38195
2025-08-14 02:00:00,1.37538,1.38208,1.37453,1.38146,127130.4,1.38137
2025-08-13 02:00:00,1.37712,1.37828,1.37521,1.37538,98241.92,1.37529
2025-08-12 02:00:00,1.37757,1.38068,1.37549,1.37713,131885.68,1.37705
2025-08-11 02:00:00,1.37544,1.37961,1.37457,1.37757,89722.32,1.3775
2025-08-10 02:00:00,1.3759,1.37635,1.37514,1.37544,3432.36,1.37536
2025-08-09 02:00:00,1.37574,1.37574,1.37574,1.37574,0.0,1.37552
2025-08-08 02:00:00,1.37334,1.37648,1.37264,1.37574,76319.02,1.37552
2025-08-07 02:00:00,1.37407,1.37744,1.37223,1.37339,109157.08,1.37329
2025-08-06 02:00:00,1.37728,1.37806,1.37357,1.37407,98398.34,1.374
2025-08-05 02:00:00,1.37702,1.38111,1.37641,1.37727,110085.48,1.37718
2025-08-04 02:00:00,1.37791,1.37958,1.37591,1.37703,114299.38,1.37696
2025-08-03 02:00:00,1.37827,1.38014,1.3776,1.37789,7808.85,1.37782
2025-08-02 02:00:00,1.3793,1.3793,1.3793,1.3793,0.0,1.3789
2025-08-01 02:00:00,1.38587,1.388,1.37636,1.3793,166578.06,1.3789
2025-07-31 02:00:00,1.38276,1.38725,1.38143,1.38586,136516.79,1.3858
2025-07-30 02:00:00,1.37757,1.38457,1.37596,1.38276,158704.19,1.38268
2025-07-29 02:00:00,1.37356,1.37891,1.37317,1.37757,106296.63,1.37749
2025-07-28 02:00:00,1.37038,1.37441,1.36897,1.37355,123774.09,1.37348
2025-07-27 02:00:00,1.37117,1.37142,1.36966,1.37038,6600.77,1.37029
2025-07-26 02:00:00,1.37048,1.37048,1.37048,1.37048,0.0,1.37005
2025-07-25 02:00:00,1.36413,1.37264,1.36389,1.37048,110782.56,1.37005
2025-07-24 02:00:00,1.3603,1.36557,1.35974,1.36414,106672.63,1.36406
2025-07-23 02:00:00,1.36058,1.36298,1.35761,1.3603,97246.69,1.36022
2025-07-22 02:00:00,1.3677,1.36962,1.35968,1.36057,93629.26,1.36049
2025-07-21 02:00:00,1.37245,1.37356,1.36759,1.36771,92128.42,1.36764
2025-07-20 02:00:00,1.37269,1.37324,1.37186,1.37245,9251.53,1.37238
2025-07-19 02:00:00,1.37335,1.37335,1.37335,1.37335,0.0,1.37294
2025-07-18 02:00:00,1.37373,1.37434,1.36963,1.37335,89826.76,1.37294
2025-07-17 02:00:00,1.3691,1.37758,1.36903,1.37373,113277.66,1.37366
2025-07-16 02:00:00,1.37175,1.37563,1.36805,1.36908,125252.79,1.36901
2025-07-15 02:00:00,1.37073,1.37304,1.36721,1.37175,115732.52,1.37167
2025-07-14 02:00:00,1.36879,1.37107,1.36704,1.37073,105816.07,1.37064
2025-07-13 02:00:00,1.37036,1.37116,1.3686,1.36878,6885.81,1.36871
2025-07-12 02:00:00,1.36917,1.36917,1.36917,1.36917,0.0,1.36887
2025-07-11 02:00:00,1.36564,1.37322,1.36525,1.36917,122576.52,1.36887
2025-07-10 02:00:00,1.36869,1.37091,1.36534,1.36565,94166.25,1.36558
2025-07-09 02:00:00,1.367,1.37108,1.36662,1.3687,103381.3,1.36862
2025-07-08 02:00:00,1.36663,1.36951,1.36392,1.36697,121046.67,1.36692
2025-07-07 02:00:00,1.36043,1.36873,1.35983,1.36661,128085.88,1.36654
2025-07-06 02:00:00,1.35993,1.36173,1.35991,1.36045,4389.51,1.36038
2025-07-05 02:00:00,1.36148,1.36148,1.36148,1.36148,0.0,1.3602
2025-07-04 02:00:00,1.35762,1.36181,1.35677,1.36148,119140.68,1.3602
2025-07-03 02:00:00,1.3589,1.36255,1.3557,1.35761,107407.4,1.35752
2025-07-02 02:00:00,1.36458,1.36596,1.35846,1.3589,107928.23,1.35884
2025-07-01 02:00:00,1.36075,1.36679,1.35918,1.36457,102741.62,1.36449
2025-06-30 02:00:00,1.36832,1.37008,1.36007,1.36076,128790.28,1.36068
2025-06-29 02:00:00,1.36938,1.36947,1.36796,1.36832,9444.29,1.36824
2025-06-28 02:00:00,1.36834,1.36834,1.36834,1.36834,0.0,1.36802
2025-06-27 02:00:00,1.3643,1.37605,1.36284,1.36834,122951.8,1.36802
2025-06-26 02:00:00,1.37127,1.37239,1.36185,1.36431,121060.32,1.36424
2025-06-25 02:00:00,1.3727,1.37554,1.37126,1.3713,87645.9,1.37124
2025-06-24 02:00:00,1.37312,1.37355,1.36792,1.37271,92726.03,1.37264
2025-06-23 02:00:00,1.37421,1.3799,1.3723,1.37311,138504.16,1.37303
2025-06-22 02:00:00,1.37669,1.37692,1.37391,1.37422,10379.1,1.37414
2025-06-21 02:00:00,1.37388,1.37388,1.37388,1.37388,0.0,1.37338
2025-06-20 02:00:00,1.36964,1.37482,1.36882,1.37388,104043.66,1.37338
2025-06-19 02:00:00,1.36974,1.37473,1.36953,1.36964,100115.29,1.36956
2025-06-18 02:00:00,1.36845,1.37041,1.36349,1.36974,140846.3,1.36966
2025-06-17 02:00:00,1.35741,1.36942,1.35573,1.36847,125985.5,1.36838
2025-06-16 02:00:00,1.3584,1.36078,1.35404,1.35742,117221.2,1.35734
2025-06-15 02:00:00,1.36024,1.36024,1.35782,1.35838,19756.88,1.3583
2025-06-14 02:00:00,1.359,1.359,1.359,1.359,0.0,1.3585
2025-06-13 02:00:00,1.35968,1.36527,1.35669,1.359,161423.03,1.3585
2025-06-12 02:00:00,1.36671,1.36761,1.35963,1.3597,105369.96,1.35961
2025-06-11 02:00:00,1.36691,1.3691,1.36503,1.3667,108810.5,1.36663
2025-06-10 02:00:00,1.37013,1.37294,1.36653,1.36692,101564.45,1.36686
2025-06-09 02:00:00,1.36935,1.37083,1.36701,1.37015,93512.65,1.37008
2025-06-08 02:00:00,1.37001,1.37027,1.36919,1.36935,3408.81,1.36927
2025-06-07 02:00:00,1.36997,1.36997,1.36997,1.36997,0.0,1.3697
2025-06-06 02:00:00,1.36677,1.37052,1.36612,1.36997,107244.13,1.3697
2025-06-05 02:00:00,1.36825,1.36848,1.36352,1.3668,116139.24,1.36674
2025-06-04 02:00:00,1.37164,1.37326,1.36531,1.36826,117657.12,1.36817
2025-06-03 02:00:00,1.37116,1.37435,1.3702,1.37166,96421.78,1.37157
2025-06-02 02:00:00,1.37262,1.37298,1.36752,1.37117,116952.63,1.3711
2025-06-01 02:00:00,1.37465,1.3753,1.37232,1.37261,5658.42,1.37254
2025-05-31 02:00:00,1.37422,1.37422,1.37422,1.37422,0.0,1.37398
2025-05-30 02:00:00,1.38079,1.38306,1.37146,1.37422,125161.07,1.37398
2025-05-29 02:00:00,1.38547,1.38626,1.37854,1.3808,128113.07,1.38072
2025-05-28 02:00:00,1.38109,1.38618,1.38023,1.38545,119601.69,1.38538
2025-05-27 02:00:00,1.37371,1.38365,1.3723,1.3811,111013.68,1.38101
2025-05-26 02:00:00,1.37372,1.3741,1.3687,1.37372,59523.02,1.37364
2025-05-25 02:00:00,1.37439,1.37493,1.37219,1.37372,9188.19,1.37364
2025-05-24 02:00:00,1.37376,1.37376,1.37376,1.37376,0.0,1.37348
2025-05-23 02:00:00,1.38594,1.38598,1.37099,1.37376,114806.21,1.37348
2025-05-22 02:00:00,1.38626,1.38897,1.3847,1.38593,113814.17,1.38586
2025-05-21 02:00:00,1.39098,1.39122,1.38148,1.38625,134258.72,1.38618
2025-05-20 02:00:00,1.39592,1.39694,1.39088,1.39098,99794.38,1.39089
2025-05-19 02:00:00,1.39536,1.39739,1.39178,1.3959,93080.39,1.39582
2025-05-18 02:00:00,1.39788,1.39788,1.39523,1.39539,4991.97,1.39531
2025-05-17 02:00:00,1.39703,1.39703,1.39703,1.39703,0.0,1.39672
2025-05-16 02:00:00,1.39573,1.39963,1.39362,1.39703,87994.65,1.39672
2025-05-15 02:00:00,1.39789,1.40055,1.39528,1.39572,104219.2,1.39564
2025-05-14 02:00:00,1.39346,1.39876,1.39021,1.39791,130424.16,1.39784
2025-05-13 02:00:00,1.39749,1.4017,1.3928,1.39344,117911.9,1.39336
2025-05-12 02:00:00,1.3929,1.40164,1.3915,1.3975,142596.47,1.39742
2025-05-11 02:00:00,1.39061,1.39357,1.39061,1.39289,8011.65,1.39282
2025-05-10 02:00:00,1.394,1.394,1.394,1.394,0.0,1.39378
2025-05-09 02:00:00,1.39248,1.39455,1.39072,1.394,105880.99,1.39378
2025-05-08 02:00:00,1.38375,1.39339,1.38145,1.39246,115975.0,1.39239
2025-05-07 02:00:00,1.37723,1.38437,1.37686,1.38376,133027.16,1.38366
2025-05-06 02:00:00,1.38236,1.38459,1.37511,1.37724,123122.06,1.37716
2025-05-05 02:00:00,1.38257,1.38339,1.37875,1.38236,84094.43,1.38228
2025-05-04 02:00:00,1.38145,1.38294,1.38039,1.38258,6989.62,1.3825
2025-05-03 02:00:00,1.38224,1.38224,1.38224,1.38224,0.0,1.38171
2025-05-02 02:00:00,1.38496,1.38508,1.37608,1.38224,111686.95,1.38171
2025-05-01 02:00:00,1.37948,1.38656,1.3785,1.38498,97457.18,1.38488
2025-04-30 02:00:00,1.3827,1.38562,1.37708,1.37949,128285.08,1.37941
2025-04-29 02:00:00,1.38333,1.38725,1.38091,1.38268,129300.24,1.38261
2025-04-28 02:00:00,1.38717,1.38935,1.38171,1.38333,108050.49,1.38324
2025-04-27 02:00:00,1.38747,1.38748,1.38507,1.38719,5686.27,1.38711
2025-04-26 02:00:00,1.38575,1.38575,1.38575,1.38575,0.0,1.38546
2025-04-25 02:00:00,1.38566,1.38932,1.38503,1.38575,120210.37,1.38546
2025-04-24 02:00:00,1.38759,1.38997,1.38408,1.38565,133071.26,1.38557
2025-04-23 02:00:00,1.38495,1.39055,1.3799,1.38758,148921.4,1.38752
2025-04-22 02:00:00,1.38346,1.38623,1.37939,1.38494,148759.42,1.38488
2025-04-21 02:00:00,1.38262,1.38537,1.3782,1.38345,111708.33,1.38338
2025-04-20 02:00:00,1.38628,1.38636,1.38231,1.38262,11530.38,1.38254
2025-04-19 02:00:00,1.38599,1.38599,1.38599,1.38599,0.0,1.38506
2025-04-18 02:00:00,1.38458,1.38714,1.38383,1.38599,399476.69,1.38506
2025-04-17 02:00:00,1.38606,1.3907,1.38291,1.38456,124815.85,1.3844
2025-04-16 02:00:00,1.39594,1.39612,1.3856,1.38604,196187.12,1.38598
2025-04-15 02:00:00,1.3902,1.39783,1.38507,1.39593,150859.19,1.39584
2025-04-14 02:00:00,1.38756,1.39115,1.38296,1.39021,174401.04,1.39014
2025-04-13 02:00:00,1.38647,1.38856,1.38595,1.38756,13575.1,1.38748
2025-04-12 02:00:00,1.38706,1.38706,1.38706,1.38706,0.0,1.38652
2025-04-11 02:00:00,1.39535,1.39857,1.384,1.38706,308701.11,1.38652
2025-04-10 02:00:00,1.41041,1.41108,1.39522,1.39536,319374.21,1.39527
2025-04-09 02:00:00,1.42573,1.42747,1.40759,1.41039,414668.95,1.4103
2025-04-08 02:00:00,1.42404,1.4273,1.41441,1.42574,335548.43,1.42566
2025-04-07 02:00:00,1.42436,1.42972,1.41803,1.42402,481257.93,1.42392
2025-04-06 02:00:00,1.42685,1.42709,1.42072,1.42434,50064.98,1.42424
2025-04-05 02:00:00,1.42274,1.42274,1.42274,1.42274,0.0,1.42253
2025-04-04 02:00:00,1.40842,1.42602,1.40541,1.42274,399309.32,1.42253
2025-04-03 02:00:00,1.42182,1.42599,1.4028,1.40844,283973.78,1.40836
2025-04-02 02:00:00,1.42951,1.4368,1.42163,1.4218,206642.02,1.42172
2025-04-01 02:00:00,1.43916,1.44158,1.42898,1.42952,183626.72,1.42943
2025-03-31 02:00:00,1.43109,1.43975,1.43001,1.43916,184029.24,1.43909
2025-03-30 01:00:00,1.43242,1.43306,1.431,1.43108,13283.87,1.43099
2025-03-29 01:00:00,1.43204,1.43204,1.43204,1.43204,0.0,1.4318
2025-03-28 01:00:00,1.43084,1.43339,1.4277,1.43204,139350.9,1.4318
2025-03-27 01:00:00,1.42974,1.43297,1.42604,1.43083,155779.95,1.43074
2025-03-26 01:00:00,1.42739,1.43177,1.42358,1.42974,156690.03,1.42966
2025-03-25 01:00:00,1.4318,1.43335,1.42718,1.42737,122924.43,1.42732
2025-03-24 01:00:00,1.43344,1.43519,1.42901,1.43178,141506.45,1.4317
2025-03-23 01:00:00,1.43589,1.4364,1.43307,1.43346,5278.05,1.43338
2025-03-22 01:00:00,1.43568,1.43568,1.43568,1.43568,0.0,1.4352
2025-03-21 01:00:00,1.43258,1.43737,1.43144,1.43568,136770.81,1.4352
2025-03-20 01:00:00,1.4324,1.44023,1.43135,1.43258,146092.33,1.4325
2025-03-19 01:00:00,1.43007,1.43498,1.42967,1.43241,155834.93,1.43232
2025-03-18 01:00:00,1.42995,1.43202,1.42701,1.43008,142286.43,1.43
2025-03-17 01:00:00,1.43748,1.43815,1.42763,1.42997,151113.26,1.42988
2025-03-16 01:00:00,1.43837,1.43928,1.43592,1.43749,7060.44,1.43741
2025-03-15 01:00:00,1.43732,1.43732,1.43732,1.43732,0.0,1.43702
2025-03-14 01:00:00,1.44284,1.44427,1.43563,1.43732,200512.02,1.43702
2025-03-13 01:00:00,1.43606,1.44522,1.43602,1.44283,220499.17,1.44274
2025-03-12 01:00:00,1.44364,1.44858,1.43541,1.43604,189039.96,1.43597
2025-03-11 01:00:00,1.44276,1.45219,1.43802,1.44363,284045.26,1.44355
2025-03-10 01:00:00,1.43746,1.44735,1.43539,1.44276,218950.16,1.44268
2025-03-09 01:00:00,1.43812,1.44044,1.43677,1.43746,13273.41,1.43738
2025-03-08 01:00:00,1.43799,1.43799,1.43799,1.43799,0.0,1.43724
2025-03-07 01:00:00,1.42946,1.44272,1.42803,1.43799,206629.89,1.43724
2025-03-06 01:00:00,1.43412,1.43775,1.424,1.42946,265467.63,1.42936
2025-03-05 01:00:00,1.43997,1.44513,1.43313,1.43412,303301.9,1.43404
2025-03-04 01:00:00,1.44954,1.45442,1.43719,1.43997,304000.0,1.4399
2025-03-03 01:00:00,1.44448,1.45426,1.43705,1.44954,219690.06,1.44944
2025-03-02 01:00:00,1.44531,1.44575,1.44366,1.44447,6461.91,1.44439
2025-03-01 01:00:00,1.4472,1.4472,1.4472,1.4472,0.0,1.4467
2025-02-28 01:00:00,1.44473,1.44736,1.44004,1.4472,214668.78,1.4467
2025-02-27 01:00:00,1.43397,1.44507,1.43231,1.44475,188613.0,1.44468
2025-02-26 01:00:00,1.43026,1.43694,1.4295,1.43397,193949.16,1.43388
2025-02-25 01:00:00,1.42788,1.43191,1.42407,1.43028,190104.99,1.43021
2025-02-24 01:00:00,1.42119,1.42804,1.41831,1.4279,196393.95,1.42782
2025-02-23 01:00:00,1.424,1.424,1.4206,1.42118,5237.59,1.4211
2025-02-22 01:00:00,1.42275,1.42275,1.42275,1.42275,0.0,1.42232
2025-02-21 01:00:00,1.41763,1.42373,1.41693,1.42275,173972.29,1.42232
2025-02-20 01:00:00,1.4242,1.42458,1.4167,1.41763,169297.6,1.41754
2025-02-19 01:00:00,1.41912,1.42463,1.41762,1.42419,154279.39,1.42412
2025-02-18 01:00:00,1.41865,1.42137,1.41803,1.41911,143005.05,1.41904
2025-02-17 01:00:00,1.41822,1.42013,1.41604,1.41862,96603.75,1.41854
2025-02-16 01:00:00,1.41802,1.41916,1.4176,1.41821,7420.57,1.41814
2025-02-15 01:00:00,1.41871,1.41871,1.41871,1.41871,0.0,1.41837
2025-02-14 01:00:00,1.41941,1.42017,1.41514,1.41871,136525.74,1.41837
2025-02-13 01:00:00,1.43017,1.43048,1.41839,1.41938,178139.81,1.4193
2025-02-12 01:00:00,1.42884,1.43432,1.42563,1.43015,164435.81,1.43006
2025-02-11 01:00:00,1.43393,1.43465,1.42798,1.42884,118465.52,1.42875
2025-02-10 01:00:00,1.43342,1.43599,1.43062,1.43401,129295.64,1.43394
2025-02-09 01:00:00,1.436,1.43823,1.43319,1.43341,7669.78,1.43332
2025-02-08 01:00:00,1.4296,1.4296,1.4296,1.4296,0.0,1.42911
2025-02-07 01:00:00,1.4309,1.43458,1.42742,1.4296,175504.56,1.42911
2025-02-06 01:00:00,1.43165,1.43675,1.43019,1.4309,138700.28,1.4308
2025-02-05 01:00:00,1.434,1.43454,1.42707,1.43165,169781.01,1.43156
2025-02-04 01:00:00,1.44225,1.45044,1.43031,1.43402,196233.09,1.43394
2025-02-03 01:00:00,1.47142,1.47943,1.43879,1.44225,333758.54,1.44216
2025-02-02 01:00:00,1.47439,1.47515,1.47063,1.47142,19317.38,1.47132
2025-02-01 01:00:00,1.45322,1.45322,1.45322,1.45322,0.0,1.45289
2025-01-31 01:00:00,1.44942,1.45607,1.4372,1.45322,254949.12,1.45289
2025-01-30 01:00:00,1.43979,1.45967,1.43979,1.44943,182300.62,1.44934
2025-01-29 01:00:00,1.44041,1.44723,1.43926,1.43979,200327.04,1.4397
2025-01-28 01:00:00,1.44067,1.44207,1.43694,1.4404,191988.54,1.44032
2025-01-27 01:00:00,1.43872,1.44167,1.43342,1.44067,241789.91,1.44058
2025-01-26 01:00:00,1.43692,1.43887,1.43673,1.43873,4836.28,1.43865
2025-01-25 01:00:00,1.43472,1.43472,1.43472,1.43472,0.0,1.43444
2025-01-24 01:00:00,1.43788,1.43847,1.43152,1.43472,185774.68,1.43444
2025-01-23 01:00:00,1.43969,1.44142,1.43348,1.43789,170391.16,1.4378
2025-01-22 01:00:00,1.43421,1.44054,1.43018,1.43969,167133.4,1.43961
2025-01-21 01:00:00,1.43038,1.45222,1.42904,1.43422,242653.96,1.43413
2025-01-20 01:00:00,1.44716,1.44793,1.42619,1.43041,177967.52,1.4303
2025-01-19 01:00:00,1.44693,1.44861,1.4468,1.44715,3242.11,1.44708
2025-01-18 01:00:00,1.44846,1.44846,1.44846,1.44846,0.0,1.44794
2025-01-17 01:00:00,1.43958,1.44866,1.43832,1.44846,165485.99,1.44794
2025-01-16 01:00:00,1.43262,1.44043,1.43234,1.43956,163729.86,1.43948
2025-01-15 01:00:00,1.4353,1.43675,1.4303,1.43262,170511.22,1.43254
2025-01-14 01:00:00,1.43658,1.44111,1.43485,1.4353,190209.78,1.43522
2025-01-13 01:00:00,1.44156,1.44481,1.4344,1.43655,199511.58,1.43648
2025-01-12 01:00:00,1.44338,1.44338,1.44124,1.44162,4038.19,1.44154
2025-01-11 01:00:00,1.44268,1.44268,1.44268,1.44268,0.0,1.44218
2025-01-10 01:00:00,1.44029,1.44436,1.43761,1.44268,197638.55,1.44218
2025-01-09 01:00:00,1.43781,1.44055,1.43658,1.44029,128309.41,1.4402
2025-01-08 01:00:00,1.43666,1.44105,1.43398,1.43781,178297.05,1.43773
2025-01-07 01:00:00,1.43423,1.43744,1.42984,1.43668,169653.66,1.4366
2025-01-06 01:00:00,1.44395,1.44455,1.42804,1.43424,210511.25,1.43417
2025-01-05 01:00:00,1.4447,1.44551,1.44369,1.44396,2570.79,1.44389
2025-01-04 01:00:00,1.44507,1.44507,1.44507,1.44507,0.0,1.44452
2025-01-03 01:00:00,1.44055,1.44644,1.4384,1.44507,152624.7,1.44452
2025-01-02 01:00:00,1.4376,1.44429,1.43698,1.44054,146325.61,1.44047
2025-01-01 01:00:00,1.43884,1.44078,1.4374,1.43761,3001.47,1.43754
2024-12-31 01:00:00,1.43512,1.44102,1.43387,1.43852,144932.07,1.4382
2024-12-30 01:00:00,1.44037,1.44336,1.43452,1.43514,190071.09,1.43506
2024-12-29 01:00:00,1.44204,1.44219,1.4403,1.44037,2882.75,1.4403
2024-12-28 01:00:00,1.44183,1.44183,1.44183,1.44183,0.0,1.44132
2024-12-27 01:00:00,1.44107,1.44503,1.43756,1.44183,126775.51,1.44132
2024-12-26 01:00:00,1.43551,1.44215,1.43507,1.44106,93600.08,1.44098
2024-12-25 01:00:00,1.43643,1.43779,1.4352,1.43549,2691.12,1.43542
2024-12-24 01:00:00,1.43753,1.44212,1.43496,1.43642,99341.09,1.43565
2024-12-23 01:00:00,1.4361,1.44342,1.43497,1.43752,146062.84,1.43745
2024-12-22 01:00:00,1.43719,1.4373,1.43602,1.43612,3177.85,1.43605
2024-12-21 01:00:00,1.43774,1.43774,1.43774,1.43774,0.0,1.43754
2024-12-20 01:00:00,1.44036,1.44363,1.43361,1.43774,202208.86,1.43754
2024-12-19 01:00:00,1.44627,1.44627,1.43449,1.44038,195386.34,1.4403
2024-12-18 01:00:00,1.43112,1.44682,1.43052,1.44628,156132.11,1.4462
2024-12-17 01:00:00,1.42355,1.43245,1.42328,1.43112,169819.85,1.43104
2024-12-16 01:00:00,1.4227,1.42742,1.42178,1.42356,132430.06,1.42348
2024-12-15 01:00:00,1.42372,1.42404,1.42258,1.4227,3287.01,1.42262
2024-12-14 01:00:00,1.42383,1.42383,1.42383,1.42383,0.0,1.42338
2024-12-13 01:00:00,1.42167,1.42457,1.42099,1.42383,160608.01,1.42338
2024-12-12 01:00:00,1.41467,1.42285,1.41321,1.42167,205065.91,1.42159
2024-12-11 01:00:00,1.4176,1.41959,1.41204,1.41501,181671.46,1.41494
2024-12-10 01:00:00,1.41755,1.41957,1.41563,1.4176,140460.2,1.41752
2024-12-09 01:00:00,1.41486,1.41761,1.40941,1.41756,138354.86,1.4175
2024-12-08 01:00:00,1.41595,1.41664,1.41485,1.41486,3271.94,1.4148
2024-12-07 01:00:00,1.41637,1.41637,1.41637,1.41637,0.0,1.41584
2024-12-06 01:00:00,1.40201,1.41654,1.40201,1.41637,182703.44,1.41584
2024-12-05 01:00:00,1.40732,1.40805,1.40109,1.40201,118560.63,1.40196
2024-12-04 01:00:00,1.40666,1.40839,1.40526,1.40732,145656.14,1.40724
2024-12-03 01:00:00,1.40474,1.40767,1.40099,1.40664,153789.69,1.40657
2024-12-02 01:00:00,1.40147,1.40904,1.40137,1.40474,180211.51,1.40467
2024-12-01 01:00:00,1.39966,1.40194,1.39926,1.40148,4226.18,1.40141
2024-11-30 01:00:00,1.40192,1.40192,1.40192,1.40192,0.0,1.4004
2024-11-29 01:00:00,1.4009,1.40465,1.39814,1.40192,162431.82,1.4004
2024-11-28 01:00:00,1.4027,1.40324,1.39992,1.40089,86880.1,1.40083
2024-11-27 01:00:00,1.40531,1.40787,1.40098,1.40272,143302.28,1.40264
2024-11-26 01:00:00,1.40997,1.41788,1.40504,1.40534,189471.66,1.40526
2024-11-25 01:00:00,1.39344,1.41217,1.39284,1.40998,157559.64,1.4099
2024-11-24 01:00:00,1.39556,1.39574,1.3933,1.39344,4170.56,1.39338
2024-11-23 01:00:00,1.39827,1.39827,1.39827,1.39827,0.0,1.39785
2024-11-22 01:00:00,1.3985,1.40216,1.39584,1.39827,165850.97,1.39785
2024-11-21 01:00:00,1.39695,1.39851,1.39319,1.39851,149804.36,1.39844
2024-11-20 01:00:00,1.39566,1.40152,1.39512,1.39694,125535.85,1.39688
2024-11-19 01:00:00,1.40232,1.40375,1.39524,1.39567,165430.26,1.39559
2024-11-18 01:00:00,1.40872,1.41034,1.40049,1.40231,141672.43,1.40226
2024-11-17 01:00:00,1.40986,1.40986,1.4082,1.40873,5068.89,1.40866
2024-11-16 01:00:00,1.40913,1.40913,1.40913,1.40913,0.0,1.4089
2024-11-15 01:00:00,1.40621,1.41065,1.40339,1.40913,188250.72,1.4089
2024-11-14 01:00:00,1.39931,1.40724,1.39889,1.40623,166902.53,1.40617
2024-11-13 01:00:00,1.39462,1.40035,1.39323,1.39932,155854.13,1.39925
2024-11-12 01:00:00,1.39212,1.39682,1.39177,1.39461,139335.79,1.39456
2024-11-11 01:00:00,1.39112,1.39514,1.39058,1.39212,102116.21,1.39206
2024-11-10 01:00:00,1.39157,1.39275,1.39068,1.39113,3393.22,1.39106
2024-11-09 01:00:00,1.39113,1.39113,1.39113,1.39113,0.0,1.39086
2024-11-08 01:00:00,1.38691,1.39289,1.38673,1.39113,145836.0,1.39086
2024-11-07 01:00:00,1.39489,1.39489,1.38428,1.38691,170301.12,1.38684
2024-11-06 01:00:00,1.3835,1.39593,1.38328,1.39489,248978.22,1.39482
2024-11-05 01:00:00,1.39019,1.39076,1.38244,1.38351,113077.24,1.38344
2024-11-04 01:00:00,1.3922,1.39232,1.38756,1.3902,140847.26,1.39013
2024-11-03 01:00:00,1.39281,1.39288,1.39169,1.39219,4665.0,1.39213
2024-11-02 01:00:00,1.39594,1.39594,1.39594,1.39594,0.0,1.39556
2024-11-01 01:00:00,1.39358,1.39598,1.39034,1.39594,123458.46,1.39556
2024-10-31 01:00:00,1.39098,1.395,1.38915,1.39358,161302.54,1.39352
2024-10-26 02:00:00,1.38944,1.38944,1.38944,1.38944,0.0,1.38924
2024-10-25 02:00:00,1.38545,1.38981,1.38387,1.38944,136978.2,1.38924
2024-10-24 02:00:00,1.38382,1.38693,1.38132,1.38545,139742.54,1.38538
2024-10-23 02:00:00,1.38188,1.38634,1.38167,1.38384,150768.55,1.38377
2024-10-22 02:00:00,1.38347,1.38385,1.38144,1.38186,116346.12,1.38181
2024-10-21 02:00:00,1.3801,1.38504,1.38001,1.38347,126118.4,1.38338
2024-10-20 02:00:00,1.38091,1.38136,1.38001,1.38009,3003.97,1.38002
2024-10-19 02:00:00,1.3803,1.3803,1.3803,1.3803,0.0,1.37976
2024-10-18 02:00:00,1.37971,1.38157,1.37862,1.3803,136262.87,1.37976
2024-10-17 02:00:00,1.3757,1.38019,1.37479,1.37972,142698.62,1.37966
2024-10-16 02:00:00,1.37814,1.37938,1.37505,1.37571,117361.99,1.37564
2024-10-15 02:00:00,1.38031,1.38392,1.37709,1.37815,118861.57,1.37808
2024-10-14 02:00:00,1.37835,1.38061,1.37713,1.38032,112999.79,1.38026
2024-10-13 02:00:00,1.37635,1.37859,1.37607,1.37835,5434.19,1.37829
2024-10-12 02:00:00,1.37639,1.37639,1.37639,1.37639,0.0,1.37603
2024-10-11 02:00:00,1.3747,1.37845,1.37258,1.37639,93893.09,1.37603
2024-10-10 02:00:00,1.37111,1.37761,1.3705,1.3747,142185.77,1.37464
2024-10-09 02:00:00,1.3656,1.37193,1.36478,1.37098,137755.17,1.37103
2024-10-08 02:00:00,1.36217,1.36759,1.36118,1.36559,145289.15,1.36552
2024-10-07 02:00:00,1.3582,1.36401,1.35729,1.36215,146063.55,1.36209
2024-10-06 02:00:00,1.35845,1.35863,1.35742,1.35818,6281.37,1.35813
2024-10-05 02:00:00,1.35778,1.35778,1.35778,1.35778,0.0,1.35756
2024-10-04 02:00:00,1.35492,1.35917,1.35453,1.35778,134611.48,1.35756
2024-10-03 02:00:00,1.35079,1.35605,1.35066,1.35492,171202.56,1.35486
2024-10-02 02:00:00,1.34955,1.35106,1.34729,1.35078,139677.8,1.35072
2024-10-01 02:00:00,1.35266,1.35403,1.34816,1.34956,189483.19,1.34948
2024-09-30 02:00:00,1.35109,1.35387,1.34901,1.35264,176379.66,1.35258
2024-09-29 02:00:00,1.35163,1.35174,1.35083,1.35109,6277.45,1.35102
2024-09-28 02:00:00,1.35205,1.35205,1.35205,1.35205,0.0,1.35174
2024-09-27 02:00:00,1.34773,1.35273,1.34642,1.35205,210260.17,1.35174
2024-09-26 02:00:00,1.34847,1.34904,1.34581,1.34773,168788.07,1.34766
2024-09-25 02:00:00,1.34214,1.34907,1.34202,1.34845,149343.7,1.3484
2024-09-24 02:00:00,1.35306,1.35324,1.34213,1.34214,142226.12,1.34208
2024-09-23 02:00:00,1.35667,1.35829,1.34877,1.35307,148913.66,1.353
2024-09-22 02:00:00,1.35656,1.357,1.35633,1.35666,3357.49,1.3566
2024-09-21 02:00:00,1.3573,1.3573,1.3573,1.3573,0.0,1.35705
2024-09-20 02:00:00,1.35641,1.35903,1.35426,1.3573,163356.93,1.35705
2024-09-19 02:00:00,1.36095,1.36483,1.35336,1.35642,226075.0,1.35635
2024-09-18 02:00:00,1.35948,1.36237,1.35418,1.36096,196180.16,1.36089
2024-09-17 02:00:00,1.3588,1.36176,1.35808,1.35949,143711.87,1.35942
2024-09-16 02:00:00,1.35795,1.36084,1.35673,1.3588,125258.25,1.35873
2024-09-15 02:00:00,1.36021,1.36021,1.35783,1.35795,3558.58,1.35789
2024-09-14 02:00:00,1.35874,1.35874,1.35874,1.35874,0.0,1.35854
2024-09-13 02:00:00,1.35756,1.36009,1.35659,1.35874,137225.33,1.35854
2024-09-12 02:00:00,1.3579,1.36052,1.35655,1.35756,144210.14,1.3575
2024-09-11 02:00:00,1.36112,1.36236,1.35674,1.35792,160880.12,1.35786
2024-09-10 02:00:00,1.35648,1.3616,1.35623,1.3611,148415.18,1.36104
2024-09-09 02:00:00,1.35644,1.35776,1.35469,1.3565,121152.74,1.35644
2024-09-08 02:00:00,1.35732,1.3575,1.35596,1.35642,5545.91,1.35636
2024-09-07 02:00:00,1.3573,1.3573,1.3573,1.3573,0.0,1.35718
2024-09-06 02:00:00,1.34996,1.35832,1.34667,1.3573,187805.72,1.35718
2024-09-05 02:00:00,1.35093,1.35258,1.34995,1.34995,142217.63,1.34989
2024-09-04 02:00:00,1.3545,1.35662,1.35005,1.35093,183221.17,1.35087
2024-09-03 02:00:00,1.34989,1.35633,1.34928,1.3545,166847.99,1.35443
2024-09-02 02:00:00,1.34922,1.35062,1.3486,1.34988,58443.51,1.34983
2024-09-01 02:00:00,1.34897,1.34951,1.34881,1.34921,3484.43,1.34914
2024-08-31 02:00:00,1.34953,1.34953,1.34953,1.34953,0.0,1.34938
2024-08-30 02:00:00,1.34902,1.35103,1.34661,1.34953,180846.93,1.34938
2024-08-29 02:00:00,1.3478,1.34918,1.34508,1.349,134343.35,1.34894
2024-08-28 02:00:00,1.34483,1.34904,1.34418,1.3478,142055.93,1.34774
2024-08-27 02:00:00,1.34827,1.34892,1.34416,1.34483,119548.3,1.34478
2024-08-26 02:00:00,1.35097,1.35149,1.34638,1.34828,124631.79,1.3482
2024-08-25 02:00:00,1.35231,1.3525,1.35073,1.35098,5206.67,1.35091
2024-08-24 02:00:00,1.35128,1.35128,1.35128,1.35128,0.0,1.35098
2024-08-23 02:00:00,1.36052,1.36062,1.34995,1.35128,129753.26,1.35098
2024-08-22 02:00:00,1.35853,1.36218,1.35721,1.3605,100829.41,1.36044
2024-08-21 02:00:00,1.36185,1.36245,1.35761,1.35848,107776.66,1.35842
2024-08-20 02:00:00,1.36323,1.36422,1.36057,1.36185,117053.85,1.36178
2024-08-19 02:00:00,1.36794,1.36855,1.36303,1.36324,59524.78,1.36318
2024-08-18 02:00:00,1.36876,1.36912,1.36764,1.36795,2546.36,1.3679
2024-08-17 02:00:00,1.36836,1.36836,1.36836,1.36836,0.0,1.36798
2024-08-16 02:00:00,1.3735,1.3738,1.36783,1.36836,62632.38,1.36798
2024-08-15 02:00:00,1.3718,1.3739,1.3696,1.37351,80632.25,1.37345
2024-08-14 02:00:00,1.3711,1.37253,1.36893,1.3718,86390.3,1.37174
2024-08-13 02:00:00,1.37425,1.37482,1.37054,1.37109,95855.01,1.37102
2024-08-12 02:00:00,1.37362,1.37488,1.3719,1.37427,70752.57,1.37421
2024-08-11 02:00:00,1.37386,1.37418,1.37305,1.37361,3551.2,1.37355
2024-08-10 02:00:00,1.37303,1.37303,1.37303,1.37303,0.0,1.37294
2024-08-09 02:00:00,1.37367,1.37565,1.37186,1.37303,95386.33,1.37294
2024-08-08 02:00:00,1.37528,1.37664,1.37271,1.37367,164099.67,1.37361
2024-08-07 02:00:00,1.37884,1.37916,1.37213,1.3753,132279.56,1.37524
2024-08-06 02:00:00,1.38062,1.38566,1.37572,1.37883,199728.04,1.37878
2024-08-05 02:00:00,1.38832,1.39475,1.38025,1.38063,262307.61,1.38056
2024-08-04 02:00:00,1.38739,1.38855,1.38675,1.38838,12155.71,1.38832
2024-08-03 02:00:00,1.38743,1.38743,1.38743,1.38743,0.0,1.38736
2024-08-02 02:00:00,1.38816,1.38889,1.38345,1.38743,158471.54,1.38736
2024-08-01 02:00:00,1.38092,1.38897,1.37964,1.38816,125053.1,1.3881
2024-07-31 02:00:00,1.38488,1.38593,1.37878,1.38091,123496.98,1.38085
2024-07-30 02:00:00,1.3857,1.38651,1.38386,1.38487,89404.99,1.38484
2024-07-29 02:00:00,1.38313,1.38656,1.38168,1.3857,82687.49,1.38564
2024-07-28 02:00:00,1.38357,1.38384,1.38254,1.38313,4207.71,1.38308
2024-07-27 02:00:00,1.38423,1.38423,1.38423,1.38423,0.0,1.38382
2024-07-26 02:00:00,1.38199,1.38498,1.38079,1.38423,97860.05,1.38382
2024-07-25 02:00:00,1.38128,1.38501,1.37974,1.38198,143126.97,1.38192
2024-07-24 02:00:00,1.3787,1.38173,1.37789,1.38126,89441.49,1.3812
2024-07-23 02:00:00,1.37624,1.37892,1.37533,1.37869,81014.34,1.37862
2024-07-22 02:00:00,1.37091,1.37757,1.37083,1.37624,115788.72,1.37617
2024-07-21 02:00:00,1.37194,1.37283,1.3706,1.37091,4957.85,1.37084
2024-07-20 02:00:00,1.37304,1.37304,1.37304,1.37304,0.0,1.3728
2024-07-19 02:00:00,1.37045,1.37484,1.37031,1.37304,112321.8,1.3728
2024-07-18 02:00:00,1.36797,1.37191,1.36712,1.37043,120084.65,1.37038
2024-07-17 02:00:00,1.36715,1.37022,1.36573,1.36797,122787.96,1.36792
2024-07-16 02:00:00,1.36783,1.37084,1.36658,1.36714,99753.59,1.36708
2024-07-15 02:00:00,1.3648,1.36895,1.36319,1.36786,101836.44,1.36781
2024-07-14 02:00:00,1.36457,1.36535,1.36326,1.3648,5139.99,1.36474
2024-07-13 02:00:00,1.36393,1.36393,1.36393,1.36393,0.0,1.36348
2024-07-12 02:00:00,1.36251,1.36399,1.36119,1.36393,120538.62,1.36348
2024-07-11 02:00:00,1.36194,1.36486,1.35895,1.36251,129102.39,1.36246
2024-07-10 02:00:00,1.36328,1.36437,1.36085,1.36196,81437.26,1.3619
2024-07-09 02:00:00,1.36308,1.36492,1.36287,1.36329,89530.12,1.36322
2024-07-08 02:00:00,1.36413,1.36479,1.36247,1.36309,90186.77,1.36304
2024-07-07 02:00:00,1.36478,1.36496,1.364,1.36413,4720.41,1.36408
2024-07-06 02:00:00,1.36436,1.36436,1.36436,1.36436,0.0,1.36422
2024-07-05 02:00:00,1.36159,1.36538,1.36029,1.36436,104912.86,1.36422
2024-07-04 02:00:00,1.36344,1.36398,1.36088,1.36158,41157.69,1.36153
2024-07-03 02:00:00,1.36783,1.36874,1.36178,1.36344,88491.59,1.36338
2024-07-02 02:00:00,1.37389,1.3756,1.36679,1.36783,107781.44,1.36777
2024-07-01 02:00:00,1.36752,1.37518,1.36638,1.37389,108198.0,1.37384
2024-06-30 02:00:00,1.36764,1.36802,1.36679,1.36751,3955.54,1.36747
2024-06-29 02:00:00,1.36806,1.36806,1.36806,1.36806,0.0,1.36794
2024-06-28 02:00:00,1.37003,1.37348,1.3656,1.36806,126534.57,1.36794
2024-06-27 02:00:00,1.37057,1.37132,1.36763,1.37003,86228.19,1.36998
2024-06-26 02:00:00,1.36624,1.37112,1.3651,1.37055,99878.44,1.3705
2024-06-25 02:00:00,1.36587,1.36811,1.3624,1.36624,78503.93,1.36619
2024-06-24 02:00:00,1.37015,1.37091,1.36504,1.36588,85455.87,1.36582
2024-06-23 02:00:00,1.36967,1.37033,1.36925,1.37014,5022.32,1.37008
2024-06-22 02:00:00,1.36954,1.36954,1.36954,1.36954,0.0,1.36948
2024-06-21 02:00:00,1.36853,1.37201,1.36752,1.36954,90273.05,1.36948
2024-06-20 02:00:00,1.37077,1.37215,1.36828,1.36853,88032.4,1.36847
2024-06-19 02:00:00,1.37175,1.37267,1.36987,1.37075,49228.38,1.3707
2024-06-18 02:00:00,1.37147,1.37572,1.37097,1.37174,98356.44,1.3717
2024-06-17 02:00:00,1.37361,1.37649,1.37139,1.37146,92120.91,1.37141
2024-06-16 02:00:00,1.37409,1.37558,1.37318,1.37362,5995.5,1.37353
2024-06-15 02:00:00,1.374,1.374,1.374,1.374,0.0,1.37351
2024-06-14 02:00:00,1.37451,1.378,1.37282,1.374,118777.38,1.37351
2024-06-13 02:00:00,1.37227,1.37641,1.37153,1.37451,117775.91,1.37445
2024-06-12 02:00:00,1.37556,1.37614,1.36805,1.37224,132365.29,1.37218
2024-06-11 02:00:00,1.3761,1.37923,1.37487,1.37558,93580.48,1.37552
2024-06-10 02:00:00,1.37597,1.37825,1.37544,1.37609,84838.33,1.37604
2024-06-09 02:00:00,1.37639,1.37694,1.3759,1.37595,4475.2,1.3759
2024-06-08 02:00:00,1.37674,1.37674,1.37674,1.37674,0.0,1.37652
2024-06-07 02:00:00,1.36695,1.37685,1.36638,1.37674,117033.49,1.37652
2024-06-06 02:00:00,1.36906,1.37106,1.36643,1.36692,99369.67,1.36686
2024-06-05 02:00:00,1.36771,1.37421,1.3666,1.3691,102176.18,1.36904
2024-06-04 02:00:00,1.36294,1.36998,1.36212,1.36778,130681.02,1.36772
2024-06-03 02:00:00,1.36198,1.36694,1.36034,1.36296,118628.42,1.3629
2024-06-02 02:00:00,1.36368,1.36388,1.36196,1.36196,4506.49,1.36192
2024-06-01 02:00:00,1.36292,1.36292,1.36292,1.36292,0.0,1.36279
2024-05-31 02:00:00,1.36844,1.36902,1.36197,1.36292,112606.78,1.36279
2024-05-30 02:00:00,1.37181,1.37355,1.36608,1.36846,123093.96,1.3684
2024-05-29 02:00:00,1.3648,1.37222,1.36471,1.37181,111915.19,1.37174
2024-05-28 02:00:00,1.36294,1.36543,1.36152,1.3648,88848.47,1.36474
2024-05-27 02:00:00,1.36705,1.36714,1.36287,1.36293,60322.98,1.36287
2024-05-26 02:00:00,1.36735,1.36749,1.36602,1.36707,2712.87,1.36702
2024-05-25 02:00:00,1.36658,1.36658,1.36658,1.36658,0.0,1.36646
2024-05-24 02:00:00,1.37335,1.37395,1.36488,1.36658,98891.0,1.36646
2024-05-23 02:00:00,1.36912,1.37442,1.36574,1.37333,123417.37,1.37328
2024-05-22 02:00:00,1.36421,1.36995,1.36248,1.36913,90768.49,1.36906
2024-05-21 02:00:00,1.36242,1.36762,1.36153,1.3642,92456.99,1.36412
2024-05-20 02:00:00,1.36099,1.36361,1.35967,1.36243,76541.93,1.36236
2024-05-19 02:00:00,1.36214,1.36214,1.36061,1.36099,2959.15,1.36092
2024-05-18 02:00:00,1.36137,1.36137,1.36137,1.36137,0.0,1.36123
2024-05-17 02:00:00,1.36158,1.36444,1.36016,1.36137,64539.34,1.36123
2024-05-16 02:00:00,1.35986,1.36418,1.35904,1.36157,76660.19,1.36152
2024-05-15 02:00:00,1.36546,1.36613,1.35909,1.35985,94317.16,1.35981
2024-05-14 02:00:00,1.36672,1.36923,1.36333,1.36547,84697.99,1.3654
2024-05-13 02:00:00,1.36785,1.36906,1.36614,1.36672,70710.75,1.36666
2024-05-12 02:00:00,1.36734,1.3679,1.36714,1.36783,3683.53,1.36778
2024-05-11 02:00:00,1.36739,1.36739,1.36739,1.36739,0.0,1.36722
2024-05-10 02:00:00,1.36786,1.36911,1.36347,1.36739,81909.99,1.36722
2024-05-09 02:00:00,1.37292,1.37387,1.36725,1.36788,88797.22,1.36782
2024-05-08 02:00:00,1.37344,1.37632,1.3718,1.37292,100825.51,1.37285
2024-05-07 02:00:00,1.36712,1.37419,1.36615,1.37341,91134.43,1.37335
2024-05-06 02:00:00,1.36926,1.3698,1.36484,1.36713,80628.27,1.36708
2024-05-05 02:00:00,1.36847,1.3693,1.36801,1.36924,2404.75,1.3692
2024-05-04 02:00:00,1.36874,1.36874,1.36874,1.36874,0.0,1.36856
2024-05-03 02:00:00,1.3667,1.36923,1.36104,1.36874,143242.79,1.36856
2024-05-02 02:00:00,1.37258,1.37376,1.36664,1.36671,111565.9,1.36664
2024-05-01 02:00:00,1.37783,1.37838,1.3704,1.37259,116705.0,1.37253
2024-04-30 02:00:00,1.36686,1.37859,1.36633,1.37784,117367.98,1.37778
2024-04-29 02:00:00,1.36568,1.36829,1.36326,1.36684,99482.91,1.36678
2024-04-28 02:00:00,1.36763,1.36766,1.36565,1.36569,1620.19,1.36563
2024-04-27 02:00:00,1.36725,1.36725,1.36725,1.36725,0.0,1.36712
2024-04-26 02:00:00,1.366,1.36964,1.3634,1.36725,101490.52,1.36712
2024-04-25 02:00:00,1.37048,1.37317,1.36507,1.36601,112108.91,1.36595
2024-04-24 02:00:00,1.36626,1.37294,1.36554,1.3705,95977.77,1.37044
2024-04-23 02:00:00,1.37007,1.37151,1.36566,1.36627,109033.15,1.3662
2024-04-22 02:00:00,1.37403,1.37507,1.36874,1.37009,96727.9,1.37002
2024-04-21 02:00:00,1.37561,1.37567,1.37393,1.37402,4996.18,1.37396
2024-04-20 02:00:00,1.37577,1.37577,1.37577,1.37577,0.0,1.37527
2024-04-19 02:00:00,1.3772,1.38054,1.3724,1.37577,170852.73,1.37527
2024-04-18 02:00:00,1.37719,1.37823,1.37425,1.37718,116763.77,1.37711
2024-04-17 02:00:00,1.38202,1.38385,1.37603,1.37725,134438.34,1.37719
2024-04-16 02:00:00,1.37876,1.38468,1.37747,1.38201,157113.36,1.38195
2024-04-15 02:00:00,1.376,1.37943,1.37258,1.37876,123476.03,1.3787
2024-04-14 02:00:00,1.37844,1.37883,1.37555,1.37601,5091.26,1.37595
2024-04-13 02:00:00,1.37757,1.37757,1.37757,1.37757,0.0,1.37736
2024-04-12 02:00:00,1.3688,1.37878,1.36827,1.37757,110005.12,1.37736
2024-04-11 02:00:00,1.36896,1.37265,1.36616,1.36881,111734.93,1.36874
2024-04-10 02:00:00,1.35737,1.37033,1.35566,1.36894,142132.81,1.36888
2024-04-09 02:00:00,1.35715,1.35993,1.35477,1.35739,85956.23,1.35734
2024-04-08 02:00:00,1.36049,1.36174,1.35697,1.35715,100998.92,1.3571
2024-04-07 02:00:00,1.35969,1.36066,1.35928,1.3605,4115.43,1.36044
2024-04-06 02:00:00,1.35932,1.35932,1.35932,1.35932,0.0,1.35907
2024-04-05 02:00:00,1.35447,1.36481,1.35411,1.35932,102249.27,1.35907
2024-04-04 02:00:00,1.3525,1.35596,1.34786,1.35443,81219.26,1.35439
2024-04-03 02:00:00,1.35656,1.35898,1.35121,1.35249,75159.76,1.35243
2024-04-02 02:00:00,1.35749,1.35851,1.3557,1.35655,69650.48,1.3565
2024-04-01 02:00:00,1.35228,1.35872,1.35156,1.35747,57019.2,1.35742
2024-03-31 01:00:00,1.35596,1.35602,1.35209,1.35227,10060.01,1.35222
2024-03-30 01:00:00,1.35472,1.35472,1.35472,1.35472,0.0,1.35402
2024-03-29 01:00:00,1.35382,1.35622,1.35345,1.35472,35822.31,1.35402
2024-03-28 01:00:00,1.35862,1.36145,1.35256,1.35377,105783.54,1.3537
2024-03-27 01:00:00,1.35827,1.36089,1.35658,1.35864,73153.14,1.35859
2024-03-26 01:00:00,1.35863,1.35913,1.35533,1.35828,66018.39,1.35822
2024-03-25 01:00:00,1.36126,1.36148,1.3571,1.35864,69810.26,1.35858
2024-03-24 01:00:00,1.36079,1.3613,1.36042,1.36128,2785.46,1.36122
2024-03-23 01:00:00,1.36081,1.36081,1.36081,1.36081,0.0,1.36036
2024-03-22 01:00:00,1.35285,1.36146,1.35201,1.36081,74473.85,1.36036
2024-03-21 01:00:00,1.34743,1.35422,1.34565,1.35286,93127.79,1.3528
2024-03-20 01:00:00,1.35757,1.36056,1.34727,1.34742,108306.85,1.34736
2024-03-19 01:00:00,1.35358,1.3614,1.35357,1.35758,87596.05,1.35752
2024-03-18 01:00:00,1.35469,1.35524,1.35213,1.3536,81759.86,1.35354
2024-03-17 01:00:00,1.35492,1.3552,1.35378,1.35469,2997.0,1.35463
2024-03-16 01:00:00,1.35477,1.35477,1.35477,1.35477,0.0,1.35424
2024-03-15 01:00:00,1.35377,1.35525,1.35105,1.35477,96397.43,1.35424
2024-03-14 01:00:00,1.34664,1.35421,1.34601,1.35379,90213.93,1.35372
2024-03-13 01:00:00,1.3494,1.34991,1.34596,1.34664,83776.12,1.34658
2024-03-12 01:00:00,1.34784,1.35262,1.34673,1.3494,99615.55,1.34934
2024-03-11 01:00:00,1.34816,1.35105,1.34699,1.34784,84742.76,1.34778
2024-03-10 01:00:00,1.34965,1.34965,1.34806,1.34815,3724.69,1.34809
2024-03-09 01:00:00,1.34884,1.34884,1.34884,1.34884,0.0,1.34848
2024-03-08 01:00:00,1.34542,1.34985,1.34206,1.34884,105041.86,1.34848
2024-03-07 01:00:00,1.35132,1.35264,1.34537,1.34542,97200.35,1.34536
2024-03-06 01:00:00,1.3591,1.36007,1.34998,1.35133,100849.5,1.35126
2024-03-05 01:00:00,1.35767,1.36058,1.3556,1.35909,91645.9,1.35902
2024-03-04 01:00:00,1.35523,1.35846,1.35462,1.35767,84525.04,1.3576
2024-03-03 01:00:00,1.35594,1.35608,1.35524,1.35527,3452.3,1.35521
2024-03-02 01:00:00,1.35635,1.35635,1.35635,1.35635,0.0,1.35608
2024-03-01 01:00:00,1.35694,1.36022,1.35457,1.35635,85189.14,1.35608
2024-02-29 01:00:00,1.35788,1.35982,1.35417,1.35693,115196.77,1.35687
2024-02-28 01:00:00,1.35326,1.36068,1.35282,1.35788,90702.86,1.3578
2024-02-27 01:00:00,1.35024,1.354,1.34851,1.35323,98734.89,1.35317
2024-02-26 01:00:00,1.35115,1.35294,1.35007,1.35025,86457.19,1.35019
2024-02-25 01:00:00,1.34986,1.3512,1.34986,1.35115,2280.37,1.35109
2024-02-24 01:00:00,1.35107,1.35107,1.35107,1.35107,0.0,1.35064
2024-02-23 01:00:00,1.34836,1.35182,1.34622,1.35107,104341.97,1.35064
2024-02-22 01:00:00,1.34957,1.35084,1.34414,1.34836,106672.16,1.3483
2024-02-21 01:00:00,1.35243,1.35369,1.34948,1.34959,100304.16,1.34954
2024-02-20 01:00:00,1.35002,1.35319,1.34728,1.35245,111241.39,1.35238
2024-02-19 01:00:00,1.34789,1.35019,1.34686,1.35004,59969.78,1.34998
2024-02-18 01:00:00,1.34961,1.34961,1.34788,1.34791,2914.96,1.34784
2024-02-17 01:00:00,1.34897,1.34897,1.34897,1.34897,0.0,1.34857
2024-02-16 01:00:00,1.34667,1.35085,1.34664,1.34897,107440.55,1.34857
2024-02-15 01:00:00,1.35396,1.35526,1.34617,1.34667,102704.55,1.3466
2024-02-14 01:00:00,1.3567,1.35731,1.35316,1.35394,111420.6,1.35388
2024-02-13 01:00:00,1.34564,1.35868,1.34349,1.35668,119244.85,1.35663
2024-02-12 01:00:00,1.34587,1.3476,1.34309,1.34564,73144.92,1.34558
2024-02-11 01:00:00,1.34724,1.34758,1.34576,1.34588,2531.16,1.34581
2024-02-10 01:00:00,1.34655,1.34655,1.34655,1.34655,0.0,1.34612
2024-02-09 01:00:00,1.34608,1.34823,1.34134,1.34655,102167.36,1.34612
2024-02-08 01:00:00,1.34636,1.34938,1.34486,1.34608,101023.44,1.34602
2024-02-07 01:00:00,1.34911,1.34933,1.34555,1.34637,108105.94,1.3463
2024-02-06 01:00:00,1.35442,1.35445,1.34769,1.34909,110851.53,1.34902
2024-02-05 01:00:00,1.34712,1.35521,1.34672,1.35443,97987.56,1.35436
2024-02-04 01:00:00,1.34706,1.34761,1.34623,1.34713,4111.26,1.34708
2024-02-03 01:00:00,1.34659,1.34659,1.34659,1.34659,0.0,1.34624
2024-02-02 01:00:00,1.33852,1.34763,1.33664,1.34659,135488.06,1.34624
2024-02-01 01:00:00,1.34332,1.34648,1.33683,1.33852,130348.23,1.33846
2024-01-31 01:00:00,1.34025,1.3447,1.33594,1.34331,146232.74,1.34324
2024-01-30 01:00:00,1.34127,1.3447,1.33962,1.34026,88863.54,1.34021
2024-01-29 01:00:00,1.34566,1.3466,1.34095,1.34127,78305.83,1.3412
2024-01-28 01:00:00,1.34698,1.3471,1.34461,1.34566,3236.76,1.34561
2024-01-27 01:00:00,1.34579,1.34579,1.34579,1.34579,0.0,1.34532
2024-01-26 01:00:00,1.34809,1.34841,1.34149,1.34579,99320.08,1.34532
2024-01-25 01:00:00,1.35265,1.35353,1.3469,1.3481,106347.94,1.34804
2024-01-24 01:00:00,1.34575,1.35362,1.34304,1.35266,111091.88,1.3526
2024-01-23 01:00:00,1.3479,1.34927,1.3454,1.34574,85516.68,1.34568
2024-01-22 01:00:00,1.3433,1.34863,1.34154,1.3479,89826.35,1.34784
2024-01-21 01:00:00,1.3436,1.34559,1.34303,1.34327,5706.0,1.34322
2024-01-20 01:00:00,1.34312,1.34312,1.34312,1.34312,0.0,1.34288
2024-01-19 01:00:00,1.3486,1.35031,1.34281,1.34312,88411.1,1.34288
2024-01-18 01:00:00,1.35025,1.35299,1.34812,1.3486,100508.17,1.34854
2024-01-17 01:00:00,1.34903,1.35427,1.34809,1.35027,103211.0,1.35022
2024-01-16 01:00:00,1.34373,1.35082,1.34368,1.34903,103342.04,1.34896
2024-01-15 01:00:00,1.34077,1.34488,1.33825,1.34373,60450.96,1.34366
2024-01-14 01:00:00,1.34208,1.34208,1.34029,1.34079,3712.18,1.34073
2024-01-13 01:00:00,1.34076,1.34076,1.34076,1.34076,0.0,1.34065
2024-01-12 01:00:00,1.33794,1.34127,1.33437,1.34076,89435.09,1.34065
2024-01-11 01:00:00,1.33808,1.34435,1.33512,1.33794,118392.67,1.33788
2024-01-10 01:00:00,1.33903,1.33955,1.33661,1.33808,74053.81,1.33801
2024-01-09 01:00:00,1.33524,1.34155,1.33412,1.33903,82266.57,1.33896
2024-01-08 01:00:00,1.3361,1.34056,1.33455,1.3352,96181.07,1.33514
2024-01-07 01:00:00,1.33719,1.33719,1.33536,1.33608,2441.15,1.33602
2024-01-06 01:00:00,1.33645,1.33645,1.33645,1.33645,0.0,1.33598
2024-01-05 01:00:00,1.33568,1.34,1.3288,1.33645,132032.64,1.33598
2024-01-04 01:00:00,1.33495,1.33669,1.33178,1.33571,102363.36,1.33564
2024-01-03 01:00:00,1.3323,1.33725,1.33185,1.33492,128977.39,1.33486
2024-01-02 01:00:00,1.32453,1.33348,1.32292,1.3323,132610.66,1.33223
2024-01-01 01:00:00,1.32531,1.3262,1.32395,1.32454,2213.06,1.32448
2023-12-31 01:00:00,1.32541,1.32541,1.32541,1.32541,0.0,1.32501
2023-12-30 01:00:00,1.32541,1.32541,1.32541,1.32541,0.0,1.32501
2023-12-29 01:00:00,1.32313,1.32661,1.31789,1.32541,104522.28,1.32501
2023-12-28 01:00:00,1.32068,1.32395,1.31833,1.32317,127912.19,1.32308
2023-12-27 01:00:00,1.31976,1.32199,1.31778,1.32068,76233.63,1.3206
2023-12-26 01:00:00,1.32536,1.32631,1.31938,1.31977,81069.87,1.3197
2023-12-25 01:00:00,1.32835,1.33005,1.32521,1.32537,3570.34,1.32529
2023-12-24 01:00:00,1.32836,1.32836,1.32836,1.32836,0.9,1.3268
2023-12-23 01:00:00,1.32717,1.32717,1.32717,1.32717,0.0,1.32676
2023-12-22 01:00:00,1.32849,1.32936,1.322,1.32717,174686.27,1.32676
2023-12-21 01:00:00,1.33604,1.33609,1.32768,1.32848,167498.57,1.32843
2023-12-20 01:00:00,1.33393,1.33727,1.33124,1.33602,127873.48,1.33596
2023-12-19 01:00:00,1.33994,1.34011,1.33327,1.33395,104971.63,1.33388
2023-12-18 01:00:00,1.3383,1.34111,1.33504,1.33993,109028.53,1.33986
2023-12-17 01:00:00,1.33816,1.33829,1.33714,1.33829,3288.15,1.33824
2023-12-16 01:00:00,1.3386,1.3386,1.3386,1.3386,0.0,1.33807
2023-12-15 01:00:00,1.34055,1.34156,1.33507,1.3386,134309.25,1.33807
2023-12-14 01:00:00,1.35106,1.35106,1.33947,1.34055,154772.29,1.34048
2023-12-13 01:00:00,1.35867,1.3609,1.34954,1.35109,126795.22,1.35102
2023-12-12 01:00:00,1.35791,1.36194,1.35457,1.35866,115541.52,1.3586
2023-12-11 01:00:00,1.35827,1.3605,1.35509,1.35792,130813.79,1.35786
2023-12-10 01:00:00,1.35908,1.35923,1.35811,1.35827,3409.12,1.35819
2023-12-09 01:00:00,1.35874,1.35874,1.35874,1.35874,0.0,1.35822
2023-12-08 01:00:00,1.35975,1.36101,1.35513,1.35874,143081.66,1.35822
2023-12-07 01:00:00,1.35931,1.36201,1.35844,1.35976,128601.64,1.3597
2023-12-06 01:00:00,1.3593,1.36023,1.35494,1.35931,119417.67,1.35925
2023-12-05 01:00:00,1.35405,1.35958,1.35373,1.35929,137265.95,1.35924
2023-12-04 01:00:00,1.34903,1.35628,1.34873,1.35405,131526.36,1.35398
2023-12-03 01:00:00,1.35092,1.35092,1.34809,1.34904,4912.34,1.34898
2023-12-02 01:00:00,1.3502,1.3502,1.3502,1.3502,0.0,1.34965
2023-12-01 01:00:00,1.35579,1.35581,1.34875,1.3502,129094.68,1.34965
2023-11-30 01:00:00,1.35934,1.36276,1.35528,1.35576,159552.77,1.35572
2023-11-29 01:00:00,1.35667,1.36155,1.35417,1.35933,123369.06,1.35926
2023-11-28 01:00:00,1.36064,1.36143,1.35608,1.35669,132138.45,1.35662
2023-11-27 01:00:00,1.36326,1.36617,1.36058,1.36068,90164.23,1.36062
2023-11-26 01:00:00,1.36458,1.36465,1.36253,1.36325,2678.2,1.36318
2023-11-25 01:00:00,1.36485,1.36485,1.36485,1.36485,0.0,1.36374
2023-11-24 01:00:00,1.3697,1.37124,1.35945,1.36485,83777.57,1.36374
2023-11-23 01:00:00,1.36936,1.3712,1.36516,1.36967,76186.96,1.36962
2023-11-22 01:00:00,1.37017,1.37661,1.36869,1.36934,135172.57,1.36928
2023-11-21 01:00:00,1.37273,1.3732,1.36816,1.37016,121438.4,1.37009
2023-11-20 01:00:00,1.37216,1.375,1.36905,1.37274,103491.26,1.37269
2023-11-19 01:00:00,1.37172,1.3728,1.37156,1.37217,3941.5,1.3721
2023-11-18 01:00:00,1.37225,1.37225,1.37225,1.37225,0.0,1.3717
2023-11-17 01:00:00,1.37532,1.37717,1.37087,1.37225,119041.0,1.3717
2023-11-16 01:00:00,1.36845,1.37776,1.36783,1.37533,120884.26,1.37526
2023-11-15 01:00:00,1.3701,1.3711,1.3655,1.36846,115256.75,1.36839
2023-11-14 01:00:00,1.38021,1.38441,1.36852,1.37007,125570.44,1.37001
2023-11-13 01:00:00,1.37987,1.38324,1.37777,1.38022,76703.5,1.38015
2023-11-12 01:00:00,1.38051,1.38051,1.37928,1.37986,3328.71,1.37979
2023-11-11 01:00:00,1.3804,1.3804,1.3804,1.3804,0.0,1.37991
2023-11-10 01:00:00,1.38102,1.38553,1.37919,1.3804,98843.35,1.37991
2023-11-09 01:00:00,1.37914,1.38171,1.37471,1.38102,127171.54,1.38094
2023-11-08 01:00:00,1.37699,1.38152,1.37552,1.37913,109851.9,1.37907
2023-11-07 01:00:00,1.36986,1.37835,1.36948,1.37698,110120.38,1.3769
2023-11-06 01:00:00,1.36612,1.37066,1.363,1.36987,98290.06,1.36981
2023-11-05 01:00:00,1.36608,1.36692,1.36576,1.36617,2354.27,1.36611
2023-11-04 01:00:00,1.3663,1.3663,1.3663,1.3663,0.0,1.36579
2023-11-03 01:00:00,1.37483,1.37615,1.36545,1.3663,111508.8,1.36579
2023-11-02 01:00:00,1.3835,1.38527,1.37364,1.37483,107172.69,1.37478
2023-11-01 01:00:00,1.38795,1.38997,1.38354,1.38354,124037.41,1.38348
2023-10-31 01:00:00,1.38309,1.38928,1.38142,1.38795,103193.44,1.38788
2023-10-28 02:00:00,1.38762,1.38762,1.38762,1.38762,0.0,1.38722
2023-10-27 02:00:00,1.38173,1.38811,1.37968,1.38762,118642.6,1.38722
2023-10-26 02:00:00,1.38037,1.38448,1.37902,1.38173,131448.3,1.38168
2023-10-25 02:00:00,1.37428,1.38109,1.37311,1.38036,119022.84,1.3803
2023-10-24 02:00:00,1.36897,1.37554,1.36617,1.37429,123706.66,1.37424
2023-10-23 02:00:00,1.37064,1.37374,1.36682,1.36898,120133.72,1.3689
2023-10-22 02:00:00,1.37216,1.37216,1.37037,1.37063,4181.34,1.37058
2023-10-21 02:00:00,1.37192,1.37192,1.37192,1.37192,0.0,1.37155
2023-10-20 02:00:00,1.3717,1.37351,1.36703,1.37192,109200.29,1.37155
2023-10-19 02:00:00,1.37146,1.37416,1.36799,1.37166,148317.09,1.3716
2023-10-18 02:00:00,1.36538,1.37196,1.36178,1.37144,126861.02,1.37137
2023-10-17 02:00:00,1.36167,1.37038,1.36094,1.36537,128261.7,1.36531
2023-10-16 02:00:00,1.36444,1.36562,1.3607,1.36165,109354.79,1.36159
2023-10-15 02:00:00,1.36517,1.36786,1.36429,1.36448,5681.78,1.36441
2023-10-14 02:00:00,1.36616,1.36616,1.36616,1.36616,0.0,1.36566
2023-10-13 02:00:00,1.36857,1.36897,1.36372,1.36616,114860.14,1.36566
2023-10-12 02:00:00,1.35969,1.37019,1.3579,1.3686,125182.17,1.36854
2023-10-11 02:00:00,1.3585,1.36245,1.35721,1.35971,128072.6,1.35964
2023-10-10 02:00:00,1.35813,1.36178,1.35701,1.3585,150760.17,1.35844
2023-10-09 02:00:00,1.36634,1.3677,1.358,1.35813,107181.73,1.35808
2023-10-08 02:00:00,1.36775,1.36845,1.36619,1.36634,11054.88,1.36628
2023-10-07 02:00:00,1.3669,1.3669,1.3669,1.3669,0.0,1.36642
2023-10-06 02:00:00,1.37077,1.37469,1.36445,1.3669,161092.36,1.36642
2023-10-05 02:00:00,1.37453,1.37863,1.37042,1.37077,162865.99,1.37072
2023-10-04 02:00:00,1.37103,1.37804,1.36909,1.37453,152692.1,1.37448
2023-10-03 02:00:00,1.3677,1.37368,1.36766,1.37101,184277.8,1.37096
2023-10-02 02:00:00,1.35743,1.36854,1.35624,1.36768,142159.35,1.36762
2023-10-01 02:00:00,1.35866,1.35866,1.35651,1.35744,5408.96,1.35738
2023-09-30 02:00:00,1.35815,1.35815,1.35815,1.35815,0.0,1.35782
2023-09-29 02:00:00,1.34918,1.35857,1.34175,1.35815,143887.82,1.35782
2023-09-28 02:00:00,1.35013,1.35167,1.34712,1.34918,128925.59,1.34912
2023-09-27 02:00:00,1.35204,1.35436,1.34957,1.35016,126552.63,1.3501
2023-09-26 02:00:00,1.34518,1.35289,1.34506,1.35204,139053.37,1.35198
2023-09-25 02:00:00,1.34786,1.34926,1.34496,1.34518,97553.6,1.34511
2023-09-24 02:00:00,1.34874,1.34906,1.3473,1.34785,8712.97,1.34778
2023-09-23 02:00:00,1.34865,1.34865,1.34865,1.34865,0.0,1.34824
2023-09-22 02:00:00,1.34784,1.34922,1.34244,1.34865,100811.73,1.34824
2023-09-21 02:00:00,1.34782,1.35242,1.34612,1.34786,134309.0,1.3478
2023-09-20 02:00:00,1.34438,1.34789,1.33961,1.34783,137766.85,1.34776
2023-09-19 02:00:00,1.34876,1.34893,1.33805,1.34437,121827.77,1.34432
2023-09-18 02:00:00,1.35231,1.35294,1.34725,1.34877,101230.7,1.3487
2023-09-17 02:00:00,1.35225,1.35296,1.35223,1.35233,2194.28,1.35228
2023-09-16 02:00:00,1.35304,1.35304,1.35304,1.35304,0.0,1.35258
2023-09-15 02:00:00,1.35167,1.35505,1.34948,1.35304,129922.22,1.35258
2023-09-14 02:00:00,1.35536,1.35549,1.34941,1.35168,127263.83,1.3516
2023-09-13 02:00:00,1.35539,1.35882,1.35214,1.35535,139322.28,1.3553
2023-09-12 02:00:00,1.35809,1.35936,1.35442,1.3554,86821.66,1.35533
2023-09-11 02:00:00,1.36296,1.36364,1.35617,1.35809,93110.37,1.35802
2023-09-10 02:00:00,1.36374,1.36449,1.36266,1.36296,6192.6,1.3629
2023-09-09 02:00:00,1.36452,1.36452,1.36452,1.36452,0.0,1.36403
2023-09-08 02:00:00,1.36838,1.36906,1.36085,1.36452,90760.54,1.36403
2023-09-07 02:00:00,1.36403,1.36953,1.36327,1.36837,115474.43,1.3683
2023-09-06 02:00:00,1.36407,1.36776,1.36231,1.36403,112719.02,1.36398
2023-09-05 02:00:00,1.36001,1.36703,1.35974,1.36407,125304.21,1.36399
2023-09-04 02:00:00,1.35957,1.36053,1.3576,1.36001,56850.34,1.35996
2023-09-03 02:00:00,1.3601,1.36086,1.35902,1.35956,2625.55,1.3595
2023-09-02 02:00:00,1.35981,1.35981,1.35981,1.35981,0.0,1.35927
2023-09-01 02:00:00,1.35111,1.36133,1.349,1.35981,113855.08,1.35927
2023-08-31 02:00:00,1.35354,1.35588,1.35048,1.35112,113453.77,1.35107
2023-08-30 02:00:00,1.356,1.35777,1.35138,1.35354,127233.18,1.35348
2023-08-29 02:00:00,1.36015,1.36382,1.35505,1.35599,115291.18,1.35594
2023-08-28 02:00:00,1.3596,1.36127,1.35708,1.36015,109982.14,1.3601
2023-08-27 02:00:00,1.35955,1.36018,1.35911,1.35961,4338.27,1.35954
2023-08-26 02:00:00,1.3607,1.3607,1.3607,1.3607,0.0,1.3604
2023-08-25 02:00:00,1.35875,1.36408,1.357,1.3607,123054.28,1.3604
2023-08-24 02:00:00,1.35248,1.35921,1.35106,1.35875,132275.11,1.3587
2023-08-23 02:00:00,1.35508,1.36046,1.3521,1.35246,137660.22,1.3524
2023-08-22 02:00:00,1.3547,1.35657,1.35138,1.35507,126579.43,1.35501
2023-08-21 02:00:00,1.35426,1.35733,1.34967,1.3547,113692.44,1.35465
2023-08-20 02:00:00,1.35512,1.35563,1.35424,1.35427,2595.71,1.35419
2023-08-19 02:00:00,1.35562,1.35562,1.35562,1.35562,0.0,1.35528
2023-08-18 02:00:00,1.35466,1.35756,1.35251,1.35562,152391.67,1.35528
2023-08-17 02:00:00,1.35378,1.35534,1.34968,1.35464,140383.56,1.35457
2023-08-16 02:00:00,1.34911,1.355,1.3476,1.3538,162518.72,1.35374
2023-08-15 02:00:00,1.34601,1.35024,1.34399,1.34912,135628.04,1.34907
2023-08-14 02:00:00,1.34411,1.34806,1.34387,1.34598,118729.73,1.34593
2023-08-13 02:00:00,1.34429,1.34496,1.34388,1.3441,5156.59,1.34405
2023-08-12 02:00:00,1.34478,1.34478,1.34478,1.34478,0.0,1.34426
2023-08-11 02:00:00,1.34453,1.34666,1.34129,1.34478,117304.87,1.34426
2023-08-10 02:00:00,1.34203,1.34508,1.33738,1.34452,141421.77,1.34445
2023-08-09 02:00:00,1.34269,1.34549,1.34047,1.34201,121088.93,1.34196
2023-08-08 02:00:00,1.33725,1.35026,1.33682,1.34269,132846.29,1.34263
2023-08-07 02:00:00,1.33761,1.34001,1.33563,1.33724,87788.77,1.33719
2023-08-06 02:00:00,1.33794,1.33862,1.33725,1.33758,3894.21,1.33753
2023-08-05 02:00:00,1.33879,1.33879,1.33879,1.33879,0.0,1.33836
2023-08-04 02:00:00,1.33518,1.33952,1.33199,1.33879,121404.02,1.33836
2023-08-03 02:00:00,1.33447,1.33789,1.33293,1.33518,118135.98,1.33512
2023-08-02 02:00:00,1.32701,1.33556,1.32701,1.3345,125360.89,1.33445
2023-08-01 02:00:00,1.31952,1.33006,1.31867,1.32703,116685.5,1.32698
2023-07-31 02:00:00,1.32531,1.32622,1.31518,1.31953,103702.59,1.31947
2023-07-30 02:00:00,1.32491,1.32535,1.32424,1.32531,4798.51,1.32524
2023-07-29 02:00:00,1.32565,1.32565,1.32565,1.32565,0.0,1.32524
2023-07-28 02:00:00,1.32288,1.32565,1.3202,1.32565,114683.91,1.32524
2023-07-27 02:00:00,1.32058,1.3244,1.31588,1.32289,122086.59,1.32283
2023-07-26 02:00:00,1.31884,1.32387,1.31728,1.32056,122442.55,1.3205
2023-07-25 02:00:00,1.31764,1.32103,1.31475,1.31884,87958.13,1.31877
2023-07-24 02:00:00,1.32265,1.32295,1.31511,1.3176,98898.85,1.31754
2023-07-23 02:00:00,1.32281,1.32288,1.32173,1.32265,2978.62,1.32259
2023-07-22 02:00:00,1.32273,1.32273,1.32273,1.32273,0.0,1.32241
2023-07-21 02:00:00,1.31748,1.32273,1.31538,1.32273,89151.37,1.32241
2023-07-20 02:00:00,1.31642,1.31951,1.312,1.31749,95995.11,1.31744
2023-07-19 02:00:00,1.31672,1.3194,1.31563,1.31641,102950.97,1.31635
2023-07-18 02:00:00,1.32028,1.32441,1.31632,1.31672,82812.42,1.31666
2023-07-17 02:00:00,1.32274,1.32329,1.31615,1.32027,61723.31,1.3202
2023-07-16 02:00:00,1.32277,1.3233,1.3221,1.32273,1511.58,1.32268
2023-07-15 02:00:00,1.32239,1.32239,1.32239,1.32239,0.0,1.32184
2023-07-14 02:00:00,1.3114,1.32275,1.30933,1.32239,74220.5,1.32184
2023-07-13 02:00:00,1.31845,1.31957,1.31042,1.3114,88881.52,1.31134
2023-07-12 02:00:00,1.32304,1.32347,1.31441,1.31844,93131.45,1.31838
2023-07-11 02:00:00,1.32751,1.32903,1.32251,1.32302,78104.0,1.32295
2023-07-10 02:00:00,1.32797,1.3305,1.32688,1.32751,73670.82,1.32745
2023-07-09 02:00:00,1.3285,1.32857,1.32761,1.32796,2573.92,1.32789
2023-07-08 02:00:00,1.32798,1.32798,1.32798,1.32798,0.0,1.32762
2023-07-07 02:00:00,1.33659,1.33879,1.32663,1.32798,82313.72,1.32762
2023-07-06 02:00:00,1.32859,1.33751,1.32757,1.33657,90441.7,1.33651
2023-07-05 02:00:00,1.3226,1.32939,1.32209,1.32862,73635.03,1.32856
2023-07-04 02:00:00,1.32491,1.32574,1.32038,1.32259,37975.93,1.32253
2023-07-03 02:00:00,1.32508,1.3274,1.32309,1.32489,58993.83,1.32484
2023-07-02 02:00:00,1.32554,1.32554,1.32434,1.32508,1637.8,1.32502
2023-07-01 02:00:00,1.32539,1.32539,1.32539,1.32539,0.0,1.32485
2023-06-30 02:00:00,1.32521,1.3286,1.32076,1.32539,81570.37,1.32485
2023-06-29 02:00:00,1.32539,1.32863,1.32397,1.32521,84723.9,1.32514
2023-06-28 02:00:00,1.31979,1.32771,1.31899,1.3254,87861.83,1.32532
2023-06-27 02:00:00,1.31526,1.31992,1.31173,1.3198,85735.81,1.31974
2023-06-26 02:00:00,1.31661,1.31776,1.31365,1.31525,77246.87,1.3152
2023-06-25 02:00:00,1.31849,1.31851,1.31621,1.3166,3090.46,1.31654
2023-06-24 02:00:00,1.31869,1.31869,1.31869,1.31869,0.0,1.31816
2023-06-23 02:00:00,1.3148,1.32267,1.31437,1.31869,89603.54,1.31816
2023-06-22 02:00:00,1.31619,1.318,1.31394,1.3148,89638.8,1.31474
2023-06-21 02:00:00,1.32263,1.32464,1.31578,1.31618,93354.44,1.31612
2023-06-20 02:00:00,1.32114,1.32705,1.32062,1.3226,89537.85,1.32253
2023-06-19 02:00:00,1.32003,1.32296,1.31799,1.32113,50589.92,1.32108
2023-06-18 02:00:00,1.32154,1.32154,1.31886,1.32002,2673.4,1.31995
2023-06-17 02:00:00,1.32028,1.32028,1.32028,1.32028,0.0,1.31992
2023-06-16 02:00:00,1.32242,1.32402,1.31782,1.32028,77092.81,1.31992
2023-06-15 02:00:00,1.33282,1.33552,1.32104,1.32241,76093.35,1.32234
2023-06-14 02:00:00,1.33151,1.33538,1.32728,1.33282,88032.03,1.33276
2023-06-13 02:00:00,1.33653,1.33793,1.32865,1.33153,85671.79,1.33146
2023-06-12 02:00:00,1.33385,1.33844,1.33154,1.33653,63942.06,1.33646
2023-06-11 02:00:00,1.33529,1.33529,1.33376,1.33382,2763.13,1.33376
2023-06-10 02:00:00,1.33472,1.33472,1.33472,1.33472,0.0,1.33426
2023-06-09 02:00:00,1.33632,1.33721,1.33137,1.33472,65986.58,1.33426
2023-06-08 02:00:00,1.33722,1.33888,1.33346,1.33631,73789.66,1.33626
2023-06-07 02:00:00,1.33989,1.34273,1.33223,1.33723,81959.3,1.33716
2023-06-06 02:00:00,1.34498,1.34531,1.33904,1.33989,64971.33,1.33982
2023-06-05 02:00:00,1.34298,1.34625,1.34176,1.34499,63135.67,1.34492
2023-06-04 02:00:00,1.34299,1.34347,1.3419,1.34301,3552.99,1.34294
2023-06-03 02:00:00,1.34327,1.34327,1.34327,1.34327,0.0,1.34295
2023-06-02 02:00:00,1.34452,1.34519,1.34073,1.34327,75202.36,1.34295
2023-06-01 02:00:00,1.35674,1.35858,1.34372,1.34454,83554.85,1.34449
2023-05-31 02:00:00,1.36006,1.36519,1.35645,1.35675,87595.7,1.35668
2023-05-30 02:00:00,1.36052,1.36143,1.35678,1.36007,76102.71,1.36001
2023-05-29 02:00:00,1.36099,1.36143,1.35835,1.36052,30411.09,1.36046
2023-05-28 02:00:00,1.36116,1.3632,1.36039,1.36101,2358.11,1.36094
2023-05-27 02:00:00,1.362,1.362,1.362,1.362,0.0,1.3616
2023-05-26 02:00:00,1.36448,1.36554,1.36014,1.362,69107.74,1.3616
2023-05-25 02:00:00,1.35909,1.36483,1.35871,1.36446,72806.59,1.3644
2023-05-24 02:00:00,1.35014,1.36065,1.34965,1.35906,80075.56,1.359
2023-05-23 02:00:00,1.35042,1.35492,1.34853,1.35016,73062.51,1.3501
2023-05-22 02:00:00,1.34903,1.35199,1.3486,1.3504,61785.24,1.35034
2023-05-21 02:00:00,1.35168,1.35171,1.349,1.34903,3480.8,1.34897
2023-05-20 02:00:00,1.35014,1.35014,1.35014,1.35014,0.0,1.34984
2023-05-19 02:00:00,1.34987,1.35245,1.34693,1.35014,74979.07,1.34984
2023-05-18 02:00:00,1.34676,1.35254,1.34529,1.34989,67439.83,1.34983
2023-05-17 02:00:00,1.34781,1.35367,1.34379,1.3468,68027.22,1.34674
2023-05-16 02:00:00,1.34677,1.34944,1.34049,1.34783,72753.66,1.34777
2023-05-15 02:00:00,1.35571,1.35686,1.346,1.34676,63058.42,1.3467
2023-05-14 02:00:00,1.35597,1.35622,1.35549,1.35567,4093.86,1.35562
2023-05-13 02:00:00,1.35601,1.35601,1.35601,1.35601,0.0,1.3557
2023-05-12 02:00:00,1.34962,1.35658,1.34803,1.35601,63777.08,1.3557
2023-05-11 02:00:00,1.33737,1.34967,1.33637,1.34961,80028.29,1.34955
2023-05-10 02:00:00,1.33761,1.34155,1.33356,1.33736,82127.18,1.3373
2023-05-09 02:00:00,1.33732,1.34071,1.33658,1.33759,57414.48,1.33754
2023-05-08 02:00:00,1.3381,1.3388,1.33154,1.3373,53105.73,1.33723
2023-05-07 02:00:00,1.34032,1.34032,1.33725,1.33811,3937.67,1.33804
2023-05-06 02:00:00,1.33804,1.33804,1.33804,1.33804,0.0,1.33758
2023-05-05 02:00:00,1.35244,1.35302,1.33718,1.33804,87586.56,1.33758
2023-05-04 02:00:00,1.36318,1.36337,1.35197,1.35248,107261.12,1.35243
2023-05-03 02:00:00,1.36216,1.364,1.35829,1.36323,98441.19,1.36317
2023-05-02 02:00:00,1.35535,1.36384,1.35289,1.36216,80672.16,1.3621
2023-05-01 02:00:00,1.35619,1.3584,1.3531,1.35536,61914.2,1.3553
2023-04-30 02:00:00,1.35408,1.35621,1.35378,1.3562,3437.08,1.35614
2023-04-29 02:00:00,1.35507,1.35507,1.35507,1.35507,0.0,1.3546
2023-04-28 02:00:00,1.36007,1.36686,1.35369,1.35507,87088.86,1.3546
2023-04-27 02:00:00,1.36318,1.36463,1.35897,1.36007,75260.6,1.36002
2023-04-26 02:00:00,1.36197,1.36518,1.36001,1.36317,82175.88,1.36312
2023-04-25 02:00:00,1.35347,1.36485,1.35254,1.36199,69398.03,1.36192
2023-04-24 02:00:00,1.3542,1.35682,1.35233,1.35346,58493.31,1.3534
2023-04-23 02:00:00,1.35423,1.35495,1.35352,1.35416,1833.25,1.3541
2023-04-22 02:00:00,1.35447,1.35447,1.35447,1.35447,0.0,1.35394
2023-04-21 02:00:00,1.34818,1.3564,1.34756,1.35447,66311.24,1.35394
2023-04-20 02:00:00,1.34702,1.34901,1.3449,1.34817,66499.72,1.3481
2023-04-19 02:00:00,1.33924,1.34717,1.33854,1.34701,85920.3,1.34695
2023-04-18 02:00:00,1.33953,1.34004,1.33605,1.33925,91151.89,1.33918
2023-04-17 02:00:00,1.3367,1.34209,1.33431,1.33953,96139.85,1.33946
2023-04-16 02:00:00,1.33827,1.33882,1.33622,1.33669,2450.91,1.33662
2023-04-15 02:00:00,1.33644,1.33644,1.33644,1.33644,0.0,1.33606
2023-04-14 02:00:00,1.33419,1.33965,1.33021,1.33644,113523.26,1.33606
2023-04-13 02:00:00,1.34407,1.34492,1.3334,1.33419,93390.67,1.3341
2023-04-12 02:00:00,1.34648,1.34897,1.34288,1.34408,111210.68,1.34401
2023-04-11 02:00:00,1.35046,1.35169,1.34628,1.34649,81508.18,1.34641
2023-04-10 02:00:00,1.35059,1.35546,1.34857,1.35045,57940.75,1.35038
2023-04-09 02:00:00,1.35247,1.35329,1.35021,1.35059,3601.18,1.35052
2023-04-08 02:00:00,1.35216,1.35216,1.35216,1.35216,0.0,1.35137
2023-04-07 02:00:00,1.34966,1.35316,1.34862,1.35216,52955.54,1.35137
2023-04-06 02:00:00,1.34561,1.35067,1.3454,1.34963,87318.46,1.34956
2023-04-05 02:00:00,1.34404,1.34838,1.34263,1.34558,101250.44,1.34552
2023-04-04 02:00:00,1.34381,1.34682,1.34072,1.34402,112367.01,1.34396
2023-04-03 02:00:00,1.35054,1.35374,1.34119,1.3438,112839.17,1.34375
2023-04-02 02:00:00,1.35017,1.35164,1.34889,1.35054,7975.0,1.35046
2023-04-01 02:00:00,1.35208,1.35208,1.35208,1.35208,0.0,1.3517
2023-03-31 02:00:00,1.35236,1.35653,1.35082,1.35208,97287.7,1.3517
2023-03-30 02:00:00,1.35678,1.35824,1.35165,1.35233,93084.7,1.35227
2023-03-29 02:00:00,1.35942,1.36175,1.3557,1.3568,91251.35,1.35673
2023-03-28 02:00:00,1.3656,1.36959,1.35925,1.35945,98057.15,1.35938
2023-03-27 02:00:00,1.37303,1.37459,1.36503,1.3656,110972.96,1.36554
2023-03-26 01:00:00,1.37418,1.37463,1.3727,1.37304,11408.13,1.37298
2023-03-25 01:00:00,1.37463,1.37463,1.37463,1.37463,0.0,1.37423
2023-03-24 01:00:00,1.3719,1.38053,1.37103,1.37463,155364.04,1.37423
2023-03-23 01:00:00,1.37214,1.37342,1.36312,1.3719,147588.53,1.37184
2023-03-22 01:00:00,1.37105,1.37454,1.36577,1.37214,139067.53,1.37208
2023-03-21 01:00:00,1.3673,1.3738,1.36448,1.37104,111705.87,1.37095
2023-03-20 01:00:00,1.37149,1.37478,1.36521,1.36734,188167.11,1.36728
2023-03-19 01:00:00,1.37296,1.37348,1.37095,1.37146,8836.93,1.3714
2023-03-18 01:00:00,1.37375,1.37375,1.37375,1.37375,0.0,1.37322
2023-03-17 01:00:00,1.37211,1.37743,1.36783,1.37375,159288.43,1.37322
2023-03-16 01:00:00,1.37692,1.37886,1.37146,1.37209,252215.7,1.37204
2023-03-15 01:00:00,1.36904,1.3815,1.36607,1.37692,270999.97,1.3768
2023-03-14 01:00:00,1.37422,1.37512,1.36524,1.36904,267302.8,1.36896
2023-03-13 01:00:00,1.37686,1.38028,1.3678,1.37426,364301.32,1.37416
2023-03-12 01:00:00,1.38312,1.38333,1.37643,1.37687,23124.2,1.3768
2023-03-11 01:00:00,1.38255,1.38255,1.38255,1.38255,0.0,1.38226
2023-03-10 01:00:00,1.38325,1.38629,1.37623,1.38255,263467.75,1.38226
2023-03-09 01:00:00,1.38004,1.3838,1.37532,1.38323,139851.3,1.38316
2023-03-08 01:00:00,1.37514,1.38157,1.37455,1.38003,151529.3,1.37997
2023-03-07 01:00:00,1.36173,1.37617,1.36006,1.37515,155198.83,1.37508
2023-03-06 01:00:00,1.36064,1.36295,1.35827,1.3617,115912.79,1.36164
2023-03-05 01:00:00,1.36086,1.36107,1.35998,1.36065,2856.28,1.36057
2023-03-04 01:00:00,1.36004,1.36004,1.36004,1.36004,0.0,1.35978
2023-03-03 01:00:00,1.35987,1.36454,1.35557,1.36004,133555.83,1.35978
2023-03-02 01:00:00,1.35911,1.36425,1.35831,1.35988,153547.53,1.35981
2023-03-01 01:00:00,1.36465,1.36599,1.3585,1.35914,165703.86,1.35906
2023-02-28 01:00:00,1.35767,1.36495,1.35616,1.36466,136636.81,1.36458
2023-02-27 01:00:00,1.35978,1.36252,1.35349,1.35765,135084.95,1.35759
2023-02-26 01:00:00,1.36167,1.36201,1.35959,1.35976,2616.66,1.35969
2023-02-25 01:00:00,1.36143,1.36143,1.36143,1.36143,0.0,1.3609
2023-02-24 01:00:00,1.35448,1.36662,1.35279,1.36143,159060.5,1.3609
2023-02-23 01:00:00,1.35471,1.35817,1.35167,1.35447,137749.12,1.35439
2023-02-22 01:00:00,1.35341,1.35687,1.3515,1.35469,149499.5,1.3546
2023-02-21 01:00:00,1.34548,1.35499,1.34422,1.35341,151668.8,1.35334
2023-02-20 01:00:00,1.34835,1.34957,1.34422,1.3455,70106.21,1.34542
2023-02-19 01:00:00,1.34838,1.34866,1.3476,1.34836,3020.22,1.34829
2023-02-18 01:00:00,1.34773,1.34773,1.34773,1.34773,0.0,1.34753
2023-02-17 01:00:00,1.34744,1.35382,1.34655,1.34773,152312.16,1.34753
2023-02-16 01:00:00,1.33928,1.34798,1.33582,1.34742,155529.7,1.34736
2023-02-15 01:00:00,1.33417,1.34411,1.3341,1.3393,143636.35,1.33923
2023-02-14 01:00:00,1.3336,1.33914,1.32752,1.33418,186768.73,1.33412
2023-02-13 01:00:00,1.33587,1.33809,1.33258,1.33357,112698.64,1.33351
2023-02-12 01:00:00,1.33525,1.33589,1.33456,1.33586,3101.73,1.33578
2023-02-11 01:00:00,1.33462,1.33462,1.33462,1.33462,0.0,1.33432
2023-02-10 01:00:00,1.34496,1.3473,1.33387,1.33462,172066.14,1.33432
2023-02-09 01:00:00,1.34468,1.34641,1.33732,1.34495,122034.42,1.3449
2023-02-08 01:00:00,1.33918,1.34514,1.33608,1.34468,142928.2,1.3446
2023-02-07 01:00:00,1.34435,1.34696,1.33806,1.33917,193548.91,1.33908
2023-02-06 01:00:00,1.34041,1.34759,1.3397,1.34435,148435.29,1.34428
2023-02-05 01:00:00,1.34185,1.34265,1.34005,1.3404,5148.54,1.34032
2023-02-04 01:00:00,1.34011,1.34011,1.34011,1.34011,0.0,1.34
2023-02-03 01:00:00,1.33184,1.34266,1.33184,1.34011,194481.01,1.34
2023-02-02 01:00:00,1.32752,1.33483,1.32628,1.33188,194115.83,1.33181
2023-02-01 01:00:00,1.33091,1.33812,1.32646,1.32751,181136.21,1.32744
2023-01-31 01:00:00,1.33855,1.34723,1.32996,1.3309,158302.97,1.33082
2023-01-30 01:00:00,1.33064,1.33939,1.33001,1.33856,134914.09,1.33848
2023-01-29 01:00:00,1.33155,1.33247,1.33025,1.33069,2114.88,1.33062
2023-01-28 01:00:00,1.33157,1.33157,1.33157,1.33157,0.0,1.33104
2023-01-27 01:00:00,1.33185,1.33475,1.33009,1.33157,111981.87,1.33104
2023-01-26 01:00:00,1.33822,1.34089,1.33043,1.33185,123686.25,1.33178
2023-01-25 01:00:00,1.33725,1.3429,1.33407,1.33824,128901.76,1.33817
2023-01-24 01:00:00,1.33722,1.34144,1.33475,1.33727,120060.42,1.3372
2023-01-23 01:00:00,1.33717,1.34184,1.3343,1.33722,121788.17,1.33714
2023-01-22 01:00:00,1.33923,1.33957,1.33674,1.33718,2478.8,1.33711
2023-01-21 01:00:00,1.33807,1.33807,1.33807,1.33807,0.0,1.33793
2023-01-20 01:00:00,1.3465,1.34981,1.33741,1.33807,124155.29,1.33793
2023-01-19 01:00:00,1.3497,1.35217,1.34474,1.34651,150380.2,1.34644
2023-01-18 01:00:00,1.33922,1.35009,1.33514,1.34971,188299.9,1.34964
2023-01-17 01:00:00,1.33999,1.34377,1.337,1.3392,161926.72,1.33914
2023-01-16 01:00:00,1.33997,1.3419,1.33532,1.34,95992.01,1.33995
2023-01-15 01:00:00,1.33973,1.34005,1.33903,1.33997,3983.08,1.33991
2023-01-14 01:00:00,1.33962,1.33962,1.33962,1.33962,0.0,1.33941
2023-01-13 01:00:00,1.33789,1.34402,1.33222,1.33962,147817.05,1.33941
2023-01-12 01:00:00,1.34306,1.34628,1.33461,1.33789,191101.89,1.3378
2023-01-11 01:00:00,1.34352,1.3446,1.3405,1.34307,125026.87,1.343
2023-01-10 01:00:00,1.33952,1.34462,1.33766,1.34353,174866.61,1.34346
2023-01-09 01:00:00,1.34378,1.34453,1.33579,1.33952,169426.8,1.33944
2023-01-08 01:00:00,1.34562,1.34565,1.34332,1.34377,4449.1,1.34368
2023-01-07 01:00:00,1.34506,1.34506,1.34506,1.34506,0.0,1.34466
2023-01-06 01:00:00,1.35643,1.36663,1.34341,1.34506,192744.81,1.34466
2023-01-05 01:00:00,1.34864,1.35962,1.34801,1.35643,190030.49,1.35634
2023-01-04 01:00:00,1.36739,1.36749,1.34709,1.34864,208097.45,1.34858
2023-01-03 01:00:00,1.35642,1.36862,1.35234,1.36738,180701.68,1.36732
2023-01-02 01:00:00,1.35402,1.35892,1.35262,1.35641,124131.32,1.35634
2023-01-01 01:00:00,1.35466,1.35466,1.35387,1.35388,98.92,1.35335
2022-12-31 01:00:00,1.35507,1.35507,1.35507,1.35507,0.0,1.35484
2022-12-30 01:00:00,1.3555,1.3582,1.35149,1.35507,156729.53,1.35484
2022-12-29 01:00:00,1.36018,1.36097,1.35388,1.35555,116838.27,1.35548
2022-12-28 01:00:00,1.35259,1.36222,1.34864,1.36018,124412.21,1.3601
2022-12-27 01:00:00,1.35585,1.35693,1.34851,1.35259,117025.88,1.35251
2022-12-26 01:00:00,1.36236,1.36287,1.35583,1.35586,108329.42,1.35578
2022-12-25 01:00:00,1.36275,1.36288,1.36101,1.36236,273.75,1.36183
2022-12-24 01:00:00,1.35978,1.35978,1.35978,1.35978,0.0,1.35958
2022-12-23 01:00:00,1.36386,1.36594,1.35635,1.35978,135888.37,1.35958
2022-12-22 01:00:00,1.36169,1.36854,1.35716,1.36385,149924.7,1.36374
2022-12-21 01:00:00,1.36016,1.36387,1.35899,1.36171,157860.48,1.36162
2022-12-20 01:00:00,1.36439,1.37051,1.35806,1.36017,229243.36,1.3601
2022-12-19 01:00:00,1.36901,1.36953,1.36238,1.3644,151711.68,1.36434
2022-12-18 01:00:00,1.36829,1.36903,1.36796,1.369,3828.77,1.36893
2022-12-17 01:00:00,1.36984,1.36984,1.36984,1.36984,0.0,1.3697
2022-12-16 01:00:00,1.36573,1.37058,1.36186,1.36984,180422.07,1.3697
2022-12-15 01:00:00,1.35514,1.3675,1.35413,1.36575,202167.52,1.36568
2022-12-14 01:00:00,1.35569,1.36135,1.35198,1.35515,228364.65,1.35508
2022-12-13 01:00:00,1.36321,1.36449,1.35225,1.35567,225015.99,1.35562
2022-12-12 01:00:00,1.3658,1.36841,1.36192,1.36321,175490.51,1.36312
2022-12-11 01:00:00,1.36464,1.36626,1.36368,1.36579,3767.3,1.36572
2022-12-10 01:00:00,1.36522,1.36522,1.36522,1.36522,0.0,1.36469
2022-12-09 01:00:00,1.36005,1.36928,1.35702,1.36522,255391.76,1.36469
2022-12-08 01:00:00,1.36545,1.36901,1.35622,1.36005,240186.57,1.35994
2022-12-07 01:00:00,1.3651,1.37009,1.35912,1.36545,283952.47,1.36534
2022-12-06 01:00:00,1.35897,1.36768,1.35718,1.36513,250333.91,1.36502
2022-12-05 01:00:00,1.34484,1.36064,1.33863,1.35898,242977.43,1.35886
2022-12-04 01:00:00,1.34709,1.34752,1.34479,1.34481,5117.45,1.3447
2022-12-03 01:00:00,1.34738,1.34738,1.34738,1.34738,0.0,1.34695
2022-12-02 01:00:00,1.3437,1.35224,1.34218,1.34738,289530.67,1.34695
2022-12-01 01:00:00,1.34163,1.34718,1.33965,1.3437,312807.67,1.34361
2022-11-30 01:00:00,1.3586,1.3594,1.34101,1.34161,293425.75,1.34152
2022-11-29 01:00:00,1.34913,1.36468,1.34099,1.35864,271634.83,1.35853
2022-11-28 01:00:00,1.34116,1.35058,1.34015,1.34915,234623.6,1.34905
2022-11-27 01:00:00,1.33991,1.34118,1.33966,1.34116,4537.16,1.34104
2022-11-26 01:00:00,1.33873,1.33873,1.33873,1.33873,0.0,1.33778
2022-11-25 01:00:00,1.33396,1.33994,1.3318,1.33873,179187.55,1.33778
2022-11-24 01:00:00,1.33409,1.33634,1.33173,1.33394,131734.9,1.33382
2022-11-23 01:00:00,1.33644,1.34413,1.33406,1.33409,232843.63,1.33398
2022-11-22 01:00:00,1.34483,1.34518,1.33641,1.33641,195351.38,1.33632
2022-11-21 01:00:00,1.33797,1.34957,1.33787,1.34483,246992.99,1.34472
2022-11-20 01:00:00,1.33861,1.33913,1.33768,1.33796,3206.74,1.33783
2022-11-19 01:00:00,1.33753,1.33753,1.33753,1.33753,0.0,1.33733
2022-11-18 01:00:00,1.33257,1.34102,1.33014,1.33753,248658.15,1.33733
2022-11-17 01:00:00,1.3337,1.34022,1.3306,1.33256,304388.45,1.33245
2022-11-16 01:00:00,1.32756,1.3348,1.32291,1.33372,371685.23,1.33362
2022-11-15 01:00:00,1.33253,1.33376,1.32271,1.32761,435841.52,1.3275
2022-11-14 01:00:00,1.32671,1.33265,1.32404,1.33254,326129.8,1.33244
2022-11-13 01:00:00,1.32767,1.3316,1.32642,1.32662,8952.16,1.32654
2022-11-12 01:00:00,1.32585,1.32585,1.32585,1.32585,0.0,1.32531
2022-11-11 01:00:00,1.33332,1.33615,1.32368,1.32585,373563.13,1.32531
2022-11-10 01:00:00,1.35288,1.35719,1.33098,1.33333,375650.21,1.33321
2022-11-09 01:00:00,1.34174,1.3543,1.34121,1.35288,367383.19,1.35276
2022-10-29 02:00:00,1.36001,1.36001,1.36001,1.36001,0.0,1.3595
2022-10-28 02:00:00,1.35646,1.36356,1.35264,1.36001,324217.3,1.3595
2022-10-27 02:00:00,1.3551,1.36278,1.34966,1.35648,387438.31,1.35637
2022-10-26 02:00:00,1.36206,1.36526,1.35086,1.3551,376449.85,1.35501
2022-10-25 02:00:00,1.36994,1.37491,1.36023,1.36201,328078.23,1.3619
2022-10-24 02:00:00,1.36491,1.37758,1.36464,1.36994,420737.79,1.36984
2022-10-23 02:00:00,1.36466,1.3668,1.36074,1.36491,35120.61,1.36479
2022-10-22 02:00:00,1.36461,1.36461,1.36461,1.36461,0.0,1.36416
2022-10-21 02:00:00,1.3779,1.38558,1.36309,1.36461,418140.94,1.36416
2022-10-20 02:00:00,1.37752,1.3808,1.36519,1.37792,388496.62,1.3778
2022-10-19 02:00:00,1.37285,1.38106,1.37204,1.37752,341889.91,1.37742
2022-10-18 02:00:00,1.37158,1.3812,1.36584,1.37285,363840.87,1.37274
2022-10-17 02:00:00,1.3856,1.38611,1.36997,1.37157,295017.27,1.37147
2022-10-16 02:00:00,1.38794,1.38845,1.38525,1.38559,6937.98,1.38551
2022-10-15 02:00:00,1.3887,1.3887,1.3887,1.3887,0.0,1.38822
2022-10-14 02:00:00,1.37655,1.38991,1.37046,1.3887,391489.81,1.38822
2022-10-13 02:00:00,1.38195,1.39788,1.37077,1.37654,399660.47,1.37645
2022-10-12 02:00:00,1.37932,1.38314,1.37609,1.38196,371729.59,1.38186
2022-10-11 02:00:00,1.37741,1.38566,1.37152,1.37934,388933.26,1.37926
2022-10-10 02:00:00,1.37328,1.37839,1.3704,1.37742,316495.39,1.37732
2022-10-09 02:00:00,1.37497,1.37556,1.37316,1.37331,13217.01,1.37321
2022-10-08 02:00:00,1.37416,1.37416,1.37416,1.37416,0.0,1.37394
2022-10-07 02:00:00,1.3743,1.37617,1.36765,1.37416,318566.79,1.37394
2022-10-06 02:00:00,1.35977,1.37563,1.35655,1.3743,359632.18,1.3742
2022-10-05 02:00:00,1.35089,1.36966,1.35048,1.35977,341274.87,1.35966
2022-10-04 02:00:00,1.36276,1.36653,1.35038,1.35089,345197.2,1.35078
2022-10-03 02:00:00,1.37847,1.38066,1.36213,1.36275,380510.83,1.36265
2022-10-02 02:00:00,1.38288,1.38346,1.37789,1.37847,18288.18,1.37838
2022-10-01 02:00:00,1.38399,1.38399,1.38399,1.38399,0.0,1.38352
2022-09-30 02:00:00,1.36761,1.38399,1.36589,1.38399,373989.58,1.38352
2022-09-29 02:00:00,1.36308,1.37566,1.36283,1.36762,419616.47,1.36753
2022-09-28 02:00:00,1.37244,1.38339,1.3604,1.36308,444156.66,1.36299
2022-09-27 02:00:00,1.37137,1.37763,1.36407,1.37245,383897.02,1.37234
2022-09-26 02:00:00,1.35809,1.38091,1.35601,1.37137,397657.86,1.37128
2022-09-25 02:00:00,1.36122,1.36187,1.35777,1.35807,13317.63,1.35796
2022-09-24 02:00:00,1.35898,1.35898,1.35898,1.35898,0.0,1.35844
2022-09-23 02:00:00,1.34741,1.36132,1.34689,1.35898,316930.81,1.35844
2022-09-22 02:00:00,1.34802,1.35454,1.34098,1.3474,359766.89,1.34732
2022-09-21 02:00:00,1.33658,1.34866,1.33586,1.34802,342590.4,1.34792
2022-09-20 02:00:00,1.32446,1.33759,1.32282,1.33656,224083.96,1.33648
2022-09-19 02:00:00,1.32595,1.3345,1.32435,1.32446,228692.34,1.32436
2022-09-18 02:00:00,1.32732,1.32794,1.32527,1.32596,7743.07,1.32587
2022-09-17 02:00:00,1.32674,1.32674,1.32674,1.32674,0.0,1.32651
2022-09-16 02:00:00,1.32499,1.33087,1.32294,1.32674,248680.3,1.32651
2022-09-15 02:00:00,1.31611,1.3253,1.31556,1.32504,292055.48,1.32494
2022-09-14 02:00:00,1.31683,1.3207,1.31399,1.3161,324194.02,1.31602
2022-09-13 02:00:00,1.29828,1.31823,1.29545,1.31683,305155.35,1.31675
2022-09-12 02:00:00,1.30247,1.30375,1.29645,1.29828,217957.68,1.29819
2022-09-11 02:00:00,1.30569,1.30658,1.30211,1.30254,7041.94,1.30243
2022-09-10 02:00:00,1.30299,1.30299,1.30299,1.30299,0.0,1.30246
2022-09-09 02:00:00,1.30826,1.30837,1.29826,1.30299,235465.12,1.30246
2022-09-08 02:00:00,1.31304,1.31604,1.3078,1.30826,252380.28,1.30817
2022-09-07 02:00:00,1.31568,1.32097,1.31114,1.31305,254845.37,1.31297
2022-09-06 02:00:00,1.3131,1.31711,1.30976,1.31567,223079.83,1.31558
2022-09-05 02:00:00,1.31434,1.31747,1.31277,1.31313,124664.75,1.31304
2022-09-04 02:00:00,1.31316,1.31496,1.31312,1.31436,8489.03,1.31426
2022-09-03 02:00:00,1.31347,1.31347,1.31347,1.31347,0.0,1.31293
2022-09-02 02:00:00,1.31497,1.31708,1.30754,1.31347,221131.71,1.31293
2022-09-01 02:00:00,1.31441,1.32087,1.31413,1.31495,250498.55,1.31486
2022-08-31 02:00:00,1.30922,1.31463,1.30643,1.3144,283094.2,1.31431
2022-08-30 02:00:00,1.30033,1.31087,1.29729,1.30921,254524.38,1.30912
2022-08-29 02:00:00,1.30633,1.30767,1.29916,1.30036,217996.08,1.30026
2022-08-28 02:00:00,1.30378,1.30696,1.30362,1.30632,13698.0,1.30625
2022-08-27 02:00:00,1.30346,1.30346,1.30346,1.30346,0.0,1.3033
2022-08-26 02:00:00,1.29403,1.30446,1.2905,1.30346,213173.86,1.3033
2022-08-25 02:00:00,1.29721,1.29769,1.28959,1.29401,205150.27,1.29394
2022-08-24 02:00:00,1.29605,1.30194,1.29572,1.29721,212461.75,1.29712
2022-08-23 02:00:00,1.30503,1.30641,1.29342,1.29605,228923.97,1.29596
2022-08-22 02:00:00,1.30016,1.30618,1.29724,1.30503,170763.16,1.30495
2022-08-21 02:00:00,1.29948,1.30052,1.29939,1.30016,5055.82,1.30008
2022-08-20 02:00:00,1.29976,1.29976,1.29976,1.29976,0.0,1.29947
2022-08-19 02:00:00,1.29487,1.30098,1.29466,1.29976,170893.07,1.29947
2022-08-18 02:00:00,1.29195,1.29678,1.28814,1.29488,202882.68,1.29478
2022-08-17 02:00:00,1.28471,1.29372,1.28282,1.29197,215434.29,1.29188
2022-08-16 02:00:00,1.29058,1.29295,1.28318,1.28471,188301.19,1.28462
2022-08-15 02:00:00,1.2782,1.29349,1.27735,1.29058,165905.77,1.2905
2022-08-14 02:00:00,1.27793,1.27906,1.27726,1.27821,7163.41,1.2781
2022-08-13 02:00:00,1.2779,1.2779,1.2779,1.2779,0.0,1.27756
2022-08-12 02:00:00,1.27649,1.28037,1.27402,1.2779,161229.04,1.27756
2022-08-11 02:00:00,1.27757,1.27926,1.27284,1.27647,190993.03,1.27638
2022-08-10 02:00:00,1.28869,1.28964,1.27518,1.27755,196599.96,1.27747
2022-08-09 02:00:00,1.28565,1.29014,1.28441,1.28867,168634.39,1.28858
2022-08-08 02:00:00,1.29451,1.2951,1.28396,1.28566,167180.84,1.28558
2022-08-07 02:00:00,1.29402,1.29476,1.29365,1.29451,6465.91,1.29441
2022-08-06 02:00:00,1.29329,1.29329,1.29329,1.29329,0.0,1.29309
2022-08-05 02:00:00,1.28704,1.2986,1.28648,1.29329,207569.55,1.29309
2022-08-04 02:00:00,1.28562,1.2877,1.28188,1.28705,204785.03,1.28698
2022-08-03 02:00:00,1.28893,1.28926,1.28333,1.28562,226591.1,1.28553
2022-08-02 02:00:00,1.28452,1.28903,1.28348,1.28889,296136.99,1.2888
2022-08-01 02:00:00,1.28155,1.2857,1.27682,1.28454,214700.8,1.28444
2022-07-31 02:00:00,1.28116,1.28218,1.28033,1.28155,7516.09,1.28146
2022-07-30 02:00:00,1.27987,1.27987,1.27987,1.27987,0.0,1.27956
2022-07-29 02:00:00,1.28077,1.28562,1.27896,1.27987,164482.19,1.27956
2022-07-28 02:00:00,1.28193,1.28703,1.27956,1.28079,177021.83,1.28071
2022-07-27 02:00:00,1.28768,1.29124,1.2809,1.28192,161288.62,1.28184
2022-07-26 02:00:00,1.28522,1.2902,1.28165,1.2877,128863.11,1.28761
2022-07-25 02:00:00,1.29268,1.29476,1.28355,1.28523,152057.94,1.28515
2022-07-24 02:00:00,1.29273,1.29283,1.29129,1.2927,5239.1,1.29262
2022-07-23 02:00:00,1.29194,1.29194,1.29194,1.29194,0.0,1.29156
2022-07-22 02:00:00,1.28812,1.29287,1.28229,1.29194,158418.58,1.29156
2022-07-21 02:00:00,1.2888,1.29377,1.28602,1.28812,226198.6,1.28803
2022-07-20 02:00:00,1.28748,1.29077,1.28552,1.28879,161027.38,1.28871
2022-07-19 02:00:00,1.29811,1.29895,1.28664,1.28748,178341.61,1.28741
2022-07-18 02:00:00,1.30088,1.30259,1.28989,1.29806,150740.58,1.29798
2022-07-17 02:00:00,1.30248,1.30255,1.30064,1.30089,6528.42,1.30081
2022-07-16 02:00:00,1.30319,1.30319,1.30319,1.30319,0.0,1.3027
2022-07-15 02:00:00,1.31091,1.31364,1.3014,1.30319,184564.82,1.3027
2022-07-14 02:00:00,1.30005,1.32241,1.29724,1.31089,244046.0,1.31082
2022-07-13 02:00:00,1.30341,1.30611,1.29374,1.30008,212402.07,1.30001
2022-07-12 02:00:00,1.29985,1.30511,1.29846,1.3034,163148.33,1.30332
2022-07-11 02:00:00,1.29491,1.30524,1.29484,1.29985,142798.18,1.29977
2022-07-10 02:00:00,1.29524,1.29568,1.29428,1.29493,4916.28,1.29484
2022-07-09 02:00:00,1.29431,1.29431,1.29431,1.29431,0.0,1.29398
2022-07-08 02:00:00,1.29688,1.30364,1.29368,1.29431,154326.14,1.29398
2022-07-07 02:00:00,1.30386,1.30567,1.29636,1.2969,142976.65,1.29682
2022-07-06 02:00:00,1.30332,1.30786,1.30126,1.30385,187836.49,1.30378
2022-07-05 02:00:00,1.28597,1.30841,1.28444,1.30332,162125.35,1.30324
2022-07-04 02:00:00,1.28905,1.29036,1.28379,1.28596,98742.13,1.28587
2022-07-03 02:00:00,1.2887,1.28977,1.2878,1.28903,5295.18,1.28894
2022-07-02 02:00:00,1.28931,1.28931,1.28931,1.28931,0.0,1.28892
2022-07-01 02:00:00,1.28735,1.2967,1.28677,1.28931,163072.99,1.28892
2022-06-30 02:00:00,1.28854,1.2934,1.2862,1.28737,187106.03,1.28729
2022-06-29 02:00:00,1.28749,1.29007,1.28444,1.28852,168593.99,1.28843
2022-06-28 02:00:00,1.28728,1.28953,1.282,1.28748,150275.79,1.28741
2022-06-27 02:00:00,1.29,1.29173,1.28649,1.28728,133261.67,1.28721
2022-06-26 02:00:00,1.2897,1.29008,1.28852,1.28998,5104.61,1.28992
2022-06-25 02:00:00,1.28941,1.28941,1.28941,1.28941,0.0,1.2891
2022-06-24 02:00:00,1.29909,1.30009,1.2891,1.28941,134635.45,1.2891
2022-06-23 02:00:00,1.29642,1.30182,1.29373,1.29909,184061.2,1.29902
2022-06-22 02:00:00,1.29338,1.29972,1.29127,1.2964,154282.49,1.29632
2022-06-21 02:00:00,1.29852,1.2986,1.29067,1.29338,118396.22,1.2933
2022-06-20 02:00:00,1.30015,1.30263,1.29762,1.29849,119680.7,1.29843
2022-06-19 02:00:00,1.30386,1.30458,1.29967,1.30013,6390.6,1.30008
2022-06-18 02:00:00,1.30314,1.30314,1.30314,1.30314,0.0,1.30262
2022-06-17 02:00:00,1.29563,1.30796,1.29416,1.30314,184412.93,1.30262
2022-06-16 02:00:00,1.2873,1.2971,1.28614,1.29562,199474.16,1.29556
2022-06-15 02:00:00,1.29486,1.29967,1.28632,1.2873,218277.86,1.28723
2022-06-14 02:00:00,1.28914,1.29754,1.28669,1.29488,221644.17,1.29481
2022-06-13 02:00:00,1.2798,1.29029,1.27945,1.28915,215543.08,1.28908
2022-06-12 02:00:00,1.27883,1.28017,1.27819,1.27979,7431.67,1.2797
2022-06-11 02:00:00,1.27851,1.27851,1.27851,1.27851,0.0,1.27798
2022-06-10 02:00:00,1.27036,1.28132,1.26821,1.27851,154273.24,1.27798
2022-06-09 02:00:00,1.25553,1.27056,1.25501,1.27036,133795.75,1.27029
2022-06-08 02:00:00,1.25371,1.25691,1.25179,1.25552,118702.65,1.25544
2022-06-07 02:00:00,1.2583,1.26194,1.25243,1.25371,128275.02,1.25366
2022-06-06 02:00:00,1.25888,1.26017,1.25356,1.25831,106350.96,1.25824
2022-06-05 02:00:00,1.2598,1.25984,1.25799,1.25888,4423.9,1.25882
2022-06-04 02:00:00,1.2598,1.2598,1.2598,1.2598,0.0,1.25946
2022-06-03 02:00:00,1.25723,1.25983,1.25516,1.2598,118053.9,1.25946
2022-06-02 02:00:00,1.26689,1.26869,1.25651,1.25723,118272.8,1.25716
2022-06-01 02:00:00,1.26374,1.26774,1.26076,1.26684,146699.95,1.26678
2022-05-31 02:00:00,1.26579,1.26874,1.26297,1.26381,147142.03,1.26374
2022-05-30 02:00:00,1.2726,1.2727,1.26512,1.2658,84024.27,1.26574
2022-05-29 02:00:00,1.27459,1.27459,1.27199,1.2726,5023.93,1.27256
2022-05-28 02:00:00,1.27303,1.27303,1.27303,1.27303,0.0,1.2725
2022-05-27 02:00:00,1.27761,1.27837,1.27185,1.27303,116054.62,1.2725
2022-05-26 02:00:00,1.28212,1.28494,1.27695,1.27761,153207.28,1.27753
2022-05-25 02:00:00,1.28246,1.28858,1.28034,1.28211,182358.25,1.28204
2022-05-24 02:00:00,1.27888,1.28734,1.27796,1.28244,148379.14,1.28236
2022-05-23 02:00:00,1.28165,1.28197,1.27673,1.27886,142232.56,1.27878
2022-05-22 02:00:00,1.28584,1.28584,1.28128,1.28163,6114.71,1.28156
2022-05-21 02:00:00,1.28432,1.28432,1.28432,1.28432,0.0,1.28395
2022-05-20 02:00:00,1.28199,1.28689,1.27771,1.28432,159389.81,1.28395
2022-05-19 02:00:00,1.28891,1.28895,1.27835,1.28199,219060.55,1.28192
2022-05-18 02:00:00,1.28077,1.28967,1.27957,1.28896,145154.69,1.28887
2022-05-17 02:00:00,1.2851,1.28594,1.28046,1.28072,136703.97,1.28064
2022-05-16 02:00:00,1.29066,1.29825,1.2837,1.28511,172593.88,1.28504
2022-05-15 02:00:00,1.29324,1.29324,1.29019,1.29063,8646.54,1.29055
2022-05-14 02:00:00,1.29122,1.29122,1.29122,1.29122,0.0,1.29073
2022-05-13 02:00:00,1.30268,1.30323,1.29018,1.29122,159283.91,1.29073
2022-05-12 02:00:00,1.29963,1.30774,1.29779,1.30255,252817.9,1.30252
2022-05-11 02:00:00,1.3033,1.30402,1.29216,1.29964,211299.64,1.29957
2022-05-10 02:00:00,1.30116,1.30531,1.29625,1.3033,224432.35,1.30322
2022-05-09 02:00:00,1.29197,1.30204,1.29087,1.30114,186015.28,1.30106
2022-05-08 02:00:00,1.29083,1.2921,1.29057,1.29198,8699.42,1.2919
2022-05-07 02:00:00,1.29104,1.29104,1.29104,1.29104,0.0,1.29049
2022-05-06 02:00:00,1.28287,1.29135,1.28148,1.29104,207705.61,1.29049
2022-05-05 02:00:00,1.27389,1.2869,1.27144,1.2829,167997.33,1.28282
2022-05-04 02:00:00,1.28346,1.28541,1.27306,1.27389,148539.92,1.27381
2022-05-03 02:00:00,1.28719,1.28942,1.2826,1.28348,133644.97,1.28342
2022-05-02 02:00:00,1.28562,1.29145,1.28473,1.28718,121890.22,1.28712
2022-05-01 02:00:00,1.28571,1.28633,1.28423,1.28562,7215.27,1.28554
2022-04-30 02:00:00,1.28643,1.28643,1.28643,1.28643,0.0,1.2859
2022-04-29 02:00:00,1.2805,1.28655,1.27195,1.28643,141072.13,1.2859
2022-04-28 02:00:00,1.28162,1.28803,1.27917,1.2805,146760.44,1.28042
2022-04-27 02:00:00,1.28076,1.28546,1.27788,1.28161,150874.13,1.28153
2022-04-26 02:00:00,1.27395,1.28324,1.26852,1.28077,138530.52,1.28069
2022-04-25 02:00:00,1.27242,1.27777,1.27159,1.27394,159281.58,1.27386
2022-04-24 02:00:00,1.27259,1.27288,1.27092,1.27241,5902.86,1.27236
2022-04-23 02:00:00,1.27182,1.27182,1.27182,1.27182,0.0,1.27134
2022-04-22 02:00:00,1.25931,1.27269,1.25858,1.27182,139584.16,1.27134
2022-04-21 02:00:00,1.24884,1.25935,1.24592,1.25931,118668.83,1.25924
2022-04-20 02:00:00,1.26055,1.26253,1.24728,1.24883,122958.69,1.24878
2022-04-19 02:00:00,1.26017,1.26477,1.25691,1.26056,114220.1,1.26049
2022-04-18 02:00:00,1.26156,1.2645,1.26006,1.26016,97498.81,1.26009
2022-04-17 02:00:00,1.26172,1.26229,1.26093,1.26155,3628.53,1.26148
2022-04-16 02:00:00,1.26161,1.26161,1.26161,1.26161,0.0,1.26122
2022-04-15 02:00:00,1.26171,1.26246,1.25914,1.26161,209481.71,1.26122
2022-04-14 02:00:00,1.2569,1.26428,1.25222,1.2616,121785.55,1.26123
2022-04-13 02:00:00,1.26362,1.26769,1.25558,1.25692,113377.83,1.25686
2022-04-12 02:00:00,1.26411,1.26624,1.25822,1.26361,121915.08,1.26354
2022-04-11 02:00:00,1.25814,1.2645,1.25737,1.26411,105275.05,1.26404
2022-04-10 02:00:00,1.25723,1.25926,1.2567,1.25815,3171.93,1.25809
2022-04-09 02:00:00,1.25747,1.25747,1.25747,1.25747,0.0,1.25693
2022-04-08 02:00:00,1.2588,1.26199,1.25656,1.25747,87022.81,1.25693
2022-04-07 02:00:00,1.25653,1.26122,1.25391,1.2588,101609.16,1.25874
2022-04-06 02:00:00,1.24855,1.25673,1.24796,1.25651,108587.35,1.25644
2022-04-05 02:00:00,1.2487,1.24985,1.24032,1.24854,82882.31,1.24848
2022-04-04 02:00:00,1.25282,1.25296,1.24687,1.24871,67016.31,1.24864
2022-04-03 02:00:00,1.25198,1.25284,1.2518,1.25282,1980.76,1.25274
2022-04-02 02:00:00,1.25186,1.25186,1.25186,1.25186,0.0,1.25138
2022-04-01 02:00:00,1.2503,1.25404,1.24813,1.25186,88354.99,1.25138
2022-03-31 02:00:00,1.24848,1.25342,1.24648,1.25028,104848.02,1.25022
2022-03-30 02:00:00,1.24994,1.25094,1.243,1.24847,103899.74,1.2484
2022-03-29 02:00:00,1.25222,1.25307,1.24707,1.24992,121761.15,1.24986
2022-03-28 02:00:00,1.24879,1.25934,1.24742,1.25225,117654.39,1.25218
2022-03-27 01:00:00,1.24883,1.24946,1.24776,1.2488,5411.92,1.24872
2022-03-26 01:00:00,1.24788,1.24788,1.24788,1.24788,0.0,1.2476
2022-03-25 01:00:00,1.25211,1.25539,1.24662,1.24788,101304.78,1.2476
2022-03-24 01:00:00,1.25603,1.25869,1.25098,1.25214,102405.58,1.25208
2022-03-23 01:00:00,1.25841,1.26065,1.25427,1.25607,84510.56,1.25599
2022-03-22 01:00:00,1.25891,1.26248,1.25654,1.25841,106110.27,1.25835
2022-03-21 01:00:00,1.26068,1.26224,1.25658,1.2589,111715.81,1.25883
2022-03-20 01:00:00,1.26179,1.26232,1.25978,1.26071,3134.42,1.26065
2022-03-19 01:00:00,1.26068,1.26068,1.26068,1.26068,0.0,1.26038
2022-03-18 01:00:00,1.26325,1.26473,1.25897,1.26068,103200.63,1.26038
2022-03-17 01:00:00,1.26888,1.26996,1.26139,1.26332,134897.97,1.26326
2022-03-16 01:00:00,1.27721,1.27792,1.26756,1.26887,156796.47,1.2688
2022-03-15 01:00:00,1.28229,1.28721,1.27621,1.2772,141691.57,1.27713
2022-03-14 01:00:00,1.27365,1.28277,1.27342,1.28225,163089.18,1.28218
2022-03-13 01:00:00,1.27439,1.27461,1.27301,1.27366,7488.63,1.27358
2022-03-12 01:00:00,1.27556,1.27556,1.27556,1.27556,0.0,1.2751
2022-03-11 01:00:00,1.27573,1.27949,1.26945,1.27556,175303.16,1.2751
2022-03-10 01:00:00,1.27999,1.28428,1.27511,1.27572,168507.94,1.27566
2022-03-09 01:00:00,1.28919,1.28933,1.27991,1.27999,184097.69,1.27992
2022-03-08 01:00:00,1.28001,1.29015,1.27969,1.28918,242031.72,1.28911
2022-03-07 01:00:00,1.27161,1.28226,1.2686,1.28001,259822.08,1.27994
2022-03-06 01:00:00,1.27301,1.27588,1.27139,1.2716,7110.39,1.27151
2022-03-05 01:00:00,1.27355,1.27355,1.27355,1.27355,0.0,1.27302
2022-03-04 01:00:00,1.2672,1.27926,1.26706,1.27355,202999.94,1.27302
2022-03-03 01:00:00,1.26477,1.26933,1.25876,1.26721,151765.3,1.26714
2022-03-02 01:00:00,1.27247,1.27459,1.26285,1.26475,183239.19,1.26468
2022-03-01 01:00:00,1.26685,1.27507,1.26541,1.27252,150852.51,1.27246
2022-02-28 01:00:00,1.27573,1.28107,1.266,1.2668,215385.43,1.26674
2022-02-27 01:00:00,1.27714,1.2776,1.27443,1.27569,8104.01,1.27561
2022-02-26 01:00:00,1.27031,1.27031,1.27031,1.27031,0.0,1.26982
2022-02-25 01:00:00,1.28087,1.28213,1.26963,1.27031,201425.15,1.26982
2022-02-24 01:00:00,1.27351,1.28782,1.27326,1.28087,336129.42,1.2808
2022-02-23 01:00:00,1.27682,1.27692,1.26822,1.27352,118411.25,1.27343
2022-02-22 01:00:00,1.27584,1.27838,1.27195,1.27682,169526.12,1.27674
2022-02-21 01:00:00,1.27574,1.27666,1.27225,1.27586,125339.02,1.27577
2022-02-20 01:00:00,1.27533,1.27636,1.27489,1.27577,3831.93,1.27569
2022-02-19 01:00:00,1.2761,1.2761,1.2761,1.2761,0.0,1.27556
2022-02-18 01:00:00,1.27101,1.27618,1.26742,1.2761,134915.62,1.27556
2022-02-17 01:00:00,1.26973,1.27354,1.26752,1.27099,180136.32,1.27092
2022-02-16 01:00:00,1.27263,1.27266,1.26645,1.2697,128911.25,1.26962
2022-02-15 01:00:00,1.273,1.27752,1.27018,1.27261,144782.9,1.27254
2022-02-14 01:00:00,1.27252,1.27847,1.27202,1.27299,194281.19,1.27294
2022-02-13 01:00:00,1.27406,1.27462,1.27215,1.27253,4435.48,1.27245
2022-02-12 01:00:00,1.27417,1.27417,1.27417,1.27417,0.0,1.27367
2022-02-11 01:00:00,1.27347,1.27546,1.26699,1.27417,189489.43,1.27367
2022-02-10 01:00:00,1.26771,1.27353,1.26365,1.27347,138865.89,1.27341
2022-02-09 01:00:00,1.27067,1.27162,1.26658,1.26773,75216.28,1.26766
2022-02-08 01:00:00,1.26671,1.27214,1.26652,1.2707,117509.56,1.27064
2022-02-07 01:00:00,1.27469,1.27574,1.26584,1.26669,143494.81,1.26661
2022-02-06 01:00:00,1.27516,1.27541,1.27468,1.2747,2321.93,1.27464
2022-02-05 01:00:00,1.27704,1.27704,1.27704,1.27704,0.0,1.27662
2022-02-04 01:00:00,1.26803,1.27881,1.26636,1.27704,142982.35,1.27662
2022-02-03 01:00:00,1.26878,1.27162,1.26585,1.26798,139048.27,1.26791
2022-02-02 01:00:00,1.26911,1.27066,1.26508,1.26877,106659.31,1.26871
2022-02-01 01:00:00,1.27189,1.27272,1.26556,1.26906,127961.29,1.26902
2022-01-31 01:00:00,1.27612,1.27761,1.26827,1.27188,141126.64,1.27181
2022-01-30 01:00:00,1.27769,1.27796,1.27604,1.27611,4069.22,1.27602
2022-01-29 01:00:00,1.27733,1.27733,1.27733,1.27733,0.0,1.27677
2022-01-28 01:00:00,1.27484,1.27974,1.27136,1.27733,207357.25,1.27677
2022-01-27 01:00:00,1.26572,1.27486,1.26505,1.27478,233007.6,1.27472
2022-01-26 01:00:00,1.26181,1.26889,1.25601,1.26573,224859.68,1.26566
2022-01-25 01:00:00,1.26268,1.26698,1.25978,1.2618,208640.4,1.26173
2022-01-24 01:00:00,1.2563,1.27023,1.25551,1.26267,191795.85,1.26261
2022-01-23 01:00:00,1.25825,1.25848,1.25625,1.25626,6583.22,1.25618
2022-01-22 01:00:00,1.25855,1.25855,1.25855,1.25855,0.0,1.25796
2022-01-21 01:00:00,1.25015,1.25888,1.24991,1.25855,132919.93,1.25796
2022-01-20 01:00:00,1.25117,1.25161,1.24537,1.25017,103921.77,1.2501
2022-01-19 01:00:00,1.24987,1.25256,1.24514,1.25117,119896.88,1.2511
2022-01-18 01:00:00,1.2517,1.2564,1.24868,1.24988,122670.21,1.24981
2022-01-17 01:00:00,1.25427,1.25528,1.25008,1.25171,71000.84,1.25164
2022-01-16 01:00:00,1.25442,1.2558,1.25403,1.25426,4132.19,1.25418
2022-01-15 01:00:00,1.25541,1.25541,1.25541,1.25541,0.0,1.25502
2022-01-14 01:00:00,1.2509,1.25711,1.24715,1.25541,100654.25,1.25502
2022-01-13 01:00:00,1.25039,1.25248,1.24539,1.25093,89786.79,1.25086
2022-01-12 01:00:00,1.25787,1.25806,1.24959,1.25039,90226.93,1.25034
2022-01-11 01:00:00,1.26665,1.26711,1.25678,1.25788,112162.37,1.2578
2022-01-10 01:00:00,1.26488,1.26985,1.2611,1.26669,101351.91,1.26662
2022-01-09 01:00:00,1.26504,1.26577,1.26375,1.26487,3726.23,1.26481
2022-01-08 01:00:00,1.26475,1.26475,1.26475,1.26475,0.0,1.26431
2022-01-07 01:00:00,1.27316,1.27317,1.26324,1.26475,88311.1,1.26431
2022-01-06 01:00:00,1.27613,1.28145,1.27073,1.27313,105554.38,1.27306
2022-01-05 01:00:00,1.27061,1.27672,1.26922,1.27612,81306.99,1.27604
2022-01-04 01:00:00,1.27529,1.27667,1.2668,1.2706,86320.38,1.27053
2022-01-03 01:00:00,1.26608,1.27797,1.26457,1.27525,103092.86,1.27518
2022-01-02 01:00:00,1.26423,1.26607,1.26316,1.26602,1632.02,1.26596
2022-01-01 01:00:00,1.26454,1.26454,1.26454,1.26454,0.0,1.26405
2021-12-31 01:00:00,1.27465,1.27517,1.2621,1.26454,75166.9,1.26405
2021-12-30 01:00:00,1.27841,1.28135,1.27346,1.27462,67838.33,1.27455
2021-12-29 01:00:00,1.28163,1.28357,1.27839,1.27841,52512.51,1.27834
2021-12-28 01:00:00,1.27894,1.28336,1.27828,1.28163,45773.83,1.28156
2021-12-27 01:00:00,1.28167,1.28483,1.27795,1.27892,37082.35,1.27884
2021-12-26 01:00:00,1.28152,1.28188,1.28073,1.28166,1646.96,1.2816
2021-12-25 01:00:00,1.28319,1.28319,1.28319,1.28319,0.0,1.2815
2021-12-24 01:00:00,1.28283,1.28356,1.27872,1.28319,204050.01,1.2815
2021-12-23 01:00:00,1.28523,1.28543,1.27988,1.28283,59022.99,1.28273
2021-12-22 01:00:00,1.29242,1.29248,1.28335,1.28523,67037.61,1.28518
2021-12-21 01:00:00,1.29374,1.29467,1.29122,1.29241,86511.16,1.29236
2021-12-20 01:00:00,1.28997,1.29645,1.28878,1.29374,135169.56,1.29368
2021-12-19 01:00:00,1.28986,1.29032,1.28866,1.28998,4217.62,1.28992
2021-12-18 01:00:00,1.29009,1.29009,1.29009,1.29009,0.0,1.28951
2021-12-17 01:00:00,1.27813,1.29039,1.27792,1.29009,127126.06,1.28951
2021-12-16 01:00:00,1.28378,1.28585,1.27642,1.27817,128436.95,1.27812
2021-12-15 01:00:00,1.2868,1.29392,1.28319,1.28382,117778.59,1.28375
2021-12-14 01:00:00,1.28091,1.28686,1.2798,1.2868,93433.02,1.28674
2021-12-13 01:00:00,1.2722,1.2822,1.27066,1.28091,97109.04,1.28085
2021-12-12 01:00:00,1.27357,1.27361,1.27186,1.27219,5598.69,1.27213
2021-12-11 01:00:00,1.27308,1.27308,1.27308,1.27308,0.0,1.27256
2021-12-10 01:00:00,1.27073,1.274,1.26802,1.27308,98973.9,1.27256
2021-12-09 01:00:00,1.26532,1.27225,1.2651,1.27071,80022.63,1.27066
2021-12-08 01:00:00,1.26468,1.2667,1.26084,1.26532,113219.24,1.26524
2021-12-07 01:00:00,1.27633,1.27681,1.26356,1.26471,83438.69,1.26465
2021-12-06 01:00:00,1.28186,1.28436,1.27544,1.27633,103233.59,1.27626
2021-12-05 01:00:00,1.28401,1.28451,1.28182,1.28186,3845.26,1.2818
2021-12-04 01:00:00,1.28542,1.28542,1.28542,1.28542,0.0,1.28486
2021-12-03 01:00:00,1.2819,1.28554,1.27445,1.28542,148033.11,1.28486
2021-12-02 01:00:00,1.28123,1.28381,1.27791,1.28188,134130.19,1.28181
2021-12-01 01:00:00,1.27756,1.28306,1.27134,1.28124,126751.72,1.28118
2021-11-30 01:00:00,1.2739,1.2838,1.27328,1.27757,174889.65,1.27751
2021-11-29 01:00:00,1.27263,1.27939,1.27212,1.2739,108450.92,1.27383
2021-11-28 01:00:00,1.2754,1.27678,1.2726,1.27264,7214.98,1.27258
2021-11-27 01:00:00,1.27962,1.27962,1.27962,1.27962,0.0,1.2791
2021-11-26 01:00:00,1.26653,1.28014,1.26618,1.27962,141481.02,1.2791
2021-11-25 01:00:00,1.26628,1.26778,1.26413,1.2665,58314.24,1.26645
2021-11-24 01:00:00,1.26772,1.27108,1.26515,1.26628,93986.88,1.26622
2021-11-23 01:00:00,1.2703,1.27456,1.26606,1.26773,117116.49,1.26766
2021-11-22 01:00:00,1.2655,1.27072,1.26286,1.27026,92715.8,1.2702
2021-11-21 01:00:00,1.26491,1.26559,1.2644,1.26553,3918.91,1.26547
2021-11-20 01:00:00,1.26477,1.26477,1.26477,1.26477,0.0,1.26428
2021-11-19 01:00:00,1.26051,1.26629,1.25853,1.26477,100512.42,1.26428
2021-11-18 01:00:00,1.26125,1.26477,1.25934,1.26049,75576.35,1.26043
2021-11-17 01:00:00,1.25668,1.26232,1.25412,1.26119,96861.28,1.26114
2021-11-16 01:00:00,1.25159,1.25692,1.24933,1.25667,80688.77,1.25662
2021-11-15 01:00:00,1.25472,1.25568,1.25022,1.25155,67389.23,1.25149
2021-11-14 01:00:00,1.25504,1.25555,1.25448,1.25468,2297.75,1.25461
2021-11-13 01:00:00,1.25566,1.25566,1.25566,1.25566,0.0,1.25509
2021-11-12 01:00:00,1.259,1.26055,1.2542,1.25566,67331.65,1.25509
2021-11-11 01:00:00,1.24886,1.25973,1.24829,1.259,83627.84,1.25893
2021-11-10 01:00:00,1.24377,1.25045,1.23879,1.24881,111199.42,1.24875
2021-11-09 01:00:00,1.2443,1.2487,1.24291,1.24376,73525.81,1.24369
2021-11-08 01:00:00,1.24524,1.24662,1.24364,1.24435,74542.65,1.24428
2021-11-07 01:00:00,1.24568,1.24596,1.24454,1.24524,1984.03,1.24517
2021-10-30 02:00:00,1.23939,1.23939,1.23939,1.23939,0.0,1.23881
2021-10-29 02:00:00,1.23482,1.24089,1.23283,1.23939,99715.69,1.23881
2021-10-28 02:00:00,1.23709,1.23832,1.23304,1.23483,115080.38,1.23476
2021-10-27 02:00:00,1.23925,1.24321,1.2301,1.23711,107548.59,1.23704
2021-10-26 02:00:00,1.23801,1.23969,1.23509,1.23925,72653.91,1.23917
2021-10-25 02:00:00,1.23731,1.24007,1.23389,1.238,78863.84,1.23794
2021-10-24 02:00:00,1.23736,1.23802,1.2366,1.23729,2425.22,1.23722
2021-10-23 02:00:00,1.23721,1.23721,1.23721,1.23721,0.0,1.2367
2021-10-22 02:00:00,1.23719,1.23906,1.23215,1.23721,98561.51,1.2367
2021-10-21 02:00:00,1.23263,1.23844,1.22891,1.23719,81910.83,1.23713
2021-10-20 02:00:00,1.23564,1.23674,1.23081,1.23262,79574.75,1.23255
2021-10-19 02:00:00,1.23735,1.2375,1.23119,1.23565,71447.83,1.23558
2021-10-18 02:00:00,1.23749,1.24103,1.23512,1.23734,73833.47,1.23728
2021-10-17 02:00:00,1.23746,1.23881,1.23491,1.23751,3749.67,1.23745
2021-10-16 02:00:00,1.23697,1.23697,1.23697,1.23697,0.0,1.23638
2021-10-15 02:00:00,1.23765,1.23981,1.23371,1.23697,66947.26,1.23638
2021-10-14 02:00:00,1.24396,1.24398,1.23552,1.23765,77351.37,1.23758
2021-10-13 02:00:00,1.24786,1.24796,1.24314,1.24394,76556.3,1.24389
2021-10-12 02:00:00,1.24818,1.24993,1.24349,1.24784,85184.17,1.24778
2021-10-11 02:00:00,1.24856,1.24927,1.24468,1.24819,70944.81,1.24813
2021-10-10 02:00:00,1.24826,1.24873,1.24677,1.24855,3242.5,1.24848
2021-10-09 02:00:00,1.24752,1.24752,1.24752,1.24752,0.0,1.24706
2021-10-08 02:00:00,1.25486,1.25632,1.24523,1.24752,96105.32,1.24706
2021-10-07 02:00:00,1.25869,1.26003,1.25409,1.25487,91564.6,1.2548
2021-10-06 02:00:00,1.25844,1.26485,1.25821,1.25868,126569.56,1.25862
2021-10-05 02:00:00,1.2591,1.26304,1.25461,1.25844,98127.95,1.25838
2021-10-04 02:00:00,1.26275,1.26556,1.25583,1.25908,123178.26,1.25901
2021-10-03 02:00:00,1.26481,1.2649,1.26142,1.26275,3670.13,1.26269
2021-10-02 02:00:00,1.26532,1.26532,1.26532,1.26532,0.0,1.26474
2021-10-01 02:00:00,1.26853,1.27395,1.26284,1.26532,132212.97,1.26474
2021-09-30 02:00:00,1.2755,1.27577,1.26304,1.26853,134412.62,1.26846
2021-09-29 02:00:00,1.26778,1.2775,1.26692,1.2755,122980.59,1.27545
2021-09-28 02:00:00,1.26273,1.2708,1.25945,1.26777,130570.71,1.26773
2021-09-27 02:00:00,1.26511,1.26734,1.26107,1.26275,96977.84,1.26268
2021-09-26 02:00:00,1.26563,1.26737,1.26489,1.26511,2330.46,1.26503
2021-09-25 02:00:00,1.2656,1.2656,1.2656,1.2656,0.0,1.26516
2021-09-24 02:00:00,1.26635,1.27311,1.26415,1.2656,79961.25,1.26516
2021-09-23 02:00:00,1.27871,1.27968,1.26341,1.26633,95790.83,1.26627
2021-09-22 02:00:00,1.28176,1.28267,1.26988,1.27872,112851.46,1.27866
2021-09-21 02:00:00,1.28038,1.28493,1.27436,1.28175,103663.65,1.28169
2021-09-20 02:00:00,1.27671,1.28969,1.27604,1.28037,134624.67,1.28031
2021-09-19 02:00:00,1.27658,1.27792,1.27615,1.27672,2561.02,1.27664
2021-09-18 02:00:00,1.27734,1.27734,1.27734,1.27734,0.0,1.27694
2021-09-17 02:00:00,1.26827,1.27753,1.26373,1.27734,83016.0,1.27694
2021-09-16 02:00:00,1.26195,1.27002,1.26172,1.26826,80899.19,1.2682
2021-09-15 02:00:00,1.2692,1.27094,1.26185,1.26193,83704.23,1.26187
2021-09-14 02:00:00,1.26493,1.2699,1.26016,1.26921,89732.11,1.26914
2021-09-13 02:00:00,1.26814,1.26961,1.26386,1.26493,75715.54,1.26488
2021-09-12 02:00:00,1.26908,1.26908,1.26783,1.26813,2036.89,1.26806
2021-09-11 02:00:00,1.26951,1.26951,1.26951,1.26951,0.0,1.26924
2021-09-10 02:00:00,1.26666,1.26966,1.25832,1.26951,84696.8,1.26924
2021-09-09 02:00:00,1.26949,1.27286,1.2623,1.26666,103772.53,1.26659
2021-09-08 02:00:00,1.26474,1.27627,1.26268,1.2695,100310.0,1.26943
2021-09-07 02:00:00,1.25355,1.26566,1.25203,1.26475,80713.68,1.26469
2021-09-06 02:00:00,1.25322,1.25598,1.2524,1.25355,60510.33,1.25347
2021-09-05 02:00:00,1.25326,1.25332,1.25207,1.25325,1753.22,1.25317
2021-09-04 02:00:00,1.2532,1.2532,1.2532,1.2532,0.0,1.25266
2021-09-03 02:00:00,1.25538,1.25599,1.24942,1.2532,84647.78,1.25266
2021-09-02 02:00:00,1.26226,1.2639,1.25486,1.25543,69705.89,1.25535
2021-09-01 02:00:00,1.26173,1.26378,1.25811,1.2623,76121.44,1.26221
2021-08-31 02:00:00,1.261,1.26541,1.25699,1.26173,89996.5,1.26167
2021-08-30 02:00:00,1.26134,1.26351,1.25742,1.261,60524.65,1.26093
2021-08-29 02:00:00,1.26254,1.26343,1.26095,1.26133,3356.81,1.26125
2021-08-28 02:00:00,1.26221,1.26221,1.26221,1.26221,0.0,1.26162
2021-08-27 02:00:00,1.26864,1.2709,1.2606,1.26221,79605.06,1.26162
2021-08-26 02:00:00,1.25902,1.2696,1.25895,1.26865,70361.61,1.2686
2021-08-25 02:00:00,1.25975,1.26444,1.2587,1.259,65973.1,1.25894
2021-08-24 02:00:00,1.26543,1.26587,1.25792,1.2598,65674.94,1.25974
2021-08-23 02:00:00,1.28268,1.28272,1.26433,1.26543,75830.09,1.26535
2021-08-22 02:00:00,1.28365,1.28481,1.28203,1.28266,1902.96,1.2826
2021-08-21 02:00:00,1.28304,1.28304,1.28304,1.28304,0.0,1.28252
2021-08-20 02:00:00,1.28323,1.29497,1.28149,1.28304,97230.05,1.28252
2021-08-19 02:00:00,1.26637,1.28335,1.26605,1.28325,121033.61,1.28318
2021-08-18 02:00:00,1.26281,1.2665,1.25986,1.26642,83828.1,1.26635
2021-08-17 02:00:00,1.25722,1.26496,1.25712,1.2628,80932.49,1.26274
2021-08-16 02:00:00,1.2519,1.25849,1.2518,1.25722,54426.14,1.25717
2021-08-15 02:00:00,1.25248,1.25249,1.25126,1.25194,1517.51,1.25188
2021-08-14 02:00:00,1.25213,1.25213,1.25213,1.25213,0.0,1.25157
2021-08-13 02:00:00,1.25209,1.25328,1.25022,1.25213,47134.66,1.25157
2021-08-12 02:00:00,1.25082,1.25342,1.25013,1.25209,56347.16,1.25204
2021-08-11 02:00:00,1.25204,1.2549,1.24901,1.25084,62823.02,1.25079
2021-08-10 02:00:00,1.25764,1.25899,1.25174,1.25201,63051.24,1.25196
2021-08-09 02:00:00,1.25735,1.25883,1.25323,1.25763,68369.1,1.25756
2021-08-08 02:00:00,1.2557,1.25803,1.25529,1.25735,4985.23,1.2573
2021-08-07 02:00:00,1.25581,1.25581,1.25581,1.25581,0.0,1.25545
2021-08-06 02:00:00,1.25025,1.25816,1.24951,1.25581,70223.36,1.25545
2021-08-05 02:00:00,1.25455,1.25461,1.24755,1.25026,69144.73,1.2502
2021-08-04 02:00:00,1.25341,1.25632,1.25163,1.25455,68079.76,1.25448
2021-08-03 02:00:00,1.25022,1.25765,1.24901,1.25341,86610.3,1.25336
2021-08-02 02:00:00,1.24682,1.25155,1.24535,1.2502,70519.43,1.25014
2021-08-01 02:00:00,1.24857,1.2493,1.24652,1.24682,2265.07,1.24676
2021-07-31 02:00:00,1.24779,1.24779,1.24779,1.24779,0.0,1.2472
2021-07-30 02:00:00,1.24505,1.2492,1.24228,1.24779,81121.88,1.2472
2021-07-29 02:00:00,1.25211,1.2531,1.24328,1.24505,74131.35,1.24498
2021-07-28 02:00:00,1.25918,1.26035,1.25162,1.25213,114756.18,1.25205
2021-07-27 02:00:00,1.2544,1.26059,1.25388,1.25919,93209.14,1.25914
2021-07-26 02:00:00,1.2569,1.25914,1.25288,1.25441,78218.87,1.25434
2021-07-25 02:00:00,1.25665,1.25736,1.25602,1.25693,1868.3,1.25686
2021-07-24 02:00:00,1.25709,1.25709,1.25709,1.25709,0.0,1.25645
2021-07-23 02:00:00,1.25649,1.2608,1.25559,1.25709,71670.55,1.25645
2021-07-22 02:00:00,1.25722,1.25954,1.25294,1.2565,87858.79,1.25643
2021-07-21 02:00:00,1.26764,1.27309,1.25264,1.25721,97341.7,1.25716
2021-07-20 02:00:00,1.27503,1.27875,1.26748,1.26764,117101.64,1.26758
2021-07-19 02:00:00,1.26184,1.28081,1.26183,1.27504,128727.77,1.275
2021-07-18 02:00:00,1.26158,1.26237,1.26109,1.26184,2553.81,1.26179
2021-07-17 02:00:00,1.26208,1.26208,1.26208,1.26208,0.0,1.26162
2021-07-16 02:00:00,1.25925,1.26215,1.25616,1.26208,84555.08,1.26162
2021-07-15 02:00:00,1.25169,1.26141,1.25019,1.25927,104716.31,1.2592
2021-07-14 02:00:00,1.25224,1.25268,1.24277,1.25169,107612.43,1.25164
2021-07-13 02:00:00,1.24571,1.25403,1.24431,1.25225,94304.9,1.25219
2021-07-12 02:00:00,1.24494,1.25152,1.24491,1.24571,89739.51,1.24565
2021-07-11 02:00:00,1.24661,1.24675,1.24474,1.24494,2350.03,1.24488
2021-07-10 02:00:00,1.24528,1.24528,1.24528,1.24528,0.0,1.2447
2021-07-09 02:00:00,1.25319,1.25577,1.24442,1.24528,111845.63,1.2447
2021-07-08 02:00:00,1.24831,1.25909,1.24794,1.2532,133234.58,1.25313
2021-07-07 02:00:00,1.24591,1.252,1.24236,1.24831,98123.82,1.24824
2021-07-06 02:00:00,1.23418,1.24956,1.23035,1.24592,88055.66,1.24586
2021-07-05 02:00:00,1.23319,1.23722,1.23247,1.23415,52240.03,1.2341
2021-07-04 02:00:00,1.23308,1.23334,1.23216,1.23318,2538.7,1.23312
2021-07-03 02:00:00,1.23286,1.23286,1.23286,1.23286,0.0,1.23246
2021-07-02 02:00:00,1.24415,1.24504,1.23097,1.23286,74391.23,1.23246
2021-07-01 02:00:00,1.23948,1.24466,1.23654,1.24416,63390.23,1.2441
2021-06-30 02:00:00,1.23978,1.24243,1.23561,1.23948,67681.7,1.23942
2021-06-29 02:00:00,1.23353,1.24046,1.23324,1.23978,60398.52,1.23972
2021-06-28 02:00:00,1.2292,1.23484,1.22883,1.23356,58286.55,1.23352
2021-06-27 02:00:00,1.23023,1.23058,1.22912,1.22919,1474.51,1.22913
2021-06-26 02:00:00,1.22994,1.22994,1.22994,1.22994,0.0,1.22952
2021-06-25 02:00:00,1.23233,1.23306,1.22727,1.22994,59071.48,1.22952
2021-06-24 02:00:00,1.23059,1.23415,1.22832,1.23232,73218.02,1.23225
2021-06-23 02:00:00,1.23118,1.23294,1.22527,1.23057,76848.21,1.23052
2021-06-22 02:00:00,1.23705,1.24036,1.23029,1.23118,81241.9,1.23113
2021-06-21 02:00:00,1.24514,1.24877,1.2354,1.23706,105400.02,1.237
2021-06-20 02:00:00,1.24713,1.24759,1.24422,1.24513,4013.49,1.24507
2021-06-19 02:00:00,1.24671,1.24671,1.24671,1.24671,0.0,1.24636
2021-06-18 02:00:00,1.23462,1.24814,1.23397,1.24671,114078.68,1.24636
2021-06-17 02:00:00,1.22792,1.23788,1.2263,1.23463,116808.83,1.23457
2021-06-16 02:00:00,1.21866,1.22843,1.21573,1.22791,102139.95,1.22785
2021-06-15 02:00:00,1.21439,1.22046,1.21301,1.21866,69850.17,1.21861
2021-06-14 02:00:00,1.21606,1.21719,1.21285,1.2144,67968.34,1.21434
2021-06-13 02:00:00,1.21665,1.21684,1.21575,1.2161,1458.81,1.21604
2021-06-12 02:00:00,1.21651,1.21651,1.21651,1.21651,0.0,1.21617
2021-06-11 02:00:00,1.20969,1.21779,1.20806,1.21651,65340.32,1.21617
2021-06-10 02:00:00,1.21156,1.21259,1.20708,1.2097,76643.97,1.20964
2021-06-09 02:00:00,1.21142,1.21183,1.2059,1.21156,51890.06,1.2115
2021-06-08 02:00:00,1.20876,1.21184,1.20716,1.21138,58588.98,1.21132
2021-06-07 02:00:00,1.20765,1.21072,1.20576,1.20874,51530.48,1.2087
2021-06-06 02:00:00,1.20797,1.20833,1.20738,1.20765,1089.03,1.2076
2021-06-05 02:00:00,1.20785,1.20785,1.20785,1.20785,0.0,1.20756
2021-06-04 02:00:00,1.21104,1.21338,1.20711,1.20785,61728.8,1.20756
2021-06-03 02:00:00,1.20411,1.21204,1.20308,1.21104,59653.74,1.21098
2021-06-02 02:00:00,1.20716,1.20925,1.20297,1.20413,51724.42,1.20408
2021-06-01 02:00:00,1.20618,1.20781,1.20074,1.20717,64417.93,1.20712
2021-05-31 02:00:00,1.20789,1.20924,1.2048,1.20616,62809.99,1.20612
2021-05-30 02:00:00,1.20752,1.20807,1.20722,1.20791,1382.94,1.20785
2021-05-29 02:00:00,1.20757,1.20757,1.20757,1.20757,0.0,1.20725
2021-05-28 02:00:00,1.20717,1.21205,1.20637,1.20757,67087.74,1.20725
2021-05-27 02:00:00,1.21308,1.21426,1.2057,1.20715,73501.93,1.2071
2021-05-26 02:00:00,1.20672,1.21365,1.20437,1.21307,72919.06,1.21302
2021-05-25 02:00:00,1.20507,1.2079,1.20296,1.20671,82014.66,1.20666
2021-05-24 02:00:00,1.20708,1.20862,1.20412,1.20507,66061.05,1.20503
2021-05-23 02:00:00,1.20753,1.20778,1.20621,1.20706,2106.89,1.20702
2021-05-22 02:00:00,1.20703,1.20703,1.20703,1.20703,0.0,1.20658
2021-05-21 02:00:00,1.20638,1.20953,1.20281,1.20703,76790.55,1.20658
2021-05-20 02:00:00,1.21324,1.21449,1.20497,1.2064,73887.79,1.20634
2021-05-19 02:00:00,1.20731,1.21437,1.20546,1.21322,113622.66,1.21316
2021-05-18 02:00:00,1.20625,1.20819,1.20133,1.20735,65901.3,1.2073
2021-05-17 02:00:00,1.21134,1.21369,1.20613,1.20625,76479.86,1.2062
2021-05-16 02:00:00,1.21183,1.21216,1.21048,1.21134,2232.2,1.21128
2021-05-15 02:00:00,1.21118,1.21118,1.21118,1.21118,0.0,1.21062
2021-05-14 02:00:00,1.21712,1.21796,1.20811,1.21118,72571.26,1.21062
2021-05-13 02:00:00,1.21213,1.22035,1.21043,1.21713,100920.01,1.21707
2021-05-12 02:00:00,1.20983,1.21388,1.20466,1.21212,111140.29,1.21207
2021-05-11 02:00:00,1.20948,1.21267,1.20787,1.20982,86666.24,1.20978
2021-05-10 02:00:00,1.21172,1.21311,1.20792,1.20949,72483.15,1.20944
2021-05-09 02:00:00,1.21237,1.2147,1.21109,1.21171,2704.56,1.21165
2021-05-08 02:00:00,1.21335,1.21335,1.21335,1.21335,0.0,1.21291
2021-05-07 02:00:00,1.21562,1.21943,1.21263,1.21335,71027.54,1.21291
2021-05-06 02:00:00,1.22693,1.22889,1.21429,1.21567,75005.8,1.21564
2021-05-05 02:00:00,1.2302,1.2307,1.22523,1.22696,60059.33,1.22691
2021-05-04 02:00:00,1.22808,1.23523,1.22779,1.23021,79536.49,1.23015
2021-05-03 02:00:00,1.22806,1.23197,1.22673,1.22812,55946.26,1.22806
2021-05-02 02:00:00,1.22971,1.23013,1.22797,1.22809,1094.38,1.22804
2021-05-01 02:00:00,1.2298,1.2298,1.2298,1.2298,0.0,1.22922
2021-04-30 02:00:00,1.22771,1.23232,1.22665,1.2298,76500.4,1.22922
2021-04-29 02:00:00,1.23039,1.23225,1.22755,1.22767,66099.53,1.22762
2021-04-28 02:00:00,1.24076,1.24189,1.23022,1.23039,70604.46,1.23034
2021-04-27 02:00:00,1.23969,1.24193,1.23891,1.24076,58166.33,1.24071
2021-04-26 02:00:00,1.24904,1.24914,1.23848,1.23967,69150.51,1.23962
2021-04-25 02:00:00,1.24855,1.24905,1.24752,1.24903,2472.25,1.24897
2021-04-24 02:00:00,1.24771,1.24771,1.24771,1.24771,0.0,1.24758
2021-04-23 02:00:00,1.25036,1.25099,1.24616,1.24771,57950.07,1.24758
2021-04-22 02:00:00,1.2505,1.25354,1.24735,1.25035,77927.7,1.2503
2021-04-21 02:00:00,1.26128,1.26543,1.24606,1.25051,80954.3,1.25046
2021-04-20 02:00:00,1.25242,1.26239,1.24791,1.2613,83637.76,1.26124
2021-04-19 02:00:00,1.25191,1.25446,1.24717,1.25243,72730.62,1.25238
2021-04-18 02:00:00,1.2511,1.25194,1.25072,1.25193,1553.87,1.25188
2021-04-17 02:00:00,1.25102,1.25102,1.25102,1.25102,0.0,1.25079
2021-04-16 02:00:00,1.25463,1.25601,1.24949,1.25102,58043.63,1.25079
2021-04-15 02:00:00,1.25185,1.25591,1.24774,1.25463,67634.86,1.25457
2021-04-14 02:00:00,1.25375,1.25767,1.25006,1.25181,62085.65,1.25176
2021-04-13 02:00:00,1.25637,1.26309,1.25275,1.25377,65136.43,1.25372
2021-04-12 02:00:00,1.25345,1.25747,1.25311,1.25636,57324.91,1.2563
2021-04-11 02:00:00,1.25536,1.25566,1.25286,1.25346,3634.56,1.2534
2021-04-10 02:00:00,1.2534,1.2534,1.2534,1.2534,0.0,1.25302
2021-04-09 02:00:00,1.25643,1.26115,1.25267,1.2534,65641.81,1.25302
2021-04-08 02:00:00,1.26144,1.26278,1.25584,1.25642,61896.01,1.25638
2021-04-07 02:00:00,1.25728,1.26353,1.25665,1.26144,73980.62,1.26138
2021-04-06 02:00:00,1.25213,1.25835,1.25174,1.25727,56627.0,1.25722
2021-04-05 02:00:00,1.25651,1.25951,1.25027,1.25212,46199.04,1.25206
2021-04-04 02:00:00,1.25792,1.25905,1.2564,1.25651,3028.68,1.25646
2021-04-03 02:00:00,1.25805,1.25805,1.25805,1.25805,0.0,1.2575
2021-04-02 02:00:00,1.2548,1.25928,1.25289,1.25805,26667.28,1.2575
2021-04-01 02:00:00,1.25656,1.26028,1.2541,1.2548,69523.86,1.25475
2021-03-31 02:00:00,1.26226,1.26296,1.25399,1.25656,67820.62,1.25649
2021-03-30 02:00:00,1.25911,1.26478,1.25808,1.26228,66103.25,1.26221
2021-03-29 02:00:00,1.25861,1.26275,1.25806,1.25913,58562.92,1.25907
2021-03-28 01:00:00,1.258,1.25869,1.25765,1.25862,1753.14,1.25856
2021-03-27 01:00:00,1.25845,1.25845,1.25845,1.25845,0.0,1.25826
2021-03-26 01:00:00,1.26055,1.26091,1.25613,1.25845,64181.88,1.25826
2021-03-25 01:00:00,1.25796,1.26294,1.2547,1.26056,92297.04,1.26051
2021-03-24 01:00:00,1.25893,1.26095,1.25433,1.25797,75251.24,1.25792
2021-03-23 01:00:00,1.25219,1.25986,1.25193,1.25894,78252.24,1.2589
2021-03-22 01:00:00,1.25246,1.25416,1.24737,1.25217,53756.83,1.25214
2021-03-21 01:00:00,1.2529,1.25329,1.25179,1.25246,3016.89,1.2524
2021-03-20 01:00:00,1.25008,1.25008,1.25008,1.25008,0.0,1.24993
2021-03-19 01:00:00,1.24945,1.25484,1.24625,1.25008,87531.76,1.24993
2021-03-18 01:00:00,1.23889,1.25274,1.23658,1.24949,107537.1,1.24942
2021-03-17 01:00:00,1.24438,1.24939,1.23884,1.23887,93286.93,1.23882
2021-03-16 01:00:00,1.24788,1.25008,1.24366,1.24438,76986.95,1.24433
2021-03-15 01:00:00,1.24699,1.25137,1.24413,1.24788,79528.51,1.24782
2021-03-14 01:00:00,1.24838,1.24838,1.24697,1.24701,3294.75,1.24695
2021-03-13 01:00:00,1.24787,1.24787,1.24787,1.24787,0.0,1.2476
2021-03-12 01:00:00,1.25372,1.25738,1.24626,1.24787,87436.38,1.2476
2021-03-11 01:00:00,1.26222,1.2626,1.25212,1.25372,84737.83,1.25367
2021-03-10 01:00:00,1.26471,1.26839,1.26103,1.2622,110517.46,1.26215
2021-03-09 01:00:00,1.26594,1.26865,1.25911,1.26469,114614.57,1.26464
2021-03-08 01:00:00,1.26326,1.27007,1.26265,1.26593,137629.75,1.26586
2021-03-07 01:00:00,1.26606,1.26607,1.26236,1.26326,5183.62,1.26323
2021-03-06 01:00:00,1.26611,1.26611,1.26611,1.26611,0.0,1.26571
2021-03-05 01:00:00,1.26803,1.27381,1.26466,1.26611,152663.99,1.26571
2021-03-04 01:00:00,1.26756,1.26947,1.25758,1.26803,168835.41,1.26797
2021-03-03 01:00:00,1.26368,1.26758,1.25936,1.26755,113447.0,1.2675
2021-03-02 01:00:00,1.26416,1.26989,1.26006,1.26369,114105.36,1.26363
2021-03-01 01:00:00,1.26981,1.27137,1.26414,1.26417,98369.24,1.2641
2021-02-28 01:00:00,1.27337,1.27421,1.26933,1.26984,5471.71,1.26978
2021-02-27 01:00:00,1.27427,1.27427,1.27427,1.27427,0.0,1.27386
2021-02-26 01:00:00,1.26145,1.27505,1.25877,1.27427,168355.17,1.27386
2021-02-25 01:00:00,1.25137,1.26153,1.24682,1.26145,129043.95,1.2614
2021-02-24 01:00:00,1.25955,1.25991,1.25057,1.25139,93824.43,1.25132
2021-02-23 01:00:00,1.2612,1.26477,1.25794,1.25955,84146.45,1.2595
2021-02-22 01:00:00,1.26017,1.26543,1.25808,1.26121,75805.06,1.26116
2021-02-21 01:00:00,1.2614,1.26218,1.25984,1.26017,3008.12,1.26012
2021-02-20 01:00:00,1.26198,1.26198,1.26198,1.26198,0.0,1.26153
2021-02-19 01:00:00,1.26819,1.27145,1.25948,1.26198,75834.66,1.26153
2021-02-18 01:00:00,1.27004,1.27313,1.26658,1.26822,71359.61,1.26816
2021-02-17 01:00:00,1.27128,1.27468,1.26879,1.27007,83844.65,1.27002
2021-02-16 01:00:00,1.26365,1.27129,1.26101,1.27126,71770.39,1.27122
2021-02-15 01:00:00,1.26898,1.26922,1.26315,1.26365,40833.52,1.26359
2021-02-14 01:00:00,1.26843,1.26938,1.26838,1.269,3221.35,1.26893
2021-02-13 01:00:00,1.27009,1.27009,1.27009,1.27009,0.0,1.26958
2021-02-12 01:00:00,1.27008,1.27637,1.26774,1.27009,51234.11,1.26958
2021-02-11 01:00:00,1.26978,1.27118,1.26611,1.27006,67283.1,1.27001
2021-02-10 01:00:00,1.26992,1.27112,1.26681,1.26978,83721.83,1.26973
2021-02-09 01:00:00,1.27397,1.27667,1.26924,1.26993,80247.01,1.26986
2021-02-08 01:00:00,1.27608,1.27835,1.27357,1.27397,71675.16,1.27392
2021-02-07 01:00:00,1.27618,1.27705,1.27552,1.27611,4697.37,1.27606
2021-02-06 01:00:00,1.27605,1.27605,1.27605,1.27605,0.0,1.27568
2021-02-05 01:00:00,1.2826,1.28334,1.27563,1.27605,75257.83,1.27568
2021-02-04 01:00:00,1.27854,1.28459,1.27779,1.28261,77634.06,1.28255
2021-02-03 01:00:00,1.2788,1.28121,1.2764,1.27855,86409.29,1.2785
2021-02-02 01:00:00,1.28501,1.28705,1.27807,1.2788,106555.37,1.27874
2021-02-01 01:00:00,1.28018,1.28653,1.27619,1.28502,123325.93,1.28496
2021-01-31 01:00:00,1.2789,1.28202,1.27877,1.28016,7173.37,1.2801
2021-01-30 01:00:00,1.27801,1.27801,1.27801,1.27801,0.0,1.2776
2021-01-29 01:00:00,1.2831,1.28752,1.27385,1.27801,147816.09,1.2776
2021-01-28 01:00:00,1.28192,1.28816,1.27886,1.28313,131186.6,1.28308
2021-01-27 01:00:00,1.26935,1.28235,1.26863,1.28191,132512.89,1.28186
2021-01-26 01:00:00,1.27388,1.2783,1.26904,1.26934,70630.89,1.26928
2021-01-25 01:00:00,1.27266,1.27798,1.26881,1.27386,88662.14,1.2738
2021-01-24 01:00:00,1.27217,1.27405,1.27188,1.27277,3286.94,1.2727
2021-01-23 01:00:00,1.27375,1.27375,1.27375,1.27375,0.0,1.27331
2021-01-22 01:00:00,1.26499,1.27413,1.26423,1.27375,72745.46,1.27331
2021-01-21 01:00:00,1.26294,1.26502,1.25899,1.26501,74306.34,1.26494
2021-01-20 01:00:00,1.27226,1.27335,1.26067,1.26295,81478.0,1.26288
2021-01-19 01:00:00,1.275,1.27647,1.27157,1.27224,66624.8,1.27218
2021-01-18 01:00:00,1.27731,1.28,1.27438,1.27502,83286.31,1.27496
2021-01-17 01:00:00,1.27396,1.27731,1.27273,1.27731,4885.23,1.27722
2021-01-16 01:00:00,1.27378,1.27378,1.27378,1.27378,0.0,1.27327
2021-01-15 01:00:00,1.26479,1.2765,1.26368,1.27378,85534.8,1.27327
2021-01-14 01:00:00,1.26985,1.27083,1.26252,1.26479,73197.0,1.26474
2021-01-13 01:00:00,1.27081,1.27475,1.26809,1.26983,75641.27,1.26977
2021-01-12 01:00:00,1.27744,1.27923,1.27076,1.27082,80781.4,1.27076
2021-01-11 01:00:00,1.27281,1.28361,1.27197,1.27746,88863.53,1.27738
2021-01-10 01:00:00,1.27091,1.27348,1.27006,1.27282,4586.88,1.27275
2021-01-09 01:00:00,1.26927,1.26927,1.26927,1.26927,0.0,1.26886
2021-01-08 01:00:00,1.26857,1.27438,1.26593,1.26927,112088.38,1.26886
2021-01-07 01:00:00,1.26664,1.27347,1.26652,1.26861,97114.21,1.26854
2021-01-06 01:00:00,1.26767,1.27241,1.26305,1.2666,164631.82,1.26654
2021-01-05 01:00:00,1.2782,1.27907,1.26567,1.26769,106494.19,1.26763
2021-01-04 01:00:00,1.27245,1.27986,1.26656,1.27821,106883.16,1.27815
2021-01-03 01:00:00,1.27243,1.27403,1.27224,1.27245,4160.54,1.27237
2021-01-02 01:00:00,1.27316,1.27316,1.27316,1.27316,0.0,1.27268
2021-01-01 01:00:00,1.27316,1.27316,1.27316,1.27316,0.0,1.27268
2020-12-31 01:00:00,1.27526,1.27708,1.27148,1.27316,61936.58,1.27268
2020-12-30 01:00:00,1.28237,1.28279,1.275,1.27524,62782.03,1.27518
2020-12-29 01:00:00,1.28436,1.28445,1.27807,1.28232,63512.0,1.28226
2020-12-28 01:00:00,1.2842,1.28765,1.28141,1.28437,66932.5,1.28434
2020-12-27 01:00:00,1.28634,1.28647,1.28337,1.2842,4067.88,1.28411
2020-12-26 01:00:00,1.28669,1.28669,1.28669,1.28669,0.0,1.28652
2020-12-25 01:00:00,1.28682,1.28822,1.28557,1.28669,867.23,1.28652
2020-12-24 01:00:00,1.28447,1.28833,1.28137,1.28682,78007.29,1.28622
2020-12-23 01:00:00,1.28932,1.29159,1.28351,1.28443,83895.64,1.28435
2020-12-22 01:00:00,1.28533,1.29346,1.28479,1.28933,89070.04,1.28926
2020-12-21 01:00:00,1.28112,1.29577,1.2807,1.28535,131027.07,1.28529
2020-12-20 01:00:00,1.28003,1.28123,1.27907,1.28112,2887.57,1.28106
2020-12-19 01:00:00,1.27913,1.27913,1.27913,1.27913,0.0,1.27884
2020-12-18 01:00:00,1.27333,1.2799,1.27289,1.27913,66243.28,1.27884
2020-12-17 01:00:00,1.27481,1.27513,1.26892,1.27333,61000.45,1.27326
2020-12-16 01:00:00,1.27,1.27902,1.26999,1.27482,74890.08,1.27476
2020-12-15 01:00:00,1.27617,1.27722,1.26886,1.27001,66973.36,1.26995
2020-12-14 01:00:00,1.2752,1.27904,1.27205,1.27619,66612.58,1.27612
2020-12-13 01:00:00,1.27585,1.27634,1.27456,1.2752,2303.04,1.27514
2020-12-12 01:00:00,1.2775,1.2775,1.2775,1.2775,0.0,1.27701
2020-12-11 01:00:00,1.27422,1.27933,1.272,1.2775,76262.69,1.27701
2020-12-10 01:00:00,1.28281,1.28284,1.27073,1.27422,88067.51,1.27417
2020-12-09 01:00:00,1.28169,1.28339,1.27699,1.28285,72200.74,1.2828
2020-12-08 01:00:00,1.28044,1.28264,1.27683,1.2817,68117.4,1.28165
2020-12-07 01:00:00,1.27823,1.28336,1.27781,1.28044,72629.97,1.28038
2020-12-06 01:00:00,1.27817,1.27922,1.27772,1.27823,3328.12,1.27819
2020-12-05 01:00:00,1.27877,1.27877,1.27877,1.27877,0.0,1.27826
2020-12-04 01:00:00,1.28686,1.28745,1.27729,1.27877,80875.83,1.27826
2020-12-03 01:00:00,1.29182,1.29418,1.28528,1.28687,75555.42,1.28682
2020-12-02 01:00:00,1.29343,1.29592,1.29106,1.29179,82229.42,1.29174
2020-12-01 01:00:00,1.29919,1.29925,1.29287,1.29343,80976.88,1.29338
2020-11-30 01:00:00,1.29842,1.3011,1.2924,1.29919,88781.59,1.29914
2020-11-29 01:00:00,1.30047,1.30047,1.29778,1.29842,1641.22,1.29835
2020-11-28 01:00:00,1.29976,1.29976,1.29976,1.29976,0.0,1.29921
2020-11-27 01:00:00,1.30217,1.30257,1.29725,1.29976,60138.64,1.29921
2020-11-26 01:00:00,1.30031,1.3024,1.29912,1.30217,62337.11,1.30212
2020-11-25 01:00:00,1.29967,1.30298,1.2987,1.30028,74425.0,1.30023
2020-11-24 01:00:00,1.30752,1.30916,1.29943,1.29968,91405.68,1.29962
2020-11-23 01:00:00,1.30857,1.31134,1.30458,1.30753,73233.64,1.30748
2020-11-22 01:00:00,1.30898,1.3098,1.30824,1.30857,3107.79,1.3085
2020-11-21 01:00:00,1.30984,1.30984,1.30984,1.30984,0.0,1.30956
2020-11-20 01:00:00,1.30881,1.30985,1.30398,1.30984,75697.72,1.30956
2020-11-19 01:00:00,1.30895,1.3124,1.30531,1.30883,77254.84,1.30877
2020-11-18 01:00:00,1.31066,1.31185,1.30348,1.30895,69502.7,1.30889
2020-11-17 01:00:00,1.30762,1.3117,1.30642,1.31063,68533.17,1.31056
2020-11-16 01:00:00,1.31249,1.31293,1.30663,1.30762,71029.94,1.30756
2020-11-15 01:00:00,1.31437,1.3147,1.31185,1.3125,4117.01,1.31244
2020-11-14 01:00:00,1.31338,1.31338,1.31338,1.31338,0.0,1.3131
2020-11-13 01:00:00,1.31382,1.31733,1.31169,1.31338,61046.64,1.3131
2020-11-12 01:00:00,1.30599,1.31505,1.30567,1.31383,76353.0,1.31376
2020-11-11 01:00:00,1.30322,1.30781,1.30095,1.30597,80826.32,1.30591
2020-11-10 01:00:00,1.30089,1.30518,1.29854,1.30322,121784.04,1.30316
2020-11-09 01:00:00,1.30237,1.30319,1.29292,1.30089,148468.57,1.3008
2020-11-08 01:00:00,1.30435,1.30583,1.30196,1.30239,3900.29,1.30232
2020-11-07 01:00:00,1.30634,1.30634,1.30634,1.30634,0.0,1.30585
2020-11-06 01:00:00,1.30841,1.30977,1.30199,1.30634,106662.55,1.30585
2020-11-05 01:00:00,1.31278,1.31791,1.30291,1.30841,144169.76,1.30835
2020-11-04 01:00:00,1.31034,1.33004,1.3096,1.31277,209749.63,1.3127
2020-11-03 01:00:00,1.32219,1.32348,1.31006,1.31038,82597.66,1.31031
2020-11-02 01:00:00,1.33697,1.33713,1.32154,1.32219,96315.4,1.3221
2020-11-01 01:00:00,1.3323,1.33714,1.33175,1.33697,5341.32,1.33691
2020-10-31 01:00:00,1.33253,1.33253,1.33253,1.33253,0.0,1.33219
2020-10-30 01:00:00,1.33161,1.33492,1.32803,1.33253,115046.32,1.33219
2020-10-29 01:00:00,1.33119,1.33906,1.32788,1.33161,116026.45,1.33154
2020-10-28 01:00:00,1.31924,1.33344,1.31801,1.3312,108342.3,1.33114
2020-10-27 01:00:00,1.32066,1.321,1.31429,1.31925,70589.99,1.31921
2020-10-26 01:00:00,1.31488,1.32259,1.31405,1.32069,74483.02,1.32062
2020-10-25 02:00:00,1.31336,1.31624,1.31295,1.31486,5462.32,1.31481
2020-10-24 02:00:00,1.31261,1.31261,1.31261,1.31261,0.0,1.31238
2020-10-23 02:00:00,1.31375,1.3161,1.311,1.31261,66452.98,1.31238
2020-10-22 02:00:00,1.31556,1.31779,1.31243,1.31373,72680.66,1.31367
2020-10-21 02:00:00,1.31204,1.31614,1.30816,1.31555,75879.9,1.3155
2020-10-20 02:00:00,1.31909,1.32046,1.31052,1.31204,68791.43,1.31198
2020-10-19 02:00:00,1.31816,1.31988,1.31511,1.31907,69810.78,1.31902
2020-10-18 02:00:00,1.31986,1.31997,1.31795,1.31816,4979.19,1.3181
2020-10-17 02:00:00,1.31984,1.31984,1.31984,1.31984,0.0,1.31942
2020-10-16 02:00:00,1.3229,1.32384,1.31778,1.31984,84738.08,1.31942
2020-10-15 02:00:00,1.31525,1.32602,1.3146,1.32289,92711.62,1.32284
2020-10-14 02:00:00,1.31415,1.31639,1.31168,1.31524,84903.03,1.31518
2020-10-13 02:00:00,1.31132,1.31477,1.30999,1.31415,78463.88,1.3141
2020-10-12 02:00:00,1.31325,1.31442,1.31018,1.31131,53291.2,1.31126
2020-10-11 02:00:00,1.31358,1.31358,1.31221,1.31326,4605.96,1.3132
2020-10-10 02:00:00,1.31207,1.31207,1.31207,1.31207,0.0,1.31172
2020-10-09 02:00:00,1.31932,1.31968,1.31104,1.31207,69195.42,1.31172
2020-10-08 02:00:00,1.32601,1.32665,1.31914,1.31929,75791.1,1.31922
2020-10-07 02:00:00,1.33219,1.33413,1.32522,1.32601,82316.15,1.32594
2020-10-06 02:00:00,1.32595,1.33248,1.32424,1.3322,107175.91,1.33214
2020-10-05 02:00:00,1.32943,1.32952,1.32542,1.32595,77346.3,1.32588
2020-10-04 02:00:00,1.33072,1.33085,1.32927,1.32943,5769.46,1.32935
2020-10-03 02:00:00,1.33141,1.33141,1.33141,1.33141,0.0,1.33097
2020-10-02 02:00:00,1.32875,1.33323,1.32827,1.33141,136250.26,1.33097
2020-10-01 02:00:00,1.33095,1.33231,1.32677,1.32873,111187.0,1.32865
2020-09-30 02:00:00,1.33849,1.34212,1.33025,1.33095,148530.98,1.33087
2020-09-29 02:00:00,1.33589,1.34193,1.33526,1.33848,95843.28,1.33842
2020-09-28 02:00:00,1.33824,1.34044,1.33551,1.33589,117892.25,1.33583
2020-09-27 02:00:00,1.33876,1.34,1.33757,1.33823,7379.01,1.33815
2020-09-26 02:00:00,1.33932,1.33932,1.33932,1.33932,0.0,1.33884
2020-09-25 02:00:00,1.33516,1.3419,1.33395,1.33932,110310.67,1.33884
2020-09-24 02:00:00,1.33888,1.34187,1.33259,1.33516,145680.47,1.33507
2020-09-23 02:00:00,1.32986,1.33952,1.32948,1.33883,163288.15,1.33878
2020-09-22 02:00:00,1.33035,1.33464,1.32845,1.32987,124242.53,1.32981
2020-09-21 02:00:00,1.31993,1.3321,1.31717,1.33036,133871.87,1.33027
2020-09-20 02:00:00,1.32043,1.32112,1.31932,1.31992,5360.24,1.31984
2020-09-19 02:00:00,1.32068,1.32068,1.32068,1.32068,0.0,1.32043
2020-09-18 02:00:00,1.31515,1.32098,1.3138,1.32068,135995.04,1.32043
2020-09-17 02:00:00,1.31816,1.32477,1.3146,1.31511,146582.18,1.31505
2020-09-16 02:00:00,1.31954,1.32014,1.31283,1.31815,164602.56,1.31808
2020-09-15 02:00:00,1.31776,1.32029,1.31355,1.31954,76504.25,1.31948
2020-09-14 02:00:00,1.3182,1.31975,1.31537,1.31777,67574.85,1.3177
2020-09-13 02:00:00,1.31892,1.31952,1.31811,1.31821,4776.32,1.31814
2020-09-12 02:00:00,1.31807,1.31807,1.31807,1.31807,0.0,1.31785
2020-09-11 02:00:00,1.319,1.32083,1.31512,1.31807,103701.96,1.31785
2020-09-10 02:00:00,1.31542,1.32033,1.31196,1.31903,196873.72,1.31896
2020-09-09 02:00:00,1.32409,1.32602,1.31421,1.31541,101178.08,1.31535
2020-09-08 02:00:00,1.30973,1.32586,1.30871,1.32409,157510.18,1.32403
2020-09-07 02:00:00,1.30776,1.31169,1.30677,1.30974,68277.22,1.30965
2020-09-06 02:00:00,1.30545,1.30847,1.30544,1.30774,5156.9,1.30766
2020-09-05 02:00:00,1.30642,1.30642,1.30642,1.30642,0.0,1.30624
2020-09-04 02:00:00,1.31384,1.31408,1.30451,1.30642,150379.62,1.30624
2020-09-03 02:00:00,1.30476,1.31626,1.30476,1.31387,145382.13,1.3138
2020-09-02 02:00:00,1.30559,1.30964,1.30382,1.30482,137633.14,1.30476
2020-09-01 02:00:00,1.30398,1.30876,1.29948,1.30559,118361.8,1.30552
2020-08-31 02:00:00,1.30836,1.31052,1.30209,1.30399,472810.34,1.30391
2020-08-30 02:00:00,1.31217,1.31217,1.30811,1.30835,3653.05,1.30826
2020-08-29 02:00:00,1.31011,1.31011,1.31011,1.31011,0.0,1.3099
2020-08-28 02:00:00,1.31241,1.31335,1.30478,1.31011,225874.19,1.3099
2020-08-27 02:00:00,1.3142,1.31673,1.31025,1.31239,329333.18,1.31234
2020-08-26 02:00:00,1.31669,1.32059,1.31325,1.3142,108575.17,1.31411
2020-08-25 02:00:00,1.3219,1.324,1.31605,1.3167,144941.36,1.31661
2020-08-24 02:00:00,1.31811,1.32388,1.3135,1.32189,101012.95,1.32182
2020-08-23 02:00:00,1.31845,1.3189,1.31716,1.3181,3883.08,1.31802
2020-08-22 02:00:00,1.31795,1.31795,1.31795,1.31795,0.0,1.31762
2020-08-21 02:00:00,1.31753,1.32348,1.31597,1.31795,130449.79,1.31762
2020-08-20 02:00:00,1.32125,1.32452,1.3169,1.31753,146601.91,1.31746
2020-08-19 02:00:00,1.31597,1.32277,1.31338,1.32125,295179.51,1.32117
2020-08-18 02:00:00,1.32232,1.32239,1.31521,1.31596,129600.39,1.3159
2020-08-17 02:00:00,1.32546,1.32634,1.31924,1.32232,97723.02,1.32224
2020-08-16 02:00:00,1.32662,1.32692,1.32526,1.32547,4967.53,1.3254
2020-08-15 02:00:00,1.32699,1.32699,1.32699,1.32699,0.0,1.32661
2020-08-14 02:00:00,1.32225,1.32725,1.32069,1.32699,137791.47,1.32661
2020-08-13 02:00:00,1.32441,1.32522,1.31925,1.32224,142862.73,1.32217
2020-08-12 02:00:00,1.33125,1.33481,1.32299,1.32441,140882.58,1.32432
2020-08-11 02:00:00,1.33546,1.33564,1.32712,1.33124,249019.95,1.33117
2020-08-10 02:00:00,1.33888,1.33953,1.33344,1.33546,87562.67,1.33539
2020-08-09 02:00:00,1.33977,1.33977,1.33771,1.3389,5606.58,1.33882
2020-08-08 02:00:00,1.33856,1.33856,1.33856,1.33856,0.0,1.33838
2020-08-07 02:00:00,1.33193,1.33993,1.33064,1.33856,128933.3,1.33838
2020-08-06 02:00:00,1.3267,1.33259,1.32443,1.33196,127031.01,1.33188
2020-08-05 02:00:00,1.3298,1.33088,1.32342,1.3267,103433.78,1.32664
2020-08-04 02:00:00,1.33964,1.34212,1.32953,1.3298,108860.63,1.32973
2020-08-03 02:00:00,1.3402,1.34518,1.33809,1.33964,100563.71,1.33956
2020-08-02 02:00:00,1.34107,1.34107,1.3391,1.34021,8302.36,1.34014
2020-08-01 02:00:00,1.34145,1.34145,1.34145,1.34145,0.0,1.34121
2020-07-31 02:00:00,1.34153,1.34367,1.33727,1.34145,131168.74,1.34121
2020-07-30 02:00:00,1.33439,1.34606,1.33349,1.34152,152656.73,1.34146
2020-07-29 02:00:00,1.33812,1.33878,1.33333,1.33438,95122.72,1.33432
2020-07-28 02:00:00,1.33405,1.34079,1.33317,1.33811,101461.22,1.33806
2020-07-27 02:00:00,1.34208,1.3422,1.33386,1.33404,109044.02,1.33397
2020-07-26 02:00:00,1.34293,1.34321,1.34112,1.34208,8243.09,1.34202
2020-07-25 02:00:00,1.34171,1.34171,1.34171,1.34171,0.0,1.34156
2020-07-24 02:00:00,1.34046,1.34459,1.33783,1.34171,145191.9,1.34156
2020-07-23 02:00:00,1.342,1.34281,1.33519,1.34046,126585.13,1.3404
2020-07-22 02:00:00,1.3448,1.34837,1.34001,1.342,106565.27,1.34191
2020-07-21 02:00:00,1.3526,1.35266,1.34255,1.34478,102736.73,1.3447
2020-07-20 02:00:00,1.3575,1.36011,1.35249,1.35262,84706.26,1.35256
2020-07-19 02:00:00,1.35812,1.35888,1.35737,1.3575,6105.23,1.35745
2020-07-18 02:00:00,1.35836,1.35836,1.35836,1.35836,0.0,1.35808
2020-07-17 02:00:00,1.35749,1.35896,1.35658,1.35836,80066.82,1.35808
2020-07-16 02:00:00,1.35087,1.3582,1.35021,1.3575,119020.77,1.35744
2020-07-15 02:00:00,1.35999,1.36077,1.35052,1.35087,140263.46,1.35078
2020-07-14 02:00:00,1.3612,1.3647,1.35962,1.35999,145455.61,1.35993
2020-07-13 02:00:00,1.35997,1.36134,1.3537,1.36121,110036.22,1.36114
2020-07-12 02:00:00,1.35928,1.35997,1.35853,1.35996,7848.95,1.3599
2020-07-11 02:00:00,1.35959,1.35959,1.35959,1.35959,0.0,1.35938
2020-07-10 02:00:00,1.35814,1.36322,1.35756,1.35959,102551.1,1.35938
2020-07-09 02:00:00,1.35187,1.35951,1.34914,1.35822,109709.69,1.35816
2020-07-08 02:00:00,1.36058,1.36246,1.34933,1.35187,106202.28,1.3518
2020-07-07 02:00:00,1.35403,1.36103,1.3525,1.36058,101716.39,1.3605
2020-07-06 02:00:00,1.35506,1.35603,1.35201,1.35404,87474.6,1.35396
2020-07-05 02:00:00,1.35682,1.35682,1.35485,1.35506,4489.66,1.35498
2020-07-04 02:00:00,1.35573,1.35573,1.35573,1.35573,0.0,1.35498
2020-07-03 02:00:00,1.35721,1.35823,1.35456,1.35573,84394.71,1.35498
2020-07-02 02:00:00,1.35941,1.36247,1.35609,1.35721,102474.18,1.35714
2020-07-01 02:00:00,1.35759,1.36023,1.35463,1.35941,101094.59,1.35932
2020-06-30 02:00:00,1.36577,1.37002,1.35706,1.35759,140265.56,1.35752
2020-06-29 02:00:00,1.36814,1.37057,1.3648,1.36575,144988.99,1.36568
2020-06-28 02:00:00,1.3691,1.36998,1.36758,1.36813,5565.55,1.36805
2020-06-27 02:00:00,1.36895,1.36895,1.36895,1.36895,0.0,1.3687
2020-06-26 02:00:00,1.36395,1.37162,1.36288,1.36895,127175.29,1.3687
2020-06-25 02:00:00,1.36465,1.36707,1.36083,1.36394,145500.43,1.36386
2020-06-24 02:00:00,1.35421,1.36475,1.35286,1.36467,168728.88,1.36458
2020-06-23 02:00:00,1.3505,1.35718,1.34865,1.35422,159229.07,1.35415
2020-06-22 02:00:00,1.36205,1.36269,1.35016,1.35049,134227.27,1.35042
2020-06-21 02:00:00,1.36163,1.36309,1.36128,1.36204,11321.62,1.36196
2020-06-20 02:00:00,1.36102,1.36102,1.36102,1.36102,0.0,1.36076
2020-06-19 02:00:00,1.35944,1.36184,1.35475,1.36102,148253.71,1.36076
2020-06-18 02:00:00,1.35792,1.36172,1.35221,1.35945,177994.36,1.35936
2020-06-17 02:00:00,1.35382,1.35954,1.35128,1.35792,181714.62,1.35786
2020-06-16 02:00:00,1.35319,1.36241,1.35053,1.35377,230420.63,1.35369
2020-06-15 02:00:00,1.36368,1.36868,1.35311,1.35319,230298.04,1.35311
2020-06-14 02:00:00,1.36145,1.36434,1.36083,1.36368,12107.38,1.3636
2020-06-13 02:00:00,1.35908,1.35908,1.35908,1.35908,0.0,1.35884
2020-06-12 02:00:00,1.36394,1.36672,1.35278,1.35908,244839.08,1.35884
2020-06-11 02:00:00,1.34285,1.3652,1.34015,1.36392,238390.93,1.36386
2020-06-10 02:00:00,1.3424,1.34383,1.33164,1.34279,167739.71,1.34273
2020-06-09 02:00:00,1.33718,1.34887,1.33605,1.34242,128047.7,1.34236
2020-06-08 02:00:00,1.3398,1.34375,1.33576,1.33717,114849.4,1.3371
2020-06-07 02:00:00,1.34111,1.3438,1.33928,1.3398,6057.29,1.33976
2020-06-06 02:00:00,1.34255,1.34255,1.34255,1.34255,0.0,1.34229
2020-06-05 02:00:00,1.35041,1.35137,1.33922,1.34255,141209.85,1.34229
2020-06-04 02:00:00,1.34952,1.35421,1.34681,1.35041,134567.72,1.35033
2020-06-03 02:00:00,1.35111,1.35733,1.34808,1.3495,141051.44,1.34944
2020-06-02 02:00:00,1.35831,1.35831,1.34847,1.35115,126040.65,1.35108
2020-06-01 02:00:00,1.378,1.37832,1.35591,1.35834,130567.02,1.35829
2020-05-31 02:00:00,1.37809,1.38032,1.37608,1.37798,8155.87,1.37791
2020-05-30 02:00:00,1.37784,1.37784,1.37784,1.37784,0.0,1.37722
2020-05-29 02:00:00,1.37768,1.38335,1.3715,1.37784,151902.08,1.37722
2020-05-28 02:00:00,1.3756,1.37908,1.3735,1.37768,134429.27,1.37762
2020-05-27 02:00:00,1.37855,1.38233,1.37282,1.3756,138592.24,1.37554
2020-05-26 02:00:00,1.39721,1.39779,1.37576,1.37859,110437.86,1.37852
2020-05-25 02:00:00,1.39866,1.40083,1.39693,1.39722,89645.52,1.39716
2020-05-24 02:00:00,1.39915,1.4004,1.39834,1.39867,4947.23,1.3986
2020-05-23 02:00:00,1.40077,1.40077,1.40077,1.40077,0.0,1.4004
2020-05-22 02:00:00,1.39474,1.40493,1.39419,1.40077,96744.91,1.4004
2020-05-21 02:00:00,1.39066,1.39711,1.38917,1.39474,93556.28,1.39468
2020-05-20 02:00:00,1.39393,1.39512,1.38687,1.39066,93826.46,1.3906
2020-05-19 02:00:00,1.39406,1.39703,1.38671,1.39392,104613.36,1.39385
2020-05-18 02:00:00,1.40938,1.40974,1.39369,1.39405,89754.92,1.39399
2020-05-17 02:00:00,1.41019,1.41161,1.40882,1.40938,5446.69,1.40932
2020-05-16 02:00:00,1.41146,1.41146,1.41146,1.41146,0.0,1.41096
2020-05-15 02:00:00,1.40347,1.41179,1.4019,1.41146,109782.47,1.41096
2020-05-14 02:00:00,1.40916,1.41418,1.40327,1.40346,138699.7,1.4034
2020-05-13 02:00:00,1.40841,1.41158,1.40071,1.40916,139980.47,1.4091
2020-05-12 02:00:00,1.40213,1.40844,1.3973,1.40841,107284.28,1.40836
2020-05-11 02:00:00,1.39277,1.40433,1.39008,1.40212,96883.82,1.40206
2020-05-10 02:00:00,1.39416,1.39471,1.39254,1.39276,5264.26,1.3927
2020-05-09 02:00:00,1.3931,1.3931,1.3931,1.3931,0.0,1.39274
2020-05-08 02:00:00,1.39743,1.39776,1.39094,1.3931,79765.38,1.39274
2020-05-07 02:00:00,1.41646,1.41646,1.39534,1.39743,117425.83,1.39738
2020-05-06 02:00:00,1.40415,1.41743,1.40237,1.41646,136978.93,1.41641
2020-05-05 02:00:00,1.40855,1.40956,1.40087,1.40416,107069.42,1.40408
2020-05-04 02:00:00,1.41358,1.41531,1.40518,1.40856,106654.39,1.40847
2020-05-03 02:00:00,1.40866,1.41382,1.40799,1.41358,7661.91,1.41354
2020-05-02 02:00:00,1.40931,1.40931,1.40931,1.40931,0.0,1.40896
2020-05-01 02:00:00,1.39532,1.41105,1.39501,1.40931,108014.56,1.40896
2020-04-30 02:00:00,1.38764,1.39702,1.3851,1.39531,126889.69,1.39524
2020-04-29 02:00:00,1.39838,1.39869,1.38754,1.38763,107523.56,1.38758
2020-04-28 02:00:00,1.40381,1.40734,1.39367,1.39837,123608.43,1.39832
2020-04-27 02:00:00,1.4111,1.41157,1.40175,1.40378,127589.17,1.40372
2020-04-26 02:00:00,1.41147,1.41177,1.40942,1.41111,6089.56,1.41102
2020-04-25 02:00:00,1.41017,1.41017,1.41017,1.41017,0.0,1.4097
2020-04-24 02:00:00,1.40674,1.41211,1.40243,1.41017,137871.1,1.4097
2020-04-23 02:00:00,1.41871,1.41997,1.40006,1.40671,169501.08,1.40661
2020-04-22 02:00:00,1.41931,1.42388,1.41158,1.41867,183761.48,1.41855
2020-04-21 02:00:00,1.41317,1.42658,1.41145,1.41931,263901.58,1.41922
2020-04-20 02:00:00,1.40538,1.41551,1.40326,1.41314,159394.09,1.41304
2020-04-19 02:00:00,1.40195,1.40535,1.40163,1.40534,6946.23,1.40525
2020-04-18 02:00:00,1.40046,1.40046,1.40046,1.40046,0.0,1.40011
2020-04-17 02:00:00,1.40399,1.41191,1.40007,1.40046,171620.66,1.40011
2020-04-16 02:00:00,1.41201,1.41833,1.40178,1.40399,185438.31,1.40389
2020-04-15 02:00:00,1.38823,1.41334,1.38812,1.41201,172169.88,1.41188
2020-04-14 02:00:00,1.38753,1.39256,1.38634,1.38823,123217.53,1.38814
2020-04-13 02:00:00,1.39706,1.39886,1.38569,1.38751,123743.12,1.38742
2020-04-12 02:00:00,1.39306,1.4003,1.39267,1.39705,7108.47,1.39695
2020-04-11 02:00:00,1.39626,1.39626,1.39626,1.39626,0.0,1.39564
2020-04-10 02:00:00,1.39932,1.40105,1.39467,1.39626,62810.22,1.39564
2020-04-09 02:00:00,1.40039,1.40786,1.39319,1.39932,222138.62,1.39898
2020-04-08 02:00:00,1.40178,1.40829,1.39917,1.40038,180546.63,1.40028
2020-04-07 02:00:00,1.41149,1.41246,1.39457,1.40175,241530.38,1.40162
2020-04-06 02:00:00,1.42553,1.42606,1.40822,1.41149,212725.07,1.41134
2020-04-05 02:00:00,1.42258,1.42626,1.42255,1.42553,11536.52,1.42542
2020-04-04 02:00:00,1.42065,1.42065,1.42065,1.42065,0.0,1.42014
2020-04-03 02:00:00,1.41323,1.42254,1.4095,1.42065,212581.45,1.42014
2020-04-02 02:00:00,1.41539,1.43,1.40801,1.41318,235432.92,1.41305
2020-04-01 02:00:00,1.40795,1.42732,1.40671,1.41536,234501.71,1.41524
2020-03-31 02:00:00,1.41824,1.43498,1.40131,1.40796,262682.64,1.40779
2020-03-30 02:00:00,1.40505,1.41928,1.40134,1.41829,215050.45,1.41814
2020-03-29 01:00:00,1.40213,1.40836,1.40204,1.40505,10022.68,1.40494
2020-03-28 01:00:00,1.3986,1.3986,1.3986,1.3986,0.0,1.39822
2020-03-27 01:00:00,1.40433,1.41556,1.39233,1.3986,239769.62,1.39822
2020-03-26 01:00:00,1.42237,1.42774,1.40112,1.4043,220364.94,1.40421
2020-03-25 01:00:00,1.44424,1.44631,1.41794,1.42235,266235.51,1.42225
2020-03-24 01:00:00,1.44809,1.45329,1.43754,1.44413,270756.46,1.44405
2020-03-23 01:00:00,1.44668,1.45609,1.43369,1.44803,415429.94,1.44798
2020-03-22 01:00:00,1.43688,1.44902,1.4356,1.44668,12942.31,1.44651
2020-03-21 01:00:00,1.43435,1.43435,1.43435,1.43435,0.0,1.43372
2020-03-20 01:00:00,1.45008,1.45313,1.41508,1.43435,323978.06,1.43372
2020-03-19 01:00:00,1.4482,1.46696,1.44217,1.45019,325990.93,1.45008
2020-03-18 01:00:00,1.4243,1.46529,1.41683,1.44835,281570.49,1.44823
2020-03-17 01:00:00,1.4013,1.4278,1.39618,1.42434,252964.76,1.42427
2020-03-16 01:00:00,1.3789,1.40206,1.3789,1.40135,309295.45,1.40126
2020-03-15 01:00:00,1.38936,1.38936,1.37346,1.37891,36665.12,1.37881
2020-03-14 01:00:00,1.38092,1.38092,1.38092,1.38092,0.0,1.3805
2020-03-13 01:00:00,1.3946,1.39961,1.37827,1.38092,277763.85,1.3805
2020-03-12 01:00:00,1.37742,1.39626,1.37086,1.3946,239185.2,1.39452
2020-03-11 01:00:00,1.37335,1.37956,1.3682,1.37742,177638.23,1.37736
2020-03-10 01:00:00,1.36632,1.37967,1.36099,1.37335,208536.93,1.37326
2020-03-09 01:00:00,1.36252,1.37614,1.35184,1.36628,246556.58,1.36618
2020-03-08 01:00:00,1.35551,1.36283,1.35459,1.36252,21891.07,1.36245
2020-03-07 01:00:00,1.34264,1.34264,1.34264,1.34264,0.0,1.3421
2020-03-06 01:00:00,1.33934,1.34401,1.338,1.34264,159620.22,1.3421
2020-03-05 01:00:00,1.33871,1.3439,1.33871,1.33929,125055.85,1.33923
2020-03-04 01:00:00,1.33781,1.3432,1.33307,1.33871,130647.93,1.33866
2020-03-03 01:00:00,1.33258,1.3392,1.33199,1.33782,169651.73,1.33776
2020-03-02 01:00:00,1.34063,1.34163,1.33155,1.33255,181158.78,1.3325
2020-03-01 01:00:00,1.3444,1.34446,1.34052,1.34063,6532.53,1.3406
2020-02-29 01:00:00,1.34056,1.34056,1.34056,1.34056,0.0,1.3401
2020-02-28 01:00:00,1.33889,1.34652,1.33866,1.34056,189057.27,1.3401
2020-02-27 01:00:00,1.33447,1.33955,1.33172,1.33889,137159.86,1.33883
2020-02-26 01:00:00,1.32811,1.33476,1.32718,1.33446,125456.6,1.3344
2020-02-25 01:00:00,1.32882,1.33064,1.32679,1.32809,116451.57,1.32803
2020-02-24 01:00:00,1.32542,1.33081,1.32484,1.32882,111784.61,1.32876
2020-02-23 01:00:00,1.32545,1.32601,1.32467,1.32542,8826.72,1.32538
2020-02-22 01:00:00,1.32288,1.32288,1.32288,1.32288,0.0,1.32238
2020-02-21 01:00:00,1.32618,1.32692,1.32026,1.32288,90118.72,1.32238
2020-02-20 01:00:00,1.32227,1.32695,1.32122,1.32619,65778.32,1.32614
2020-02-19 01:00:00,1.32551,1.32568,1.32155,1.32227,71080.81,1.32222
2020-02-18 01:00:00,1.32382,1.3279,1.32351,1.32551,78935.97,1.32545
2020-02-17 01:00:00,1.32457,1.3251,1.32256,1.32382,47689.36,1.32376
2020-02-16 01:00:00,1.32602,1.32602,1.32455,1.32457,2969.57,1.32452
2020-02-15 01:00:00,1.32567,1.32567,1.32567,1.32567,0.0,1.32525
2020-02-14 01:00:00,1.32668,1.32697,1.32362,1.32567,440801.54,1.32525
2020-02-13 01:00:00,1.32576,1.32716,1.32407,1.32669,654226.02,1.32664
2020-02-12 01:00:00,1.32913,1.33136,1.32363,1.32571,411072.49,1.32564
2020-02-11 01:00:00,1.33188,1.33208,1.32771,1.32913,73390.59,1.32905
2020-02-10 01:00:00,1.33124,1.33299,1.32888,1.33189,99715.06,1.33182
2020-02-09 01:00:00,1.33098,1.33126,1.33063,1.33126,4536.56,1.3312
2020-02-08 01:00:00,1.33078,1.33078,1.33078,1.33078,0.0,1.3306
2020-02-07 01:00:00,1.32882,1.33214,1.32787,1.33078,119693.56,1.3306
2020-02-06 01:00:00,1.32869,1.33097,1.32708,1.32881,84199.24,1.32875
2020-02-05 01:00:00,1.32843,1.33033,1.32632,1.32869,89630.75,1.32864
2020-02-04 01:00:00,1.32965,1.33026,1.32644,1.32841,93945.74,1.32834
2020-02-03 01:00:00,1.32424,1.33043,1.32322,1.32965,103792.29,1.32958
2020-02-02 01:00:00,1.32435,1.32454,1.32404,1.32424,4258.85,1.32419
2020-02-01 01:00:00,1.32402,1.32402,1.32402,1.32402,0.0,1.32374
2020-01-31 01:00:00,1.32133,1.32541,1.3196,1.32402,109351.98,1.32374
2020-01-30 01:00:00,1.31993,1.32272,1.31909,1.3213,98801.48,1.32124
2020-01-29 01:00:00,1.3165,1.32102,1.31594,1.31991,80303.46,1.31984
2020-01-28 01:00:00,1.3189,1.32063,1.31551,1.31648,85223.58,1.31642
2020-01-27 01:00:00,1.31627,1.32003,1.31487,1.31888,98005.64,1.31882
2020-01-26 01:00:00,1.31587,1.31634,1.31509,1.31625,8077.4,1.31618
2020-01-25 01:00:00,1.31497,1.31497,1.31497,1.31497,0.0,1.31462
2020-01-24 01:00:00,1.31288,1.31535,1.31194,1.31497,81074.82,1.31462
2020-01-23 01:00:00,1.31431,1.31722,1.31246,1.31284,99798.45,1.31279
2020-01-22 01:00:00,1.30748,1.31532,1.30365,1.31429,100383.39,1.31424
2020-01-21 01:00:00,1.30464,1.30806,1.30455,1.30748,92220.46,1.30742
2020-01-20 01:00:00,1.30658,1.30729,1.30445,1.30465,58176.95,1.30458
2020-01-19 01:00:00,1.30617,1.30696,1.30615,1.30656,4421.79,1.30649
2020-01-18 01:00:00,1.3067,1.3067,1.3067,1.3067,0.0,1.30654
2020-01-17 01:00:00,1.30424,1.30758,1.30344,1.3067,77331.77,1.30654
2020-01-16 01:00:00,1.30411,1.30569,1.30329,1.30421,85725.16,1.30416
2020-01-15 01:00:00,1.30688,1.30788,1.30356,1.3041,92253.59,1.30404
2020-01-14 01:00:00,1.30574,1.30802,1.30474,1.30687,86392.96,1.3068
2020-01-13 01:00:00,1.30677,1.30684,1.30319,1.30574,84418.66,1.30568
2020-01-12 01:00:00,1.30557,1.30677,1.30555,1.30676,3060.59,1.3067
2020-01-11 01:00:00,1.3052,1.3052,1.3052,1.3052,0.0,1.30506
2020-01-10 01:00:00,1.30638,1.30762,1.30295,1.3052,100701.33,1.30506
2020-01-09 01:00:00,1.30372,1.31054,1.30269,1.30638,103015.18,1.30633
2020-01-08 01:00:00,1.30022,1.30444,1.2977,1.30368,122614.83,1.30363
2020-01-07 01:00:00,1.2965,1.30302,1.29575,1.30021,95300.75,1.30014
2020-01-06 01:00:00,1.29901,1.29904,1.29608,1.2965,91999.71,1.29643
2020-01-05 01:00:00,1.29895,1.29911,1.29863,1.29901,3602.16,1.29896
2020-01-04 01:00:00,1.30042,1.30042,1.30042,1.30042,0.0,1.30007
2020-01-03 01:00:00,1.29851,1.3009,1.29616,1.30042,108478.82,1.30007
2020-01-02 01:00:00,1.29772,1.30087,1.29694,1.2985,123325.57,1.29843
2020-01-01 01:00:00,1.2987,1.29973,1.29757,1.29772,3081.47,1.29763
2019-12-31 01:00:00,1.30624,1.30624,1.29522,1.29959,78774.21,1.29906
2019-12-30 01:00:00,1.30761,1.30854,1.30513,1.30624,96211.78,1.30618
2019-12-29 01:00:00,1.30816,1.30816,1.30703,1.30763,4857.93,1.30757
2019-12-28 01:00:00,1.30888,1.30888,1.30888,1.30888,0.0,1.30834
2019-12-27 01:00:00,1.31117,1.31215,1.30647,1.30888,72813.43,1.30834
2019-12-26 01:00:00,1.31566,1.31585,1.31041,1.31116,39277.58,1.3111
2019-12-25 01:00:00,1.31672,1.31724,1.31489,1.31564,4338.77,1.31558
2019-12-24 01:00:00,1.31483,1.31697,1.31475,1.31672,59200.22,1.3162
2019-12-23 01:00:00,1.31464,1.31774,1.31431,1.31483,64625.64,1.31476
2019-12-22 01:00:00,1.3151,1.31536,1.31408,1.31464,5381.75,1.31457
2019-12-21 01:00:00,1.31591,1.31591,1.31591,1.31591,0.0,1.31538
2019-12-20 01:00:00,1.31247,1.3182,1.31241,1.31591,74277.24,1.31538
2019-12-19 01:00:00,1.31153,1.31389,1.31083,1.31246,78649.37,1.3124
2019-12-18 01:00:00,1.31624,1.31765,1.31032,1.31154,82318.73,1.31148
2019-12-17 01:00:00,1.3166,1.31857,1.31461,1.31623,87298.08,1.31616
2019-12-16 01:00:00,1.31869,1.31869,1.31155,1.31661,90320.79,1.31655
2019-12-15 01:00:00,1.31785,1.31869,1.31766,1.31869,7132.91,1.31862
2019-12-14 01:00:00,1.31689,1.31689,1.31689,1.31689,0.0,1.31672
2019-12-13 01:00:00,1.31552,1.32055,1.31526,1.31689,123276.17,1.31672
2019-12-12 01:00:00,1.31746,1.31947,1.31515,1.31553,103826.1,1.31546
2019-12-11 01:00:00,1.32353,1.32403,1.31627,1.31745,82894.59,1.31738
2019-12-10 01:00:00,1.32385,1.32503,1.32249,1.32352,77750.02,1.32346
2019-12-09 01:00:00,1.32524,1.32657,1.3223,1.32385,65010.99,1.3238
2019-12-08 01:00:00,1.32574,1.32607,1.32489,1.32523,5388.73,1.32516
2019-12-07 01:00:00,1.32594,1.32594,1.32594,1.32594,0.0,1.32539
2019-12-06 01:00:00,1.31778,1.32705,1.31722,1.32594,71980.42,1.32539
2019-12-05 01:00:00,1.3194,1.3194,1.31591,1.31778,71561.96,1.31771
2019-12-04 01:00:00,1.32926,1.32985,1.31928,1.31939,81679.75,1.31932
2019-12-03 01:00:00,1.33073,1.33214,1.32835,1.32926,81626.57,1.32921
2019-12-02 01:00:00,1.32863,1.33102,1.32761,1.33073,72714.94,1.33066
2019-12-01 01:00:00,1.32764,1.32899,1.32743,1.32863,3328.4,1.32857
2019-11-30 01:00:00,1.32899,1.32899,1.32899,1.32899,0.0,1.32813
2019-11-29 01:00:00,1.32817,1.33142,1.3273,1.32899,69811.85,1.32813
2019-11-28 01:00:00,1.32863,1.32998,1.32799,1.32815,49228.43,1.32808
2019-11-27 01:00:00,1.32712,1.32907,1.32608,1.32864,75597.13,1.32856
2019-11-26 01:00:00,1.33048,1.33167,1.32695,1.32714,81185.28,1.32708
2019-11-25 01:00:00,1.3298,1.33195,1.32857,1.33045,71720.42,1.33039
2019-11-24 01:00:00,1.33015,1.33024,1.3294,1.3298,3205.52,1.32976
2019-11-23 01:00:00,1.33061,1.33061,1.33061,1.33061,0.0,1.33012
2019-11-22 01:00:00,1.32816,1.33061,1.32547,1.33061,94522.03,1.33012
2019-11-21 01:00:00,1.33048,1.33254,1.32703,1.32813,100669.91,1.32808
2019-11-20 01:00:00,1.3273,1.33284,1.3271,1.33046,92562.84,1.3304
2019-11-19 01:00:00,1.32078,1.32732,1.31908,1.3273,82118.34,1.32724
2019-11-18 01:00:00,1.32249,1.32359,1.32008,1.32078,73254.89,1.32072
2019-11-17 01:00:00,1.32267,1.32267,1.32213,1.32253,2869.05,1.32246
2019-11-16 01:00:00,1.3224,1.3224,1.3224,1.3224,0.0,1.32225
2019-11-15 01:00:00,1.32508,1.32525,1.32171,1.3224,71478.44,1.32225
2019-11-14 01:00:00,1.3253,1.32711,1.32444,1.32508,85754.09,1.325
2019-11-13 01:00:00,1.32375,1.32687,1.32323,1.32529,90958.96,1.32522
2019-11-12 01:00:00,1.3235,1.32581,1.3217,1.32375,90399.11,1.32369
2019-11-11 01:00:00,1.3228,1.32384,1.32131,1.32349,61682.84,1.32343
2019-11-10 01:00:00,1.32236,1.32305,1.32221,1.32278,2129.47,1.32272
2019-11-09 01:00:00,1.3231,1.3231,1.3231,1.3231,0.0,1.32284
2019-11-08 01:00:00,1.31757,1.32375,1.3173,1.3231,82331.18,1.32284
2019-11-07 01:00:00,1.3187,1.31979,1.31605,1.31757,91736.32,1.3175
2019-11-06 01:00:00,1.31549,1.31936,1.31541,1.31867,82172.13,1.31862
2019-11-05 01:00:00,1.31535,1.31789,1.31159,1.31549,108018.14,1.31543
2019-11-04 01:00:00,1.31429,1.31611,1.31309,1.31533,88530.63,1.31528
2019-10-26 02:00:00,1.30631,1.30631,1.30631,1.30631,0.0,1.30588
2019-10-25 02:00:00,1.30722,1.30774,1.30568,1.30631,75436.37,1.30588
2019-10-24 02:00:00,1.30766,1.30935,1.30535,1.30721,107379.0,1.30714
2019-10-23 02:00:00,1.30955,1.31099,1.3069,1.30765,86770.65,1.30758
2019-10-22 02:00:00,1.30884,1.31236,1.30718,1.30956,111413.19,1.30949
2019-10-21 02:00:00,1.31333,1.31379,1.30827,1.30878,94710.98,1.30875
2019-10-20 02:00:00,1.31387,1.31397,1.31299,1.31333,7333.5,1.31325
2019-10-19 02:00:00,1.3131,1.3131,1.3131,1.3131,0.0,1.31264
2019-10-18 02:00:00,1.3137,1.31463,1.31201,1.3131,85230.26,1.31264
2019-10-17 02:00:00,1.32055,1.32124,1.31313,1.31368,116856.08,1.31362
2019-10-16 02:00:00,1.32066,1.32377,1.31848,1.32052,124607.26,1.32045
2019-10-15 02:00:00,1.32275,1.32403,1.31955,1.32064,119945.56,1.32056
2019-10-14 02:00:00,1.3203,1.32401,1.32007,1.32274,101614.44,1.32268
2019-10-13 02:00:00,1.32043,1.32043,1.31925,1.32031,4815.25,1.32026
2019-10-12 02:00:00,1.32085,1.32085,1.32085,1.32085,0.0,1.3204
2019-10-11 02:00:00,1.32887,1.3301,1.31715,1.32085,160669.08,1.3204
2019-10-10 02:00:00,1.33368,1.33456,1.32693,1.32887,160321.65,1.3288
2019-10-09 02:00:00,1.33225,1.33465,1.32959,1.33367,139276.26,1.3336
2019-10-08 02:00:00,1.33052,1.33374,1.32884,1.33225,147676.75,1.33216
2019-10-07 02:00:00,1.33076,1.33315,1.32909,1.33053,116658.37,1.33046
2019-10-06 02:00:00,1.33283,1.33283,1.33061,1.33075,9035.99,1.33068
2019-10-05 02:00:00,1.33135,1.33135,1.33135,1.33135,0.0,1.33086
2019-10-04 02:00:00,1.33382,1.33394,1.32997,1.33135,139492.42,1.33086
2019-10-03 02:00:00,1.33295,1.33486,1.33099,1.33382,150604.84,1.33376
2019-10-02 02:00:00,1.32192,1.33354,1.32065,1.33295,144775.82,1.33289
2019-10-01 02:00:00,1.32436,1.32908,1.32103,1.32189,125909.32,1.32183
2019-09-30 02:00:00,1.32379,1.32604,1.32248,1.32435,105428.22,1.32429
2019-09-29 02:00:00,1.32485,1.32486,1.32348,1.32377,5582.86,1.3237
2019-09-28 02:00:00,1.32556,1.32556,1.32556,1.32556,0.0,1.3251
2019-09-27 02:00:00,1.32705,1.32791,1.32146,1.32556,104764.85,1.3251
2019-09-26 02:00:00,1.32605,1.32771,1.32322,1.32705,113760.79,1.32698
2019-09-25 02:00:00,1.3242,1.3289,1.32405,1.32605,113323.9,1.32598
2019-09-24 02:00:00,1.32626,1.32753,1.32327,1.3242,94158.38,1.32412
2019-09-23 02:00:00,1.32692,1.33056,1.32552,1.32628,91527.23,1.32619
2019-09-22 02:00:00,1.32623,1.32731,1.32623,1.3269,2589.72,1.32684
2019-09-21 02:00:00,1.32636,1.32636,1.32636,1.32636,0.0,1.32625
2019-09-20 02:00:00,1.32603,1.33013,1.32551,1.32636,98724.04,1.32625
2019-09-19 02:00:00,1.33001,1.3308,1.32425,1.32603,106448.77,1.32598
2019-09-18 02:00:00,1.32433,1.33109,1.32408,1.33001,117980.84,1.32992
2019-09-17 02:00:00,1.32425,1.33002,1.32339,1.32432,120731.93,1.32426
2019-09-16 02:00:00,1.32158,1.32719,1.32151,1.32425,128098.53,1.3242
2019-09-15 02:00:00,1.32281,1.32492,1.32101,1.32158,12432.91,1.32152
2019-09-14 02:00:00,1.32898,1.32898,1.32898,1.32898,0.0,1.32875
2019-09-13 02:00:00,1.32131,1.32902,1.32107,1.32898,92922.1,1.32875
2019-09-12 02:00:00,1.31854,1.32212,1.31774,1.32128,121274.87,1.32122
2019-09-11 02:00:00,1.31476,1.32151,1.31398,1.31858,91689.11,1.31851
2019-09-10 02:00:00,1.31705,1.31921,1.31342,1.31473,95851.18,1.31467
2019-09-09 02:00:00,1.31701,1.31776,1.31399,1.31706,92726.06,1.31698
2019-09-08 02:00:00,1.31821,1.31821,1.31683,1.31701,7838.77,1.31693
2019-09-07 02:00:00,1.31742,1.31742,1.31742,1.31742,0.0,1.31698
2019-09-06 02:00:00,1.32313,1.32496,1.31589,1.31742,109107.04,1.31698
2019-09-05 02:00:00,1.32266,1.32471,1.3192,1.32313,109257.5,1.32306
2019-09-04 02:00:00,1.334,1.33407,1.32192,1.32266,105710.97,1.3226
2019-09-03 02:00:00,1.33351,1.33831,1.33237,1.334,123863.94,1.33393
2019-09-02 02:00:00,1.33193,1.33616,1.33128,1.33351,84485.46,1.33344
2019-09-01 02:00:00,1.33237,1.33267,1.33166,1.33193,9135.04,1.33186
2019-08-31 02:00:00,1.33177,1.33177,1.33177,1.33177,0.0,1.33131
2019-08-30 02:00:00,1.32847,1.33337,1.32483,1.33177,116405.99,1.33131
2019-08-29 02:00:00,1.33081,1.33198,1.32733,1.32846,127986.07,1.32838
2019-08-28 02:00:00,1.32863,1.3319,1.32851,1.33078,114391.85,1.3307
2019-08-27 02:00:00,1.32535,1.33014,1.32257,1.32863,118865.07,1.32856
2019-08-26 02:00:00,1.33163,1.33169,1.32475,1.32533,163447.92,1.32527
2019-08-25 02:00:00,1.32973,1.332,1.32958,1.33163,15625.44,1.33156
2019-08-24 02:00:00,1.32876,1.32876,1.32876,1.32876,0.0,1.32842
2019-08-23 02:00:00,1.32971,1.33399,1.32775,1.32876,125577.79,1.32842
2019-08-22 02:00:00,1.32894,1.3316,1.32757,1.32969,110849.15,1.32962
2019-08-21 02:00:00,1.33194,1.33203,1.32545,1.32894,90601.39,1.32887
2019-08-20 02:00:00,1.33309,1.33466,1.33095,1.33195,105437.99,1.33186
2019-08-19 02:00:00,1.32684,1.33381,1.32518,1.33309,90195.85,1.33302
2019-08-18 02:00:00,1.32883,1.32898,1.32633,1.32682,7307.3,1.32675
2019-08-17 02:00:00,1.32748,1.32748,1.32748,1.32748,0.0,1.32695
2019-08-16 02:00:00,1.33184,1.33259,1.32623,1.32748,119675.61,1.32695
2019-08-15 02:00:00,1.33121,1.33397,1.3286,1.33184,208076.56,1.33176
2019-08-14 02:00:00,1.32156,1.33267,1.32117,1.33121,180808.96,1.33114
2019-08-13 02:00:00,1.32377,1.32939,1.31855,1.32154,234371.68,1.32147
2019-08-12 02:00:00,1.32189,1.32509,1.32139,1.32378,136860.36,1.32372
2019-08-11 02:00:00,1.32087,1.32214,1.32053,1.32189,3904.16,1.3218
2019-08-10 02:00:00,1.3222,1.3222,1.3222,1.3222,0.0,1.32212
2019-08-09 02:00:00,1.32303,1.32754,1.31973,1.3222,125989.03,1.32212
2019-08-08 02:00:00,1.33149,1.3315,1.32222,1.32303,162025.8,1.32297
2019-08-07 02:00:00,1.32822,1.33456,1.32705,1.33148,225277.67,1.3314
2019-08-06 02:00:00,1.32153,1.32921,1.31882,1.32823,196015.67,1.32814
2019-08-05 02:00:00,1.32041,1.3248,1.31783,1.32154,221338.49,1.32147
2019-08-04 02:00:00,1.32198,1.32198,1.31992,1.32041,10041.09,1.32034
2019-08-03 02:00:00,1.32102,1.32102,1.32102,1.32102,0.0,1.32058
2019-08-02 02:00:00,1.32142,1.32669,1.32004,1.32102,245984.64,1.32058
2019-08-01 02:00:00,1.31961,1.32483,1.31832,1.32143,229301.95,1.32136
2019-07-31 02:00:00,1.31499,1.32153,1.31062,1.31962,187577.68,1.31956
2019-07-30 02:00:00,1.31666,1.31928,1.3145,1.31498,124995.84,1.3149
2019-07-29 02:00:00,1.31703,1.31833,1.31497,1.31666,109284.34,1.31658
2019-07-28 02:00:00,1.31734,1.31756,1.31631,1.31707,3178.5,1.31701
2019-07-27 02:00:00,1.31674,1.31674,1.31674,1.31674,0.0,1.31664
2019-07-26 02:00:00,1.31627,1.31997,1.31578,1.31674,139245.01,1.31664
2019-07-25 02:00:00,1.3144,1.3169,1.31161,1.31627,170440.27,1.3162
2019-07-24 02:00:00,1.31413,1.31514,1.31197,1.3144,93745.03,1.31434
2019-07-23 02:00:00,1.31306,1.31648,1.31225,1.31413,101570.71,1.31406
2019-07-22 02:00:00,1.30556,1.31306,1.30414,1.31306,106051.61,1.313
2019-07-21 02:00:00,1.30635,1.30655,1.30543,1.30556,6358.35,1.30548
2019-07-20 02:00:00,1.30606,1.30606,1.30606,1.30606,0.0,1.30586
2019-07-19 02:00:00,1.30364,1.31105,1.30261,1.30606,119995.34,1.30586
2019-07-18 02:00:00,1.30556,1.30961,1.30165,1.30363,119470.77,1.30356
2019-07-17 02:00:00,1.30876,1.30941,1.30362,1.30556,90784.55,1.30551
2019-07-16 02:00:00,1.30497,1.30927,1.30234,1.30876,102630.7,1.30868
2019-07-15 02:00:00,1.30349,1.30547,1.30219,1.30496,80711.47,1.30489
2019-07-14 02:00:00,1.30402,1.30418,1.30262,1.3035,9977.48,1.30344
2019-07-13 02:00:00,1.30295,1.30295,1.30295,1.30295,0.0,1.30279
2019-07-12 02:00:00,1.30699,1.30706,1.30187,1.30295,91250.32,1.30279
2019-07-11 02:00:00,1.30747,1.30922,1.30425,1.307,102754.28,1.30694
2019-07-10 02:00:00,1.31284,1.31447,1.30631,1.30747,122107.44,1.3074
2019-07-09 02:00:00,1.31047,1.3142,1.30988,1.31283,89731.91,1.31276
2019-07-08 02:00:00,1.30792,1.31046,1.30498,1.31046,75378.91,1.31039
2019-07-07 02:00:00,1.30784,1.30815,1.30726,1.3079,4010.14,1.30784
2019-07-06 02:00:00,1.30798,1.30798,1.30798,1.30798,0.0,1.30785
2019-07-05 02:00:00,1.30501,1.31373,1.30492,1.30798,87484.29,1.30785
2019-07-04 02:00:00,1.30584,1.30799,1.30382,1.30501,60775.84,1.30494
2019-07-03 02:00:00,1.31007,1.31201,1.30567,1.30583,95966.92,1.30576
2019-07-02 02:00:00,1.31356,1.31393,1.30972,1.31008,90909.32,1.31002
2019-07-01 02:00:00,1.30921,1.3146,1.30859,1.31357,89523.67,1.31351
2019-06-30 02:00:00,1.30806,1.30926,1.30791,1.30921,7749.5,1.30915
2019-06-29 02:00:00,1.30975,1.30975,1.30975,1.30975,0.0,1.30918
2019-06-28 02:00:00,1.30954,1.31026,1.30604,1.30975,110969.16,1.30918
2019-06-27 02:00:00,1.31238,1.31386,1.30925,1.30955,106036.99,1.30948
2019-06-26 02:00:00,1.31781,1.31965,1.31077,1.31239,115354.83,1.31234
2019-06-25 02:00:00,1.31849,1.32092,1.31531,1.31782,135120.98,1.31776
2019-06-24 02:00:00,1.32011,1.32152,1.31783,1.3185,100041.48,1.31844
2019-06-23 02:00:00,1.32185,1.32185,1.32007,1.32011,3986.98,1.32004
2019-06-22 02:00:00,1.32246,1.32246,1.32246,1.32246,0.0,1.3221
2019-06-21 02:00:00,1.31851,1.323,1.3163,1.32246,137695.76,1.3221
2019-06-20 02:00:00,1.32712,1.32716,1.31514,1.31849,159509.34,1.31844
2019-06-19 02:00:00,1.33743,1.33841,1.32704,1.32711,138722.64,1.32706
2019-06-18 02:00:00,1.34112,1.34329,1.33732,1.33741,118373.74,1.33734
2019-06-17 02:00:00,1.34111,1.342,1.33936,1.34114,90180.04,1.3411
2019-06-16 02:00:00,1.34146,1.34146,1.34078,1.34111,5284.89,1.34104
2019-06-15 02:00:00,1.34147,1.34147,1.34147,1.34147,0.0,1.34114
2019-06-14 02:00:00,1.33287,1.34236,1.33285,1.34147,121871.99,1.34114
2019-06-13 02:00:00,1.33358,1.33403,1.33009,1.33286,121300.1,1.3328
2019-06-12 02:00:00,1.32814,1.33456,1.32742,1.33357,117629.98,1.3335
2019-06-11 02:00:00,1.32665,1.33095,1.32509,1.32814,117482.97,1.32809
2019-06-10 02:00:00,1.32699,1.32815,1.32519,1.32665,111675.77,1.32657
2019-06-09 02:00:00,1.32453,1.32717,1.32442,1.32697,6136.94,1.32691
2019-06-08 02:00:00,1.32648,1.32648,1.32648,1.32648,0.0,1.32622
2019-06-07 02:00:00,1.33577,1.33668,1.32629,1.32648,133829.81,1.32622
2019-06-06 02:00:00,1.34232,1.34311,1.3354,1.33578,155044.21,1.33572
2019-06-05 02:00:00,1.33932,1.34304,1.33633,1.34233,144476.71,1.34226
2019-06-04 02:00:00,1.34423,1.34502,1.33822,1.33932,129241.82,1.33926
2019-06-03 02:00:00,1.35223,1.35256,1.34353,1.34421,150581.53,1.34416
2019-06-02 02:00:00,1.35237,1.35275,1.35201,1.35223,3743.22,1.35218
2019-06-01 02:00:00,1.3521,1.3521,1.3521,1.3521,0.0,1.3518
2019-05-31 02:00:00,1.35333,1.35654,1.3508,1.3521,146196.83,1.3518
2019-05-30 02:00:00,1.35151,1.35332,1.3486,1.35332,116581.78,1.35327
2019-05-29 02:00:00,1.34907,1.35474,1.34825,1.35151,152338.33,1.35144
2019-05-28 02:00:00,1.34379,1.34997,1.34343,1.34907,111810.3,1.349
2019-05-27 02:00:00,1.34376,1.34535,1.34302,1.3438,74793.05,1.34373
2019-05-26 02:00:00,1.34444,1.34444,1.34444,1.34444,0.0,1.34424
2019-05-25 02:00:00,1.34444,1.34444,1.34444,1.34444,0.0,1.34424
2019-05-24 02:00:00,1.34747,1.34829,1.34309,1.34444,127354.18,1.34424
2019-05-23 02:00:00,1.34385,1.3503,1.3438,1.34748,152741.06,1.34742
2019-05-22 02:00:00,1.34047,1.34401,1.33579,1.34385,118473.97,1.34384
2019-05-21 02:00:00,1.34281,1.34343,1.33961,1.34048,125949.23,1.34041
2019-05-20 02:00:00,1.34476,1.34482,1.34168,1.34283,111769.54,1.34276
2019-05-19 02:00:00,1.34503,1.3458,1.34474,1.34474,5314.73,1.34469
2019-05-18 02:00:00,1.34656,1.34656,1.34656,1.34656,0.0,1.34648
2019-05-17 02:00:00,1.3464,1.35142,1.34352,1.34656,135571.3,1.34648
2019-05-16 02:00:00,1.34434,1.34704,1.34013,1.34639,112749.67,1.34634
2019-05-15 02:00:00,1.34617,1.34942,1.34279,1.34433,112485.25,1.34428
2019-05-14 02:00:00,1.34797,1.34877,1.34567,1.34615,127127.97,1.3461
2019-05-13 02:00:00,1.34428,1.34885,1.3421,1.34799,138666.28,1.34792
2019-05-12 02:00:00,1.34296,1.34427,1.34173,1.34427,8976.72,1.3442
2019-05-11 02:00:00,1.34204,1.34204,1.34204,1.34204,0.0,1.34163
2019-05-10 02:00:00,1.34669,1.3481,1.33808,1.34204,158737.79,1.34163
2019-05-09 02:00:00,1.34747,1.35061,1.34598,1.34669,158339.4,1.34664
2019-05-08 02:00:00,1.3473,1.34874,1.34456,1.34747,138931.59,1.34741
2019-05-07 02:00:00,1.34501,1.34894,1.34106,1.34728,123753.64,1.34722
2019-05-06 02:00:00,1.34727,1.34945,1.34331,1.34499,111574.84,1.34493
2019-05-05 02:00:00,1.34651,1.34739,1.34555,1.34728,10931.49,1.34721
2019-05-04 02:00:00,1.34225,1.34225,1.34225,1.34225,0.0,1.34204
2019-05-03 02:00:00,1.34712,1.34926,1.34068,1.34225,114297.29,1.34204
2019-05-02 02:00:00,1.34398,1.34773,1.34316,1.34713,119818.99,1.34706
2019-05-01 02:00:00,1.33902,1.34622,1.33776,1.34399,101148.0,1.34392
2019-04-30 02:00:00,1.34559,1.34811,1.33819,1.33904,131745.75,1.33898
2019-04-29 02:00:00,1.34632,1.34804,1.34406,1.34559,94213.78,1.34552
2019-04-28 02:00:00,1.34638,1.34715,1.34565,1.34632,3481.95,1.34625
2019-04-27 02:00:00,1.34572,1.34572,1.34572,1.34572,0.0,1.34561
2019-04-26 02:00:00,1.34804,1.34988,1.34526,1.34572,127664.48,1.34561
2019-04-25 02:00:00,1.34947,1.35174,1.34765,1.34804,120959.04,1.34798
2019-04-24 02:00:00,1.34303,1.35221,1.343,1.34947,157339.75,1.34938
2019-04-23 02:00:00,1.3347,1.34437,1.3346,1.34302,115809.71,1.34296
2019-04-22 02:00:00,1.33828,1.33847,1.33361,1.33471,86964.79,1.33464
2019-04-21 02:00:00,1.33925,1.33973,1.33788,1.33828,5971.92,1.33821
2019-04-20 02:00:00,1.33965,1.33965,1.33965,1.33965,0.0,1.33922
2019-04-19 02:00:00,1.33791,1.33994,1.33662,1.33965,75304.71,1.33922
2019-04-18 02:00:00,1.33514,1.34004,1.33452,1.33793,133993.1,1.3377
2019-04-17 02:00:00,1.33598,1.33733,1.32752,1.33514,125169.24,1.33508
2019-04-16 02:00:00,1.33704,1.34036,1.3347,1.33599,115288.18,1.33592
2019-04-15 02:00:00,1.33346,1.33911,1.32981,1.33701,109115.82,1.33696
2019-04-14 02:00:00,1.33383,1.33411,1.33273,1.33344,3796.81,1.33338
2019-04-13 02:00:00,1.33281,1.33281,1.33281,1.33281,0.0,1.33234
2019-04-12 02:00:00,1.33784,1.33862,1.33127,1.33281,118967.38,1.33234
2019-04-11 02:00:00,1.33197,1.33965,1.33176,1.33786,113180.97,1.3378
2019-04-10 02:00:00,1.33306,1.33606,1.3307,1.33197,118031.59,1.33192
2019-04-09 02:00:00,1.33152,1.33338,1.32848,1.33306,116066.07,1.333
2019-04-08 02:00:00,1.33743,1.33868,1.33054,1.33152,110929.11,1.33144
2019-04-07 02:00:00,1.33933,1.33944,1.33716,1.33744,5916.32,1.33736
2019-04-06 02:00:00,1.33883,1.33883,1.33883,1.33883,0.0,1.33841
2019-04-05 02:00:00,1.33664,1.34039,1.33496,1.33883,103940.67,1.33841
2019-04-04 02:00:00,1.3346,1.33735,1.33433,1.33662,116481.61,1.33656
2019-04-03 02:00:00,1.33443,1.33541,1.3297,1.33459,113228.62,1.33454
2019-04-02 02:00:00,1.33147,1.33746,1.33068,1.33442,119860.39,1.33436
2019-04-01 02:00:00,1.33505,1.33713,1.32987,1.33148,119795.26,1.33142
2019-03-31 01:00:00,1.33533,1.33548,1.33429,1.33504,4355.98,1.33498
2019-03-30 01:00:00,1.33524,1.33524,1.33524,1.33524,0.0,1.3351
2019-03-29 01:00:00,1.34315,1.3443,1.33422,1.33524,115802.29,1.3351
2019-03-28 01:00:00,1.34148,1.34514,1.33969,1.34315,142992.79,1.3431
2019-03-27 01:00:00,1.33817,1.34405,1.33776,1.3415,147474.65,1.34144
2019-03-26 01:00:00,1.33953,1.34126,1.33726,1.33818,121584.15,1.33813
2019-03-25 01:00:00,1.34269,1.34452,1.33937,1.33953,137688.47,1.33948
2019-03-24 01:00:00,1.34305,1.34305,1.34197,1.3427,3600.82,1.34263
2019-03-23 01:00:00,1.34301,1.34301,1.34301,1.34301,0.0,1.3429
2019-03-22 01:00:00,1.33714,1.34306,1.33526,1.34301,160326.48,1.3429
2019-03-21 01:00:00,1.32902,1.34004,1.32761,1.33714,143649.58,1.33708
2019-03-20 01:00:00,1.33258,1.33482,1.32583,1.32901,126293.11,1.32896
2019-03-19 01:00:00,1.33402,1.33451,1.32511,1.33257,117610.95,1.33251
2019-03-18 01:00:00,1.33432,1.33662,1.33024,1.334,93770.98,1.33396
2019-03-17 01:00:00,1.33353,1.3345,1.33338,1.33433,4875.25,1.33427
2019-03-16 01:00:00,1.33393,1.33393,1.33393,1.33393,0.0,1.33368
2019-03-15 01:00:00,1.33257,1.3372,1.32899,1.33393,90440.78,1.33368
2019-03-14 01:00:00,1.33018,1.33479,1.33002,1.33258,114398.98,1.33254
2019-03-13 01:00:00,1.33603,1.33719,1.32879,1.33018,107727.57,1.33013
2019-03-12 01:00:00,1.33961,1.34179,1.33511,1.33603,110128.8,1.33597
2019-03-11 01:00:00,1.34233,1.34408,1.33865,1.33961,102127.7,1.33956
2019-03-10 01:00:00,1.34209,1.34285,1.34165,1.34233,3796.31,1.34227
2019-03-09 01:00:00,1.3422,1.3422,1.3422,1.3422,0.0,1.34205
2019-03-08 01:00:00,1.34454,1.34671,1.33909,1.3422,120352.76,1.34205
2019-03-07 01:00:00,1.34444,1.34682,1.3414,1.34455,125623.01,1.34448
2019-03-06 01:00:00,1.33566,1.34579,1.33552,1.34444,108723.73,1.3444
2019-03-05 01:00:00,1.33133,1.33609,1.33108,1.33566,110538.35,1.33562
2019-03-04 01:00:00,1.32857,1.33385,1.32758,1.33133,120446.73,1.33126
2019-03-03 01:00:00,1.32792,1.32864,1.32772,1.32857,4960.71,1.32849
2019-03-02 01:00:00,1.32996,1.32996,1.32996,1.32996,0.0,1.32988
2019-03-01 01:00:00,1.31654,1.3309,1.31304,1.32996,137923.31,1.32988
2019-02-28 01:00:00,1.31468,1.3208,1.31407,1.31654,133287.44,1.31648
2019-02-27 01:00:00,1.31653,1.31771,1.31186,1.31468,254780.78,1.31461
2019-02-26 01:00:00,1.3186,1.32364,1.31558,1.31653,112158.14,1.31646
2019-02-25 01:00:00,1.31333,1.31982,1.31133,1.31862,123050.3,1.31856
2019-02-24 01:00:00,1.31374,1.314,1.31319,1.31333,5587.04,1.31326
2019-02-23 01:00:00,1.31393,1.31393,1.31393,1.31393,0.0,1.31364
2019-02-22 01:00:00,1.32273,1.3243,1.31344,1.31393,115551.49,1.31364
2019-02-21 01:00:00,1.31729,1.32363,1.31634,1.32274,135861.72,1.32266
2019-02-20 01:00:00,1.32116,1.32146,1.31506,1.31729,109899.81,1.31722
2019-02-19 01:00:00,1.32363,1.3282,1.32063,1.32114,102242.74,1.32108
2019-02-18 01:00:00,1.32419,1.32495,1.32258,1.32363,83067.58,1.32356
2019-02-17 01:00:00,1.32592,1.32592,1.32403,1.32419,4683.98,1.32414
2019-02-16 01:00:00,1.32477,1.32477,1.32477,1.32477,0.0,1.32458
2019-02-15 01:00:00,1.32984,1.33136,1.32458,1.32477,104610.4,1.32458
2019-02-14 01:00:00,1.32607,1.33409,1.32299,1.32983,117073.67,1.32978
2019-02-13 01:00:00,1.32309,1.32697,1.31968,1.32607,92156.46,1.326
2019-02-12 01:00:00,1.33045,1.33152,1.32258,1.32309,93713.21,1.32304
2019-02-11 01:00:00,1.32777,1.33196,1.32622,1.33044,100754.57,1.33037
2019-02-10 01:00:00,1.32746,1.3279,1.3269,1.32777,3388.98,1.32768
2019-02-09 01:00:00,1.32811,1.32811,1.32811,1.32811,0.0,1.32789
2019-02-08 01:00:00,1.33119,1.33298,1.32329,1.32811,101174.16,1.32789
2019-02-07 01:00:00,1.32168,1.33179,1.32162,1.33121,99993.84,1.33115
2019-02-06 01:00:00,1.31281,1.32206,1.31257,1.32167,99212.15,1.32161
2019-02-05 01:00:00,1.31173,1.31538,1.31029,1.31281,93391.4,1.31274
2019-02-04 01:00:00,1.31007,1.3148,1.30862,1.31173,101024.21,1.31166
2019-02-03 01:00:00,1.31002,1.31022,1.30886,1.31007,3226.36,1.31001
2019-02-02 01:00:00,1.31043,1.31043,1.31043,1.31043,0.0,1.31012
2019-02-01 01:00:00,1.3128,1.31581,1.30692,1.31043,116731.36,1.31012
2019-01-31 01:00:00,1.31443,1.31659,1.31209,1.31279,123314.3,1.31271
2019-01-30 01:00:00,1.32728,1.32822,1.31191,1.31443,143639.11,1.31436
2019-01-29 01:00:00,1.32627,1.32856,1.32422,1.32728,116056.68,1.32722
2019-01-28 01:00:00,1.32234,1.32864,1.32037,1.32627,97335.32,1.32621
2019-01-27 01:00:00,1.32216,1.32249,1.32125,1.32234,2318.41,1.32229
2019-01-26 01:00:00,1.322,1.322,1.322,1.322,0.0,1.32178
2019-01-25 01:00:00,1.33513,1.33576,1.32172,1.322,113352.7,1.32178
2019-01-24 01:00:00,1.33421,1.3376,1.333,1.33513,127120.97,1.33506
2019-01-23 01:00:00,1.33578,1.33712,1.33055,1.33423,104635.59,1.33418
2019-01-22 01:00:00,1.32988,1.33592,1.32974,1.33578,115268.29,1.33572
2019-01-21 01:00:00,1.32776,1.33187,1.32525,1.32987,98885.64,1.3298
2019-01-20 01:00:00,1.32691,1.3279,1.32642,1.32773,5930.38,1.32767
2019-01-19 01:00:00,1.32678,1.32678,1.32678,1.32678,0.0,1.3266
2019-01-18 01:00:00,1.32825,1.32851,1.32329,1.32678,101978.75,1.3266
2019-01-17 01:00:00,1.32602,1.33195,1.32488,1.32824,113033.99,1.32818
2019-01-16 01:00:00,1.32622,1.32849,1.32357,1.32603,113677.52,1.32594
2019-01-15 01:00:00,1.32785,1.32949,1.32268,1.32622,124510.22,1.32615
2019-01-14 01:00:00,1.32695,1.32982,1.32534,1.32787,94349.55,1.3278
2019-01-13 01:00:00,1.32663,1.32696,1.32606,1.32695,4552.71,1.32689
2019-01-12 01:00:00,1.32689,1.32689,1.32689,1.32689,0.0,1.32668
2019-01-11 01:00:00,1.32395,1.32793,1.31841,1.32689,111434.36,1.32668
2019-01-10 01:00:00,1.3214,1.32599,1.32091,1.32403,115587.01,1.32394
2019-01-09 01:00:00,1.3246,1.32562,1.31806,1.32142,147755.3,1.32136
2019-01-08 01:00:00,1.32981,1.33235,1.32437,1.3246,127201.38,1.32452
2019-01-07 01:00:00,1.33704,1.33788,1.32795,1.32981,128497.02,1.32972
2019-01-06 01:00:00,1.33854,1.3391,1.33678,1.33703,4427.16,1.33696
2019-01-05 01:00:00,1.33767,1.33767,1.33767,1.33767,0.0,1.33752
2019-01-04 01:00:00,1.34804,1.34924,1.33748,1.33767,158720.34,1.33752
2019-01-03 01:00:00,1.36331,1.36465,1.34701,1.34805,198240.58,1.34799
2019-01-02 01:00:00,1.36273,1.3663,1.35698,1.36331,179115.29,1.3632
2019-01-01 01:00:00,1.36486,1.3649,1.36251,1.36269,4991.71,1.36262
2018-12-31 01:00:00,1.36271,1.36656,1.361,1.36429,114258.38,1.36388
2018-12-30 01:00:00,1.36402,1.36434,1.36259,1.36271,2613.27,1.36262
2018-12-29 01:00:00,1.36404,1.36404,1.36404,1.36404,0.0,1.36385
2018-12-28 01:00:00,1.36224,1.36621,1.35956,1.36404,172245.5,1.36385
2018-12-27 01:00:00,1.35754,1.36616,1.35752,1.36222,179241.94,1.36215
2018-12-26 01:00:00,1.3588,1.36194,1.35673,1.35756,116051.52,1.35748
2018-12-25 01:00:00,1.36135,1.36171,1.35854,1.3588,6230.29,1.35868
2018-12-24 01:00:00,1.35985,1.36184,1.35658,1.36134,148260.85,1.36082
2018-12-23 01:00:00,1.35981,1.36,1.35933,1.35985,4634.31,1.35978
2018-12-22 01:00:00,1.36037,1.36037,1.36037,1.36037,0.0,1.36016
2018-12-21 01:00:00,1.35005,1.36043,1.34938,1.36037,214750.99,1.36016
2018-12-20 01:00:00,1.34763,1.35313,1.3447,1.35005,186687.74,1.34994
2018-12-19 01:00:00,1.3456,1.35084,1.34159,1.34762,151811.88,1.34754
2018-12-18 01:00:00,1.34134,1.34974,1.33915,1.34561,115528.69,1.34554
2018-12-17 01:00:00,1.33884,1.34215,1.33732,1.34138,90714.74,1.34132
2018-12-16 01:00:00,1.33894,1.33925,1.33802,1.33884,10699.37,1.33875
2018-12-15 01:00:00,1.33902,1.33902,1.33902,1.33902,0.0,1.33858
2018-12-14 01:00:00,1.33519,1.34022,1.33476,1.33902,90805.64,1.33858
2018-12-13 01:00:00,1.33509,1.33848,1.33389,1.33519,92067.83,1.33512
2018-12-12 01:00:00,1.33799,1.33883,1.33232,1.33509,112885.76,1.33505
2018-12-11 01:00:00,1.3399,1.34248,1.33785,1.33799,101767.11,1.33792
2018-12-10 01:00:00,1.33304,1.34172,1.32936,1.3399,101826.55,1.33984
2018-12-09 01:00:00,1.3337,1.33372,1.33216,1.33302,3834.39,1.33296
2018-12-08 01:00:00,1.33283,1.33283,1.33283,1.33283,0.0,1.33238
2018-12-07 01:00:00,1.33926,1.34011,1.32544,1.33283,107795.83,1.33238
2018-12-06 01:00:00,1.33637,1.34452,1.33635,1.33925,122194.86,1.33918
2018-12-05 01:00:00,1.32572,1.34001,1.32536,1.33637,93113.77,1.33629
2018-12-04 01:00:00,1.32001,1.3268,1.31644,1.32572,121050.14,1.32568
2018-12-03 01:00:00,1.32564,1.32688,1.31608,1.32,123160.36,1.31994
2018-12-02 01:00:00,1.32393,1.32659,1.32382,1.32565,4374.76,1.32558
2018-12-01 01:00:00,1.32938,1.32938,1.32938,1.32938,0.0,1.32888
2018-11-30 01:00:00,1.32761,1.33342,1.3275,1.32938,102674.8,1.32888
2018-11-29 01:00:00,1.3278,1.33131,1.32541,1.32762,102543.44,1.32755
2018-11-28 01:00:00,1.3298,1.33604,1.32427,1.3278,97194.13,1.32773
2018-11-27 01:00:00,1.32548,1.33291,1.32365,1.32979,92611.86,1.32973
2018-11-26 01:00:00,1.32285,1.3262,1.31877,1.32548,85841.87,1.32541
2018-11-25 01:00:00,1.32264,1.3232,1.32222,1.32285,5362.03,1.32276
2018-11-24 01:00:00,1.3246,1.3246,1.3246,1.3246,0.0,1.32381
2018-11-23 01:00:00,1.31919,1.32593,1.31879,1.3246,98909.15,1.32381
2018-11-22 01:00:00,1.32286,1.32459,1.31828,1.3192,70778.09,1.31911
2018-11-21 01:00:00,1.33073,1.33182,1.32254,1.32286,79472.48,1.3228
2018-11-20 01:00:00,1.3173,1.33189,1.31562,1.33073,117376.94,1.33066
2018-11-19 01:00:00,1.31484,1.32026,1.31479,1.3173,98556.8,1.31723
2018-11-18 01:00:00,1.31589,1.31595,1.31422,1.31483,3630.43,1.31476
2018-11-17 01:00:00,1.31532,1.31532,1.31532,1.31532,0.0,1.31491
2018-11-16 01:00:00,1.31743,1.31873,1.31277,1.31532,104617.48,1.31491
2018-11-15 01:00:00,1.32482,1.325,1.31568,1.31743,115697.62,1.31735
2018-11-14 01:00:00,1.3225,1.32642,1.32082,1.32482,117446.34,1.32475
2018-11-13 01:00:00,1.32442,1.32642,1.3216,1.3225,111413.82,1.32245
2018-11-12 01:00:00,1.31942,1.32501,1.31836,1.32441,91136.71,1.32434
2018-11-11 01:00:00,1.3207,1.32103,1.31939,1.3194,3648.23,1.31935
2018-11-10 01:00:00,1.32111,1.32111,1.32111,1.32111,0.0,1.32098
2018-11-09 01:00:00,1.31451,1.3234,1.31451,1.32111,104640.15,1.32098
2018-11-08 01:00:00,1.31173,1.31841,1.30882,1.31449,108109.49,1.31442
2018-11-07 01:00:00,1.31172,1.31594,1.30566,1.31173,118895.23,1.31165
2018-11-06 01:00:00,1.31116,1.31452,1.31069,1.3117,88281.21,1.31163
2018-11-05 01:00:00,1.31023,1.31164,1.30715,1.31117,84149.51,1.31112
2018-11-04 01:00:00,1.30934,1.31086,1.30922,1.31022,7421.75,1.31014
2018-11-03 01:00:00,1.31153,1.31153,1.31153,1.31153,0.0,1.31124
2018-11-02 01:00:00,1.30918,1.31198,1.30494,1.31153,91122.16,1.31124
2018-10-27 02:00:00,1.31082,1.31082,1.31082,1.31082,0.0,1.31065
2018-10-26 02:00:00,1.30723,1.316,1.30695,1.31082,135620.82,1.31065
2018-10-25 02:00:00,1.30485,1.30992,1.30155,1.30724,117497.14,1.30717
2018-10-24 02:00:00,1.30832,1.31004,1.29697,1.30485,134436.74,1.30479
2018-10-23 02:00:00,1.30994,1.31227,1.30764,1.30832,102719.06,1.30824
2018-10-22 02:00:00,1.31048,1.31269,1.30798,1.30994,104576.27,1.30988
2018-10-21 02:00:00,1.30965,1.31133,1.30963,1.3105,5541.35,1.31046
2018-10-20 02:00:00,1.31036,1.31036,1.31036,1.31036,0.0,1.31012
2018-10-19 02:00:00,1.30794,1.31328,1.30283,1.31036,109428.28,1.31012
2018-10-18 02:00:00,1.30262,1.30887,1.30193,1.30794,113275.46,1.30789
2018-10-17 02:00:00,1.29369,1.30294,1.29337,1.30262,113616.51,1.30257
2018-10-16 02:00:00,1.29952,1.29994,1.29169,1.2937,94332.91,1.29365
2018-10-15 02:00:00,1.30243,1.30517,1.29556,1.29953,104098.11,1.29948
2018-10-14 02:00:00,1.30257,1.30306,1.30184,1.30243,6636.69,1.30238
2018-10-13 02:00:00,1.3026,1.3026,1.3026,1.3026,0.0,1.30239
2018-10-12 02:00:00,1.30323,1.30529,1.30032,1.3026,91330.64,1.30239
2018-10-11 02:00:00,1.30528,1.30723,1.30156,1.30321,131387.39,1.30315
2018-10-10 02:00:00,1.29395,1.30703,1.29273,1.30529,98800.33,1.30523
2018-10-09 02:00:00,1.29569,1.30041,1.29363,1.29395,89267.09,1.29388
2018-10-08 02:00:00,1.29489,1.30108,1.2945,1.29568,74965.68,1.29563
2018-10-07 02:00:00,1.29484,1.29535,1.29378,1.29491,6075.43,1.29482
2018-10-06 02:00:00,1.29413,1.29413,1.29413,1.29413,0.0,1.29399
2018-10-05 02:00:00,1.29216,1.29557,1.28895,1.29413,82161.69,1.29399
2018-10-04 02:00:00,1.28815,1.29384,1.28577,1.29215,86712.17,1.2921
2018-10-03 02:00:00,1.28214,1.28849,1.2808,1.28817,89389.45,1.28811
2018-10-02 02:00:00,1.2814,1.28414,1.27998,1.28213,82792.36,1.28209
2018-10-01 02:00:00,1.28373,1.28632,1.27829,1.28138,95671.92,1.28136
2018-09-30 02:00:00,1.28555,1.28889,1.28372,1.28373,7667.47,1.28366
2018-09-29 02:00:00,1.2908,1.2908,1.2908,1.2908,0.0,1.29078
2018-09-28 02:00:00,1.30364,1.30396,1.29078,1.2908,86012.92,1.29078
2018-09-27 02:00:00,1.30379,1.30822,1.30169,1.30364,85202.36,1.3036
2018-09-26 02:00:00,1.29582,1.30457,1.29454,1.30379,77906.04,1.30374
2018-09-25 02:00:00,1.29499,1.29732,1.29364,1.29582,64453.22,1.29577
2018-09-24 02:00:00,1.29155,1.29571,1.29098,1.29502,66583.15,1.29496
2018-09-23 02:00:00,1.29304,1.29304,1.29146,1.29152,3414.42,1.29148
2018-09-22 02:00:00,1.29167,1.29167,1.29167,1.29167,0.0,1.29148
2018-09-21 02:00:00,1.291,1.29439,1.28863,1.29167,89740.16,1.29148
2018-09-20 02:00:00,1.29192,1.29287,1.28851,1.29102,94412.72,1.29098
2018-09-19 02:00:00,1.29739,1.30155,1.29005,1.29192,101056.72,1.29187
2018-09-18 02:00:00,1.30644,1.30644,1.29694,1.29739,105719.19,1.29733
2018-09-17 02:00:00,1.30445,1.30652,1.30034,1.30644,80687.47,1.3064
2018-09-16 02:00:00,1.30417,1.30469,1.30354,1.30448,3813.39,1.30443
2018-09-15 02:00:00,1.30412,1.30412,1.30412,1.30412,0.0,1.30367
2018-09-14 02:00:00,1.30062,1.3055,1.29837,1.30412,81507.49,1.30367
2018-09-13 02:00:00,1.30029,1.30262,1.29769,1.30064,108220.96,1.30058
2018-09-12 02:00:00,1.30637,1.30791,1.29812,1.30029,131400.34,1.30023
2018-09-11 02:00:00,1.31638,1.3175,1.30431,1.30638,87771.93,1.30633
2018-09-10 02:00:00,1.31726,1.31985,1.31522,1.31639,77728.02,1.31632
2018-09-09 02:00:00,1.31686,1.31778,1.31681,1.31727,5068.15,1.31722
2018-09-08 02:00:00,1.31612,1.31612,1.31612,1.31612,0.0,1.31578
2018-09-07 02:00:00,1.31559,1.31913,1.3111,1.31612,115645.65,1.31578
2018-09-06 02:00:00,1.31753,1.3227,1.31289,1.31558,105842.0,1.31553
2018-09-05 02:00:00,1.31751,1.32071,1.316,1.31753,106994.43,1.31748
2018-09-04 02:00:00,1.3096,1.32087,1.3093,1.31751,101289.75,1.31746
2018-09-03 02:00:00,1.30641,1.31033,1.30452,1.30959,71008.84,1.30956
2018-09-02 02:00:00,1.30822,1.30827,1.30547,1.30641,4612.6,1.30634
2018-09-01 02:00:00,1.30463,1.30463,1.30463,1.30463,0.0,1.30444
2018-08-31 02:00:00,1.29873,1.30894,1.2987,1.30463,111705.23,1.30444
2018-08-30 02:00:00,1.29056,1.30008,1.29056,1.29874,102357.53,1.2987
2018-08-29 02:00:00,1.29288,1.29625,1.29036,1.29056,105797.56,1.29051
2018-08-28 02:00:00,1.29634,1.29828,1.28878,1.29287,100103.25,1.29282
2018-08-27 02:00:00,1.30108,1.30678,1.29541,1.29638,108977.75,1.29633
2018-08-26 02:00:00,1.30246,1.30261,1.30093,1.30106,4207.51,1.30102
2018-08-25 02:00:00,1.30263,1.30263,1.30263,1.30263,0.0,1.30246
2018-08-24 02:00:00,1.31006,1.31038,1.3012,1.30263,112021.12,1.30246
2018-08-23 02:00:00,1.30089,1.31037,1.30088,1.31005,96842.68,1.30998
2018-08-22 02:00:00,1.3035,1.30433,1.29875,1.30089,111708.2,1.30084
2018-08-21 02:00:00,1.30427,1.30582,1.30144,1.30351,94060.27,1.30348
2018-08-20 02:00:00,1.30613,1.30932,1.30375,1.30427,92859.9,1.30425
2018-08-19 02:00:00,1.3063,1.30648,1.30554,1.30613,5326.78,1.30606
2018-08-18 02:00:00,1.30638,1.30638,1.30638,1.30638,0.0,1.30616
2018-08-17 02:00:00,1.31605,1.31703,1.30527,1.30638,109588.68,1.30616
2018-08-16 02:00:00,1.31479,1.3175,1.31144,1.31609,106593.68,1.31603
2018-08-15 02:00:00,1.30585,1.31753,1.30551,1.31479,116670.46,1.31474
2018-08-14 02:00:00,1.31324,1.31372,1.30513,1.30585,104524.69,1.3058
2018-08-13 02:00:00,1.315,1.31715,1.31044,1.31324,121809.75,1.31318
2018-08-12 02:00:00,1.31734,1.31734,1.3138,1.31498,6736.97,1.31492
2018-08-11 02:00:00,1.31398,1.31398,1.31398,1.31398,0.0,1.31392
2018-08-10 02:00:00,1.30467,1.31541,1.30423,1.31398,125013.17,1.31392
2018-08-09 02:00:00,1.30216,1.3065,1.3001,1.3047,89187.04,1.30464
2018-08-08 02:00:00,1.30591,1.31208,1.30072,1.30216,96131.8,1.3021
2018-08-07 02:00:00,1.30024,1.30758,1.29628,1.30591,82507.09,1.30586
2018-08-06 02:00:00,1.30152,1.304,1.2988,1.30025,67559.35,1.3002
2018-08-05 02:00:00,1.29965,1.302,1.29917,1.30152,3006.65,1.30147
2018-08-04 02:00:00,1.29926,1.29926,1.29926,1.29926,0.0,1.29916
2018-08-03 02:00:00,1.30253,1.30395,1.29685,1.29926,92178.0,1.29916
2018-08-02 02:00:00,1.29998,1.30402,1.29942,1.30255,88239.95,1.30249
2018-08-01 02:00:00,1.30202,1.30333,1.29763,1.29998,103586.55,1.29992
2018-07-31 02:00:00,1.30283,1.30972,1.29833,1.30198,119253.56,1.30192
2018-07-30 02:00:00,1.30651,1.30793,1.29952,1.30283,79094.33,1.30279
2018-07-29 02:00:00,1.30546,1.30655,1.30545,1.30653,2232.68,1.30647
2018-07-28 02:00:00,1.30613,1.30613,1.30613,1.30613,0.0,1.30592
2018-07-27 02:00:00,1.30706,1.30782,1.3043,1.30613,92536.19,1.30592
2018-07-26 02:00:00,1.30394,1.30934,1.30253,1.30705,116461.09,1.307
2018-07-25 02:00:00,1.31533,1.31666,1.30254,1.30402,128113.52,1.30396
2018-07-24 02:00:00,1.31718,1.31922,1.31362,1.31532,108183.48,1.31526
2018-07-23 02:00:00,1.31209,1.31802,1.31151,1.31716,113151.84,1.31711
2018-07-22 02:00:00,1.31386,1.31447,1.31165,1.31207,7089.89,1.31202
2018-07-21 02:00:00,1.31469,1.31469,1.31469,1.31469,0.0,1.31459
2018-07-20 02:00:00,1.32615,1.32904,1.31148,1.31469,139215.93,1.31459
2018-07-19 02:00:00,1.31699,1.32901,1.31607,1.32616,140971.87,1.3261
2018-07-18 02:00:00,1.32041,1.32604,1.31627,1.31699,116699.88,1.31693
2018-07-17 02:00:00,1.31379,1.32194,1.31116,1.32044,117453.25,1.32038
2018-07-16 02:00:00,1.31583,1.31618,1.31102,1.31381,96240.8,1.31374
2018-07-15 02:00:00,1.31653,1.31698,1.31543,1.3158,2717.57,1.31576
2018-07-14 02:00:00,1.31556,1.31556,1.31556,1.31556,0.0,1.31543
2018-07-13 02:00:00,1.31655,1.32094,1.31507,1.31556,98927.83,1.31543
2018-07-12 02:00:00,1.3209,1.32163,1.31503,1.31658,115720.75,1.31652
2018-07-11 02:00:00,1.31457,1.322,1.3066,1.32089,142211.5,1.32082
2018-07-10 02:00:00,1.31116,1.31473,1.31014,1.31458,96005.62,1.31452
2018-07-09 02:00:00,1.30972,1.31233,1.30666,1.31115,91457.69,1.31112
2018-07-08 02:00:00,1.3096,1.31013,1.30905,1.3097,3925.09,1.30962
2018-07-07 02:00:00,1.30882,1.30882,1.30882,1.30882,0.0,1.30844
2018-07-06 02:00:00,1.31389,1.31512,1.30772,1.30882,102393.67,1.30844
2018-07-05 02:00:00,1.3141,1.3161,1.31162,1.31389,109866.85,1.31382
2018-07-04 02:00:00,1.3144,1.31622,1.31125,1.31407,93207.19,1.31402
2018-07-03 02:00:00,1.31885,1.32088,1.31331,1.3144,114502.55,1.31436
2018-07-02 02:00:00,1.315,1.32255,1.31478,1.31883,104210.37,1.3188
2018-07-01 02:00:00,1.31771,1.31771,1.31403,1.31495,7928.13,1.31488
2018-06-30 02:00:00,1.31389,1.31389,1.31389,1.31389,0.0,1.31355
2018-06-29 02:00:00,1.32556,1.32702,1.3131,1.31389,129356.63,1.31355
2018-06-28 02:00:00,1.33309,1.33521,1.3242,1.32561,130769.72,1.32554
2018-06-27 02:00:00,1.33013,1.3387,1.32778,1.3331,144152.1,1.33306
2018-06-26 02:00:00,1.32984,1.33298,1.32814,1.33013,127491.66,1.33008
2018-06-25 02:00:00,1.32797,1.33255,1.3272,1.32986,126110.43,1.3298
2018-06-24 02:00:00,1.32759,1.32818,1.32677,1.32801,5282.74,1.32794
2018-06-23 02:00:00,1.32634,1.32634,1.32634,1.32634,0.0,1.32616
2018-06-22 02:00:00,1.33195,1.33832,1.32621,1.32634,114836.49,1.32616
2018-06-21 02:00:00,1.33083,1.33359,1.32842,1.33195,134662.53,1.3319
2018-06-20 02:00:00,1.32792,1.3322,1.32696,1.33083,124583.67,1.33075
2018-06-19 02:00:00,1.32123,1.32923,1.31983,1.32793,146776.64,1.32786
2018-06-18 02:00:00,1.31985,1.32379,1.31601,1.32123,107902.47,1.32118
2018-06-17 02:00:00,1.31957,1.32044,1.31908,1.31985,4091.18,1.3198
2018-06-16 02:00:00,1.31856,1.31856,1.31856,1.31856,0.0,1.31801
2018-06-15 02:00:00,1.31174,1.32094,1.31153,1.31856,119446.19,1.31801
2018-06-14 02:00:00,1.29758,1.31185,1.295,1.31173,137160.55,1.31167
2018-06-13 02:00:00,1.30156,1.30525,1.29559,1.29756,118476.08,1.29751
2018-06-12 02:00:00,1.29881,1.30303,1.29801,1.30156,109701.51,1.3015
2018-06-11 02:00:00,1.29692,1.30279,1.29561,1.29875,82595.16,1.29871
2018-06-10 02:00:00,1.30033,1.30048,1.29663,1.29692,3957.43,1.29687
2018-06-09 02:00:00,1.29292,1.29292,1.29292,1.29292,0.0,1.2927
2018-06-08 02:00:00,1.2983,1.30421,1.29224,1.29292,108535.18,1.2927
2018-06-07 02:00:00,1.29476,1.30021,1.29361,1.29833,107312.77,1.29827
2018-06-06 02:00:00,1.29421,1.29633,1.28585,1.29475,119176.01,1.2947
2018-06-05 02:00:00,1.2924,1.30675,1.29147,1.29422,121319.95,1.29416
2018-06-04 02:00:00,1.29571,1.29609,1.29005,1.29241,101607.08,1.29237
2018-06-03 02:00:00,1.29608,1.29653,1.29543,1.29573,2792.15,1.29566
2018-06-02 02:00:00,1.29523,1.29523,1.29523,1.29523,0.0,1.29506
2018-06-01 02:00:00,1.29444,1.30093,1.29316,1.29523,123487.33,1.29506
2018-05-31 02:00:00,1.28946,1.29909,1.28189,1.29448,135536.45,1.29442
2018-05-30 02:00:00,1.30301,1.30408,1.28367,1.28946,143382.82,1.28941
2018-05-29 02:00:00,1.29933,1.30475,1.29694,1.30302,139052.24,1.30296
2018-05-28 02:00:00,1.29781,1.30225,1.29732,1.29933,82659.33,1.29927
2018-05-27 02:00:00,1.29706,1.29796,1.29621,1.2978,5189.92,1.29774
2018-05-26 02:00:00,1.29788,1.29788,1.29788,1.29788,0.0,1.29753
2018-05-25 02:00:00,1.28872,1.29887,1.28823,1.29788,102857.43,1.29753
2018-05-24 02:00:00,1.28375,1.29212,1.2837,1.28872,120139.07,1.28866
2018-05-23 02:00:00,1.28177,1.29161,1.28129,1.28373,125191.99,1.28368
2018-05-22 02:00:00,1.27775,1.28267,1.27431,1.28177,88650.9,1.28172
2018-05-21 02:00:00,1.28783,1.28912,1.27765,1.27776,80346.8,1.27768
2018-05-20 02:00:00,1.28764,1.28846,1.28744,1.28783,4622.9,1.28775
2018-05-19 02:00:00,1.28869,1.28869,1.28869,1.28869,0.0,1.28846
2018-05-18 02:00:00,1.28362,1.29116,1.27916,1.28869,88647.18,1.28846
2018-05-17 02:00:00,1.27845,1.28476,1.27499,1.28362,104605.66,1.28357
2018-05-16 02:00:00,1.28732,1.28769,1.27783,1.27845,106783.22,1.2784
2018-05-15 02:00:00,1.28018,1.29252,1.27929,1.28733,104498.77,1.28728
2018-05-14 02:00:00,1.27818,1.28144,1.27508,1.28019,83191.66,1.28015
2018-05-13 02:00:00,1.27956,1.27961,1.27794,1.27818,3202.46,1.27813
2018-05-12 02:00:00,1.27976,1.27976,1.27976,1.27976,0.0,1.27956
2018-05-11 02:00:00,1.27725,1.28008,1.27299,1.27976,92128.14,1.27956
2018-05-10 02:00:00,1.28504,1.28507,1.27437,1.27726,126590.3,1.27718
2018-05-09 02:00:00,1.29484,1.29755,1.2826,1.28504,110202.78,1.28498
2018-05-08 02:00:00,1.28814,1.29983,1.28769,1.29485,132199.67,1.2948
2018-05-07 02:00:00,1.28577,1.29001,1.28401,1.28814,87945.97,1.28807
2018-05-06 02:00:00,1.2849,1.28578,1.28484,1.28578,3056.23,1.28571
2018-05-05 02:00:00,1.28463,1.28463,1.28463,1.28463,0.0,1.28456
2018-05-04 02:00:00,1.28517,1.29182,1.28368,1.28463,100056.51,1.28456
2018-05-03 02:00:00,1.28852,1.29093,1.28173,1.28517,133105.79,1.28511
2018-05-02 02:00:00,1.28464,1.28887,1.28038,1.28852,145770.09,1.28845
2018-05-01 02:00:00,1.28341,1.29147,1.28214,1.28464,124380.59,1.2846
2018-04-30 02:00:00,1.28425,1.28753,1.28059,1.28341,89772.35,1.28334
2018-04-29 02:00:00,1.2844,1.28464,1.28345,1.28425,4434.46,1.2842
2018-04-28 02:00:00,1.28291,1.28291,1.28291,1.28291,0.0,1.28274
2018-04-27 02:00:00,1.2873,1.29009,1.28267,1.28291,86927.06,1.28274
2018-04-26 02:00:00,1.28378,1.28863,1.28218,1.28731,113661.06,1.28726
2018-04-25 02:00:00,1.28221,1.28982,1.28216,1.28381,95848.59,1.28374
2018-04-24 02:00:00,1.28454,1.28622,1.28131,1.28221,97301.29,1.28218
2018-04-23 02:00:00,1.27694,1.28584,1.27512,1.28455,92360.92,1.28452
2018-04-22 02:00:00,1.27564,1.2771,1.27564,1.27697,3340.89,1.2769
2018-04-21 02:00:00,1.27664,1.27664,1.27664,1.27664,0.0,1.27659
2018-04-20 02:00:00,1.26677,1.2767,1.26335,1.27664,99011.75,1.27659
2018-04-19 02:00:00,1.26284,1.26766,1.25866,1.26671,100005.38,1.26666
2018-04-18 02:00:00,1.25591,1.26602,1.25494,1.26282,103531.63,1.26276
2018-04-17 02:00:00,1.25683,1.25798,1.2528,1.25591,78849.97,1.25586
2018-04-16 02:00:00,1.26041,1.2624,1.25645,1.25683,70763.01,1.2568
2018-04-15 02:00:00,1.26045,1.26087,1.25949,1.26038,4093.74,1.26034
2018-04-14 02:00:00,1.26176,1.26176,1.26176,1.26176,0.0,1.26138
2018-04-13 02:00:00,1.25892,1.26181,1.25525,1.26176,84151.2,1.26138
2018-04-12 02:00:00,1.25709,1.2623,1.25621,1.25892,105222.47,1.25887
2018-04-11 02:00:00,1.25948,1.26242,1.25449,1.25708,99747.77,1.25704
2018-04-10 02:00:00,1.27041,1.27062,1.25887,1.25948,120850.13,1.25942
2018-04-09 02:00:00,1.27839,1.28196,1.26886,1.27041,107100.1,1.27034
2018-04-08 02:00:00,1.27715,1.27849,1.27645,1.27839,5696.46,1.27833
2018-04-07 02:00:00,1.27863,1.27863,1.27863,1.27863,0.0,1.2783
2018-04-06 02:00:00,1.2771,1.27962,1.27338,1.27863,120709.04,1.2783
2018-04-05 02:00:00,1.27551,1.28072,1.27455,1.27709,121944.7,1.27704
2018-04-04 02:00:00,1.2808,1.28484,1.27529,1.27552,139112.02,1.27547
2018-04-03 02:00:00,1.29227,1.29227,1.27819,1.2808,117179.36,1.28074
2018-04-02 02:00:00,1.28944,1.29444,1.28634,1.29227,90816.72,1.29221
2018-04-01 02:00:00,1.29024,1.29048,1.28849,1.28948,3423.0,1.28939
2018-03-31 02:00:00,1.28995,1.28995,1.28995,1.28995,0.0,1.28966
2018-03-30 02:00:00,1.28903,1.29039,1.28616,1.28995,49179.69,1.28966
2018-03-29 02:00:00,1.29186,1.29403,1.28618,1.28901,109580.99,1.28888
2018-03-28 02:00:00,1.28809,1.29342,1.2864,1.29183,146442.12,1.29177
2018-03-27 02:00:00,1.28375,1.29032,1.28156,1.28809,129675.84,1.28802
2018-03-26 02:00:00,1.28818,1.29226,1.28371,1.28372,121562.84,1.28368
2018-03-25 01:00:00,1.28932,1.2898,1.28746,1.28819,6719.36,1.28812
2018-03-24 01:00:00,1.28981,1.28981,1.28981,1.28981,0.0,1.28963
2018-03-23 01:00:00,1.29314,1.29362,1.28248,1.28981,151357.95,1.28963
2018-03-22 01:00:00,1.28981,1.29492,1.28302,1.29314,149556.44,1.29306
2018-03-21 01:00:00,1.30755,1.30767,1.28911,1.28981,145985.4,1.28974
2018-03-20 01:00:00,1.3083,1.31039,1.30537,1.30755,114906.39,1.30748
2018-03-19 01:00:00,1.30946,1.31251,1.30473,1.30831,130966.36,1.30825
2018-03-18 01:00:00,1.30969,1.30996,1.3092,1.30945,5831.34,1.30938
2018-03-17 01:00:00,1.30991,1.30991,1.30991,1.30991,0.0,1.30982
2018-03-16 01:00:00,1.30545,1.31012,1.30483,1.30991,112434.82,1.30982
2018-03-15 01:00:00,1.29561,1.30681,1.29461,1.30539,126247.36,1.30533
2018-03-14 01:00:00,1.29577,1.29768,1.29219,1.29562,141694.9,1.29556
2018-03-13 01:00:00,1.28441,1.29851,1.28309,1.29577,145390.78,1.2957
2018-03-12 01:00:00,1.2814,1.28468,1.28037,1.28439,111637.17,1.28432
2018-03-11 01:00:00,1.28193,1.28193,1.28105,1.28141,4173.72,1.28132
2018-03-10 01:00:00,1.2813,1.2813,1.2813,1.2813,0.0,1.28112
2018-03-09 01:00:00,1.28972,1.29096,1.28109,1.2813,142925.8,1.28112
2018-03-08 01:00:00,1.29059,1.29618,1.2868,1.28973,161578.62,1.28966
2018-03-07 01:00:00,1.29492,1.30013,1.28907,1.29059,173759.11,1.29052
2018-03-06 01:00:00,1.29813,1.29955,1.28628,1.29491,163113.03,1.29487
2018-03-05 01:00:00,1.28883,1.30012,1.28787,1.29813,146138.14,1.2981
2018-03-04 01:00:00,1.28828,1.28993,1.28725,1.28883,5083.85,1.28879
2018-03-03 01:00:00,1.28849,1.28849,1.28849,1.28849,0.0,1.28834
2018-03-02 01:00:00,1.28322,1.29166,1.28207,1.28849,145022.83,1.28834
2018-03-01 01:00:00,1.2836,1.28959,1.28095,1.28322,163799.04,1.28315
2018-02-28 01:00:00,1.27724,1.28423,1.27624,1.2836,124775.93,1.28356
2018-02-27 01:00:00,1.26861,1.27784,1.26689,1.27726,141838.11,1.2772
2018-02-26 01:00:00,1.26492,1.27121,1.26155,1.26859,108698.38,1.26854
2018-02-25 01:00:00,1.26482,1.26532,1.26401,1.26493,4248.52,1.26486
2018-02-24 01:00:00,1.26343,1.26343,1.26343,1.26343,0.0,1.26325
2018-02-23 01:00:00,1.27154,1.27263,1.26181,1.26343,133060.58,1.26325
2018-02-22 01:00:00,1.27002,1.27587,1.26723,1.27154,168580.96,1.27147
2018-02-21 01:00:00,1.26494,1.27053,1.26262,1.27002,146565.51,1.26996
2018-02-20 01:00:00,1.25684,1.26522,1.25595,1.26494,140527.31,1.26488
2018-02-19 01:00:00,1.25583,1.2593,1.25279,1.25686,111978.94,1.2568
2018-02-18 01:00:00,1.25663,1.25673,1.25507,1.25581,3322.07,1.25576
2018-02-17 01:00:00,1.25562,1.25562,1.25562,1.25562,0.0,1.25523
2018-02-16 01:00:00,1.2483,1.25681,1.24508,1.25562,152064.28,1.25523
2018-02-15 01:00:00,1.24833,1.25381,1.2466,1.2483,162558.45,1.24825
2018-02-14 01:00:00,1.25899,1.26496,1.24808,1.24833,167631.17,1.24826
2018-02-13 01:00:00,1.25816,1.26257,1.2567,1.25899,137126.89,1.25892
2018-02-12 01:00:00,1.2589,1.26236,1.25564,1.25816,137851.94,1.25809
2018-02-11 01:00:00,1.25948,1.25979,1.25874,1.2589,4372.18,1.25884
2018-02-10 01:00:00,1.25824,1.25824,1.25824,1.25824,0.0,1.25805
2018-02-09 01:00:00,1.25902,1.26891,1.25612,1.25824,189284.2,1.25805
2018-02-08 01:00:00,1.25679,1.26148,1.25473,1.25902,199565.85,1.25895
2018-02-07 01:00:00,1.2506,1.2578,1.24978,1.25678,170957.08,1.25671
2018-02-06 01:00:00,1.25337,1.25686,1.2492,1.2506,278285.47,1.25054
2018-02-05 01:00:00,1.24351,1.25446,1.23984,1.25337,167754.25,1.25332
2018-02-04 01:00:00,1.24383,1.24514,1.24314,1.2435,7570.21,1.24345
2018-02-03 01:00:00,1.24303,1.24303,1.24303,1.24303,0.0,1.24278
2018-02-02 01:00:00,1.22598,1.24375,1.22582,1.24303,174593.32,1.24278
2018-02-01 01:00:00,1.23055,1.23323,1.22566,1.22598,150308.88,1.22594
2018-01-31 01:00:00,1.2336,1.2349,1.22511,1.23058,158640.77,1.23053
2018-01-30 01:00:00,1.23365,1.23797,1.23101,1.2336,153253.4,1.23355
2018-01-29 01:00:00,1.23134,1.23621,1.23115,1.23365,140643.24,1.23358
2018-01-28 01:00:00,1.23221,1.23353,1.23132,1.23135,4144.82,1.23128
2018-01-27 01:00:00,1.23174,1.23174,1.23174,1.23174,0.0,1.23166
2018-01-26 01:00:00,1.23801,1.23849,1.22938,1.23174,173739.09,1.23166
2018-01-25 01:00:00,1.23519,1.23923,1.22829,1.23802,185392.4,1.23794
2018-01-24 01:00:00,1.2416,1.24258,1.2317,1.23518,154162.07,1.23512
2018-01-23 01:00:00,1.24533,1.24917,1.2413,1.2416,137622.79,1.24154
2018-01-22 01:00:00,1.24864,1.24973,1.24354,1.24541,118358.44,1.24536
2018-01-21 01:00:00,1.24786,1.24975,1.24769,1.24864,3937.83,1.24861
2018-01-20 01:00:00,1.24979,1.24979,1.24979,1.24979,0.0,1.24968
2018-01-19 01:00:00,1.2412,1.2509,1.24006,1.24979,140716.97,1.24968
2018-01-18 01:00:00,1.24447,1.24874,1.24006,1.2412,150257.33,1.24114
2018-01-17 01:00:00,1.24265,1.25426,1.23682,1.24447,165071.07,1.24443
2018-01-16 01:00:00,1.24294,1.24531,1.23977,1.24264,132641.32,1.24258
2018-01-15 01:00:00,1.24623,1.24721,1.24035,1.24294,152501.95,1.24288
2018-01-14 01:00:00,1.24703,1.24706,1.24385,1.24623,4398.61,1.24616
2018-01-13 01:00:00,1.24615,1.24615,1.24615,1.24615,0.0,1.24596
2018-01-12 01:00:00,1.2523,1.25567,1.24598,1.24615,140404.18,1.24596
2018-01-11 01:00:00,1.2534,1.25907,1.25158,1.2523,142148.44,1.25225
2018-01-10 01:00:00,1.24747,1.25841,1.24283,1.25342,144107.82,1.25336
2018-01-09 01:00:00,1.24158,1.24783,1.23986,1.24747,112254.1,1.24742
2018-01-08 01:00:00,1.23951,1.245,1.23791,1.24156,101120.91,1.24152
2018-01-07 01:00:00,1.24143,1.24153,1.23949,1.23951,2935.73,1.23946
2018-01-06 01:00:00,1.24132,1.24132,1.24132,1.24132,0.0,1.24122
2018-01-05 01:00:00,1.24918,1.2514,1.2356,1.24132,122248.02,1.24122
2018-01-04 01:00:00,1.25479,1.25559,1.24851,1.24917,125515.14,1.24913
2018-01-03 01:00:00,1.25069,1.25541,1.25007,1.25479,117886.32,1.25473
2018-01-02 01:00:00,1.25574,1.25578,1.25006,1.25073,107410.5,1.2507
2018-01-01 01:00:00,1.25556,1.25608,1.25487,1.25573,3941.37,1.2557
2017-12-31 01:00:00,1.25762,1.25762,1.25762,1.25762,0.0,1.25719
2017-12-30 01:00:00,1.25762,1.25762,1.25762,1.25762,0.0,1.25719
2017-12-29 01:00:00,1.25663,1.25895,1.25154,1.25762,95611.24,1.25719
2017-12-28 01:00:00,1.26521,1.26537,1.25623,1.25665,94993.61,1.25659
2017-12-27 01:00:00,1.26894,1.26961,1.26278,1.2652,93268.75,1.26516
2017-12-26 01:00:00,1.27173,1.27288,1.26843,1.26894,48886.35,1.26886
2017-12-25 01:00:00,1.27359,1.27424,1.27158,1.27173,5659.17,1.27164
2017-12-24 01:00:00,1.27356,1.27365,1.27298,1.2736,195.96,1.27243
2017-12-23 01:00:00,1.27289,1.27289,1.27289,1.27289,0.0,1.27247
2017-12-22 01:00:00,1.27396,1.27971,1.26985,1.27289,102379.83,1.27247
2017-12-21 01:00:00,1.28278,1.28399,1.26998,1.27394,113035.39,1.2739
2017-12-20 01:00:00,1.28808,1.28813,1.28193,1.2828,104769.88,1.28274
2017-12-19 01:00:00,1.28671,1.29206,1.2851,1.28809,104805.27,1.28802
2017-12-18 01:00:00,1.28761,1.28818,1.2843,1.28673,90663.45,1.28666
2017-12-17 01:00:00,1.28763,1.28765,1.28678,1.28762,6847.47,1.28757
2017-12-16 01:00:00,1.28692,1.28692,1.28692,1.28692,0.0,1.2868
2017-12-15 01:00:00,1.27958,1.28952,1.27398,1.28692,116504.71,1.2868
2017-12-14 01:00:00,1.28198,1.28667,1.27143,1.27959,127633.39,1.27955
2017-12-13 01:00:00,1.28706,1.28807,1.27924,1.28198,112077.57,1.28194
2017-12-12 01:00:00,1.28546,1.28927,1.28137,1.28706,105239.74,1.28701
2017-12-11 01:00:00,1.28624,1.28692,1.28313,1.28547,98163.54,1.28539
2017-12-10 01:00:00,1.28606,1.28651,1.28549,1.28625,3388.2,1.28618
2017-12-09 01:00:00,1.28515,1.28515,1.28515,1.28515,0.0,1.28493
2017-12-08 01:00:00,1.28582,1.28803,1.28056,1.28515,85254.38,1.28493
2017-12-07 01:00:00,1.27884,1.28685,1.27879,1.28582,95163.75,1.28577
2017-12-06 01:00:00,1.26958,1.28077,1.26541,1.27884,106333.48,1.27879
2017-12-05 01:00:00,1.26779,1.27052,1.26241,1.26958,97853.85,1.26952
2017-12-04 01:00:00,1.27196,1.27276,1.2657,1.26778,107025.01,1.26772
2017-12-03 01:00:00,1.27077,1.27205,1.26959,1.27196,6546.28,1.27192
2017-12-02 01:00:00,1.26869,1.26869,1.26869,1.26869,0.0,1.26845
2017-12-01 01:00:00,1.28942,1.28987,1.26841,1.26869,126466.49,1.26845
2017-11-30 01:00:00,1.28654,1.29099,1.28509,1.28942,111771.33,1.28939
2017-11-29 01:00:00,1.28154,1.28751,1.28052,1.28655,109970.62,1.2865
2017-11-28 01:00:00,1.27595,1.28252,1.27552,1.28153,107656.38,1.28148
2017-11-27 01:00:00,1.27165,1.27722,1.26806,1.27595,103788.41,1.2759
2017-11-26 01:00:00,1.27119,1.27168,1.27081,1.27165,4501.66,1.2716
2017-11-25 01:00:00,1.27138,1.27138,1.27138,1.27138,0.0,1.27089
2017-11-24 01:00:00,1.27136,1.2748,1.2694,1.27138,98754.43,1.27089
2017-11-23 01:00:00,1.27074,1.27309,1.26732,1.27135,93248.78,1.27129
2017-11-22 01:00:00,1.27742,1.27764,1.26942,1.27074,107588.3,1.27069
2017-11-21 01:00:00,1.28147,1.28372,1.27496,1.27742,99237.84,1.27736
2017-11-20 01:00:00,1.27948,1.28228,1.27555,1.28147,102852.87,1.28142
2017-11-19 01:00:00,1.27748,1.27966,1.27684,1.27948,8132.5,1.27942
2017-11-18 01:00:00,1.27705,1.27705,1.27705,1.27705,0.0,1.27684
2017-11-17 01:00:00,1.27585,1.28242,1.27143,1.27705,107820.3,1.27684
2017-11-16 01:00:00,1.27678,1.27841,1.27287,1.27585,90490.3,1.27581
2017-11-15 01:00:00,1.27387,1.27899,1.27137,1.27678,106910.02,1.27672
2017-11-14 01:00:00,1.27378,1.27738,1.27012,1.27387,95649.29,1.27382
2017-11-13 01:00:00,1.26937,1.27422,1.26786,1.27375,84983.66,1.27371
2017-11-12 01:00:00,1.26936,1.26949,1.26857,1.26938,5719.14,1.26933
2017-11-11 01:00:00,1.26862,1.26862,1.26862,1.26862,0.0,1.26833
2017-11-10 01:00:00,1.26801,1.26964,1.26665,1.26862,93243.07,1.26833
2017-11-09 01:00:00,1.27284,1.27414,1.26682,1.26803,103087.31,1.26798
2017-11-08 01:00:00,1.27637,1.27751,1.27157,1.27283,92693.8,1.27278
2017-11-07 01:00:00,1.27153,1.28198,1.27104,1.27636,114637.4,1.27632
2017-11-06 01:00:00,1.27623,1.27832,1.27033,1.27153,119163.83,1.27148
2017-11-05 01:00:00,1.27701,1.27701,1.27606,1.27623,4865.15,1.2762
2017-11-04 01:00:00,1.27656,1.27656,1.27656,1.27656,0.0,1.27638
2017-11-03 01:00:00,1.28085,1.2836,1.27155,1.27656,128843.19,1.27638
2017-11-02 01:00:00,1.28744,1.28744,1.27997,1.28084,127805.17,1.28079
2017-11-01 01:00:00,1.28926,1.29108,1.28549,1.28745,131727.64,1.28738
2017-10-28 02:00:00,1.28103,1.28103,1.28103,1.28103,0.0,1.2809
2017-10-27 02:00:00,1.28507,1.2917,1.28094,1.28103,136748.12,1.2809
2017-10-26 02:00:00,1.27975,1.28583,1.2782,1.28506,134392.24,1.28499
2017-10-25 02:00:00,1.26726,1.28172,1.26391,1.27975,158319.7,1.2797
2017-10-24 02:00:00,1.26409,1.26936,1.26226,1.26725,136773.6,1.2672
2017-10-23 02:00:00,1.26382,1.26605,1.26141,1.26409,114715.45,1.26405
2017-10-22 02:00:00,1.26268,1.2639,1.26253,1.26384,7797.96,1.26378
2017-10-21 02:00:00,1.26296,1.26296,1.26296,1.26296,0.0,1.26272
2017-10-20 02:00:00,1.24811,1.26303,1.24774,1.26296,142784.22,1.26272
2017-10-19 02:00:00,1.24669,1.24948,1.24512,1.24811,142088.9,1.24808
2017-10-18 02:00:00,1.24988,1.25343,1.24588,1.24669,145167.37,1.24664
2017-10-17 02:00:00,1.25252,1.25914,1.24979,1.24988,138798.46,1.24982
2017-10-16 02:00:00,1.24795,1.25588,1.24703,1.25252,132050.43,1.25248
2017-10-15 02:00:00,1.24818,1.24885,1.2474,1.24795,4538.45,1.24791
2017-10-14 02:00:00,1.24692,1.24692,1.24692,1.24692,0.0,1.24668
2017-10-13 02:00:00,1.24773,1.25203,1.24528,1.24692,130243.34,1.24668
2017-10-12 02:00:00,1.24518,1.24912,1.24334,1.24775,142237.59,1.24768
2017-10-11 02:00:00,1.25126,1.25313,1.2449,1.24518,138870.65,1.24513
2017-10-10 02:00:00,1.25556,1.25561,1.24842,1.25126,135219.38,1.25122
2017-10-09 02:00:00,1.25379,1.25592,1.25263,1.25556,97236.11,1.2555
2017-10-08 02:00:00,1.2534,1.25436,1.25295,1.25375,5770.19,1.2537
2017-10-07 02:00:00,1.2534,1.2534,1.2534,1.2534,0.0,1.25293
2017-10-06 02:00:00,1.25692,1.26007,1.25261,1.2534,138237.86,1.25293
2017-10-05 02:00:00,1.24818,1.25852,1.24625,1.25697,128365.6,1.2569
2017-10-04 02:00:00,1.24902,1.24991,1.2449,1.24817,125204.19,1.24812
2017-10-03 02:00:00,1.25181,1.25392,1.24812,1.249,131762.28,1.24896
2017-10-02 02:00:00,1.24735,1.25251,1.24732,1.25181,136737.73,1.25177
2017-10-01 02:00:00,1.24929,1.24939,1.24687,1.24735,5641.12,1.24729
2017-09-30 02:00:00,1.24696,1.24696,1.24696,1.24696,0.0,1.2468
2017-09-29 02:00:00,1.24373,1.25327,1.24174,1.24696,132544.11,1.2468
2017-09-28 02:00:00,1.24844,1.25198,1.2417,1.24373,180361.64,1.2437
2017-09-27 02:00:00,1.23657,1.24849,1.23365,1.24844,177969.0,1.24838
2017-09-26 02:00:00,1.23713,1.24137,1.23308,1.23657,153990.96,1.2365
2017-09-25 02:00:00,1.23476,1.23855,1.23136,1.23705,134744.74,1.23699
2017-09-24 02:00:00,1.2342,1.23505,1.23387,1.23474,8521.99,1.23467
2017-09-23 02:00:00,1.23408,1.23408,1.23408,1.23408,0.0,1.23394
2017-09-22 02:00:00,1.23257,1.23518,1.22563,1.23408,141351.33,1.23394
2017-09-21 02:00:00,1.2345,1.23684,1.23213,1.23258,160043.55,1.23253
2017-09-20 02:00:00,1.22947,1.23911,1.21991,1.23448,205613.74,1.23442
2017-09-19 02:00:00,1.22823,1.23095,1.22554,1.22947,142462.39,1.22942
2017-09-18 02:00:00,1.21997,1.23383,1.21722,1.22823,150697.68,1.22821
2017-09-17 02:00:00,1.21946,1.22021,1.21855,1.21996,6107.75,1.21991
2017-09-16 02:00:00,1.21967,1.21967,1.21967,1.21967,0.0,1.2195
2017-09-15 02:00:00,1.21642,1.2219,1.21221,1.21967,149702.85,1.2195
2017-09-14 02:00:00,1.21694,1.22399,1.21577,1.21642,154591.6,1.21635
2017-09-13 02:00:00,1.21769,1.22204,1.21314,1.21694,132598.75,1.21686
2017-09-12 02:00:00,1.21091,1.219,1.20829,1.21769,153575.56,1.21764
2017-09-11 02:00:00,1.21526,1.21708,1.20983,1.21092,146694.8,1.21087
2017-09-10 02:00:00,1.21631,1.21637,1.21402,1.21526,6437.61,1.2152
2017-09-09 02:00:00,1.21595,1.21595,1.21595,1.21595,0.0,1.21585
2017-09-08 02:00:00,1.21111,1.21654,1.20621,1.21595,170272.39,1.21585
2017-09-07 02:00:00,1.22365,1.2242,1.21083,1.21111,167490.85,1.21108
2017-09-06 02:00:00,1.237,1.24154,1.21422,1.22364,171462.8,1.22358
2017-09-05 02:00:00,1.24168,1.24168,1.23367,1.23698,164987.74,1.23693
2017-09-04 02:00:00,1.2379,1.24267,1.2376,1.2417,104979.77,1.24164
2017-09-03 02:00:00,1.24235,1.24271,1.23771,1.2379,10228.97,1.23784
2017-09-02 02:00:00,1.23995,1.23995,1.23995,1.23995,0.0,1.23969
2017-09-01 02:00:00,1.2476,1.2492,1.23409,1.23995,145736.23,1.23969
2017-08-31 02:00:00,1.2631,1.26634,1.24746,1.24759,151524.27,1.24752
2017-08-30 02:00:00,1.25155,1.26374,1.25012,1.26313,138715.67,1.26308
2017-08-29 02:00:00,1.2514,1.25508,1.24422,1.25155,141654.12,1.2515
2017-08-28 02:00:00,1.24753,1.25361,1.24447,1.25143,121701.02,1.25137
2017-08-27 02:00:00,1.24806,1.24819,1.2468,1.24753,8250.18,1.24748
2017-08-26 02:00:00,1.24824,1.24824,1.24824,1.24824,0.0,1.2481
2017-08-25 02:00:00,1.25142,1.25401,1.24663,1.24824,136911.01,1.2481
2017-08-24 02:00:00,1.25441,1.25615,1.25062,1.25143,146444.77,1.25137
2017-08-23 02:00:00,1.25677,1.25989,1.25417,1.25441,138960.43,1.25434
2017-08-22 02:00:00,1.25614,1.25957,1.25265,1.25674,121559.68,1.2567
2017-08-21 02:00:00,1.25868,1.26075,1.25542,1.25612,115770.22,1.25609
2017-08-20 02:00:00,1.25871,1.25954,1.25667,1.25868,4703.3,1.25863
2017-08-19 02:00:00,1.25871,1.25871,1.25871,1.25871,0.0,1.2586
2017-08-18 02:00:00,1.2686,1.26874,1.25576,1.25871,127880.93,1.2586
2017-08-17 02:00:00,1.26254,1.26918,1.25891,1.26863,125877.96,1.26858
2017-08-16 02:00:00,1.27548,1.27707,1.26119,1.26254,135337.69,1.26248
2017-08-15 02:00:00,1.27301,1.27786,1.27192,1.27545,136607.95,1.27541
2017-08-14 02:00:00,1.26749,1.27313,1.26732,1.273,121791.79,1.27298
2017-08-13 02:00:00,1.26801,1.26871,1.26725,1.26748,10054.52,1.26741
2017-08-12 02:00:00,1.2684,1.2684,1.2684,1.2684,0.0,1.26802
2017-08-11 02:00:00,1.27385,1.27534,1.26534,1.2684,131047.3,1.26802
2017-08-10 02:00:00,1.26962,1.27478,1.26733,1.27385,126440.92,1.2738
2017-08-09 02:00:00,1.26734,1.2722,1.26688,1.26966,143595.15,1.2696
2017-08-08 02:00:00,1.26765,1.27061,1.26512,1.26732,105054.35,1.26727
2017-08-07 02:00:00,1.26446,1.27152,1.26304,1.26765,89666.55,1.2676
2017-08-06 02:00:00,1.26607,1.26617,1.26341,1.26443,8152.94,1.26435
2017-08-05 02:00:00,1.26565,1.26565,1.26565,1.26565,0.0,1.26528
2017-08-04 02:00:00,1.25698,1.26682,1.25568,1.26565,108701.19,1.26528
2017-08-03 02:00:00,1.25728,1.2619,1.25533,1.25698,115879.58,1.25692
2017-08-02 02:00:00,1.25486,1.25932,1.25394,1.25728,128274.61,1.25724
2017-08-01 02:00:00,1.25081,1.25581,1.24512,1.25487,138869.59,1.25482
2017-07-31 02:00:00,1.24636,1.25299,1.24464,1.25081,132731.41,1.25077
2017-07-30 02:00:00,1.24498,1.24654,1.24333,1.24633,6836.12,1.24628
2017-07-29 02:00:00,1.24344,1.24344,1.24344,1.24344,0.0,1.24329
2017-07-28 02:00:00,1.25401,1.2568,1.24198,1.24344,127640.38,1.24329
2017-07-27 02:00:00,1.24526,1.25769,1.24146,1.25403,133141.0,1.25398
2017-07-26 02:00:00,1.25089,1.25445,1.24148,1.24526,142863.16,1.2452
2017-07-25 02:00:00,1.25068,1.25332,1.24815,1.25089,114979.87,1.25084
2017-07-24 02:00:00,1.25341,1.25525,1.24842,1.25068,116856.08,1.25062
2017-07-23 02:00:00,1.2541,1.25465,1.25338,1.25338,6908.57,1.25333
2017-07-22 02:00:00,1.25426,1.25426,1.25426,1.25426,0.0,1.25392
2017-07-21 02:00:00,1.25985,1.26096,1.25228,1.25426,116648.25,1.25392
2017-07-20 02:00:00,1.26018,1.26411,1.25421,1.25983,126636.31,1.25977
2017-07-19 02:00:00,1.26337,1.26533,1.25789,1.26018,105482.55,1.26012
2017-07-18 02:00:00,1.26973,1.26976,1.25815,1.26337,123329.41,1.26332
2017-07-17 02:00:00,1.26434,1.2703,1.26277,1.26971,105880.1,1.26966
2017-07-16 02:00:00,1.26524,1.26627,1.26408,1.26431,8167.06,1.26428
2017-07-15 02:00:00,1.26476,1.26476,1.26476,1.26476,0.0,1.26467
2017-07-14 02:00:00,1.2728,1.2748,1.26445,1.26476,111154.0,1.26467
2017-07-13 02:00:00,1.27503,1.27713,1.27214,1.27279,120590.54,1.27276
2017-07-12 02:00:00,1.29111,1.29403,1.26813,1.27503,150485.15,1.27497
2017-07-11 02:00:00,1.28959,1.2944,1.28857,1.29113,96551.03,1.29108
2017-07-10 02:00:00,1.28827,1.2933,1.28718,1.28957,102842.59,1.28952
2017-07-09 02:00:00,1.28895,1.28924,1.28768,1.28828,6313.21,1.28823
2017-07-08 02:00:00,1.28783,1.28783,1.28783,1.28783,0.0,1.28763
2017-07-07 02:00:00,1.29798,1.29942,1.28601,1.28783,111344.96,1.28763
2017-07-06 02:00:00,1.29623,1.29839,1.29239,1.29797,109286.48,1.29792
2017-07-05 02:00:00,1.29336,1.30149,1.293,1.29624,123646.01,1.2962
2017-07-04 02:00:00,1.29916,1.30146,1.29131,1.2934,94869.93,1.29334
2017-07-03 02:00:00,1.29767,1.30157,1.29657,1.29921,83188.23,1.29915
2017-07-02 02:00:00,1.29752,1.29784,1.29671,1.29768,6466.86,1.29762
2017-07-01 02:00:00,1.29648,1.29648,1.29648,1.29648,0.0,1.29616
2017-06-30 02:00:00,1.29933,1.30008,1.29468,1.29648,107615.25,1.29616
2017-06-29 02:00:00,1.30397,1.30439,1.29866,1.2993,122854.07,1.29926
2017-06-28 02:00:00,1.31848,1.31848,1.30138,1.30396,148477.12,1.30391
2017-06-27 02:00:00,1.32586,1.32613,1.31478,1.31846,117279.43,1.3184
2017-06-26 02:00:00,1.32603,1.32662,1.32127,1.32583,92311.73,1.32578
2017-06-25 02:00:00,1.32687,1.32766,1.32602,1.32604,5086.45,1.32599
2017-06-24 02:00:00,1.32687,1.32687,1.32687,1.32687,0.0,1.32661
2017-06-23 02:00:00,1.32322,1.33084,1.32109,1.32687,84765.29,1.32661
2017-06-22 02:00:00,1.33286,1.33384,1.32086,1.32323,106770.61,1.32317
2017-06-21 02:00:00,1.32716,1.33482,1.32686,1.33285,107501.5,1.33278
2017-06-20 02:00:00,1.32277,1.32856,1.32048,1.32716,96577.32,1.32712
2017-06-19 02:00:00,1.32146,1.32582,1.31918,1.32275,91059.35,1.32272
2017-06-18 02:00:00,1.32192,1.32194,1.32104,1.32148,5731.94,1.32143
2017-06-17 02:00:00,1.32135,1.32135,1.32135,1.32135,0.0,1.32117
2017-06-16 02:00:00,1.32579,1.32742,1.32104,1.32135,85418.82,1.32117
2017-06-15 02:00:00,1.32433,1.3309,1.32257,1.32578,116151.31,1.32572
2017-06-14 02:00:00,1.3242,1.3272,1.31653,1.32431,145557.89,1.32426
2017-06-13 02:00:00,1.33123,1.33136,1.3212,1.3242,106593.87,1.32416
2017-06-12 02:00:00,1.34567,1.34707,1.33098,1.33122,98769.77,1.33117
2017-06-11 02:00:00,1.34636,1.34668,1.34498,1.34568,3381.48,1.34562
2017-06-10 02:00:00,1.34696,1.34696,1.34696,1.34696,0.0,1.34677
2017-06-09 02:00:00,1.35235,1.35288,1.34232,1.34696,93881.92,1.34677
2017-06-08 02:00:00,1.35121,1.35456,1.34854,1.35241,104140.89,1.35236
2017-06-07 02:00:00,1.34495,1.35263,1.3427,1.3512,95865.14,1.35114
2017-06-06 02:00:00,1.34777,1.34871,1.34376,1.34495,92849.95,1.34491
2017-06-05 02:00:00,1.34994,1.35016,1.34593,1.34777,82358.59,1.34771
2017-06-04 02:00:00,1.34975,1.3501,1.34904,1.34994,6573.59,1.3499
2017-06-03 02:00:00,1.34854,1.34854,1.34854,1.34854,0.0,1.34834
2017-06-02 02:00:00,1.35167,1.35477,1.34779,1.34854,92589.45,1.34834
2017-06-01 02:00:00,1.34913,1.35279,1.34721,1.35167,102103.17,1.35161
2017-05-31 02:00:00,1.34708,1.35235,1.34371,1.34913,106790.6,1.3491
2017-05-30 02:00:00,1.34748,1.35069,1.3452,1.34708,82178.21,1.34706
2017-05-29 02:00:00,1.34545,1.34772,1.34281,1.34745,56865.48,1.34739
2017-05-28 02:00:00,1.34542,1.34551,1.34464,1.34542,4258.84,1.34536
2017-05-27 02:00:00,1.34531,1.34531,1.34531,1.34531,0.0,1.34482
2017-05-26 02:00:00,1.34856,1.34977,1.34336,1.34531,106725.19,1.34482
2017-05-25 02:00:00,1.34142,1.34941,1.33882,1.34853,194327.8256,1.34846
2017-05-24 02:00:00,1.35232,1.35408,1.3406,1.34143,134287.49,1.34138
2017-05-23 02:00:00,1.34936,1.35253,1.34564,1.3523,123310.16,1.35224
2017-05-22 02:00:00,1.35186,1.35414,1.34854,1.34936,103377.99,1.3493
2017-05-21 02:00:00,1.35211,1.35254,1.35093,1.35185,4499.85,1.3518
2017-05-20 02:00:00,1.35138,1.35138,1.35138,1.35138,0.0,1.35106
2017-05-19 02:00:00,1.36051,1.36112,1.351,1.35138,125086.73,1.35106
2017-05-18 02:00:00,1.3601,1.367,1.3583,1.36051,160439.94,1.36044
2017-05-17 02:00:00,1.36141,1.36422,1.35718,1.36011,147541.68,1.36006
2017-05-16 02:00:00,1.36313,1.36596,1.35753,1.36143,129325.8,1.36136
2017-05-15 02:00:00,1.3719,1.37228,1.3602,1.36312,139063.76,1.36307
2017-05-14 02:00:00,1.37006,1.37221,1.37006,1.3719,6753.72,1.37184
2017-05-13 02:00:00,1.37152,1.37152,1.37152,1.37152,0.0,1.37143
2017-05-12 02:00:00,1.37037,1.37427,1.36662,1.37152,127406.58,1.37143
2017-05-11 02:00:00,1.37123,1.37708,1.36798,1.37036,135405.17,1.3703
2017-05-10 02:00:00,1.37095,1.37331,1.3648,1.37123,137736.35,1.37118
2017-05-09 02:00:00,1.36933,1.37538,1.36712,1.37094,134104.55,1.37088
2017-05-08 02:00:00,1.36707,1.3734,1.36441,1.36932,136222.78,1.36928
2017-05-07 02:00:00,1.3669,1.36756,1.36557,1.36705,6079.17,1.367
2017-05-06 02:00:00,1.36531,1.36531,1.36531,1.36531,0.0,1.36505
2017-05-05 02:00:00,1.37533,1.3794,1.36433,1.36531,164419.64,1.36505
2017-05-04 02:00:00,1.3728,1.3777,1.37007,1.37535,154176.06,1.3753
2017-05-03 02:00:00,1.37083,1.37407,1.36803,1.3728,131585.63,1.37275
2017-05-02 02:00:00,1.36754,1.37582,1.36503,1.3708,111549.12,1.37076
2017-05-01 02:00:00,1.36424,1.36874,1.36398,1.36754,80970.74,1.36748
2017-04-30 02:00:00,1.36646,1.36685,1.3638,1.36426,9025.95,1.36419
2017-04-29 02:00:00,1.3659,1.3659,1.3659,1.3659,0.0,1.36546
2017-04-28 02:00:00,1.36263,1.36973,1.36257,1.3659,120865.11,1.36546
2017-04-27 02:00:00,1.36209,1.36711,1.35305,1.36261,150964.25,1.36256
2017-04-26 02:00:00,1.35738,1.36242,1.35428,1.36207,150237.8,1.36202
2017-04-25 02:00:00,1.35503,1.36268,1.35441,1.35738,139194.26,1.35731
2017-04-24 02:00:00,1.34857,1.3555,1.34112,1.35504,128116.27,1.35497
2017-04-23 02:00:00,1.34685,1.34943,1.34651,1.34855,10851.05,1.34848
2017-04-22 02:00:00,1.34998,1.34998,1.34998,1.34998,0.0,1.34965
2017-04-21 02:00:00,1.3476,1.35255,1.34586,1.34998,113743.83,1.34965
2017-04-20 02:00:00,1.34838,1.35001,1.34575,1.3476,118214.71,1.34755
2017-04-19 02:00:00,1.33829,1.34909,1.33816,1.34839,124872.77,1.34834
2017-04-18 02:00:00,1.33252,1.34001,1.33148,1.3383,137781.44,1.33825
2017-04-17 02:00:00,1.33147,1.33298,1.32626,1.33252,92182.74,1.33246
2017-04-16 02:00:00,1.33209,1.33246,1.33069,1.33145,7869.2,1.33138
2017-04-15 02:00:00,1.33286,1.33286,1.33286,1.33286,0.0,1.33265
2017-04-14 02:00:00,1.33379,1.3338,1.33111,1.33286,68119.99,1.33265
2017-04-13 02:00:00,1.3245,1.33389,1.32239,1.33376,123064.65,1.3337
2017-04-12 02:00:00,1.33262,1.33396,1.32393,1.32448,149293.7,1.32443
2017-04-11 02:00:00,1.33228,1.33575,1.33104,1.33264,109867.13,1.33259
2017-04-10 02:00:00,1.34087,1.34268,1.33204,1.33228,105770.37,1.33223
2017-04-09 02:00:00,1.34076,1.34134,1.34001,1.34085,6749.18,1.3408
2017-04-08 02:00:00,1.34113,1.34113,1.34113,1.34113,0.0,1.34058
2017-04-07 02:00:00,1.34205,1.34321,1.33427,1.34113,135718.93,1.34058
2017-04-06 02:00:00,1.34368,1.34512,1.33989,1.34205,109860.24,1.34199
2017-04-05 02:00:00,1.34026,1.34422,1.338,1.34368,123756.54,1.34362
2017-04-04 02:00:00,1.33859,1.34562,1.33755,1.34025,114279.54,1.34018
2017-04-03 02:00:00,1.33277,1.34002,1.33105,1.33859,107156.22,1.33853
2017-04-02 02:00:00,1.33171,1.33276,1.32985,1.33276,3534.57,1.3327
2017-04-01 02:00:00,1.33176,1.33176,1.33176,1.33176,0.0,1.33161
2017-03-31 02:00:00,1.33325,1.33683,1.3285,1.33176,117866.63,1.33161
2017-03-30 02:00:00,1.33329,1.33524,1.32782,1.33325,112463.79,1.3332
2017-03-29 02:00:00,1.33788,1.34015,1.33231,1.33327,107747.6,1.33322
2017-03-28 02:00:00,1.3387,1.3415,1.33547,1.33791,107001.68,1.33784
2017-03-27 02:00:00,1.33303,1.34038,1.33213,1.33874,123364.84,1.33869
2017-03-26 01:00:00,1.33641,1.33702,1.33247,1.33305,8628.64,1.33298
2017-03-25 01:00:00,1.33812,1.33812,1.33812,1.33812,0.0,1.33796
2017-03-24 01:00:00,1.33498,1.33863,1.33477,1.33812,117541.93,1.33796
2017-03-23 01:00:00,1.33342,1.33579,1.33164,1.33498,136915.66,1.33493
2017-03-22 01:00:00,1.33595,1.34099,1.33212,1.33341,141647.97,1.33336
2017-03-21 01:00:00,1.33398,1.33651,1.32645,1.33596,146126.64,1.3359
2017-03-20 01:00:00,1.33349,1.33729,1.33046,1.33398,131480.9,1.33392
2017-03-19 01:00:00,1.33512,1.33572,1.33273,1.33349,4472.1,1.33346
2017-03-18 01:00:00,1.33503,1.33503,1.33503,1.33503,0.0,1.3348
2017-03-17 01:00:00,1.33225,1.33778,1.33047,1.33503,126482.77,1.3348
2017-03-16 01:00:00,1.32966,1.33531,1.32772,1.33224,161330.28,1.33218
2017-03-15 01:00:00,1.34717,1.34795,1.32935,1.32966,159518.72,1.3296
2017-03-14 01:00:00,1.34524,1.34954,1.344,1.34716,136117.16,1.3471
2017-03-13 01:00:00,1.34611,1.34767,1.34311,1.34523,136994.66,1.34517
2017-03-12 01:00:00,1.34607,1.34663,1.34525,1.34607,4457.84,1.34602
2017-03-11 01:00:00,1.34718,1.34718,1.34718,1.34718,0.0,1.347
2017-03-10 01:00:00,1.35074,1.35145,1.34218,1.34718,140861.73,1.347
2017-03-09 01:00:00,1.34897,1.35354,1.3483,1.35072,169332.12,1.35066
2017-03-08 01:00:00,1.34126,1.35006,1.33984,1.34896,145788.03,1.34892
2017-03-07 01:00:00,1.3401,1.34358,1.3384,1.34126,136555.82,1.3412
2017-03-06 01:00:00,1.33833,1.3425,1.33727,1.3401,127905.81,1.34005
2017-03-05 01:00:00,1.33821,1.33864,1.33775,1.33833,4300.75,1.33826
2017-03-04 01:00:00,1.33793,1.33793,1.33793,1.33793,0.0,1.33755
2017-03-03 01:00:00,1.33899,1.34377,1.33726,1.33793,139798.9,1.33755
2017-03-02 01:00:00,1.3355,1.34025,1.33409,1.33899,134691.57,1.33894
2017-03-01 01:00:00,1.33137,1.33582,1.32851,1.3355,169970.71,1.33545
2017-02-28 01:00:00,1.31876,1.33154,1.31651,1.33137,149215.95,1.33131
2017-02-27 01:00:00,1.31212,1.31924,1.30839,1.31875,133050.29,1.31873
2017-02-26 01:00:00,1.3105,1.31238,1.30992,1.31213,5329.17,1.31205
2017-02-25 01:00:00,1.30959,1.30959,1.30959,1.30959,0.0,1.30928
2017-02-24 01:00:00,1.3102,1.31191,1.30578,1.30959,116295.2,1.30928
2017-02-23 01:00:00,1.3165,1.31712,1.30831,1.3102,114449.92,1.31017
2017-02-22 01:00:00,1.31468,1.32101,1.31107,1.31649,123905.44,1.31644
2017-02-21 01:00:00,1.31056,1.31652,1.31035,1.31469,118411.53,1.31466
2017-02-20 01:00:00,1.30898,1.31201,1.30745,1.31055,84061.46,1.3105
2017-02-19 01:00:00,1.3105,1.31076,1.30848,1.30898,5294.81,1.30895
2017-02-18 01:00:00,1.30959,1.30959,1.30959,1.30959,0.0,1.30942
2017-02-17 01:00:00,1.30769,1.31268,1.30604,1.30959,123443.04,1.30942
2017-02-16 01:00:00,1.30703,1.30805,1.30099,1.30768,152490.87,1.30762
2017-02-15 01:00:00,1.30818,1.31205,1.30648,1.30703,141416.63,1.30697
2017-02-14 01:00:00,1.3072,1.31071,1.30255,1.30821,143943.46,1.30815
2017-02-13 01:00:00,1.3119,1.31219,1.30549,1.30721,136939.06,1.30718
2017-02-12 01:00:00,1.30983,1.31213,1.30864,1.3119,6852.47,1.31184
2017-02-11 01:00:00,1.30853,1.30853,1.30853,1.30853,0.0,1.30826
2017-02-10 01:00:00,1.31386,1.31588,1.30635,1.30853,159035.98,1.30826
2017-02-09 01:00:00,1.31474,1.31689,1.30948,1.31385,147650.48,1.31381
2017-02-08 01:00:00,1.31923,1.32008,1.31355,1.31474,158459.5,1.31469
2017-02-07 01:00:00,1.30855,1.32128,1.30788,1.3192,164894.0,1.31914
2017-02-06 01:00:00,1.30201,1.31359,1.30078,1.30856,160217.66,1.3085
2017-02-05 01:00:00,1.30316,1.30409,1.30178,1.30201,4515.25,1.30194
2017-02-04 01:00:00,1.30253,1.30253,1.30253,1.30253,0.0,1.3024
2017-02-03 01:00:00,1.30296,1.30782,1.29929,1.30253,165806.58,1.3024
2017-02-02 01:00:00,1.30501,1.30508,1.29808,1.30296,185945.02,1.30291
2017-02-01 01:00:00,1.30399,1.31029,1.30358,1.30497,198093.03,1.3049
2017-01-31 01:00:00,1.3105,1.31243,1.29696,1.30399,208489.55,1.30392
2017-01-30 01:00:00,1.31312,1.31695,1.30771,1.3105,171889.76,1.31041
2017-01-29 01:00:00,1.31394,1.3142,1.31291,1.31314,7152.18,1.31305
2017-01-28 01:00:00,1.31553,1.31553,1.31553,1.31553,0.0,1.3153
2017-01-27 01:00:00,1.30916,1.31554,1.3089,1.31553,163034.82,1.3153
2017-01-26 01:00:00,1.30694,1.31309,1.3054,1.30914,185108.42,1.30905
2017-01-25 01:00:00,1.31567,1.31641,1.30618,1.30698,190614.85,1.3069
2017-01-24 01:00:00,1.32397,1.32996,1.31067,1.31568,188779.96,1.31562
2017-01-23 01:00:00,1.33045,1.33357,1.32216,1.32397,184917.44,1.3239
2017-01-22 01:00:00,1.33301,1.33339,1.33038,1.33044,6283.25,1.33039
2017-01-21 01:00:00,1.33249,1.33249,1.33249,1.33249,0.0,1.33197
2017-01-20 01:00:00,1.3323,1.3388,1.32852,1.33249,199809.93,1.33197
2017-01-19 01:00:00,1.32658,1.33538,1.32539,1.3323,219172.15,1.33224
2017-01-18 01:00:00,1.30637,1.32736,1.30498,1.32658,207255.43,1.3265
2017-01-17 01:00:00,1.31774,1.31902,1.30195,1.30638,209672.23,1.30632
2017-01-16 01:00:00,1.31287,1.31899,1.31254,1.31774,139037.57,1.31766
2017-01-15 01:00:00,1.31406,1.31416,1.31197,1.3129,7645.34,1.31282
2017-01-14 01:00:00,1.31185,1.31185,1.31185,1.31185,0.0,1.31152
2017-01-13 01:00:00,1.31524,1.31684,1.31137,1.31185,197114.48,1.31152
2017-01-12 01:00:00,1.31652,1.31715,1.30301,1.31523,191364.49,1.31516
2017-01-11 01:00:00,1.32461,1.32949,1.31199,1.31652,223312.12,1.31646
2017-01-10 01:00:00,1.32169,1.32578,1.31925,1.32462,171388.77,1.32458
2017-01-09 01:00:00,1.32415,1.32776,1.31978,1.32169,150890.25,1.32159
2017-01-08 01:00:00,1.32529,1.32566,1.32406,1.32406,6307.38,1.32402
2017-01-07 01:00:00,1.32413,1.32413,1.32413,1.32413,0.0,1.32392
2017-01-06 01:00:00,1.3231,1.32688,1.31781,1.32413,178494.22,1.32392
2017-01-05 01:00:00,1.32992,1.33137,1.31923,1.32303,207222.49,1.32298
2017-01-04 01:00:00,1.34225,1.34578,1.32822,1.32993,186764.11,1.32986
2017-01-03 01:00:00,1.3442,1.34613,1.33992,1.34225,158492.83,1.34216
2017-01-02 01:00:00,1.34456,1.34611,1.33907,1.34419,88537.97,1.3441
2017-01-01 01:00:00,1.34358,1.34508,1.34308,1.34456,464.64,1.34418
2016-12-31 01:00:00,1.34394,1.34394,1.34394,1.34394,0.0,1.34353
2016-12-30 01:00:00,1.34814,1.34977,1.34019,1.34394,149285.72,1.34353
2016-12-29 01:00:00,1.35536,1.3559,1.34773,1.34814,140829.38,1.34806
2016-12-28 01:00:00,1.35772,1.35989,1.35398,1.35535,124369.2,1.35529
2016-12-27 01:00:00,1.35261,1.35827,1.35181,1.35773,103553.75,1.35765
2016-12-26 01:00:00,1.35247,1.35458,1.34784,1.35262,48726.69,1.35254
2016-12-25 01:00:00,1.35418,1.35439,1.35231,1.35243,5032.74,1.3521
2016-12-24 01:00:00,1.35442,1.35442,1.35442,1.35442,0.0,1.35413
2016-12-23 01:00:00,1.34834,1.35574,1.34806,1.35442,102859.24,1.35413
2016-12-22 01:00:00,1.34333,1.35209,1.34178,1.34829,143201.17,1.34822
2016-12-21 01:00:00,1.3372,1.34481,1.33586,1.34333,129906.56,1.34326
2016-12-20 01:00:00,1.34053,1.34346,1.33607,1.33721,140419.13,1.33712
2016-12-19 01:00:00,1.33421,1.34234,1.33184,1.34057,134703.68,1.3405
2016-12-18 01:00:00,1.33452,1.33458,1.33292,1.3342,5971.1,1.3341
2016-12-17 01:00:00,1.33361,1.33361,1.33361,1.33361,0.0,1.33342
2016-12-16 01:00:00,1.33349,1.33931,1.3319,1.33361,175332.93,1.33342
2016-12-15 01:00:00,1.32871,1.34177,1.32746,1.33353,228425.04,1.33347
2016-12-14 01:00:00,1.31356,1.32951,1.30821,1.32869,188013.71,1.32862
2016-12-13 01:00:00,1.31278,1.31405,1.31027,1.31357,145863.02,1.31354
2016-12-12 01:00:00,1.31324,1.3153,1.31089,1.31279,147425.96,1.31273
2016-12-11 01:00:00,1.31426,1.31638,1.3115,1.31326,6992.28,1.3132
2016-12-10 01:00:00,1.31835,1.31835,1.31835,1.31835,0.0,1.3181
2016-12-09 01:00:00,1.31979,1.32133,1.31527,1.31835,118773.42,1.3181
2016-12-08 01:00:00,1.32264,1.32512,1.31845,1.31979,139479.25,1.31974
2016-12-07 01:00:00,1.32775,1.32978,1.32241,1.32262,126398.87,1.32255
2016-12-06 01:00:00,1.3275,1.33121,1.3253,1.32775,124728.13,1.32769
2016-12-05 01:00:00,1.3328,1.33493,1.32364,1.3275,168279.0,1.32743
2016-12-04 01:00:00,1.3302,1.33567,1.3289,1.33278,11601.85,1.33268
2016-12-03 01:00:00,1.32941,1.32941,1.32941,1.32941,0.0,1.32899
2016-12-02 01:00:00,1.33087,1.33197,1.32559,1.32941,158166.14,1.32899
2016-12-01 01:00:00,1.34271,1.34383,1.33014,1.33085,176817.19,1.33078
2016-11-30 01:00:00,1.34327,1.34637,1.33573,1.3427,200202.25,1.34262
2016-11-29 01:00:00,1.34049,1.34816,1.34007,1.34327,166692.51,1.34321
2016-11-28 01:00:00,1.35217,1.35235,1.33972,1.34049,192613.39,1.3404
2016-11-27 01:00:00,1.35087,1.35382,1.35026,1.35216,4960.95,1.35206
2016-11-26 01:00:00,1.35248,1.35248,1.35248,1.35248,0.0,1.35189
2016-11-25 01:00:00,1.34929,1.35354,1.34544,1.35248,160783.25,1.35189
2016-11-24 01:00:00,1.35041,1.35359,1.34768,1.34929,134310.63,1.3492
2016-11-23 01:00:00,1.34328,1.3517,1.34248,1.35041,177360.3,1.35032
2016-11-22 01:00:00,1.34114,1.34679,1.33785,1.34328,173699.58,1.34324
2016-11-21 01:00:00,1.35103,1.35113,1.33871,1.34114,180622.43,1.34108
2016-11-20 01:00:00,1.35038,1.35151,1.34976,1.35103,5879.49,1.35093
2016-11-19 01:00:00,1.35102,1.35102,1.35102,1.35102,0.0,1.35053
2016-11-18 01:00:00,1.35377,1.35649,1.34927,1.35102,203768.75,1.35053
2016-11-17 01:00:00,1.3428,1.35383,1.34006,1.35377,185272.71,1.3537
2016-11-16 01:00:00,1.34563,1.35064,1.34054,1.34281,191978.07,1.34274
2016-11-15 01:00:00,1.35391,1.35537,1.3445,1.34563,213773.41,1.34554
2016-11-14 01:00:00,1.35271,1.35891,1.35211,1.35392,236207.68,1.35386
2016-11-13 01:00:00,1.3505,1.35287,1.35038,1.3527,5528.95,1.35264
2016-11-12 01:00:00,1.35446,1.35446,1.35446,1.35446,0.0,1.3541
2016-11-11 01:00:00,1.34734,1.35485,1.34571,1.35446,258936.36,1.3541
2016-11-10 01:00:00,1.34124,1.35094,1.33873,1.34734,256711.95,1.34726
2016-11-09 01:00:00,1.3298,1.35258,1.32653,1.34122,299465.01,1.34111
2016-11-08 01:00:00,1.33734,1.33918,1.32858,1.3298,159815.72,1.32972
2016-11-07 01:00:00,1.33614,1.34182,1.33583,1.33733,153982.78,1.33726
2016-11-06 01:00:00,1.33523,1.33887,1.33441,1.33614,8631.12,1.33604
2016-11-05 01:00:00,1.34047,1.34047,1.34047,1.34047,0.0,1.34036
2016-11-04 01:00:00,1.33936,1.3466,1.3387,1.34047,172388.67,1.34036
2016-11-03 01:00:00,1.3396,1.34028,1.3362,1.33935,176998.49,1.33928
2016-11-02 01:00:00,1.33939,1.34239,1.33598,1.3396,187593.48,1.33955
2016-11-01 01:00:00,1.3421,1.34261,1.33538,1.33938,180954.18,1.33932
2016-10-31 01:00:00,1.34067,1.34245,1.33758,1.3421,150109.21,1.342
2016-10-30 02:00:00,1.34276,1.34276,1.34014,1.34067,6042.11,1.34058
2016-10-29 02:00:00,1.33993,1.33993,1.33993,1.33993,0.0,1.33974
2016-10-28 02:00:00,1.33879,1.34336,1.33533,1.33993,172945.95,1.33974
2016-10-27 02:00:00,1.33747,1.34071,1.33531,1.33877,159527.44,1.3387
2016-10-26 02:00:00,1.33537,1.33854,1.33149,1.33747,158743.98,1.33742
2016-10-25 02:00:00,1.33495,1.33716,1.33077,1.33536,158074.94,1.33532
2016-10-24 02:00:00,1.33525,1.3398,1.32782,1.33495,240915.38,1.33492
2016-10-23 02:00:00,1.33299,1.33554,1.33299,1.33531,13646.46,1.33526
2016-10-22 02:00:00,1.33426,1.33426,1.33426,1.33426,0.0,1.33381
2016-10-21 02:00:00,1.32291,1.33553,1.32264,1.33426,432216.57,1.33381
2016-10-20 02:00:00,1.3134,1.32351,1.31285,1.32291,486772.3,1.32284
2016-10-19 02:00:00,1.31089,1.31419,1.30066,1.3134,450479.94,1.31334
2016-10-18 02:00:00,1.31163,1.31401,1.30552,1.31088,442026.79,1.31086
2016-10-17 02:00:00,1.31431,1.31835,1.31155,1.31163,445575.18,1.31158
2016-10-16 02:00:00,1.31485,1.31496,1.31339,1.31431,15345.76,1.31426
2016-10-15 02:00:00,1.31412,1.31412,1.31412,1.31412,0.0,1.31394
2016-10-14 02:00:00,1.32031,1.32203,1.31036,1.31412,538005.65,1.31394
2016-10-13 02:00:00,1.32784,1.33074,1.31864,1.32033,571348.24,1.32029
2016-10-12 02:00:00,1.32307,1.32879,1.32096,1.32784,539019.67,1.32778
2016-10-11 02:00:00,1.31695,1.32729,1.31693,1.32307,590214.33,1.32302
2016-10-10 02:00:00,1.32496,1.32789,1.314,1.31696,438427.82,1.31691
2016-10-09 02:00:00,1.32451,1.32664,1.32451,1.32496,11129.28,1.32488
2016-10-08 02:00:00,1.33003,1.33003,1.33003,1.33003,0.0,1.32982
2016-10-07 02:00:00,1.32245,1.33136,1.31866,1.33003,621424.83,1.32982
2016-10-06 02:00:00,1.31788,1.32492,1.31774,1.32245,558386.76,1.32238
2016-10-05 02:00:00,1.31982,1.32325,1.31614,1.31788,551199.5,1.31784
2016-10-04 02:00:00,1.31195,1.32162,1.31162,1.31982,681150.42,1.31976
2016-10-03 02:00:00,1.31323,1.31449,1.30684,1.31198,605479.05,1.31192
2016-10-02 02:00:00,1.31326,1.31388,1.3109,1.31324,16258.88,1.31318
2016-10-01 02:00:00,1.31299,1.31299,1.31299,1.31299,0.0,1.31278
2016-09-30 02:00:00,1.31541,1.31958,1.30871,1.31299,666522.47,1.31278
2016-09-29 02:00:00,1.30667,1.31846,1.30489,1.31541,810770.45,1.31534
2016-09-28 02:00:00,1.32105,1.32701,1.30534,1.30665,782577.68,1.30659
2016-09-27 02:00:00,1.32299,1.32812,1.31644,1.32105,717976.69,1.32098
2016-09-26 02:00:00,1.31523,1.32442,1.31369,1.32299,564703.06,1.32292
2016-09-25 02:00:00,1.31635,1.31799,1.31512,1.31523,23827.56,1.31517
2016-09-24 02:00:00,1.31716,1.31716,1.31716,1.31716,0.0,1.3168
2016-09-23 02:00:00,1.30496,1.31815,1.30303,1.31716,633878.64,1.3168
2016-09-22 02:00:00,1.30833,1.30871,1.30007,1.30496,650348.46,1.30491
2016-09-21 02:00:00,1.31833,1.324,1.30751,1.30832,690518.96,1.30829
2016-09-20 02:00:00,1.32034,1.32434,1.31821,1.31831,553956.21,1.31826
2016-09-19 02:00:00,1.32013,1.32122,1.31361,1.32032,501679.86,1.32029
2016-09-18 02:00:00,1.32276,1.32292,1.31945,1.32013,9850.62,1.32007
2016-09-17 02:00:00,1.32162,1.32162,1.32162,1.32162,0.0,1.32132
2016-09-16 02:00:00,1.31584,1.32486,1.31426,1.32162,489577.72,1.32132
2016-09-15 02:00:00,1.31943,1.32363,1.31314,1.31583,536129.5,1.31578
2016-09-14 02:00:00,1.31593,1.32093,1.31288,1.31943,562730.67,1.31938
2016-09-13 02:00:00,1.3032,1.31904,1.30304,1.31593,610084.1,1.31587
2016-09-12 02:00:00,1.30498,1.31241,1.30315,1.3032,561059.68,1.30314
2016-09-11 02:00:00,1.30545,1.30672,1.3037,1.30498,19365.53,1.30492
2016-09-10 02:00:00,1.30527,1.30527,1.30527,1.30527,0.0,1.30501
2016-09-09 02:00:00,1.29233,1.30537,1.2911,1.30527,480286.46,1.30501
2016-09-08 02:00:00,1.28845,1.29401,1.28516,1.29232,487066.59,1.29227
2016-09-07 02:00:00,1.285,1.2915,1.28233,1.28845,469729.14,1.28838
2016-09-06 02:00:00,1.29313,1.29324,1.28275,1.28501,456302.09,1.28495
2016-09-05 02:00:00,1.29958,1.29961,1.29071,1.29313,340163.1,1.29308
2016-09-04 02:00:00,1.30072,1.30073,1.2987,1.29958,12494.03,1.29953
2016-09-03 02:00:00,1.29905,1.29905,1.29905,1.29905,0.0,1.29866
2016-09-02 02:00:00,1.3095,1.31151,1.2983,1.29905,498059.59,1.29866
2016-09-01 02:00:00,1.31118,1.31485,1.30835,1.30949,518778.99,1.30944
2016-08-31 02:00:00,1.30881,1.3146,1.30804,1.3112,499819.78,1.31114
2016-08-30 02:00:00,1.30146,1.31039,1.30103,1.30879,450210.85,1.30874
2016-08-29 02:00:00,1.30176,1.30481,1.29973,1.30146,437347.19,1.30139
2016-08-28 02:00:00,1.29966,1.30182,1.29934,1.30176,11281.9,1.3017
2016-08-27 02:00:00,1.30085,1.30085,1.30085,1.30085,0.0,1.30048
2016-08-26 02:00:00,1.29152,1.30126,1.28323,1.30085,450395.99,1.30048
2016-08-25 02:00:00,1.29336,1.29399,1.28994,1.29152,412476.38,1.29146
2016-08-24 02:00:00,1.29211,1.29581,1.29021,1.29336,443818.56,1.29331
2016-08-23 02:00:00,1.29411,1.29422,1.28593,1.29211,465481.31,1.29206
2016-08-22 02:00:00,1.28914,1.29658,1.28909,1.29411,469553.24,1.29406
2016-08-21 02:00:00,1.28914,1.2898,1.28745,1.28915,13225.55,1.28906
2016-08-20 02:00:00,1.28695,1.28695,1.28695,1.28695,0.0,1.28688
2016-08-19 02:00:00,1.27782,1.28927,1.27778,1.28695,377946.01,1.28688
2016-08-18 02:00:00,1.28453,1.2854,1.27646,1.27785,423282.14,1.2778
2016-08-17 02:00:00,1.2867,1.29184,1.28315,1.28453,405651.82,1.28447
2016-08-16 02:00:00,1.29296,1.29344,1.27995,1.28669,388557.65,1.28664
2016-08-15 02:00:00,1.29601,1.29762,1.29025,1.29296,323372.96,1.29292
2016-08-14 02:00:00,1.29569,1.29683,1.29508,1.296,8644.15,1.29595
2016-08-13 02:00:00,1.29535,1.29535,1.29535,1.29535,0.0,1.2953
2016-08-12 02:00:00,1.29876,1.29937,1.29249,1.29535,358448.23,1.2953
2016-08-11 02:00:00,1.30591,1.30805,1.29585,1.29876,404653.93,1.2987
2016-08-10 02:00:00,1.31186,1.31188,1.29908,1.30591,399892.19,1.30585
2016-08-09 02:00:00,1.31569,1.31904,1.31097,1.31186,371063.51,1.3118
2016-08-08 02:00:00,1.31836,1.31887,1.31367,1.31569,362586.05,1.31564
2016-08-07 02:00:00,1.31824,1.31915,1.31757,1.31836,8566.68,1.3183
2016-08-06 02:00:00,1.31727,1.31727,1.31727,1.31727,0.0,1.31714
2016-08-05 02:00:00,1.3017,1.32009,1.30096,1.31727,393195.18,1.31714
2016-08-04 02:00:00,1.30733,1.30898,1.29975,1.30171,437406.75,1.30164
2016-08-03 02:00:00,1.31067,1.31482,1.30636,1.30732,466724.19,1.30727
2016-08-02 02:00:00,1.31247,1.3142,1.3006,1.31067,499348.7,1.31061
2016-08-01 02:00:00,1.30608,1.31319,1.30286,1.31245,389828.48,1.3124
2016-07-31 02:00:00,1.30365,1.30638,1.30296,1.30611,12200.34,1.30604
2016-07-30 02:00:00,1.30427,1.30427,1.30427,1.30427,0.0,1.30408
2016-07-29 02:00:00,1.31531,1.31867,1.30021,1.30427,509936.36,1.30408
2016-07-28 02:00:00,1.31403,1.31927,1.31018,1.3153,559467.86,1.31526
2016-07-27 02:00:00,1.31752,1.32536,1.31342,1.31403,587879.09,1.31395
2016-07-26 02:00:00,1.32241,1.32447,1.31711,1.31752,553656.1,1.31746
2016-07-25 02:00:00,1.31373,1.32426,1.31248,1.32241,435518.87,1.32234
2016-07-24 02:00:00,1.31319,1.31527,1.31259,1.31371,12572.22,1.31366
2016-07-23 02:00:00,1.31283,1.31283,1.31283,1.31283,0.0,1.31276
2016-07-22 02:00:00,1.30735,1.31859,1.30568,1.31283,512869.84,1.31276
2016-07-21 02:00:00,1.30707,1.31016,1.30249,1.30735,513335.61,1.3073
2016-07-20 02:00:00,1.30274,1.30964,1.30143,1.30707,394893.41,1.30701
2016-07-19 02:00:00,1.29587,1.30549,1.29563,1.30273,135424.06,1.3027
2016-07-18 02:00:00,1.2958,1.3023,1.2928,1.29587,130717.88,1.29581
2016-07-17 02:00:00,1.29541,1.29644,1.29347,1.29578,7955.94,1.2957
2016-07-16 02:00:00,1.29747,1.29747,1.29747,1.29747,0.0,1.29718
2016-07-15 02:00:00,1.29101,1.29884,1.28626,1.29747,134076.4,1.29718
2016-07-14 02:00:00,1.29765,1.29774,1.28633,1.29101,170732.09,1.29096
2016-07-13 02:00:00,1.30609,1.30844,1.29369,1.29765,163506.79,1.29758
2016-07-12 02:00:00,1.31224,1.31339,1.29815,1.30609,152770.22,1.30602
2016-07-11 02:00:00,1.30505,1.31404,1.30307,1.31222,166145.37,1.31217
2016-07-10 02:00:00,1.30514,1.30657,1.30391,1.30509,7104.34,1.30502
2016-07-09 02:00:00,1.3044,1.3044,1.3044,1.3044,0.0,1.30422
2016-07-08 02:00:00,1.29991,1.30906,1.29887,1.3044,159688.19,1.30422
2016-07-07 02:00:00,1.29649,1.30213,1.28775,1.29991,170056.42,1.29984
2016-07-06 02:00:00,1.30052,1.30566,1.29484,1.29649,186485.88,1.29642
2016-07-05 02:00:00,1.28699,1.30178,1.28483,1.30052,141703.7,1.30043
2016-07-04 02:00:00,1.29136,1.29156,1.28321,1.28698,115080.56,1.28693
2016-07-03 02:00:00,1.29206,1.29217,1.29078,1.29138,3257.98,1.29129
2016-07-02 02:00:00,1.29165,1.29165,1.29165,1.29165,0.0,1.29122
2016-07-01 02:00:00,1.29609,1.2976,1.28659,1.29165,129593.81,1.29122
2016-06-30 02:00:00,1.29372,1.30165,1.29151,1.29608,162532.04,1.29601
2016-06-29 02:00:00,1.30219,1.30433,1.29326,1.29371,155022.46,1.29363
2016-06-28 02:00:00,1.30676,1.31085,1.29672,1.30219,157000.41,1.30213
2016-06-27 02:00:00,1.30264,1.31209,1.2995,1.30677,175306.85,1.30673
2016-06-26 02:00:00,1.30505,1.30505,1.30139,1.30276,12158.03,1.30262
2016-06-25 02:00:00,1.3005,1.3005,1.3005,1.3005,0.0,1.30011
2016-06-24 02:00:00,1.28267,1.30994,1.28164,1.3005,183096.01,1.30011
2016-06-23 02:00:00,1.28175,1.28793,1.26791,1.28272,165833.34,1.28248
2016-06-22 02:00:00,1.28062,1.28538,1.27427,1.28175,126202.76,1.28168
2016-06-21 02:00:00,1.28009,1.28274,1.2763,1.28063,128202.26,1.28056
2016-06-20 02:00:00,1.28505,1.28591,1.27733,1.28009,139925.67,1.28002
2016-06-19 02:00:00,1.28516,1.28638,1.28392,1.2851,6556.88,1.28503
2016-06-18 02:00:00,1.28966,1.28966,1.28966,1.28966,0.0,1.28941
2016-06-17 02:00:00,1.29116,1.2944,1.28302,1.28966,141026.14,1.28941
2016-06-16 02:00:00,1.29123,1.30867,1.28961,1.29119,164077.25,1.29109
2016-06-15 02:00:00,1.28634,1.29437,1.28268,1.29121,148606.62,1.29112
2016-06-14 02:00:00,1.28323,1.28752,1.28161,1.28635,139943.47,1.28626
2016-06-13 02:00:00,1.27807,1.28403,1.27509,1.28323,143597.21,1.28317
2016-06-12 02:00:00,1.27968,1.27968,1.27715,1.27806,6540.95,1.27798
2016-06-11 02:00:00,1.27845,1.27845,1.27845,1.27845,0.0,1.2782
2016-06-10 02:00:00,1.27323,1.27846,1.26609,1.27845,129163.5,1.2782
2016-06-09 02:00:00,1.26877,1.27669,1.26716,1.27323,138887.04,1.27317
2016-06-08 02:00:00,1.27607,1.27608,1.26554,1.26879,133283.65,1.26872
2016-06-07 02:00:00,1.28162,1.28403,1.27345,1.27608,134466.32,1.27603
2016-06-06 02:00:00,1.29587,1.29833,1.2804,1.28158,136963.03,1.2815
2016-06-05 02:00:00,1.29495,1.29663,1.2942,1.29587,7043.92,1.2958
2016-06-04 02:00:00,1.29417,1.29417,1.29417,1.29417,0.0,1.29369
2016-06-03 02:00:00,1.30971,1.31049,1.29164,1.29417,143996.88,1.29369
2016-06-02 02:00:00,1.30767,1.31445,1.30567,1.30972,138262.03,1.30964
2016-06-01 02:00:00,1.30765,1.31235,1.3043,1.30767,148088.68,1.30758
2016-05-31 02:00:00,1.30418,1.31347,1.30175,1.30762,134655.25,1.30755
2016-05-30 02:00:00,1.30494,1.30955,1.30339,1.3042,99165.0,1.30413
2016-05-29 02:00:00,1.30301,1.30573,1.30266,1.30494,6834.21,1.30489
2016-05-28 02:00:00,1.30264,1.30264,1.30264,1.30264,0.0,1.30244
2016-05-27 02:00:00,1.29766,1.30689,1.2969,1.30264,116522.42,1.30244
2016-05-26 02:00:00,1.30353,1.30358,1.29113,1.29766,118336.85,1.29758
2016-05-25 02:00:00,1.31287,1.3134,1.30154,1.30353,133828.04,1.30346
2016-05-24 02:00:00,1.3149,1.31889,1.30868,1.31288,127160.57,1.3128
2016-05-23 02:00:00,1.31267,1.31741,1.30997,1.3149,112651.21,1.31483
2016-05-22 02:00:00,1.31158,1.31367,1.31149,1.31263,3028.79,1.31257
2016-05-21 02:00:00,1.31173,1.31173,1.31173,1.31173,0.0,1.31148
2016-05-20 02:00:00,1.30895,1.31623,1.30775,1.31173,114360.97,1.31148
2016-05-19 02:00:00,1.30286,1.3155,1.30283,1.30895,178288.85,1.30889
2016-05-18 02:00:00,1.29095,1.30374,1.2895,1.30287,150160.22,1.30281
2016-05-17 02:00:00,1.29015,1.2956,1.28383,1.29095,127396.5,1.29087
2016-05-16 02:00:00,1.29566,1.29635,1.28756,1.29015,104011.5,1.29008
2016-05-15 02:00:00,1.29498,1.29604,1.29468,1.29566,4329.38,1.29558
2016-05-14 02:00:00,1.2942,1.2942,1.2942,1.2942,0.0,1.29401
2016-05-13 02:00:00,1.28436,1.29579,1.28418,1.2942,145409.77,1.29401
2016-05-12 02:00:00,1.28648,1.28792,1.27722,1.28437,140580.74,1.2843
2016-05-11 02:00:00,1.29182,1.29424,1.28306,1.28648,139296.14,1.2864
2016-05-10 02:00:00,1.29609,1.29807,1.29087,1.2918,139926.2,1.29171
2016-05-09 02:00:00,1.29333,1.30156,1.29068,1.29609,138726.26,1.29602
2016-05-08 02:00:00,1.29575,1.29576,1.29192,1.29335,11288.28,1.29326
2016-05-07 02:00:00,1.29108,1.29108,1.29108,1.29108,0.0,1.29092
2016-05-06 02:00:00,1.28547,1.29528,1.28362,1.29108,140043.02,1.29092
2016-05-05 02:00:00,1.28643,1.28761,1.27862,1.28546,150911.9,1.28539
2016-05-04 02:00:00,1.2702,1.28863,1.26981,1.28644,165244.09,1.28639
2016-05-03 02:00:00,1.25324,1.27337,1.24615,1.27018,169193.23,1.2701
2016-05-02 02:00:00,1.25446,1.25634,1.25138,1.25321,132859.47,1.25312
2016-05-01 02:00:00,1.25628,1.25628,1.25422,1.25446,9908.43,1.2543
2016-04-30 02:00:00,1.25536,1.25536,1.25536,1.25536,0.0,1.25517
2016-04-29 02:00:00,1.2551,1.25884,1.24985,1.25536,170439.54,1.25517
2016-04-28 02:00:00,1.25839,1.26073,1.2516,1.25512,196204.55,1.25503
2016-04-27 02:00:00,1.26122,1.26958,1.25718,1.25839,163935.54,1.25832
2016-04-26 02:00:00,1.26777,1.26863,1.25955,1.26121,148607.49,1.26112
2016-04-25 02:00:00,1.26716,1.2718,1.26575,1.26777,153327.71,1.26772
2016-04-24 02:00:00,1.26675,1.26733,1.2653,1.26714,5874.23,1.26706
2016-04-23 02:00:00,1.26704,1.26704,1.26704,1.26704,0.0,1.26682
2016-04-22 02:00:00,1.2726,1.27587,1.2623,1.26704,162021.79,1.26682
2016-04-21 02:00:00,1.26479,1.27503,1.26285,1.27259,159139.89,1.27252
2016-04-20 02:00:00,1.26978,1.27309,1.2594,1.26479,166553.38,1.2647
2016-04-19 02:00:00,1.2773,1.27864,1.26315,1.26979,176450.24,1.26973
2016-04-18 02:00:00,1.29791,1.29905,1.27648,1.27731,180949.14,1.27725
2016-04-17 02:00:00,1.29557,1.29864,1.29314,1.29787,13178.56,1.2978
2016-04-16 02:00:00,1.28207,1.28207,1.28207,1.28207,0.0,1.28177
2016-04-15 02:00:00,1.2843,1.29037,1.27978,1.28207,133080.0,1.28177
2016-04-14 02:00:00,1.282,1.28978,1.27826,1.28431,154540.64,1.28422
2016-04-13 02:00:00,1.277,1.28284,1.27452,1.28202,173557.62,1.28191
2016-04-12 02:00:00,1.29107,1.29208,1.27509,1.27698,172015.19,1.27688
2016-04-11 02:00:00,1.2981,1.30167,1.28857,1.29107,178842.29,1.29098
2016-04-10 02:00:00,1.29905,1.30033,1.29773,1.29809,8090.18,1.29798
2016-04-09 02:00:00,1.29919,1.29919,1.29919,1.29919,0.0,1.29898
2016-04-08 02:00:00,1.3144,1.31448,1.2953,1.29919,143842.8,1.29898
2016-04-07 02:00:00,1.30834,1.31815,1.30193,1.31446,157560.72,1.31437
2016-04-06 02:00:00,1.31427,1.31873,1.30637,1.30832,172840.51,1.30823
2016-04-05 02:00:00,1.30781,1.32199,1.30741,1.31431,166475.0,1.3142
2016-04-04 02:00:00,1.30391,1.30897,1.30036,1.30781,145327.62,1.30777
2016-04-03 02:00:00,1.30378,1.30443,1.30244,1.30391,4961.95,1.30384
2016-04-02 02:00:00,1.30167,1.30167,1.30167,1.30167,0.0,1.30137
2016-04-01 02:00:00,1.29913,1.3148,1.29695,1.30167,160069.16,1.30137
2016-03-31 02:00:00,1.29784,1.30115,1.28576,1.29914,177319.47,1.29904
2016-03-30 02:00:00,1.30653,1.30823,1.29127,1.29785,178389.86,1.29776
2016-03-29 02:00:00,1.31774,1.32167,1.30516,1.30653,156993.8,1.30642
2016-03-28 02:00:00,1.32746,1.32868,1.31685,1.31774,111888.69,1.3177
2016-03-27 01:00:00,1.32837,1.32867,1.32676,1.32747,2999.92,1.32734
2016-03-26 01:00:00,1.32659,1.32659,1.32659,1.32659,0.0,1.32632
2016-03-25 01:00:00,1.32495,1.32864,1.32278,1.32659,74709.03,1.32632
2016-03-24 01:00:00,1.32097,1.32969,1.32084,1.32496,144935.01,1.32454
2016-03-23 01:00:00,1.3052,1.32203,1.30391,1.32096,152349.57,1.32089
2016-03-22 01:00:00,1.30946,1.31394,1.30292,1.3052,159582.61,1.30509
2016-03-21 01:00:00,1.30487,1.3105,1.3022,1.30945,146828.41,1.30936
2016-03-20 01:00:00,1.30311,1.3053,1.3022,1.30487,17140.59,1.30481
2016-03-19 01:00:00,1.30075,1.30075,1.30075,1.30075,0.0,1.30057
2016-03-18 01:00:00,1.299,1.30436,1.29245,1.30075,155934.49,1.30057
2016-03-17 01:00:00,1.31194,1.31243,1.29464,1.299,184166.11,1.29892
2016-03-16 01:00:00,1.33575,1.34058,1.30941,1.31194,159116.17,1.31186
2016-03-15 01:00:00,1.32769,1.3403,1.3272,1.33576,159459.42,1.33568
2016-03-14 01:00:00,1.32388,1.33087,1.32118,1.32769,135418.71,1.32761
2016-03-13 01:00:00,1.32263,1.32477,1.32263,1.32388,13184.26,1.32378
2016-03-12 01:00:00,1.32145,1.32145,1.32145,1.32145,0.0,1.32142
2016-03-11 01:00:00,1.33392,1.33446,1.31684,1.32145,155574.16,1.32142
2016-03-10 01:00:00,1.32508,1.33985,1.32326,1.33391,173214.89,1.3338
2016-03-09 01:00:00,1.34196,1.34472,1.3229,1.32509,155266.82,1.32498
2016-03-08 01:00:00,1.32923,1.34279,1.32907,1.34195,132421.0,1.34187
2016-03-07 01:00:00,1.33377,1.33777,1.32627,1.32923,136684.14,1.32914
2016-03-06 01:00:00,1.33369,1.33406,1.33227,1.33377,8392.84,1.33365
2016-03-05 01:00:00,1.33164,1.33164,1.33164,1.33164,0.0,1.33146
2016-03-04 01:00:00,1.34093,1.34719,1.33134,1.33164,135313.34,1.33146
2016-03-03 01:00:00,1.34304,1.34735,1.33717,1.34094,151452.98,1.34084
2016-03-02 01:00:00,1.34285,1.34995,1.34132,1.34305,156686.87,1.34298
2016-03-01 01:00:00,1.35398,1.35523,1.33869,1.34286,170046.49,1.3428
2016-02-29 01:00:00,1.3552,1.3588,1.34824,1.35397,173200.89,1.35387
2016-02-28 01:00:00,1.35257,1.35579,1.35244,1.3552,7817.13,1.35512
2016-02-27 01:00:00,1.35154,1.35154,1.35154,1.35154,0.0,1.35134
2016-02-26 01:00:00,1.35458,1.3565,1.35057,1.35154,161609.83,1.35134
2016-02-25 01:00:00,1.37043,1.3736,1.3518,1.35452,183226.54,1.3544
2016-02-24 01:00:00,1.37978,1.38599,1.36786,1.37045,174685.66,1.37039
2016-02-23 01:00:00,1.3704,1.38217,1.36953,1.37978,156897.38,1.37966
2016-02-22 01:00:00,1.37914,1.37918,1.36627,1.3704,147000.98,1.37034
2016-02-21 01:00:00,1.37822,1.37941,1.37784,1.37913,5625.0,1.37902
2016-02-20 01:00:00,1.37732,1.37732,1.37732,1.37732,0.0,1.37679
2016-02-19 01:00:00,1.37388,1.38475,1.37356,1.37732,151810.97,1.37679
2016-02-18 01:00:00,1.36813,1.37526,1.36546,1.37391,187063.39,1.37382
2016-02-17 01:00:00,1.38618,1.38998,1.36677,1.36812,193263.5,1.36804
2016-02-16 01:00:00,1.38236,1.39124,1.37076,1.38617,187003.46,1.38605
2016-02-15 01:00:00,1.38401,1.38528,1.37992,1.38237,123360.63,1.38227
2016-02-14 01:00:00,1.38582,1.38647,1.38382,1.38398,3928.41,1.38386
2016-02-13 01:00:00,1.38539,1.38539,1.38539,1.38539,0.0,1.38497
2016-02-12 01:00:00,1.39193,1.3966,1.38141,1.38539,175952.8,1.38497
2016-02-11 01:00:00,1.39254,1.4017,1.3884,1.39191,240977.68,1.3918
2016-02-10 01:00:00,1.38862,1.4,1.38209,1.39254,215971.74,1.39244
2016-02-09 01:00:00,1.39301,1.39613,1.37873,1.3886,210069.77,1.38842
2016-02-08 01:00:00,1.38872,1.39783,1.38416,1.39299,187184.82,1.3929
2016-02-07 01:00:00,1.39031,1.39068,1.38724,1.38873,10073.29,1.38861
2016-02-06 01:00:00,1.3919,1.3919,1.3919,1.3919,0.0,1.39165
2016-02-05 01:00:00,1.37584,1.39206,1.37104,1.3919,170150.83,1.39165
2016-02-04 01:00:00,1.37954,1.37954,1.364,1.37583,195458.16,1.37578
2016-02-03 01:00:00,1.40683,1.41031,1.37572,1.37951,207063.33,1.37942
2016-02-02 01:00:00,1.3956,1.40825,1.39528,1.40683,185054.22,1.40673
2016-02-01 01:00:00,1.39749,1.40627,1.39086,1.39561,187378.98,1.39553
2016-01-31 01:00:00,1.39759,1.39903,1.39723,1.3975,5705.11,1.3974
2016-01-30 01:00:00,1.39783,1.39783,1.39783,1.39783,0.0,1.3977
2016-01-29 01:00:00,1.40378,1.41098,1.39683,1.39783,180483.77,1.3977
2016-01-28 01:00:00,1.40991,1.41237,1.39485,1.40379,199189.33,1.4037
2016-01-27 01:00:00,1.41222,1.41573,1.40284,1.40991,200386.46,1.40986
2016-01-26 01:00:00,1.43007,1.43263,1.40454,1.41223,187762.57,1.41216
2016-01-25 01:00:00,1.41456,1.43006,1.41276,1.43005,171824.82,1.42994
2016-01-24 01:00:00,1.41493,1.41507,1.41349,1.41456,6600.99,1.41443
2016-01-23 01:00:00,1.41209,1.41209,1.41209,1.41209,0.0,1.41188
2016-01-22 01:00:00,1.42716,1.43012,1.41158,1.41209,183277.75,1.41188
2016-01-21 01:00:00,1.44722,1.45413,1.42286,1.42716,218898.13,1.42708
2016-01-20 01:00:00,1.45686,1.46906,1.44717,1.44722,215360.31,1.44714
2016-01-19 01:00:00,1.45465,1.45907,1.44325,1.45686,175147.27,1.45676
2016-01-18 01:00:00,1.45814,1.45859,1.44871,1.45467,141848.92,1.45454
2016-01-17 01:00:00,1.46076,1.46076,1.45645,1.45814,4056.31,1.45806
2016-01-16 01:00:00,1.45429,1.45429,1.45429,1.45429,0.0,1.4539
2016-01-15 01:00:00,1.43448,1.45547,1.43447,1.45429,168036.15,1.4539
2016-01-14 01:00:00,1.4355,1.4398,1.4335,1.43448,169096.79,1.43439
2016-01-13 01:00:00,1.42572,1.43809,1.4188,1.43549,162183.08,1.43536
2016-01-12 01:00:00,1.42252,1.43166,1.4177,1.42572,165673.8,1.42566
2016-01-11 01:00:00,1.41855,1.42461,1.40654,1.42252,149087.62,1.42238
2016-01-10 01:00:00,1.41692,1.41905,1.4161,1.41854,5517.19,1.41844
2016-01-09 01:00:00,1.41735,1.41735,1.41735,1.41735,0.0,1.41718
2016-01-08 01:00:00,1.41064,1.41789,1.40593,1.41735,140968.54,1.41718
2016-01-07 01:00:00,1.40691,1.41704,1.4051,1.41064,163317.03,1.41054
2016-01-06 01:00:00,1.39886,1.41099,1.39798,1.40691,147586.37,1.40685
2016-01-05 01:00:00,1.39374,1.40201,1.38983,1.39886,128017.58,1.3988
2016-01-04 01:00:00,1.38753,1.39839,1.38508,1.39375,116412.28,1.39368
2016-01-03 01:00:00,1.38193,1.3878,1.38185,1.38753,3860.32,1.38746
2016-01-02 01:00:00,1.38431,1.38431,1.38431,1.38431,0.0,1.38378
2016-01-01 01:00:00,1.38431,1.38431,1.38431,1.38431,0.0,1.38378
2015-12-31 01:00:00,1.38748,1.39043,1.38226,1.38431,68683.92,1.38378
2015-12-30 01:00:00,1.38369,1.39278,1.38296,1.38747,100434.8,1.38741
2015-12-29 01:00:00,1.3896,1.39407,1.3817,1.38367,85942.65,1.38362
2015-12-28 01:00:00,1.38421,1.39163,1.38282,1.38961,68360.5,1.38954
2015-12-27 01:00:00,1.38374,1.38493,1.38202,1.38421,4459.94,1.38401
2015-12-26 01:00:00,1.3815,1.3815,1.3815,1.3815,0.0,1.38132
2015-12-25 01:00:00,1.38252,1.38348,1.38131,1.3815,1843.26,1.38132
2015-12-24 01:00:00,1.38546,1.38749,1.3816,1.38191,62507.57,1.38176
2015-12-23 01:00:00,1.39207,1.3941,1.38363,1.38546,89280.31,1.38536
2015-12-22 01:00:00,1.39509,1.3965,1.39119,1.39207,97368.12,1.392
2015-12-21 01:00:00,1.39433,1.39943,1.39137,1.39512,108152.05,1.39508
2015-12-20 01:00:00,1.39438,1.39514,1.39292,1.39431,2660.3,1.39427
2015-12-19 01:00:00,1.39581,1.39581,1.39581,1.39581,0.0,1.39565
2015-12-18 01:00:00,1.39303,1.40017,1.38549,1.39581,120120.66,1.39565
2015-12-17 01:00:00,1.3795,1.39876,1.37835,1.39303,126432.25,1.39296
2015-12-16 01:00:00,1.37299,1.38485,1.37289,1.3795,134743.78,1.37941
2015-12-15 01:00:00,1.3729,1.37667,1.36739,1.37299,150568.38,1.37294
2015-12-14 01:00:00,1.37394,1.37816,1.36773,1.37289,165325.01,1.37282
2015-12-13 01:00:00,1.37251,1.37467,1.37236,1.37388,3766.64,1.37382
2015-12-12 01:00:00,1.37578,1.37578,1.37578,1.37578,0.0,1.37561
2015-12-11 01:00:00,1.36342,1.37592,1.36321,1.37578,117726.26,1.37561
2015-12-10 01:00:00,1.35688,1.36409,1.35328,1.36342,128083.79,1.36338
2015-12-09 01:00:00,1.35812,1.36205,1.35176,1.35689,137440.81,1.35682
2015-12-08 01:00:00,1.35105,1.36227,1.35042,1.35811,146336.18,1.35804
2015-12-07 01:00:00,1.33915,1.35242,1.33856,1.35105,126238.51,1.35096
2015-12-06 01:00:00,1.33739,1.33929,1.33676,1.33913,4163.23,1.33906
2015-12-05 01:00:00,1.33638,1.33638,1.33638,1.33638,0.0,1.3362
2015-12-04 01:00:00,1.33482,1.34164,1.33183,1.33638,146550.94,1.3362
2015-12-03 01:00:00,1.33505,1.34006,1.32945,1.33484,155034.27,1.33478
2015-12-02 01:00:00,1.33621,1.34079,1.33096,1.33504,137430.08,1.33498
2015-12-01 01:00:00,1.33498,1.33987,1.33101,1.3362,138935.3,1.33614
2015-11-30 01:00:00,1.3369,1.33936,1.33126,1.33498,109597.0,1.33492
2015-11-29 01:00:00,1.33651,1.33768,1.33651,1.3369,2923.92,1.33683
2015-11-28 01:00:00,1.33754,1.33754,1.33754,1.33754,0.0,1.3373
2015-11-27 01:00:00,1.32958,1.33794,1.32933,1.33754,89927.48,1.3373
2015-11-26 01:00:00,1.32996,1.3325,1.32851,1.32957,87917.81,1.32951
2015-11-25 01:00:00,1.33065,1.33397,1.32804,1.32992,108841.21,1.3298
2015-11-24 01:00:00,1.33635,1.33783,1.32849,1.33063,116817.79,1.33058
2015-11-23 01:00:00,1.33583,1.34364,1.3336,1.33635,120777.64,1.33628
2015-11-22 01:00:00,1.33431,1.33594,1.33389,1.33578,2857.43,1.33573
2015-11-21 01:00:00,1.33503,1.33503,1.33503,1.33503,0.0,1.33487
2015-11-20 01:00:00,1.32963,1.33573,1.32709,1.33503,110314.93,1.33487
2015-11-19 01:00:00,1.33005,1.33044,1.32471,1.32961,118587.63,1.32956
2015-11-18 01:00:00,1.33186,1.33702,1.32948,1.33005,103223.92,1.32999
2015-11-17 01:00:00,1.33336,1.33447,1.32979,1.33189,115092.2,1.33182
2015-11-16 01:00:00,1.33195,1.33712,1.32908,1.33335,127398.97,1.33328
2015-11-15 01:00:00,1.33056,1.33261,1.33056,1.33194,5734.26,1.33186
2015-11-14 01:00:00,1.33256,1.33256,1.33256,1.33256,0.0,1.33233
2015-11-13 01:00:00,1.32849,1.33498,1.32679,1.33256,94000.19,1.33233
2015-11-12 01:00:00,1.32567,1.33417,1.32257,1.3285,114390.04,1.32845
2015-11-11 01:00:00,1.32659,1.32843,1.32329,1.32567,86811.22,1.32559
2015-11-10 01:00:00,1.32693,1.32977,1.32454,1.32656,97506.32,1.32651
2015-11-09 01:00:00,1.32986,1.33111,1.32461,1.32687,100006.51,1.32682
2015-11-08 01:00:00,1.33062,1.33094,1.32981,1.32984,2730.28,1.32978
2015-11-07 01:00:00,1.33079,1.33079,1.33079,1.33079,0.0,1.33058
2015-11-06 01:00:00,1.31621,1.33184,1.31578,1.33079,115901.46,1.33058
2015-11-05 01:00:00,1.31576,1.31869,1.31417,1.31624,107448.6,1.31617
2015-11-04 01:00:00,1.30666,1.31918,1.30459,1.31574,105168.05,1.31568
2015-11-03 01:00:00,1.30955,1.31658,1.30387,1.30666,105341.05,1.3066
2015-11-02 01:00:00,1.30761,1.31173,1.30658,1.30952,96258.67,1.30944
2015-11-01 01:00:00,1.30824,1.30824,1.30666,1.30761,3558.11,1.30758
2015-10-31 01:00:00,1.30816,1.30816,1.30816,1.30816,0.0,1.30802
2015-10-30 01:00:00,1.31617,1.3193,1.30563,1.30816,115582.31,1.30802
2015-10-29 01:00:00,1.31963,1.32388,1.31334,1.31616,111829.4,1.31608
2015-10-24 02:00:00,1.3168,1.3168,1.3168,1.3168,0.0,1.31656
2015-10-23 02:00:00,1.31074,1.31987,1.3041,1.3168,108806.32,1.31656
2015-10-22 02:00:00,1.31353,1.31602,1.30843,1.31076,109606.22,1.3107
2015-10-21 02:00:00,1.29882,1.31463,1.29695,1.31353,106033.53,1.31347
2015-10-20 02:00:00,1.3023,1.30478,1.29358,1.2988,90370.85,1.29872
2015-10-19 02:00:00,1.29178,1.30291,1.29023,1.3023,89477.95,1.30221
2015-10-18 02:00:00,1.29097,1.29203,1.29049,1.29178,6050.99,1.29174
2015-10-17 02:00:00,1.29135,1.29135,1.29135,1.29135,0.0,1.29095
2015-10-16 02:00:00,1.28569,1.294,1.28529,1.29135,91068.69,1.29095
2015-10-15 02:00:00,1.29176,1.2949,1.28326,1.28567,119746.26,1.2856
2015-10-14 02:00:00,1.30189,1.3025,1.2912,1.29177,128708.58,1.29172
2015-10-13 02:00:00,1.30138,1.30805,1.29564,1.3019,126278.53,1.30185
2015-10-12 02:00:00,1.29532,1.30141,1.29022,1.30139,90560.62,1.30132
2015-10-11 02:00:00,1.29638,1.29656,1.2945,1.29534,5046.45,1.29529
2015-10-10 02:00:00,1.29473,1.29473,1.29473,1.29473,0.0,1.2945
2015-10-09 02:00:00,1.29991,1.30014,1.29015,1.29473,104149.71,1.2945
2015-10-08 02:00:00,1.30664,1.30745,1.29796,1.29991,116186.75,1.29986
2015-10-07 02:00:00,1.30442,1.30727,1.29726,1.30665,125049.76,1.3066
2015-10-06 02:00:00,1.30856,1.31347,1.30264,1.30447,99603.41,1.30438
2015-10-05 02:00:00,1.31728,1.31752,1.30648,1.30861,106734.7,1.30854
2015-10-04 02:00:00,1.31562,1.31763,1.31533,1.31728,5810.88,1.31721
2015-10-03 02:00:00,1.3155,1.3155,1.3155,1.3155,0.0,1.31528
2015-10-02 02:00:00,1.32464,1.32519,1.31541,1.3155,82929.52,1.31528
2015-10-01 02:00:00,1.33192,1.33212,1.32198,1.32464,107429.67,1.32457
2015-09-30 02:00:00,1.34221,1.34313,1.3308,1.33192,108124.54,1.33186
2015-09-29 02:00:00,1.33984,1.34577,1.33722,1.34221,109522.02,1.34218
2015-09-28 02:00:00,1.33372,1.34007,1.3318,1.33987,84073.22,1.33978
2015-09-27 02:00:00,1.33408,1.33419,1.33241,1.33372,2557.66,1.33364
2015-09-26 02:00:00,1.33387,1.33387,1.33387,1.33387,0.0,1.33373
2015-09-25 02:00:00,1.33409,1.33554,1.32983,1.33387,89060.29,1.33373
2015-09-24 02:00:00,1.33278,1.34173,1.32925,1.3341,111939.23,1.33403
2015-09-23 02:00:00,1.32748,1.33584,1.32336,1.33276,92826.93,1.3327
2015-09-22 02:00:00,1.32514,1.32987,1.32196,1.32746,83699.15,1.32741
2015-09-21 02:00:00,1.32203,1.32659,1.31771,1.32511,91858.86,1.32504
2015-09-20 02:00:00,1.32344,1.32345,1.32151,1.32203,4136.81,1.32198
2015-09-19 02:00:00,1.32265,1.32265,1.32265,1.32265,0.0,1.32254
2015-09-18 02:00:00,1.31787,1.32301,1.30132,1.32265,123508.7,1.32254
2015-09-17 02:00:00,1.31715,1.3206,1.30747,1.31788,110858.88,1.31778
2015-09-16 02:00:00,1.32467,1.32519,1.31611,1.31717,89659.25,1.3171
2015-09-15 02:00:00,1.32538,1.32728,1.32272,1.32466,92561.85,1.32458
2015-09-14 02:00:00,1.32466,1.32803,1.32251,1.32538,90973.06,1.32532
2015-09-13 02:00:00,1.32597,1.32639,1.3246,1.32467,2363.5,1.32463
2015-09-12 02:00:00,1.32654,1.32654,1.32654,1.32654,0.0,1.32619
2015-09-11 02:00:00,1.32326,1.33103,1.32162,1.32654,88688.31,1.32619
2015-09-10 02:00:00,1.3282,1.32886,1.3177,1.32326,121992.87,1.32316
2015-09-09 02:00:00,1.32018,1.32866,1.31551,1.32819,103994.71,1.3281
2015-09-08 02:00:00,1.32985,1.33096,1.31858,1.32016,95768.5,1.32008
2015-09-07 02:00:00,1.32781,1.33103,1.32457,1.32985,86229.69,1.32976
2015-09-06 02:00:00,1.32685,1.32799,1.32516,1.32778,5906.79,1.3277
2015-09-05 02:00:00,1.32809,1.32809,1.32809,1.32809,0.0,1.32798
2015-09-04 02:00:00,1.3191,1.32902,1.31641,1.32809,98226.3,1.32798
2015-09-03 02:00:00,1.32672,1.32906,1.31378,1.3191,114695.37,1.31903
2015-09-02 02:00:00,1.32543,1.3325,1.31999,1.32673,128116.25,1.32667
2015-09-01 02:00:00,1.31453,1.32631,1.31189,1.32543,138370.71,1.32538
2015-08-31 02:00:00,1.3243,1.33279,1.31178,1.31451,112515.0,1.31444
2015-08-30 02:00:00,1.32179,1.32433,1.32151,1.3243,5290.54,1.32424
2015-08-29 02:00:00,1.32041,1.32041,1.32041,1.32041,0.0,1.32024
2015-08-28 02:00:00,1.3192,1.33011,1.31674,1.32041,127145.01,1.32024
2015-08-27 02:00:00,1.33029,1.33059,1.31798,1.3192,127032.75,1.31914
2015-08-26 02:00:00,1.33472,1.33503,1.32516,1.33029,135153.81,1.33019
2015-08-25 02:00:00,1.32868,1.33547,1.3145,1.33471,119464.22,1.33461
2015-08-24 02:00:00,1.32214,1.32923,1.31527,1.32868,148780.53,1.32862
2015-08-23 02:00:00,1.31865,1.32395,1.31801,1.32215,7532.09,1.32205
2015-08-22 02:00:00,1.31906,1.31906,1.31906,1.31906,0.0,1.31882
2015-08-21 02:00:00,1.30787,1.31945,1.30607,1.31906,112660.87,1.31882
2015-08-20 02:00:00,1.3126,1.3177,1.30607,1.30786,109231.81,1.3078
2015-08-19 02:00:00,1.30613,1.31784,1.30249,1.3126,107086.72,1.31254
2015-08-18 02:00:00,1.30966,1.31272,1.30415,1.30613,97212.57,1.30607
2015-08-17 02:00:00,1.31014,1.3153,1.30606,1.30968,102626.29,1.30961
2015-08-16 02:00:00,1.30937,1.31053,1.30913,1.31013,3463.95,1.31007
2015-08-15 02:00:00,1.30961,1.30961,1.30961,1.30961,0.0,1.30916
2015-08-14 02:00:00,1.30643,1.30987,1.30169,1.30961,112604.84,1.30916
2015-08-13 02:00:00,1.29792,1.30914,1.29605,1.30642,135091.04,1.30634
2015-08-12 02:00:00,1.31018,1.31587,1.29527,1.29791,128769.94,1.29784
2015-08-11 02:00:00,1.30128,1.31502,1.29958,1.31019,123381.85,1.31013
2015-08-10 02:00:00,1.31484,1.31822,1.29919,1.30127,101529.37,1.30119
2015-08-09 02:00:00,1.3123,1.31493,1.31215,1.31484,3349.88,1.31476
2015-08-08 02:00:00,1.31394,1.31394,1.31394,1.31394,0.0,1.3136
2015-08-07 02:00:00,1.31168,1.31848,1.30488,1.31394,120347.06,1.3136
2015-08-06 02:00:00,1.31723,1.3198,1.30947,1.31169,120394.74,1.31162
2015-08-05 02:00:00,1.31943,1.3214,1.31109,1.31721,135879.01,1.31714
2015-08-04 02:00:00,1.31603,1.32028,1.31063,1.31942,145307.99,1.31936
2015-08-03 02:00:00,1.31263,1.3177,1.3111,1.31609,113904.15,1.31601
2015-08-02 02:00:00,1.30947,1.31281,1.30817,1.31263,4373.4,1.31255
2015-08-01 02:00:00,1.30921,1.30921,1.30921,1.30921,0.0,1.30912
2015-07-31 02:00:00,1.3006,1.30935,1.29415,1.30921,134765.74,1.30912
2015-07-30 02:00:00,1.29508,1.30444,1.29502,1.30061,117530.06,1.30054
2015-07-29 02:00:00,1.29301,1.29677,1.28627,1.29508,120326.69,1.295
2015-07-28 02:00:00,1.30381,1.30434,1.29123,1.29299,112665.32,1.29293
2015-07-27 02:00:00,1.30427,1.30473,1.29799,1.3038,111609.98,1.30374
2015-07-26 02:00:00,1.30438,1.30598,1.30354,1.30428,2856.97,1.30422
2015-07-25 02:00:00,1.30486,1.30486,1.30486,1.30486,0.0,1.30464
2015-07-24 02:00:00,1.30225,1.31037,1.30179,1.30486,96737.57,1.30464
2015-07-23 02:00:00,1.30424,1.30482,1.29507,1.30225,105893.37,1.30218
2015-07-22 02:00:00,1.29431,1.30533,1.29376,1.30426,105065.26,1.30418
2015-07-21 02:00:00,1.29975,1.30133,1.29175,1.2943,120180.05,1.29422
2015-07-20 02:00:00,1.29889,1.30251,1.29535,1.29976,100431.991782,1.2997
2015-07-19 02:00:00,1.29802,1.29895,1.2977,1.29889,2983.28,1.29882
2015-07-18 02:00:00,1.29734,1.29734,1.29734,1.29734,0.0,1.29719
2015-07-17 02:00:00,1.2969,1.3009,1.29486,1.29734,90412.51,1.29719
2015-07-16 02:00:00,1.29294,1.29702,1.29058,1.29688,107804.57,1.2968
2015-07-15 02:00:00,1.2737,1.29588,1.27236,1.29296,123928.13,1.29293
2015-07-14 02:00:00,1.27534,1.28056,1.27171,1.2737,108605.44,1.27362
2015-07-13 02:00:00,1.26986,1.27909,1.26812,1.27536,112998.36,1.27528
2015-07-12 02:00:00,1.27065,1.27065,1.26889,1.26985,3795.73,1.26977
2015-07-11 02:00:00,1.26601,1.26601,1.26601,1.26601,0.0,1.26581
2015-07-10 02:00:00,1.27108,1.2754,1.26581,1.26601,104296.96,1.26581
2015-07-09 02:00:00,1.27314,1.27441,1.26673,1.27106,109772.85,1.271
2015-07-08 02:00:00,1.27219,1.27689,1.26894,1.27312,111432.36,1.27305
2015-07-07 02:00:00,1.26619,1.27802,1.26524,1.2722,115557.32,1.27212
2015-07-06 02:00:00,1.26144,1.26646,1.2564,1.2662,100722.52,1.26614
2015-07-05 02:00:00,1.26014,1.26158,1.25871,1.26144,5389.23,1.26136
2015-07-04 02:00:00,1.25779,1.25779,1.25779,1.25779,0.0,1.25721
2015-07-03 02:00:00,1.25469,1.26035,1.25412,1.25779,70470.74,1.25721
2015-07-02 02:00:00,1.25913,1.26339,1.25389,1.25469,96321.82,1.25464
2015-07-01 02:00:00,1.2483,1.25983,1.24763,1.25913,83398.86,1.25906
2015-06-30 02:00:00,1.24144,1.25009,1.23637,1.24833,95989.03,1.24797
2015-06-29 02:00:00,1.23543,1.24144,1.23045,1.24144,92546.13,1.24138
2015-06-28 02:00:00,1.23427,1.23597,1.23262,1.23542,7432.54,1.23532
2015-06-27 02:00:00,1.23238,1.23238,1.23238,1.23238,0.0,1.23204
2015-06-26 02:00:00,1.23327,1.23981,1.23137,1.23238,62785.77,1.23204
2015-06-25 02:00:00,1.23863,1.24002,1.23132,1.23326,73656.39,1.23318
2015-06-24 02:00:00,1.2324,1.24237,1.22775,1.23863,84415.4,1.23857
2015-06-23 02:00:00,1.2315,1.23831,1.23149,1.2324,80350.73,1.23235
2015-06-22 02:00:00,1.22775,1.23295,1.22191,1.2315,75051.89,1.23144
2015-06-21 02:00:00,1.22709,1.22781,1.22579,1.22775,3930.59,1.22768
2015-06-20 02:00:00,1.22725,1.22725,1.22725,1.22725,0.0,1.22697
2015-06-19 02:00:00,1.2227,1.22963,1.22158,1.22725,72046.91,1.22697
2015-06-18 02:00:00,1.22327,1.22506,1.21283,1.22269,93815.99,1.22263
2015-06-17 02:00:00,1.22956,1.23558,1.22214,1.22329,83810.39,1.22322
2015-06-16 02:00:00,1.23167,1.2347,1.2285,1.22956,70805.72,1.22952
2015-06-15 02:00:00,1.23138,1.23611,1.22978,1.23166,79863.81,1.23162
2015-06-14 02:00:00,1.23207,1.23228,1.231,1.23133,4253.62,1.23126
2015-06-13 02:00:00,1.2323,1.2323,1.2323,1.2323,0.0,1.23189
2015-06-12 02:00:00,1.22931,1.23481,1.22785,1.2323,76371.54,1.23189
2015-06-11 02:00:00,1.22792,1.23551,1.22659,1.22934,95517.84,1.22931
2015-06-10 02:00:00,1.23422,1.2353,1.22025,1.22788,115014.78,1.22782
2015-06-09 02:00:00,1.24127,1.24424,1.23081,1.23422,106556.61,1.23419
2015-06-08 02:00:00,1.24626,1.24731,1.23842,1.24129,100499.23,1.24123
2015-06-07 02:00:00,1.24409,1.24628,1.24348,1.24626,2591.93,1.24621
2015-06-06 02:00:00,1.24466,1.24466,1.24466,1.24466,0.0,1.24417
2015-06-05 02:00:00,1.24972,1.25632,1.24289,1.24466,97750.28,1.24417
2015-06-04 02:00:00,1.24563,1.25082,1.24373,1.2497,101533.18,1.24964
2015-06-03 02:00:00,1.2417,1.25103,1.23858,1.24563,108085.86,1.24559
2015-06-02 02:00:00,1.25265,1.25361,1.23681,1.24172,110823.87,1.24165
2015-06-01 02:00:00,1.24596,1.25637,1.24491,1.25265,93397.21,1.25259
2015-05-31 02:00:00,1.24436,1.24653,1.24394,1.24594,3251.47,1.24587
2015-05-30 02:00:00,1.24525,1.24525,1.24525,1.24525,0.0,1.24514
2015-05-29 02:00:00,1.24255,1.25281,1.2412,1.24525,104604.86,1.24514
2015-05-28 02:00:00,1.24572,1.25391,1.24209,1.24257,104305.18,1.24251
2015-05-27 02:00:00,1.24241,1.24929,1.2396,1.24572,93361.18,1.24567
2015-05-26 02:00:00,1.23197,1.24482,1.23059,1.24241,92875.92,1.24234
2015-05-25 02:00:00,1.22964,1.232,1.22765,1.23199,40161.39,1.23193
2015-05-24 02:00:00,1.22892,1.2309,1.22835,1.22965,3390.73,1.22958
2015-05-23 02:00:00,1.2283,1.2283,1.2283,1.2283,0.0,1.22808
2015-05-22 02:00:00,1.21994,1.23228,1.21737,1.2283,81154.74,1.22808
2015-05-21 02:00:00,1.22081,1.22433,1.21722,1.21994,86858.82,1.2199
2015-05-20 02:00:00,1.22294,1.2257,1.21697,1.22081,111978.9,1.22079
2015-05-19 02:00:00,1.21468,1.22504,1.21301,1.22294,98423.76,1.22288
2015-05-18 02:00:00,1.20165,1.21718,1.20158,1.21468,83511.6,1.21461
2015-05-17 02:00:00,1.20094,1.20276,1.20079,1.20162,5928.02,1.20153
2015-05-16 02:00:00,1.20148,1.20148,1.20148,1.20148,0.0,1.20135
2015-05-15 02:00:00,1.19858,1.20678,1.19807,1.20148,95582.01,1.20135
2015-05-14 02:00:00,1.19579,1.20069,1.19203,1.19859,120570.98,1.19852
2015-05-13 02:00:00,1.20073,1.20291,1.19293,1.19579,94398.19,1.19571
2015-05-12 02:00:00,1.20959,1.21082,1.19791,1.2007,94469.77,1.20062
2015-05-11 02:00:00,1.20911,1.21449,1.20655,1.20958,85202.77,1.20954
2015-05-10 02:00:00,1.20829,1.20955,1.20828,1.20909,4358.89,1.20903
2015-05-09 02:00:00,1.2076,1.2076,1.2076,1.2076,0.0,1.20755
2015-05-08 02:00:00,1.21073,1.21463,1.20468,1.2076,109500.15,1.20755
2015-05-07 02:00:00,1.20423,1.2164,1.20358,1.21073,107342.17,1.21066
2015-05-06 02:00:00,1.20763,1.20885,1.19407,1.20424,114612.59,1.20418
2015-05-05 02:00:00,1.20936,1.21322,1.20031,1.20763,104712.53,1.20756
2015-05-04 02:00:00,1.21643,1.21814,1.20883,1.20936,74047.31,1.2093
2015-05-03 02:00:00,1.21588,1.21736,1.21564,1.21644,4584.59,1.21634
2015-05-02 02:00:00,1.21603,1.21603,1.21603,1.21603,0.0,1.21577
2015-05-01 02:00:00,1.20799,1.22062,1.20762,1.21603,80840.99,1.21577
2015-04-30 02:00:00,1.20219,1.21333,1.19977,1.20799,126554.41,1.2079
2015-04-29 02:00:00,1.2039,1.20743,1.19449,1.20222,128649.92,1.20214
2015-04-28 02:00:00,1.20949,1.21178,1.20154,1.20391,105978.82,1.20385
2015-04-27 02:00:00,1.21733,1.21959,1.20812,1.20947,95122.33,1.20941
2015-04-26 02:00:00,1.21935,1.21942,1.21701,1.21732,6691.99,1.21724
2015-04-25 02:00:00,1.21807,1.21807,1.21807,1.21807,0.0,1.21756
2015-04-24 02:00:00,1.21493,1.21884,1.21036,1.21807,89148.11,1.21756
2015-04-23 02:00:00,1.22457,1.22698,1.21217,1.21493,107527.93,1.21486
2015-04-22 02:00:00,1.22711,1.2288,1.22116,1.22457,107680.13,1.22449
2015-04-21 02:00:00,1.22277,1.23059,1.22149,1.22711,122665.96,1.22704
2015-04-20 02:00:00,1.22125,1.22603,1.21807,1.22277,118659.73,1.22268
2015-04-19 02:00:00,1.22137,1.22374,1.22098,1.22125,7683.54,1.22118
2015-04-18 02:00:00,1.22466,1.22466,1.22466,1.22466,0.0,1.22452
2015-04-17 02:00:00,1.22041,1.22722,1.2089,1.22466,129511.81,1.22452
2015-04-16 02:00:00,1.23074,1.23283,1.21442,1.22041,143548.01,1.22036
2015-04-15 02:00:00,1.24845,1.25709,1.22817,1.23073,132497.38,1.23068
2015-04-14 02:00:00,1.25947,1.26036,1.24455,1.24845,116920.39,1.2484
2015-04-13 02:00:00,1.25766,1.26464,1.25629,1.25947,109178.5,1.25941
2015-04-12 02:00:00,1.25837,1.25891,1.25646,1.25764,8226.26,1.25757
2015-04-11 02:00:00,1.25693,1.25693,1.25693,1.25693,0.0,1.25687
2015-04-10 02:00:00,1.25808,1.26672,1.25693,1.25693,112561.4,1.25687
2015-04-09 02:00:00,1.25441,1.26143,1.25094,1.25805,110518.31,1.25801
2015-04-08 02:00:00,1.25039,1.25595,1.23883,1.25441,138172.22,1.25435
2015-04-07 02:00:00,1.2477,1.25231,1.24559,1.25039,119322.68,1.25035
2015-04-06 02:00:00,1.2478,1.25071,1.24382,1.2477,77327.07,1.24764
2015-04-05 02:00:00,1.24763,1.24979,1.24538,1.2478,14574.8,1.24776
2015-04-04 02:00:00,1.24866,1.24866,1.24866,1.24866,0.0,1.24862
2015-04-03 02:00:00,1.25642,1.25756,1.243,1.24866,76222.67,1.24862
2015-04-02 02:00:00,1.26126,1.26564,1.25568,1.25642,123058.48,1.25632
2015-04-01 02:00:00,1.26877,1.27104,1.25769,1.26126,134705.47,1.26122
2015-03-31 02:00:00,1.26763,1.27843,1.26528,1.26876,137179.16,1.26868
2015-03-30 02:00:00,1.26112,1.27065,1.26026,1.26763,122630.47,1.26753
2015-03-29 01:00:00,1.26068,1.26155,1.25966,1.26115,12050.09,1.26107
2015-03-28 01:00:00,1.26136,1.26136,1.26136,1.26136,0.0,1.26126
2015-03-27 01:00:00,1.2481,1.26228,1.24686,1.26136,121534.53,1.26126
2015-03-26 01:00:00,1.25287,1.25333,1.24106,1.2481,149025.95,1.24799
2015-03-25 01:00:00,1.25098,1.25417,1.24736,1.2529,114469.01,1.25279
2015-03-24 01:00:00,1.2523,1.25471,1.2428,1.25101,130106.96,1.25091
2015-03-23 01:00:00,1.25845,1.26162,1.24964,1.2523,134393.02,1.2522
2015-03-22 01:00:00,1.25584,1.2586,1.25372,1.25846,7509.96,1.2584
2015-03-21 01:00:00,1.25539,1.25539,1.25539,1.25539,0.0,1.25521
2015-03-20 01:00:00,1.27012,1.27243,1.25458,1.25539,120668.5,1.25521
2015-03-19 01:00:00,1.25547,1.27592,1.25089,1.27016,149511.2,1.2701
2015-03-18 01:00:00,1.27884,1.28353,1.24499,1.25547,142001.47,1.25542
2015-03-17 01:00:00,1.27771,1.27999,1.27496,1.27884,98889.55,1.27878
2015-03-16 01:00:00,1.28182,1.28189,1.27355,1.27771,118416.1,1.27765
2015-03-15 01:00:00,1.27966,1.28181,1.27875,1.28181,7623.02,1.28175
2015-03-14 01:00:00,1.27873,1.27873,1.27873,1.27873,0.0,1.27841
2015-03-13 01:00:00,1.26912,1.28243,1.26897,1.27873,123166.39,1.27841
2015-03-12 01:00:00,1.27414,1.27694,1.26174,1.26913,131581.46,1.26907
2015-03-11 01:00:00,1.26779,1.27981,1.26651,1.27414,149017.03,1.27406
2015-03-10 01:00:00,1.26215,1.26944,1.25982,1.2678,152369.87,1.26767
2015-03-09 01:00:00,1.2606,1.26354,1.25739,1.26216,99121.75,1.26205
2015-03-08 01:00:00,1.26235,1.26235,1.26025,1.2606,3792.72,1.2605
2015-03-07 01:00:00,1.26255,1.26255,1.26255,1.26255,0.0,1.26236
2015-03-06 01:00:00,1.2485,1.26275,1.24563,1.26255,101033.82,1.26236
2015-03-05 01:00:00,1.24269,1.2519,1.24072,1.24848,96447.35,1.24844
2015-03-04 01:00:00,1.24843,1.25459,1.24074,1.24269,102919.97,1.24261
2015-03-03 01:00:00,1.25428,1.25441,1.24335,1.24841,107731.11,1.24836
2015-03-02 01:00:00,1.25161,1.25662,1.24768,1.25427,84958.93,1.25421
2015-03-01 01:00:00,1.25066,1.25173,1.25045,1.25161,5418.8,1.25155
2015-02-28 01:00:00,1.25166,1.25166,1.25166,1.25166,0.0,1.25113
2015-02-27 01:00:00,1.25086,1.25311,1.24494,1.25166,113107.5,1.25113
2015-02-26 01:00:00,1.24342,1.25353,1.23883,1.25086,126092.0,1.25076
2015-02-25 01:00:00,1.24977,1.24977,1.24008,1.24342,111980.4,1.2433
2015-02-24 01:00:00,1.25748,1.26646,1.24794,1.24974,125132.4,1.24968
2015-02-23 01:00:00,1.25358,1.26249,1.25349,1.25749,107712.62,1.25739
2015-02-22 01:00:00,1.25329,1.25388,1.25258,1.25357,4958.47,1.25347
2015-02-21 01:00:00,1.25338,1.25338,1.25338,1.25338,0.0,1.25313
2015-02-20 01:00:00,1.24926,1.2565,1.24228,1.25338,102706.49,1.25313
2015-02-19 01:00:00,1.24567,1.25564,1.24378,1.24924,106944.92,1.24914
2015-02-18 01:00:00,1.23925,1.24665,1.23824,1.24569,102569.41,1.24564
2015-02-17 01:00:00,1.2479,1.24792,1.23629,1.23925,93884.75,1.23918
2015-02-16 01:00:00,1.24569,1.24913,1.24215,1.24789,80270.97,1.24782
2015-02-15 01:00:00,1.24477,1.24596,1.24448,1.24559,6236.18,1.2455
2015-02-14 01:00:00,1.24494,1.24494,1.24494,1.24494,0.0,1.24478
2015-02-13 01:00:00,1.25109,1.25376,1.24232,1.24494,104222.58,1.24478
2015-02-12 01:00:00,1.26192,1.26462,1.24391,1.25109,115321.06,1.25101
2015-02-11 01:00:00,1.25868,1.26984,1.25729,1.26189,101665.18,1.26185
2015-02-10 01:00:00,1.24759,1.26253,1.24516,1.2587,94353.35,1.25859
2015-02-09 01:00:00,1.25201,1.25244,1.2429,1.24761,84415.8,1.24755
2015-02-08 01:00:00,1.25425,1.25454,1.25133,1.25199,4578.8,1.25188
2015-02-07 01:00:00,1.2531,1.2531,1.2531,1.2531,0.0,1.25274
2015-02-06 01:00:00,1.24374,1.25467,1.23798,1.2531,93033.33,1.25274
2015-02-05 01:00:00,1.25814,1.25878,1.23945,1.24374,101851.17,1.24364
2015-02-04 01:00:00,1.2443,1.25933,1.23917,1.25803,115367.11,1.25793
2015-02-03 01:00:00,1.25846,1.26452,1.23523,1.2443,138102.53,1.2442
2015-02-02 01:00:00,1.2691,1.27736,1.25579,1.25842,111035.51,1.25834
2015-02-01 01:00:00,1.27059,1.27062,1.26818,1.26909,3317.76,1.26899
2015-01-31 01:00:00,1.27332,1.27332,1.27332,1.27332,0.0,1.27318
2015-01-30 01:00:00,1.26142,1.28003,1.26108,1.27332,102035.15,1.27318
2015-01-29 01:00:00,1.25253,1.26781,1.25122,1.26142,93610.61,1.26134
2015-01-28 01:00:00,1.23974,1.25377,1.23956,1.25253,91600.78,1.25246
2015-01-27 01:00:00,1.24798,1.25012,1.23805,1.23974,90327.73,1.23965
2015-01-26 01:00:00,1.24607,1.249,1.24057,1.24798,85731.51,1.24791
2015-01-25 01:00:00,1.24487,1.2461,1.24389,1.24604,3724.15,1.24597
2015-01-24 01:00:00,1.24228,1.24228,1.24228,1.24228,0.0,1.24208
2015-01-23 01:00:00,1.23871,1.24596,1.2364,1.24228,100521.22,1.24208
2015-01-22 01:00:00,1.23463,1.24202,1.23146,1.23871,140813.8,1.2386
2015-01-21 01:00:00,1.21147,1.23947,1.20635,1.23458,114721.65,1.23446
2015-01-20 01:00:00,1.1957,1.21157,1.19518,1.21147,83118.56,1.21139
2015-01-19 01:00:00,1.19715,1.19862,1.19352,1.1956,58687.03,1.19552
2015-01-18 01:00:00,1.19848,1.19854,1.1971,1.19714,1944.81,1.19706
2015-01-17 01:00:00,1.19892,1.19892,1.19892,1.19892,0.0,1.19856
2015-01-16 01:00:00,1.1961,1.20473,1.19606,1.19892,92976.02,1.19856
2015-01-15 01:00:00,1.19467,1.19974,1.18035,1.19609,179281.15,1.19595
2015-01-14 01:00:00,1.1956,1.20179,1.19297,1.19466,116263.03,1.19459
2015-01-13 01:00:00,1.19698,1.19942,1.19267,1.19559,91673.41,1.19551
2015-01-12 01:00:00,1.1845,1.19793,1.18356,1.19698,86649.37,1.19691
2015-01-11 01:00:00,1.18654,1.18762,1.18448,1.18451,3658.98,1.18444
2015-01-10 01:00:00,1.18681,1.18681,1.18681,1.18681,0.0,1.18652
2015-01-09 01:00:00,1.18288,1.189,1.18065,1.18681,83716.97,1.18652
2015-01-08 01:00:00,1.18194,1.18448,1.17973,1.18289,89719.76,1.18283
2015-01-07 01:00:00,1.18395,1.18759,1.18137,1.18193,98600.93,1.18186
2015-01-06 01:00:00,1.17583,1.18466,1.17312,1.18391,86577.42,1.18387
2015-01-05 01:00:00,1.17953,1.18133,1.17439,1.17582,81285.43,1.17577
2015-01-04 01:00:00,1.17888,1.18458,1.17859,1.17949,9700.6,1.17939
2015-01-03 01:00:00,1.17881,1.17881,1.17881,1.17881,0.0,1.17854
2015-01-02 01:00:00,1.16185,1.17894,1.1618,1.17881,73585.46,1.17854
2015-01-01 01:00:00,1.16254,1.16265,1.15998,1.16179,5489.16,1.16169
2014-12-31 01:00:00,1.16066,1.16288,1.15653,1.16251,59509.39,1.16202
2014-12-30 01:00:00,1.16445,1.16521,1.15974,1.16064,58177.78,1.16052
2014-12-29 01:00:00,1.16341,1.16489,1.16061,1.16444,57190.3,1.16434
2014-12-28 01:00:00,1.16209,1.16351,1.16162,1.16339,3540.95,1.16329
2014-12-27 01:00:00,1.16323,1.16323,1.16323,1.16323,0.0,1.16297
2014-12-26 01:00:00,1.16241,1.16325,1.16045,1.16323,50266.11,1.16297
2014-12-25 01:00:00,1.16294,1.16396,1.16095,1.16237,9064.29,1.16218
2014-12-24 01:00:00,1.16202,1.1642,1.15909,1.16293,42533.33,1.16279
2014-12-23 01:00:00,1.16445,1.16678,1.15993,1.16202,69583.59,1.16192
2014-12-22 01:00:00,1.16114,1.16473,1.15787,1.16446,64984.06,1.16433
2014-12-21 01:00:00,1.16121,1.16167,1.16048,1.16114,5439.52,1.16107
2014-12-20 01:00:00,1.16033,1.16033,1.16033,1.16033,0.0,1.1601
2014-12-19 01:00:00,1.15861,1.16356,1.15681,1.16033,77823.65,1.1601
2014-12-18 01:00:00,1.16379,1.16465,1.15701,1.15861,110240.5,1.15851
2014-12-17 01:00:00,1.16347,1.16724,1.15613,1.16381,136258.82,1.16369
2014-12-16 01:00:00,1.16577,1.16657,1.16078,1.16348,127395.55,1.16337
2014-12-15 01:00:00,1.15652,1.16746,1.15493,1.16576,105765.98,1.16564
2014-12-14 01:00:00,1.15935,1.15935,1.15636,1.15655,10353.02,1.1565
2014-12-13 01:00:00,1.1582,1.1582,1.1582,1.1582,0.0,1.15801
2014-12-12 01:00:00,1.1532,1.1592,1.15166,1.1582,104543.17,1.15801
2014-12-11 01:00:00,1.14683,1.15503,1.1449,1.1532,132165.84,1.15311
2014-12-10 01:00:00,1.14429,1.15033,1.14367,1.14685,103565.58,1.1467
2014-12-09 01:00:00,1.14827,1.15019,1.13978,1.14429,106782.1,1.14419
2014-12-08 01:00:00,1.14472,1.14874,1.14277,1.14827,77226.77,1.14821
2014-12-07 01:00:00,1.14393,1.14493,1.1438,1.14467,1424.67,1.14461
2014-12-06 01:00:00,1.14396,1.14396,1.14396,1.14396,0.0,1.14353
2014-12-05 01:00:00,1.13892,1.14767,1.13851,1.14396,84822.88,1.14353
2014-12-04 01:00:00,1.13662,1.13977,1.13408,1.13889,106364.81,1.13879
2014-12-03 01:00:00,1.14036,1.14188,1.13476,1.13662,93271.85,1.13654
2014-12-02 01:00:00,1.13224,1.14251,1.13194,1.14038,86631.21,1.1403
2014-12-01 01:00:00,1.14541,1.146,1.13141,1.13219,106569.7,1.13214
2014-11-30 01:00:00,1.14314,1.14575,1.14288,1.14541,4403.3,1.14535
2014-11-29 01:00:00,1.14174,1.14174,1.14174,1.14174,0.0,1.14151
2014-11-28 01:00:00,1.13406,1.14447,1.13362,1.14174,80554.62,1.14151
2014-11-27 01:00:00,1.12553,1.13551,1.12361,1.13406,71913.06,1.13396
2014-11-26 01:00:00,1.12508,1.12978,1.1229,1.12552,66051.07,1.12544
2014-11-25 01:00:00,1.12903,1.1317,1.12327,1.12508,91709.46,1.12499
2014-11-24 01:00:00,1.12327,1.13132,1.12251,1.12903,78431.32,1.12896
2014-11-23 01:00:00,1.12377,1.1244,1.12311,1.12326,3553.81,1.1232
2014-11-22 01:00:00,1.12368,1.12368,1.12368,1.12368,0.0,1.12334
2014-11-21 01:00:00,1.13112,1.13269,1.11921,1.12368,99402.56,1.12334
2014-11-20 01:00:00,1.13511,1.13699,1.12934,1.13111,96909.64,1.13105
2014-11-19 01:00:00,1.1322,1.13601,1.13111,1.13509,102495.55,1.13501
2014-11-18 01:00:00,1.12981,1.13244,1.12608,1.13219,66820.84,1.13212
2014-11-17 01:00:00,1.12906,1.13286,1.12694,1.12978,77776.65,1.12968
2014-11-16 01:00:00,1.1289,1.12981,1.12831,1.12906,4376.6,1.12898
2014-11-15 01:00:00,1.12896,1.12896,1.12896,1.12896,0.0,1.12875
2014-11-14 01:00:00,1.13833,1.13937,1.1265,1.12896,92362.62,1.12875
2014-11-13 01:00:00,1.13236,1.13925,1.12996,1.13834,76792.55,1.13826
2014-11-12 01:00:00,1.13365,1.13597,1.12819,1.13236,88155.09,1.1323
2014-11-11 01:00:00,1.13723,1.14023,1.13181,1.13365,80080.74,1.13356
2014-11-10 01:00:00,1.13305,1.13852,1.13008,1.13723,79085.63,1.13716
2014-11-09 01:00:00,1.13275,1.13361,1.13154,1.13303,7288.74,1.13295
2014-11-08 01:00:00,1.133,1.133,1.133,1.133,0.0,1.13287
2014-11-07 01:00:00,1.14277,1.14491,1.13129,1.133,104288.59,1.13287
2014-11-06 01:00:00,1.13964,1.14441,1.13798,1.14278,104975.85,1.14268
2014-11-05 01:00:00,1.13939,1.14672,1.13717,1.13963,98737.05,1.13956
2014-11-04 01:00:00,1.13607,1.14278,1.13404,1.13939,88096.64,1.13932
2014-11-03 01:00:00,1.12889,1.13775,1.12642,1.13607,90619.75,1.136
2014-11-02 01:00:00,1.12884,1.12895,1.12768,1.12889,5274.26,1.12881
2014-11-01 01:00:00,1.12687,1.12687,1.12687,1.12687,0.0,1.12644
2014-10-31 01:00:00,1.11968,1.13332,1.11863,1.12687,81754.38,1.12644
2014-10-30 01:00:00,1.11923,1.12234,1.1166,1.11968,80251.02,1.1196
2014-10-29 01:00:00,1.11702,1.12253,1.11226,1.11925,80441.48,1.1192
2014-10-28 01:00:00,1.12495,1.12521,1.11664,1.11703,72674.88,1.117
2014-10-27 01:00:00,1.12389,1.12558,1.12139,1.12495,59079.78,1.12492
2014-10-25 02:00:00,1.12341,1.12341,1.12341,1.12341,0.0,1.12319
2014-10-24 02:00:00,1.12258,1.12439,1.11953,1.12341,69524.48,1.12319
2014-10-23 02:00:00,1.12538,1.12646,1.12079,1.12258,73096.15,1.12254
2014-10-22 02:00:00,1.12304,1.12961,1.11848,1.12537,82125.71,1.12529
2014-10-21 02:00:00,1.12963,1.12968,1.12039,1.12303,71490.82,1.12297
2014-10-20 02:00:00,1.12912,1.12964,1.12519,1.12963,63134.23,1.12957
2014-10-19 02:00:00,1.12921,1.12946,1.12793,1.12914,6549.44,1.12905
2014-10-18 02:00:00,1.12773,1.12773,1.12773,1.12773,0.0,1.12763
2014-10-17 02:00:00,1.12619,1.12855,1.12114,1.12773,70131.96,1.12763
2014-10-16 02:00:00,1.12671,1.1362,1.12274,1.12619,122519.32,1.12617
2014-10-15 02:00:00,1.13172,1.13858,1.12271,1.1267,134011.35,1.12664
2014-10-14 02:00:00,1.12081,1.13186,1.11931,1.13172,80034.2,1.13166
2014-10-13 02:00:00,1.11884,1.12201,1.11825,1.12081,66077.05,1.12075
2014-10-12 02:00:00,1.11786,1.12082,1.11785,1.11884,5309.53,1.1188
2014-10-11 02:00:00,1.12007,1.12007,1.12007,1.12007,0.0,1.1199
2014-10-10 02:00:00,1.11828,1.12227,1.11608,1.12007,82303.33,1.1199
2014-10-09 02:00:00,1.11054,1.11924,1.10823,1.11832,93898.09,1.11826
2014-10-08 02:00:00,1.11612,1.12107,1.10941,1.11054,91658.76,1.11048
2014-10-07 02:00:00,1.11463,1.11965,1.11321,1.11612,82845.3,1.11606
2014-10-06 02:00:00,1.12614,1.12621,1.11121,1.11463,71707.91,1.11458
2014-10-05 02:00:00,1.12554,1.12659,1.12541,1.12615,3325.19,1.12609
2014-10-04 02:00:00,1.12464,1.12464,1.12464,1.12464,0.0,1.12444
2014-10-03 02:00:00,1.11594,1.12705,1.11588,1.12464,71762.71,1.12444
2014-10-02 02:00:00,1.11535,1.1178,1.10724,1.11593,98866.68,1.11588
2014-10-01 02:00:00,1.12084,1.12239,1.11513,1.11537,79859.43,1.11531
2014-09-30 02:00:00,1.11605,1.122,1.11351,1.12084,76477.38,1.12079
2014-09-29 02:00:00,1.1166,1.1179,1.11322,1.11605,73681.13,1.11598
2014-09-28 02:00:00,1.1157,1.11662,1.11537,1.1166,6898.66,1.11652
2014-09-27 02:00:00,1.11562,1.11562,1.11562,1.11562,0.0,1.11549
2014-09-26 02:00:00,1.11073,1.11694,1.10929,1.11562,61685.62,1.11549
2014-09-25 02:00:00,1.10771,1.1128,1.10646,1.1107,77281.95,1.11064
2014-09-24 02:00:00,1.10722,1.11226,1.10539,1.10771,66727.31,1.10767
2014-09-23 02:00:00,1.10406,1.10842,1.0987,1.10721,70415.97,1.10716
2014-09-22 02:00:00,1.09485,1.10459,1.0927,1.10406,60042.89,1.10402
2014-09-21 02:00:00,1.09721,1.09738,1.0947,1.09485,2308.75,1.0948
2014-09-20 02:00:00,1.09677,1.09677,1.09677,1.09677,0.0,1.09638
2014-09-19 02:00:00,1.0944,1.09809,1.08877,1.09677,70066.32,1.09638
2014-09-18 02:00:00,1.10108,1.1016,1.09294,1.0944,64141.62,1.09435
2014-09-17 02:00:00,1.0976,1.10244,1.09274,1.10108,82790.51,1.10104
2014-09-16 02:00:00,1.10514,1.10722,1.09666,1.09759,87707.94,1.09752
2014-09-15 02:00:00,1.10893,1.10992,1.10361,1.10519,77268.9,1.10515
2014-09-14 02:00:00,1.10889,1.10928,1.10853,1.10893,4014.03,1.10887
2014-09-13 02:00:00,1.10947,1.10947,1.10947,1.10947,0.0,1.10919
2014-09-12 02:00:00,1.10373,1.10984,1.10312,1.10947,91561.37,1.10919
2014-09-11 02:00:00,1.0953,1.10592,1.09394,1.10373,94370.37,1.10369
2014-09-10 02:00:00,1.09745,1.10148,1.09347,1.09529,103217.09,1.09524
2014-09-09 02:00:00,1.09832,1.10321,1.09648,1.09745,94606.91,1.0974
2014-09-08 02:00:00,1.08873,1.09843,1.08842,1.09832,77597.8,1.09828
2014-09-07 02:00:00,1.0885,1.08886,1.08817,1.08873,5526.36,1.0887
2014-09-06 02:00:00,1.0884,1.0884,1.0884,1.0884,0.0,1.08806
2014-09-05 02:00:00,1.08881,1.09032,1.0841,1.0884,60952.6,1.08806
2014-09-04 02:00:00,1.08896,1.091,1.08215,1.08883,61394.74,1.0888
2014-09-03 02:00:00,1.09314,1.0943,1.08716,1.089,60750.84,1.08895
2014-09-02 02:00:00,1.08705,1.0936,1.08673,1.09311,53578.14,1.09306
2014-09-01 02:00:00,1.08779,1.08785,1.08566,1.08705,32392.84,1.087
2014-08-31 02:00:00,1.08776,1.08797,1.08693,1.08775,4091.45,1.08772
2014-08-30 02:00:00,1.08799,1.08799,1.08799,1.08799,0.0,1.08779
2014-08-29 02:00:00,1.08567,1.08806,1.08113,1.08799,53186.77,1.08779
2014-08-28 02:00:00,1.08685,1.08688,1.0837,1.08568,59088.1,1.08563
2014-08-27 02:00:00,1.09515,1.09537,1.08294,1.08689,65074.74,1.08685
2014-08-26 02:00:00,1.09951,1.09971,1.09416,1.09515,50753.91,1.09512
2014-08-25 02:00:00,1.097,1.09981,1.09436,1.09951,44487.23,1.09947
2014-08-24 02:00:00,1.09693,1.09707,1.09601,1.097,5636.89,1.09693
2014-08-23 02:00:00,1.09491,1.09491,1.09491,1.09491,0.0,1.09452
2014-08-22 02:00:00,1.09465,1.09823,1.09287,1.09491,55484.48,1.09452
2014-08-21 02:00:00,1.09704,1.09869,1.09406,1.09463,50809.61,1.09458
2014-08-20 02:00:00,1.09403,1.09744,1.09324,1.09704,59257.63,1.09698
2014-08-19 02:00:00,1.08916,1.09499,1.08894,1.09402,57008.43,1.09396
2014-08-18 02:00:00,1.08941,1.09,1.0876,1.08915,46440.23,1.08913
2014-08-17 02:00:00,1.08883,1.0896,1.08872,1.08942,1745.77,1.08936
2014-08-16 02:00:00,1.09019,1.09019,1.09019,1.09019,0.0,1.08986
2014-08-15 02:00:00,1.09082,1.09196,1.0861,1.09019,56347.45,1.08986
2014-08-14 02:00:00,1.0916,1.09218,1.08876,1.0908,48625.48,1.09073
2014-08-13 02:00:00,1.09276,1.09407,1.09067,1.09159,54391.71,1.09152
2014-08-12 02:00:00,1.09288,1.09533,1.09141,1.09276,49132.34,1.09271
2014-08-11 02:00:00,1.09725,1.09779,1.09191,1.09286,44605.49,1.09282
2014-08-10 02:00:00,1.09717,1.09738,1.09689,1.09725,3382.33,1.0972
2014-08-09 02:00:00,1.09745,1.09745,1.09745,1.09745,0.0,1.09732
2014-08-08 02:00:00,1.09333,1.09845,1.09104,1.09745,61140.23,1.09732
2014-08-07 02:00:00,1.09193,1.09389,1.09041,1.09333,59112.91,1.09327
2014-08-06 02:00:00,1.09641,1.09864,1.09129,1.09193,48073.72,1.09189
2014-08-05 02:00:00,1.09073,1.09772,1.09069,1.09641,59528.25,1.09634
2014-08-04 02:00:00,1.09241,1.09346,1.09051,1.09073,53318.06,1.09067
2014-08-03 02:00:00,1.09226,1.09266,1.09187,1.09241,4222.84,1.09234
2014-08-02 02:00:00,1.09175,1.09175,1.09175,1.09175,0.0,1.09162
2014-08-01 02:00:00,1.09073,1.09442,1.08854,1.09175,81736.44,1.09162
2014-07-31 02:00:00,1.09089,1.09301,1.08772,1.0907,75740.29,1.09066
2014-07-30 02:00:00,1.08523,1.09172,1.08507,1.09089,74506.06,1.09084
2014-07-29 02:00:00,1.07995,1.08663,1.0798,1.08523,64039.93,1.0852
2014-07-28 02:00:00,1.08123,1.08188,1.07977,1.07995,58858.33,1.0799
2014-07-27 02:00:00,1.08173,1.08182,1.08095,1.08125,3938.81,1.08119
2014-07-26 02:00:00,1.08171,1.08171,1.08171,1.08171,0.0,1.0814
2014-07-25 02:00:00,1.07457,1.08216,1.07386,1.08171,57647.07,1.0814
2014-07-24 02:00:00,1.07319,1.07523,1.07184,1.07457,42413.95,1.07451
2014-07-23 02:00:00,1.07405,1.07461,1.07112,1.07319,47566.39,1.07315
2014-07-22 02:00:00,1.07401,1.07599,1.07312,1.07404,44548.39,1.07397
2014-07-21 02:00:00,1.07396,1.07525,1.07266,1.07401,39926.85,1.07398
2014-07-20 02:00:00,1.07374,1.07405,1.0732,1.07402,2267.73,1.07396
2014-07-19 02:00:00,1.07357,1.07357,1.07357,1.07357,0.0,1.07333
2014-07-18 02:00:00,1.07635,1.07638,1.07089,1.07357,61221.56,1.07333
2014-07-17 02:00:00,1.07384,1.07672,1.07287,1.07635,63881.85,1.0763
2014-07-16 02:00:00,1.07603,1.07946,1.07242,1.07384,66905.95,1.0738
2014-07-15 02:00:00,1.07169,1.077,1.07164,1.07598,62302.22,1.07594
2014-07-14 02:00:00,1.07296,1.07477,1.07106,1.07169,58693.86,1.07162
2014-07-13 02:00:00,1.07376,1.07383,1.07278,1.07296,4091.53,1.0729
2014-07-12 02:00:00,1.07359,1.07359,1.07359,1.07359,0.0,1.07342
2014-07-11 02:00:00,1.06505,1.07372,1.0631,1.07359,61768.46,1.07342
2014-07-10 02:00:00,1.06504,1.06764,1.06452,1.06505,62008.31,1.065
2014-07-09 02:00:00,1.06727,1.06844,1.06417,1.06504,61783.58,1.06498
2014-07-08 02:00:00,1.06844,1.06947,1.06626,1.06727,53827.96,1.06724
2014-07-07 02:00:00,1.06538,1.06854,1.06318,1.06841,58133.24,1.06837
2014-07-06 02:00:00,1.06517,1.06567,1.06496,1.06536,3482.43,1.0653
2014-07-05 02:00:00,1.06581,1.06581,1.06581,1.06581,0.0,1.0653
2014-07-04 02:00:00,1.06387,1.06597,1.0631,1.06581,36413.38,1.0653
2014-07-03 02:00:00,1.06685,1.06811,1.06211,1.06387,67886.61,1.06384
2014-07-02 02:00:00,1.06367,1.06711,1.06271,1.06684,57795.21,1.0668
2014-07-01 02:00:00,1.06726,1.06784,1.063,1.06367,49086.55,1.06362
2014-06-30 02:00:00,1.06677,1.06971,1.06475,1.06726,49817.68,1.06721
2014-06-29 02:00:00,1.06729,1.06732,1.06628,1.06677,1888.47,1.06671
2014-06-28 02:00:00,1.06668,1.06668,1.06668,1.06668,0.0,1.0665
2014-06-27 02:00:00,1.06939,1.06969,1.06603,1.06668,36120.71,1.0665
2014-06-26 02:00:00,1.07245,1.07256,1.06836,1.0694,43414.53,1.06934
2014-06-25 02:00:00,1.07451,1.07524,1.07179,1.07245,45232.28,1.07238
2014-06-24 02:00:00,1.07322,1.07478,1.07164,1.0745,38706.58,1.07446
2014-06-23 02:00:00,1.07541,1.07542,1.07174,1.07323,53729.31,1.07316
2014-06-22 02:00:00,1.0765,1.0765,1.07538,1.0754,2987.19,1.07534
2014-06-21 02:00:00,1.07595,1.07595,1.07595,1.07595,0.0,1.07579
2014-06-20 02:00:00,1.08185,1.08264,1.07522,1.07595,46137.49,1.07579
2014-06-19 02:00:00,1.08369,1.08381,1.08106,1.08185,54291.48,1.0818
2014-06-18 02:00:00,1.08629,1.08983,1.08359,1.08369,61389.12,1.08366
2014-06-17 02:00:00,1.08506,1.08754,1.08485,1.08629,59788.78,1.08623
2014-06-16 02:00:00,1.08591,1.08827,1.08363,1.085,54959.9,1.08498
2014-06-15 02:00:00,1.08583,1.08596,1.08538,1.08592,2691.02,1.08589
2014-06-14 02:00:00,1.08569,1.08569,1.08569,1.08569,0.0,1.08552
2014-06-13 02:00:00,1.08571,1.08708,1.08483,1.08569,52529.81,1.08552
2014-06-12 02:00:00,1.08696,1.087,1.08423,1.08572,56056.98,1.08567
2014-06-11 02:00:00,1.08991,1.09056,1.08621,1.08696,62269.92,1.08691
2014-06-10 02:00:00,1.09073,1.09217,1.08918,1.08989,68229.64,1.08986
2014-06-09 02:00:00,1.09361,1.09413,1.09015,1.09071,61725.84,1.09065
2014-06-08 02:00:00,1.09312,1.09364,1.09278,1.0936,2534.87,1.09355
2014-06-07 02:00:00,1.09338,1.09338,1.09338,1.09338,0.0,1.09321
2014-06-06 02:00:00,1.09224,1.09483,1.09092,1.09338,64996.48,1.09321
2014-06-05 02:00:00,1.09437,1.09609,1.09175,1.09223,72178.43,1.09219
2014-06-04 02:00:00,1.09191,1.09557,1.0917,1.09437,64260.53,1.09432
2014-06-03 02:00:00,1.0903,1.09225,1.08916,1.0919,50241.23,1.09185
2014-06-02 02:00:00,1.08456,1.09119,1.08432,1.09029,46179.89,1.09023
2014-06-01 02:00:00,1.08456,1.08476,1.08431,1.08456,2535.15,1.0845
2014-05-31 02:00:00,1.08472,1.08472,1.08472,1.08472,0.0,1.08458
2014-05-30 02:00:00,1.08393,1.087,1.0823,1.08472,48097.21,1.08458
2014-05-29 02:00:00,1.08731,1.08786,1.08259,1.08394,51838.28,1.08389
2014-05-28 02:00:00,1.08562,1.08867,1.08442,1.08731,49220.35,1.08728
2014-05-27 02:00:00,1.08584,1.08751,1.08363,1.08562,49545.43,1.08558
2014-05-26 02:00:00,1.08722,1.08734,1.08535,1.08581,23317.65,1.08576
2014-05-25 02:00:00,1.08731,1.08747,1.08674,1.08722,1875.28,1.08715
2014-05-24 02:00:00,1.08632,1.08632,1.08632,1.08632,0.0,1.08616
2014-05-23 02:00:00,1.08941,1.09092,1.0863,1.08632,38869.52,1.08616
2014-05-22 02:00:00,1.09162,1.09325,1.0885,1.08941,45455.82,1.08936
2014-05-21 02:00:00,1.09117,1.09421,1.08942,1.09162,51284.38,1.09157
2014-05-20 02:00:00,1.08742,1.09174,1.08726,1.09117,48842.86,1.0911
2014-05-19 02:00:00,1.08663,1.08772,1.08509,1.08741,44649.17,1.08734
2014-05-18 02:00:00,1.08631,1.08675,1.08595,1.08662,1928.32,1.08656
2014-05-17 02:00:00,1.0865,1.0865,1.0865,1.0865,0.0,1.08605
2014-05-16 02:00:00,1.08778,1.08891,1.08562,1.0865,36936.03,1.08605
2014-05-15 02:00:00,1.08895,1.08916,1.08526,1.08778,52233.96,1.0877
2014-05-14 02:00:00,1.09066,1.09222,1.08701,1.08898,52331.18,1.08893
2014-05-13 02:00:00,1.08998,1.0927,1.08876,1.09066,57979.99,1.09059
2014-05-12 02:00:00,1.09005,1.09046,1.08752,1.08998,39914.94,1.08993
2014-05-11 02:00:00,1.09018,1.09044,1.0896,1.09005,1507.63,1.08999
2014-05-10 02:00:00,1.09019,1.09019,1.09019,1.09019,0.0,1.08978
2014-05-09 02:00:00,1.08324,1.09164,1.08172,1.09019,60973.83,1.08978
2014-05-08 02:00:00,1.0899,1.09045,1.08147,1.08324,55533.87,1.08317
2014-05-07 02:00:00,1.08914,1.0908,1.08762,1.08991,45711.98,1.08984
2014-05-06 02:00:00,1.09592,1.09617,1.08747,1.08914,50087.52,1.08907
2014-05-05 02:00:00,1.09777,1.09894,1.09495,1.09593,39144.18,1.09588
2014-05-04 02:00:00,1.0985,1.0985,1.09768,1.09776,1936.97,1.09772
2014-05-03 02:00:00,1.09763,1.09763,1.09763,1.09763,0.0,1.09736
2014-05-02 02:00:00,1.09656,1.10078,1.09363,1.09763,55554.59,1.09736
2014-05-01 02:00:00,1.09668,1.09961,1.09533,1.09656,44905.4,1.09648
2014-04-30 02:00:00,1.09543,1.09799,1.09433,1.09667,60502.57,1.09662
2014-04-29 02:00:00,1.10262,1.10262,1.09439,1.09542,56048.37,1.09538
2014-04-28 02:00:00,1.10364,1.10401,1.10176,1.10259,42835.07,1.10253
2014-04-27 02:00:00,1.10451,1.10451,1.10325,1.10365,1923.81,1.10358
2014-04-26 02:00:00,1.10415,1.10415,1.10415,1.10415,0.0,1.10397
2014-04-25 02:00:00,1.10232,1.10474,1.10148,1.10415,36404.06,1.10397
2014-04-24 02:00:00,1.10321,1.10391,1.10161,1.10232,40943.34,1.10225
2014-04-23 02:00:00,1.10284,1.10537,1.10179,1.1032,52220.9,1.10318
2014-04-22 02:00:00,1.10205,1.10427,1.10011,1.10285,45700.49,1.1028
2014-04-21 02:00:00,1.10219,1.10316,1.10084,1.10205,27389.11,1.10201
2014-04-20 02:00:00,1.10268,1.10274,1.10205,1.10219,1400.49,1.10216
2014-04-19 02:00:00,1.10275,1.10275,1.10275,1.10275,0.0,1.10229
2014-04-18 02:00:00,1.10097,1.10295,1.09993,1.10275,22165.39,1.10229
2014-04-17 02:00:00,1.10112,1.10197,1.09841,1.10098,46011.56,1.10088
2014-04-16 02:00:00,1.09871,1.10343,1.09607,1.10112,61476.94,1.10107
2014-04-15 02:00:00,1.0969,1.10141,1.09641,1.09869,55522.72,1.09864
2014-04-14 02:00:00,1.09763,1.09933,1.09427,1.0969,45259.06,1.09687
2014-04-13 02:00:00,1.09798,1.09819,1.09705,1.09763,3233.15,1.09758
2014-04-12 02:00:00,1.09829,1.09829,1.09829,1.09829,0.0,1.09803
2014-04-11 02:00:00,1.09342,1.09853,1.09188,1.09829,52967.62,1.09803
2014-04-10 02:00:00,1.08818,1.0938,1.08684,1.09342,59420.01,1.09336
2014-04-09 02:00:00,1.09308,1.09429,1.08588,1.08815,62234.81,1.0881
2014-04-08 02:00:00,1.09779,1.09779,1.09127,1.0931,61719.67,1.09304
2014-04-07 02:00:00,1.09812,1.10099,1.09622,1.09779,51800.66,1.09771
2014-04-06 02:00:00,1.0984,1.09868,1.0978,1.09812,2713.33,1.09807
2014-04-05 02:00:00,1.09832,1.09832,1.09832,1.09832,0.0,1.09808
2014-04-04 02:00:00,1.1036,1.1037,1.09578,1.09832,48485.22,1.09808
2014-04-03 02:00:00,1.10315,1.10461,1.10064,1.1036,43265.78,1.10355
2014-04-02 02:00:00,1.10305,1.10479,1.10049,1.10315,41641.19,1.1031
2014-04-01 02:00:00,1.10536,1.10701,1.10131,1.10307,43796.7,1.103
2014-03-31 02:00:00,1.10519,1.10674,1.10029,1.10536,54839.07,1.10532
2014-03-30 01:00:00,1.10678,1.10696,1.10511,1.10516,1510.12,1.10512
2014-03-29 01:00:00,1.10619,1.10619,1.10619,1.10619,0.0,1.10598
2014-03-28 01:00:00,1.10313,1.10782,1.10012,1.10619,48739.28,1.10598
2014-03-27 01:00:00,1.10998,1.11047,1.10145,1.10314,68697.63,1.10309
2014-03-26 01:00:00,1.11666,1.11695,1.10815,1.10998,60426.03,1.10993
2014-03-25 01:00:00,1.11982,1.12108,1.11559,1.11666,49676.02,1.11661
2014-03-24 01:00:00,1.12269,1.12468,1.11841,1.11982,49946.72,1.11978
2014-03-23 01:00:00,1.12124,1.12307,1.12112,1.1227,2734.07,1.12266
2014-03-22 01:00:00,1.12266,1.12266,1.12266,1.12266,0.0,1.12223
2014-03-21 01:00:00,1.12427,1.12631,1.11744,1.12266,54577.05,1.12223
2014-03-20 01:00:00,1.12441,1.12788,1.12347,1.12426,47712.64,1.12418
2014-03-19 01:00:00,1.11284,1.1272,1.11225,1.12441,73355.7,1.12436
2014-03-18 01:00:00,1.10599,1.11469,1.10265,1.11285,57357.14,1.11281
2014-03-17 01:00:00,1.10967,1.11048,1.10453,1.10599,46836.0,1.10592
2014-03-16 01:00:00,1.11045,1.11086,1.10945,1.10967,2870.49,1.10961
2014-03-15 01:00:00,1.11045,1.11045,1.11045,1.11045,0.0,1.11021
2014-03-14 01:00:00,1.10793,1.11111,1.10737,1.11045,52935.16,1.11021
2014-03-13 01:00:00,1.11195,1.11224,1.10438,1.10796,66470.66,1.10788
2014-03-12 01:00:00,1.11109,1.11541,1.10906,1.11195,53096.77,1.11187
2014-03-11 01:00:00,1.11168,1.11313,1.10721,1.11109,40576.81,1.11102
2014-03-10 01:00:00,1.10896,1.11313,1.10893,1.11167,39366.63,1.11164
2014-03-09 01:00:00,1.10948,1.1096,1.10877,1.10896,1841.23,1.10892
2014-03-08 01:00:00,1.10902,1.10902,1.10902,1.10902,0.0,1.10882
2014-03-07 01:00:00,1.09885,1.11014,1.09811,1.10902,49515.46,1.10882
2014-03-06 01:00:00,1.10311,1.10471,1.09556,1.09884,58462.61,1.09876
2014-03-05 01:00:00,1.1089,1.11011,1.10262,1.10312,53271.25,1.10304
2014-03-04 01:00:00,1.10816,1.11182,1.10628,1.10883,52965.34,1.10878
2014-03-03 01:00:00,1.10645,1.11106,1.10395,1.10816,48901.83,1.10811
2014-03-02 01:00:00,1.10824,1.10835,1.10629,1.10645,1951.12,1.1064
2014-03-01 01:00:00,1.10692,1.10692,1.10692,1.10692,0.0,1.1064
2014-02-28 01:00:00,1.11235,1.11475,1.10409,1.10692,55158.65,1.1064
2014-02-27 01:00:00,1.11381,1.11602,1.11182,1.11234,47518.87,1.1123
2014-02-26 01:00:00,1.1086,1.1145,1.10735,1.11383,47608.0,1.11375
2014-02-25 01:00:00,1.10603,1.10966,1.10547,1.1086,37866.71,1.10855
2014-02-24 01:00:00,1.11143,1.11434,1.1055,1.10611,42220.08,1.10602
2014-02-23 01:00:00,1.11074,1.11174,1.11031,1.11143,1438.83,1.11134
2014-02-22 01:00:00,1.11108,1.11108,1.11108,1.11108,0.0,1.11093
2014-02-21 01:00:00,1.11037,1.11948,1.11034,1.11108,57055.49,1.11093
2014-02-20 01:00:00,1.10744,1.11133,1.1061,1.11037,54624.61,1.11032
2014-02-19 01:00:00,1.09537,1.10872,1.09108,1.10744,63911.47,1.10739
2014-02-18 01:00:00,1.09577,1.09771,1.09405,1.09538,47657.42,1.09533
2014-02-17 01:00:00,1.09749,1.09834,1.09533,1.09576,30966.23,1.0957
2014-02-16 01:00:00,1.09877,1.09887,1.09741,1.0975,1473.46,1.09742
2014-02-15 01:00:00,1.0988,1.0988,1.0988,1.0988,0.0,1.09838
2014-02-14 01:00:00,1.09796,1.09904,1.09408,1.0988,50427.25,1.09838
2014-02-13 01:00:00,1.09977,1.10268,1.09551,1.09796,50196.9,1.09787
2014-02-12 01:00:00,1.10129,1.10257,1.09767,1.09977,46857.33,1.09968
2014-02-11 01:00:00,1.10589,1.10912,1.10032,1.10129,50232.72,1.10122
2014-02-10 01:00:00,1.10398,1.10627,1.10189,1.10589,36602.63,1.10582
2014-02-09 01:00:00,1.10422,1.10439,1.1036,1.10398,1435.31,1.1039
2014-02-08 01:00:00,1.10337,1.10337,1.10337,1.10337,0.0,1.10316
2014-02-07 01:00:00,1.10712,1.10797,1.0968,1.10337,57252.93,1.10316
2014-02-06 01:00:00,1.10802,1.11229,1.10514,1.10712,50386.51,1.10704
2014-02-05 01:00:00,1.10858,1.11213,1.10379,1.10802,59754.66,1.10794
2014-02-04 01:00:00,1.11099,1.11239,1.1049,1.10858,58154.4,1.10851
2014-02-03 01:00:00,1.1125,1.11341,1.10418,1.11099,60362.55,1.11095
2014-02-02 01:00:00,1.11165,1.11283,1.11157,1.1125,1779.41,1.11244
2014-02-01 01:00:00,1.11306,1.11306,1.11306,1.11306,0.0,1.11286
2014-01-31 01:00:00,1.11583,1.12248,1.10886,1.11306,75375.4,1.11286
2014-01-30 01:00:00,1.11836,1.11989,1.11511,1.11583,55617.25,1.11578
2014-01-29 01:00:00,1.11469,1.11875,1.11032,1.11835,73260.67,1.1183
2014-01-28 01:00:00,1.11168,1.11771,1.10787,1.1146,61731.11,1.11457
2014-01-27 01:00:00,1.10632,1.11202,1.1032,1.11164,63858.03,1.1116
2014-01-26 01:00:00,1.10693,1.10723,1.10625,1.10632,1611.66,1.10628
2014-01-25 01:00:00,1.10905,1.10905,1.10905,1.10905,0.0,1.10885
2014-01-24 01:00:00,1.11139,1.11378,1.10527,1.10905,85504.81,1.10885
2014-01-23 01:00:00,1.11043,1.11739,1.10925,1.11138,98778.68,1.11134
2014-01-22 01:00:00,1.09722,1.11054,1.09541,1.11043,65480.94,1.11038
2014-01-21 01:00:00,1.09551,1.10192,1.09479,1.09722,54443.17,1.09714
2014-01-20 01:00:00,1.09671,1.09726,1.09302,1.09555,35758.43,1.09552
2014-01-19 01:00:00,1.09707,1.09707,1.0964,1.09671,1234.47,1.09666
2014-01-18 01:00:00,1.09641,1.09641,1.09641,1.09641,0.0,1.09616
2014-01-17 01:00:00,1.09339,1.09844,1.09269,1.09641,48433.35,1.09616
2014-01-16 01:00:00,1.09496,1.09633,1.09054,1.09339,53104.41,1.09335
2014-01-15 01:00:00,1.09494,1.09916,1.09206,1.09501,60506.6,1.09493
2014-01-14 01:00:00,1.08832,1.09595,1.08798,1.09494,56673.09,1.09489
2014-01-13 01:00:00,1.09066,1.09298,1.08432,1.08832,55868.54,1.08825
2014-01-12 01:00:00,1.09085,1.091,1.09051,1.09066,1497.27,1.09062
2014-01-11 01:00:00,1.08967,1.08967,1.08967,1.08967,0.0,1.08932
2014-01-10 01:00:00,1.08472,1.09464,1.08384,1.08967,76311.3,1.08932
2014-01-09 01:00:00,1.08245,1.0875,1.08195,1.08471,65065.34,1.08466
2014-01-08 01:00:00,1.0776,1.08307,1.07741,1.08243,64616.33,1.08239
2014-01-07 01:00:00,1.0662,1.07817,1.06599,1.07757,65971.12,1.07753
2014-01-06 01:00:00,1.06328,1.06811,1.06096,1.0662,53568.77,1.06616
2014-01-05 01:00:00,1.06409,1.06415,1.06323,1.06328,700.13,1.06323
2014-01-04 01:00:00,1.06388,1.06388,1.06388,1.06388,0.0,1.06348
2014-01-03 01:00:00,1.06703,1.06725,1.06033,1.06388,56798.0,1.06348
2014-01-02 01:00:00,1.06476,1.0678,1.05888,1.06704,57595.34,1.06699
2014-01-01 01:00:00,1.06458,1.06498,1.06426,1.06477,513.8,1.06472
2013-12-31 01:00:00,1.06461,1.06577,1.06145,1.06281,37378.02,1.0623
2013-12-30 01:00:00,1.07081,1.07282,1.06371,1.06459,38312.64,1.06454
2013-12-29 01:00:00,1.07048,1.07111,1.06986,1.07078,1142.92,1.07071
2013-12-28 01:00:00,1.07101,1.07101,1.07101,1.07101,0.0,1.07063
2013-12-27 01:00:00,1.06505,1.07194,1.06201,1.07101,46827.71,1.07063
2013-12-26 01:00:00,1.06431,1.06507,1.06167,1.06505,25747.37,1.06497
2013-12-25 01:00:00,1.06332,1.06431,1.05977,1.06431,1910.7,1.06412
2013-12-24 01:00:00,1.06173,1.06442,1.06072,1.06322,32177.63,1.063
2013-12-23 01:00:00,1.06439,1.06535,1.05821,1.06173,52607.31,1.06169
2013-12-22 01:00:00,1.06426,1.06452,1.06418,1.06438,892.53,1.06432
2013-12-21 01:00:00,1.06409,1.06409,1.06409,1.06409,0.0,1.06367
2013-12-20 01:00:00,1.06743,1.07379,1.06288,1.06409,66822.76,1.06367
2013-12-19 01:00:00,1.07184,1.07282,1.06616,1.06742,74895.13,1.06733
2013-12-18 01:00:00,1.06047,1.07205,1.06022,1.07181,92799.75,1.07173
2013-12-17 01:00:00,1.05932,1.06185,1.05765,1.06047,41432.56,1.0604
2013-12-16 01:00:00,1.05901,1.0599,1.0573,1.05935,44832.66,1.05931
2013-12-15 01:00:00,1.05955,1.05969,1.05869,1.05899,1428.92,1.05894
2013-12-14 01:00:00,1.05851,1.05851,1.05851,1.05851,0.0,1.05841
2013-12-13 01:00:00,1.06444,1.067,1.05818,1.05851,42080.8,1.05841
2013-12-12 01:00:00,1.05937,1.06565,1.05615,1.06444,54695.27,1.0644
2013-12-11 01:00:00,1.06068,1.06203,1.05851,1.05935,40034.64,1.05931
2013-12-10 01:00:00,1.06373,1.06459,1.06015,1.06068,42495.64,1.0606
2013-12-09 01:00:00,1.06556,1.06705,1.06264,1.06372,41016.72,1.06367
2013-12-08 01:00:00,1.06478,1.06559,1.06421,1.06556,1644.93,1.06552
2013-12-07 01:00:00,1.06438,1.06438,1.06438,1.06438,0.0,1.06396
2013-12-06 01:00:00,1.06488,1.07084,1.06228,1.06438,58859.09,1.06396
2013-12-05 01:00:00,1.06791,1.07,1.06253,1.06486,59861.0,1.06482
2013-12-04 01:00:00,1.06413,1.07075,1.06391,1.0679,89575.6,1.06786
2013-12-03 01:00:00,1.06452,1.06731,1.06318,1.06412,74943.32,1.06404
2013-12-02 01:00:00,1.06245,1.06544,1.06147,1.06447,69471.82,1.0644
2013-12-01 01:00:00,1.06254,1.06281,1.06178,1.06245,2262.5,1.06237
2013-11-30 01:00:00,1.06193,1.06193,1.06193,1.06193,0.0,1.0615
2013-11-29 01:00:00,1.05891,1.0629,1.05598,1.06193,74536.77,1.0615
2013-11-28 01:00:00,1.05928,1.05983,1.05716,1.0589,47579.77,1.05884
2013-11-27 01:00:00,1.05436,1.0603,1.05321,1.05929,68974.52,1.05922
2013-11-26 01:00:00,1.0526,1.0559,1.05207,1.05436,66135.71,1.0543
2013-11-25 01:00:00,1.05487,1.0584,1.05261,1.05261,61807.93,1.05255
2013-11-24 01:00:00,1.05339,1.05502,1.05242,1.05486,2688.23,1.05478
2013-11-23 01:00:00,1.05192,1.05192,1.05192,1.05192,0.0,1.05154
2013-11-22 01:00:00,1.05201,1.057,1.05148,1.05192,70892.46,1.05154
2013-11-21 01:00:00,1.04578,1.05275,1.04563,1.05201,85063.37,1.05194
2013-11-20 01:00:00,1.04568,1.0475,1.04367,1.04577,79165.05,1.04569
2013-11-19 01:00:00,1.04336,1.0486,1.0416,1.04566,62867.5,1.04558
2013-11-18 01:00:00,1.044,1.04427,1.04154,1.04334,54445.72,1.04326
2013-11-17 01:00:00,1.04401,1.04403,1.04381,1.04401,1928.77,1.04394
2013-11-16 01:00:00,1.04399,1.04399,1.04399,1.04399,0.0,1.04388
2013-11-15 01:00:00,1.04708,1.04851,1.04387,1.04399,49787.45,1.04388
2013-11-14 01:00:00,1.04503,1.05264,1.04407,1.04708,79143.52,1.04702
2013-11-13 01:00:00,1.04935,1.0497,1.04464,1.04502,61056.31,1.04494
2013-11-12 01:00:00,1.04714,1.0509,1.04644,1.04935,70395.44,1.04928
2013-11-11 01:00:00,1.04853,1.04856,1.04659,1.04713,41665.73,1.04706
2013-11-10 01:00:00,1.04852,1.04878,1.04828,1.04854,2150.52,1.04848
2013-11-09 01:00:00,1.0479,1.0479,1.0479,1.0479,0.0,1.04777
2013-11-08 01:00:00,1.04542,1.05035,1.04464,1.0479,60293.06,1.04777
2013-11-07 01:00:00,1.04207,1.0464,1.0406,1.04543,68194.38,1.04538
2013-11-06 01:00:00,1.04519,1.04596,1.04124,1.04207,60996.24,1.04202
2013-11-05 01:00:00,1.04225,1.04623,1.04175,1.04518,55872.98,1.0451
2013-10-26 02:00:00,1.04522,1.04522,1.04522,1.04522,0.0,1.04486
2013-10-25 02:00:00,1.04195,1.04612,1.04111,1.04522,49682.38,1.04486
2013-10-24 02:00:00,1.03819,1.04381,1.03668,1.04196,62754.82,1.0419
2013-10-23 02:00:00,1.02924,1.03974,1.02835,1.03819,72940.01,1.03814
2013-10-22 02:00:00,1.03096,1.03106,1.02718,1.02924,45791.06,1.02918
2013-10-21 02:00:00,1.02964,1.03098,1.029,1.03096,35216.94,1.03092
2013-10-20 02:00:00,1.02917,1.02974,1.02912,1.02964,1421.26,1.02957
2013-10-19 02:00:00,1.02891,1.02891,1.02891,1.02891,0.0,1.02861
2013-10-18 02:00:00,1.03011,1.03032,1.0278,1.02891,41296.76,1.02861
2013-10-17 02:00:00,1.03297,1.03323,1.02813,1.03012,57254.95,1.03006
2013-10-16 02:00:00,1.03698,1.03844,1.03261,1.03298,51698.36,1.0329
2013-10-15 02:00:00,1.03521,1.03917,1.03326,1.037,52327.2,1.03694
2013-10-14 02:00:00,1.03659,1.03706,1.03428,1.03521,34837.5,1.03515
2013-10-13 02:00:00,1.03773,1.03773,1.03592,1.03659,2320.89,1.03652
2013-10-12 02:00:00,1.03522,1.03522,1.03522,1.03522,0.0,1.03511
2013-10-11 02:00:00,1.04105,1.0413,1.03409,1.03522,51899.66,1.03511
2013-10-10 02:00:00,1.03939,1.04202,1.03724,1.04103,54107.5,1.04098
2013-10-09 02:00:00,1.03569,1.04077,1.03569,1.03938,57119.24,1.03932
2013-10-08 02:00:00,1.03149,1.03742,1.03078,1.03569,55968.37,1.03565
2013-10-07 02:00:00,1.03002,1.03342,1.02974,1.0315,42036.39,1.03143
2013-10-06 02:00:00,1.03011,1.03048,1.02952,1.03,2585.95,1.02995
2013-10-05 02:00:00,1.02971,1.02971,1.02971,1.02971,0.0,1.02946
2013-10-04 02:00:00,1.03288,1.03409,1.02907,1.02971,40072.18,1.02946
2013-10-03 02:00:00,1.03266,1.03402,1.03133,1.03288,48288.17,1.03282
2013-10-02 02:00:00,1.03388,1.03571,1.03244,1.03266,55098.05,1.03259
2013-10-01 02:00:00,1.03236,1.0342,1.02884,1.03388,54344.38,1.03382
2013-09-30 02:00:00,1.03143,1.03259,1.02757,1.03236,54366.02,1.0323
2013-09-29 02:00:00,1.0319,1.03206,1.03121,1.03143,2180.23,1.03137
2013-09-28 02:00:00,1.03075,1.03075,1.03075,1.03075,0.0,1.03045
2013-09-27 02:00:00,1.03121,1.03326,1.02988,1.03075,40324.34,1.03045
2013-09-26 02:00:00,1.03224,1.03409,1.03035,1.03123,44993.62,1.03118
2013-09-25 02:00:00,1.0308,1.03226,1.02868,1.03221,50453.07,1.03216
2013-09-24 02:00:00,1.02861,1.03111,1.02715,1.0308,43279.07,1.03074
2013-09-23 02:00:00,1.02999,1.03066,1.02752,1.02859,44821.92,1.02855
2013-09-22 02:00:00,1.03119,1.03132,1.02993,1.02996,2529.17,1.0299
2013-09-21 02:00:00,1.0307,1.0307,1.0307,1.0307,0.0,1.03045
2013-09-20 02:00:00,1.02679,1.03113,1.02639,1.0307,55143.45,1.03045
2013-09-19 02:00:00,1.02235,1.0271,1.01829,1.02678,71938.6,1.02672
2013-09-18 02:00:00,1.02983,1.03188,1.02023,1.02231,76618.61,1.02226
2013-09-17 02:00:00,1.03199,1.03355,1.02753,1.02983,48068.18,1.02976
2013-09-16 02:00:00,1.03135,1.03271,1.02831,1.03198,51713.57,1.03192
2013-09-15 02:00:00,1.0322,1.03263,1.03052,1.03133,4496.77,1.03127
2013-09-14 02:00:00,1.03538,1.03538,1.03538,1.03538,0.0,1.03512
2013-09-13 02:00:00,1.03243,1.03571,1.03234,1.03538,50261.23,1.03512
2013-09-12 02:00:00,1.03111,1.0337,1.03066,1.03243,57392.87,1.03239
2013-09-11 02:00:00,1.03548,1.03656,1.03102,1.03111,56941.82,1.03105
2013-09-10 02:00:00,1.03732,1.03802,1.03312,1.03548,66159.07,1.03542
2013-09-09 02:00:00,1.04146,1.04147,1.03602,1.03732,46494.84,1.03727
2013-09-08 02:00:00,1.04153,1.04245,1.04026,1.04143,3229.41,1.04138
2013-09-07 02:00:00,1.04088,1.04088,1.04088,1.04088,0.0,1.04064
2013-09-06 02:00:00,1.05008,1.05019,1.03819,1.04088,64310.65,1.04064
2013-09-05 02:00:00,1.04981,1.05166,1.04768,1.05007,59499.01,1.05
2013-09-04 02:00:00,1.05365,1.05432,1.04762,1.04981,61820.6,1.04976
2013-09-03 02:00:00,1.05535,1.05605,1.05098,1.05365,65363.91,1.05358
2013-09-02 02:00:00,1.05378,1.05584,1.05171,1.05535,41540.09,1.0553
2013-09-01 02:00:00,1.05326,1.05415,1.0527,1.05376,4123.42,1.0537
2013-08-31 02:00:00,1.05381,1.05381,1.05381,1.05381,0.0,1.05375
2013-08-30 02:00:00,1.05406,1.05582,1.05098,1.05381,72011.21,1.05375
2013-08-29 02:00:00,1.04946,1.0542,1.04806,1.05406,72640.23,1.05399
2013-08-28 02:00:00,1.04935,1.05118,1.04749,1.04946,81739.68,1.0494
2013-08-27 02:00:00,1.05022,1.05407,1.04726,1.04935,73929.93,1.04929
2013-08-26 02:00:00,1.05054,1.0534,1.04981,1.05021,48400.55,1.05014
2013-08-25 02:00:00,1.05141,1.05186,1.05049,1.05054,3486.15,1.05048
2013-08-24 02:00:00,1.04968,1.04968,1.04968,1.04968,0.0,1.04963
2013-08-23 02:00:00,1.05181,1.05686,1.04967,1.04968,78003.2,1.04963
2013-08-22 02:00:00,1.04857,1.05308,1.04713,1.0518,82932.68,1.05174
2013-08-21 02:00:00,1.03971,1.0487,1.03968,1.04857,94647.44,1.04853
2013-08-20 02:00:00,1.03471,1.04018,1.0344,1.03971,83405.5,1.03964
2013-08-19 02:00:00,1.03345,1.03492,1.03164,1.03471,63006.26,1.03464
2013-08-18 02:00:00,1.0345,1.03456,1.03327,1.03345,3422.37,1.03339
2013-08-17 02:00:00,1.03398,1.03398,1.03398,1.03398,0.0,1.03368
2013-08-16 02:00:00,1.03031,1.03605,1.02945,1.03398,68857.23,1.03368
2013-08-15 02:00:00,1.03327,1.03647,1.03006,1.03031,89041.35,1.03026
2013-08-14 02:00:00,1.03469,1.03702,1.03191,1.03328,67195.73,1.0332
2013-08-13 02:00:00,1.03137,1.0349,1.03043,1.03469,68332.14,1.03463
2013-08-12 02:00:00,1.0287,1.03172,1.02817,1.03139,55620.35,1.03132
2013-08-11 02:00:00,1.03036,1.03043,1.02811,1.0287,3711.33,1.02864
2013-08-10 02:00:00,1.02916,1.02916,1.02916,1.02916,0.0,1.02887
2013-08-09 02:00:00,1.03298,1.03536,1.02756,1.02916,69607.15,1.02887
2013-08-08 02:00:00,1.04223,1.04321,1.03049,1.033,81911.51,1.03292
2013-08-07 02:00:00,1.03756,1.0446,1.0375,1.04219,88087.17,1.04215
2013-08-06 02:00:00,1.03591,1.03913,1.0349,1.03756,74530.85,1.03749
2013-08-05 02:00:00,1.03894,1.04042,1.03588,1.0359,65519.3,1.03584
2013-08-04 02:00:00,1.03974,1.03994,1.03854,1.03894,4266.82,1.03888
2013-08-03 02:00:00,1.03947,1.03947,1.03947,1.03947,0.0,1.03908
2013-08-02 02:00:00,1.03477,1.04032,1.03399,1.03947,84197.07,1.03908
2013-08-01 02:00:00,1.02847,1.0352,1.02666,1.03477,88743.35,1.0347
2013-07-31 02:00:00,1.03009,1.03363,1.02466,1.0284,186569.4,1.02834
2013-07-30 02:00:00,1.0263,1.03108,1.02589,1.03004,156131.49,1.02998
2013-07-29 02:00:00,1.02707,1.02839,1.02535,1.02629,148384.4,1.02622
2013-07-28 02:00:00,1.0288,1.02899,1.02678,1.02706,2700.14,1.02699
2013-07-27 02:00:00,1.02791,1.02791,1.02791,1.02791,0.0,1.02783
2013-07-26 02:00:00,1.02882,1.03032,1.02628,1.02791,68702.24,1.02783
2013-07-25 02:00:00,1.03193,1.03194,1.02559,1.02882,89054.19,1.02875
2013-07-24 02:00:00,1.02928,1.0326,1.02634,1.03193,95639.61,1.03186
2013-07-23 02:00:00,1.03377,1.03497,1.0278,1.02927,83407.15,1.02916
2013-07-22 02:00:00,1.03557,1.03645,1.03222,1.03378,75583.81,1.03372
2013-07-21 02:00:00,1.03677,1.03704,1.03559,1.03559,2652.67,1.03552
2013-07-20 02:00:00,1.03713,1.03713,1.03713,1.03713,0.0,1.0368
2013-07-19 02:00:00,1.0379,1.0394,1.0356,1.03713,78882.18,1.0368
2013-07-18 02:00:00,1.04058,1.04401,1.0375,1.0379,87331.02,1.03784
2013-07-17 02:00:00,1.03809,1.04396,1.03563,1.04056,102193.22,1.04048
2013-07-16 02:00:00,1.04383,1.04431,1.03642,1.03808,96528.6,1.038
2013-07-15 02:00:00,1.039,1.04421,1.0381,1.04383,79252.99,1.04375
2013-07-14 02:00:00,1.0387,1.03987,1.03866,1.03901,3644.29,1.03892
2013-07-13 02:00:00,1.03992,1.03992,1.03992,1.03992,0.0,1.03966
2013-07-12 02:00:00,1.0378,1.0405,1.03602,1.03992,81201.08,1.03966
2013-07-11 02:00:00,1.04,1.04369,1.03271,1.0378,120748.49,1.03774
2013-07-10 02:00:00,1.05379,1.05412,1.03777,1.04007,110132.18,1.03997
2013-07-09 02:00:00,1.05639,1.05754,1.05143,1.05379,88139.75,1.05372
2013-07-08 02:00:00,1.05798,1.05864,1.05472,1.05642,74969.42,1.05636
2013-07-07 02:00:00,1.05867,1.05868,1.05736,1.05797,3560.12,1.05789
2013-07-06 02:00:00,1.05821,1.05821,1.05821,1.05821,0.0,1.05813
2013-07-05 02:00:00,1.05246,1.061,1.0512,1.05821,95589.57,1.05813
2013-07-04 02:00:00,1.0501,1.05581,1.04723,1.05246,74170.67,1.05238
2013-07-03 02:00:00,1.05516,1.05652,1.04995,1.0501,93418.45,1.05001
2013-07-02 02:00:00,1.05018,1.05787,1.04982,1.05513,100171.72,1.05507
2013-07-01 02:00:00,1.05235,1.05348,1.04879,1.05017,81687.01,1.05009
2013-06-30 02:00:00,1.05343,1.05343,1.0514,1.05235,3738.81,1.05226
2013-06-29 02:00:00,1.05212,1.05212,1.05212,1.05212,0.0,1.05179
2013-06-28 02:00:00,1.04881,1.0554,1.04549,1.05212,113887.07,1.05179
2013-06-27 02:00:00,1.04701,1.0505,1.04248,1.04882,99390.0,1.04874
2013-06-26 02:00:00,1.05255,1.05281,1.04584,1.04707,114162.49,1.04699
2013-06-25 02:00:00,1.05004,1.05482,1.04581,1.05255,117443.12,1.05248
2013-06-24 02:00:00,1.04814,1.0557,1.04709,1.05005,122672.21,1.04996
2013-06-23 02:00:00,1.04829,1.04851,1.04736,1.04814,4750.64,1.04805
2013-06-22 02:00:00,1.04588,1.04588,1.04588,1.04588,0.0,1.04552
2013-06-21 02:00:00,1.03814,1.04893,1.03636,1.04588,107701.98,1.04552
2013-06-20 02:00:00,1.02832,1.03945,1.02722,1.03815,135481.18,1.03808
2013-06-19 02:00:00,1.02239,1.02875,1.01749,1.02832,96592.4,1.02823
2013-06-18 02:00:00,1.01879,1.02251,1.01775,1.02239,75730.72,1.02232
2013-06-17 02:00:00,1.01616,1.0206,1.01505,1.01886,67148.88,1.01879
2013-06-16 02:00:00,1.01758,1.01788,1.01596,1.01612,4213.4,1.01605
2013-06-15 02:00:00,1.01741,1.01741,1.01741,1.01741,0.0,1.01705
2013-06-14 02:00:00,1.01683,1.01875,1.01379,1.01741,87796.57,1.01705
2013-06-13 02:00:00,1.02072,1.02268,1.01485,1.01683,115003.21,1.01674
2013-06-12 02:00:00,1.0191,1.0218,1.01561,1.02071,106100.86,1.02062
2013-06-11 02:00:00,1.02,1.02519,1.0176,1.0191,128072.05,1.01903
2013-06-10 02:00:00,1.02101,1.0216,1.01687,1.02,103862.62,1.01994
2013-06-09 02:00:00,1.02214,1.02258,1.02086,1.02101,4987.74,1.02094
2013-06-08 02:00:00,1.01977,1.01977,1.01977,1.01977,0.0,1.01971
2013-06-07 02:00:00,1.02767,1.02886,1.01678,1.01977,117597.65,1.01971
2013-06-06 02:00:00,1.03472,1.03682,1.01987,1.02768,132149.33,1.02759
2013-06-05 02:00:00,1.03513,1.03807,1.03282,1.03471,119639.86,1.03464
2013-06-04 02:00:00,1.02857,1.03622,1.02785,1.03512,104760.79,1.03505
2013-06-03 02:00:00,1.03607,1.03758,1.02624,1.02856,109558.65,1.02848
2013-06-02 02:00:00,1.03763,1.03763,1.03591,1.03608,3985.14,1.036
2013-06-01 02:00:00,1.03742,1.03742,1.03742,1.03742,0.0,1.03736
2013-05-31 02:00:00,1.03041,1.03818,1.02996,1.03742,105904.45,1.03736
2013-05-30 02:00:00,1.03498,1.03888,1.02965,1.03041,114011.91,1.03032
2013-05-29 02:00:00,1.04089,1.04214,1.03446,1.03502,108728.59,1.03494
2013-05-28 02:00:00,1.03453,1.04153,1.03253,1.0409,93111.38,1.04084
2013-05-27 02:00:00,1.03215,1.0346,1.03141,1.03454,43524.0,1.03444
2013-05-26 02:00:00,1.03098,1.03218,1.03095,1.03212,4577.93,1.03204
2013-05-25 02:00:00,1.0322,1.0322,1.0322,1.0322,0.0,1.03185
2013-05-24 02:00:00,1.03208,1.03562,1.03136,1.0322,79378.33,1.03185
2013-05-23 02:00:00,1.03773,1.03941,1.02868,1.03208,121202.33,1.03202
2013-05-22 02:00:00,1.02648,1.03884,1.02518,1.03776,124643.14,1.03768
2013-05-21 02:00:00,1.02459,1.03219,1.02437,1.02648,95004.25,1.0264
2013-05-20 02:00:00,1.02838,1.02965,1.02178,1.02459,82780.14,1.02451
2013-05-19 02:00:00,1.02853,1.02875,1.02743,1.02837,3488.34,1.02833
2013-05-18 02:00:00,1.02829,1.02829,1.02829,1.02829,0.0,1.0281
2013-05-17 02:00:00,1.01873,1.03135,1.01856,1.02829,91160.67,1.0281
2013-05-16 02:00:00,1.01575,1.0208,1.01497,1.01873,86179.4,1.01866
2013-05-15 02:00:00,1.01843,1.02198,1.01527,1.01573,92866.4,1.01565
2013-05-14 02:00:00,1.01037,1.01877,1.00907,1.01843,91100.61,1.01836
2013-05-13 02:00:00,1.01229,1.0134,1.0083,1.01038,76913.4,1.0103
2013-05-12 02:00:00,1.01247,1.01247,1.01076,1.01229,4676.4,1.01222
2013-05-11 02:00:00,1.0103,1.0103,1.0103,1.0103,0.0,1.01004
2013-05-10 02:00:00,1.00726,1.01532,1.00645,1.0103,93231.45,1.01004
2013-05-09 02:00:00,1.00292,1.00904,1.00144,1.00728,80869.91,1.00722
2013-05-08 02:00:00,1.00538,1.00593,1.00184,1.00288,63481.49,1.00282
2013-05-07 02:00:00,1.00701,1.00835,1.00373,1.00538,69363.52,1.00531
2013-05-06 02:00:00,1.00842,1.00968,1.00654,1.00701,51175.27,1.00693
2013-05-05 02:00:00,1.00796,1.00848,1.00737,1.00843,2483.36,1.00835
2013-05-04 02:00:00,1.00809,1.00809,1.00809,1.00809,0.0,1.00804
2013-05-03 02:00:00,1.01105,1.01327,1.00772,1.00809,69942.13,1.00804
2013-05-02 02:00:00,1.00754,1.01116,1.00602,1.01105,77119.59,1.01096
2013-05-01 02:00:00,1.00691,1.01006,1.00521,1.00752,65739.73,1.00744
2013-04-30 02:00:00,1.01202,1.01242,1.00559,1.00691,75232.12,1.00682
2013-04-29 02:00:00,1.01658,1.01699,1.01086,1.01205,66219.01,1.01197
2013-04-28 02:00:00,1.01733,1.01751,1.0165,1.01657,2974.51,1.01648
2013-04-27 02:00:00,1.01671,1.01671,1.01671,1.01671,0.0,1.01649
2013-04-26 02:00:00,1.02042,1.02153,1.01583,1.01671,78511.11,1.01649
2013-04-25 02:00:00,1.02539,1.02563,1.01863,1.02042,82975.77,1.02034
2013-04-24 02:00:00,1.02716,1.02792,1.02475,1.0254,82576.9,1.02532
2013-04-23 02:00:00,1.02576,1.02857,1.02514,1.02716,93534.99,1.02708
2013-04-22 02:00:00,1.02588,1.02863,1.02489,1.02576,90874.69,1.02569
2013-04-21 02:00:00,1.02605,1.02619,1.02549,1.02588,4223.57,1.02579
2013-04-20 02:00:00,1.02669,1.02669,1.02669,1.02669,0.0,1.02655
2013-04-19 02:00:00,1.02582,1.02707,1.0233,1.02669,76664.2,1.02655
2013-04-18 02:00:00,1.02639,1.02783,1.02312,1.0258,105683.03,1.02572
2013-04-17 02:00:00,1.02199,1.02948,1.02176,1.02639,109503.97,1.02631
2013-04-16 02:00:00,1.02325,1.0258,1.0204,1.02203,102761.59,1.02195
2013-04-15 02:00:00,1.01491,1.02601,1.01347,1.02325,114363.92,1.02316
2013-04-14 02:00:00,1.01459,1.01505,1.01392,1.0149,2813.5,1.01482
2013-04-13 02:00:00,1.01364,1.01364,1.01364,1.01364,0.0,1.01358
2013-04-12 02:00:00,1.01032,1.0146,1.00952,1.01364,64041.61,1.01358
2013-04-11 02:00:00,1.01505,1.01578,1.00841,1.01032,72491.46,1.01025
2013-04-10 02:00:00,1.01613,1.01688,1.01402,1.01507,65587.17,1.01498
2013-04-09 02:00:00,1.01685,1.01764,1.01349,1.01613,72673.03,1.01605
2013-04-08 02:00:00,1.0172,1.02148,1.01572,1.01685,70001.61,1.01676
2013-04-07 02:00:00,1.01861,1.01861,1.01665,1.01722,5672.02,1.01711
2013-04-06 02:00:00,1.01796,1.01796,1.01796,1.01796,0.0,1.01772
2013-04-05 02:00:00,1.01321,1.02365,1.01274,1.01796,83735.09,1.01772
2013-04-04 02:00:00,1.01436,1.01672,1.01058,1.01322,82360.68,1.01314
2013-04-03 02:00:00,1.01437,1.01562,1.01259,1.01437,63741.74,1.01427
2013-04-02 02:00:00,1.01681,1.01681,1.01257,1.01437,65314.87,1.01429
2013-04-01 02:00:00,1.0173,1.01836,1.01614,1.01681,41168.6,1.01672
2013-03-31 01:00:00,1.01795,1.01831,1.01684,1.0173,3296.31,1.01722
2013-03-30 01:00:00,1.018,1.018,1.018,1.018,0.0,1.01745
2013-03-29 01:00:00,1.01611,1.01825,1.01588,1.018,26710.6,1.01745
2013-03-28 01:00:00,1.01642,1.0175,1.01467,1.0161,72290.18,1.01599
2013-03-27 01:00:00,1.01678,1.01961,1.01508,1.01641,71959.02,1.01634
2013-03-26 01:00:00,1.0217,1.0217,1.01601,1.01681,72166.52,1.01673
2013-03-25 01:00:00,1.02248,1.02331,1.01887,1.02171,82931.92,1.02162
2013-03-24 01:00:00,1.02358,1.02374,1.0223,1.02249,3489.41,1.02241
2013-03-23 01:00:00,1.02333,1.02333,1.02333,1.02333,0.0,1.02317
2013-03-22 01:00:00,1.02456,1.02651,1.02214,1.02333,64817.79,1.02317
2013-03-21 01:00:00,1.02581,1.02589,1.02018,1.02455,80949.24,1.02448
2013-03-20 01:00:00,1.02709,1.02767,1.02392,1.02582,78596.8,1.02574
2013-03-19 01:00:00,1.02252,1.02849,1.02165,1.0271,77327.95,1.02702
2013-03-18 01:00:00,1.02353,1.02512,1.02047,1.02255,74856.89,1.02246
2013-03-17 01:00:00,1.02246,1.02355,1.02186,1.02352,6933.17,1.02343
2013-03-16 01:00:00,1.01964,1.01964,1.01964,1.01964,0.0,1.01945
2013-03-15 01:00:00,1.02222,1.0232,1.01815,1.01964,74227.95,1.01945
2013-03-14 01:00:00,1.02803,1.02841,1.02128,1.02221,81826.51,1.02213
2013-03-13 01:00:00,1.02615,1.0296,1.0247,1.02803,74063.28,1.02796
2013-03-12 01:00:00,1.02675,1.02843,1.02499,1.02615,69827.74,1.02608
2013-03-11 01:00:00,1.02851,1.02951,1.02558,1.02675,62860.01,1.02666
2013-03-10 01:00:00,1.02919,1.02952,1.02797,1.02851,3767.03,1.02842
2013-03-09 01:00:00,1.02857,1.02857,1.02857,1.02857,0.0,1.02835
2013-03-08 01:00:00,1.02965,1.03154,1.02349,1.02857,73771.25,1.02835
2013-03-07 01:00:00,1.0325,1.03306,1.02859,1.02965,68737.86,1.02956
2013-03-06 01:00:00,1.02686,1.0338,1.02559,1.0325,75927.48,1.03242
2013-03-05 01:00:00,1.02679,1.02943,1.0257,1.02689,67831.09,1.0268
2013-03-04 01:00:00,1.02734,1.03104,1.02675,1.02678,71255.38,1.02669
2013-03-03 01:00:00,1.0277,1.028,1.02706,1.02732,2193.95,1.02726
2013-03-02 01:00:00,1.02696,1.02696,1.02696,1.02696,0.0,1.02679
2013-03-01 01:00:00,1.03082,1.03431,1.02631,1.02696,81370.84,1.02679
2013-02-28 01:00:00,1.02349,1.03142,1.02175,1.03084,78597.37,1.03076
2013-02-27 01:00:00,1.02579,1.02778,1.02289,1.02349,80957.65,1.02342
2013-02-26 01:00:00,1.02496,1.03046,1.02487,1.02621,33842.18,1.02618
2013-02-25 01:00:00,1.02244,1.02776,1.0223,1.02629,52953.33,1.02616
2013-02-24 01:00:00,1.02257,1.02412,1.02209,1.02244,4818.73,1.02237
2013-02-23 01:00:00,1.0216,1.0216,1.0216,1.0216,0.0,1.02138
2013-02-22 01:00:00,1.01783,1.02571,1.01603,1.0216,81473.61,1.02138
2013-02-21 01:00:00,1.01739,1.02082,1.01669,1.01782,78898.62,1.01775
2013-02-20 01:00:00,1.01198,1.01863,1.01107,1.01739,76559.44,1.01732
2013-02-19 01:00:00,1.01071,1.01383,1.0103,1.01197,66761.57,1.0119
2013-02-18 01:00:00,1.00766,1.01222,1.00583,1.01071,49494.65,1.01064
2013-02-17 01:00:00,1.0074,1.00818,1.00671,1.00764,3264.77,1.00757
2013-02-16 01:00:00,1.00655,1.00655,1.00655,1.00655,0.0,1.00634
2013-02-15 01:00:00,1.00114,1.00829,1.0003,1.00655,67226.02,1.00634
2013-02-14 01:00:00,1.00167,1.0025,1.00003,1.00114,62468.6,1.00106
2013-02-13 01:00:00,1.00183,1.00446,1.00135,1.00167,57101.83,1.00159
2013-02-12 01:00:00,1.00554,1.00878,1.00151,1.00181,68529.67,1.0017
2013-02-11 01:00:00,1.00384,1.00843,1.00339,1.00553,62420.42,1.00543
2013-02-10 01:00:00,1.0031,1.00384,1.00287,1.00384,3668.62,1.00376
2013-02-09 01:00:00,1.0022,1.0022,1.0022,1.0022,0.0,1.00198
2013-02-08 01:00:00,0.99804,1.0036,0.99716,1.0022,67045.07,1.00198
2013-02-07 01:00:00,0.99579,0.99953,0.99337,0.99802,70887.09,0.99796
2013-02-06 01:00:00,0.99561,0.99893,0.99523,0.9958,72167.06,0.99573
2013-02-05 01:00:00,0.99786,0.99952,0.99503,0.99561,71306.32,0.99553
2013-02-04 01:00:00,0.99711,0.99939,0.99487,0.99785,65425.56,0.99778
2013-02-03 01:00:00,0.99688,0.99711,0.9966,0.99711,1914.21,0.99704
2013-02-02 01:00:00,0.99663,0.99663,0.99663,0.99663,0.0,0.99653
2013-02-01 01:00:00,0.99703,1.00054,0.9966,0.99663,73013.07,0.99653
2013-01-31 01:00:00,1.0024,1.00352,0.99583,0.99703,73111.57,0.99694
2013-01-30 01:00:00,1.00145,1.00538,1.00094,1.00244,77696.34,1.00235
2013-01-29 01:00:00,1.00613,1.0067,1.00088,1.00144,73000.95,1.00138
2013-01-28 01:00:00,1.00822,1.01008,1.00585,1.00613,68665.48,1.00606
2013-01-27 01:00:00,1.00667,1.00822,1.00664,1.00822,2616.03,1.00815
2013-01-26 01:00:00,1.00589,1.00589,1.00589,1.00589,0.0,1.00578
2013-01-25 01:00:00,1.00264,1.01006,1.00232,1.00589,82086.59,1.00578
2013-01-24 01:00:00,0.99996,1.00367,0.99914,1.00262,89379.23,1.00254
2013-01-23 01:00:00,0.99206,1.0005,0.99042,0.99996,84317.83,0.99988
2013-01-22 01:00:00,0.99301,0.99465,0.99099,0.99204,82178.43,0.99198
2013-01-21 01:00:00,0.99223,0.99395,0.99108,0.993,52392.56,0.99293
2013-01-20 01:00:00,0.99236,0.99254,0.99198,0.99224,2002.54,0.99218
2013-01-19 01:00:00,0.99185,0.99185,0.99185,0.99185,0.0,0.99174
2013-01-18 01:00:00,0.98607,0.99473,0.98554,0.99185,80572.41,0.99174
2013-01-17 01:00:00,0.9863,0.98865,0.98441,0.98606,69904.51,0.98598
2013-01-16 01:00:00,0.98408,0.98781,0.98387,0.9863,72470.17,0.98622
2013-01-15 01:00:00,0.98371,0.98671,0.98327,0.98404,76266.71,0.98396
2013-01-14 01:00:00,0.98458,0.98668,0.98326,0.98374,68306.18,0.98367
2013-01-13 01:00:00,0.98507,0.98507,0.9842,0.98462,1836.45,0.98453
2013-01-12 01:00:00,0.98488,0.98488,0.98488,0.98488,0.0,0.98479
2013-01-11 01:00:00,0.9834,0.98552,0.98164,0.98488,73265.5,0.98479
2013-01-10 01:00:00,0.98782,0.98814,0.98296,0.98338,78975.19,0.98331
2013-01-09 01:00:00,0.98669,0.98813,0.9856,0.98782,66164.3,0.98775
2013-01-08 01:00:00,0.98597,0.98833,0.9844,0.9867,64831.74,0.98662
2013-01-07 01:00:00,0.98626,0.98858,0.98544,0.98598,60751.73,0.98589
2013-01-06 01:00:00,0.98706,0.98708,0.98612,0.98626,2340.42,0.9862
2013-01-05 01:00:00,0.98727,0.98727,0.98727,0.98727,0.0,0.98715
2013-01-04 01:00:00,0.98851,0.9924,0.9849,0.98727,73169.11,0.98715
2013-01-03 01:00:00,0.98586,0.98896,0.98435,0.98851,66557.55,0.98843
2013-01-02 01:00:00,0.99435,0.99443,0.98373,0.98585,78688.71,0.98576
2013-01-01 01:00:00,0.99384,0.99458,0.99245,0.99432,1520.81,0.99408
2012-12-31 01:00:00,0.99456,0.9972,0.99135,0.99217,63218.08,0.9919
2012-12-30 01:00:00,0.99686,0.99687,0.99455,0.99457,3611.09,0.99448
2012-12-29 01:00:00,0.9972,0.9972,0.9972,0.9972,0.0,0.99698
2012-12-28 01:00:00,0.9951,0.99735,0.99399,0.9972,60284.76,0.99698
2012-12-27 01:00:00,0.99403,0.99595,0.99095,0.9951,60841.8,0.99501
2012-12-26 01:00:00,0.99146,0.99518,0.99111,0.99402,38659.77,0.99393
2012-12-25 01:00:00,0.99302,0.9937,0.99107,0.99145,7843.15,0.99138
2012-12-24 01:00:00,0.99385,0.99474,0.99083,0.99303,44470.06,0.99283
2012-12-23 01:00:00,0.99381,0.99412,0.9932,0.99388,2047.45,0.99378
2012-12-22 01:00:00,0.99335,0.99335,0.99335,0.99335,0.0,0.99321
2012-12-21 01:00:00,0.98779,0.99537,0.98763,0.99335,74172.24,0.99321
2012-12-20 01:00:00,0.98897,0.98971,0.98703,0.98779,66604.4,0.98771
2012-12-19 01:00:00,0.9863,0.98929,0.98503,0.98897,64445.08,0.98889
2012-12-18 01:00:00,0.98392,0.9865,0.98318,0.9863,55427.88,0.98623
2012-12-17 01:00:00,0.98589,0.98825,0.9834,0.98391,63892.0,0.98385
2012-12-16 01:00:00,0.98646,0.98681,0.98528,0.98588,2402.29,0.9858
2012-12-15 01:00:00,0.98566,0.98566,0.98566,0.98566,0.0,0.98558
2012-12-14 01:00:00,0.98442,0.98663,0.98331,0.98566,66231.11,0.98558
2012-12-13 01:00:00,0.98487,0.98565,0.98259,0.9844,68152.63,0.98434
2012-12-12 01:00:00,0.98616,0.98666,0.98271,0.98488,69537.45,0.9848
2012-12-11 01:00:00,0.98664,0.98809,0.98582,0.98616,68244.46,0.9861
2012-12-10 01:00:00,0.98698,0.9889,0.98633,0.98664,69168.32,0.98656
2012-12-09 01:00:00,0.98801,0.98801,0.98665,0.98698,3919.41,0.98694
2012-12-08 01:00:00,0.98862,0.98862,0.98862,0.98862,0.0,0.98843
2012-12-07 01:00:00,0.99155,0.99343,0.98773,0.98862,73043.38,0.98843
2012-12-06 01:00:00,0.99204,0.99274,0.9893,0.99154,80325.03,0.99148
2012-12-05 01:00:00,0.99338,0.99422,0.99089,0.99204,81295.8,0.99196
2012-12-04 01:00:00,0.99449,0.99551,0.99158,0.99339,73399.31,0.99331
2012-12-03 01:00:00,0.99394,0.99539,0.99154,0.99448,71147.44,0.99441
2012-12-02 01:00:00,0.99376,0.9944,0.99341,0.99392,2229.58,0.99385
2012-12-01 01:00:00,0.99447,0.99447,0.99447,0.99447,0.0,0.99431
2012-11-30 01:00:00,0.99311,0.99536,0.99224,0.99447,74269.46,0.99431
2012-11-29 01:00:00,0.99216,0.99398,0.99129,0.9931,75251.96,0.99303
2012-11-28 01:00:00,0.99444,0.99617,0.99187,0.99217,82927.44,0.99209
2012-11-27 01:00:00,0.99301,0.99491,0.99068,0.99444,72821.14,0.99437
2012-11-26 01:00:00,0.99332,0.9961,0.99184,0.99301,69410.86,0.99294
2012-11-25 01:00:00,0.99269,0.99386,0.99225,0.99332,2520.25,0.99328
2012-11-24 01:00:00,0.99294,0.99294,0.99294,0.99294,0.0,0.99284
2012-11-23 01:00:00,0.9978,0.99826,0.99161,0.99294,62973.12,0.99284
2012-11-22 01:00:00,0.9961,0.9983,0.99534,0.99781,46974.77,0.99774
2012-11-21 01:00:00,0.99677,0.9993,0.99588,0.99609,78562.21,0.99602
2012-11-20 01:00:00,0.99704,0.99916,0.99565,0.99677,76316.41,0.99669
2012-11-19 01:00:00,1.00034,1.00186,0.99553,0.99705,77456.1,0.99697
2012-11-18 01:00:00,1.0009,1.00167,1.00022,1.00034,3298.92,1.00026
2012-11-17 01:00:00,1.0013,1.0013,1.0013,1.0013,0.0,1.00119
2012-11-16 01:00:00,1.00073,1.00577,0.99976,1.0013,86675.75,1.00119
2012-11-15 01:00:00,1.00404,1.00426,1.00034,1.00077,86408.01,1.00069
2012-11-14 01:00:00,1.00181,1.00423,0.9999,1.00403,84617.36,1.00396
2012-11-13 01:00:00,1.00015,1.00362,0.9992,1.00181,88736.6,1.00173
2012-11-12 01:00:00,1.00023,1.00072,0.99857,1.00014,75312.68,1.00006
2012-11-11 01:00:00,1.00045,1.00064,1.00009,1.00023,2007.92,1.00015
2012-11-10 01:00:00,1.00175,1.00175,1.00175,1.00175,0.0,1.00162
2012-11-09 01:00:00,1.00048,1.00344,0.99838,1.00175,108423.41,1.00162
2012-11-08 01:00:00,0.9967,1.0008,0.99483,1.00049,129659.44,1.00041
2012-11-07 01:00:00,0.99214,0.99838,0.98753,0.9967,157822.35,0.99662
2012-11-06 01:00:00,0.99604,0.99686,0.9912,0.99214,104116.37,0.99207
2012-11-05 01:00:00,0.9959,0.99779,0.99415,0.99604,100050.4,0.99597
2012-11-04 01:00:00,0.99608,0.99611,0.99539,0.9959,2600.8,0.99582
2012-10-27 02:00:00,0.99709,0.99709,0.99709,0.99709,0.0,0.99702
2012-10-26 02:00:00,0.99501,0.9995,0.9943,0.99709,118628.85,0.99702
2012-10-25 02:00:00,0.99444,0.99555,0.99031,0.99501,119330.37,0.99493
2012-10-24 02:00:00,0.9928,0.99588,0.98896,0.99442,125582.09,0.99435
2012-10-23 02:00:00,0.99229,0.99768,0.99015,0.9928,121873.83,0.99273
2012-10-22 02:00:00,0.99446,0.9965,0.99179,0.99227,110406.42,0.9922
2012-10-21 02:00:00,0.99439,0.9951,0.99399,0.99446,6415.01,0.99439
2012-10-20 02:00:00,0.99389,0.99389,0.99389,0.99389,0.0,0.9936
2012-10-19 02:00:00,0.98492,0.99403,0.98464,0.99389,112080.82,0.9936
2012-10-18 02:00:00,0.9785,0.98601,0.97651,0.98492,109525.46,0.98485
2012-10-17 02:00:00,0.986,0.98721,0.97731,0.97849,118036.18,0.97844
2012-10-16 02:00:00,0.98114,0.98792,0.98032,0.986,126099.04,0.98592
2012-10-15 02:00:00,0.98068,0.98196,0.977,0.98112,106897.37,0.98107
2012-10-14 02:00:00,0.97931,0.98078,0.97824,0.98067,5418.68,0.98062
2012-10-13 02:00:00,0.98041,0.98041,0.98041,0.98041,0.0,0.9802
2012-10-12 02:00:00,0.97862,0.98096,0.97688,0.98041,106286.19,0.9802
2012-10-11 02:00:00,0.98212,0.98355,0.97641,0.97863,117593.18,0.97856
2012-10-10 02:00:00,0.9795,0.9832,0.97691,0.98213,124027.71,0.98207
2012-10-09 02:00:00,0.97626,0.98087,0.97451,0.9795,126074.39,0.97943
2012-10-08 02:00:00,0.97745,0.98012,0.97521,0.97626,102024.72,0.9762
2012-10-07 02:00:00,0.97799,0.97878,0.97742,0.97746,8052.11,0.9774
2012-10-06 02:00:00,0.97884,0.97884,0.97884,0.97884,0.0,0.97865
2012-10-05 02:00:00,0.98113,0.98129,0.97362,0.97884,98472.22,0.97865
2012-10-04 02:00:00,0.98681,0.98779,0.98009,0.98113,123331.74,0.98106
2012-10-03 02:00:00,0.98431,0.98853,0.98417,0.98679,119812.65,0.98673
2012-10-02 02:00:00,0.98201,0.98451,0.98127,0.98432,110151.43,0.98426
2012-10-01 02:00:00,0.98442,0.98545,0.97988,0.982,115327.32,0.98194
2012-09-30 02:00:00,0.98417,0.98537,0.98357,0.98442,8022.5,0.98437
2012-09-29 02:00:00,0.98393,0.98393,0.98393,0.98393,0.0,0.98375
2012-09-28 02:00:00,0.98089,0.98527,0.9782,0.98393,102967.41,0.98375
2012-09-27 02:00:00,0.98449,0.98547,0.97922,0.98091,103728.92,0.98085
2012-09-26 02:00:00,0.98113,0.98608,0.98012,0.98449,110796.55,0.98442
2012-09-25 02:00:00,0.97834,0.98157,0.97574,0.9811,111775.06,0.98104
2012-09-24 02:00:00,0.9778,0.9819,0.97769,0.97834,91296.36,0.97827
2012-09-23 02:00:00,0.97545,0.97823,0.97545,0.97781,4708.61,0.97774
2012-09-22 02:00:00,0.97685,0.97685,0.97685,0.97685,0.0,0.97648
2012-09-21 02:00:00,0.97633,0.97801,0.97325,0.97685,100735.66,0.97648
2012-09-20 02:00:00,0.97518,0.98173,0.97505,0.97634,112631.02,0.97627
2012-09-19 02:00:00,0.97505,0.9765,0.97265,0.97517,107466.81,0.97511
2012-09-18 02:00:00,0.97472,0.97666,0.97317,0.97507,105756.68,0.97501
2012-09-17 02:00:00,0.97187,0.9761,0.96944,0.97475,97957.14,0.97468
2012-09-16 02:00:00,0.97063,0.97204,0.96973,0.97186,3533.79,0.97179
2012-09-15 02:00:00,0.97178,0.97178,0.97178,0.97178,0.0,0.97142
2012-09-14 02:00:00,0.96856,0.97244,0.96338,0.97178,111763.67,0.97142
2012-09-13 02:00:00,0.97618,0.97747,0.96664,0.96856,117456.65,0.96848
2012-09-12 02:00:00,0.97358,0.97691,0.97158,0.97619,117181.88,0.97612
2012-09-11 02:00:00,0.97701,0.97745,0.97141,0.97358,107435.15,0.97352
2012-09-10 02:00:00,0.97846,0.97894,0.97553,0.97701,94757.11,0.97694
2012-09-09 02:00:00,0.97769,0.97862,0.97727,0.97848,3907.6,0.97839
2012-09-08 02:00:00,0.97877,0.97877,0.97877,0.97877,0.0,0.97853
2012-09-07 02:00:00,0.98303,0.98329,0.97662,0.97877,125386.45,0.97853
2012-09-06 02:00:00,0.99083,0.99153,0.98094,0.98302,155256.15,0.98296
2012-09-05 02:00:00,0.98696,0.99191,0.98582,0.9908,136015.44,0.99074
2012-09-04 02:00:00,0.98631,0.98758,0.98433,0.98696,124646.04,0.9869
2012-09-03 02:00:00,0.98644,0.98788,0.98525,0.98632,86855.99,0.98626
2012-09-02 02:00:00,0.98795,0.98795,0.98593,0.98643,5789.29,0.98635
2012-09-01 02:00:00,0.98604,0.98604,0.98604,0.98604,0.0,0.98598
2012-08-31 02:00:00,0.99299,0.99316,0.98526,0.98604,134090.55,0.98598
2012-08-30 02:00:00,0.98982,0.99324,0.98945,0.99298,117215.69,0.99292
2012-08-29 02:00:00,0.98808,0.98997,0.98669,0.98981,113599.33,0.98974
2012-08-28 02:00:00,0.9906,0.99185,0.98432,0.9881,125264.55,0.98803
2012-08-27 02:00:00,0.9923,0.99262,0.98911,0.99059,70388.56,0.99053
2012-08-26 02:00:00,0.99256,0.99284,0.99103,0.9923,5122.37,0.99222
2012-08-25 02:00:00,0.99261,0.99261,0.99261,0.99261,0.0,0.99234
2012-08-24 02:00:00,0.99404,0.99481,0.99049,0.99261,119713.22,0.99234
2012-08-23 02:00:00,0.99076,0.99494,0.98861,0.99404,134878.55,0.99398
2012-08-22 02:00:00,0.98982,0.99478,0.98977,0.99076,125439.3,0.9907
2012-08-21 02:00:00,0.9888,0.99007,0.98429,0.98982,122677.22,0.98976
2012-08-20 02:00:00,0.98876,0.99023,0.98761,0.9888,103811.58,0.98873
2012-08-19 02:00:00,0.98919,0.98967,0.98794,0.98875,4001.39593,0.98869
2012-08-18 02:00:00,0.98927,0.98927,0.98927,0.98927,0.0,0.9892
2012-08-17 02:00:00,0.98663,0.99017,0.98645,0.98927,111283.42,0.9892
2012-08-16 02:00:00,0.98953,0.99007,0.98608,0.98662,120986.23,0.98656
2012-08-15 02:00:00,0.9922,0.99355,0.98872,0.98953,120387.75,0.98947
2012-08-14 02:00:00,0.99294,0.99419,0.99072,0.99218,146504.68,0.99214
2012-08-13 02:00:00,0.99173,0.99407,0.9906,0.99294,151362.52,0.99287
2012-08-12 02:00:00,0.99136,0.99203,0.99076,0.99173,5108.96,0.99166
2012-08-11 02:00:00,0.99144,0.99144,0.99144,0.99144,0.0,0.99108
2012-08-10 02:00:00,0.99151,0.99711,0.9907,0.99144,146940.82,0.99108
2012-08-09 02:00:00,0.99512,0.99515,0.99092,0.99151,165371.99,0.99145
2012-08-08 02:00:00,0.99756,0.99896,0.99371,0.99511,166804.39,0.99505
2012-08-07 02:00:00,1.00082,1.00127,0.99632,0.99756,159228.77,0.9975
2012-08-06 02:00:00,1.00062,1.00211,0.99841,1.00082,135667.47,1.00076
2012-08-05 02:00:00,1.00143,1.00199,0.99993,1.00064,5584.9,1.00058
2012-08-04 02:00:00,1.0015,1.0015,1.0015,1.0015,0.0,1.00132
2012-08-03 02:00:00,1.00742,1.0077,0.99808,1.0015,162049.7,1.00132
2012-08-02 02:00:00,1.00485,1.00855,1.00031,1.00742,155670.15,1.00735
2012-08-01 02:00:00,1.00354,1.0058,1.00043,1.00485,143693.74,1.00478
2012-07-31 02:00:00,1.00161,1.00437,1.00038,1.00355,143786.55,1.00348
2012-07-30 02:00:00,1.00444,1.0054,1.00141,1.00164,138869.6,1.00157
2012-07-29 02:00:00,1.00473,1.005,1.00362,1.00444,5229.35,1.00437
2012-07-28 02:00:00,1.00348,1.00348,1.00348,1.00348,0.0,1.00318
2012-07-27 02:00:00,1.01017,1.01067,1.00323,1.00348,158215.76,1.00318
2012-07-26 02:00:00,1.016,1.0167,1.00636,1.01018,161606.78837,1.0101
2012-07-25 02:00:00,1.0227,1.02324,1.014,1.01602,159972.25,1.01595
2012-07-24 02:00:00,1.01829,1.02278,1.01586,1.02267,156374.06,1.0226
2012-07-23 02:00:00,1.01443,1.02051,1.0142,1.01829,157647.69,1.01821
2012-07-22 02:00:00,1.01446,1.01478,1.01323,1.01443,6618.07,1.01436
2012-07-21 02:00:00,1.01302,1.01302,1.01302,1.01302,0.0,1.01281
2012-07-20 02:00:00,1.00789,1.01314,1.00697,1.01302,124352.74,1.01281
2012-07-19 02:00:00,1.01013,1.01076,1.00664,1.00789,132090.94,1.00781
2012-07-18 02:00:00,1.01214,1.015,1.00983,1.01013,135581.21,1.01005
2012-07-17 02:00:00,1.01518,1.017,1.01198,1.01212,148035.39,1.01205
2012-07-16 02:00:00,1.01409,1.01738,1.01409,1.0152,132635.98,1.01512
2012-07-15 02:00:00,1.01388,1.01451,1.01315,1.01409,4228.05,1.01402
2012-07-14 02:00:00,1.01423,1.01423,1.01423,1.01423,0.0,1.01401
2012-07-13 02:00:00,1.02018,1.02043,1.01302,1.01423,140214.96,1.01401
2012-07-12 02:00:00,1.01938,1.02503,1.01776,1.02017,159469.81,1.0201
2012-07-11 02:00:00,1.02246,1.02319,1.01737,1.0194,153016.85,1.01933
2012-07-10 02:00:00,1.01945,1.02306,1.01668,1.02246,146223.12,1.02238
2012-07-09 02:00:00,1.01988,1.02214,1.01838,1.01944,131128.17,1.01936
2012-07-08 02:00:00,1.02078,1.02122,1.0189,1.01988,6176.16,1.0198
2012-07-07 02:00:00,1.01989,1.01989,1.01989,1.01989,0.0,1.0196
2012-07-06 02:00:00,1.01448,1.02086,1.0141,1.01989,146116.49,1.0196
2012-07-05 02:00:00,1.01364,1.01579,1.01014,1.01449,160262.38,1.01442
2012-07-04 02:00:00,1.01226,1.0143,1.01217,1.01362,115644.72,1.01355
2012-07-03 02:00:00,1.01723,1.01735,1.01172,1.01225,140045.95,1.01219
2012-07-02 02:00:00,1.01814,1.02022,1.01564,1.01723,155574.46,1.01716
2012-07-01 02:00:00,1.01653,1.01836,1.01618,1.01811,8707.91,1.01805
2012-06-30 02:00:00,1.01671,1.01671,1.01671,1.01671,0.0,1.0165
2012-06-29 02:00:00,1.03373,1.0341,1.01659,1.01671,199427.72,1.0165
2012-06-28 02:00:00,1.02531,1.03633,1.0233,1.03374,188631.14,1.03366
2012-06-27 02:00:00,1.02431,1.02681,1.02385,1.0253,146967.35,1.02522
2012-06-26 02:00:00,1.02896,1.02972,1.02338,1.02431,156331.37,1.02424
2012-06-25 02:00:00,1.02671,1.03185,1.02578,1.02894,137321.55,1.02886
2012-06-24 02:00:00,1.027,1.02769,1.02498,1.0267,7015.89,1.02663
2012-06-23 02:00:00,1.0249,1.0249,1.0249,1.0249,0.0,1.0245
2012-06-22 02:00:00,1.02881,1.03019,1.02426,1.0249,153683.15,1.0245
2012-06-21 02:00:00,1.01979,1.03013,1.01769,1.02881,180459.68,1.02873
2012-06-20 02:00:00,1.01823,1.02327,1.01601,1.01979,165643.3,1.01972
2012-06-19 02:00:00,1.02238,1.02446,1.01675,1.0182,170273.68,1.01813
2012-06-18 02:00:00,1.02069,1.028,1.01933,1.02238,149287.58,1.02231
2012-06-17 02:00:00,1.02124,1.02125,1.01962,1.02069,7348.1,1.02061
2012-06-16 02:00:00,1.02171,1.02171,1.02171,1.02171,0.0,1.02155
2012-06-15 02:00:00,1.02347,1.0257,1.02165,1.02171,113684.78,1.02155
2012-06-14 02:00:00,1.02866,1.0295,1.02234,1.02347,140497.48,1.0234
2012-06-13 02:00:00,1.0267,1.03053,1.02425,1.02865,142949.85043,1.02857
2012-06-12 02:00:00,1.031,1.03178,1.02499,1.0268,150613.41127,1.02675
2012-06-11 02:00:00,1.0218,1.03265,1.0202,1.03104,131220.81944,1.03096
2012-06-10 02:00:00,1.02287,1.02369,1.0216,1.02177,8945.06,1.0217
2012-06-09 02:00:00,1.02617,1.02617,1.02617,1.02617,0.0,1.02576
2012-06-08 02:00:00,1.02741,1.03555,1.02616,1.02617,134755.06,1.02576
2012-06-07 02:00:00,1.02854,1.02968,1.02112,1.0274,139662.36,1.02733
2012-06-06 02:00:00,1.03693,1.03735,1.02695,1.02858,142679.93,1.0285
2012-06-05 02:00:00,1.03799,1.04265,1.03621,1.03697,137680.03,1.0369
2012-06-04 02:00:00,1.04437,1.04474,1.03699,1.03801,133379.87,1.03792
2012-06-03 02:00:00,1.03913,1.04447,1.03847,1.04438,9478.91,1.0443
2012-06-02 02:00:00,1.04126,1.04126,1.04126,1.04126,0.0,1.04103
2012-06-01 02:00:00,1.03324,1.04435,1.03321,1.04126,163824.34,1.04103
2012-05-31 02:00:00,1.03033,1.03668,1.02629,1.03324,152176.78,1.03317
2012-05-30 02:00:00,1.02391,1.0312,1.02325,1.0303,153342.48,1.03023
2012-05-29 02:00:00,1.02577,1.02707,1.02077,1.02391,133345.58,1.02383
2012-05-28 02:00:00,1.02608,1.02677,1.02243,1.02576,73862.0,1.02568
2012-05-27 02:00:00,1.02677,1.02731,1.02522,1.0261,4390.15,1.02603
2012-05-26 02:00:00,1.02952,1.02952,1.02952,1.02952,0.0,1.02932
2012-05-25 02:00:00,1.02666,1.0313,1.02479,1.02952,121334.58,1.02932
2012-05-24 02:00:00,1.02624,1.02967,1.02268,1.02667,156721.75,1.0266
2012-05-23 02:00:00,1.02231,1.02968,1.02088,1.02624,159721.43,1.02617
2012-05-22 02:00:00,1.0178,1.02353,1.01529,1.02231,135292.36,1.02223
2012-05-21 02:00:00,1.02143,1.02471,1.01659,1.01779,127931.59,1.01773
2012-05-20 02:00:00,1.02204,1.02309,1.02126,1.02147,5485.56,1.0214
2012-05-19 02:00:00,1.02237,1.02237,1.02237,1.02237,0.0,1.02216
2012-05-18 02:00:00,1.01893,1.02281,1.01394,1.02237,147217.34,1.02216
2012-05-17 02:00:00,1.012,1.01998,1.01056,1.01893,146139.55,1.01886
2012-05-16 02:00:00,1.00716,1.01331,1.00547,1.012,158799.4,1.01193
2012-05-15 02:00:00,1.00239,1.0075,0.99906,1.00715,141467.71,1.00708
2012-05-14 02:00:00,1.00061,1.00534,0.9993,1.00241,122813.02,1.00234
2012-05-13 02:00:00,1.00032,1.00239,0.9999,1.00061,4545.52,1.00053
2012-05-12 02:00:00,1.00096,1.00096,1.00096,1.00096,0.0,1.00065
2012-05-11 02:00:00,1.00322,1.00556,0.99547,1.00096,133505.79,1.00065
2012-05-10 02:00:00,1.00211,1.00355,0.99779,1.0032,143526.95,1.00313
2012-05-09 02:00:00,0.99978,1.00636,0.99903,1.00211,156151.14,1.00204
2012-05-08 02:00:00,0.99263,1.00233,0.99263,0.99978,150861.41,0.99972
2012-05-07 02:00:00,0.99831,0.99881,0.99245,0.99264,141319.51,0.99259
2012-05-06 02:00:00,0.99603,0.99847,0.99441,0.99831,8108.76,0.99824
2012-05-05 02:00:00,0.99624,0.99624,0.99624,0.99624,0.0,0.99602
2012-05-04 02:00:00,0.98808,0.9964,0.98625,0.99624,125476.01,0.99602
2012-05-03 02:00:00,0.98683,0.98932,0.9829,0.98809,129301.34,0.98802
2012-05-02 02:00:00,0.98573,0.99055,0.98503,0.98685,128047.57,0.98678
2012-05-01 02:00:00,0.98787,0.98984,0.98334,0.98574,103015.18,0.98567
2012-04-30 02:00:00,0.98112,0.98951,0.98011,0.98785,124141.66,0.98778
2012-04-29 02:00:00,0.98134,0.98148,0.98051,0.98112,4542.42,0.98105
2012-04-28 02:00:00,0.98069,0.98069,0.98069,0.98069,0.0,0.98052
2012-04-27 02:00:00,0.98593,0.98709,0.98007,0.98069,130813.44,0.98052
2012-04-26 02:00:00,0.9827,0.98658,0.98072,0.98595,140064.63,0.98587
2012-04-25 02:00:00,0.987,0.98812,0.98241,0.9827,139837.11,0.98264
2012-04-24 02:00:00,0.9913,0.993,0.98686,0.987,151920.29,0.98693
2012-04-23 02:00:00,0.99321,0.99795,0.99065,0.9913,149862.74,0.99123
2012-04-22 02:00:00,0.9923,0.99368,0.9921,0.99321,3763.57,0.99313
2012-04-21 02:00:00,0.99235,0.99235,0.99235,0.99235,0.0,0.99229
2012-04-20 02:00:00,0.99463,0.99599,0.98979,0.99235,129363.36,0.99229
2012-04-19 02:00:00,0.9911,0.99645,0.9881,0.99463,164723.39,0.99455
2012-04-18 02:00:00,0.98911,0.99246,0.9883,0.9911,155570.08,0.99102
2012-04-17 02:00:00,0.99995,1.00123,0.98658,0.98914,154525.95,0.98907
2012-04-16 02:00:00,0.99929,1.00333,0.99742,0.99995,152942.53,0.99988
2012-04-15 02:00:00,0.99967,0.9998,0.9982,0.99929,5516.89,0.99921
2012-04-14 02:00:00,0.9998,0.9998,0.9998,0.9998,0.0,0.99966
2012-04-13 02:00:00,0.99481,0.99983,0.99274,0.9998,143185.8,0.99966
2012-04-12 02:00:00,1.00346,1.00378,0.99412,0.99481,142425.69,0.99474
2012-04-11 02:00:00,1.005,1.00534,1.00093,1.00345,133545.72,1.00338
2012-04-10 02:00:00,0.99677,1.00504,0.99513,1.00499,156475.39,1.00492
2012-04-09 02:00:00,0.99723,1.00025,0.99584,0.99677,90830.65,0.9967
2012-04-08 02:00:00,0.99755,0.99857,0.99456,0.99723,5974.74,0.99714
2012-04-07 02:00:00,0.99768,0.99768,0.99768,0.99768,0.0,0.99717
2012-04-06 02:00:00,0.99333,0.9987,0.99174,0.99768,47480.41,0.99717
2012-04-05 02:00:00,0.9965,0.99989,0.99079,0.99333,138574.13,0.99322
2012-04-04 02:00:00,0.99128,0.99744,0.99094,0.99651,157051.09,0.99644
2012-04-03 02:00:00,0.99026,0.99293,0.98888,0.99129,146454.84,0.99122
2012-04-02 02:00:00,0.99642,0.99911,0.9889,0.99025,142189.21,0.99018
2012-04-01 02:00:00,0.99628,0.99649,0.99497,0.99642,4760.14,0.99634
2012-03-31 02:00:00,0.99856,0.99856,0.99856,0.99856,0.0,0.9984
2012-03-30 02:00:00,0.99695,0.99996,0.99536,0.99856,132842.42,0.9984
2012-03-29 02:00:00,0.99793,1.00193,0.99615,0.99694,146862.23,0.99686
2012-03-28 02:00:00,0.99575,1.0001,0.99473,0.99793,146443.01,0.99785
2012-03-27 02:00:00,0.99153,0.99586,0.99013,0.99575,139053.76,0.99567
2012-03-26 02:00:00,0.99672,1.0,0.99073,0.99154,144696.09,0.99146
2012-03-25 01:00:00,0.99846,0.99874,0.99664,0.99672,4716.84,0.99665
2012-03-24 01:00:00,0.9981,0.9981,0.9981,0.9981,0.0,0.99787
2012-03-23 01:00:00,0.9989,1.00355,0.99717,0.9981,131002.05,0.99787
2012-03-22 01:00:00,0.9922,1.00089,0.99128,0.99893,157880.98,0.99886
2012-03-21 01:00:00,0.99126,0.9936,0.98754,0.99219,138723.51,0.99212
2012-03-20 01:00:00,0.9878,0.99696,0.98714,0.99127,133138.11,0.99117
2012-03-19 01:00:00,0.99122,0.99314,0.98614,0.9878,115622.99,0.98772
2012-03-18 01:00:00,0.99134,0.99192,0.99091,0.9912,3927.47,0.99112
2012-03-17 01:00:00,0.99197,0.99197,0.99197,0.99197,0.0,0.99174
2012-03-16 01:00:00,0.99247,0.99417,0.99015,0.99197,122807.87,0.99174
2012-03-15 01:00:00,0.99408,0.99494,0.99065,0.99247,149840.94,0.9924
2012-03-14 01:00:00,0.98859,0.99455,0.98837,0.99407,147122.8,0.99398
2012-03-13 01:00:00,0.9916,0.99272,0.98814,0.98856,138858.48,0.9885
2012-03-12 01:00:00,0.99049,0.9948,0.98993,0.99161,129440.14,0.99154
2012-03-11 01:00:00,0.99174,0.99192,0.99026,0.99049,3082.89,0.99041
2012-03-10 01:00:00,0.99064,0.99064,0.99064,0.99064,0.0,0.99056
2012-03-09 01:00:00,0.99064,0.99396,0.98734,0.99064,134404.72,0.99056
2012-03-08 01:00:00,0.99848,0.99918,0.98941,0.99062,143752.84,0.99055
2012-03-07 01:00:00,1.00142,1.0026,0.99746,0.99849,135706.52,0.99842
2012-03-06 01:00:00,0.99406,1.0029,0.99379,1.00142,156269.76,1.00135
2012-03-05 01:00:00,0.98969,0.99606,0.98904,0.99406,141272.4,0.99398
2012-03-04 01:00:00,0.98965,0.99093,0.9886,0.98969,4762.32,0.98961
2012-03-03 01:00:00,0.98962,0.98962,0.98962,0.98962,0.0,0.98931
2012-03-02 01:00:00,0.98534,0.9898,0.98494,0.98962,133973.09,0.98931
2012-03-01 01:00:00,0.98863,0.9901,0.98428,0.98533,161971.47,0.98526
2012-02-29 01:00:00,0.99411,0.99442,0.9845,0.98862,171289.99,0.98853
2012-02-28 01:00:00,0.9983,0.99867,0.99405,0.99411,152351.45,0.99401
2012-02-27 01:00:00,0.99982,1.005,0.99772,0.9983,142483.09,0.99822
2012-02-26 01:00:00,0.99895,1.00037,0.9979,0.99982,8494.34,0.99974
2012-02-25 01:00:00,0.99941,0.99941,0.99941,0.99941,0.0,0.99928
2012-02-24 01:00:00,0.99742,1.00041,0.99671,0.99941,142381.21,0.99928
2012-02-23 01:00:00,0.99949,1.00113,0.99541,0.99741,137843.85,0.99734
2012-02-22 01:00:00,0.99664,1.00204,0.99552,0.99954,142265.36,0.99946
2012-02-21 01:00:00,0.9948,0.99767,0.99252,0.99664,145582.81,0.99653
2012-02-20 01:00:00,0.99179,0.99582,0.99075,0.99481,90233.96,0.99473
2012-02-19 01:00:00,0.9933,0.99359,0.99142,0.99179,5682.1,0.99173
2012-02-18 01:00:00,0.99718,0.99718,0.99718,0.99718,0.0,0.9969
2012-02-17 01:00:00,0.99701,0.99851,0.9942,0.99718,131224.06,0.9969
2012-02-16 01:00:00,1.00056,1.00524,0.99542,0.99702,163089.11,0.99696
2012-02-15 01:00:00,0.99891,1.00078,0.99393,1.00056,171358.97,1.00048
2012-02-14 01:00:00,1.00123,1.00277,0.99797,0.99893,141264.99,0.99883
2012-02-13 01:00:00,1.00034,1.00136,0.99727,1.00121,143655.32,1.00112
2012-02-12 01:00:00,1.00137,1.00181,0.99978,1.00036,4835.8,1.00024
2012-02-11 01:00:00,1.0014,1.0014,1.0014,1.0014,0.0,1.00125
2012-02-10 01:00:00,0.99553,1.00396,0.9953,1.0014,141684.97,1.00125
2012-02-09 01:00:00,0.99664,0.99812,0.99259,0.99553,151492.11,0.99544
2012-02-08 01:00:00,0.99527,0.9991,0.99356,0.99662,150375.15,0.9965
2012-02-07 01:00:00,0.99647,0.99958,0.99417,0.99527,168502.31,0.99518
2012-02-06 01:00:00,0.99364,0.99944,0.99294,0.99647,158337.3,0.99641
2012-02-05 01:00:00,0.99518,0.99518,0.9932,0.99363,3230.83,0.99352
2012-02-04 01:00:00,0.99349,0.99349,0.99349,0.99349,0.0,0.99343
2012-02-03 01:00:00,0.99967,1.0034,0.99288,0.99349,179020.55,0.99343
2012-02-02 01:00:00,0.99773,1.00109,0.99691,0.99967,179921.89,0.99959
2012-02-01 01:00:00,1.00345,1.00492,0.99644,0.99775,189655.83,0.99767
2012-01-31 01:00:00,1.00243,1.00545,0.99659,1.00348,181207.78,1.00338
2012-01-30 01:00:00,1.00142,1.00709,1.00124,1.00242,153630.66,1.00233
2012-01-29 01:00:00,1.00205,1.0025,1.00123,1.0014,2208.67,1.00135
2012-01-28 01:00:00,1.00154,1.00154,1.00154,1.00154,0.0,1.00146
2012-01-27 01:00:00,1.00288,1.00422,0.99888,1.00154,158722.34,1.00146
2012-01-26 01:00:00,1.00469,1.00486,0.99823,1.00288,166293.73,1.00278
2012-01-25 01:00:00,1.00934,1.01485,1.00291,1.00469,166736.65,1.0046
2012-01-24 01:00:00,1.00771,1.01419,1.00732,1.0094,146609.82,1.0093
2012-01-23 01:00:00,1.01528,1.01584,1.00532,1.00773,138152.67,1.00762
2012-01-22 01:00:00,1.0149,1.01637,1.01366,1.01525,2977.17,1.01518
2012-01-21 01:00:00,1.01336,1.01336,1.01336,1.01336,0.0,1.0132
2012-01-20 01:00:00,1.01201,1.01621,1.01168,1.01336,159824.29,1.0132
2012-01-19 01:00:00,1.0118,1.01292,1.00716,1.01201,166986.81,1.01192
2012-01-18 01:00:00,1.01502,1.01784,1.01101,1.0118,180988.17,1.01171
2012-01-17 01:00:00,1.01785,1.01785,1.01134,1.01502,163764.77,1.01494
2012-01-16 01:00:00,1.02455,1.02537,1.01661,1.01783,118047.26,1.01774
2012-01-15 01:00:00,1.02486,1.02543,1.02401,1.02456,3601.17,1.02446
2012-01-14 01:00:00,1.02329,1.02329,1.02329,1.02329,0.0,1.02316
2012-01-13 01:00:00,1.01842,1.02845,1.01641,1.02329,166837.59,1.02316
2012-01-12 01:00:00,1.01835,1.02118,1.01411,1.01841,155944.75,1.01833
2012-01-11 01:00:00,1.01743,1.0211,1.01406,1.01835,153424.7,1.01826
2012-01-10 01:00:00,1.02269,1.02291,1.01552,1.01742,152445.87,1.01733
2012-01-09 01:00:00,1.02921,1.03201,1.02265,1.02269,161943.01,1.02259
2012-01-08 01:00:00,1.02836,1.03038,1.0274,1.02921,5257.62,1.0291
2012-01-07 01:00:00,1.02842,1.02842,1.02842,1.02842,0.0,1.0283
2012-01-06 01:00:00,1.01997,1.02871,1.01711,1.02842,148569.72,1.0283
2012-01-05 01:00:00,1.0137,1.02265,1.0122,1.01996,177092.82,1.01987
2012-01-04 01:00:00,1.01155,1.0163,1.01095,1.0137,149692.5,1.01361
2012-01-03 01:00:00,1.01759,1.0182,1.00772,1.01156,125896.76,1.01147
2012-01-02 01:00:00,1.01821,1.02158,1.01741,1.0176,25340.46,1.01742
2012-01-01 01:00:00,1.02097,1.02189,1.01808,1.0182,1673.86,1.01806
2011-12-31 01:00:00,1.02168,1.02168,1.02168,1.02168,0.0,1.02122
2011-12-30 01:00:00,1.02076,1.02214,1.01586,1.02168,103123.86,1.02122
2011-12-29 01:00:00,1.02593,1.02699,1.01987,1.02075,125260.76,1.02065
2011-12-28 01:00:00,1.01965,1.02603,1.01272,1.02588,123011.69,1.02579
2011-12-27 01:00:00,1.02058,1.02169,1.01796,1.01956,82883.35,1.0195
2011-12-26 01:00:00,1.02189,1.02376,1.01786,1.0206,20449.5,1.02034
2011-12-25 01:00:00,1.02036,1.0225,1.01959,1.02189,2011.88,1.02132
2011-12-24 01:00:00,1.02104,1.02104,1.02104,1.02104,0.0,1.0205
2011-12-23 01:00:00,1.02135,1.02166,1.0182,1.02104,92056.19,1.0205
2011-12-22 01:00:00,1.02766,1.02823,1.02026,1.02133,129250.72,1.0212
2011-12-21 01:00:00,1.02883,1.03073,1.021,1.02766,178690.5,1.02756
2011-12-20 01:00:00,1.03798,1.03821,1.0264,1.02883,157070.69,1.02873
2011-12-19 01:00:00,1.03866,1.04161,1.03353,1.03796,170382.59,1.03787
2011-12-18 01:00:00,1.03741,1.03915,1.03651,1.03871,3993.25,1.03862
2011-12-17 01:00:00,1.03849,1.03849,1.03849,1.03849,0.0,1.03832
2011-12-16 01:00:00,1.03361,1.04077,1.02985,1.03849,134595.28,1.03832
2011-12-15 01:00:00,1.03914,1.04063,1.03209,1.03361,153780.92,1.03352
2011-12-14 01:00:00,1.03461,1.04242,1.03278,1.03914,151661.68,1.03904
2011-12-13 01:00:00,1.02789,1.035,1.02323,1.03458,152269.59,1.03448
2011-12-12 01:00:00,1.01863,1.02862,1.01836,1.02789,146863.43,1.02781
2011-12-11 01:00:00,1.01926,1.02063,1.01853,1.01863,2807.38,1.01855
2011-12-10 01:00:00,1.01713,1.01713,1.01713,1.01713,0.0,1.01693
2011-12-09 01:00:00,1.02271,1.02634,1.01698,1.01713,145993.03,1.01693
2011-12-08 01:00:00,1.00964,1.02407,1.00526,1.02271,156496.18,1.02264
2011-12-07 01:00:00,1.00928,1.01338,1.00668,1.00963,132915.86,1.00956
2011-12-06 01:00:00,1.01719,1.0208,1.00861,1.00926,130461.7,1.00922
2011-12-05 01:00:00,1.01739,1.01941,1.01219,1.01714,118173.47,1.01711
2011-12-04 01:00:00,1.01673,1.01917,1.0161,1.01739,3643.47,1.01728
2011-12-03 01:00:00,1.01989,1.01989,1.01989,1.01989,0.0,1.0195
2011-12-02 01:00:00,1.01441,1.01992,1.00803,1.01989,113551.16,1.0195
2011-12-01 01:00:00,1.01826,1.02239,1.0136,1.01439,132195.6,1.01431
2011-11-30 01:00:00,1.03232,1.03642,1.01244,1.01827,163541.32,1.01818
2011-11-29 01:00:00,1.035,1.03648,1.02589,1.03232,152166.0,1.03225
2011-11-28 01:00:00,1.04124,1.04321,1.03052,1.035,147565.94,1.03493
2011-11-27 01:00:00,1.04324,1.04504,1.04056,1.04125,7888.15,1.04116
2011-11-26 01:00:00,1.04702,1.04702,1.04702,1.04702,0.0,1.0469
2011-11-25 01:00:00,1.04836,1.05243,1.04397,1.04702,119576.32,1.0469
2011-11-24 01:00:00,1.04824,1.04926,1.04394,1.04836,105958.09,1.04828
2011-11-23 01:00:00,1.03806,1.04981,1.03806,1.04822,165298.9,1.04815
2011-11-22 01:00:00,1.0395,1.04132,1.03469,1.038,159299.61,1.03794
2011-11-21 01:00:00,1.02793,1.04197,1.02793,1.03948,159906.49,1.03941
2011-11-20 01:00:00,1.02655,1.02938,1.02655,1.02793,3568.37,1.02779
2011-11-19 01:00:00,1.02785,1.02785,1.02785,1.02785,0.0,1.02772
2011-11-18 01:00:00,1.02954,1.03028,1.01997,1.02785,153142.72,1.02772
2011-11-17 01:00:00,1.0254,1.02963,1.02089,1.02954,173297.42,1.02947
2011-11-16 01:00:00,1.0229,1.02889,1.0173,1.0254,159067.54,1.02533
2011-11-15 01:00:00,1.01696,1.02638,1.01597,1.02291,141710.76,1.02284
2011-11-14 01:00:00,1.00968,1.01953,1.00926,1.01698,135102.52,1.01691
2011-11-13 01:00:00,1.00845,1.01146,1.00836,1.00972,3343.84,1.00965
2011-11-12 01:00:00,1.0106,1.0106,1.0106,1.0106,0.0,1.01041
2011-11-11 01:00:00,1.01656,1.02329,1.00981,1.0106,113319.9,1.01041
2011-11-10 01:00:00,1.02402,1.02667,1.01648,1.01652,154405.61,1.01642
2011-11-09 01:00:00,1.00946,1.025,1.00794,1.02402,160298.76,1.02389
2011-11-08 01:00:00,1.01405,1.01829,1.00777,1.00949,126770.73,1.00939
2011-11-07 01:00:00,1.01693,1.02049,1.01249,1.01405,131258.35,1.01396
2011-11-06 01:00:00,1.01707,1.01745,1.01522,1.01693,3502.72,1.01683
2011-11-05 01:00:00,1.0189,1.0189,1.0189,1.0189,0.0,1.01875
2011-11-04 01:00:00,1.00824,1.02294,1.00721,1.0189,134059.12,1.01875
2011-11-03 01:00:00,1.01814,1.02175,1.00555,1.00824,155376.57,1.00812
2011-10-29 02:00:00,0.99202,0.99202,0.99202,0.99202,0.0,0.99174
2011-10-28 02:00:00,0.99127,0.99709,0.98959,0.99202,122222.59,0.99174
2011-10-27 02:00:00,1.00355,1.00434,0.98931,0.99126,156154.55,0.99115
2011-10-26 02:00:00,1.01636,1.01782,1.0034,1.00351,138662.33,1.00341
2011-10-25 02:00:00,1.00362,1.02135,0.99919,1.01636,142902.85,1.01626
2011-10-24 02:00:00,1.00829,1.0093,1.00229,1.00366,139865.22,1.00359
2011-10-23 02:00:00,1.00914,1.01047,1.00766,1.00829,5905.81,1.00818
2011-10-22 02:00:00,1.00679,1.00679,1.00679,1.00679,0.0,1.0066
2011-10-21 02:00:00,1.01597,1.01885,1.00677,1.00679,129864.42,1.0066
2011-10-20 02:00:00,1.0185,1.02472,1.01328,1.01597,152405.46,1.01587
2011-10-19 02:00:00,1.01538,1.02176,1.00861,1.01849,138368.65,1.01838
2011-10-18 02:00:00,1.02235,1.02645,1.01125,1.01536,153335.34,1.01526
2011-10-17 02:00:00,1.01066,1.02438,1.00446,1.02235,134412.52,1.02224
2011-10-16 02:00:00,1.01094,1.01197,1.00926,1.01066,5710.04,1.01056
2011-10-15 02:00:00,1.01006,1.01006,1.01006,1.01006,0.0,1.00975
2011-10-14 02:00:00,1.02233,1.02356,1.00982,1.01006,115271.86,1.00975
2011-10-13 02:00:00,1.01785,1.02735,1.01645,1.02232,133209.47,1.0222
2011-10-12 02:00:00,1.0298,1.03296,1.01341,1.01783,132778.35,1.01772
2011-10-11 02:00:00,1.02786,1.03395,1.0258,1.0298,135677.25,1.02972
2011-10-10 02:00:00,1.03612,1.03723,1.02522,1.02787,123522.46,1.02776
2011-10-09 02:00:00,1.03889,1.03963,1.03612,1.03618,4163.85,1.03604
2011-10-08 02:00:00,1.03982,1.03982,1.03982,1.03982,0.0,1.0395
2011-10-07 02:00:00,1.0379,1.04193,1.02357,1.03982,130643.67,1.0395
2011-10-06 02:00:00,1.04197,1.04836,1.03712,1.0379,143456.45,1.03779
2011-10-05 02:00:00,1.05461,1.05734,1.03974,1.04196,155120.7,1.04186
2011-10-04 02:00:00,1.05438,1.06586,1.05108,1.05467,185548.38,1.05456
2011-10-03 02:00:00,1.04763,1.05507,1.04334,1.05439,162834.58,1.05426
2011-10-02 02:00:00,1.04945,1.05072,1.04727,1.04763,6662.96,1.0475
2011-10-01 02:00:00,1.05055,1.05055,1.05055,1.05055,0.0,1.05039
2011-09-30 02:00:00,1.03706,1.05056,1.03567,1.05055,141019.83,1.05039
2011-09-29 02:00:00,1.03566,1.04033,1.02573,1.03706,153587.5,1.03697
2011-09-28 02:00:00,1.0211,1.03575,1.02061,1.03566,152379.56,1.03554
2011-09-27 02:00:00,1.02603,1.0282,1.01449,1.02116,152676.43,1.02104
2011-09-26 02:00:00,1.02752,1.03863,1.02424,1.02602,181994.72,1.02591
2011-09-25 02:00:00,1.0276,1.03096,1.02688,1.02752,8219.82,1.02738
2011-09-24 02:00:00,1.02873,1.02873,1.02873,1.02873,0.0,1.0282
2011-09-23 02:00:00,1.02592,1.035,1.02259,1.02873,171859.85,1.0282
2011-09-22 02:00:00,1.00826,1.03621,1.00818,1.0259,188912.24,1.0258
2011-09-21 02:00:00,0.99305,1.00911,0.99183,1.00822,142350.65,1.00814
2011-09-20 02:00:00,0.99259,0.99497,0.98835,0.99299,121179.19,0.99288
2011-09-19 02:00:00,0.98263,0.99425,0.9807,0.9926,116514.63,0.99252
2011-09-18 02:00:00,0.98216,0.98291,0.98088,0.98264,4599.62,0.98253
2011-09-17 02:00:00,0.97822,0.97822,0.97822,0.97822,0.0,0.97805
2011-09-16 02:00:00,0.98439,0.98617,0.97821,0.97822,109778.0,0.97805
2011-09-15 02:00:00,0.99042,0.99512,0.98314,0.98439,125110.0,0.98426
2011-09-14 02:00:00,0.98684,0.99409,0.98472,0.99042,131293.18,0.99033
2011-09-13 02:00:00,0.99302,0.99776,0.98515,0.98682,139223.03,0.98673
2011-09-12 02:00:00,0.99834,1.00271,0.99166,0.99302,145087.27,0.99292
2011-09-11 02:00:00,0.99793,0.99849,0.99697,0.99834,6388.59,0.99826
2011-09-10 02:00:00,0.99686,0.99686,0.99686,0.99686,0.0,0.9967
2011-09-09 02:00:00,0.98984,0.998,0.98701,0.99686,124682.67,0.9967
2011-09-08 02:00:00,0.98456,0.98992,0.98308,0.98985,119718.62,0.98976
2011-09-07 02:00:00,0.98942,0.99139,0.98327,0.98456,113527.71,0.98451
2011-09-06 02:00:00,0.99153,0.9969,0.98659,0.98939,131629.41,0.98931
2011-09-05 02:00:00,0.9871,0.9934,0.98545,0.99152,74202.63,0.9914
2011-09-04 02:00:00,0.98686,0.98751,0.98572,0.9871,3700.75,0.98702
2011-09-03 02:00:00,0.98558,0.98558,0.98558,0.98558,0.0,0.9854
2011-09-02 02:00:00,0.97629,0.98591,0.97578,0.98558,98767.82,0.9854
2011-09-01 02:00:00,0.97862,0.97975,0.97372,0.97627,102581.25,0.97616
2011-08-31 02:00:00,0.97868,0.98024,0.97264,0.97862,108263.27,0.97852
2011-08-30 02:00:00,0.97684,0.98182,0.9758,0.97868,107612.63,0.97858
2011-08-29 02:00:00,0.98041,0.98198,0.97412,0.97684,87771.23,0.97674
2011-08-28 02:00:00,0.98053,0.98358,0.97997,0.98041,6343.76,0.98032
2011-08-27 02:00:00,0.98155,0.98155,0.98155,0.98155,0.0,0.98135
2011-08-26 02:00:00,0.98739,0.9925,0.98111,0.98155,118598.75,0.98135
2011-08-25 02:00:00,0.98765,0.98882,0.97928,0.9874,123287.81,0.98729
2011-08-24 02:00:00,0.98813,0.99064,0.98406,0.98766,113642.62,0.98756
2011-08-23 02:00:00,0.99056,0.99103,0.98507,0.98813,123543.57,0.98802
2011-08-22 02:00:00,0.99053,0.99093,0.98301,0.99056,119265.26,0.99046
2011-08-21 02:00:00,0.99126,0.99205,0.99029,0.99053,4882.04,0.99043
2011-08-20 02:00:00,0.99041,0.99041,0.99041,0.99041,0.0,0.99018
2011-08-19 02:00:00,0.99245,0.99247,0.98273,0.99041,139578.76,0.99018
2011-08-18 02:00:00,0.98078,0.99394,0.98057,0.99247,137333.97,0.99236
2011-08-17 02:00:00,0.98327,0.9847,0.97755,0.98079,110200.51,0.98068
2011-08-16 02:00:00,0.9815,0.98729,0.9801,0.98327,119000.57,0.98318
2011-08-15 02:00:00,0.98846,0.99068,0.97925,0.98149,99976.68,0.98137
2011-08-14 02:00:00,0.98758,0.98893,0.98696,0.98846,4505.81,0.98836
2011-08-13 02:00:00,0.98757,0.98757,0.98757,0.98757,0.0,0.98735
2011-08-12 02:00:00,0.98651,0.99195,0.98528,0.98757,132356.63,0.98735
2011-08-11 02:00:00,0.99289,0.99692,0.98355,0.98653,200862.54,0.9864
2011-08-10 02:00:00,0.98125,0.99568,0.97949,0.99289,183327.11,0.99276
2011-08-09 02:00:00,0.99323,1.0011,0.97685,0.98127,236686.52,0.98116
2011-08-08 02:00:00,0.98374,0.99479,0.97833,0.99323,193881.77,0.99311
2011-08-07 02:00:00,0.98212,0.98661,0.9803,0.9838,10627.51,0.98366
2011-08-06 02:00:00,0.98227,0.98227,0.98227,0.98227,0.0,0.98205
2011-08-05 02:00:00,0.98043,0.98547,0.97435,0.98227,182333.19,0.98205
2011-08-04 02:00:00,0.96115,0.98178,0.96115,0.98043,160289.17,0.98033
2011-08-03 02:00:00,0.962,0.96478,0.95694,0.96115,127569.33,0.96106
2011-08-02 02:00:00,0.95532,0.96208,0.95488,0.962,114773.05,0.96192
2011-08-01 02:00:00,0.95196,0.96061,0.94924,0.95533,95792.03,0.95521
2011-07-31 02:00:00,0.95411,0.95643,0.95197,0.95198,7585.47,0.95188
2011-07-30 02:00:00,0.95561,0.95561,0.95561,0.95561,0.0,0.95536
2011-07-29 02:00:00,0.95046,0.95907,0.94986,0.95561,105307.0,0.95536
2011-07-28 02:00:00,0.94998,0.95238,0.94586,0.95045,93639.19,0.95036
2011-07-27 02:00:00,0.94397,0.95081,0.94115,0.94998,95398.86,0.94988
2011-07-26 02:00:00,0.94736,0.9476,0.94073,0.94397,84326.36,0.94388
2011-07-25 02:00:00,0.95151,0.95262,0.94357,0.94733,80663.97,0.94724
2011-07-24 02:00:00,0.94855,0.95171,0.94794,0.9515,4282.9,0.9514
2011-07-23 02:00:00,0.94831,0.94831,0.94831,0.94831,0.0,0.94795
2011-07-22 02:00:00,0.94436,0.95311,0.94282,0.94831,94030.16,0.94795
2011-07-21 02:00:00,0.94623,0.9494,0.94245,0.94436,112919.89,0.94428
2011-07-20 02:00:00,0.95074,0.95141,0.94577,0.94623,100542.45,0.94611
2011-07-19 02:00:00,0.95865,0.95939,0.94835,0.95072,107361.23,0.9506
2011-07-18 02:00:00,0.9546,0.96363,0.95458,0.95865,102812.82,0.95854
2011-07-17 02:00:00,0.955,0.95523,0.9535,0.95461,3577.59,0.9545
2011-07-16 02:00:00,0.95354,0.95354,0.95354,0.95354,0.0,0.95328
2011-07-15 02:00:00,0.95957,0.96252,0.95215,0.95354,99605.99,0.95328
2011-07-14 02:00:00,0.95634,0.96176,0.95498,0.95958,124519.48,0.95948
2011-07-13 02:00:00,0.96458,0.96467,0.95619,0.95633,129258.29,0.95624
2011-07-12 02:00:00,0.96912,0.978,0.96273,0.96457,149962.63,0.96447
2011-07-11 02:00:00,0.96309,0.96963,0.96246,0.96912,113268.14,0.96901
2011-07-10 02:00:00,0.96233,0.96347,0.96135,0.96311,4330.92,0.96301
2011-07-09 02:00:00,0.96283,0.96283,0.96283,0.96283,0.0,0.96275
2011-07-08 02:00:00,0.95817,0.96663,0.95696,0.96283,96576.42,0.96275
2011-07-07 02:00:00,0.96487,0.96673,0.95701,0.95817,90751.38,0.95808
2011-07-06 02:00:00,0.96282,0.96954,0.96155,0.96487,93903.59,0.96478
2011-07-05 02:00:00,0.96042,0.96431,0.95969,0.9628,87435.52,0.96272
2011-07-04 02:00:00,0.95871,0.96188,0.95815,0.9604,52834.65,0.9603
2011-07-03 02:00:00,0.96002,0.96008,0.95813,0.95871,2901.9,0.9586
2011-07-02 02:00:00,0.95888,0.95888,0.95888,0.95888,0.0,0.95854
2011-07-01 02:00:00,0.96451,0.9652,0.95815,0.95888,80896.42,0.95854
2011-06-30 02:00:00,0.96845,0.96882,0.96257,0.96451,104623.12,0.96441
2011-06-29 02:00:00,0.98129,0.9826,0.96698,0.96847,117186.78,0.96838
2011-06-28 02:00:00,0.98567,0.98853,0.98037,0.98132,125605.84,0.9812
2011-06-27 02:00:00,0.98929,0.99141,0.98527,0.98565,130231.6,0.98555
2011-06-26 02:00:00,0.98684,0.98954,0.98608,0.98931,5571.67,0.9892
2011-06-25 02:00:00,0.98847,0.98847,0.98847,0.98847,0.0,0.98842
2011-06-24 02:00:00,0.97823,0.98906,0.97716,0.98847,128205.33,0.98842
2011-06-23 02:00:00,0.97403,0.98252,0.97146,0.97819,145331.97,0.9781
2011-06-22 02:00:00,0.97264,0.97546,0.9702,0.97403,118466.1,0.97392
2011-06-21 02:00:00,0.9789,0.98069,0.97119,0.97263,112432.14,0.97252
2011-06-20 02:00:00,0.98177,0.98504,0.97776,0.97889,103778.42,0.97878
2011-06-19 02:00:00,0.98149,0.98217,0.98032,0.98175,3511.99,0.98165
2011-06-18 02:00:00,0.97964,0.97964,0.97964,0.97964,0.0,0.97944
2011-06-17 02:00:00,0.98129,0.98701,0.97762,0.97964,124082.85,0.97944
2011-06-16 02:00:00,0.97823,0.98993,0.9774,0.98132,152357.82,0.98124
2011-06-15 02:00:00,0.96917,0.98299,0.96721,0.97822,124244.93,0.97812
2011-06-14 02:00:00,0.97639,0.97729,0.96761,0.96917,105645.38,0.96906
2011-06-13 02:00:00,0.97966,0.97984,0.97525,0.9764,93336.51,0.97632
2011-06-12 02:00:00,0.97961,0.98009,0.97845,0.97966,4406.37,0.97956
2011-06-11 02:00:00,0.97998,0.97998,0.97998,0.97998,0.0,0.97981
2011-06-10 02:00:00,0.97495,0.98005,0.97131,0.97998,104473.06,0.97981
2011-06-09 02:00:00,0.97983,0.9814,0.97246,0.97496,111900.06,0.97485
2011-06-08 02:00:00,0.97463,0.98215,0.97438,0.97982,122671.43,0.97974
2011-06-07 02:00:00,0.97982,0.9811,0.97326,0.97463,109250.08,0.97453
2011-06-06 02:00:00,0.97702,0.98181,0.97698,0.97982,101915.86,0.97974
2011-06-05 02:00:00,0.97836,0.97868,0.97689,0.977,4862.19,0.9769
2011-06-04 02:00:00,0.97792,0.97792,0.97792,0.97792,0.0,0.97785
2011-06-03 02:00:00,0.97574,0.98528,0.97456,0.97792,109898.8,0.97785
2011-06-02 02:00:00,0.97711,0.98104,0.97457,0.97574,119874.95,0.97566
2011-06-01 02:00:00,0.96768,0.97836,0.96683,0.97711,117302.23,0.977
2011-05-31 02:00:00,0.9763,0.97652,0.96562,0.96766,107299.95,0.9676
2011-05-30 02:00:00,0.97699,0.9788,0.97533,0.97633,45895.62,0.97622
2011-05-29 02:00:00,0.97858,0.97904,0.97689,0.97703,3515.53,0.97691
2011-05-28 02:00:00,0.97657,0.97657,0.97657,0.97657,0.0,0.97626
2011-05-27 02:00:00,0.9792,0.9799,0.97542,0.97657,103214.13,0.97626
2011-05-26 02:00:00,0.97925,0.98164,0.97579,0.9792,119013.45,0.97912
2011-05-25 02:00:00,0.97675,0.98171,0.97446,0.97925,120704.06,0.97916
2011-05-24 02:00:00,0.97858,0.97919,0.97555,0.97674,109394.42,0.97665
2011-05-23 02:00:00,0.97403,0.98112,0.97373,0.97857,105876.4,0.97848
2011-05-22 02:00:00,0.9749,0.97528,0.97356,0.97403,5450.05,0.97394
2011-05-21 02:00:00,0.97455,0.97455,0.97455,0.97455,0.0,0.9742
2011-05-20 02:00:00,0.96714,0.97724,0.9642,0.97455,113333.67,0.9742
2011-05-19 02:00:00,0.96955,0.9715,0.96546,0.96713,113263.7,0.96706
2011-05-18 02:00:00,0.97215,0.97597,0.96913,0.96955,110761.46,0.96944
2011-05-17 02:00:00,0.97541,0.97941,0.97172,0.97215,133587.69,0.97206
2011-05-16 02:00:00,0.97036,0.97711,0.96846,0.9754,126678.97,0.97529
2011-05-15 02:00:00,0.96896,0.97055,0.96871,0.97033,5190.93,0.97022
2011-05-14 02:00:00,0.96885,0.96885,0.96885,0.96885,0.0,0.9685
2011-05-13 02:00:00,0.96343,0.9745,0.96058,0.96885,115560.88,0.9685
2011-05-12 02:00:00,0.96087,0.96952,0.96006,0.96343,130300.82,0.96333
2011-05-11 02:00:00,0.95709,0.96395,0.95139,0.96087,121213.83,0.96078
2011-05-10 02:00:00,0.96468,0.96547,0.95652,0.95709,111355.54,0.95702
2011-05-09 02:00:00,0.96336,0.96967,0.96054,0.96468,118925.81,0.96458
2011-05-08 02:00:00,0.96674,0.96714,0.9633,0.96331,6019.24,0.96323
2011-05-07 02:00:00,0.9669,0.9669,0.9669,0.9669,0.0,0.96665
2011-05-06 02:00:00,0.96573,0.97036,0.95746,0.9669,142652.09,0.96665
2011-05-05 02:00:00,0.95895,0.97139,0.95698,0.96574,133881.97,0.96564
2011-05-04 02:00:00,0.95214,0.96043,0.95053,0.959,113156.1,0.95887
2011-05-03 02:00:00,0.95149,0.95427,0.94601,0.95214,100400.94,0.95203
2011-05-02 02:00:00,0.94594,0.95217,0.94488,0.95148,67836.52,0.95138
2011-05-01 02:00:00,0.94555,0.94788,0.94478,0.94598,6135.4,0.94584
2011-04-30 02:00:00,0.94558,0.94558,0.94558,0.94558,0.0,0.94512
2011-04-29 02:00:00,0.95049,0.95503,0.9447,0.94558,65905.29,0.94512
2011-04-28 02:00:00,0.95016,0.95213,0.94661,0.95048,80678.09,0.95038
2011-04-27 02:00:00,0.94947,0.9577,0.94888,0.95016,88005.37,0.95006
2011-04-26 02:00:00,0.95512,0.95635,0.94937,0.94947,84425.82,0.9494
2011-04-25 02:00:00,0.95262,0.95618,0.95049,0.95512,53879.17,0.95499
2011-04-24 02:00:00,0.95231,0.95389,0.95148,0.95262,3113.91,0.9525
2011-04-23 02:00:00,0.95498,0.95498,0.95498,0.95498,0.0,0.9544
2011-04-22 02:00:00,0.95253,0.95501,0.95196,0.95498,13478.12,0.9544
2011-04-21 02:00:00,0.95193,0.95384,0.94555,0.95253,85379.62,0.95244
2011-04-20 02:00:00,0.95512,0.95585,0.94986,0.95193,86925.09,0.95186
2011-04-19 02:00:00,0.96452,0.96676,0.95493,0.95512,94964.35,0.955
2011-04-18 02:00:00,0.96015,0.97226,0.95974,0.96452,95950.0,0.96442
2011-04-17 02:00:00,0.95881,0.9607,0.95854,0.96015,3254.29,0.96006
2011-04-16 02:00:00,0.95944,0.95944,0.95944,0.95944,0.0,0.95924
2011-04-15 02:00:00,0.96004,0.96504,0.95934,0.95944,78019.43,0.95924
2011-04-14 02:00:00,0.96277,0.96702,0.9596,0.96004,103098.47,0.95994
2011-04-13 02:00:00,0.9611,0.96562,0.95864,0.96277,90643.86,0.96268
2011-04-12 02:00:00,0.95673,0.96581,0.95602,0.9611,106594.15,0.96102
2011-04-11 02:00:00,0.95525,0.95782,0.95436,0.9567,73318.31,0.95663
2011-04-10 02:00:00,0.95501,0.95669,0.95443,0.95526,3011.66,0.95516
2011-04-09 02:00:00,0.95569,0.95569,0.95569,0.95569,0.0,0.95545
2011-04-08 02:00:00,0.95915,0.95932,0.95275,0.95569,79101.77,0.95545
2011-04-07 02:00:00,0.96042,0.96246,0.95711,0.95918,83199.44,0.95908
2011-04-06 02:00:00,0.96369,0.96417,0.95696,0.96045,77624.08,0.96036
2011-04-05 02:00:00,0.96745,0.96938,0.96281,0.96369,74425.63,0.9636
2011-04-04 02:00:00,0.96342,0.96878,0.96172,0.96742,68565.32,0.96733
2011-04-03 02:00:00,0.96423,0.96475,0.96305,0.96339,1492.63,0.9633
2011-04-02 02:00:00,0.96338,0.96338,0.96338,0.96338,0.0,0.96321
2011-04-01 02:00:00,0.97007,0.97031,0.96274,0.96338,84178.52,0.96321
2011-03-31 02:00:00,0.97214,0.973,0.96841,0.97004,78055.71,0.96996
2011-03-30 02:00:00,0.97404,0.97545,0.96872,0.97212,80169.29,0.97203
2011-03-29 02:00:00,0.97822,0.97847,0.97394,0.97404,65364.55,0.97396
2011-03-28 02:00:00,0.98168,0.98233,0.97425,0.97821,75014.15,0.9781
2011-03-27 01:00:00,0.98011,0.9831,0.97992,0.98168,2864.15,0.98158
2011-03-26 01:00:00,0.98112,0.98112,0.98112,0.98112,0.0,0.98063
2011-03-25 01:00:00,0.97685,0.98278,0.9743,0.98112,72712.57,0.98063
2011-03-24 01:00:00,0.98077,0.98259,0.9732,0.97688,86992.91,0.97677
2011-03-23 01:00:00,0.98211,0.98445,0.97922,0.98077,82015.06,0.98068
2011-03-22 01:00:00,0.97889,0.98243,0.97476,0.98212,78902.53,0.98202
2011-03-21 01:00:00,0.98387,0.9846,0.97503,0.9789,75762.77,0.9788
2011-03-20 01:00:00,0.98462,0.98605,0.98384,0.98387,5561.47,0.98377
2011-03-19 01:00:00,0.98451,0.98451,0.98451,0.98451,0.0,0.98419
2011-03-18 01:00:00,0.98451,0.98685,0.98054,0.98451,100190.39,0.98419
2011-03-17 01:00:00,0.99277,0.99372,0.98358,0.98451,121085.31,0.9844
2011-03-16 01:00:00,0.98409,0.99685,0.98082,0.99277,144664.69,0.99263
2011-03-15 01:00:00,0.97441,0.99746,0.97385,0.98407,159290.39,0.98397
2011-03-14 01:00:00,0.97403,0.97651,0.97115,0.97441,72686.47,0.9743
2011-03-13 01:00:00,0.97294,0.97444,0.97215,0.97403,5344.9,0.9739
2011-03-12 01:00:00,0.97321,0.97321,0.97321,0.97321,0.0,0.97314
2011-03-11 01:00:00,0.97525,0.98049,0.97068,0.97321,91710.7,0.97314
2011-03-10 01:00:00,0.9689,0.97678,0.96846,0.97525,93947.04,0.97516
2011-03-09 01:00:00,0.97111,0.97164,0.96683,0.96889,63039.03,0.96878
2011-03-08 01:00:00,0.97331,0.97495,0.97087,0.97111,79092.08,0.97102
2011-03-07 01:00:00,0.97207,0.97443,0.97004,0.9733,63881.16,0.9732
2011-03-06 01:00:00,0.97354,0.97368,0.97173,0.97207,1507.96,0.97197
2011-03-05 01:00:00,0.97356,0.97356,0.97356,0.97356,0.0,0.97341
2011-03-04 01:00:00,0.97294,0.97441,0.97006,0.97356,68781.78,0.97341
2011-03-03 01:00:00,0.97314,0.97536,0.97155,0.97293,70840.86,0.97282
2011-03-02 01:00:00,0.97475,0.97768,0.97092,0.97314,77722.2,0.97303
2011-03-01 01:00:00,0.97144,0.97564,0.96853,0.97476,84313.17,0.97465
2011-02-28 01:00:00,0.97793,0.97902,0.9711,0.97143,89425.63,0.97134
2011-02-27 01:00:00,0.97924,0.97924,0.97739,0.97792,2777.62,0.9778
2011-02-26 01:00:00,0.97797,0.97797,0.97797,0.97797,0.0,0.9777
2011-02-25 01:00:00,0.98228,0.9829,0.97739,0.97797,76105.86,0.9777
2011-02-24 01:00:00,0.9887,0.99024,0.98179,0.98228,108358.75,0.9822
2011-02-23 01:00:00,0.98997,0.996,0.98594,0.9887,93250.35,0.98858
2011-02-22 01:00:00,0.98283,0.99206,0.98247,0.98999,100941.1,0.98985
2011-02-21 01:00:00,0.98537,0.98733,0.98226,0.98283,43435.56,0.98272
2011-02-20 01:00:00,0.98576,0.98576,0.98459,0.98533,1178.07,0.98526
2011-02-19 01:00:00,0.98694,0.98694,0.98694,0.98694,0.0,0.98675
2011-02-18 01:00:00,0.98416,0.9875,0.98195,0.98694,77839.06,0.98675
2011-02-17 01:00:00,0.98467,0.98602,0.98171,0.98414,80001.22,0.98404
2011-02-16 01:00:00,0.98964,0.98975,0.98467,0.98467,80101.58,0.98458
2011-02-15 01:00:00,0.9898,0.991,0.98522,0.98965,79649.14,0.98953
2011-02-14 01:00:00,0.98732,0.99027,0.98502,0.98978,69467.71,0.98968
2011-02-13 01:00:00,0.98982,0.9902,0.98717,0.98737,1828.31,0.98726
2011-02-12 01:00:00,0.98754,0.98754,0.98754,0.98754,0.0,0.9874
2011-02-11 01:00:00,0.996,0.99872,0.98638,0.98754,63534.7,0.9874
2011-02-10 01:00:00,0.99433,0.99882,0.99388,0.996,79563.33,0.99588
2011-02-09 01:00:00,0.99514,0.9957,0.99161,0.99433,80454.52,0.99419
2011-02-08 01:00:00,0.99047,0.99786,0.98701,0.99514,87175.09,0.99504
2011-02-07 01:00:00,0.98779,0.99138,0.98596,0.99049,81766.04,0.99038
2011-02-06 01:00:00,0.98826,0.98885,0.98648,0.98779,1922.46,0.98775
2011-02-05 01:00:00,0.98742,0.98742,0.98742,0.98742,0.0,0.98724
2011-02-04 01:00:00,0.99119,0.99161,0.98322,0.98742,91402.87,0.98724
2011-02-03 01:00:00,0.98802,0.99445,0.98671,0.9912,83554.77,0.99108
2011-02-02 01:00:00,0.99061,0.99172,0.98613,0.98802,80210.13,0.98788
2011-02-01 01:00:00,1.00036,1.00048,0.99012,0.99061,83886.34,0.9905
2011-01-31 01:00:00,1.00253,1.00596,0.99636,1.00036,88977.62,1.00026
2011-01-30 01:00:00,1.00226,1.00279,1.00073,1.00251,1949.77,1.00239
2011-01-29 01:00:00,1.00145,1.00145,1.00145,1.00145,0.0,1.00132
2011-01-28 01:00:00,0.99549,1.00179,0.9939,1.00145,64141.69,1.00132
2011-01-27 01:00:00,0.99484,0.99878,0.99276,0.99549,76688.66,0.99538
2011-01-26 01:00:00,0.99724,0.99826,0.99381,0.99476,63635.36,0.99466
2011-01-25 01:00:00,0.99376,1.00054,0.99131,0.99724,74024.95,0.99712
2011-01-24 01:00:00,0.9937,0.99831,0.99196,0.99374,67349.84,0.99363
2011-01-23 01:00:00,0.99337,0.99437,0.99312,0.99359,1630.82,0.99349
2011-01-22 01:00:00,0.99373,0.99373,0.99373,0.99373,0.0,0.99323
2011-01-21 01:00:00,0.99711,0.99892,0.99097,0.99373,74037.51,0.99323
2011-01-20 01:00:00,0.99564,1.00318,0.99541,0.99709,84520.96,0.99696
2011-01-19 01:00:00,0.99244,0.99671,0.98901,0.99564,77011.22,0.99555
2011-01-18 01:00:00,0.98742,0.99356,0.98388,0.99244,81727.06,0.99231
2011-01-17 01:00:00,0.9878,0.99027,0.98573,0.98741,51373.51,0.9873
2011-01-16 01:00:00,0.98866,0.98889,0.98751,0.98777,2108.14,0.98763
2011-01-15 01:00:00,0.99145,0.99145,0.99145,0.99145,0.0,0.9909
2011-01-14 01:00:00,0.98939,0.99778,0.98869,0.99145,66554.8,0.9909
2011-01-13 01:00:00,0.9867,0.99097,0.98562,0.98939,73845.92,0.98928
2011-01-12 01:00:00,0.98956,0.98969,0.98499,0.98671,72424.97,0.9866
2011-01-11 01:00:00,0.99284,0.99513,0.98924,0.98954,77484.69,0.98942
2011-01-10 01:00:00,0.99218,0.99849,0.99142,0.99285,68533.3,0.99274
2011-01-09 01:00:00,0.99309,0.99517,0.99128,0.99218,2754.4,0.99207
2011-01-08 01:00:00,0.99374,0.99374,0.99374,0.99374,0.0,0.9935
2011-01-07 01:00:00,0.9978,1.00047,0.99004,0.99374,81355.4,0.9935
2011-01-06 01:00:00,0.99671,0.99943,0.99261,0.99784,70705.4,0.99768
2011-01-05 01:00:00,0.99729,1.00242,0.99344,0.99671,77983.18,0.99662
2011-01-04 01:00:00,0.99273,1.00352,0.99181,0.99729,80212.43,0.9972
2011-01-03 01:00:00,0.9932,0.99507,0.98896,0.99272,58289.79,0.99259
2011-01-02 01:00:00,0.99492,0.99557,0.99312,0.9932,2408.48,0.99304
2011-01-01 01:00:00,0.99864,0.99864,0.99864,0.99864,0.0,0.99808
2010-12-31 01:00:00,1.0,1.00088,0.99265,0.99864,45728.7,0.99808
2010-12-30 01:00:00,1.00004,1.00233,0.99926,1.0,41161.62,0.99986
2010-12-29 01:00:00,1.00243,1.00582,0.99756,0.99999,58822.03,0.9999
2010-12-28 01:00:00,1.00602,1.00733,0.99758,1.00243,54823.3,1.0023
2010-12-27 01:00:00,1.01066,1.01124,1.0058,1.00608,35908.82,1.00596
2010-12-26 01:00:00,1.00799,1.01082,1.00732,1.01066,2410.194,1.01054
2010-12-25 01:00:00,1.00901,1.00901,1.00901,1.00901,0.0,1.00845
2010-12-24 01:00:00,1.00967,1.01218,1.005,1.00901,26015.38393,1.00845
2010-12-23 01:00:00,1.01286,1.01666,1.00725,1.00968,50735.947118,1.00949
2010-12-22 01:00:00,1.0179,1.01794,1.01122,1.01286,66286.382172,1.01273
2010-12-21 01:00:00,1.01803,1.02088,1.01528,1.0179,71208.415075,1.01777
2010-12-20 01:00:00,1.01253,1.02097,1.01033,1.01803,84676.183998,1.0179
2010-12-19 01:00:00,1.01231,1.01321,1.01184,1.01253,1820.0015,1.01238
2010-12-18 01:00:00,1.01408,1.01408,1.01408,1.01408,0.0,1.01395
2010-12-17 01:00:00,1.00595,1.0148,1.00398,1.01408,79776.2,1.01395
2010-12-16 01:00:00,1.00428,1.00762,1.00334,1.00594,68022.4,1.00583
2010-12-15 01:00:00,1.00638,1.0096,1.00024,1.00427,92647.9,1.00414
2010-12-14 01:00:00,1.00786,1.01123,1.00297,1.00639,87806.9,1.00626
2010-12-13 01:00:00,1.01099,1.01099,1.00277,1.00781,74888.8,1.0077
2010-12-12 01:00:00,1.00985,1.01094,1.0095,1.01094,1498.8,1.01081
2010-12-11 01:00:00,1.00927,1.00927,1.00927,1.00927,0.0,1.00909
2010-12-10 01:00:00,1.01052,1.01172,1.0085,1.00927,53369.5,1.00909
2010-12-09 01:00:00,1.01098,1.01272,1.00678,1.01049,69669.8,1.01036
2010-12-08 01:00:00,1.01111,1.01421,1.00645,1.01101,83039.8,1.01089
2010-12-07 01:00:00,1.00596,1.013,1.00131,1.01112,77959.2,1.01104
2010-12-06 01:00:00,1.00302,1.00838,1.00238,1.00596,62633.2,1.00586
2010-12-05 01:00:00,1.00423,1.0043,1.00286,1.00292,1954.7,1.0028
2010-12-04 01:00:00,1.00425,1.00425,1.00425,1.00425,0.0,1.00396
2010-12-03 01:00:00,1.00368,1.00813,1.00033,1.00425,75690.3,1.00396
2010-12-02 01:00:00,1.0183,1.01918,1.00268,1.00369,89426.9,1.0036
2010-12-01 01:00:00,1.02589,1.0273,1.01429,1.01831,89372.4,1.01816
2010-11-30 01:00:00,1.0195,1.02872,1.01731,1.02589,101530.7,1.0258
2010-11-29 01:00:00,1.01904,1.0259,1.01693,1.01949,76272.2,1.01937
2010-11-28 01:00:00,1.0167,1.01961,1.01633,1.01909,1385.7,1.01897
2010-11-27 01:00:00,1.02181,1.02181,1.02181,1.02181,0.0,1.02132
2010-11-26 01:00:00,1.00896,1.02475,1.00858,1.02181,27172.8,1.02132
2010-11-25 01:00:00,1.00992,1.01246,1.00773,1.00897,21881.5,1.00883
2010-11-24 01:00:00,1.02185,1.02251,1.0093,1.00993,40344.4,1.00984
2010-11-23 01:00:00,1.01929,1.02647,1.01666,1.02182,39560.5,1.0217
2010-11-22 01:00:00,1.01628,1.02176,1.0123,1.01925,31616.9,1.01915
2010-11-21 01:00:00,1.0166,1.01758,1.01584,1.01631,1358.4,1.0161
2010-11-20 01:00:00,1.01697,1.01697,1.01697,1.01697,0.0,1.01684
2010-11-19 01:00:00,1.01867,1.02351,1.01638,1.01697,30837.1,1.01684
2010-11-18 01:00:00,1.02331,1.02385,1.01559,1.01865,39595.1,1.01856
2010-11-17 01:00:00,1.02216,1.02636,1.01821,1.02331,32448.0,1.02322
2010-11-16 01:00:00,1.0101,1.02552,1.00705,1.02213,41625.0,1.02202
2010-11-15 01:00:00,1.01081,1.01401,1.00579,1.0101,36890.8,1.00998
2010-11-14 01:00:00,1.01077,1.01304,1.01016,1.01083,1635.3,1.01069
2010-11-13 01:00:00,1.01248,1.01248,1.01248,1.01248,0.0,1.01232
2010-11-12 01:00:00,1.00434,1.01473,1.00289,1.01248,86855.0,1.01232
2010-11-11 01:00:00,1.00049,1.00734,0.99781,1.00432,74067.4,1.0042
2010-11-10 01:00:00,1.00708,1.0082,0.99949,1.00061,74960.5,1.0005
2010-11-09 01:00:00,1.0046,1.00952,0.99809,1.00708,82868.1,1.00698
2010-11-08 01:00:00,1.00017,1.00563,0.99952,1.00452,81649.6,1.00442
2010-11-07 01:00:00,1.00097,1.00136,1.00005,1.00011,6021.6,1.0
2010-11-06 01:00:00,1.00033,1.00033,1.00033,1.00033,0.0,1.0002
2010-11-05 01:00:00,1.00284,1.00872,0.99926,1.00033,71964.3,1.0002
2010-11-04 01:00:00,1.00882,1.00987,1.00114,1.00293,88795.0,1.00283
2010-11-03 01:00:00,1.00903,1.01573,1.00482,1.00882,78781.8,1.00873
2010-11-02 01:00:00,1.01289,1.01398,1.00828,1.00901,67939.5,1.00892
2010-11-01 01:00:00,1.01827,1.02037,1.01267,1.01289,69072.8,1.0128
2010-10-30 02:00:00,1.01948,1.01948,1.01948,1.01948,0.0,1.01925
2010-10-29 02:00:00,1.01944,1.02489,1.01695,1.01948,69183.9,1.01925
2010-10-28 02:00:00,1.02732,1.02882,1.01825,1.01943,111024.8,1.0193
2010-10-27 02:00:00,1.02409,1.03401,1.02277,1.02729,88741.5,1.02715
2010-10-26 02:00:00,1.02034,1.02676,1.01823,1.02409,99320.5,1.02396
2010-10-25 02:00:00,1.02565,1.02599,1.01551,1.02033,168956.8,1.02019
2010-10-24 02:00:00,1.02641,1.02704,1.02513,1.02562,36166.4,1.02552
2010-10-23 02:00:00,1.02625,1.02625,1.02625,1.02625,0.0,1.026
2010-10-22 02:00:00,1.02675,1.03035,1.02245,1.02625,185532.54,1.026
2010-10-21 02:00:00,1.02295,1.0303,1.0169,1.0268,261664.92,1.0267
2010-10-20 02:00:00,1.03475,1.0348,1.02085,1.023,206913.05,1.02288
2010-10-19 02:00:00,1.0173,1.03745,1.0164,1.0348,241230.55,1.03472
2010-10-18 02:00:00,1.0139,1.0229,1.0136,1.01735,280480.2,1.01725
2010-10-17 02:00:00,1.01165,1.01405,1.0116,1.0139,7472.1,1.01377
2010-10-16 02:00:00,1.01065,1.01065,1.01065,1.01065,0.0,1.01032
2010-10-15 02:00:00,1.0059,1.01405,1.0014,1.01065,192036.3,1.01032
2010-10-14 02:00:00,1.0028,1.0075,0.9981,1.0059,270571.6,1.00582
2010-10-13 02:00:00,1.00995,1.01065,1.0012,1.0028,226731.26,1.0027
2010-10-12 02:00:00,1.01395,1.01835,1.0091,1.00995,263769.0,1.00982
2010-10-11 02:00:00,1.00955,1.01515,1.0095,1.014,196862.0,1.01388
2010-10-10 02:00:00,1.01006,1.0122,1.00935,1.00955,5582.4,1.00942
2010-10-09 02:00:00,1.0113,1.0113,1.0113,1.0113,0.0,1.0109
2010-10-08 02:00:00,1.01795,1.0233,1.00945,1.0113,174392.53,1.0109
2010-10-07 02:00:00,1.01155,1.02125,1.0079,1.01795,180662.54,1.01782
2010-10-06 02:00:00,1.0158,1.0168,1.00635,1.01155,235419.1,1.01142
2010-10-05 02:00:00,1.02365,1.02735,1.01545,1.01575,243905.0,1.01567
2010-10-04 02:00:00,1.01965,1.02455,1.0181,1.02365,194837.62,1.02355
2010-10-03 02:00:00,1.01915,1.02045,1.01881,1.01965,5997.5,1.01955
2010-10-02 02:00:00,1.0198,1.0198,1.0198,1.0198,0.0,1.0196
2010-10-01 02:00:00,1.03065,1.0315,1.01885,1.0198,202867.85,1.0196
2010-09-30 02:00:00,1.03305,1.0347,1.0232,1.03075,244028.18,1.03063
2010-09-29 02:00:00,1.0305,1.03425,1.02415,1.03305,237610.74,1.03295
2010-09-28 02:00:00,1.03065,1.0363,1.02865,1.03055,264525.25,1.0304
2010-09-27 02:00:00,1.02455,1.03095,1.02245,1.03065,260552.14,1.03055
2010-09-26 02:00:00,1.02505,1.02535,1.02374,1.0245,5454.6,1.0244
2010-09-25 02:00:00,1.02425,1.02425,1.02425,1.02425,0.0,1.02405
2010-09-24 02:00:00,1.03535,1.0356,1.02265,1.02425,201284.16,1.02405
2010-09-23 02:00:00,1.0301,1.03805,1.0286,1.03535,244550.19,1.03525
2010-09-22 02:00:00,1.02425,1.03615,1.01925,1.0301,245503.84,1.02997
2010-09-21 02:00:00,1.03065,1.0333,1.02175,1.02425,197175.3,1.02418
2010-09-20 02:00:00,1.0344,1.0346,1.02625,1.03065,225886.57,1.0306
2010-09-19 02:00:00,1.03203,1.03485,1.03171,1.0344,5200.6,1.03432
2010-09-18 02:00:00,1.03325,1.03325,1.03325,1.03325,0.0,1.03298
2010-09-17 02:00:00,1.0273,1.03515,1.02175,1.03325,198887.23,1.03298
2010-09-16 02:00:00,1.02625,1.0292,1.02405,1.0273,240120.0,1.0272
2010-09-15 02:00:00,1.02675,1.03215,1.02509,1.02625,239120.42,1.02612
2010-09-14 02:00:00,1.0287,1.03065,1.0217,1.02675,227504.09,1.02663
2010-09-13 02:00:00,1.03225,1.0347,1.0267,1.02875,199216.28,1.02862
2010-09-12 02:00:00,1.03385,1.03485,1.03215,1.03225,6701.3,1.03212
2010-09-11 02:00:00,1.03695,1.03695,1.03695,1.03695,0.0,1.03682
2010-09-10 02:00:00,1.034,1.0375,1.0288,1.03695,200368.15,1.03682
2010-09-09 02:00:00,1.0374,1.03955,1.0302,1.034,254774.53,1.03388
2010-09-08 02:00:00,1.0478,1.05105,1.0347,1.03735,259142.51,1.03725
2010-09-07 02:00:00,1.03795,1.0487,1.0354,1.0478,221720.22,1.04772
2010-09-06 02:00:00,1.0391,1.0405,1.03381,1.03805,127682.25,1.03792
2010-09-05 02:00:00,1.03963,1.0408,1.03877,1.03905,6378.8,1.03892
2010-09-04 02:00:00,1.039,1.039,1.039,1.039,0.0,1.03878
2010-09-03 02:00:00,1.054,1.05695,1.03815,1.039,172910.33,1.03878
2010-09-02 02:00:00,1.05155,1.05565,1.04725,1.05405,156691.8,1.05392
2010-09-01 02:00:00,1.06495,1.06535,1.04855,1.05155,195230.3,1.05142
2010-08-31 02:00:00,1.06015,1.06745,1.05755,1.06495,235400.71,1.06482
2010-08-30 02:00:00,1.04955,1.06075,1.04735,1.06015,194189.77,1.06005
2010-08-29 02:00:00,1.0491,1.05115,1.04825,1.04955,7888.2,1.0494
2010-08-28 02:00:00,1.051,1.051,1.051,1.051,0.0,1.05088
2010-08-27 02:00:00,1.0583,1.06505,1.0508,1.051,183919.05,1.05088
2010-08-26 02:00:00,1.05955,1.0604,1.0522,1.05825,235774.0,1.05815
2010-08-25 02:00:00,1.06015,1.0669,1.05755,1.05955,234509.1,1.05945
2010-08-24 02:00:00,1.05415,1.06655,1.05385,1.0601,207349.82,1.06002
2010-08-23 02:00:00,1.0496,1.0547,1.0446,1.05415,179686.43,1.05402
2010-08-22 02:00:00,1.04918,1.05015,1.04865,1.04955,5540.8,1.04945
2010-08-21 02:00:00,1.0477,1.0477,1.0477,1.0477,0.0,1.0475
2010-08-20 02:00:00,1.0397,1.0516,1.03835,1.0477,201241.0,1.0475
2010-08-19 02:00:00,1.02955,1.0417,1.02485,1.0397,213900.26,1.0396
2010-08-18 02:00:00,1.03275,1.0342,1.0268,1.02955,214506.4,1.02942
2010-08-17 02:00:00,1.0432,1.04375,1.03095,1.03275,260784.9,1.03265
2010-08-16 02:00:00,1.04195,1.04665,1.03725,1.04315,211363.95,1.04303
2010-08-15 02:00:00,1.0412,1.04205,1.04016,1.04195,5416.3,1.04182
2010-08-14 02:00:00,1.0421,1.0421,1.0421,1.0421,0.0,1.04185
2010-08-13 02:00:00,1.04255,1.044,1.03505,1.0421,209271.01,1.04185
2010-08-12 02:00:00,1.04715,1.04955,1.04198,1.04255,265316.9,1.04243
2010-08-11 02:00:00,1.031,1.0483,1.03065,1.0471,277818.42,1.047
2010-08-10 02:00:00,1.02795,1.03895,1.0277,1.03105,277201.2,1.0309
2010-08-09 02:00:00,1.0286,1.0301,1.02575,1.02795,203652.1,1.02785
2010-08-08 02:00:00,1.02686,1.029,1.02652,1.0286,6446.8,1.02848
2010-08-07 02:00:00,1.0276,1.0276,1.0276,1.0276,0.0,1.02738
2010-08-06 02:00:00,1.0174,1.03075,1.01485,1.0276,147353.56,1.02738
2010-08-05 02:00:00,1.0183,1.0183,1.0109,1.0174,152928.1,1.01732
2010-08-04 02:00:00,1.02385,1.02725,1.0164,1.0183,169165.42,1.0182
2010-08-03 02:00:00,1.02285,1.0275,1.02205,1.0238,177696.52,1.02367
2010-08-02 02:00:00,1.02915,1.0292,1.02055,1.02285,185117.5,1.02275
2010-08-01 02:00:00,1.02855,1.0306,1.02824,1.0292,8951.1,1.0291
2010-07-31 02:00:00,1.02985,1.02985,1.02985,1.02985,0.0,1.0297
2010-07-30 02:00:00,1.0358,1.03765,1.0265,1.02985,207372.45,1.0297
2010-07-29 02:00:00,1.0377,1.03935,1.03045,1.0358,173085.67,1.0357
2010-07-28 02:00:00,1.0358,1.03925,1.03,1.0377,185534.1,1.0376
2010-07-27 02:00:00,1.0324,1.03965,1.02575,1.03575,181848.65,1.03567
2010-07-26 02:00:00,1.03705,1.03795,1.0304,1.0324,189060.0,1.0323
2010-07-25 02:00:00,1.0374,1.0393,1.03685,1.03715,4515.7,1.03702
2010-07-24 02:00:00,1.0361,1.0361,1.0361,1.0361,0.0,1.0357
2010-07-23 02:00:00,1.03655,1.04395,1.0347,1.0361,164680.5,1.0357
2010-07-22 02:00:00,1.04735,1.0505,1.0357,1.03665,191982.42,1.03653
2010-07-21 02:00:00,1.04295,1.0503,1.03525,1.04735,191542.35,1.04725
2010-07-20 02:00:00,1.0546,1.0588,1.0425,1.0429,201005.24,1.04278
2010-07-19 02:00:00,1.0579,1.05815,1.05,1.0546,184828.37,1.05445
2010-07-18 02:00:00,1.05618,1.0584,1.05506,1.058,8252.9,1.05785
2010-07-17 02:00:00,1.0581,1.0581,1.0581,1.0581,0.0,1.05792
2010-07-16 02:00:00,1.039,1.0582,1.03835,1.0581,184961.4,1.05792
2010-07-15 02:00:00,1.0334,1.04445,1.0285,1.039,248517.96,1.03888
2010-07-14 02:00:00,1.03105,1.0372,1.0287,1.0334,167154.95,1.03328
2010-07-13 02:00:00,1.03505,1.0387,1.02775,1.03105,174428.59,1.03095
2010-07-12 02:00:00,1.03245,1.03875,1.0302,1.0351,168136.1,1.03498
2010-07-11 02:00:00,1.03255,1.0336,1.03163,1.0324,10131.6,1.03232
2010-07-10 02:00:00,1.03415,1.03415,1.03415,1.03415,0.0,1.03385
2010-07-09 02:00:00,1.0436,1.0456,1.0297,1.03415,159043.55,1.03385
2010-07-08 02:00:00,1.0482,1.04825,1.038,1.0436,152886.7,1.04348
2010-07-07 02:00:00,1.05295,1.06075,1.04655,1.0482,212102.34,1.04807
2010-07-06 02:00:00,1.0661,1.06785,1.0486,1.05305,175052.6,1.05293
2010-07-05 02:00:00,1.06435,1.0678,1.05775,1.0661,108992.74,1.06595
2010-07-04 02:00:00,1.06178,1.0648,1.06135,1.0643,6981.5,1.06415
2010-07-03 02:00:00,1.0627,1.0627,1.0627,1.0627,0.0,1.06242
2010-07-02 02:00:00,1.05895,1.0669,1.05585,1.0627,119738.75,1.06242
2010-07-01 02:00:00,1.06335,1.0676,1.0579,1.05895,189138.2,1.0588
2010-06-30 02:00:00,1.0546,1.065,1.04685,1.06335,165775.6,1.0632
2010-06-29 02:00:00,1.0353,1.05775,1.03414,1.0546,166403.05,1.05445
2010-06-28 02:00:00,1.0356,1.0374,1.0322,1.0354,149281.38,1.03528
2010-06-27 02:00:00,1.03435,1.0373,1.03399,1.0356,5821.7,1.03547
2010-06-26 02:00:00,1.0358,1.0358,1.0358,1.0358,0.0,1.0353
2010-06-25 02:00:00,1.04275,1.0443,1.03415,1.0358,159847.87,1.0353
2010-06-24 02:00:00,1.03995,1.0471,1.03765,1.04275,183062.96,1.04268
2010-06-23 02:00:00,1.02855,1.04605,1.0284,1.03995,186924.41,1.03982
2010-06-22 02:00:00,1.02335,1.0299,1.01825,1.0286,142584.39,1.0285
2010-06-21 02:00:00,1.0177,1.0262,1.014,1.02335,145044.79,1.02325
2010-06-20 02:00:00,1.01893,1.0218,1.01765,1.0177,6642.3,1.01757
2010-06-19 02:00:00,1.02215,1.02215,1.02215,1.02215,0.0,1.02182
2010-06-18 02:00:00,1.02882,1.0314,1.02085,1.02215,167358.4,1.02182
2010-06-17 02:00:00,1.026,1.03395,1.02255,1.02885,178502.4,1.02875
2010-06-16 02:00:00,1.02615,1.0325,1.02255,1.026,169919.5,1.0259
2010-06-15 02:00:00,1.03345,1.0362,1.0243,1.02625,163334.06,1.02612
2010-06-14 02:00:00,1.02995,1.0352,1.02255,1.03345,166431.53,1.03332
2010-06-13 02:00:00,1.03158,1.0353,1.02995,1.03,8662.6,1.02988
2010-06-12 02:00:00,1.0325,1.0325,1.0325,1.0325,0.0,1.03235
2010-06-11 02:00:00,1.0303,1.03905,1.0301,1.0325,142689.57,1.03235
2010-06-10 02:00:00,1.04335,1.04505,1.0289,1.03025,210530.14,1.03015
2010-06-09 02:00:00,1.04885,1.05175,1.0366,1.04335,209986.45,1.04325
2010-06-08 02:00:00,1.0596,1.05975,1.0471,1.04885,305392.5,1.04873
2010-06-07 02:00:00,1.064,1.06805,1.05165,1.05955,230183.75,1.05945
2010-06-06 02:00:00,1.06248,1.0645,1.0599,1.064,7244.9,1.06387
2010-06-05 02:00:00,1.0631,1.0631,1.0631,1.0631,0.0,1.06285
2010-06-04 02:00:00,1.04035,1.06315,1.03605,1.0631,196143.55,1.06285
2010-06-03 02:00:00,1.0393,1.04645,1.03355,1.04035,177390.02,1.04022
2010-06-02 02:00:00,1.054,1.05735,1.03725,1.03925,211919.87,1.03915
2010-06-01 02:00:00,1.04285,1.0563,1.0423,1.054,228301.25,1.05388
2010-05-31 02:00:00,1.05455,1.05495,1.0415,1.04275,103289.1,1.04263
2010-05-30 02:00:00,1.05224,1.05535,1.0515,1.05465,10262.4,1.0545
2010-05-29 02:00:00,1.05495,1.05495,1.05495,1.05495,0.0,1.0547
2010-05-28 02:00:00,1.04955,1.05625,1.0445,1.05495,227389.96,1.0547
2010-05-27 02:00:00,1.0691,1.0707,1.0482,1.04955,282696.15,1.04942
2010-05-26 02:00:00,1.06865,1.07465,1.0582,1.06915,286991.03,1.06902
2010-05-25 02:00:00,1.0639,1.0855,1.06325,1.06865,376816.66,1.06845
2010-05-24 02:00:00,1.063,1.0662,1.0536,1.064,303527.62,1.06382
2010-05-23 02:00:00,1.06052,1.06445,1.06039,1.063,9504.6,1.06285
2010-05-22 02:00:00,1.05995,1.05995,1.05995,1.05995,0.0,1.0595
2010-05-21 02:00:00,1.06965,1.07525,1.05525,1.05995,271000.79,1.0595
2010-05-20 02:00:00,1.04495,1.07485,1.0433,1.06975,246496.61,1.06962
2010-05-19 02:00:00,1.0427,1.05385,1.03875,1.04505,300024.07,1.0449
2010-05-18 02:00:00,1.03335,1.0428,1.02475,1.04275,229423.8,1.0426
2010-05-17 02:00:00,1.03555,1.04405,1.03105,1.0333,239205.6,1.03322
2010-05-16 02:00:00,1.03349,1.0369,1.03325,1.0357,6328.1,1.03552
2010-05-15 02:00:00,1.03585,1.03585,1.03585,1.03585,0.0,1.03558
2010-05-14 02:00:00,1.02145,1.038,1.02125,1.03585,263289.24,1.03558
2010-05-13 02:00:00,1.0183,1.02305,1.0112,1.02155,221909.7,1.02145
2010-05-12 02:00:00,1.0208,1.02485,1.0155,1.0183,269435.77,1.0182
2010-05-11 02:00:00,1.02495,1.02895,1.0151,1.0208,291182.1,1.02065
2010-05-10 02:00:00,1.03745,1.03805,1.0211,1.0247,262283.32,1.02462
2010-05-09 02:00:00,1.0354,1.0396,1.0313,1.0373,10258.4,1.03718
2010-05-08 02:00:00,1.04315,1.04315,1.04315,1.04315,0.0,1.04308
2010-05-07 02:00:00,1.04895,1.05715,1.0339,1.04315,233933.31,1.04308
2010-05-06 02:00:00,1.03115,1.0745,1.02835,1.04875,242996.33,1.04858
2010-05-05 02:00:00,1.0243,1.03565,1.02335,1.0312,296809.64,1.03103
2010-05-04 02:00:00,1.01185,1.026,1.01095,1.02425,239683.51,1.02413
2010-05-03 02:00:00,1.01625,1.01875,1.0102,1.01185,193839.7,1.01172
2010-05-02 02:00:00,1.01763,1.0182,1.01579,1.01625,5865.3,1.0161
2010-05-01 02:00:00,1.0181,1.0181,1.0181,1.0181,0.0,1.01785
2010-04-30 02:00:00,1.00465,1.0181,1.00175,1.0181,194642.71,1.01785
2010-04-29 02:00:00,1.01095,1.01145,1.0015,1.0046,259893.17,1.0045
2010-04-28 02:00:00,1.01515,1.0198,1.00755,1.01095,237317.2,1.01083
2010-04-27 02:00:00,1.0005,1.0182,0.99993,1.01515,303330.5,1.01502
2010-04-26 02:00:00,0.99995,1.00245,0.9972,1.0005,207203.82,1.00038
2010-04-25 02:00:00,0.99967,1.0003,0.9986,0.99995,4625.9,0.99982
2010-04-24 02:00:00,0.9993,0.9993,0.9993,0.9993,0.0,0.99905
2010-04-23 02:00:00,1.00295,1.0066,0.99695,0.9993,198552.31,0.99905
2010-04-22 02:00:00,0.99935,1.00405,0.99615,1.00295,265627.3,1.0028
2010-04-21 02:00:00,0.9985,1.00145,0.99315,0.99935,293683.66,0.99922
2010-04-20 02:00:00,1.01495,1.0165,0.9972,0.9985,240146.7,0.99838
2010-04-19 02:00:00,1.01525,1.0217,1.0138,1.01495,205101.33,1.01483
2010-04-18 02:00:00,1.0148,1.0161,1.01436,1.0153,5230.4,1.0152
2010-04-17 02:00:00,1.01315,1.01315,1.01315,1.01315,0.0,1.01285
2010-04-16 02:00:00,1.0024,1.01655,1.00045,1.01315,228419.0,1.01285
2010-04-15 02:00:00,0.9983,1.0037,0.99606,1.0021,218720.18,1.002
2010-04-14 02:00:00,1.00155,1.0018,0.9954,0.9983,196072.14,0.9982
2010-04-13 02:00:00,1.00315,1.00665,1.00065,1.00155,221762.53,1.00142
2010-04-12 02:00:00,1.00365,1.00895,1.0012,1.00298,184748.25,1.00288
2010-04-11 02:00:00,1.0023,1.0059,1.00141,1.00365,7418.9,1.0035
2010-04-10 02:00:00,1.0032,1.0032,1.0032,1.0032,0.0,1.00265
2010-04-09 02:00:00,1.0011,1.00835,0.99925,1.0032,148896.3,1.00265
2010-04-08 02:00:00,1.00565,1.01065,1.001,1.00105,189096.13,1.00095
2010-04-07 02:00:00,1.00195,1.0067,0.99785,1.00565,207314.93,1.00552
2010-04-06 02:00:00,1.0021,1.0049,0.9989,1.00195,186231.92,1.00182
2010-04-05 02:00:00,1.0089,1.0089,1.00108,1.0021,104472.61,1.00202
2010-04-04 02:00:00,1.00858,1.0093,1.0074,1.0089,3314.6,1.00873
2010-04-03 02:00:00,1.0118,1.0118,1.0118,1.0118,0.0,1.0111
2010-04-02 02:00:00,1.0097,1.01315,1.00865,1.0118,67960.92,1.0111
2010-04-01 02:00:00,1.0141,1.01485,1.00685,1.0097,213131.71,1.00957
2010-03-31 02:00:00,1.0178,1.02005,1.013,1.01405,188642.23,1.01395
2010-03-30 02:00:00,1.02155,1.0225,1.0159,1.01775,186216.92,1.01762
2010-03-29 02:00:00,1.02645,1.0272,1.01775,1.02155,196413.1,1.02142
2010-03-28 01:00:00,1.02605,1.0276,1.02483,1.02645,6039.9,1.02635
2010-03-27 01:00:00,1.0269,1.0269,1.0269,1.0269,0.0,1.02665
2010-03-26 01:00:00,1.02365,1.0304,1.02075,1.0269,169866.42,1.02665
2010-03-25 01:00:00,1.02385,1.0252,1.01715,1.02365,171753.47,1.02352
2010-03-24 01:00:00,1.01655,1.0283,1.0159,1.02385,202000.03,1.0237
2010-03-23 01:00:00,1.01715,1.023,1.0153,1.01655,201134.4,1.01642
2010-03-22 01:00:00,1.01705,1.0245,1.0149,1.01715,212028.68,1.017
2010-03-21 01:00:00,1.01564,1.0175,1.01482,1.01705,6157.3,1.0169
2010-03-20 01:00:00,1.0175,1.0175,1.0175,1.0175,0.0,1.0173
2010-03-19 01:00:00,1.01375,1.019,1.0063,1.0175,157360.22,1.0173
2010-03-18 01:00:00,1.01055,1.01535,1.0091,1.01375,144196.06,1.01362
2010-03-17 01:00:00,1.01365,1.0144,1.0072,1.01039,179066.05,1.01026
2010-03-16 01:00:00,1.0192,1.02035,1.01326,1.01365,207493.14,1.0135
2010-03-15 01:00:00,1.01685,1.02335,1.01665,1.0192,205275.83,1.01908
2010-03-14 01:00:00,1.01767,1.01788,1.0164,1.01685,3801.4,1.0167
2010-03-13 01:00:00,1.0195,1.0195,1.0195,1.0195,0.0,1.01925
2010-03-12 01:00:00,1.0238,1.0249,1.01565,1.0195,184489.08,1.01925
2010-03-11 01:00:00,1.02575,1.03235,1.02295,1.0238,159355.72,1.02365
2010-03-10 01:00:00,1.02705,1.02925,1.02175,1.02575,150396.07,1.02562
2010-03-09 01:00:00,1.02805,1.03205,1.0237,1.02705,182267.64,1.02688
2010-03-08 01:00:00,1.02685,1.0295,1.0252,1.02805,166789.11,1.02792
2010-03-07 01:00:00,1.0286,1.0286,1.02649,1.02685,4835.7,1.0268
2010-03-06 01:00:00,1.0296,1.0296,1.0296,1.0296,0.0,1.0289
2010-03-05 01:00:00,1.03155,1.0333,1.02625,1.0296,140603.18,1.0289
2010-03-04 01:00:00,1.0323,1.03405,1.02715,1.03155,144591.9,1.03142
2010-03-03 01:00:00,1.03505,1.0363,1.02755,1.03225,161801.78,1.03215
2010-03-02 01:00:00,1.042,1.04455,1.03095,1.03505,239294.69,1.03495
2010-03-01 01:00:00,1.0516,1.0576,1.04086,1.04205,225902.52,1.04195
2010-02-28 01:00:00,1.05505,1.05505,1.0508,1.05155,3527.8,1.05138
2010-02-27 01:00:00,1.05235,1.05235,1.05235,1.05235,0.0,1.05177
2010-02-26 01:00:00,1.06155,1.06205,1.05135,1.05235,186378.25,1.05177
2010-02-25 01:00:00,1.05295,1.0682,1.05155,1.06145,214535.52,1.0613
2010-02-24 01:00:00,1.05515,1.05965,1.05115,1.05295,224992.03,1.0528
2010-02-23 01:00:00,1.04225,1.0581,1.0383,1.05515,182819.44,1.05498
2010-02-22 01:00:00,1.03905,1.04425,1.03713,1.04225,260335.97,1.0421
2010-02-21 01:00:00,1.03885,1.04005,1.03854,1.03905,3414.6,1.03895
2010-02-20 01:00:00,1.0396,1.0396,1.0396,1.0396,0.0,1.0393
2010-02-19 01:00:00,1.05025,1.0532,1.03895,1.0396,218875.22,1.0393
2010-02-18 01:00:00,1.0463,1.0521,1.03985,1.05025,193515.17,1.0501
2010-02-17 01:00:00,1.0438,1.04725,1.0413,1.0463,195655.24,1.04617
2010-02-16 01:00:00,1.0498,1.0501,1.04105,1.0439,206658.86,1.0437
2010-02-15 01:00:00,1.05125,1.05345,1.04645,1.04975,87120.69,1.04957
2010-02-14 01:00:00,1.0513,1.05215,1.05041,1.05115,2153.7,1.05095
2010-02-13 01:00:00,1.0507,1.0507,1.0507,1.0507,0.0,1.05037
2010-02-12 01:00:00,1.0506,1.05805,1.04905,1.0507,222656.85,1.05037
2010-02-11 01:00:00,1.0623,1.0623,1.04805,1.0506,228808.35,1.05042
2010-02-10 01:00:00,1.0678,1.07095,1.0599,1.0624,229635.87,1.06222
2010-02-09 01:00:00,1.07495,1.07585,1.06465,1.0676,213734.58,1.06748
2010-02-08 01:00:00,1.0717,1.07765,1.0658,1.07495,171274.41,1.0748
2010-02-07 01:00:00,1.0691,1.07225,1.06805,1.0717,3545.64,1.07155
2010-02-06 01:00:00,1.072,1.072,1.072,1.072,0.0,1.07175
2010-02-05 01:00:00,1.07225,1.07815,1.06455,1.072,226698.31,1.07175
2010-02-04 01:00:00,1.062,1.0755,1.05985,1.0723,198566.41,1.07215
2010-02-03 01:00:00,1.05755,1.0639,1.0547,1.062,188139.9,1.06185
2010-02-02 01:00:00,1.06225,1.0642,1.05665,1.05755,207618.8,1.0574
2010-02-01 01:00:00,1.06845,1.07235,1.06031,1.06225,189402.05,1.06208
2010-01-31 01:00:00,1.071,1.071,1.06825,1.06845,2730.8,1.06825
2010-01-30 01:00:00,1.0706,1.0706,1.0706,1.0706,0.0,1.0704
2010-01-29 01:00:00,1.0663,1.07085,1.0625,1.0706,219762.4,1.0704
2010-01-28 01:00:00,1.06405,1.06805,1.0558,1.0663,212713.58,1.0662
2010-01-27 01:00:00,1.06225,1.06895,1.06105,1.064,248419.25,1.06382
2010-01-26 01:00:00,1.05735,1.06935,1.0545,1.06225,233274.77,1.06215
2010-01-25 01:00:00,1.05685,1.06145,1.0534,1.05725,203787.36,1.0571
2010-01-24 01:00:00,1.0588,1.05895,1.05565,1.05685,2543.72,1.0567
2010-01-23 01:00:00,1.05825,1.05825,1.05825,1.05825,0.0,1.05792
2010-01-22 01:00:00,1.05075,1.06045,1.04624,1.05825,213325.1,1.05792
2010-01-21 01:00:00,1.04545,1.05275,1.04405,1.05075,266480.15,1.0506
2010-01-20 01:00:00,1.03195,1.04905,1.03145,1.04545,227933.96,1.04525
2010-01-19 01:00:00,1.0253,1.0349,1.02495,1.03195,179516.69,1.0318
2010-01-18 01:00:00,1.0297,1.0317,1.02474,1.0254,90356.9,1.02518
2010-01-17 01:00:00,1.03055,1.0309,1.02892,1.0297,4667.86,1.0295
2010-01-16 01:00:00,1.02945,1.02945,1.02945,1.02945,0.0,1.0291
2010-01-15 01:00:00,1.02395,1.0315,1.02345,1.02945,211185.35,1.0291
2010-01-14 01:00:00,1.03135,1.03245,1.02265,1.02395,232382.96,1.02378
2010-01-13 01:00:00,1.03955,1.0414,1.02905,1.03135,226429.23,1.03115
2010-01-12 01:00:00,1.0341,1.0416,1.0315,1.03955,198183.8,1.0394
2010-01-11 01:00:00,1.0282,1.0346,1.0254,1.0341,216583.94,1.03397
2010-01-10 01:00:00,1.02875,1.03165,1.0269,1.02825,3146.4,1.0281
2010-01-09 01:00:00,1.0301,1.0301,1.0301,1.0301,0.0,1.02988
2010-01-08 01:00:00,1.0344,1.0386,1.02965,1.0301,215818.33,1.02988
2010-01-07 01:00:00,1.03205,1.0375,1.0293,1.0344,216944.13,1.03428
2010-01-06 01:00:00,1.03985,1.04115,1.0315,1.03215,200986.25,1.032
2010-01-05 01:00:00,1.04125,1.0413,1.0338,1.03985,196253.47,1.03965
2010-01-04 01:00:00,1.04755,1.052,1.0353,1.04125,182425.4,1.04115
2010-01-03 01:00:00,1.05155,1.0528,1.04655,1.04755,4798.6,1.04735
2010-01-02 01:00:00,1.05185,1.05185,1.05185,1.05185,0.0,1.0517
2010-01-01 01:00:00,1.0518,1.05213,1.05154,1.05185,164554.8,1.0517
2009-12-31 01:00:00,1.05505,1.05525,1.0457,1.05178,94302.7,1.05163
2009-12-30 01:00:00,1.04455,1.05805,1.0444,1.05505,156936.23,1.0549
2009-12-29 01:00:00,1.04325,1.04465,1.03685,1.04455,171239.3,1.0444
2009-12-28 01:00:00,1.04875,1.05035,1.042,1.04325,91960.63,1.0431
2009-12-27 01:00:00,1.04881,1.0502,1.04755,1.04875,2737.1,1.04845
2009-12-26 01:00:00,1.04942,1.04942,1.04942,1.04942,0.0,1.04927
2009-12-25 01:00:00,1.05038,1.05055,1.04724,1.04942,205570.86,1.04927
2009-12-24 01:00:00,1.04905,1.05105,1.04495,1.05033,82842.36,1.05018
2009-12-23 01:00:00,1.05745,1.058,1.0472,1.04905,126882.39,1.0489
2009-12-22 01:00:00,1.06195,1.0637,1.0543,1.05745,213650.06,1.05728
2009-12-21 01:00:00,1.06735,1.07,1.0538,1.06195,233879.23,1.0618
2009-12-20 01:00:00,1.0672,1.06865,1.06642,1.06735,1851.2,1.06718
2009-12-19 01:00:00,1.06695,1.06695,1.06695,1.06695,0.0,1.06655
2009-12-18 01:00:00,1.07045,1.0719,1.063,1.06695,236801.6,1.06655
2009-12-17 01:00:00,1.06235,1.0749,1.0612,1.07045,283331.45,1.07032
2009-12-16 01:00:00,1.06085,1.06445,1.05725,1.0624,257506.54,1.06217
2009-12-15 01:00:00,1.05935,1.06535,1.05535,1.06085,211147.7,1.0607
2009-12-14 01:00:00,1.059,1.0665,1.05657,1.05935,223363.85,1.05915
2009-12-13 01:00:00,1.06033,1.06185,1.05795,1.05915,3738.4,1.05892
2009-12-12 01:00:00,1.06045,1.06045,1.06045,1.06045,0.0,1.0601
2009-12-11 01:00:00,1.05165,1.0624,1.04832,1.06045,220174.0,1.0601
2009-12-10 01:00:00,1.05455,1.05845,1.048,1.05175,187895.79,1.05155
2009-12-09 01:00:00,1.06495,1.0652,1.0516,1.0545,237774.3,1.05432
2009-12-08 01:00:00,1.05025,1.0672,1.0489,1.06495,259767.86,1.06478
2009-12-07 01:00:00,1.05655,1.06515,1.04835,1.05025,254713.91,1.05005
2009-12-06 01:00:00,1.05695,1.05815,1.0553,1.05655,3262.5,1.0564
2009-12-05 01:00:00,1.05835,1.05835,1.05835,1.05835,0.0,1.058
2009-12-04 01:00:00,1.05625,1.0598,1.04355,1.05835,229139.24,1.058
2009-12-03 01:00:00,1.04955,1.05855,1.04645,1.05625,182979.32,1.05605
2009-12-02 01:00:00,1.04655,1.0518,1.0433,1.04955,213899.65,1.04935
2009-12-01 01:00:00,1.05425,1.05795,1.0408,1.04655,222145.69,1.04643
2009-11-30 01:00:00,1.0597,1.06155,1.0535,1.05425,226880.67,1.0541
2009-11-29 01:00:00,1.05767,1.0627,1.05735,1.05995,3490.08,1.05975
2009-11-28 01:00:00,1.06235,1.06235,1.06235,1.06235,0.0,1.06187
2009-11-27 01:00:00,1.062,1.0751,1.05925,1.06235,131385.88,1.06187
2009-11-26 01:00:00,1.0467,1.06245,1.04595,1.062,91133.82,1.06172
2009-11-25 01:00:00,1.05825,1.0586,1.04496,1.0464,162855.3,1.04625
2009-11-24 01:00:00,1.05715,1.0645,1.05645,1.05835,189770.29,1.05817
2009-11-23 01:00:00,1.0697,1.0697,1.05415,1.0572,197039.24,1.057
2009-11-22 01:00:00,1.07044,1.0718,1.06935,1.06985,2990.4,1.06955
2009-11-21 01:00:00,1.0712,1.0712,1.0712,1.0712,0.0,1.0706
2009-11-20 01:00:00,1.063,1.0735,1.06175,1.0712,186098.63,1.0706
2009-11-19 01:00:00,1.05565,1.06905,1.05523,1.063,227060.45,1.06283
2009-11-18 01:00:00,1.05127,1.05835,1.0451,1.05565,196888.11,1.05545
2009-11-17 01:00:00,1.04725,1.062,1.04656,1.05124,264819.84,1.05109
2009-11-16 01:00:00,1.04935,1.05245,1.04275,1.04725,205603.61,1.0471
2009-11-15 01:00:00,1.054,1.05455,1.04925,1.04935,3474.7,1.0492
2009-11-14 01:00:00,1.05171,1.05171,1.05171,1.05171,0.0,1.05156
2009-11-13 01:00:00,1.05545,1.05695,1.0474,1.05171,225413.81,1.05156
2009-11-12 01:00:00,1.04495,1.0578,1.0419,1.05545,293004.57,1.05525
2009-11-11 01:00:00,1.05035,1.05065,1.0434,1.04495,255106.97,1.04478
2009-11-10 01:00:00,1.0556,1.06115,1.0486,1.05015,306246.74,1.05005
2009-11-09 01:00:00,1.07445,1.075,1.05435,1.05555,283087.24,1.05545
2009-11-08 01:00:00,1.0729,1.07445,1.07189,1.07445,3070.7,1.07428
2009-11-07 01:00:00,1.07514,1.07514,1.07514,1.07514,0.0,1.07496
2009-11-06 01:00:00,1.06535,1.0782,1.0611,1.07514,300945.29,1.07496
2009-11-05 01:00:00,1.06315,1.06835,1.0607,1.0654,276211.87,1.06522
2009-11-04 01:00:00,1.06675,1.0688,1.0596,1.06315,293481.01,1.063
2009-11-03 01:00:00,1.07805,1.0855,1.06528,1.06675,316963.53,1.06663
2009-11-02 01:00:00,1.08315,1.0839,1.07155,1.07805,331237.64,1.0778
2009-11-01 01:00:00,1.08475,1.0873,1.08305,1.08315,4375.3,1.083
2009-10-31 01:00:00,1.08485,1.08485,1.08485,1.08485,0.0,1.08468
2009-10-30 01:00:00,1.0679,1.0849,1.0655,1.08485,243114.91,1.08468
2009-10-24 02:00:00,1.0544,1.0544,1.0544,1.0544,0.0,1.0538
2009-10-23 02:00:00,1.04605,1.0547,1.0452,1.0544,284581.68,1.0538
2009-10-22 02:00:00,1.04415,1.05465,1.042,1.04605,258717.32,1.04585
2009-10-21 02:00:00,1.04925,1.05845,1.03795,1.04405,367952.81,1.0439
2009-10-20 02:00:00,1.029,1.0528,1.0268,1.0493,332534.33,1.04913
2009-10-19 02:00:00,1.03845,1.0426,1.02755,1.029,284619.71,1.0288
2009-10-18 02:00:00,1.03687,1.04065,1.03663,1.0387,4189.09,1.03848
2009-10-17 02:00:00,1.03735,1.03735,1.03735,1.03735,0.0,1.03698
2009-10-16 02:00:00,1.03135,1.0438,1.02905,1.03735,280773.52,1.03698
2009-10-15 02:00:00,1.02305,1.0373,1.02029,1.03145,282324.44,1.03125
2009-10-14 02:00:00,1.03215,1.03265,1.02305,1.02305,289493.47,1.02292
2009-10-13 02:00:00,1.03285,1.0375,1.0267,1.03215,281469.31,1.03192
2009-10-12 02:00:00,1.04205,1.0455,1.03185,1.03285,169393.74,1.03273
2009-10-11 02:00:00,1.04354,1.04485,1.04052,1.04205,6144.0,1.04192
2009-10-10 02:00:00,1.04265,1.04265,1.04265,1.04265,0.0,1.0422
2009-10-09 02:00:00,1.05305,1.05535,1.0412,1.04265,248135.47,1.0422
2009-10-08 02:00:00,1.05965,1.0633,1.0507,1.053,255495.1,1.05282
2009-10-07 02:00:00,1.05955,1.06505,1.05295,1.05965,258465.41,1.05942
2009-10-06 02:00:00,1.0701,1.0718,1.0549,1.0596,271767.64,1.05942
2009-10-05 02:00:00,1.07995,1.08025,1.0695,1.0701,237378.18,1.06992
2009-10-04 02:00:00,1.07942,1.08265,1.0793,1.08,3669.9,1.0798
2009-10-03 02:00:00,1.08005,1.08005,1.08005,1.08005,0.0,1.07975
2009-10-02 02:00:00,1.08485,1.0962,1.07905,1.08005,261914.73,1.07975
2009-10-01 02:00:00,1.0689,1.085,1.0675,1.08485,289313.43,1.08468
2009-09-30 02:00:00,1.08405,1.0849,1.06735,1.06895,251475.2,1.06873
2009-09-29 02:00:00,1.08575,1.09255,1.0796,1.0841,249867.3,1.08402
2009-09-28 02:00:00,1.09355,1.0996,1.0834,1.08575,205861.65,1.08555
2009-09-27 02:00:00,1.09049,1.0943,1.09045,1.09355,3785.8,1.0934
2009-09-26 02:00:00,1.09155,1.09155,1.09155,1.09155,0.0,1.091
2009-09-25 02:00:00,1.09115,1.09845,1.08615,1.09155,231728.56,1.091
2009-09-24 02:00:00,1.0755,1.095,1.07085,1.09105,244767.88,1.09085
2009-09-23 02:00:00,1.0683,1.07795,1.06609,1.07545,218297.3,1.07532
2009-09-22 02:00:00,1.07805,1.0784,1.06615,1.06835,205956.9,1.0682
2009-09-21 02:00:00,1.06935,1.0855,1.06787,1.07825,202533.82,1.0781
2009-09-20 02:00:00,1.06941,1.07245,1.0686,1.06935,3591.0,1.0692
2009-09-19 02:00:00,1.0695,1.0695,1.0695,1.0695,0.0,1.0691
2009-09-18 02:00:00,1.066,1.07695,1.0655,1.0695,156082.64,1.0691
2009-09-17 02:00:00,1.0671,1.0678,1.0592,1.066,246859.83,1.0659
2009-09-16 02:00:00,1.073,1.0738,1.0647,1.0671,197455.4,1.06695
2009-09-15 02:00:00,1.08255,1.08725,1.07135,1.0728,129144.56,1.07278
2009-09-14 02:00:00,1.0789,1.09275,1.0789,1.08255,125416.58,1.08242
2009-09-13 02:00:00,1.07742,1.08005,1.07649,1.07885,4745.5,1.07875
2009-09-12 02:00:00,1.0771,1.0771,1.0771,1.0771,0.0,1.07675
2009-09-11 02:00:00,1.0782,1.07945,1.0716,1.0771,132499.25,1.07675
2009-09-10 02:00:00,1.07945,1.08815,1.07705,1.07815,132311.09,1.07797
2009-09-09 02:00:00,1.07805,1.08375,1.0747,1.07945,141521.34,1.07935
2009-09-08 02:00:00,1.0788,1.0824,1.06745,1.07805,152364.81,1.07797
2009-09-07 02:00:00,1.08475,1.08625,1.07415,1.0788,72624.06,1.07862
2009-09-06 02:00:00,1.08659,1.08765,1.08355,1.08475,3770.75,1.0847
2009-09-05 02:00:00,1.0885,1.0885,1.0885,1.0885,0.0,1.0882
2009-09-04 02:00:00,1.10255,1.10385,1.0825,1.0885,125670.71,1.0882
2009-09-03 02:00:00,1.10465,1.10755,1.0968,1.1026,145069.45,1.10252
2009-09-02 02:00:00,1.1041,1.1104,1.10085,1.1046,130352.83,1.10452
2009-09-01 02:00:00,1.0943,1.1069,1.08725,1.1041,146177.42,1.10395
2009-08-31 02:00:00,1.09185,1.10935,1.0905,1.0943,135633.63,1.09415
2009-08-30 02:00:00,1.09133,1.09595,1.08995,1.0918,4269.7,1.0917
2009-08-29 02:00:00,1.0921,1.0921,1.0921,1.0921,0.0,1.0917
2009-08-28 02:00:00,1.0872,1.0938,1.0793,1.0921,118035.11,1.0917
2009-08-27 02:00:00,1.098,1.10225,1.0833,1.08725,149131.6,1.0871
2009-08-26 02:00:00,1.0878,1.10015,1.08315,1.09805,134985.07,1.09788
2009-08-25 02:00:00,1.0779,1.0878,1.072,1.0878,131393.66,1.08762
2009-08-24 02:00:00,1.08055,1.08255,1.07275,1.0779,120655.99,1.0777
2009-08-23 02:00:00,1.08134,1.08255,1.07915,1.0809,5133.6,1.08065
2009-08-22 02:00:00,1.08135,1.08135,1.08135,1.08135,0.0,1.08115
2009-08-21 02:00:00,1.08855,1.0945,1.0763,1.08135,97201.42,1.08115
2009-08-20 02:00:00,1.09435,1.09975,1.0865,1.08835,101973.62,1.0882
2009-08-19 02:00:00,1.1006,1.1115,1.09393,1.09435,135692.76,1.09422
2009-08-18 02:00:00,1.1067,1.11095,1.1003,1.1007,145184.97,1.10055
2009-08-17 02:00:00,1.10075,1.11265,1.10065,1.1067,129301.49,1.1065
2009-08-16 02:00:00,1.09945,1.1017,1.09895,1.10075,3574.6,1.10058
2009-08-15 02:00:00,1.0987,1.0987,1.0987,1.0987,0.0,1.09817
2009-08-14 02:00:00,1.08765,1.10245,1.0815,1.0987,106537.53,1.09817
2009-08-13 02:00:00,1.0897,1.0911,1.07945,1.0876,119152.89,1.08748
2009-08-12 02:00:00,1.1003,1.10775,1.08505,1.0897,131604.78,1.08955
2009-08-11 02:00:00,1.0887,1.10485,1.08658,1.1003,165493.63,1.10015
2009-08-10 02:00:00,1.08415,1.093,1.0797,1.0887,141556.56,1.08855
2009-08-09 02:00:00,1.08307,1.08535,1.08235,1.0841,6790.3,1.08405
2009-08-08 02:00:00,1.0815,1.0815,1.0815,1.0815,0.0,1.08122
2009-08-07 02:00:00,1.0773,1.08685,1.07585,1.0815,138014.93,1.08122
2009-08-06 02:00:00,1.0709,1.08005,1.0678,1.0774,189498.07,1.07718
2009-08-05 02:00:00,1.0704,1.07855,1.06795,1.0709,293606.38,1.07072
2009-08-04 02:00:00,1.0665,1.0767,1.0633,1.0704,299014.74,1.07028
2009-08-03 02:00:00,1.0761,1.0796,1.06445,1.0665,303606.7,1.06622
2009-08-02 02:00:00,1.07657,1.07915,1.0753,1.0761,6519.3,1.07592
2009-08-01 02:00:00,1.0779,1.0779,1.0779,1.0779,0.0,1.0777
2009-07-31 02:00:00,1.0833,1.0858,1.07655,1.0779,283007.05,1.0777
2009-07-30 02:00:00,1.0915,1.0915,1.0806,1.08335,299181.05,1.08315
2009-07-29 02:00:00,1.08295,1.09365,1.0801,1.0915,322474.6,1.09125
2009-07-28 02:00:00,1.0807,1.0908,1.075,1.08305,284977.7,1.0829
2009-07-27 02:00:00,1.08775,1.08815,1.078,1.0808,262258.82,1.08062
2009-07-26 02:00:00,1.08532,1.08795,1.084,1.08755,7455.56,1.08743
2009-07-25 02:00:00,1.0871,1.0871,1.0871,1.0871,0.0,1.08675
2009-07-24 02:00:00,1.08965,1.0925,1.07955,1.0871,231196.02,1.08675
2009-07-23 02:00:00,1.1008,1.1013,1.0841,1.08975,297627.01,1.08953
2009-07-22 02:00:00,1.10655,1.10905,1.0952,1.1007,262021.16,1.1006
2009-07-21 02:00:00,1.1075,1.11165,1.09655,1.10655,337863.51,1.10642
2009-07-20 02:00:00,1.1136,1.11385,1.10205,1.1075,329757.71,1.10735
2009-07-19 02:00:00,1.11635,1.1173,1.1132,1.1136,6188.3,1.1133
2009-07-18 02:00:00,1.1138,1.1138,1.1138,1.1138,0.0,1.11348
2009-07-17 02:00:00,1.11825,1.12035,1.11305,1.1138,278535.94,1.11348
2009-07-16 02:00:00,1.11625,1.12265,1.11255,1.11825,270188.75,1.11817
2009-07-15 02:00:00,1.1336,1.1351,1.1118,1.11625,411844.2,1.11622
2009-07-14 02:00:00,1.1507,1.15345,1.1324,1.1336,412866.77,1.13353
2009-07-13 02:00:00,1.1609,1.16735,1.14995,1.1507,356639.68,1.15055
2009-07-12 02:00:00,1.16218,1.1636,1.1609,1.1609,5183.9,1.1607
2009-07-11 02:00:00,1.16425,1.16425,1.16425,1.16425,0.0,1.16383
2009-07-10 02:00:00,1.1616,1.1678,1.15955,1.16425,265548.65,1.16383
2009-07-09 02:00:00,1.1642,1.16465,1.1549,1.1615,317862.74,1.16145
2009-07-08 02:00:00,1.1674,1.17265,1.1589,1.1642,329284.14,1.16405
2009-07-07 02:00:00,1.15895,1.16785,1.15445,1.1674,245152.79,1.1672
2009-07-06 02:00:00,1.1615,1.16825,1.1588,1.1593,258248.97,1.15905
2009-07-05 02:00:00,1.16149,1.16315,1.16139,1.16145,4158.9,1.1613
2009-07-04 02:00:00,1.1614,1.1614,1.1614,1.1614,0.0,1.16095
2009-07-03 02:00:00,1.16305,1.16395,1.15635,1.1614,92301.6,1.16095
2009-07-02 02:00:00,1.149,1.16415,1.1473,1.163,212144.85,1.16288
2009-07-01 02:00:00,1.1623,1.16575,1.144,1.149,276662.95,1.14895
2009-06-30 02:00:00,1.1563,1.16425,1.1511,1.1624,262957.33,1.16225
2009-06-29 02:00:00,1.1536,1.16005,1.151,1.15635,212736.3,1.15603
2009-06-28 02:00:00,1.15198,1.1549,1.15187,1.15365,6724.6,1.15333
2009-06-27 02:00:00,1.15325,1.15325,1.15325,1.15325,0.0,1.15267
2009-06-26 02:00:00,1.15382,1.1565,1.1445,1.15325,225526.33,1.15267
2009-06-25 02:00:00,1.1558,1.16415,1.15265,1.15422,230540.9,1.15395
2009-06-24 02:00:00,1.1503,1.1588,1.1419,1.15543,285328.17,1.15528
2009-06-23 02:00:00,1.155,1.15855,1.14665,1.1503,295752.39,1.14998
2009-06-22 02:00:00,1.1357,1.1558,1.1355,1.15505,275480.55,1.15488
2009-06-21 02:00:00,1.13482,1.13675,1.13322,1.1357,5776.2,1.13535
2009-06-20 02:00:00,1.1348,1.1348,1.1348,1.1348,0.0,1.1344
2009-06-19 02:00:00,1.13222,1.1366,1.12477,1.1348,178351.368044,1.1344
2009-06-18 02:00:00,1.12954,1.1364,1.12333,1.13236,115697.650034,1.13226
2009-06-17 02:00:00,1.13699,1.14487,1.12709,1.12955,117864.456028,1.12945
2009-06-16 02:00:00,1.13377,1.13746,1.12189,1.13683,118480.256044,1.13673
2009-06-15 02:00:00,1.1205,1.13769,1.1185,1.13382,117286.300034,1.13372
2009-06-14 02:00:00,1.11921,1.1209,1.11796,1.12045,12894.8,1.1204
2009-06-13 02:00:00,1.11925,1.11925,1.11925,1.11925,0.0,1.11878
2009-06-12 02:00:00,1.1015,1.12505,1.10114,1.11925,254073.51,1.11878
2009-06-11 02:00:00,1.1085,1.10867,1.09505,1.10155,291619.45,1.1013
2009-06-10 02:00:00,1.1053,1.1167,1.0943,1.1085,290785.02,1.10825
2009-06-09 02:00:00,1.1141,1.1199,1.09835,1.1053,301490.21,1.10515
2009-06-08 02:00:00,1.11855,1.12935,1.114,1.11425,308661.7,1.11412
2009-06-07 02:00:00,1.12017,1.12125,1.1179,1.1187,5977.8,1.11845
2009-06-06 02:00:00,1.1197,1.1197,1.1197,1.1197,0.0,1.11902
2009-06-05 02:00:00,1.0996,1.12165,1.0964,1.1197,269624.2,1.11902
2009-06-04 02:00:00,1.1105,1.11615,1.09295,1.0996,314514.3,1.09932
2009-06-03 02:00:00,1.0843,1.11485,1.07975,1.1105,276023.41,1.11037
2009-06-02 02:00:00,1.09035,1.09755,1.07915,1.0842,348957.220026,1.08385
2009-06-01 02:00:00,1.0927,1.0948,1.07865,1.09045,350254.024004,1.09
2009-05-31 02:00:00,1.09035,1.093,1.09005,1.0928,10663.4,1.09255
2009-05-30 02:00:00,1.0919,1.0919,1.0919,1.0919,0.0,1.09143
2009-05-29 02:00:00,1.1142,1.1146,1.0894,1.0919,330859.64266,1.09143
2009-05-28 02:00:00,1.12155,1.12605,1.1109,1.11394,362650.55068,1.11369
2009-05-27 02:00:00,1.11575,1.12437,1.11,1.1215,318930.1,1.1214
2009-05-26 02:00:00,1.1253,1.1359,1.11518,1.1158,290664.582036,1.1155
2009-05-25 02:00:00,1.1214,1.12815,1.1214,1.1253,82946.728496,1.12505
2009-05-24 02:00:00,1.12155,1.1221,1.11969,1.1215,6205.3,1.12112
2009-05-23 02:00:00,1.1198,1.1198,1.1198,1.1198,0.0,1.1191
2009-05-22 02:00:00,1.1343,1.13655,1.1189,1.1198,224119.6,1.1191
2009-05-21 02:00:00,1.1413,1.14835,1.1342,1.1343,306409.1,1.13412
2009-05-20 02:00:00,1.15435,1.1587,1.13645,1.1412,258091.0,1.14105
2009-05-19 02:00:00,1.16405,1.1664,1.1523,1.15384,218277.2,1.15374
2009-05-18 02:00:00,1.1796,1.1816,1.16085,1.1638,218688.786017,1.16355
2009-05-17 02:00:00,1.1781,1.18095,1.17635,1.1795,4783.7,1.1794
2009-05-16 02:00:00,1.178,1.178,1.178,1.178,0.0,1.17765
2009-05-15 02:00:00,1.1714,1.181,1.16495,1.178,178879.2,1.17765
2009-05-14 02:00:00,1.1752,1.1792,1.1686,1.1715,125758.936845,1.17125
2009-05-13 02:00:00,1.159,1.178,1.1555,1.1753,139245.6,1.1747
2009-05-12 02:00:00,1.16565,1.17005,1.15425,1.159,222750.504,1.15877
2009-05-11 02:00:00,1.1505,1.1677,1.14757,1.1656,292508.7,1.16532
2009-05-10 02:00:00,1.15028,1.15155,1.14915,1.1505,4305.8,1.15005
2009-05-09 02:00:00,1.15055,1.15055,1.15055,1.15055,0.0,1.15022
2009-05-08 02:00:00,1.171,1.1735,1.14915,1.15055,162362.8,1.15022
2009-05-07 02:00:00,1.16725,1.1766,1.16315,1.17073,209004.924269,1.17043
2009-05-06 02:00:00,1.17715,1.1828,1.16545,1.16735,158184.358536,1.16698
2009-05-05 02:00:00,1.1731,1.17935,1.168,1.17725,122760.582472,1.17687
2009-05-04 02:00:00,1.18467,1.19005,1.17207,1.17304,99789.14,1.17274
2009-05-03 02:00:00,1.18738,1.18816,1.18347,1.18437,7220.8,1.1843
2009-05-02 02:00:00,1.1859,1.1859,1.1859,1.1859,0.0,1.1853
2009-05-01 02:00:00,1.19375,1.19555,1.1832,1.1859,94150.6,1.1853
2009-04-30 02:00:00,1.2028,1.2031,1.18635,1.1938,168164.4,1.19342
2009-04-29 02:00:00,1.22115,1.2218,1.1991,1.2028,142392.3,1.2024
2009-04-28 02:00:00,1.21875,1.2268,1.21665,1.22115,146918.952001,1.22082
2009-04-27 02:00:00,1.2134,1.22225,1.2077,1.2187,120884.1,1.2185
2009-04-26 02:00:00,1.21138,1.2136,1.21043,1.2134,4499.0,1.2131
2009-04-25 02:00:00,1.20995,1.20995,1.20995,1.20995,0.0,1.20982
2009-04-24 02:00:00,1.22595,1.22745,1.20745,1.20995,98864.010636,1.20982
2009-04-23 02:00:00,1.2395,1.24195,1.2224,1.2259,124574.2,1.2258
2009-04-22 02:00:00,1.2378,1.2478,1.23285,1.2395,175464.189593,1.23932
2009-04-21 02:00:00,1.2409,1.25075,1.23265,1.23785,167020.847804,1.23767
2009-04-20 02:00:00,1.2161,1.24095,1.21455,1.2409,152535.45512,1.24072
2009-04-19 02:00:00,1.21408,1.21625,1.21244,1.2161,6769.5,1.21572
2009-04-18 02:00:00,1.2136,1.2136,1.2136,1.2136,0.0,1.21318
2009-04-17 02:00:00,1.2087,1.218,1.20746,1.2136,146339.676,1.21318
2009-04-16 02:00:00,1.20465,1.21495,1.19825,1.2087,153383.26,1.20843
2009-04-15 02:00:00,1.21465,1.2188,1.20155,1.2046,169930.0,1.2044
2009-04-14 02:00:00,1.2195,1.2246,1.2064,1.2146,156844.998,1.2143
2009-04-13 02:00:00,1.22735,1.23015,1.2167,1.2194,121557.38,1.21912
2009-04-12 02:00:00,1.22569,1.22825,1.22477,1.22701,4413.5,1.22691
2009-04-11 02:00:00,1.2264,1.2264,1.2264,1.2264,0.0,1.22585
2009-04-10 02:00:00,1.22585,1.2302,1.22416,1.2264,64363.180894,1.22585
2009-04-09 02:00:00,1.2385,1.24055,1.22125,1.22585,143608.098922,1.22542
2009-04-08 02:00:00,1.237,1.2466,1.23095,1.2385,115419.52305,1.23828
2009-04-07 02:00:00,1.24515,1.2486,1.23315,1.2371,132311.683348,1.23692
2009-04-06 02:00:00,1.227,1.24515,1.2226,1.24515,117166.788734,1.2451
2009-04-05 02:00:00,1.22948,1.2318,1.22651,1.227,6076.757844,1.22663
2009-04-04 02:00:00,1.2304,1.2304,1.2304,1.2304,0.0,1.2298
2009-04-03 02:00:00,1.23655,1.24575,1.2297,1.2304,133206.695596,1.2298
2009-04-02 02:00:00,1.2595,1.26085,1.2339,1.2365,144535.085798,1.23635
2009-04-01 02:00:00,1.261,1.2718,1.2577,1.25933,126765.86766,1.25905
2009-03-31 02:00:00,1.262,1.2655,1.25045,1.26115,141265.947064,1.261
2009-03-30 02:00:00,1.24085,1.265,1.23869,1.262,158057.2,1.26165
2009-03-29 01:00:00,1.23883,1.24345,1.23857,1.2409,6702.2,1.24043
2009-03-28 01:00:00,1.2425,1.2425,1.2425,1.2425,0.0,1.24178
2009-03-27 01:00:00,1.2306,1.24485,1.22607,1.2425,107749.6,1.24178
2009-03-26 01:00:00,1.23025,1.23375,1.22415,1.23055,125009.7,1.23018
2009-03-25 01:00:00,1.22865,1.2359,1.22205,1.23025,165233.1,1.2298
2009-03-24 01:00:00,1.22415,1.2329,1.22015,1.2287,144501.1,1.22838
2009-03-23 01:00:00,1.23855,1.24,1.2204,1.2241,143142.8,1.22392
2009-03-22 01:00:00,1.2398,1.2411,1.2363,1.23855,7400.6,1.23808
2009-03-21 01:00:00,1.24135,1.24135,1.24135,1.24135,0.0,1.24075
2009-03-20 01:00:00,1.24105,1.245,1.2293,1.24135,186439.655,1.24075
2009-03-19 01:00:00,1.2474,1.2506,1.21935,1.24105,263419.965,1.24078
2009-03-18 01:00:00,1.2696,1.2755,1.24325,1.2474,206267.64,1.24717
2009-03-17 01:00:00,1.27124,1.27695,1.26765,1.26955,204538.8,1.26925
2009-03-16 01:00:00,1.2772,1.27735,1.2638,1.27108,178663.706756,1.27095
2009-03-15 01:00:00,1.27225,1.27985,1.27155,1.2772,7715.2,1.27678
2009-03-14 01:00:00,1.2725,1.2725,1.2725,1.2725,0.0,1.27185
2009-03-13 01:00:00,1.27985,1.28455,1.2627,1.2725,217573.2,1.27185
2009-03-12 01:00:00,1.2904,1.2959,1.27685,1.27985,238732.96,1.2795
2009-03-11 01:00:00,1.28125,1.2905,1.27535,1.2897,217542.98,1.28945
2009-03-10 01:00:00,1.29865,1.29925,1.27255,1.2812,227826.92,1.28095
2009-03-09 01:00:00,1.2827,1.3066,1.2816,1.29875,245786.5,1.29853
2009-03-08 01:00:00,1.28527,1.28725,1.28225,1.28285,6600.7,1.2825
2009-03-07 01:00:00,1.28825,1.28825,1.28825,1.28825,0.0,1.28708
2009-03-06 01:00:00,1.28825,1.29005,1.2767,1.28825,224812.5,1.28708
2009-03-05 01:00:00,1.2767,1.2915,1.27522,1.28825,243681.1419,1.28788
2009-03-04 01:00:00,1.29445,1.297,1.27155,1.27665,223370.2,1.27645
2009-03-03 01:00:00,1.29125,1.2977,1.28075,1.29395,221685.8,1.29385
2009-03-02 01:00:00,1.2799,1.29365,1.2727,1.29125,241816.1,1.29075
2009-03-01 01:00:00,1.27785,1.27985,1.27618,1.2798,7636.6,1.27938
2009-02-28 01:00:00,1.27515,1.27515,1.27515,1.27515,0.0,1.27488
2009-02-27 01:00:00,1.2535,1.27585,1.2521,1.27515,212436.967008,1.27488
2009-02-26 01:00:00,1.2553,1.2581,1.23975,1.25355,192484.2509,1.25308
2009-02-25 01:00:00,1.24085,1.26145,1.24025,1.2556,249396.2,1.2553
2009-02-24 01:00:00,1.25155,1.25425,1.2397,1.2407,238658.50594,1.2404
2009-02-23 01:00:00,1.2529,1.2559,1.2357,1.25155,216355.24,1.251
2009-02-22 01:00:00,1.25095,1.25285,1.2498,1.2527,2037.84,1.25232
2009-02-21 01:00:00,1.25255,1.25255,1.25255,1.25255,0.0,1.25198
2009-02-20 01:00:00,1.25685,1.26525,1.2424,1.25255,160518.46,1.25198
2009-02-19 01:00:00,1.2602,1.261,1.24685,1.25685,175172.16,1.25665
2009-02-18 01:00:00,1.26485,1.26555,1.2532,1.2603,161004.68,1.26
2009-02-17 01:00:00,1.24245,1.26755,1.24186,1.26485,199534.72,1.26463
2009-02-16 01:00:00,1.2423,1.24895,1.24,1.2424,75386.22,1.24218
2009-02-15 01:00:00,1.2411,1.2439,1.23913,1.24206,3191.4,1.24166
2009-02-14 01:00:00,1.23605,1.23605,1.23605,1.23605,0.0,1.2354
2009-02-13 01:00:00,1.2441,1.2467,1.2282,1.23605,134137.04,1.2354
2009-02-12 01:00:00,1.2419,1.2551,1.23938,1.24375,163768.520002,1.24325
2009-02-11 01:00:00,1.24205,1.2534,1.23865,1.2419,142795.99,1.24125
2009-02-10 01:00:00,1.22005,1.2494,1.21835,1.24205,168045.900002,1.24165
2009-02-09 01:00:00,1.22295,1.23015,1.2133,1.22,167981.92,1.21957
2009-02-08 01:00:00,1.22253,1.22305,1.21825,1.22295,6986.5,1.22255
2009-02-07 01:00:00,1.22015,1.22015,1.22015,1.22015,0.0,1.21948
2009-02-06 01:00:00,1.23095,1.2544,1.21925,1.22015,143021.74,1.21948
2009-02-05 01:00:00,1.23145,1.2384,1.223,1.2311,100312.66,1.23072
2009-02-04 01:00:00,1.23255,1.24395,1.2227,1.2315,103164.9,1.23102
2009-02-03 01:00:00,1.24585,1.2527,1.22912,1.23255,107855.6,1.23243
2009-02-02 01:00:00,1.2288,1.24705,1.2282,1.2459,97585.8,1.24575
2009-02-01 01:00:00,1.22878,1.2306,1.22529,1.2288,1655.0,1.22828
2009-01-31 01:00:00,1.2302,1.2302,1.2302,1.2302,0.0,1.2296
2009-01-30 01:00:00,1.22505,1.2428,1.2215,1.2302,112147.39,1.2296
2009-01-29 01:00:00,1.21365,1.227,1.21285,1.22495,93671.45814,1.22472
2009-01-28 01:00:00,1.2255,1.23055,1.20275,1.21365,88003.245,1.21335
2009-01-27 01:00:00,1.22355,1.2335,1.21545,1.2256,95864.29,1.22522
2009-01-26 01:00:00,1.23815,1.2392,1.21435,1.22365,80177.93,1.2233
2009-01-25 01:00:00,1.23242,1.23895,1.23154,1.23815,3600.5,1.2377
2009-01-24 01:00:00,1.2318,1.2318,1.2318,1.2318,0.0,1.23117
2009-01-23 01:00:00,1.253,1.26545,1.2269,1.2318,88224.76,1.23117
2009-01-22 01:00:00,1.2607,1.2743,1.25185,1.25315,139282.6,1.25258
2009-01-21 01:00:00,1.26615,1.27685,1.25445,1.2608,119243.43,1.26025
2009-01-20 01:00:00,1.2543,1.2701,1.25345,1.266,107965.525,1.26575
2009-01-19 01:00:00,1.23955,1.25755,1.23797,1.2544,87024.8,1.25378
2009-01-18 01:00:00,1.24344,1.24415,1.23762,1.23955,9636.4,1.23895
2009-01-17 01:00:00,1.24365,1.24365,1.24365,1.24365,0.0,1.2432
2009-01-16 01:00:00,1.25215,1.25805,1.23185,1.24365,143229.72,1.2432
2009-01-15 01:00:00,1.2463,1.26755,1.2415,1.2522,125514.2,1.25188
2009-01-14 01:00:00,1.2244,1.25005,1.21065,1.24625,100091.95,1.24598
2009-01-13 01:00:00,1.21665,1.2348,1.21634,1.2244,127486.22,1.22402
2009-01-12 01:00:00,1.19135,1.22015,1.18792,1.21735,83822.394,1.21702
2009-01-11 01:00:00,1.18775,1.1932,1.18739,1.19075,1791.2,1.19042
2009-01-10 01:00:00,1.18615,1.18615,1.18615,1.18615,0.0,1.1855
2009-01-09 01:00:00,1.18185,1.1973,1.18063,1.18615,66162.66,1.1855
2009-01-08 01:00:00,1.197,1.2076,1.17745,1.18146,79612.54,1.18114
2009-01-07 01:00:00,1.18455,1.20035,1.17765,1.1969,84739.58,1.19652
2009-01-06 01:00:00,1.1882,1.2005,1.17635,1.18437,94420.5,1.1841
2009-01-05 01:00:00,1.20825,1.2227,1.18675,1.18825,89197.8,1.18788
2009-01-04 01:00:00,1.20602,1.2119,1.20502,1.20805,3518.9,1.20792
2009-01-03 01:00:00,1.20575,1.20575,1.20575,1.20575,0.0,1.20507
2009-01-02 01:00:00,1.2231,1.2281,1.20575,1.20575,58241.88,1.20507
2009-01-01 01:00:00,1.2205,1.2246,1.21835,1.2231,5902.0,1.2225
2008-12-31 01:00:00,1.2129,1.23785,1.21132,1.22395,57146.96,1.22378
2008-12-30 01:00:00,1.21895,1.23455,1.21105,1.2151,68580.7,1.21455
2008-12-29 01:00:00,1.2158,1.2231,1.20765,1.2197,75353.1,1.21915
2008-12-28 01:00:00,1.21978,1.2227,1.215,1.21585,2161.2,1.21535
2008-12-27 01:00:00,1.22275,1.22275,1.22275,1.22275,0.0,1.22218
2008-12-26 01:00:00,1.21655,1.22285,1.2124,1.22275,31460.9,1.22218
2008-12-25 01:00:00,1.21508,1.22002,1.21423,1.21603,52056.5,1.21538
2008-12-24 01:00:00,1.21945,1.22151,1.20875,1.21511,47540.3,1.21481
2008-12-23 01:00:00,1.21909,1.2254,1.205,1.21875,59836.6,1.21842
2008-12-22 01:00:00,1.2164,1.2226,1.199,1.21975,74917.2,1.21943
2008-12-21 01:00:00,1.2157,1.2187,1.21562,1.2159,1911.0,1.2156
2008-12-20 01:00:00,1.2189,1.2189,1.2189,1.2189,0.0,1.21715
2008-12-19 01:00:00,1.20375,1.2401,1.20305,1.2189,116043.13998,1.21715
2008-12-18 01:00:00,1.19255,1.2126,1.1821,1.2038,122439.1,1.2036
2008-12-17 01:00:00,1.2055,1.21255,1.1899,1.1925,144955.8,1.19232
2008-12-16 01:00:00,1.23535,1.23805,1.1989,1.2055,135203.4,1.20522
2008-12-15 01:00:00,1.2441,1.24445,1.2232,1.2353,143442.2,1.235
2008-12-14 01:00:00,1.2462,1.24715,1.24295,1.2441,2556.2,1.24355
2008-12-13 01:00:00,1.24835,1.24835,1.24835,1.24835,0.0,1.24785
2008-12-12 01:00:00,1.2367,1.25145,1.22895,1.24835,121078.3,1.24785
2008-12-11 01:00:00,1.25745,1.25985,1.21605,1.2367,180702.76,1.2364
2008-12-10 01:00:00,1.2604,1.2671,1.24895,1.2575,161469.68,1.25698
2008-12-09 01:00:00,1.2536,1.27455,1.2511,1.2604,194243.5,1.26017
2008-12-08 01:00:00,1.27465,1.2747,1.245,1.2536,181077.884068,1.25325
2008-12-07 01:00:00,1.27139,1.27565,1.27058,1.27445,2142.2,1.27398
2008-12-06 01:00:00,1.2719,1.2719,1.2719,1.2719,0.0,1.27132
2008-12-05 01:00:00,1.27565,1.3011,1.2661,1.2719,198896.9,1.27132
2008-12-04 01:00:00,1.2547,1.2809,1.2517,1.27565,169678.9,1.27537
2008-12-03 01:00:00,1.2501,1.26715,1.2471,1.2547,119126.906,1.25427
2008-12-02 01:00:00,1.2472,1.2586,1.2383,1.2505,103939.32,1.25
2008-12-01 01:00:00,1.24225,1.2532,1.23085,1.24735,111849.6,1.24685
2008-11-30 01:00:00,1.23712,1.24265,1.23632,1.24215,2178.4,1.24182
2008-11-29 01:00:00,1.2397,1.2397,1.2397,1.2397,0.0,1.23935
2008-11-28 01:00:00,1.23425,1.24715,1.23155,1.2397,103555.245002,1.23935
2008-11-27 01:00:00,1.23035,1.2376,1.22385,1.2342,67223.954,1.23395
2008-11-26 01:00:00,1.2258,1.24165,1.21635,1.2305,109970.347057,1.22985
2008-11-25 01:00:00,1.2345,1.24805,1.2128,1.22595,142128.566,1.22558
2008-11-24 01:00:00,1.2681,1.2777,1.22445,1.2345,113238.415,1.23412
2008-11-23 01:00:00,1.26756,1.269,1.26583,1.26814,2131.0,1.2675
2008-11-22 01:00:00,1.26769,1.26769,1.26769,1.26769,0.0,1.26694
2008-11-21 01:00:00,1.2959,1.29884,1.26725,1.26769,84661.4,1.26694
2008-11-20 01:00:00,1.25375,1.2986,1.2528,1.29595,84103.28,1.29552
2008-11-19 01:00:00,1.2315,1.2556,1.229,1.2538,72449.3,1.25347
2008-11-18 01:00:00,1.22854,1.23895,1.2181,1.2315,68150.191101,1.23108
2008-11-17 01:00:00,1.2426,1.24279,1.2113,1.22854,77414.320186,1.22812
2008-11-16 01:00:00,1.23885,1.2429,1.2347,1.24255,1522.2,1.24213
2008-11-15 01:00:00,1.23735,1.23735,1.23735,1.23735,0.0,1.23675
2008-11-14 01:00:00,1.21285,1.23735,1.2104,1.23735,66558.837857,1.23675
2008-11-13 01:00:00,1.2381,1.24495,1.20968,1.213,76179.3,1.21245
2008-11-12 01:00:00,1.20905,1.24225,1.1987,1.2381,79218.909192,1.23775
2008-11-11 01:00:00,1.1941,1.20995,1.18935,1.2087,60992.03,1.20845
2008-11-10 01:00:00,1.1834,1.19955,1.166,1.19356,80910.494713,1.19316
2008-11-09 01:00:00,1.17781,1.1857,1.17727,1.18295,1927.5,1.1823
2008-11-08 01:00:00,1.18985,1.18985,1.18985,1.18985,0.0,1.18933
2008-11-07 01:00:00,1.19761,1.20318,1.16745,1.18985,88857.8,1.18933
2008-11-06 01:00:00,1.16835,1.1994,1.16175,1.1978,136565.915,1.1975
2008-11-05 01:00:00,1.1526,1.1702,1.1467,1.1683,113381.496715,1.16798
2008-11-04 01:00:00,1.1807,1.18965,1.1473,1.1527,102146.7,1.15222
2008-11-03 01:00:00,1.2106,1.21165,1.1787,1.1808,83104.41,1.1801
2008-11-02 01:00:00,1.20996,1.2128,1.20664,1.2107,2881.0,1.2102
2008-11-01 01:00:00,1.2128,1.2128,1.2128,1.2128,0.0,1.21225
2008-10-31 01:00:00,1.20545,1.23805,1.19455,1.2128,78913.812,1.21225
2008-10-30 01:00:00,1.22265,1.22475,1.19035,1.20625,123071.245,1.20545
2008-10-29 01:00:00,1.26905,1.2878,1.21305,1.22275,162258.46133,1.22225
2008-10-28 01:00:00,1.29815,1.30195,1.2681,1.269,87292.2,1.26848
2008-10-25 02:00:00,1.2776,1.2776,1.2776,1.2776,0.0,1.2773
2008-10-24 02:00:00,1.249,1.28485,1.24875,1.2776,1247970.654919,1.2773
2008-10-23 02:00:00,1.258,1.27445,1.24342,1.2491,1948468.740093,1.24848
2008-10-22 02:00:00,1.2144,1.26005,1.21438,1.25815,1970728.881962,1.25762
2008-10-21 02:00:00,1.1923,1.221,1.19072,1.2145,1787513.55171,1.21428
2008-10-20 02:00:00,1.1837,1.19835,1.1746,1.1923,1249917.4,1.192
2008-10-19 02:00:00,1.18158,1.18695,1.1808,1.18385,274852.725109,1.18352
2008-10-18 02:00:00,1.18305,1.18305,1.18305,1.18305,0.0,1.18267
2008-10-17 02:00:00,1.1836,1.1935,1.17775,1.18305,1586485.550002,1.18267
2008-10-16 02:00:00,1.19255,1.1999,1.1758,1.1837,2048567.4482,1.1833
2008-10-15 02:00:00,1.1655,1.19355,1.15425,1.19265,1899963.760892,1.19238
2008-10-14 02:00:00,1.142,1.1655,1.1308,1.1655,2408782.893369,1.16495
2008-10-13 02:00:00,1.16925,1.18055,1.14185,1.142,1683841.738193,1.1418
2008-10-12 02:00:00,1.16744,1.1711,1.1667,1.16899,64282.5,1.16867
2008-10-11 02:00:00,1.1741,1.1741,1.1741,1.1741,0.0,1.17325
2008-10-10 02:00:00,1.15435,1.213,1.1532,1.1741,2293445.157617,1.17325
2008-10-09 02:00:00,1.12725,1.1559,1.11905,1.15445,2817832.334432,1.15398
2008-10-08 02:00:00,1.107,1.12995,1.0999,1.1274,2136044.15446,1.127
2008-10-07 02:00:00,1.1008,1.10895,1.09535,1.107,166635.250802,1.1067
2008-10-06 02:00:00,1.08495,1.109,1.0833,1.10085,190276.462682,1.10048
2008-10-05 02:00:00,1.08251,1.0857,1.082,1.085,6674.9,1.08495
2008-10-04 02:00:00,1.0831,1.0831,1.0831,1.0831,0.0,1.0829
2008-10-03 02:00:00,1.0799,1.0846,1.0729,1.0831,150170.4,1.0829
2008-10-02 02:00:00,1.0641,1.08105,1.06212,1.0799,124918.118225,1.0797
2008-10-01 02:00:00,1.0623,1.0665,1.05485,1.06415,147252.94845,1.06382
2008-09-30 02:00:00,1.04775,1.06655,1.04445,1.0619,133515.005058,1.06172
2008-09-29 02:00:00,1.0345,1.049,1.0336,1.04746,138467.352501,1.04728
2008-09-28 02:00:00,1.03392,1.03685,1.03374,1.0345,5800.5,1.03435
2008-09-27 02:00:00,1.0342,1.0342,1.0342,1.0342,0.0,1.0339
2008-09-26 02:00:00,1.03275,1.0375,1.03165,1.0342,128623.990009,1.0339
2008-09-25 02:00:00,1.03714,1.0378,1.03,1.0328,141297.5,1.03268
2008-09-24 02:00:00,1.0355,1.0396,1.0315,1.03749,132541.6,1.03704
2008-09-23 02:00:00,1.03375,1.0402,1.03065,1.0355,160008.413532,1.03522
2008-09-22 02:00:00,1.0481,1.0517,1.0316,1.03405,144339.043119,1.03345
2008-09-21 02:00:00,1.04695,1.05095,1.04614,1.0482,6218.8,1.04795
2008-09-20 02:00:00,1.0471,1.0471,1.0471,1.0471,0.0,1.0468
2008-09-19 02:00:00,1.06225,1.0671,1.0432,1.0471,145226.762463,1.0468
2008-09-18 02:00:00,1.0708,1.0728,1.058,1.06225,175836.944728,1.06197
2008-09-17 02:00:00,1.0677,1.081,1.06175,1.0708,210350.118,1.07078
2008-09-16 02:00:00,1.0695,1.075,1.0673,1.0678,156571.269808,1.0675
2008-09-15 02:00:00,1.06305,1.07555,1.05725,1.0695,167633.150799,1.06922
2008-09-14 02:00:00,1.06087,1.0666,1.06087,1.0631,7399.2,1.06275
2008-09-13 02:00:00,1.0602,1.0602,1.0602,1.0602,0.0,1.05995
2008-09-12 02:00:00,1.0748,1.07565,1.0588,1.0602,135979.664966,1.05995
2008-09-11 02:00:00,1.0743,1.0823,1.0702,1.0748,145421.781189,1.0746
2008-09-10 02:00:00,1.0711,1.07485,1.0658,1.0742,166993.500567,1.0741
2008-09-09 02:00:00,1.0658,1.07305,1.0605,1.0711,197246.411277,1.0709
2008-09-08 02:00:00,1.05945,1.07155,1.0552,1.0657,208091.646773,1.06545
2008-09-07 02:00:00,1.05847,1.06055,1.05563,1.0595,8796.9,1.05925
2008-09-06 02:00:00,1.06232,1.06232,1.06232,1.06232,0.0,1.06212
2008-09-05 02:00:00,1.06915,1.07145,1.06035,1.06232,200074.979978,1.06212
2008-09-04 02:00:00,1.0613,1.07325,1.0544,1.06915,176224.6,1.06882
2008-09-03 02:00:00,1.069,1.0778,1.0579,1.0613,178359.771912,1.0612
2008-09-02 02:00:00,1.0685,1.0749,1.0662,1.06905,171140.628548,1.06893
2008-09-01 02:00:00,1.0623,1.06985,1.0615,1.06807,96768.462,1.06785
2008-08-31 02:00:00,1.0622,1.0632,1.06109,1.06235,4194.9,1.06217
2008-08-30 02:00:00,1.06425,1.06425,1.06425,1.06425,0.0,1.06418
2008-08-29 02:00:00,1.05114,1.06505,1.0471,1.06425,167632.689793,1.06418
2008-08-28 02:00:00,1.0464,1.0539,1.04315,1.05125,175091.910652,1.05112
2008-08-27 02:00:00,1.0488,1.0497,1.0429,1.0464,120459.39585,1.04625
2008-08-26 02:00:00,1.05135,1.0563,1.0413,1.0489,157843.35494,1.04875
2008-08-25 02:00:00,1.0471,1.0528,1.0442,1.0515,118104.027,1.0513
2008-08-24 02:00:00,1.0492,1.0497,1.04611,1.047,9456.0,1.04685
2008-08-23 02:00:00,1.0471,1.0471,1.0471,1.0471,0.0,1.047
2008-08-22 02:00:00,1.0448,1.049,1.0422,1.0471,179167.758384,1.047
2008-08-21 02:00:00,1.0599,1.06005,1.0425,1.0448,200033.058558,1.04462
2008-08-20 02:00:00,1.0606,1.0654,1.05755,1.05995,162202.7722,1.05982
2008-08-19 02:00:00,1.0643,1.06695,1.0595,1.0605,142342.191442,1.06035
2008-08-18 02:00:00,1.0591,1.06515,1.0545,1.0643,122214.5025,1.06415
2008-08-17 02:00:00,1.0603,1.06055,1.05892,1.05903,4429.6,1.05898
2008-08-16 02:00:00,1.0594,1.0594,1.0594,1.0594,0.0,1.0592
2008-08-15 02:00:00,1.06585,1.0695,1.0583,1.0594,111199.62087,1.0592
2008-08-14 02:00:00,1.0627,1.06595,1.0564,1.06585,176090.200882,1.06572
2008-08-13 02:00:00,1.0672,1.07175,1.0589,1.06275,185917.15795,1.0625
2008-08-12 02:00:00,1.06925,1.07295,1.06165,1.0671,215276.7,1.06695
2008-08-11 02:00:00,1.0674,1.0717,1.06135,1.06925,153170.6,1.06918
2008-08-10 02:00:00,1.06746,1.0692,1.06636,1.0674,6492.5,1.06728
2008-08-09 02:00:00,1.0668,1.0668,1.0668,1.0668,0.0,1.0666
2008-08-08 02:00:00,1.0522,1.06985,1.0521,1.0668,200633.259305,1.0666
2008-08-07 02:00:00,1.0478,1.05415,1.04505,1.0522,104267.726675,1.0521
2008-08-06 02:00:00,1.043,1.0496,1.0402,1.0478,144177.80891,1.04765
2008-08-05 02:00:00,1.0367,1.04535,1.0367,1.043,173227.513959,1.04285
2008-08-04 02:00:00,1.0283,1.0373,1.02641,1.0368,156040.4,1.03665
2008-08-03 02:00:00,1.02672,1.0288,1.02606,1.0283,4334.8,1.0282
2008-08-02 02:00:00,1.0274,1.0274,1.0274,1.0274,0.0,1.0272
2008-08-01 02:00:00,1.0238,1.0298,1.0232,1.0274,132439.132333,1.0272
2008-07-31 02:00:00,1.0237,1.0266,1.0215,1.0237,134661.263776,1.0236
2008-07-30 02:00:00,1.0242,1.0272,1.0218,1.0237,109116.741917,1.0236
2008-07-29 02:00:00,1.02245,1.0274,1.02032,1.0242,152197.318252,1.02405
2008-07-28 02:00:00,1.0199,1.0246,1.0175,1.0224,152989.98225,1.02225
2008-07-27 02:00:00,1.01927,1.02025,1.01856,1.02005,3372.7,1.01965
2008-07-26 02:00:00,1.0199,1.0199,1.0199,1.0199,0.0,1.01975
2008-07-25 02:00:00,1.0149,1.0208,1.0129,1.0199,138552.043,1.01975
2008-07-24 02:00:00,1.0113,1.01705,1.0078,1.0149,157107.19683,1.0147
2008-07-23 02:00:00,1.00785,1.0119,1.00585,1.0113,187219.5804,1.01115
2008-07-22 02:00:00,1.0012,1.0117,1.00013,1.00785,157153.97,1.00767
2008-07-21 02:00:00,1.0068,1.00705,0.9993,1.0012,115955.1,1.00105
2008-07-20 02:00:00,1.0063,1.0075,1.00515,1.0068,2860.3,1.0066
2008-07-19 02:00:00,1.006,1.006,1.006,1.006,0.0,1.00565
2008-07-18 02:00:00,1.0049,1.008,1.0024,1.006,125767.735,1.00565
2008-07-17 02:00:00,1.0009,1.00815,0.99805,1.005,156444.615456,1.0048
2008-07-16 02:00:00,1.0015,1.00495,0.9998,1.0009,136218.968308,1.00078
2008-07-15 02:00:00,1.0068,1.00698,0.99755,1.0015,187218.289322,1.00135
2008-07-14 02:00:00,1.0088,1.0142,1.0045,1.0068,167027.1,1.00665
2008-07-13 02:00:00,1.0079,1.0092,1.0069,1.00871,5093.1,1.00866
2008-07-12 02:00:00,1.00945,1.00945,1.00945,1.00945,0.0,1.0092
2008-07-11 02:00:00,1.009,1.01805,1.007,1.00945,161436.489,1.0092
2008-07-10 02:00:00,1.0109,1.01365,1.00775,1.00905,101138.80387,1.00902
2008-07-09 02:00:00,1.01965,1.0197,1.0099,1.0109,117373.2534,1.01085
2008-07-08 02:00:00,1.01825,1.02335,1.0158,1.0197,108333.370767,1.0195
2008-07-07 02:00:00,1.0181,1.02335,1.0151,1.01813,102006.046972,1.01801
2008-07-06 02:00:00,1.01819,1.0199,1.01771,1.0181,8457.9,1.018
2008-07-05 02:00:00,1.02,1.02,1.02,1.02,0.0,1.0193
2008-07-04 02:00:00,1.019,1.02075,1.0141,1.02,76862.838001,1.0193
2008-07-03 02:00:00,1.0126,1.0221,1.0123,1.01873,136819.148113,1.01863
2008-07-02 02:00:00,1.02245,1.0229,1.009,1.0126,165033.501654,1.0124
2008-07-01 02:00:00,1.0204,1.02415,1.0145,1.02245,133072.196469,1.02215
2008-06-30 02:00:00,1.00991,1.02185,1.00645,1.0204,207078.94759,1.0203
2008-06-29 02:00:00,1.01062,1.0124,1.0094,1.00992,6590.6,1.00977
2008-06-28 02:00:00,1.011,1.011,1.011,1.011,0.0,1.0107
2008-06-27 02:00:00,1.0135,1.01351,1.005,1.011,129644.836,1.0107
2008-06-26 02:00:00,1.00995,1.0146,1.0083,1.0132,125128.856905,1.01307
2008-06-25 02:00:00,1.0125,1.0145,1.0089,1.0099,157518.26487,1.00977
2008-06-24 02:00:00,1.01582,1.0174,1.01107,1.0127,74014.545073,1.01245
2008-06-23 02:00:00,1.0141,1.0193,1.0139,1.0159,95339.73284,1.01562
2008-06-22 02:00:00,1.01694,1.01725,1.0133,1.0141,14234.552,1.0139
2008-06-21 02:00:00,1.0169,1.0169,1.0169,1.0169,0.0,1.01658
2008-06-20 02:00:00,1.0158,1.0197,1.0103,1.0169,139191.5,1.01658
2008-06-19 02:00:00,1.01747,1.0191,1.0111,1.0158,126203.7,1.01578
2008-06-18 02:00:00,1.018,1.0213,1.0168,1.0178,133266.6,1.01752
2008-06-17 02:00:00,1.0243,1.025,1.0169,1.0181,140089.0,1.0179
2008-06-16 02:00:00,1.0294,1.03,1.0198,1.02445,156948.81,1.02402
2008-06-15 02:00:00,1.02836,1.0298,1.02811,1.0294,4171.1,1.02925
2008-06-14 02:00:00,1.0295,1.0295,1.0295,1.0295,0.0,1.0293
2008-06-13 02:00:00,1.0223,1.0306,1.02189,1.0295,87499.80722,1.0293
2008-06-12 02:00:00,1.02055,1.028,1.01977,1.02197,139943.615966,1.02177
2008-06-11 02:00:00,1.0229,1.0247,1.01555,1.0204,52383.44312,1.02025
2008-06-10 02:00:00,1.02259,1.03245,1.0197,1.0229,67051.287997,1.0227
2008-06-09 02:00:00,1.0179,1.02445,1.0153,1.02258,26741.499648,1.02245
2008-06-08 02:00:00,1.01837,1.01915,1.0176,1.0179,3026.7,1.01775
2008-06-07 02:00:00,1.0198,1.0198,1.0198,1.0198,0.0,1.0196
2008-06-06 02:00:00,1.0178,1.02175,1.01635,1.0198,26327.299715,1.0196
2008-06-05 02:00:00,1.0164,1.0222,1.0143,1.0178,27674.365681,1.01765
2008-06-04 02:00:00,1.009,1.0192,1.0082,1.0164,31193.534151,1.01625
2008-06-03 02:00:00,1.0008,1.0099,0.997,1.0091,28088.166543,1.00895
2008-06-02 02:00:00,0.9955,1.0029,0.993,1.0008,71446.810753,1.00075
2008-06-01 02:00:00,0.995,0.996,0.99429,0.9956,2189.0,0.9953
2008-05-31 02:00:00,0.9937,0.9937,0.9937,0.9937,0.0,0.99355
2008-05-30 02:00:00,0.99,0.9981,0.9876,0.9937,70929.1126,0.99355
2008-05-29 02:00:00,0.9889,0.99225,0.98255,0.9901,35938.786376,0.98995
2008-05-28 02:00:00,0.9939,0.99595,0.98815,0.9889,64467.218604,0.9888
2008-05-27 02:00:00,0.991,0.995,0.987,0.99379,47400.416,0.99371
2008-05-26 02:00:00,0.9876,0.99345,0.98624,0.991,36967.4824,0.99092
2008-05-25 02:00:00,0.98883,0.9894,0.9873,0.98733,7529.44,0.98723
2008-05-24 02:00:00,0.9902,0.9902,0.9902,0.9902,0.0,0.9899
2008-05-23 02:00:00,0.9853,0.9902,0.98365,0.9902,32650.892,0.9899
2008-05-22 02:00:00,0.9838,0.98765,0.98285,0.9853,34385.282904,0.9851
2008-05-21 02:00:00,0.9919,0.9921,0.98205,0.9838,53524.468689,0.9837
2008-05-20 02:00:00,0.9923,0.9961,0.9875,0.9921,82592.246609,0.9919
2008-05-19 02:00:00,1.0,1.00015,0.99,0.9923,38767.235,0.9922
2008-05-18 02:00:00,0.99981,1.0005,0.99896,1.0,2964.7,0.9998
2008-05-17 02:00:00,0.9996,0.9996,0.9996,0.9996,0.0,0.99925
2008-05-16 02:00:00,1.0007,1.0021,0.99435,0.9996,26632.553763,0.99925
2008-05-15 02:00:00,1.0047,1.0063,0.9991,1.0007,25153.309429,1.00045
2008-05-14 02:00:00,1.00369,1.00685,0.99645,1.0048,24920.299008,1.0046
2008-05-13 02:00:00,1.0057,1.0095,0.99855,1.00359,24859.799991,1.00352
2008-05-12 02:00:00,1.0068,1.0108,1.0026,1.00537,22613.800439,1.00532
2008-05-11 02:00:00,1.00586,1.00735,1.00522,1.0068,7441.6,1.00648
2008-05-10 02:00:00,1.00575,1.00575,1.00575,1.00575,0.0,1.00552
2008-05-09 02:00:00,1.0174,1.0174,1.0047,1.00575,37268.511607,1.00552
2008-05-08 02:00:00,1.0127,1.0182,1.0086,1.0175,45053.083175,1.01735
2008-05-07 02:00:00,1.00255,1.01315,1.00075,1.0128,54551.29,1.01255
2008-05-06 02:00:00,1.0115,1.01465,1.00005,1.0023,84519.49585,1.0021
2008-05-05 02:00:00,1.0198,1.0199,1.0114,1.0115,57848.209392,1.0114
2008-05-04 02:00:00,1.02,1.0202,1.01917,1.0198,4570.7,1.0195
2008-05-03 02:00:00,1.0198,1.0198,1.0198,1.0198,0.0,1.01935
2008-05-02 02:00:00,1.01816,1.0245,1.0149,1.0198,46840.275279,1.01935
2008-05-01 02:00:00,1.0076,1.0239,1.00657,1.01821,51399.735298,1.01796
2008-04-30 02:00:00,1.01265,1.0145,1.0038,1.0076,55538.852484,1.00745
2008-04-29 02:00:00,1.0129,1.01665,1.01105,1.0127,31186.054898,1.01245
2008-04-28 02:00:00,1.01045,1.0185,1.0067,1.0129,41619.796832,1.0127
2008-04-27 02:00:00,1.01427,1.0148,1.0103,1.0105,14261.75,1.0103
2008-04-26 02:00:00,1.0141,1.0141,1.0141,1.0141,0.0,1.0136
2008-04-25 02:00:00,1.0148,1.02055,1.0123,1.0141,48567.292049,1.0136
2008-04-24 02:00:00,1.0174,1.0213,1.0123,1.0148,89550.757465,1.0147
2008-04-23 02:00:00,1.0083,1.02165,1.00615,1.0174,66581.110428,1.0172
2008-04-22 02:00:00,1.0061,1.0156,1.00265,1.0083,108303.042966,1.0082
2008-04-21 02:00:00,1.0063,1.0095,1.0,1.0061,70033.354565,1.00595
2008-04-20 02:00:00,1.00535,1.0069,1.00435,1.0063,18154.0,1.0061
2008-04-19 02:00:00,1.0044,1.0044,1.0044,1.0044,0.0,1.0042
2008-04-18 02:00:00,1.0107,1.0148,1.00275,1.0044,118215.707971,1.0042
2008-04-17 02:00:00,1.0013,1.01445,0.9988,1.0107,131368.257841,1.01055
2008-04-16 02:00:00,1.018,1.0188,1.0002,1.0013,180687.387294,1.00115
2008-04-15 02:00:00,1.0203,1.024,1.0166,1.018,161168.357901,1.01785
2008-04-14 02:00:00,1.02515,1.0275,1.0178,1.0203,98803.155713,1.02
2008-04-13 02:00:00,1.02708,1.02745,1.0242,1.02515,8795.1,1.02468
2008-04-12 02:00:00,1.0243,1.0243,1.0243,1.0243,0.0,1.0236
2008-04-11 02:00:00,1.0182,1.025,1.01335,1.0243,79512.368298,1.0236
2008-04-10 02:00:00,1.0194,1.0227,1.01575,1.0182,139413.073053,1.018
2008-04-09 02:00:00,1.01515,1.022,1.0127,1.0194,358203.437438,1.01922
2008-04-08 02:00:00,1.01285,1.0175,1.0108,1.01515,785353.228534,1.01505
2008-04-07 02:00:00,1.0078,1.0155,1.0041,1.01285,364735.839036,1.01278
2008-04-06 02:00:00,1.00898,1.0105,1.0071,1.0078,205919.3,1.0076
2008-04-05 02:00:00,1.00867,1.00867,1.00867,1.00867,0.0,1.00837
2008-04-04 02:00:00,1.005,1.0104,1.0021,1.00867,252737.64,1.00837
2008-04-03 02:00:00,1.0143,1.0169,1.0028,1.005,569302.864183,1.0047
2008-04-02 02:00:00,1.0234,1.02455,1.01325,1.0143,400703.90979,1.0141
2008-04-01 02:00:00,1.02635,1.0328,1.02075,1.0234,744201.514747,1.02325
2008-03-31 02:00:00,1.02325,1.02945,1.0193,1.02635,651689.503107,1.0262
2008-03-30 01:00:00,1.02246,1.0234,1.02207,1.02325,49272.7,1.023
2008-03-29 01:00:00,1.0234,1.0234,1.0234,1.0234,0.0,1.02265
2008-03-28 01:00:00,1.0165,1.0234,1.0145,1.0234,331944.08038,1.02265
2008-03-27 01:00:00,1.01905,1.0235,1.0129,1.0165,487737.579825,1.01635
2008-03-26 01:00:00,1.0185,1.0208,1.0096,1.01905,373414.34704,1.0187
2008-03-25 01:00:00,1.0189,1.0224,1.0128,1.0185,438912.565,1.01835
2008-03-24 01:00:00,1.0262,1.03105,1.01575,1.0189,510503.038927,1.0188
2008-03-23 01:00:00,1.02542,1.02665,1.02452,1.0262,170952.9,1.0258
2008-03-22 01:00:00,1.0241,1.0241,1.0241,1.0241,0.0,1.0235
2008-03-21 01:00:00,1.0233,1.027,1.02219,1.0241,920021.8,1.0235
2008-03-20 01:00:00,1.0121,1.0296,1.012,1.02264,549101.584171,1.02252
2008-03-19 01:00:00,0.99035,1.0175,0.9877,1.0121,476771.59552,1.0119
2008-03-18 01:00:00,0.995,0.99855,0.9889,0.99035,751802.613348,0.98995
2008-03-17 01:00:00,0.989,1.0016,0.9864,0.9951,1079448.641626,0.99492
2008-03-16 01:00:00,0.98868,0.9894,0.9861,0.989,98495.65,0.9889
2008-03-15 01:00:00,0.9899,0.9899,0.9899,0.9899,0.0,0.98935
2008-03-14 01:00:00,0.985,0.99665,0.9818,0.9899,618788.316952,0.98935
2008-03-13 01:00:00,0.99045,0.99185,0.9798,0.985,494617.762788,0.98468
2008-03-12 01:00:00,0.99195,0.9938,0.9838,0.99045,650974.77997,0.9903
2008-03-11 01:00:00,0.9964,0.9974,0.9895,0.99195,500577.406102,0.99175
2008-03-10 01:00:00,0.9899,0.9984,0.98595,0.9964,801450.300741,0.99615
2008-03-09 01:00:00,0.9901,0.9906,0.9883,0.9899,86121.5,0.9897
2008-03-08 01:00:00,0.99047,0.99047,0.99047,0.99047,0.0,0.99025
2008-03-07 01:00:00,0.98505,0.99255,0.97455,0.99047,684563.856218,0.99025
2008-03-06 01:00:00,0.9853,0.98905,0.982,0.98505,385222.448651,0.98485
2008-03-05 01:00:00,0.99445,0.9955,0.9836,0.9853,378094.113016,0.9851
2008-03-04 01:00:00,0.98925,0.9979,0.9855,0.99445,354663.39,0.99425
2008-03-03 01:00:00,0.9844,0.99345,0.9829,0.98925,318353.619428,0.98907
2008-03-02 01:00:00,0.9855,0.987,0.9838,0.9844,19206.4,0.9842
2008-03-01 01:00:00,0.98762,0.98762,0.98762,0.98762,0.0,0.98752
2008-02-29 01:00:00,0.97645,0.98914,0.97555,0.98762,525017.995,0.98752
2008-02-28 01:00:00,0.9816,0.9825,0.9713,0.97645,818944.016832,0.97625
2008-02-27 01:00:00,0.98215,0.9833,0.976,0.9816,787178.279474,0.9815
2008-02-26 01:00:00,0.9957,0.99855,0.9785,0.98215,329803.794077,0.98198
2008-02-25 01:00:00,1.01225,1.0125,0.9949,0.9957,171763.153279,0.99555
2008-02-24 01:00:00,1.01282,1.0133,1.01215,1.01225,2660.2,1.01205
2008-02-23 01:00:00,1.01273,1.01273,1.01273,1.01273,0.0,1.01258
2008-02-22 01:00:00,1.01175,1.0169,1.0074,1.01273,91217.933298,1.01258
2008-02-21 01:00:00,1.0128,1.01435,1.0068,1.01175,67723.048224,1.01158
2008-02-20 01:00:00,1.0157,1.0199,1.0107,1.0128,194895.246713,1.01265
2008-02-19 01:00:00,1.008,1.01785,1.0022,1.0157,318694.900636,1.0156
2008-02-18 01:00:00,1.00845,1.00995,1.005,1.008,47104.926839,1.00782
2008-02-17 01:00:00,1.00931,1.00975,1.0084,1.00845,14599.771336,1.0084
2008-02-16 01:00:00,1.00624,1.00624,1.00624,1.00624,0.0,1.00609
2008-02-15 01:00:00,1.00035,1.01135,0.9921,1.00624,49442.831757,1.00609
2008-02-14 01:00:00,0.9982,1.00175,0.99385,1.00035,62021.396728,1.00025
2008-02-13 01:00:00,1.00095,1.003,0.99665,0.99825,65370.396887,0.9981
2008-02-12 01:00:00,1.0027,1.0044,0.9939,1.00095,83913.035119,1.00082
2008-02-11 01:00:00,0.9998,1.00355,0.99585,1.0027,79720.368403,1.0025
2008-02-10 01:00:00,0.99998,1.0013,0.99879,0.9998,3827.05,0.9997
2008-02-09 01:00:00,0.99865,0.99865,0.99865,0.99865,0.0,0.99838
2008-02-08 01:00:00,1.0097,1.0105,0.9949,0.99865,101927.177153,0.99838
2008-02-07 01:00:00,1.00755,1.0129,1.0046,1.0097,138549.756648,1.0094
2008-02-06 01:00:00,1.008,1.0104,1.00075,1.00755,508219.004655,1.00725
2008-02-05 01:00:00,0.9945,1.0085,0.99375,1.008,469410.159005,1.00795
2008-02-04 01:00:00,0.99565,1.0015,0.9923,0.9945,237331.244274,0.9942
2008-02-03 01:00:00,0.99433,0.9959,0.99374,0.99565,19143.7,0.9954
2008-02-02 01:00:00,0.99502,0.99502,0.99502,0.99502,0.0,0.99492
2008-02-01 01:00:00,1.0017,1.0038,0.99186,0.99502,262201.697893,0.99492
2008-01-31 01:00:00,0.9956,1.00885,0.99275,1.0017,452329.200706,1.00145
2008-01-30 01:00:00,0.99885,1.0003,0.98735,0.9956,335604.065063,0.99545
2008-01-29 01:00:00,1.0051,1.0072,0.99455,0.99885,340335.425343,0.9986
2008-01-28 01:00:00,1.0092,1.012,1.0024,1.005,417112.355786,1.00485
2008-01-27 01:00:00,1.0099,1.0104,1.008,1.00925,19113.4,1.00895
2008-01-26 01:00:00,1.00786,1.00786,1.00786,1.00786,0.0,1.00766
2008-01-25 01:00:00,1.00485,1.0112,1.0024,1.00786,432579.525453,1.00766
2008-01-24 01:00:00,1.02395,1.02585,1.00165,1.0048,476432.281061,1.00455
2008-01-23 01:00:00,1.0277,1.0319,1.02235,1.0237,963498.1448,1.02355
2008-01-22 01:00:00,1.0362,1.03815,1.0209,1.0277,718660.867509,1.02755
2008-01-21 01:00:00,1.0277,1.0362,1.02716,1.0362,252761.32255,1.03605
2008-01-20 01:00:00,1.02625,1.028,1.02575,1.0277,11037.3,1.0275
2008-01-19 01:00:00,1.02701,1.02701,1.02701,1.02701,0.0,1.02676
2008-01-18 01:00:00,1.0297,1.03105,1.0218,1.02701,437108.216222,1.02676
2008-01-17 01:00:00,1.0232,1.03095,1.01825,1.0297,609500.592554,1.0295
2008-01-16 01:00:00,1.0184,1.02865,1.0154,1.0232,732746.224337,1.02295
2008-01-15 01:00:00,1.0178,1.0202,1.01265,1.0184,571443.266169,1.01825
2008-01-14 01:00:00,1.0192,1.0214,1.01495,1.0178,646466.96567,1.0176
2008-01-13 01:00:00,1.01967,1.02095,1.0189,1.0192,13601.4,1.01905
2008-01-12 01:00:00,1.01896,1.01896,1.01896,1.01896,0.0,1.01878
2008-01-11 01:00:00,1.0092,1.0223,1.0071,1.01896,665215.473261,1.01878
2008-01-10 01:00:00,1.0099,1.01525,1.00525,1.0092,450312.92892,1.00905
2008-01-09 01:00:00,1.00525,1.01245,1.00215,1.0099,314374.976241,1.00977
2008-01-08 01:00:00,1.006,1.0079,0.9967,1.00525,304226.593522,1.00492
2008-01-07 01:00:00,1.00065,1.0083,0.99705,1.006,399092.220687,1.00577
2008-01-06 01:00:00,1.00233,1.0035,1.0001,1.00065,14455.0,1.00033
2008-01-05 01:00:00,1.00314,1.00314,1.00314,1.00314,0.0,1.00264
2008-01-04 01:00:00,0.98945,1.00483,0.98435,1.00314,215130.247722,1.00264
2008-01-03 01:00:00,0.9947,0.99685,0.9873,0.9896,151159.714846,0.9892
2008-01-02 01:00:00,0.9935,0.9972,0.9863,0.9947,154781.359677,0.9945
2008-01-01 01:00:00,0.998,0.99853,0.99139,0.99345,25030.6,0.99308
2007-12-31 01:00:00,0.9808,0.99925,0.97633,0.99801,86543.215442,0.99786
2007-12-30 01:00:00,0.98078,0.98135,0.97905,0.9808,6937.95,0.9806
2007-12-29 01:00:00,0.98167,0.98167,0.98167,0.98167,0.0,0.98152
2007-12-28 01:00:00,0.9806,0.98505,0.9757,0.98167,100339.513738,0.98152
2007-12-27 01:00:00,0.98035,0.98565,0.9786,0.98095,151335.58557,0.98078
2007-12-26 01:00:00,0.98562,0.987,0.98005,0.98035,193669.8,0.98015
2007-12-25 01:00:00,0.9852,0.98716,0.9838,0.9855,156012.95,0.9853
2007-12-24 01:00:00,0.9927,0.9937,0.9831,0.98515,152995.696,0.98495
2007-12-23 01:00:00,0.99152,0.9935,0.99111,0.9927,6118.0,0.9924
2007-12-22 01:00:00,0.9916,0.9916,0.9916,0.9916,0.0,0.99148
2007-12-21 01:00:00,1.00085,1.00135,0.99118,0.9916,275337.361306,0.99148
2007-12-20 01:00:00,1.00245,1.0051,0.9956,1.00085,333698.877243,1.0005
2007-12-19 01:00:00,1.0058,1.0095,1.00142,1.00245,179464.071998,1.0023
2007-12-18 01:00:00,1.0059,1.01465,1.0014,1.00575,191867.717816,1.00557
2007-12-17 01:00:00,1.0188,1.02295,1.00275,1.0059,191472.632368,1.0058
2007-12-16 01:00:00,1.01791,1.0194,1.01703,1.0186,18652.4,1.01832
2007-12-15 01:00:00,1.01694,1.01694,1.01694,1.01694,0.0,1.01669
2007-12-14 01:00:00,1.0197,1.02495,1.013,1.01694,806149.951918,1.01669
2007-12-13 01:00:00,1.01175,1.02345,1.00955,1.0197,645371.91391,1.0196
2007-12-12 01:00:00,1.0123,1.01785,1.0057,1.0117,441170.504015,1.0116
2007-12-11 01:00:00,1.00645,1.01685,1.00435,1.0123,235177.543731,1.01212
2007-12-10 01:00:00,1.00625,1.01205,1.00075,1.0064,157214.132465,1.0062
2007-12-09 01:00:00,1.00433,1.007,1.00402,1.00625,21895.886207,1.00595
2007-12-08 01:00:00,1.00498,1.00498,1.00498,1.00498,0.0,1.00478
2007-12-07 01:00:00,1.00895,1.01515,1.00085,1.00498,217967.824733,1.00478
2007-12-06 01:00:00,1.01205,1.01955,1.0076,1.0089,238806.708757,1.00875
2007-12-05 01:00:00,1.01245,1.02165,1.0102,1.01195,404986.705185,1.01167
2007-12-04 01:00:00,1.0001,1.0155,0.9995,1.01245,268514.312843,1.01218
2007-12-03 01:00:00,0.99895,1.0043,0.99765,1.0001,246709.997008,0.99995
2007-12-02 01:00:00,1.0001,1.00015,0.99785,0.99895,22756.7,0.99875
2007-12-01 01:00:00,0.9984,0.9984,0.9984,0.9984,0.0,0.99812
2007-11-30 01:00:00,0.99725,1.00215,0.99235,0.9984,1068799.810895,0.99812
2007-11-29 01:00:00,0.9872,0.99955,0.9837,0.99725,1397032.340564,0.997
2007-11-28 01:00:00,0.99635,1.00005,0.98455,0.9872,1562642.637959,0.98702
2007-11-27 01:00:00,0.9889,1.0003,0.9823,0.99625,1081817.345092,0.996
2007-11-26 01:00:00,0.98605,0.99155,0.98025,0.9888,632822.475569,0.98875
2007-11-25 01:00:00,0.98699,0.9882,0.9846,0.98605,25607.57,0.9858
2007-11-24 01:00:00,0.98785,0.98785,0.98785,0.98785,0.0,0.98775
2007-11-23 01:00:00,0.98555,0.9902,0.98015,0.98785,187516.677739,0.98775
2007-11-22 01:00:00,0.9877,0.9883,0.979,0.98555,198780.217612,0.98518
2007-11-21 01:00:00,0.98205,0.9926,0.9793,0.9876,371502.473,0.9874
2007-11-20 01:00:00,0.9841,0.9865,0.9745,0.98205,419130.59937,0.98168
2007-11-19 01:00:00,0.97565,0.9856,0.9706,0.9841,390100.906917,0.98405
2007-11-18 01:00:00,0.97729,0.9775,0.9747,0.97565,12829.9,0.97535
2007-11-17 01:00:00,0.97313,0.97313,0.97313,0.97313,0.0,0.9728
2007-11-16 01:00:00,0.9856,0.98855,0.9706,0.97313,412275.011971,0.9728
2007-11-15 01:00:00,0.9663,0.989,0.96065,0.9856,505532.417894,0.98545
2007-11-14 01:00:00,0.95795,0.968,0.9514,0.9663,543659.073888,0.96595
2007-11-13 01:00:00,0.9707,0.9708,0.95245,0.95795,658489.692788,0.95778
2007-11-12 01:00:00,0.945,0.9727,0.9435,0.9707,533444.716182,0.97035
2007-11-11 01:00:00,0.94558,0.949,0.9434,0.945,14514.1,0.94485
2007-11-10 01:00:00,0.94432,0.94432,0.94432,0.94432,0.0,0.94427
2007-11-09 01:00:00,0.93525,0.94463,0.92545,0.94432,494531.238353,0.94427
2007-11-08 01:00:00,0.9338,0.93955,0.9239,0.93515,561052.305716,0.9349
2007-11-07 01:00:00,0.91905,0.94075,0.9059,0.9338,595840.893411,0.93362
2007-11-06 01:00:00,0.9334,0.93355,0.9161,0.91905,482897.667333,0.91885
2007-11-05 01:00:00,0.9363,0.93735,0.9306,0.9334,437166.422392,0.9332
2007-11-04 01:00:00,0.93517,0.93655,0.93505,0.9363,18838.95,0.9361
2007-11-03 01:00:00,0.93495,0.93495,0.93495,0.93495,0.0,0.93465
2007-11-02 01:00:00,0.9509,0.9522,0.9328,0.93495,453189.257905,0.93465
2007-11-01 01:00:00,0.94715,0.9524,0.9425,0.95095,548150.766862,0.9508
2007-10-31 01:00:00,0.95385,0.95665,0.94205,0.9471,451124.795478,0.94698
2007-10-30 01:00:00,0.95375,0.95775,0.95155,0.95385,1271382.103606,0.95365
2007-10-29 01:00:00,0.9615,0.9629,0.95155,0.9538,1435803.934033,0.95365
2007-10-27 02:00:00,0.96235,0.96235,0.96235,0.96235,0.0,0.96205
2007-10-26 02:00:00,0.96655,0.96695,0.9591,0.96235,1381250.217875,0.96205
2007-10-25 02:00:00,0.9698,0.97005,0.9615,0.9665,1415519.850397,0.96632
2007-10-24 02:00:00,0.96665,0.97355,0.9645,0.9698,1562844.51566,0.96958
2007-10-23 02:00:00,0.9784,0.9784,0.9629,0.96665,978799.935282,0.9664
2007-10-22 02:00:00,0.9683,0.9826,0.96635,0.9784,556474.046025,0.9783
2007-10-21 02:00:00,0.9675,0.9694,0.9665,0.9683,38198.2,0.9682
2007-10-20 02:00:00,0.96705,0.96705,0.96705,0.96705,0.0,0.9668
2007-10-19 02:00:00,0.97415,0.97575,0.9634,0.96705,503113.642628,0.9668
2007-10-18 02:00:00,0.97605,0.978,0.97225,0.97415,430555.518492,0.974
2007-10-17 02:00:00,0.97855,0.9823,0.9728,0.97605,419570.823419,0.97568
2007-10-16 02:00:00,0.9762,0.9817,0.9745,0.97855,631440.12628,0.9784
2007-10-15 02:00:00,0.9732,0.9779,0.9708,0.9762,751988.30235,0.9761
2007-10-14 02:00:00,0.97204,0.9739,0.9713,0.9732,47503.0,0.973
2007-10-13 02:00:00,0.9721,0.9721,0.9721,0.9721,0.0,0.9719
2007-10-12 02:00:00,0.976,0.98,0.9719,0.9721,446031.300998,0.9719
2007-10-11 02:00:00,0.9819,0.9827,0.973,0.9759,562676.325073,0.9758
2007-10-10 02:00:00,0.9825,0.9836,0.9792,0.9819,407727.427407,0.98175
2007-10-09 02:00:00,0.98683,0.9897,0.9794,0.9825,435935.821329,0.9823
2007-10-08 02:00:00,0.9819,0.9879,0.9807,0.98676,231564.614881,0.98656
2007-10-07 02:00:00,0.98088,0.9831,0.98001,0.9819,12499.2,0.98165
2007-10-06 02:00:00,0.9809,0.9809,0.9809,0.9809,0.0,0.9806
2007-10-05 02:00:00,0.99695,0.9985,0.9788,0.9809,526848.24484,0.9806
2007-10-04 02:00:00,0.9989,1.00175,0.99629,0.99673,423032.60877,0.99658
2007-10-03 02:00:00,0.99875,0.9999,0.9937,0.99875,307070.437242,0.9986
2007-10-02 02:00:00,0.9924,1.00135,0.9919,0.99874,391707.327391,0.99859
2007-10-01 02:00:00,0.99265,0.99585,0.99105,0.9924,284745.692267,0.99225
2007-09-30 02:00:00,0.99343,0.994,0.99223,0.9926,13693.0,0.99245
2007-09-29 02:00:00,0.9925,0.9925,0.9925,0.9925,0.0,0.9922
2007-09-28 02:00:00,1.0018,1.0021,0.9915,0.9925,404497.920703,0.9922
2007-09-27 02:00:00,1.0052,1.00545,0.9978,1.00138,374501.732897,1.00123
2007-09-26 02:00:00,1.0041,1.0097,1.0026,1.0052,456183.007779,1.00505
2007-09-25 02:00:00,1.0032,1.0066,0.9999,1.0041,340069.232361,1.004
2007-09-24 02:00:00,0.9989,1.00365,0.99674,1.00308,369743.957804,1.00293
2007-09-23 02:00:00,0.99987,1.0007,0.99803,0.99861,21214.6,0.99841
2007-09-22 02:00:00,1.0013,1.0013,1.0013,1.0013,0.0,1.0008
2007-09-21 02:00:00,1.0006,1.00595,0.9937,1.0013,412646.101015,1.0008
2007-09-20 02:00:00,1.0136,1.0146,0.9994,1.0007,546581.279344,1.0005
2007-09-19 02:00:00,1.0144,1.0183,1.0083,1.0136,528325.312792,1.01345
2007-09-18 02:00:00,1.0284,1.0292,1.0123,1.0144,359783.241386,1.0143
2007-09-17 02:00:00,1.0312,1.0315,1.0241,1.0284,419882.14865,1.0282
2007-09-16 02:00:00,1.0299,1.0313,1.02965,1.03125,35133.38,1.03108
2007-09-15 02:00:00,1.0301,1.0301,1.0301,1.0301,0.0,1.0299
2007-09-14 02:00:00,1.03516,1.0361,1.0278,1.0301,438615.151891,1.0299
2007-09-13 02:00:00,1.0378,1.03825,1.0313,1.0356,513158.44573,1.03532
2007-09-12 02:00:00,1.0428,1.04465,1.0355,1.03748,714015.615206,1.03736
2007-09-11 02:00:00,1.0527,1.0534,1.0411,1.04262,701478.149995,1.0425
2007-09-10 02:00:00,1.0566,1.05925,1.0508,1.0527,382158.942515,1.05258
2007-09-09 02:00:00,1.05478,1.0575,1.0541,1.0566,12053.05,1.05645
2007-09-08 02:00:00,1.0555,1.0555,1.0555,1.0555,0.0,1.05525
2007-09-07 02:00:00,1.0523,1.0577,1.04795,1.0555,514862.464605,1.05525
2007-09-06 02:00:00,1.0539,1.05835,1.0509,1.0523,544491.15661,1.0522
2007-09-05 02:00:00,1.0493,1.0569,1.04825,1.05367,604669.034355,1.05357
2007-09-04 02:00:00,1.0531,1.057,1.0482,1.0493,512134.234574,1.04915
2007-09-03 02:00:00,1.0551,1.0554,1.05179,1.05282,221933.740721,1.05272
2007-09-02 02:00:00,1.05569,1.05593,1.05427,1.05468,17867.0,1.05458
2007-09-01 02:00:00,1.0559,1.0559,1.0559,1.0559,0.0,1.0556
2007-08-31 02:00:00,1.0562,1.0595,1.0508,1.0559,544156.336734,1.0556
2007-08-30 02:00:00,1.06105,1.0664,1.0545,1.05575,630592.171383,1.05565
2007-08-29 02:00:00,1.0668,1.06805,1.0569,1.06145,730004.123139,1.06128
2007-08-28 02:00:00,1.0557,1.0669,1.0535,1.0667,772948.162766,1.0666
2007-08-27 02:00:00,1.0501,1.056,1.0473,1.0557,580855.989654,1.0556
2007-08-26 02:00:00,1.05218,1.0526,1.0499,1.0501,15855.3,1.0499
2007-08-25 02:00:00,1.0521,1.0521,1.0521,1.0521,0.0,1.0519
2007-08-24 02:00:00,1.0545,1.057,1.0493,1.0521,661773.244982,1.0519
2007-08-23 02:00:00,1.0599,1.0616,1.0475,1.0547,760359.171023,1.0545
2007-08-22 02:00:00,1.0649,1.0667,1.0574,1.06,682508.840513,1.0597
2007-08-21 02:00:00,1.056,1.06695,1.05574,1.0649,593859.277381,1.0648
2007-08-20 02:00:00,1.0625,1.0628,1.0533,1.056,483227.443037,1.0558
2007-08-19 02:00:00,1.0601,1.063,1.0601,1.0625,18271.3,1.0623
2007-08-18 02:00:00,1.0606,1.0606,1.0606,1.0606,0.0,1.06005
2007-08-17 02:00:00,1.0771,1.0797,1.0562,1.0606,413631.506589,1.06005
2007-08-16 02:00:00,1.0808,1.0869,1.0676,1.0771,825804.324268,1.077
2007-08-15 02:00:00,1.06925,1.0812,1.0688,1.0808,1183606.357266,1.08065
2007-08-14 02:00:00,1.0563,1.0693,1.05485,1.0692,759016.962728,1.06905
2007-08-13 02:00:00,1.0541,1.05665,1.0485,1.0563,641866.919509,1.0561
2007-08-12 02:00:00,1.05365,1.0546,1.05342,1.0541,11969.8,1.05395
2007-08-11 02:00:00,1.0536,1.0536,1.0536,1.0536,0.0,1.05325
2007-08-10 02:00:00,1.058,1.062,1.05163,1.0536,728667.562307,1.05325
2007-08-09 02:00:00,1.0483,1.0644,1.0472,1.058,922672.597603,1.05785
2007-08-08 02:00:00,1.054,1.05675,1.0463,1.0483,497142.424337,1.04815
2007-08-07 02:00:00,1.0518,1.0576,1.05151,1.054,490608.254684,1.0539
2007-08-06 02:00:00,1.057,1.05902,1.0492,1.0518,529551.539965,1.05172
2007-08-05 02:00:00,1.0566,1.0582,1.056,1.057,11840.8,1.05695
2007-08-04 02:00:00,1.0572,1.0572,1.0572,1.0572,0.0,1.05685
2007-08-03 02:00:00,1.054,1.0579,1.0502,1.0572,621152.825657,1.05685
2007-08-02 02:00:00,1.0576,1.06,1.051,1.054,545918.97658,1.05385
2007-08-01 02:00:00,1.0672,1.06985,1.0553,1.0576,797338.193208,1.05755
2007-07-31 02:00:00,1.0652,1.06855,1.0587,1.0672,865692.361732,1.06705
2007-07-30 02:00:00,1.065,1.0702,1.06423,1.0651,672149.938646,1.06505
2007-07-29 02:00:00,1.06431,1.0653,1.06401,1.06486,7586.361033,1.06476
2007-07-28 02:00:00,1.0645,1.0645,1.0645,1.0645,0.0,1.0642
2007-07-27 02:00:00,1.0535,1.06505,1.05261,1.0645,720409.127495,1.0642
2007-07-26 02:00:00,1.0414,1.0574,1.04046,1.0535,591457.051759,1.05335
2007-07-25 02:00:00,1.0372,1.045,1.03415,1.0414,588927.235041,1.0413
2007-07-24 02:00:00,1.0468,1.04755,1.0343,1.0372,565259.939869,1.0371
2007-07-23 02:00:00,1.048,1.0483,1.0427,1.0467,547365.387656,1.0466
2007-07-22 02:00:00,1.04824,1.0489,1.04728,1.048,8916.2,1.04785
2007-07-21 02:00:00,1.049,1.049,1.049,1.049,0.0,1.04875
2007-07-20 02:00:00,1.04345,1.0499,1.0415,1.049,442336.848044,1.04875
2007-07-19 02:00:00,1.0443,1.04665,1.04135,1.04345,406453.711415,1.04335
2007-07-18 02:00:00,1.04335,1.04805,1.0401,1.0443,560323.215473,1.0442
2007-07-17 02:00:00,1.0438,1.04545,1.04201,1.0434,472836.877204,1.0433
2007-07-16 02:00:00,1.0479,1.0485,1.0417,1.04385,452312.434124,1.04372
2007-07-15 02:00:00,1.04818,1.049,1.04728,1.04767,17648.357035,1.04757
2007-07-14 02:00:00,1.0479,1.0479,1.0479,1.0479,0.0,1.04765
2007-07-13 02:00:00,1.0458,1.04995,1.04471,1.0479,493622.672848,1.04765
2007-07-12 02:00:00,1.055,1.0553,1.04505,1.0458,725461.329452,1.04565
2007-07-11 02:00:00,1.05445,1.0613,1.0537,1.055,967630.533867,1.05485
2007-07-10 02:00:00,1.0498,1.05655,1.0478,1.0544,736269.350832,1.0542
2007-07-09 02:00:00,1.0486,1.0504,1.04455,1.0498,450491.810921,1.0497
2007-07-08 02:00:00,1.04926,1.0497,1.0482,1.04855,16278.30317,1.0484
2007-07-07 02:00:00,1.0496,1.0496,1.0496,1.0496,0.0,1.0494
2007-07-06 02:00:00,1.0569,1.05695,1.04635,1.0496,480574.56827,1.0494
2007-07-05 02:00:00,1.058,1.0594,1.0556,1.0569,485526.574406,1.0568
2007-07-04 02:00:00,1.06145,1.06145,1.05585,1.05763,239048.74609,1.05748
2007-07-03 02:00:00,1.0568,1.0637,1.05426,1.0614,472037.286434,1.0612
2007-07-02 02:00:00,1.0632,1.0635,1.0529,1.0568,395292.753351,1.05665
2007-07-01 02:00:00,1.06329,1.064,1.06228,1.0632,16724.903724,1.0631
2007-06-30 02:00:00,1.0655,1.0655,1.0655,1.0655,0.0,1.0653
2007-06-29 02:00:00,1.0598,1.0661,1.04715,1.0655,963295.997168,1.0653
2007-06-28 02:00:00,1.0703,1.07055,1.0576,1.0597,630195.269214,1.0596
2007-06-27 02:00:00,1.0707,1.07355,1.06932,1.07035,464398.147646,1.07022
2007-06-26 02:00:00,1.0708,1.0727,1.0673,1.0707,469436.641228,1.07065
2007-06-25 02:00:00,1.0687,1.0734,1.06796,1.0708,394997.018251,1.0707
2007-06-24 02:00:00,1.06888,1.0695,1.068,1.0687,8605.211346,1.06858
2007-06-23 02:00:00,1.0682,1.0682,1.0682,1.0682,0.0,1.068
2007-06-22 02:00:00,1.074,1.07535,1.06675,1.0682,441163.733212,1.068
2007-06-21 02:00:00,1.0671,1.076,1.06465,1.07372,686671.397178,1.07362
2007-06-20 02:00:00,1.0628,1.0688,1.0618,1.0671,521783.3,1.06698
2007-06-19 02:00:00,1.0711,1.0732,1.0617,1.0628,486750.683932,1.06265
2007-06-18 02:00:00,1.06705,1.0754,1.06516,1.071,658535.968529,1.07095
2007-06-17 02:00:00,1.0673,1.0691,1.06678,1.06705,13420.9,1.06692
2007-06-16 02:00:00,1.068,1.068,1.068,1.068,0.0,1.0678
2007-06-15 02:00:00,1.0682,1.0691,1.0605,1.068,466326.064613,1.0678
2007-06-14 02:00:00,1.06746,1.0693,1.0649,1.0682,497903.777517,1.068
2007-06-13 02:00:00,1.06745,1.07405,1.0648,1.0678,636459.258828,1.0677
2007-06-12 02:00:00,1.05941,1.0684,1.05911,1.0674,444429.848491,1.06728
2007-06-11 02:00:00,1.0626,1.0637,1.0589,1.0597,372921.940915,1.0596
2007-06-10 02:00:00,1.0612,1.0627,1.06083,1.0626,9796.55,1.06245
2007-06-09 02:00:00,1.061,1.061,1.061,1.061,0.0,1.0608
2007-06-08 02:00:00,1.06135,1.07155,1.0596,1.061,653208.602285,1.0608
2007-06-07 02:00:00,1.0589,1.0668,1.05635,1.06145,404650.187562,1.06135
2007-06-06 02:00:00,1.0623,1.06355,1.0564,1.05895,650351.920471,1.05888
2007-06-05 02:00:00,1.0586,1.064,1.0564,1.06242,499587.866248,1.06232
2007-06-04 02:00:00,1.0615,1.0623,1.0551,1.05845,440060.44458,1.05835
2007-06-03 02:00:00,1.06119,1.0619,1.06073,1.0615,19893.756084,1.0614
2007-06-02 02:00:00,1.0611,1.0611,1.0611,1.0611,0.0,1.0609
2007-06-01 02:00:00,1.06964,1.07115,1.0599,1.0611,460703.638581,1.0609
2007-05-31 02:00:00,1.0736,1.07485,1.0667,1.0699,443385.118947,1.06975
2007-05-30 02:00:00,1.0741,1.07605,1.0688,1.0736,587122.25469,1.07345
2007-05-29 02:00:00,1.07959,1.08375,1.0712,1.0741,582018.282381,1.07397
2007-05-28 02:00:00,1.0801,1.08135,1.07899,1.07972,257885.251292,1.07962
2007-05-27 02:00:00,1.0798,1.0804,1.07882,1.0801,11662.5,1.07998
2007-05-26 02:00:00,1.0805,1.0805,1.0805,1.0805,0.0,1.0803
2007-05-25 02:00:00,1.0853,1.08705,1.07775,1.0805,441705.406595,1.0803
2007-05-24 02:00:00,1.08314,1.08555,1.08055,1.08496,402096.868751,1.08488
2007-05-23 02:00:00,1.08733,1.08905,1.0814,1.08315,572203.999017,1.08308
2007-05-22 02:00:00,1.08495,1.088,1.083,1.08717,413699.000759,1.08709
2007-05-21 02:00:00,1.09,1.09005,1.0826,1.08495,479191.501898,1.08488
2007-05-20 02:00:00,1.08954,1.0904,1.08856,1.08995,9845.1,1.0899
2007-05-19 02:00:00,1.0888,1.0888,1.0888,1.0888,0.0,1.08865
2007-05-18 02:00:00,1.1001,1.10015,1.0878,1.0888,537363.094141,1.08865
2007-05-17 02:00:00,1.1029,1.10575,1.09689,1.09986,411539.406506,1.09971
2007-05-16 02:00:00,1.0992,1.1064,1.0971,1.103,405232.313509,1.1028
2007-05-15 02:00:00,1.1067,1.10725,1.09655,1.0992,443014.777529,1.09908
2007-05-14 02:00:00,1.1112,1.1127,1.10534,1.1067,415285.263437,1.10655
2007-05-13 02:00:00,1.1114,1.1119,1.11018,1.1112,13747.6,1.11105
2007-05-12 02:00:00,1.1108,1.1108,1.1108,1.1108,0.0,1.11055
2007-05-11 02:00:00,1.1118,1.1171,1.10897,1.1108,380545.048107,1.11055
2007-05-10 02:00:00,1.10555,1.1131,1.10514,1.1118,618048.396075,1.1117
2007-05-09 02:00:00,1.1056,1.10955,1.10442,1.10545,426764.711068,1.10533
2007-05-08 02:00:00,1.1025,1.10705,1.10041,1.1056,270646.967066,1.10545
2007-05-07 02:00:00,1.10695,1.10765,1.1008,1.10218,240390.298288,1.10213
2007-05-06 02:00:00,1.1074,1.1077,1.1062,1.10644,6462.7,1.10632
2007-05-05 02:00:00,1.1079,1.1079,1.1079,1.1079,0.0,1.10775
2007-05-04 02:00:00,1.10745,1.10855,1.1033,1.1079,228037.916118,1.10775
2007-05-03 02:00:00,1.1089,1.1092,1.1056,1.1079,337762.989304,1.1077
2007-05-02 02:00:00,1.1117,1.11445,1.1065,1.1087,560499.8767,1.1086
2007-05-01 02:00:00,1.1094,1.11205,1.105,1.1117,414686.491638,1.1116
2007-04-30 02:00:00,1.1169,1.1199,1.105,1.10945,279428.113167,1.10933
2007-04-29 02:00:00,1.1155,1.1171,1.11499,1.11655,7356.7,1.1165
2007-04-28 02:00:00,1.1165,1.1165,1.1165,1.1165,0.0,1.11635
2007-04-27 02:00:00,1.12225,1.123,1.1131,1.1165,221107.363079,1.11635
2007-04-26 02:00:00,1.1154,1.1225,1.11429,1.12225,169257.423317,1.12212
2007-04-25 02:00:00,1.1218,1.123,1.1137,1.1154,175741.578621,1.11528
2007-04-24 02:00:00,1.12215,1.1249,1.11935,1.12185,174545.167854,1.12175
2007-04-23 02:00:00,1.123,1.1246,1.12136,1.12235,135446.078991,1.12225
2007-04-22 02:00:00,1.12314,1.1237,1.12205,1.123,4211.05,1.12282
2007-04-21 02:00:00,1.1239,1.1239,1.1239,1.1239,0.0,1.1237
2007-04-20 02:00:00,1.129,1.13035,1.12129,1.1239,151475.955463,1.1237
2007-04-19 02:00:00,1.1286,1.13105,1.1236,1.1289,205478.829011,1.1288
2007-04-18 02:00:00,1.1315,1.1341,1.1265,1.1286,151225.248195,1.12845
2007-04-17 02:00:00,1.1324,1.1345,1.1289,1.1315,201616.20208,1.13135
2007-04-16 02:00:00,1.13615,1.1368,1.1302,1.13214,151670.82795,1.13199
2007-04-15 02:00:00,1.13667,1.13843,1.13551,1.13836,5481.0,1.13821
2007-04-14 02:00:00,1.1382,1.1382,1.1382,1.1382,0.0,1.1378
2007-04-13 02:00:00,1.13448,1.1397,1.13297,1.1382,108683.69285,1.1378
2007-04-12 02:00:00,1.1403,1.14135,1.1338,1.13465,136760.155425,1.13455
2007-04-11 02:00:00,1.1474,1.1481,1.1382,1.1403,156250.626735,1.1402
2007-04-10 02:00:00,1.15302,1.1532,1.1459,1.14703,161519.625067,1.14688
2007-04-09 02:00:00,1.1511,1.1534,1.14965,1.15315,95891.011774,1.15307
2007-04-08 02:00:00,1.15155,1.1521,1.1501,1.1511,7587.9,1.15095
2007-04-07 02:00:00,1.1515,1.1515,1.1515,1.1515,0.0,1.1513
2007-04-06 02:00:00,1.15126,1.15355,1.14963,1.1515,67394.363404,1.1513
2007-04-05 02:00:00,1.15886,1.1596,1.14875,1.15127,149481.561034,1.15115
2007-04-04 02:00:00,1.15875,1.1597,1.15465,1.159,149467.00912,1.15885
2007-04-03 02:00:00,1.1558,1.16005,1.15505,1.1588,182904.500252,1.15862
2007-04-02 02:00:00,1.1522,1.15725,1.15111,1.1558,264929.822178,1.1557
2007-04-01 02:00:00,1.15129,1.1535,1.15129,1.1522,10102.3,1.15205
2007-03-31 02:00:00,1.1543,1.1543,1.1543,1.1543,0.0,1.15395
2007-03-30 02:00:00,1.15851,1.15933,1.15005,1.1543,222508.3,1.15395
2007-03-29 02:00:00,1.15922,1.16146,1.15696,1.15853,166816.7,1.15836
2007-03-28 02:00:00,1.1562,1.16097,1.15553,1.15893,168869.4,1.15888
2007-03-27 02:00:00,1.16105,1.16189,1.15558,1.15612,167267.7,1.15602
2007-03-26 02:00:00,1.16103,1.16377,1.1596,1.16126,168910.8,1.16109
2007-03-25 01:00:00,1.16053,1.16166,1.15999,1.16142,11235.6,1.16102
2007-03-24 01:00:00,1.16073,1.16073,1.16073,1.16073,0.0,1.1606
2007-03-23 01:00:00,1.1578,1.16123,1.15576,1.16073,155956.72831,1.1606
2007-03-22 01:00:00,1.15653,1.1593,1.15568,1.1579,170128.164072,1.1577
2007-03-21 01:00:00,1.16006,1.16337,1.15343,1.15643,179295.228476,1.15638
2007-03-20 01:00:00,1.17697,1.17885,1.16007,1.16023,189305.692382,1.16013
2007-03-19 01:00:00,1.1763,1.17825,1.17433,1.17698,164622.514155,1.1768
2007-03-18 01:00:00,1.17726,1.17739,1.17554,1.1762,15500.0,1.1761
2007-03-17 01:00:00,1.17575,1.17575,1.17575,1.17575,0.0,1.1754
2007-03-16 01:00:00,1.17592,1.17675,1.17151,1.17575,175961.5,1.1754
2007-03-15 01:00:00,1.176,1.17806,1.17331,1.17587,194995.9,1.17572
2007-03-14 01:00:00,1.17377,1.17783,1.17233,1.17595,192156.1,1.17585
2007-03-13 01:00:00,1.17109,1.17541,1.16813,1.1737,194428.5,1.1736
2007-03-12 01:00:00,1.17207,1.17333,1.16841,1.17099,197448.9,1.17084
2007-03-11 01:00:00,1.17283,1.17332,1.17157,1.172,19630.8,1.1719
2007-03-10 01:00:00,1.1724,1.1724,1.1724,1.1724,0.0,1.17228
2007-03-09 01:00:00,1.17987,1.18106,1.17035,1.1724,189481.0,1.17228
2007-03-08 01:00:00,1.17799,1.1817,1.17662,1.17977,195314.1,1.17967
2007-03-07 01:00:00,1.17578,1.17985,1.17462,1.17792,196809.3,1.17782
2007-03-06 01:00:00,1.18074,1.18139,1.1732,1.17569,201421.4,1.17564
2007-03-05 01:00:00,1.17747,1.18248,1.17558,1.18058,196857.5,1.18048
2007-03-04 01:00:00,1.19785,1.19785,1.17569,1.17739,10093.7,1.17729
2007-03-03 01:00:00,1.17727,1.17727,1.17727,1.17727,0.0,1.17717
2007-03-02 01:00:00,1.17297,1.17759,1.17075,1.17727,184490.2,1.17717
2007-03-01 01:00:00,1.17033,1.17492,1.16728,1.1729,194918.6,1.1728
2007-02-28 01:00:00,1.16727,1.17379,1.16578,1.17024,193604.4,1.17014
2007-02-27 01:00:00,1.16037,1.16771,1.15888,1.16719,195320.5,1.16709
2007-02-26 01:00:00,1.15824,1.16132,1.15775,1.1602,198106.2,1.1601
2007-02-25 01:00:00,1.15937,1.15961,1.15793,1.15813,11646.9,1.15803
2007-02-24 01:00:00,1.15959,1.15959,1.15959,1.15959,0.0,1.15947
2007-02-23 01:00:00,1.16195,1.16288,1.15658,1.15959,185117.7,1.15947
2007-02-22 01:00:00,1.16039,1.16338,1.15923,1.16205,194369.2,1.16195
2007-02-21 01:00:00,1.17018,1.17135,1.15945,1.1604,200133.1,1.1603
2007-02-20 01:00:00,1.1647,1.17181,1.16335,1.17011,194337.0,1.17001
2007-02-19 01:00:00,1.16392,1.16604,1.16285,1.16464,196462.4,1.16456
2007-02-18 01:00:00,1.1629,1.16448,1.1628,1.16387,11288.0,1.16377
2007-02-17 01:00:00,1.16315,1.16315,1.16315,1.16315,0.0,1.16305
2007-02-16 01:00:00,1.16325,1.16555,1.16223,1.16315,187748.4,1.16305
2007-02-15 01:00:00,1.16605,1.1672,1.16194,1.1631,198645.5,1.163
2007-02-14 01:00:00,1.16781,1.169,1.16452,1.16602,198958.6,1.16592
2007-02-13 01:00:00,1.17567,1.17657,1.16596,1.1677,199242.9,1.16758
2007-02-12 01:00:00,1.17371,1.17666,1.17071,1.17567,217895.6,1.17557
2007-02-11 01:00:00,1.17293,1.17454,1.17292,1.1736,14995.2,1.1735
2007-02-10 01:00:00,1.17208,1.17208,1.17208,1.17208,0.0,1.17198
2007-02-09 01:00:00,1.18273,1.18514,1.17143,1.17208,188912.1,1.17198
2007-02-08 01:00:00,1.18487,1.18771,1.18192,1.18307,195954.8,1.18297
2007-02-07 01:00:00,1.18188,1.1861,1.1813,1.18496,200322.2,1.18486
2007-02-06 01:00:00,1.18141,1.1845,1.18104,1.18215,196015.2,1.18203
2007-02-05 01:00:00,1.18423,1.18651,1.18084,1.18118,195619.4,1.18113
2007-02-04 01:00:00,1.1839,1.18481,1.18375,1.18441,11762.0,1.18431
2007-02-03 01:00:00,1.18433,1.18433,1.18433,1.18433,0.0,1.18421
2007-02-02 01:00:00,1.17936,1.18711,1.17775,1.18433,184448.7,1.18421
2007-02-01 01:00:00,1.17545,1.18033,1.17384,1.17925,192498.6,1.17915
2007-01-31 01:00:00,1.17929,1.18454,1.17469,1.17539,192747.6,1.17529
2007-01-30 01:00:00,1.18241,1.18433,1.17877,1.17924,191424.5,1.17914
2007-01-29 01:00:00,1.17977,1.18474,1.17907,1.18237,192142.8,1.18227
2007-01-28 01:00:00,1.17924,1.17981,1.17864,1.17966,10016.7,1.17956
2007-01-27 01:00:00,1.17962,1.17962,1.17962,1.17962,0.0,1.17959
2007-01-26 01:00:00,1.18357,1.18439,1.1782,1.17962,180357.1,1.17959
2007-01-25 01:00:00,1.17876,1.18364,1.17322,1.18349,196310.7,1.18339
2007-01-24 01:00:00,1.18097,1.18367,1.17662,1.17878,192339.1,1.17868
2007-01-23 01:00:00,1.18112,1.18514,1.17889,1.1809,195551.9,1.1808
2007-01-22 01:00:00,1.17271,1.18365,1.17141,1.18114,195596.8,1.18104
2007-01-21 01:00:00,1.1722,1.17305,1.17178,1.17269,13525.6,1.17259
2007-01-20 01:00:00,1.17232,1.17232,1.17232,1.17232,0.0,1.17217
2007-01-19 01:00:00,1.17385,1.17552,1.16991,1.17232,181031.7,1.17217
2007-01-18 01:00:00,1.17242,1.17737,1.1715,1.1738,194487.7,1.1737
2007-01-17 01:00:00,1.17627,1.1771,1.17189,1.17238,191340.1,1.17225
2007-01-16 01:00:00,1.16847,1.17753,1.16466,1.17621,192876.2,1.17611
2007-01-15 01:00:00,1.16896,1.17059,1.16598,1.1679,192698.5,1.1678
2007-01-14 01:00:00,1.16948,1.19721,1.16829,1.16888,10391.6,1.16878
2007-01-13 01:00:00,1.17014,1.17014,1.17014,1.17014,0.0,1.17004
2007-01-12 01:00:00,1.17814,1.1782,1.16825,1.17014,185705.5,1.17004
2007-01-11 01:00:00,1.17417,1.18026,1.1695,1.17807,198121.7,1.17797
2007-01-10 01:00:00,1.17647,1.17942,1.17343,1.17407,193246.2,1.17402
2007-01-09 01:00:00,1.17429,1.17966,1.17278,1.17637,189936.1,1.1763
2007-01-08 01:00:00,1.17341,1.1784,1.17229,1.17424,192135.8,1.17414
2007-01-07 01:00:00,1.173,1.17365,1.17263,1.17333,10808.2,1.17323
2007-01-06 01:00:00,1.17274,1.17274,1.17274,1.17274,0.0,1.17272
2007-01-05 01:00:00,1.17754,1.17841,1.17211,1.17274,184572.2,1.17272
2007-01-04 01:00:00,1.17269,1.17793,1.17127,1.17756,191269.7,1.17746
2007-01-03 01:00:00,1.16494,1.17359,1.16387,1.17267,192365.8,1.17257
2007-01-02 01:00:00,1.16441,1.16607,1.16238,1.1649,209212.2,1.1648
2007-01-01 01:00:00,1.16509,1.1666,1.16351,1.1643,212860.6,1.16415
2006-12-31 01:00:00,1.16567,1.16584,1.16448,1.16485,16051.1,1.1647
