time,open,high,low,close,volume,mid
2026-08-30 02:00:00,0.80986,0.81022,0.8089,0.8089,3552.24,0.80886
2026-08-29 02:00:00,0.80944,0.80944,0.80944,0.80944,0.0,0.80935
2026-08-28 02:00:00,0.80387,0.80992,0.80267,0.80944,107504.52,0.80935
2026-08-27 02:00:00,0.80513,0.80619,0.803,0.80387,81531.24,0.80382
2026-08-26 02:00:00,0.80186,0.80632,0.80156,0.80514,85161.26,0.8051
2026-08-25 02:00:00,0.80233,0.80427,0.80085,0.80185,85878.43,0.8018
2026-08-24 02:00:00,0.80063,0.80303,0.7997,0.80233,107984.34,0.80228
2026-08-23 02:00:00,0.80229,0.80239,0.80062,0.80064,2804.76,0.8006
2026-08-22 02:00:00,0.80126,0.80126,0.80126,0.80126,0.0,0.80103
2026-08-21 02:00:00,0.79967,0.80212,0.79834,0.80126,109637.84,0.80103
2026-08-20 02:00:00,0.79782,0.80103,0.79501,0.79967,141790.12,0.79962
2026-08-19 02:00:00,0.81228,0.81287,0.79703,0.79783,173046.98,0.79778
2026-08-18 02:00:00,0.81071,0.81316,0.81045,0.81231,78896.61,0.81226
2026-08-17 02:00:00,0.81275,0.81275,0.80723,0.81069,98637.4,0.81065
2026-08-16 02:00:00,0.81346,0.81359,0.81262,0.81276,3211.04,0.8127
2026-08-15 02:00:00,0.81338,0.81338,0.81338,0.81338,0.0,0.81316
2026-08-14 02:00:00,0.81424,0.81448,0.81039,0.81338,84343.25,0.81316
2026-08-13 02:00:00,0.81325,0.81516,0.81128,0.81422,79379.04,0.81417
2026-08-12 02:00:00,0.8111,0.8142,0.80959,0.81328,86702.06,0.81323
2026-08-11 02:00:00,0.8099,0.81252,0.80947,0.81111,88133.87,0.81106
2026-08-10 02:00:00,0.80837,0.81053,0.80694,0.8099,80873.68,0.80986
2026-08-09 02:00:00,0.80925,0.80939,0.80734,0.80837,4479.16,0.80832
2026-08-08 02:00:00,0.80844,0.80844,0.80844,0.80844,0.0,0.80804
2026-08-07 02:00:00,0.8125,0.813,0.8057,0.80844,106119.28,0.80804
2026-08-06 02:00:00,0.80678,0.81365,0.80606,0.81249,73562.39,0.81244
2026-08-05 02:00:00,0.80919,0.8102,0.80644,0.80677,92214.41,0.80671
2026-08-04 02:00:00,0.81042,0.81068,0.80806,0.80918,90527.57,0.80913
2026-08-03 02:00:00,0.8071,0.81159,0.80569,0.81047,107714.26,0.81041
2026-08-02 02:00:00,0.80718,0.80895,0.80577,0.80709,7984.7,0.80704
2026-08-01 02:00:00,0.8081,0.8081,0.8081,0.8081,0.0,0.80761
2026-07-31 02:00:00,0.80586,0.81296,0.80548,0.8081,148595.29,0.80761
2026-07-30 02:00:00,0.81351,0.81753,0.80395,0.80587,160335.24,0.80582
2026-07-29 02:00:00,0.81954,0.82074,0.81324,0.8135,123762.88,0.81345
2026-07-28 02:00:00,0.81947,0.82056,0.81682,0.81956,66837.84,0.8195
2026-07-27 02:00:00,0.81636,0.81963,0.81394,0.81948,87983.97,0.81942
2026-07-26 02:00:00,0.81724,0.81777,0.8157,0.81636,2781.21,0.81632
2026-07-25 02:00:00,0.81852,0.81852,0.81852,0.81852,0.0,0.81816
2026-07-24 02:00:00,0.81698,0.81862,0.81534,0.81852,77928.87,0.81816
2026-07-23 02:00:00,0.81428,0.81808,0.81307,0.81697,97321.38,0.81693
2026-07-22 02:00:00,0.81269,0.81485,0.8114,0.8143,78089.27,0.81426
2026-07-21 02:00:00,0.81006,0.81355,0.80914,0.8127,78369.44,0.81264
2026-07-20 02:00:00,0.80853,0.81095,0.80617,0.81005,75386.46,0.81
2026-07-19 02:00:00,0.80929,0.80947,0.80821,0.80854,6230.11,0.8085
2026-07-18 02:00:00,0.8079,0.8079,0.8079,0.8079,0.0,0.80766
2026-07-17 02:00:00,0.80854,0.80935,0.80606,0.8079,90757.54,0.80766
2026-07-16 02:00:00,0.80475,0.80987,0.80454,0.80855,90825.3,0.8085
2026-07-15 02:00:00,0.80915,0.81151,0.80342,0.80476,104786.9,0.80472
2026-07-14 02:00:00,0.81469,0.81519,0.80611,0.80914,140666.9,0.80909
2026-07-13 02:00:00,0.80948,0.81526,0.80752,0.81472,109464.06,0.81466
2026-07-12 02:00:00,0.80928,0.81042,0.80839,0.80949,5535.31,0.80944
2026-07-11 02:00:00,0.81003,0.81003,0.81003,0.81003,0.0,0.80918
2026-07-10 02:00:00,0.80662,0.81003,0.80312,0.81003,89409.45,0.80918
2026-07-09 02:00:00,0.80817,0.80817,0.80535,0.80663,78425.23,0.80658
2026-07-08 02:00:00,0.80908,0.81086,0.80642,0.80819,117869.21,0.80814
2026-07-07 02:00:00,0.80518,0.80915,0.80487,0.80907,75062.66,0.80903
2026-07-06 02:00:00,0.80387,0.80736,0.80342,0.80519,67528.96,0.80514
2026-07-05 02:00:00,0.80423,0.80441,0.80331,0.80387,3429.88,0.80382
2026-07-04 02:00:00,0.80339,0.80339,0.80339,0.80339,0.0,0.80326
2026-07-03 02:00:00,0.80449,0.80475,0.80109,0.80339,92453.81,0.80326
2026-07-02 02:00:00,0.8093,0.80976,0.80104,0.80449,144278.1,0.80444
2026-07-01 02:00:00,0.80882,0.81207,0.80785,0.80928,106432.45,0.80923
2026-06-30 02:00:00,0.80788,0.81019,0.80635,0.80881,106941.32,0.80876
2026-06-29 02:00:00,0.81012,0.81024,0.80721,0.80787,75976.77,0.80782
2026-06-28 02:00:00,0.81034,0.81055,0.81003,0.81012,3178.32,0.81008
2026-06-27 02:00:00,0.8104,0.8104,0.8104,0.8104,0.0,0.80994
2026-06-26 02:00:00,0.81074,0.81126,0.80665,0.8104,109417.38,0.80994
2026-06-25 02:00:00,0.81267,0.81359,0.80902,0.81074,120150.84,0.8107
2026-06-24 02:00:00,0.8098,0.814,0.8097,0.81268,125532.92,0.81264
2026-06-23 02:00:00,0.80889,0.81094,0.80754,0.8098,106004.13,0.80974
2026-06-22 02:00:00,0.8081,0.8098,0.80697,0.80889,115419.25,0.80884
2026-06-21 02:00:00,0.80804,0.80843,0.8075,0.80814,2841.12,0.80809
2026-06-20 02:00:00,0.80726,0.80726,0.80726,0.80726,0.0,0.80702
2026-06-19 02:00:00,0.80499,0.80923,0.80442,0.80726,92699.38,0.80702
2026-06-18 02:00:00,0.79948,0.80624,0.79825,0.805,132151.08,0.80495
2026-06-17 02:00:00,0.79327,0.80159,0.79105,0.79948,129838.89,0.79944
2026-06-16 02:00:00,0.79461,0.79603,0.7922,0.79323,83451.27,0.7932
2026-06-15 02:00:00,0.794,0.79517,0.79216,0.79458,90077.84,0.79453
2026-06-14 02:00:00,0.79789,0.79789,0.79324,0.794,8283.35,0.79396
2026-06-13 02:00:00,0.79719,0.79719,0.79719,0.79719,0.0,0.79704
2026-06-12 02:00:00,0.79517,0.79763,0.79484,0.79719,114126.99,0.79704
2026-06-11 02:00:00,0.80005,0.80133,0.79424,0.79515,148157.2,0.7951
2026-06-10 02:00:00,0.79932,0.80069,0.79655,0.80006,138014.46,0.80001
2026-06-09 02:00:00,0.79825,0.79945,0.7949,0.79932,122454.81,0.79928
2026-06-08 02:00:00,0.79661,0.79872,0.79478,0.79825,125006.6,0.79821
2026-06-07 02:00:00,0.7971,0.79733,0.79649,0.79657,3847.64,0.79652
2026-06-06 02:00:00,0.79682,0.79682,0.79682,0.79682,0.0,0.79624
2026-06-05 02:00:00,0.78925,0.79682,0.78725,0.79682,114288.74,0.79624
2026-06-04 02:00:00,0.79113,0.79232,0.78683,0.78925,89369.35,0.7892
2026-06-03 02:00:00,0.78849,0.79297,0.7874,0.79113,95785.09,0.79108
2026-06-02 02:00:00,0.7864,0.78883,0.78448,0.78846,73242.97,0.78841
2026-06-01 02:00:00,0.78193,0.7885,0.7819,0.78641,97214.71,0.78636
2026-05-31 02:00:00,0.78317,0.78317,0.78146,0.78192,3808.08,0.78188
2026-05-30 02:00:00,0.78145,0.78145,0.78145,0.78145,0.0,0.78103
2026-05-29 02:00:00,0.78387,0.78477,0.77958,0.78145,96060.95,0.78103
2026-05-28 02:00:00,0.78795,0.78997,0.78338,0.78388,90108.04,0.78384
2026-05-27 02:00:00,0.78526,0.78801,0.78436,0.78794,80853.69,0.7879
2026-05-26 02:00:00,0.78331,0.78672,0.78297,0.78525,63597.41,0.7852
2026-05-25 02:00:00,0.78239,0.78439,0.78084,0.78333,49290.64,0.78328
2026-05-24 02:00:00,0.78511,0.78549,0.78187,0.78238,4881.23,0.78234
2026-05-23 02:00:00,0.78562,0.78562,0.78562,0.78562,0.0,0.78513
2026-05-22 02:00:00,0.7866,0.78763,0.78386,0.78562,71852.58,0.78513
2026-05-21 02:00:00,0.7872,0.79048,0.78581,0.78661,108006.11,0.78656
2026-05-20 02:00:00,0.78891,0.79072,0.78578,0.78722,99001.68,0.78717
2026-05-19 02:00:00,0.78457,0.79067,0.78449,0.78891,82620.3,0.78886
2026-05-18 02:00:00,0.78739,0.7878,0.78405,0.78455,87202.43,0.7845
2026-05-17 02:00:00,0.78749,0.78751,0.78679,0.78739,3602.57,0.78735
2026-05-16 02:00:00,0.78728,0.78728,0.78728,0.78728,0.0,0.7868
2026-05-15 02:00:00,0.7843,0.78739,0.7839,0.78728,87168.28,0.7868
2026-05-14 02:00:00,0.78174,0.78433,0.78082,0.78431,68713.73,0.78426
2026-05-13 02:00:00,0.78063,0.78313,0.78006,0.78173,69832.56,0.78168
2026-05-12 02:00:00,0.77828,0.78238,0.77828,0.78064,90448.17,0.78058
2026-05-11 02:00:00,0.77785,0.77958,0.77687,0.77828,68451.45,0.77824
2026-05-10 02:00:00,0.7795,0.77977,0.77758,0.77786,6250.18,0.77781
2026-05-09 02:00:00,0.7771,0.7771,0.7771,0.7771,0.0,0.77656
2026-05-08 02:00:00,0.78052,0.78099,0.77621,0.7771,83029.44,0.77656
2026-05-07 02:00:00,0.77895,0.781,0.77664,0.78054,123497.11,0.7805
2026-05-06 02:00:00,0.78148,0.78204,0.77719,0.77894,147818.72,0.77889
2026-05-05 02:00:00,0.7841,0.78486,0.78087,0.78151,99339.47,0.78146
2026-05-04 02:00:00,0.78133,0.78495,0.78002,0.7841,127376.83,0.78406
2026-05-03 02:00:00,0.78225,0.78245,0.78046,0.78133,3526.49,0.78128
2026-05-02 02:00:00,0.78264,0.78264,0.78264,0.78264,0.0,0.78206
2026-05-01 02:00:00,0.78171,0.78307,0.77795,0.78264,110994.96,0.78206
2026-04-30 02:00:00,0.79064,0.79237,0.78061,0.78172,167389.93,0.78168
2026-04-29 02:00:00,0.78905,0.79284,0.78835,0.79064,109938.9,0.7906
2026-04-28 02:00:00,0.78538,0.79117,0.78496,0.78906,101242.64,0.78902
2026-04-27 02:00:00,0.78654,0.78655,0.78313,0.7854,77636.96,0.78534
2026-04-26 02:00:00,0.78757,0.78757,0.78567,0.78655,3745.42,0.7865
2026-04-25 02:00:00,0.78512,0.78512,0.78512,0.78512,0.0,0.78472
2026-04-24 02:00:00,0.78633,0.78772,0.78461,0.78512,87243.55,0.78472
2026-04-23 02:00:00,0.78491,0.78752,0.78325,0.78634,114729.9,0.78629
2026-04-22 02:00:00,0.78064,0.78526,0.77926,0.78492,86311.56,0.78488
2026-04-21 02:00:00,0.77861,0.78274,0.77835,0.78064,112272.97,0.78059
2026-04-20 02:00:00,0.7838,0.78394,0.77764,0.77862,98991.56,0.77857
2026-04-19 02:00:00,0.78184,0.78415,0.78169,0.7838,4299.38,0.78376
2026-04-18T00:00:00Z,0.78173,0.78173,0.78173,0.78173,0.0,0.78163
2026-04-17T00:00:00Z,0.78342,0.78418,0.77778,0.78173,103979.04,0.78163
2026-04-16T00:00:00Z,0.78148,0.78467,0.78008,0.78338,85548.01,0.78328
2026-04-15T00:00:00Z,0.78111,0.78334,0.78009,0.7815,94089.49,0.7814
2026-04-14T00:00:00Z,0.78338,0.78397,0.77924,0.78108,94251.29,0.78098
2026-04-13T00:00:00Z,0.7928,0.79313,0.7826,0.78338,90206.88,0.78328
2026-04-12T00:00:00Z,0.78861,0.7936,0.78861,0.79289,6542.06,0.79279
2026-04-11T00:00:00Z,0.78861,0.78861,0.78861,0.78861,0.0,0.78851
2026-04-10T00:00:00Z,0.79112,0.79155,0.78566,0.78861,94726.74,0.78851
2026-04-09T00:00:00Z,0.79162,0.79231,0.78785,0.79112,101964.11,0.79102
2026-04-08T00:00:00Z,0.79058,0.79271,0.78718,0.79162,151080.41,0.79152
2026-04-07T00:00:00Z,0.79833,0.80124,0.79057,0.79077,119922.39,0.79067
2026-04-06T00:00:00Z,0.8014,0.80196,0.79644,0.7983,92886.95,0.7982
2026-04-05T00:00:00Z,0.79893,0.80135,0.79856,0.80135,6878.0,0.80125
2026-04-04T00:00:00Z,0.79893,0.79893,0.79893,0.79893,0.0,0.79883
2026-04-03T00:00:00Z,0.79885,0.80134,0.7979,0.79893,59591.28,0.79883
2026-04-02T00:00:00Z,0.79424,0.801,0.79319,0.79884,127366.14,0.79874
2026-04-01T00:00:00Z,0.79792,0.79858,0.7911,0.79417,124800.85,0.79407
2026-03-31T00:00:00Z,0.80008,0.80414,0.79784,0.79784,131829.71,0.79774
2026-03-30T00:00:00Z,0.8,0.80143,0.79811,0.8002,84016.34,0.8001
2026-03-29T00:00:00Z,0.79891,0.80019,0.79632,0.80004,5819.91,0.79994
2026-03-28T00:00:00Z,0.79891,0.79891,0.79891,0.79891,0.0,0.79881
2026-03-27T00:00:00Z,0.79495,0.79943,0.79471,0.79891,96915.82,0.79881
2026-03-26T00:00:00Z,0.79175,0.79604,0.79155,0.79492,96819.2,0.79482
2026-03-25T00:00:00Z,0.78823,0.79253,0.78725,0.7918,119562.34,0.7917
2026-03-24T00:00:00Z,0.78679,0.79258,0.7862,0.78821,159333.58,0.78811
2026-03-23T00:00:00Z,0.78793,0.79412,0.78368,0.78686,234487.9,0.78676
2026-03-22T00:00:00Z,0.78798,0.78892,0.78689,0.788,7800.29,0.7879
2026-03-21T00:00:00Z,0.78798,0.78798,0.78798,0.78798,0.0,0.78788
2026-03-20T00:00:00Z,0.7891,0.7906,0.78581,0.78798,108264.68,0.78788
2026-03-19T00:00:00Z,0.79289,0.79594,0.78595,0.78907,178513.59,0.78897
2026-03-18T00:00:00Z,0.78504,0.79376,0.78478,0.79286,104413.71,0.79276
2026-03-17T00:00:00Z,0.78834,0.79012,0.78446,0.78512,75065.93,0.78502
2026-03-16T00:00:00Z,0.7901,0.79243,0.78668,0.78833,84818.13,0.78823
2026-03-15T00:00:00Z,0.79135,0.79135,0.78873,0.79014,7310.04,0.79004
2026-03-14T00:00:00Z,0.79135,0.79135,0.79135,0.79135,0.0,0.79125
2026-03-13T00:00:00Z,0.78559,0.79185,0.78492,0.79135,101192.0,0.79125
2026-03-12T00:00:00Z,0.78193,0.78651,0.78046,0.78553,101563.32,0.78543
2026-03-11T00:00:00Z,0.77875,0.78209,0.77682,0.78198,116377.35,0.78188
2026-03-10T00:00:00Z,0.77816,0.77911,0.77498,0.77883,134240.68,0.77873
2026-03-09T00:00:00Z,0.78136,0.78268,0.77698,0.77817,166290.91,0.77807
2026-03-08T00:00:00Z,0.77549,0.78149,0.77549,0.7814,10713.88,0.7813
2026-03-07T00:00:00Z,0.77549,0.77549,0.77549,0.77549,0.0,0.77539
2026-03-06T00:00:00Z,0.78105,0.78285,0.77549,0.77549,132191.32,0.77539
2026-03-05T00:00:00Z,0.77936,0.78384,0.77845,0.78094,136958.22,0.78084
2026-03-04T00:00:00Z,0.78219,0.7836,0.77866,0.77937,127307.55,0.77927
2026-03-03T00:00:00Z,0.77893,0.78797,0.77877,0.78216,173471.37,0.78206
2026-03-02T00:00:00Z,0.76972,0.78151,0.76803,0.77889,142133.89,0.77879
2026-03-01T00:00:00Z,0.76907,0.7698,0.76744,0.7697,6006.89,0.7696
2026-02-28T00:00:00Z,0.76907,0.76907,0.76907,0.76907,0.0,0.76897
2026-02-27T00:00:00Z,0.77339,0.77405,0.76733,0.76907,83879.9,0.76897
2026-02-26T00:00:00Z,0.77233,0.77554,0.77125,0.77342,72177.04,0.77332
2026-02-25T00:00:00Z,0.77406,0.77589,0.77209,0.7723,69981.96,0.7722
2026-02-24T00:00:00Z,0.77445,0.77673,0.77328,0.77403,70355.96,0.77393
2026-02-23T00:00:00Z,0.77196,0.77693,0.77125,0.77445,81533.31,0.77435
2026-02-22T00:00:00Z,0.77563,0.77563,0.77188,0.77198,4400.93,0.77188
2026-02-21T00:00:00Z,0.77563,0.77563,0.77563,0.77563,0.0,0.77553
2026-02-20T00:00:00Z,0.77559,0.77717,0.77332,0.77563,103066.81,0.77553
2026-02-19T00:00:00Z,0.77267,0.77643,0.77224,0.77558,73898.32,0.77548
2026-02-18T00:00:00Z,0.77047,0.77335,0.77015,0.77265,63740.53,0.77255
2026-02-17T00:00:00Z,0.76987,0.77407,0.76896,0.77045,74436.74,0.77035
2026-02-16T00:00:00Z,0.76844,0.77058,0.76809,0.76986,38329.41,0.76976
2026-02-15T00:00:00Z,0.76719,0.7687,0.76719,0.76845,3315.25,0.76835
2026-02-14T00:00:00Z,0.76719,0.76719,0.76719,0.76719,0.0,0.76709
2026-02-13T00:00:00Z,0.76968,0.77171,0.76719,0.76719,83727.41,0.76709
2026-02-12T00:00:00Z,0.77138,0.77262,0.76696,0.76967,111102.52,0.76957
2026-02-11T00:00:00Z,0.76882,0.77312,0.76503,0.77137,129995.72,0.77127
2026-02-10T00:00:00Z,0.76723,0.76899,0.76325,0.76881,90741.08,0.76871
2026-02-09T00:00:00Z,0.77604,0.77657,0.76583,0.76736,104975.06,0.76726
2026-02-08T00:00:00Z,0.77576,0.77725,0.77375,0.77599,3515.69,0.77589
2026-02-07T00:00:00Z,0.77576,0.77576,0.77576,0.77576,0.0,0.77566
2026-02-06T00:00:00Z,0.77793,0.77876,0.77531,0.77576,66109.2,0.77566
2026-02-05T00:00:00Z,0.77752,0.77887,0.77456,0.77798,111985.81,0.77788
2026-02-04T00:00:00Z,0.77596,0.77769,0.77476,0.77754,98055.09,0.77744
2026-02-03T00:00:00Z,0.7792,0.7792,0.77413,0.77596,104079.11,0.77586
2026-02-02T00:00:00Z,0.77393,0.78183,0.7718,0.77922,147871.17,0.77912
2026-02-01T00:00:00Z,0.7731,0.77485,0.77193,0.77379,7404.34,0.77369
2026-01-31T00:00:00Z,0.7731,0.7731,0.7731,0.7731,0.0,0.773
2026-01-30T00:00:00Z,0.76457,0.77336,0.76407,0.7731,187108.09,0.773
2026-01-29T00:00:00Z,0.76564,0.77048,0.76388,0.76462,158511.89,0.76452
2026-01-28T00:00:00Z,0.76306,0.77257,0.76304,0.76595,165119.02,0.76585
2026-01-27T00:00:00Z,0.77754,0.77854,0.76077,0.76329,161618.59,0.76319
2026-01-26T00:00:00Z,0.77813,0.77951,0.77357,0.77749,135041.0,0.77739
2026-01-25T00:00:00Z,0.77992,0.77992,0.77475,0.77806,9820.25,0.77796
2026-01-24T00:00:00Z,0.77992,0.77992,0.77992,0.77992,0.0,0.77982
2026-01-23T00:00:00Z,0.78926,0.7916,0.77936,0.77992,100410.72,0.77982
2026-01-22T00:00:00Z,0.79656,0.79656,0.78885,0.78927,84365.86,0.78917
2026-01-21T00:00:00Z,0.78983,0.79695,0.78917,0.79658,120309.61,0.79648
2026-01-20T00:00:00Z,0.79811,0.7986,0.78869,0.78983,142893.24,0.78973
2026-01-19T00:00:00Z,0.79889,0.80047,0.79652,0.79811,78967.31,0.79801
2026-01-18T00:00:00Z,0.80258,0.80258,0.7982,0.7989,9022.63,0.7988
2026-01-17T00:00:00Z,0.80258,0.80258,0.80258,0.80258,0.0,0.80248
2026-01-16T00:00:00Z,0.80355,0.80406,0.80086,0.80258,77096.98,0.80248
2026-01-15T00:00:00Z,0.79995,0.80417,0.79971,0.80361,67326.59,0.80351
2026-01-14T00:00:00Z,0.80131,0.80282,0.79855,0.79994,69558.92,0.79984
2026-01-13T00:00:00Z,0.79746,0.80168,0.79697,0.80129,70604.18,0.80119
2026-01-12T00:00:00Z,0.80182,0.80186,0.79581,0.79748,68640.92,0.79738
2026-01-11T00:00:00Z,0.80098,0.80192,0.79998,0.80182,1727.24,0.80172
2026-01-10T00:00:00Z,0.80098,0.80098,0.80098,0.80098,0.0,0.80088
2026-01-09T00:00:00Z,0.79921,0.80187,0.79885,0.80098,69997.32,0.80088
2026-01-08T00:00:00Z,0.79788,0.80013,0.79702,0.79923,53260.68,0.79913
2026-01-07T00:00:00Z,0.79589,0.79808,0.79458,0.7979,67684.01,0.7978
2026-01-06T00:00:00Z,0.79238,0.7961,0.79084,0.79592,73031.41,0.79582
2026-01-05T00:00:00Z,0.79343,0.79689,0.79133,0.7924,75343.32,0.7923
2026-01-04T00:00:00Z,0.79208,0.7936,0.79088,0.79343,2757.7,0.79333
2026-01-03T00:00:00Z,0.79208,0.79208,0.79208,0.79208,0.0,0.79198
2026-01-02T00:00:00Z,0.79217,0.79425,0.7904,0.79208,55262.04,0.79198
2026-01-01T00:00:00Z,0.79262,0.79267,0.79154,0.79228,1221.51,0.79218
2025-12-31T00:00:00Z,0.79259,0.79262,0.79259,0.79262,1.2,0.79252
2025-12-30 01:00:00,0.78889,0.79246,0.78767,0.79195,54740.23,0.79191
2025-12-29 01:00:00,0.78925,0.79164,0.78738,0.78888,70611.73,0.78884
2025-12-28 01:00:00,0.78961,0.7903,0.78895,0.78928,5601.86,0.78924
2025-12-27 01:00:00,0.78973,0.78973,0.78973,0.78973,0.0,0.78952
2025-12-26 01:00:00,0.78824,0.79037,0.78767,0.78973,86442.08,0.78952
2025-12-25 01:00:00,0.7897,0.79033,0.78693,0.78822,14927.2,0.78816
2025-12-24 01:00:00,0.78761,0.79024,0.7862,0.7897,79097.08,0.78854
2025-12-23 01:00:00,0.79158,0.79161,0.7867,0.78761,70391.06,0.78756
2025-12-22 01:00:00,0.79548,0.79561,0.79147,0.79158,59954.76,0.79154
2025-12-21 01:00:00,0.79557,0.79613,0.79503,0.79548,9781.27,0.79544
2025-12-20 01:00:00,0.79626,0.79626,0.79626,0.79626,0.0,0.79556
2025-12-19 01:00:00,0.79415,0.79628,0.79409,0.79626,69575.71,0.79556
2025-12-18 01:00:00,0.79528,0.79665,0.79286,0.79415,76067.49,0.79411
2025-12-17 01:00:00,0.79533,0.7988,0.79358,0.79529,83269.96,0.79524
2025-12-16 01:00:00,0.79626,0.79713,0.79268,0.79533,84595.69,0.79528
2025-12-15 01:00:00,0.79622,0.7974,0.79388,0.79627,57484.76,0.79624
2025-12-14 01:00:00,0.79731,0.79731,0.79546,0.79622,4863.12,0.79618
2025-12-13 01:00:00,0.79596,0.79596,0.79596,0.79596,0.0,0.79565
2025-12-12 01:00:00,0.79468,0.79653,0.79423,0.79596,68512.08,0.79565
2025-12-11 01:00:00,0.79937,0.80017,0.79248,0.7947,84715.55,0.79466
2025-12-10 01:00:00,0.80609,0.80653,0.79922,0.79939,82062.35,0.79934
2025-12-09 01:00:00,0.80672,0.80829,0.80504,0.80609,66717.7,0.80605
2025-12-08 01:00:00,0.80488,0.80861,0.80286,0.80675,62036.32,0.8067
2025-12-07 01:00:00,0.80482,0.80559,0.8042,0.80489,9342.8,0.80483
2025-12-06 01:00:00,0.80507,0.80507,0.80507,0.80507,0.0,0.80482
2025-12-05 01:00:00,0.8038,0.80557,0.80194,0.80507,67522.69,0.80482
2025-12-04 01:00:00,0.79984,0.80402,0.7996,0.80381,63053.73,0.80377
2025-12-03 01:00:00,0.80285,0.80291,0.79921,0.79985,71862.14,0.7998
2025-12-02 01:00:00,0.80485,0.80535,0.80271,0.80288,56425.89,0.80282
2025-12-01 01:00:00,0.80345,0.80517,0.79967,0.80485,80415.28,0.8048
2025-11-30 01:00:00,0.80533,0.80533,0.80325,0.80344,4314.63,0.8034
2025-11-29 01:00:00,0.80407,0.80407,0.80407,0.80407,0.0,0.80374
2025-11-28 01:00:00,0.80465,0.80721,0.80268,0.80407,192782.25,0.80374
2025-11-27 01:00:00,0.80351,0.80629,0.80267,0.80464,37869.32,0.8046
2025-11-26 01:00:00,0.80798,0.8084,0.8035,0.80353,83563.28,0.80348
2025-11-25 01:00:00,0.80858,0.81024,0.80581,0.808,74741.68,0.80796
2025-11-24 01:00:00,0.80873,0.81023,0.80609,0.80859,59002.34,0.80855
2025-11-23 01:00:00,0.80783,0.80938,0.80766,0.80874,3183.79,0.8087
2025-11-22 01:00:00,0.80869,0.80869,0.80869,0.80869,0.0,0.8085
2025-11-21 01:00:00,0.8056,0.80992,0.8036,0.80869,92723.8,0.8085
2025-11-20 01:00:00,0.80548,0.8079,0.80492,0.80561,88786.97,0.80557
2025-11-19 01:00:00,0.80026,0.80676,0.79862,0.80548,79783.85,0.80544
2025-11-18 01:00:00,0.79632,0.8004,0.79382,0.80028,67239.07,0.80024
2025-11-17 01:00:00,0.79435,0.79665,0.79322,0.79632,52614.43,0.79628
2025-11-16 01:00:00,0.79584,0.79584,0.7935,0.79437,2721.49,0.79432
2025-11-15 01:00:00,0.79429,0.79429,0.79429,0.79429,0.0,0.79408
2025-11-14 01:00:00,0.79332,0.79486,0.78785,0.79429,90039.0,0.79408
2025-11-13 01:00:00,0.79793,0.79947,0.7909,0.79331,79095.44,0.79328
2025-11-12 01:00:00,0.8004,0.8012,0.7968,0.79793,57986.11,0.79787
2025-11-11 01:00:00,0.80525,0.80623,0.79865,0.80042,59258.09,0.80038
2025-11-10 01:00:00,0.80715,0.80718,0.80447,0.80524,54306.72,0.8052
2025-11-09 01:00:00,0.80699,0.80738,0.80547,0.80716,6832.33,0.80712
2025-11-08 01:00:00,0.80549,0.80549,0.80549,0.80549,0.0,0.805
2025-11-07 01:00:00,0.8062,0.8085,0.80325,0.80549,55152.95,0.805
2025-11-06 01:00:00,0.80992,0.81016,0.80607,0.80622,55994.15,0.80617
2025-11-05 01:00:00,0.81042,0.81248,0.80798,0.80992,64388.08,0.80988
2025-11-04 01:00:00,0.80824,0.81105,0.80676,0.81041,67049.43,0.81036
2025-11-03 01:00:00,0.80506,0.80922,0.80391,0.80824,58835.05,0.8082
2025-11-02 01:00:00,0.80449,0.80539,0.80424,0.80507,8377.49,0.80498
2025-10-25 02:00:00,0.7962,0.7962,0.7962,0.7962,0.0,0.7956
2025-10-24 02:00:00,0.79518,0.7969,0.79355,0.7962,71925.16,0.7956
2025-10-23 02:00:00,0.79624,0.79874,0.79499,0.7952,55955.6,0.79514
2025-10-22 02:00:00,0.79684,0.79744,0.7949,0.79623,72234.6,0.79618
2025-10-21 02:00:00,0.79253,0.79696,0.79148,0.79686,88891.6,0.79682
2025-10-20 02:00:00,0.7937,0.79439,0.79066,0.79254,59948.46,0.79248
2025-10-19 02:00:00,0.79282,0.79424,0.79227,0.7937,3773.59,0.79366
2025-10-18 02:00:00,0.79397,0.79397,0.79397,0.79397,0.0,0.79346
2025-10-17 02:00:00,0.79201,0.79397,0.78735,0.79397,120580.54,0.79346
2025-10-16 02:00:00,0.79667,0.79854,0.79176,0.79201,95762.9,0.79196
2025-10-15 02:00:00,0.80155,0.80165,0.79572,0.79664,84887.25,0.79659
2025-10-14 02:00:00,0.8044,0.80506,0.80031,0.80153,103674.82,0.80149
2025-10-13 02:00:00,0.80241,0.80584,0.80006,0.80437,86691.38,0.80433
2025-10-12 02:00:00,0.80288,0.80396,0.80064,0.80239,11853.09,0.80234
2025-10-11 02:00:00,0.80011,0.80011,0.80011,0.80011,0.0,0.7999
2025-10-10 02:00:00,0.80635,0.80676,0.79906,0.80011,92947.43,0.7999
2025-10-09 02:00:00,0.80163,0.8079,0.80032,0.80634,89974.89,0.8063
2025-10-08 02:00:00,0.79872,0.80293,0.79865,0.80161,78289.29,0.80157
2025-10-07 02:00:00,0.79503,0.79921,0.79499,0.79872,84029.27,0.79868
2025-10-06 02:00:00,0.79728,0.79944,0.79473,0.79504,102769.64,0.795
2025-10-05 02:00:00,0.79688,0.79788,0.79673,0.7973,13900.03,0.79726
2025-10-04 02:00:00,0.7958,0.7958,0.7958,0.7958,0.0,0.79554
2025-10-03 02:00:00,0.79713,0.79809,0.79474,0.7958,72949.53,0.79554
2025-10-02 02:00:00,0.79705,0.80007,0.79517,0.79712,82183.22,0.79708
2025-10-01 02:00:00,0.79653,0.79906,0.79289,0.79703,116360.89,0.79698
2025-09-30 02:00:00,0.7975,0.79861,0.79398,0.79649,82793.09,0.79644
2025-09-29 02:00:00,0.79756,0.79879,0.79523,0.79749,67136.2,0.79744
2025-09-28 02:00:00,0.7993,0.79944,0.79733,0.79756,8350.89,0.79752
2025-09-27 02:00:00,0.79849,0.79849,0.79849,0.79849,0.0,0.798
2025-09-26 02:00:00,0.80018,0.80077,0.79736,0.79849,66045.42,0.798
2025-09-25 02:00:00,0.79492,0.80147,0.79433,0.80018,92211.72,0.80012
2025-09-24 02:00:00,0.79147,0.79588,0.79134,0.7949,81008.97,0.79486
2025-09-23 02:00:00,0.79249,0.7934,0.79097,0.79148,71879.7,0.79144
2025-09-22 02:00:00,0.79631,0.79735,0.79215,0.79247,61205.2,0.79243
2025-09-21 02:00:00,0.7962,0.79636,0.79445,0.79631,4451.06,0.79626
2025-09-20 02:00:00,0.79619,0.79619,0.79619,0.79619,0.0,0.79568
2025-09-19 02:00:00,0.7926,0.79667,0.79208,0.79619,74743.09,0.79568
2025-09-18 02:00:00,0.78843,0.79406,0.78721,0.79261,102783.02,0.79256
2025-09-17 02:00:00,0.78601,0.78988,0.78297,0.78845,94401.38,0.7884
2025-09-16 02:00:00,0.79478,0.79487,0.78561,0.78602,78699.03,0.78598
2025-09-15 02:00:00,0.7968,0.79733,0.79368,0.79477,37610.17,0.79473
2025-09-14 02:00:00,0.79703,0.7985,0.79634,0.79682,2909.87,0.79676
2025-09-13 02:00:00,0.79684,0.79684,0.79684,0.79684,0.0,0.79635
2025-09-12 02:00:00,0.79607,0.79871,0.79557,0.79684,47400.06,0.79635
2025-09-11 02:00:00,0.7988,0.80097,0.79491,0.79605,85837.54,0.79601
2025-09-10 02:00:00,0.79754,0.79966,0.79621,0.79879,75337.06,0.79874
2025-09-09 02:00:00,0.79289,0.79812,0.7916,0.79753,102972.21,0.79748
2025-09-08 02:00:00,0.7993,0.79946,0.79269,0.7929,64127.9,0.79285
2025-09-07 02:00:00,0.79893,0.79966,0.79776,0.7993,5889.78,0.79926
2025-09-06 02:00:00,0.79852,0.79852,0.79852,0.79852,0.0,0.798
2025-09-05 02:00:00,0.80522,0.80554,0.79568,0.79852,95725.66,0.798
2025-09-04 02:00:00,0.80388,0.80726,0.80354,0.80523,99985.72,0.80518
2025-09-03 02:00:00,0.80539,0.80685,0.80276,0.80389,87061.58,0.80384
2025-09-02 02:00:00,0.80029,0.80614,0.80023,0.80541,123752.6,0.80536
2025-09-01 02:00:00,0.80073,0.80178,0.79867,0.8003,51049.44,0.80025
2025-08-31 02:00:00,0.79985,0.80123,0.79985,0.80074,3606.27,0.80069
2025-08-30 02:00:00,0.80125,0.80125,0.80125,0.80125,0.0,0.80041
2025-08-29 02:00:00,0.80184,0.80358,0.79862,0.80125,75428.43,0.80041
2025-08-28 02:00:00,0.80161,0.80313,0.79945,0.80187,75004.64,0.8018
2025-08-27 02:00:00,0.8039,0.80771,0.80156,0.80161,76249.36,0.80157
2025-08-26 02:00:00,0.8063,0.80729,0.80262,0.80391,97212.74,0.80384
2025-08-25 02:00:00,0.80253,0.80717,0.80167,0.80632,61263.0,0.80626
2025-08-24 02:00:00,0.80214,0.80299,0.80143,0.80252,4600.02,0.80245
2025-08-23 02:00:00,0.80228,0.80228,0.80228,0.80228,0.0,0.8016
2025-08-22 02:00:00,0.80878,0.81046,0.80007,0.80228,93681.73,0.8016
2025-08-21 02:00:00,0.80421,0.80946,0.8041,0.80877,72066.87,0.80873
2025-08-20 02:00:00,0.80792,0.80936,0.80315,0.8042,67441.02,0.80414
2025-08-19 02:00:00,0.80747,0.80884,0.80477,0.80791,75264.32,0.80787
2025-08-18 02:00:00,0.80661,0.80848,0.80553,0.80748,46737.68,0.80744
2025-08-17 02:00:00,0.8066,0.80729,0.8062,0.80661,2559.05,0.80656
2025-08-16 02:00:00,0.80757,0.80757,0.80757,0.80757,0.0,0.80696
2025-08-15 02:00:00,0.80763,0.80803,0.8046,0.80757,68405.95,0.80696
2025-08-14 02:00:00,0.80485,0.80943,0.80452,0.80764,87319.74,0.8076
2025-08-13 02:00:00,0.80624,0.80723,0.80224,0.80487,75067.69,0.80481
2025-08-12 02:00:00,0.81219,0.81239,0.80611,0.80625,105285.33,0.8062
2025-08-11 02:00:00,0.80758,0.81326,0.80617,0.81213,54432.2,0.81209
2025-08-10 02:00:00,0.80846,0.80881,0.80737,0.80759,3037.02,0.80754
2025-08-09 02:00:00,0.80903,0.80903,0.80903,0.80903,0.0,0.80838
2025-08-08 02:00:00,0.80572,0.80903,0.80558,0.80903,63919.22,0.80838
2025-08-07 02:00:00,0.80611,0.809,0.80435,0.80574,102934.13,0.80568
2025-08-06 02:00:00,0.80705,0.80945,0.80491,0.80614,75634.48,0.80608
2025-08-05 02:00:00,0.80717,0.81184,0.80655,0.80706,93790.13,0.80701
2025-08-04 02:00:00,0.80405,0.80972,0.80392,0.80717,127047.05,0.80713
2025-08-03 02:00:00,0.80463,0.80507,0.80317,0.80405,4892.45,0.80401
2025-08-02 02:00:00,0.80409,0.80409,0.80409,0.80409,0.0,0.80396
2025-08-01 02:00:00,0.81405,0.8172,0.8027,0.80409,137761.57,0.80396
2025-07-31 02:00:00,0.81336,0.81452,0.81123,0.81406,97971.37,0.81402
2025-07-30 02:00:00,0.80555,0.8155,0.80387,0.81336,147702.52,0.81332
2025-07-29 02:00:00,0.80331,0.80796,0.80255,0.80554,89830.07,0.80549
2025-07-28 02:00:00,0.7955,0.80414,0.7945,0.80332,92947.32,0.80328
2025-07-27 02:00:00,0.79679,0.79682,0.79492,0.79551,3652.83,0.79547
2025-07-26 02:00:00,0.79613,0.79613,0.79613,0.79613,0.0,0.79531
2025-07-25 02:00:00,0.79497,0.798,0.79475,0.79613,73936.16,0.79531
2025-07-24 02:00:00,0.79228,0.79747,0.79159,0.79497,85892.82,0.79492
2025-07-23 02:00:00,0.7938,0.795,0.79115,0.79227,93679.94,0.79222
2025-07-22 02:00:00,0.79818,0.79923,0.79209,0.7938,65871.71,0.79376
2025-07-21 02:00:00,0.8013,0.80231,0.79658,0.79819,76707.66,0.79814
2025-07-20 02:00:00,0.80115,0.8018,0.80025,0.80131,5693.38,0.80126
2025-07-19 02:00:00,0.80247,0.80247,0.80247,0.80247,0.0,0.80167
2025-07-18 02:00:00,0.80299,0.80371,0.79855,0.80247,60046.17,0.80167
2025-07-17 02:00:00,0.80106,0.80649,0.80092,0.803,72163.36,0.80296
2025-07-16 02:00:00,0.80152,0.80621,0.79481,0.80102,111624.68,0.80098
2025-07-15 02:00:00,0.79817,0.80252,0.7954,0.80153,94104.56,0.80148
2025-07-14 02:00:00,0.79685,0.79854,0.79556,0.79817,74556.11,0.79812
2025-07-13 02:00:00,0.79811,0.79815,0.79626,0.79684,5812.0,0.79679
2025-07-12 02:00:00,0.79723,0.79723,0.79723,0.79723,0.0,0.7966
2025-07-11 02:00:00,0.7968,0.79825,0.79543,0.79723,72303.78,0.7966
2025-07-10 02:00:00,0.79273,0.79881,0.792,0.7968,74105.65,0.79674
2025-07-09 02:00:00,0.79601,0.79794,0.7926,0.79273,75916.78,0.79268
2025-07-08 02:00:00,0.79726,0.79953,0.79538,0.79602,90054.83,0.79598
2025-07-07 02:00:00,0.79424,0.79934,0.7936,0.79727,95379.56,0.79722
2025-07-06 02:00:00,0.79521,0.79555,0.7939,0.79425,4124.51,0.79419
2025-07-05 02:00:00,0.79538,0.79538,0.79538,0.79538,0.0,0.79424
2025-07-04 02:00:00,0.79438,0.79538,0.79223,0.79538,125050.56,0.79424
2025-07-03 02:00:00,0.79179,0.79872,0.79013,0.79438,98882.95,0.79432
2025-07-02 02:00:00,0.79079,0.7942,0.7904,0.7918,83790.2,0.79174
2025-07-01 02:00:00,0.79291,0.79441,0.78727,0.79078,104282.34,0.79072
2025-06-30 02:00:00,0.79839,0.79952,0.79283,0.79292,98718.81,0.79286
2025-06-29 02:00:00,0.79984,0.79988,0.79825,0.79839,9285.76,0.79833
2025-06-28 02:00:00,0.79909,0.79909,0.79909,0.79909,0.0,0.79891
2025-06-27 02:00:00,0.80089,0.80184,0.79583,0.79909,101210.2,0.79891
2025-06-26 02:00:00,0.80388,0.80444,0.7979,0.80088,127932.09,0.80084
2025-06-25 02:00:00,0.80526,0.80808,0.80377,0.80388,74543.82,0.80382
2025-06-24 02:00:00,0.81279,0.81318,0.80351,0.80525,119285.57,0.8052
2025-06-23 02:00:00,0.81786,0.81956,0.81158,0.81278,131252.19,0.81272
2025-06-22 02:00:00,0.8182,0.81908,0.81704,0.81787,10047.31,0.81782
2025-06-21 02:00:00,0.81878,0.81878,0.81878,0.81878,0.0,0.81822
2025-06-20 02:00:00,0.81648,0.81878,0.81527,0.81878,87822.15,0.81822
2025-06-19 02:00:00,0.81924,0.8216,0.81564,0.81648,88834.79,0.81644
2025-06-18 02:00:00,0.81701,0.81998,0.81541,0.81923,107161.91,0.81918
2025-06-17 02:00:00,0.81361,0.81737,0.8121,0.81699,107833.2,0.81692
2025-06-16 02:00:00,0.81197,0.81476,0.80893,0.81362,99219.74,0.81358
2025-06-15 02:00:00,0.81207,0.81276,0.8112,0.81198,34410.79,0.81192
2025-06-14 02:00:00,0.81191,0.81191,0.81191,0.81191,0.0,0.81154
2025-06-13 02:00:00,0.80775,0.8149,0.80566,0.81191,158176.97,0.81154
2025-06-12 02:00:00,0.81857,0.81891,0.80772,0.80773,127028.98,0.80768
2025-06-11 02:00:00,0.82214,0.8235,0.8184,0.81856,92091.9,0.8185
2025-06-10 02:00:00,0.82141,0.82426,0.82042,0.82216,91171.13,0.8221
2025-06-09 02:00:00,0.82147,0.82262,0.81931,0.82139,70544.84,0.82134
2025-06-08 02:00:00,0.82211,0.82284,0.82094,0.82147,4233.01,0.8214
2025-06-07 02:00:00,0.82243,0.82243,0.82243,0.82243,0.0,0.82221
2025-06-06 02:00:00,0.81941,0.82487,0.81932,0.82243,114821.83,0.82221
2025-06-05 02:00:00,0.81827,0.82153,0.81728,0.81941,133433.83,0.81934
2025-06-04 02:00:00,0.82306,0.82508,0.81709,0.81828,114121.79,0.8182
2025-06-03 02:00:00,0.81605,0.82481,0.81591,0.82305,105128.15,0.82299
2025-06-02 02:00:00,0.82236,0.82312,0.81574,0.81604,117382.32,0.81598
2025-06-01 02:00:00,0.82449,0.8248,0.82182,0.82234,6371.99,0.82228
2025-05-31 02:00:00,0.82332,0.82332,0.82332,0.82332,0.0,0.82254
2025-05-30 02:00:00,0.82212,0.82498,0.81997,0.82332,147448.63,0.82254
2025-05-29 02:00:00,0.83279,0.83482,0.82187,0.82212,151797.37,0.82206
2025-05-28 02:00:00,0.82726,0.83488,0.82456,0.83278,136859.9,0.8327
2025-05-27 02:00:00,0.82043,0.82834,0.81886,0.82728,122495.82,0.82722
2025-05-26 02:00:00,0.82246,0.82337,0.81933,0.82045,81053.02,0.8204
2025-05-25 02:00:00,0.82138,0.82295,0.82086,0.82247,12833.5,0.8224
2025-05-24 02:00:00,0.82159,0.82159,0.82159,0.82159,0.0,0.82106
2025-05-23 02:00:00,0.82844,0.829,0.82052,0.82159,143423.13,0.82106
2025-05-22 02:00:00,0.82496,0.83073,0.82346,0.82846,140127.89,0.8284
2025-05-21 02:00:00,0.82682,0.82695,0.821,0.82497,169339.97,0.8249
2025-05-20 02:00:00,0.83515,0.83634,0.8261,0.82682,141318.5,0.82676
2025-05-19 02:00:00,0.83541,0.83665,0.83193,0.83515,138007.58,0.83508
2025-05-18 02:00:00,0.83892,0.83893,0.83434,0.83541,6677.7,0.83534
2025-05-17 02:00:00,0.83782,0.83782,0.83782,0.83782,0.0,0.83766
2025-05-16 02:00:00,0.83496,0.84012,0.83273,0.83782,104022.26,0.83766
2025-05-15 02:00:00,0.84141,0.8419,0.83468,0.83496,130763.15,0.8349
2025-05-14 02:00:00,0.83959,0.84365,0.83252,0.84141,157603.14,0.84136
2025-05-13 02:00:00,0.84494,0.84505,0.83875,0.83958,122640.18,0.83952
2025-05-12 02:00:00,0.83407,0.84768,0.83316,0.84493,179086.14,0.84487
2025-05-11 02:00:00,0.83517,0.83561,0.83347,0.8341,9048.52,0.83402
2025-05-10 02:00:00,0.832,0.832,0.832,0.832,0.0,0.83146
2025-05-09 02:00:00,0.83177,0.83419,0.827,0.832,105039.73,0.83146
2025-05-08 02:00:00,0.82421,0.8333,0.82245,0.83177,148519.81,0.8317
2025-05-07 02:00:00,0.82602,0.82727,0.81863,0.82423,130954.65,0.82416
2025-05-06 02:00:00,0.82225,0.82671,0.82136,0.82602,125187.86,0.82596
2025-05-05 02:00:00,0.82433,0.82761,0.82149,0.82226,96014.11,0.8222
2025-05-04 02:00:00,0.82803,0.82803,0.82388,0.8243,5682.23,0.82425
2025-05-03 02:00:00,0.82692,0.82692,0.82692,0.82692,0.0,0.82668
2025-05-02 02:00:00,0.82912,0.83193,0.82064,0.82692,138759.88,0.82668
2025-05-01 02:00:00,0.82615,0.83338,0.82545,0.82911,115499.44,0.82906
2025-04-30 02:00:00,0.82333,0.82768,0.82146,0.82618,136984.29,0.82612
2025-04-29 02:00:00,0.82138,0.82648,0.82089,0.82333,120227.88,0.82328
2025-04-28 02:00:00,0.82863,0.83196,0.81987,0.8214,114725.86,0.82134
2025-04-27 02:00:00,0.82938,0.82974,0.82776,0.82861,6865.12,0.82856
2025-04-26 02:00:00,0.8285,0.8285,0.8285,0.8285,0.0,0.82782
2025-04-25 02:00:00,0.82862,0.83353,0.82671,0.8285,131010.36,0.82782
2025-04-24 02:00:00,0.82973,0.83028,0.82402,0.82861,125045.83,0.82856
2025-04-23 02:00:00,0.82621,0.83185,0.81979,0.82974,182740.77,0.82969
2025-04-22 02:00:00,0.80918,0.82884,0.80677,0.82623,165098.22,0.82617
2025-04-21 02:00:00,0.81255,0.81263,0.80405,0.80919,115141.65,0.80914
2025-04-20 02:00:00,0.81892,0.81892,0.81208,0.81257,12983.24,0.8125
2025-04-19 02:00:00,0.81759,0.81759,0.81759,0.81759,0.0,0.81662
2025-04-18 02:00:00,0.81928,0.82124,0.81626,0.81759,581963.18,0.81662
2025-04-17 02:00:00,0.81396,0.8232,0.81378,0.8193,144511.12,0.81896
2025-04-16 02:00:00,0.82066,0.82084,0.81218,0.81396,181044.45,0.8139
2025-04-15 02:00:00,0.8164,0.82415,0.81329,0.82067,146544.0,0.82061
2025-04-14 02:00:00,0.81822,0.82692,0.81199,0.81638,223692.38,0.81634
2025-04-13 02:00:00,0.81976,0.81988,0.81708,0.81822,19607.35,0.81817
2025-04-12 02:00:00,0.81566,0.81566,0.81566,0.81566,0.0,0.81498
2025-04-11 02:00:00,0.82098,0.82582,0.81,0.81566,317696.23,0.81498
2025-04-10 02:00:00,0.85566,0.85756,0.82055,0.82096,266223.98,0.8209
2025-04-09 02:00:00,0.84612,0.85896,0.836,0.85566,363208.71,0.8556
2025-04-08 02:00:00,0.85978,0.86023,0.84499,0.84612,246589.67,0.84606
2025-04-07 02:00:00,0.85172,0.86748,0.84512,0.85984,340336.26,0.8598
2025-04-06 02:00:00,0.85649,0.85716,0.84972,0.85174,29623.84,0.85168
2025-04-05 02:00:00,0.86108,0.86108,0.86108,0.86108,0.0,0.86046
2025-04-04 02:00:00,0.85925,0.86265,0.84773,0.86108,277697.42,0.86046
2025-04-03 02:00:00,0.87698,0.87916,0.85476,0.85926,221159.26,0.8592
2025-04-02 02:00:00,0.88379,0.88492,0.87645,0.87696,99674.55,0.8769
2025-04-01 02:00:00,0.884,0.88443,0.88174,0.8838,74043.98,0.88375
2025-03-31 02:00:00,0.88096,0.88557,0.87816,0.88397,81208.92,0.88392
2025-03-30 01:00:00,0.88053,0.88324,0.87982,0.88099,5272.95,0.88093
2025-03-29 01:00:00,0.88124,0.88124,0.88124,0.88124,0.0,0.88058
2025-03-28 01:00:00,0.88171,0.88363,0.88002,0.88124,70910.53,0.88058
2025-03-27 01:00:00,0.8843,0.88482,0.88043,0.8817,76759.92,0.88166
2025-03-26 01:00:00,0.88268,0.88511,0.88259,0.88431,68461.36,0.88427
2025-03-25 01:00:00,0.88284,0.88493,0.88009,0.88269,80387.77,0.88264
2025-03-24 01:00:00,0.88297,0.88464,0.88001,0.88283,92701.95,0.88278
2025-03-23 01:00:00,0.88381,0.88423,0.88292,0.88299,5936.06,0.88292
2025-03-22 01:00:00,0.88331,0.88331,0.88331,0.88331,0.0,0.8829
2025-03-21 01:00:00,0.88179,0.88407,0.87971,0.88331,82414.99,0.8829
2025-03-20 01:00:00,0.87658,0.88433,0.87564,0.88181,112001.28,0.88174
2025-03-19 01:00:00,0.87687,0.88099,0.87651,0.87659,88817.98,0.87652
2025-03-18 01:00:00,0.8814,0.88192,0.87596,0.87689,98206.24,0.87684
2025-03-17 01:00:00,0.88421,0.88483,0.87984,0.8814,91473.72,0.88136
2025-03-16 01:00:00,0.88594,0.88691,0.88384,0.88422,4260.58,0.88418
2025-03-15 01:00:00,0.88529,0.88529,0.88529,0.88529,0.0,0.88498
2025-03-14 01:00:00,0.88275,0.88647,0.88223,0.88529,85214.26,0.88498
2025-03-13 01:00:00,0.88188,0.88553,0.8804,0.88275,87777.97,0.8827
2025-03-12 01:00:00,0.88346,0.88528,0.88018,0.88188,95529.12,0.88183
2025-03-11 01:00:00,0.88008,0.88362,0.87735,0.88346,151524.69,0.8834
2025-03-10 01:00:00,0.87741,0.88223,0.87589,0.88006,126056.3,0.88002
2025-03-09 01:00:00,0.88201,0.88201,0.87679,0.87741,8029.26,0.87736
2025-03-08 01:00:00,0.88047,0.88047,0.88047,0.88047,0.0,0.87985
2025-03-07 01:00:00,0.88344,0.8835,0.87676,0.88047,144326.62,0.87985
2025-03-06 01:00:00,0.89082,0.89263,0.88259,0.88344,171617.5,0.88338
2025-03-05 01:00:00,0.89001,0.89155,0.88563,0.89082,166189.68,0.89076
2025-03-04 01:00:00,0.8969,0.89723,0.88723,0.89001,167442.0,0.88996
2025-03-03 01:00:00,0.90272,0.90319,0.8961,0.8969,119272.03,0.89685
2025-03-02 01:00:00,0.90377,0.90377,0.90224,0.90271,4129.0,0.90266
2025-03-01 01:00:00,0.90357,0.90357,0.90357,0.90357,0.0,0.903
2025-02-28 01:00:00,0.90016,0.90366,0.89833,0.90357,116818.77,0.903
2025-02-27 01:00:00,0.89455,0.90061,0.89454,0.90015,112583.95,0.9001
2025-02-26 01:00:00,0.8925,0.89652,0.8917,0.89454,110775.05,0.8945
2025-02-25 01:00:00,0.89742,0.89788,0.89129,0.8925,105402.74,0.89244
2025-02-24 01:00:00,0.89857,0.89987,0.89544,0.89744,105487.14,0.89738
2025-02-23 01:00:00,0.89791,0.89903,0.89712,0.89858,7029.43,0.89852
2025-02-22 01:00:00,0.89783,0.89783,0.89783,0.89783,0.0,0.89769
2025-02-21 01:00:00,0.89826,0.90053,0.89684,0.89783,99767.2,0.89769
2025-02-20 01:00:00,0.9047,0.9047,0.89763,0.89826,98380.06,0.89821
2025-02-19 01:00:00,0.90371,0.90552,0.90242,0.9047,81480.2,0.90464
2025-02-18 01:00:00,0.90082,0.90439,0.8996,0.90372,83654.43,0.90367
2025-02-17 01:00:00,0.89998,0.90188,0.89924,0.90084,74010.46,0.90078
2025-02-16 01:00:00,0.89904,0.90071,0.89816,0.89999,6378.68,0.89994
2025-02-15 01:00:00,0.90058,0.90058,0.90058,0.90058,0.0,0.90004
2025-02-14 01:00:00,0.90333,0.90496,0.89727,0.90058,98148.19,0.90004
2025-02-13 01:00:00,0.91354,0.91409,0.90284,0.90333,134442.25,0.90327
2025-02-12 01:00:00,0.91314,0.91567,0.91033,0.91353,122708.13,0.91348
2025-02-11 01:00:00,0.91148,0.91412,0.91111,0.91313,86854.28,0.9131
2025-02-10 01:00:00,0.91103,0.9123,0.90943,0.91149,91600.21,0.91144
2025-02-09 01:00:00,0.91085,0.91144,0.91039,0.91102,4807.4,0.91097
2025-02-08 01:00:00,0.91015,0.91015,0.91015,0.91015,0.0,0.90969
2025-02-07 01:00:00,0.90523,0.91068,0.90478,0.91015,132720.49,0.90969
2025-02-06 01:00:00,0.90151,0.90626,0.90086,0.90523,103440.48,0.90518
2025-02-05 01:00:00,0.90551,0.90601,0.90023,0.90153,120177.9,0.90146
2025-02-04 01:00:00,0.91164,0.9132,0.9046,0.90552,121876.93,0.90547
2025-02-03 01:00:00,0.91521,0.91974,0.90938,0.91163,225085.99,0.91158
2025-02-02 01:00:00,0.91645,0.91658,0.91386,0.91521,12274.27,0.91515
2025-02-01 01:00:00,0.91153,0.91153,0.91153,0.91153,0.0,0.9108
2025-01-31 01:00:00,0.90971,0.91164,0.90722,0.91153,162598.38,0.9108
2025-01-30 01:00:00,0.90644,0.9105,0.90596,0.90969,217408.08,0.90964
2025-01-29 01:00:00,0.90429,0.90957,0.90322,0.90644,184680.79,0.90638
2025-01-28 01:00:00,0.90453,0.90714,0.90373,0.90431,117279.08,0.90426
2025-01-27 01:00:00,0.90693,0.90738,0.89658,0.90455,169103.5,0.9045
2025-01-26 01:00:00,0.9067,0.90706,0.90593,0.90695,4755.4,0.90689
2025-01-25 01:00:00,0.90644,0.90644,0.90644,0.90644,0.0,0.90564
2025-01-24 01:00:00,0.90754,0.9077,0.90279,0.90644,178333.5,0.90564
2025-01-23 01:00:00,0.90645,0.91091,0.90573,0.90754,156334.03,0.9075
2025-01-22 01:00:00,0.90677,0.90884,0.90332,0.90643,116772.57,0.90638
2025-01-21 01:00:00,0.90617,0.91153,0.9051,0.90676,146510.7,0.90671
2025-01-20 01:00:00,0.91459,0.91478,0.90562,0.90617,124001.7,0.90611
2025-01-19 01:00:00,0.91545,0.91545,0.91382,0.91457,3969.01,0.91452
2025-01-18 01:00:00,0.91557,0.91557,0.91557,0.91557,0.0,0.915
2025-01-17 01:00:00,0.91124,0.91557,0.90968,0.91557,113798.21,0.915
2025-01-16 01:00:00,0.91224,0.91369,0.91007,0.91124,151479.33,0.91119
2025-01-15 01:00:00,0.91257,0.91467,0.90819,0.91222,112287.53,0.91216
2025-01-14 01:00:00,0.91597,0.91742,0.91216,0.91257,128787.38,0.91252
2025-01-13 01:00:00,0.91699,0.92015,0.91522,0.91598,129586.11,0.91592
2025-01-12 01:00:00,0.91797,0.91797,0.91648,0.917,3204.07,0.91695
2025-01-11 01:00:00,0.91677,0.91677,0.91677,0.91677,0.0,0.9164
2025-01-10 01:00:00,0.91214,0.91893,0.91153,0.91677,116287.66,0.9164
2025-01-09 01:00:00,0.91108,0.91316,0.90987,0.91216,83104.01,0.9121
2025-01-08 01:00:00,0.90964,0.9129,0.9088,0.91108,123249.36,0.91102
2025-01-07 01:00:00,0.905,0.91017,0.90233,0.90964,143380.92,0.90958
2025-01-06 01:00:00,0.90944,0.91058,0.90089,0.90501,144126.59,0.90496
2025-01-05 01:00:00,0.9096,0.90976,0.90887,0.90944,2412.61,0.90938
2025-01-04 01:00:00,0.90863,0.90863,0.90863,0.90863,0.0,0.90842
2025-01-03 01:00:00,0.91213,0.91253,0.90807,0.90863,83903.73,0.90842
2025-01-02 01:00:00,0.90779,0.91378,0.90396,0.91213,126108.71,0.91208
2025-01-01 01:00:00,0.90863,0.90863,0.90591,0.90779,3159.27,0.90773
2024-12-31 01:00:00,0.90338,0.9081,0.90237,0.90743,113936.83,0.90732
2024-12-30 01:00:00,0.90193,0.90745,0.90108,0.90337,94832.76,0.90331
2024-12-29 01:00:00,0.9028,0.90285,0.90151,0.90194,3518.86,0.90189
2024-12-28 01:00:00,0.90218,0.90218,0.90218,0.90218,0.0,0.90202
2024-12-27 01:00:00,0.89909,0.90281,0.89896,0.90218,132422.9,0.90202
2024-12-26 01:00:00,0.89952,0.90108,0.89854,0.89908,94634.69,0.89902
2024-12-25 01:00:00,0.90142,0.90169,0.89948,0.89951,4933.44,0.89944
2024-12-24 01:00:00,0.89865,0.90198,0.89837,0.90142,91601.32,0.9005
2024-12-23 01:00:00,0.89314,0.90023,0.89284,0.89863,86952.21,0.89857
2024-12-22 01:00:00,0.89298,0.89343,0.89226,0.89313,6424.8,0.89308
2024-12-21 01:00:00,0.8938,0.8938,0.8938,0.8938,0.0,0.8934
2024-12-20 01:00:00,0.89908,0.89908,0.89142,0.8938,174418.08,0.8934
2024-12-19 01:00:00,0.90176,0.90176,0.89525,0.89909,165866.03,0.89902
2024-12-18 01:00:00,0.89257,0.90241,0.8918,0.90177,134431.78,0.90171
2024-12-17 01:00:00,0.89409,0.89755,0.89154,0.89256,106303.83,0.8925
2024-12-16 01:00:00,0.89182,0.89492,0.88993,0.89409,107973.82,0.89404
2024-12-15 01:00:00,0.89337,0.89478,0.89178,0.89181,3599.41,0.89176
2024-12-14 01:00:00,0.89317,0.89317,0.89317,0.89317,0.0,0.89259
2024-12-13 01:00:00,0.89211,0.89463,0.89155,0.89317,95714.87,0.89259
2024-12-12 01:00:00,0.88329,0.89286,0.88171,0.89209,160434.46,0.89203
2024-12-11 01:00:00,0.88286,0.88549,0.88117,0.88331,157777.19,0.88326
2024-12-10 01:00:00,0.87866,0.88351,0.87714,0.88286,107628.31,0.8828
2024-12-09 01:00:00,0.87867,0.88048,0.87591,0.87867,106775.02,0.87861
2024-12-08 01:00:00,0.87903,0.8801,0.87838,0.8787,3793.82,0.87863
2024-12-07 01:00:00,0.87933,0.87933,0.87933,0.87933,0.0,0.87872
2024-12-06 01:00:00,0.87838,0.87978,0.87366,0.87933,148828.59,0.87872
2024-12-05 01:00:00,0.88384,0.88538,0.87796,0.87838,119542.9,0.87834
2024-12-04 01:00:00,0.88646,0.88802,0.88272,0.88382,148775.28,0.88376
2024-12-03 01:00:00,0.8864,0.88891,0.88303,0.88646,138587.11,0.8864
2024-12-02 01:00:00,0.88223,0.88901,0.88209,0.8864,163017.78,0.88634
2024-12-01 01:00:00,0.88186,0.88279,0.88089,0.88223,9743.87,0.88217
2024-11-30 01:00:00,0.88189,0.88189,0.88189,0.88189,0.0,0.88106
2024-11-29 01:00:00,0.88248,0.88283,0.87961,0.88189,189810.64,0.88106
2024-11-28 01:00:00,0.88236,0.88489,0.8823,0.88249,99894.42,0.88244
2024-11-27 01:00:00,0.88621,0.88626,0.87982,0.88236,179934.46,0.88232
2024-11-26 01:00:00,0.88893,0.88952,0.88431,0.88621,174643.79,0.88615
2024-11-25 01:00:00,0.8906,0.89177,0.8849,0.88892,187507.27,0.88886
2024-11-24 01:00:00,0.89147,0.89219,0.88976,0.89058,7542.54,0.89053
2024-11-23 01:00:00,0.89448,0.89448,0.89448,0.89448,0.0,0.89406
2024-11-22 01:00:00,0.8869,0.89581,0.88522,0.89448,195453.82,0.89406
2024-11-21 01:00:00,0.88372,0.88737,0.88216,0.88691,170205.74,0.88686
2024-11-20 01:00:00,0.88214,0.88628,0.88181,0.88372,111284.9,0.88366
2024-11-19 01:00:00,0.8833,0.88454,0.88016,0.88214,171727.07,0.88208
2024-11-18 01:00:00,0.88854,0.88869,0.88298,0.88331,135293.01,0.88326
2024-11-17 01:00:00,0.88872,0.89002,0.88804,0.88854,6150.53,0.8885
2024-11-16 01:00:00,0.88853,0.88853,0.88853,0.88853,0.0,0.88774
2024-11-15 01:00:00,0.89053,0.89083,0.88598,0.88853,192722.5,0.88774
2024-11-14 01:00:00,0.88578,0.89183,0.88554,0.89054,175286.45,0.89049
2024-11-13 01:00:00,0.8822,0.88662,0.87991,0.88578,170593.25,0.88572
2024-11-12 01:00:00,0.88042,0.88368,0.88033,0.8822,147877.42,0.88215
2024-11-11 01:00:00,0.87621,0.88104,0.87588,0.88042,119261.22,0.88036
2024-11-10 01:00:00,0.87575,0.87662,0.87546,0.87621,4867.36,0.87616
2024-11-09 01:00:00,0.87571,0.87571,0.87571,0.87571,0.0,0.87544
2024-11-08 01:00:00,0.87282,0.87699,0.87016,0.87571,162508.14,0.87544
2024-11-07 01:00:00,0.8758,0.87752,0.87099,0.87286,180769.05,0.87279
2024-11-06 01:00:00,0.86253,0.87742,0.86206,0.87579,399714.88,0.87574
2024-11-05 01:00:00,0.86424,0.86483,0.86165,0.86255,114553.44,0.86248
2024-11-04 01:00:00,0.86775,0.86775,0.86155,0.86427,117322.56,0.86422
2024-11-03 01:00:00,0.86766,0.86816,0.86737,0.86774,4970.0,0.8677
2024-11-02 01:00:00,0.87023,0.87023,0.87023,0.87023,0.0,0.8699
2024-11-01 01:00:00,0.86362,0.8712,0.86326,0.87023,115015.46,0.8699
2024-10-31 01:00:00,0.86652,0.86656,0.8633,0.86361,121000.85,0.86357
2024-10-26 02:00:00,0.86713,0.86713,0.86713,0.86713,0.0,0.86675
2024-10-25 02:00:00,0.86598,0.8675,0.8651,0.86713,65236.78,0.86675
2024-10-24 02:00:00,0.86681,0.86722,0.86512,0.866,86244.59,0.86596
2024-10-23 02:00:00,0.86563,0.86865,0.86563,0.86685,64238.85,0.86681
2024-10-22 02:00:00,0.86561,0.86633,0.86455,0.86563,67036.28,0.86558
2024-10-21 02:00:00,0.86505,0.86677,0.86336,0.86561,64033.4,0.86556
2024-10-20 02:00:00,0.8663,0.8663,0.8648,0.86503,2677.53,0.86498
2024-10-19 02:00:00,0.86481,0.86481,0.86481,0.86481,0.0,0.86474
2024-10-18 02:00:00,0.86613,0.86699,0.86463,0.86481,57466.91,0.86474
2024-10-17 02:00:00,0.86546,0.86703,0.86304,0.86615,84450.37,0.86611
2024-10-16 02:00:00,0.86267,0.86588,0.86147,0.8655,65044.17,0.86546
2024-10-15 02:00:00,0.86244,0.86375,0.86071,0.86267,84349.2,0.86262
2024-10-14 02:00:00,0.85834,0.86495,0.85803,0.86242,57182.4,0.86238
2024-10-13 02:00:00,0.8576,0.85842,0.85721,0.85831,2474.87,0.85827
2024-10-12 02:00:00,0.85742,0.85742,0.85742,0.85742,0.0,0.85721
2024-10-11 02:00:00,0.8567,0.85851,0.85594,0.85742,66686.9,0.85721
2024-10-10 02:00:00,0.86061,0.8616,0.85605,0.85667,122960.94,0.85664
2024-10-09 02:00:00,0.85744,0.86178,0.85659,0.86089,84881.0,0.86062
2024-10-08 02:00:00,0.85463,0.85846,0.85308,0.85743,111347.26,0.85738
2024-10-07 02:00:00,0.8588,0.85912,0.85319,0.85462,117322.56,0.85457
2024-10-06 02:00:00,0.86018,0.86018,0.85873,0.85883,4602.5,0.85878
2024-10-05 02:00:00,0.85926,0.85926,0.85926,0.85926,0.0,0.85857
2024-10-04 02:00:00,0.8519,0.86083,0.85006,0.85926,125146.94,0.85857
2024-10-03 02:00:00,0.84997,0.85434,0.84921,0.85189,153536.43,0.85185
2024-10-02 02:00:00,0.84625,0.85083,0.84494,0.85002,122821.32,0.84997
2024-10-01 02:00:00,0.84542,0.84826,0.84318,0.84628,179886.07,0.84624
2024-09-30 02:00:00,0.84149,0.84745,0.84068,0.84544,137223.0,0.84539
2024-09-29 02:00:00,0.84184,0.84194,0.84042,0.84148,5449.6,0.84143
2024-09-28 02:00:00,0.84107,0.84107,0.84107,0.84107,0.0,0.84062
2024-09-27 02:00:00,0.84637,0.84938,0.84023,0.84107,189919.03,0.84062
2024-09-26 02:00:00,0.85084,0.85171,0.84534,0.84638,165832.53,0.84634
2024-09-25 02:00:00,0.84164,0.85093,0.84155,0.85083,127258.83,0.85076
2024-09-24 02:00:00,0.84736,0.84906,0.84159,0.84162,125154.73,0.84157
2024-09-23 02:00:00,0.85116,0.85187,0.8457,0.8474,112780.88,0.84735
2024-09-22 02:00:00,0.85068,0.85112,0.8499,0.85112,3557.09,0.85108
2024-09-21 02:00:00,0.85041,0.85041,0.85041,0.85041,0.0,0.85006
2024-09-20 02:00:00,0.84787,0.85174,0.8452,0.85041,150789.39,0.85006
2024-09-19 02:00:00,0.84738,0.85154,0.84496,0.84788,171617.66,0.84784
2024-09-18 02:00:00,0.84643,0.84807,0.83917,0.84738,176219.5,0.84734
2024-09-17 02:00:00,0.84471,0.84779,0.84304,0.84642,115565.25,0.84639
2024-09-16 02:00:00,0.84817,0.84817,0.8435,0.84471,103780.46,0.84466
2024-09-15 02:00:00,0.84848,0.84955,0.84784,0.84817,4869.97,0.84812
2024-09-14 02:00:00,0.84911,0.84911,0.84911,0.84911,0.0,0.84854
2024-09-13 02:00:00,0.84991,0.85015,0.84443,0.84911,126651.24,0.84854
2024-09-12 02:00:00,0.85276,0.85502,0.84981,0.8499,125199.71,0.84986
2024-09-11 02:00:00,0.84674,0.85302,0.84225,0.85274,154592.98,0.85271
2024-09-10 02:00:00,0.84954,0.84993,0.84568,0.84672,92414.14,0.84668
2024-09-09 02:00:00,0.84412,0.85032,0.84366,0.84955,106190.54,0.84951
2024-09-08 02:00:00,0.84689,0.8469,0.84293,0.84413,6371.27,0.84408
2024-09-07 02:00:00,0.84339,0.84339,0.84339,0.84339,0.0,0.84294
2024-09-06 02:00:00,0.8439,0.84763,0.83752,0.84339,171672.42,0.84294
2024-09-05 02:00:00,0.84614,0.84914,0.84342,0.84391,114451.79,0.84385
2024-09-04 02:00:00,0.84997,0.85192,0.8456,0.84616,120541.76,0.8461
2024-09-03 02:00:00,0.85151,0.8538,0.84787,0.84997,108553.85,0.84992
2024-09-02 02:00:00,0.85079,0.8538,0.84855,0.85148,45959.52,0.85144
2024-09-01 02:00:00,0.84993,0.85129,0.84945,0.85078,3633.96,0.85074
2024-08-31 02:00:00,0.85037,0.85037,0.85037,0.85037,0.0,0.84994
2024-08-30 02:00:00,0.84701,0.8511,0.84675,0.85037,86781.4,0.84994
2024-08-29 02:00:00,0.84191,0.8494,0.84008,0.84701,118784.68,0.84697
2024-08-28 02:00:00,0.84174,0.84525,0.84111,0.8419,95378.51,0.84186
2024-08-27 02:00:00,0.84718,0.84849,0.84096,0.84173,87478.48,0.8417
2024-08-26 02:00:00,0.84724,0.84863,0.84564,0.84718,75527.77,0.84714
2024-08-25 02:00:00,0.84826,0.8484,0.84689,0.84724,7276.13,0.84719
2024-08-24 02:00:00,0.84855,0.84855,0.84855,0.84855,0.0,0.84809
2024-08-23 02:00:00,0.85186,0.85422,0.8471,0.84855,101961.03,0.84809
2024-08-22 02:00:00,0.85122,0.85374,0.84896,0.85188,98658.12,0.85182
2024-08-21 02:00:00,0.8537,0.8562,0.84957,0.85121,117365.74,0.85116
2024-08-20 02:00:00,0.86263,0.86267,0.85215,0.8537,91267.96,0.85366
2024-08-19 02:00:00,0.86767,0.86781,0.86162,0.86263,93830.63,0.86258
2024-08-18 02:00:00,0.86618,0.86772,0.86552,0.86767,4738.61,0.86762
2024-08-17 02:00:00,0.86626,0.86626,0.86626,0.86626,0.0,0.86603
2024-08-16 02:00:00,0.87266,0.87272,0.86603,0.86626,76357.12,0.86603
2024-08-15 02:00:00,0.8651,0.87491,0.86475,0.87265,102692.54,0.87261
2024-08-14 02:00:00,0.86513,0.86621,0.86187,0.86511,104395.97,0.86506
2024-08-13 02:00:00,0.8649,0.86805,0.86374,0.86517,112592.52,0.86512
2024-08-12 02:00:00,0.86508,0.87124,0.86453,0.86489,98187.08,0.86485
2024-08-11 02:00:00,0.8657,0.8664,0.86475,0.86509,6873.07,0.86504
2024-08-10 02:00:00,0.86548,0.86548,0.86548,0.86548,0.0,0.8652
2024-08-09 02:00:00,0.86705,0.86724,0.86327,0.86548,99730.68,0.8652
2024-08-08 02:00:00,0.86011,0.868,0.85603,0.86706,180657.49,0.86701
2024-08-07 02:00:00,0.85279,0.86627,0.85253,0.8601,172591.77,0.86005
2024-08-06 02:00:00,0.8549,0.85722,0.85015,0.85278,186316.35,0.85274
2024-08-05 02:00:00,0.85647,0.85733,0.84329,0.85489,297266.63,0.85485
2024-08-04 02:00:00,0.86144,0.86165,0.85574,0.85646,13211.47,0.85641
2024-08-03 02:00:00,0.85799,0.85799,0.85799,0.85799,0.0,0.85789
2024-08-02 02:00:00,0.87301,0.87342,0.85742,0.85799,168782.47,0.85789
2024-08-01 02:00:00,0.87828,0.87831,0.8726,0.87302,130641.68,0.87297
2024-07-31 02:00:00,0.88197,0.88309,0.87709,0.87827,144841.75,0.87824
2024-07-30 02:00:00,0.88618,0.8876,0.88185,0.88199,86713.34,0.88194
2024-07-29 02:00:00,0.88456,0.8872,0.88208,0.88619,63944.78,0.88616
2024-07-28 02:00:00,0.88447,0.88486,0.88327,0.88455,4393.21,0.8845
2024-07-27 02:00:00,0.88388,0.88388,0.88388,0.88388,0.0,0.88364
2024-07-26 02:00:00,0.88076,0.88465,0.8803,0.88388,70588.68,0.88364
2024-07-25 02:00:00,0.88522,0.88548,0.87774,0.88077,137543.72,0.88073
2024-07-24 02:00:00,0.89156,0.89219,0.88292,0.88521,100055.22,0.88517
2024-07-23 02:00:00,0.8897,0.89244,0.88889,0.89156,66463.81,0.89152
2024-07-22 02:00:00,0.88811,0.89027,0.88716,0.88971,61865.96,0.88967
2024-07-21 02:00:00,0.88839,0.88981,0.88751,0.8881,3672.87,0.88806
2024-07-20 02:00:00,0.88899,0.88899,0.88899,0.88899,0.0,0.88892
2024-07-19 02:00:00,0.88755,0.89003,0.88749,0.88899,58628.9,0.88892
2024-07-18 02:00:00,0.88232,0.88802,0.88232,0.88753,85508.64,0.88749
2024-07-17 02:00:00,0.89354,0.89455,0.88205,0.88233,104050.65,0.8823
2024-07-16 02:00:00,0.89556,0.89794,0.89337,0.89355,57899.82,0.8935
2024-07-15 02:00:00,0.89703,0.89728,0.89347,0.89557,62277.8,0.89552
2024-07-14 02:00:00,0.89485,0.89717,0.89477,0.89702,4707.23,0.89698
2024-07-13 02:00:00,0.89498,0.89498,0.89498,0.89498,0.0,0.8946
2024-07-12 02:00:00,0.89618,0.89703,0.89328,0.89498,90085.6,0.8946
2024-07-11 02:00:00,0.89924,0.89984,0.89156,0.89617,153031.07,0.89612
2024-07-10 02:00:00,0.89764,0.90014,0.89646,0.89926,66844.7,0.89922
2024-07-09 02:00:00,0.89787,0.8991,0.89691,0.89764,58058.78,0.89761
2024-07-08 02:00:00,0.89533,0.8981,0.89453,0.89786,73589.05,0.89782
2024-07-07 02:00:00,0.8966,0.89695,0.8944,0.89532,4113.84,0.89528
2024-07-06 02:00:00,0.89598,0.89598,0.89598,0.89598,0.0,0.89578
2024-07-05 02:00:00,0.90032,0.90099,0.89545,0.89598,87746.38,0.89578
2024-07-04 02:00:00,0.90092,0.904,0.8992,0.9003,43319.48,0.90027
2024-07-03 02:00:00,0.90381,0.90508,0.89859,0.90089,68988.01,0.90084
2024-07-02 02:00:00,0.90329,0.90503,0.90311,0.90382,70591.34,0.90377
2024-07-01 02:00:00,0.90043,0.90451,0.89848,0.9033,76432.33,0.90327
2024-06-30 02:00:00,0.89839,0.90048,0.8981,0.90044,5488.38,0.90038
2024-06-29 02:00:00,0.89875,0.89875,0.89875,0.89875,0.0,0.89864
2024-06-28 02:00:00,0.89862,0.90103,0.898,0.89875,71876.48,0.89864
2024-06-27 02:00:00,0.89713,0.89893,0.89579,0.89861,56668.29,0.89857
2024-06-26 02:00:00,0.89539,0.89835,0.89471,0.89713,67293.37,0.89709
2024-06-25 02:00:00,0.89328,0.89539,0.89137,0.89538,57042.53,0.89534
2024-06-24 02:00:00,0.89447,0.89459,0.89223,0.89329,58618.18,0.89326
2024-06-23 02:00:00,0.89482,0.89491,0.89376,0.89448,3957.41,0.89442
2024-06-22 02:00:00,0.89448,0.89448,0.89448,0.89448,0.0,0.8942
2024-06-21 02:00:00,0.89156,0.89492,0.89055,0.89448,72034.96,0.8942
2024-06-20 02:00:00,0.88438,0.89265,0.88326,0.89158,93415.69,0.89154
2024-06-19 02:00:00,0.88426,0.8855,0.88344,0.88438,48458.26,0.88434
2024-06-18 02:00:00,0.88848,0.89004,0.88273,0.88424,119196.29,0.8842
2024-06-17 02:00:00,0.89088,0.89327,0.8884,0.88848,66784.12,0.88844
2024-06-16 02:00:00,0.89124,0.89128,0.88977,0.89088,3504.72,0.89082
2024-06-15 02:00:00,0.89079,0.89079,0.89079,0.89079,0.0,0.8902
2024-06-14 02:00:00,0.89406,0.89483,0.88951,0.89079,95276.77,0.8902
2024-06-13 02:00:00,0.89428,0.89678,0.89324,0.89406,76108.07,0.89402
2024-06-12 02:00:00,0.89787,0.89841,0.88936,0.89428,109354.32,0.89422
2024-06-11 02:00:00,0.89664,0.89938,0.89599,0.89788,56595.68,0.89783
2024-06-10 02:00:00,0.89616,0.89835,0.89549,0.89664,57957.69,0.89659
2024-06-09 02:00:00,0.89779,0.89815,0.89615,0.89615,4609.63,0.8961
2024-06-08 02:00:00,0.89701,0.89701,0.89701,0.89701,0.0,0.89647
2024-06-07 02:00:00,0.88977,0.89733,0.88817,0.89701,81967.81,0.89647
2024-06-06 02:00:00,0.89271,0.89314,0.88924,0.88976,62170.56,0.88972
2024-06-05 02:00:00,0.89008,0.89493,0.89008,0.89271,64114.09,0.89267
2024-06-04 02:00:00,0.89512,0.89731,0.8885,0.89009,87578.55,0.89004
2024-06-03 02:00:00,0.90142,0.90362,0.89505,0.89514,73353.61,0.8951
2024-06-02 02:00:00,0.90412,0.90412,0.9014,0.90143,3919.8,0.90139
2024-06-01 02:00:00,0.90264,0.90264,0.90264,0.90264,0.0,0.90228
2024-05-31 02:00:00,0.90344,0.90697,0.90029,0.90264,78611.84,0.90228
2024-05-30 02:00:00,0.9133,0.91415,0.90314,0.90344,79868.22,0.9034
2024-05-29 02:00:00,0.9124,0.9144,0.91134,0.91329,58231.42,0.91325
2024-05-28 02:00:00,0.91333,0.9134,0.9086,0.9124,73618.31,0.91236
2024-05-27 02:00:00,0.91454,0.91543,0.9133,0.91333,36573.4,0.91329
2024-05-26 02:00:00,0.91488,0.9155,0.9142,0.91455,2377.01,0.9145
2024-05-25 02:00:00,0.91477,0.91477,0.91477,0.91477,0.0,0.9147
2024-05-24 02:00:00,0.91452,0.9159,0.91343,0.91477,47801.29,0.9147
2024-05-23 02:00:00,0.91532,0.91555,0.91268,0.91451,91960.53,0.91447
2024-05-22 02:00:00,0.91136,0.91592,0.91074,0.91532,55714.41,0.91526
2024-05-21 02:00:00,0.91021,0.9117,0.90875,0.91135,51425.99,0.91131
2024-05-20 02:00:00,0.90904,0.91096,0.90795,0.9102,54127.54,0.91016
2024-05-19 02:00:00,0.90935,0.9095,0.90852,0.90902,2752.02,0.90898
2024-05-18 02:00:00,0.90942,0.90942,0.90942,0.90942,0.0,0.90915
2024-05-17 02:00:00,0.90615,0.90989,0.90605,0.90942,45672.9,0.90915
2024-05-16 02:00:00,0.90073,0.90673,0.89887,0.90615,66345.49,0.9061
2024-05-15 02:00:00,0.907,0.90715,0.90059,0.90072,79450.76,0.90068
2024-05-14 02:00:00,0.90805,0.91031,0.90555,0.90699,64493.57,0.90694
2024-05-13 02:00:00,0.90656,0.90878,0.90461,0.90805,44771.29,0.908
2024-05-12 02:00:00,0.90774,0.90782,0.90565,0.90655,1516.88,0.9065
2024-05-11 02:00:00,0.90657,0.90657,0.90657,0.90657,0.0,0.90648
2024-05-10 02:00:00,0.90597,0.90857,0.90566,0.90657,45251.45,0.90648
2024-05-09 02:00:00,0.90795,0.90991,0.90554,0.90599,49188.56,0.90594
2024-05-08 02:00:00,0.90856,0.90964,0.90737,0.90796,47875.33,0.90792
2024-05-07 02:00:00,0.90686,0.90944,0.90584,0.90856,56635.07,0.9085
2024-05-06 02:00:00,0.90597,0.90744,0.90363,0.90683,49199.45,0.90678
2024-05-05 02:00:00,0.90668,0.90671,0.90483,0.90596,3784.42,0.90591
2024-05-04 02:00:00,0.90569,0.90569,0.90569,0.90569,0.0,0.90522
2024-05-03 02:00:00,0.90981,0.91057,0.90066,0.90569,106589.5,0.90522
2024-05-02 02:00:00,0.91647,0.91743,0.90979,0.90982,103895.59,0.90978
2024-05-01 02:00:00,0.9197,0.92248,0.91463,0.91647,101723.36,0.91641
2024-04-30 02:00:00,0.91088,0.91989,0.91054,0.91968,104632.54,0.91964
2024-04-29 02:00:00,0.91377,0.91538,0.90889,0.91088,101916.07,0.91084
2024-04-28 02:00:00,0.91595,0.91595,0.91369,0.91378,4705.41,0.91374
2024-04-27 02:00:00,0.9149,0.9149,0.9149,0.9149,0.0,0.91438
2024-04-26 02:00:00,0.9128,0.91506,0.90968,0.9149,84650.77,0.91438
2024-04-25 02:00:00,0.91451,0.91574,0.91177,0.91278,82533.55,0.91272
2024-04-24 02:00:00,0.91181,0.91555,0.91142,0.91453,63861.62,0.91448
2024-04-23 02:00:00,0.91196,0.91307,0.90875,0.91183,75220.59,0.91179
2024-04-22 02:00:00,0.91124,0.91245,0.9099,0.91196,62088.2,0.91192
2024-04-21 02:00:00,0.91139,0.91139,0.91025,0.91129,6692.19,0.91125
2024-04-20 02:00:00,0.91085,0.91085,0.91085,0.91085,0.0,0.91018
2024-04-19 02:00:00,0.91254,0.91275,0.90115,0.91085,161765.74,0.91018
2024-04-18 02:00:00,0.9107,0.91316,0.90817,0.91253,84741.26,0.91249
2024-04-17 02:00:00,0.91274,0.91329,0.90942,0.91071,86220.84,0.91067
2024-04-16 02:00:00,0.91197,0.91426,0.9112,0.91271,114176.3,0.91267
2024-04-15 02:00:00,0.91388,0.91526,0.91149,0.91196,99363.26,0.91192
2024-04-14 02:00:00,0.91203,0.91458,0.91202,0.91387,11402.21,0.9138
2024-04-13 02:00:00,0.91454,0.91454,0.91454,0.91454,0.0,0.91406
2024-04-12 02:00:00,0.90989,0.91483,0.90942,0.91454,93729.97,0.91406
2024-04-11 02:00:00,0.9133,0.91472,0.90747,0.9099,104530.76,0.90984
2024-04-10 02:00:00,0.90315,0.9148,0.90256,0.91329,143821.95,0.91323
2024-04-09 02:00:00,0.90511,0.90571,0.90133,0.90315,90158.66,0.9031
2024-04-08 02:00:00,0.90331,0.90662,0.90245,0.90513,98387.91,0.90508
2024-04-07 02:00:00,0.90337,0.9041,0.90174,0.9033,24312.27,0.90325
2024-04-06 02:00:00,0.9027,0.9027,0.9027,0.9027,0.0,0.90197
2024-04-05 02:00:00,0.90164,0.90718,0.89983,0.9027,120766.88,0.90197
2024-04-04 02:00:00,0.90303,0.90755,0.90096,0.90162,97899.29,0.90157
2024-04-03 02:00:00,0.90788,0.90961,0.90274,0.90304,85472.88,0.90298
2024-04-02 02:00:00,0.90515,0.90915,0.90509,0.90788,86205.9,0.90783
2024-04-01 02:00:00,0.90208,0.90576,0.90057,0.90514,65031.18,0.9051
2024-03-31 01:00:00,0.90313,0.90318,0.90118,0.90209,8074.33,0.90204
2024-03-30 01:00:00,0.90283,0.90283,0.90283,0.90283,0.0,0.90167
2024-03-29 01:00:00,0.90133,0.90307,0.90088,0.90283,167666.38,0.90167
2024-03-28 01:00:00,0.90569,0.90652,0.90001,0.90135,126052.08,0.90122
2024-03-27 01:00:00,0.90377,0.9072,0.90337,0.9057,72269.52,0.90566
2024-03-26 01:00:00,0.89964,0.90439,0.89912,0.90376,75437.11,0.90371
2024-03-25 01:00:00,0.89774,0.89993,0.89697,0.89965,78175.34,0.89959
2024-03-24 01:00:00,0.89819,0.8982,0.89707,0.89775,7993.64,0.8977
2024-03-23 01:00:00,0.89815,0.89815,0.89815,0.89815,0.0,0.89757
2024-03-22 01:00:00,0.89781,0.9021,0.89662,0.89815,92369.81,0.89757
2024-03-21 01:00:00,0.8857,0.89946,0.88399,0.89782,140483.17,0.89778
2024-03-20 01:00:00,0.88864,0.89193,0.88553,0.88574,124362.7,0.88568
2024-03-19 01:00:00,0.88764,0.88994,0.88677,0.88865,93793.24,0.8886
2024-03-18 01:00:00,0.88364,0.88851,0.88221,0.88765,77758.2,0.8876
2024-03-17 01:00:00,0.88411,0.88439,0.88341,0.88365,24501.15,0.8836
2024-03-16 01:00:00,0.88439,0.88439,0.88439,0.88439,0.0,0.88388
2024-03-15 01:00:00,0.88437,0.88534,0.88198,0.88439,74902.39,0.88388
2024-03-14 01:00:00,0.87842,0.88445,0.87827,0.88439,96201.5,0.88432
2024-03-13 01:00:00,0.8775,0.87921,0.87666,0.87845,76924.58,0.8784
2024-03-12 01:00:00,0.8774,0.87955,0.87476,0.87749,112029.97,0.87744
2024-03-11 01:00:00,0.8776,0.87954,0.87554,0.87741,63735.39,0.87736
2024-03-10 01:00:00,0.87698,0.87822,0.87622,0.87761,23723.95,0.87758
2024-03-09 01:00:00,0.8781,0.8781,0.8781,0.8781,0.0,0.87725
2024-03-08 01:00:00,0.87736,0.87845,0.87301,0.8781,81541.93,0.87725
2024-03-07 01:00:00,0.8821,0.88241,0.87732,0.87736,88096.65,0.87732
2024-03-06 01:00:00,0.88367,0.88561,0.88048,0.8821,69665.84,0.88206
2024-03-05 01:00:00,0.8853,0.88669,0.88261,0.88366,59367.92,0.88362
2024-03-04 01:00:00,0.88347,0.88646,0.88063,0.88528,68631.96,0.88524
2024-03-03 01:00:00,0.88452,0.88505,0.88327,0.88348,9170.31,0.88344
2024-03-02 01:00:00,0.88414,0.88414,0.88414,0.88414,0.0,0.88353
2024-03-01 01:00:00,0.88449,0.88932,0.88305,0.88414,83100.79,0.88353
2024-02-29 01:00:00,0.87879,0.88495,0.87798,0.88448,87658.47,0.88445
2024-02-28 01:00:00,0.87908,0.88161,0.87845,0.87879,56336.04,0.87876
2024-02-27 01:00:00,0.88012,0.8811,0.87853,0.87908,63465.13,0.87904
2024-02-26 01:00:00,0.88136,0.88227,0.87886,0.88014,50868.19,0.8801
2024-02-25 01:00:00,0.88079,0.88215,0.88014,0.88137,3301.98,0.88132
2024-02-24 01:00:00,0.88178,0.88178,0.88178,0.88178,0.0,0.88116
2024-02-23 01:00:00,0.88014,0.88198,0.87817,0.88178,49280.31,0.88116
2024-02-22 01:00:00,0.87928,0.8822,0.87432,0.88016,104506.81,0.88012
2024-02-21 01:00:00,0.88198,0.88208,0.87891,0.87927,83484.32,0.8792
2024-02-20 01:00:00,0.88286,0.88384,0.87863,0.88202,79830.16,0.88196
2024-02-19 01:00:00,0.88083,0.88304,0.87972,0.88285,71032.9,0.88281
2024-02-18 01:00:00,0.88178,0.88203,0.88057,0.88083,3969.21,0.88078
2024-02-17 01:00:00,0.88136,0.88136,0.88136,0.88136,0.0,0.88063
2024-02-16 01:00:00,0.87998,0.88398,0.87984,0.88136,98904.74,0.88063
2024-02-15 01:00:00,0.88535,0.88588,0.87834,0.87996,111329.89,0.87992
2024-02-14 01:00:00,0.88755,0.88863,0.88481,0.88534,85214.45,0.88528
2024-02-13 01:00:00,0.87591,0.88815,0.87561,0.88758,137087.95,0.88751
2024-02-12 01:00:00,0.8743,0.87734,0.87271,0.87593,69121.05,0.87588
2024-02-11 01:00:00,0.87562,0.87562,0.87417,0.8743,7202.75,0.87426
2024-02-10 01:00:00,0.87518,0.87518,0.87518,0.87518,0.0,0.87489
2024-02-09 01:00:00,0.87352,0.87626,0.8732,0.87518,91274.84,0.87489
2024-02-08 01:00:00,0.87423,0.87616,0.87249,0.87354,103328.95,0.87348
2024-02-07 01:00:00,0.86964,0.87539,0.86889,0.87422,117440.05,0.87417
2024-02-06 01:00:00,0.87083,0.87419,0.86907,0.86964,111226.13,0.86958
2024-02-05 01:00:00,0.86711,0.87193,0.86687,0.87082,112792.82,0.87077
2024-02-04 01:00:00,0.86705,0.86843,0.86608,0.86712,7695.87,0.86708
2024-02-03 01:00:00,0.86727,0.86727,0.86727,0.86727,0.0,0.86688
2024-02-02 01:00:00,0.85771,0.86813,0.85538,0.86727,151364.24,0.86688
2024-02-01 01:00:00,0.86249,0.86503,0.85716,0.85769,185030.33,0.85763
2024-01-31 01:00:00,0.86194,0.86445,0.85514,0.86249,205761.81,0.86242
2024-01-30 01:00:00,0.86148,0.86438,0.86084,0.86195,116467.58,0.86189
2024-01-29 01:00:00,0.86444,0.86498,0.86074,0.86148,101265.29,0.86142
2024-01-28 01:00:00,0.86633,0.86654,0.8636,0.86446,18187.35,0.86438
2024-01-27 01:00:00,0.86492,0.86492,0.86492,0.86492,0.0,0.86428
2024-01-26 01:00:00,0.86724,0.86856,0.86169,0.86492,123321.18,0.86428
2024-01-25 01:00:00,0.86319,0.86855,0.86268,0.86725,137497.84,0.86718
2024-01-24 01:00:00,0.86975,0.87002,0.86071,0.86318,127994.73,0.86312
2024-01-23 01:00:00,0.86929,0.87289,0.86506,0.86974,98550.3,0.8697
2024-01-22 01:00:00,0.86862,0.87013,0.86666,0.86928,108045.96,0.86922
2024-01-21 01:00:00,0.86918,0.8692,0.86781,0.86862,6531.86,0.86856
2024-01-20 01:00:00,0.86849,0.86849,0.86849,0.86849,0.0,0.86806
2024-01-19 01:00:00,0.86809,0.8705,0.8677,0.86849,95402.83,0.86806
2024-01-18 01:00:00,0.86441,0.86946,0.86339,0.86809,146981.47,0.86804
2024-01-17 01:00:00,0.8616,0.86856,0.86082,0.8644,116053.28,0.86434
2024-01-16 01:00:00,0.85614,0.86214,0.85597,0.86159,135103.59,0.86154
2024-01-15 01:00:00,0.85354,0.85644,0.85227,0.85614,73063.11,0.85608
2024-01-14 01:00:00,0.85234,0.85359,0.85196,0.85352,5681.55,0.85347
2024-01-13 01:00:00,0.8529,0.8529,0.8529,0.8529,0.0,0.8523
2024-01-12 01:00:00,0.85113,0.85514,0.84891,0.8529,104779.93,0.8523
2024-01-11 01:00:00,0.85061,0.85669,0.84913,0.85115,157702.92,0.8511
2024-01-10 01:00:00,0.85252,0.85358,0.85058,0.85061,87437.16,0.85056
2024-01-09 01:00:00,0.84813,0.85325,0.84649,0.85251,90265.68,0.85246
2024-01-08 01:00:00,0.85086,0.85218,0.84607,0.84815,93170.97,0.84809
2024-01-07 01:00:00,0.8494,0.85144,0.8494,0.85084,4917.68,0.8508
2024-01-06 01:00:00,0.85085,0.85085,0.85085,0.85085,0.0,0.85015
2024-01-05 01:00:00,0.85032,0.85782,0.84558,0.85085,137927.71,0.85015
2024-01-04 01:00:00,0.84927,0.85292,0.84777,0.8503,122553.14,0.85026
2024-01-03 01:00:00,0.85021,0.85551,0.84884,0.84928,146876.74,0.84922
2024-01-02 01:00:00,0.84198,0.85078,0.84181,0.85022,121095.51,0.85014
2024-01-01 01:00:00,0.84168,0.84242,0.84049,0.84206,7190.61,0.842
2023-12-31 01:00:00,0.84227,0.84227,0.84227,0.84227,0.0,0.84168
2023-12-30 01:00:00,0.84227,0.84227,0.84227,0.84227,0.0,0.84168
2023-12-29 01:00:00,0.84356,0.84367,0.83572,0.84227,169888.77,0.84168
2023-12-28 01:00:00,0.84256,0.84529,0.8333,0.84359,125839.04,0.84353
2023-12-27 01:00:00,0.85385,0.85497,0.84094,0.84257,90976.61,0.84253
2023-12-26 01:00:00,0.85614,0.85808,0.85322,0.85385,89032.05,0.8538
2023-12-25 01:00:00,0.8589,0.85962,0.85557,0.85615,5876.41,0.85608
2023-12-24 01:00:00,0.85891,0.85891,0.85878,0.8589,48.6,0.8571
2023-12-23 01:00:00,0.85621,0.85621,0.85621,0.85621,0.0,0.85598
2023-12-22 01:00:00,0.8564,0.85744,0.85146,0.85621,222079.42,0.85598
2023-12-21 01:00:00,0.86271,0.86334,0.85607,0.85641,122904.42,0.85636
2023-12-20 01:00:00,0.86075,0.86516,0.86022,0.86275,79069.28,0.8627
2023-12-19 01:00:00,0.8672,0.86781,0.85935,0.86075,110618.92,0.8607
2023-12-18 01:00:00,0.87068,0.87123,0.86669,0.8672,76696.06,0.86715
2023-12-17 01:00:00,0.87027,0.87121,0.86962,0.87075,22319.88,0.87071
2023-12-16 01:00:00,0.87047,0.87047,0.87047,0.87047,0.0,0.87032
2023-12-15 01:00:00,0.86728,0.87123,0.86526,0.87047,125367.85,0.87032
2023-12-14 01:00:00,0.87108,0.87333,0.86309,0.86717,185411.57,0.86712
2023-12-13 01:00:00,0.87523,0.87807,0.86908,0.87107,147778.64,0.87102
2023-12-12 01:00:00,0.87836,0.87851,0.87244,0.87521,99599.34,0.87516
2023-12-11 01:00:00,0.87969,0.88168,0.87795,0.87839,92920.65,0.87834
2023-12-10 01:00:00,0.88041,0.8811,0.87967,0.87969,4496.32,0.87964
2023-12-09 01:00:00,0.88032,0.88032,0.88032,0.88032,0.0,0.87998
2023-12-08 01:00:00,0.87555,0.88214,0.87418,0.88032,125599.06,0.87998
2023-12-07 01:00:00,0.8747,0.87828,0.87286,0.87557,128525.36,0.87552
2023-12-06 01:00:00,0.87512,0.87607,0.87295,0.87472,87382.37,0.87468
2023-12-05 01:00:00,0.87265,0.87667,0.8715,0.87511,98493.96,0.87507
2023-12-04 01:00:00,0.86764,0.87559,0.86761,0.87266,108013.15,0.87261
2023-12-03 01:00:00,0.87056,0.87056,0.86676,0.86765,15783.77,0.8676
2023-12-02 01:00:00,0.86975,0.86975,0.86975,0.86975,0.0,0.86922
2023-12-01 01:00:00,0.87479,0.87692,0.86798,0.86975,103079.24,0.86922
2023-11-30 01:00:00,0.87344,0.87715,0.8685,0.87482,127838.68,0.87478
2023-11-29 01:00:00,0.87717,0.87846,0.87208,0.87343,96423.45,0.87338
2023-11-28 01:00:00,0.88005,0.88196,0.87619,0.87717,88023.47,0.87712
2023-11-27 01:00:00,0.88224,0.88287,0.87942,0.88006,85752.44,0.88002
2023-11-26 01:00:00,0.88294,0.88294,0.88191,0.88226,2808.87,0.88222
2023-11-25 01:00:00,0.88423,0.88423,0.88423,0.88423,0.0,0.88256
2023-11-24 01:00:00,0.88464,0.88494,0.88115,0.88423,118530.87,0.88256
2023-11-23 01:00:00,0.88414,0.88498,0.88177,0.88465,63851.06,0.8846
2023-11-22 01:00:00,0.88344,0.88751,0.88208,0.88414,78393.68,0.88409
2023-11-21 01:00:00,0.8845,0.88493,0.882,0.88347,78548.74,0.8834
2023-11-20 01:00:00,0.88603,0.88664,0.88266,0.88448,73306.83,0.88444
2023-11-19 01:00:00,0.88818,0.88818,0.88563,0.88603,6741.48,0.88598
2023-11-18 01:00:00,0.88585,0.88585,0.88585,0.88585,0.0,0.88546
2023-11-17 01:00:00,0.88862,0.88944,0.88529,0.88585,90329.03,0.88546
2023-11-16 01:00:00,0.88719,0.89006,0.88549,0.88863,83052.86,0.88856
2023-11-15 01:00:00,0.88916,0.89038,0.88555,0.8872,82662.28,0.88715
2023-11-14 01:00:00,0.9014,0.90278,0.88803,0.88916,96464.28,0.8891
2023-11-13 01:00:00,0.90205,0.90528,0.90078,0.90144,56112.47,0.90138
2023-11-12 01:00:00,0.90293,0.90316,0.90198,0.90205,3696.27,0.90199
2023-11-11 01:00:00,0.90277,0.90277,0.90277,0.90277,0.0,0.9022
2023-11-10 01:00:00,0.90333,0.90465,0.90027,0.90277,61818.38,0.9022
2023-11-09 01:00:00,0.89917,0.90418,0.8988,0.90333,80623.59,0.90328
2023-11-08 01:00:00,0.90008,0.90247,0.89773,0.89916,71971.14,0.8991
2023-11-07 01:00:00,0.89935,0.90192,0.89877,0.90012,70812.17,0.90006
2023-11-06 01:00:00,0.89926,0.89968,0.89541,0.89934,62043.74,0.8993
2023-11-05 01:00:00,0.89901,0.9,0.89892,0.89928,7543.77,0.89924
2023-11-04 01:00:00,0.8994,0.8994,0.8994,0.8994,0.0,0.89868
2023-11-03 01:00:00,0.90618,0.90745,0.89658,0.8994,87994.16,0.89868
2023-11-02 01:00:00,0.90564,0.90694,0.90182,0.90623,82073.46,0.90618
2023-11-01 01:00:00,0.91012,0.91132,0.90563,0.90563,112436.51,0.90559
2023-10-31 01:00:00,0.90214,0.91073,0.90102,0.91012,98197.79,0.91008
2023-10-28 02:00:00,0.90278,0.90278,0.90278,0.90278,0.0,0.90247
2023-10-27 02:00:00,0.89896,0.90353,0.8981,0.90278,87766.01,0.90247
2023-10-26 02:00:00,0.89677,0.90053,0.89639,0.89893,103392.92,0.89889
2023-10-25 02:00:00,0.89312,0.89746,0.89212,0.89678,75502.79,0.89674
2023-10-24 02:00:00,0.89087,0.89532,0.88888,0.89315,87699.04,0.89311
2023-10-23 02:00:00,0.89335,0.89577,0.89064,0.89092,77546.5,0.89088
2023-10-22 02:00:00,0.89253,0.89391,0.89182,0.89335,20994.04,0.8933
2023-10-21 02:00:00,0.89282,0.89282,0.89282,0.89282,0.0,0.89211
2023-10-20 02:00:00,0.89187,0.8936,0.89028,0.89282,93712.85,0.89211
2023-10-19 02:00:00,0.89889,0.90025,0.89096,0.89187,125509.29,0.89181
2023-10-18 02:00:00,0.90024,0.90092,0.89551,0.89889,101860.41,0.89885
2023-10-17 02:00:00,0.90052,0.90328,0.89904,0.90024,92906.19,0.90018
2023-10-16 02:00:00,0.90248,0.90429,0.89961,0.90055,91722.09,0.9005
2023-10-15 02:00:00,0.90311,0.90311,0.90121,0.90252,13437.63,0.90246
2023-10-14 02:00:00,0.90276,0.90276,0.90276,0.90276,0.0,0.90198
2023-10-13 02:00:00,0.90795,0.90855,0.90029,0.90276,121977.37,0.90198
2023-10-12 02:00:00,0.90114,0.90914,0.89874,0.90799,130167.22,0.90794
2023-10-11 02:00:00,0.90469,0.90553,0.90023,0.90113,146758.48,0.90108
2023-10-10 02:00:00,0.90515,0.90835,0.90347,0.90468,137342.18,0.90462
2023-10-09 02:00:00,0.90902,0.91241,0.90474,0.90513,116274.73,0.90507
2023-10-08 02:00:00,0.91009,0.91082,0.90878,0.90904,18824.71,0.909
2023-10-07 02:00:00,0.91021,0.91021,0.91021,0.91021,0.0,0.90979
2023-10-06 02:00:00,0.91279,0.91766,0.90736,0.91021,190469.71,0.90979
2023-10-05 02:00:00,0.91685,0.91828,0.91218,0.91279,153332.86,0.91275
2023-10-04 02:00:00,0.92114,0.9233,0.91446,0.91683,187621.78,0.91678
2023-10-03 02:00:00,0.91807,0.9245,0.91806,0.92114,196560.33,0.9211
2023-10-02 02:00:00,0.91556,0.91952,0.91109,0.91806,123296.96,0.918
2023-10-01 02:00:00,0.91598,0.91649,0.91524,0.91558,9944.48,0.91552
2023-09-30 02:00:00,0.91602,0.91602,0.91602,0.91602,0.0,0.9153
2023-09-29 02:00:00,0.91485,0.91642,0.90916,0.91602,148127.46,0.9153
2023-09-28 02:00:00,0.9209,0.92174,0.91479,0.91489,133535.12,0.91485
2023-09-27 02:00:00,0.91589,0.92258,0.91545,0.9209,125661.61,0.92085
2023-09-26 02:00:00,0.91221,0.91612,0.91193,0.91588,121046.03,0.91583
2023-09-25 02:00:00,0.90725,0.91361,0.90706,0.9122,101091.33,0.91216
2023-09-24 02:00:00,0.90698,0.90751,0.9065,0.90724,17448.8,0.9072
2023-09-23 02:00:00,0.9075,0.9075,0.9075,0.9075,0.0,0.90691
2023-09-22 02:00:00,0.90483,0.9076,0.90435,0.9075,86043.23,0.90691
2023-09-21 02:00:00,0.89949,0.9079,0.89861,0.90481,147566.48,0.90476
2023-09-20 02:00:00,0.89743,0.90037,0.89326,0.89949,135911.59,0.89945
2023-09-19 02:00:00,0.89739,0.89878,0.89487,0.89742,74634.09,0.89736
2023-09-18 02:00:00,0.89703,0.89865,0.89545,0.89739,76503.24,0.89734
2023-09-17 02:00:00,0.89735,0.89775,0.89643,0.89704,4013.77,0.89698
2023-09-16 02:00:00,0.89786,0.89786,0.89786,0.89786,0.0,0.89771
2023-09-15 02:00:00,0.89626,0.89787,0.89463,0.89786,92123.28,0.89771
2023-09-14 02:00:00,0.89354,0.89713,0.89152,0.8963,141142.36,0.89624
2023-09-13 02:00:00,0.89158,0.89536,0.89082,0.89354,112920.51,0.89348
2023-09-12 02:00:00,0.89134,0.89347,0.89022,0.89157,80611.98,0.89152
2023-09-11 02:00:00,0.89214,0.89232,0.88973,0.89134,92878.99,0.89128
2023-09-10 02:00:00,0.89265,0.89363,0.89156,0.89214,29883.13,0.8921
2023-09-09 02:00:00,0.89375,0.89375,0.89375,0.89375,0.0,0.89315
2023-09-08 02:00:00,0.89274,0.89375,0.88956,0.89375,98491.17,0.89315
2023-09-07 02:00:00,0.89145,0.89411,0.8909,0.89276,83120.01,0.89271
2023-09-06 02:00:00,0.88949,0.89453,0.88816,0.89143,100376.57,0.89139
2023-09-05 02:00:00,0.88489,0.89062,0.88449,0.8895,102107.4,0.88944
2023-09-04 02:00:00,0.88527,0.88564,0.8833,0.88488,62318.6,0.88484
2023-09-03 02:00:00,0.88648,0.88651,0.88527,0.88528,5601.97,0.88524
2023-09-02 02:00:00,0.88605,0.88605,0.88605,0.88605,0.0,0.88569
2023-09-01 02:00:00,0.88336,0.88645,0.87956,0.88605,125900.7,0.88569
2023-08-31 02:00:00,0.87819,0.88464,0.87718,0.88337,121854.58,0.88333
2023-08-30 02:00:00,0.87906,0.8804,0.87453,0.87819,119557.36,0.87814
2023-08-29 02:00:00,0.88352,0.88594,0.87756,0.87907,127636.38,0.87902
2023-08-28 02:00:00,0.8849,0.88544,0.88187,0.88354,89060.33,0.88349
2023-08-27 02:00:00,0.88649,0.88649,0.8843,0.88489,7287.98,0.88485
2023-08-26 02:00:00,0.88515,0.88515,0.88515,0.88515,0.0,0.88446
2023-08-25 02:00:00,0.88533,0.88769,0.88224,0.88515,112684.61,0.88446
2023-08-24 02:00:00,0.8775,0.8856,0.87605,0.88532,120932.88,0.88528
2023-08-23 02:00:00,0.88025,0.88179,0.87746,0.87751,130451.51,0.87747
2023-08-22 02:00:00,0.87862,0.88123,0.87656,0.88022,98222.96,0.88018
2023-08-21 02:00:00,0.88246,0.88286,0.87807,0.8786,93288.33,0.87856
2023-08-20 02:00:00,0.88278,0.88278,0.88164,0.88245,9582.17,0.8824
2023-08-19 02:00:00,0.88292,0.88292,0.88292,0.88292,0.0,0.8824
2023-08-18 02:00:00,0.87841,0.88292,0.87744,0.88292,100969.17,0.8824
2023-08-17 02:00:00,0.88022,0.88103,0.87605,0.8784,144565.42,0.87835
2023-08-16 02:00:00,0.87873,0.8816,0.87749,0.88022,133457.08,0.88018
2023-08-15 02:00:00,0.87812,0.87973,0.87448,0.87874,164361.32,0.8787
2023-08-14 02:00:00,0.87682,0.88284,0.8756,0.87813,102771.91,0.87807
2023-08-13 02:00:00,0.87722,0.87806,0.87606,0.87681,10290.73,0.87677
2023-08-12 02:00:00,0.87742,0.87742,0.87742,0.87742,0.0,0.87673
2023-08-11 02:00:00,0.87693,0.87811,0.87356,0.87742,111720.91,0.87673
2023-08-10 02:00:00,0.87707,0.87813,0.8691,0.87692,130834.4,0.87688
2023-08-09 02:00:00,0.87567,0.87834,0.87324,0.87707,83171.48,0.87702
2023-08-08 02:00:00,0.873,0.87838,0.87207,0.87568,102222.19,0.87564
2023-08-07 02:00:00,0.87429,0.87742,0.87261,0.87302,82766.22,0.87298
2023-08-06 02:00:00,0.87325,0.87449,0.8725,0.87428,14986.13,0.87422
2023-08-05 02:00:00,0.87333,0.87333,0.87333,0.87333,0.0,0.87278
2023-08-04 02:00:00,0.87442,0.87834,0.86998,0.87333,135783.29,0.87278
2023-08-03 02:00:00,0.87752,0.87993,0.87336,0.87442,170794.32,0.87436
2023-08-02 02:00:00,0.87269,0.88064,0.87267,0.87749,145715.84,0.87744
2023-08-01 02:00:00,0.87183,0.87785,0.8713,0.87267,155273.63,0.87263
2023-07-31 02:00:00,0.86995,0.87304,0.86657,0.87183,107309.88,0.87178
2023-07-30 02:00:00,0.87009,0.87069,0.86937,0.86994,9347.11,0.86989
2023-07-29 02:00:00,0.8708,0.8708,0.8708,0.8708,0.0,0.87042
2023-07-28 02:00:00,0.86898,0.87373,0.86616,0.8708,154556.27,0.87042
2023-07-27 02:00:00,0.86165,0.86992,0.8553,0.86897,197819.5,0.86892
2023-07-26 02:00:00,0.86465,0.86569,0.85979,0.86166,122947.39,0.86161
2023-07-25 02:00:00,0.87003,0.87006,0.86376,0.86464,119294.38,0.86459
2023-07-24 02:00:00,0.86637,0.87044,0.86381,0.87003,115778.72,0.86998
2023-07-23 02:00:00,0.86752,0.86772,0.86583,0.86639,7232.46,0.86634
2023-07-22 02:00:00,0.86643,0.86643,0.86643,0.86643,0.0,0.86594
2023-07-21 02:00:00,0.86634,0.86732,0.86416,0.86643,90325.17,0.86594
2023-07-20 02:00:00,0.85805,0.8685,0.85616,0.86633,114853.83,0.86628
2023-07-19 02:00:00,0.85781,0.8614,0.85676,0.85806,114458.86,0.85802
2023-07-18 02:00:00,0.86045,0.86079,0.85558,0.85782,114922.47,0.85778
2023-07-17 02:00:00,0.86215,0.86314,0.85788,0.86042,68072.37,0.86038
2023-07-16 02:00:00,0.86225,0.8634,0.8618,0.86211,6926.54,0.86206
2023-07-15 02:00:00,0.86243,0.86243,0.86243,0.86243,0.0,0.86198
2023-07-14 02:00:00,0.85918,0.86322,0.85666,0.86243,88156.49,0.86198
2023-07-13 02:00:00,0.86676,0.86717,0.85831,0.85919,92342.06,0.85915
2023-07-12 02:00:00,0.87888,0.8793,0.86596,0.86678,105143.73,0.86674
2023-07-11 02:00:00,0.88525,0.88538,0.87869,0.87889,66537.83,0.87882
2023-07-10 02:00:00,0.88908,0.89186,0.88518,0.88527,74086.92,0.88522
2023-07-09 02:00:00,0.88979,0.88979,0.88859,0.8891,6993.06,0.88905
2023-07-08 02:00:00,0.88946,0.88946,0.88946,0.88946,0.0,0.88892
2023-07-07 02:00:00,0.89543,0.89708,0.88762,0.88946,87667.3,0.88892
2023-07-06 02:00:00,0.89865,0.89984,0.89507,0.89543,97975.87,0.89538
2023-07-05 02:00:00,0.89689,0.89954,0.89628,0.89864,71186.95,0.89858
2023-07-04 02:00:00,0.89603,0.89807,0.89463,0.89689,52202.99,0.89684
2023-07-03 02:00:00,0.8953,0.90051,0.89416,0.89602,72132.98,0.89596
2023-07-02 02:00:00,0.89578,0.89594,0.89501,0.89529,2845.77,0.89524
2023-07-01 02:00:00,0.89564,0.89564,0.89564,0.89564,0.0,0.89526
2023-06-30 02:00:00,0.89926,0.90174,0.89359,0.89564,89735.92,0.89526
2023-06-29 02:00:00,0.89683,0.90023,0.89441,0.89927,85134.51,0.89922
2023-06-28 02:00:00,0.89385,0.89876,0.89328,0.89683,83887.79,0.89678
2023-06-27 02:00:00,0.89585,0.8971,0.89245,0.89385,83686.24,0.8938
2023-06-26 02:00:00,0.89587,0.8969,0.89123,0.89584,71305.89,0.89578
2023-06-25 02:00:00,0.8974,0.8976,0.89576,0.89587,7559.89,0.89582
2023-06-24 02:00:00,0.89752,0.89752,0.89752,0.89752,0.0,0.8969
2023-06-23 02:00:00,0.89504,0.90138,0.89461,0.89752,95377.41,0.8969
2023-06-22 02:00:00,0.89259,0.89733,0.89083,0.89504,105099.05,0.895
2023-06-21 02:00:00,0.89777,0.89985,0.89205,0.89259,89223.13,0.89254
2023-06-20 02:00:00,0.89596,0.90016,0.89545,0.89779,81536.16,0.89774
2023-06-19 02:00:00,0.89466,0.89771,0.89342,0.89596,58829.24,0.8959
2023-06-18 02:00:00,0.89506,0.89514,0.89379,0.89466,21603.75,0.89455
2023-06-17 02:00:00,0.89467,0.89467,0.89467,0.89467,0.0,0.89397
2023-06-16 02:00:00,0.89191,0.89499,0.89022,0.89467,83212.87,0.89397
2023-06-15 02:00:00,0.90029,0.90568,0.89078,0.89188,79104.66,0.89183
2023-06-14 02:00:00,0.90532,0.90608,0.8966,0.90028,83921.55,0.90024
2023-06-13 02:00:00,0.90868,0.90901,0.90326,0.90533,82534.16,0.90528
2023-06-12 02:00:00,0.90337,0.911,0.90161,0.90866,71864.36,0.90862
2023-06-11 02:00:00,0.90427,0.90507,0.90326,0.9034,2703.8,0.90334
2023-06-10 02:00:00,0.90388,0.90388,0.90388,0.90388,0.0,0.9033
2023-06-09 02:00:00,0.89903,0.90398,0.89853,0.90388,54920.17,0.9033
2023-06-08 02:00:00,0.90965,0.91082,0.89864,0.89904,71905.37,0.89899
2023-06-07 02:00:00,0.90719,0.91076,0.90438,0.90966,63383.13,0.9096
2023-06-06 02:00:00,0.90615,0.90989,0.90341,0.90719,61685.98,0.90714
2023-06-05 02:00:00,0.90986,0.91201,0.90528,0.90613,68856.0,0.90608
2023-06-04 02:00:00,0.90986,0.91004,0.90858,0.90987,3887.83,0.90982
2023-06-03 02:00:00,0.90999,0.90999,0.90999,0.90999,0.0,0.90932
2023-06-02 02:00:00,0.90569,0.90999,0.90353,0.90999,78045.44,0.90932
2023-06-01 02:00:00,0.91007,0.91147,0.90544,0.90571,79539.18,0.90565
2023-05-31 02:00:00,0.90617,0.91481,0.90563,0.91008,81948.55,0.91002
2023-05-30 02:00:00,0.90465,0.90849,0.90149,0.90616,83485.82,0.9061
2023-05-29 02:00:00,0.90595,0.90628,0.9028,0.90463,33942.64,0.90458
2023-05-28 02:00:00,0.90738,0.90738,0.90499,0.90596,8331.27,0.90591
2023-05-27 02:00:00,0.90552,0.90552,0.90552,0.90552,0.0,0.90506
2023-05-26 02:00:00,0.90519,0.9075,0.90194,0.90552,78183.8,0.90506
2023-05-25 02:00:00,0.90442,0.9074,0.90384,0.90518,82402.39,0.90513
2023-05-24 02:00:00,0.90154,0.90678,0.90056,0.90441,82555.39,0.90436
2023-05-23 02:00:00,0.89835,0.90304,0.8976,0.90153,73179.28,0.90149
2023-05-22 02:00:00,0.89832,0.89977,0.89414,0.89838,75539.58,0.89833
2023-05-21 02:00:00,0.89948,0.8996,0.8982,0.89832,2848.91,0.89828
2023-05-20 02:00:00,0.90068,0.90068,0.90068,0.90068,0.0,0.89996
2023-05-19 02:00:00,0.90497,0.90593,0.89753,0.90068,72841.0,0.89996
2023-05-18 02:00:00,0.89871,0.90633,0.89811,0.90497,74569.8,0.90492
2023-05-17 02:00:00,0.89644,0.90261,0.89499,0.8987,75097.82,0.89865
2023-05-16 02:00:00,0.89559,0.89717,0.89203,0.89645,72010.68,0.89639
2023-05-15 02:00:00,0.89848,0.89885,0.89432,0.89558,62696.48,0.89553
2023-05-14 02:00:00,0.89864,0.89886,0.89815,0.89848,15619.24,0.89843
2023-05-13 02:00:00,0.89898,0.89898,0.89898,0.89898,0.0,0.89842
2023-05-12 02:00:00,0.8943,0.89898,0.88977,0.89898,64070.72,0.89842
2023-05-11 02:00:00,0.88944,0.89586,0.88874,0.89431,77759.04,0.89426
2023-05-10 02:00:00,0.89023,0.89281,0.88688,0.88945,80077.56,0.8894
2023-05-09 02:00:00,0.89006,0.89435,0.88888,0.89025,61879.87,0.8902
2023-05-08 02:00:00,0.89128,0.8913,0.88683,0.89004,58629.7,0.88999
2023-05-07 02:00:00,0.89207,0.89207,0.89044,0.8913,7075.35,0.89125
2023-05-06 02:00:00,0.89089,0.89089,0.89089,0.89089,0.0,0.89056
2023-05-05 02:00:00,0.8855,0.8975,0.88349,0.89089,85554.52,0.89056
2023-05-04 02:00:00,0.8835,0.88919,0.88208,0.88553,119187.81,0.88548
2023-05-03 02:00:00,0.89242,0.89283,0.88272,0.88353,111633.74,0.88348
2023-05-02 02:00:00,0.89599,0.89956,0.89237,0.89245,90439.85,0.8924
2023-05-01 02:00:00,0.89483,0.89673,0.89164,0.89602,71945.53,0.89598
2023-04-30 02:00:00,0.8951,0.89515,0.89372,0.89483,9965.33,0.89478
2023-04-29 02:00:00,0.89525,0.89525,0.89525,0.89525,0.0,0.89448
2023-04-28 02:00:00,0.894,0.89758,0.88966,0.89525,102408.47,0.89448
2023-04-27 02:00:00,0.89094,0.8977,0.89036,0.894,84825.22,0.89394
2023-04-26 02:00:00,0.89194,0.89266,0.88523,0.89095,90300.98,0.8909
2023-04-25 02:00:00,0.88715,0.89281,0.8861,0.89195,81209.45,0.8919
2023-04-24 02:00:00,0.89203,0.89288,0.88714,0.88715,66987.07,0.8871
2023-04-23 02:00:00,0.89356,0.89356,0.89173,0.89203,3402.28,0.89198
2023-04-22 02:00:00,0.89265,0.89265,0.89265,0.89265,0.0,0.89237
2023-04-21 02:00:00,0.89249,0.89545,0.89083,0.89265,72955.59,0.89237
2023-04-20 02:00:00,0.89779,0.89838,0.89207,0.89249,88997.49,0.89244
2023-04-19 02:00:00,0.8961,0.90037,0.89589,0.8978,79692.21,0.89774
2023-04-18 02:00:00,0.89863,0.89875,0.8955,0.89611,71271.46,0.89605
2023-04-17 02:00:00,0.89499,0.89971,0.89226,0.89864,70018.5,0.8986
2023-04-16 02:00:00,0.89591,0.89602,0.89439,0.89496,7082.41,0.89492
2023-04-15 02:00:00,0.89418,0.89418,0.89418,0.89418,0.0,0.89373
2023-04-14 02:00:00,0.8892,0.89596,0.88674,0.89418,88422.44,0.89373
2023-04-13 02:00:00,0.89595,0.89756,0.88605,0.88919,85863.88,0.88913
2023-04-12 02:00:00,0.90311,0.90356,0.89444,0.89593,96041.89,0.89588
2023-04-11 02:00:00,0.90892,0.9091,0.90285,0.90314,71965.7,0.90307
2023-04-10 02:00:00,0.90459,0.9121,0.90447,0.90891,69557.22,0.90884
2023-04-09 02:00:00,0.90569,0.90591,0.90375,0.9046,7081.87,0.90453
2023-04-08 02:00:00,0.90583,0.90583,0.90583,0.90583,0.0,0.90538
2023-04-07 02:00:00,0.90465,0.90822,0.90353,0.90583,59573.32,0.90538
2023-04-06 02:00:00,0.9065,0.90759,0.90366,0.90465,93934.47,0.90457
2023-04-05 02:00:00,0.90582,0.90776,0.9009,0.90653,94033.68,0.90646
2023-04-04 02:00:00,0.9129,0.91437,0.90553,0.90583,99442.6,0.90577
2023-04-03 02:00:00,0.91783,0.91973,0.91158,0.91292,115298.03,0.91286
2023-04-02 02:00:00,0.91734,0.91796,0.91515,0.91784,13752.8,0.91779
2023-04-01 02:00:00,0.91563,0.91563,0.91563,0.91563,0.0,0.91522
2023-03-31 02:00:00,0.9135,0.91782,0.91161,0.91563,101909.39,0.91522
2023-03-30 02:00:00,0.91835,0.9201,0.91267,0.91349,97602.17,0.91345
2023-03-29 02:00:00,0.92053,0.92241,0.91657,0.91835,95321.12,0.9183
2023-03-28 02:00:00,0.91526,0.92234,0.91375,0.92055,84241.63,0.92047
2023-03-27 02:00:00,0.9191,0.92003,0.91512,0.91526,122024.32,0.91518
2023-03-26 01:00:00,0.91983,0.92057,0.91897,0.9191,20655.66,0.91902
2023-03-25 01:00:00,0.92036,0.92036,0.92036,0.92036,0.0,0.91978
2023-03-24 01:00:00,0.91683,0.92176,0.91558,0.92036,146636.73,0.91978
2023-03-23 01:00:00,0.91679,0.91819,0.91203,0.91683,157196.05,0.91676
2023-03-22 01:00:00,0.92188,0.92464,0.91483,0.9168,146804.54,0.91671
2023-03-21 01:00:00,0.92942,0.93176,0.92101,0.92189,128612.87,0.9218
2023-03-20 01:00:00,0.92715,0.9313,0.92408,0.9294,164603.93,0.92929
2023-03-19 01:00:00,0.9276,0.92836,0.92572,0.92715,20384.9,0.92704
2023-03-18 01:00:00,0.92727,0.92727,0.92727,0.92727,0.0,0.92662
2023-03-17 01:00:00,0.92936,0.92967,0.9241,0.92727,157699.65,0.92662
2023-03-16 01:00:00,0.93165,0.93228,0.92305,0.92934,239613.15,0.92928
2023-03-15 01:00:00,0.91468,0.93449,0.91241,0.93165,281000.37,0.93156
2023-03-14 01:00:00,0.91278,0.91652,0.90968,0.91467,234098.59,0.9146
2023-03-13 01:00:00,0.91931,0.9204,0.90722,0.91278,281539.0,0.91265
2023-03-12 01:00:00,0.92187,0.92194,0.91545,0.91932,15623.3,0.91924
2023-03-11 01:00:00,0.92159,0.92159,0.92159,0.92159,0.0,0.92134
2023-03-10 01:00:00,0.93299,0.93302,0.91756,0.92159,204708.08,0.92134
2023-03-09 01:00:00,0.94096,0.9417,0.93243,0.93301,104804.35,0.93292
2023-03-08 01:00:00,0.94236,0.94393,0.93896,0.94098,107490.88,0.94091
2023-03-07 01:00:00,0.93081,0.94255,0.92864,0.94237,126004.52,0.94232
2023-03-06 01:00:00,0.93717,0.93741,0.9306,0.9308,88416.42,0.93074
2023-03-05 01:00:00,0.93714,0.93718,0.93655,0.93715,4088.96,0.93706
2023-03-04 01:00:00,0.93705,0.93705,0.93705,0.93705,0.0,0.93644
2023-03-03 01:00:00,0.94207,0.94217,0.93596,0.93705,95436.31,0.93644
2023-03-02 01:00:00,0.93963,0.94408,0.93932,0.94208,98982.44,0.94202
2023-03-01 01:00:00,0.94215,0.94291,0.9351,0.93963,106049.89,0.93956
2023-02-28 01:00:00,0.93583,0.94249,0.93419,0.94213,96800.63,0.94208
2023-02-27 01:00:00,0.94044,0.94296,0.93448,0.93584,85499.88,0.93578
2023-02-26 01:00:00,0.94101,0.94122,0.94017,0.94044,2586.3,0.94037
2023-02-25 01:00:00,0.94111,0.94111,0.94111,0.94111,0.0,0.94049
2023-02-24 01:00:00,0.93379,0.94146,0.93265,0.94111,117147.47,0.94049
2023-02-23 01:00:00,0.93134,0.93495,0.9291,0.93378,101587.15,0.93372
2023-02-22 01:00:00,0.92769,0.93198,0.92533,0.93134,107671.05,0.93128
2023-02-21 01:00:00,0.92338,0.92863,0.92305,0.92769,117839.64,0.9276
2023-02-20 01:00:00,0.92545,0.92608,0.92209,0.92338,85729.75,0.92332
2023-02-19 01:00:00,0.92757,0.92757,0.92465,0.92545,3730.36,0.9254
2023-02-18 01:00:00,0.92519,0.92519,0.92519,0.92519,0.0,0.9246
2023-02-17 01:00:00,0.92672,0.93327,0.92411,0.92519,111257.65,0.9246
2023-02-16 01:00:00,0.92349,0.92726,0.92148,0.92673,118314.28,0.92668
2023-02-15 01:00:00,0.92164,0.9265,0.92139,0.9235,119150.39,0.92344
2023-02-14 01:00:00,0.91884,0.9235,0.91378,0.92164,167234.44,0.92157
2023-02-13 01:00:00,0.92391,0.92604,0.91877,0.91882,88468.48,0.91877
2023-02-12 01:00:00,0.92467,0.9252,0.92366,0.92392,6086.73,0.92384
2023-02-11 01:00:00,0.92454,0.92454,0.92454,0.92454,0.0,0.92374
2023-02-10 01:00:00,0.92219,0.92536,0.91987,0.92454,112290.79,0.92374
2023-02-09 01:00:00,0.92101,0.92294,0.91612,0.9222,98447.14,0.92214
2023-02-08 01:00:00,0.92174,0.92245,0.91786,0.921,100976.17,0.92094
2023-02-07 01:00:00,0.9281,0.92906,0.91926,0.92174,151788.84,0.92168
2023-02-06 01:00:00,0.92666,0.92914,0.92281,0.92812,101245.21,0.92806
2023-02-05 01:00:00,0.9283,0.92877,0.92534,0.92666,11134.84,0.92659
2023-02-04 01:00:00,0.92668,0.92668,0.92668,0.92668,0.0,0.92618
2023-02-03 01:00:00,0.91336,0.927,0.91266,0.92668,135714.98,0.92618
2023-02-02 01:00:00,0.90735,0.914,0.90611,0.91336,145490.32,0.9133
2023-02-01 01:00:00,0.91648,0.9185,0.90605,0.90733,136063.97,0.90728
2023-01-31 01:00:00,0.92543,0.92887,0.91513,0.91649,111112.36,0.91644
2023-01-30 01:00:00,0.92076,0.92588,0.91825,0.92544,95032.73,0.92538
2023-01-29 01:00:00,0.92218,0.92264,0.92057,0.92077,3030.55,0.9207
2023-01-28 01:00:00,0.92178,0.92178,0.92178,0.92178,0.0,0.9212
2023-01-27 01:00:00,0.92028,0.92406,0.91931,0.92178,95620.05,0.9212
2023-01-26 01:00:00,0.91726,0.92261,0.91592,0.92027,112108.82,0.92021
2023-01-25 01:00:00,0.92235,0.92461,0.91708,0.91728,103185.18,0.91721
2023-01-24 01:00:00,0.92179,0.92801,0.91928,0.92235,99637.29,0.92228
2023-01-23 01:00:00,0.92008,0.92421,0.91609,0.9218,111154.51,0.92174
2023-01-22 01:00:00,0.91996,0.92068,0.919,0.92007,6699.48,0.92002
2023-01-21 01:00:00,0.92039,0.92039,0.92039,0.92039,0.0,0.92018
2023-01-20 01:00:00,0.9159,0.92354,0.91419,0.92039,101817.51,0.92018
2023-01-19 01:00:00,0.91609,0.91903,0.9148,0.91589,121313.18,0.91583
2023-01-18 01:00:00,0.92207,0.92468,0.90861,0.91609,186721.66,0.91602
2023-01-17 01:00:00,0.9257,0.92768,0.91883,0.92207,131974.94,0.92201
2023-01-16 01:00:00,0.92698,0.9289,0.92193,0.9257,91716.65,0.92563
2023-01-15 01:00:00,0.92782,0.92874,0.92611,0.92699,9588.98,0.92694
2023-01-14 01:00:00,0.92704,0.92704,0.92704,0.92704,0.0,0.92685
2023-01-13 01:00:00,0.9274,0.93174,0.92564,0.92704,122864.9,0.92685
2023-01-12 01:00:00,0.93107,0.93649,0.92671,0.9274,166489.77,0.92734
2023-01-11 01:00:00,0.92248,0.93323,0.92053,0.93106,107309.04,0.931
2023-01-10 01:00:00,0.92117,0.92527,0.91957,0.92246,117123.98,0.92241
2023-01-09 01:00:00,0.92659,0.92806,0.91675,0.92117,127334.1,0.92111
2023-01-08 01:00:00,0.92884,0.92885,0.92652,0.92655,8514.9,0.92649
2023-01-07 01:00:00,0.92793,0.92793,0.92793,0.92793,0.0,0.92772
2023-01-06 01:00:00,0.93631,0.94141,0.92711,0.92793,148585.33,0.92772
2023-01-05 01:00:00,0.92982,0.93787,0.92613,0.93632,145789.15,0.93626
2023-01-04 01:00:00,0.93629,0.9363,0.92539,0.92981,149723.37,0.92974
2023-01-03 01:00:00,0.92483,0.93994,0.92308,0.93629,157287.02,0.93623
2023-01-02 01:00:00,0.92535,0.92774,0.9223,0.92477,123527.4,0.92434
2023-01-01 01:00:00,0.92898,0.92904,0.92539,0.92553,464.54,0.9244
2022-12-31 01:00:00,0.92485,0.92485,0.92485,0.92485,0.0,0.92456
2022-12-30 01:00:00,0.92315,0.92692,0.92014,0.92485,152006.26,0.92456
2022-12-29 01:00:00,0.92797,0.92886,0.92112,0.92316,93750.85,0.92308
2022-12-28 01:00:00,0.92954,0.93081,0.92458,0.92796,90765.92,0.9279
2022-12-27 01:00:00,0.93209,0.93247,0.92704,0.92954,118676.86,0.92946
2022-12-26 01:00:00,0.93425,0.93465,0.93134,0.93209,29854.85,0.93202
2022-12-25 01:00:00,0.9342,0.9349,0.93383,0.93422,1355.95,0.93349
2022-12-24 01:00:00,0.93324,0.93324,0.93324,0.93324,0.0,0.93303
2022-12-23 01:00:00,0.93131,0.93455,0.92859,0.93324,119310.15,0.93303
2022-12-22 01:00:00,0.92675,0.9322,0.92274,0.93131,133072.6,0.9312
2022-12-21 01:00:00,0.92649,0.92903,0.92393,0.92672,114641.37,0.92664
2022-12-20 01:00:00,0.92883,0.93082,0.92426,0.92649,182080.62,0.9264
2022-12-19 01:00:00,0.93475,0.93475,0.92847,0.92883,114273.94,0.92874
2022-12-18 01:00:00,0.93389,0.93483,0.93303,0.93472,5788.74,0.93464
2022-12-17 01:00:00,0.9349,0.9349,0.9349,0.9349,0.0,0.93416
2022-12-16 01:00:00,0.92776,0.9349,0.92545,0.9349,133399.09,0.93416
2022-12-15 01:00:00,0.92451,0.93177,0.92324,0.92777,172374.05,0.92771
2022-12-14 01:00:00,0.9292,0.9298,0.92163,0.92451,189624.33,0.92444
2022-12-13 01:00:00,0.93583,0.93757,0.92323,0.92919,166543.59,0.92912
2022-12-12 01:00:00,0.93527,0.93805,0.93141,0.93583,145386.65,0.93579
2022-12-11 01:00:00,0.93466,0.93549,0.93378,0.93527,3857.4,0.93516
2022-12-10 01:00:00,0.93439,0.93439,0.93439,0.93439,0.0,0.93373
2022-12-09 01:00:00,0.9362,0.93836,0.93131,0.93439,230120.85,0.93373
2022-12-08 01:00:00,0.94054,0.94276,0.93447,0.93619,210727.42,0.9361
2022-12-07 01:00:00,0.94218,0.9439,0.93643,0.94055,248469.86,0.94043
2022-12-06 01:00:00,0.94253,0.94572,0.93819,0.94219,198088.75,0.94208
2022-12-05 01:00:00,0.93661,0.94373,0.93315,0.94254,215431.69,0.94243
2022-12-04 01:00:00,0.93929,0.9394,0.93658,0.93661,13987.08,0.9365
2022-12-03 01:00:00,0.93781,0.93781,0.93781,0.93781,0.0,0.93715
2022-12-02 01:00:00,0.93656,0.94407,0.93273,0.93781,252763.29,0.93715
2022-12-01 01:00:00,0.944,0.94614,0.93607,0.93656,283656.31,0.93646
2022-11-30 01:00:00,0.95466,0.95487,0.94326,0.94398,287662.38,0.94388
2022-11-29 01:00:00,0.94914,0.95472,0.94612,0.95468,201688.82,0.95457
2022-11-28 01:00:00,0.9476,0.94986,0.94061,0.94914,203670.19,0.94903
2022-11-27 01:00:00,0.94716,0.94912,0.94638,0.94759,14951.97,0.94746
2022-11-26 01:00:00,0.94721,0.94721,0.94721,0.94721,0.0,0.94657
2022-11-25 01:00:00,0.94367,0.95009,0.94236,0.94721,145544.93,0.94657
2022-11-24 01:00:00,0.94115,0.94474,0.93884,0.94369,141692.49,0.94358
2022-11-23 01:00:00,0.95126,0.95342,0.94099,0.94115,200933.24,0.94105
2022-11-22 01:00:00,0.95863,0.95889,0.95102,0.95126,185571.66,0.95118
2022-11-21 01:00:00,0.95356,0.95992,0.95355,0.95863,193854.75,0.95852
2022-11-20 01:00:00,0.95474,0.95489,0.95326,0.95359,8255.76,0.95347
2022-11-19 01:00:00,0.95543,0.95543,0.95543,0.95543,0.0,0.9549
2022-11-18 01:00:00,0.95303,0.95545,0.94992,0.95543,202255.19,0.9549
2022-11-17 01:00:00,0.94454,0.95583,0.94341,0.95299,224300.32,0.95292
2022-11-16 01:00:00,0.94313,0.94709,0.93868,0.94454,264026.22,0.94444
2022-11-15 01:00:00,0.94348,0.94769,0.93574,0.94312,333787.52,0.94302
2022-11-14 01:00:00,0.94427,0.949,0.9406,0.94348,243904.6,0.94339
2022-11-13 01:00:00,0.94303,0.94553,0.94234,0.94427,8721.44,0.94414
2022-11-12 01:00:00,0.94195,0.94195,0.94195,0.94195,0.0,0.94142
2022-11-11 01:00:00,0.96521,0.9683,0.93983,0.94195,278089.41,0.94142
2022-11-10 01:00:00,0.98372,0.99,0.96318,0.96518,291024.18,0.9651
2022-11-09 01:00:00,0.98476,0.98751,0.98013,0.98373,221174.73,0.98362
2022-10-29 02:00:00,0.99634,0.99634,0.99634,0.99634,0.0,0.99586
2022-10-28 02:00:00,0.99046,0.99808,0.98838,0.99634,211518.21,0.99586
2022-10-27 02:00:00,0.98487,0.99293,0.98425,0.99049,280929.3,0.9904
2022-10-26 02:00:00,0.99499,0.99635,0.98486,0.98487,271635.17,0.98478
2022-10-25 02:00:00,0.99974,1.00327,0.99407,0.99501,245769.54,0.99488
2022-10-24 02:00:00,0.99785,1.00326,0.99658,0.99978,275909.01,0.99968
2022-10-23 02:00:00,0.99661,1.00173,0.99466,0.99785,34373.8,0.99769
2022-10-22 02:00:00,0.99765,0.99765,0.99765,0.99765,0.0,0.99743
2022-10-21 02:00:00,1.0041,1.01488,0.99634,0.99765,269613.33,0.99743
2022-10-20 02:00:00,1.00512,1.00698,0.99955,1.00412,227690.49,1.00402
2022-10-19 02:00:00,0.9939,1.00648,0.99351,1.00512,206757.13,1.00503
2022-10-18 02:00:00,0.99586,0.998,0.99203,0.9939,247111.03,0.99381
2022-10-17 02:00:00,1.00374,1.00464,0.99446,0.99585,213265.66,0.99576
2022-10-16 02:00:00,1.00659,1.00709,1.00348,1.00374,9687.7,1.00366
2022-10-15 02:00:00,1.00583,1.00583,1.00583,1.00583,0.0,1.00522
2022-10-14 02:00:00,1.0019,1.0067,0.99654,1.00583,283590.07,1.00522
2022-10-13 02:00:00,0.99776,1.00745,0.99605,1.00189,302604.78,1.00178
2022-10-12 02:00:00,0.99781,1.00051,0.99318,0.99775,275358.62,0.99766
2022-10-11 02:00:00,0.99966,1.00219,0.99168,0.99781,291428.14,0.99773
2022-10-10 02:00:00,0.99465,1.00117,0.9933,0.99966,229395.08,0.99955
2022-10-09 02:00:00,0.99503,0.99632,0.99459,0.99463,12780.14,0.99455
2022-10-08 02:00:00,0.99333,0.99333,0.99333,0.99333,0.0,0.99311
2022-10-07 02:00:00,0.99018,0.99544,0.98793,0.99333,268783.18,0.99311
2022-10-06 02:00:00,0.98141,0.99147,0.97814,0.9902,301713.02,0.99009
2022-10-05 02:00:00,0.97884,0.98896,0.97858,0.98142,269732.54,0.98132
2022-10-04 02:00:00,0.99292,0.99426,0.97855,0.97885,304283.34,0.97878
2022-10-03 02:00:00,0.98571,0.99509,0.98334,0.99292,347204.11,0.99284
2022-10-02 02:00:00,0.98726,0.98776,0.98506,0.9857,14823.51,0.9856
2022-10-01 02:00:00,0.98718,0.98718,0.98718,0.98718,0.0,0.98696
2022-09-30 02:00:00,0.97509,0.98782,0.97412,0.98718,361155.27,0.98696
2022-09-29 02:00:00,0.97798,0.9857,0.97409,0.97509,359766.54,0.97498
2022-09-28 02:00:00,0.99186,0.99667,0.97467,0.97797,434041.48,0.97786
2022-09-27 02:00:00,0.99239,0.993,0.98498,0.99187,345263.53,0.9918
2022-09-26 02:00:00,0.98259,0.99665,0.98045,0.99239,407311.96,0.9923
2022-09-25 02:00:00,0.98407,0.98424,0.97941,0.98261,16216.91,0.9825
2022-09-24 02:00:00,0.9818,0.9818,0.9818,0.9818,0.0,0.9816
2022-09-23 02:00:00,0.97599,0.98409,0.97568,0.9818,291154.62,0.9816
2022-09-22 02:00:00,0.9679,0.98508,0.96226,0.97599,370309.15,0.9759
2022-09-21 02:00:00,0.96394,0.97014,0.96212,0.96789,281987.13,0.96782
2022-09-20 02:00:00,0.9641,0.96832,0.96237,0.96394,236061.88,0.96386
2022-09-19 02:00:00,0.96322,0.96964,0.96267,0.9641,154029.71,0.96402
2022-09-18 02:00:00,0.96469,0.96593,0.96289,0.96329,11475.69,0.9632
2022-09-17 02:00:00,0.96516,0.96516,0.96516,0.96516,0.0,0.96462
2022-09-16 02:00:00,0.96194,0.96621,0.96015,0.96516,212991.27,0.96462
2022-09-15 02:00:00,0.96221,0.96428,0.95571,0.96194,209365.62,0.96191
2022-09-14 02:00:00,0.96075,0.96373,0.959,0.96221,313136.23,0.96214
2022-09-13 02:00:00,0.95308,0.96338,0.94807,0.96075,268575.71,0.96068
2022-09-12 02:00:00,0.95984,0.96088,0.951,0.95308,274177.37,0.95302
2022-09-11 02:00:00,0.95952,0.9611,0.95886,0.95984,15914.13,0.95976
2022-09-10 02:00:00,0.96633,0.96633,0.96633,0.96633,0.0,0.96629
2022-09-09 02:00:00,0.96879,0.96889,0.95481,0.96633,266321.99,0.96629
2022-09-08 02:00:00,0.97682,0.9783,0.96876,0.96879,267961.14,0.96872
2022-09-07 02:00:00,0.98475,0.98705,0.97618,0.97683,211156.04,0.97675
2022-09-06 02:00:00,0.9787,0.98626,0.97664,0.98476,246650.73,0.98468
2022-09-05 02:00:00,0.98344,0.98384,0.97863,0.9787,153793.56,0.97863
2022-09-04 02:00:00,0.98297,0.9836,0.98163,0.98344,13186.31,0.98336
2022-09-03 02:00:00,0.98211,0.98211,0.98211,0.98211,0.0,0.9816
2022-09-02 02:00:00,0.98137,0.98599,0.97846,0.98211,185140.59,0.9816
2022-09-01 02:00:00,0.97936,0.98619,0.97452,0.98135,226304.43,0.98128
2022-08-31 02:00:00,0.97417,0.98077,0.97271,0.97935,211755.22,0.97928
2022-08-30 02:00:00,0.96744,0.97629,0.96668,0.97417,215464.09,0.97409
2022-08-29 02:00:00,0.96881,0.97086,0.96604,0.96741,201281.58,0.96733
2022-08-28 02:00:00,0.96745,0.96886,0.96594,0.96881,9739.46,0.96874
2022-08-27 02:00:00,0.96596,0.96596,0.96596,0.96596,0.0,0.96576
2022-08-26 02:00:00,0.96381,0.96731,0.95791,0.96596,194108.07,0.96576
2022-08-25 02:00:00,0.96669,0.96721,0.9614,0.96382,188931.89,0.96373
2022-08-24 02:00:00,0.96455,0.96886,0.96085,0.96668,191371.24,0.96658
2022-08-23 02:00:00,0.96458,0.96932,0.96042,0.96459,211420.98,0.96451
2022-08-22 02:00:00,0.95894,0.96596,0.95749,0.9646,177320.33,0.9645
2022-08-21 02:00:00,0.95907,0.95994,0.9586,0.95895,7720.59,0.95884
2022-08-20 02:00:00,0.95987,0.95987,0.95987,0.95987,0.0,0.95926
2022-08-19 02:00:00,0.95684,0.95992,0.9554,0.95987,155850.09,0.95926
2022-08-18 02:00:00,0.95145,0.95734,0.94988,0.95684,193730.59,0.95675
2022-08-17 02:00:00,0.94984,0.95443,0.94838,0.95145,195245.58,0.95136
2022-08-16 02:00:00,0.94611,0.95149,0.94554,0.94983,162652.65,0.94974
2022-08-15 02:00:00,0.94203,0.94758,0.94102,0.94614,159867.5,0.94604
2022-08-14 02:00:00,0.94232,0.94311,0.94127,0.94201,4161.51,0.94192
2022-08-13 02:00:00,0.9422,0.9422,0.9422,0.9422,0.0,0.94152
2022-08-12 02:00:00,0.94167,0.94512,0.94087,0.9422,158951.82,0.94152
2022-08-11 02:00:00,0.94254,0.9447,0.93714,0.94166,177306.64,0.94156
2022-08-10 02:00:00,0.95433,0.95461,0.93944,0.94254,195084.38,0.94246
2022-08-09 02:00:00,0.95512,0.95571,0.95121,0.95432,127806.93,0.95424
2022-08-08 02:00:00,0.96229,0.9636,0.95228,0.95512,153535.94,0.95504
2022-08-07 02:00:00,0.96279,0.96294,0.96193,0.96228,6369.02,0.9622
2022-08-06 02:00:00,0.96206,0.96206,0.96206,0.96206,0.0,0.96184
2022-08-05 02:00:00,0.95414,0.96506,0.95386,0.96206,194897.23,0.96184
2022-08-04 02:00:00,0.96134,0.96238,0.95399,0.95414,184272.89,0.95406
2022-08-03 02:00:00,0.95851,0.96525,0.95432,0.96133,223531.05,0.96126
2022-08-02 02:00:00,0.95022,0.9588,0.94711,0.9585,243268.84,0.95842
2022-08-01 02:00:00,0.95301,0.95306,0.94829,0.95022,189979.85,0.95016
2022-07-31 02:00:00,0.95285,0.95391,0.95206,0.95301,8477.27,0.95292
2022-07-30 02:00:00,0.95201,0.95201,0.95201,0.95201,0.0,0.9516
2022-07-29 02:00:00,0.95451,0.95948,0.95026,0.95201,198376.04,0.9516
2022-07-28 02:00:00,0.95844,0.96325,0.95449,0.95449,214851.77,0.95442
2022-07-27 02:00:00,0.96243,0.96597,0.95831,0.95845,155613.84,0.95838
2022-07-26 02:00:00,0.96441,0.96686,0.96164,0.96242,139194.86,0.96234
2022-07-25 02:00:00,0.96337,0.96612,0.96186,0.96441,151297.33,0.96434
2022-07-24 02:00:00,0.96406,0.96406,0.96157,0.96335,6798.63,0.96327
2022-07-23 02:00:00,0.96216,0.96216,0.96216,0.96216,0.0,0.96142
2022-07-22 02:00:00,0.96646,0.97048,0.96002,0.96216,197728.37,0.96142
2022-07-21 02:00:00,0.97168,0.974,0.96592,0.96648,223769.5,0.96641
2022-07-20 02:00:00,0.96902,0.97368,0.96769,0.97168,162939.69,0.9716
2022-07-19 02:00:00,0.97767,0.97874,0.96545,0.96904,183024.73,0.96894
2022-07-18 02:00:00,0.97556,0.97906,0.97317,0.97767,160600.76,0.9776
2022-07-17 02:00:00,0.97777,0.97833,0.97554,0.97557,6669.34,0.9755
2022-07-16 02:00:00,0.97622,0.97622,0.97622,0.97622,0.0,0.97604
2022-07-15 02:00:00,0.98303,0.98421,0.97608,0.97622,178207.7,0.97604
2022-07-14 02:00:00,0.98092,0.98865,0.98077,0.98301,224621.04,0.98295
2022-07-13 02:00:00,0.98206,0.98308,0.97573,0.98094,204368.47,0.98087
2022-07-12 02:00:00,0.98308,0.98594,0.98042,0.98205,181843.6,0.98197
2022-07-11 02:00:00,0.97786,0.98438,0.97771,0.98305,150658.02,0.98296
2022-07-10 02:00:00,0.97779,0.9786,0.97677,0.97787,8291.5,0.97778
2022-07-09 02:00:00,0.97731,0.97731,0.97731,0.97731,0.0,0.97653
2022-07-08 02:00:00,0.97392,0.97983,0.97238,0.97731,170564.31,0.97653
2022-07-07 02:00:00,0.97036,0.97493,0.96825,0.97393,164845.61,0.97385
2022-07-06 02:00:00,0.96858,0.97443,0.96721,0.97036,199151.38,0.97028
2022-07-05 02:00:00,0.96107,0.97055,0.95937,0.96856,171778.92,0.9685
2022-07-04 02:00:00,0.95873,0.96194,0.95623,0.96106,121946.37,0.961
2022-07-03 02:00:00,0.9624,0.9626,0.95854,0.95872,8791.83,0.95865
2022-07-02 02:00:00,0.95994,0.95994,0.95994,0.95994,0.0,0.95956
2022-07-01 02:00:00,0.95515,0.96422,0.95478,0.95994,187374.04,0.95956
2022-06-30 02:00:00,0.95424,0.9606,0.95304,0.95522,195476.04,0.95514
2022-06-29 02:00:00,0.9569,0.95791,0.94959,0.95425,187018.68,0.95418
2022-06-28 02:00:00,0.95649,0.95872,0.95342,0.9569,176894.36,0.95682
2022-06-27 02:00:00,0.95737,0.9621,0.95438,0.95647,144388.57,0.9564
2022-06-26 02:00:00,0.95913,0.95931,0.95644,0.95743,6150.63,0.95736
2022-06-25 02:00:00,0.95891,0.95891,0.95891,0.95891,0.0,0.95846
2022-06-24 02:00:00,0.96144,0.96334,0.95226,0.95891,173119.38,0.95846
2022-06-23 02:00:00,0.96178,0.96791,0.95673,0.96144,195562.76,0.96136
2022-06-22 02:00:00,0.96628,0.96904,0.9581,0.96177,163806.42,0.9617
2022-06-21 02:00:00,0.96758,0.96847,0.96328,0.96629,143748.13,0.96622
2022-06-20 02:00:00,0.96991,0.97047,0.96226,0.96755,142420.74,0.96748
2022-06-19 02:00:00,0.97156,0.97179,0.96911,0.9699,6081.68,0.96984
2022-06-18 02:00:00,0.97122,0.97122,0.97122,0.97122,0.0,0.9705
2022-06-17 02:00:00,0.967,0.97336,0.96199,0.97122,207704.25,0.9705
2022-06-16 02:00:00,0.99464,0.999,0.96305,0.96701,231182.89,0.96693
2022-06-15 02:00:00,0.99958,1.00507,0.99323,0.9946,231126.86,0.99451
2022-06-14 02:00:00,0.99689,1.00377,0.98741,0.99959,191509.55,0.99952
2022-06-13 02:00:00,0.98943,0.99953,0.98824,0.99688,183672.68,0.99679
2022-06-12 02:00:00,0.9888,0.98981,0.98793,0.98942,6323.06,0.98933
2022-06-11 02:00:00,0.98922,0.98922,0.98922,0.98922,0.0,0.9884
2022-06-10 02:00:00,0.98046,0.98988,0.97669,0.98922,131721.08,0.9884
2022-06-09 02:00:00,0.97896,0.98183,0.97246,0.98047,132788.5,0.9804
2022-06-08 02:00:00,0.97368,0.9791,0.97311,0.97897,106849.76,0.9789
2022-06-07 02:00:00,0.97146,0.97798,0.97062,0.97368,105427.68,0.97361
2022-06-06 02:00:00,0.96247,0.97197,0.96059,0.97146,82069.35,0.9714
2022-06-05 02:00:00,0.96345,0.96386,0.9623,0.96245,3408.11,0.96237
2022-06-04 02:00:00,0.96278,0.96278,0.96278,0.96278,0.0,0.96196
2022-06-03 02:00:00,0.95768,0.96433,0.95573,0.96278,82915.26,0.96196
2022-06-02 02:00:00,0.96317,0.96369,0.95758,0.95769,94428.67,0.95762
2022-06-01 02:00:00,0.95972,0.96597,0.95897,0.96317,103436.44,0.9631
2022-05-31 02:00:00,0.95832,0.96204,0.95684,0.95971,118555.78,0.95964
2022-05-30 02:00:00,0.95804,0.9607,0.95548,0.95834,70298.89,0.95829
2022-05-29 02:00:00,0.95747,0.95959,0.95713,0.95802,2254.3,0.95796
2022-05-28 02:00:00,0.95809,0.95809,0.95809,0.95809,0.0,0.95728
2022-05-27 02:00:00,0.95873,0.96033,0.95454,0.95809,94706.86,0.95728
2022-05-26 02:00:00,0.96167,0.96335,0.95834,0.95871,99166.41,0.95864
2022-05-25 02:00:00,0.96047,0.96431,0.96023,0.96167,116608.26,0.96162
2022-05-24 02:00:00,0.96584,0.96708,0.95743,0.96048,113462.02,0.96041
2022-05-23 02:00:00,0.97519,0.97519,0.96284,0.96586,100239.28,0.96579
2022-05-22 02:00:00,0.97654,0.97664,0.97438,0.97518,2972.59,0.97512
2022-05-21 02:00:00,0.97531,0.97531,0.97531,0.97531,0.0,0.9745
2022-05-20 02:00:00,0.97236,0.97649,0.96948,0.97531,105537.31,0.9745
2022-05-19 02:00:00,0.98732,0.98764,0.96976,0.97237,119843.33,0.97231
2022-05-18 02:00:00,0.99375,0.99854,0.98606,0.98731,89159.87,0.98726
2022-05-17 02:00:00,1.00212,1.00244,0.99192,0.99375,97477.88,0.99368
2022-05-16 02:00:00,1.00245,1.00652,1.00084,1.00212,85886.42,1.00206
2022-05-15 02:00:00,1.00373,1.00377,1.00219,1.00245,3505.42,1.00237
2022-05-14 02:00:00,1.00248,1.00248,1.00248,1.00248,0.0,1.00182
2022-05-13 02:00:00,1.00341,1.00478,0.9993,1.00248,114844.48,1.00182
2022-05-12 02:00:00,0.99467,1.005,0.99329,1.00341,125744.43,1.00333
2022-05-11 02:00:00,0.99602,0.9965,0.98727,0.99467,138954.78,0.99459
2022-05-10 02:00:00,0.99312,0.99755,0.99062,0.99602,121483.5,0.99596
2022-05-09 02:00:00,0.98918,0.99663,0.98905,0.99311,122771.8,0.99306
2022-05-08 02:00:00,0.98917,0.98953,0.98846,0.98921,3077.8,0.98916
2022-05-07 02:00:00,0.98993,0.98993,0.98993,0.98993,0.0,0.9891
2022-05-06 02:00:00,0.98531,0.98993,0.98279,0.98993,125025.03,0.9891
2022-05-05 02:00:00,0.97336,0.98907,0.97104,0.98537,125151.12,0.9853
2022-05-04 02:00:00,0.97891,0.98533,0.97217,0.9734,97791.19,0.97334
2022-05-03 02:00:00,0.97765,0.98003,0.9721,0.97891,65407.94,0.97885
2022-05-02 02:00:00,0.97432,0.97902,0.97152,0.9777,56083.14,0.97765
2022-05-01 02:00:00,0.97325,0.97438,0.9727,0.97433,3891.49,0.97426
2022-04-30 02:00:00,0.97382,0.97382,0.97382,0.97382,0.0,0.9735
2022-04-29 02:00:00,0.97181,0.97382,0.96716,0.97382,141134.68,0.9735
2022-04-28 02:00:00,0.96891,0.97596,0.96812,0.97181,178581.59,0.97175
2022-04-27 02:00:00,0.96247,0.97017,0.96175,0.96893,141104.63,0.96887
2022-04-26 02:00:00,0.95859,0.96285,0.95649,0.96248,135461.09,0.96241
2022-04-25 02:00:00,0.9558,0.95979,0.95474,0.95861,152487.86,0.95854
2022-04-24 02:00:00,0.95804,0.95914,0.95559,0.95581,4695.25,0.95578
2022-04-23 02:00:00,0.95763,0.95763,0.95763,0.95763,0.0,0.9571
2022-04-22 02:00:00,0.95383,0.95934,0.95294,0.95763,134157.34,0.9571
2022-04-21 02:00:00,0.9492,0.95539,0.94576,0.95384,147794.01,0.95378
2022-04-20 02:00:00,0.95224,0.95369,0.94551,0.94918,139342.17,0.94913
2022-04-19 02:00:00,0.94496,0.95267,0.94339,0.95224,138574.06,0.95219
2022-04-18 02:00:00,0.94252,0.9454,0.94216,0.94495,82309.1,0.94488
2022-04-17 02:00:00,0.94408,0.9441,0.94232,0.94253,3690.27,0.94248
2022-04-16 02:00:00,0.94379,0.94379,0.94379,0.94379,0.0,0.94319
2022-04-15 02:00:00,0.94323,0.9445,0.94141,0.94379,159094.07,0.94319
2022-04-14 02:00:00,0.93401,0.94348,0.93249,0.94318,138068.78,0.94308
2022-04-13 02:00:00,0.93275,0.93582,0.93146,0.93403,111450.38,0.93397
2022-04-12 02:00:00,0.93157,0.93454,0.92872,0.93275,126380.09,0.9327
2022-04-11 02:00:00,0.93437,0.93725,0.93042,0.93157,100535.29,0.93152
2022-04-10 02:00:00,0.93261,0.93442,0.93249,0.93436,4697.74,0.9343
2022-04-09 02:00:00,0.93434,0.93434,0.93434,0.93434,0.0,0.93422
2022-04-08 02:00:00,0.93461,0.93743,0.93275,0.93434,78583.07,0.93422
2022-04-07 02:00:00,0.93314,0.93485,0.93181,0.93459,95404.45,0.93454
2022-04-06 02:00:00,0.92972,0.93504,0.92962,0.93314,113083.18,0.93308
2022-04-05 02:00:00,0.92641,0.93015,0.92381,0.92972,92667.95,0.92967
2022-04-04 02:00:00,0.92601,0.92816,0.92454,0.92641,86125.46,0.92636
2022-04-03 02:00:00,0.92686,0.92686,0.9259,0.92601,2311.58,0.92595
2022-04-02 02:00:00,0.92674,0.92674,0.92674,0.92674,0.0,0.92606
2022-04-01 02:00:00,0.92331,0.92805,0.92213,0.92674,100546.29,0.92606
2022-03-31 02:00:00,0.92327,0.92594,0.91955,0.92329,130489.44,0.92322
2022-03-30 02:00:00,0.93127,0.93142,0.92206,0.92324,149107.8,0.92319
2022-03-29 02:00:00,0.9336,0.93745,0.92984,0.93123,152216.57,0.93118
2022-03-28 02:00:00,0.93136,0.9382,0.93084,0.93361,122042.19,0.93356
2022-03-27 01:00:00,0.93148,0.93176,0.93039,0.93133,3644.86,0.93129
2022-03-26 01:00:00,0.9309,0.9309,0.9309,0.9309,0.0,0.93066
2022-03-25 01:00:00,0.92961,0.93142,0.92609,0.9309,113389.19,0.93066
2022-03-24 01:00:00,0.93085,0.93464,0.92934,0.92961,97997.08,0.92955
2022-03-23 01:00:00,0.93356,0.93582,0.93017,0.93085,94195.61,0.93078
2022-03-22 01:00:00,0.93406,0.93763,0.93143,0.93355,98353.38,0.93349
2022-03-21 01:00:00,0.93302,0.93531,0.92946,0.93404,80741.05,0.93399
2022-03-20 01:00:00,0.93431,0.93431,0.93184,0.93302,2071.55,0.93298
2022-03-19 01:00:00,0.93197,0.93197,0.93197,0.93197,0.0,0.93176
2022-03-18 01:00:00,0.93617,0.93832,0.93145,0.93197,92925.87,0.93176
2022-03-17 01:00:00,0.94166,0.94184,0.93367,0.93617,95518.06,0.93611
2022-03-16 01:00:00,0.94101,0.94608,0.93907,0.94166,139632.58,0.9416
2022-03-15 01:00:00,0.93861,0.94323,0.93727,0.94101,117595.43,0.94095
2022-03-14 01:00:00,0.93488,0.93887,0.93204,0.9386,109729.24,0.93853
2022-03-13 01:00:00,0.93462,0.93509,0.93425,0.93487,2809.89,0.9348
2022-03-12 01:00:00,0.93506,0.93506,0.93506,0.93506,0.0,0.93431
2022-03-11 01:00:00,0.92953,0.93507,0.92914,0.93506,130360.14,0.93431
2022-03-10 01:00:00,0.92661,0.93099,0.92557,0.92951,155033.19,0.92945
2022-03-09 01:00:00,0.92968,0.92997,0.9251,0.92662,141425.91,0.92656
2022-03-08 01:00:00,0.92546,0.93074,0.92495,0.92969,187996.01,0.92964
2022-03-07 01:00:00,0.92031,0.92727,0.91948,0.92545,189626.96,0.9254
2022-03-06 01:00:00,0.9179,0.92055,0.91735,0.9203,7131.04,0.92025
2022-03-05 01:00:00,0.91745,0.91745,0.91745,0.91745,0.0,0.91668
2022-03-04 01:00:00,0.91797,0.92108,0.91642,0.91745,162283.2,0.91668
2022-03-03 01:00:00,0.92065,0.92174,0.91731,0.91796,117792.38,0.9179
2022-03-02 01:00:00,0.91873,0.92402,0.91668,0.92064,148375.46,0.92058
2022-03-01 01:00:00,0.91766,0.92059,0.91508,0.91869,161963.95,0.91862
2022-02-28 01:00:00,0.92691,0.92793,0.91663,0.91765,202145.44,0.91759
2022-02-27 01:00:00,0.92753,0.92806,0.92527,0.92694,11252.61,0.92686
2022-02-26 01:00:00,0.92603,0.92603,0.92603,0.92603,0.0,0.9256
2022-02-25 01:00:00,0.92587,0.92848,0.92294,0.92603,152151.95,0.9256
2022-02-24 01:00:00,0.91759,0.92897,0.91732,0.92585,265594.89,0.9258
2022-02-23 01:00:00,0.92165,0.92193,0.91686,0.9176,89023.55,0.91756
2022-02-22 01:00:00,0.91598,0.92284,0.9152,0.92166,127694.27,0.9216
2022-02-21 01:00:00,0.921,0.92169,0.91509,0.91597,80414.82,0.9159
2022-02-20 01:00:00,0.9215,0.92265,0.92077,0.92099,3511.48,0.92094
2022-02-19 01:00:00,0.92243,0.92243,0.92243,0.92243,0.0,0.92161
2022-02-18 01:00:00,0.91989,0.92243,0.91923,0.92243,101675.97,0.92161
2022-02-17 01:00:00,0.92202,0.92299,0.91891,0.91989,137007.01,0.91983
2022-02-16 01:00:00,0.92559,0.92613,0.92068,0.92199,98497.11,0.92194
2022-02-15 01:00:00,0.92463,0.92747,0.92271,0.92559,114399.15,0.92553
2022-02-14 01:00:00,0.92488,0.92729,0.92382,0.92462,137839.63,0.92456
2022-02-13 01:00:00,0.92581,0.92691,0.92458,0.92484,1515.08,0.9248
2022-02-12 01:00:00,0.92668,0.92668,0.92668,0.92668,0.0,0.92595
2022-02-11 01:00:00,0.92594,0.92878,0.92368,0.92668,161810.52,0.92595
2022-02-10 01:00:00,0.92436,0.92974,0.92274,0.92592,144763.25,0.92588
2022-02-09 01:00:00,0.92517,0.92552,0.92226,0.92435,82223.04,0.9243
2022-02-08 01:00:00,0.92312,0.92634,0.92264,0.92517,96552.62,0.92512
2022-02-07 01:00:00,0.92521,0.92626,0.92221,0.92313,114117.52,0.92307
2022-02-06 01:00:00,0.92587,0.92608,0.92523,0.92523,2077.94,0.92518
2022-02-05 01:00:00,0.92574,0.92574,0.92574,0.92574,0.0,0.9255
2022-02-04 01:00:00,0.92048,0.92595,0.91933,0.92574,128010.06,0.9255
2022-02-03 01:00:00,0.91916,0.92367,0.91776,0.92046,145757.24,0.9204
2022-02-02 01:00:00,0.92118,0.92227,0.91793,0.91915,85646.39,0.9191
2022-02-01 01:00:00,0.92717,0.92778,0.92046,0.92116,98453.64,0.9211
2022-01-31 01:00:00,0.93128,0.93435,0.9252,0.92715,100534.77,0.9271
2022-01-30 01:00:00,0.93196,0.93233,0.93121,0.93127,1361.52,0.93122
2022-01-29 01:00:00,0.93127,0.93127,0.93127,0.93127,0.0,0.93066
2022-01-28 01:00:00,0.93113,0.933,0.92907,0.93127,106168.09,0.93066
2022-01-27 01:00:00,0.92408,0.93384,0.92382,0.9311,106605.59,0.93107
2022-01-26 01:00:00,0.91798,0.9247,0.91721,0.92407,102216.0,0.92402
2022-01-25 01:00:00,0.91421,0.92041,0.91414,0.91801,83110.6,0.91795
2022-01-24 01:00:00,0.91271,0.91591,0.91096,0.91421,103012.19,0.91416
2022-01-23 01:00:00,0.9126,0.91337,0.91203,0.91272,3659.32,0.91266
2022-01-22 01:00:00,0.91215,0.91215,0.91215,0.91215,0.0,0.91147
2022-01-21 01:00:00,0.91701,0.9173,0.91083,0.91215,77657.87,0.91147
2022-01-20 01:00:00,0.91573,0.9182,0.91399,0.91702,76428.65,0.91696
2022-01-19 01:00:00,0.91722,0.91781,0.91455,0.91572,75571.12,0.91566
2022-01-18 01:00:00,0.91407,0.91804,0.91321,0.91722,88060.62,0.91716
2022-01-17 01:00:00,0.91457,0.91593,0.91226,0.91408,55600.9,0.91402
2022-01-16 01:00:00,0.9139,0.91516,0.91339,0.91455,1211.37,0.9145
2022-01-15 01:00:00,0.91425,0.91425,0.91425,0.91425,0.0,0.91388
2022-01-14 01:00:00,0.91122,0.91451,0.90952,0.91425,83693.39,0.91388
2022-01-13 01:00:00,0.91428,0.9149,0.90923,0.91119,84540.17,0.91114
2022-01-12 01:00:00,0.92363,0.9245,0.91306,0.91427,87780.47,0.9142
2022-01-11 01:00:00,0.9273,0.92787,0.92328,0.92362,71674.6,0.92356
2022-01-10 01:00:00,0.91899,0.92773,0.91864,0.9273,80841.31,0.92726
2022-01-09 01:00:00,0.92001,0.92001,0.9189,0.91898,2897.81,0.91892
2022-01-08 01:00:00,0.91925,0.91925,0.91925,0.91925,0.0,0.91882
2022-01-07 01:00:00,0.9215,0.92333,0.91828,0.91925,59031.42,0.91882
2022-01-06 01:00:00,0.91748,0.92245,0.91687,0.92149,76284.7,0.92145
2022-01-05 01:00:00,0.91631,0.91843,0.91417,0.91748,70612.2,0.91744
2022-01-04 01:00:00,0.91848,0.91935,0.91373,0.91631,70689.39,0.91625
2022-01-03 01:00:00,0.91215,0.9203,0.91164,0.91847,63318.76,0.91841
2022-01-02 01:00:00,0.91303,0.91304,0.91191,0.91214,1729.33,0.91208
2022-01-01 01:00:00,0.91261,0.91261,0.91261,0.91261,0.0,0.91214
2021-12-31 01:00:00,0.91399,0.91483,0.91025,0.91261,48822.81,0.91214
2021-12-30 01:00:00,0.91397,0.9182,0.91328,0.91398,60024.3,0.91392
2021-12-29 01:00:00,0.91724,0.92021,0.91272,0.91397,52440.51,0.91392
2021-12-28 01:00:00,0.91726,0.91912,0.91599,0.91723,37979.65,0.91718
2021-12-27 01:00:00,0.91901,0.92007,0.91709,0.91726,38021.2,0.9172
2021-12-26 01:00:00,0.92133,0.92133,0.9177,0.919,3035.61,0.91892
2021-12-25 01:00:00,0.92036,0.92036,0.92036,0.92036,0.0,0.91866
2021-12-24 01:00:00,0.91943,0.92167,0.91683,0.92036,114418.9,0.91866
2021-12-23 01:00:00,0.91955,0.92199,0.91759,0.91942,51862.75,0.91877
2021-12-22 01:00:00,0.92312,0.92531,0.9191,0.91954,52884.16,0.91948
2021-12-21 01:00:00,0.92183,0.92564,0.91955,0.92313,62471.31,0.92308
2021-12-20 01:00:00,0.92341,0.92513,0.91931,0.92184,67415.15,0.92179
2021-12-19 01:00:00,0.92504,0.92508,0.92334,0.9234,1371.21,0.92335
2021-12-18 01:00:00,0.92461,0.92461,0.92461,0.92461,0.0,0.92387
2021-12-17 01:00:00,0.91909,0.92466,0.91752,0.92461,65555.09,0.92387
2021-12-16 01:00:00,0.92456,0.92569,0.91904,0.91907,82638.14,0.91901
2021-12-15 01:00:00,0.92426,0.92954,0.92344,0.92457,90048.15,0.92451
2021-12-14 01:00:00,0.92248,0.92469,0.91889,0.92423,54705.21,0.92418
2021-12-13 01:00:00,0.92136,0.9257,0.92065,0.92249,56731.4,0.92244
2021-12-12 01:00:00,0.92283,0.92283,0.92052,0.92137,2490.93,0.92132
2021-12-11 01:00:00,0.92092,0.92092,0.92092,0.92092,0.0,0.92067
2021-12-10 01:00:00,0.92384,0.92556,0.91997,0.92092,62072.62,0.92067
2021-12-09 01:00:00,0.92027,0.92655,0.92008,0.92384,65542.28,0.92378
2021-12-08 01:00:00,0.92459,0.9253,0.91958,0.92029,78919.26,0.92022
2021-12-07 01:00:00,0.92563,0.92758,0.92315,0.9246,64800.41,0.92454
2021-12-06 01:00:00,0.91863,0.92696,0.91853,0.92564,68728.76,0.92558
2021-12-05 01:00:00,0.91793,0.91978,0.91791,0.91862,1670.14,0.91857
2021-12-04 01:00:00,0.9178,0.9178,0.9178,0.9178,0.0,0.91699
2021-12-03 01:00:00,0.91992,0.92183,0.91662,0.9178,95905.17,0.91699
2021-12-02 01:00:00,0.92072,0.92222,0.91788,0.91992,89004.07,0.91986
2021-12-01 01:00:00,0.91962,0.92184,0.91699,0.92071,102156.12,0.92065
2021-11-30 01:00:00,0.92299,0.92674,0.91578,0.91961,150560.63,0.91956
2021-11-29 01:00:00,0.92449,0.92736,0.92271,0.923,98856.71,0.92294
2021-11-28 01:00:00,0.92355,0.9261,0.92318,0.92445,3605.43,0.92442
2021-11-27 01:00:00,0.92573,0.92573,0.92573,0.92573,0.0,0.92398
2021-11-26 01:00:00,0.93538,0.93556,0.9218,0.92573,160342.09,0.92398
2021-11-25 01:00:00,0.93416,0.93654,0.93248,0.93539,63446.67,0.93534
2021-11-24 01:00:00,0.93351,0.93742,0.93288,0.93415,96971.31,0.93409
2021-11-23 01:00:00,0.93272,0.93449,0.93019,0.93353,98245.98,0.93348
2021-11-22 01:00:00,0.92942,0.9336,0.92675,0.93268,88022.37,0.93264
2021-11-21 01:00:00,0.92931,0.92964,0.92879,0.92944,12800.81,0.92936
2021-11-20 01:00:00,0.92958,0.92958,0.92958,0.92958,0.0,0.9289
2021-11-19 01:00:00,0.92589,0.92958,0.92507,0.92958,105928.85,0.9289
2021-11-18 01:00:00,0.92865,0.92927,0.92515,0.92588,84228.91,0.92583
2021-11-17 01:00:00,0.93042,0.93304,0.92764,0.92862,86376.53,0.92858
2021-11-16 01:00:00,0.92539,0.93124,0.92379,0.93044,86567.74,0.93039
2021-11-15 01:00:00,0.92124,0.92588,0.91877,0.9254,70490.0,0.92534
2021-11-14 01:00:00,0.9218,0.92181,0.92096,0.92125,1207.41,0.92119
2021-11-13 01:00:00,0.92194,0.92194,0.92194,0.92194,0.0,0.92142
2021-11-12 01:00:00,0.92134,0.92384,0.92027,0.92194,68549.84,0.92142
2021-11-11 01:00:00,0.91804,0.92253,0.91796,0.92132,66807.15,0.92128
2021-11-10 01:00:00,0.91112,0.91875,0.91094,0.91802,101549.14,0.91798
2021-11-09 01:00:00,0.91347,0.91547,0.91024,0.91112,79801.53,0.91106
2021-11-08 01:00:00,0.91207,0.91584,0.91203,0.9135,59221.15,0.91344
2021-11-07 01:00:00,0.91365,0.91365,0.91203,0.91207,2259.59,0.91202
2021-10-30 02:00:00,0.91658,0.91658,0.91658,0.91658,0.0,0.91591
2021-10-29 02:00:00,0.91179,0.91765,0.91029,0.91658,87651.17,0.91591
2021-10-28 02:00:00,0.91822,0.91954,0.91138,0.91179,110867.58,0.91174
2021-10-27 02:00:00,0.91983,0.92042,0.9165,0.91823,80740.2,0.91818
2021-10-26 02:00:00,0.91998,0.92269,0.91877,0.91983,62793.85,0.91977
2021-10-25 02:00:00,0.91674,0.92038,0.91504,0.91998,62850.94,0.91992
2021-10-24 02:00:00,0.91815,0.91815,0.91614,0.91674,2810.92,0.91668
2021-10-23 02:00:00,0.91623,0.91623,0.91623,0.91623,0.0,0.9156
2021-10-22 02:00:00,0.91822,0.91864,0.91515,0.91623,64667.95,0.9156
2021-10-21 02:00:00,0.91903,0.92067,0.91707,0.91822,63468.37,0.91817
2021-10-20 02:00:00,0.92318,0.92529,0.91866,0.91903,62789.75,0.91898
2021-10-19 02:00:00,0.92361,0.92364,0.91856,0.92318,54089.1,0.92313
2021-10-18 02:00:00,0.92365,0.92736,0.92236,0.9236,57485.91,0.92356
2021-10-17 02:00:00,0.92594,0.92594,0.92293,0.92365,3567.88,0.9236
2021-10-16 02:00:00,0.92341,0.92341,0.92341,0.92341,0.0,0.9228
2021-10-15 02:00:00,0.92446,0.92646,0.92224,0.92341,55897.09,0.9228
2021-10-14 02:00:00,0.9242,0.9245,0.91951,0.92447,56240.26,0.92442
2021-10-13 02:00:00,0.93072,0.93085,0.92354,0.92419,68981.57,0.92414
2021-10-12 02:00:00,0.92768,0.93176,0.92572,0.9307,49624.62,0.93064
2021-10-11 02:00:00,0.92795,0.92884,0.92506,0.92767,50273.78,0.92762
2021-10-10 02:00:00,0.9282,0.92824,0.92695,0.92796,1626.44,0.9279
2021-10-09 02:00:00,0.92766,0.92766,0.92766,0.92766,0.0,0.92728
2021-10-08 02:00:00,0.92864,0.93062,0.92595,0.92766,64016.58,0.92728
2021-10-07 02:00:00,0.9279,0.9294,0.92534,0.92864,57119.57,0.92858
2021-10-06 02:00:00,0.9285,0.93082,0.92718,0.92789,74849.3,0.92783
2021-10-05 02:00:00,0.92511,0.92907,0.92467,0.92851,53099.64,0.92845
2021-10-04 02:00:00,0.92968,0.93116,0.92309,0.9251,59597.67,0.92504
2021-10-03 02:00:00,0.93071,0.93127,0.92939,0.9297,1897.08,0.92964
2021-10-02 02:00:00,0.93126,0.93126,0.93126,0.93126,0.0,0.9309
2021-10-01 02:00:00,0.93267,0.93382,0.92819,0.93126,78676.59,0.9309
2021-09-30 02:00:00,0.93435,0.9369,0.93155,0.93267,87142.09,0.93262
2021-09-29 02:00:00,0.92926,0.93575,0.92804,0.93437,78698.31,0.93432
2021-09-28 02:00:00,0.92577,0.93022,0.92574,0.92926,77751.56,0.9292
2021-09-27 02:00:00,0.92468,0.92916,0.92452,0.92577,66266.36,0.92572
2021-09-26 02:00:00,0.92542,0.92583,0.92437,0.92468,1963.62,0.92462
2021-09-25 02:00:00,0.92523,0.92523,0.92523,0.92523,0.0,0.92458
2021-09-24 02:00:00,0.92478,0.92615,0.92225,0.92523,47623.63,0.92458
2021-09-23 02:00:00,0.92649,0.92742,0.92178,0.9248,68611.14,0.92474
2021-09-22 02:00:00,0.92359,0.92785,0.92155,0.9265,77170.07,0.92645
2021-09-21 02:00:00,0.92781,0.9284,0.92256,0.9236,56188.95,0.92355
2021-09-20 02:00:00,0.93215,0.93336,0.92713,0.9278,51835.43,0.92774
2021-09-19 02:00:00,0.93249,0.93271,0.93177,0.93215,1576.05,0.93209
2021-09-18 02:00:00,0.93253,0.93253,0.93253,0.93253,0.0,0.93232
2021-09-17 02:00:00,0.92746,0.93261,0.92602,0.93253,55114.46,0.93232
2021-09-16 02:00:00,0.91981,0.928,0.91945,0.92745,50573.17,0.9274
2021-09-15 02:00:00,0.92015,0.92082,0.91643,0.9198,44740.06,0.91974
2021-09-14 02:00:00,0.92236,0.92286,0.91817,0.92018,49970.96,0.92013
2021-09-13 02:00:00,0.9183,0.92415,0.91825,0.92235,41006.31,0.9223
2021-09-12 02:00:00,0.91913,0.9193,0.91786,0.91831,27557.73,0.91825
2021-09-11 02:00:00,0.91861,0.91861,0.91861,0.91861,0.0,0.91782
2021-09-10 02:00:00,0.91662,0.91872,0.91506,0.91861,43695.05,0.91782
2021-09-09 02:00:00,0.92195,0.92238,0.91616,0.91662,60196.81,0.91658
2021-09-08 02:00:00,0.91954,0.92352,0.91841,0.92194,57315.78,0.92188
2021-09-07 02:00:00,0.91497,0.92005,0.91332,0.91954,50875.14,0.91949
2021-09-06 02:00:00,0.91392,0.91689,0.9139,0.91499,34409.39,0.91493
2021-09-05 02:00:00,0.91563,0.91563,0.91381,0.91394,1274.84,0.91388
2021-09-04 02:00:00,0.91454,0.91454,0.91454,0.91454,0.0,0.91398
2021-09-03 02:00:00,0.9146,0.91601,0.91158,0.91454,56076.07,0.91398
2021-09-02 02:00:00,0.91567,0.91686,0.91405,0.91459,42075.25,0.91454
2021-09-01 02:00:00,0.91546,0.91901,0.91396,0.91568,46574.86,0.91563
2021-08-31 02:00:00,0.91729,0.91739,0.91149,0.91542,49591.9,0.91538
2021-08-30 02:00:00,0.91151,0.91857,0.9102,0.91729,32535.3,0.91724
2021-08-29 02:00:00,0.91252,0.91253,0.91097,0.91151,2598.61,0.91145
2021-08-28 02:00:00,0.91227,0.91227,0.91227,0.91227,0.0,0.91154
2021-08-27 02:00:00,0.91805,0.92003,0.91066,0.91227,50043.48,0.91154
2021-08-26 02:00:00,0.9138,0.91927,0.91358,0.91805,50263.76,0.918
2021-08-25 02:00:00,0.91326,0.91585,0.91255,0.91376,39970.26,0.91371
2021-08-24 02:00:00,0.91243,0.91398,0.9111,0.91327,34310.49,0.91322
2021-08-23 02:00:00,0.91731,0.91784,0.91226,0.91242,40554.18,0.91237
2021-08-22 02:00:00,0.91758,0.91783,0.91698,0.91732,1732.01,0.91727
2021-08-21 02:00:00,0.91737,0.91737,0.91737,0.91737,0.0,0.91704
2021-08-20 02:00:00,0.91902,0.91902,0.91592,0.91737,36209.43,0.91704
2021-08-19 02:00:00,0.91764,0.92075,0.9146,0.91901,56539.51,0.91896
2021-08-18 02:00:00,0.91503,0.91972,0.91273,0.91764,48746.38,0.9176
2021-08-17 02:00:00,0.91267,0.91575,0.91005,0.91501,44926.75,0.91496
2021-08-16 02:00:00,0.91552,0.91642,0.91097,0.91267,43278.75,0.91262
2021-08-15 02:00:00,0.91646,0.91696,0.91511,0.91552,4416.02,0.91546
2021-08-14 02:00:00,0.91628,0.91628,0.91628,0.91628,0.0,0.91562
2021-08-13 02:00:00,0.92319,0.92395,0.91515,0.91628,31061.94,0.91562
2021-08-12 02:00:00,0.9217,0.92403,0.9212,0.92318,28951.61,0.92314
2021-08-11 02:00:00,0.92307,0.92426,0.92028,0.9217,40681.5,0.92164
2021-08-10 02:00:00,0.92098,0.92346,0.91955,0.92307,41498.72,0.92302
2021-08-09 02:00:00,0.91577,0.92104,0.91462,0.92099,41117.57,0.92094
2021-08-08 02:00:00,0.9162,0.91641,0.91532,0.91577,4517.0,0.91573
2021-08-07 02:00:00,0.91544,0.91544,0.91544,0.91544,0.0,0.91464
2021-08-06 02:00:00,0.90676,0.9157,0.9067,0.91544,46876.95,0.91464
2021-08-05 02:00:00,0.90667,0.90787,0.9052,0.90674,42282.41,0.90669
2021-08-04 02:00:00,0.90392,0.90766,0.90189,0.90668,46190.67,0.90664
2021-08-03 02:00:00,0.90537,0.90582,0.90234,0.90391,49614.28,0.90386
2021-08-02 02:00:00,0.90602,0.9068,0.90381,0.90536,44474.93,0.90532
2021-08-01 02:00:00,0.90719,0.90719,0.9056,0.90602,1049.78,0.90598
2021-07-31 02:00:00,0.90587,0.90587,0.90587,0.90587,0.0,0.90538
2021-07-30 02:00:00,0.90584,0.9076,0.904,0.90587,49843.6,0.90538
2021-07-29 02:00:00,0.90982,0.91013,0.90542,0.90584,47741.71,0.90579
2021-07-28 02:00:00,0.91447,0.91679,0.9098,0.90984,61578.13,0.90978
2021-07-27 02:00:00,0.91563,0.91869,0.91298,0.91451,55223.12,0.91446
2021-07-26 02:00:00,0.91966,0.9203,0.91491,0.91563,57631.1,0.91559
2021-07-25 02:00:00,0.91977,0.92119,0.91955,0.91967,3082.18,0.9196
2021-07-24 02:00:00,0.91977,0.91977,0.91977,0.91977,0.0,0.91942
2021-07-23 02:00:00,0.9192,0.92225,0.91871,0.91977,44824.21,0.91942
2021-07-22 02:00:00,0.91779,0.92023,0.91554,0.9192,71851.48,0.91916
2021-07-21 02:00:00,0.92131,0.92317,0.91702,0.91778,54605.5,0.91773
2021-07-20 02:00:00,0.91881,0.92332,0.91735,0.92133,65766.31,0.92127
2021-07-19 02:00:00,0.91867,0.92223,0.91635,0.91881,69484.12,0.91876
2021-07-18 02:00:00,0.92114,0.92114,0.91854,0.91864,1816.31,0.9186
2021-07-17 02:00:00,0.92012,0.92012,0.92012,0.92012,0.0,0.9194
2021-07-16 02:00:00,0.91793,0.92041,0.91748,0.92012,54852.1,0.9194
2021-07-15 02:00:00,0.91481,0.91937,0.91181,0.91796,60946.7,0.9179
2021-07-14 02:00:00,0.919,0.91992,0.91425,0.91483,65609.22,0.91478
2021-07-13 02:00:00,0.91512,0.9201,0.91437,0.91899,70121.94,0.91894
2021-07-12 02:00:00,0.91415,0.91715,0.91326,0.91514,54129.86,0.91508
2021-07-11 02:00:00,0.91547,0.91574,0.91394,0.91416,2262.51,0.91411
2021-07-10 02:00:00,0.91529,0.91529,0.91529,0.91529,0.0,0.91446
2021-07-09 02:00:00,0.91486,0.91756,0.91365,0.91529,54674.88,0.91446
2021-07-08 02:00:00,0.92579,0.92618,0.91338,0.91486,81643.49,0.9148
2021-07-07 02:00:00,0.92481,0.92698,0.92232,0.92578,71335.53,0.92573
2021-07-06 02:00:00,0.92236,0.92578,0.91941,0.9248,74082.17,0.92475
2021-07-05 02:00:00,0.92185,0.92332,0.92045,0.92233,43471.62,0.92228
2021-07-04 02:00:00,0.92238,0.92238,0.9209,0.92184,6012.26,0.92179
2021-07-03 02:00:00,0.92117,0.92117,0.92117,0.92117,0.0,0.92064
2021-07-02 02:00:00,0.92599,0.9275,0.92008,0.92117,70901.93,0.92064
2021-07-01 02:00:00,0.92516,0.92721,0.92364,0.92599,71875.12,0.92594
2021-06-30 02:00:00,0.92102,0.92627,0.92068,0.92518,64417.35,0.92512
2021-06-29 02:00:00,0.91969,0.92335,0.91903,0.921,51135.25,0.92096
2021-06-28 02:00:00,0.91676,0.92151,0.91676,0.91969,51279.27,0.91964
2021-06-27 02:00:00,0.91873,0.91923,0.91674,0.91676,7240.85,0.9167
2021-06-26 02:00:00,0.91802,0.91802,0.91802,0.91802,0.0,0.91735
2021-06-25 02:00:00,0.91822,0.91831,0.9143,0.91802,51042.04,0.91735
2021-06-24 02:00:00,0.91831,0.92008,0.91743,0.91823,58530.36,0.91818
2021-06-23 02:00:00,0.91872,0.92003,0.91545,0.9183,56549.51,0.91826
2021-06-22 02:00:00,0.91873,0.92132,0.91737,0.91871,61256.68,0.91866
2021-06-21 02:00:00,0.92261,0.92374,0.91759,0.91873,68483.47,0.91868
2021-06-20 02:00:00,0.92303,0.92333,0.92216,0.92259,3473.04,0.92254
2021-06-19 02:00:00,0.92351,0.92351,0.92351,0.92351,0.0,0.92302
2021-06-18 02:00:00,0.91775,0.92399,0.91692,0.92351,82540.45,0.92302
2021-06-17 02:00:00,0.90875,0.91885,0.90764,0.91776,83454.2,0.9177
2021-06-16 02:00:00,0.89866,0.90917,0.89778,0.90876,65405.86,0.90872
2021-06-15 02:00:00,0.89944,0.90083,0.8966,0.89865,43273.24,0.8986
2021-06-14 02:00:00,0.89794,0.90068,0.89793,0.89944,42424.89,0.8994
2021-06-13 02:00:00,0.89917,0.89976,0.89786,0.89791,3349.16,0.89787
2021-06-12 02:00:00,0.89878,0.89878,0.89878,0.89878,0.0,0.89796
2021-06-11 02:00:00,0.89466,0.90006,0.89335,0.89878,43788.75,0.89796
2021-06-10 02:00:00,0.89595,0.89943,0.89409,0.89467,57721.57,0.89461
2021-06-09 02:00:00,0.89699,0.89722,0.89267,0.89594,35627.48,0.8959
2021-06-08 02:00:00,0.89778,0.89898,0.89524,0.897,54710.04,0.89695
2021-06-07 02:00:00,0.89936,0.90108,0.89679,0.89778,50956.82,0.89774
2021-06-06 02:00:00,0.9001,0.90115,0.89892,0.89936,3565.41,0.89932
2021-06-05 02:00:00,0.89989,0.89989,0.89989,0.89989,0.0,0.89909
2021-06-04 02:00:00,0.90357,0.90543,0.89827,0.89989,56595.69,0.89909
2021-06-03 02:00:00,0.8983,0.90524,0.89797,0.90355,50321.21,0.90351
2021-06-02 02:00:00,0.89717,0.9025,0.89675,0.89828,62212.38,0.89824
2021-06-01 02:00:00,0.89847,0.89993,0.89474,0.89717,57399.27,0.89712
2021-05-31 02:00:00,0.90022,0.90134,0.89826,0.89849,46159.97,0.89844
2021-05-30 02:00:00,0.89998,0.90084,0.89963,0.90022,7346.11,0.90017
2021-05-29 02:00:00,0.90008,0.90008,0.90008,0.90008,0.0,0.89992
2021-05-28 02:00:00,0.89716,0.90303,0.89716,0.90008,64663.93,0.89992
2021-05-27 02:00:00,0.89784,0.9009,0.89613,0.89716,68545.35,0.89711
2021-05-26 02:00:00,0.89572,0.89909,0.89422,0.89784,63765.02,0.89778
2021-05-25 02:00:00,0.89711,0.89752,0.89308,0.89572,84008.62,0.89567
2021-05-24 02:00:00,0.89757,0.90031,0.89574,0.89711,63819.9,0.89706
2021-05-23 02:00:00,0.89862,0.89946,0.89735,0.89756,2299.54,0.89751
2021-05-22 02:00:00,0.89847,0.89847,0.89847,0.89847,0.0,0.89798
2021-05-21 02:00:00,0.89763,0.90012,0.89544,0.89847,62899.4,0.89798
2021-05-20 02:00:00,0.90414,0.9048,0.89694,0.89762,68510.51,0.89758
2021-05-19 02:00:00,0.89763,0.90495,0.89689,0.90413,86232.91,0.90408
2021-05-18 02:00:00,0.90342,0.90357,0.8961,0.89763,57693.01,0.89758
2021-05-17 02:00:00,0.90154,0.90351,0.90027,0.90345,64540.09,0.90339
2021-05-16 02:00:00,0.90231,0.90277,0.90138,0.90153,1688.4,0.90148
2021-05-15 02:00:00,0.90165,0.90165,0.90165,0.90165,0.0,0.90144
2021-05-14 02:00:00,0.9061,0.90643,0.90128,0.90165,62254.17,0.90144
2021-05-13 02:00:00,0.90894,0.90939,0.90515,0.90607,117948.33,0.90601
2021-05-12 02:00:00,0.90392,0.90961,0.90304,0.90894,108438.16,0.90888
2021-05-11 02:00:00,0.90062,0.90415,0.9002,0.90395,79137.16,0.9039
2021-05-10 02:00:00,0.90057,0.90204,0.89863,0.90058,82635.71,0.90055
2021-05-09 02:00:00,0.90181,0.90182,0.90008,0.90056,13602.78,0.90051
2021-05-08 02:00:00,0.90128,0.90128,0.90128,0.90128,0.0,0.90054
2021-05-07 02:00:00,0.90771,0.90942,0.90052,0.90128,90649.87,0.90054
2021-05-06 02:00:00,0.91319,0.91456,0.9071,0.90771,79548.21,0.90766
2021-05-05 02:00:00,0.91372,0.9165,0.91218,0.91322,75531.27,0.91316
2021-05-04 02:00:00,0.91164,0.91613,0.91151,0.91373,87158.63,0.91367
2021-05-03 02:00:00,0.91299,0.91484,0.90936,0.91163,68962.01,0.91158
2021-05-02 02:00:00,0.9128,0.91377,0.91263,0.913,2029.75,0.91294
2021-05-01 02:00:00,0.91376,0.91376,0.91376,0.91376,0.0,0.91333
2021-04-30 02:00:00,0.90903,0.91408,0.90809,0.91376,73332.09,0.91333
2021-04-29 02:00:00,0.90905,0.91201,0.90805,0.90902,71207.87,0.90897
2021-04-28 02:00:00,0.91413,0.91823,0.90888,0.90899,77417.47,0.90895
2021-04-27 02:00:00,0.91474,0.91725,0.9124,0.91413,57561.56,0.91408
2021-04-26 02:00:00,0.91406,0.91667,0.91224,0.91474,58616.46,0.91468
2021-04-25 02:00:00,0.91412,0.91416,0.91355,0.91408,1989.44,0.91402
2021-04-24 02:00:00,0.91409,0.91409,0.91409,0.91409,0.0,0.91378
2021-04-23 02:00:00,0.91725,0.9174,0.91282,0.91409,53314.99,0.91378
2021-04-22 02:00:00,0.91681,0.91918,0.91441,0.91724,62093.59,0.91718
2021-04-21 02:00:00,0.91614,0.91962,0.9154,0.91682,60375.79,0.91676
2021-04-20 02:00:00,0.91503,0.917,0.91354,0.91616,64361.0,0.9161
2021-04-19 02:00:00,0.92068,0.92159,0.91292,0.91504,68969.94,0.91496
2021-04-18 02:00:00,0.92042,0.92097,0.91962,0.92066,1604.1,0.9206
2021-04-17 02:00:00,0.92074,0.92074,0.92074,0.92074,0.0,0.92023
2021-04-16 02:00:00,0.92207,0.92359,0.91799,0.92074,63336.16,0.92023
2021-04-15 02:00:00,0.92284,0.92462,0.9207,0.92206,84858.65,0.922
2021-04-14 02:00:00,0.92037,0.92348,0.91874,0.92284,68109.5,0.92278
2021-04-13 02:00:00,0.92249,0.92603,0.91985,0.92038,74516.95,0.92032
2021-04-12 02:00:00,0.92576,0.9269,0.92134,0.92247,58414.92,0.92242
2021-04-11 02:00:00,0.92623,0.92728,0.9248,0.92577,2177.02,0.9257
2021-04-10 02:00:00,0.92463,0.92463,0.92463,0.92463,0.0,0.92392
2021-04-09 02:00:00,0.92428,0.92823,0.92374,0.92463,57468.67,0.92392
2021-04-08 02:00:00,0.92951,0.93031,0.92328,0.92428,52349.3,0.92422
2021-04-07 02:00:00,0.93094,0.93156,0.92687,0.92951,62971.72,0.92945
2021-04-06 02:00:00,0.93614,0.93968,0.93033,0.93093,65267.35,0.93086
2021-04-05 02:00:00,0.94215,0.94395,0.93546,0.93614,68144.0,0.93608
2021-04-04 02:00:00,0.94394,0.94407,0.94211,0.94216,6515.49,0.94209
2021-04-03 02:00:00,0.94417,0.94417,0.94417,0.94417,0.0,0.94296
2021-04-02 02:00:00,0.94222,0.94457,0.94058,0.94417,61730.12,0.94296
2021-04-01 02:00:00,0.94399,0.94733,0.94054,0.94221,116840.44,0.94216
2021-03-31 02:00:00,0.94191,0.94592,0.94043,0.94399,113296.41,0.94393
2021-03-30 02:00:00,0.93908,0.94393,0.93893,0.94193,69877.91,0.94186
2021-03-29 02:00:00,0.93968,0.94051,0.93707,0.93908,61980.57,0.93902
2021-03-28 01:00:00,0.93958,0.93981,0.93898,0.93968,2599.46,0.93962
2021-03-27 01:00:00,0.93926,0.93926,0.93926,0.93926,0.0,0.93906
2021-03-26 01:00:00,0.93964,0.94185,0.93831,0.93926,53345.77,0.93906
2021-03-25 01:00:00,0.93608,0.94032,0.93499,0.93966,73371.0,0.93961
2021-03-24 01:00:00,0.93454,0.93703,0.93379,0.93608,70869.63,0.93602
2021-03-23 01:00:00,0.9235,0.93481,0.92337,0.93455,75236.3,0.93449
2021-03-22 01:00:00,0.9301,0.93101,0.92231,0.92351,77249.6,0.92344
2021-03-21 01:00:00,0.93092,0.93128,0.92938,0.93012,3843.48,0.93006
2021-03-20 01:00:00,0.92988,0.92988,0.92988,0.92988,0.0,0.92916
2021-03-19 01:00:00,0.92746,0.93203,0.92521,0.92988,93693.54,0.92916
2021-03-18 01:00:00,0.92231,0.93062,0.92197,0.92746,114310.69,0.9274
2021-03-17 01:00:00,0.92508,0.92966,0.92143,0.92231,100299.94,0.92226
2021-03-16 01:00:00,0.92777,0.92877,0.92431,0.92507,78118.3,0.925
2021-03-15 01:00:00,0.92953,0.9313,0.92673,0.92777,87024.02,0.92772
2021-03-14 01:00:00,0.93065,0.93065,0.92916,0.92952,13985.31,0.92946
2021-03-13 01:00:00,0.93073,0.93073,0.93073,0.93073,0.0,0.92996
2021-03-12 01:00:00,0.92493,0.93255,0.92471,0.93073,74600.3,0.92996
2021-03-11 01:00:00,0.92997,0.93097,0.9235,0.92493,73053.69,0.92486
2021-03-10 01:00:00,0.92827,0.93235,0.92809,0.93,78342.77,0.92993
2021-03-09 01:00:00,0.93626,0.93762,0.92764,0.92827,87449.2,0.92822
2021-03-08 01:00:00,0.93021,0.93704,0.92986,0.93626,83395.54,0.93619
2021-03-07 01:00:00,0.92996,0.93155,0.92954,0.9302,4413.8,0.93015
2021-03-06 01:00:00,0.93085,0.93085,0.93085,0.93085,0.0,0.93057
2021-03-05 01:00:00,0.92938,0.93196,0.92581,0.93085,100563.43,0.93057
2021-03-04 01:00:00,0.92014,0.92985,0.91898,0.92939,107504.84,0.92932
2021-03-03 01:00:00,0.91519,0.92016,0.91409,0.92012,81848.49,0.92008
2021-03-02 01:00:00,0.91507,0.91943,0.91368,0.9152,80758.26,0.91515
2021-03-01 01:00:00,0.90743,0.916,0.90713,0.91507,90396.97,0.91502
2021-02-28 01:00:00,0.90951,0.90953,0.90741,0.90742,3057.86,0.90736
2021-02-27 01:00:00,0.90891,0.90891,0.90891,0.90891,0.0,0.90858
2021-02-26 01:00:00,0.90579,0.91024,0.90273,0.90891,116362.05,0.90858
2021-02-25 01:00:00,0.90682,0.90822,0.90285,0.9058,115766.61,0.90575
2021-02-24 01:00:00,0.90543,0.90952,0.90489,0.90683,91345.02,0.90676
2021-02-23 01:00:00,0.89589,0.90582,0.89494,0.90543,66194.67,0.90538
2021-02-22 01:00:00,0.89694,0.90243,0.89488,0.89589,66600.67,0.89584
2021-02-21 01:00:00,0.89715,0.89753,0.89606,0.89694,6480.04,0.89688
2021-02-20 01:00:00,0.89671,0.89671,0.89671,0.89671,0.0,0.89642
2021-02-19 01:00:00,0.89611,0.8973,0.89342,0.89671,53993.12,0.89642
2021-02-18 01:00:00,0.89864,0.89961,0.89575,0.89609,59931.93,0.89606
2021-02-17 01:00:00,0.89365,0.89942,0.89276,0.89864,70506.91,0.89859
2021-02-16 01:00:00,0.89,0.89409,0.88719,0.89367,59626.54,0.89362
2021-02-15 01:00:00,0.89201,0.89256,0.88981,0.89,40916.96,0.88995
2021-02-14 01:00:00,0.89259,0.89299,0.8915,0.89201,2510.46,0.89196
2021-02-13 01:00:00,0.89258,0.89258,0.89258,0.89258,0.0,0.8918
2021-02-12 01:00:00,0.89018,0.89404,0.89001,0.89258,44659.95,0.8918
2021-02-11 01:00:00,0.89032,0.89109,0.88927,0.89018,44506.83,0.89012
2021-02-10 01:00:00,0.89264,0.8932,0.8891,0.89034,64205.69,0.89029
2021-02-09 01:00:00,0.89875,0.89887,0.892,0.89266,65857.5,0.8926
2021-02-08 01:00:00,0.89916,0.90202,0.89827,0.89875,54201.35,0.89869
2021-02-07 01:00:00,0.89988,0.90017,0.89879,0.89918,3411.87,0.8991
2021-02-06 01:00:00,0.89949,0.89949,0.89949,0.89949,0.0,0.89895
2021-02-05 01:00:00,0.90411,0.90464,0.89888,0.89949,61628.86,0.89895
2021-02-04 01:00:00,0.8985,0.90456,0.89847,0.9041,60108.6,0.90406
2021-02-03 01:00:00,0.89803,0.90031,0.89709,0.8985,57690.86,0.89846
2021-02-02 01:00:00,0.89661,0.89959,0.89475,0.89804,71883.83,0.89798
2021-02-01 01:00:00,0.89157,0.89752,0.89065,0.8966,66664.52,0.89656
2021-01-31 01:00:00,0.89105,0.892,0.89031,0.89157,4445.15,0.89152
2021-01-30 01:00:00,0.8915,0.8915,0.8915,0.8915,0.0,0.89076
2021-01-29 01:00:00,0.88867,0.8915,0.88749,0.8915,78579.28,0.89076
2021-01-28 01:00:00,0.88935,0.89192,0.88701,0.88865,79852.2,0.8886
2021-01-27 01:00:00,0.88669,0.8918,0.88621,0.88935,77786.42,0.88928
2021-01-26 01:00:00,0.88815,0.88965,0.88611,0.88671,53573.33,0.88666
2021-01-25 01:00:00,0.88564,0.88934,0.88484,0.88815,58168.47,0.88809
2021-01-24 01:00:00,0.8863,0.8867,0.88524,0.88568,2328.47,0.88563
2021-01-23 01:00:00,0.88593,0.88593,0.88593,0.88593,0.0,0.88549
2021-01-22 01:00:00,0.88546,0.88669,0.88389,0.88593,51269.94,0.88549
2021-01-21 01:00:00,0.88945,0.89002,0.88481,0.88546,58764.9,0.88541
2021-01-20 01:00:00,0.88814,0.89209,0.88676,0.88945,61571.64,0.8894
2021-01-19 01:00:00,0.89099,0.89173,0.88646,0.88814,56338.32,0.88809
2021-01-18 01:00:00,0.89258,0.89258,0.88987,0.89099,52935.26,0.89094
2021-01-17 01:00:00,0.89105,0.89266,0.89063,0.89259,2350.25,0.89254
2021-01-16 01:00:00,0.89148,0.89148,0.89148,0.89148,0.0,0.89092
2021-01-15 01:00:00,0.88846,0.89155,0.88698,0.89148,63068.42,0.89092
2021-01-14 01:00:00,0.88716,0.89179,0.88564,0.88846,72975.97,0.8884
2021-01-13 01:00:00,0.8862,0.889,0.885,0.88722,63311.39,0.88716
2021-01-12 01:00:00,0.88975,0.89168,0.88612,0.88619,68216.03,0.88614
2021-01-11 01:00:00,0.88766,0.8921,0.88692,0.88975,75489.49,0.88969
2021-01-10 01:00:00,0.88608,0.88794,0.8855,0.88766,3585.68,0.8876
2021-01-09 01:00:00,0.88583,0.88583,0.88583,0.88583,0.0,0.88539
2021-01-08 01:00:00,0.88528,0.88851,0.8823,0.88583,93423.68,0.88539
2021-01-07 01:00:00,0.87816,0.88613,0.87752,0.88528,78549.97,0.88522
2021-01-06 01:00:00,0.87826,0.8822,0.87579,0.87818,87665.14,0.87814
2021-01-05 01:00:00,0.88134,0.88171,0.87764,0.87829,63007.37,0.87824
2021-01-04 01:00:00,0.88321,0.88463,0.87853,0.88134,70832.76,0.88128
2021-01-03 01:00:00,0.88387,0.88508,0.88302,0.88323,2890.86,0.88318
2021-01-02 01:00:00,0.88552,0.88552,0.88552,0.88552,0.0,0.8851
2021-01-01 01:00:00,0.88552,0.88552,0.88552,0.88552,0.0,0.8851
2020-12-31 01:00:00,0.8817,0.88593,0.87944,0.88552,59529.29,0.8851
2020-12-30 01:00:00,0.88422,0.8855,0.88122,0.88173,64945.83,0.88168
2020-12-29 01:00:00,0.88844,0.88849,0.8831,0.88423,56999.32,0.88417
2020-12-28 01:00:00,0.88961,0.89196,0.88768,0.88843,57052.53,0.88837
2020-12-27 01:00:00,0.8899,0.89103,0.88952,0.88964,1939.87,0.88959
2020-12-26 01:00:00,0.8913,0.8913,0.8913,0.8913,0.0,0.89003
2020-12-25 01:00:00,0.89179,0.89203,0.88928,0.8913,1785.79,0.89003
2020-12-24 01:00:00,0.88788,0.89208,0.88693,0.89179,46519.77,0.89104
2020-12-23 01:00:00,0.88787,0.89119,0.88684,0.88789,73662.67,0.88782
2020-12-22 01:00:00,0.88566,0.89054,0.88461,0.88787,68431.45,0.88782
2020-12-21 01:00:00,0.88587,0.89198,0.88426,0.88566,98467.56,0.88561
2020-12-20 01:00:00,0.88536,0.88656,0.88446,0.88587,2073.36,0.88581
2020-12-19 01:00:00,0.88343,0.88343,0.88343,0.88343,0.0,0.88289
2020-12-18 01:00:00,0.88485,0.88687,0.88259,0.88343,58644.38,0.88289
2020-12-17 01:00:00,0.88551,0.88585,0.8823,0.88485,59717.69,0.8848
2020-12-16 01:00:00,0.88564,0.88926,0.88266,0.88552,70226.35,0.88544
2020-12-15 01:00:00,0.88682,0.88811,0.88508,0.88564,61349.28,0.88558
2020-12-14 01:00:00,0.88863,0.88962,0.88508,0.88683,55319.42,0.88676
2020-12-13 01:00:00,0.88906,0.88925,0.88813,0.88864,1808.89,0.88857
2020-12-12 01:00:00,0.89098,0.89098,0.89098,0.89098,0.0,0.89022
2020-12-11 01:00:00,0.88603,0.89102,0.88517,0.89098,54757.09,0.89022
2020-12-10 01:00:00,0.88954,0.89022,0.88525,0.88604,68094.95,0.88598
2020-12-09 01:00:00,0.88879,0.89151,0.88716,0.88955,53979.58,0.8895
2020-12-08 01:00:00,0.89094,0.89147,0.88821,0.88878,54501.45,0.88874
2020-12-07 01:00:00,0.89196,0.89473,0.88759,0.89091,62039.09,0.89086
2020-12-06 01:00:00,0.89209,0.89271,0.89118,0.89196,3755.68,0.8919
2020-12-05 01:00:00,0.8924,0.8924,0.8924,0.8924,0.0,0.89204
2020-12-04 01:00:00,0.89095,0.89261,0.88863,0.8924,64445.24,0.89204
2020-12-03 01:00:00,0.8947,0.89544,0.88921,0.89096,59916.96,0.89091
2020-12-02 01:00:00,0.89964,0.90141,0.89441,0.8947,69338.29,0.89466
2020-12-01 01:00:00,0.90829,0.90844,0.89946,0.89964,68083.22,0.89958
2020-11-30 01:00:00,0.90424,0.90955,0.90198,0.9083,68383.58,0.90825
2020-11-29 01:00:00,0.90481,0.90482,0.9041,0.90424,1562.69,0.90419
2020-11-28 01:00:00,0.90505,0.90505,0.90505,0.90505,0.0,0.90447
2020-11-27 01:00:00,0.90662,0.90834,0.9041,0.90505,55649.07,0.90447
2020-11-26 01:00:00,0.90824,0.90939,0.90609,0.90661,52209.89,0.90655
2020-11-25 01:00:00,0.911,0.91395,0.90784,0.90829,80664.52,0.90824
2020-11-24 01:00:00,0.9125,0.91369,0.90983,0.911,68987.81,0.91096
2020-11-23 01:00:00,0.9107,0.91486,0.90767,0.91255,66250.96,0.91249
2020-11-22 01:00:00,0.91199,0.91203,0.91066,0.9107,2935.45,0.91066
2020-11-21 01:00:00,0.91168,0.91168,0.91168,0.91168,0.0,0.91111
2020-11-20 01:00:00,0.91115,0.91239,0.90922,0.91168,57459.97,0.91111
2020-11-19 01:00:00,0.91193,0.91401,0.91002,0.91115,68866.38,0.91111
2020-11-18 01:00:00,0.91137,0.91232,0.90926,0.91193,63043.31,0.91188
2020-11-17 01:00:00,0.91244,0.9129,0.90886,0.9114,56527.75,0.91135
2020-11-16 01:00:00,0.91219,0.91521,0.90981,0.91244,70306.45,0.91239
2020-11-15 01:00:00,0.91298,0.91352,0.91206,0.91222,2027.46,0.91216
2020-11-14 01:00:00,0.91298,0.91298,0.91298,0.91298,0.0,0.91265
2020-11-13 01:00:00,0.91493,0.91595,0.91262,0.91298,48336.84,0.91265
2020-11-12 01:00:00,0.91673,0.91712,0.9132,0.91491,63030.6,0.91486
2020-11-11 01:00:00,0.9151,0.91925,0.91389,0.91673,63392.52,0.91669
2020-11-10 01:00:00,0.91283,0.91757,0.91159,0.9151,106077.41,0.91506
2020-11-09 01:00:00,0.89935,0.91461,0.89844,0.91281,118422.89,0.91278
2020-11-08 01:00:00,0.89969,0.90099,0.89882,0.89937,5460.8,0.89932
2020-11-07 01:00:00,0.90045,0.90045,0.90045,0.90045,0.0,0.89988
2020-11-06 01:00:00,0.90444,0.90573,0.8983,0.90045,103851.1,0.89988
2020-11-05 01:00:00,0.91173,0.91267,0.90301,0.90445,94696.42,0.90439
2020-11-04 01:00:00,0.91072,0.91974,0.90906,0.91172,143866.33,0.91166
2020-11-03 01:00:00,0.91891,0.91924,0.91067,0.91073,50983.67,0.91068
2020-11-02 01:00:00,0.9173,0.92082,0.91668,0.91891,57034.25,0.91886
2020-11-01 01:00:00,0.91768,0.91768,0.91635,0.91727,1775.21,0.91722
2020-10-31 01:00:00,0.91725,0.91725,0.91725,0.91725,0.0,0.91704
2020-10-30 01:00:00,0.91539,0.91734,0.91388,0.91725,77024.44,0.91704
2020-10-29 01:00:00,0.91079,0.91734,0.90895,0.91539,77761.63,0.91535
2020-10-28 01:00:00,0.909,0.91281,0.90855,0.9108,73288.95,0.91075
2020-10-27 01:00:00,0.9081,0.91,0.90621,0.909,53557.61,0.90895
2020-10-26 01:00:00,0.90471,0.90831,0.90434,0.9081,59670.18,0.90806
2020-10-25 02:00:00,0.90585,0.90624,0.90428,0.90468,4243.18,0.90463
2020-10-24 02:00:00,0.90464,0.90464,0.90464,0.90464,0.0,0.90441
2020-10-23 02:00:00,0.90771,0.90929,0.90348,0.90464,52498.44,0.90441
2020-10-22 02:00:00,0.90605,0.9081,0.90544,0.90771,60400.87,0.90767
2020-10-21 02:00:00,0.90689,0.90693,0.90312,0.90602,70332.35,0.90597
2020-10-20 02:00:00,0.91065,0.91104,0.90559,0.90685,55576.24,0.90681
2020-10-19 02:00:00,0.91521,0.9166,0.90907,0.91065,52848.06,0.9106
2020-10-18 02:00:00,0.91568,0.91577,0.91483,0.9152,1719.52,0.91515
2020-10-17 02:00:00,0.91564,0.91564,0.91564,0.91564,0.0,0.91496
2020-10-16 02:00:00,0.91474,0.91629,0.91236,0.91564,60863.36,0.91496
2020-10-15 02:00:00,0.91343,0.91563,0.91272,0.91474,61977.27,0.91468
2020-10-14 02:00:00,0.91522,0.91632,0.91138,0.91347,51052.39,0.91342
2020-10-13 02:00:00,0.90917,0.91555,0.90904,0.91518,51264.95,0.91514
2020-10-12 02:00:00,0.91058,0.91241,0.9088,0.90916,45313.96,0.90911
2020-10-11 02:00:00,0.91125,0.91128,0.91011,0.91058,2209.18,0.91052
2020-10-10 02:00:00,0.91077,0.91077,0.91077,0.91077,0.0,0.91006
2020-10-09 02:00:00,0.917,0.9173,0.9094,0.91077,45662.82,0.91006
2020-10-08 02:00:00,0.91711,0.91983,0.91577,0.91701,47148.03,0.91696
2020-10-07 02:00:00,0.91762,0.91851,0.91601,0.9171,54225.85,0.91705
2020-10-06 02:00:00,0.91521,0.91856,0.91336,0.9176,65322.59,0.91754
2020-10-05 02:00:00,0.91812,0.91875,0.91455,0.91519,55101.07,0.91514
2020-10-04 02:00:00,0.91986,0.92023,0.91627,0.9181,6495.34,0.91804
2020-10-03 02:00:00,0.92093,0.92093,0.92093,0.92093,0.0,0.92042
2020-10-02 02:00:00,0.91901,0.92192,0.91814,0.92093,86602.3,0.92042
2020-10-01 02:00:00,0.92099,0.92151,0.9165,0.91901,86039.8,0.91896
2020-09-30 02:00:00,0.91951,0.92453,0.91632,0.92099,99737.83,0.92092
2020-09-29 02:00:00,0.92393,0.92479,0.9191,0.91952,65463.84,0.91948
2020-09-28 02:00:00,0.92842,0.92962,0.92376,0.92392,75123.71,0.92386
2020-09-27 02:00:00,0.92978,0.92978,0.92808,0.92841,2786.36,0.92836
2020-09-26 02:00:00,0.92933,0.92933,0.92933,0.92933,0.0,0.92852
2020-09-25 02:00:00,0.92683,0.92969,0.92511,0.92933,74914.87,0.92852
2020-09-24 02:00:00,0.92421,0.92808,0.92165,0.92683,108913.58,0.92679
2020-09-23 02:00:00,0.92016,0.92459,0.91903,0.92421,101741.05,0.92416
2020-09-22 02:00:00,0.91542,0.92081,0.91372,0.92015,97234.82,0.92012
2020-09-21 02:00:00,0.91117,0.91718,0.90875,0.91541,82846.05,0.91536
2020-09-20 02:00:00,0.91181,0.91182,0.91037,0.91117,2924.42,0.91112
2020-09-19 02:00:00,0.91176,0.91176,0.91176,0.91176,0.0,0.91156
2020-09-18 02:00:00,0.90836,0.91185,0.90754,0.91176,69807.84,0.91156
2020-09-17 02:00:00,0.9106,0.91401,0.90805,0.90836,97718.5,0.90832
2020-09-16 02:00:00,0.9087,0.91114,0.90553,0.9106,104441.9,0.91056
2020-09-15 02:00:00,0.90851,0.90895,0.90517,0.9087,68714.02,0.90866
2020-09-14 02:00:00,0.90899,0.90991,0.90587,0.90848,60845.14,0.90844
2020-09-13 02:00:00,0.91036,0.91036,0.90869,0.909,1792.16,0.90896
2020-09-12 02:00:00,0.90897,0.90897,0.90897,0.90897,0.0,0.90882
2020-09-11 02:00:00,0.91032,0.91066,0.908,0.90897,64458.14,0.90882
2020-09-10 02:00:00,0.9123,0.91232,0.90493,0.91034,101940.68,0.9103
2020-09-09 02:00:00,0.91815,0.91911,0.91192,0.91227,74678.41,0.91223
2020-09-08 02:00:00,0.91651,0.92011,0.91567,0.91815,104366.16,0.91811
2020-09-07 02:00:00,0.91359,0.91748,0.91212,0.91653,48566.99,0.91648
2020-09-06 02:00:00,0.91416,0.91448,0.91319,0.91359,1682.69,0.91354
2020-09-05 02:00:00,0.91365,0.91365,0.91365,0.91365,0.0,0.91343
2020-09-04 02:00:00,0.9101,0.9164,0.9091,0.91365,89416.76,0.91343
2020-09-03 02:00:00,0.91143,0.9143,0.90832,0.91011,102334.4,0.91007
2020-09-02 02:00:00,0.90949,0.91372,0.90936,0.91144,103134.7,0.91138
2020-09-01 02:00:00,0.90412,0.91014,0.89997,0.90948,121085.74,0.90944
2020-08-31 02:00:00,0.90373,0.90538,0.89992,0.90414,350533.51,0.90409
2020-08-30 02:00:00,0.90508,0.90662,0.90337,0.90371,4692.02,0.90366
2020-08-29 02:00:00,0.90441,0.90441,0.90441,0.90441,0.0,0.90422
2020-08-28 02:00:00,0.9093,0.91003,0.90246,0.90441,103629.66,0.90422
2020-08-27 02:00:00,0.90756,0.91243,0.90366,0.90927,145807.58,0.90922
2020-08-26 02:00:00,0.90816,0.91212,0.90728,0.90756,79167.38,0.90752
2020-08-25 02:00:00,0.912,0.91269,0.90745,0.90815,78839.42,0.9081
2020-08-24 02:00:00,0.91206,0.91286,0.9075,0.91201,77065.46,0.91197
2020-08-23 02:00:00,0.9126,0.91349,0.91078,0.91206,2710.82,0.91202
2020-08-22 02:00:00,0.91171,0.91171,0.91171,0.91171,0.0,0.91159
2020-08-21 02:00:00,0.90708,0.91404,0.90616,0.91171,73698.06,0.91159
2020-08-20 02:00:00,0.91484,0.91624,0.90702,0.90711,121353.35,0.90706
2020-08-19 02:00:00,0.90284,0.91566,0.90195,0.91486,106924.87,0.9148
2020-08-18 02:00:00,0.90666,0.90678,0.90103,0.90285,111150.8,0.9028
2020-08-17 02:00:00,0.90885,0.90974,0.90517,0.90664,62099.56,0.90658
2020-08-16 02:00:00,0.90968,0.90972,0.90873,0.90884,1809.14,0.90879
2020-08-15 02:00:00,0.90925,0.90925,0.90925,0.90925,0.0,0.90908
2020-08-14 02:00:00,0.90977,0.91234,0.90875,0.90925,224227.22,0.90908
2020-08-13 02:00:00,0.91188,0.91206,0.90825,0.90976,75831.72,0.90972
2020-08-12 02:00:00,0.91755,0.91984,0.90974,0.91188,86097.49,0.91183
2020-08-11 02:00:00,0.91569,0.91807,0.91059,0.91758,122663.56,0.91752
2020-08-10 02:00:00,0.91283,0.91848,0.91223,0.91569,79602.45,0.91564
2020-08-09 02:00:00,0.91345,0.9138,0.91228,0.91286,2723.67,0.91282
2020-08-08 02:00:00,0.91263,0.91263,0.91263,0.91263,0.0,0.91242
2020-08-07 02:00:00,0.91003,0.91586,0.90974,0.91263,86217.81,0.91242
2020-08-06 02:00:00,0.90815,0.91297,0.90661,0.91003,120034.54,0.90998
2020-08-05 02:00:00,0.91269,0.91356,0.90507,0.90813,74944.92,0.9081
2020-08-04 02:00:00,0.91774,0.9189,0.91258,0.91268,80392.54,0.91265
2020-08-03 02:00:00,0.91361,0.92424,0.9133,0.91773,102560.3,0.91768
2020-08-02 02:00:00,0.91472,0.91477,0.91286,0.91362,9792.5,0.91356
2020-08-01 02:00:00,0.91403,0.91403,0.91403,0.91403,0.0,0.91355
2020-07-31 02:00:00,0.90869,0.91493,0.90567,0.91403,114223.53,0.91355
2020-07-30 02:00:00,0.9126,0.91519,0.90812,0.90869,100554.35,0.90864
2020-07-29 02:00:00,0.91803,0.9188,0.91174,0.9126,93039.73,0.91257
2020-07-28 02:00:00,0.91966,0.92282,0.91556,0.91802,93873.53,0.91798
2020-07-27 02:00:00,0.92114,0.92308,0.91668,0.91966,98394.1,0.9196
2020-07-26 02:00:00,0.9224,0.92295,0.92093,0.92115,5731.39,0.9211
2020-07-25 02:00:00,0.92071,0.92071,0.92071,0.92071,0.0,0.92055
2020-07-24 02:00:00,0.92539,0.92612,0.9206,0.92071,140708.27,0.92055
2020-07-23 02:00:00,0.92995,0.92996,0.92458,0.92543,99775.08,0.92538
2020-07-22 02:00:00,0.93251,0.93523,0.92871,0.92995,144802.58,0.9299
2020-07-21 02:00:00,0.93892,0.93989,0.93217,0.93251,79476.25,0.93248
2020-07-20 02:00:00,0.93848,0.94107,0.93745,0.93892,88265.84,0.93888
2020-07-19 02:00:00,0.9409,0.94119,0.93818,0.93845,3338.28,0.9384
2020-07-18 02:00:00,0.9388,0.9388,0.9388,0.9388,0.0,0.93862
2020-07-17 02:00:00,0.94543,0.94591,0.93806,0.9388,49754.49,0.93862
2020-07-16 02:00:00,0.94405,0.94684,0.94298,0.94543,100389.69,0.94539
2020-07-15 02:00:00,0.93951,0.94579,0.93705,0.94404,71531.43,0.94399
2020-07-14 02:00:00,0.94187,0.94251,0.93805,0.93953,79429.98,0.93948
2020-07-13 02:00:00,0.94063,0.9438,0.93929,0.94188,69002.9,0.94184
2020-07-12 02:00:00,0.9414,0.9414,0.94026,0.94063,2768.37,0.94058
2020-07-11 02:00:00,0.94132,0.94132,0.94132,0.94132,0.0,0.94118
2020-07-10 02:00:00,0.94038,0.94318,0.93853,0.94132,61370.37,0.94118
2020-07-09 02:00:00,0.93836,0.94131,0.93625,0.94042,80926.83,0.94037
2020-07-08 02:00:00,0.94256,0.94331,0.93702,0.93836,71953.34,0.93832
2020-07-07 02:00:00,0.94192,0.94537,0.9409,0.94256,66476.26,0.94252
2020-07-06 02:00:00,0.94506,0.94506,0.93848,0.94195,68791.96,0.9419
2020-07-05 02:00:00,0.94591,0.94598,0.94488,0.94506,1825.1,0.94501
2020-07-04 02:00:00,0.94879,0.94879,0.94879,0.94879,0.0,0.94633
2020-07-03 02:00:00,0.94565,0.94879,0.94439,0.94879,64071.99,0.94633
2020-07-02 02:00:00,0.94585,0.94657,0.94271,0.94565,65985.8,0.9456
2020-07-01 02:00:00,0.94725,0.94945,0.94453,0.94585,75543.72,0.9458
2020-06-30 02:00:00,0.95113,0.9533,0.94618,0.94722,71533.26,0.94718
2020-06-29 02:00:00,0.94807,0.95254,0.94422,0.95113,60512.59,0.95108
2020-06-28 02:00:00,0.94817,0.94888,0.94765,0.94807,1904.11,0.94802
2020-06-27 02:00:00,0.9482,0.9482,0.9482,0.9482,0.0,0.94802
2020-06-26 02:00:00,0.94849,0.95003,0.9468,0.9482,57136.05,0.94802
2020-06-25 02:00:00,0.94827,0.95086,0.94763,0.94849,72288.38,0.94844
2020-06-24 02:00:00,0.94459,0.94866,0.94337,0.94827,78317.71,0.94822
2020-06-23 02:00:00,0.94696,0.94943,0.94207,0.94459,80224.14,0.94454
2020-06-22 02:00:00,0.95252,0.95254,0.94657,0.94696,62467.55,0.94691
2020-06-21 02:00:00,0.95264,0.95434,0.95148,0.95252,3283.93,0.95246
2020-06-20 02:00:00,0.95249,0.95249,0.95249,0.95249,0.0,0.95232
2020-06-19 02:00:00,0.9519,0.95312,0.94885,0.95249,68837.18,0.95232
2020-06-18 02:00:00,0.94882,0.95256,0.94829,0.95188,79081.52,0.95182
2020-06-17 02:00:00,0.95137,0.95296,0.94818,0.94882,83946.98,0.94876
2020-06-16 02:00:00,0.94924,0.95236,0.94642,0.95137,108806.91,0.95132
2020-06-15 02:00:00,0.95151,0.95472,0.94806,0.94924,98949.14,0.94918
2020-06-14 02:00:00,0.95485,0.95539,0.95136,0.95152,6960.44,0.95146
2020-06-13 02:00:00,0.95254,0.95254,0.95254,0.95254,0.0,0.9524
2020-06-12 02:00:00,0.94427,0.95538,0.94382,0.95254,104126.35,0.9524
2020-06-11 02:00:00,0.94377,0.9461,0.93765,0.94424,129719.62,0.94418
2020-06-10 02:00:00,0.95119,0.95152,0.94255,0.94377,105477.21,0.94372
2020-06-09 02:00:00,0.95774,0.95859,0.94829,0.95119,93811.91,0.95114
2020-06-08 02:00:00,0.96152,0.96399,0.95561,0.95774,88866.43,0.9577
2020-06-07 02:00:00,0.96226,0.96395,0.96128,0.96152,3559.49,0.96147
2020-06-06 02:00:00,0.96242,0.96242,0.96242,0.96242,0.0,0.96228
2020-06-05 02:00:00,0.95569,0.9651,0.95419,0.96242,121993.77,0.96228
2020-06-04 02:00:00,0.96155,0.96246,0.9544,0.9557,119893.45,0.95565
2020-06-03 02:00:00,0.96182,0.96483,0.96071,0.96152,122818.03,0.96148
2020-06-02 02:00:00,0.96124,0.96381,0.95738,0.96182,117007.36,0.96177
2020-06-01 02:00:00,0.96073,0.96257,0.95793,0.96123,102472.97,0.96118
2020-05-31 02:00:00,0.96211,0.96291,0.96051,0.96074,3999.11,0.9607
2020-05-30 02:00:00,0.96205,0.96205,0.96205,0.96205,0.0,0.96126
2020-05-29 02:00:00,0.96434,0.96508,0.96023,0.96205,117110.82,0.96126
2020-05-28 02:00:00,0.9681,0.97198,0.96309,0.96434,102331.55,0.9643
2020-05-27 02:00:00,0.96557,0.97287,0.96553,0.96808,120108.68,0.96804
2020-05-26 02:00:00,0.97146,0.97186,0.96471,0.96557,75500.84,0.96551
2020-05-25 02:00:00,0.97132,0.97367,0.97051,0.97146,50437.73,0.97141
2020-05-24 02:00:00,0.97275,0.97279,0.97128,0.97133,3485.6,0.97127
2020-05-23 02:00:00,0.97144,0.97144,0.97144,0.97144,0.0,0.9712
2020-05-22 02:00:00,0.97078,0.97339,0.96976,0.97144,63490.47,0.9712
2020-05-21 02:00:00,0.96498,0.97135,0.96498,0.97078,87720.9,0.97073
2020-05-20 02:00:00,0.97125,0.97125,0.96389,0.96498,76969.68,0.96492
2020-05-19 02:00:00,0.97183,0.97293,0.96991,0.97125,81275.57,0.9712
2020-05-18 02:00:00,0.97208,0.97614,0.96774,0.97183,94717.6,0.97178
2020-05-17 02:00:00,0.97323,0.97323,0.9714,0.97208,3349.61,0.97202
2020-05-16 02:00:00,0.97203,0.97203,0.97203,0.97203,0.0,0.97166
2020-05-15 02:00:00,0.97329,0.97451,0.96986,0.97203,86422.4,0.97166
2020-05-14 02:00:00,0.97204,0.97558,0.9714,0.97332,104716.18,0.97326
2020-05-13 02:00:00,0.97,0.97269,0.96661,0.97203,102465.93,0.97198
2020-05-12 02:00:00,0.97295,0.97506,0.96654,0.96999,86782.57,0.96994
2020-05-11 02:00:00,0.9713,0.97371,0.9701,0.97293,70353.24,0.97289
2020-05-10 02:00:00,0.97248,0.97311,0.97109,0.97128,5468.33,0.97123
2020-05-09 02:00:00,0.97155,0.97155,0.97155,0.97155,0.0,0.97094
2020-05-08 02:00:00,0.97308,0.97332,0.96817,0.97155,69934.38,0.97094
2020-05-07 02:00:00,0.97543,0.97849,0.97263,0.97309,89015.21,0.97302
2020-05-06 02:00:00,0.97269,0.97594,0.97219,0.97543,88596.56,0.97536
2020-05-05 02:00:00,0.96573,0.9736,0.96465,0.97272,85447.36,0.97264
2020-05-04 02:00:00,0.96258,0.96634,0.96258,0.96573,74984.55,0.96568
2020-05-03 02:00:00,0.96313,0.96344,0.96197,0.96258,4281.05,0.96253
2020-05-02 02:00:00,0.96174,0.96174,0.96174,0.96174,0.0,0.9614
2020-05-01 02:00:00,0.96657,0.96699,0.95892,0.96174,66485.74,0.9614
2020-04-30 02:00:00,0.974,0.97599,0.9639,0.96657,124769.66,0.9665
2020-04-29 02:00:00,0.97384,0.97683,0.9713,0.974,88633.43,0.97394
2020-04-28 02:00:00,0.97596,0.98005,0.97211,0.97384,95658.0,0.9738
2020-04-27 02:00:00,0.9737,0.97674,0.97129,0.97597,94563.3,0.97592
2020-04-26 02:00:00,0.97324,0.97405,0.97298,0.9737,2848.93,0.97362
2020-04-25 02:00:00,0.97367,0.97367,0.97367,0.97367,0.0,0.9731
2020-04-24 02:00:00,0.97645,0.98032,0.97273,0.97367,98946.44,0.9731
2020-04-23 02:00:00,0.97293,0.97731,0.97057,0.97644,123869.21,0.97636
2020-04-22 02:00:00,0.96984,0.97324,0.96689,0.97294,87077.04,0.9729
2020-04-21 02:00:00,0.96818,0.97284,0.96707,0.96984,112459.04,0.9698
2020-04-20 02:00:00,0.96822,0.97009,0.9656,0.96817,98215.02,0.96808
2020-04-19 02:00:00,0.96856,0.96883,0.96707,0.96822,6990.62,0.96813
2020-04-18 02:00:00,0.96731,0.96731,0.96731,0.96731,0.0,0.96682
2020-04-17 02:00:00,0.96922,0.97244,0.96569,0.96731,113664.77,0.96682
2020-04-16 02:00:00,0.96531,0.97161,0.96472,0.96923,139274.44,0.96916
2020-04-15 02:00:00,0.96018,0.97009,0.95995,0.96528,112105.36,0.9652
2020-04-14 02:00:00,0.96689,0.96713,0.95969,0.96018,114546.59,0.9601
2020-04-13 02:00:00,0.96603,0.96877,0.96308,0.96689,81576.6,0.9668
2020-04-12 02:00:00,0.96542,0.96703,0.96542,0.96603,4176.64,0.96596
2020-04-11 02:00:00,0.96722,0.96722,0.96722,0.96722,0.0,0.96606
2020-04-10 02:00:00,0.9673,0.96817,0.96426,0.96722,96352.44,0.96606
2020-04-09 02:00:00,0.97207,0.97345,0.96486,0.9673,152642.68,0.96711
2020-04-08 02:00:00,0.96942,0.97445,0.96902,0.97207,117328.39,0.97196
2020-04-07 02:00:00,0.97843,0.97891,0.9686,0.96941,148127.8,0.96932
2020-04-06 02:00:00,0.97744,0.9798,0.97612,0.97843,151141.49,0.97834
2020-04-05 02:00:00,0.97743,0.97898,0.97618,0.97743,7252.85,0.97732
2020-04-04 02:00:00,0.97909,0.97909,0.97909,0.97909,0.0,0.9773
2020-04-03 02:00:00,0.97458,0.97962,0.97322,0.97909,142609.3,0.9773
2020-04-02 02:00:00,0.96656,0.9751,0.96585,0.97458,165006.35,0.97446
2020-04-01 02:00:00,0.96174,0.9692,0.96039,0.96655,173682.98,0.96644
2020-03-31 02:00:00,0.96017,0.96865,0.95936,0.96174,227127.03,0.96162
2020-03-30 02:00:00,0.95074,0.96119,0.9507,0.96018,182907.89,0.96004
2020-03-29 01:00:00,0.95491,0.95491,0.95039,0.9507,7772.54,0.95059
2020-03-28 01:00:00,0.95344,0.95344,0.95344,0.95344,0.0,0.95174
2020-03-27 01:00:00,0.96183,0.9656,0.95069,0.95344,261768.61,0.95174
2020-03-26 01:00:00,0.97641,0.97738,0.96044,0.96183,278386.9,0.96174
2020-03-25 01:00:00,0.98062,0.98358,0.97563,0.9764,269456.75,0.97628
2020-03-24 01:00:00,0.98205,0.98465,0.97196,0.98063,323939.55,0.98052
2020-03-23 01:00:00,0.98548,0.98886,0.97906,0.98204,382887.19,0.9819
2020-03-22 01:00:00,0.98634,0.99045,0.98454,0.98548,20683.4,0.98534
2020-03-21 01:00:00,0.98632,0.98632,0.98632,0.98632,0.0,0.98578
2020-03-20 01:00:00,0.98891,0.99024,0.97452,0.98632,403329.7,0.98578
2020-03-19 01:00:00,0.96787,0.98901,0.96504,0.98889,360809.16,0.98876
2020-03-18 01:00:00,0.95991,0.97511,0.95677,0.96785,339762.4,0.96772
2020-03-17 01:00:00,0.94753,0.96494,0.94748,0.95991,336010.78,0.9598
2020-03-16 01:00:00,0.94672,0.95275,0.93926,0.94754,388911.14,0.94744
2020-03-15 01:00:00,0.95271,0.95301,0.94452,0.94672,47483.49,0.94654
2020-03-14 01:00:00,0.95318,0.95318,0.95318,0.95318,0.0,0.95164
2020-03-13 01:00:00,0.94449,0.95702,0.94236,0.95318,290616.65,0.95164
2020-03-12 01:00:00,0.93914,0.9553,0.93223,0.9445,269320.44,0.94442
2020-03-11 01:00:00,0.937,0.94039,0.93255,0.9391,185801.32,0.93903
2020-03-10 01:00:00,0.92854,0.9421,0.92682,0.93701,241404.69,0.93694
2020-03-09 01:00:00,0.92745,0.93209,0.91842,0.92851,228037.19,0.92842
2020-03-08 01:00:00,0.93303,0.93492,0.92675,0.92744,13847.88,0.92736
2020-03-07 01:00:00,0.9382,0.9382,0.9382,0.9382,0.0,0.93759
2020-03-06 01:00:00,0.94598,0.94675,0.93188,0.9382,218026.35,0.93759
2020-03-05 01:00:00,0.95668,0.95722,0.94473,0.94597,120480.86,0.94592
2020-03-04 01:00:00,0.95585,0.95977,0.95331,0.95677,102221.0,0.9567
2020-03-03 01:00:00,0.95847,0.95977,0.95163,0.95587,176635.09,0.9558
2020-03-02 01:00:00,0.96403,0.9656,0.95441,0.95846,164281.71,0.95838
2020-03-01 01:00:00,0.96353,0.96556,0.96206,0.96405,6207.5,0.96398
2020-02-29 01:00:00,0.96563,0.96563,0.96563,0.96563,0.0,0.965
2020-02-28 01:00:00,0.96892,0.96964,0.96105,0.96563,182947.94,0.965
2020-02-27 01:00:00,0.97656,0.97661,0.96755,0.9689,135567.23,0.96884
2020-02-26 01:00:00,0.97623,0.97794,0.97292,0.97656,131381.9,0.97649
2020-02-25 01:00:00,0.97998,0.98055,0.97513,0.9762,124089.64,0.97614
2020-02-24 01:00:00,0.97896,0.98165,0.97653,0.98002,119528.14,0.97995
2020-02-23 01:00:00,0.98101,0.98108,0.9784,0.97901,6401.56,0.97894
2020-02-22 01:00:00,0.97867,0.97867,0.97867,0.97867,0.0,0.9784
2020-02-21 01:00:00,0.98388,0.98411,0.97715,0.97867,78420.12,0.9784
2020-02-20 01:00:00,0.98375,0.98491,0.98159,0.98389,72037.66,0.98383
2020-02-19 01:00:00,0.98328,0.98453,0.98266,0.98374,65387.78,0.98368
2020-02-18 01:00:00,0.98081,0.98398,0.97972,0.98328,72285.16,0.98322
2020-02-17 01:00:00,0.9818,0.98276,0.98062,0.98083,41763.62,0.98077
2020-02-16 01:00:00,0.98231,0.98233,0.98162,0.9818,2343.51,0.98174
2020-02-15 01:00:00,0.98233,0.98233,0.98233,0.98233,0.0,0.98219
2020-02-14 01:00:00,0.97915,0.98234,0.97913,0.98233,126674.3,0.98219
2020-02-13 01:00:00,0.97777,0.97973,0.97613,0.97913,262088.33,0.97906
2020-02-12 01:00:00,0.97587,0.9788,0.97416,0.97776,215338.97,0.9777
2020-02-11 01:00:00,0.97749,0.97896,0.97518,0.97583,70956.96,0.97576
2020-02-10 01:00:00,0.97672,0.97843,0.97645,0.97749,88536.06,0.97742
2020-02-09 01:00:00,0.97792,0.97798,0.97639,0.9767,7539.16,0.97664
2020-02-08 01:00:00,0.97811,0.97811,0.97811,0.97811,0.0,0.97776
2020-02-07 01:00:00,0.97474,0.97818,0.97402,0.97811,90073.21,0.97776
2020-02-06 01:00:00,0.97352,0.9757,0.97314,0.97477,73924.02,0.9747
2020-02-05 01:00:00,0.96939,0.97482,0.96784,0.97352,80988.86,0.97346
2020-02-04 01:00:00,0.96593,0.97048,0.96573,0.96939,72513.45,0.96932
2020-02-03 01:00:00,0.96351,0.9673,0.96307,0.96592,92057.62,0.96586
2020-02-02 01:00:00,0.96417,0.96463,0.96302,0.96349,5665.25,0.96343
2020-02-01 01:00:00,0.96414,0.96414,0.96414,0.96414,0.0,0.96342
2020-01-31 01:00:00,0.96955,0.97135,0.96297,0.96414,87054.18,0.96342
2020-01-30 01:00:00,0.97331,0.97341,0.96802,0.96957,82189.18,0.96951
2020-01-29 01:00:00,0.97301,0.97672,0.97271,0.97331,61067.41,0.97324
2020-01-28 01:00:00,0.96994,0.9742,0.9679,0.97302,54804.81,0.97294
2020-01-27 01:00:00,0.9702,0.97198,0.96824,0.96996,67305.85,0.96991
2020-01-26 01:00:00,0.97093,0.97118,0.96923,0.9702,11371.29,0.97012
2020-01-25 01:00:00,0.97157,0.97157,0.97157,0.97157,0.0,0.9713
2020-01-24 01:00:00,0.96967,0.97185,0.96922,0.97157,57295.72,0.9713
2020-01-23 01:00:00,0.96749,0.97042,0.96693,0.96969,72490.39,0.96962
2020-01-22 01:00:00,0.96893,0.97297,0.96743,0.96748,62406.33,0.96742
2020-01-21 01:00:00,0.9685,0.96905,0.96618,0.96891,58582.09,0.96886
2020-01-20 01:00:00,0.96827,0.96999,0.96768,0.9685,43568.46,0.96843
2020-01-19 01:00:00,0.96807,0.96839,0.96782,0.96827,5656.87,0.9682
2020-01-18 01:00:00,0.96824,0.96824,0.96824,0.96824,0.0,0.96784
2020-01-17 01:00:00,0.96506,0.96961,0.9646,0.96824,62894.87,0.96784
2020-01-16 01:00:00,0.96384,0.96543,0.96136,0.96506,58589.49,0.96501
2020-01-15 01:00:00,0.96722,0.96807,0.9631,0.96383,64154.66,0.96376
2020-01-14 01:00:00,0.97101,0.9714,0.9666,0.96722,71497.61,0.96716
2020-01-13 01:00:00,0.97328,0.97367,0.96947,0.97103,54389.56,0.97096
2020-01-12 01:00:00,0.9743,0.9743,0.97221,0.97328,1860.5,0.97322
2020-01-11 01:00:00,0.97299,0.97299,0.97299,0.97299,0.0,0.97266
2020-01-10 01:00:00,0.97325,0.97627,0.97206,0.97299,58087.66,0.97266
2020-01-09 01:00:00,0.97338,0.97487,0.97119,0.97325,76091.78,0.9732
2020-01-08 01:00:00,0.96887,0.97404,0.9666,0.97338,124299.36,0.97332
2020-01-07 01:00:00,0.96864,0.97302,0.96841,0.96885,81406.09,0.96878
2020-01-06 01:00:00,0.97162,0.97175,0.96771,0.96864,76777.53,0.96858
2020-01-05 01:00:00,0.97153,0.97166,0.97062,0.97163,4245.93,0.97158
2020-01-04 01:00:00,0.973,0.973,0.973,0.973,0.0,0.97261
2020-01-03 01:00:00,0.97152,0.97441,0.96888,0.973,83294.06,0.97261
2020-01-02 01:00:00,0.96784,0.97334,0.96777,0.97155,87272.19,0.97148
2020-01-01 01:00:00,0.96765,0.97049,0.96585,0.96784,1093.02,0.96778
2019-12-31 01:00:00,0.96879,0.96981,0.96468,0.96798,57899.59,0.96752
2019-12-30 01:00:00,0.97395,0.97415,0.96745,0.96878,62544.63,0.9687
2019-12-29 01:00:00,0.97524,0.97828,0.97361,0.97394,2090.04,0.97387
2019-12-28 01:00:00,0.97544,0.97544,0.97544,0.97544,0.0,0.97477
2019-12-27 01:00:00,0.98157,0.98162,0.97305,0.97544,55715.09,0.97477
2019-12-26 01:00:00,0.9798,0.98203,0.97979,0.98157,21555.09,0.9815
2019-12-25 01:00:00,0.98063,0.98261,0.97968,0.97981,2956.18,0.97974
2019-12-24 01:00:00,0.98159,0.98321,0.97962,0.98067,39521.84,0.98034
2019-12-23 01:00:00,0.98234,0.98295,0.98015,0.98159,49065.52,0.98153
2019-12-22 01:00:00,0.98417,0.98423,0.98232,0.98232,1718.97,0.98226
2019-12-21 01:00:00,0.98364,0.98364,0.98364,0.98364,0.0,0.98307
2019-12-20 01:00:00,0.97842,0.98364,0.97822,0.98364,52738.63,0.98307
2019-12-19 01:00:00,0.98019,0.98126,0.97711,0.97841,67008.5,0.97835
2019-12-18 01:00:00,0.98002,0.98215,0.97958,0.9802,64300.73,0.98014
2019-12-17 01:00:00,0.98335,0.98443,0.97962,0.98001,65507.62,0.97994
2019-12-16 01:00:00,0.984,0.98474,0.98205,0.98336,58690.36,0.9833
2019-12-15 01:00:00,0.98375,0.98418,0.98343,0.984,4708.22,0.98395
2019-12-14 01:00:00,0.9847,0.9847,0.9847,0.9847,0.0,0.98412
2019-12-13 01:00:00,0.98514,0.98633,0.98064,0.9847,108991.8,0.98412
2019-12-12 01:00:00,0.98259,0.98767,0.9809,0.98513,100013.31,0.98509
2019-12-11 01:00:00,0.98463,0.98641,0.98149,0.98259,70763.91,0.98253
2019-12-10 01:00:00,0.98797,0.98832,0.98342,0.98463,69228.26,0.98458
2019-12-09 01:00:00,0.9907,0.99109,0.98756,0.98797,47682.63,0.98791
2019-12-08 01:00:00,0.99148,0.99193,0.99016,0.99071,4725.07,0.99066
2019-12-07 01:00:00,0.99105,0.99105,0.99105,0.99105,0.0,0.99056
2019-12-06 01:00:00,0.98731,0.99182,0.98652,0.99105,61600.4,0.99056
2019-12-05 01:00:00,0.98837,0.98959,0.98688,0.98731,64143.51,0.98726
2019-12-04 01:00:00,0.98743,0.99003,0.98558,0.98837,81127.77,0.98831
2019-12-03 01:00:00,0.99157,0.99269,0.98576,0.98743,75698.47,0.98738
2019-12-02 01:00:00,1.00027,1.00094,0.9912,0.99157,60889.73,0.99151
2019-12-01 01:00:00,1.00019,1.00047,0.99997,1.00026,1833.59,1.0002
2019-11-30 01:00:00,1.00051,1.00051,1.00051,1.00051,0.0,1.00003
2019-11-29 01:00:00,0.99859,1.0024,0.99828,1.00051,62302.16,1.00003
2019-11-28 01:00:00,0.99868,0.99964,0.99817,0.9986,36291.03,0.99854
2019-11-27 01:00:00,0.9977,1.00009,0.99748,0.99869,65538.57,0.99864
2019-11-26 01:00:00,0.99689,0.99871,0.99629,0.9977,60017.35,0.99764
2019-11-25 01:00:00,0.99776,0.9986,0.99605,0.99685,57921.47,0.99681
2019-11-24 01:00:00,0.99795,0.99831,0.99779,0.99779,1125.27,0.99774
2019-11-23 01:00:00,0.99817,0.99817,0.99817,0.99817,0.0,0.99747
2019-11-22 01:00:00,0.99288,0.99817,0.99284,0.99817,68533.26,0.99747
2019-11-21 01:00:00,0.9905,0.99354,0.98912,0.99286,76463.48,0.9928
2019-11-20 01:00:00,0.9905,0.99375,0.98993,0.99051,83362.15,0.99046
2019-11-19 01:00:00,0.9894,0.99193,0.98912,0.9905,60786.52,0.99044
2019-11-18 01:00:00,0.98917,0.99147,0.98688,0.98939,61789.32,0.98934
2019-11-17 01:00:00,0.99044,0.99073,0.98907,0.98917,2660.98,0.98912
2019-11-16 01:00:00,0.99023,0.99023,0.99023,0.99023,0.0,0.98984
2019-11-15 01:00:00,0.98888,0.99116,0.98843,0.99023,54854.08,0.98984
2019-11-14 01:00:00,0.9898,0.99087,0.98706,0.98889,69893.89,0.98882
2019-11-13 01:00:00,0.99287,0.99301,0.98844,0.98981,74192.33,0.98976
2019-11-12 01:00:00,0.99324,0.9965,0.99226,0.99286,70388.13,0.9928
2019-11-11 01:00:00,0.99727,0.99777,0.99293,0.99324,46003.48,0.99318
2019-11-10 01:00:00,0.99752,0.99788,0.99713,0.99727,3531.61,0.9972
2019-11-09 01:00:00,0.99784,0.99784,0.99784,0.99784,0.0,0.99727
2019-11-08 01:00:00,0.99486,0.99794,0.99439,0.99784,70640.2,0.99727
2019-11-07 01:00:00,0.99252,0.99757,0.99115,0.99484,99244.64,0.99478
2019-11-06 01:00:00,0.99266,0.99405,0.99159,0.9925,71392.15,0.99245
2019-11-05 01:00:00,0.98848,0.99363,0.98811,0.99266,88800.47,0.99262
2019-11-04 01:00:00,0.98589,0.98896,0.98536,0.98849,70263.55,0.98844
2019-10-26 02:00:00,0.99545,0.99545,0.99545,0.99545,0.0,0.99469
2019-10-25 02:00:00,0.99244,0.99554,0.99077,0.99545,62914.33,0.99469
2019-10-24 02:00:00,0.99051,0.99312,0.98917,0.99244,95522.18,0.99239
2019-10-23 02:00:00,0.98947,0.99157,0.98864,0.99055,72554.05,0.9905
2019-10-22 02:00:00,0.98611,0.98976,0.98611,0.98946,80911.42,0.9894
2019-10-21 02:00:00,0.98502,0.98766,0.98421,0.98613,67134.43,0.98608
2019-10-20 02:00:00,0.98545,0.98596,0.98467,0.98506,8517.52,0.98497
2019-10-19 02:00:00,0.98462,0.98462,0.98462,0.98462,0.0,0.98422
2019-10-18 02:00:00,0.98764,0.98919,0.98424,0.98462,79081.29,0.98422
2019-10-17 02:00:00,0.99452,0.9947,0.98673,0.98764,102006.35,0.98757
2019-10-16 02:00:00,0.99865,0.99912,0.99398,0.99452,93996.38,0.99445
2019-10-15 02:00:00,0.99781,0.99964,0.99641,0.99865,102224.94,0.9986
2019-10-14 02:00:00,0.9982,0.99829,0.99449,0.99781,66814.84,0.99774
2019-10-13 02:00:00,0.9981,0.99923,0.99702,0.9982,2886.23,0.99814
2019-10-12 02:00:00,0.9973,0.9973,0.9973,0.9973,0.0,0.99692
2019-10-11 02:00:00,0.99618,0.99913,0.99583,0.9973,117582.04,0.99692
2019-10-10 02:00:00,0.99324,0.99733,0.99148,0.99618,117885.56,0.99612
2019-10-09 02:00:00,0.9926,0.99643,0.99164,0.99322,90892.22,0.99316
2019-10-08 02:00:00,0.99492,0.99591,0.99055,0.99259,113142.15,0.99254
2019-10-07 02:00:00,0.99405,0.99662,0.99272,0.99493,90717.34,0.99488
2019-10-06 02:00:00,0.99532,0.99689,0.99401,0.99404,4631.53,0.99396
2019-10-05 02:00:00,0.99591,0.99591,0.99591,0.99591,0.0,0.99552
2019-10-04 02:00:00,0.99832,1.00086,0.99289,0.99591,107302.26,0.99552
2019-10-03 02:00:00,0.99684,1.00283,0.99526,0.99831,124236.86,0.99824
2019-10-02 02:00:00,0.99288,1.00269,0.9922,0.99683,119755.64,0.99678
2019-10-01 02:00:00,0.99773,1.00172,0.99238,0.99286,115892.81,0.9928
2019-09-30 02:00:00,0.99116,0.99885,0.99094,0.9977,88643.17,0.99764
2019-09-29 02:00:00,0.99175,0.992,0.99047,0.99116,1817.99,0.99111
2019-09-28 02:00:00,0.99123,0.99123,0.99123,0.99123,0.0,0.9909
2019-09-27 02:00:00,0.99344,0.99496,0.98988,0.99123,100716.09,0.9909
2019-09-26 02:00:00,0.99125,0.9949,0.99068,0.99343,100226.89,0.99336
2019-09-25 02:00:00,0.98629,0.99256,0.98545,0.99125,107060.69,0.99119
2019-09-24 02:00:00,0.9898,0.99149,0.98444,0.98629,108014.42,0.98622
2019-09-23 02:00:00,0.99148,0.99233,0.98909,0.98978,99183.67,0.98971
2019-09-22 02:00:00,0.9928,0.99281,0.99096,0.99147,3706.59,0.99142
2019-09-21 02:00:00,0.99121,0.99121,0.99121,0.99121,0.0,0.991
2019-09-20 02:00:00,0.99296,0.99368,0.98901,0.99121,96582.1,0.991
2019-09-19 02:00:00,0.99715,0.99844,0.99005,0.99296,103756.1,0.9929
2019-09-18 02:00:00,0.99281,0.99843,0.99277,0.99715,92117.9,0.99708
2019-09-17 02:00:00,0.99307,0.99692,0.9914,0.99282,95811.75,0.99276
2019-09-16 02:00:00,0.98694,0.99409,0.98654,0.99307,90559.55,0.993
2019-09-15 02:00:00,0.98791,0.98825,0.98676,0.98697,4086.08,0.9869
2019-09-14 02:00:00,0.99052,0.99052,0.99052,0.99052,0.0,0.99023
2019-09-13 02:00:00,0.99069,0.99117,0.98547,0.99052,92938.86,0.99023
2019-09-12 02:00:00,0.99377,0.99473,0.98808,0.99068,140577.29,0.99062
2019-09-11 02:00:00,0.99168,0.9944,0.9913,0.99377,83009.85,0.99372
2019-09-10 02:00:00,0.99255,0.99323,0.98894,0.99168,89171.03,0.99162
2019-09-09 02:00:00,0.98845,0.99257,0.98822,0.99252,88661.94,0.99246
2019-09-08 02:00:00,0.9883,0.98858,0.98755,0.98843,6798.34,0.98836
2019-09-07 02:00:00,0.98773,0.98773,0.98773,0.98773,0.0,0.98745
2019-09-06 02:00:00,0.98628,0.99181,0.98574,0.98773,107245.15,0.98745
2019-09-05 02:00:00,0.98096,0.98741,0.98058,0.98628,109453.68,0.98623
2019-09-04 02:00:00,0.98695,0.98851,0.97986,0.98095,99659.83,0.9809
2019-09-03 02:00:00,0.99069,0.99298,0.98632,0.98698,119465.38,0.98691
2019-09-02 02:00:00,0.98955,0.992,0.98913,0.99069,66760.7,0.99063
2019-09-01 02:00:00,0.99097,0.99137,0.989,0.98953,3523.78,0.98946
2019-08-31 02:00:00,0.99082,0.99082,0.99082,0.99082,0.0,0.99005
2019-08-30 02:00:00,0.98609,0.99184,0.98598,0.99082,112241.4,0.99005
2019-08-29 02:00:00,0.98154,0.98759,0.9801,0.98608,105914.67,0.98602
2019-08-28 02:00:00,0.9812,0.98292,0.98019,0.98153,111620.28,0.98148
2019-08-27 02:00:00,0.97914,0.98378,0.97761,0.9812,110336.59,0.98114
2019-08-26 02:00:00,0.97299,0.98173,0.97299,0.97916,166565.02,0.97908
2019-08-25 02:00:00,0.97299,0.97367,0.9715,0.97297,10602.87,0.9729
2019-08-24 02:00:00,0.97512,0.97512,0.97512,0.97512,0.0,0.97458
2019-08-23 02:00:00,0.98375,0.98776,0.9736,0.97512,119936.67,0.97458
2019-08-22 02:00:00,0.98218,0.98452,0.98142,0.98375,90124.73,0.98369
2019-08-21 02:00:00,0.97811,0.98318,0.9781,0.98219,70759.92,0.98214
2019-08-20 02:00:00,0.98143,0.98169,0.97759,0.9781,83407.85,0.97804
2019-08-19 02:00:00,0.97943,0.98218,0.97741,0.98143,70749.42,0.98136
2019-08-18 02:00:00,0.98119,0.9812,0.97813,0.97943,3362.39,0.97935
2019-08-17 02:00:00,0.97866,0.97866,0.97866,0.97866,0.0,0.97836
2019-08-16 02:00:00,0.97657,0.98098,0.97641,0.97866,109820.71,0.97836
2019-08-15 02:00:00,0.97356,0.97774,0.97223,0.97657,205705.0,0.9765
2019-08-14 02:00:00,0.97625,0.97714,0.9706,0.97351,167987.63,0.97348
2019-08-13 02:00:00,0.96929,0.9771,0.96602,0.97624,164334.79,0.97618
2019-08-12 02:00:00,0.97156,0.97545,0.96825,0.96931,123293.09,0.96925
2019-08-11 02:00:00,0.97432,0.97464,0.97156,0.97156,3402.89,0.97149
2019-08-10 02:00:00,0.97287,0.97287,0.97287,0.97287,0.0,0.97267
2019-08-09 02:00:00,0.97415,0.97546,0.97098,0.97287,95492.59,0.97267
2019-08-08 02:00:00,0.975,0.97873,0.9735,0.97414,118856.97,0.97407
2019-08-07 02:00:00,0.97594,0.97978,0.96929,0.975,193004.34,0.97494
2019-08-06 02:00:00,0.97068,0.97931,0.97055,0.97593,141296.45,0.97588
2019-08-05 02:00:00,0.98268,0.98287,0.97043,0.97066,164788.79,0.9706
2019-08-04 02:00:00,0.98409,0.98464,0.98215,0.98268,2851.43,0.98262
2019-08-03 02:00:00,0.98256,0.98256,0.98256,0.98256,0.0,0.98236
2019-08-02 02:00:00,0.99013,0.99037,0.98153,0.98256,183662.47,0.98236
2019-08-01 02:00:00,0.99421,0.99759,0.98883,0.99013,165799.61,0.99005
2019-07-31 02:00:00,0.99007,0.99503,0.98861,0.99423,135111.27,0.99416
2019-07-30 02:00:00,0.99182,0.99232,0.98915,0.99007,89364.84,0.99001
2019-07-29 02:00:00,0.9934,0.99344,0.99096,0.99184,64407.23,0.99177
2019-07-28 02:00:00,0.99401,0.99483,0.99321,0.99341,2601.78,0.99336
2019-07-27 02:00:00,0.99366,0.99366,0.99366,0.99366,0.0,0.99344
2019-07-26 02:00:00,0.99112,0.99469,0.9901,0.99366,73682.68,0.99344
2019-07-25 02:00:00,0.98479,0.99184,0.98455,0.99112,101053.23,0.99106
2019-07-24 02:00:00,0.98549,0.9875,0.98369,0.98478,82187.38,0.98472
2019-07-23 02:00:00,0.98284,0.986,0.98233,0.9855,82353.07,0.98543
2019-07-22 02:00:00,0.98306,0.98417,0.98044,0.98285,72629.78,0.98278
2019-07-21 02:00:00,0.98395,0.9852,0.98183,0.98306,3061.97,0.98299
2019-07-20 02:00:00,0.98202,0.98202,0.98202,0.98202,0.0,0.98178
2019-07-19 02:00:00,0.98278,0.98478,0.98091,0.98202,94368.22,0.98178
2019-07-18 02:00:00,0.98697,0.98925,0.98067,0.98277,99643.39,0.98272
2019-07-17 02:00:00,0.98811,0.99083,0.98653,0.98697,64405.69,0.98692
2019-07-16 02:00:00,0.98457,0.98949,0.98363,0.9881,74454.61,0.98805
2019-07-15 02:00:00,0.98443,0.98554,0.9818,0.98457,64328.7,0.98449
2019-07-14 02:00:00,0.98513,0.98562,0.98432,0.98444,6343.54,0.98438
2019-07-13 02:00:00,0.98442,0.98442,0.98442,0.98442,0.0,0.98421
2019-07-12 02:00:00,0.99073,0.99089,0.98367,0.98442,82178.84,0.98421
2019-07-11 02:00:00,0.98824,0.99074,0.98476,0.99073,89630.46,0.99066
2019-07-10 02:00:00,0.99367,0.99421,0.98792,0.98824,84899.55,0.98818
2019-07-09 02:00:00,0.9943,0.99521,0.99237,0.99367,71777.11,0.99362
2019-07-08 02:00:00,0.99144,0.99478,0.98993,0.99431,89336.11,0.99424
2019-07-07 02:00:00,0.99212,0.99213,0.99102,0.99143,2387.59,0.99136
2019-07-06 02:00:00,0.99188,0.99188,0.99188,0.99188,0.0,0.99168
2019-07-05 02:00:00,0.98492,0.99325,0.98488,0.99188,81057.16,0.99168
2019-07-04 02:00:00,0.9858,0.98705,0.9846,0.98492,37873.33,0.98485
2019-07-03 02:00:00,0.98551,0.98739,0.9835,0.98578,83297.74,0.98572
2019-07-02 02:00:00,0.98744,0.98895,0.98361,0.98552,73735.34,0.98545
2019-07-01 02:00:00,0.97974,0.98847,0.97892,0.98745,94543.22,0.98738
2019-06-30 02:00:00,0.97939,0.97975,0.97821,0.97973,4020.48,0.97967
2019-06-29 02:00:00,0.97657,0.97657,0.97657,0.97657,0.0,0.97626
2019-06-28 02:00:00,0.97677,0.9775,0.97388,0.97657,82616.69,0.97626
2019-06-27 02:00:00,0.97762,0.98149,0.97599,0.97677,86100.01,0.97672
2019-06-26 02:00:00,0.97495,0.97856,0.97441,0.97762,118919.45,0.97756
2019-06-25 02:00:00,0.97224,0.97778,0.96946,0.97495,134310.86,0.97488
2019-06-24 02:00:00,0.97565,0.97838,0.97108,0.97222,97372.44,0.97216
2019-06-23 02:00:00,0.97693,0.97812,0.97559,0.97565,4068.48,0.9756
2019-06-22 02:00:00,0.97659,0.97659,0.97659,0.97659,0.0,0.97641
2019-06-21 02:00:00,0.98117,0.98392,0.97571,0.97659,135413.15,0.97641
2019-06-20 02:00:00,0.99296,0.99296,0.97927,0.98117,141631.3,0.98112
2019-06-19 02:00:00,1.00084,1.00154,0.99169,0.99295,113583.04,0.99288
2019-06-18 02:00:00,0.99878,1.00134,0.9966,1.00084,130334.01,1.00078
2019-06-17 02:00:00,0.99893,0.99998,0.99664,0.99878,79585.1,0.99872
2019-06-16 02:00:00,0.99887,0.99921,0.99833,0.99895,2682.33,0.9989
2019-06-15 02:00:00,0.99892,0.99892,0.99892,0.99892,0.0,0.99868
2019-06-14 02:00:00,0.99376,0.99959,0.99261,0.99892,87802.14,0.99868
2019-06-13 02:00:00,0.99501,0.9961,0.99185,0.99375,80541.26,0.9937
2019-06-12 02:00:00,0.99247,0.996,0.99032,0.99499,90503.34,0.99493
2019-06-11 02:00:00,0.98938,0.99371,0.98933,0.99246,88442.58,0.9924
2019-06-10 02:00:00,0.99013,0.99206,0.98855,0.98937,79321.47,0.98932
2019-06-09 02:00:00,0.9897,0.99046,0.98877,0.99013,2192.91,0.99007
2019-06-08 02:00:00,0.98806,0.98806,0.98806,0.98806,0.0,0.98774
2019-06-07 02:00:00,0.99148,0.99507,0.98599,0.98806,96278.12,0.98774
2019-06-06 02:00:00,0.99415,0.99624,0.98802,0.99146,140590.73,0.9914
2019-06-05 02:00:00,0.99256,0.99513,0.98547,0.99423,117527.63,0.99417
2019-06-04 02:00:00,0.99271,0.99568,0.99034,0.99262,105343.31,0.99256
2019-06-03 02:00:00,0.99969,1.00004,0.9911,0.99271,111886.48,0.99266
2019-06-02 02:00:00,1.00223,1.00309,0.99952,0.99971,7995.93,0.99966
2019-06-01 02:00:00,1.00112,1.00112,1.00112,1.00112,0.0,1.00082
2019-05-31 02:00:00,1.00707,1.0071,1.00016,1.00112,113039.93,1.00082
2019-05-30 02:00:00,1.00843,1.00986,1.00693,1.00707,64415.62,1.007
2019-05-29 02:00:00,1.00714,1.00869,1.00504,1.00842,81867.32,1.00836
2019-05-28 02:00:00,1.00411,1.00988,1.0035,1.00714,75992.91,1.00708
2019-05-27 02:00:00,1.00208,1.00635,1.00177,1.0041,34151.37,1.00404
2019-05-26 02:00:00,1.00198,1.00198,1.00198,1.00198,0.0,1.00178
2019-05-25 02:00:00,1.00198,1.00198,1.00198,1.00198,0.0,1.00178
2019-05-24 02:00:00,1.00313,1.00431,1.00089,1.00198,64728.93,1.00178
2019-05-23 02:00:00,1.00917,1.00992,1.00244,1.00314,88049.16,1.00307
2019-05-22 02:00:00,1.01109,1.01201,1.00672,1.00917,69071.48,1.0091
2019-05-21 02:00:00,1.00866,1.01203,1.00866,1.01111,67620.44,1.01104
2019-05-20 02:00:00,1.01079,1.01216,1.00812,1.00867,56808.41,1.00861
2019-05-19 02:00:00,1.01164,1.01166,1.01058,1.0108,2683.25,1.01073
2019-05-18 02:00:00,1.01126,1.01126,1.01126,1.01126,0.0,1.01106
2019-05-17 02:00:00,1.01015,1.0122,1.0086,1.01126,69572.04,1.01106
2019-05-16 02:00:00,1.00829,1.01079,1.00742,1.01015,56414.97,1.0101
2019-05-15 02:00:00,1.00889,1.00978,1.00561,1.0083,67769.29,1.00824
2019-05-14 02:00:00,1.00552,1.00968,1.0055,1.00888,68758.17,1.00882
2019-05-13 02:00:00,1.01062,1.01143,1.00506,1.00552,89517.62,1.00546
2019-05-12 02:00:00,1.01276,1.01323,1.00873,1.01062,4214.33,1.01055
2019-05-11 02:00:00,1.01201,1.01201,1.01201,1.01201,0.0,1.01178
2019-05-10 02:00:00,1.01555,1.01592,1.01016,1.01201,106672.8,1.01178
2019-05-09 02:00:00,1.02046,1.02104,1.01245,1.01555,100770.7,1.01548
2019-05-08 02:00:00,1.01977,1.02117,1.01697,1.02046,102133.55,1.0204
2019-05-07 02:00:00,1.01748,1.02269,1.01615,1.01976,93530.76,1.01969
2019-05-06 02:00:00,1.01656,1.01971,1.01523,1.01747,79529.68,1.01741
2019-05-05 02:00:00,1.01648,1.0174,1.01593,1.01658,6982.14,1.0165
2019-05-04 02:00:00,1.01671,1.01671,1.01671,1.01671,0.0,1.01654
2019-05-03 02:00:00,1.0195,1.02153,1.01624,1.01671,88351.55,1.01654
2019-05-02 02:00:00,1.01752,1.02047,1.01736,1.0195,95218.4,1.01943
2019-05-01 02:00:00,1.01922,1.01984,1.01275,1.01752,85307.53,1.01746
2019-04-30 02:00:00,1.01964,1.02049,1.01747,1.01923,96049.3,1.01917
2019-04-29 02:00:00,1.01946,1.02165,1.01857,1.01964,65249.3,1.01958
2019-04-28 02:00:00,1.02001,1.02004,1.01922,1.01944,1867.58,1.01939
2019-04-27 02:00:00,1.0199,1.0199,1.0199,1.0199,0.0,1.01971
2019-04-26 02:00:00,1.02015,1.02394,1.01849,1.0199,82655.87,1.01971
2019-04-25 02:00:00,1.02047,1.02285,1.01939,1.02015,86114.69,1.02007
2019-04-24 02:00:00,1.02028,1.02204,1.01695,1.02047,99772.11,1.0204
2019-04-23 02:00:00,1.01551,1.0231,1.0155,1.02028,82469.42,1.02022
2019-04-22 02:00:00,1.01451,1.01621,1.01448,1.01551,27132.88,1.01546
2019-04-21 02:00:00,1.01448,1.01502,1.01403,1.01451,2170.98,1.01444
2019-04-20 02:00:00,1.01517,1.01517,1.01517,1.01517,0.0,1.0147
2019-04-19 02:00:00,1.01509,1.01543,1.01315,1.01517,56385.27,1.0147
2019-04-18 02:00:00,1.01076,1.01601,1.00932,1.0151,87511.08,1.01501
2019-04-17 02:00:00,1.00771,1.01104,1.0068,1.01078,85819.49,1.0107
2019-04-16 02:00:00,1.00384,1.00843,1.00329,1.00771,97776.17,1.00765
2019-04-15 02:00:00,1.00257,1.00471,1.00097,1.00385,73047.61,1.00378
2019-04-14 02:00:00,1.00241,1.00299,1.00225,1.00258,8909.57,1.0025
2019-04-13 02:00:00,1.00302,1.00302,1.00302,1.00302,0.0,1.00274
2019-04-12 02:00:00,1.00289,1.00348,0.99978,1.00302,96928.67,1.00274
2019-04-11 02:00:00,1.00236,1.00468,1.00102,1.00288,93957.0,1.00281
2019-04-10 02:00:00,0.99979,1.00342,0.99922,1.00236,108349.6,1.0023
2019-04-09 02:00:00,0.99926,1.00093,0.99809,0.99979,113546.56,0.99972
2019-04-08 02:00:00,1.0002,1.00039,0.99786,0.99926,91435.32,0.99918
2019-04-07 02:00:00,1.001,1.001,0.99984,1.0002,2387.53,1.00013
2019-04-06 02:00:00,1.00051,1.00051,1.00051,1.00051,0.0,1.00031
2019-04-05 02:00:00,1.00003,1.00131,0.99892,1.00051,83498.99,1.00031
2019-04-04 02:00:00,0.99741,1.00044,0.99726,1.00004,93455.51,0.99998
2019-04-03 02:00:00,0.99826,0.99882,0.9954,0.99741,111559.96,0.99734
2019-04-02 02:00:00,0.99943,1.00005,0.99727,0.99826,109964.16,0.9982
2019-04-01 02:00:00,0.99534,0.99955,0.99324,0.99943,123193.87,0.99937
2019-03-31 01:00:00,0.99565,0.99606,0.99502,0.99534,3740.82,0.99526
2019-03-30 01:00:00,0.99547,0.99547,0.99547,0.99547,0.0,0.99525
2019-03-29 01:00:00,0.99501,0.99751,0.99452,0.99547,146113.64,0.99525
2019-03-28 01:00:00,0.9948,0.9974,0.99442,0.995,167896.88,0.99494
2019-03-27 01:00:00,0.99401,0.99669,0.9906,0.9948,175938.48,0.99474
2019-03-26 01:00:00,0.99242,0.99532,0.99189,0.994,145602.69,0.99395
2019-03-25 01:00:00,0.99415,0.995,0.99107,0.99242,145069.21,0.99236
2019-03-24 01:00:00,0.99536,0.99536,0.99339,0.99415,1970.19,0.99407
2019-03-23 01:00:00,0.99361,0.99361,0.99361,0.99361,0.0,0.99339
2019-03-22 01:00:00,0.99205,0.99709,0.99154,0.99361,208457.07,0.99339
2019-03-21 01:00:00,0.99115,0.99465,0.99044,0.99206,173215.88,0.992
2019-03-20 01:00:00,0.99899,1.00109,0.98952,0.99114,147095.94,0.99108
2019-03-19 01:00:00,1.00128,1.00143,0.99855,0.99897,112471.43,0.99891
2019-03-18 01:00:00,1.0025,1.00253,0.99978,1.0013,113177.12,1.00122
2019-03-17 01:00:00,1.00261,1.0028,1.00185,1.00252,3565.68,1.00245
2019-03-16 01:00:00,1.00234,1.00234,1.00234,1.00234,0.0,1.00216
2019-03-15 01:00:00,1.00365,1.00533,1.00114,1.00234,110509.67,1.00216
2019-03-14 01:00:00,1.00345,1.0052,1.00309,1.00364,129664.07,1.00359
2019-03-13 01:00:00,1.00765,1.00852,1.0027,1.00346,117304.86,1.0034
2019-03-12 01:00:00,1.01036,1.01129,1.00637,1.00766,126218.71,1.0076
2019-03-11 01:00:00,1.00815,1.01201,1.00703,1.01036,113614.74,1.01031
2019-03-10 01:00:00,1.00838,1.00858,1.00775,1.00815,2585.35,1.00808
2019-03-09 01:00:00,1.00866,1.00866,1.00866,1.00866,0.0,1.00825
2019-03-08 01:00:00,1.01101,1.01188,1.00704,1.00866,126688.09,1.00825
2019-03-07 01:00:00,1.0044,1.01247,1.00363,1.01101,134935.39,1.01095
2019-03-06 01:00:00,1.00458,1.00569,1.00322,1.00438,104316.15,1.00432
2019-03-05 01:00:00,0.99921,1.0055,0.99899,1.00458,118830.37,1.00452
2019-03-04 01:00:00,0.9987,1.00207,0.99862,0.99922,109387.2,0.99916
2019-03-03 01:00:00,0.9987,0.99931,0.99822,0.9987,28584.08,0.99863
2019-03-02 01:00:00,0.99955,0.99955,0.99955,0.99955,0.0,0.99918
2019-03-01 01:00:00,0.99733,1.00095,0.99639,0.99955,134601.2,0.99918
2019-02-28 01:00:00,1.00069,1.00109,0.9927,0.99732,154054.36,0.99726
2019-02-27 01:00:00,0.99987,1.00182,0.99627,1.00067,140315.22,1.0006
2019-02-26 01:00:00,1.00023,1.00202,0.99884,0.99988,118983.56,0.99982
2019-02-25 01:00:00,1.00001,1.00122,0.99839,1.00023,110683.7,1.00015
2019-02-24 01:00:00,1.00129,1.00142,1.00001,1.00001,3394.42,0.99994
2019-02-23 01:00:00,1.00069,1.00069,1.00069,1.00069,0.0,1.00046
2019-02-22 01:00:00,1.00101,1.00251,0.99884,1.00069,115874.63,1.00046
2019-02-21 01:00:00,1.00039,1.00236,0.99954,1.001,149175.6,1.00093
2019-02-20 01:00:00,1.00143,1.00215,0.99822,1.00038,124194.66,1.00031
2019-02-19 01:00:00,1.00469,1.00611,1.00023,1.00144,116256.3,1.00138
2019-02-18 01:00:00,1.00469,1.00533,1.00247,1.00468,65941.83,1.00462
2019-02-17 01:00:00,1.00612,1.00613,1.00459,1.00469,2438.65,1.00463
2019-02-16 01:00:00,1.00557,1.00557,1.00557,1.00557,0.0,1.00519
2019-02-15 01:00:00,1.00507,1.00904,1.00457,1.00557,103852.22,1.00519
2019-02-14 01:00:00,1.00902,1.0098,1.00454,1.00506,117038.82,1.005
2019-02-13 01:00:00,1.00623,1.0098,1.0044,1.00901,99620.17,1.00895
2019-02-12 01:00:00,1.00419,1.00931,1.00403,1.00621,94922.01,1.00614
2019-02-11 01:00:00,0.99944,1.0054,0.99943,1.00418,99501.57,1.00412
2019-02-10 01:00:00,1.00099,1.01001,0.99899,0.99944,6134.41,0.99938
2019-02-09 01:00:00,1.00064,1.00064,1.00064,1.00064,0.0,1.00028
2019-02-08 01:00:00,1.00251,1.00285,0.99965,1.00064,87347.83,1.00028
2019-02-07 01:00:00,1.00241,1.00294,1.0001,1.00252,108893.83,1.00246
2019-02-06 01:00:00,0.99982,1.00276,0.99866,1.00239,99856.18,1.00231
2019-02-05 01:00:00,0.99805,1.00212,0.99789,0.9998,104162.81,0.99974
2019-02-04 01:00:00,0.99561,0.99947,0.99518,0.99805,100727.06,0.99798
2019-02-03 01:00:00,0.99573,0.99605,0.99496,0.99562,4455.89,0.99556
2019-02-02 01:00:00,0.99582,0.99582,0.99582,0.99582,0.0,0.9955
2019-02-01 01:00:00,0.99403,0.99637,0.99227,0.99582,120303.13,0.9955
2019-01-31 01:00:00,0.99386,0.99534,0.99084,0.99403,135106.29,0.99397
2019-01-30 01:00:00,0.99479,0.99955,0.99326,0.99388,140040.91,0.9938
2019-01-29 01:00:00,0.99173,0.99577,0.99082,0.99479,129430.4,0.99472
2019-01-28 01:00:00,0.99272,0.9934,0.99062,0.99173,92830.42,0.99168
2019-01-27 01:00:00,0.99333,0.99364,0.99256,0.99272,2300.94,0.99266
2019-01-26 01:00:00,0.99358,0.99358,0.99358,0.99358,0.0,0.99332
2019-01-25 01:00:00,0.9957,0.9975,0.99228,0.99358,123832.67,0.99332
2019-01-24 01:00:00,0.99464,0.99776,0.99349,0.9957,143283.31,0.99563
2019-01-23 01:00:00,0.9972,0.99907,0.99405,0.99462,105166.58,0.99458
2019-01-22 01:00:00,0.99754,0.99864,0.99618,0.9972,96206.33,0.99714
2019-01-21 01:00:00,0.9956,0.99882,0.99477,0.99754,63172.97,0.99748
2019-01-20 01:00:00,0.99535,0.99571,0.99504,0.99559,4306.32,0.99552
2019-01-19 01:00:00,0.99572,0.99572,0.99572,0.99572,0.0,0.99542
2019-01-18 01:00:00,0.99403,0.99597,0.99328,0.99572,82859.01,0.99542
2019-01-17 01:00:00,0.99025,0.99548,0.98994,0.99403,96513.09,0.99397
2019-01-16 01:00:00,0.98739,0.99108,0.98739,0.99026,95380.38,0.9902
2019-01-15 01:00:00,0.9812,0.98945,0.98029,0.98738,120686.23,0.98731
2019-01-14 01:00:00,0.98406,0.98457,0.9801,0.9812,91083.09,0.98114
2019-01-13 01:00:00,0.98506,0.98551,0.98352,0.98407,4943.59,0.984
2019-01-12 01:00:00,0.98454,0.98454,0.98454,0.98454,0.0,0.98418
2019-01-11 01:00:00,0.98404,0.98565,0.98143,0.98454,103228.76,0.98418
2019-01-10 01:00:00,0.9737,0.98493,0.9717,0.98404,119612.52,0.98398
2019-01-09 01:00:00,0.9808,0.98184,0.97327,0.97371,140074.15,0.97363
2019-01-08 01:00:00,0.97938,0.9835,0.979,0.98078,113725.58,0.98072
2019-01-07 01:00:00,0.98591,0.98596,0.97882,0.97938,107076.25,0.97931
2019-01-06 01:00:00,0.98779,0.98838,0.98579,0.98592,5259.1,0.98585
2019-01-05 01:00:00,0.98716,0.98716,0.98716,0.98716,0.0,0.98666
2019-01-04 01:00:00,0.98742,0.99088,0.98532,0.98716,132890.91,0.98666
2019-01-03 01:00:00,0.98934,0.99009,0.9847,0.98742,152164.18,0.98733
2019-01-02 01:00:00,0.98217,0.99299,0.97971,0.98934,128476.22,0.98926
2019-01-01 01:00:00,0.98282,0.98305,0.98153,0.98217,3008.91,0.9821
2018-12-31 01:00:00,0.98389,0.98756,0.98106,0.98279,98574.97,0.98189
2018-12-30 01:00:00,0.98493,0.98594,0.98353,0.98389,4236.0,0.98377
2018-12-29 01:00:00,0.98443,0.98443,0.98443,0.98443,0.0,0.98416
2018-12-28 01:00:00,0.98727,0.98734,0.97905,0.98443,118856.23,0.98416
2018-12-27 01:00:00,0.99455,0.99473,0.98415,0.98727,136662.6,0.98718
2018-12-26 01:00:00,0.98652,0.99642,0.9858,0.99453,70701.3,0.99444
2018-12-25 01:00:00,0.9888,0.98956,0.98403,0.98655,3995.44,0.98646
2018-12-24 01:00:00,0.9939,0.99523,0.98598,0.98879,102531.83,0.9874
2018-12-23 01:00:00,0.99484,0.99576,0.99384,0.99389,4481.65,0.99384
2018-12-22 01:00:00,0.99555,0.99555,0.99555,0.99555,0.0,0.99532
2018-12-21 01:00:00,0.98715,0.9959,0.98621,0.99555,137401.2,0.99532
2018-12-20 01:00:00,0.99406,0.99535,0.98411,0.98717,152424.11,0.98709
2018-12-19 01:00:00,0.99259,0.9958,0.99072,0.99407,139248.23,0.99398
2018-12-18 01:00:00,0.99281,0.99379,0.99006,0.99259,77941.43,0.99252
2018-12-17 01:00:00,0.9978,0.99829,0.99179,0.99281,68603.56,0.99276
2018-12-16 01:00:00,0.99902,0.99904,0.99719,0.9978,14290.09,0.99768
2018-12-15 01:00:00,0.99841,0.99841,0.99841,0.99841,0.0,0.99814
2018-12-14 01:00:00,0.99382,0.99902,0.99355,0.99841,65624.53,0.99814
2018-12-13 01:00:00,0.99282,0.99549,0.99121,0.99382,77851.72,0.99376
2018-12-12 01:00:00,0.99324,0.9966,0.99138,0.99282,89327.57,0.99276
2018-12-11 01:00:00,0.98972,0.99393,0.98638,0.99325,81832.9,0.99318
2018-12-10 01:00:00,0.98994,0.99074,0.98689,0.98971,88646.91,0.98965
2018-12-09 01:00:00,0.99198,0.99201,0.98938,0.98994,3381.1,0.98988
2018-12-08 01:00:00,0.99236,0.99236,0.99236,0.99236,0.0,0.9915
2018-12-07 01:00:00,0.99331,0.99438,0.98905,0.99236,76770.72,0.9915
2018-12-06 01:00:00,0.99712,0.99907,0.9895,0.99331,92691.65,0.99325
2018-12-05 01:00:00,0.99751,1.00089,0.99692,0.99712,54628.88,0.99704
2018-12-04 01:00:00,0.99803,0.99914,0.9931,0.99752,82108.67,0.99745
2018-12-03 01:00:00,0.99872,0.99967,0.99651,0.99803,76146.89,0.99796
2018-12-02 01:00:00,0.99886,1.00021,0.99854,0.99871,2993.48,0.99864
2018-12-01 01:00:00,0.99892,0.99892,0.99892,0.99892,0.0,0.99878
2018-11-30 01:00:00,0.99614,1.00049,0.99519,0.99892,67479.67,0.99878
2018-11-29 01:00:00,0.99343,0.99777,0.99184,0.99615,79410.3,0.99609
2018-11-28 01:00:00,0.9986,1.00066,0.99262,0.99341,74066.75,0.99335
2018-11-27 01:00:00,0.99835,1.0004,0.99762,0.99861,76023.73,0.99856
2018-11-26 01:00:00,0.99744,0.99939,0.9955,0.99837,69825.7,0.99827
2018-11-25 01:00:00,0.99791,0.99802,0.99687,0.99745,4152.56,0.99734
2018-11-24 01:00:00,0.99823,0.99823,0.99823,0.99823,0.0,0.99742
2018-11-23 01:00:00,0.99469,0.99826,0.99354,0.99823,51524.97,0.99742
2018-11-22 01:00:00,0.99447,0.99645,0.99225,0.99471,72446.16,0.99464
2018-11-21 01:00:00,0.99482,0.99594,0.99288,0.99447,109785.05,0.99439
2018-11-20 01:00:00,0.99333,0.99627,0.99095,0.99485,91067.42,0.99478
2018-11-19 01:00:00,0.99956,1.00076,0.99252,0.99333,87388.54,0.99327
2018-11-18 01:00:00,1.00119,1.00124,0.99928,0.99956,4953.16,0.99948
2018-11-17 01:00:00,1.00019,1.00019,1.00019,1.00019,0.0,0.9999
2018-11-16 01:00:00,1.0071,1.00879,0.9992,1.00019,84401.21,0.9999
2018-11-15 01:00:00,1.00614,1.00833,1.00362,1.00709,102472.78,1.00701
2018-11-14 01:00:00,1.00609,1.01047,1.00426,1.00614,101933.29,1.00606
2018-11-13 01:00:00,1.01042,1.01289,1.00594,1.00609,95834.7,1.00602
2018-11-12 01:00:00,1.00601,1.01135,1.00564,1.01041,77482.05,1.01034
2018-11-11 01:00:00,1.00594,1.00657,1.00563,1.00602,3373.13,1.00597
2018-11-10 01:00:00,1.00586,1.00586,1.00586,1.00586,0.0,1.00558
2018-11-09 01:00:00,1.00596,1.00863,1.00455,1.00586,78772.57,1.00558
2018-11-08 01:00:00,1.00201,1.00713,1.00081,1.00593,90599.87,1.00588
2018-11-07 01:00:00,1.00145,1.00518,0.99532,1.002,101358.57,1.00193
2018-11-06 01:00:00,1.00455,1.00564,1.00141,1.00145,66684.97,1.00136
2018-11-05 01:00:00,1.00253,1.007,1.00253,1.00455,65823.52,1.00448
2018-11-04 01:00:00,1.00355,1.00363,1.00251,1.00252,5439.9,1.00245
2018-11-03 01:00:00,1.00371,1.00371,1.00371,1.00371,0.0,1.00345
2018-11-02 01:00:00,1.00229,1.00494,0.99689,1.00371,87731.75,1.00345
2018-10-27 02:00:00,0.99737,0.99737,0.99737,0.99737,0.0,0.99714
2018-10-26 02:00:00,0.99986,1.00271,0.9965,0.99737,99363.63,0.99714
2018-10-25 02:00:00,0.99692,1.00186,0.99557,0.99984,85359.86,0.99979
2018-10-24 02:00:00,0.99495,0.99902,0.99422,0.99692,93451.18,0.99686
2018-10-23 02:00:00,0.9962,0.99711,0.99386,0.99496,85029.75,0.9949
2018-10-22 02:00:00,0.99643,0.99806,0.99405,0.9962,77603.85,0.99612
2018-10-21 02:00:00,0.99649,0.99757,0.99526,0.99644,2930.66,0.99638
2018-10-20 02:00:00,0.99636,0.99636,0.99636,0.99636,0.0,0.99617
2018-10-19 02:00:00,0.99596,0.99784,0.99502,0.99636,83317.14,0.99617
2018-10-18 02:00:00,0.99488,0.99756,0.99208,0.99594,92855.65,0.99588
2018-10-17 02:00:00,0.99052,0.99583,0.9903,0.99487,87003.47,0.9948
2018-10-16 02:00:00,0.98714,0.99104,0.98597,0.99052,77538.09,0.99045
2018-10-15 02:00:00,0.9909,0.99128,0.98486,0.98713,88136.5,0.98706
2018-10-14 02:00:00,0.99131,0.99214,0.99062,0.9909,4574.56,0.99084
2018-10-13 02:00:00,0.99177,0.99177,0.99177,0.99177,0.0,0.9916
2018-10-12 02:00:00,0.99009,0.99309,0.98825,0.99177,96926.33,0.9916
2018-10-11 02:00:00,0.98836,0.99231,0.98574,0.9901,139594.37,0.99004
2018-10-10 02:00:00,0.99182,0.99346,0.98782,0.98835,101856.06,0.98829
2018-10-09 02:00:00,0.99243,0.99564,0.99117,0.99182,101583.52,0.99176
2018-10-08 02:00:00,0.99154,0.99453,0.99078,0.99243,74935.18,0.99236
2018-10-07 02:00:00,0.99268,0.99325,0.99142,0.99154,3924.4,0.99146
2018-10-06 02:00:00,0.99229,0.99229,0.99229,0.99229,0.0,0.99208
2018-10-05 02:00:00,0.99153,0.99555,0.99108,0.99229,93775.54,0.99208
2018-10-04 02:00:00,0.99209,0.99348,0.98923,0.99151,100448.37,0.99144
2018-10-03 02:00:00,0.98401,0.99264,0.98341,0.99209,102311.63,0.99202
2018-10-02 02:00:00,0.98372,0.98634,0.98297,0.98401,91852.4,0.98396
2018-10-01 02:00:00,0.9815,0.98566,0.98078,0.98372,91257.16,0.98365
2018-09-30 02:00:00,0.98127,0.98177,0.98063,0.98149,3153.13,0.98141
2018-09-29 02:00:00,0.98216,0.98216,0.98216,0.98216,0.0,0.9819
2018-09-28 02:00:00,0.97711,0.98216,0.9738,0.98216,90103.04,0.9819
2018-09-27 02:00:00,0.96531,0.97834,0.96502,0.97711,95918.75,0.97702
2018-09-26 02:00:00,0.96537,0.97022,0.96243,0.96531,89946.2,0.96523
2018-09-25 02:00:00,0.9647,0.96716,0.96367,0.96539,78967.13,0.96533
2018-09-24 02:00:00,0.95875,0.96514,0.95807,0.9647,68211.16,0.96463
2018-09-23 02:00:00,0.95987,0.9602,0.95819,0.95874,1686.74,0.95867
2018-09-22 02:00:00,0.9588,0.9588,0.9588,0.9588,0.0,0.9583
2018-09-21 02:00:00,0.959,0.95989,0.95428,0.9588,87045.6,0.9583
2018-09-20 02:00:00,0.96753,0.96774,0.95874,0.95899,86461.75,0.95892
2018-09-19 02:00:00,0.96387,0.97011,0.96349,0.96752,86419.43,0.96746
2018-09-18 02:00:00,0.96272,0.96564,0.96008,0.96386,83722.66,0.9638
2018-09-17 02:00:00,0.96734,0.96771,0.96123,0.96272,68420.01,0.96268
2018-09-16 02:00:00,0.96793,0.96885,0.96707,0.96733,2241.88,0.96728
2018-09-15 02:00:00,0.96761,0.96761,0.96761,0.96761,0.0,0.96741
2018-09-14 02:00:00,0.96636,0.96764,0.96351,0.96761,72369.01,0.96741
2018-09-13 02:00:00,0.97032,0.97051,0.96519,0.96637,75914.16,0.96632
2018-09-12 02:00:00,0.97313,0.97503,0.96963,0.97032,82093.99,0.97024
2018-09-11 02:00:00,0.97485,0.97595,0.97208,0.97313,85816.7,0.97306
2018-09-10 02:00:00,0.96884,0.97561,0.96883,0.97483,81089.16,0.97476
2018-09-09 02:00:00,0.96996,0.96996,0.96868,0.96884,1485.29,0.96877
2018-09-08 02:00:00,0.96971,0.96971,0.96971,0.96971,0.0,0.96917
2018-09-07 02:00:00,0.96545,0.97004,0.96422,0.96971,99132.13,0.96917
2018-09-06 02:00:00,0.97129,0.97129,0.96511,0.96547,104515.77,0.96544
2018-09-05 02:00:00,0.97403,0.97545,0.9709,0.97129,105695.78,0.97123
2018-09-04 02:00:00,0.96943,0.97678,0.96918,0.97404,102153.34,0.97396
2018-09-03 02:00:00,0.9697,0.97081,0.9684,0.96945,60629.74,0.9694
2018-09-02 02:00:00,0.97076,0.97088,0.96944,0.9697,2720.02,0.96964
2018-09-01 02:00:00,0.96927,0.96927,0.96927,0.96927,0.0,0.96888
2018-08-31 02:00:00,0.96881,0.97039,0.96529,0.96927,110876.2,0.96888
2018-08-30 02:00:00,0.97054,0.97164,0.96849,0.96881,92924.6,0.96874
2018-08-29 02:00:00,0.97652,0.97766,0.97029,0.97061,100322.11,0.97053
2018-08-28 02:00:00,0.97953,0.98099,0.97457,0.97652,96568.32,0.97644
2018-08-27 02:00:00,0.98241,0.98467,0.97882,0.97953,78930.18,0.97946
2018-08-26 02:00:00,0.98427,0.98429,0.98191,0.98241,2871.61,0.98234
2018-08-25 02:00:00,0.98374,0.98374,0.98374,0.98374,0.0,0.98346
2018-08-24 02:00:00,0.98633,0.98658,0.98118,0.98374,88264.66,0.98346
2018-08-23 02:00:00,0.98337,0.98703,0.98227,0.98633,89258.62,0.98627
2018-08-22 02:00:00,0.98447,0.98544,0.98087,0.98339,90063.92,0.98334
2018-08-21 02:00:00,0.99048,0.9907,0.98435,0.98447,99858.92,0.98439
2018-08-20 02:00:00,0.99539,0.99691,0.99046,0.99048,75455.68,0.99041
2018-08-19 02:00:00,0.996,0.99605,0.99527,0.99537,2022.08,0.9953
2018-08-18 02:00:00,0.99593,0.99593,0.99593,0.99593,0.0,0.99558
2018-08-17 02:00:00,0.99747,0.99785,0.99334,0.99593,89669.24,0.99558
2018-08-16 02:00:00,0.99357,0.99754,0.99164,0.99746,98141.01,0.99739
2018-08-15 02:00:00,0.99428,0.9983,0.99266,0.99357,94256.55,0.99349
2018-08-14 02:00:00,0.99348,0.99512,0.99017,0.99428,97053.1,0.99421
2018-08-13 02:00:00,0.99455,0.99547,0.99215,0.99349,107267.0,0.99341
2018-08-12 02:00:00,0.9959,0.9959,0.99308,0.99457,4512.51,0.99449
2018-08-11 02:00:00,0.99578,0.99578,0.99578,0.99578,0.0,0.99547
2018-08-10 02:00:00,0.99409,0.99757,0.99291,0.99578,121892.92,0.99547
2018-08-09 02:00:00,0.99334,0.99517,0.98955,0.99404,79336.81,0.99398
2018-08-08 02:00:00,0.99536,0.99714,0.99246,0.99334,76397.61,0.99326
2018-08-07 02:00:00,0.99649,0.99686,0.99314,0.99539,69329.52,0.99531
2018-08-06 02:00:00,0.99469,0.99854,0.9943,0.99646,71669.65,0.99639
2018-08-05 02:00:00,0.99468,0.99512,0.99383,0.99468,2670.08,0.9946
2018-08-04 02:00:00,0.99459,0.99459,0.99459,0.99459,0.0,0.9944
2018-08-03 02:00:00,0.99559,0.99657,0.99216,0.99459,80236.64,0.9944
2018-08-02 02:00:00,0.99191,0.99592,0.99174,0.99558,83542.46,0.99551
2018-08-01 02:00:00,0.99047,0.9935,0.99037,0.99189,88245.74,0.99181
2018-07-31 02:00:00,0.98831,0.99075,0.9868,0.99047,100075.37,0.99042
2018-07-30 02:00:00,0.99418,0.99573,0.98786,0.98831,70338.36,0.98824
2018-07-29 02:00:00,0.99663,0.99663,0.99405,0.99418,1567.08,0.99412
2018-07-28 02:00:00,0.9951,0.9951,0.9951,0.9951,0.0,0.99449
2018-07-27 02:00:00,0.99411,0.99789,0.99324,0.9951,88675.74,0.99449
2018-07-26 02:00:00,0.99109,0.995,0.9904,0.99408,106489.16,0.99402
2018-07-25 02:00:00,0.99365,0.995,0.99085,0.99112,118132.43,0.99104
2018-07-24 02:00:00,0.99331,0.9955,0.99228,0.99367,101462.72,0.9936
2018-07-23 02:00:00,0.99107,0.99428,0.99018,0.9933,108612.65,0.99324
2018-07-22 02:00:00,0.9935,0.99378,0.99087,0.99107,4062.86,0.991
2018-07-21 02:00:00,0.99312,0.99312,0.99312,0.99312,0.0,0.99268
2018-07-20 02:00:00,0.99886,1.00112,0.99165,0.99312,120064.9,0.99268
2018-07-19 02:00:00,0.9989,1.00441,0.99589,0.99887,127711.36,0.9988
2018-07-18 02:00:00,1.00051,1.00354,0.99835,0.99892,104558.75,0.99884
2018-07-17 02:00:00,0.99696,1.00058,0.99277,1.00052,101710.3,1.00045
2018-07-16 02:00:00,1.00237,1.00248,0.99635,0.99697,89906.72,0.99689
2018-07-15 02:00:00,1.00171,1.00255,1.00143,1.00237,2729.31,1.00229
2018-07-14 02:00:00,1.00205,1.00205,1.00205,1.00205,0.0,1.0017
2018-07-13 02:00:00,1.00284,1.00687,1.00154,1.00205,112059.31,1.0017
2018-07-12 02:00:00,0.99571,1.00329,0.99483,1.00284,104429.37,1.00278
2018-07-11 02:00:00,0.99275,0.99664,0.99059,0.99569,128704.82,0.9956
2018-07-10 02:00:00,0.99149,0.99623,0.99105,0.99275,97514.1,0.9927
2018-07-09 02:00:00,0.98945,0.99307,0.98584,0.9915,101037.56,0.99143
2018-07-08 02:00:00,0.99072,0.99085,0.98929,0.98945,3973.43,0.98937
2018-07-07 02:00:00,0.99002,0.99002,0.99002,0.99002,0.0,0.98988
2018-07-06 02:00:00,0.99331,0.99447,0.9885,0.99002,85968.63,0.98988
2018-07-05 02:00:00,0.9925,0.99471,0.99107,0.99331,101435.11,0.99322
2018-07-04 02:00:00,0.99214,0.99403,0.99062,0.99252,79753.26,0.99246
2018-07-03 02:00:00,0.99345,0.99505,0.99135,0.99213,92852.47,0.99205
2018-07-02 02:00:00,0.99039,0.99662,0.99036,0.99345,91574.9,0.99339
2018-07-01 02:00:00,0.99037,0.99255,0.98994,0.99038,6654.15,0.99032
2018-06-30 02:00:00,0.99094,0.99094,0.99094,0.99094,0.0,0.9905
2018-06-29 02:00:00,0.99769,0.9979,0.98948,0.99094,109979.9,0.9905
2018-06-28 02:00:00,0.99689,0.99932,0.99605,0.9977,110843.69,0.99762
2018-06-27 02:00:00,0.99104,0.99791,0.9892,0.99689,125709.27,0.99682
2018-06-26 02:00:00,0.98717,0.99239,0.98591,0.99106,108070.98,0.99098
2018-06-25 02:00:00,0.98808,0.98911,0.98565,0.98717,96544.31,0.9871
2018-06-24 02:00:00,0.98888,0.98927,0.98762,0.98808,2661.86,0.988
2018-06-23 02:00:00,0.98822,0.98822,0.98822,0.98822,0.0,0.98782
2018-06-22 02:00:00,0.99174,0.99199,0.98741,0.98822,97762.35,0.98782
2018-06-21 02:00:00,0.99619,0.99862,0.98978,0.99174,126142.34,0.99168
2018-06-20 02:00:00,0.99438,0.99835,0.99373,0.99619,101921.32,0.99613
2018-06-19 02:00:00,0.9944,0.99783,0.99186,0.99438,116938.19,0.99429
2018-06-18 02:00:00,0.99778,0.99909,0.99364,0.99436,88824.94,0.99431
2018-06-17 02:00:00,0.998,0.99802,0.9972,0.99779,2132.05,0.99773
2018-06-16 02:00:00,0.99805,0.99805,0.99805,0.99805,0.0,0.9973
2018-06-15 02:00:00,0.99716,0.99889,0.9946,0.99805,104085.67,0.9973
2018-06-14 02:00:00,0.98476,0.99754,0.9826,0.9971,109394.61,0.99704
2018-06-13 02:00:00,0.98711,0.9896,0.9841,0.98475,89108.34,0.98468
2018-06-12 02:00:00,0.98653,0.98843,0.9831,0.98712,97050.79,0.98704
2018-06-11 02:00:00,0.98494,0.98745,0.98399,0.98651,81166.96,0.98646
2018-06-10 02:00:00,0.98515,0.98532,0.98467,0.98494,1577.44,0.98488
2018-06-09 02:00:00,0.98564,0.98564,0.98564,0.98564,0.0,0.98511
2018-06-08 02:00:00,0.98093,0.98885,0.98029,0.98564,95056.35,0.98511
2018-06-07 02:00:00,0.98613,0.98652,0.97891,0.98093,97704.24,0.98088
2018-06-06 02:00:00,0.98437,0.98865,0.98365,0.98613,91367.47,0.98607
2018-06-05 02:00:00,0.98832,0.98939,0.9831,0.98439,93879.88,0.9843
2018-06-04 02:00:00,0.9888,0.98952,0.98309,0.98832,73517.07,0.98825
2018-06-03 02:00:00,0.989,0.99035,0.98813,0.98882,1857.7,0.98877
2018-06-02 02:00:00,0.98804,0.98804,0.98804,0.98804,0.0,0.98786
2018-06-01 02:00:00,0.98513,0.99136,0.98432,0.98804,105903.53,0.98786
2018-05-31 02:00:00,0.98874,0.98917,0.9827,0.98515,116088.04,0.98508
2018-05-30 02:00:00,0.99088,0.99361,0.98793,0.98873,130089.79,0.98866
2018-05-29 02:00:00,0.99358,0.9984,0.98514,0.99087,135383.24,0.9908
2018-05-28 02:00:00,0.99224,0.99585,0.99113,0.99358,76793.98,0.99352
2018-05-27 02:00:00,0.99223,0.99359,0.99108,0.99225,5477.38,0.9922
2018-05-26 02:00:00,0.99051,0.99051,0.99051,0.99051,0.0,0.99008
2018-05-25 02:00:00,0.9913,0.99377,0.98961,0.99051,109541.64,0.99008
2018-05-24 02:00:00,0.9944,0.99481,0.98866,0.99135,117912.56,0.99129
2018-05-23 02:00:00,0.99208,0.99789,0.98947,0.9944,128152.58,0.99432
2018-05-22 02:00:00,0.9969,0.99912,0.99186,0.99208,89521.58,0.99202
2018-05-21 02:00:00,0.99815,1.00022,0.99659,0.99691,85624.6,0.99685
2018-05-20 02:00:00,0.99755,0.99843,0.99738,0.99812,2935.22,0.99806
2018-05-19 02:00:00,0.99784,0.99784,0.99784,0.99784,0.0,0.99761
2018-05-18 02:00:00,1.00179,1.00192,0.99511,0.99784,81257.2,0.99761
2018-05-17 02:00:00,1.00064,1.00341,0.99878,1.00179,98132.08,1.00174
2018-05-16 02:00:00,1.00148,1.00199,0.99852,1.00064,104520.85,1.00058
2018-05-15 02:00:00,1.00037,1.00422,0.99842,1.00148,102339.7,1.00141
2018-05-14 02:00:00,1.00004,1.00151,0.99584,1.00037,75057.78,1.0003
2018-05-13 02:00:00,1.00083,1.00087,0.99978,1.00003,2816.51,0.99998
2018-05-12 02:00:00,1.00072,1.00072,1.00072,1.00072,0.0,1.00038
2018-05-11 02:00:00,1.00312,1.00405,0.99772,1.00072,84964.47,1.00038
2018-05-10 02:00:00,1.00562,1.00573,0.99951,1.00311,112896.7,1.00304
2018-05-09 02:00:00,1.00127,1.00573,1.00046,1.00562,107550.62,1.00555
2018-05-08 02:00:00,1.00204,1.00459,1.00037,1.00127,107056.32,1.00122
2018-05-07 02:00:00,1.00072,1.0057,0.99848,1.00203,88049.26,1.00196
2018-05-06 02:00:00,1.00073,1.00085,1.00016,1.00072,1662.15,1.00066
2018-05-05 02:00:00,1.00027,1.00027,1.00027,1.00027,0.0,0.99998
2018-05-04 02:00:00,0.99745,1.00234,0.99668,1.00027,83090.11,0.99998
2018-05-03 02:00:00,0.99941,0.99998,0.99565,0.99744,118728.66,0.99739
2018-05-02 02:00:00,0.99672,1.00007,0.99371,0.9994,125468.9,0.99934
2018-05-01 02:00:00,0.99082,0.99731,0.99076,0.99673,86757.59,0.99666
2018-04-30 02:00:00,0.98824,0.99216,0.98731,0.99082,99893.51,0.99074
2018-04-29 02:00:00,0.98858,0.98859,0.98748,0.98825,2131.33,0.98818
2018-04-28 02:00:00,0.98807,0.98807,0.98807,0.98807,0.0,0.98785
2018-04-27 02:00:00,0.98911,0.99214,0.98725,0.98807,93914.13,0.98785
2018-04-26 02:00:00,0.98278,0.98975,0.98173,0.98911,107866.46,0.98904
2018-04-25 02:00:00,0.97889,0.98488,0.97882,0.98277,91596.59,0.98272
2018-04-24 02:00:00,0.97819,0.98106,0.97682,0.97889,97341.12,0.97882
2018-04-23 02:00:00,0.97606,0.97891,0.97478,0.9782,90351.17,0.97814
2018-04-22 02:00:00,0.97509,0.97627,0.97493,0.97606,4524.22,0.97599
2018-04-21 02:00:00,0.97512,0.97512,0.97512,0.97512,0.0,0.9749
2018-04-20 02:00:00,0.97172,0.97604,0.97082,0.97512,84545.64,0.9749
2018-04-19 02:00:00,0.96862,0.97248,0.96677,0.9717,99961.56,0.97164
2018-04-18 02:00:00,0.96674,0.96994,0.96509,0.96864,96792.4,0.96858
2018-04-17 02:00:00,0.9596,0.96792,0.95816,0.96673,82786.79,0.96666
2018-04-16 02:00:00,0.96324,0.96363,0.95782,0.9596,69193.14,0.95953
2018-04-15 02:00:00,0.96273,0.96429,0.96163,0.96323,2875.05,0.96316
2018-04-14 02:00:00,0.96303,0.96303,0.96303,0.96303,0.0,0.96228
2018-04-13 02:00:00,0.96242,0.96398,0.96004,0.96303,79809.63,0.96228
2018-04-12 02:00:00,0.95745,0.96471,0.95711,0.96242,105595.51,0.96235
2018-04-11 02:00:00,0.95647,0.95971,0.95567,0.95747,96613.26,0.9574
2018-04-10 02:00:00,0.95629,0.95819,0.9535,0.95651,101342.52,0.95645
2018-04-09 02:00:00,0.95945,0.96104,0.9559,0.9563,92056.28,0.95623
2018-04-08 02:00:00,0.95938,0.95968,0.95872,0.95946,4196.64,0.9594
2018-04-07 02:00:00,0.95956,0.95956,0.95956,0.95956,0.0,0.95906
2018-04-06 02:00:00,0.9624,0.96504,0.9579,0.95956,116973.9,0.95906
2018-04-05 02:00:00,0.96022,0.96405,0.95988,0.96241,94829.1,0.96234
2018-04-04 02:00:00,0.95854,0.96121,0.95519,0.96022,90002.03,0.96015
2018-04-03 02:00:00,0.95527,0.9598,0.95337,0.95855,95827.8,0.95848
2018-04-02 02:00:00,0.95474,0.95653,0.95277,0.95524,62617.14,0.95516
2018-04-01 02:00:00,0.95385,0.95504,0.95385,0.95473,2381.0,0.95466
2018-03-31 02:00:00,0.95507,0.95507,0.95507,0.95507,0.0,0.95425
2018-03-30 02:00:00,0.95648,0.95649,0.95245,0.95507,43528.22,0.95425
2018-03-29 02:00:00,0.95668,0.95841,0.95484,0.95647,89459.71,0.9563
2018-03-28 02:00:00,0.94653,0.95789,0.94627,0.95668,112314.08,0.9566
2018-03-27 02:00:00,0.94509,0.95097,0.9435,0.94651,104224.94,0.94644
2018-03-26 02:00:00,0.94728,0.94896,0.94339,0.94509,93405.44,0.94502
2018-03-25 01:00:00,0.94794,0.94795,0.94602,0.9473,2513.99,0.94722
2018-03-24 01:00:00,0.94762,0.94762,0.94762,0.94762,0.0,0.94732
2018-03-23 01:00:00,0.94666,0.94961,0.94458,0.94762,119954.55,0.94732
2018-03-22 01:00:00,0.94876,0.95158,0.94594,0.94665,129705.86,0.94658
2018-03-21 01:00:00,0.95607,0.95625,0.9485,0.94876,109687.22,0.94868
2018-03-20 01:00:00,0.95131,0.95707,0.95027,0.95607,89010.98,0.956
2018-03-19 01:00:00,0.95295,0.95522,0.94954,0.9513,114946.23,0.95124
2018-03-18 01:00:00,0.95271,0.95331,0.95228,0.95295,2274.02,0.95287
2018-03-17 01:00:00,0.95236,0.95236,0.95236,0.95236,0.0,0.95213
2018-03-16 01:00:00,0.95146,0.95483,0.94861,0.95236,94678.09,0.95213
2018-03-15 01:00:00,0.94453,0.95207,0.94342,0.95143,110130.07,0.95136
2018-03-14 01:00:00,0.94374,0.94808,0.9425,0.94453,97822.96,0.94446
2018-03-13 01:00:00,0.94738,0.94947,0.94302,0.94374,112037.96,0.94368
2018-03-12 01:00:00,0.95094,0.95118,0.946,0.94737,93779.55,0.9473
2018-03-11 01:00:00,0.95134,0.95172,0.95087,0.95097,3390.29,0.9509
2018-03-10 01:00:00,0.95161,0.95161,0.95161,0.95161,0.0,0.9514
2018-03-09 01:00:00,0.95156,0.95353,0.94885,0.95161,120010.79,0.9514
2018-03-08 01:00:00,0.94352,0.9521,0.94225,0.95157,131299.36,0.9515
2018-03-07 01:00:00,0.93837,0.94434,0.93579,0.94351,132928.49,0.94346
2018-03-06 01:00:00,0.9399,0.94197,0.93603,0.93837,129091.1,0.9383
2018-03-05 01:00:00,0.93725,0.94083,0.93538,0.9399,130745.94,0.93984
2018-03-04 01:00:00,0.93838,0.93838,0.93525,0.93724,11034.23,0.93717
2018-03-03 01:00:00,0.93812,0.93812,0.93812,0.93812,0.0,0.93742
2018-03-02 01:00:00,0.9416,0.94249,0.93394,0.93812,141024.12,0.93742
2018-03-01 01:00:00,0.94458,0.94911,0.94106,0.9416,144558.94,0.94153
2018-02-28 01:00:00,0.9396,0.9459,0.93886,0.94457,127648.22,0.94452
2018-02-27 01:00:00,0.93877,0.94179,0.93591,0.9396,128516.85,0.93952
2018-02-26 01:00:00,0.93731,0.9392,0.93263,0.93877,106454.1,0.93872
2018-02-25 01:00:00,0.93729,0.93755,0.93653,0.9373,3677.81,0.93722
2018-02-24 01:00:00,0.93682,0.93682,0.93682,0.93682,0.0,0.93626
2018-02-23 01:00:00,0.9333,0.93748,0.93287,0.93682,103790.46,0.93626
2018-02-22 01:00:00,0.93884,0.941,0.93257,0.9333,122192.65,0.93323
2018-02-21 01:00:00,0.93652,0.93975,0.93435,0.93883,131238.91,0.93876
2018-02-20 01:00:00,0.92946,0.93703,0.92903,0.93652,117906.69,0.93645
2018-02-19 01:00:00,0.92737,0.93205,0.92637,0.92945,89935.58,0.92938
2018-02-18 01:00:00,0.92862,0.92866,0.92654,0.92737,2467.28,0.9273
2018-02-17 01:00:00,0.92811,0.92811,0.92811,0.92811,0.0,0.92765
2018-02-16 01:00:00,0.92235,0.92887,0.91881,0.92811,135033.35,0.92765
2018-02-15 01:00:00,0.92766,0.9292,0.92112,0.92237,140815.3,0.92228
2018-02-14 01:00:00,0.93543,0.93752,0.9274,0.92764,144594.17,0.92757
2018-02-13 01:00:00,0.9389,0.93993,0.9323,0.93542,117350.78,0.93535
2018-02-12 01:00:00,0.93977,0.94021,0.93644,0.93889,115059.39,0.93882
2018-02-11 01:00:00,0.94093,0.94093,0.93962,0.93977,3108.68,0.9397
2018-02-10 01:00:00,0.93975,0.93975,0.93975,0.93975,0.0,0.93947
2018-02-09 01:00:00,0.93528,0.94096,0.93528,0.93975,160810.47,0.93947
2018-02-08 01:00:00,0.94263,0.94706,0.93498,0.93523,176496.87,0.93516
2018-02-07 01:00:00,0.93628,0.94554,0.93408,0.94262,160577.39,0.94255
2018-02-06 01:00:00,0.93144,0.93985,0.93072,0.93627,222265.29,0.9362
2018-02-05 01:00:00,0.93136,0.93773,0.9288,0.93147,158707.47,0.9314
2018-02-04 01:00:00,0.93363,0.93363,0.93094,0.93136,5369.43,0.9313
2018-02-03 01:00:00,0.9323,0.9323,0.9323,0.9323,0.0,0.9314
2018-02-02 01:00:00,0.92612,0.93373,0.9259,0.9323,156604.76,0.9314
2018-02-01 01:00:00,0.93139,0.93423,0.92569,0.92612,146263.96,0.92605
2018-01-31 01:00:00,0.93474,0.93599,0.929,0.9314,158730.82,0.93134
2018-01-30 01:00:00,0.93753,0.93944,0.93107,0.93474,158659.66,0.93468
2018-01-29 01:00:00,0.93359,0.93874,0.93358,0.93753,148419.08,0.93746
2018-01-28 01:00:00,0.93428,0.93601,0.93354,0.93357,4825.74,0.9335
2018-01-27 01:00:00,0.93402,0.93402,0.93402,0.93402,0.0,0.93366
2018-01-26 01:00:00,0.94187,0.94256,0.93241,0.93402,172026.33,0.93366
2018-01-25 01:00:00,0.94652,0.94671,0.929,0.94187,209440.66,0.9418
2018-01-24 01:00:00,0.95687,0.95773,0.94274,0.94652,144386.59,0.94645
2018-01-23 01:00:00,0.96223,0.96343,0.95661,0.95687,110443.88,0.9568
2018-01-22 01:00:00,0.96164,0.96406,0.95933,0.96219,104919.1,0.96212
2018-01-21 01:00:00,0.96097,0.96288,0.96068,0.96165,3188.34,0.96158
2018-01-20 01:00:00,0.9646,0.9646,0.9646,0.9646,0.0,0.96429
2018-01-19 01:00:00,0.95911,0.9646,0.95363,0.9646,132640.55,0.96429
2018-01-18 01:00:00,0.96527,0.96578,0.95756,0.95912,140236.01,0.95904
2018-01-17 01:00:00,0.95925,0.96703,0.95732,0.9653,149066.52,0.96523
2018-01-16 01:00:00,0.96334,0.96662,0.95819,0.95925,126397.29,0.9592
2018-01-15 01:00:00,0.96828,0.96857,0.96036,0.96335,104036.27,0.96328
2018-01-14 01:00:00,0.96857,0.96857,0.96717,0.96828,3469.01,0.9682
2018-01-13 01:00:00,0.9682,0.9682,0.9682,0.9682,0.0,0.9674
2018-01-12 01:00:00,0.97576,0.97714,0.96666,0.9682,126442.08,0.9674
2018-01-11 01:00:00,0.9778,0.98169,0.97327,0.97577,114605.63,0.9757
2018-01-10 01:00:00,0.98407,0.98462,0.97552,0.97779,118340.86,0.97772
2018-01-09 01:00:00,0.97748,0.98425,0.97662,0.98407,86494.65,0.98399
2018-01-08 01:00:00,0.97516,0.97849,0.97467,0.97746,70925.89,0.97742
2018-01-07 01:00:00,0.97545,0.97605,0.97469,0.97518,2107.6,0.97511
2018-01-06 01:00:00,0.97511,0.97511,0.97511,0.97511,0.0,0.9747
2018-01-05 01:00:00,0.97458,0.97853,0.97401,0.97511,79958.23,0.9747
2018-01-04 01:00:00,0.97721,0.97813,0.97378,0.97458,80435.26,0.97452
2018-01-03 01:00:00,0.9716,0.9798,0.97152,0.97721,75154.72,0.97715
2018-01-02 01:00:00,0.97491,0.97492,0.97001,0.9716,86357.42,0.97152
2018-01-01 01:00:00,0.97702,0.97702,0.97366,0.97493,6427.15,0.97487
2017-12-31 01:00:00,0.97512,0.97512,0.97512,0.97512,0.0,0.9746
2017-12-30 01:00:00,0.97512,0.97512,0.97512,0.97512,0.0,0.9746
2017-12-29 01:00:00,0.97891,0.97895,0.97349,0.97512,78279.93,0.9746
2017-12-28 01:00:00,0.98599,0.98614,0.97721,0.9789,93113.31,0.97883
2017-12-27 01:00:00,0.98992,0.99043,0.98549,0.98597,78495.86,0.9859
2017-12-26 01:00:00,0.98921,0.99165,0.9887,0.9899,46962.91,0.98984
2017-12-25 01:00:00,0.99083,0.99156,0.98812,0.98922,3451.58,0.98914
2017-12-24 01:00:00,0.99086,0.99086,0.9901,0.99084,99.76,0.98953
2017-12-23 01:00:00,0.98884,0.98884,0.98884,0.98884,0.0,0.98838
2017-12-22 01:00:00,0.98888,0.99122,0.98856,0.98884,84443.44,0.98838
2017-12-21 01:00:00,0.98644,0.99106,0.98559,0.98888,81159.09,0.98882
2017-12-20 01:00:00,0.98567,0.98861,0.98291,0.98644,89507.76,0.98634
2017-12-19 01:00:00,0.98577,0.98793,0.98354,0.98565,97075.32,0.9856
2017-12-18 01:00:00,0.99136,0.99184,0.98404,0.98577,90164.68,0.98568
2017-12-17 01:00:00,0.99111,0.99154,0.99071,0.99137,6803.49,0.99124
2017-12-16 01:00:00,0.99124,0.99124,0.99124,0.99124,0.0,0.99066
2017-12-15 01:00:00,0.9891,0.99351,0.98742,0.99124,101071.88,0.99066
2017-12-14 01:00:00,0.98561,0.99053,0.98407,0.98909,106178.65,0.98903
2017-12-13 01:00:00,0.99156,0.99292,0.98432,0.98561,98348.02,0.98554
2017-12-12 01:00:00,0.99154,0.99364,0.98905,0.99162,73119.2,0.99156
2017-12-11 01:00:00,0.99308,0.99314,0.98978,0.99154,76232.28,0.99146
2017-12-10 01:00:00,0.99356,0.99461,0.99283,0.99305,1503.19,0.99299
2017-12-09 01:00:00,0.99343,0.99343,0.99343,0.99343,0.0,0.99295
2017-12-08 01:00:00,0.99483,0.99783,0.99247,0.99343,77995.95,0.99295
2017-12-07 01:00:00,0.98941,0.99485,0.98924,0.99482,76340.92,0.99476
2017-12-06 01:00:00,0.98763,0.99104,0.98556,0.9894,88628.69,0.98936
2017-12-05 01:00:00,0.98478,0.98882,0.98379,0.98763,92910.8,0.98756
2017-12-04 01:00:00,0.98253,0.98677,0.98123,0.98478,100573.05,0.9847
2017-12-03 01:00:00,0.98157,0.98254,0.97953,0.98254,4081.84,0.98248
2017-12-02 01:00:00,0.97631,0.97631,0.97631,0.97631,0.0,0.9759
2017-12-01 01:00:00,0.98407,0.98714,0.97359,0.97631,128990.21,0.9759
2017-11-30 01:00:00,0.9846,0.9883,0.98167,0.98409,106392.66,0.98403
2017-11-29 01:00:00,0.98421,0.98705,0.98193,0.98461,104303.3,0.98453
2017-11-28 01:00:00,0.98144,0.98565,0.9803,0.98421,104542.35,0.98414
2017-11-27 01:00:00,0.9805,0.98248,0.97792,0.98143,82517.54,0.98136
2017-11-26 01:00:00,0.97982,0.98069,0.97908,0.9805,2817.41,0.98044
2017-11-25 01:00:00,0.98038,0.98038,0.98038,0.98038,0.0,0.97956
2017-11-24 01:00:00,0.98175,0.98277,0.97861,0.98038,103720.5,0.97956
2017-11-23 01:00:00,0.98223,0.98289,0.97958,0.98175,98004.5,0.98169
2017-11-22 01:00:00,0.99067,0.99116,0.98133,0.98223,102039.29,0.98218
2017-11-21 01:00:00,0.99338,0.99473,0.98996,0.99067,94090.82,0.9906
2017-11-20 01:00:00,0.98964,0.99386,0.98795,0.99338,99538.44,0.99332
2017-11-19 01:00:00,0.98913,0.99026,0.98854,0.98965,7914.3,0.98957
2017-11-18 01:00:00,0.98912,0.98912,0.98912,0.98912,0.0,0.98877
2017-11-17 01:00:00,0.99357,0.99366,0.98768,0.98912,94202.96,0.98877
2017-11-16 01:00:00,0.9886,0.99459,0.98837,0.99359,88213.94,0.99353
2017-11-15 01:00:00,0.98979,0.99118,0.9847,0.98861,112956.45,0.98854
2017-11-14 01:00:00,0.99656,0.99713,0.98822,0.98979,84722.96,0.98973
2017-11-13 01:00:00,0.99676,0.99876,0.99369,0.99656,70345.14,0.99648
2017-11-12 01:00:00,0.99669,0.99694,0.99578,0.99676,4013.31,0.99667
2017-11-11 01:00:00,0.99631,0.99631,0.99631,0.99631,0.0,0.99603
2017-11-10 01:00:00,0.99405,0.9969,0.9926,0.99631,80547.0,0.99603
2017-11-09 01:00:00,0.99996,1.00183,0.99224,0.99411,113685.98,0.99404
2017-11-08 01:00:00,0.99838,1.00072,0.99817,0.99996,83266.93,0.9999
2017-11-07 01:00:00,0.99783,1.00201,0.99741,0.99838,104072.74,0.99832
2017-11-06 01:00:00,1.00042,1.00299,0.99734,0.99791,99956.25,0.99784
2017-11-05 01:00:00,0.99972,1.00155,0.9995,1.00043,2867.87,1.00037
2017-11-04 01:00:00,1.0008,1.0008,1.0008,1.0008,0.0,1.00055
2017-11-03 01:00:00,0.99937,1.0025,0.99493,1.0008,97782.85,1.00055
2017-11-02 01:00:00,1.00267,1.00267,0.99496,0.99936,126617.47,0.9993
2017-11-01 01:00:00,0.99779,1.00381,0.99763,1.00267,114333.91,1.0026
2017-10-28 02:00:00,0.9986,0.9986,0.9986,0.9986,0.0,0.99788
2017-10-27 02:00:00,0.99805,1.00384,0.99716,0.9986,124995.97,0.99788
2017-10-26 02:00:00,0.98903,0.99839,0.98767,0.99803,137713.87,0.99799
2017-10-25 02:00:00,0.99101,0.99403,0.98697,0.98903,146411.25,0.98896
2017-10-24 02:00:00,0.98472,0.99152,0.9839,0.99096,116339.26,0.99091
2017-10-23 02:00:00,0.98595,0.98819,0.98319,0.98471,107881.87,0.98466
2017-10-22 02:00:00,0.98543,0.98647,0.98498,0.986,4540.63,0.98595
2017-10-21 02:00:00,0.98512,0.98512,0.98512,0.98512,0.0,0.9845
2017-10-20 02:00:00,0.97637,0.98532,0.97576,0.98512,129007.94,0.9845
2017-10-19 02:00:00,0.98123,0.98126,0.97376,0.97636,126370.6,0.97628
2017-10-18 02:00:00,0.97803,0.9837,0.97747,0.98123,113393.38,0.98116
2017-10-17 02:00:00,0.97547,0.98096,0.97539,0.97802,106038.82,0.97797
2017-10-16 02:00:00,0.97468,0.97695,0.97303,0.97548,101289.38,0.97542
2017-10-15 02:00:00,0.97567,0.97592,0.97443,0.97468,2963.86,0.97463
2017-10-14 02:00:00,0.97485,0.97485,0.97485,0.97485,0.0,0.97456
2017-10-13 02:00:00,0.97509,0.97721,0.97057,0.97485,99920.26,0.97456
2017-10-12 02:00:00,0.97327,0.97642,0.97127,0.97509,104636.71,0.97503
2017-10-11 02:00:00,0.97472,0.97678,0.97172,0.97329,110900.09,0.97321
2017-10-10 02:00:00,0.9798,0.98004,0.97361,0.97469,102165.51,0.97463
2017-10-09 02:00:00,0.97798,0.98082,0.97749,0.9798,66889.79,0.97974
2017-10-08 02:00:00,0.97895,0.97895,0.97757,0.97798,2706.22,0.97791
2017-10-07 02:00:00,0.97825,0.97825,0.97825,0.97825,0.0,0.97784
2017-10-06 02:00:00,0.97839,0.9837,0.97715,0.97825,109928.05,0.97784
2017-10-05 02:00:00,0.97546,0.97963,0.97437,0.97839,97673.53,0.97832
2017-10-04 02:00:00,0.97325,0.97654,0.97103,0.97545,98235.58,0.97538
2017-10-03 02:00:00,0.97466,0.97873,0.97292,0.97324,99645.92,0.97316
2017-10-02 02:00:00,0.96836,0.97554,0.96832,0.97467,112417.86,0.97458
2017-10-01 02:00:00,0.96949,0.96979,0.96828,0.96836,3601.9,0.9683
2017-09-30 02:00:00,0.96846,0.96846,0.96846,0.96846,0.0,0.96806
2017-09-29 02:00:00,0.9708,0.97217,0.96707,0.96846,111963.49,0.96806
2017-09-28 02:00:00,0.972,0.97596,0.96991,0.97082,127012.27,0.97072
2017-09-27 02:00:00,0.96953,0.97702,0.96944,0.97201,144391.36,0.97192
2017-09-26 02:00:00,0.96635,0.97276,0.96534,0.96953,142150.41,0.96945
2017-09-25 02:00:00,0.9709,0.97466,0.96433,0.96633,133020.23,0.96624
2017-09-24 02:00:00,0.97126,0.97197,0.97015,0.97091,5948.72,0.97082
2017-09-23 02:00:00,0.96961,0.96961,0.96961,0.96961,0.0,0.96942
2017-09-22 02:00:00,0.97046,0.97085,0.96691,0.96961,137480.63,0.96942
2017-09-21 02:00:00,0.9714,0.97485,0.96859,0.97046,298453.46,0.97036
2017-09-20 02:00:00,0.9626,0.9719,0.95904,0.97138,184219.5,0.97131
2017-09-19 02:00:00,0.96155,0.96497,0.95958,0.9626,137165.4,0.96253
2017-09-18 02:00:00,0.96086,0.96417,0.95811,0.96155,123337.19,0.9615
2017-09-17 02:00:00,0.9615,0.96175,0.95973,0.96087,2606.97,0.9608
2017-09-16 02:00:00,0.95997,0.95997,0.95997,0.95997,0.0,0.95962
2017-09-15 02:00:00,0.96155,0.9648,0.95657,0.95997,125028.44,0.95962
2017-09-14 02:00:00,0.96373,0.97061,0.96153,0.96155,152292.56,0.96148
2017-09-13 02:00:00,0.96018,0.96612,0.95847,0.96373,135655.48,0.96366
2017-09-12 02:00:00,0.9564,0.96186,0.95469,0.96017,146255.74,0.9601
2017-09-11 02:00:00,0.94767,0.95701,0.94767,0.9564,141808.16,0.95634
2017-09-10 02:00:00,0.94787,0.94794,0.94661,0.94766,5812.75,0.9476
2017-09-09 02:00:00,0.94463,0.94463,0.94463,0.94463,0.0,0.94428
2017-09-08 02:00:00,0.94971,0.95016,0.94216,0.94463,169105.45,0.94428
2017-09-07 02:00:00,0.95585,0.95706,0.94944,0.94971,153591.91,0.94964
2017-09-06 02:00:00,0.95382,0.95951,0.95285,0.95586,140180.35,0.95578
2017-09-05 02:00:00,0.95891,0.9615,0.9535,0.95383,142102.2,0.95375
2017-09-04 02:00:00,0.96099,0.96186,0.95526,0.95893,110164.98,0.95886
2017-09-03 02:00:00,0.9602,0.9616,0.95932,0.96099,11457.21,0.96092
2017-09-02 02:00:00,0.96501,0.96501,0.96501,0.96501,0.0,0.96468
2017-09-01 02:00:00,0.9597,0.96532,0.95472,0.96501,116452.63,0.96468
2017-08-31 02:00:00,0.96385,0.96803,0.95784,0.9597,134022.96,0.95962
2017-08-30 02:00:00,0.95588,0.96463,0.9539,0.96385,129538.39,0.96378
2017-08-29 02:00:00,0.9525,0.95714,0.94288,0.9559,142282.49,0.9558
2017-08-28 02:00:00,0.9555,0.95792,0.95,0.9525,106175.14,0.95244
2017-08-27 02:00:00,0.95582,0.95596,0.95456,0.9555,14278.93,0.95542
2017-08-26 02:00:00,0.95723,0.95723,0.95723,0.95723,0.0,0.95684
2017-08-25 02:00:00,0.96542,0.96634,0.95512,0.95723,118335.81,0.95684
2017-08-24 02:00:00,0.96499,0.96695,0.96208,0.96542,91190.69,0.96533
2017-08-23 02:00:00,0.9687,0.9699,0.96422,0.965,148607.86,0.96492
2017-08-22 02:00:00,0.96249,0.96893,0.96208,0.9687,85856.31,0.96864
2017-08-21 02:00:00,0.96578,0.96861,0.96011,0.96248,84049.35,0.96241
2017-08-20 02:00:00,0.96644,0.96649,0.96485,0.96579,8253.49,0.96573
2017-08-19 02:00:00,0.9652,0.9652,0.9652,0.9652,0.0,0.965
2017-08-18 02:00:00,0.96235,0.96707,0.95869,0.9652,96946.64,0.965
2017-08-17 02:00:00,0.96512,0.96993,0.9606,0.9624,116750.3,0.96232
2017-08-16 02:00:00,0.97256,0.97662,0.96491,0.96511,112552.66,0.96505
2017-08-15 02:00:00,0.97265,0.97595,0.97028,0.97252,99893.42,0.97246
2017-08-14 02:00:00,0.96301,0.97333,0.96241,0.97266,95157.77,0.97261
2017-08-13 02:00:00,0.96319,0.96358,0.96201,0.963,8890.26,0.96293
2017-08-12 02:00:00,0.96231,0.96231,0.96231,0.96231,0.0,0.96182
2017-08-11 02:00:00,0.96183,0.9639,0.95843,0.96231,98127.18,0.96182
2017-08-10 02:00:00,0.96357,0.96755,0.96182,0.96182,95561.61,0.96176
2017-08-09 02:00:00,0.97322,0.9735,0.96128,0.96355,111477.83,0.96349
2017-08-08 02:00:00,0.97359,0.97738,0.97104,0.97322,86604.8,0.97316
2017-08-07 02:00:00,0.9729,0.9747,0.97117,0.97361,72826.73,0.97355
2017-08-06 02:00:00,0.97355,0.97387,0.97212,0.97291,9236.79,0.97284
2017-08-05 02:00:00,0.97291,0.97291,0.97291,0.97291,0.0,0.97279
2017-08-04 02:00:00,0.96796,0.97651,0.96717,0.97291,97979.71,0.97279
2017-08-03 02:00:00,0.97061,0.97178,0.96726,0.96796,107371.42,0.9679
2017-08-02 02:00:00,0.96549,0.97143,0.96491,0.97061,115869.49,0.97054
2017-08-01 02:00:00,0.96752,0.96842,0.96318,0.96551,113203.31,0.96544
2017-07-31 02:00:00,0.96931,0.97133,0.96374,0.9675,122661.12,0.96744
2017-07-30 02:00:00,0.97004,0.97066,0.96808,0.96933,5204.79,0.96926
2017-07-29 02:00:00,0.96891,0.96891,0.96891,0.96891,0.0,0.96862
2017-07-28 02:00:00,0.96389,0.97272,0.96354,0.96891,143141.11,0.96862
2017-07-27 02:00:00,0.95131,0.96625,0.94911,0.96389,160852.28,0.96382
2017-07-26 02:00:00,0.95281,0.95958,0.94995,0.95131,178816.02,0.95124
2017-07-25 02:00:00,0.94757,0.95292,0.94562,0.9528,136650.99,0.95274
2017-07-24 02:00:00,0.9448,0.94774,0.94463,0.94757,117603.84,0.9475
2017-07-23 02:00:00,0.94603,0.94604,0.94474,0.94479,5394.64,0.94472
2017-07-22 02:00:00,0.94604,0.94604,0.94604,0.94604,0.0,0.9457
2017-07-21 02:00:00,0.9515,0.95237,0.94391,0.94604,117640.22,0.9457
2017-07-20 02:00:00,0.95484,0.96235,0.94942,0.9515,149564.57,0.95144
2017-07-19 02:00:00,0.9552,0.95613,0.95298,0.95484,103597.77,0.95477
2017-07-18 02:00:00,0.96333,0.96354,0.95244,0.95523,130026.95,0.95516
2017-07-17 02:00:00,0.9635,0.96593,0.95955,0.96336,92237.76,0.96331
2017-07-16 02:00:00,0.96367,0.96425,0.96319,0.9635,8792.59,0.96344
2017-07-15 02:00:00,0.96385,0.96385,0.96385,0.96385,0.0,0.96356
2017-07-14 02:00:00,0.96697,0.97013,0.96295,0.96385,104905.44,0.96356
2017-07-13 02:00:00,0.96513,0.96879,0.96163,0.96696,131044.19,0.9669
2017-07-12 02:00:00,0.96328,0.96626,0.96031,0.96514,117360.48,0.96508
2017-07-11 02:00:00,0.96613,0.96967,0.9625,0.96329,83406.31,0.96322
2017-07-10 02:00:00,0.96363,0.96758,0.96306,0.96613,69876.99,0.96606
2017-07-09 02:00:00,0.96422,0.9647,0.96362,0.96363,2819.33,0.96357
2017-07-08 02:00:00,0.96456,0.96456,0.96456,0.96456,0.0,0.96408
2017-07-07 02:00:00,0.96044,0.96549,0.96035,0.96456,87109.41,0.96408
2017-07-06 02:00:00,0.96447,0.96608,0.96018,0.96042,98109.85,0.96036
2017-07-05 02:00:00,0.9643,0.96887,0.96354,0.96447,93331.89,0.96442
2017-07-04 02:00:00,0.96325,0.96625,0.96222,0.9643,65258.66,0.96424
2017-07-03 02:00:00,0.9589,0.96435,0.95877,0.96325,80911.15,0.9632
2017-07-02 02:00:00,0.95944,0.9595,0.95803,0.95891,2908.71,0.95885
2017-07-01 02:00:00,0.9585,0.9585,0.9585,0.9585,0.0,0.95804
2017-06-30 02:00:00,0.95561,0.95989,0.95547,0.9585,93789.18,0.95804
2017-06-29 02:00:00,0.9597,0.95982,0.95536,0.95561,108739.8,0.95556
2017-06-28 02:00:00,0.96065,0.96481,0.95799,0.95969,115496.22,0.95964
2017-06-27 02:00:00,0.97253,0.97336,0.95926,0.96064,103239.29,0.96058
2017-06-26 02:00:00,0.96922,0.97388,0.96876,0.97253,79893.35,0.97247
2017-06-25 02:00:00,0.96996,0.9717,0.96904,0.96921,2299.11,0.96914
2017-06-24 02:00:00,0.9699,0.9699,0.9699,0.9699,0.0,0.96952
2017-06-23 02:00:00,0.97191,0.97215,0.96764,0.9699,60318.24,0.96952
2017-06-22 02:00:00,0.97258,0.9744,0.97129,0.9719,68818.53,0.97184
2017-06-21 02:00:00,0.97477,0.97543,0.9723,0.97258,70411.83,0.97251
2017-06-20 02:00:00,0.97614,0.97669,0.97263,0.97477,73885.96,0.9747
2017-06-19 02:00:00,0.97327,0.97637,0.96962,0.97615,70237.81,0.97608
2017-06-18 02:00:00,0.97508,0.97508,0.97258,0.97329,2916.85,0.97324
2017-06-17 02:00:00,0.97403,0.97403,0.97403,0.97403,0.0,0.97382
2017-06-16 02:00:00,0.97522,0.97579,0.97275,0.97403,72640.82,0.97382
2017-06-15 02:00:00,0.97143,0.97713,0.97046,0.97524,91892.63,0.97516
2017-06-14 02:00:00,0.9689,0.97365,0.96414,0.97143,110290.28,0.97136
2017-06-13 02:00:00,0.9691,0.97013,0.96628,0.9689,64471.92,0.96883
2017-06-12 02:00:00,0.96914,0.96953,0.96704,0.9691,67662.66,0.96904
2017-06-11 02:00:00,0.96988,0.96988,0.96828,0.96916,2359.47,0.96909
2017-06-10 02:00:00,0.96985,0.96985,0.96985,0.96985,0.0,0.96935
2017-06-09 02:00:00,0.96918,0.97284,0.9676,0.96985,87557.87,0.96935
2017-06-08 02:00:00,0.96481,0.96968,0.96406,0.9692,106644.28,0.96912
2017-06-07 02:00:00,0.96256,0.9678,0.96208,0.96482,88585.97,0.96476
2017-06-06 02:00:00,0.96509,0.96539,0.96143,0.96257,74484.3,0.96253
2017-06-05 02:00:00,0.9632,0.96649,0.96311,0.96509,54502.83,0.96504
2017-06-04 02:00:00,0.96556,0.96562,0.96275,0.96322,4362.95,0.96316
2017-06-03 02:00:00,0.96266,0.96266,0.96266,0.96266,0.0,0.96244
2017-06-02 02:00:00,0.97139,0.97197,0.96235,0.96266,70542.7,0.96244
2017-06-01 02:00:00,0.96828,0.97201,0.96712,0.97139,75305.51,0.97133
2017-05-31 02:00:00,0.97582,0.97617,0.96703,0.96828,91946.63,0.96821
2017-05-30 02:00:00,0.97932,0.98083,0.97377,0.97583,86350.08,0.97578
2017-05-29 02:00:00,0.97504,0.97951,0.97322,0.97934,45699.6,0.97927
2017-05-28 02:00:00,0.97632,0.97632,0.97434,0.97503,2294.84,0.97497
2017-05-27 02:00:00,0.97474,0.97474,0.97474,0.97474,0.0,0.97432
2017-05-26 02:00:00,0.97328,0.97616,0.96969,0.97474,84175.04,0.97432
2017-05-25 02:00:00,0.97255,0.97366,0.9701,0.97327,77439.21,0.97321
2017-05-24 02:00:00,0.9763,0.97771,0.97236,0.97256,99633.14,0.9725
2017-05-23 02:00:00,0.97324,0.97651,0.97024,0.97631,97273.27,0.97624
2017-05-22 02:00:00,0.97326,0.97662,0.96924,0.97324,83275.82,0.9732
2017-05-21 02:00:00,0.97452,0.97452,0.97249,0.97327,3726.63,0.97322
2017-05-20 02:00:00,0.97324,0.97324,0.97324,0.97324,0.0,0.97292
2017-05-19 02:00:00,0.97966,0.98058,0.97266,0.97324,90695.02,0.97292
2017-05-18 02:00:00,0.97929,0.98259,0.97599,0.97966,128196.44,0.9796
2017-05-17 02:00:00,0.98447,0.98509,0.97749,0.97929,110134.77,0.97924
2017-05-16 02:00:00,0.99587,0.99615,0.98414,0.98448,84185.08,0.98441
2017-05-15 02:00:00,1.00109,1.00199,0.99569,0.99586,79067.8,0.9958
2017-05-14 02:00:00,1.00074,1.00158,1.00031,1.00108,4567.04,1.00102
2017-05-13 02:00:00,1.00149,1.00149,1.00149,1.00149,0.0,1.00105
2017-05-12 02:00:00,1.00795,1.00865,0.99882,1.00149,82218.18,1.00105
2017-05-11 02:00:00,1.00918,1.01005,1.00568,1.00795,79761.06,1.00789
2017-05-10 02:00:00,1.00681,1.00954,1.00491,1.00917,92603.34,1.00912
2017-05-09 02:00:00,0.99821,1.00912,0.99799,1.00681,102802.98,1.00676
2017-05-08 02:00:00,0.98997,0.99925,0.98852,0.99823,102858.11,0.99817
2017-05-07 02:00:00,0.98902,0.99006,0.98754,0.98999,7237.51,0.98992
2017-05-06 02:00:00,0.98719,0.98719,0.98719,0.98719,0.0,0.98692
2017-05-05 02:00:00,0.98619,0.99038,0.98595,0.98719,87759.75,0.98692
2017-05-04 02:00:00,0.99428,0.99574,0.986,0.98619,98904.28,0.98615
2017-05-03 02:00:00,0.99115,0.99514,0.98916,0.99428,89740.97,0.99422
2017-05-02 02:00:00,0.9958,0.99631,0.99109,0.99116,80106.8,0.9911
2017-05-01 02:00:00,0.99433,0.99687,0.99289,0.99581,48020.99,0.99574
2017-04-30 02:00:00,0.99386,0.99576,0.99386,0.99436,4580.22,0.9943
2017-04-29 02:00:00,0.99547,0.99547,0.99547,0.99547,0.0,0.99507
2017-04-28 02:00:00,0.9945,0.99587,0.98943,0.99547,90996.38,0.99507
2017-04-27 02:00:00,0.99334,0.99641,0.99209,0.99452,100483.24,0.99445
2017-04-26 02:00:00,0.9937,0.99695,0.99202,0.99335,109741.66,0.99328
2017-04-25 02:00:00,0.99594,0.99705,0.99192,0.99372,94388.4,0.99366
2017-04-24 02:00:00,0.99306,0.99812,0.99298,0.99595,117549.2,0.99588
2017-04-23 02:00:00,0.99068,0.99395,0.99068,0.99306,10907.79,0.993
2017-04-22 02:00:00,0.99637,0.99637,0.99637,0.99637,0.0,0.99609
2017-04-21 02:00:00,0.99904,1.00001,0.99583,0.99637,87742.69,0.99609
2017-04-20 02:00:00,0.99798,0.99927,0.99412,0.99906,96960.33,0.99899
2017-04-19 02:00:00,0.9965,0.99929,0.99572,0.99796,97432.73,0.9979
2017-04-18 02:00:00,1.00433,1.00486,0.99561,0.99649,109109.0,0.99643
2017-04-17 02:00:00,1.0052,1.00537,1.00106,1.00435,57148.22,1.0043
2017-04-16 02:00:00,1.00465,1.00588,1.00449,1.00522,5512.22,1.00514
2017-04-15 02:00:00,1.00603,1.00603,1.00603,1.00603,0.0,1.00563
2017-04-14 02:00:00,1.00564,1.00612,1.00288,1.00603,43610.85,1.00563
2017-04-13 02:00:00,1.00216,1.00676,1.0009,1.00564,101114.33,1.00556
2017-04-12 02:00:00,1.00715,1.00901,1.00214,1.00216,107668.28,1.00211
2017-04-11 02:00:00,1.00817,1.00946,1.00567,1.00714,92749.26,1.00708
2017-04-10 02:00:00,1.00955,1.01079,1.00754,1.00815,79222.37,1.0081
2017-04-09 02:00:00,1.00933,1.01,1.00891,1.00957,4303.18,1.0095
2017-04-08 02:00:00,1.00957,1.00957,1.00957,1.00957,0.0,1.0091
2017-04-07 02:00:00,1.00544,1.00969,1.00306,1.00957,107342.83,1.0091
2017-04-06 02:00:00,1.00388,1.00682,1.00269,1.00545,91053.46,1.00537
2017-04-05 02:00:00,1.00181,1.00801,1.00128,1.00388,95934.46,1.00384
2017-04-04 02:00:00,1.00167,1.0038,1.00124,1.0018,86901.45,1.00174
2017-04-03 02:00:00,1.00232,1.00381,1.00085,1.00168,97656.68,1.00162
2017-04-02 02:00:00,1.00345,1.00345,1.00176,1.00232,4848.98,1.00226
2017-04-01 02:00:00,1.00303,1.00303,1.00303,1.00303,0.0,1.00285
2017-03-31 02:00:00,1.00045,1.00317,0.99953,1.00303,100439.14,1.00285
2017-03-30 02:00:00,0.99671,1.00157,0.99493,1.00044,93151.43,1.00038
2017-03-29 02:00:00,0.99222,0.99768,0.99139,0.99672,100219.61,0.99665
2017-03-28 02:00:00,0.98583,0.99358,0.98321,0.99224,96654.97,0.9922
2017-03-27 02:00:00,0.98823,0.98881,0.98142,0.98585,102194.68,0.9858
2017-03-26 01:00:00,0.9889,0.98984,0.9879,0.98822,7310.32,0.98816
2017-03-25 01:00:00,0.99167,0.99167,0.99167,0.99167,0.0,0.99146
2017-03-24 01:00:00,0.99335,0.99601,0.98897,0.99167,102725.03,0.99146
2017-03-23 01:00:00,0.99246,0.99427,0.99123,0.99337,109945.76,0.9933
2017-03-22 01:00:00,0.99349,0.99468,0.98823,0.99246,119835.31,0.9924
2017-03-21 01:00:00,0.99898,0.99907,0.99226,0.99348,123329.64,0.99342
2017-03-20 01:00:00,0.99753,1.00033,0.99577,0.99898,89709.79,0.99892
2017-03-19 01:00:00,0.99835,0.9985,0.99732,0.99754,2605.95,0.99748
2017-03-18 01:00:00,0.99879,0.99879,0.99879,0.99879,0.0,0.99854
2017-03-17 01:00:00,0.99611,0.99897,0.99431,0.99879,89626.89,0.99854
2017-03-16 01:00:00,1.00012,1.00072,0.99515,0.99614,139991.33,0.99612
2017-03-15 01:00:00,1.00952,1.00993,0.99866,1.00012,115965.11,1.00007
2017-03-14 01:00:00,1.00768,1.01128,1.00697,1.00953,107134.66,1.00947
2017-03-13 01:00:00,1.00987,1.01174,1.00611,1.00767,111022.67,1.00762
2017-03-12 01:00:00,1.01128,1.01128,1.00966,1.00986,2431.23,1.00979
2017-03-11 01:00:00,1.01152,1.01152,1.01152,1.01152,0.0,1.01098
2017-03-10 01:00:00,1.01232,1.01418,1.00793,1.01152,122413.1,1.01098
2017-03-09 01:00:00,1.01448,1.01614,1.00926,1.01234,135054.41,1.01227
2017-03-08 01:00:00,1.01321,1.01553,1.01235,1.01447,102709.7,1.01441
2017-03-07 01:00:00,1.0121,1.01711,1.01082,1.01321,96922.47,1.01314
2017-03-06 01:00:00,1.00788,1.01305,1.00735,1.01212,107838.13,1.01206
2017-03-05 01:00:00,1.00919,1.00993,1.00781,1.00788,11836.43,1.00782
2017-03-04 01:00:00,1.00799,1.00799,1.00799,1.00799,0.0,1.0076
2017-03-03 01:00:00,1.01329,1.0138,1.00768,1.00799,118028.51,1.0076
2017-03-02 01:00:00,1.01038,1.01467,1.00925,1.01329,114991.5,1.01323
2017-03-01 01:00:00,1.00673,1.01299,1.00539,1.0104,135617.92,1.01034
2017-02-28 01:00:00,1.00957,1.01025,1.00096,1.00672,126080.44,1.00666
2017-02-27 01:00:00,1.009,1.00988,1.00466,1.00957,113118.52,1.00952
2017-02-26 01:00:00,1.0074,1.00902,1.0073,1.009,6144.65,1.00895
2017-02-25 01:00:00,1.00778,1.00778,1.00778,1.00778,0.0,1.00751
2017-02-24 01:00:00,1.00617,1.00819,1.00258,1.00778,111778.21,1.00751
2017-02-23 01:00:00,1.01104,1.01169,1.00545,1.00622,115704.76,1.00616
2017-02-22 01:00:00,1.00933,1.01412,1.00786,1.01104,134783.74,1.01099
2017-02-21 01:00:00,1.00334,1.01061,1.003,1.00932,124793.89,1.00926
2017-02-20 01:00:00,1.00221,1.0045,1.00176,1.00334,90567.27,1.00328
2017-02-19 01:00:00,1.0036,1.00361,1.00125,1.0022,7175.63,1.00214
2017-02-18 01:00:00,1.00314,1.00314,1.00314,1.00314,0.0,1.00275
2017-02-17 01:00:00,0.99732,1.00341,0.99701,1.00314,129883.98,1.00275
2017-02-16 01:00:00,1.00498,1.00525,0.99672,0.99727,140273.25,0.99722
2017-02-15 01:00:00,1.00638,1.01193,1.00476,1.00498,140060.06,1.00494
2017-02-14 01:00:00,1.00559,1.00851,1.00316,1.00638,129564.17,1.00632
2017-02-13 01:00:00,1.00461,1.00699,1.00196,1.00559,121195.07,1.00554
2017-02-12 01:00:00,1.00383,1.0047,1.00284,1.00463,4318.1,1.00457
2017-02-11 01:00:00,1.00278,1.00278,1.00278,1.00278,0.0,1.00238
2017-02-10 01:00:00,1.00164,1.00628,1.00105,1.00278,134293.01,1.00238
2017-02-09 01:00:00,0.99542,1.00201,0.99371,1.00162,143345.48,1.00156
2017-02-08 01:00:00,0.99782,1.00002,0.99305,0.99541,149135.0,0.99536
2017-02-07 01:00:00,0.99146,1.00074,0.9913,0.99782,140481.52,0.99776
2017-02-06 01:00:00,0.99243,0.99622,0.99044,0.99145,140942.99,0.99138
2017-02-05 01:00:00,0.99207,0.99289,0.99191,0.99243,3273.94,0.99236
2017-02-04 01:00:00,0.99291,0.99291,0.99291,0.99291,0.0,0.99249
2017-02-03 01:00:00,0.99252,0.99881,0.99077,0.99291,134654.69,0.99249
2017-02-02 01:00:00,0.99323,0.99339,0.98704,0.99253,142648.99,0.99246
2017-02-01 01:00:00,0.98921,0.99593,0.98843,0.99314,145371.16,0.99312
2017-01-31 01:00:00,0.99457,0.99668,0.9862,0.9892,153897.75,0.98914
2017-01-30 01:00:00,0.99745,1.00455,0.99343,0.99456,130625.63,0.9945
2017-01-29 01:00:00,0.99763,0.99841,0.99727,0.99744,4389.01,0.99738
2017-01-28 01:00:00,0.99943,0.99943,0.99943,0.99943,0.0,0.9992
2017-01-27 01:00:00,1.00002,1.00284,0.99704,0.99943,116201.43,0.9992
2017-01-26 01:00:00,0.99917,1.00269,0.99689,1.00002,139622.14,0.99995
2017-01-25 01:00:00,1.0012,1.00266,0.99669,0.99918,134031.97,0.99912
2017-01-24 01:00:00,0.9974,1.00198,0.99619,1.00119,125172.95,1.00113
2017-01-23 01:00:00,1.0013,1.00193,0.99609,0.99739,136908.43,0.99733
2017-01-22 01:00:00,1.00254,1.00277,1.00095,1.00129,5278.98,1.00123
2017-01-21 01:00:00,1.00247,1.00247,1.00247,1.00247,0.0,1.00182
2017-01-20 01:00:00,1.00654,1.00943,1.00145,1.00247,147904.31,1.00182
2017-01-19 01:00:00,1.00799,1.01228,1.00423,1.00654,158880.42,1.00646
2017-01-18 01:00:00,1.00304,1.00835,1.00097,1.00799,143228.99,1.0079
2017-01-17 01:00:00,1.01129,1.01171,0.9997,1.00306,172324.38,1.003
2017-01-16 01:00:00,1.01002,1.01372,1.00914,1.01129,99063.81,1.01122
2017-01-15 01:00:00,1.01114,1.01133,1.00922,1.01002,5523.47,1.00997
2017-01-14 01:00:00,1.00959,1.00959,1.00959,1.00959,0.0,1.00888
2017-01-13 01:00:00,1.01055,1.0122,1.00426,1.00959,147845.65,1.00888
2017-01-12 01:00:00,1.01345,1.01504,1.00567,1.01055,175947.58,1.01049
2017-01-11 01:00:00,1.01698,1.02486,1.01024,1.01342,182049.62,1.01336
2017-01-10 01:00:00,1.01439,1.01787,1.01117,1.01697,142553.98,1.0169
2017-01-09 01:00:00,1.01755,1.01982,1.01324,1.01439,128012.68,1.01432
2017-01-08 01:00:00,1.01747,1.01797,1.01708,1.01755,3099.66,1.01749
2017-01-07 01:00:00,1.01857,1.01857,1.01857,1.01857,0.0,1.0177
2017-01-06 01:00:00,1.00995,1.01874,1.00973,1.01857,152420.28,1.0177
2017-01-05 01:00:00,1.02036,1.02216,1.00875,1.00995,186211.34,1.00988
2017-01-04 01:00:00,1.02625,1.0292,1.02008,1.02036,139370.21,1.0203
2017-01-03 01:00:00,1.02428,1.03358,1.02115,1.02625,132269.27,1.0262
2017-01-02 01:00:00,1.02033,1.02502,1.01855,1.02428,56850.49,1.02422
2017-01-01 01:00:00,1.02025,1.02206,1.01777,1.02033,599.86,1.01955
2016-12-31 01:00:00,1.01973,1.01973,1.01973,1.01973,0.0,1.01872
2016-12-30 01:00:00,1.01752,1.0232,1.0144,1.01973,158957.78,1.01872
2016-12-29 01:00:00,1.02846,1.0285,1.00614,1.0175,117403.12,1.0173
2016-12-28 01:00:00,1.02782,1.03219,1.02651,1.02847,94892.63,1.02841
2016-12-27 01:00:00,1.02704,1.02983,1.02683,1.02782,92587.58,1.02775
2016-12-26 01:00:00,1.02657,1.02831,1.02472,1.02704,69396.55,1.0269
2016-12-25 01:00:00,1.029,1.02913,1.02578,1.02663,1270.0,1.02635
2016-12-24 01:00:00,1.0273,1.0273,1.0273,1.0273,0.0,1.02665
2016-12-23 01:00:00,1.0258,1.02818,1.02438,1.0273,70400.59,1.02665
2016-12-22 01:00:00,1.02672,1.027,1.02188,1.0258,110619.96,1.02573
2016-12-21 01:00:00,1.02906,1.02964,1.02276,1.02672,109415.54,1.02666
2016-12-20 01:00:00,1.02733,1.0321,1.02609,1.02906,147760.54,1.029
2016-12-19 01:00:00,1.0269,1.02844,1.02218,1.02732,123169.26,1.02726
2016-12-18 01:00:00,1.02744,1.02762,1.0263,1.0269,8689.12,1.02682
2016-12-17 01:00:00,1.02688,1.02688,1.02688,1.02688,0.0,1.02661
2016-12-16 01:00:00,1.02983,1.03123,1.0242,1.02688,151040.69,1.02661
2016-12-15 01:00:00,1.02242,1.03442,1.02159,1.02987,193966.28,1.0298
2016-12-14 01:00:00,1.01192,1.02242,1.0084,1.02242,145785.82,1.02238
2016-12-13 01:00:00,1.01328,1.01467,1.0101,1.01195,128544.29,1.01188
2016-12-12 01:00:00,1.01811,1.01996,1.0125,1.01321,122050.41,1.01314
2016-12-11 01:00:00,1.01965,1.01973,1.01736,1.01814,4456.62,1.01808
2016-12-10 01:00:00,1.01721,1.01721,1.01721,1.01721,0.0,1.01688
2016-12-09 01:00:00,1.01602,1.02144,1.01539,1.01721,103385.7,1.01688
2016-12-08 01:00:00,1.00696,1.01788,1.00212,1.01602,130310.25,1.01596
2016-12-07 01:00:00,1.0101,1.01105,1.00664,1.00697,86744.96,1.0069
2016-12-06 01:00:00,1.00709,1.01159,1.00503,1.0101,100480.51,1.01002
2016-12-05 01:00:00,1.01473,1.01784,1.00509,1.00707,140499.08,1.00702
2016-12-04 01:00:00,1.01241,1.01837,1.01223,1.01471,17900.0,1.01462
2016-12-03 01:00:00,1.01098,1.01098,1.01098,1.01098,0.0,1.01048
2016-12-02 01:00:00,1.01071,1.01232,1.00742,1.01098,131706.69,1.01048
2016-12-01 01:00:00,1.01716,1.01746,1.01002,1.01073,158854.79,1.01066
2016-11-30 01:00:00,1.0118,1.02058,1.01078,1.01717,156638.66,1.01709
2016-11-29 01:00:00,1.01243,1.01771,1.01113,1.01179,122258.04,1.01172
2016-11-28 01:00:00,1.01276,1.01687,1.008,1.01242,135821.67,1.01234
2016-11-27 01:00:00,1.01182,1.0143,1.01182,1.01276,4796.16,1.01268
2016-11-26 01:00:00,1.01604,1.01604,1.01604,1.01604,0.0,1.01432
2016-11-25 01:00:00,1.01695,1.01869,1.01056,1.01604,138701.21,1.01432
2016-11-24 01:00:00,1.01758,1.01924,1.01457,1.01696,101077.24,1.0169
2016-11-23 01:00:00,1.0109,1.01828,1.00926,1.01758,111454.12,1.01752
2016-11-22 01:00:00,1.00797,1.01351,1.00688,1.01092,125426.3,1.01086
2016-11-21 01:00:00,1.01127,1.01176,1.00754,1.00795,147878.7,1.00786
2016-11-20 01:00:00,1.01142,1.0116,1.01027,1.01127,8896.19,1.01116
2016-11-19 01:00:00,1.01064,1.01064,1.01064,1.01064,0.0,1.01029
2016-11-18 01:00:00,1.00758,1.01239,1.00607,1.01064,143124.31,1.01029
2016-11-17 01:00:00,1.00105,1.00761,0.9995,1.00758,128617.08,1.00752
2016-11-16 01:00:00,1.00164,1.00577,0.99845,1.00105,136176.37,1.00098
2016-11-15 01:00:00,0.99729,1.00252,0.99298,1.00163,135785.24,1.00156
2016-11-14 01:00:00,0.98974,1.00024,0.98953,0.99732,159773.48,0.99724
2016-11-13 01:00:00,0.98984,0.99001,0.98845,0.98975,9405.95,0.98971
2016-11-12 01:00:00,0.98866,0.98866,0.98866,0.98866,0.0,0.98806
2016-11-11 01:00:00,0.98732,0.98938,0.98328,0.98866,143545.34,0.98806
2016-11-10 01:00:00,0.98468,0.98971,0.98214,0.98731,144589.68,0.98726
2016-11-09 01:00:00,0.97972,0.98501,0.95508,0.98469,227459.24,0.98461
2016-11-08 01:00:00,0.9742,0.98251,0.97359,0.97971,86281.8,0.97964
2016-11-07 01:00:00,0.97464,0.97903,0.97307,0.97422,87315.0,0.97416
2016-11-06 01:00:00,0.97787,0.97845,0.97358,0.97459,6487.14,0.97452
2016-11-05 01:00:00,0.96882,0.96882,0.96882,0.96882,0.0,0.96845
2016-11-04 01:00:00,0.97459,0.97586,0.96817,0.96882,90472.96,0.96845
2016-11-03 01:00:00,0.97318,0.97609,0.96958,0.97459,113197.4,0.97453
2016-11-02 01:00:00,0.97526,0.9755,0.96958,0.97319,114048.99,0.97315
2016-11-01 01:00:00,0.98934,0.98992,0.97291,0.97531,97251.1,0.97525
2016-10-31 01:00:00,0.98768,0.99081,0.98748,0.98933,75912.31,0.98927
2016-10-30 02:00:00,0.98772,0.98818,0.9869,0.98768,3881.06,0.98762
2016-10-29 02:00:00,0.98825,0.98825,0.98825,0.98825,0.0,0.98778
2016-10-28 02:00:00,0.9939,0.99509,0.98588,0.98825,85621.73,0.98778
2016-10-27 02:00:00,0.99354,0.99517,0.99126,0.9939,78494.53,0.99383
2016-10-26 02:00:00,0.99477,0.99594,0.99042,0.99353,70968.95,0.99347
2016-10-25 02:00:00,0.99408,0.99994,0.99333,0.99479,82420.83,0.9947
2016-10-24 02:00:00,0.99435,0.99573,0.99163,0.99408,128574.6,0.99402
2016-10-23 02:00:00,0.99572,0.99572,0.99377,0.99434,7390.72,0.99428
2016-10-22 02:00:00,0.99405,0.99405,0.99405,0.99405,0.0,0.99354
2016-10-21 02:00:00,0.99273,0.99625,0.99273,0.99405,249739.85,0.99354
2016-10-20 02:00:00,0.98919,0.99337,0.98435,0.99273,240999.31,0.99267
2016-10-19 02:00:00,0.9903,0.99059,0.98758,0.98919,254856.24,0.98915
2016-10-18 02:00:00,0.98817,0.99149,0.98673,0.99031,223012.54,0.99025
2016-10-17 02:00:00,0.99054,0.99071,0.9872,0.98816,225695.25,0.98811
2016-10-16 02:00:00,0.99076,0.99091,0.99033,0.99055,4505.48,0.9905
2016-10-15 02:00:00,0.99031,0.99031,0.99031,0.99031,0.0,0.99021
2016-10-14 02:00:00,0.98674,0.99056,0.98566,0.99031,275900.69,0.99021
2016-10-13 02:00:00,0.99032,0.99102,0.98599,0.98674,298049.05,0.98669
2016-10-12 02:00:00,0.98821,0.99109,0.98767,0.99032,288148.3,0.99026
2016-10-11 02:00:00,0.98225,0.98939,0.98225,0.98821,290384.37,0.98816
2016-10-10 02:00:00,0.97773,0.98398,0.97729,0.98226,193381.5,0.9822
2016-10-09 02:00:00,0.9799,0.98017,0.97732,0.97773,7964.3,0.97767
2016-10-08 02:00:00,0.9775,0.9775,0.9775,0.9775,0.0,0.97726
2016-10-07 02:00:00,0.98064,0.98399,0.9768,0.9775,352382.04,0.97726
2016-10-06 02:00:00,0.97421,0.982,0.97384,0.9806,307323.28,0.98055
2016-10-05 02:00:00,0.97854,0.97902,0.97338,0.97421,291837.26,0.97414
2016-10-04 02:00:00,0.97397,0.98294,0.97389,0.97853,326678.01,0.97848
2016-10-03 02:00:00,0.97208,0.9745,0.97048,0.97398,235354.72,0.97392
2016-10-02 02:00:00,0.97304,0.97304,0.97043,0.97209,9051.66,0.97203
2016-10-01 02:00:00,0.97206,0.97206,0.97206,0.97206,0.0,0.97166
2016-09-30 02:00:00,0.96624,0.97564,0.96484,0.97206,331302.07,0.97166
2016-09-29 02:00:00,0.97067,0.97243,0.96406,0.96625,283431.91,0.96618
2016-09-28 02:00:00,0.97069,0.97374,0.96921,0.97067,285752.35,0.97061
2016-09-27 02:00:00,0.96923,0.97295,0.96619,0.97069,304728.29,0.97062
2016-09-26 02:00:00,0.96942,0.97097,0.96616,0.96923,288043.84,0.96917
2016-09-25 02:00:00,0.97084,0.97102,0.96913,0.96942,9253.67,0.96936
2016-09-24 02:00:00,0.97063,0.97063,0.97063,0.97063,0.0,0.97025
2016-09-23 02:00:00,0.96925,0.97431,0.96891,0.97063,364343.87,0.97025
2016-09-22 02:00:00,0.97378,0.97422,0.96602,0.96925,300027.74,0.96921
2016-09-21 02:00:00,0.97918,0.98149,0.97211,0.97378,379785.28,0.97371
2016-09-20 02:00:00,0.98027,0.98113,0.97627,0.97918,276845.65,0.97912
2016-09-19 02:00:00,0.97986,0.98194,0.97839,0.98027,228685.61,0.98022
2016-09-18 02:00:00,0.98096,0.9811,0.97946,0.97987,9261.93,0.97982
2016-09-17 02:00:00,0.98133,0.98133,0.98133,0.98133,0.0,0.98038
2016-09-16 02:00:00,0.97133,0.98188,0.97124,0.98133,290995.17,0.98038
2016-09-15 02:00:00,0.97345,0.97683,0.96955,0.97133,343597.99,0.97128
2016-09-14 02:00:00,0.97697,0.97903,0.97069,0.97344,328758.79,0.97338
2016-09-13 02:00:00,0.9716,0.97853,0.97076,0.97696,374641.27,0.9769
2016-09-12 02:00:00,0.97498,0.97639,0.96913,0.97161,371743.42,0.97155
2016-09-11 02:00:00,0.97505,0.97572,0.97486,0.97498,7224.09,0.97492
2016-09-10 02:00:00,0.97579,0.97579,0.97579,0.97579,0.0,0.97548
2016-09-09 02:00:00,0.97198,0.97848,0.97111,0.97579,315435.38,0.97548
2016-09-08 02:00:00,0.96988,0.97379,0.96501,0.97198,359668.98,0.97191
2016-09-07 02:00:00,0.97033,0.97103,0.96701,0.96987,328741.76,0.96981
2016-09-06 02:00:00,0.98019,0.98112,0.96939,0.97033,365724.94,0.97026
2016-09-05 02:00:00,0.98018,0.98146,0.9773,0.9802,191477.9,0.98014
2016-09-04 02:00:00,0.98165,0.98169,0.97973,0.98018,6592.13,0.98014
2016-09-03 02:00:00,0.98068,0.98068,0.98068,0.98068,0.0,0.98042
2016-09-02 02:00:00,0.97993,0.98199,0.97397,0.98068,351196.43,0.98042
2016-09-01 02:00:00,0.98383,0.98854,0.97858,0.97993,379908.62,0.97988
2016-08-31 02:00:00,0.98319,0.98639,0.98183,0.98383,342387.07,0.98376
2016-08-30 02:00:00,0.97802,0.98451,0.978,0.98319,331253.18,0.98313
2016-08-29 02:00:00,0.97799,0.98073,0.97655,0.97802,327822.98,0.97796
2016-08-28 02:00:00,0.97917,0.97918,0.97774,0.97799,8558.61,0.97794
2016-08-27 02:00:00,0.97843,0.97843,0.97843,0.97843,0.0,0.97816
2016-08-26 02:00:00,0.96733,0.97933,0.96322,0.97843,391653.97,0.97816
2016-08-25 02:00:00,0.96739,0.96881,0.96417,0.96733,286367.24,0.96727
2016-08-24 02:00:00,0.96349,0.96844,0.96268,0.96739,374011.56,0.96733
2016-08-23 02:00:00,0.96325,0.96406,0.95942,0.96349,311882.35,0.96344
2016-08-22 02:00:00,0.96195,0.96495,0.96116,0.96324,305059.37,0.96318
2016-08-21 02:00:00,0.96252,0.96253,0.96003,0.96195,14159.76,0.96189
2016-08-20 02:00:00,0.96065,0.96065,0.96065,0.96065,0.0,0.96023
2016-08-19 02:00:00,0.95466,0.96119,0.95462,0.96065,280712.86,0.96023
2016-08-18 02:00:00,0.96163,0.96194,0.9538,0.95464,309312.33,0.9546
2016-08-17 02:00:00,0.96188,0.96599,0.95975,0.96163,294068.12,0.96157
2016-08-16 02:00:00,0.97318,0.97345,0.95897,0.96187,273593.52,0.96181
2016-08-15 02:00:00,0.97477,0.97597,0.97137,0.97318,224341.69,0.97311
2016-08-14 02:00:00,0.97541,0.97558,0.97384,0.97477,11536.86,0.9747
2016-08-13 02:00:00,0.97509,0.97509,0.97509,0.97509,0.0,0.97478
2016-08-12 02:00:00,0.97511,0.97664,0.97087,0.97509,224210.44,0.97478
2016-08-11 02:00:00,0.97396,0.97666,0.9712,0.9751,247190.77,0.97505
2016-08-10 02:00:00,0.98168,0.98169,0.97353,0.97394,244168.86,0.97388
2016-08-09 02:00:00,0.98297,0.98442,0.98107,0.98167,249202.49,0.98162
2016-08-08 02:00:00,0.9806,0.98424,0.97901,0.98297,227078.19,0.98291
2016-08-07 02:00:00,0.98129,0.98205,0.97866,0.98059,7231.19,0.98054
2016-08-06 02:00:00,0.98144,0.98144,0.98144,0.98144,0.0,0.98105
2016-08-05 02:00:00,0.97394,0.98312,0.97272,0.98144,243300.49,0.98105
2016-08-04 02:00:00,0.9729,0.97504,0.9722,0.97394,283192.41,0.97388
2016-08-03 02:00:00,0.96504,0.97394,0.96499,0.97289,290754.28,0.97282
2016-08-02 02:00:00,0.96841,0.96852,0.96341,0.96503,340419.46,0.96496
2016-08-01 02:00:00,0.96956,0.97143,0.96644,0.96842,300993.25,0.96833
2016-07-31 02:00:00,0.96986,0.97014,0.96874,0.96956,9190.73,0.9695
2016-07-30 02:00:00,0.96987,0.96987,0.96987,0.96987,0.0,0.96938
2016-07-29 02:00:00,0.97983,0.98022,0.96365,0.96987,387212.04,0.96938
2016-07-28 02:00:00,0.98496,0.98659,0.97943,0.97983,345033.25,0.97976
2016-07-27 02:00:00,0.99218,0.9951,0.98469,0.98496,362430.45,0.9849
2016-07-26 02:00:00,0.98607,0.9928,0.98356,0.99218,321458.96,0.99211
2016-07-25 02:00:00,0.98829,0.98956,0.98502,0.98608,293014.52,0.98601
2016-07-24 02:00:00,0.98858,0.98858,0.98704,0.98829,7147.84,0.98824
2016-07-23 02:00:00,0.98741,0.98741,0.98741,0.98741,0.0,0.9871
2016-07-22 02:00:00,0.98506,0.98962,0.98442,0.98741,308197.72,0.9871
2016-07-21 02:00:00,0.98665,0.99075,0.98415,0.98506,371121.87,0.985
2016-07-20 02:00:00,0.98616,0.9905,0.98512,0.98662,209080.0,0.98655
2016-07-19 02:00:00,0.98297,0.98782,0.98158,0.98615,78982.16,0.98608
2016-07-18 02:00:00,0.98376,0.98475,0.98119,0.98299,77451.14,0.98292
2016-07-17 02:00:00,0.98309,0.98411,0.98183,0.98375,4932.38,0.98368
2016-07-16 02:00:00,0.98306,0.98306,0.98306,0.98306,0.0,0.9823
2016-07-15 02:00:00,0.98164,0.98477,0.9783,0.98306,92192.57,0.9823
2016-07-14 02:00:00,0.98451,0.9849,0.97647,0.98165,97786.9,0.98158
2016-07-13 02:00:00,0.9892,0.98951,0.98225,0.98452,86664.42,0.98445
2016-07-12 02:00:00,0.98283,0.98949,0.97964,0.9892,93966.5,0.98912
2016-07-11 02:00:00,0.98336,0.98584,0.98162,0.98281,78730.63,0.98274
2016-07-10 02:00:00,0.98277,0.98376,0.98224,0.98335,5014.23,0.98328
2016-07-09 02:00:00,0.98336,0.98336,0.98336,0.98336,0.0,0.98308
2016-07-08 02:00:00,0.97882,0.98665,0.9761,0.98336,77330.03,0.98308
2016-07-07 02:00:00,0.97514,0.9795,0.97413,0.97881,84394.46,0.97874
2016-07-06 02:00:00,0.97708,0.98066,0.97412,0.97514,90758.46,0.97508
2016-07-05 02:00:00,0.97109,0.97753,0.96864,0.97708,78374.55,0.97702
2016-07-04 02:00:00,0.97462,0.97589,0.97032,0.9711,47091.1,0.97102
2016-07-03 02:00:00,0.97566,0.97597,0.97297,0.97463,2932.17,0.97454
2016-07-02 02:00:00,0.9737,0.9737,0.9737,0.9737,0.0,0.97308
2016-07-01 02:00:00,0.9764,0.97821,0.97108,0.9737,82998.52,0.97308
2016-06-30 02:00:00,0.97965,0.9821,0.97281,0.97642,113135.27,0.97634
2016-06-29 02:00:00,0.98059,0.9824,0.97802,0.97963,89631.24,0.97956
2016-06-28 02:00:00,0.97874,0.98381,0.97645,0.98059,93718.66,0.98052
2016-06-27 02:00:00,0.97316,0.98202,0.97202,0.97872,134293.54,0.97864
2016-06-26 02:00:00,0.97506,0.97527,0.97083,0.97316,11499.49,0.97302
2016-06-25 02:00:00,0.97294,0.97294,0.97294,0.97294,0.0,0.97186
2016-06-24 02:00:00,0.96224,0.98086,0.95933,0.97294,202048.83,0.97186
2016-06-23 02:00:00,0.95974,0.96591,0.95222,0.96222,119377.35,0.96194
2016-06-22 02:00:00,0.96228,0.96285,0.95517,0.95974,86706.32,0.95967
2016-06-21 02:00:00,0.96211,0.96296,0.95731,0.96228,83609.92,0.96222
2016-06-20 02:00:00,0.95998,0.96336,0.95763,0.96212,90589.38,0.96206
2016-06-19 02:00:00,0.96136,0.96449,0.95987,0.96001,8784.24,0.95992
2016-06-18 02:00:00,0.96035,0.96035,0.96035,0.96035,0.0,0.95964
2016-06-17 02:00:00,0.9648,0.96576,0.95895,0.96035,85062.87,0.95964
2016-06-16 02:00:00,0.96123,0.96873,0.95725,0.965,131313.17,0.96497
2016-06-15 02:00:00,0.96377,0.96643,0.95919,0.96123,91613.1,0.96112
2016-06-14 02:00:00,0.96283,0.96695,0.96215,0.96379,85275.28,0.96372
2016-06-13 02:00:00,0.96474,0.96791,0.96245,0.96283,101089.37,0.96274
2016-06-12 02:00:00,0.96566,0.96585,0.96422,0.96475,4563.44,0.96466
2016-06-11 02:00:00,0.96586,0.96586,0.96586,0.96586,0.0,0.96455
2016-06-10 02:00:00,0.96469,0.96587,0.9617,0.96586,80275.35,0.96455
2016-06-09 02:00:00,0.95854,0.9657,0.95791,0.96469,80817.06,0.96463
2016-06-08 02:00:00,0.96554,0.96598,0.9582,0.95854,77764.41,0.95848
2016-06-07 02:00:00,0.97031,0.97146,0.96456,0.96552,81266.9,0.96542
2016-06-06 02:00:00,0.97607,0.97766,0.96827,0.97034,111993.26,0.97026
2016-06-05 02:00:00,0.97762,0.9777,0.97557,0.97603,5969.21,0.97593
2016-06-04 02:00:00,0.97639,0.97639,0.97639,0.97639,0.0,0.97604
2016-06-03 02:00:00,0.99057,0.99206,0.97548,0.97639,119968.72,0.97604
2016-06-02 02:00:00,0.98861,0.99117,0.98594,0.99055,108547.68,0.99046
2016-06-01 02:00:00,0.99323,0.99518,0.98627,0.9886,115014.36,0.9885
2016-05-31 02:00:00,0.99165,0.99515,0.9887,0.99322,104819.04,0.99314
2016-05-30 02:00:00,0.99496,0.99568,0.99161,0.99165,64730.89,0.99156
2016-05-29 02:00:00,0.99456,0.99507,0.99437,0.99494,4619.86,0.99485
2016-05-28 02:00:00,0.99488,0.99488,0.99488,0.99488,0.0,0.99471
2016-05-27 02:00:00,0.98947,0.99498,0.98866,0.99488,94771.8,0.99471
2016-05-26 02:00:00,0.99137,0.99297,0.98727,0.98945,88198.3,0.98934
2016-05-25 02:00:00,0.99335,0.99348,0.98975,0.99137,78198.8,0.99126
2016-05-24 02:00:00,0.98985,0.99383,0.98951,0.99334,82406.14,0.99324
2016-05-23 02:00:00,0.99134,0.99242,0.98844,0.98985,72880.75,0.98976
2016-05-22 02:00:00,0.99171,0.99171,0.99062,0.99134,2686.49,0.99125
2016-05-21 02:00:00,0.99032,0.99032,0.99032,0.99032,0.0,0.99022
2016-05-20 02:00:00,0.99104,0.99274,0.9897,0.99032,63639.68,0.99022
2016-05-19 02:00:00,0.98813,0.99231,0.98636,0.99104,93430.27,0.99094
2016-05-18 02:00:00,0.98033,0.9882,0.97995,0.98811,93256.92,0.98803
2016-05-17 02:00:00,0.97828,0.98097,0.9752,0.98033,77276.42,0.98023
2016-05-16 02:00:00,0.97566,0.97851,0.97481,0.9783,59558.85,0.97822
2016-05-15 02:00:00,0.97682,0.97682,0.97499,0.97566,3563.31,0.97559
2016-05-14 02:00:00,0.97608,0.97608,0.97608,0.97608,0.0,0.97524
2016-05-13 02:00:00,0.97117,0.97746,0.97022,0.97608,93876.74,0.97524
2016-05-12 02:00:00,0.97114,0.97266,0.96643,0.97117,79744.79,0.97107
2016-05-11 02:00:00,0.97549,0.97576,0.96994,0.97114,78622.87,0.97106
2016-05-10 02:00:00,0.97136,0.97663,0.96996,0.97549,79371.73,0.97541
2016-05-09 02:00:00,0.97286,0.97369,0.96849,0.97138,80264.32,0.97128
2016-05-08 02:00:00,0.973,0.97324,0.97221,0.97286,3917.66,0.97277
2016-05-07 02:00:00,0.97313,0.97313,0.97313,0.97313,0.0,0.97265
2016-05-06 02:00:00,0.96827,0.97313,0.96529,0.97313,93304.52,0.97265
2016-05-05 02:00:00,0.95722,0.96968,0.95706,0.96828,103181.26,0.9682
2016-05-04 02:00:00,0.954,0.95909,0.95336,0.95722,130761.73,0.95712
2016-05-03 02:00:00,0.95545,0.95548,0.94449,0.954,118658.26,0.9539
2016-05-02 02:00:00,0.95895,0.9606,0.95358,0.95543,88058.13,0.95534
2016-05-01 02:00:00,0.959,0.95971,0.95798,0.95894,5346.5,0.95884
2016-04-30 02:00:00,0.95968,0.95968,0.95968,0.95968,0.0,0.95945
2016-04-29 02:00:00,0.96646,0.9666,0.95688,0.95968,116514.53,0.95945
2016-04-28 02:00:00,0.9711,0.97345,0.96575,0.96644,126279.17,0.96634
2016-04-27 02:00:00,0.97393,0.97548,0.96813,0.9711,114315.88,0.97102
2016-04-26 02:00:00,0.9752,0.97675,0.97022,0.97391,98098.42,0.97382
2016-04-25 02:00:00,0.97853,0.97864,0.97371,0.9752,97007.02,0.97509
2016-04-24 02:00:00,0.98025,0.98028,0.97812,0.97853,3872.42,0.97844
2016-04-23 02:00:00,0.97886,0.97886,0.97886,0.97886,0.0,0.97848
2016-04-22 02:00:00,0.97509,0.97974,0.97333,0.97886,97072.96,0.97848
2016-04-21 02:00:00,0.97139,0.97557,0.96486,0.97509,111026.26,0.975
2016-04-20 02:00:00,0.96204,0.97338,0.96034,0.9714,92420.46,0.97132
2016-04-19 02:00:00,0.96473,0.96512,0.95854,0.96204,87407.48,0.96196
2016-04-18 02:00:00,0.96648,0.968,0.96286,0.96476,84046.34,0.96468
2016-04-17 02:00:00,0.96674,0.96744,0.96569,0.96651,4072.28,0.96642
2016-04-16 02:00:00,0.96814,0.96814,0.96814,0.96814,0.0,0.96775
2016-04-15 02:00:00,0.96665,0.96887,0.96488,0.96814,78525.71,0.96775
2016-04-14 02:00:00,0.96674,0.96885,0.96382,0.96665,102893.85,0.96655
2016-04-13 02:00:00,0.95561,0.96727,0.95503,0.96674,105678.05,0.96664
2016-04-12 02:00:00,0.95427,0.9594,0.94997,0.9556,97428.68,0.9555
2016-04-11 02:00:00,0.9535,0.95712,0.95033,0.95427,89487.79,0.95417
2016-04-10 02:00:00,0.95298,0.95376,0.95281,0.9535,3477.81,0.9534
2016-04-09 02:00:00,0.95373,0.95373,0.95373,0.95373,0.0,0.95352
2016-04-08 02:00:00,0.95655,0.95833,0.95256,0.95373,87050.04,0.95352
2016-04-07 02:00:00,0.95594,0.95818,0.95224,0.95654,115908.09,0.95644
2016-04-06 02:00:00,0.95682,0.96222,0.9531,0.95593,109580.44,0.95584
2016-04-05 02:00:00,0.95927,0.96056,0.95469,0.95681,106975.28,0.95671
2016-04-04 02:00:00,0.9588,0.96155,0.95734,0.95922,95847.81,0.95914
2016-04-03 02:00:00,0.95878,0.95945,0.95746,0.9588,2740.74,0.9587
2016-04-02 02:00:00,0.95894,0.95894,0.95894,0.95894,0.0,0.95826
2016-04-01 02:00:00,0.96133,0.96263,0.95604,0.95894,106204.75,0.95826
2016-03-31 02:00:00,0.96527,0.96639,0.95723,0.96133,118585.83,0.96124
2016-03-30 02:00:00,0.96666,0.96712,0.95934,0.96525,117058.85,0.96517
2016-03-29 02:00:00,0.97371,0.97633,0.96588,0.96667,117410.34,0.96658
2016-03-28 02:00:00,0.97869,0.97875,0.97237,0.97371,41423.92,0.97363
2016-03-27 01:00:00,0.97843,0.97882,0.97685,0.97871,3478.63,0.97858
2016-03-26 01:00:00,0.97827,0.97827,0.97827,0.97827,0.0,0.97776
2016-03-25 01:00:00,0.97638,0.97879,0.97608,0.97827,28705.2,0.97776
2016-03-24 01:00:00,0.97571,0.97742,0.97378,0.97626,86282.75,0.97609
2016-03-23 01:00:00,0.97304,0.97667,0.97273,0.97569,92716.43,0.97559
2016-03-22 01:00:00,0.97092,0.97371,0.9689,0.97304,103936.8,0.97294
2016-03-21 01:00:00,0.96994,0.97311,0.9676,0.97093,95885.69,0.97083
2016-03-20 01:00:00,0.97139,0.97139,0.96925,0.96995,2654.56,0.96986
2016-03-19 01:00:00,0.96955,0.96955,0.96955,0.96955,0.0,0.96934
2016-03-18 01:00:00,0.96731,0.97181,0.96557,0.96955,110000.03,0.96934
2016-03-17 01:00:00,0.97813,0.97876,0.96513,0.9673,123506.75,0.96724
2016-03-16 01:00:00,0.98735,0.9914,0.97512,0.97813,116922.22,0.97804
2016-03-15 01:00:00,0.98722,0.98962,0.98499,0.98735,93538.08,0.98724
2016-03-14 01:00:00,0.98312,0.98821,0.98262,0.98722,98881.96,0.98714
2016-03-13 01:00:00,0.98419,0.98438,0.98194,0.98311,6225.47,0.98296
2016-03-12 01:00:00,0.98325,0.98325,0.98325,0.98325,0.0,0.98263
2016-03-11 01:00:00,0.98482,0.98913,0.98038,0.98325,117814.38,0.98263
2016-03-10 01:00:00,0.99842,1.00936,0.9811,0.98482,154199.54,0.98467
2016-03-09 01:00:00,0.99665,1.00394,0.99406,0.99842,100642.42,0.99827
2016-03-08 01:00:00,0.99596,0.99734,0.99022,0.99665,110840.59,0.99653
2016-03-07 01:00:00,0.99454,1.00129,0.99294,0.99597,105043.64,0.99586
2016-03-06 01:00:00,0.99399,0.99513,0.99342,0.99453,3655.27,0.9944
2016-03-05 01:00:00,0.99339,0.99339,0.99339,0.99339,0.0,0.993
2016-03-04 01:00:00,0.99262,0.99892,0.98796,0.99339,128859.0,0.993
2016-03-03 01:00:00,0.99676,0.99841,0.98928,0.99261,133874.52,0.99254
2016-03-02 01:00:00,0.99687,1.00096,0.99563,0.99674,121238.66,0.99664
2016-03-01 01:00:00,0.99816,1.00101,0.9961,0.99687,113185.09,0.99678
2016-02-29 01:00:00,0.99691,1.00384,0.99491,0.99814,110307.57,0.99801
2016-02-28 01:00:00,0.99877,0.99883,0.99688,0.99691,3912.56,0.99682
2016-02-27 01:00:00,0.99725,0.99725,0.99725,0.99725,0.0,0.99677
2016-02-26 01:00:00,0.99036,0.99894,0.9872,0.99725,98923.01,0.99677
2016-02-25 01:00:00,0.9894,0.99526,0.98785,0.99036,104298.08,0.99028
2016-02-24 01:00:00,0.99156,0.99533,0.98536,0.9894,128808.22,0.9893
2016-02-23 01:00:00,1.00019,1.00021,0.98961,0.99161,130163.2,0.99147
2016-02-22 01:00:00,0.99084,1.00039,0.99057,1.0002,107241.72,1.0001
2016-02-21 01:00:00,0.99054,0.99129,0.98964,0.99084,6660.34,0.99069
2016-02-20 01:00:00,0.99027,0.99027,0.99027,0.99027,0.0,0.98976
2016-02-19 01:00:00,0.99329,0.99687,0.98891,0.99027,114467.69,0.98976
2016-02-18 01:00:00,0.99291,0.99693,0.99056,0.99328,153403.62,0.99318
2016-02-17 01:00:00,0.98862,0.99425,0.98536,0.99291,143956.27,0.99278
2016-02-16 01:00:00,0.98631,0.98969,0.98479,0.98861,128226.71,0.98847
2016-02-15 01:00:00,0.97849,0.98902,0.97735,0.9863,98795.11,0.98616
2016-02-14 01:00:00,0.97797,0.97909,0.97709,0.97849,4136.37,0.97832
2016-02-13 01:00:00,0.97752,0.97752,0.97752,0.97752,0.0,0.97698
2016-02-12 01:00:00,0.97261,0.97915,0.97164,0.97752,142235.39,0.97698
2016-02-11 01:00:00,0.97337,0.9763,0.96618,0.97263,202450.05,0.97248
2016-02-10 01:00:00,0.97327,0.98206,0.97118,0.97338,206250.56,0.97324
2016-02-09 01:00:00,0.98744,0.98753,0.96952,0.97327,198813.76,0.97312
2016-02-08 01:00:00,0.99301,0.99736,0.98421,0.98743,164305.34,0.98732
2016-02-07 01:00:00,0.99319,0.99343,0.99206,0.993,2716.63,0.9929
2016-02-06 01:00:00,0.99154,0.99154,0.99154,0.99154,0.0,0.99106
2016-02-05 01:00:00,0.9936,0.99859,0.98857,0.99154,143784.04,0.99106
2016-02-04 01:00:00,1.00548,1.00751,0.99227,0.9936,178752.52,0.99346
2016-02-03 01:00:00,1.01894,1.01948,0.99888,1.00549,141751.21,1.00539
2016-02-02 01:00:00,1.0197,1.02249,1.01709,1.01892,103289.75,1.0188
2016-02-01 01:00:00,1.02468,1.02476,1.01563,1.01971,100073.18,1.01962
2016-01-31 01:00:00,1.02259,1.02517,1.02254,1.02468,3156.27,1.02454
2016-01-30 01:00:00,1.02334,1.02334,1.02334,1.02334,0.0,1.02289
2016-01-29 01:00:00,1.01416,1.02571,1.01346,1.02334,127241.29,1.02289
2016-01-28 01:00:00,1.01461,1.01786,1.01112,1.01416,112053.17,1.01406
2016-01-27 01:00:00,1.0172,1.01907,1.01309,1.01461,114843.28,1.01453
2016-01-26 01:00:00,1.01268,1.01993,1.01184,1.01719,95963.51,1.01712
2016-01-25 01:00:00,1.0165,1.01652,1.01251,1.01267,97921.2,1.01255
2016-01-24 01:00:00,1.01669,1.01698,1.01576,1.01651,1829.66,1.01638
2016-01-23 01:00:00,1.01665,1.01665,1.01665,1.01665,0.0,1.01599
2016-01-22 01:00:00,1.00813,1.01679,1.00707,1.01665,105442.78,1.01599
2016-01-21 01:00:00,1.00603,1.01477,1.00133,1.00809,146601.32,1.00802
2016-01-20 01:00:00,1.00348,1.0062,0.9991,1.00603,129730.0,1.00595
2016-01-19 01:00:00,1.00524,1.00827,1.00027,1.00346,101511.15,1.00339
2016-01-18 01:00:00,1.00207,1.00732,1.00143,1.00523,57076.69,1.00511
2016-01-17 01:00:00,1.00333,1.00377,1.00078,1.00206,2665.06,1.00192
2016-01-16 01:00:00,1.0028,1.0028,1.0028,1.0028,0.0,1.00182
2016-01-15 01:00:00,1.0055,1.00613,0.9959,1.0028,116262.43,1.00182
2016-01-14 01:00:00,1.00626,1.00927,1.00102,1.0055,112214.81,1.00542
2016-01-13 01:00:00,1.00326,1.01071,1.00262,1.00625,103744.77,1.00614
2016-01-12 01:00:00,1.00177,1.0047,0.99673,1.00326,92388.74,1.00319
2016-01-11 01:00:00,0.99258,1.00239,0.99258,1.00176,93984.24,1.00167
2016-01-10 01:00:00,0.99592,0.99733,0.98827,0.99261,4582.11,0.99247
2016-01-09 01:00:00,0.99567,0.99567,0.99567,0.99567,0.0,0.99498
2016-01-08 01:00:00,0.99406,1.0053,0.99371,0.99567,105288.39,0.99498
2016-01-07 01:00:00,1.00765,1.00778,0.99232,0.99406,101823.85,0.99396
2016-01-06 01:00:00,1.00879,1.01246,1.00579,1.00763,82765.68,1.00754
2016-01-05 01:00:00,1.00275,1.01251,1.00078,1.0088,78127.69,1.00869
2016-01-04 01:00:00,0.99986,1.00635,0.99247,1.00275,82226.23,1.00264
2016-01-03 01:00:00,1.00161,1.00162,0.99939,0.99986,1967.32,0.99971
2016-01-02 01:00:00,1.00301,1.00301,1.00301,1.00301,0.0,1.0023
2016-01-01 01:00:00,1.00301,1.00301,1.00301,1.00301,0.0,1.0023
2015-12-31 01:00:00,0.98831,1.00311,0.9874,1.00301,49495.09,1.0023
2015-12-30 01:00:00,0.99254,0.99285,0.98585,0.98831,49054.61,0.98819
2015-12-29 01:00:00,0.98822,0.99441,0.98626,0.99255,49098.1,0.99243
2015-12-28 01:00:00,0.98728,0.9903,0.98593,0.98821,45551.82,0.98812
2015-12-27 01:00:00,0.98823,0.98826,0.98643,0.98732,1423.74,0.98714
2015-12-26 01:00:00,0.98861,0.98861,0.98861,0.98861,0.0,0.98758
2015-12-25 01:00:00,0.98676,0.98963,0.98649,0.98861,2235.0,0.98758
2015-12-24 01:00:00,0.99088,0.99088,0.98535,0.98674,30558.48,0.98599
2015-12-23 01:00:00,0.98813,0.99464,0.9877,0.99088,56691.41,0.99073
2015-12-22 01:00:00,0.99293,0.99386,0.98581,0.98813,59897.31,0.98802
2015-12-21 01:00:00,0.99214,0.99692,0.98981,0.99294,75833.84,0.99284
2015-12-20 01:00:00,0.99359,0.99367,0.99146,0.99214,1866.85,0.992
2015-12-19 01:00:00,0.99255,0.99255,0.99255,0.99255,0.0,0.9921
2015-12-18 01:00:00,0.99478,0.99765,0.99159,0.99255,83937.07,0.9921
2015-12-17 01:00:00,0.99277,0.99918,0.99156,0.99478,87287.21,0.99468
2015-12-16 01:00:00,0.99099,0.99403,0.9812,0.99277,113710.21,0.99265
2015-12-15 01:00:00,0.98589,0.99255,0.97994,0.99098,94005.2,0.99088
2015-12-14 01:00:00,0.98434,0.98733,0.97867,0.98589,104555.24,0.98579
2015-12-13 01:00:00,0.98411,0.98452,0.98339,0.98434,2098.4,0.9842
2015-12-12 01:00:00,0.9836,0.9836,0.9836,0.9836,0.0,0.98304
2015-12-11 01:00:00,0.98841,0.98995,0.9804,0.9836,92025.43,0.98304
2015-12-10 01:00:00,0.98354,0.99087,0.98326,0.98841,80770.89,0.98832
2015-12-09 01:00:00,0.99306,0.9946,0.98206,0.98354,94450.52,0.9835
2015-12-08 01:00:00,1.00075,1.00117,0.9918,0.99305,93861.34,0.99292
2015-12-07 01:00:00,0.99706,1.00324,0.99663,1.00075,89935.89,1.00066
2015-12-06 01:00:00,0.99798,0.99798,0.99645,0.99704,2412.59,0.99693
2015-12-05 01:00:00,0.99734,0.99734,0.99734,0.99734,0.0,0.99653
2015-12-04 01:00:00,0.99396,1.0035,0.99127,0.99734,133228.12,0.99653
2015-12-03 01:00:00,1.01877,1.02717,0.98761,0.99397,131667.6,0.99388
2015-12-02 01:00:00,1.02641,1.03083,1.01802,1.01877,91975.0,1.0187
2015-12-01 01:00:00,1.02924,1.03027,1.02544,1.02642,81297.58,1.02635
2015-11-30 01:00:00,1.0304,1.03209,1.02593,1.02922,73359.6,1.02912
2015-11-29 01:00:00,1.03032,1.03056,1.02986,1.03038,1825.94,1.03029
2015-11-28 01:00:00,1.03065,1.03065,1.03065,1.03065,0.0,1.02981
2015-11-27 01:00:00,1.02364,1.03288,1.02267,1.03065,72628.14,1.02981
2015-11-26 01:00:00,1.02198,1.0254,1.02153,1.02364,53443.72,1.02361
2015-11-25 01:00:00,1.01722,1.02624,1.01447,1.02198,81855.91,1.02189
2015-11-24 01:00:00,1.01857,1.01949,1.01453,1.01722,72126.01,1.01712
2015-11-23 01:00:00,1.0199,1.02269,1.01761,1.01858,75962.75,1.0185
2015-11-22 01:00:00,1.02006,1.02006,1.01913,1.01987,2160.28,1.01978
2015-11-21 01:00:00,1.01886,1.01886,1.01886,1.01886,0.0,1.01859
2015-11-20 01:00:00,1.0137,1.01988,1.01233,1.01886,70756.92,1.01859
2015-11-19 01:00:00,1.01905,1.02026,1.01226,1.01369,85202.57,1.01362
2015-11-18 01:00:00,1.01449,1.02213,1.01286,1.01907,70560.36,1.01897
2015-11-17 01:00:00,1.00969,1.0172,1.00937,1.01447,77429.64,1.01438
2015-11-16 01:00:00,1.00806,1.01034,1.00446,1.00969,70366.83,1.0096
2015-11-15 01:00:00,1.00646,1.00922,1.00598,1.00806,5383.35,1.00795
2015-11-14 01:00:00,1.0062,1.0062,1.0062,1.0062,0.0,1.00597
2015-11-13 01:00:00,1.00095,1.00958,0.99999,1.0062,73843.04,1.00597
2015-11-12 01:00:00,1.00357,1.0086,0.99902,1.00096,80361.01,1.00088
2015-11-11 01:00:00,1.0054,1.00728,1.00302,1.00359,63785.67,1.00351
2015-11-10 01:00:00,1.00327,1.00875,1.00207,1.0054,74245.09,1.00532
2015-11-09 01:00:00,1.00592,1.00633,0.99987,1.00326,70313.76,1.00317
2015-11-08 01:00:00,1.0062,1.00635,1.00515,1.00593,2119.81,1.00582
2015-11-07 01:00:00,1.00665,1.00665,1.00665,1.00665,0.0,1.00572
2015-11-06 01:00:00,0.99534,1.00773,0.9945,1.00665,75257.12,1.00572
2015-11-05 01:00:00,0.99339,0.99799,0.99231,0.99531,68004.29,0.99525
2015-11-04 01:00:00,0.99124,0.99524,0.98862,0.99335,65411.45,0.99326
2015-11-03 01:00:00,0.98733,0.99263,0.98454,0.99122,56939.85,0.99115
2015-11-02 01:00:00,0.98644,0.98929,0.98368,0.98734,53788.0,0.98724
2015-11-01 01:00:00,0.98571,0.98728,0.98571,0.98644,3388.92,0.98635
2015-10-31 01:00:00,0.988,0.988,0.988,0.988,0.0,0.98784
2015-10-30 01:00:00,0.98935,0.99116,0.98465,0.988,79250.52,0.98784
2015-10-29 01:00:00,0.99399,0.99572,0.9883,0.98932,74331.34,0.98925
2015-10-24 02:00:00,0.97912,0.97912,0.97912,0.97912,0.0,0.97863
2015-10-23 02:00:00,0.97383,0.98016,0.97129,0.97912,73638.32,0.97863
2015-10-22 02:00:00,0.95941,0.97396,0.95805,0.97384,81102.67,0.97375
2015-10-21 02:00:00,0.95618,0.96122,0.95289,0.95943,57744.93,0.95934
2015-10-20 02:00:00,0.95646,0.9572,0.94951,0.95619,52441.66,0.95608
2015-10-19 02:00:00,0.95328,0.95793,0.95225,0.95648,49471.28,0.95638
2015-10-18 02:00:00,0.95493,0.95504,0.95301,0.95326,2771.9,0.95316
2015-10-17 02:00:00,0.95339,0.95339,0.95339,0.95339,0.0,0.95321
2015-10-16 02:00:00,0.9517,0.95545,0.94984,0.95339,53961.22,0.95321
2015-10-15 02:00:00,0.94978,0.95534,0.94774,0.95167,69936.81,0.95158
2015-10-14 02:00:00,0.9585,0.95853,0.94844,0.9498,63164.12,0.94969
2015-10-13 02:00:00,0.96313,0.96475,0.95555,0.95854,63373.36,0.95844
2015-10-12 02:00:00,0.96144,0.96321,0.95958,0.96313,54065.17,0.96302
2015-10-11 02:00:00,0.96206,0.96219,0.96064,0.96149,2780.76,0.9614
2015-10-10 02:00:00,0.96244,0.96244,0.96244,0.96244,0.0,0.9619
2015-10-09 02:00:00,0.96652,0.96765,0.95874,0.96244,68997.26,0.9619
2015-10-08 02:00:00,0.97347,0.97352,0.96238,0.96653,79783.79,0.96644
2015-10-07 02:00:00,0.96759,0.97406,0.96495,0.97347,77951.72,0.9734
2015-10-06 02:00:00,0.97562,0.97683,0.96651,0.96761,60669.66,0.96753
2015-10-05 02:00:00,0.97147,0.97688,0.96872,0.97563,62099.04,0.97556
2015-10-04 02:00:00,0.97252,0.9727,0.97114,0.97147,5609.19,0.97136
2015-10-03 02:00:00,0.97166,0.97166,0.97166,0.97166,0.0,0.9714
2015-10-02 02:00:00,0.97652,0.97954,0.96457,0.97166,71775.74,0.9714
2015-10-01 02:00:00,0.97432,0.97892,0.97227,0.97652,69892.87,0.97642
2015-09-30 02:00:00,0.97133,0.97768,0.97102,0.97432,79792.23,0.97422
2015-09-29 02:00:00,0.97491,0.97494,0.96881,0.97132,86119.22,0.97121
2015-09-28 02:00:00,0.97956,0.98171,0.97235,0.97494,68502.73,0.97484
2015-09-27 02:00:00,0.97924,0.98003,0.97854,0.97955,1886.36,0.97948
2015-09-26 02:00:00,0.97963,0.97963,0.97963,0.97963,0.0,0.97901
2015-09-25 02:00:00,0.97833,0.98442,0.97445,0.97963,70342.3,0.97901
2015-09-24 02:00:00,0.97935,0.98048,0.96689,0.97828,77910.45,0.9782
2015-09-23 02:00:00,0.97556,0.98025,0.97365,0.97936,71991.44,0.97925
2015-09-22 02:00:00,0.97214,0.97582,0.97083,0.97555,69406.01,0.97544
2015-09-21 02:00:00,0.96961,0.97409,0.96433,0.97215,68825.75,0.97206
2015-09-20 02:00:00,0.97058,0.97058,0.96875,0.9696,4057.29,0.96948
2015-09-19 02:00:00,0.96929,0.96929,0.96929,0.96929,0.0,0.96862
2015-09-18 02:00:00,0.96217,0.97063,0.95284,0.96929,85507.5,0.96862
2015-09-17 02:00:00,0.97047,0.97255,0.95933,0.96218,86953.41,0.96208
2015-09-16 02:00:00,0.9744,0.97633,0.96702,0.97048,66015.4,0.97038
2015-09-15 02:00:00,0.96845,0.97647,0.9671,0.9744,54444.4,0.97432
2015-09-14 02:00:00,0.96913,0.97201,0.96685,0.96846,55502.75,0.96839
2015-09-13 02:00:00,0.96955,0.96957,0.96821,0.96916,2687.89,0.96908
2015-09-12 02:00:00,0.9695,0.9695,0.9695,0.9695,0.0,0.9691
2015-09-11 02:00:00,0.97345,0.97971,0.96834,0.9695,67385.06,0.9691
2015-09-10 02:00:00,0.97547,0.9794,0.97025,0.97345,82367.19,0.97334
2015-09-09 02:00:00,0.97817,0.98245,0.97165,0.97547,84072.17,0.97537
2015-09-08 02:00:00,0.976,0.98222,0.97007,0.97817,71357.36,0.97808
2015-09-07 02:00:00,0.972,0.9765,0.97084,0.97601,66858.96,0.97592
2015-09-06 02:00:00,0.97301,0.97304,0.97163,0.972,1472.63,0.9719
2015-09-05 02:00:00,0.97158,0.97158,0.97158,0.97158,0.0,0.97136
2015-09-04 02:00:00,0.97408,0.97707,0.96901,0.97158,76074.23,0.97136
2015-09-03 02:00:00,0.97026,0.97713,0.96832,0.97409,82266.11,0.974
2015-09-02 02:00:00,0.96032,0.97041,0.96,0.97026,78392.55,0.97019
2015-09-01 02:00:00,0.96536,0.96537,0.95703,0.96031,100561.6,0.96022
2015-08-31 02:00:00,0.96134,0.96908,0.95882,0.96536,71131.76,0.96529
2015-08-30 02:00:00,0.96408,0.96446,0.96113,0.96137,3857.45,0.96129
2015-08-29 02:00:00,0.96305,0.96305,0.96305,0.96305,0.0,0.96272
2015-08-28 02:00:00,0.96564,0.96682,0.95795,0.96305,92647.63,0.96272
2015-08-27 02:00:00,0.95223,0.96731,0.95138,0.96565,106363.33,0.96554
2015-08-26 02:00:00,0.9391,0.95539,0.93865,0.95223,126983.0,0.95211
2015-08-25 02:00:00,0.93321,0.95065,0.93168,0.93912,117601.34,0.939
2015-08-24 02:00:00,0.94743,0.94803,0.92607,0.93323,129931.7,0.93314
2015-08-23 02:00:00,0.94748,0.94853,0.94541,0.94745,3750.31,0.94737
2015-08-22 02:00:00,0.94701,0.94701,0.94701,0.94701,0.0,0.94643
2015-08-21 02:00:00,0.95933,0.95956,0.94632,0.94701,101138.33,0.94643
2015-08-20 02:00:00,0.96594,0.96727,0.95859,0.95933,74689.65,0.95925
2015-08-19 02:00:00,0.97761,0.97768,0.96455,0.96592,69063.41,0.96584
2015-08-18 02:00:00,0.97847,0.97967,0.97525,0.9776,53302.93,0.97753
2015-08-17 02:00:00,0.97729,0.97996,0.97429,0.97847,55329.32,0.97839
2015-08-16 02:00:00,0.97733,0.97742,0.97613,0.97725,1890.61,0.97717
2015-08-15 02:00:00,0.97635,0.97635,0.97635,0.97635,0.0,0.97614
2015-08-14 02:00:00,0.97561,0.97878,0.97288,0.97635,59615.23,0.97614
2015-08-13 02:00:00,0.97561,0.9795,0.97318,0.97561,75397.73,0.97554
2015-08-12 02:00:00,0.9882,0.98909,0.96784,0.97561,89568.88,0.97551
2015-08-11 02:00:00,0.98384,0.99036,0.98028,0.98821,81779.37,0.98811
2015-08-10 02:00:00,0.98393,0.98919,0.98044,0.98383,66728.21,0.98374
2015-08-09 02:00:00,0.98215,0.98398,0.98213,0.98393,2172.16,0.98383
2015-08-08 02:00:00,0.98419,0.98419,0.98419,0.98419,0.0,0.98384
2015-08-07 02:00:00,0.98124,0.98851,0.97943,0.98419,78295.73,0.98384
2015-08-06 02:00:00,0.97921,0.98484,0.97692,0.98125,76215.6,0.98116
2015-08-05 02:00:00,0.97823,0.98225,0.9761,0.9792,91929.48,0.97914
2015-08-04 02:00:00,0.96937,0.97905,0.96691,0.97822,88572.87,0.97814
2015-08-03 02:00:00,0.96735,0.97031,0.96444,0.96936,65485.75,0.96926
2015-08-02 02:00:00,0.96762,0.96766,0.96585,0.96735,2439.8,0.96726
2015-08-01 02:00:00,0.96586,0.96586,0.96586,0.96586,0.0,0.96523
2015-07-31 02:00:00,0.96847,0.96857,0.95494,0.96586,90257.59,0.96523
2015-07-30 02:00:00,0.96763,0.97201,0.96758,0.96847,84250.11,0.96838
2015-07-29 02:00:00,0.96171,0.96903,0.95997,0.96764,75708.16,0.96754
2015-07-28 02:00:00,0.9623,0.96752,0.96058,0.96171,78438.1,0.96163
2015-07-27 02:00:00,0.96278,0.96335,0.95321,0.96231,88240.89,0.96224
2015-07-26 02:00:00,0.96348,0.96366,0.96243,0.96278,1556.24,0.96267
2015-07-25 02:00:00,0.96317,0.96317,0.96317,0.96317,0.0,0.96268
2015-07-24 02:00:00,0.95962,0.96365,0.95748,0.96317,69734.69,0.96268
2015-07-23 02:00:00,0.95998,0.96054,0.95265,0.95959,85322.23,0.95948
2015-07-22 02:00:00,0.95818,0.96329,0.95624,0.96001,79226.99,0.9599
2015-07-21 02:00:00,0.96363,0.96493,0.95608,0.95817,104044.29,0.95809
2015-07-20 02:00:00,0.96256,0.96501,0.96012,0.9636,91510.622664,0.96354
2015-07-19 02:00:00,0.96214,0.96282,0.96085,0.96256,2478.32,0.96247
2015-07-18 02:00:00,0.96209,0.96209,0.96209,0.96209,0.0,0.9619
2015-07-17 02:00:00,0.95748,0.96219,0.95579,0.96209,85591.18,0.9619
2015-07-16 02:00:00,0.95294,0.95851,0.95238,0.95746,95362.28,0.95735
2015-07-15 02:00:00,0.94513,0.95488,0.9448,0.95294,104977.24,0.95285
2015-07-14 02:00:00,0.9509,0.95335,0.94065,0.94511,105672.22,0.94501
2015-07-13 02:00:00,0.94031,0.95104,0.93683,0.9509,106538.52,0.95082
2015-07-12 02:00:00,0.94217,0.94217,0.93922,0.9403,2892.99,0.9402
2015-07-11 02:00:00,0.93978,0.93978,0.93978,0.93978,0.0,0.93874
2015-07-10 02:00:00,0.94787,0.94806,0.93309,0.93978,102891.63,0.93874
2015-07-09 02:00:00,0.94585,0.95162,0.94261,0.94787,109308.72,0.94777
2015-07-08 02:00:00,0.94685,0.95108,0.941,0.94585,113562.14,0.94575
2015-07-07 02:00:00,0.94318,0.9517,0.94279,0.94685,110072.26,0.94674
2015-07-06 02:00:00,0.94454,0.94725,0.94089,0.94317,100680.36,0.94309
2015-07-05 02:00:00,0.94344,0.94558,0.94207,0.9445,6598.25,0.9444
2015-07-04 02:00:00,0.94128,0.94128,0.94128,0.94128,0.0,0.9402
2015-07-03 02:00:00,0.94378,0.94424,0.94004,0.94128,73312.46,0.9402
2015-07-02 02:00:00,0.94884,0.95048,0.94195,0.94378,97286.64,0.94369
2015-07-01 02:00:00,0.93584,0.94906,0.93433,0.94886,76753.41,0.94878
2015-06-30 02:00:00,0.92614,0.93841,0.92584,0.93584,87448.37,0.93529
2015-06-29 02:00:00,0.94068,0.94298,0.92442,0.92611,90661.48,0.92601
2015-06-28 02:00:00,0.93855,0.94206,0.93684,0.94069,11800.92,0.94052
2015-06-27 02:00:00,0.93385,0.93385,0.93385,0.93385,0.0,0.93318
2015-06-26 02:00:00,0.93668,0.93748,0.93008,0.93385,61901.34,0.93318
2015-06-25 02:00:00,0.93374,0.94167,0.93262,0.93669,64824.3,0.93662
2015-06-24 02:00:00,0.93364,0.93702,0.92814,0.93377,76416.44,0.93366
2015-06-23 02:00:00,0.92189,0.93882,0.92149,0.93364,79004.49,0.93356
2015-06-22 02:00:00,0.91863,0.92266,0.91574,0.92189,71731.46,0.9218
2015-06-21 02:00:00,0.91768,0.91867,0.91727,0.91863,2903.04,0.91855
2015-06-20 02:00:00,0.91796,0.91796,0.91796,0.91796,0.0,0.91785
2015-06-19 02:00:00,0.92152,0.92502,0.91637,0.91796,56158.35,0.91785
2015-06-18 02:00:00,0.92124,0.92463,0.91517,0.92152,78094.77,0.92145
2015-06-17 02:00:00,0.93196,0.93237,0.91981,0.92123,75323.91,0.92118
2015-06-16 02:00:00,0.93005,0.93359,0.9273,0.93194,47781.48,0.93185
2015-06-15 02:00:00,0.92969,0.93853,0.92753,0.93004,67179.14,0.92995
2015-06-14 02:00:00,0.93059,0.93104,0.92907,0.92968,3439.42,0.92961
2015-06-13 02:00:00,0.92917,0.92917,0.92917,0.92917,0.0,0.92867
2015-06-12 02:00:00,0.93402,0.9392,0.92423,0.92917,81522.75,0.92867
2015-06-11 02:00:00,0.93221,0.94095,0.92992,0.93402,84766.09,0.93392
2015-06-10 02:00:00,0.93051,0.93265,0.92342,0.93222,103934.34,0.93218
2015-06-09 02:00:00,0.92756,0.93331,0.92475,0.93051,87918.48,0.93046
2015-06-08 02:00:00,0.94081,0.94305,0.92572,0.92757,85895.42,0.92749
2015-06-07 02:00:00,0.9426,0.9426,0.94018,0.94081,3027.24,0.94073
2015-06-06 02:00:00,0.94017,0.94017,0.94017,0.94017,0.0,0.93959
2015-06-05 02:00:00,0.93502,0.95027,0.92995,0.94017,93824.89,0.93959
2015-06-04 02:00:00,0.93463,0.93721,0.92794,0.93504,93545.45,0.93498
2015-06-03 02:00:00,0.93361,0.94244,0.93039,0.93463,96470.91,0.93456
2015-06-02 02:00:00,0.9462,0.94622,0.93095,0.93361,102124.24,0.93352
2015-06-01 02:00:00,0.9416,0.94851,0.94053,0.94621,100550.13,0.9461
2015-05-31 02:00:00,0.94253,0.94253,0.93983,0.94159,2577.4,0.94155
2015-05-30 02:00:00,0.94052,0.94052,0.94052,0.94052,0.0,0.94024
2015-05-29 02:00:00,0.94303,0.948,0.93493,0.94052,100350.25,0.94024
2015-05-28 02:00:00,0.94996,0.95135,0.94191,0.94308,103624.97,0.94299
2015-05-27 02:00:00,0.95202,0.95443,0.94675,0.94996,88291.01,0.9499
2015-05-26 02:00:00,0.94596,0.95406,0.94572,0.95203,96402.58,0.95194
2015-05-25 02:00:00,0.9435,0.94598,0.94064,0.94596,37638.15,0.94586
2015-05-24 02:00:00,0.94388,0.94543,0.94282,0.94349,5987.34,0.94338
2015-05-23 02:00:00,0.94487,0.94487,0.94487,0.94487,0.0,0.94344
2015-05-22 02:00:00,0.93793,0.94569,0.92878,0.94487,81779.88,0.94344
2015-05-21 02:00:00,0.93629,0.93831,0.93065,0.93793,96931.83,0.93786
2015-05-20 02:00:00,0.93741,0.94066,0.93386,0.93631,107841.6,0.9362
2015-05-19 02:00:00,0.92626,0.9385,0.92466,0.93741,99868.4,0.9373
2015-05-18 02:00:00,0.91554,0.9268,0.91553,0.92626,75846.99,0.92618
2015-05-17 02:00:00,0.91748,0.91748,0.91552,0.91555,2420.11,0.91544
2015-05-16 02:00:00,0.9165,0.9165,0.9165,0.9165,0.0,0.91594
2015-05-15 02:00:00,0.9127,0.92563,0.91157,0.9165,89172.96,0.91594
2015-05-14 02:00:00,0.91727,0.91786,0.90795,0.9127,103895.81,0.9126
2015-05-13 02:00:00,0.92858,0.92956,0.91546,0.91727,105628.86,0.91716
2015-05-12 02:00:00,0.93475,0.93604,0.9212,0.92859,99562.17,0.9285
2015-05-11 02:00:00,0.93178,0.93557,0.92981,0.93474,91580.96,0.93464
2015-05-10 02:00:00,0.93256,0.93264,0.93122,0.93176,6252.68,0.93164
2015-05-09 02:00:00,0.93117,0.93117,0.93117,0.93117,0.0,0.93106
2015-05-08 02:00:00,0.92186,0.93254,0.92019,0.93117,96789.26,0.93106
2015-05-07 02:00:00,0.91675,0.92304,0.9073,0.92186,93999.62,0.92179
2015-05-06 02:00:00,0.92773,0.92819,0.91148,0.91675,107004.81,0.91662
2015-05-05 02:00:00,0.93381,0.94141,0.92398,0.92774,104694.23,0.92761
2015-05-04 02:00:00,0.93348,0.93854,0.93141,0.93381,75120.29,0.93372
2015-05-03 02:00:00,0.93473,0.93479,0.93281,0.93349,4380.21,0.93338
2015-05-02 02:00:00,0.93288,0.93288,0.93288,0.93288,0.0,0.93264
2015-05-01 02:00:00,0.93368,0.93531,0.92777,0.93288,74263.61,0.93264
2015-04-30 02:00:00,0.94043,0.94482,0.93091,0.9337,125588.57,0.93364
2015-04-29 02:00:00,0.95627,0.95735,0.93413,0.94043,115121.46,0.94038
2015-04-28 02:00:00,0.9554,0.95995,0.95045,0.95627,97745.19,0.95617
2015-04-27 02:00:00,0.95386,0.95846,0.94935,0.9554,88704.74,0.95528
2015-04-26 02:00:00,0.95546,0.95573,0.95323,0.95386,2783.24,0.95374
2015-04-25 02:00:00,0.95384,0.95384,0.95384,0.95384,0.0,0.95276
2015-04-24 02:00:00,0.95604,0.95751,0.95111,0.95384,100496.48,0.95276
2015-04-23 02:00:00,0.96977,0.97201,0.95314,0.95599,100454.55,0.9559
2015-04-22 02:00:00,0.95517,0.97192,0.95015,0.96977,104014.87,0.96968
2015-04-21 02:00:00,0.95559,0.96258,0.95066,0.95517,89789.7,0.95506
2015-04-20 02:00:00,0.95171,0.96,0.95012,0.95562,95722.54,0.95548
2015-04-19 02:00:00,0.95149,0.95344,0.95081,0.95171,4698.9,0.95158
2015-04-18 02:00:00,0.95311,0.95311,0.95311,0.95311,0.0,0.95232
2015-04-17 02:00:00,0.95678,0.95861,0.94956,0.95311,94807.9,0.95232
2015-04-16 02:00:00,0.9652,0.97128,0.95411,0.95678,94886.47,0.95664
2015-04-15 02:00:00,0.97301,0.97725,0.96363,0.96521,75573.49,0.96507
2015-04-14 02:00:00,0.97763,0.97978,0.96739,0.97301,74192.8,0.97294
2015-04-13 02:00:00,0.97954,0.98643,0.97607,0.97761,65257.76,0.97748
2015-04-12 02:00:00,0.98097,0.98157,0.97903,0.97954,2073.4,0.9794
2015-04-11 02:00:00,0.97946,0.97946,0.97946,0.97946,0.0,0.97922
2015-04-10 02:00:00,0.97724,0.98377,0.97518,0.97946,64867.58,0.97922
2015-04-09 02:00:00,0.96649,0.97905,0.96634,0.97722,62420.09,0.97712
2015-04-08 02:00:00,0.96588,0.96762,0.95982,0.96648,77854.3,0.96636
2015-04-07 02:00:00,0.95822,0.96737,0.95587,0.96589,69034.52,0.96579
2015-04-06 02:00:00,0.95283,0.96072,0.95009,0.95823,46150.97,0.95806
2015-04-05 02:00:00,0.95332,0.95333,0.95066,0.95284,6174.21,0.95268
2015-04-04 02:00:00,0.95159,0.95159,0.95159,0.95159,0.0,0.94977
2015-04-03 02:00:00,0.96027,0.96169,0.94817,0.95159,45555.14,0.94977
2015-04-02 02:00:00,0.96644,0.96764,0.95628,0.96027,87222.48,0.96013
2015-04-01 02:00:00,0.97219,0.9744,0.96456,0.96644,93111.2,0.96626
2015-03-31 02:00:00,0.96769,0.97573,0.96571,0.97223,97171.72,0.97214
2015-03-30 02:00:00,0.96168,0.969,0.96059,0.96768,83883.85,0.96754
2015-03-29 01:00:00,0.96229,0.96238,0.96073,0.96168,5432.94,0.96153
2015-03-28 01:00:00,0.96204,0.96204,0.96204,0.96204,0.0,0.9616
2015-03-27 01:00:00,0.96348,0.96941,0.95589,0.96204,99672.09,0.9616
2015-03-26 01:00:00,0.96057,0.96578,0.94911,0.96348,112347.06,0.96335
2015-03-25 01:00:00,0.95968,0.96209,0.95556,0.96059,74571.07,0.96046
2015-03-24 01:00:00,0.96688,0.96956,0.95375,0.95972,83057.48,0.9596
2015-03-23 01:00:00,0.97802,0.98133,0.96422,0.96688,92191.26,0.96678
2015-03-22 01:00:00,0.97552,0.97882,0.97336,0.97802,15108.19,0.97782
2015-03-21 01:00:00,0.976,0.976,0.976,0.976,0.0,0.97524
2015-03-20 01:00:00,0.98992,0.99057,0.97308,0.976,64258.28,0.97524
2015-03-19 01:00:00,0.98122,0.99854,0.9771,0.98994,82283.64,0.98986
2015-03-18 01:00:00,1.00581,1.00703,0.96297,0.98124,83616.48,0.98116
2015-03-17 01:00:00,1.00801,1.00924,1.00109,1.00581,56037.57,1.00574
2015-03-16 01:00:00,1.00678,1.00887,1.00243,1.00796,63739.52,1.00778
2015-03-15 01:00:00,1.00766,1.00766,1.00479,1.00679,5830.02,1.00655
2015-03-14 01:00:00,1.00693,1.00693,1.00693,1.00693,0.0,1.00615
2015-03-13 01:00:00,1.00287,1.0113,1.00281,1.00693,74462.71,1.00615
2015-03-12 01:00:00,1.00925,1.01299,0.99826,1.00294,87585.57,1.00283
2015-03-11 01:00:00,0.99848,1.01086,0.99709,1.00924,83139.93,1.00915
2015-03-10 01:00:00,0.98729,1.00011,0.98675,0.99848,93839.8,0.99836
2015-03-09 01:00:00,0.98474,0.98751,0.98259,0.98728,92361.62,0.98721
2015-03-08 01:00:00,0.98755,0.9877,0.984,0.98474,7413.3,0.98462
2015-03-07 01:00:00,0.98718,0.98718,0.98718,0.98718,0.0,0.98626
2015-03-06 01:00:00,0.97398,0.98718,0.9723,0.98718,75723.0,0.98626
2015-03-05 01:00:00,0.96366,0.97503,0.96328,0.97396,67175.15,0.97387
2015-03-04 01:00:00,0.96109,0.96834,0.95941,0.96365,86672.51,0.96357
2015-03-03 01:00:00,0.9587,0.96195,0.95591,0.96103,76432.05,0.96093
2015-03-02 01:00:00,0.95459,0.95988,0.95406,0.95873,81026.45,0.95864
2015-03-01 01:00:00,0.95456,0.955,0.95362,0.95458,4517.42,0.95441
2015-02-28 01:00:00,0.9546,0.9546,0.9546,0.9546,0.0,0.95429
2015-02-27 01:00:00,0.95293,0.95471,0.9451,0.9546,111645.59,0.95429
2015-02-26 01:00:00,0.94912,0.95479,0.94508,0.95293,109457.49,0.95282
2015-02-25 01:00:00,0.95054,0.95091,0.94661,0.94912,93300.15,0.94896
2015-02-24 01:00:00,0.95143,0.95246,0.9469,0.95052,116435.75,0.95024
2015-02-23 01:00:00,0.94097,0.95269,0.94044,0.95152,103629.15,0.95139
2015-02-22 01:00:00,0.94158,0.94159,0.93911,0.94097,7670.88,0.94074
2015-02-21 01:00:00,0.93968,0.93968,0.93968,0.93968,0.0,0.9385
2015-02-20 01:00:00,0.94969,0.95369,0.93742,0.93968,140063.27,0.9385
2015-02-19 01:00:00,0.94232,0.95004,0.93867,0.94972,119496.14,0.94954
2015-02-18 01:00:00,0.93673,0.94549,0.93166,0.9423,136191.04,0.94208
2015-02-17 01:00:00,0.93362,0.93768,0.92933,0.93672,127639.81,0.93642
2015-02-16 01:00:00,0.9323,0.93371,0.92853,0.93369,99394.14,0.93354
2015-02-15 01:00:00,0.93285,0.93319,0.93168,0.9323,4680.55,0.93194
2015-02-14 01:00:00,0.93263,0.93263,0.93263,0.93263,0.0,0.93181
2015-02-13 01:00:00,0.93071,0.93376,0.9271,0.93263,94271.74,0.93181
2015-02-12 01:00:00,0.9289,0.93386,0.92575,0.93069,128379.69,0.93049
2015-02-11 01:00:00,0.92705,0.93018,0.92306,0.92908,74970.66,0.92879
2015-02-10 01:00:00,0.92518,0.92797,0.92146,0.92692,74571.44,0.92671
2015-02-09 01:00:00,0.92657,0.92887,0.91967,0.92522,81218.22,0.92499
2015-02-08 01:00:00,0.92768,0.92772,0.92499,0.92656,11630.75,0.92635
2015-02-07 01:00:00,0.92733,0.92733,0.92733,0.92733,0.0,0.92646
2015-02-06 01:00:00,0.92236,0.92902,0.91772,0.92733,72064.63,0.92646
2015-02-05 01:00:00,0.92641,0.93132,0.92071,0.92237,95647.44,0.9222
2015-02-04 01:00:00,0.92513,0.92802,0.92085,0.92649,82314.0,0.92629
2015-02-03 01:00:00,0.92749,0.92979,0.91861,0.92513,91209.29,0.925
2015-02-02 01:00:00,0.92161,0.93477,0.9207,0.92748,83059.34,0.92724
2015-02-01 01:00:00,0.92794,0.92794,0.92035,0.92174,7268.5,0.92156
2015-01-31 01:00:00,0.92126,0.92126,0.92126,0.92126,0.0,0.92076
2015-01-30 01:00:00,0.92277,0.92908,0.91711,0.92126,99589.0,0.92076
2015-01-29 01:00:00,0.9073,0.92531,0.90599,0.92277,82496.68,0.92258
2015-01-28 01:00:00,0.89955,0.90923,0.89867,0.90729,81378.55,0.90716
2015-01-27 01:00:00,0.90157,0.91688,0.89369,0.89952,100045.3,0.89938
2015-01-26 01:00:00,0.88155,0.90453,0.8765,0.90155,115151.67,0.90138
2015-01-25 01:00:00,0.88184,0.88249,0.88001,0.88164,8235.02,0.88124
2015-01-24 01:00:00,0.88193,0.88193,0.88193,0.88193,0.0,0.8803
2015-01-23 01:00:00,0.8721,0.8824,0.86817,0.88193,114976.57,0.8803
2015-01-22 01:00:00,0.86071,0.87523,0.85274,0.8721,103846.58,0.8719
2015-01-21 01:00:00,0.87486,0.8775,0.85022,0.8608,97717.18,0.86061
2015-01-20 01:00:00,0.88019,0.88394,0.86872,0.87486,74000.11,0.87465
2015-01-19 01:00:00,0.8587,0.8807,0.85468,0.8802,82831.59,0.88007
2015-01-18 01:00:00,0.86257,0.86299,0.85815,0.8587,3073.15,0.85846
2015-01-17 01:00:00,0.85921,0.85921,0.85921,0.85921,0.0,0.85814
2015-01-16 01:00:00,0.85444,0.88119,0.84544,0.85921,155871.63,0.85814
2015-01-15 01:00:00,1.01914,1.0221,0.72783,0.85448,177473.15,0.85422
2015-01-14 01:00:00,1.01979,1.02407,1.01386,1.01914,135315.84,1.0191
2015-01-13 01:00:00,1.01507,1.02183,1.01269,1.01979,109288.9,1.01973
2015-01-12 01:00:00,1.0119,1.01903,1.01183,1.01508,91333.22,1.01502
2015-01-11 01:00:00,1.01384,1.01419,1.01189,1.0119,4393.58,1.01185
2015-01-10 01:00:00,1.01461,1.01461,1.01461,1.01461,0.0,1.01431
2015-01-09 01:00:00,1.01856,1.02098,1.01383,1.01461,102664.66,1.01431
2015-01-08 01:00:00,1.01494,1.02173,1.01374,1.01854,94690.6,1.0185
2015-01-07 01:00:00,1.01164,1.01762,1.00952,1.01494,111794.67,1.01488
2015-01-06 01:00:00,1.0065,1.01402,1.00419,1.01164,111665.66,1.0116
2015-01-05 01:00:00,1.0059,1.01089,1.00339,1.00652,110401.8,1.00646
2015-01-04 01:00:00,1.00636,1.02984,1.00564,1.00594,8925.59,1.00588
2015-01-03 01:00:00,1.00178,1.00178,1.00178,1.00178,0.0,1.00156
2015-01-02 01:00:00,0.99471,1.00199,0.99462,1.00178,93230.59,1.00156
2015-01-01 01:00:00,0.99405,0.99535,0.99312,0.99471,4328.91,0.99462
2014-12-31 01:00:00,0.98877,0.99462,0.98809,0.99459,55428.46,0.99431
2014-12-30 01:00:00,0.98986,0.99205,0.98688,0.98875,75264.04,0.9887
2014-12-29 01:00:00,0.98842,0.99084,0.98438,0.98986,69085.97,0.9898
2014-12-28 01:00:00,0.98808,0.9885,0.98754,0.98842,5401.87,0.98837
2014-12-27 01:00:00,0.98762,0.98762,0.98762,0.98762,0.0,0.98739
2014-12-26 01:00:00,0.98524,0.98851,0.98371,0.98762,44565.42,0.98739
2014-12-25 01:00:00,0.98631,0.98698,0.98339,0.98525,6838.57,0.98509
2014-12-24 01:00:00,0.98765,0.98824,0.98407,0.98631,41584.97,0.9862
2014-12-23 01:00:00,0.98448,0.9887,0.98266,0.98767,70176.7,0.9876
2014-12-22 01:00:00,0.98459,0.98505,0.98058,0.98449,77413.94,0.98443
2014-12-21 01:00:00,0.98426,0.98473,0.98397,0.98459,2465.76,0.98451
2014-12-20 01:00:00,0.98465,0.98465,0.98465,0.98465,0.0,0.98427
2014-12-19 01:00:00,0.98003,0.98471,0.97852,0.98465,108337.97,0.98427
2014-12-18 01:00:00,0.97352,0.98489,0.9723,0.98001,181470.32,0.97994
2014-12-17 01:00:00,0.96,0.97463,0.95957,0.97352,158317.94,0.97346
2014-12-16 01:00:00,0.96558,0.96577,0.95545,0.96001,159957.08,0.9599
2014-12-15 01:00:00,0.9639,0.96747,0.96248,0.96558,110484.98,0.96552
2014-12-14 01:00:00,0.963,0.96435,0.96279,0.9639,6251.47,0.96384
2014-12-13 01:00:00,0.96394,0.96394,0.96394,0.96394,0.0,0.96368
2014-12-12 01:00:00,0.96938,0.96999,0.96194,0.96394,131335.5,0.96368
2014-12-11 01:00:00,0.96417,0.97112,0.96284,0.96936,173759.75,0.9693
2014-12-10 01:00:00,0.9706,0.97233,0.96398,0.96417,136239.52,0.96408
2014-12-09 01:00:00,0.97641,0.97786,0.96541,0.9706,158979.62,0.97055
2014-12-08 01:00:00,0.97857,0.98187,0.97387,0.97641,95361.92,0.97636
2014-12-07 01:00:00,0.97886,0.97935,0.97766,0.97854,3692.59,0.97848
2014-12-06 01:00:00,0.97923,0.97923,0.97923,0.97923,0.0,0.97901
2014-12-05 01:00:00,0.97083,0.98002,0.97034,0.97923,127064.13,0.97901
2014-12-04 01:00:00,0.97738,0.97971,0.965,0.97083,157184.28,0.97079
2014-12-03 01:00:00,0.97205,0.97836,0.9716,0.97739,116814.45,0.97732
2014-12-02 01:00:00,0.96475,0.97303,0.96426,0.97205,106387.99,0.972
2014-12-01 01:00:00,0.96789,0.96885,0.9616,0.96475,113266.64,0.96468
2014-11-30 01:00:00,0.96618,0.96838,0.96598,0.96789,5737.85,0.96782
2014-11-29 01:00:00,0.96615,0.96615,0.96615,0.96615,0.0,0.96517
2014-11-28 01:00:00,0.96475,0.96714,0.96221,0.96615,83587.73,0.96517
2014-11-27 01:00:00,0.96139,0.96512,0.95995,0.96476,74687.09,0.9647
2014-11-26 01:00:00,0.96365,0.96662,0.95954,0.96141,120087.66,0.96135
2014-11-25 01:00:00,0.96726,0.96986,0.96348,0.96365,127080.09,0.96359
2014-11-24 01:00:00,0.97181,0.97219,0.96638,0.96726,112738.92,0.96717
2014-11-23 01:00:00,0.97309,0.97312,0.97154,0.97181,5884.15,0.97175
2014-11-22 01:00:00,0.97012,0.97012,0.97012,0.97012,0.0,0.96982
2014-11-21 01:00:00,0.95858,0.97098,0.95644,0.97012,140493.0,0.96982
2014-11-20 01:00:00,0.95806,0.96069,0.95537,0.95857,150781.14,0.95852
2014-11-19 01:00:00,0.95866,0.96016,0.95328,0.95806,139678.59,0.958
2014-11-18 01:00:00,0.96498,0.96504,0.95754,0.95869,112059.77,0.95861
2014-11-17 01:00:00,0.95939,0.96552,0.95537,0.96498,124176.51,0.96492
2014-11-16 01:00:00,0.95924,0.96018,0.95898,0.95939,4721.89,0.95933
2014-11-15 01:00:00,0.95939,0.95939,0.95939,0.95939,0.0,0.95901
2014-11-14 01:00:00,0.96382,0.96895,0.95742,0.95939,134039.77,0.95901
2014-11-13 01:00:00,0.96721,0.96736,0.96227,0.96384,119280.64,0.96378
2014-11-12 01:00:00,0.96458,0.96806,0.96231,0.96721,147948.65,0.96715
2014-11-11 01:00:00,0.96806,0.9701,0.96255,0.96458,116700.57,0.96452
2014-11-10 01:00:00,0.96546,0.96851,0.96171,0.96806,110661.25,0.968
2014-11-09 01:00:00,0.965,0.96564,0.96401,0.96546,6998.26,0.96538
2014-11-08 01:00:00,0.96628,0.96628,0.96628,0.96628,0.0,0.9662
2014-11-07 01:00:00,0.97303,0.97424,0.96519,0.96628,150788.83,0.9662
2014-11-06 01:00:00,0.9647,0.97392,0.96041,0.97303,169744.01,0.97297
2014-11-05 01:00:00,0.95961,0.96623,0.95843,0.9647,136743.88,0.96462
2014-11-04 01:00:00,0.96506,0.96526,0.95807,0.95961,124998.15,0.95955
2014-11-03 01:00:00,0.96454,0.96923,0.96355,0.96506,122870.69,0.965
2014-11-02 01:00:00,0.96496,0.96496,0.96387,0.96454,5110.99,0.9645
2014-11-01 01:00:00,0.96285,0.96285,0.96285,0.96285,0.0,0.96257
2014-10-31 01:00:00,0.95628,0.96634,0.95615,0.96285,122866.43,0.96257
2014-10-30 01:00:00,0.95496,0.96111,0.95447,0.95628,111293.33,0.9562
2014-10-29 01:00:00,0.94684,0.95516,0.94423,0.95496,93673.2,0.9549
2014-10-28 01:00:00,0.94929,0.9512,0.9446,0.94684,102958.41,0.9468
2014-10-27 01:00:00,0.95186,0.95218,0.94775,0.94928,100501.52,0.94918
2014-10-25 02:00:00,0.95202,0.95202,0.95202,0.95202,0.0,0.95191
2014-10-24 02:00:00,0.95402,0.95466,0.94982,0.95202,83551.72,0.95191
2014-10-23 02:00:00,0.95424,0.95599,0.95184,0.95402,90565.83,0.95394
2014-10-22 02:00:00,0.9496,0.95431,0.9473,0.95424,95189.29,0.95418
2014-10-21 02:00:00,0.94328,0.94969,0.93983,0.94962,97815.02,0.94958
2014-10-20 02:00:00,0.94717,0.94804,0.94154,0.94328,99876.37,0.94322
2014-10-19 02:00:00,0.94749,0.94819,0.94655,0.94717,6109.26,0.9471
2014-10-18 02:00:00,0.94648,0.94648,0.94648,0.94648,0.0,0.94624
2014-10-17 02:00:00,0.94295,0.94755,0.9406,0.94648,90318.81,0.94624
2014-10-16 02:00:00,0.94177,0.94913,0.94019,0.94296,162070.51,0.94288
2014-10-15 02:00:00,0.95496,0.95632,0.93609,0.94177,162401.35,0.94168
2014-10-14 02:00:00,0.95013,0.95579,0.94947,0.95496,101871.68,0.95492
2014-10-13 02:00:00,0.95634,0.95677,0.94704,0.95013,111513.74,0.95003
2014-10-12 02:00:00,0.95727,0.95788,0.95544,0.95638,6778.53,0.95633
2014-10-11 02:00:00,0.95721,0.95721,0.95721,0.95721,0.0,0.9568
2014-10-10 02:00:00,0.95437,0.95931,0.95278,0.95721,96926.16,0.9568
2014-10-09 02:00:00,0.95171,0.956,0.94696,0.95437,139519.85,0.9543
2014-10-08 02:00:00,0.95725,0.96015,0.95048,0.95171,108378.88,0.95166
2014-10-07 02:00:00,0.95927,0.96254,0.95562,0.95723,128533.29,0.95718
2014-10-06 02:00:00,0.96786,0.96788,0.95677,0.95927,82699.74,0.95922
2014-10-05 02:00:00,0.96909,0.96915,0.9676,0.96786,2872.59,0.9678
2014-10-04 02:00:00,0.96812,0.96812,0.96812,0.96812,0.0,0.96756
2014-10-03 02:00:00,0.9542,0.96843,0.95412,0.96812,86327.78,0.96756
2014-10-02 02:00:00,0.95631,0.95815,0.9518,0.9542,131989.38,0.95416
2014-10-01 02:00:00,0.9551,0.95964,0.95458,0.9563,103736.24,0.95624
2014-09-30 02:00:00,0.95116,0.95969,0.94998,0.9551,97889.45,0.95504
2014-09-29 02:00:00,0.95199,0.95328,0.94892,0.95117,104981.49,0.95108
2014-09-28 02:00:00,0.95193,0.95268,0.95162,0.95195,4422.81,0.9519
2014-09-27 02:00:00,0.95153,0.95153,0.95153,0.95153,0.0,0.95139
2014-09-26 02:00:00,0.94662,0.95215,0.94603,0.95153,76790.37,0.95139
2014-09-25 02:00:00,0.94606,0.95152,0.94529,0.94661,103887.48,0.94656
2014-09-24 02:00:00,0.93967,0.94637,0.93894,0.94605,82120.86,0.94598
2014-09-23 02:00:00,0.94001,0.94035,0.93535,0.93969,83065.07,0.93961
2014-09-22 02:00:00,0.94041,0.94216,0.93801,0.94,76228.17,0.93996
2014-09-21 02:00:00,0.94095,0.94128,0.94002,0.9404,4000.78,0.94034
2014-09-20 02:00:00,0.94114,0.94114,0.94114,0.94114,0.0,0.94084
2014-09-19 02:00:00,0.93438,0.94118,0.93351,0.94114,97942.73,0.94084
2014-09-18 02:00:00,0.94243,0.94243,0.93332,0.93438,120076.79,0.93432
2014-09-17 02:00:00,0.93287,0.94338,0.93235,0.94243,118791.29,0.94236
2014-09-16 02:00:00,0.93562,0.93635,0.93011,0.93286,98038.96,0.93278
2014-09-15 02:00:00,0.93384,0.93733,0.93322,0.93566,81864.57,0.9356
2014-09-14 02:00:00,0.93237,0.93398,0.93237,0.93383,5114.96,0.93378
2014-09-13 02:00:00,0.93366,0.93366,0.93366,0.93366,0.0,0.93323
2014-09-12 02:00:00,0.93617,0.93688,0.93208,0.93366,91945.57,0.93323
2014-09-11 02:00:00,0.93698,0.93766,0.93371,0.93617,95861.51,0.93611
2014-09-10 02:00:00,0.93253,0.93968,0.93195,0.93698,111286.97,0.93692
2014-09-09 02:00:00,0.93621,0.93804,0.93154,0.93253,102733.94,0.93247
2014-09-08 02:00:00,0.93134,0.93632,0.93109,0.93624,84071.89,0.93618
2014-09-07 02:00:00,0.9313,0.93151,0.93084,0.93134,5960.43,0.93127
2014-09-06 02:00:00,0.93118,0.93118,0.93118,0.93118,0.0,0.93106
2014-09-05 02:00:00,0.93292,0.93324,0.92872,0.93118,74272.54,0.93106
2014-09-04 02:00:00,0.91797,0.93362,0.91767,0.93292,93426.56,0.93286
2014-09-03 02:00:00,0.91944,0.92011,0.91761,0.91798,67873.1,0.91792
2014-09-02 02:00:00,0.91951,0.92126,0.91886,0.91944,61641.68,0.91937
2014-09-01 02:00:00,0.91909,0.91986,0.91775,0.91951,48366.11,0.91944
2014-08-31 02:00:00,0.91951,0.91951,0.91874,0.9191,4840.2,0.91902
2014-08-30 02:00:00,0.91839,0.91839,0.91839,0.91839,0.0,0.91831
2014-08-29 02:00:00,0.91518,0.9186,0.91396,0.91839,76286.1,0.91831
2014-08-28 02:00:00,0.91508,0.9162,0.91266,0.91518,69777.1,0.91514
2014-08-27 02:00:00,0.91764,0.91858,0.91387,0.91506,68311.77,0.915
2014-08-26 02:00:00,0.91626,0.91814,0.91381,0.91764,72766.16,0.91758
2014-08-25 02:00:00,0.91681,0.91726,0.91428,0.91626,62096.46,0.91621
2014-08-24 02:00:00,0.91795,0.91802,0.91662,0.91681,5531.02,0.91675
2014-08-23 02:00:00,0.91396,0.91396,0.91396,0.91396,0.0,0.91379
2014-08-22 02:00:00,0.91176,0.91549,0.9104,0.91396,60933.46,0.91379
2014-08-21 02:00:00,0.91359,0.91466,0.91115,0.91176,53363.42,0.9117
2014-08-20 02:00:00,0.90937,0.91391,0.90907,0.91359,63307.16,0.91354
2014-08-19 02:00:00,0.90688,0.90952,0.90598,0.90936,69864.92,0.90931
2014-08-18 02:00:00,0.90364,0.90702,0.90268,0.90688,43429.55,0.90683
2014-08-17 02:00:00,0.90309,0.90386,0.90274,0.90364,3904.66,0.90358
2014-08-16 02:00:00,0.90292,0.90292,0.90292,0.90292,0.0,0.90261
2014-08-15 02:00:00,0.90693,0.90716,0.90242,0.90292,60053.51,0.90261
2014-08-14 02:00:00,0.90754,0.90863,0.90356,0.90693,59751.37,0.90688
2014-08-13 02:00:00,0.90771,0.90991,0.90421,0.90753,59757.82,0.90748
2014-08-12 02:00:00,0.90691,0.91042,0.9069,0.90771,55472.87,0.90767
2014-08-11 02:00:00,0.90597,0.90709,0.90567,0.90691,51977.57,0.90686
2014-08-10 02:00:00,0.90649,0.90649,0.9056,0.90596,4413.99,0.9059
2014-08-09 02:00:00,0.90579,0.90579,0.90579,0.90579,0.0,0.90548
2014-08-08 02:00:00,0.90917,0.90993,0.90332,0.90579,71155.97,0.90548
2014-08-07 02:00:00,0.90795,0.9106,0.90667,0.90917,68231.82,0.90908
2014-08-06 02:00:00,0.90943,0.91153,0.90711,0.90791,63550.96,0.90786
2014-08-05 02:00:00,0.90679,0.91121,0.90652,0.90942,60981.11,0.90936
2014-08-04 02:00:00,0.90613,0.90729,0.90573,0.90679,49585.24,0.90674
2014-08-03 02:00:00,0.90664,0.90664,0.90557,0.90613,3149.04,0.9061
2014-08-02 02:00:00,0.90632,0.90632,0.90632,0.90632,0.0,0.90606
2014-08-01 02:00:00,0.90872,0.9097,0.90412,0.90632,72476.77,0.90606
2014-07-31 02:00:00,0.90894,0.9104,0.90767,0.90872,77046.38,0.90866
2014-07-30 02:00:00,0.90698,0.91088,0.90661,0.90894,89653.29,0.90889
2014-07-29 02:00:00,0.90413,0.90747,0.9037,0.90698,63617.61,0.90692
2014-07-28 02:00:00,0.90495,0.90521,0.90358,0.90414,46322.0,0.90407
2014-07-27 02:00:00,0.90484,0.90499,0.90462,0.90495,3244.66,0.90488
2014-07-26 02:00:00,0.90492,0.90492,0.90492,0.90492,0.0,0.90482
2014-07-25 02:00:00,0.90266,0.90523,0.90183,0.90492,54736.14,0.90482
2014-07-24 02:00:00,0.90231,0.90385,0.90085,0.90265,50882.42,0.90258
2014-07-23 02:00:00,0.90224,0.90321,0.90165,0.90231,45902.26,0.90227
2014-07-22 02:00:00,0.89834,0.90278,0.89804,0.90224,59482.98,0.90218
2014-07-21 02:00:00,0.89808,0.89901,0.89717,0.89833,43200.65,0.89831
2014-07-20 02:00:00,0.89826,0.89838,0.89779,0.89807,2643.35,0.898
2014-07-19 02:00:00,0.89863,0.89863,0.89863,0.89863,0.0,0.89845
2014-07-18 02:00:00,0.89798,0.90042,0.89705,0.89863,53849.03,0.89845
2014-07-17 02:00:00,0.89812,0.89877,0.89695,0.89798,61025.61,0.89792
2014-07-16 02:00:00,0.89562,0.89899,0.89562,0.89811,59351.73,0.89804
2014-07-15 02:00:00,0.89184,0.89632,0.89117,0.89563,66832.27,0.89556
2014-07-14 02:00:00,0.89263,0.89327,0.88989,0.89184,54077.48,0.89177
2014-07-13 02:00:00,0.89298,0.89298,0.89198,0.89264,3934.71,0.89256
2014-07-12 02:00:00,0.89245,0.89245,0.89245,0.89245,0.0,0.89214
2014-07-11 02:00:00,0.8928,0.89342,0.89127,0.89245,47168.0,0.89214
2014-07-10 02:00:00,0.89088,0.89346,0.89031,0.8928,62458.42,0.89274
2014-07-09 02:00:00,0.89272,0.8938,0.89059,0.89088,60708.19,0.89082
2014-07-08 02:00:00,0.89338,0.89466,0.89218,0.89272,45293.83,0.89266
2014-07-07 02:00:00,0.89501,0.89598,0.89303,0.89338,46628.8,0.89332
2014-07-06 02:00:00,0.89521,0.89523,0.89419,0.89501,3690.39,0.89494
2014-07-05 02:00:00,0.8946,0.8946,0.8946,0.8946,0.0,0.89428
2014-07-04 02:00:00,0.89349,0.89517,0.89313,0.8946,37089.08,0.89428
2014-07-03 02:00:00,0.88934,0.89435,0.88875,0.89349,60097.5,0.89342
2014-07-02 02:00:00,0.88759,0.88998,0.8874,0.88934,56334.6,0.88928
2014-07-01 02:00:00,0.88696,0.88792,0.88571,0.88759,53878.79,0.88753
2014-06-30 02:00:00,0.89125,0.89153,0.88628,0.88692,56243.4,0.88689
2014-06-29 02:00:00,0.89178,0.89178,0.89088,0.89125,2018.04,0.89117
2014-06-28 02:00:00,0.89092,0.89092,0.89092,0.89092,0.0,0.89078
2014-06-27 02:00:00,0.89363,0.89385,0.89069,0.89092,44581.42,0.89078
2014-06-26 02:00:00,0.89293,0.89571,0.89223,0.89364,49911.53,0.89358
2014-06-25 02:00:00,0.89399,0.89462,0.89085,0.89293,65672.16,0.89286
2014-06-24 02:00:00,0.89464,0.89587,0.89256,0.89398,59461.09,0.89391
2014-06-23 02:00:00,0.89581,0.89685,0.89407,0.89467,56144.98,0.89459
2014-06-22 02:00:00,0.89554,0.89637,0.8951,0.89581,2901.56,0.89575
2014-06-21 02:00:00,0.89544,0.89544,0.89544,0.89544,0.0,0.89512
2014-06-20 02:00:00,0.89403,0.89752,0.89251,0.89544,49331.64,0.89512
2014-06-19 02:00:00,0.89643,0.89674,0.89113,0.89403,66138.61,0.89397
2014-06-18 02:00:00,0.89929,0.89998,0.8957,0.89642,75038.68,0.89637
2014-06-17 02:00:00,0.89719,0.90055,0.89654,0.89929,71099.55,0.89922
2014-06-16 02:00:00,0.90031,0.90138,0.89662,0.89719,67547.08,0.89712
2014-06-15 02:00:00,0.90002,0.90077,0.8998,0.90031,2668.73,0.90025
2014-06-14 02:00:00,0.90045,0.90045,0.90045,0.90045,0.0,0.9001
2014-06-13 02:00:00,0.89839,0.90119,0.89609,0.90045,77695.09,0.9001
2014-06-12 02:00:00,0.89967,0.90125,0.89707,0.89839,84994.39,0.89833
2014-06-11 02:00:00,0.89969,0.90124,0.89809,0.89967,83322.71,0.89959
2014-06-10 02:00:00,0.89717,0.90087,0.89652,0.89969,80809.84,0.89963
2014-06-09 02:00:00,0.89339,0.89801,0.89204,0.89716,73547.33,0.8971
2014-06-08 02:00:00,0.89372,0.89382,0.89316,0.8934,1940.23,0.89332
2014-06-07 02:00:00,0.89384,0.89384,0.89384,0.89384,0.0,0.89366
2014-06-06 02:00:00,0.89194,0.89522,0.89103,0.89384,85112.95,0.89366
2014-06-05 02:00:00,0.89702,0.90372,0.89088,0.89196,109697.9,0.8919
2014-06-04 02:00:00,0.89686,0.89825,0.89498,0.89702,68639.94,0.89696
2014-06-03 02:00:00,0.89876,0.89963,0.89512,0.89686,65450.64,0.8968
2014-06-02 02:00:00,0.89561,0.89959,0.89534,0.89873,66857.04,0.89868
2014-06-01 02:00:00,0.89519,0.89599,0.8949,0.89561,2444.89,0.89556
2014-05-31 02:00:00,0.89546,0.89546,0.89546,0.89546,0.0,0.89526
2014-05-30 02:00:00,0.89809,0.8984,0.89336,0.89546,61343.12,0.89526
2014-05-29 02:00:00,0.89833,0.89838,0.89559,0.89811,58709.77,0.89806
2014-05-28 02:00:00,0.89672,0.89904,0.89648,0.89833,65268.94,0.8983
2014-05-27 02:00:00,0.89471,0.89821,0.8938,0.89672,60638.12,0.8967
2014-05-26 02:00:00,0.8958,0.89673,0.89406,0.89471,39461.02,0.89465
2014-05-25 02:00:00,0.8965,0.89676,0.89567,0.89584,2139.01,0.89579
2014-05-24 02:00:00,0.89619,0.89619,0.89619,0.89619,0.0,0.89578
2014-05-23 02:00:00,0.89463,0.89726,0.89443,0.89619,52180.34,0.89578
2014-05-22 02:00:00,0.89349,0.89526,0.89244,0.89462,60481.08,0.89458
2014-05-21 02:00:00,0.89181,0.89659,0.88979,0.89349,71797.53,0.89343
2014-05-20 02:00:00,0.89201,0.89406,0.89144,0.89182,62577.33,0.89174
2014-05-19 02:00:00,0.89211,0.8925,0.8905,0.89201,70785.3,0.89196
2014-05-18 02:00:00,0.89267,0.89273,0.89207,0.89211,2764.69,0.89206
2014-05-17 02:00:00,0.89283,0.89283,0.89283,0.89283,0.0,0.89272
2014-05-16 02:00:00,0.89067,0.89284,0.8899,0.89283,63768.63,0.89272
2014-05-15 02:00:00,0.8896,0.89605,0.88831,0.89067,104120.24,0.89062
2014-05-14 02:00:00,0.8898,0.89053,0.88839,0.8896,79435.74,0.88953
2014-05-13 02:00:00,0.88787,0.8909,0.88663,0.8898,87089.75,0.88972
2014-05-12 02:00:00,0.8868,0.88819,0.88592,0.88787,55361.4,0.88779
2014-05-11 02:00:00,0.88704,0.8873,0.88636,0.88681,2780.25,0.88672
2014-05-10 02:00:00,0.88666,0.88666,0.88666,0.88666,0.0,0.88647
2014-05-09 02:00:00,0.88013,0.88737,0.88012,0.88666,64054.37,0.88647
2014-05-08 02:00:00,0.8763,0.88054,0.87041,0.88013,89662.75,0.88008
2014-05-07 02:00:00,0.87431,0.87665,0.87346,0.87629,63278.2,0.87626
2014-05-06 02:00:00,0.87796,0.87809,0.87213,0.87429,73571.12,0.87424
2014-05-05 02:00:00,0.8778,0.87817,0.87664,0.87797,52026.79,0.87791
2014-05-04 02:00:00,0.87744,0.87783,0.87704,0.8778,1368.05,0.87774
2014-05-03 02:00:00,0.87805,0.87805,0.87805,0.87805,0.0,0.8779
2014-05-02 02:00:00,0.87931,0.88417,0.87733,0.87805,69325.93,0.8779
2014-05-01 02:00:00,0.88024,0.88034,0.87837,0.87931,49488.22,0.87924
2014-04-30 02:00:00,0.88344,0.88515,0.87917,0.88024,80086.69,0.88017
2014-04-29 02:00:00,0.88043,0.88466,0.87873,0.88344,72197.59,0.88337
2014-04-28 02:00:00,0.88094,0.88274,0.87711,0.88043,66818.35,0.88037
2014-04-27 02:00:00,0.88086,0.88134,0.8807,0.88094,1666.56,0.8809
2014-04-26 02:00:00,0.88183,0.88183,0.88183,0.88183,0.0,0.88162
2014-04-25 02:00:00,0.88186,0.88214,0.88028,0.88183,54445.51,0.88162
2014-04-24 02:00:00,0.88348,0.88568,0.88141,0.88186,75063.0,0.8818
2014-04-23 02:00:00,0.88491,0.88534,0.8808,0.88354,73971.43,0.88349
2014-04-22 02:00:00,0.88535,0.88621,0.8833,0.8849,62108.34,0.88484
2014-04-21 02:00:00,0.8834,0.88535,0.88199,0.88535,42137.81,0.88532
2014-04-20 02:00:00,0.8836,0.88375,0.88314,0.8834,1987.42,0.88334
2014-04-19 02:00:00,0.88388,0.88388,0.88388,0.88388,0.0,0.8835
2014-04-18 02:00:00,0.88316,0.88388,0.88241,0.88388,27111.56,0.8835
2014-04-17 02:00:00,0.88157,0.88368,0.87783,0.8831,70452.24,0.88302
2014-04-16 02:00:00,0.88054,0.88296,0.87817,0.88155,72948.63,0.88152
2014-04-15 02:00:00,0.8805,0.88196,0.87841,0.88054,83077.71,0.8805
2014-04-14 02:00:00,0.87708,0.88062,0.87652,0.88051,77389.15,0.88046
2014-04-13 02:00:00,0.8782,0.87821,0.87687,0.87708,4099.15,0.87702
2014-04-12 02:00:00,0.87624,0.87624,0.87624,0.87624,0.0,0.87596
2014-04-11 02:00:00,0.87619,0.8772,0.87439,0.87624,79422.09,0.87596
2014-04-10 02:00:00,0.88009,0.88059,0.87515,0.87621,87477.57,0.87616
2014-04-09 02:00:00,0.88393,0.88466,0.87897,0.88008,84677.8,0.88005
2014-04-08 02:00:00,0.88783,0.888,0.88266,0.88393,87461.64,0.88388
2014-04-07 02:00:00,0.89173,0.89245,0.88733,0.88783,67709.14,0.88778
2014-04-06 02:00:00,0.89318,0.89322,0.89172,0.89172,1991.25,0.89168
2014-04-05 02:00:00,0.89305,0.89305,0.89305,0.89305,0.0,0.89232
2014-04-04 02:00:00,0.89093,0.89535,0.89049,0.89305,75450.58,0.89232
2014-04-03 02:00:00,0.88669,0.89281,0.88444,0.89094,81172.39,0.89091
2014-04-02 02:00:00,0.88341,0.88753,0.88195,0.88669,61005.45,0.88664
2014-04-01 02:00:00,0.88446,0.88502,0.88147,0.88343,63678.47,0.88336
2014-03-31 02:00:00,0.88703,0.88896,0.88253,0.88444,81342.77,0.88438
2014-03-30 01:00:00,0.88608,0.88743,0.88578,0.88702,2658.68,0.88696
2014-03-29 01:00:00,0.88702,0.88702,0.88702,0.88702,0.0,0.88684
2014-03-28 01:00:00,0.88663,0.88998,0.88491,0.88702,74320.61,0.88684
2014-03-27 01:00:00,0.88506,0.88737,0.88414,0.88663,91280.52,0.88658
2014-03-26 01:00:00,0.88322,0.88705,0.88298,0.88506,82230.8,0.885
2014-03-25 01:00:00,0.88092,0.88793,0.88017,0.88322,94899.27,0.88316
2014-03-24 01:00:00,0.88234,0.88667,0.87876,0.88091,82204.79,0.88086
2014-03-23 01:00:00,0.88209,0.88298,0.88163,0.88235,2351.62,0.8823
2014-03-22 01:00:00,0.88319,0.88319,0.88319,0.88319,0.0,0.88288
2014-03-21 01:00:00,0.88363,0.88429,0.88156,0.88319,59657.07,0.88288
2014-03-20 01:00:00,0.8819,0.88696,0.88007,0.88363,87148.46,0.88358
2014-03-19 01:00:00,0.87332,0.88298,0.87316,0.88192,83768.24,0.88188
2014-03-18 01:00:00,0.87361,0.87699,0.87245,0.87333,70262.45,0.87328
2014-03-17 01:00:00,0.87248,0.87567,0.87147,0.87361,67235.78,0.87356
2014-03-16 01:00:00,0.87272,0.87302,0.87203,0.87248,2948.99,0.87242
2014-03-15 01:00:00,0.87254,0.87254,0.87254,0.87254,0.0,0.87235
2014-03-14 01:00:00,0.87507,0.87625,0.87042,0.87254,77052.09,0.87235
2014-03-13 01:00:00,0.87433,0.87651,0.86993,0.87507,93667.39,0.87503
2014-03-12 01:00:00,0.87769,0.87888,0.8735,0.87432,72282.24,0.87427
2014-03-11 01:00:00,0.87784,0.88057,0.87668,0.8777,59643.15,0.87764
2014-03-10 01:00:00,0.87798,0.8794,0.87616,0.87784,52541.2,0.87781
2014-03-09 01:00:00,0.87749,0.87833,0.87727,0.87798,2157.92,0.87792
2014-03-08 01:00:00,0.87808,0.87808,0.87808,0.87808,0.0,0.87778
2014-03-07 01:00:00,0.88039,0.88165,0.87568,0.87808,74911.25,0.87778
2014-03-06 01:00:00,0.88758,0.88919,0.87952,0.88036,81207.6,0.88028
2014-03-05 01:00:00,0.88739,0.88961,0.88606,0.88758,66996.0,0.88749
2014-03-04 01:00:00,0.88299,0.8879,0.88254,0.88739,68603.7,0.88736
2014-03-03 01:00:00,0.8799,0.88368,0.87925,0.88299,75485.56,0.88295
2014-03-02 01:00:00,0.88094,0.88094,0.87836,0.87992,4394.51,0.87984
2014-03-01 01:00:00,0.88032,0.88032,0.88032,0.88032,0.0,0.8799
2014-02-28 01:00:00,0.8885,0.88903,0.87778,0.88032,81241.39,0.8799
2014-02-27 01:00:00,0.89084,0.892,0.88718,0.8885,70963.57,0.88842
2014-02-26 01:00:00,0.88706,0.89309,0.88673,0.89084,69044.99,0.89078
2014-02-25 01:00:00,0.8888,0.88923,0.88546,0.88707,63865.32,0.88701
2014-02-24 01:00:00,0.88757,0.89109,0.88535,0.88882,59706.21,0.88876
2014-02-23 01:00:00,0.88807,0.88808,0.88701,0.88757,1668.61,0.88748
2014-02-22 01:00:00,0.8883,0.8883,0.8883,0.8883,0.0,0.88784
2014-02-21 01:00:00,0.88948,0.89115,0.88681,0.8883,65125.8,0.88784
2014-02-20 01:00:00,0.88906,0.89153,0.88599,0.88948,71024.5,0.88942
2014-02-19 01:00:00,0.88795,0.88963,0.88568,0.88905,84923.88,0.88899
2014-02-18 01:00:00,0.89189,0.89294,0.88699,0.88795,93163.53,0.88788
2014-02-17 01:00:00,0.89155,0.89268,0.8901,0.89188,57652.21,0.8918
2014-02-16 01:00:00,0.89169,0.89211,0.89149,0.89152,2317.5,0.89146
2014-02-15 01:00:00,0.89291,0.89291,0.89291,0.89291,0.0,0.89253
2014-02-14 01:00:00,0.89369,0.89416,0.8904,0.89291,77621.97,0.89253
2014-02-13 01:00:00,0.90089,0.90106,0.8919,0.89369,97293.18,0.8936
2014-02-12 01:00:00,0.89847,0.90386,0.89686,0.9009,85314.6,0.90084
2014-02-11 01:00:00,0.89675,0.89887,0.89403,0.89847,82830.77,0.89843
2014-02-10 01:00:00,0.89899,0.89945,0.896,0.89675,64934.78,0.89672
2014-02-09 01:00:00,0.89877,0.89929,0.89815,0.899,2400.07,0.8989
2014-02-08 01:00:00,0.89856,0.89856,0.89856,0.89856,0.0,0.89823
2014-02-07 01:00:00,0.90091,0.90227,0.8961,0.89856,81209.2,0.89823
2014-02-06 01:00:00,0.90411,0.90641,0.89687,0.90091,91249.77,0.90083
2014-02-05 01:00:00,0.90418,0.90573,0.90041,0.90411,96041.41,0.90406
2014-02-04 01:00:00,0.90138,0.90621,0.901,0.90419,87915.39,0.9041
2014-02-03 01:00:00,0.90662,0.90821,0.90045,0.90138,101158.9,0.90134
2014-02-02 01:00:00,0.90685,0.90699,0.90641,0.90661,2242.65,0.90656
2014-02-01 01:00:00,0.90653,0.90653,0.90653,0.90653,0.0,0.90618
2014-01-31 01:00:00,0.90266,0.90806,0.90083,0.90653,116409.65,0.90618
2014-01-30 01:00:00,0.89516,0.90483,0.89456,0.90263,117546.57,0.9026
2014-01-29 01:00:00,0.89975,0.90101,0.89358,0.89516,118624.19,0.89512
2014-01-28 01:00:00,0.8965,0.90107,0.89552,0.89975,100015.18,0.8997
2014-01-27 01:00:00,0.89398,0.89851,0.89325,0.8965,98795.89,0.89645
2014-01-26 01:00:00,0.89542,0.89542,0.89342,0.89399,2790.91,0.89392
2014-01-25 01:00:00,0.89443,0.89443,0.89443,0.89443,0.0,0.89406
2014-01-24 01:00:00,0.89822,0.89922,0.89035,0.89443,112424.11,0.89406
2014-01-23 01:00:00,0.91235,0.91347,0.89639,0.89822,116534.57,0.89814
2014-01-22 01:00:00,0.91084,0.91255,0.90889,0.91236,76956.44,0.91231
2014-01-21 01:00:00,0.91106,0.91568,0.90851,0.91078,96453.69,0.91075
2014-01-20 01:00:00,0.91156,0.91338,0.90901,0.91106,62476.1,0.91098
2014-01-19 01:00:00,0.91044,0.91167,0.91041,0.91156,2610.68,0.91152
2014-01-18 01:00:00,0.91063,0.91063,0.91063,0.91063,0.0,0.91022
2014-01-17 01:00:00,0.90518,0.91204,0.90447,0.91063,83516.77,0.91022
2014-01-16 01:00:00,0.90928,0.91046,0.90323,0.90518,110785.79,0.90509
2014-01-15 01:00:00,0.90327,0.91083,0.90277,0.90925,85308.59,0.90918
2014-01-14 01:00:00,0.89942,0.90331,0.89875,0.90331,88583.78,0.90322
2014-01-13 01:00:00,0.90222,0.90485,0.89869,0.8994,87884.58,0.89936
2014-01-12 01:00:00,0.90159,0.90254,0.90159,0.90223,2564.5,0.90216
2014-01-11 01:00:00,0.90281,0.90281,0.90281,0.90281,0.0,0.90246
2014-01-10 01:00:00,0.90703,0.90939,0.90056,0.90281,102902.18,0.90246
2014-01-09 01:00:00,0.91172,0.91249,0.90639,0.90705,107472.48,0.90696
2014-01-08 01:00:00,0.90945,0.91277,0.90774,0.91172,103521.43,0.91165
2014-01-07 01:00:00,0.90402,0.90997,0.90387,0.90945,98535.31,0.90939
2014-01-06 01:00:00,0.90538,0.90708,0.90209,0.90402,104059.84,0.90394
2014-01-05 01:00:00,0.90515,0.9056,0.90437,0.90538,1987.91,0.90532
2014-01-04 01:00:00,0.90565,0.90565,0.90565,0.90565,0.0,0.90517
2014-01-03 01:00:00,0.89935,0.90585,0.89901,0.90565,113989.73,0.90517
2014-01-02 01:00:00,0.8917,0.9029,0.89095,0.89933,147601.58,0.89928
2014-01-01 01:00:00,0.89213,0.8931,0.8915,0.8917,2673.74,0.89158
2013-12-31 01:00:00,0.88747,0.89346,0.88675,0.89346,80176.11,0.8931
2013-12-30 01:00:00,0.89155,0.89328,0.88608,0.88747,106525.52,0.88734
2013-12-29 01:00:00,0.89096,0.89187,0.89016,0.89156,2418.19,0.89148
2013-12-28 01:00:00,0.89188,0.89188,0.89188,0.89188,0.0,0.89147
2013-12-27 01:00:00,0.8964,0.89658,0.88005,0.89188,135842.55,0.89147
2013-12-26 01:00:00,0.89655,0.89715,0.89502,0.8964,71488.13,0.89631
2013-12-25 01:00:00,0.896,0.89725,0.89569,0.8966,3100.57,0.89628
2013-12-24 01:00:00,0.89379,0.89729,0.89371,0.896,69252.69,0.8958
2013-12-23 01:00:00,0.89572,0.8968,0.89238,0.89379,78777.33,0.89368
2013-12-22 01:00:00,0.89604,0.89669,0.89554,0.89572,2139.47,0.89562
2013-12-21 01:00:00,0.89654,0.89654,0.89654,0.89654,0.0,0.8961
2013-12-20 01:00:00,0.89829,0.90018,0.89322,0.89654,122768.32,0.8961
2013-12-19 01:00:00,0.89448,0.89885,0.89358,0.89826,121290.51,0.89822
2013-12-18 01:00:00,0.88502,0.896,0.88412,0.89448,121025.82,0.89442
2013-12-17 01:00:00,0.88727,0.88954,0.8833,0.88504,82377.73,0.88499
2013-12-16 01:00:00,0.89035,0.89039,0.88472,0.88726,78018.78,0.8872
2013-12-15 01:00:00,0.89104,0.89117,0.88917,0.89035,2311.65,0.8903
2013-12-14 01:00:00,0.88971,0.88971,0.88971,0.88971,0.0,0.88954
2013-12-13 01:00:00,0.88995,0.89183,0.88821,0.88971,88677.63,0.88954
2013-12-12 01:00:00,0.88695,0.891,0.88487,0.88994,116643.89,0.8899
2013-12-11 01:00:00,0.88728,0.88871,0.88405,0.88695,91851.28,0.8869
2013-12-10 01:00:00,0.89032,0.89078,0.88511,0.88728,95046.78,0.88722
2013-12-09 01:00:00,0.89239,0.89349,0.88959,0.89032,88981.7,0.89026
2013-12-08 01:00:00,0.89196,0.89257,0.89111,0.89239,2850.78,0.89236
2013-12-07 01:00:00,0.89233,0.89233,0.89233,0.89233,0.0,0.89185
2013-12-06 01:00:00,0.89673,0.89845,0.89133,0.89233,125027.82,0.89185
2013-12-05 01:00:00,0.90252,0.90509,0.89576,0.89673,163689.01,0.89667
2013-12-04 01:00:00,0.9042,0.90769,0.90136,0.90252,198347.63,0.90245
2013-12-03 01:00:00,0.90889,0.91016,0.90216,0.90417,157453.02,0.90409
2013-12-02 01:00:00,0.90654,0.9111,0.90441,0.9089,150520.98,0.9088
2013-12-01 01:00:00,0.90638,0.90668,0.90577,0.90654,3549.53,0.90647
2013-11-30 01:00:00,0.90639,0.90639,0.90639,0.90639,0.0,0.90618
2013-11-29 01:00:00,0.90615,0.90724,0.90292,0.90639,135644.32,0.90618
2013-11-28 01:00:00,0.9084,0.90874,0.90418,0.90616,87307.28,0.90608
2013-11-27 01:00:00,0.90705,0.90931,0.90413,0.9084,134512.99,0.90831
2013-11-26 01:00:00,0.91085,0.9114,0.90622,0.90705,120339.2,0.90698
2013-11-25 01:00:00,0.90716,0.91319,0.90692,0.91085,113516.46,0.91078
2013-11-24 01:00:00,0.90808,0.90808,0.90624,0.90718,4199.78,0.9071
2013-11-23 01:00:00,0.90701,0.90701,0.90701,0.90701,0.0,0.90671
2013-11-22 01:00:00,0.91423,0.91506,0.9067,0.90701,115136.12,0.90671
2013-11-21 01:00:00,0.91738,0.91892,0.91269,0.91425,155268.83,0.91417
2013-11-20 01:00:00,0.9089,0.91931,0.9089,0.91736,155415.15,0.91729
2013-11-19 01:00:00,0.91303,0.9145,0.90806,0.9089,131605.71,0.90884
2013-11-18 01:00:00,0.91564,0.91628,0.90962,0.91301,109975.67,0.91296
2013-11-17 01:00:00,0.91475,0.9158,0.91456,0.91563,3097.87,0.91556
2013-11-16 01:00:00,0.91508,0.91508,0.91508,0.91508,0.0,0.91486
2013-11-15 01:00:00,0.91813,0.91922,0.91308,0.91508,117228.84,0.91486
2013-11-14 01:00:00,0.914,0.91892,0.9133,0.91814,158903.69,0.91808
2013-11-13 01:00:00,0.91746,0.92014,0.91263,0.91399,163172.38,0.9139
2013-11-12 01:00:00,0.9196,0.92271,0.91559,0.91744,198895.37,0.91736
2013-11-11 01:00:00,0.92308,0.92308,0.91901,0.91958,102890.95,0.9195
2013-11-10 01:00:00,0.92279,0.92329,0.92208,0.92314,4905.68,0.92306
2013-11-09 01:00:00,0.92153,0.92153,0.92153,0.92153,0.0,0.92124
2013-11-08 01:00:00,0.91684,0.92473,0.91533,0.92153,137191.95,0.92124
2013-11-07 01:00:00,0.91202,0.92508,0.91099,0.91683,183033.37,0.91674
2013-11-06 01:00:00,0.91377,0.914,0.90989,0.91202,96572.94,0.91195
2013-11-05 01:00:00,0.90998,0.91482,0.90955,0.91377,106333.47,0.9137
2013-10-26 02:00:00,0.89308,0.89308,0.89308,0.89308,0.0,0.89268
2013-10-25 02:00:00,0.89245,0.8966,0.88934,0.89308,107753.88,0.89268
2013-10-24 02:00:00,0.89253,0.89289,0.88909,0.89246,115624.0,0.89238
2013-10-23 02:00:00,0.8951,0.89665,0.89118,0.89253,113047.21,0.89246
2013-10-22 02:00:00,0.9027,0.90401,0.89407,0.89511,103260.05,0.89506
2013-10-21 02:00:00,0.90227,0.90454,0.90065,0.9027,78844.21,0.90263
2013-10-20 02:00:00,0.90258,0.90278,0.90168,0.90228,6013.1,0.90224
2013-10-19 02:00:00,0.90221,0.90221,0.90221,0.90221,0.0,0.90184
2013-10-18 02:00:00,0.90328,0.90378,0.90052,0.90221,89622.0,0.90184
2013-10-17 02:00:00,0.91441,0.91474,0.90085,0.90328,151935.05,0.90322
2013-10-16 02:00:00,0.91376,0.9176,0.90986,0.91441,132275.11,0.91433
2013-10-15 02:00:00,0.91138,0.91787,0.90936,0.91376,130117.66,0.91371
2013-10-14 02:00:00,0.91017,0.91227,0.90646,0.91136,79127.23,0.91131
2013-10-13 02:00:00,0.90975,0.91065,0.90949,0.91017,5451.71,0.9101
2013-10-12 02:00:00,0.9121,0.9121,0.9121,0.9121,0.0,0.9117
2013-10-11 02:00:00,0.91111,0.91325,0.90707,0.9121,86937.01,0.9117
2013-10-10 02:00:00,0.9108,0.91321,0.90843,0.91112,107481.5,0.91104
2013-10-09 02:00:00,0.9021,0.91286,0.90201,0.91076,123482.43,0.91069
2013-10-08 02:00:00,0.90298,0.90666,0.90165,0.90208,108311.4,0.90202
2013-10-07 02:00:00,0.90551,0.90633,0.90167,0.90298,87049.85,0.90292
2013-10-06 02:00:00,0.9073,0.9073,0.90533,0.90552,3721.23,0.90546
2013-10-05 02:00:00,0.9072,0.9072,0.9072,0.9072,0.0,0.90713
2013-10-04 02:00:00,0.89902,0.90825,0.89788,0.9072,85029.72,0.90713
2013-10-03 02:00:00,0.90212,0.90341,0.89683,0.89902,100830.01,0.89895
2013-10-02 02:00:00,0.90658,0.90785,0.89951,0.90212,120140.86,0.90205
2013-10-01 02:00:00,0.90552,0.90759,0.89931,0.90664,104290.61,0.90659
2013-09-30 02:00:00,0.90544,0.90692,0.90254,0.90555,85682.75,0.90548
2013-09-29 02:00:00,0.90647,0.90707,0.90539,0.90544,5384.99,0.90537
2013-09-28 02:00:00,0.90639,0.90639,0.90639,0.90639,0.0,0.90596
2013-09-27 02:00:00,0.91034,0.91119,0.90218,0.90639,80065.03,0.90596
2013-09-26 02:00:00,0.91008,0.91178,0.90879,0.91034,79025.02,0.91027
2013-09-25 02:00:00,0.91347,0.91385,0.90791,0.91007,77910.34,0.91001
2013-09-24 02:00:00,0.9106,0.9137,0.90998,0.91346,80735.83,0.9134
2013-09-23 02:00:00,0.91093,0.91306,0.90851,0.9106,79577.74,0.91052
2013-09-22 02:00:00,0.90879,0.91094,0.90879,0.91093,4449.63,0.91089
2013-09-21 02:00:00,0.91089,0.91089,0.91089,0.91089,0.0,0.91046
2013-09-20 02:00:00,0.91068,0.91277,0.90898,0.91089,86237.95,0.91046
2013-09-19 02:00:00,0.91256,0.91328,0.90907,0.91068,110811.23,0.9106
2013-09-18 02:00:00,0.92613,0.92694,0.91106,0.91256,115168.0,0.91247
2013-09-17 02:00:00,0.92705,0.928,0.92535,0.92613,70037.93,0.92606
2013-09-16 02:00:00,0.9253,0.92786,0.92368,0.92701,76764.11,0.92694
2013-09-15 02:00:00,0.92393,0.92533,0.92355,0.9253,8579.99,0.92524
2013-09-14 02:00:00,0.92992,0.92992,0.92992,0.92992,0.0,0.92974
2013-09-13 02:00:00,0.93096,0.9342,0.9281,0.92992,85411.33,0.92974
2013-09-12 02:00:00,0.93025,0.93363,0.92729,0.93096,96382.15,0.93091
2013-09-11 02:00:00,0.93501,0.93718,0.92856,0.93022,100613.9,0.93016
2013-09-10 02:00:00,0.93276,0.93671,0.93173,0.93501,83562.94,0.93494
2013-09-09 02:00:00,0.93897,0.93925,0.93016,0.93276,79166.16,0.9327
2013-09-08 02:00:00,0.93945,0.93946,0.93796,0.93895,3953.84,0.93888
2013-09-07 02:00:00,0.93781,0.93781,0.93781,0.93781,0.0,0.93756
2013-09-06 02:00:00,0.9451,0.94561,0.93466,0.93781,132574.95,0.93756
2013-09-05 02:00:00,0.93593,0.94556,0.93582,0.9451,112788.8,0.94504
2013-09-04 02:00:00,0.93648,0.9383,0.93485,0.93592,85180.32,0.93587
2013-09-03 02:00:00,0.93482,0.93834,0.9343,0.93649,99531.72,0.93643
2013-09-02 02:00:00,0.93262,0.93508,0.93141,0.93482,74519.62,0.93476
2013-09-01 02:00:00,0.93165,0.93303,0.93119,0.93262,5598.1,0.93256
2013-08-31 02:00:00,0.92996,0.92996,0.92996,0.92996,0.0,0.92992
2013-08-30 02:00:00,0.93137,0.93331,0.92896,0.92996,98925.48,0.92992
2013-08-29 02:00:00,0.92281,0.9322,0.92212,0.93136,115832.26,0.93129
2013-08-28 02:00:00,0.91732,0.92359,0.91717,0.92281,112675.02,0.92276
2013-08-27 02:00:00,0.92216,0.92297,0.91717,0.9173,112114.16,0.91723
2013-08-26 02:00:00,0.92117,0.92471,0.92091,0.92215,67743.07,0.9221
2013-08-25 02:00:00,0.92145,0.92189,0.92068,0.92117,4016.14,0.9211
2013-08-24 02:00:00,0.92201,0.92201,0.92201,0.92201,0.0,0.92188
2013-08-23 02:00:00,0.92365,0.92641,0.91902,0.92201,113825.3,0.92188
2013-08-22 02:00:00,0.92353,0.92905,0.92258,0.92365,108504.69,0.92358
2013-08-21 02:00:00,0.91711,0.92373,0.9163,0.92352,120675.35,0.92346
2013-08-20 02:00:00,0.92455,0.92518,0.9148,0.91712,144181.82,0.91706
2013-08-19 02:00:00,0.92727,0.92855,0.92288,0.92455,95885.84,0.92449
2013-08-18 02:00:00,0.92663,0.92791,0.92587,0.92728,4495.14,0.92721
2013-08-17 02:00:00,0.92666,0.92666,0.92666,0.92666,0.0,0.92637
2013-08-16 02:00:00,0.92549,0.92887,0.92177,0.92666,129851.48,0.92637
2013-08-15 02:00:00,0.93393,0.93966,0.92484,0.92549,141223.37,0.92545
2013-08-14 02:00:00,0.93287,0.93784,0.9325,0.93393,104005.73,0.93386
2013-08-13 02:00:00,0.92659,0.93493,0.9259,0.93288,109090.12,0.93281
2013-08-12 02:00:00,0.92221,0.92851,0.92202,0.92661,89172.95,0.92652
2013-08-11 02:00:00,0.92396,0.9243,0.92182,0.92218,8320.42,0.9221
2013-08-10 02:00:00,0.92243,0.92243,0.92243,0.92243,0.0,0.92236
2013-08-09 02:00:00,0.92025,0.92302,0.91918,0.92243,83436.15,0.92236
2013-08-08 02:00:00,0.92138,0.92304,0.91762,0.92026,117967.19,0.92018
2013-08-07 02:00:00,0.92524,0.92895,0.92082,0.92137,129932.29,0.92129
2013-08-06 02:00:00,0.92756,0.92969,0.92391,0.92524,131350.68,0.92516
2013-08-05 02:00:00,0.9293,0.93337,0.92699,0.92755,101987.22,0.92748
2013-08-04 02:00:00,0.92932,0.9304,0.92856,0.92928,4646.74,0.92922
2013-08-03 02:00:00,0.9297,0.9297,0.9297,0.9297,0.0,0.9293
2013-08-02 02:00:00,0.93667,0.93902,0.92751,0.9297,116039.89,0.9293
2013-08-01 02:00:00,0.92624,0.93735,0.92545,0.93665,127138.44,0.93658
2013-07-31 02:00:00,0.92971,0.9338,0.92293,0.92629,155232.21,0.92623
2013-07-30 02:00:00,0.93114,0.93256,0.9274,0.92969,114240.22,0.92959
2013-07-29 02:00:00,0.92826,0.9323,0.92707,0.93114,91216.4,0.93106
2013-07-28 02:00:00,0.92832,0.92927,0.9276,0.92827,13102.67,0.92818
2013-07-27 02:00:00,0.92845,0.92845,0.92845,0.92845,0.0,0.92838
2013-07-26 02:00:00,0.92994,0.93061,0.92645,0.92845,199236.58,0.92838
2013-07-25 02:00:00,0.93809,0.93955,0.92842,0.92998,227524.44,0.92992
2013-07-24 02:00:00,0.93513,0.93894,0.93411,0.9381,227228.65,0.93802
2013-07-23 02:00:00,0.93596,0.94075,0.93431,0.93504,208996.42,0.93496
2013-07-22 02:00:00,0.9396,0.94088,0.9323,0.93604,204574.43,0.93595
2013-07-21 02:00:00,0.94156,0.94175,0.93905,0.93964,3506.63,0.93955
2013-07-20 02:00:00,0.941,0.941,0.941,0.941,0.0,0.94094
2013-07-19 02:00:00,0.94459,0.94628,0.9398,0.941,99047.11,0.94094
2013-07-18 02:00:00,0.9414,0.94788,0.94068,0.94459,110223.56,0.9445
2013-07-17 02:00:00,0.94052,0.94471,0.93603,0.94142,141465.92,0.94132
2013-07-16 02:00:00,0.94856,0.9497,0.93799,0.94052,134396.99,0.94043
2013-07-15 02:00:00,0.94688,0.95354,0.94568,0.94851,115645.93,0.94843
2013-07-14 02:00:00,0.94605,0.94723,0.94566,0.94691,4078.18,0.94682
2013-07-13 02:00:00,0.94632,0.94632,0.94632,0.94632,0.0,0.94626
2013-07-12 02:00:00,0.94771,0.95147,0.94394,0.94632,109845.64,0.94626
2013-07-11 02:00:00,0.94744,0.95361,0.94126,0.94773,167451.93,0.94765
2013-07-10 02:00:00,0.97382,0.97458,0.94068,0.94754,158980.13,0.9474
2013-07-09 02:00:00,0.96455,0.97518,0.96383,0.9738,131545.77,0.97372
2013-07-08 02:00:00,0.96618,0.9668,0.96263,0.96455,102859.59,0.96448
2013-07-07 02:00:00,0.96568,0.96686,0.96504,0.96616,6379.36,0.96609
2013-07-06 02:00:00,0.96394,0.96394,0.96394,0.96394,0.0,0.96354
2013-07-05 02:00:00,0.95833,0.96618,0.95662,0.96394,123683.31,0.96354
2013-07-04 02:00:00,0.94618,0.9585,0.94618,0.95831,110272.57,0.95822
2013-07-03 02:00:00,0.95147,0.95241,0.9448,0.94618,135427.56,0.94607
2013-07-02 02:00:00,0.945,0.95302,0.94479,0.95149,115825.87,0.9514
2013-07-01 02:00:00,0.94571,0.95051,0.94404,0.94496,106758.89,0.94488
2013-06-30 02:00:00,0.94578,0.94667,0.94486,0.94571,7856.45,0.94561
2013-06-29 02:00:00,0.94505,0.94505,0.94505,0.94505,0.0,0.94492
2013-06-28 02:00:00,0.94545,0.9476,0.94123,0.94505,131350.19,0.94492
2013-06-27 02:00:00,0.94239,0.94886,0.94072,0.94539,133237.22,0.94533
2013-06-26 02:00:00,0.93931,0.94442,0.93737,0.9424,142497.81,0.9423
2013-06-25 02:00:00,0.93255,0.94088,0.93201,0.93932,136774.81,0.93924
2013-06-24 02:00:00,0.93693,0.9382,0.93134,0.93255,157757.8,0.93245
2013-06-23 02:00:00,0.93702,0.93739,0.93515,0.93693,7081.05,0.93684
2013-06-22 02:00:00,0.93442,0.93442,0.93442,0.93442,0.0,0.93434
2013-06-21 02:00:00,0.92642,0.9369,0.92432,0.93442,144515.77,0.93434
2013-06-20 02:00:00,0.92938,0.93618,0.92524,0.92642,195595.73,0.92633
2013-06-19 02:00:00,0.92036,0.93236,0.91813,0.92938,134541.84,0.92927
2013-06-18 02:00:00,0.92239,0.92631,0.91765,0.92035,127365.28,0.92028
2013-06-17 02:00:00,0.92175,0.92727,0.9216,0.92239,110173.73,0.92232
2013-06-16 02:00:00,0.92253,0.92263,0.92151,0.92174,4076.05,0.92164
2013-06-15 02:00:00,0.92118,0.92118,0.92118,0.92118,0.0,0.92109
2013-06-14 02:00:00,0.9236,0.92709,0.91976,0.92118,145618.87,0.92109
2013-06-13 02:00:00,0.92004,0.926,0.91312,0.92361,184631.18,0.92352
2013-06-12 02:00:00,0.92538,0.92875,0.91738,0.92005,161665.23,0.91995
2013-06-11 02:00:00,0.9345,0.93508,0.92233,0.92537,180384.03,0.92528
2013-06-10 02:00:00,0.93754,0.94195,0.9319,0.93448,146751.08,0.9344
2013-06-09 02:00:00,0.93747,0.93783,0.93603,0.93754,7392.27,0.93745
2013-06-08 02:00:00,0.93599,0.93599,0.93599,0.93599,0.0,0.93593
2013-06-07 02:00:00,0.92969,0.9375,0.9251,0.93599,178982.51,0.93593
2013-06-06 02:00:00,0.94238,0.94403,0.92273,0.9297,188857.18,0.92962
2013-06-05 02:00:00,0.94846,0.9495,0.93964,0.94237,175145.18,0.94228
2013-06-04 02:00:00,0.94788,0.95211,0.94543,0.94844,157641.49,0.94837
2013-06-03 02:00:00,0.95713,0.96254,0.94093,0.94788,166670.95,0.94782
2013-06-02 02:00:00,0.95627,0.95869,0.95581,0.95713,7927.4,0.95704
2013-06-01 02:00:00,0.95554,0.95554,0.95554,0.95554,0.0,0.95515
2013-05-31 02:00:00,0.95374,0.96258,0.95123,0.95554,168087.91,0.95515
2013-05-30 02:00:00,0.96149,0.96517,0.95272,0.95375,176755.59,0.95368
2013-05-29 02:00:00,0.97726,0.97911,0.9601,0.96149,185327.87,0.9614
2013-05-28 02:00:00,0.96318,0.9782,0.96315,0.97726,157808.45,0.97718
2013-05-27 02:00:00,0.9619,0.96495,0.95934,0.96317,85174.73,0.96307
2013-05-26 02:00:00,0.96235,0.96261,0.96108,0.96184,7315.74,0.96178
2013-05-25 02:00:00,0.9622,0.9622,0.9622,0.9622,0.0,0.96174
2013-05-24 02:00:00,0.97043,0.97181,0.95914,0.9622,155150.45,0.96174
2013-05-23 02:00:00,0.98044,0.98188,0.96343,0.97041,212213.43,0.97034
2013-05-22 02:00:00,0.96939,0.98396,0.96802,0.98046,197942.68,0.98038
2013-05-21 02:00:00,0.96695,0.97515,0.96562,0.96939,156285.37,0.9693
2013-05-20 02:00:00,0.97071,0.97185,0.96489,0.96695,123528.51,0.96688
2013-05-19 02:00:00,0.97051,0.972,0.96888,0.9707,6544.7,0.97064
2013-05-18 02:00:00,0.97273,0.97273,0.97273,0.97273,0.0,0.97241
2013-05-17 02:00:00,0.96488,0.97618,0.96378,0.97273,132265.84,0.97241
2013-05-16 02:00:00,0.96556,0.97092,0.9579,0.96489,155093.82,0.9648
2013-05-15 02:00:00,0.96549,0.97484,0.96437,0.96556,165384.42,0.96546
2013-05-14 02:00:00,0.95639,0.96761,0.95219,0.96549,167682.55,0.96539
2013-05-13 02:00:00,0.95886,0.95967,0.9548,0.95639,149937.14,0.95632
2013-05-12 02:00:00,0.95902,0.95969,0.95837,0.95886,9150.85,0.95876
2013-05-11 02:00:00,0.95723,0.95723,0.95723,0.95723,0.0,0.95697
2013-05-10 02:00:00,0.94971,0.96289,0.94774,0.95723,166813.07,0.95697
2013-05-09 02:00:00,0.93523,0.95,0.93342,0.94974,138547.09,0.94966
2013-05-08 02:00:00,0.94103,0.94124,0.93381,0.93522,122679.31,0.93513
2013-05-07 02:00:00,0.93876,0.94374,0.93679,0.94103,111911.56,0.94096
2013-05-06 02:00:00,0.93557,0.93984,0.93393,0.93874,90173.23,0.93866
2013-05-05 02:00:00,0.93568,0.93589,0.93493,0.93557,5777.26,0.93549
2013-05-04 02:00:00,0.93558,0.93558,0.93558,0.93558,0.0,0.93545
2013-05-03 02:00:00,0.9349,0.94002,0.93062,0.93558,139249.64,0.93545
2013-05-02 02:00:00,0.92719,0.93635,0.92675,0.93491,144085.09,0.9348
2013-05-01 02:00:00,0.9296,0.93103,0.92482,0.9272,112960.19,0.9271
2013-04-30 02:00:00,0.93749,0.93851,0.92792,0.9296,133641.93,0.9295
2013-04-29 02:00:00,0.94234,0.94317,0.93556,0.93747,119288.9,0.93738
2013-04-28 02:00:00,0.94145,0.94256,0.94019,0.94234,7963.1,0.94227
2013-04-27 02:00:00,0.94323,0.94323,0.94323,0.94323,0.0,0.94278
2013-04-26 02:00:00,0.94544,0.94574,0.94032,0.94323,125963.35,0.94278
2013-04-25 02:00:00,0.94757,0.94851,0.94234,0.94545,133098.61,0.94534
2013-04-24 02:00:00,0.94594,0.94993,0.94444,0.94757,127366.47,0.94748
2013-04-23 02:00:00,0.93462,0.94616,0.93282,0.94593,150726.33,0.94584
2013-04-22 02:00:00,0.93356,0.93719,0.93162,0.93462,120453.28,0.93453
2013-04-21 02:00:00,0.93217,0.9336,0.93201,0.93355,6764.59,0.93345
2013-04-20 02:00:00,0.93376,0.93376,0.93376,0.93376,0.0,0.93367
2013-04-19 02:00:00,0.93253,0.93445,0.92775,0.93376,142515.07,0.93367
2013-04-18 02:00:00,0.93271,0.93361,0.92905,0.93253,160369.7,0.93244
2013-04-17 02:00:00,0.92245,0.93401,0.92073,0.9327,166499.78,0.93262
2013-04-16 02:00:00,0.93021,0.93278,0.9209,0.92245,157237.13,0.92236
2013-04-15 02:00:00,0.92853,0.93285,0.92694,0.9302,151664.38,0.93014
2013-04-14 02:00:00,0.92724,0.9286,0.9267,0.92858,5196.74,0.92849
2013-04-13 02:00:00,0.92756,0.92756,0.92756,0.92756,0.0,0.92751
2013-04-12 02:00:00,0.93024,0.93331,0.92659,0.92756,113380.24,0.92751
2013-04-11 02:00:00,0.9335,0.93413,0.92795,0.93024,116521.44,0.93015
2013-04-10 02:00:00,0.93254,0.93376,0.92957,0.93352,108716.77,0.93342
2013-04-09 02:00:00,0.93436,0.93672,0.93087,0.93253,124415.09,0.93246
2013-04-08 02:00:00,0.93398,0.93623,0.93318,0.93437,111293.67,0.93428
2013-04-07 02:00:00,0.93569,0.93577,0.93298,0.934,9401.3,0.9339
2013-04-06 02:00:00,0.93458,0.93458,0.93458,0.93458,0.0,0.93452
2013-04-05 02:00:00,0.94076,0.94344,0.93137,0.93458,128637.73,0.93452
2013-04-04 02:00:00,0.945,0.95272,0.93834,0.94077,152870.72,0.9407
2013-04-03 02:00:00,0.94884,0.95213,0.94427,0.94501,115545.99,0.94494
2013-04-02 02:00:00,0.94657,0.94982,0.94455,0.94884,125778.93,0.94877
2013-04-01 02:00:00,0.95032,0.95278,0.94568,0.94656,72044.17,0.94648
2013-03-31 01:00:00,0.95068,0.95077,0.94995,0.95031,3780.98,0.95022
2013-03-30 01:00:00,0.94978,0.94978,0.94978,0.94978,0.0,0.94931
2013-03-29 01:00:00,0.94949,0.9513,0.94832,0.94978,60392.19,0.94931
2013-03-28 01:00:00,0.95411,0.95489,0.94668,0.94949,129706.82,0.94936
2013-03-27 01:00:00,0.94829,0.95546,0.94789,0.95411,133559.71,0.95402
2013-03-26 01:00:00,0.94846,0.95056,0.94731,0.94828,133331.49,0.9482
2013-03-25 01:00:00,0.93889,0.94974,0.93822,0.94845,168121.82,0.94838
2013-03-24 01:00:00,0.94354,0.94409,0.93538,0.93889,12864.42,0.93878
2013-03-23 01:00:00,0.94139,0.94139,0.94139,0.94139,0.0,0.94115
2013-03-22 01:00:00,0.94651,0.94757,0.93987,0.94139,151018.64,0.94115
2013-03-21 01:00:00,0.9449,0.94832,0.94395,0.94649,164820.04,0.9464
2013-03-20 01:00:00,0.94785,0.94821,0.94126,0.9449,150900.48,0.94482
2013-03-19 01:00:00,0.94745,0.94925,0.94263,0.94785,161301.36,0.94776
2013-03-18 01:00:00,0.94534,0.94879,0.94175,0.94744,158996.95,0.94734
2013-03-17 01:00:00,0.94495,0.94575,0.94256,0.94534,20557.53,0.94526
2013-03-16 01:00:00,0.93901,0.93901,0.93901,0.93901,0.0,0.93864
2013-03-15 01:00:00,0.94714,0.94777,0.93798,0.93901,135071.06,0.93864
2013-03-14 01:00:00,0.95277,0.95676,0.9452,0.94714,144159.37,0.94705
2013-03-13 01:00:00,0.94735,0.95337,0.94308,0.95277,132798.66,0.95268
2013-03-12 01:00:00,0.94845,0.95056,0.94371,0.94734,139117.45,0.94724
2013-03-11 01:00:00,0.9525,0.95265,0.94671,0.94847,124931.83,0.94839
2013-03-10 01:00:00,0.9526,0.95302,0.95151,0.9525,10694.49,0.95244
2013-03-09 01:00:00,0.9519,0.9519,0.9519,0.9519,0.0,0.95142
2013-03-08 01:00:00,0.94259,0.9553,0.94181,0.9519,143637.77,0.95142
2013-03-07 01:00:00,0.9487,0.94899,0.94105,0.94259,154825.56,0.9425
2013-03-06 01:00:00,0.94136,0.94905,0.94036,0.94867,126894.53,0.9486
2013-03-05 01:00:00,0.94048,0.94345,0.93942,0.94136,125624.59,0.94128
2013-03-04 01:00:00,0.94236,0.94413,0.94013,0.94045,122512.51,0.94038
2013-03-03 01:00:00,0.9426,0.94303,0.94178,0.94236,7995.38,0.94226
2013-03-02 01:00:00,0.94298,0.94298,0.94298,0.94298,0.0,0.9427
2013-03-01 01:00:00,0.93718,0.94638,0.93524,0.94298,159648.82,0.9427
2013-02-28 01:00:00,0.92888,0.93745,0.92833,0.93718,164711.93,0.93711
2013-02-27 01:00:00,0.93269,0.93309,0.92813,0.92888,164697.33,0.92879
2013-02-26 01:00:00,0.93225,0.93351,0.92924,0.93208,48837.71,0.9319
2013-02-25 01:00:00,0.93068,0.934,0.92438,0.93163,107814.33,0.93154
2013-02-24 01:00:00,0.9299,0.93175,0.92946,0.93068,10168.53,0.93059
2013-02-23 01:00:00,0.92983,0.92983,0.92983,0.92983,0.0,0.92964
2013-02-22 01:00:00,0.93086,0.93295,0.92841,0.92983,127595.7,0.92964
2013-02-21 01:00:00,0.92822,0.93338,0.92736,0.93089,146387.86,0.9308
2013-02-20 01:00:00,0.92234,0.92896,0.91855,0.92821,124853.11,0.92814
2013-02-19 01:00:00,0.92338,0.925,0.92163,0.92234,108473.23,0.92225
2013-02-18 01:00:00,0.92325,0.9259,0.92107,0.92339,110389.96,0.9233
2013-02-17 01:00:00,0.9228,0.9234,0.92227,0.92325,5135.17,0.92318
2013-02-16 01:00:00,0.92222,0.92222,0.92222,0.92222,0.0,0.92196
2013-02-15 01:00:00,0.9224,0.9242,0.92055,0.92222,127395.34,0.92196
2013-02-14 01:00:00,0.91754,0.92465,0.91696,0.9224,139039.86,0.92232
2013-02-13 01:00:00,0.91685,0.91971,0.91532,0.91757,123852.47,0.91748
2013-02-12 01:00:00,0.92085,0.92155,0.91504,0.91684,142979.63,0.91672
2013-02-11 01:00:00,0.91759,0.92155,0.91575,0.92086,136434.8,0.92077
2013-02-10 01:00:00,0.91784,0.91832,0.91729,0.91756,7982.36,0.91746
2013-02-09 01:00:00,0.91764,0.91764,0.91764,0.91764,0.0,0.91727
2013-02-08 01:00:00,0.91878,0.91906,0.91544,0.91764,128063.5,0.91727
2013-02-07 01:00:00,0.91025,0.92018,0.9066,0.91877,156913.27,0.91871
2013-02-06 01:00:00,0.90808,0.91502,0.90579,0.91024,146990.5,0.91016
2013-02-05 01:00:00,0.90902,0.91168,0.90737,0.90809,155400.81,0.908
2013-02-04 01:00:00,0.90844,0.91178,0.90733,0.90902,130312.76,0.90894
2013-02-03 01:00:00,0.90846,0.9091,0.9077,0.90848,6538.19,0.90838
2013-02-02 01:00:00,0.90812,0.90812,0.90812,0.90812,0.0,0.90808
2013-02-01 01:00:00,0.90927,0.91096,0.9023,0.90812,159738.33,0.90808
2013-01-31 01:00:00,0.91121,0.91214,0.90764,0.90927,141344.1,0.90919
2013-01-30 01:00:00,0.92239,0.92278,0.90944,0.91122,151450.6,0.91114
2013-01-29 01:00:00,0.92645,0.9269,0.91941,0.92237,136347.36,0.92229
2013-01-28 01:00:00,0.9271,0.92934,0.92584,0.92644,128775.17,0.92636
2013-01-27 01:00:00,0.92731,0.92895,0.92697,0.9271,7415.8,0.92702
2013-01-26 01:00:00,0.9263,0.9263,0.9263,0.9263,0.0,0.92628
2013-01-25 01:00:00,0.92964,0.93079,0.92227,0.9263,146831.99,0.92628
2013-01-24 01:00:00,0.93007,0.93254,0.92806,0.92963,143034.46,0.92954
2013-01-23 01:00:00,0.92968,0.93167,0.92782,0.93011,126438.07,0.93003
2013-01-22 01:00:00,0.93468,0.93476,0.92757,0.92968,154749.31,0.92958
2013-01-21 01:00:00,0.93423,0.9351,0.93089,0.93468,104853.52,0.93462
2013-01-20 01:00:00,0.93526,0.93535,0.93399,0.93423,4721.48,0.93414
2013-01-19 01:00:00,0.93428,0.93428,0.93428,0.93428,0.0,0.93414
2013-01-18 01:00:00,0.93334,0.939,0.93051,0.93428,154323.75,0.93414
2013-01-17 01:00:00,0.93143,0.93613,0.92987,0.93334,157135.94,0.93324
2013-01-16 01:00:00,0.93157,0.93305,0.92869,0.93144,151342.94,0.93136
2013-01-15 01:00:00,0.9228,0.93335,0.92123,0.93162,173711.44,0.93151
2013-01-14 01:00:00,0.91405,0.923,0.91211,0.9228,136664.79,0.92272
2013-01-13 01:00:00,0.91288,0.91452,0.91282,0.91405,6632.26,0.91393
2013-01-12 01:00:00,0.9137,0.9137,0.9137,0.9137,0.0,0.91358
2013-01-11 01:00:00,0.91424,0.91793,0.91114,0.9137,135022.06,0.91358
2013-01-10 01:00:00,0.92613,0.927,0.91298,0.91424,141747.67,0.91416
2013-01-09 01:00:00,0.924,0.92742,0.92323,0.92614,116569.39,0.92606
2013-01-08 01:00:00,0.92105,0.92578,0.92026,0.92403,114918.63,0.92392
2013-01-07 01:00:00,0.9249,0.92875,0.92057,0.92104,112946.39,0.92094
2013-01-06 01:00:00,0.92476,0.92569,0.92422,0.92488,3435.81,0.9248
2013-01-05 01:00:00,0.92483,0.92483,0.92483,0.92483,0.0,0.92468
2013-01-04 01:00:00,0.92832,0.93039,0.92323,0.92483,120320.97,0.92468
2013-01-03 01:00:00,0.91809,0.9285,0.91761,0.92832,124101.68,0.92823
2013-01-02 01:00:00,0.91563,0.92001,0.90797,0.91809,138517.89,0.91798
2013-01-01 01:00:00,0.91542,0.91633,0.91426,0.91564,5090.48,0.91551
2012-12-31 01:00:00,0.91285,0.91677,0.91215,0.91519,92566.47,0.91475
2012-12-30 01:00:00,0.91314,0.91434,0.91268,0.91289,3331.5,0.91278
2012-12-29 01:00:00,0.91394,0.91394,0.91394,0.91394,0.0,0.91366
2012-12-28 01:00:00,0.91274,0.91825,0.91184,0.91394,99606.75,0.91366
2012-12-27 01:00:00,0.91331,0.91581,0.90968,0.91274,98136.6,0.91263
2012-12-26 01:00:00,0.91629,0.91695,0.91125,0.91329,73515.49,0.9132
2012-12-25 01:00:00,0.91664,0.91753,0.91421,0.91626,26789.43,0.91606
2012-12-24 01:00:00,0.91638,0.9172,0.91267,0.91656,62525.6,0.9163
2012-12-23 01:00:00,0.91687,0.91715,0.916,0.91638,3173.71,0.91628
2012-12-22 01:00:00,0.91593,0.91593,0.91593,0.91593,0.0,0.91569
2012-12-21 01:00:00,0.91223,0.91795,0.91209,0.91593,117578.89,0.91569
2012-12-20 01:00:00,0.91376,0.91486,0.90845,0.91223,105683.95,0.91215
2012-12-19 01:00:00,0.91324,0.9157,0.90885,0.91376,111194.65,0.91369
2012-12-18 01:00:00,0.918,0.91869,0.9122,0.91326,93643.23,0.91318
2012-12-17 01:00:00,0.91833,0.91957,0.91674,0.918,90956.59,0.91794
2012-12-16 01:00:00,0.91687,0.91845,0.91589,0.91831,7908.8,0.91824
2012-12-15 01:00:00,0.91804,0.91804,0.91804,0.91804,0.0,0.91764
2012-12-14 01:00:00,0.92386,0.92482,0.91675,0.91804,103446.1,0.91764
2012-12-13 01:00:00,0.92683,0.92762,0.92262,0.92387,108647.04,0.92379
2012-12-12 01:00:00,0.93168,0.93275,0.92445,0.92683,105170.4,0.92674
2012-12-11 01:00:00,0.93384,0.93701,0.93153,0.93168,110656.16,0.9316
2012-12-10 01:00:00,0.93592,0.93705,0.93275,0.93382,95768.42,0.93374
2012-12-09 01:00:00,0.93718,0.93732,0.93581,0.93592,5137.35,0.93587
2012-12-08 01:00:00,0.93496,0.93496,0.93496,0.93496,0.0,0.93462
2012-12-07 01:00:00,0.93283,0.93835,0.93137,0.93496,108418.32,0.93462
2012-12-06 01:00:00,0.92667,0.93408,0.92566,0.93282,121930.84,0.93276
2012-12-05 01:00:00,0.9266,0.93001,0.9251,0.92667,111177.21,0.92661
2012-12-04 01:00:00,0.92486,0.92946,0.92458,0.92658,99120.11,0.9265
2012-12-03 01:00:00,0.9275,0.92767,0.9242,0.92486,100403.85,0.92478
2012-12-02 01:00:00,0.9286,0.9286,0.92735,0.9275,5176.6,0.92741
2012-12-01 01:00:00,0.92822,0.92822,0.92822,0.92822,0.0,0.9281
2012-11-30 01:00:00,0.92811,0.92928,0.92466,0.92822,107749.8,0.9281
2012-11-29 01:00:00,0.92953,0.93044,0.9254,0.92811,95953.96,0.92802
2012-11-28 01:00:00,0.93072,0.93417,0.92856,0.92953,114089.07,0.92945
2012-11-27 01:00:00,0.92676,0.93257,0.9258,0.93072,110582.23,0.93064
2012-11-26 01:00:00,0.92806,0.9301,0.92553,0.92676,100687.41,0.92668
2012-11-25 01:00:00,0.92862,0.92871,0.92791,0.92805,4063.88,0.92798
2012-11-24 01:00:00,0.92845,0.92845,0.92845,0.92845,0.0,0.92812
2012-11-23 01:00:00,0.93548,0.93594,0.92668,0.92845,95487.46,0.92812
2012-11-22 01:00:00,0.9366,0.93863,0.93382,0.93548,88713.46,0.93542
2012-11-21 01:00:00,0.9404,0.94595,0.936,0.9366,114997.83,0.93651
2012-11-20 01:00:00,0.94291,0.94299,0.93926,0.9404,110974.33,0.94032
2012-11-19 01:00:00,0.94447,0.94568,0.93947,0.94292,107985.8,0.94284
2012-11-18 01:00:00,0.94517,0.94583,0.94429,0.94446,4045.61,0.94438
2012-11-17 01:00:00,0.94566,0.94566,0.94566,0.94566,0.0,0.94548
2012-11-16 01:00:00,0.94251,0.94916,0.9423,0.94566,110698.78,0.94548
2012-11-15 01:00:00,0.9456,0.9464,0.94041,0.94249,116502.31,0.94241
2012-11-14 01:00:00,0.94732,0.94759,0.94232,0.94562,121766.47,0.94555
2012-11-13 01:00:00,0.94855,0.95132,0.9467,0.9473,129472.37,0.94722
2012-11-12 01:00:00,0.94813,0.9496,0.94688,0.94857,89009.68,0.94848
2012-11-11 01:00:00,0.94886,0.94903,0.94701,0.94813,2829.67,0.94806
2012-11-10 01:00:00,0.94893,0.94893,0.94893,0.94893,0.0,0.94876
2012-11-09 01:00:00,0.9465,0.94995,0.943,0.94893,130852.67,0.94876
2012-11-08 01:00:00,0.94573,0.94821,0.94416,0.94652,147784.99,0.94644
2012-11-07 01:00:00,0.94348,0.94721,0.93817,0.94574,174405.76,0.94566
2012-11-06 01:00:00,0.94335,0.94567,0.94206,0.94347,126762.95,0.94339
2012-11-05 01:00:00,0.94159,0.94496,0.94004,0.94335,127830.18,0.94328
2012-11-04 01:00:00,0.94174,0.94194,0.94025,0.9416,3552.91,0.94152
2012-10-27 02:00:00,0.93513,0.93513,0.93513,0.93513,0.0,0.93485
2012-10-26 02:00:00,0.93517,0.93866,0.93341,0.93513,131547.22,0.93485
2012-10-25 02:00:00,0.93301,0.93576,0.92913,0.93521,136380.64,0.93513
2012-10-24 02:00:00,0.93309,0.93623,0.9315,0.93301,139888.38,0.93292
2012-10-23 02:00:00,0.92644,0.93438,0.92642,0.9331,132378.05,0.93301
2012-10-22 02:00:00,0.92816,0.9289,0.92499,0.92643,122364.26,0.92634
2012-10-21 02:00:00,0.92818,0.92928,0.92764,0.92814,4693.94,0.92806
2012-10-20 02:00:00,0.92837,0.92837,0.92837,0.92837,0.0,0.92833
2012-10-19 02:00:00,0.92473,0.92908,0.92427,0.92837,114676.32,0.92833
2012-10-18 02:00:00,0.92252,0.92576,0.92161,0.92473,129752.8,0.92465
2012-10-17 02:00:00,0.9231,0.92482,0.92152,0.92253,142412.01,0.92247
2012-10-16 02:00:00,0.9321,0.93337,0.92166,0.9231,138221.21,0.92302
2012-10-15 02:00:00,0.93496,0.93726,0.93171,0.93209,125535.71,0.93201
2012-10-14 02:00:00,0.93369,0.93502,0.93282,0.93496,5370.67,0.93488
2012-10-13 02:00:00,0.93356,0.93356,0.93356,0.93356,0.0,0.93343
2012-10-12 02:00:00,0.93506,0.93579,0.93067,0.93356,123398.96,0.93343
2012-10-11 02:00:00,0.94013,0.94195,0.93375,0.93509,136249.99,0.93501
2012-10-10 02:00:00,0.94204,0.94325,0.93757,0.94014,149722.15,0.94008
2012-10-09 02:00:00,0.93288,0.94255,0.93242,0.94203,150326.87,0.94196
2012-10-08 02:00:00,0.93117,0.93582,0.93111,0.93288,116215.65,0.9328
2012-10-07 02:00:00,0.93025,0.93135,0.92957,0.93117,5989.44,0.93109
2012-10-06 02:00:00,0.93008,0.93008,0.93008,0.93008,0.0,0.92966
2012-10-05 02:00:00,0.93109,0.9324,0.92762,0.93008,130815.38,0.92966
2012-10-04 02:00:00,0.93744,0.93843,0.9296,0.93109,146938.96,0.93103
2012-10-03 02:00:00,0.93708,0.93992,0.9356,0.93746,139394.73,0.93738
2012-10-02 02:00:00,0.93846,0.93896,0.93334,0.9371,129299.31,0.93704
2012-10-01 02:00:00,0.94357,0.94389,0.93529,0.93845,136028.0,0.93838
2012-09-30 02:00:00,0.94055,0.94373,0.94023,0.9436,9127.34,0.94348
2012-09-29 02:00:00,0.94013,0.94013,0.94013,0.94013,0.0,0.93994
2012-09-28 02:00:00,0.93738,0.94155,0.9336,0.94013,134188.75,0.93994
2012-09-27 02:00:00,0.93928,0.94176,0.93617,0.93739,124918.9,0.93732
2012-09-26 02:00:00,0.9377,0.94183,0.93689,0.93928,129021.8,0.9392
2012-09-25 02:00:00,0.93477,0.93854,0.93289,0.9377,137119.76,0.93765
2012-09-24 02:00:00,0.93328,0.93922,0.93305,0.93476,119195.27,0.9347
2012-09-23 02:00:00,0.9327,0.93422,0.93188,0.93328,6814.89,0.93321
2012-09-22 02:00:00,0.93327,0.93327,0.93327,0.93327,0.0,0.93322
2012-09-21 02:00:00,0.93247,0.93444,0.92858,0.93327,134357.49,0.93322
2012-09-20 02:00:00,0.92642,0.93566,0.92637,0.93247,148430.08,0.93239
2012-09-19 02:00:00,0.92835,0.93077,0.92591,0.92641,146152.83,0.92634
2012-09-18 02:00:00,0.92733,0.92981,0.92467,0.92833,137789.84,0.92826
2012-09-17 02:00:00,0.92651,0.92969,0.92475,0.92735,125513.39,0.92728
2012-09-16 02:00:00,0.92705,0.9277,0.92562,0.9265,6530.16,0.92642
2012-09-15 02:00:00,0.92718,0.92718,0.92718,0.92718,0.0,0.92713
2012-09-14 02:00:00,0.9351,0.93545,0.92396,0.92718,140867.39,0.92713
2012-09-13 02:00:00,0.93724,0.94242,0.93482,0.93512,143110.19,0.93504
2012-09-12 02:00:00,0.93927,0.94056,0.93423,0.93724,140051.6,0.93718
2012-09-11 02:00:00,0.94652,0.94674,0.93794,0.93927,131839.91,0.93921
2012-09-10 02:00:00,0.94552,0.94847,0.94371,0.94651,116758.27,0.94645
2012-09-09 02:00:00,0.94402,0.94615,0.94317,0.94553,6010.6,0.94545
2012-09-08 02:00:00,0.94458,0.94458,0.94458,0.94458,0.0,0.94428
2012-09-07 02:00:00,0.95394,0.95808,0.94348,0.94458,132749.04,0.94428
2012-09-06 02:00:00,0.95567,0.9598,0.95203,0.95396,152099.79,0.95389
2012-09-05 02:00:00,0.95832,0.96087,0.95304,0.95567,151772.7,0.95561
2012-09-04 02:00:00,0.95422,0.95904,0.951,0.95832,135378.39,0.95827
2012-09-03 02:00:00,0.95511,0.95617,0.95225,0.95423,101624.15,0.95418
2012-09-02 02:00:00,0.95552,0.95556,0.95413,0.95511,5953.57,0.95504
2012-09-01 02:00:00,0.95484,0.95484,0.95484,0.95484,0.0,0.9548
2012-08-31 02:00:00,0.96013,0.96127,0.95031,0.95484,148869.3,0.9548
2012-08-30 02:00:00,0.95851,0.96175,0.95594,0.96013,127480.47,0.96008
2012-08-29 02:00:00,0.95546,0.95937,0.95529,0.95853,127197.01,0.95847
2012-08-28 02:00:00,0.96086,0.96365,0.95488,0.95549,143575.47,0.95541
2012-08-27 02:00:00,0.96042,0.9616,0.95813,0.96086,84813.94,0.9608
2012-08-26 02:00:00,0.95986,0.96063,0.95899,0.96045,6418.64,0.96039
2012-08-25 02:00:00,0.95994,0.95994,0.95994,0.95994,0.0,0.95977
2012-08-24 02:00:00,0.95624,0.96219,0.95571,0.95994,136936.89,0.95977
2012-08-23 02:00:00,0.95832,0.95902,0.95391,0.95624,156451.82,0.95616
2012-08-22 02:00:00,0.96272,0.96605,0.95753,0.9583,143560.98,0.95824
2012-08-21 02:00:00,0.97255,0.97284,0.96171,0.96274,145430.47,0.96267
2012-08-20 02:00:00,0.97412,0.97684,0.97111,0.97253,112518.49,0.97245
2012-08-19 02:00:00,0.97296,0.97441,0.97276,0.97414,5993.81018,0.97407
2012-08-18 02:00:00,0.9741,0.9741,0.9741,0.9741,0.0,0.97385
2012-08-17 02:00:00,0.97205,0.97739,0.97007,0.9741,109428.04,0.97385
2012-08-16 02:00:00,0.97742,0.97997,0.97075,0.97205,124130.78,0.97202
2012-08-15 02:00:00,0.97472,0.9793,0.97324,0.97742,115364.49,0.97735
2012-08-14 02:00:00,0.97448,0.97538,0.96979,0.97472,134511.73,0.97464
2012-08-13 02:00:00,0.9785,0.97958,0.97069,0.97447,135312.59,0.9744
2012-08-12 02:00:00,0.97699,0.97851,0.97682,0.9785,5488.68,0.97843
2012-08-11 02:00:00,0.97748,0.97748,0.97748,0.97748,0.0,0.97717
2012-08-10 02:00:00,0.97706,0.98104,0.97498,0.97748,125059.72,0.97717
2012-08-09 02:00:00,0.97106,0.97908,0.96988,0.97704,146225.36,0.977
2012-08-08 02:00:00,0.97014,0.97453,0.96867,0.97105,140839.0,0.97097
2012-08-07 02:00:00,0.96968,0.97071,0.96587,0.97016,139560.33,0.97008
2012-08-06 02:00:00,0.96692,0.97464,0.96662,0.96967,157897.35,0.96958
2012-08-05 02:00:00,0.96919,0.97043,0.96576,0.96694,11378.6,0.96687
2012-08-04 02:00:00,0.97065,0.97065,0.97065,0.97065,0.0,0.97038
2012-08-03 02:00:00,0.98654,0.9874,0.96957,0.97065,170608.21,0.97038
2012-08-02 02:00:00,0.98156,0.98989,0.96933,0.98654,181993.47,0.98646
2012-08-01 02:00:00,0.97719,0.98347,0.97379,0.98157,150616.75,0.98149
2012-07-31 02:00:00,0.97984,0.9806,0.9742,0.97719,179033.17,0.97711
2012-07-30 02:00:00,0.97632,0.98245,0.97611,0.97984,161972.4,0.97976
2012-07-29 02:00:00,0.97691,0.97713,0.97566,0.97632,5669.15,0.97624
2012-07-28 02:00:00,0.97503,0.97503,0.97503,0.97503,0.0,0.97491
2012-07-27 02:00:00,0.97827,0.98095,0.96958,0.97503,187674.58,0.97491
2012-07-26 02:00:00,0.98943,0.99114,0.97422,0.97826,183039.89115,0.97818
2012-07-25 02:00:00,0.99578,0.99641,0.9869,0.98942,181503.33,0.98934
2012-07-24 02:00:00,0.99067,0.99727,0.98953,0.99577,177434.21,0.99569
2012-07-23 02:00:00,0.99037,0.99523,0.98892,0.99065,181417.37,0.99059
2012-07-22 02:00:00,0.99143,0.99184,0.99001,0.99038,8998.16,0.9903
2012-07-21 02:00:00,0.98819,0.98819,0.98819,0.98819,0.0,0.9879
2012-07-20 02:00:00,0.97846,0.98882,0.97788,0.98819,146118.7,0.9879
2012-07-19 02:00:00,0.97832,0.98212,0.97474,0.97846,169256.14,0.97838
2012-07-18 02:00:00,0.97704,0.98304,0.97614,0.97833,160955.28,0.97826
2012-07-17 02:00:00,0.97923,0.98529,0.97522,0.97704,169296.18,0.97697
2012-07-16 02:00:00,0.98074,0.98642,0.97736,0.97921,146599.12,0.97914
2012-07-15 02:00:00,0.97922,0.98094,0.9789,0.98075,5570.99,0.98068
2012-07-14 02:00:00,0.98058,0.98058,0.98058,0.98058,0.0,0.98043
2012-07-13 02:00:00,0.98533,0.98735,0.97992,0.98058,136942.81,0.98043
2012-07-12 02:00:00,0.98083,0.98703,0.98078,0.98536,158530.04,0.98528
2012-07-11 02:00:00,0.98002,0.98325,0.97677,0.98083,148096.96,0.98075
2012-07-10 02:00:00,0.97506,0.98159,0.97382,0.98003,153705.75,0.97995
2012-07-09 02:00:00,0.97894,0.97902,0.97457,0.97517,157125.4,0.97509
2012-07-08 02:00:00,0.9798,0.98015,0.97818,0.97894,9383.5,0.97886
2012-07-07 02:00:00,0.97747,0.97747,0.97747,0.97747,0.0,0.9774
2012-07-06 02:00:00,0.9694,0.97952,0.96858,0.97747,154466.92,0.9774
2012-07-05 02:00:00,0.95982,0.9716,0.95818,0.96938,175392.87,0.96931
2012-07-04 02:00:00,0.95302,0.96052,0.95286,0.95984,117652.61,0.95976
2012-07-03 02:00:00,0.95493,0.95643,0.95132,0.95301,149795.2,0.95292
2012-07-02 02:00:00,0.9498,0.95599,0.94847,0.95495,172474.47,0.95486
2012-07-01 02:00:00,0.94751,0.95008,0.94751,0.9498,10333.21,0.94972
2012-06-30 02:00:00,0.94854,0.94854,0.94854,0.94854,0.0,0.94823
2012-06-29 02:00:00,0.9654,0.96606,0.94636,0.94854,213865.73,0.94823
2012-06-28 02:00:00,0.96319,0.96795,0.95922,0.9654,187706.51,0.96531
2012-06-27 02:00:00,0.96196,0.9651,0.96029,0.96319,161212.96,0.96312
2012-06-26 02:00:00,0.96067,0.96533,0.95853,0.96196,183752.88,0.96189
2012-06-25 02:00:00,0.95804,0.963,0.95748,0.96065,164272.07,0.96058
2012-06-24 02:00:00,0.95745,0.95827,0.95655,0.95804,5522.98,0.95796
2012-06-23 02:00:00,0.95545,0.95545,0.95545,0.95545,0.0,0.95538
2012-06-22 02:00:00,0.95715,0.95925,0.95441,0.95545,183702.37,0.95538
2012-06-21 02:00:00,0.94727,0.95842,0.94582,0.95715,224642.45,0.95707
2012-06-20 02:00:00,0.94726,0.95024,0.94251,0.94728,203647.57,0.94724
2012-06-19 02:00:00,0.95353,0.95557,0.94339,0.94727,220012.32,0.9472
2012-06-18 02:00:00,0.94567,0.95648,0.94413,0.95354,207693.5,0.95346
2012-06-17 02:00:00,0.94611,0.94628,0.94235,0.94568,10777.85,0.94557
2012-06-16 02:00:00,0.9504,0.9504,0.9504,0.9504,0.0,0.94999
2012-06-15 02:00:00,0.9513,0.95384,0.94837,0.9504,177533.22,0.94999
2012-06-14 02:00:00,0.95529,0.95745,0.95056,0.95127,216282.92,0.95119
2012-06-13 02:00:00,0.961,0.9629,0.95228,0.95529,219768.55062,0.95523
2012-06-12 02:00:00,0.96268,0.96512,0.95856,0.9609,231670.00179,0.9608
2012-06-11 02:00:00,0.94995,0.96473,0.94993,0.96269,219624.16,0.96262
2012-06-10 02:00:00,0.95096,0.95144,0.94794,0.94993,14226.57,0.94986
2012-06-09 02:00:00,0.95982,0.95982,0.95982,0.95982,0.0,0.95958
2012-06-08 02:00:00,0.95571,0.96587,0.95537,0.95982,210078.92,0.95958
2012-06-07 02:00:00,0.95513,0.95789,0.95146,0.95571,220480.58,0.95563
2012-06-06 02:00:00,0.96389,0.96519,0.95418,0.95512,241606.33,0.95505
2012-06-05 02:00:00,0.95903,0.96774,0.95781,0.96388,206410.31,0.96382
2012-06-04 02:00:00,0.96884,0.96972,0.95896,0.95903,200006.7,0.95894
2012-06-03 02:00:00,0.96775,0.96907,0.96554,0.96885,11840.13,0.96877
2012-06-02 02:00:00,0.96643,0.96643,0.96643,0.96643,0.0,0.96609
2012-06-01 02:00:00,0.97165,0.97726,0.96408,0.96643,238076.65,0.96609
2012-05-31 02:00:00,0.9709,0.97369,0.96669,0.97164,229801.0,0.97156
2012-05-30 02:00:00,0.9627,0.97182,0.96202,0.97089,241945.28,0.97081
2012-05-29 02:00:00,0.96002,0.96385,0.95601,0.9627,210318.49,0.96262
2012-05-28 02:00:00,0.95646,0.96031,0.95296,0.96004,141757.68,0.95996
2012-05-27 02:00:00,0.95645,0.95756,0.95612,0.95646,10493.81,0.95638
2012-05-26 02:00:00,0.95933,0.95933,0.95933,0.95933,0.0,0.95909
2012-05-25 02:00:00,0.9588,0.9612,0.95416,0.95933,200135.58,0.95909
2012-05-24 02:00:00,0.95619,0.95961,0.9535,0.95883,252812.89,0.95875
2012-05-23 02:00:00,0.94872,0.95736,0.94673,0.95625,262315.26,0.95616
2012-05-22 02:00:00,0.93758,0.94931,0.93741,0.9487,226500.73,0.94862
2012-05-21 02:00:00,0.94054,0.9439,0.93685,0.93757,214925.29,0.9375
2012-05-20 02:00:00,0.94124,0.94232,0.93945,0.94055,11840.87,0.94047
2012-05-19 02:00:00,0.94026,0.94026,0.94026,0.94026,0.0,0.93984
2012-05-18 02:00:00,0.946,0.9501,0.93881,0.94026,233049.21,0.93984
2012-05-17 02:00:00,0.9434,0.94863,0.94212,0.946,228048.07,0.94591
2012-05-16 02:00:00,0.94323,0.94712,0.94146,0.94345,247708.49,0.94337
2012-05-15 02:00:00,0.93629,0.94415,0.93349,0.94323,221549.02,0.94316
2012-05-14 02:00:00,0.9315,0.93728,0.93095,0.93633,206395.97,0.93624
2012-05-13 02:00:00,0.9312,0.93256,0.93068,0.93153,10645.3,0.93145
2012-05-12 02:00:00,0.93013,0.93013,0.93013,0.93013,0.0,0.92992
2012-05-11 02:00:00,0.92886,0.93076,0.92721,0.93013,168505.75,0.92992
2012-05-10 02:00:00,0.92868,0.92939,0.92571,0.92886,174790.26,0.92877
2012-05-09 02:00:00,0.92452,0.93025,0.92381,0.92866,203512.5,0.92858
2012-05-08 02:00:00,0.92008,0.9252,0.91998,0.92454,171757.75,0.92446
2012-05-07 02:00:00,0.92674,0.92674,0.9196,0.92004,154148.0,0.91996
2012-05-06 02:00:00,0.92307,0.9273,0.92161,0.92673,15569.97,0.92665
2012-05-05 02:00:00,0.91834,0.91834,0.91834,0.91834,0.0,0.91819
2012-05-04 02:00:00,0.91354,0.91851,0.91161,0.91834,134953.34,0.91819
2012-05-03 02:00:00,0.91394,0.91751,0.91155,0.91354,140797.73,0.91346
2012-05-02 02:00:00,0.90776,0.91582,0.90771,0.91394,156078.6,0.91386
2012-05-01 02:00:00,0.90761,0.91005,0.90435,0.90777,106325.47,0.90768
2012-04-30 02:00:00,0.90731,0.90974,0.90565,0.90761,140208.32,0.90754
2012-04-29 02:00:00,0.90753,0.90773,0.90684,0.9073,4339.89,0.90722
2012-04-28 02:00:00,0.90673,0.90673,0.90673,0.90673,0.0,0.90647
2012-04-27 02:00:00,0.91101,0.91342,0.90528,0.90673,159539.26,0.90647
2012-04-26 02:00:00,0.90831,0.9119,0.90588,0.91103,162617.84,0.91094
2012-04-25 02:00:00,0.91078,0.91228,0.90793,0.90828,159721.86,0.9082
2012-04-24 02:00:00,0.914,0.91435,0.90915,0.91076,152738.92,0.91068
2012-04-23 02:00:00,0.90982,0.91728,0.90967,0.91398,155492.08,0.9139
2012-04-22 02:00:00,0.91173,0.91192,0.90969,0.90983,4554.25,0.90974
2012-04-21 02:00:00,0.90891,0.90891,0.90891,0.90891,0.0,0.90884
2012-04-20 02:00:00,0.91477,0.91559,0.90843,0.90891,150456.63,0.90884
2012-04-19 02:00:00,0.91638,0.91964,0.91289,0.91477,184527.48,0.91469
2012-04-18 02:00:00,0.91476,0.9211,0.91451,0.91636,173481.13,0.9163
2012-04-17 02:00:00,0.9158,0.91833,0.91258,0.91476,164024.6,0.91468
2012-04-16 02:00:00,0.92194,0.92519,0.91407,0.91579,194208.96,0.91571
2012-04-15 02:00:00,0.92059,0.92205,0.91988,0.92195,7341.44,0.92186
2012-04-14 02:00:00,0.91989,0.91989,0.91989,0.91989,0.0,0.91955
2012-04-13 02:00:00,0.91137,0.9203,0.91048,0.91989,152723.43,0.91955
2012-04-12 02:00:00,0.91735,0.918,0.90922,0.91137,166030.75,0.91128
2012-04-11 02:00:00,0.91907,0.91954,0.913,0.91734,169202.16,0.91726
2012-04-10 02:00:00,0.91725,0.92113,0.91472,0.91905,183786.11,0.91898
2012-04-09 02:00:00,0.91821,0.92186,0.91517,0.91725,90409.11,0.91718
2012-04-08 02:00:00,0.91702,0.91974,0.91596,0.91821,4741.89,0.91807
2012-04-07 02:00:00,0.91751,0.91751,0.91751,0.91751,0.0,0.91704
2012-04-06 02:00:00,0.92029,0.92107,0.91614,0.91751,49193.63,0.91704
2012-04-05 02:00:00,0.9157,0.9223,0.91441,0.92023,144307.24,0.92014
2012-04-04 02:00:00,0.91116,0.91837,0.9102,0.9157,170234.93,0.91561
2012-04-03 02:00:00,0.90308,0.91153,0.90041,0.91116,160091.21,0.91108
2012-04-02 02:00:00,0.90147,0.90722,0.90026,0.90309,149222.24,0.903
2012-04-01 02:00:00,0.90131,0.90158,0.90048,0.90147,6335.48,0.9014
2012-03-31 02:00:00,0.90283,0.90283,0.90283,0.90283,0.0,0.90241
2012-03-30 02:00:00,0.90559,0.90579,0.90096,0.90283,150138.63,0.90241
2012-03-29 02:00:00,0.90468,0.9094,0.90335,0.90559,161424.16,0.9055
2012-03-28 02:00:00,0.90464,0.90826,0.90172,0.90468,164873.7,0.90461
2012-03-27 02:00:00,0.90323,0.90567,0.90171,0.90464,149352.84,0.90456
2012-03-26 02:00:00,0.9074,0.91373,0.90233,0.90323,159347.74,0.90314
2012-03-25 01:00:00,0.90825,0.90853,0.90709,0.9074,4093.31,0.90732
2012-03-24 01:00:00,0.90822,0.90822,0.90822,0.90822,0.0,0.90802
2012-03-23 01:00:00,0.91317,0.91407,0.90674,0.90822,144503.45,0.90802
2012-03-22 01:00:00,0.9124,0.91794,0.9096,0.91316,167428.4,0.91308
2012-03-21 01:00:00,0.91124,0.91496,0.90782,0.9124,147773.59,0.91231
2012-03-20 01:00:00,0.91188,0.91542,0.91005,0.91124,150121.79,0.91117
2012-03-19 01:00:00,0.91585,0.91788,0.90924,0.9119,131681.6,0.91181
2012-03-18 01:00:00,0.91557,0.91623,0.91518,0.91585,6012.69,0.91576
2012-03-17 01:00:00,0.91602,0.91602,0.91602,0.91602,0.0,0.91564
2012-03-16 01:00:00,0.92352,0.92547,0.91518,0.91602,143022.75,0.91564
2012-03-15 01:00:00,0.93177,0.93361,0.92024,0.92352,168714.74,0.92343
2012-03-14 01:00:00,0.92375,0.93322,0.9233,0.93177,174216.09,0.93168
2012-03-13 01:00:00,0.91545,0.92506,0.91414,0.92375,163485.5,0.92368
2012-03-12 01:00:00,0.91921,0.92196,0.91528,0.91544,141755.9,0.91536
2012-03-11 01:00:00,0.92032,0.92048,0.91895,0.9192,3264.87,0.91914
2012-03-10 01:00:00,0.91885,0.91885,0.91885,0.91885,0.0,0.91872
2012-03-09 01:00:00,0.90849,0.92077,0.90847,0.91885,154878.7,0.91872
2012-03-08 01:00:00,0.91715,0.91768,0.90723,0.90849,163195.19,0.90842
2012-03-07 01:00:00,0.91882,0.92028,0.91576,0.91715,166342.47,0.91708
2012-03-06 01:00:00,0.91203,0.91974,0.91156,0.91882,190251.8,0.91874
2012-03-05 01:00:00,0.91493,0.91631,0.91071,0.91203,170299.14,0.91194
2012-03-04 01:00:00,0.9146,0.91501,0.91369,0.91491,5731.8,0.91482
2012-03-03 01:00:00,0.91434,0.91434,0.91434,0.91434,0.0,0.9141
2012-03-02 01:00:00,0.90517,0.91503,0.90476,0.91434,174256.56,0.9141
2012-03-01 01:00:00,0.90484,0.90733,0.9023,0.90515,193106.62,0.90508
2012-02-29 01:00:00,0.89435,0.90532,0.89368,0.90484,204978.12,0.90476
2012-02-28 01:00:00,0.89864,0.90023,0.89432,0.89434,182776.35,0.89423
2012-02-27 01:00:00,0.89445,0.90118,0.89445,0.89865,166793.16,0.89858
2012-02-26 01:00:00,0.8951,0.89547,0.89407,0.89445,7097.33,0.89435
2012-02-25 01:00:00,0.89617,0.89617,0.89617,0.89617,0.0,0.896
2012-02-24 01:00:00,0.90119,0.90285,0.89319,0.89617,147611.95,0.896
2012-02-23 01:00:00,0.91032,0.91152,0.90095,0.90117,164825.61,0.90105
2012-02-22 01:00:00,0.91178,0.91393,0.9098,0.91033,157256.0,0.91024
2012-02-21 01:00:00,0.91368,0.91504,0.90841,0.91178,173891.7,0.91169
2012-02-20 01:00:00,0.91498,0.9165,0.90893,0.91368,117651.77,0.91359
2012-02-19 01:00:00,0.91767,0.91802,0.9139,0.91498,10022.72,0.9149
2012-02-18 01:00:00,0.92029,0.92029,0.92029,0.92029,0.0,0.9201
2012-02-17 01:00:00,0.91932,0.92078,0.91606,0.92029,137211.85,0.9201
2012-02-16 01:00:00,0.92455,0.93011,0.91766,0.91929,186794.13,0.91922
2012-02-15 01:00:00,0.91989,0.9252,0.91564,0.92454,182892.72,0.92448
2012-02-14 01:00:00,0.9188,0.92304,0.91438,0.9199,170538.39,0.9198
2012-02-13 01:00:00,0.91382,0.91933,0.91037,0.9188,161534.7,0.9187
2012-02-12 01:00:00,0.9156,0.91576,0.91211,0.91383,8511.88,0.9137
2012-02-11 01:00:00,0.91676,0.91676,0.91676,0.91676,0.0,0.9166
2012-02-10 01:00:00,0.91234,0.92013,0.91037,0.91676,152783.67,0.9166
2012-02-09 01:00:00,0.91353,0.9149,0.90894,0.91234,182855.02,0.91226
2012-02-08 01:00:00,0.91244,0.91539,0.91075,0.91353,179997.36,0.91344
2012-02-07 01:00:00,0.91961,0.92279,0.91105,0.91243,179757.32,0.91236
2012-02-06 01:00:00,0.91942,0.92637,0.91795,0.91961,164544.21,0.91954
2012-02-05 01:00:00,0.92057,0.92088,0.91919,0.91944,4880.31,0.91932
2012-02-04 01:00:00,0.9185,0.9185,0.9185,0.9185,0.0,0.91818
2012-02-03 01:00:00,0.91767,0.9235,0.91281,0.9185,176920.58,0.91818
2012-02-02 01:00:00,0.91463,0.92084,0.91317,0.91766,187720.3,0.91757
2012-02-01 01:00:00,0.92051,0.92508,0.91154,0.91463,216056.02,0.91454
2012-01-31 01:00:00,0.9177,0.92287,0.91236,0.92051,211345.92,0.92044
2012-01-30 01:00:00,0.9134,0.92103,0.91318,0.9177,181663.96,0.91762
2012-01-29 01:00:00,0.91261,0.91363,0.91244,0.9134,4104.03,0.91332
2012-01-28 01:00:00,0.91216,0.91216,0.91216,0.91216,0.0,0.91208
2012-01-27 01:00:00,0.92184,0.92293,0.91114,0.91216,182871.65,0.91208
2012-01-26 01:00:00,0.92197,0.92297,0.91573,0.92184,191931.95,0.92177
2012-01-25 01:00:00,0.92773,0.934,0.92053,0.92195,198813.11,0.92189
2012-01-24 01:00:00,0.92693,0.93121,0.92355,0.92775,186739.15,0.92766
2012-01-23 01:00:00,0.93718,0.93763,0.92526,0.92693,185530.92,0.92684
2012-01-22 01:00:00,0.93787,0.93814,0.93668,0.93718,3902.27,0.93709
2012-01-21 01:00:00,0.9347,0.9347,0.9347,0.9347,0.0,0.9345
2012-01-20 01:00:00,0.93262,0.9371,0.93072,0.9347,176221.16,0.9345
2012-01-19 01:00:00,0.93892,0.94133,0.93181,0.93263,212097.64,0.93255
2012-01-18 01:00:00,0.9491,0.94974,0.93836,0.93892,217551.73,0.93884
2012-01-17 01:00:00,0.95574,0.95577,0.9449,0.94911,218537.47,0.94904
2012-01-16 01:00:00,0.95428,0.9576,0.95263,0.95572,173463.09,0.95561
2012-01-15 01:00:00,0.95585,0.95585,0.9542,0.95427,7260.13,0.95416
2012-01-14 01:00:00,0.95234,0.95234,0.95234,0.95234,0.0,0.95202
2012-01-13 01:00:00,0.94411,0.95762,0.94076,0.95234,228336.01,0.95202
2012-01-12 01:00:00,0.95346,0.95466,0.94126,0.94411,206832.48,0.94406
2012-01-11 01:00:00,0.95091,0.95682,0.94838,0.95346,215248.45,0.95338
2012-01-10 01:00:00,0.94825,0.9516,0.94666,0.95091,199928.63,0.95076
2012-01-09 01:00:00,0.95857,0.95857,0.94772,0.94825,223898.98,0.94817
2012-01-08 01:00:00,0.95774,0.95964,0.95654,0.95856,8415.48,0.95844
2012-01-07 01:00:00,0.95528,0.95528,0.95528,0.95528,0.0,0.95519
2012-01-06 01:00:00,0.95258,0.95795,0.95066,0.95528,187775.38,0.95519
2012-01-05 01:00:00,0.94244,0.95391,0.94149,0.95257,215930.86,0.95243
2012-01-04 01:00:00,0.932,0.94502,0.93185,0.94244,206009.02,0.94231
2012-01-03 01:00:00,0.9398,0.94021,0.93055,0.93195,194452.53,0.93186
2012-01-02 01:00:00,0.9387,0.94216,0.93532,0.9398,34607.96,0.93959
2012-01-01 01:00:00,0.93864,0.94028,0.93819,0.9387,1509.56,0.9383
2011-12-31 01:00:00,0.93919,0.93919,0.93919,0.93919,0.0,0.93894
2011-12-30 01:00:00,0.94042,0.94285,0.93419,0.93919,149992.17,0.93894
2011-12-29 01:00:00,0.94369,0.94707,0.9398,0.94042,173818.16,0.94032
2011-12-28 01:00:00,0.9346,0.94425,0.93214,0.94371,160706.49,0.94357
2011-12-27 01:00:00,0.93722,0.93899,0.93336,0.9346,85308.82,0.93439
2011-12-26 01:00:00,0.93817,0.93817,0.93399,0.93722,19171.66,0.93691
2011-12-25 01:00:00,0.93719,0.93916,0.93559,0.93816,1630.95,0.93727
2011-12-24 01:00:00,0.93684,0.93684,0.93684,0.93684,0.0,0.93658
2011-12-23 01:00:00,0.93571,0.93893,0.93357,0.93684,131834.81,0.93658
2011-12-22 01:00:00,0.93655,0.94006,0.93073,0.9357,160151.59,0.93554
2011-12-21 01:00:00,0.93173,0.93946,0.92432,0.93656,179441.25,0.93643
2011-12-20 01:00:00,0.93696,0.93818,0.92685,0.93168,168584.01,0.93154
2011-12-19 01:00:00,0.93656,0.94015,0.93486,0.93696,190546.07,0.93688
2011-12-18 01:00:00,0.93682,0.93711,0.93618,0.93656,4590.36,0.93645
2011-12-17 01:00:00,0.93611,0.93611,0.93611,0.93611,0.0,0.93602
2011-12-16 01:00:00,0.93978,0.94156,0.93524,0.93611,176183.01,0.93602
2011-12-15 01:00:00,0.95408,0.95492,0.93898,0.93978,200338.25,0.93965
2011-12-14 01:00:00,0.94649,0.95412,0.94303,0.95408,189008.03,0.95396
2011-12-13 01:00:00,0.93888,0.94803,0.93428,0.9465,200091.34,0.94638
2011-12-12 01:00:00,0.92595,0.93893,0.92496,0.93891,183757.16,0.93877
2011-12-11 01:00:00,0.92555,0.92666,0.92522,0.92595,5365.25,0.92581
2011-12-10 01:00:00,0.92329,0.92329,0.92329,0.92329,0.0,0.92322
2011-12-09 01:00:00,0.9258,0.92856,0.91828,0.92329,165058.4,0.92322
2011-12-08 01:00:00,0.92441,0.92915,0.91774,0.92578,169065.89,0.92569
2011-12-07 01:00:00,0.92538,0.92892,0.92282,0.92439,162729.3,0.9243
2011-12-06 01:00:00,0.92167,0.92973,0.9208,0.92538,164856.15,0.9253
2011-12-05 01:00:00,0.92047,0.92331,0.91659,0.92167,158043.75,0.92158
2011-12-04 01:00:00,0.92134,0.92297,0.92009,0.92046,5817.63,0.92032
2011-12-03 01:00:00,0.92158,0.92158,0.92158,0.92158,0.0,0.92151
2011-12-02 01:00:00,0.91563,0.92426,0.91119,0.92158,140752.93,0.92151
2011-12-01 01:00:00,0.91393,0.91914,0.9072,0.91564,162464.19,0.91556
2011-11-30 01:00:00,0.92139,0.92527,0.90672,0.91393,172854.23,0.91383
2011-11-29 01:00:00,0.9229,0.92455,0.91408,0.92139,171544.23,0.9213
2011-11-28 01:00:00,0.9278,0.93082,0.91765,0.92289,160902.7,0.92281
2011-11-27 01:00:00,0.92806,0.92889,0.92701,0.9278,7310.52,0.92773
2011-11-26 01:00:00,0.93013,0.93013,0.93013,0.93013,0.0,0.9298
2011-11-25 01:00:00,0.92086,0.93314,0.92064,0.93013,145489.54,0.9298
2011-11-24 01:00:00,0.92002,0.9217,0.91543,0.92089,130499.88,0.92073
2011-11-23 01:00:00,0.91347,0.92147,0.91288,0.92001,175798.72,0.91988
2011-11-22 01:00:00,0.91781,0.91874,0.91084,0.91347,165418.68,0.9134
2011-11-21 01:00:00,0.91676,0.92105,0.9141,0.91783,172591.51,0.91776
2011-11-20 01:00:00,0.918,0.91841,0.91644,0.91675,5136.62,0.91654
2011-11-19 01:00:00,0.91712,0.91712,0.91712,0.91712,0.0,0.91663
2011-11-18 01:00:00,0.92209,0.9225,0.9086,0.91712,175208.11,0.91663
2011-11-17 01:00:00,0.92167,0.92371,0.91529,0.92209,191831.42,0.92202
2011-11-16 01:00:00,0.91807,0.92309,0.91399,0.92167,191464.27,0.9216
2011-11-15 01:00:00,0.90872,0.91991,0.90823,0.91809,175655.59,0.91794
2011-11-14 01:00:00,0.89947,0.90935,0.89626,0.90871,167514.46,0.90863
2011-11-13 01:00:00,0.89898,0.90103,0.89792,0.89947,4805.35,0.89934
2011-11-12 01:00:00,0.90022,0.90022,0.90022,0.90022,0.0,0.89998
2011-11-11 01:00:00,0.90608,0.90844,0.89542,0.90022,129280.85,0.89998
2011-11-10 01:00:00,0.91103,0.91541,0.90194,0.90604,153360.64,0.9059
2011-11-09 01:00:00,0.89493,0.9112,0.89233,0.91103,159135.95,0.9109
2011-11-08 01:00:00,0.90174,0.90685,0.89233,0.89493,153021.88,0.89484
2011-11-07 01:00:00,0.8909,0.90315,0.88956,0.90177,157356.49,0.90156
2011-11-06 01:00:00,0.88756,0.89164,0.88714,0.89091,6190.64,0.89067
2011-11-05 01:00:00,0.88468,0.88468,0.88468,0.88468,0.0,0.88455
2011-11-04 01:00:00,0.87812,0.89063,0.87776,0.88468,145863.85,0.88455
2011-11-03 01:00:00,0.88649,0.88945,0.87627,0.87812,170649.61,0.878
2011-10-29 02:00:00,0.86358,0.86358,0.86358,0.86358,0.0,0.86322
2011-10-28 02:00:00,0.85998,0.86526,0.85992,0.86358,120139.53,0.86322
2011-10-27 02:00:00,0.88121,0.88137,0.85692,0.85998,164424.33,0.85988
2011-10-26 02:00:00,0.87876,0.88603,0.87299,0.8812,139258.71,0.88107
2011-10-25 02:00:00,0.8799,0.88464,0.87721,0.87876,150958.71,0.87864
2011-10-24 02:00:00,0.8841,0.8879,0.87916,0.87992,152842.81,0.87978
2011-10-23 02:00:00,0.88553,0.88553,0.88227,0.88411,10772.15,0.88394
2011-10-22 02:00:00,0.88286,0.88286,0.88286,0.88286,0.0,0.88237
2011-10-21 02:00:00,0.89362,0.89532,0.88071,0.88286,138205.14,0.88237
2011-10-20 02:00:00,0.90307,0.90838,0.89305,0.89361,169581.32,0.89351
2011-10-19 02:00:00,0.8998,0.90398,0.89514,0.90307,162726.35,0.90296
2011-10-18 02:00:00,0.89856,0.90491,0.89467,0.8998,178395.08,0.89967
2011-10-17 02:00:00,0.89231,0.89986,0.88826,0.89859,153566.21,0.89847
2011-10-16 02:00:00,0.89187,0.89288,0.89131,0.8923,10196.9,0.89217
2011-10-15 02:00:00,0.89114,0.89114,0.89114,0.89114,0.0,0.89101
2011-10-14 02:00:00,0.90003,0.90115,0.89043,0.89114,143042.09,0.89101
2011-10-13 02:00:00,0.89656,0.90403,0.89287,0.90003,169455.54,0.89992
2011-10-12 02:00:00,0.90887,0.91126,0.89188,0.89656,171170.31,0.89645
2011-10-11 02:00:00,0.9048,0.9123,0.90266,0.90887,161717.89,0.90874
2011-10-10 02:00:00,0.92617,0.92632,0.90041,0.9048,159152.0,0.90464
2011-10-09 02:00:00,0.92789,0.92806,0.92558,0.92618,5839.89,0.92609
2011-10-08 02:00:00,0.92749,0.92749,0.92749,0.92749,0.0,0.92732
2011-10-07 02:00:00,0.91979,0.92891,0.91472,0.92749,148608.86,0.92732
2011-10-06 02:00:00,0.92348,0.93161,0.91867,0.91976,168055.27,0.91962
2011-10-05 02:00:00,0.91862,0.92529,0.91628,0.92348,175389.78,0.92336
2011-10-04 02:00:00,0.92095,0.92627,0.91489,0.91863,176947.8,0.91847
2011-10-03 02:00:00,0.9099,0.92182,0.90785,0.92098,167930.04,0.92081
2011-10-02 02:00:00,0.91011,0.91132,0.90853,0.90991,7552.4,0.90972
2011-10-01 02:00:00,0.90859,0.90859,0.90859,0.90859,0.0,0.90812
2011-09-30 02:00:00,0.89741,0.90883,0.89674,0.90859,147439.13,0.90812
2011-09-29 02:00:00,0.9022,0.90223,0.89189,0.89735,157699.83,0.89722
2011-09-28 02:00:00,0.89668,0.9023,0.89274,0.90223,163181.81,0.9021
2011-09-27 02:00:00,0.90288,0.90584,0.89262,0.89666,167534.35,0.89652
2011-09-26 02:00:00,0.9064,0.91444,0.90069,0.9029,189204.35,0.90277
2011-09-25 02:00:00,0.90453,0.90665,0.90316,0.90637,8102.03,0.90623
2011-09-24 02:00:00,0.90558,0.90558,0.90558,0.90558,0.0,0.90512
2011-09-23 02:00:00,0.90751,0.90845,0.89971,0.90558,165517.36,0.90512
2011-09-22 02:00:00,0.90024,0.91843,0.89942,0.90751,183807.22,0.9074
2011-09-21 02:00:00,0.8873,0.90128,0.88581,0.90027,167794.01,0.9002
2011-09-20 02:00:00,0.88549,0.89231,0.87913,0.8873,167689.88,0.88714
2011-09-19 02:00:00,0.88205,0.88763,0.88005,0.8855,170530.38,0.88538
2011-09-18 02:00:00,0.88129,0.88344,0.88006,0.88208,9883.37,0.88189
2011-09-17 02:00:00,0.87628,0.87628,0.87628,0.87628,0.0,0.87578
2011-09-16 02:00:00,0.86991,0.8778,0.86979,0.87628,142014.89,0.87578
2011-09-15 02:00:00,0.87638,0.87988,0.86484,0.86991,165659.13,0.86977
2011-09-14 02:00:00,0.8803,0.88552,0.87302,0.87641,197818.09,0.87623
2011-09-13 02:00:00,0.88305,0.88804,0.87591,0.88031,182414.57,0.8802
2011-09-12 02:00:00,0.888,0.8929,0.88011,0.88306,197362.11,0.88295
2011-09-11 02:00:00,0.88829,0.88996,0.88621,0.888,11106.6,0.88786
2011-09-10 02:00:00,0.88407,0.88407,0.88407,0.88407,0.0,0.88375
2011-09-09 02:00:00,0.87488,0.88651,0.87067,0.88407,155468.91,0.88375
2011-09-08 02:00:00,0.85892,0.87704,0.85843,0.87488,142346.83,0.87477
2011-09-07 02:00:00,0.86111,0.86177,0.85407,0.85891,128984.77,0.85876
2011-09-06 02:00:00,0.78536,0.86286,0.78419,0.86123,163879.8,0.86112
2011-09-05 02:00:00,0.78985,0.79146,0.78226,0.78536,108143.58,0.78518
2011-09-04 02:00:00,0.78749,0.79095,0.78738,0.78984,7150.96,0.7897
2011-09-03 02:00:00,0.78874,0.78874,0.78874,0.78874,0.0,0.78836
2011-09-02 02:00:00,0.79459,0.79529,0.77137,0.78874,124255.18,0.78836
2011-09-01 02:00:00,0.80542,0.80897,0.79276,0.79457,127294.13,0.7944
2011-08-31 02:00:00,0.82053,0.82106,0.79948,0.8054,125575.83,0.80524
2011-08-30 02:00:00,0.81721,0.82338,0.81222,0.82053,114485.94,0.8204
2011-08-29 02:00:00,0.80941,0.82426,0.80762,0.81721,109490.28,0.81708
2011-08-28 02:00:00,0.80771,0.80947,0.80715,0.80947,5004.69,0.80928
2011-08-27 02:00:00,0.80655,0.80655,0.80655,0.80655,0.0,0.80625
2011-08-26 02:00:00,0.79376,0.81592,0.78937,0.80655,130655.98,0.80625
2011-08-25 02:00:00,0.79603,0.799,0.79115,0.79376,129416.95,0.79364
2011-08-24 02:00:00,0.793,0.79665,0.78761,0.79603,125374.32,0.79592
2011-08-23 02:00:00,0.78966,0.79375,0.7854,0.793,121930.19,0.79287
2011-08-22 02:00:00,0.78721,0.79157,0.78402,0.78966,126475.16,0.78945
2011-08-21 02:00:00,0.79099,0.79106,0.78624,0.78717,8220.41,0.78702
2011-08-20 02:00:00,0.78556,0.78556,0.78556,0.78556,0.0,0.78506
2011-08-19 02:00:00,0.7948,0.79625,0.78081,0.78556,140260.85,0.78506
2011-08-18 02:00:00,0.79092,0.79917,0.78591,0.79476,147116.99,0.79464
2011-08-17 02:00:00,0.79576,0.80182,0.78256,0.79094,155599.21,0.79078
2011-08-16 02:00:00,0.78424,0.79802,0.77712,0.7958,140123.93,0.79563
2011-08-15 02:00:00,0.79051,0.79987,0.77897,0.78425,134409.17,0.7841
2011-08-14 02:00:00,0.78369,0.79178,0.7822,0.79046,8825.11,0.79032
2011-08-13 02:00:00,0.7786,0.7786,0.7786,0.7786,0.0,0.7783
2011-08-12 02:00:00,0.76272,0.77876,0.75501,0.7786,140961.71,0.7783
2011-08-11 02:00:00,0.72628,0.76892,0.72396,0.76274,176235.07,0.76258
2011-08-10 02:00:00,0.72336,0.73372,0.71818,0.72627,164651.88,0.72614
2011-08-09 02:00:00,0.75438,0.75937,0.70717,0.72339,196722.75,0.72322
2011-08-08 02:00:00,0.76151,0.76528,0.74846,0.75438,177320.21,0.75426
2011-08-07 02:00:00,0.75954,0.76347,0.75596,0.76151,14763.95,0.76136
2011-08-06 02:00:00,0.76775,0.76775,0.76775,0.76775,0.0,0.76727
2011-08-05 02:00:00,0.76547,0.7741,0.75798,0.76775,151168.16,0.76727
2011-08-04 02:00:00,0.77101,0.78023,0.76186,0.76541,178114.6,0.76522
2011-08-03 02:00:00,0.76639,0.77889,0.76288,0.77101,165658.53,0.77088
2011-08-02 02:00:00,0.78477,0.78487,0.76127,0.76642,164220.83,0.7663
2011-08-01 02:00:00,0.79236,0.7955,0.77313,0.78477,145778.25,0.78462
2011-07-31 02:00:00,0.79278,0.79478,0.79065,0.79236,10739.93,0.79222
2011-07-30 02:00:00,0.78597,0.78597,0.78597,0.78597,0.0,0.78565
2011-07-29 02:00:00,0.80182,0.80325,0.78527,0.78597,130332.9,0.78565
2011-07-28 02:00:00,0.80145,0.80472,0.7991,0.80182,120580.73,0.80172
2011-07-27 02:00:00,0.80172,0.80475,0.79972,0.80145,112840.99,0.80133
2011-07-26 02:00:00,0.80569,0.80684,0.79989,0.80172,125031.93,0.80164
2011-07-25 02:00:00,0.81394,0.81576,0.80215,0.80569,115515.4,0.80558
2011-07-24 02:00:00,0.81195,0.81486,0.81167,0.81394,8061.41,0.81382
2011-07-23 02:00:00,0.82016,0.82016,0.82016,0.82016,0.0,0.81978
2011-07-22 02:00:00,0.81765,0.82482,0.81539,0.82016,115218.66,0.81978
2011-07-21 02:00:00,0.8226,0.82378,0.81387,0.81769,136544.46,0.81757
2011-07-20 02:00:00,0.82459,0.82568,0.8179,0.82258,117968.18,0.82244
2011-07-19 02:00:00,0.81678,0.82789,0.81531,0.82462,129161.98,0.8245
2011-07-18 02:00:00,0.81074,0.8195,0.81074,0.81675,128691.82,0.81661
2011-07-17 02:00:00,0.80985,0.8114,0.80891,0.8107,8070.87,0.8106
2011-07-16 02:00:00,0.81552,0.81552,0.81552,0.81552,0.0,0.81506
2011-07-15 02:00:00,0.81406,0.81926,0.81256,0.81552,127402.31,0.81506
2011-07-14 02:00:00,0.81022,0.82001,0.81022,0.81407,131799.39,0.81394
2011-07-13 02:00:00,0.83182,0.8332,0.80848,0.8102,150031.99,0.81006
2011-07-12 02:00:00,0.83629,0.83993,0.82835,0.83181,166067.32,0.83168
2011-07-11 02:00:00,0.83758,0.83888,0.83315,0.83629,131149.29,0.83614
2011-07-10 02:00:00,0.83898,0.839,0.83628,0.83761,7818.68,0.8375
2011-07-09 02:00:00,0.83652,0.83652,0.83652,0.83652,0.0,0.83646
2011-07-08 02:00:00,0.84505,0.85212,0.83606,0.83652,115349.2,0.83646
2011-07-07 02:00:00,0.8395,0.84961,0.83807,0.84505,114019.39,0.84496
2011-07-06 02:00:00,0.84082,0.84439,0.83648,0.8395,123871.39,0.83936
2011-07-05 02:00:00,0.84857,0.85086,0.83853,0.84083,110900.06,0.84071
2011-07-04 02:00:00,0.84721,0.8504,0.84651,0.84857,84775.13,0.84846
2011-07-03 02:00:00,0.84954,0.84954,0.84651,0.84721,5417.68,0.8471
2011-07-02 02:00:00,0.84822,0.84822,0.84822,0.84822,0.0,0.84779
2011-07-01 02:00:00,0.84236,0.85269,0.8409,0.84822,103082.43,0.84779
2011-06-30 02:00:00,0.83421,0.84646,0.83072,0.84237,116130.43,0.84224
2011-06-29 02:00:00,0.83267,0.83692,0.82982,0.83427,133584.38,0.83413
2011-06-28 02:00:00,0.83419,0.836,0.82766,0.83266,128110.58,0.83256
2011-06-27 02:00:00,0.83509,0.83857,0.83198,0.83419,119486.74,0.8341
2011-06-26 02:00:00,0.83359,0.83585,0.83215,0.83511,6501.54,0.83498
2011-06-25 02:00:00,0.83332,0.83332,0.83332,0.83332,0.0,0.83327
2011-06-24 02:00:00,0.83878,0.83957,0.83187,0.83332,111989.35,0.83327
2011-06-23 02:00:00,0.84052,0.84397,0.83659,0.83875,128760.15,0.83865
2011-06-22 02:00:00,0.84219,0.84333,0.83407,0.84053,104914.88,0.84041
2011-06-21 02:00:00,0.84441,0.84544,0.84015,0.84219,107508.92,0.84209
2011-06-20 02:00:00,0.84907,0.85177,0.84079,0.8444,132060.91,0.84428
2011-06-19 02:00:00,0.84973,0.84986,0.84761,0.84907,5784.77,0.84892
2011-06-18 02:00:00,0.84836,0.84836,0.84836,0.84836,0.0,0.84828
2011-06-17 02:00:00,0.84904,0.85113,0.84434,0.84836,123305.95,0.84828
2011-06-16 02:00:00,0.85207,0.85511,0.84708,0.84902,159058.03,0.8489
2011-06-15 02:00:00,0.8453,0.85521,0.84442,0.85207,145164.42,0.85194
2011-06-14 02:00:00,0.83699,0.84585,0.8349,0.84531,137385.29,0.84516
2011-06-13 02:00:00,0.84221,0.84696,0.8354,0.83699,116129.77,0.83688
2011-06-12 02:00:00,0.84346,0.84387,0.84207,0.84221,5057.13,0.8421
2011-06-11 02:00:00,0.84341,0.84341,0.84341,0.84341,0.0,0.84304
2011-06-10 02:00:00,0.84138,0.84412,0.83983,0.84341,111855.9,0.84304
2011-06-09 02:00:00,0.83643,0.84472,0.83561,0.84142,129762.43,0.8413
2011-06-08 02:00:00,0.83695,0.83813,0.83478,0.83644,125336.25,0.83634
2011-06-07 02:00:00,0.83517,0.83916,0.83274,0.83695,129430.32,0.83685
2011-06-06 02:00:00,0.83334,0.8387,0.83304,0.83517,122088.67,0.83506
2011-06-05 02:00:00,0.83549,0.83583,0.83287,0.83332,8918.72,0.83321
2011-06-04 02:00:00,0.83407,0.83407,0.83407,0.83407,0.0,0.83381
2011-06-03 02:00:00,0.84291,0.84472,0.83321,0.83407,115580.23,0.83381
2011-06-02 02:00:00,0.84236,0.84541,0.84029,0.8429,115814.52,0.8428
2011-06-01 02:00:00,0.85186,0.85438,0.8384,0.84235,138011.58,0.84222
2011-05-31 02:00:00,0.84921,0.85473,0.84675,0.85189,130095.01,0.85177
2011-05-30 02:00:00,0.85123,0.85319,0.84836,0.84921,82338.89,0.8491
2011-05-29 02:00:00,0.84951,0.85165,0.84847,0.85118,6880.74,0.8511
2011-05-28 02:00:00,0.85066,0.85066,0.85066,0.85066,0.0,0.85052
2011-05-27 02:00:00,0.86578,0.86642,0.84667,0.85066,151203.72,0.85052
2011-05-26 02:00:00,0.87346,0.87346,0.86463,0.86578,130259.29,0.86564
2011-05-25 02:00:00,0.88036,0.88152,0.87103,0.87343,129345.52,0.87332
2011-05-24 02:00:00,0.88859,0.88878,0.87834,0.88035,121987.47,0.88026
2011-05-23 02:00:00,0.87757,0.88947,0.87577,0.88859,141114.44,0.88851
2011-05-22 02:00:00,0.87976,0.87976,0.87737,0.87757,8944.48,0.87745
2011-05-21 02:00:00,0.87782,0.87782,0.87782,0.87782,0.0,0.87746
2011-05-20 02:00:00,0.88082,0.88565,0.87484,0.87782,140640.45,0.87746
2011-05-19 02:00:00,0.88138,0.888,0.87668,0.88081,141028.86,0.88066
2011-05-18 02:00:00,0.88011,0.8845,0.87844,0.88137,130773.65,0.88126
2011-05-17 02:00:00,0.88539,0.88837,0.8786,0.88011,161029.02,0.88
2011-05-16 02:00:00,0.89376,0.89403,0.88006,0.88538,150109.11,0.88524
2011-05-15 02:00:00,0.89365,0.89426,0.89241,0.89375,9575.88,0.89367
2011-05-14 02:00:00,0.89281,0.89281,0.89281,0.89281,0.0,0.89248
2011-05-13 02:00:00,0.88486,0.8947,0.87989,0.89281,159367.54,0.89248
2011-05-12 02:00:00,0.88637,0.89051,0.88273,0.88483,170043.85,0.88471
2011-05-11 02:00:00,0.88082,0.88848,0.87848,0.88638,171646.96,0.88622
2011-05-10 02:00:00,0.87171,0.88244,0.8717,0.88082,207769.73,0.88068
2011-05-09 02:00:00,0.87683,0.8789,0.87093,0.87171,173127.07,0.87159
2011-05-08 02:00:00,0.87829,0.87953,0.87622,0.87682,11295.42,0.87666
2011-05-07 02:00:00,0.87904,0.87904,0.87904,0.87904,0.0,0.87851
2011-05-06 02:00:00,0.87033,0.88,0.86773,0.87904,192797.89,0.87851
2011-05-05 02:00:00,0.86139,0.87145,0.85578,0.87031,197202.36,0.8702
2011-05-04 02:00:00,0.86169,0.86508,0.85553,0.86138,207123.03,0.86124
2011-05-03 02:00:00,0.86628,0.86742,0.85971,0.86169,154172.65,0.86155
2011-05-02 02:00:00,0.86459,0.86978,0.86268,0.86628,131083.33,0.86617
2011-05-01 02:00:00,0.86511,0.86672,0.86402,0.86459,13477.07,0.86441
2011-04-30 02:00:00,0.86561,0.86561,0.86561,0.86561,0.0,0.86524
2011-04-29 02:00:00,0.8733,0.87496,0.86272,0.86561,111664.64,0.86524
2011-04-28 02:00:00,0.87551,0.87608,0.86908,0.8733,142864.54,0.87315
2011-04-27 02:00:00,0.8705,0.88355,0.8705,0.87552,172577.65,0.87541
2011-04-26 02:00:00,0.88162,0.88545,0.86716,0.87052,184820.57,0.87038
2011-04-25 02:00:00,0.88406,0.88752,0.87737,0.88165,121697.93,0.8815
2011-04-24 02:00:00,0.88532,0.88702,0.88401,0.88406,7938.57,0.88392
2011-04-23 02:00:00,0.88698,0.88698,0.88698,0.88698,0.0,0.88636
2011-04-22 02:00:00,0.88627,0.88793,0.88486,0.88698,33788.5,0.88636
2011-04-21 02:00:00,0.88882,0.88905,0.87817,0.88626,162265.79,0.88612
2011-04-20 02:00:00,0.89942,0.89984,0.88756,0.8888,177168.51,0.88868
2011-04-19 02:00:00,0.89582,0.9014,0.89472,0.89942,165664.33,0.89928
2011-04-18 02:00:00,0.89304,0.90011,0.89065,0.89579,151825.72,0.89568
2011-04-17 02:00:00,0.89233,0.8933,0.89205,0.89305,6485.39,0.89294
2011-04-16 02:00:00,0.89262,0.89262,0.89262,0.89262,0.0,0.89222
2011-04-15 02:00:00,0.89257,0.896,0.89166,0.89262,118797.92,0.89222
2011-04-14 02:00:00,0.89563,0.89708,0.88976,0.89256,147415.59,0.89242
2011-04-13 02:00:00,0.8973,0.89924,0.89298,0.89557,140970.33,0.89546
2011-04-12 02:00:00,0.90648,0.90767,0.89434,0.8973,161419.93,0.89718
2011-04-11 02:00:00,0.90921,0.91058,0.90479,0.90648,120170.24,0.90634
2011-04-10 02:00:00,0.90714,0.90962,0.90671,0.90922,6516.54,0.90912
2011-04-09 02:00:00,0.90685,0.90685,0.90685,0.90685,0.0,0.9065
2011-04-08 02:00:00,0.91606,0.91669,0.90609,0.90685,135277.62,0.9065
2011-04-07 02:00:00,0.91827,0.9201,0.91534,0.91607,143765.16,0.91597
2011-04-06 02:00:00,0.92542,0.92971,0.91316,0.91828,164719.05,0.91816
2011-04-05 02:00:00,0.92449,0.92743,0.92062,0.92543,129218.07,0.92532
2011-04-04 02:00:00,0.92566,0.92631,0.91927,0.92449,141325.26,0.9244
2011-04-03 02:00:00,0.92366,0.92611,0.92352,0.92567,6132.67,0.92557
2011-04-02 02:00:00,0.9241,0.9241,0.9241,0.9241,0.0,0.9238
2011-04-01 02:00:00,0.92009,0.93412,0.91885,0.9241,162867.85,0.9238
2011-03-31 02:00:00,0.91945,0.92022,0.91274,0.92009,161603.94,0.92002
2011-03-30 02:00:00,0.92006,0.92759,0.9177,0.91945,175428.68,0.91936
2011-03-29 02:00:00,0.91671,0.92253,0.91408,0.92004,147684.49,0.91995
2011-03-28 02:00:00,0.92277,0.92351,0.91529,0.9167,140765.04,0.9166
2011-03-27 01:00:00,0.92031,0.92296,0.92031,0.92277,7333.91,0.92267
2011-03-26 01:00:00,0.92026,0.92026,0.92026,0.92026,0.0,0.91993
2011-03-25 01:00:00,0.90857,0.92156,0.90794,0.92026,134926.39,0.91993
2011-03-24 01:00:00,0.90823,0.91247,0.90296,0.90857,170274.37,0.90846
2011-03-23 01:00:00,0.90436,0.90911,0.89792,0.90823,168684.02,0.9081
2011-03-22 01:00:00,0.90529,0.90587,0.90147,0.90436,146969.9,0.90425
2011-03-21 01:00:00,0.90377,0.90754,0.9031,0.90531,156177.87,0.9052
2011-03-20 01:00:00,0.90008,0.90378,0.8991,0.90377,7353.35,0.90368
2011-03-19 01:00:00,0.90143,0.90143,0.90143,0.90143,0.0,0.90082
2011-03-18 01:00:00,0.8996,0.90927,0.8989,0.90143,170130.88,0.90082
2011-03-17 01:00:00,0.90417,0.90604,0.89676,0.8996,215202.4,0.89951
2011-03-16 01:00:00,0.91836,0.91989,0.89282,0.9042,208348.33,0.90403
2011-03-15 01:00:00,0.925,0.92523,0.9142,0.91838,219874.81,0.91828
2011-03-14 01:00:00,0.92856,0.93176,0.92305,0.925,155150.72,0.92489
2011-03-13 01:00:00,0.92957,0.92957,0.92595,0.92858,15319.16,0.92848
2011-03-12 01:00:00,0.93,0.93,0.93,0.93,0.0,0.92984
2011-03-11 01:00:00,0.93216,0.93595,0.92691,0.93,161014.52,0.92984
2011-03-10 01:00:00,0.93001,0.93638,0.92827,0.93216,181307.82,0.93205
2011-03-09 01:00:00,0.93539,0.93703,0.92698,0.93001,142706.49,0.92992
2011-03-08 01:00:00,0.92662,0.93646,0.92632,0.93543,134234.82,0.93533
2011-03-07 01:00:00,0.92646,0.92767,0.92372,0.92662,147679.75,0.92652
2011-03-06 01:00:00,0.9252,0.92646,0.92484,0.92646,4168.42,0.92635
2011-03-05 01:00:00,0.92468,0.92468,0.92468,0.92468,0.0,0.9246
2011-03-04 01:00:00,0.93229,0.93309,0.9225,0.92468,132416.93,0.9246
2011-03-03 01:00:00,0.92376,0.93285,0.92344,0.93232,150944.37,0.93221
2011-03-02 01:00:00,0.92855,0.92919,0.92025,0.92376,160328.36,0.9237
2011-03-01 01:00:00,0.92912,0.93234,0.92749,0.92853,166924.0,0.92845
2011-02-28 01:00:00,0.92847,0.93075,0.92601,0.92912,169832.97,0.92902
2011-02-27 01:00:00,0.9288,0.92908,0.92799,0.92832,5867.75,0.92821
2011-02-26 01:00:00,0.92836,0.92836,0.92836,0.92836,0.0,0.92818
2011-02-25 01:00:00,0.92514,0.932,0.92411,0.92836,170843.38,0.92818
2011-02-24 01:00:00,0.93209,0.93261,0.92314,0.92514,204876.05,0.92504
2011-02-23 01:00:00,0.93783,0.9393,0.93089,0.93209,180387.07,0.93198
2011-02-22 01:00:00,0.94618,0.95073,0.93676,0.93783,204096.14,0.93772
2011-02-21 01:00:00,0.94414,0.949,0.94403,0.94618,120406.01,0.94607
2011-02-20 01:00:00,0.9439,0.94667,0.9432,0.94415,4383.23,0.94404
2011-02-19 01:00:00,0.94517,0.94517,0.94517,0.94517,0.0,0.94462
2011-02-18 01:00:00,0.94966,0.95402,0.9438,0.94517,160879.54,0.94462
2011-02-17 01:00:00,0.9593,0.96031,0.9479,0.94972,173207.04,0.94964
2011-02-16 01:00:00,0.96636,0.97403,0.95543,0.95928,175435.09,0.9592
2011-02-15 01:00:00,0.97097,0.97303,0.96507,0.96636,171510.36,0.96624
2011-02-14 01:00:00,0.97403,0.97455,0.96928,0.97096,136230.6,0.97085
2011-02-13 01:00:00,0.97489,0.97504,0.97271,0.97403,5681.36,0.97392
2011-02-12 01:00:00,0.97332,0.97332,0.97332,0.97332,0.0,0.9732
2011-02-11 01:00:00,0.96895,0.97762,0.96802,0.97332,142616.52,0.9732
2011-02-10 01:00:00,0.95847,0.97044,0.9582,0.96899,166229.2,0.96887
2011-02-09 01:00:00,0.96346,0.9662,0.95541,0.95849,157341.49,0.95838
2011-02-08 01:00:00,0.95512,0.96444,0.95248,0.96347,187348.67,0.96337
2011-02-07 01:00:00,0.95481,0.95991,0.9531,0.9551,187047.7,0.95497
2011-02-06 01:00:00,0.95803,0.95805,0.95475,0.95482,5273.59,0.95471
2011-02-05 01:00:00,0.95522,0.95522,0.95522,0.95522,0.0,0.95511
2011-02-04 01:00:00,0.94647,0.9595,0.94546,0.95522,151693.3,0.95511
2011-02-03 01:00:00,0.9399,0.95264,0.93972,0.94651,172503.36,0.9464
2011-02-02 01:00:00,0.93561,0.94432,0.933,0.9399,152622.24,0.93978
2011-02-01 01:00:00,0.9436,0.94575,0.93377,0.93565,156978.64,0.93552
2011-01-31 01:00:00,0.94197,0.94502,0.93699,0.9436,125559.75,0.9435
2011-01-30 01:00:00,0.94176,0.94302,0.94096,0.94196,4129.01,0.9419
2011-01-29 01:00:00,0.94221,0.94221,0.94221,0.94221,0.0,0.94202
2011-01-28 01:00:00,0.94635,0.94724,0.94061,0.94221,119391.49,0.94202
2011-01-27 01:00:00,0.94293,0.94831,0.9391,0.94638,129947.86,0.94626
2011-01-26 01:00:00,0.94237,0.94661,0.94018,0.94294,131900.82,0.94282
2011-01-25 01:00:00,0.94947,0.9524,0.94042,0.94242,136281.14,0.9423
2011-01-24 01:00:00,0.95849,0.96241,0.94724,0.94947,135538.97,0.94936
2011-01-23 01:00:00,0.95653,0.95897,0.95646,0.95851,3715.3,0.95842
2011-01-22 01:00:00,0.9587,0.9587,0.9587,0.9587,0.0,0.95838
2011-01-21 01:00:00,0.96716,0.96887,0.95737,0.9587,112871.45,0.95838
2011-01-20 01:00:00,0.95622,0.96854,0.95286,0.96713,140022.83,0.96702
2011-01-19 01:00:00,0.96399,0.96427,0.95214,0.95622,130080.8,0.9561
2011-01-18 01:00:00,0.96491,0.96576,0.95524,0.96399,139317.15,0.96388
2011-01-17 01:00:00,0.96415,0.96778,0.96366,0.96491,105819.78,0.96479
2011-01-16 01:00:00,0.96348,0.9647,0.96308,0.96416,3327.36,0.96401
2011-01-15 01:00:00,0.96378,0.96378,0.96378,0.96378,0.0,0.96348
2011-01-14 01:00:00,0.96427,0.96882,0.96056,0.96378,101946.98,0.96348
2011-01-13 01:00:00,0.96738,0.97652,0.96135,0.96427,117739.81,0.96411
2011-01-12 01:00:00,0.97382,0.97576,0.96626,0.96737,122316.46,0.96726
2011-01-11 01:00:00,0.96623,0.97848,0.96623,0.97385,113407.41,0.97372
2011-01-10 01:00:00,0.96696,0.97282,0.96319,0.96626,107281.15,0.96614
2011-01-09 01:00:00,0.96929,0.97047,0.96578,0.96695,4162.18,0.96686
2011-01-08 01:00:00,0.96764,0.96764,0.96764,0.96764,0.0,0.96738
2011-01-07 01:00:00,0.96613,0.96916,0.96101,0.96764,114891.56,0.96738
2011-01-06 01:00:00,0.96612,0.97087,0.96117,0.96613,118995.09,0.96602
2011-01-05 01:00:00,0.94736,0.96862,0.94703,0.9661,120653.37,0.966
2011-01-04 01:00:00,0.93432,0.95178,0.93286,0.94736,137384.99,0.9473
2011-01-03 01:00:00,0.93236,0.93845,0.93224,0.93432,78650.54,0.93424
2011-01-02 01:00:00,0.93474,0.93615,0.93235,0.93235,3117.02,0.93221
2011-01-01 01:00:00,0.93537,0.93537,0.93537,0.93537,0.0,0.9345
2010-12-31 01:00:00,0.93482,0.93982,0.93019,0.93537,65500.5,0.9345
2010-12-30 01:00:00,0.94493,0.94511,0.93442,0.93482,80620.36,0.9347
2010-12-29 01:00:00,0.95219,0.95341,0.94408,0.94492,83176.81,0.9448
2010-12-28 01:00:00,0.95901,0.95902,0.94361,0.95219,113767.04,0.95205
2010-12-27 01:00:00,0.96387,0.96477,0.95769,0.95901,76681.78,0.95884
2010-12-26 01:00:00,0.96257,0.96429,0.96081,0.96387,2953.1375,0.9637
2010-12-25 01:00:00,0.96274,0.96274,0.96274,0.96274,0.0,0.96224
2010-12-24 01:00:00,0.95781,0.96362,0.95552,0.96274,43042.724992,0.96224
2010-12-23 01:00:00,0.95163,0.96669,0.94988,0.95778,110561.248149,0.95761
2010-12-22 01:00:00,0.95816,0.95894,0.95037,0.95163,128537.410845,0.9515
2010-12-21 01:00:00,0.96501,0.96514,0.95632,0.95816,126666.987838,0.95803
2010-12-20 01:00:00,0.97006,0.97219,0.96328,0.96501,121112.292349,0.96489
2010-12-19 01:00:00,0.9686,0.9713,0.9679,0.97006,3006.906178,0.96992
2010-12-18 01:00:00,0.96898,0.96898,0.96898,0.96898,0.0,0.96866
2010-12-17 01:00:00,0.96477,0.97212,0.95596,0.96898,122807.5,0.96866
2010-12-16 01:00:00,0.96742,0.97351,0.96425,0.96475,136419.4,0.96466
2010-12-15 01:00:00,0.96122,0.96972,0.95758,0.96745,140195.3,0.96737
2010-12-14 01:00:00,0.96813,0.96914,0.95635,0.96122,142441.5,0.9611
2010-12-13 01:00:00,0.98203,0.98525,0.96501,0.96813,121632.9,0.96801
2010-12-12 01:00:00,0.98487,0.98495,0.98157,0.98203,2887.8,0.98192
2010-12-11 01:00:00,0.98064,0.98064,0.98064,0.98064,0.0,0.98054
2010-12-10 01:00:00,0.98348,0.98429,0.9796,0.98064,74896.6,0.98054
2010-12-09 01:00:00,0.98661,0.98963,0.98101,0.98348,115267.4,0.98337
2010-12-08 01:00:00,0.98813,0.99167,0.98501,0.98657,106240.5,0.98647
2010-12-07 01:00:00,0.9823,0.98854,0.97575,0.98812,106641.3,0.98801
2010-12-06 01:00:00,0.97517,0.98753,0.97276,0.98232,123420.7,0.98222
2010-12-05 01:00:00,0.97632,0.9764,0.97411,0.97518,3875.7,0.97508
2010-12-04 01:00:00,0.97368,0.97368,0.97368,0.97368,0.0,0.97352
2010-12-03 01:00:00,0.99292,0.99516,0.9729,0.97368,103925.6,0.97352
2010-12-02 01:00:00,1.00308,1.00554,0.98888,0.99288,127775.5,0.99278
2010-12-01 01:00:00,1.0029,1.00673,0.99871,1.00308,131096.6,1.00297
2010-11-30 01:00:00,1.00132,1.00466,0.99273,1.00292,145836.0,1.00282
2010-11-29 01:00:00,1.00302,1.00477,0.99895,1.00132,81449.0,1.00124
2010-11-28 01:00:00,1.00328,1.00401,1.00231,1.00313,2896.2,1.00299
2010-11-27 01:00:00,1.00342,1.00342,1.00342,1.00342,0.0,1.00309
2010-11-26 01:00:00,1.00036,1.00545,0.9985,1.00342,41818.3,1.00309
2010-11-25 01:00:00,0.99462,1.00209,0.99458,1.00033,54108.4,1.00026
2010-11-24 01:00:00,0.99673,0.99897,0.98997,0.99462,48686.4,0.99454
2010-11-23 01:00:00,0.98807,0.99784,0.98493,0.99676,49311.2,0.99667
2010-11-22 01:00:00,0.99255,0.99416,0.98766,0.98808,40398.9,0.98795
2010-11-21 01:00:00,0.99301,0.99391,0.99141,0.99255,2078.9,0.99242
2010-11-20 01:00:00,0.9926,0.9926,0.9926,0.9926,0.0,0.99238
2010-11-19 01:00:00,0.9956,0.9998,0.98764,0.9926,40823.2,0.99238
2010-11-18 01:00:00,0.99088,0.99987,0.98561,0.99556,47950.5,0.99548
2010-11-17 01:00:00,0.99658,0.99773,0.98832,0.99088,43962.4,0.99076
2010-11-16 01:00:00,0.98544,0.9977,0.98297,0.99658,52981.4,0.99644
2010-11-15 01:00:00,0.97945,0.98725,0.97643,0.9854,51270.8,0.98526
2010-11-14 01:00:00,0.97918,0.98084,0.9783,0.97945,1766.9,0.97936
2010-11-13 01:00:00,0.98104,0.98104,0.98104,0.98104,0.0,0.98088
2010-11-12 01:00:00,0.97655,0.98157,0.97247,0.98104,82129.1,0.98088
2010-11-11 01:00:00,0.97078,0.97875,0.96718,0.97655,84908.8,0.97643
2010-11-10 01:00:00,0.96879,0.97677,0.96747,0.97078,87499.0,0.97066
2010-11-09 01:00:00,0.96765,0.96975,0.95883,0.96876,84537.9,0.96866
2010-11-08 01:00:00,0.96078,0.96826,0.96039,0.96765,82789.1,0.96754
2010-11-07 01:00:00,0.96169,0.9628,0.96053,0.96072,5947.2,0.9606
2010-11-06 01:00:00,0.96143,0.96143,0.96143,0.96143,0.0,0.96134
2010-11-05 01:00:00,0.9582,0.96421,0.95486,0.96143,74207.6,0.96134
2010-11-04 01:00:00,0.97226,0.97385,0.95641,0.9582,84621.6,0.95808
2010-11-03 01:00:00,0.97963,0.98243,0.96934,0.97236,84116.8,0.97225
2010-11-02 01:00:00,0.99211,0.99334,0.97595,0.97968,82488.0,0.97956
2010-11-01 01:00:00,0.98226,0.9972,0.98141,0.99213,86612.7,0.99202
2010-10-30 02:00:00,0.98247,0.98247,0.98247,0.98247,0.0,0.98234
2010-10-29 02:00:00,0.98428,0.99117,0.98233,0.98247,77784.0,0.98234
2010-10-28 02:00:00,0.98952,0.99021,0.9805,0.98429,93740.7,0.98418
2010-10-27 02:00:00,0.98507,0.99302,0.984,0.98951,86378.7,0.98939
2010-10-26 02:00:00,0.97364,0.9883,0.97042,0.98482,79821.0,0.98472
2010-10-25 02:00:00,0.9778,0.9784,0.96643,0.97362,149262.4,0.9735
2010-10-24 02:00:00,0.97519,0.97856,0.97447,0.9778,34370.6,0.9777
2010-10-23 02:00:00,0.9772,0.9772,0.9772,0.9772,0.0,0.97712
2010-10-22 02:00:00,0.9684,0.98055,0.9666,0.9772,216753.36,0.97712
2010-10-21 02:00:00,0.9622,0.96925,0.96125,0.9684,268315.7,0.96828
2010-10-20 02:00:00,0.97175,0.97175,0.95735,0.9622,203186.6,0.96208
2010-10-19 02:00:00,0.9597,0.9758,0.9579,0.97175,286763.68,0.97168
2010-10-18 02:00:00,0.95905,0.96505,0.95425,0.9597,292395.15,0.9596
2010-10-17 02:00:00,0.95817,0.9593,0.9573,0.95905,7577.1,0.95895
2010-10-16 02:00:00,0.9591,0.9591,0.9591,0.9591,0.0,0.95887
2010-10-15 02:00:00,0.9557,0.9603,0.94865,0.9591,158272.76,0.95887
2010-10-14 02:00:00,0.95725,0.95725,0.9464,0.9557,216381.4,0.9556
2010-10-13 02:00:00,0.9576,0.96425,0.95455,0.95725,214382.25,0.95712
2010-10-12 02:00:00,0.9658,0.9729,0.95575,0.9575,234275.07,0.95738
2010-10-11 02:00:00,0.96225,0.96645,0.95955,0.9658,196808.94,0.9657
2010-10-10 02:00:00,0.96085,0.9624,0.95905,0.96225,5706.3,0.96215
2010-10-09 02:00:00,0.96315,0.96315,0.96315,0.96315,0.0,0.96292
2010-10-08 02:00:00,0.96635,0.96985,0.95925,0.96315,198562.0,0.96292
2010-10-07 02:00:00,0.96255,0.97025,0.95565,0.96625,215324.8,0.96615
2010-10-06 02:00:00,0.96565,0.96855,0.96,0.96255,194583.38,0.96248
2010-10-05 02:00:00,0.9719,0.97405,0.9646,0.9655,208368.2,0.9654
2010-10-04 02:00:00,0.97575,0.9791,0.97055,0.9719,242084.9,0.97182
2010-10-03 02:00:00,0.9745,0.97675,0.97353,0.97575,6981.4,0.97565
2010-10-02 02:00:00,0.974,0.974,0.974,0.974,0.0,0.9738
2010-10-01 02:00:00,0.98235,0.9829,0.9723,0.974,236970.62,0.9738
2010-09-30 02:00:00,0.97695,0.98455,0.9709,0.9823,223166.66,0.98218
2010-09-29 02:00:00,0.9764,0.9816,0.9735,0.9768,235941.05,0.97673
2010-09-28 02:00:00,0.9859,0.98795,0.97385,0.9764,261522.68,0.9763
2010-09-27 02:00:00,0.9838,0.9872,0.98175,0.9859,269883.5,0.9858
2010-09-26 02:00:00,0.9829,0.98535,0.9814,0.9838,9240.2,0.98372
2010-09-25 02:00:00,0.9839,0.9839,0.9839,0.9839,0.0,0.9837
2010-09-24 02:00:00,0.9868,0.9883,0.97805,0.9839,225604.9,0.9837
2010-09-23 02:00:00,0.987,0.99005,0.98055,0.9868,256927.2,0.9867
2010-09-22 02:00:00,0.9964,0.9984,0.9839,0.987,238045.8,0.98692
2010-09-21 02:00:00,1.0046,1.00765,0.99605,0.9964,252253.27,0.9963
2010-09-20 02:00:00,1.01065,1.012,1.00305,1.0046,219978.6,1.0045
2010-09-19 02:00:00,1.00919,1.01105,1.00834,1.01065,6248.2,1.0106
2010-09-18 02:00:00,1.0099,1.0099,1.0099,1.0099,0.0,1.00977
2010-09-17 02:00:00,1.016,1.01835,1.007,1.0099,281896.62,1.00977
2010-09-16 02:00:00,1.00225,1.01715,0.99985,1.01605,276595.0,1.01595
2010-09-15 02:00:00,0.9965,1.00495,0.99485,1.00225,297768.16,1.0021
2010-09-14 02:00:00,1.0082,1.00885,0.99335,0.9965,277693.62,0.9964
2010-09-13 02:00:00,1.01915,1.01915,1.0069,1.0082,284440.82,1.00812
2010-09-12 02:00:00,1.0207,1.0208,1.0181,1.01915,13199.7,1.01905
2010-09-11 02:00:00,1.01995,1.01995,1.01995,1.01995,0.0,1.01978
2010-09-10 02:00:00,1.0154,1.02795,1.0137,1.01995,212571.85,1.01978
2010-09-09 02:00:00,1.0116,1.0168,1.0101,1.0155,238290.12,1.0154
2010-09-08 02:00:00,1.0113,1.01405,1.00615,1.0116,246627.58,1.01147
2010-09-07 02:00:00,1.00965,1.0148,1.00795,1.0113,250657.16,1.01122
2010-09-06 02:00:00,1.0174,1.0185,1.00915,1.00955,167626.9,1.00948
2010-09-05 02:00:00,1.01637,1.01795,1.0157,1.01735,15627.2,1.01728
2010-09-04 02:00:00,1.01675,1.01675,1.01675,1.01675,0.0,1.0164
2010-09-03 02:00:00,1.01355,1.02395,1.01178,1.01675,161875.88,1.0164
2010-09-02 02:00:00,1.01675,1.0186,1.0097,1.01365,189128.29,1.01355
2010-09-01 02:00:00,1.01575,1.0183,1.0066,1.01675,273158.82,1.01665
2010-08-31 02:00:00,1.0254,1.02605,1.01365,1.01575,321421.26,1.01565
2010-08-30 02:00:00,1.0285,1.03105,1.02385,1.0254,213640.52,1.0253
2010-08-29 02:00:00,1.02803,1.02925,1.02658,1.0285,15421.4,1.02842
2010-08-28 02:00:00,1.02815,1.02815,1.02815,1.02815,0.0,1.02798
2010-08-27 02:00:00,1.0243,1.0306,1.02215,1.02815,191696.3,1.02798
2010-08-26 02:00:00,1.03,1.0321,1.0223,1.0243,273523.6,1.02422
2010-08-25 02:00:00,1.03145,1.03295,1.0248,1.03,267045.3,1.0299
2010-08-24 02:00:00,1.042,1.0452,1.02875,1.03145,315878.4,1.03135
2010-08-23 02:00:00,1.0351,1.0425,1.0303,1.042,213194.03,1.04192
2010-08-22 02:00:00,1.03475,1.03635,1.03417,1.0351,9257.4,1.03498
2010-08-21 02:00:00,1.03415,1.03415,1.03415,1.03415,0.0,1.034
2010-08-20 02:00:00,1.03215,1.03935,1.0287,1.03415,226058.27,1.034
2010-08-19 02:00:00,1.044,1.04655,1.02585,1.0321,359595.94,1.032
2010-08-18 02:00:00,1.04455,1.04535,1.03865,1.044,211075.9,1.04387
2010-08-17 02:00:00,1.0395,1.0449,1.03645,1.04455,323358.1,1.04445
2010-08-16 02:00:00,1.05215,1.0535,1.0352,1.0395,293696.73,1.03947
2010-08-15 02:00:00,1.05098,1.0522,1.04734,1.05215,14228.3,1.05205
2010-08-14 02:00:00,1.05115,1.05115,1.05115,1.05115,0.0,1.05098
2010-08-13 02:00:00,1.0492,1.05495,1.04835,1.05115,242801.7,1.05098
2010-08-12 02:00:00,1.05955,1.05975,1.0466,1.0493,314609.63,1.0492
2010-08-11 02:00:00,1.0493,1.0628,1.0493,1.05955,312993.71,1.05945
2010-08-10 02:00:00,1.0496,1.06195,1.0462,1.0493,299116.94,1.04922
2010-08-09 02:00:00,1.0386,1.05015,1.0377,1.0496,212678.12,1.0495
2010-08-08 02:00:00,1.038,1.03905,1.03685,1.0386,6369.4,1.03852
2010-08-07 02:00:00,1.03935,1.03935,1.03935,1.03935,0.0,1.03912
2010-08-06 02:00:00,1.0467,1.05095,1.03325,1.03935,197844.47,1.03912
2010-08-05 02:00:00,1.05395,1.0544,1.0414,1.0467,257473.36,1.04668
2010-08-04 02:00:00,1.04005,1.05555,1.038,1.05395,249201.15,1.05388
2010-08-03 02:00:00,1.03945,1.0415,1.03485,1.04005,231026.9,1.03998
2010-08-02 02:00:00,1.04325,1.04765,1.0349,1.03945,245665.1,1.03935
2010-08-01 02:00:00,1.04027,1.04395,1.03959,1.0433,14862.4,1.0432
2010-07-31 02:00:00,1.04135,1.04135,1.04135,1.04135,0.0,1.04115
2010-07-30 02:00:00,1.04025,1.04675,1.0363,1.04135,218809.4,1.04115
2010-07-29 02:00:00,1.0566,1.0582,1.0375,1.04025,308936.9,1.04015
2010-07-28 02:00:00,1.0612,1.06245,1.05385,1.05665,313489.16,1.05658
2010-07-27 02:00:00,1.0497,1.0641,1.04825,1.06135,272865.7,1.06128
2010-07-26 02:00:00,1.05305,1.0557,1.04615,1.0497,278195.7,1.0496
2010-07-25 02:00:00,1.05467,1.05565,1.0527,1.0531,8629.7,1.05302
2010-07-24 02:00:00,1.05475,1.05475,1.05475,1.05475,0.0,1.05463
2010-07-23 02:00:00,1.0422,1.0565,1.04085,1.05475,191426.21,1.05463
2010-07-22 02:00:00,1.0505,1.051,1.0395,1.0422,235503.21,1.0421
2010-07-21 02:00:00,1.05065,1.05435,1.04855,1.0505,243474.87,1.0504
2010-07-20 02:00:00,1.0542,1.0549,1.04535,1.05065,257403.43,1.05055
2010-07-19 02:00:00,1.049,1.05625,1.04475,1.0542,246286.93,1.0541
2010-07-18 02:00:00,1.05001,1.05025,1.04793,1.04905,15874.9,1.04895
2010-07-17 02:00:00,1.0508,1.0508,1.0508,1.0508,0.0,1.05055
2010-07-16 02:00:00,1.04255,1.0543,1.04005,1.0508,232738.15,1.05055
2010-07-15 02:00:00,1.0527,1.0548,1.0402,1.04255,369415.45,1.04245
2010-07-14 02:00:00,1.05535,1.06185,1.05099,1.0527,327297.65,1.0526
2010-07-13 02:00:00,1.06105,1.0647,1.05155,1.0554,343767.94,1.05532
2010-07-12 02:00:00,1.05505,1.06765,1.0548,1.06105,372265.7,1.06095
2010-07-11 02:00:00,1.0574,1.0586,1.05474,1.05505,21652.8,1.055
2010-07-10 02:00:00,1.05785,1.05785,1.05785,1.05785,0.0,1.05768
2010-07-09 02:00:00,1.05015,1.05935,1.04915,1.05785,242540.3,1.05768
2010-07-08 02:00:00,1.05055,1.0565,1.0482,1.05025,284647.9,1.05015
2010-07-07 02:00:00,1.06055,1.06385,1.0505,1.05055,386664.26,1.05045
2010-07-06 02:00:00,1.0664,1.0668,1.0562,1.0605,391204.96,1.06038
2010-07-05 02:00:00,1.0647,1.06755,1.06205,1.0664,266059.23,1.0663
2010-07-04 02:00:00,1.06287,1.06505,1.06278,1.0647,16556.08,1.06462
2010-07-03 02:00:00,1.06305,1.06305,1.06305,1.06305,0.0,1.06278
2010-07-02 02:00:00,1.06085,1.0698,1.0587,1.06305,202420.18,1.06278
2010-07-01 02:00:00,1.07855,1.07905,1.0579,1.06085,341390.07,1.06075
2010-06-30 02:00:00,1.08265,1.08565,1.0753,1.07855,328667.59,1.07848
2010-06-29 02:00:00,1.08755,1.09035,1.08025,1.0826,274895.92,1.08252
2010-06-28 02:00:00,1.09095,1.094,1.08175,1.08755,325254.3,1.08748
2010-06-27 02:00:00,1.0931,1.09465,1.09065,1.09095,18862.75,1.09088
2010-06-26 02:00:00,1.0932,1.0932,1.0932,1.0932,0.0,1.09278
2010-06-25 02:00:00,1.10195,1.10485,1.0923,1.0932,283770.53,1.09278
2010-06-24 02:00:00,1.1057,1.1068,1.0986,1.102,334111.48,1.1019
2010-06-23 02:00:00,1.10825,1.1139,1.1022,1.1057,304447.01,1.10562
2010-06-22 02:00:00,1.11005,1.11215,1.1037,1.10825,400540.16,1.10815
2010-06-21 02:00:00,1.1049,1.11385,1.101,1.11005,285554.18,1.10998
2010-06-20 02:00:00,1.1051,1.1063,1.10025,1.1049,22679.1,1.1048
2010-06-19 02:00:00,1.10875,1.10875,1.10875,1.10875,0.0,1.10855
2010-06-18 02:00:00,1.11138,1.1132,1.10796,1.10875,226389.48,1.10855
2010-06-17 02:00:00,1.1313,1.13305,1.1096,1.11131,304177.4,1.11124
2010-06-16 02:00:00,1.1335,1.134,1.1251,1.1313,325681.6,1.13118
2010-06-15 02:00:00,1.14265,1.1481,1.12935,1.1335,329000.26,1.13335
2010-06-14 02:00:00,1.1441,1.14695,1.13515,1.14275,331728.24,1.14262
2010-06-13 02:00:00,1.14875,1.14925,1.14385,1.1441,19609.26,1.144
2010-06-12 02:00:00,1.1495,1.1495,1.1495,1.1495,0.0,1.14938
2010-06-11 02:00:00,1.14275,1.15475,1.1407,1.1495,194919.32,1.14938
2010-06-10 02:00:00,1.1481,1.1506,1.13985,1.14275,323812.08,1.14257
2010-06-09 02:00:00,1.1532,1.1557,1.1417,1.14805,377797.41,1.14798
2010-06-08 02:00:00,1.163,1.16425,1.14865,1.1533,445381.96,1.15318
2010-06-07 02:00:00,1.16415,1.1675,1.15855,1.1631,536923.47,1.16297
2010-06-06 02:00:00,1.16525,1.1653,1.16195,1.16415,17850.6,1.16403
2010-06-05 02:00:00,1.16315,1.16315,1.16315,1.16315,0.0,1.16275
2010-06-04 02:00:00,1.15485,1.1646,1.14295,1.16315,323234.18,1.16275
2010-06-03 02:00:00,1.15495,1.15745,1.14975,1.1548,369772.92,1.15475
2010-06-02 02:00:00,1.155,1.1604,1.1529,1.15495,418775.42,1.15485
2010-06-01 02:00:00,1.15595,1.17335,1.14705,1.155,456639.41,1.15488
2010-05-31 02:00:00,1.15775,1.15865,1.15373,1.15595,271963.28,1.15588
2010-05-30 02:00:00,1.1601,1.16035,1.1574,1.15775,14023.2,1.15758
2010-05-29 02:00:00,1.1594,1.1594,1.1594,1.1594,0.0,1.15917
2010-05-28 02:00:00,1.1525,1.15995,1.1482,1.1594,338973.02,1.15917
2010-05-27 02:00:00,1.15895,1.16565,1.14865,1.15255,475721.11,1.1524
2010-05-26 02:00:00,1.15765,1.1625,1.1516,1.15895,474224.85,1.15885
2010-05-25 02:00:00,1.16045,1.1697,1.15245,1.15765,637232.1,1.15755
2010-05-24 02:00:00,1.15135,1.1623,1.14945,1.1605,431248.9,1.1604
2010-05-23 02:00:00,1.15095,1.15195,1.14935,1.15135,18678.4,1.15123
2010-05-22 02:00:00,1.15,1.15,1.15,1.15,0.0,1.14965
2010-05-21 02:00:00,1.1491,1.15835,1.1451,1.15,255428.33,1.14965
2010-05-20 02:00:00,1.15265,1.15755,1.1453,1.1491,505138.09,1.14895
2010-05-19 02:00:00,1.15335,1.15865,1.14205,1.15265,602965.56,1.1525
2010-05-18 02:00:00,1.1327,1.1534,1.1269,1.15335,542632.45,1.1532
2010-05-17 02:00:00,1.1334,1.14475,1.12985,1.1327,504330.74,1.13265
2010-05-16 02:00:00,1.1355,1.1355,1.13225,1.1334,10356.4,1.13325
2010-05-15 02:00:00,1.13385,1.13385,1.13385,1.13385,0.0,1.13365
2010-05-14 02:00:00,1.11795,1.13395,1.1152,1.13385,503429.17,1.13365
2010-05-13 02:00:00,1.1096,1.11945,1.1078,1.11795,434312.9,1.11782
2010-05-12 02:00:00,1.11125,1.114,1.10605,1.1096,427431.36,1.10948
2010-05-11 02:00:00,1.1113,1.1134,1.1037,1.11135,465905.31,1.11125
2010-05-10 02:00:00,1.1043,1.11265,1.0925,1.11135,542455.52,1.11123
2010-05-09 02:00:00,1.1022,1.1066,1.0996,1.1042,30936.1,1.10407
2010-05-08 02:00:00,1.1086,1.1086,1.1086,1.1086,0.0,1.10818
2010-05-07 02:00:00,1.1136,1.1178,1.10515,1.1086,329505.44,1.10818
2010-05-06 02:00:00,1.118,1.12465,1.10175,1.1136,471896.98,1.11345
2010-05-05 02:00:00,1.10395,1.1204,1.1024,1.118,529196.02,1.1179
2010-05-04 02:00:00,1.08555,1.10535,1.08409,1.10395,451690.83,1.10385
2010-05-03 02:00:00,1.077,1.08905,1.077,1.08565,314955.06,1.08558
2010-05-02 02:00:00,1.07405,1.07735,1.07365,1.077,11229.8,1.0769
2010-05-01 02:00:00,1.07785,1.07785,1.07785,1.07785,0.0,1.07765
2010-04-30 02:00:00,1.08255,1.0848,1.0748,1.07785,381545.45,1.07765
2010-04-29 02:00:00,1.08655,1.08695,1.08085,1.08255,470658.83,1.08245
2010-04-28 02:00:00,1.0874,1.09255,1.08155,1.08655,554475.4,1.08645
2010-04-27 02:00:00,1.07185,1.09015,1.07185,1.0874,558890.3,1.0873
2010-04-26 02:00:00,1.07405,1.07885,1.07015,1.0719,395733.6,1.07175
2010-04-25 02:00:00,1.07502,1.07655,1.0725,1.07405,14178.3,1.07395
2010-04-24 02:00:00,1.0728,1.0728,1.0728,1.0728,0.0,1.07242
2010-04-23 02:00:00,1.08345,1.08515,1.07165,1.0728,456701.4,1.07242
2010-04-22 02:00:00,1.07035,1.08515,1.06745,1.08345,468084.5,1.08335
2010-04-21 02:00:00,1.0692,1.07255,1.066,1.07035,400199.3,1.07025
2010-04-20 02:00:00,1.0632,1.0696,1.06035,1.0692,389167.8,1.0691
2010-04-19 02:00:00,1.0638,1.06915,1.06237,1.06325,446513.52,1.06318
2010-04-18 02:00:00,1.0642,1.06435,1.06165,1.0638,17325.81,1.0637
2010-04-17 02:00:00,1.06175,1.06175,1.06175,1.06175,0.0,1.0615
2010-04-16 02:00:00,1.0569,1.06345,1.05675,1.06175,502751.92,1.0615
2010-04-15 02:00:00,1.05145,1.06135,1.0508,1.05695,478356.08,1.05685
2010-04-14 02:00:00,1.0543,1.05625,1.05035,1.05145,521470.3,1.05135
2010-04-13 02:00:00,1.05995,1.06045,1.05355,1.0543,538777.6,1.0542
2010-04-12 02:00:00,1.05755,1.06175,1.0552,1.05995,520652.11,1.05985
2010-04-11 02:00:00,1.054,1.06015,1.05325,1.0575,33123.1,1.05742
2010-04-10 02:00:00,1.06605,1.06605,1.06605,1.06605,0.0,1.06577
2010-04-09 02:00:00,1.072,1.07635,1.06565,1.06605,396357.49,1.06577
2010-04-08 02:00:00,1.0748,1.0787,1.0715,1.072,457275.4,1.0719
2010-04-07 02:00:00,1.07015,1.07515,1.06865,1.0748,473903.32,1.0747
2010-04-06 02:00:00,1.06365,1.07235,1.06345,1.07015,449515.6,1.07005
2010-04-05 02:00:00,1.0618,1.06455,1.05848,1.06365,202250.24,1.06355
2010-04-04 02:00:00,1.06129,1.0623,1.06072,1.0618,7982.3,1.06172
2010-04-03 02:00:00,1.06125,1.06125,1.06125,1.06125,0.0,1.06088
2010-04-02 02:00:00,1.05445,1.06445,1.05425,1.06125,183247.6,1.06088
2010-04-01 02:00:00,1.05235,1.06135,1.0436,1.05435,480095.85,1.05428
2010-03-31 02:00:00,1.0653,1.06855,1.049,1.05235,590297.95,1.05225
2010-03-30 02:00:00,1.0621,1.06815,1.05885,1.0653,488728.65,1.06522
2010-03-29 02:00:00,1.0642,1.0692,1.0594,1.0621,506617.5,1.06197
2010-03-28 01:00:00,1.05915,1.06465,1.05865,1.0642,15862.1,1.06412
2010-03-27 01:00:00,1.06535,1.06535,1.06535,1.06535,0.0,1.06518
2010-03-26 01:00:00,1.072,1.07285,1.06365,1.06535,457722.49,1.06518
2010-03-25 01:00:00,1.0721,1.07525,1.06745,1.07195,500553.5,1.07182
2010-03-24 01:00:00,1.0573,1.074,1.056,1.07205,414793.34,1.07198
2010-03-23 01:00:00,1.05775,1.064,1.05475,1.0573,541525.27,1.05718
2010-03-22 01:00:00,1.06135,1.06635,1.05635,1.05775,517398.21,1.05762
2010-03-21 01:00:00,1.06095,1.06206,1.05995,1.06135,21520.7,1.06128
2010-03-20 01:00:00,1.06165,1.06165,1.06165,1.06165,0.0,1.06148
2010-03-19 01:00:00,1.0576,1.06355,1.0541,1.06165,393006.62,1.06148
2010-03-18 01:00:00,1.05445,1.06475,1.05345,1.05765,447740.08,1.05755
2010-03-17 01:00:00,1.05525,1.05665,1.0508,1.05445,458381.24,1.05432
2010-03-16 01:00:00,1.06205,1.0628,1.0535,1.05535,485858.61,1.05523
2010-03-15 01:00:00,1.0582,1.06435,1.0581,1.062,427835.85,1.0619
2010-03-14 01:00:00,1.05736,1.0593,1.05707,1.0582,23776.9,1.0581
2010-03-13 01:00:00,1.05795,1.05795,1.05795,1.05795,0.0,1.05777
2010-03-12 01:00:00,1.0685,1.0697,1.0578,1.05795,431516.05,1.05777
2010-03-11 01:00:00,1.07085,1.07315,1.06795,1.0685,418360.64,1.0684
2010-03-10 01:00:00,1.07465,1.07955,1.06865,1.07085,468247.44,1.07072
2010-03-09 01:00:00,1.07405,1.0805,1.0728,1.07465,517977.58,1.07455
2010-03-08 01:00:00,1.07315,1.075,1.0676,1.07405,394461.64,1.07397
2010-03-07 01:00:00,1.0735,1.07415,1.07255,1.07315,12590.4,1.07308
2010-03-06 01:00:00,1.0742,1.0742,1.0742,1.0742,0.0,1.07402
2010-03-05 01:00:00,1.07715,1.08115,1.07355,1.0742,307377.01,1.07402
2010-03-04 01:00:00,1.0678,1.07965,1.06705,1.07715,350031.83,1.07702
2010-03-03 01:00:00,1.0745,1.0765,1.065,1.0678,470031.44,1.0677
2010-03-02 01:00:00,1.0795,1.08905,1.07445,1.0745,472393.66,1.07442
2010-03-01 01:00:00,1.07325,1.0872,1.0721,1.0795,420545.91,1.0794
2010-02-28 01:00:00,1.07435,1.0748,1.0732,1.07325,8382.5,1.07315
2010-02-27 01:00:00,1.0735,1.0735,1.0735,1.0735,0.0,1.07328
2010-02-26 01:00:00,1.0813,1.0814,1.06955,1.0735,393421.54,1.07328
2010-02-25 01:00:00,1.08105,1.088,1.0785,1.0813,394927.85,1.0812
2010-02-24 01:00:00,1.0826,1.0844,1.07395,1.0811,420889.6,1.081
2010-02-23 01:00:00,1.07555,1.08495,1.0716,1.0826,334494.54,1.0825
2010-02-22 01:00:00,1.0751,1.079,1.07395,1.07555,339238.75,1.07545
2010-02-21 01:00:00,1.0747,1.07735,1.0744,1.0751,5158.4,1.07498
2010-02-20 01:00:00,1.07585,1.07585,1.07585,1.07585,0.0,1.07568
2010-02-19 01:00:00,1.0875,1.08995,1.0751,1.07585,346718.53,1.07568
2010-02-18 01:00:00,1.07765,1.0892,1.0749,1.08745,388543.03,1.08738
2010-02-17 01:00:00,1.0663,1.08015,1.0648,1.07765,362836.54,1.07758
2010-02-16 01:00:00,1.0778,1.07905,1.0654,1.0663,322250.24,1.0662
2010-02-15 01:00:00,1.07615,1.08045,1.0755,1.07775,219269.52,1.07765
2010-02-14 01:00:00,1.07685,1.0778,1.0758,1.0761,4622.4,1.076
2010-02-13 01:00:00,1.0757,1.0757,1.0757,1.0757,0.0,1.07543
2010-02-12 01:00:00,1.07075,1.0829,1.0707,1.0757,390340.87,1.07543
2010-02-11 01:00:00,1.06685,1.0784,1.0628,1.0707,388433.97,1.0706
2010-02-10 01:00:00,1.06555,1.0722,1.06195,1.06685,366222.02,1.06675
2010-02-09 01:00:00,1.073,1.07485,1.06105,1.06555,340673.09,1.06545
2010-02-08 01:00:00,1.0757,1.07745,1.06845,1.073,352344.87,1.07293
2010-02-07 01:00:00,1.07505,1.07705,1.07441,1.0757,7333.5,1.07558
2010-02-06 01:00:00,1.0727,1.0727,1.0727,1.0727,0.0,1.07247
2010-02-05 01:00:00,1.06605,1.0799,1.0648,1.0727,340669.72,1.07247
2010-02-04 01:00:00,1.05855,1.0677,1.05815,1.06605,392486.96,1.06592
2010-02-03 01:00:00,1.05485,1.06015,1.04985,1.05855,338598.75,1.05845
2010-02-02 01:00:00,1.0571,1.0609,1.0542,1.0549,378260.78,1.05483
2010-02-01 01:00:00,1.0605,1.0625,1.0555,1.0571,384761.7,1.05698
2010-01-31 01:00:00,1.06075,1.0628,1.06025,1.06045,4423.3,1.06032
2010-01-30 01:00:00,1.06095,1.06095,1.06095,1.06095,0.0,1.06078
2010-01-29 01:00:00,1.0521,1.0645,1.04835,1.06095,412132.2,1.06078
2010-01-28 01:00:00,1.04995,1.05575,1.04775,1.0521,397514.95,1.05202
2010-01-27 01:00:00,1.0461,1.05265,1.04475,1.04995,394542.02,1.0498
2010-01-26 01:00:00,1.0403,1.0493,1.038,1.0461,406074.07,1.04597
2010-01-25 01:00:00,1.0417,1.04255,1.0369,1.0403,359008.4,1.04015
2010-01-24 01:00:00,1.04004,1.0418,1.03996,1.0417,8574.6,1.04152
2010-01-23 01:00:00,1.0414,1.0414,1.0414,1.0414,0.0,1.04118
2010-01-22 01:00:00,1.04225,1.04465,1.03755,1.0414,399622.65,1.04118
2010-01-21 01:00:00,1.0438,1.04965,1.0404,1.04225,517459.85,1.0421
2010-01-20 01:00:00,1.03305,1.04635,1.0328,1.04385,451189.53,1.0437
2010-01-19 01:00:00,1.024,1.0356,1.02275,1.03315,454724.26,1.03298
2010-01-18 01:00:00,1.0268,1.0293,1.02365,1.024,310121.53,1.02385
2010-01-17 01:00:00,1.0279,1.02875,1.02674,1.0269,7910.77,1.02672
2010-01-16 01:00:00,1.02565,1.02565,1.02565,1.02565,0.0,1.02532
2010-01-15 01:00:00,1.01885,1.0288,1.0188,1.02565,418253.68,1.02532
2010-01-14 01:00:00,1.01775,1.02375,1.01615,1.01885,453826.97,1.01878
2010-01-13 01:00:00,1.0191,1.02195,1.01385,1.01775,456652.19,1.01765
2010-01-12 01:00:00,1.01705,1.021,1.0146,1.0192,479950.49,1.01908
2010-01-11 01:00:00,1.0206,1.02085,1.01315,1.01705,495218.99,1.0169
2010-01-10 01:00:00,1.0226,1.0243,1.0194,1.0206,14662.9,1.0205
2010-01-09 01:00:00,1.02405,1.02405,1.02405,1.02405,0.0,1.02398
2010-01-08 01:00:00,1.03395,1.0386,1.0217,1.02405,403763.4,1.02398
2010-01-07 01:00:00,1.0278,1.0373,1.0245,1.03405,416386.76,1.0339
2010-01-06 01:00:00,1.03365,1.03815,1.025,1.0278,435047.69,1.02772
2010-01-05 01:00:00,1.0293,1.0362,1.0254,1.03365,421914.1,1.03352
2010-01-04 01:00:00,1.03635,1.0421,1.02645,1.0293,462172.04,1.02922
2010-01-03 01:00:00,1.0366,1.03755,1.0343,1.03635,9647.1,1.03622
2010-01-02 01:00:00,1.0352,1.0352,1.0352,1.0352,0.0,1.0351
2010-01-01 01:00:00,1.03521,1.03565,1.03366,1.0352,321233.3,1.0351
2009-12-31 01:00:00,1.03655,1.03875,1.02875,1.03515,199008.79,1.035
2009-12-30 01:00:00,1.03795,1.04235,1.03535,1.0366,323828.07,1.03642
2009-12-29 01:00:00,1.0356,1.0387,1.02795,1.03795,328630.8,1.0378
2009-12-28 01:00:00,1.03705,1.03905,1.03295,1.0356,224648.1,1.03545
2009-12-27 01:00:00,1.0365,1.03775,1.03415,1.03695,8089.6,1.0368
2009-12-26 01:00:00,1.03561,1.03561,1.03561,1.03561,0.0,1.03548
2009-12-25 01:00:00,1.03657,1.03798,1.03444,1.03561,409989.2,1.03548
2009-12-24 01:00:00,1.03925,1.03975,1.0322,1.03668,245701.16,1.03653
2009-12-23 01:00:00,1.04865,1.05,1.0361,1.03925,343724.25,1.03915
2009-12-22 01:00:00,1.04575,1.05045,1.04435,1.04865,424564.72,1.0485
2009-12-21 01:00:00,1.04055,1.0484,1.0394,1.04575,392469.3,1.0456
2009-12-20 01:00:00,1.04005,1.04165,1.03831,1.04055,9881.6,1.0404
2009-12-19 01:00:00,1.0425,1.0425,1.0425,1.0425,0.0,1.04237
2009-12-18 01:00:00,1.0466,1.04795,1.0389,1.0425,469519.95,1.04237
2009-12-17 01:00:00,1.03915,1.05095,1.0387,1.0466,640316.08,1.04648
2009-12-16 01:00:00,1.04035,1.04265,1.0346,1.03915,477726.22,1.03903
2009-12-15 01:00:00,1.03155,1.04305,1.0312,1.04035,432202.49,1.0402
2009-12-14 01:00:00,1.03435,1.03545,1.0296,1.03155,439005.57,1.0314
2009-12-13 01:00:00,1.0347,1.0365,1.0341,1.0344,8503.79,1.03428
2009-12-12 01:00:00,1.03495,1.03495,1.03495,1.03495,0.0,1.03463
2009-12-11 01:00:00,1.0264,1.03695,1.0236,1.03495,386790.3,1.03463
2009-12-10 01:00:00,1.0263,1.03045,1.02385,1.02635,305030.26,1.0262
2009-12-09 01:00:00,1.02775,1.0302,1.022,1.02635,492150.68,1.02618
2009-12-08 01:00:00,1.0186,1.02935,1.01655,1.02775,508077.52,1.0276
2009-12-07 01:00:00,1.016,1.02455,1.01385,1.01865,548714.81,1.01852
2009-12-06 01:00:00,1.0171,1.01735,1.01555,1.01595,13113.8,1.01578
2009-12-05 01:00:00,1.01685,1.01685,1.01685,1.01685,0.0,1.01658
2009-12-04 01:00:00,1.00015,1.0193,0.9988,1.01685,369289.7,1.01658
2009-12-03 01:00:00,1.0008,1.0024,0.9962,1.00015,329454.89,1.00002
2009-12-02 01:00:00,0.9991,1.0028,0.998,1.0008,364293.34,1.00065
2009-12-01 01:00:00,1.00355,1.00765,0.9971,0.9991,439622.17,0.99895
2009-11-30 01:00:00,1.00585,1.0073,0.9995,1.00355,462711.62,1.0034
2009-11-29 01:00:00,1.00445,1.0079,1.00335,1.0059,9826.2,1.0057
2009-11-28 01:00:00,1.00615,1.00615,1.00615,1.00615,0.0,1.00595
2009-11-27 01:00:00,1.0053,1.01775,1.00305,1.00615,338486.3,1.00595
2009-11-26 01:00:00,0.9972,1.0082,0.9918,1.0053,272167.12,1.00512
2009-11-25 01:00:00,1.0089,1.00935,0.9957,0.9972,336151.4,0.99712
2009-11-24 01:00:00,1.01055,1.0154,1.00775,1.00885,366464.8,1.00873
2009-11-23 01:00:00,1.01735,1.01735,1.0073,1.01055,329508.3,1.01038
2009-11-22 01:00:00,1.0188,1.0204,1.01715,1.01735,7486.8,1.01722
2009-11-21 01:00:00,1.0183,1.0183,1.0183,1.0183,0.0,1.01805
2009-11-20 01:00:00,1.01375,1.0224,1.0124,1.0183,331754.8,1.01805
2009-11-19 01:00:00,1.01055,1.0197,1.0104,1.01375,406013.52,1.0136
2009-11-18 01:00:00,1.01603,1.01685,1.00775,1.01055,409970.95,1.0104
2009-11-17 01:00:00,1.00735,1.02095,1.00625,1.01598,431669.01,1.01588
2009-11-16 01:00:00,1.0092,1.0146,1.00485,1.0074,403285.9,1.00727
2009-11-15 01:00:00,1.01235,1.0125,1.00915,1.0092,8616.7,1.00908
2009-11-14 01:00:00,1.01248,1.01248,1.01248,1.01248,0.0,1.01238
2009-11-13 01:00:00,1.01705,1.0187,1.0102,1.01248,430292.12,1.01238
2009-11-12 01:00:00,1.0083,1.0195,1.0061,1.01705,508280.64,1.01693
2009-11-11 01:00:00,1.00735,1.0101,1.00365,1.0083,459868.33,1.0082
2009-11-10 01:00:00,1.00755,1.0111,1.00625,1.00735,519937.7,1.00722
2009-11-09 01:00:00,1.01675,1.0175,1.0056,1.00755,522425.12,1.00745
2009-11-08 01:00:00,1.01495,1.01685,1.01485,1.01675,12872.1,1.01662
2009-11-07 01:00:00,1.01724,1.01724,1.01724,1.01724,0.0,1.01709
2009-11-06 01:00:00,1.01615,1.0203,1.01275,1.01724,514708.12,1.01709
2009-11-05 01:00:00,1.0157,1.01945,1.01335,1.01615,602208.6,1.016
2009-11-04 01:00:00,1.0256,1.02795,1.01295,1.0157,617202.25,1.0156
2009-11-03 01:00:00,1.02225,1.03395,1.0197,1.0256,643284.76,1.02545
2009-11-02 01:00:00,1.0268,1.02685,1.0166,1.0222,648644.16,1.02212
2009-11-01 01:00:00,1.02595,1.02825,1.02385,1.0268,15651.7,1.0266
2009-10-31 01:00:00,1.02675,1.02675,1.02675,1.02675,0.0,1.0264
2009-10-30 01:00:00,1.0185,1.02775,1.01575,1.02675,566351.6,1.0264
2009-10-24 02:00:00,1.00915,1.00915,1.00915,1.00915,0.0,1.00882
2009-10-23 02:00:00,1.00475,1.01035,1.00345,1.00915,521761.67,1.00882
2009-10-22 02:00:00,1.0061,1.0124,1.0042,1.0047,471482.4,1.0046
2009-10-21 02:00:00,1.0127,1.0156,1.00365,1.0061,524858.75,1.00595
2009-10-20 02:00:00,1.01155,1.01685,1.00835,1.01265,485826.22,1.01253
2009-10-19 02:00:00,1.0183,1.02305,1.01045,1.01155,518741.35,1.01142
2009-10-18 02:00:00,1.01779,1.02,1.0168,1.01825,15262.83,1.01812
2009-10-17 02:00:00,1.0184,1.0184,1.0184,1.0184,0.0,1.01822
2009-10-16 02:00:00,1.0143,1.02255,1.01315,1.0184,537084.19,1.01822
2009-10-15 02:00:00,1.01455,1.01985,1.0119,1.0143,496195.05,1.01417
2009-10-14 02:00:00,1.0221,1.0229,1.01295,1.0145,460682.51,1.01438
2009-10-13 02:00:00,1.02585,1.0279,1.01945,1.0221,441088.3,1.02195
2009-10-12 02:00:00,1.03235,1.0354,1.02345,1.02585,366323.27,1.02575
2009-10-11 02:00:00,1.03132,1.03245,1.03027,1.0323,16180.6,1.03215
2009-10-10 02:00:00,1.0316,1.0316,1.0316,1.0316,0.0,1.03135
2009-10-09 02:00:00,1.02765,1.03535,1.0273,1.0316,415144.15,1.03135
2009-10-08 02:00:00,1.0314,1.03225,1.02325,1.0276,462019.08,1.02747
2009-10-07 02:00:00,1.0269,1.0361,1.0265,1.0314,470249.98,1.03128
2009-10-06 02:00:00,1.0318,1.03205,1.02385,1.0269,483416.14,1.02678
2009-10-05 02:00:00,1.03445,1.03595,1.03085,1.0318,405621.15,1.03165
2009-10-04 02:00:00,1.03409,1.0358,1.03237,1.03445,13084.7,1.0343
2009-10-03 02:00:00,1.0354,1.0354,1.0354,1.0354,0.0,1.03522
2009-10-02 02:00:00,1.04285,1.0439,1.03105,1.0354,438038.45,1.03522
2009-10-01 02:00:00,1.0349,1.04535,1.03395,1.04285,501797.94,1.04272
2009-09-30 02:00:00,1.036,1.04515,1.02845,1.0349,459100.28,1.03475
2009-09-29 02:00:00,1.03275,1.0406,1.0315,1.036,417393.27,1.03587
2009-09-28 02:00:00,1.02645,1.0377,1.02645,1.03275,375984.49,1.03262
2009-09-27 02:00:00,1.02703,1.02835,1.02525,1.02645,10674.0,1.02632
2009-09-26 02:00:00,1.0279,1.0279,1.0279,1.0279,0.0,1.0275
2009-09-25 02:00:00,1.03,1.0343,1.02445,1.0279,462925.2,1.0275
2009-09-24 02:00:00,1.02725,1.0324,1.021,1.02995,503722.44,1.02982
2009-09-23 02:00:00,1.02255,1.03025,1.01925,1.02725,440471.56,1.0271
2009-09-22 02:00:00,1.03225,1.03225,1.0189,1.02245,355187.5,1.0223
2009-09-21 02:00:00,1.02975,1.03905,1.02925,1.0322,370837.2,1.03207
2009-09-20 02:00:00,1.02982,1.0321,1.02935,1.02975,7806.6,1.02965
2009-09-19 02:00:00,1.0301,1.0301,1.0301,1.0301,0.0,1.0296
2009-09-18 02:00:00,1.0293,1.0349,1.02775,1.0301,382990.25,1.0296
2009-09-17 02:00:00,1.03225,1.03605,1.02765,1.0293,415800.7,1.0292
2009-09-16 02:00:00,1.0338,1.037,1.02985,1.03225,382699.67,1.0321
2009-09-15 02:00:00,1.0328,1.042,1.03275,1.0338,394496.28,1.03375
2009-09-14 02:00:00,1.0376,1.0425,1.03235,1.0328,393766.66,1.03273
2009-09-13 02:00:00,1.03602,1.03805,1.03551,1.0375,11834.1,1.03738
2009-09-12 02:00:00,1.0388,1.0388,1.0388,1.0388,0.0,1.03842
2009-09-11 02:00:00,1.0386,1.04,1.034,1.0388,384614.6,1.03842
2009-09-10 02:00:00,1.0418,1.0467,1.036,1.0385,399450.65,1.03843
2009-09-09 02:00:00,1.04585,1.049,1.0385,1.0418,379897.77,1.0417
2009-09-08 02:00:00,1.0602,1.06045,1.0433,1.04585,508476.91,1.04577
2009-09-07 02:00:00,1.0596,1.06075,1.0557,1.0601,223401.8,1.06002
2009-09-06 02:00:00,1.06053,1.06175,1.05905,1.0596,13943.9,1.05948
2009-09-05 02:00:00,1.06085,1.06085,1.06085,1.06085,0.0,1.06068
2009-09-04 02:00:00,1.06235,1.07,1.0579,1.06085,253490.1,1.06068
2009-09-03 02:00:00,1.0605,1.0638,1.0547,1.0623,316054.7,1.0622
2009-09-02 02:00:00,1.0667,1.0687,1.0582,1.0605,344977.7,1.06038
2009-09-01 02:00:00,1.05865,1.07075,1.05445,1.0667,373668.6,1.06668
2009-08-31 02:00:00,1.0597,1.0637,1.0557,1.0586,286786.25,1.05855
2009-08-30 02:00:00,1.0594,1.061,1.05856,1.0597,11225.0,1.05955
2009-08-29 02:00:00,1.06005,1.06005,1.06005,1.06005,0.0,1.0598
2009-08-28 02:00:00,1.0572,1.062,1.05405,1.06005,330039.9,1.0598
2009-08-27 02:00:00,1.0689,1.07055,1.05305,1.0571,368232.2,1.05702
2009-08-26 02:00:00,1.0625,1.0715,1.05815,1.0689,351290.7,1.06882
2009-08-25 02:00:00,1.0621,1.06425,1.0568,1.06245,382992.05,1.0624
2009-08-24 02:00:00,1.05805,1.06315,1.05715,1.0621,342740.0,1.06197
2009-08-23 02:00:00,1.05784,1.0584,1.05636,1.058,8260.1,1.0579
2009-08-22 02:00:00,1.0586,1.0586,1.0586,1.0586,0.0,1.05845
2009-08-21 02:00:00,1.0632,1.06585,1.0554,1.0586,269721.73,1.05845
2009-08-20 02:00:00,1.0645,1.0686,1.062,1.06315,290217.27,1.06308
2009-08-19 02:00:00,1.07345,1.07825,1.0625,1.0645,341105.1,1.06445
2009-08-18 02:00:00,1.0762,1.08025,1.07275,1.0735,382413.95,1.0734
2009-08-17 02:00:00,1.07565,1.08365,1.07475,1.07625,380181.36,1.07615
2009-08-16 02:00:00,1.07267,1.07565,1.07267,1.07565,7668.3,1.07552
2009-08-15 02:00:00,1.0724,1.0724,1.0724,1.0724,0.0,1.07195
2009-08-14 02:00:00,1.071,1.0754,1.0672,1.0724,246011.85,1.07195
2009-08-13 02:00:00,1.0759,1.07665,1.06755,1.071,243334.65,1.07088
2009-08-12 02:00:00,1.0819,1.08485,1.0733,1.0758,299641.08,1.07572
2009-08-11 02:00:00,1.086,1.0866,1.0791,1.08185,283183.4,1.0818
2009-08-10 02:00:00,1.0819,1.08845,1.0798,1.086,294118.91,1.08585
2009-08-09 02:00:00,1.0813,1.0835,1.08091,1.0819,11377.5,1.08185
2009-08-08 02:00:00,1.08115,1.08115,1.08115,1.08115,0.0,1.081
2009-08-07 02:00:00,1.06395,1.0845,1.05805,1.08115,310856.29,1.081
2009-08-06 02:00:00,1.0615,1.0681,1.06045,1.06395,567359.4,1.06382
2009-08-05 02:00:00,1.05955,1.06605,1.0586,1.0615,665772.5,1.06138
2009-08-04 02:00:00,1.0597,1.0647,1.0578,1.05965,584133.3,1.0595
2009-08-03 02:00:00,1.0676,1.0734,1.05635,1.0597,701914.32,1.05962
2009-08-02 02:00:00,1.06855,1.0702,1.0659,1.0675,37621.6,1.06742
2009-08-01 02:00:00,1.0686,1.0686,1.0686,1.0686,0.0,1.06842
2009-07-31 02:00:00,1.08725,1.0892,1.066,1.0686,567306.2,1.06842
2009-07-30 02:00:00,1.08955,1.09355,1.0843,1.08725,622400.28,1.08718
2009-07-29 02:00:00,1.0769,1.09085,1.0733,1.08965,707228.07,1.08955
2009-07-28 02:00:00,1.0702,1.0798,1.06585,1.0769,612575.5,1.0768
2009-07-27 02:00:00,1.0728,1.07435,1.06545,1.0702,622925.9,1.07008
2009-07-26 02:00:00,1.07189,1.0733,1.06942,1.07285,21981.4,1.0727
2009-07-25 02:00:00,1.07205,1.07205,1.07205,1.07205,0.0,1.07185
2009-07-24 02:00:00,1.0737,1.07605,1.0674,1.07205,442270.88,1.07185
2009-07-23 02:00:00,1.0672,1.0772,1.0634,1.0737,585447.17,1.07365
2009-07-22 02:00:00,1.06825,1.07155,1.06315,1.0672,579158.1,1.06708
2009-07-21 02:00:00,1.0692,1.0718,1.0623,1.0682,693670.0,1.06807
2009-07-20 02:00:00,1.0751,1.0759,1.06575,1.0692,736774.1,1.06908
2009-07-19 02:00:00,1.07733,1.0781,1.075,1.07505,19242.6,1.07492
2009-07-18 02:00:00,1.077,1.077,1.077,1.077,0.0,1.07678
2009-07-17 02:00:00,1.0744,1.08185,1.07365,1.077,637190.4,1.07678
2009-07-16 02:00:00,1.0756,1.07915,1.07035,1.0744,464267.7,1.07425
2009-07-15 02:00:00,1.0882,1.0889,1.07235,1.0756,619181.58,1.07552
2009-07-14 02:00:00,1.08115,1.09405,1.0808,1.0883,726712.42,1.08822
2009-07-13 02:00:00,1.0839,1.08905,1.0807,1.08115,552914.71,1.08102
2009-07-12 02:00:00,1.08607,1.08607,1.08365,1.0839,24043.6,1.08378
2009-07-11 02:00:00,1.08675,1.08675,1.08675,1.08675,0.0,1.08655
2009-07-10 02:00:00,1.0794,1.0925,1.07905,1.08675,434314.7,1.08655
2009-07-09 02:00:00,1.0913,1.09185,1.0752,1.0794,524323.17,1.07932
2009-07-08 02:00:00,1.09095,1.0943,1.0876,1.0913,536972.1,1.09118
2009-07-07 02:00:00,1.0837,1.0916,1.0802,1.09095,541609.0,1.09075
2009-07-06 02:00:00,1.0878,1.09565,1.0836,1.0837,544561.4,1.0836
2009-07-05 02:00:00,1.0876,1.08885,1.0874,1.0878,20749.7,1.08768
2009-07-04 02:00:00,1.0868,1.0868,1.0868,1.0868,0.0,1.08662
2009-07-03 02:00:00,1.08745,1.08955,1.08305,1.0868,207765.5,1.08662
2009-07-02 02:00:00,1.07505,1.0906,1.07485,1.08745,377394.95,1.0873
2009-07-01 02:00:00,1.0857,1.0888,1.0707,1.07505,426933.15,1.0749
2009-06-30 02:00:00,1.08215,1.08915,1.07785,1.0856,334823.02,1.08548
2009-06-29 02:00:00,1.08325,1.09135,1.0809,1.08225,287970.74,1.08208
2009-06-28 02:00:00,1.08291,1.0858,1.0814,1.08325,11543.2,1.08312
2009-06-27 02:00:00,1.08395,1.08395,1.08395,1.08395,0.0,1.08375
2009-06-26 02:00:00,1.09212,1.09335,1.07975,1.08395,224326.4,1.08375
2009-06-25 02:00:00,1.0974,1.10185,1.09201,1.09239,328694.27,1.09232
2009-06-24 02:00:00,1.0676,1.1024,1.06325,1.0974,371680.11,1.09728
2009-06-23 02:00:00,1.0872,1.0884,1.0643,1.0676,381061.82,1.06748
2009-06-22 02:00:00,1.08135,1.0898,1.08135,1.0872,328973.65,1.08705
2009-06-21 02:00:00,1.08022,1.0821,1.07958,1.0814,12646.6,1.08125
2009-06-20 02:00:00,1.08165,1.08165,1.08165,1.08165,0.0,1.08142
2009-06-19 02:00:00,1.0862,1.08923,1.0766,1.08165,185696.0,1.08142
2009-06-18 02:00:00,1.07831,1.0898,1.07609,1.0861,118607.6,1.08602
2009-06-17 02:00:00,1.08975,1.0923,1.07639,1.0783,120045.7,1.07818
2009-06-16 02:00:00,1.09322,1.0956,1.08219,1.08959,120345.5,1.08952
2009-06-15 02:00:00,1.08002,1.09506,1.07918,1.09308,118879.6,1.09306
2009-06-14 02:00:00,1.07983,1.08171,1.07786,1.08006,29396.6,1.07994
2009-06-13 02:00:00,1.0794,1.0794,1.0794,1.0794,0.0,1.0791
2009-06-12 02:00:00,1.06915,1.0848,1.0691,1.0794,419387.35,1.0791
2009-06-11 02:00:00,1.0805,1.08415,1.0651,1.06915,395015.450338,1.06902
2009-06-10 02:00:00,1.079,1.08605,1.07205,1.0805,404997.8,1.08038
2009-06-09 02:00:00,1.08985,1.0955,1.0763,1.07905,346505.2,1.0789
2009-06-08 02:00:00,1.08595,1.0988,1.08365,1.08985,371433.10905,1.08972
2009-06-07 02:00:00,1.0862,1.0898,1.08554,1.08595,12911.80075,1.08582
2009-06-06 02:00:00,1.086,1.086,1.086,1.086,0.0,1.0857
2009-06-05 02:00:00,1.0697,1.09095,1.0665,1.086,384094.533814,1.0857
2009-06-04 02:00:00,1.07135,1.07675,1.06425,1.0698,361379.41283,1.06968
2009-06-03 02:00:00,1.06305,1.07485,1.0604,1.07135,533515.371422,1.07123
2009-06-02 02:00:00,1.06915,1.0745,1.0592,1.06305,453203.6937,1.06295
2009-06-01 02:00:00,1.0697,1.07255,1.0619,1.06915,444529.3,1.06905
2009-05-31 02:00:00,1.06621,1.06985,1.06621,1.0697,16072.2,1.06965
2009-05-30 02:00:00,1.0672,1.0672,1.0672,1.0672,0.0,1.06695
2009-05-29 02:00:00,1.0844,1.08465,1.0657,1.0672,469564.75,1.06695
2009-05-28 02:00:00,1.0929,1.0955,1.08045,1.0844,427024.5,1.0843
2009-05-27 02:00:00,1.08375,1.0939,1.0811,1.0929,393303.570428,1.0928
2009-05-26 02:00:00,1.0835,1.09275,1.0814,1.08375,368728.47288,1.08362
2009-05-25 02:00:00,1.08455,1.0874,1.08145,1.0835,160814.3,1.08338
2009-05-24 02:00:00,1.08517,1.08517,1.08275,1.08445,9816.5,1.08427
2009-05-23 02:00:00,1.0858,1.0858,1.0858,1.0858,0.0,1.08568
2009-05-22 02:00:00,1.09025,1.0931,1.0813,1.0858,201848.1,1.08568
2009-05-21 02:00:00,1.0998,1.1058,1.09015,1.09035,260358.65,1.09022
2009-05-20 02:00:00,1.1084,1.113,1.09695,1.0998,272110.826829,1.0996
2009-05-19 02:00:00,1.1151,1.11665,1.1072,1.1083,343159.3,1.1081
2009-05-18 02:00:00,1.1243,1.1268,1.11368,1.1151,371410.3,1.11495
2009-05-17 02:00:00,1.12197,1.1272,1.12142,1.1243,50137.3,1.12425
2009-05-16 02:00:00,1.1219,1.1219,1.1219,1.1219,0.0,1.12158
2009-05-15 02:00:00,1.10485,1.125,1.1039,1.1219,180160.8,1.12158
2009-05-14 02:00:00,1.1118,1.1123,1.1027,1.10465,211115.0,1.10462
2009-05-13 02:00:00,1.1031,1.11235,1.0979,1.1118,274371.6,1.11152
2009-05-12 02:00:00,1.10975,1.1108,1.10055,1.10315,355366.3,1.1029
2009-05-11 02:00:00,1.10575,1.11085,1.10219,1.10975,328988.7,1.10958
2009-05-10 02:00:00,1.10482,1.1066,1.1034,1.10575,10657.3,1.10558
2009-05-09 02:00:00,1.10665,1.10665,1.10665,1.10665,0.0,1.10615
2009-05-08 02:00:00,1.13025,1.1339,1.10502,1.10665,290984.5,1.10615
2009-05-07 02:00:00,1.13485,1.14255,1.1253,1.13025,311053.45,1.1301
2009-05-06 02:00:00,1.13425,1.1389,1.1287,1.13485,401827.509138,1.13468
2009-05-05 02:00:00,1.12615,1.1363,1.1246,1.1342,288890.08364,1.13395
2009-05-04 02:00:00,1.13698,1.1423,1.1249,1.1262,252641.450484,1.126
2009-05-03 02:00:00,1.13648,1.13769,1.13427,1.13684,20407.4,1.13669
2009-05-02 02:00:00,1.13605,1.13605,1.13605,1.13605,0.0,1.13583
2009-05-01 02:00:00,1.13985,1.14125,1.1336,1.13605,197462.2,1.13583
2009-04-30 02:00:00,1.1362,1.14345,1.12725,1.14,332164.2,1.13975
2009-04-29 02:00:00,1.14395,1.1449,1.1302,1.1362,341055.4,1.136
2009-04-28 02:00:00,1.1564,1.1598,1.142,1.1439,327898.6,1.14375
2009-04-27 02:00:00,1.13875,1.1607,1.1387,1.1564,359248.6,1.15622
2009-04-26 02:00:00,1.13861,1.14145,1.1364,1.1387,14201.4,1.13848
2009-04-25 02:00:00,1.1394,1.1394,1.1394,1.1394,0.0,1.13917
2009-04-24 02:00:00,1.15215,1.1528,1.135,1.1394,286878.958998,1.13917
2009-04-23 02:00:00,1.16385,1.16765,1.15023,1.15215,384299.083701,1.15208
2009-04-22 02:00:00,1.16845,1.17225,1.16,1.16385,334543.686154,1.16372
2009-04-21 02:00:00,1.17055,1.1721,1.16365,1.16845,318339.138068,1.16812
2009-04-20 02:00:00,1.169,1.1743,1.16737,1.1705,286383.935742,1.1703
2009-04-19 02:00:00,1.16524,1.169,1.16469,1.169,15493.0,1.1688
2009-04-18 02:00:00,1.1653,1.1653,1.1653,1.1653,0.0,1.16512
2009-04-17 02:00:00,1.14775,1.16905,1.14708,1.1653,257180.326972,1.16512
2009-04-16 02:00:00,1.14305,1.1521,1.13995,1.14775,261101.076,1.14752
2009-04-15 02:00:00,1.1374,1.14885,1.13702,1.14305,299119.936,1.14288
2009-04-14 02:00:00,1.1333,1.1449,1.13235,1.1374,286833.3,1.13728
2009-04-13 02:00:00,1.15755,1.1611,1.13065,1.1333,151012.6,1.13307
2009-04-12 02:00:00,1.15426,1.15775,1.15418,1.15755,10198.3,1.1573
2009-04-11 02:00:00,1.155,1.155,1.155,1.155,0.0,1.1545
2009-04-10 02:00:00,1.15945,1.16275,1.15418,1.155,91810.2,1.1545
2009-04-09 02:00:00,1.14895,1.1625,1.14285,1.1594,274898.835013,1.15922
2009-04-08 02:00:00,1.143,1.152,1.1424,1.14885,282215.3,1.14882
2009-04-07 02:00:00,1.1386,1.14845,1.1347,1.14305,327816.152818,1.1428
2009-04-06 02:00:00,1.12805,1.1424,1.12393,1.1386,307405.2,1.1383
2009-04-05 02:00:00,1.13015,1.13105,1.12645,1.12805,14011.4,1.12778
2009-04-04 02:00:00,1.13125,1.13125,1.13125,1.13125,0.0,1.13105
2009-04-03 02:00:00,1.13405,1.13925,1.12975,1.13125,266428.0,1.13105
2009-04-02 02:00:00,1.1458,1.14885,1.13085,1.13405,338956.471926,1.13395
2009-04-01 02:00:00,1.13925,1.1508,1.1378,1.1458,343900.684,1.14555
2009-03-31 02:00:00,1.1509,1.1519,1.1358,1.13925,372116.9,1.1391
2009-03-30 02:00:00,1.1454,1.1551,1.1441,1.1509,347392.962,1.15068
2009-03-29 01:00:00,1.14408,1.15,1.14397,1.1455,13115.2,1.14515
2009-03-28 01:00:00,1.14435,1.14435,1.14435,1.14435,0.0,1.14418
2009-03-27 01:00:00,1.1276,1.14815,1.12255,1.14435,294180.489,1.14418
2009-03-26 01:00:00,1.12215,1.12905,1.11825,1.12755,333493.204,1.1274
2009-03-25 01:00:00,1.131,1.13295,1.11705,1.12215,369683.7,1.12188
2009-03-24 01:00:00,1.12575,1.13265,1.1211,1.131,400347.9,1.13082
2009-03-23 01:00:00,1.1256,1.13435,1.11725,1.12575,380062.992,1.12555
2009-03-22 01:00:00,1.12525,1.12615,1.12205,1.12565,11594.2,1.12548
2009-03-21 01:00:00,1.1276,1.1276,1.1276,1.1276,0.0,1.1274
2009-03-20 01:00:00,1.1237,1.12995,1.1171,1.1276,331828.43,1.1274
2009-03-19 01:00:00,1.14145,1.14605,1.11605,1.1237,403286.503224,1.12343
2009-03-18 01:00:00,1.18085,1.18345,1.1379,1.14145,367585.38,1.14135
2009-03-17 01:00:00,1.185,1.1905,1.18028,1.18085,358023.7,1.18065
2009-03-16 01:00:00,1.1897,1.19145,1.18055,1.18495,381060.3,1.18465
2009-03-15 01:00:00,1.18575,1.1916,1.18575,1.1896,8002.4,1.18932
2009-03-14 01:00:00,1.1854,1.1854,1.1854,1.1854,0.0,1.1852
2009-03-13 01:00:00,1.18705,1.1936,1.18365,1.1854,271583.20992,1.1852
2009-03-12 01:00:00,1.1556,1.19715,1.15,1.18705,313101.123,1.18695
2009-03-11 01:00:00,1.15955,1.1679,1.15213,1.1556,338614.0,1.15545
2009-03-10 01:00:00,1.15895,1.1653,1.14325,1.15955,334780.424,1.15945
2009-03-09 01:00:00,1.1542,1.16825,1.1537,1.15905,284572.808,1.15882
2009-03-08 01:00:00,1.15877,1.15907,1.15355,1.15385,14770.7,1.15368
2009-03-07 01:00:00,1.1591,1.1591,1.1591,1.1591,0.0,1.15888
2009-03-06 01:00:00,1.17025,1.17155,1.1488,1.1591,283951.9,1.15888
2009-03-05 01:00:00,1.16955,1.18125,1.16765,1.17035,284272.733575,1.17015
2009-03-04 01:00:00,1.1791,1.18505,1.16475,1.16955,346122.77,1.16928
2009-03-03 01:00:00,1.1762,1.17935,1.1685,1.17915,330816.0,1.17892
2009-03-02 01:00:00,1.1735,1.17975,1.17035,1.1762,313775.6,1.176
2009-03-01 01:00:00,1.1716,1.1738,1.17035,1.17355,5425.0,1.1733
2009-02-28 01:00:00,1.17,1.17,1.17,1.17,0.0,1.16982
2009-02-27 01:00:00,1.1664,1.1763,1.1614,1.17,247818.900776,1.16982
2009-02-26 01:00:00,1.17005,1.1732,1.1597,1.16645,212908.954692,1.16618
2009-02-25 01:00:00,1.1587,1.17445,1.155,1.17005,313743.646,1.1699
2009-02-24 01:00:00,1.1709,1.1715,1.15325,1.1587,259900.3048,1.15845
2009-02-23 01:00:00,1.15955,1.1713,1.14635,1.171,286180.21,1.17088
2009-02-22 01:00:00,1.15963,1.16085,1.157,1.1595,5467.1,1.15925
2009-02-21 01:00:00,1.15655,1.15655,1.15655,1.15655,0.0,1.15628
2009-02-20 01:00:00,1.17485,1.1887,1.1464,1.15655,251911.89,1.15628
2009-02-19 01:00:00,1.1751,1.18005,1.1704,1.1748,265706.473914,1.1746
2009-02-18 01:00:00,1.169,1.18275,1.1652,1.17505,276037.06,1.17482
2009-02-17 01:00:00,1.15995,1.17815,1.15995,1.16925,347346.26,1.16898
2009-02-16 01:00:00,1.16385,1.1708,1.1581,1.16005,190575.73,1.15975
2009-02-15 01:00:00,1.16507,1.1664,1.16285,1.1639,4298.4,1.16365
2009-02-14 01:00:00,1.16018,1.16018,1.16018,1.16018,0.0,1.15996
2009-02-13 01:00:00,1.1617,1.16625,1.1562,1.16018,199920.98,1.15996
2009-02-12 01:00:00,1.16085,1.1716,1.1562,1.1617,261270.202825,1.16145
2009-02-11 01:00:00,1.1571,1.1634,1.1513,1.16085,288622.254,1.16072
2009-02-10 01:00:00,1.16765,1.17845,1.15075,1.157,269348.2,1.15672
2009-02-09 01:00:00,1.1608,1.16805,1.1504,1.1677,284735.656,1.16745
2009-02-08 01:00:00,1.16003,1.16185,1.1589,1.1608,12068.2,1.16052
2009-02-07 01:00:00,1.16233,1.16233,1.16233,1.16233,0.0,1.16218
2009-02-06 01:00:00,1.1716,1.17465,1.1594,1.16233,226902.792,1.16218
2009-02-05 01:00:00,1.15825,1.1731,1.15745,1.1716,270990.31994,1.17135
2009-02-04 01:00:00,1.1447,1.16375,1.14145,1.15825,248781.04979,1.158
2009-02-03 01:00:00,1.16245,1.16695,1.14025,1.1447,274713.184,1.14442
2009-02-02 01:00:00,1.16325,1.16865,1.158,1.1624,294811.94,1.1621
2009-02-01 01:00:00,1.16264,1.16475,1.16155,1.1633,6759.8,1.16302
2009-01-31 01:00:00,1.16085,1.16085,1.16085,1.16085,0.0,1.16045
2009-01-30 01:00:00,1.15465,1.1663,1.1517,1.16085,455839.4,1.16045
2009-01-29 01:00:00,1.15275,1.15835,1.1408,1.15465,419444.930458,1.1544
2009-01-28 01:00:00,1.14015,1.15685,1.13315,1.1528,340949.754102,1.1526
2009-01-27 01:00:00,1.13865,1.14375,1.1316,1.14015,325241.133989,1.13995
2009-01-26 01:00:00,1.16215,1.16465,1.13305,1.13865,319268.3,1.13845
2009-01-25 01:00:00,1.15464,1.1633,1.15437,1.16215,9791.8,1.1616
2009-01-24 01:00:00,1.15385,1.15385,1.15385,1.15385,0.0,1.15348
2009-01-23 01:00:00,1.1543,1.1718,1.1531,1.15385,236599.485,1.15348
2009-01-22 01:00:00,1.1544,1.15985,1.151,1.1542,250812.012765,1.15393
2009-01-21 01:00:00,1.14805,1.16185,1.13835,1.1544,277033.447398,1.15432
2009-01-20 01:00:00,1.1326,1.15215,1.132,1.148,293836.358532,1.14778
2009-01-19 01:00:00,1.11715,1.1361,1.11435,1.1326,225022.6,1.13238
2009-01-18 01:00:00,1.11475,1.11775,1.1126,1.11715,9961.8,1.11682
2009-01-17 01:00:00,1.1191,1.1191,1.1191,1.1191,0.0,1.11885
2009-01-16 01:00:00,1.1224,1.12395,1.1111,1.1191,299940.4,1.11885
2009-01-15 01:00:00,1.11525,1.1292,1.1137,1.12235,402119.7,1.12208
2009-01-14 01:00:00,1.1187,1.1243,1.1124,1.1153,285507.5673,1.11502
2009-01-13 01:00:00,1.11525,1.12555,1.11465,1.11875,276437.9473,1.11855
2009-01-12 01:00:00,1.1148,1.1243,1.10985,1.1153,296130.35,1.1151
2009-01-11 01:00:00,1.1132,1.11505,1.1108,1.1148,5514.0,1.11455
2009-01-10 01:00:00,1.11345,1.11345,1.11345,1.11345,0.0,1.11322
2009-01-09 01:00:00,1.0946,1.11915,1.0889,1.11345,255629.6,1.11322
2009-01-08 01:00:00,1.104,1.1087,1.0865,1.09449,311996.367456,1.09417
2009-01-07 01:00:00,1.1166,1.12115,1.087,1.10405,301214.7389,1.1038
2009-01-06 01:00:00,1.10895,1.12805,1.10775,1.1167,339852.640394,1.11635
2009-01-05 01:00:00,1.07145,1.11275,1.0708,1.1087,246575.1,1.1085
2009-01-04 01:00:00,1.08055,1.08255,1.0707,1.07145,10712.2,1.07123
2009-01-03 01:00:00,1.08,1.08,1.08,1.08,0.0,1.07958
2009-01-02 01:00:00,1.0652,1.0849,1.0617,1.08,112624.1,1.07958
2009-01-01 01:00:00,1.0672,1.06865,1.06117,1.0653,15739.9,1.06495
2008-12-31 01:00:00,1.0565,1.0746,1.05425,1.06954,175670.15,1.06861
2008-12-30 01:00:00,1.0575,1.0639,1.0487,1.05655,200866.0,1.05592
2008-12-29 01:00:00,1.0661,1.06725,1.03695,1.0575,202100.88,1.05725
2008-12-28 01:00:00,1.0681,1.0689,1.06529,1.0661,8520.2,1.06577
2008-12-27 01:00:00,1.07155,1.07155,1.07155,1.07155,0.0,1.07068
2008-12-26 01:00:00,1.0787,1.07995,1.06694,1.07155,94733.95,1.07068
2008-12-25 01:00:00,1.07363,1.0799,1.07204,1.0786,220373.75,1.07775
2008-12-24 01:00:00,1.0887,1.0889,1.0716,1.07324,144051.05,1.07312
2008-12-23 01:00:00,1.09363,1.09505,1.08325,1.0888,228343.65,1.0883
2008-12-22 01:00:00,1.1039,1.10445,1.08825,1.09372,376760.5,1.0935
2008-12-21 01:00:00,1.10215,1.10565,1.1021,1.1038,6539.3,1.10358
2008-12-20 01:00:00,1.10348,1.10348,1.10348,1.10348,0.0,1.10326
2008-12-19 01:00:00,1.0796,1.1137,1.07445,1.10348,264169.484,1.10326
2008-12-18 01:00:00,1.07405,1.08705,1.04155,1.0796,280178.646,1.07925
2008-12-17 01:00:00,1.12015,1.12485,1.07134,1.07415,381033.778666,1.07372
2008-12-16 01:00:00,1.15855,1.159,1.1146,1.1203,321298.943,1.12
2008-12-15 01:00:00,1.1731,1.17515,1.156,1.15855,335516.015993,1.15818
2008-12-14 01:00:00,1.1769,1.1785,1.171,1.173,8596.7,1.17265
2008-12-13 01:00:00,1.1773,1.1773,1.1773,1.1773,0.0,1.17707
2008-12-12 01:00:00,1.1858,1.18715,1.1742,1.1773,346969.264,1.17707
2008-12-11 01:00:00,1.19975,1.1998,1.17915,1.18585,341019.208,1.1856
2008-12-10 01:00:00,1.2059,1.20855,1.1928,1.19975,361191.86,1.19943
2008-12-09 01:00:00,1.2065,1.218,1.20085,1.2059,452009.626856,1.20552
2008-12-08 01:00:00,1.2189,1.22055,1.20195,1.2065,327203.76,1.20622
2008-12-07 01:00:00,1.2196,1.22465,1.21845,1.2189,5445.663,1.21833
2008-12-06 01:00:00,1.2207,1.2207,1.2207,1.2207,0.0,1.22043
2008-12-05 01:00:00,1.1961,1.2253,1.19575,1.2207,378598.509355,1.22043
2008-12-04 01:00:00,1.2107,1.21895,1.1927,1.1961,371419.626,1.19577
2008-12-03 01:00:00,1.20695,1.2171,1.20527,1.2107,271824.864335,1.2104
2008-12-02 01:00:00,1.2049,1.20975,1.1996,1.20675,202559.8,1.20652
2008-12-01 01:00:00,1.21345,1.21445,1.2022,1.20495,203158.4,1.20455
2008-11-30 01:00:00,1.21273,1.21595,1.21249,1.21365,5855.8,1.21327
2008-11-29 01:00:00,1.21375,1.21375,1.21375,1.21375,0.0,1.21335
2008-11-28 01:00:00,1.2009,1.2201,1.19615,1.21375,193017.849,1.21335
2008-11-27 01:00:00,1.2028,1.2035,1.19555,1.2007,221294.2,1.2006
2008-11-26 01:00:00,1.18705,1.2081,1.18474,1.20275,328155.5,1.20262
2008-11-25 01:00:00,1.1971,1.2063,1.18325,1.18705,434042.633886,1.18677
2008-11-24 01:00:00,1.21954,1.22264,1.19215,1.1971,351122.47,1.19685
2008-11-23 01:00:00,1.2226,1.22335,1.21885,1.21959,7443.4,1.2192
2008-11-22 01:00:00,1.22186,1.22186,1.22186,1.22186,0.0,1.22164
2008-11-21 01:00:00,1.22615,1.23,1.21754,1.22186,230902.881572,1.22164
2008-11-20 01:00:00,1.2121,1.2286,1.2104,1.22615,185143.4345,1.22573
2008-11-19 01:00:00,1.20215,1.2148,1.1945,1.2121,235768.417,1.21185
2008-11-18 01:00:00,1.199,1.20475,1.1969,1.20198,231246.58,1.20163
2008-11-17 01:00:00,1.1998,1.2006,1.18905,1.19905,260409.80834,1.19872
2008-11-16 01:00:00,1.19994,1.2011,1.19725,1.1998,5626.98,1.19935
2008-11-15 01:00:00,1.1956,1.1956,1.1956,1.1956,0.0,1.19532
2008-11-14 01:00:00,1.18615,1.19965,1.18494,1.1956,262520.229,1.19532
2008-11-13 01:00:00,1.18765,1.20044,1.18285,1.1862,192128.965,1.186
2008-11-12 01:00:00,1.1875,1.1896,1.1764,1.18745,177430.0135,1.18722
2008-11-11 01:00:00,1.17935,1.19,1.17245,1.1876,145991.279237,1.1873
2008-11-10 01:00:00,1.17565,1.18055,1.1715,1.1795,180233.1435,1.1791
2008-11-09 01:00:00,1.17321,1.17805,1.1726,1.17565,5799.378,1.17528
2008-11-08 01:00:00,1.179,1.179,1.179,1.179,0.0,1.17877
2008-11-07 01:00:00,1.17775,1.18005,1.16835,1.179,200426.14231,1.17877
2008-11-06 01:00:00,1.1605,1.18005,1.1588,1.1779,285889.053521,1.17773
2008-11-05 01:00:00,1.1634,1.175,1.1552,1.1605,274520.243038,1.16018
2008-11-04 01:00:00,1.1776,1.18045,1.15685,1.1634,349064.9,1.16315
2008-11-03 01:00:00,1.15576,1.1792,1.1476,1.17765,196785.16,1.17722
2008-11-02 01:00:00,1.1581,1.1586,1.1552,1.15615,3292.4,1.15583
2008-11-01 01:00:00,1.159,1.159,1.159,1.159,0.0,1.15848
2008-10-31 01:00:00,1.1395,1.16865,1.13575,1.159,230042.500488,1.15848
2008-10-30 01:00:00,1.1331,1.1481,1.12075,1.13965,170151.6,1.13923
2008-10-29 01:00:00,1.15145,1.1588,1.12565,1.13304,168495.429377,1.13256
2008-10-25 02:00:00,1.16755,1.16755,1.16755,1.16755,0.0,1.16718
2008-10-24 02:00:00,1.1627,1.175,1.14865,1.16755,4831970.099933,1.16718
2008-10-23 02:00:00,1.1658,1.17005,1.1567,1.1627,7548559.239938,1.16235
2008-10-22 02:00:00,1.15525,1.1715,1.1532,1.1659,7817753.475391,1.16545
2008-10-21 02:00:00,1.1498,1.1593,1.14915,1.15525,6285998.550946,1.1551
2008-10-20 02:00:00,1.1349,1.1526,1.1327,1.1497,4982267.862361,1.1495
2008-10-19 02:00:00,1.13508,1.13725,1.1345,1.1349,469436.122,1.13462
2008-10-18 02:00:00,1.1374,1.1374,1.1374,1.1374,0.0,1.13715
2008-10-17 02:00:00,1.13465,1.13985,1.12945,1.1374,7204742.355765,1.13715
2008-10-16 02:00:00,1.13375,1.14925,1.1284,1.1347,9357193.671653,1.13445
2008-10-15 02:00:00,1.13855,1.1408,1.1299,1.13375,8221481.21092,1.13342
2008-10-14 02:00:00,1.1344,1.1388,1.12745,1.13855,9690835.506,1.13835
2008-10-13 02:00:00,1.13145,1.1443,1.1247,1.13445,7926998.083826,1.13422
2008-10-12 02:00:00,1.13761,1.13761,1.12788,1.13155,485664.312,1.13123
2008-10-11 02:00:00,1.1385,1.1385,1.1385,1.1385,0.0,1.1383
2008-10-10 02:00:00,1.1315,1.14145,1.113,1.1385,10568590.293664,1.1383
2008-10-09 02:00:00,1.12915,1.1344,1.12305,1.1315,13735461.24756,1.1311
2008-10-08 02:00:00,1.14165,1.1434,1.1213,1.1293,8461231.628461,1.12895
2008-10-07 02:00:00,1.1477,1.1486,1.1362,1.14165,203577.0395,1.14142
2008-10-06 02:00:00,1.1296,1.149,1.1291,1.1477,389856.8385,1.1475
2008-10-05 02:00:00,1.12943,1.1382,1.12825,1.1296,50600.084518,1.12948
2008-10-04 02:00:00,1.1292,1.1292,1.1292,1.1292,0.0,1.12902
2008-10-03 02:00:00,1.1347,1.14035,1.12215,1.1292,178902.109974,1.12902
2008-10-02 02:00:00,1.128,1.1415,1.12519,1.13475,197783.58921,1.13445
2008-10-01 02:00:00,1.1193,1.12935,1.11465,1.128,227438.227,1.12785
2008-09-30 02:00:00,1.0942,1.12475,1.0911,1.11955,235938.276,1.1193
2008-09-29 02:00:00,1.0932,1.1088,1.08185,1.0943,316163.279162,1.094
2008-09-28 02:00:00,1.09133,1.09525,1.09133,1.09325,16693.2,1.09308
2008-09-27 02:00:00,1.0904,1.0904,1.0904,1.0904,0.0,1.0903
2008-09-26 02:00:00,1.08535,1.092,1.083,1.0904,159925.88784,1.0903
2008-09-25 02:00:00,1.08825,1.09435,1.0803,1.08535,125908.667125,1.0852
2008-09-24 02:00:00,1.0856,1.09385,1.0805,1.0883,160076.43,1.08805
2008-09-23 02:00:00,1.0746,1.089,1.07285,1.08555,221955.387,1.08528
2008-09-22 02:00:00,1.1026,1.1054,1.0694,1.07445,296215.179966,1.07435
2008-09-21 02:00:00,1.10494,1.10555,1.101,1.1026,17876.0,1.10237
2008-09-20 02:00:00,1.1059,1.1059,1.1059,1.1059,0.0,1.10525
2008-09-19 02:00:00,1.10895,1.1281,1.10085,1.1059,212493.02338,1.10525
2008-09-18 02:00:00,1.1032,1.1111,1.09015,1.1091,640555.656308,1.10895
2008-09-17 02:00:00,1.1225,1.12455,1.0994,1.1032,578066.575186,1.10305
2008-09-16 02:00:00,1.11355,1.12505,1.10495,1.1225,510697.506983,1.12248
2008-09-15 02:00:00,1.1199,1.12805,1.10555,1.11355,593073.627139,1.11328
2008-09-14 02:00:00,1.12961,1.12961,1.11567,1.12005,13547.743,1.11972
2008-09-13 02:00:00,1.1305,1.1305,1.1305,1.1305,0.0,1.13045
2008-09-12 02:00:00,1.1369,1.1403,1.1294,1.1305,320180.645667,1.13045
2008-09-11 02:00:00,1.1393,1.1419,1.1337,1.1369,318751.751367,1.1368
2008-09-10 02:00:00,1.1291,1.1401,1.1243,1.1393,318164.764405,1.13923
2008-09-09 02:00:00,1.1296,1.1366,1.12155,1.1291,448399.453531,1.12895
2008-09-08 02:00:00,1.1189,1.13745,1.11275,1.1296,359573.032749,1.12945
2008-09-07 02:00:00,1.1189,1.1225,1.1158,1.1189,57272.5,1.1188
2008-09-06 02:00:00,1.119,1.119,1.119,1.119,0.0,1.1188
2008-09-05 02:00:00,1.1115,1.11925,1.1068,1.119,487559.294868,1.1188
2008-09-04 02:00:00,1.1054,1.11845,1.1009,1.1115,569948.148044,1.11145
2008-09-03 02:00:00,1.10835,1.1172,1.10425,1.1052,471541.94606,1.1051
2008-09-02 02:00:00,1.1021,1.1132,1.1017,1.10835,453074.572983,1.1082
2008-09-01 02:00:00,1.099,1.10495,1.09505,1.102,329660.04,1.10185
2008-08-31 02:00:00,1.0991,1.10025,1.0967,1.0991,45421.9,1.0988
2008-08-30 02:00:00,1.10155,1.10155,1.10155,1.10155,0.0,1.1014
2008-08-29 02:00:00,1.0989,1.1041,1.09255,1.10155,317289.689,1.1014
2008-08-28 02:00:00,1.0958,1.1014,1.0885,1.0988,490054.850043,1.09868
2008-08-27 02:00:00,1.1003,1.1026,1.09175,1.0958,376579.8744,1.0957
2008-08-26 02:00:00,1.0975,1.10875,1.0974,1.1003,404101.450824,1.10015
2008-08-25 02:00:00,1.0981,1.1034,1.09235,1.0975,217571.89421,1.09735
2008-08-24 02:00:00,1.09876,1.09955,1.0974,1.0981,8962.4,1.098
2008-08-23 02:00:00,1.09865,1.09865,1.09865,1.09865,0.0,1.0985
2008-08-22 02:00:00,1.08755,1.1,1.0865,1.09865,336242.95131,1.0985
2008-08-21 02:00:00,1.0983,1.0985,1.08445,1.0874,343704.041495,1.0873
2008-08-20 02:00:00,1.0911,1.10435,1.0904,1.0983,300811.818915,1.09815
2008-08-19 02:00:00,1.0972,1.10345,1.0898,1.0911,242576.496601,1.091
2008-08-18 02:00:00,1.0967,1.1005,1.0913,1.0972,214530.12498,1.0971
2008-08-17 02:00:00,1.0974,1.09765,1.0954,1.0967,9413.6,1.0965
2008-08-16 02:00:00,1.0963,1.0963,1.0963,1.0963,0.0,1.09605
2008-08-15 02:00:00,1.0968,1.10095,1.0945,1.0963,174111.063681,1.09605
2008-08-14 02:00:00,1.08605,1.0982,1.08375,1.0967,303550.042654,1.0966
2008-08-13 02:00:00,1.08815,1.0923,1.0825,1.08605,304415.0702,1.08597
2008-08-12 02:00:00,1.08615,1.0927,1.08305,1.088,282288.967401,1.08785
2008-08-11 02:00:00,1.08385,1.0885,1.07435,1.08615,297775.2524,1.08597
2008-08-10 02:00:00,1.08517,1.0867,1.0822,1.084,22343.6,1.0839
2008-08-09 02:00:00,1.0825,1.0825,1.0825,1.0825,0.0,1.08232
2008-08-08 02:00:00,1.0626,1.08385,1.0623,1.0825,330833.189336,1.08232
2008-08-07 02:00:00,1.059,1.0641,1.0524,1.0626,240915.838247,1.06242
2008-08-06 02:00:00,1.0539,1.0611,1.0503,1.059,193148.411903,1.0589
2008-08-05 02:00:00,1.049,1.056,1.0488,1.0539,278227.187838,1.05375
2008-08-04 02:00:00,1.0489,1.0508,1.0435,1.049,178117.524253,1.04885
2008-08-03 02:00:00,1.04956,1.0499,1.0479,1.0489,6880.3,1.04875
2008-08-02 02:00:00,1.0498,1.0498,1.0498,1.0498,0.0,1.04965
2008-08-01 02:00:00,1.0482,1.0518,1.0461,1.0498,225378.781899,1.04965
2008-07-31 02:00:00,1.0483,1.0498,1.0404,1.04825,155828.883881,1.04812
2008-07-30 02:00:00,1.0457,1.0523,1.0442,1.04825,191490.594788,1.04812
2008-07-29 02:00:00,1.0334,1.04805,1.03185,1.0457,188152.0917,1.04555
2008-07-28 02:00:00,1.038,1.039,1.0326,1.0334,199682.3611,1.0333
2008-07-27 02:00:00,1.03618,1.0385,1.03605,1.038,9525.0,1.03785
2008-07-26 02:00:00,1.03645,1.03645,1.03645,1.03645,0.0,1.03628
2008-07-25 02:00:00,1.0359,1.04095,1.0317,1.03645,208926.524,1.03628
2008-07-24 02:00:00,1.0387,1.0406,1.0352,1.0359,201217.227284,1.0358
2008-07-23 02:00:00,1.0308,1.0401,1.0292,1.0387,224317.031502,1.0386
2008-07-22 02:00:00,1.0182,1.0336,1.01385,1.0308,240045.608,1.03065
2008-07-21 02:00:00,1.02245,1.02435,1.0169,1.0182,180364.1575,1.01802
2008-07-20 02:00:00,1.0233,1.02365,1.0223,1.0225,6510.8375,1.02235
2008-07-19 02:00:00,1.023,1.023,1.023,1.023,0.0,1.0225
2008-07-18 02:00:00,1.02,1.0253,1.0175,1.023,263562.091952,1.0225
2008-07-17 02:00:00,1.0177,1.026,1.0136,1.02,222418.123,1.0199
2008-07-16 02:00:00,1.0093,1.01895,1.003,1.0178,261116.78,1.01765
2008-07-15 02:00:00,1.0173,1.01745,1.0012,1.0093,342175.616082,1.00915
2008-07-14 02:00:00,1.0195,1.02525,1.01455,1.0173,273848.5731,1.0172
2008-07-13 02:00:00,1.01547,1.02025,1.01304,1.0195,31224.8,1.0193
2008-07-12 02:00:00,1.01635,1.01635,1.01635,1.01635,0.0,1.01618
2008-07-11 02:00:00,1.0277,1.03055,1.0138,1.01635,262180.39236,1.01618
2008-07-10 02:00:00,1.02905,1.0339,1.02545,1.0278,287203.754792,1.02765
2008-07-09 02:00:00,1.0337,1.03545,1.0278,1.02905,322935.161807,1.02902
2008-07-08 02:00:00,1.0262,1.035,1.022,1.0337,398351.9278,1.0336
2008-07-07 02:00:00,1.0257,1.0344,1.02265,1.0262,305659.625,1.0261
2008-07-06 02:00:00,1.02491,1.02635,1.02456,1.0257,14280.2,1.02555
2008-07-05 02:00:00,1.02553,1.02553,1.02553,1.02553,0.0,1.0255
2008-07-04 02:00:00,1.0269,1.02785,1.0234,1.02553,189434.615756,1.0255
2008-07-03 02:00:00,1.0141,1.0284,1.0113,1.0269,340503.720732,1.02675
2008-07-02 02:00:00,1.0209,1.02335,1.0132,1.0141,359464.96905,1.01395
2008-07-01 02:00:00,1.0207,1.0229,1.01395,1.0209,361150.662571,1.0208
2008-06-30 02:00:00,1.0185,1.0218,1.01315,1.0207,456539.265036,1.0206
2008-06-29 02:00:00,1.01855,1.0204,1.01788,1.0185,13461.7,1.01835
2008-06-28 02:00:00,1.01865,1.01865,1.01865,1.01865,0.0,1.0185
2008-06-27 02:00:00,1.0233,1.02705,1.0166,1.01865,260732.72105,1.0185
2008-06-26 02:00:00,1.03585,1.0392,1.0221,1.0233,419596.618024,1.02315
2008-06-25 02:00:00,1.04125,1.0449,1.0342,1.03585,402749.080068,1.03562
2008-06-24 02:00:00,1.0452,1.0472,1.035,1.04102,190903.793495,1.04097
2008-06-23 02:00:00,1.0368,1.0494,1.0344,1.0452,274219.090974,1.04515
2008-06-22 02:00:00,1.03486,1.0373,1.03306,1.0368,17099.9,1.0367
2008-06-21 02:00:00,1.036,1.036,1.036,1.036,0.0,1.03582
2008-06-20 02:00:00,1.0444,1.04485,1.03055,1.036,318932.9,1.03582
2008-06-19 02:00:00,1.0356,1.04755,1.03215,1.0444,355393.9,1.04425
2008-06-18 02:00:00,1.0412,1.0469,1.0351,1.0356,357413.482,1.03545
2008-06-17 02:00:00,1.045,1.0459,1.0378,1.0412,393352.295,1.04105
2008-06-16 02:00:00,1.0473,1.0521,1.03805,1.045,346491.525,1.0448
2008-06-15 02:00:00,1.04507,1.0479,1.04445,1.0473,13556.0,1.0471
2008-06-14 02:00:00,1.0471,1.0471,1.0471,1.0471,0.0,1.0469
2008-06-13 02:00:00,1.041,1.05415,1.0399,1.0471,208079.234132,1.0469
2008-06-12 02:00:00,1.0306,1.0492,1.03045,1.041,392526.70495,1.04075
2008-06-11 02:00:00,1.0431,1.0449,1.0305,1.0306,130016.944452,1.0304
2008-06-10 02:00:00,1.0274,1.044,1.0274,1.0431,179506.146374,1.04303
2008-06-09 02:00:00,1.0176,1.0298,1.015,1.0274,129025.082996,1.0273
2008-06-08 02:00:00,1.01845,1.0187,1.0167,1.0175,14347.9,1.01735
2008-06-07 02:00:00,1.0189,1.0189,1.0189,1.0189,0.0,1.01883
2008-06-06 02:00:00,1.0381,1.04095,1.01869,1.0189,65646.718105,1.01883
2008-06-05 02:00:00,1.0425,1.0523,1.03535,1.0381,67802.208588,1.03795
2008-06-04 02:00:00,1.0411,1.0447,1.0363,1.04255,78755.204245,1.04232
2008-06-03 02:00:00,1.0367,1.04915,1.0274,1.0411,125443.95875,1.04102
2008-06-02 02:00:00,1.0424,1.0449,1.0325,1.03648,161508.997688,1.03643
2008-06-01 02:00:00,1.04125,1.0435,1.04065,1.0424,4929.99808,1.0423
2008-05-31 02:00:00,1.04245,1.04245,1.04245,1.04245,0.0,1.04235
2008-05-30 02:00:00,1.0497,1.0528,1.0415,1.04245,139968.18932,1.04235
2008-05-29 02:00:00,1.0373,1.05255,1.0371,1.0497,103348.884851,1.04962
2008-05-28 02:00:00,1.0338,1.0425,1.0261,1.0373,400911.927899,1.0372
2008-05-27 02:00:00,1.0244,1.0358,1.0225,1.0338,121012.633468,1.0337
2008-05-26 02:00:00,1.0239,1.02795,1.02345,1.0244,141076.81563,1.02435
2008-05-25 02:00:00,1.02444,1.0264,1.02323,1.0239,20194.7,1.02375
2008-05-24 02:00:00,1.02375,1.02375,1.02375,1.02375,0.0,1.02362
2008-05-23 02:00:00,1.0305,1.0337,1.0217,1.02375,469021.467703,1.02362
2008-05-22 02:00:00,1.0258,1.03555,1.0235,1.0305,217367.28,1.03038
2008-05-21 02:00:00,1.03715,1.03945,1.02413,1.02585,260708.232,1.02577
2008-05-20 02:00:00,1.0524,1.0538,1.0358,1.03715,163578.963638,1.03698
2008-05-19 02:00:00,1.0482,1.0574,1.04155,1.05208,201006.357335,1.05203
2008-05-18 02:00:00,1.04681,1.04885,1.0448,1.0481,21286.15,1.04795
2008-05-17 02:00:00,1.0479,1.0479,1.0479,1.0479,0.0,1.0476
2008-05-16 02:00:00,1.05665,1.0589,1.0433,1.0479,180955.817409,1.0476
2008-05-15 02:00:00,1.0554,1.05955,1.04865,1.0566,180898.209652,1.05645
2008-05-14 02:00:00,1.05245,1.06015,1.0514,1.0554,82812.840099,1.05525
2008-05-13 02:00:00,1.0451,1.05575,1.04195,1.05245,98802.665494,1.05233
2008-05-12 02:00:00,1.0419,1.0514,1.0409,1.0451,271502.193521,1.04495
2008-05-11 02:00:00,1.04187,1.0451,1.04106,1.04195,20506.65,1.04172
2008-05-10 02:00:00,1.0413,1.0413,1.0413,1.0413,0.0,1.04105
2008-05-09 02:00:00,1.05095,1.0511,1.0391,1.0413,165379.980222,1.04105
2008-05-08 02:00:00,1.0584,1.0629,1.04825,1.05095,265157.444019,1.05072
2008-05-07 02:00:00,1.0528,1.05945,1.0519,1.0584,250417.118087,1.0583
2008-05-06 02:00:00,1.053,1.0552,1.0429,1.0528,611401.0,1.0526
2008-05-05 02:00:00,1.05535,1.05985,1.0511,1.0529,257629.021723,1.05275
2008-05-04 02:00:00,1.0562,1.0564,1.055,1.0556,16384.6,1.0554
2008-05-03 02:00:00,1.0576,1.0576,1.0576,1.0576,0.0,1.05725
2008-05-02 02:00:00,1.0478,1.06105,1.04665,1.0576,331648.946813,1.05725
2008-05-01 02:00:00,1.0351,1.05105,1.0334,1.04773,262814.476584,1.04753
2008-04-30 02:00:00,1.03675,1.04455,1.03295,1.0351,200832.311889,1.03495
2008-04-29 02:00:00,1.034,1.04,1.0317,1.03675,192392.686675,1.03658
2008-04-28 02:00:00,1.0363,1.037,1.03,1.034,180510.033548,1.0338
2008-04-27 02:00:00,1.03493,1.037,1.03383,1.0363,35758.4,1.03615
2008-04-26 02:00:00,1.0348,1.0348,1.0348,1.0348,0.0,1.0344
2008-04-25 02:00:00,1.0357,1.04325,1.0302,1.0348,456994.566224,1.0344
2008-04-24 02:00:00,1.0159,1.03865,1.0154,1.0357,1065929.057222,1.0356
2008-04-23 02:00:00,1.0039,1.01725,1.0024,1.0159,1310571.41,1.01582
2008-04-22 02:00:00,1.0088,1.0132,0.9999,1.0039,654648.396,1.0037
2008-04-21 02:00:00,1.0187,1.0207,1.00655,1.0088,1075312.487864,1.00855
2008-04-20 02:00:00,1.01828,1.0195,1.017,1.0187,229202.4,1.0185
2008-04-19 02:00:00,1.0184,1.0184,1.0184,1.0184,0.0,1.01805
2008-04-18 02:00:00,1.0058,1.02855,1.004,1.0184,503668.070221,1.01805
2008-04-17 02:00:00,0.9995,1.0095,0.99605,1.0058,486345.57585,1.0056
2008-04-16 02:00:00,1.0083,1.0089,0.9941,0.9995,327050.97455,0.99945
2008-04-15 02:00:00,1.0003,1.0112,0.9957,1.0083,302228.869782,1.00815
2008-04-14 02:00:00,1.0056,1.00755,0.99265,1.0003,320208.122048,1.00015
2008-04-13 02:00:00,1.0059,1.0079,1.0051,1.0056,59292.1,1.0054
2008-04-12 02:00:00,1.0007,1.0007,1.0007,1.0007,0.0,1.0003
2008-04-11 02:00:00,1.0071,1.00915,0.99675,1.0007,261240.761,1.0003
2008-04-10 02:00:00,1.0027,1.0089,0.98895,1.0072,428794.608456,1.007
2008-04-09 02:00:00,1.0159,1.016,0.9976,1.0027,836221.35162,1.0025
2008-04-08 02:00:00,1.0134,1.017,1.0067,1.0159,1029158.378583,1.01575
2008-04-07 02:00:00,1.0065,1.01745,1.0065,1.0134,737995.302852,1.01325
2008-04-06 02:00:00,1.00578,1.0076,1.0053,1.0065,248189.5,1.0062
2008-04-05 02:00:00,1.00595,1.00595,1.00595,1.00595,0.0,1.00568
2008-04-04 02:00:00,1.0118,1.01325,1.0016,1.00595,670980.19797,1.00568
2008-04-03 02:00:00,1.0088,1.0219,1.00725,1.0118,1092001.251746,1.01165
2008-04-02 02:00:00,1.0113,1.0166,1.007,1.0088,1249615.554365,1.00855
2008-04-01 02:00:00,0.9947,1.01415,0.99315,1.0113,1146213.411852,1.0111
2008-03-31 02:00:00,0.99785,0.99955,0.98715,0.9947,1156545.864361,0.99458
2008-03-30 01:00:00,0.99394,0.99825,0.9914,0.99785,149646.5,0.9977
2008-03-29 01:00:00,0.9955,0.9955,0.9955,0.9955,0.0,0.995
2008-03-28 01:00:00,0.9924,0.9998,0.992,0.9955,737465.755055,0.995
2008-03-27 01:00:00,0.99215,0.999,0.9891,0.9924,641234.593862,0.9922
2008-03-26 01:00:00,1.009,1.0117,0.98825,0.99215,1547827.318014,0.99195
2008-03-25 01:00:00,1.0195,1.0224,1.004,1.009,798689.399866,1.00875
2008-03-24 01:00:00,1.0125,1.0251,1.0123,1.0195,1209362.615776,1.0192
2008-03-23 01:00:00,1.00915,1.0129,1.00909,1.0125,347573.5,1.01233
2008-03-22 01:00:00,1.01,1.01,1.01,1.01,0.0,1.00925
2008-03-21 01:00:00,1.0073,1.011,1.0068,1.01,1404636.1,1.00925
2008-03-20 01:00:00,0.9972,1.01705,0.9967,1.0073,1308609.063263,1.00705
2008-03-19 01:00:00,0.99955,1.00305,0.98695,0.9972,1394175.88795,0.99685
2008-03-18 01:00:00,0.9846,1.0055,0.9789,0.99955,954679.884158,0.9995
2008-03-17 01:00:00,0.9888,0.9903,0.9642,0.9848,1304477.266433,0.9844
2008-03-16 01:00:00,0.99712,0.99724,0.9867,0.9888,131402.1,0.9885
2008-03-15 01:00:00,0.99875,0.99875,0.99875,0.99875,0.0,0.99818
2008-03-14 01:00:00,1.0107,1.0145,0.9973,0.99875,1049995.73067,0.99818
2008-03-13 01:00:00,1.01485,1.01685,1.00455,1.0107,752884.335466,1.01045
2008-03-12 01:00:00,1.03275,1.033,1.0128,1.01485,1521007.647945,1.0147
2008-03-11 01:00:00,1.01915,1.03555,1.01495,1.03275,601842.774241,1.03258
2008-03-10 01:00:00,1.0203,1.0258,1.0173,1.01915,570835.3,1.01898
2008-03-09 01:00:00,1.02317,1.02385,1.0191,1.0203,112970.3,1.0202
2008-03-08 01:00:00,1.02508,1.02508,1.02508,1.02508,0.0,1.02498
2008-03-07 01:00:00,1.02245,1.0286,1.0134,1.02508,430725.039757,1.02498
2008-03-06 01:00:00,1.0364,1.0384,1.0211,1.02245,736379.266912,1.0223
2008-03-05 01:00:00,1.03955,1.04295,1.0336,1.0364,841706.30531,1.03635
2008-03-04 01:00:00,1.04125,1.04295,1.0337,1.03955,889170.387326,1.0394
2008-03-03 01:00:00,1.0338,1.04585,1.031,1.04125,441017.43174,1.04115
2008-03-02 01:00:00,1.03968,1.0403,1.0323,1.0338,17785.9,1.03365
2008-03-01 01:00:00,1.04116,1.04116,1.04116,1.04116,0.0,1.04106
2008-02-29 01:00:00,1.05135,1.0529,1.04023,1.04116,829849.366312,1.04106
2008-02-28 01:00:00,1.0632,1.06455,1.0485,1.05135,884339.691021,1.0512
2008-02-27 01:00:00,1.0759,1.0765,1.0612,1.0632,1325535.100772,1.06308
2008-02-26 01:00:00,1.089,1.09185,1.0707,1.0759,1048154.786351,1.07575
2008-02-25 01:00:00,1.08585,1.09305,1.08565,1.089,491642.309836,1.08885
2008-02-24 01:00:00,1.08502,1.08635,1.08484,1.08585,8764.1,1.0857
2008-02-23 01:00:00,1.08514,1.08514,1.08514,1.08514,0.0,1.08504
2008-02-22 01:00:00,1.0904,1.09195,1.08365,1.08514,154021.548291,1.08504
2008-02-21 01:00:00,1.0987,1.10345,1.08665,1.0904,206955.790324,1.09025
2008-02-20 01:00:00,1.0946,1.10265,1.09365,1.0987,436492.878133,1.0985
2008-02-19 01:00:00,1.102,1.10275,1.09105,1.0946,390578.885082,1.09448
2008-02-18 01:00:00,1.09385,1.1047,1.0933,1.102,153018.9906,1.10188
2008-02-17 01:00:00,1.09347,1.095,1.09332,1.09385,47406.5,1.0937
2008-02-16 01:00:00,1.09301,1.09301,1.09301,1.09301,0.0,1.09289
2008-02-15 01:00:00,1.0975,1.0988,1.0887,1.09301,126232.939146,1.09289
2008-02-14 01:00:00,1.10845,1.1099,1.0958,1.0975,155899.326029,1.09738
2008-02-13 01:00:00,1.1021,1.1108,1.1013,1.10845,195250.785696,1.1083
2008-02-12 01:00:00,1.1024,1.10425,1.09815,1.1021,227295.448624,1.10205
2008-02-11 01:00:00,1.10245,1.10475,1.0948,1.1024,128972.425863,1.10228
2008-02-10 01:00:00,1.10217,1.10345,1.1016,1.10245,12608.8,1.1023
2008-02-09 01:00:00,1.10309,1.10309,1.10309,1.10309,0.0,1.10297
2008-02-08 01:00:00,1.10385,1.1082,1.101,1.10309,184789.45,1.10297
2008-02-07 01:00:00,1.0977,1.11045,1.0934,1.10385,300276.454447,1.10355
2008-02-06 01:00:00,1.0995,1.1005,1.0952,1.0977,558456.075095,1.09738
2008-02-05 01:00:00,1.0885,1.1059,1.0878,1.0995,510218.659619,1.09932
2008-02-04 01:00:00,1.08845,1.0926,1.08645,1.0884,551323.800553,1.08825
2008-02-03 01:00:00,1.0889,1.09,1.08825,1.08845,71875.8,1.08825
2008-02-02 01:00:00,1.08933,1.08933,1.08933,1.08933,0.0,1.08913
2008-02-01 01:00:00,1.08105,1.09014,1.07315,1.08933,519821.499574,1.08913
2008-01-31 01:00:00,1.08455,1.08605,1.07595,1.08105,745918.178145,1.0809
2008-01-30 01:00:00,1.0939,1.09515,1.0815,1.08455,869293.829827,1.08447
2008-01-29 01:00:00,1.09005,1.09625,1.08865,1.0939,822780.251728,1.09388
2008-01-28 01:00:00,1.09495,1.0969,1.08735,1.09005,1114940.309717,1.08982
2008-01-27 01:00:00,1.0962,1.0965,1.0939,1.0951,48956.1,1.0949
2008-01-26 01:00:00,1.09663,1.09663,1.09663,1.09663,0.0,1.0965
2008-01-25 01:00:00,1.087,1.09905,1.0869,1.09663,954760.278541,1.0965
2008-01-24 01:00:00,1.09215,1.0939,1.0848,1.087,887697.05063,1.08685
2008-01-23 01:00:00,1.0972,1.09915,1.0872,1.09215,1103920.526834,1.0919
2008-01-22 01:00:00,1.1105,1.1124,1.0916,1.0972,1167991.507716,1.09705
2008-01-21 01:00:00,1.10135,1.11125,1.1,1.1105,827574.397267,1.1104
2008-01-20 01:00:00,1.09959,1.10175,1.09909,1.10135,27467.1,1.10108
2008-01-19 01:00:00,1.0985,1.0985,1.0985,1.0985,0.0,1.09835
2008-01-18 01:00:00,1.10105,1.1065,1.09776,1.0985,688712.337141,1.09835
2008-01-17 01:00:00,1.0992,1.10885,1.09545,1.10105,755026.396518,1.10088
2008-01-16 01:00:00,1.0915,1.10255,1.08385,1.0992,1002877.44294,1.09905
2008-01-15 01:00:00,1.0934,1.0951,1.0855,1.0915,953611.535612,1.09128
2008-01-14 01:00:00,1.0998,1.10145,1.08865,1.0934,1493096.689741,1.0932
2008-01-13 01:00:00,1.10077,1.1011,1.0986,1.0998,125346.2,1.09968
2008-01-12 01:00:00,1.1014,1.1014,1.1014,1.1014,0.0,1.10125
2008-01-11 01:00:00,1.1048,1.10515,1.0979,1.1014,1681491.70001,1.10125
2008-01-10 01:00:00,1.1166,1.11705,1.10065,1.1048,1178005.179747,1.10465
2008-01-09 01:00:00,1.1125,1.1176,1.1105,1.11665,891952.797928,1.1165
2008-01-08 01:00:00,1.1182,1.1193,1.1116,1.11255,774193.981981,1.1124
2008-01-07 01:00:00,1.10745,1.11925,1.10735,1.1182,756700.087685,1.11805
2008-01-06 01:00:00,1.108,1.10815,1.107,1.10745,39066.9,1.10732
2008-01-05 01:00:00,1.1085,1.1085,1.1085,1.1085,0.0,1.1082
2008-01-04 01:00:00,1.1118,1.11635,1.102,1.1085,969481.051022,1.1082
2008-01-03 01:00:00,1.11975,1.1203,1.1106,1.1119,425637.189777,1.1117
2008-01-02 01:00:00,1.1318,1.13365,1.115,1.1198,810295.221302,1.11955
2008-01-01 01:00:00,1.13265,1.13493,1.1315,1.1318,65822.67857,1.13165
2007-12-31 01:00:00,1.1258,1.13717,1.12275,1.1327,415223.665105,1.1325
2007-12-30 01:00:00,1.1283,1.1297,1.1257,1.1258,15563.9,1.1257
2007-12-29 01:00:00,1.12594,1.12594,1.12594,1.12594,0.0,1.12569
2007-12-28 01:00:00,1.14045,1.14155,1.12585,1.12594,448553.485985,1.12569
2007-12-27 01:00:00,1.15155,1.15295,1.1374,1.14045,667606.651945,1.1403
2007-12-26 01:00:00,1.1589,1.15937,1.1494,1.15155,487733.25605,1.15125
2007-12-25 01:00:00,1.15689,1.16265,1.12412,1.15871,456604.596213,1.15861
2007-12-24 01:00:00,1.15595,1.15822,1.154,1.15676,214653.449175,1.15651
2007-12-23 01:00:00,1.15598,1.1565,1.15504,1.15595,22158.95737,1.15572
2007-12-22 01:00:00,1.15473,1.15473,1.15473,1.15473,0.0,1.15458
2007-12-21 01:00:00,1.15865,1.15875,1.1515,1.15473,467479.827533,1.15458
2007-12-20 01:00:00,1.155,1.1598,1.15447,1.15865,689623.255063,1.15842
2007-12-19 01:00:00,1.1517,1.15885,1.15137,1.15505,671877.156092,1.1549
2007-12-18 01:00:00,1.1497,1.15365,1.14915,1.1517,522539.942986,1.15155
2007-12-17 01:00:00,1.15485,1.1576,1.1479,1.14965,664033.950351,1.14958
2007-12-16 01:00:00,1.15626,1.1573,1.1545,1.15485,24864.3,1.15477
2007-12-15 01:00:00,1.15302,1.15302,1.15302,1.15302,0.0,1.15282
2007-12-14 01:00:00,1.1416,1.15495,1.14035,1.15302,637481.534884,1.15282
2007-12-13 01:00:00,1.1346,1.14515,1.1299,1.1418,662964.35612,1.1417
2007-12-12 01:00:00,1.13015,1.1403,1.12755,1.1346,1109264.85768,1.13432
2007-12-11 01:00:00,1.1286,1.13635,1.1256,1.13015,815339.083142,1.13002
2007-12-10 01:00:00,1.1284,1.1304,1.1236,1.1286,625586.003612,1.1284
2007-12-09 01:00:00,1.12805,1.12905,1.12759,1.1284,51035.5,1.12808
2007-12-08 01:00:00,1.12793,1.12793,1.12793,1.12793,0.0,1.12773
2007-12-07 01:00:00,1.12835,1.1335,1.12785,1.12793,849687.173678,1.12773
2007-12-06 01:00:00,1.12905,1.1354,1.1267,1.12835,864606.134418,1.1282
2007-12-05 01:00:00,1.1174,1.1291,1.11555,1.12905,897667.160903,1.1289
2007-12-04 01:00:00,1.1275,1.1321,1.1162,1.1174,902112.814437,1.11725
2007-12-03 01:00:00,1.1295,1.13075,1.1252,1.1275,833283.580682,1.1273
2007-12-02 01:00:00,1.1311,1.1316,1.12895,1.12945,47827.6,1.12922
2007-12-01 01:00:00,1.13198,1.13198,1.13198,1.13198,0.0,1.13183
2007-11-30 01:00:00,1.11715,1.13287,1.1163,1.13198,734358.437651,1.13183
2007-11-29 01:00:00,1.11115,1.121,1.11065,1.11715,733562.705407,1.11705
2007-11-28 01:00:00,1.10555,1.11965,1.10435,1.11115,889102.845473,1.11098
2007-11-27 01:00:00,1.09725,1.10705,1.0956,1.10555,1035606.984649,1.10538
2007-11-26 01:00:00,1.1038,1.10735,1.09565,1.0973,882442.629408,1.0971
2007-11-25 01:00:00,1.10359,1.1042,1.1033,1.1038,63278.9,1.10363
2007-11-24 01:00:00,1.10258,1.10258,1.10258,1.10258,0.0,1.10221
2007-11-23 01:00:00,1.1012,1.105,1.08905,1.10258,948271.015322,1.10221
2007-11-22 01:00:00,1.10195,1.10415,1.1005,1.1012,651034.588896,1.10105
2007-11-21 01:00:00,1.1063,1.10805,1.10165,1.10195,933004.267101,1.1018
2007-11-20 01:00:00,1.1151,1.11765,1.1056,1.1063,1563423.723902,1.1062
2007-11-19 01:00:00,1.1172,1.1203,1.115,1.1151,1401075.605273,1.11495
2007-11-18 01:00:00,1.11698,1.11775,1.1166,1.1173,31637.8,1.11718
2007-11-17 01:00:00,1.11735,1.11735,1.11735,1.11735,0.0,1.11728
2007-11-16 01:00:00,1.1228,1.12485,1.11605,1.11735,2818612.45398,1.11728
2007-11-15 01:00:00,1.1234,1.12635,1.12,1.1228,3129807.132619,1.12268
2007-11-14 01:00:00,1.12615,1.12655,1.1178,1.1234,2734201.254914,1.12325
2007-11-13 01:00:00,1.1298,1.1299,1.1229,1.12615,1550753.53304,1.12598
2007-11-12 01:00:00,1.123,1.13015,1.12215,1.1298,1360604.3032,1.1296
2007-11-11 01:00:00,1.12247,1.1246,1.122,1.123,34971.5,1.12285
2007-11-10 01:00:00,1.12244,1.12244,1.12244,1.12244,0.0,1.12229
2007-11-09 01:00:00,1.12755,1.1276,1.1189,1.12244,1350991.879344,1.12229
2007-11-08 01:00:00,1.1345,1.13455,1.1254,1.12755,1202656.25232,1.12738
2007-11-07 01:00:00,1.1443,1.14505,1.12585,1.1345,1248601.892338,1.13422
2007-11-06 01:00:00,1.1534,1.1544,1.1423,1.1443,1389620.491966,1.14412
2007-11-05 01:00:00,1.1523,1.1559,1.15115,1.1534,2397121.377669,1.15327
2007-11-04 01:00:00,1.15316,1.1541,1.15105,1.1523,209544.94859,1.15212
2007-11-03 01:00:00,1.15475,1.15475,1.15475,1.15475,0.0,1.15425
2007-11-02 01:00:00,1.15745,1.1583,1.14935,1.15475,2620541.68422,1.15425
2007-11-01 01:00:00,1.1595,1.164,1.15565,1.15745,3159984.316697,1.15738
2007-10-31 01:00:00,1.15875,1.1628,1.1558,1.1595,3259226.955718,1.15937
2007-10-30 01:00:00,1.16525,1.1672,1.1577,1.15875,3144089.631027,1.15862
2007-10-27 02:00:00,1.16445,1.16445,1.16445,1.16445,0.0,1.1642
2007-10-26 02:00:00,1.1658,1.16665,1.1621,1.16445,2616301.533705,1.1642
2007-10-25 02:00:00,1.1725,1.17375,1.1636,1.16575,3176293.454202,1.16565
2007-10-24 02:00:00,1.1738,1.1776,1.171,1.1725,2895513.604641,1.17248
2007-10-23 02:00:00,1.1773,1.1781,1.1703,1.1738,2289917.564903,1.17368
2007-10-22 02:00:00,1.1615,1.17875,1.16095,1.1773,1485342.312411,1.1772
2007-10-21 02:00:00,1.1638,1.1639,1.1603,1.1615,145919.1,1.16125
2007-10-20 02:00:00,1.16655,1.16655,1.16655,1.16655,0.0,1.1662
2007-10-19 02:00:00,1.1701,1.17375,1.16575,1.16655,1507204.714522,1.1662
2007-10-18 02:00:00,1.1794,1.18035,1.1663,1.1701,1319110.656159,1.17
2007-10-17 02:00:00,1.1824,1.18325,1.1779,1.1794,1299799.625111,1.17932
2007-10-16 02:00:00,1.18165,1.1847,1.1789,1.1824,2274512.370923,1.18228
2007-10-15 02:00:00,1.185,1.18605,1.1779,1.1817,2888683.359886,1.1816
2007-10-14 02:00:00,1.1848,1.1853,1.18354,1.185,113494.45,1.18485
2007-10-13 02:00:00,1.1849,1.1849,1.1849,1.1849,0.0,1.18465
2007-10-12 02:00:00,1.18265,1.188,1.1806,1.1849,2095269.423753,1.18465
2007-10-11 02:00:00,1.18405,1.18455,1.1771,1.18265,2268779.935192,1.18248
2007-10-10 02:00:00,1.1832,1.1848,1.1787,1.18405,2042461.778198,1.18398
2007-10-09 02:00:00,1.1866,1.1895,1.1826,1.1832,1709044.4928,1.1831
2007-10-08 02:00:00,1.1767,1.1872,1.1766,1.1866,1410773.602,1.1865
2007-10-07 02:00:00,1.17755,1.1778,1.1762,1.1767,41230.2,1.1766
2007-10-06 02:00:00,1.1786,1.1786,1.1786,1.1786,0.0,1.1784
2007-10-05 02:00:00,1.1745,1.1857,1.1745,1.1786,1704072.112223,1.1784
2007-10-04 02:00:00,1.1794,1.1815,1.17383,1.1745,1500334.91,1.17445
2007-10-03 02:00:00,1.17535,1.1811,1.17135,1.1794,1226455.727328,1.17935
2007-10-02 02:00:00,1.1686,1.178,1.16775,1.17535,1182434.829868,1.17525
2007-10-01 02:00:00,1.1629,1.17205,1.1627,1.16857,1214942.639881,1.16852
2007-09-30 02:00:00,1.16254,1.16345,1.1621,1.1629,57721.2,1.1628
2007-09-29 02:00:00,1.1639,1.1639,1.1639,1.1639,0.0,1.1637
2007-09-28 02:00:00,1.17285,1.1733,1.1626,1.1639,1584538.405127,1.1637
2007-09-27 02:00:00,1.17005,1.1743,1.16775,1.17285,1548113.262741,1.17272
2007-09-26 02:00:00,1.1662,1.17215,1.1655,1.17005,1603531.163914,1.16998
2007-09-25 02:00:00,1.17345,1.17475,1.1639,1.1662,1800669.284238,1.16608
2007-09-24 02:00:00,1.1717,1.1758,1.1689,1.1735,1421768.32,1.1734
2007-09-23 02:00:00,1.1724,1.17242,1.17155,1.1717,32112.0,1.1716
2007-09-22 02:00:00,1.173,1.173,1.173,1.173,0.0,1.17265
2007-09-21 02:00:00,1.1724,1.1773,1.1679,1.173,1709746.553933,1.17265
2007-09-20 02:00:00,1.1827,1.18295,1.16875,1.1724,1966635.567764,1.1723
2007-09-19 02:00:00,1.1815,1.188,1.1798,1.1827,1832262.03164,1.1826
2007-09-18 02:00:00,1.1873,1.1896,1.1794,1.1815,1553280.670968,1.1814
2007-09-17 02:00:00,1.1897,1.1901,1.185,1.1873,1372872.0,1.1872
2007-09-16 02:00:00,1.1894,1.1906,1.1883,1.1897,26564.1,1.1896
2007-09-15 02:00:00,1.1897,1.1897,1.1897,1.1897,0.0,1.1894
2007-09-14 02:00:00,1.18505,1.19245,1.184,1.1897,1876111.140537,1.1894
2007-09-13 02:00:00,1.1855,1.1891,1.1803,1.18505,1942325.401944,1.18478
2007-09-12 02:00:00,1.189,1.1898,1.1819,1.1854,2085978.963135,1.1853
2007-09-11 02:00:00,1.1868,1.19005,1.1839,1.18905,2106746.933232,1.18892
2007-09-10 02:00:00,1.1864,1.1881,1.1842,1.1868,1130741.366236,1.18675
2007-09-09 02:00:00,1.18788,1.1882,1.18556,1.1864,44437.4,1.18618
2007-09-08 02:00:00,1.1889,1.1889,1.1889,1.1889,0.0,1.18865
2007-09-07 02:00:00,1.2013,1.20286,1.1862,1.1889,1944973.632207,1.18865
2007-09-06 02:00:00,1.2037,1.2064,1.1994,1.2013,2274576.040947,1.2012
2007-09-05 02:00:00,1.2105,1.2139,1.2023,1.2037,2484973.782628,1.20365
2007-09-04 02:00:00,1.20955,1.2153,1.2077,1.2105,2268197.06657,1.2104
2007-09-03 02:00:00,1.2072,1.2103,1.2063,1.20955,1074398.893746,1.20947
2007-09-02 02:00:00,1.20829,1.20872,1.2064,1.2072,81310.1,1.207
2007-09-01 02:00:00,1.2088,1.2088,1.2088,1.2088,0.0,1.20855
2007-08-31 02:00:00,1.2024,1.2092,1.1989,1.2088,2060416.259463,1.20855
2007-08-30 02:00:00,1.1998,1.2068,1.1991,1.2024,2199024.132887,1.2023
2007-08-29 02:00:00,1.2026,1.204,1.1984,1.1997,2581136.77496,1.19962
2007-08-28 02:00:00,1.2022,1.20425,1.1962,1.2026,2371383.883544,1.20255
2007-08-27 02:00:00,1.2008,1.20475,1.19976,1.2022,1293190.534339,1.20205
2007-08-26 02:00:00,1.2007,1.2018,1.20012,1.2009,40678.7,1.20065
2007-08-25 02:00:00,1.2009,1.2009,1.2009,1.2009,0.0,1.2007
2007-08-24 02:00:00,1.20695,1.208,1.1994,1.2009,2276227.643883,1.2007
2007-08-23 02:00:00,1.2065,1.2107,1.2049,1.20695,2572926.509951,1.20678
2007-08-22 02:00:00,1.2063,1.2113,1.2042,1.2065,2231480.36942,1.20635
2007-08-21 02:00:00,1.2064,1.2074,1.2013,1.2063,2470609.34805,1.2062
2007-08-20 02:00:00,1.2074,1.2091,1.20497,1.2064,2024775.449803,1.20625
2007-08-19 02:00:00,1.20708,1.2087,1.2059,1.20735,53943.94,1.20717
2007-08-18 02:00:00,1.2086,1.2086,1.2086,1.2086,0.0,1.2081
2007-08-17 02:00:00,1.2169,1.2181,1.1995,1.2086,2074642.726253,1.2081
2007-08-16 02:00:00,1.2189,1.2217,1.2134,1.2169,3541229.07095,1.2168
2007-08-15 02:00:00,1.2111,1.2202,1.2109,1.219,3411409.92846,1.21885
2007-08-14 02:00:00,1.2052,1.212,1.203,1.2111,3391184.076103,1.211
2007-08-13 02:00:00,1.1989,1.2071,1.19748,1.2052,2615582.453364,1.2051
2007-08-12 02:00:00,1.19881,1.1995,1.19825,1.1989,39695.35,1.19877
2007-08-11 02:00:00,1.199,1.199,1.199,1.199,0.0,1.19875
2007-08-10 02:00:00,1.197,1.202,1.1931,1.199,2393947.618279,1.19875
2007-08-09 02:00:00,1.196,1.19955,1.1921,1.1969,2717389.118312,1.19682
2007-08-08 02:00:00,1.1964,1.1997,1.1913,1.196,2294484.377327,1.19588
2007-08-07 02:00:00,1.1908,1.1987,1.18913,1.1964,2192110.916233,1.19635
2007-08-06 02:00:00,1.1851,1.1928,1.1825,1.1908,2516568.793049,1.19075
2007-08-05 02:00:00,1.18975,1.18978,1.1816,1.185,82216.4,1.18495
2007-08-04 02:00:00,1.19125,1.19125,1.19125,1.19125,0.0,1.19087
2007-08-03 02:00:00,1.2035,1.2073,1.1868,1.19125,2101510.432234,1.19087
2007-08-02 02:00:00,1.2039,1.2085,1.2025,1.2035,2356670.377456,1.2034
2007-08-01 02:00:00,1.20175,1.2054,1.19805,1.2038,2965764.689628,1.20365
2007-07-31 02:00:00,1.2026,1.20665,1.2007,1.20175,2474836.084435,1.20162
2007-07-30 02:00:00,1.20705,1.2084,1.2008,1.2026,2305620.159801,1.2025
2007-07-29 02:00:00,1.2093,1.2102,1.2065,1.207,49505.7,1.20695
2007-07-28 02:00:00,1.2088,1.2088,1.2088,1.2088,0.0,1.20855
2007-07-27 02:00:00,1.2038,1.2134,1.2028,1.2088,2595003.176409,1.20855
2007-07-26 02:00:00,1.2134,1.21505,1.2022,1.2038,2490086.729336,1.2037
2007-07-25 02:00:00,1.2032,1.21665,1.2031,1.2134,2321269.152858,1.21335
2007-07-24 02:00:00,1.206,1.2078,1.2012,1.2032,1898457.797046,1.20305
2007-07-23 02:00:00,1.2003,1.208,1.1984,1.20605,2163811.708739,1.20593
2007-07-22 02:00:00,1.2014,1.2021,1.20003,1.2003,28793.4,1.2002
2007-07-21 02:00:00,1.201,1.201,1.201,1.201,0.0,1.20085
2007-07-20 02:00:00,1.204,1.2067,1.1983,1.201,2435785.499582,1.20085
2007-07-19 02:00:00,1.2006,1.2054,1.1988,1.2039,2396634.600302,1.20385
2007-07-18 02:00:00,1.2005,1.2051,1.1962,1.20065,2546406.710153,1.20058
2007-07-17 02:00:00,1.2031,1.2038,1.1974,1.2005,2289887.087424,1.2004
2007-07-16 02:00:00,1.2034,1.2041,1.1995,1.2031,1819540.48913,1.20295
2007-07-15 02:00:00,1.20237,1.204,1.20169,1.20307,20695.9,1.20297
2007-07-14 02:00:00,1.2028,1.2028,1.2028,1.2028,0.0,1.20265
2007-07-13 02:00:00,1.2035,1.20555,1.1986,1.2028,2235086.15783,1.20265
2007-07-12 02:00:00,1.2057,1.206,1.2006,1.2035,2432593.449604,1.2034
2007-07-11 02:00:00,1.2033,1.20695,1.1994,1.2057,2829983.459851,1.2056
2007-07-10 02:00:00,1.2166,1.21965,1.2002,1.2033,2842571.776439,1.2032
2007-07-09 02:00:00,1.218,1.21945,1.2156,1.21665,1428809.3334,1.2165
2007-07-08 02:00:00,1.21783,1.2184,1.21725,1.21774,24576.2,1.21764
2007-07-07 02:00:00,1.2187,1.2187,1.2187,1.2187,0.0,1.21825
2007-07-06 02:00:00,1.2178,1.2234,1.2163,1.2187,1952079.19244,1.21825
2007-07-05 02:00:00,1.2166,1.22,1.2102,1.2178,2056612.179951,1.21775
2007-07-04 02:00:00,1.21625,1.2176,1.21439,1.2165,689591.39771,1.21645
2007-07-03 02:00:00,1.2108,1.21795,1.21,1.2162,1611786.814304,1.2161
2007-07-02 02:00:00,1.2223,1.22285,1.20909,1.2108,2010470.595665,1.2107
2007-07-01 02:00:00,1.22112,1.2225,1.22038,1.2223,32430.7,1.22215
2007-06-30 02:00:00,1.2216,1.2216,1.2216,1.2216,0.0,1.2215
2007-06-29 02:00:00,1.23255,1.23355,1.2207,1.2216,1818927.43094,1.2215
2007-06-28 02:00:00,1.22955,1.23425,1.2268,1.23255,1739191.031118,1.23248
2007-06-27 02:00:00,1.2281,1.23045,1.22739,1.22955,1925209.722345,1.2294
2007-06-26 02:00:00,1.2279,1.2309,1.2262,1.22805,1824272.234175,1.22798
2007-06-25 02:00:00,1.2288,1.2314,1.2272,1.2278,1592536.676668,1.22775
2007-06-24 02:00:00,1.22945,1.22945,1.22839,1.2288,39361.0,1.22875
2007-06-23 02:00:00,1.2295,1.2295,1.2295,1.2295,0.0,1.22935
2007-06-22 02:00:00,1.2414,1.24235,1.22847,1.2295,1572399.247663,1.22935
2007-06-21 02:00:00,1.2384,1.2428,1.2382,1.2414,1446791.584547,1.24127
2007-06-20 02:00:00,1.2401,1.2406,1.2356,1.2383,1600310.814561,1.23822
2007-06-19 02:00:00,1.2419,1.2429,1.2394,1.2401,1381030.869682,1.23997
2007-06-18 02:00:00,1.2415,1.2426,1.2389,1.242,1365941.66313,1.2419
2007-06-17 02:00:00,1.2416,1.2426,1.2414,1.2415,28812.9,1.2414
2007-06-16 02:00:00,1.2415,1.2415,1.2415,1.2415,0.0,1.24125
2007-06-15 02:00:00,1.2467,1.2467,1.24095,1.2415,1383463.618471,1.24125
2007-06-14 02:00:00,1.2445,1.24705,1.24307,1.2467,1579888.860349,1.24658
2007-06-13 02:00:00,1.2424,1.247,1.2422,1.2445,1868923.257833,1.24443
2007-06-12 02:00:00,1.2389,1.2433,1.23728,1.2424,1533858.691152,1.24225
2007-06-11 02:00:00,1.2363,1.2402,1.23572,1.2389,1670781.785419,1.2388
2007-06-10 02:00:00,1.2351,1.23665,1.23471,1.2363,37136.8,1.2361
2007-06-09 02:00:00,1.2353,1.2353,1.2353,1.2353,0.0,1.2351
2007-06-08 02:00:00,1.225,1.2368,1.2247,1.2353,1968404.135804,1.2351
2007-06-07 02:00:00,1.2168,1.2269,1.2162,1.225,2117882.733943,1.22495
2007-06-06 02:00:00,1.2184,1.21905,1.2148,1.2169,1910040.260089,1.2168
2007-06-05 02:00:00,1.2227,1.22435,1.2162,1.2184,1737623.55,1.21833
2007-06-04 02:00:00,1.2299,1.23095,1.2217,1.2227,1891342.520384,1.2226
2007-06-03 02:00:00,1.22964,1.2305,1.22926,1.2299,54167.915467,1.2298
2007-06-02 02:00:00,1.2302,1.2302,1.2302,1.2302,0.0,1.2299
2007-06-01 02:00:00,1.2253,1.23305,1.22491,1.2302,1732856.007374,1.2299
2007-05-31 02:00:00,1.2253,1.22735,1.2233,1.2253,1766919.090686,1.2252
2007-05-30 02:00:00,1.2248,1.2281,1.22368,1.22545,1891955.408393,1.22527
2007-05-29 02:00:00,1.22806,1.23095,1.2201,1.2248,1958573.75213,1.2247
2007-05-28 02:00:00,1.2277,1.22914,1.22641,1.2284,706090.213069,1.2283
2007-05-27 02:00:00,1.2278,1.2284,1.227,1.2277,44609.6,1.22755
2007-05-26 02:00:00,1.2286,1.2286,1.2286,1.2286,0.0,1.22835
2007-05-25 02:00:00,1.22825,1.2295,1.2257,1.2286,1563122.256325,1.22835
2007-05-24 02:00:00,1.2278,1.2316,1.2266,1.22825,1859658.01668,1.22812
2007-05-23 02:00:00,1.2303,1.2313,1.2241,1.22763,2087987.202695,1.22758
2007-05-22 02:00:00,1.2305,1.233,1.2283,1.2303,1619949.81,1.2302
2007-05-21 02:00:00,1.2279,1.2333,1.22692,1.2305,1555592.311359,1.23045
2007-05-20 02:00:00,1.2267,1.2287,1.22621,1.2279,54573.0,1.2278
2007-05-19 02:00:00,1.2275,1.2275,1.2275,1.2275,0.0,1.2273
2007-05-18 02:00:00,1.2272,1.22822,1.2245,1.2275,1725559.939694,1.2273
2007-05-17 02:00:00,1.2228,1.22825,1.2197,1.2272,1907781.156406,1.2271
2007-05-16 02:00:00,1.21545,1.22485,1.214,1.2228,2164948.0,1.2227
2007-05-15 02:00:00,1.2188,1.2205,1.2128,1.2155,2048673.0716,1.2154
2007-05-14 02:00:00,1.2175,1.2209,1.21672,1.2188,1560901.610085,1.21868
2007-05-13 02:00:00,1.2178,1.2189,1.2172,1.2175,36777.8,1.2174
2007-05-12 02:00:00,1.2195,1.2195,1.2195,1.2195,0.0,1.2192
2007-05-11 02:00:00,1.2203,1.2215,1.2171,1.2195,1933064.66,1.2192
2007-05-10 02:00:00,1.2188,1.22235,1.216,1.2203,2296525.748404,1.2202
2007-05-09 02:00:00,1.2182,1.2194,1.2142,1.2188,1774564.15288,1.21862
2007-05-08 02:00:00,1.212,1.2197,1.2105,1.2182,1789074.146794,1.2181
2007-05-07 02:00:00,1.2106,1.21215,1.2084,1.21205,739651.246809,1.21188
2007-05-06 02:00:00,1.2105,1.21102,1.20984,1.21065,19467.56,1.21053
2007-05-05 02:00:00,1.2117,1.2117,1.2117,1.2117,0.0,1.21135
2007-05-04 02:00:00,1.2161,1.2168,1.21,1.2117,942766.1,1.21135
2007-05-03 02:00:00,1.2139,1.21725,1.2095,1.2161,1074112.718269,1.21592
2007-05-02 02:00:00,1.2141,1.21905,1.2118,1.21395,992380.771122,1.21382
2007-05-01 02:00:00,1.2065,1.2166,1.2052,1.2141,655624.967737,1.21395
2007-04-30 02:00:00,1.2065,1.2105,1.2038,1.2065,670171.622772,1.2064
2007-04-29 02:00:00,1.20513,1.20685,1.2033,1.2065,30368.7,1.2064
2007-04-28 02:00:00,1.2059,1.2059,1.2059,1.2059,0.0,1.20575
2007-04-27 02:00:00,1.209,1.2107,1.2009,1.2059,564719.004528,1.20575
2007-04-26 02:00:00,1.20526,1.2101,1.2032,1.209,621095.55565,1.20885
2007-04-25 02:00:00,1.2016,1.2062,1.19965,1.20545,606986.687499,1.20532
2007-04-24 02:00:00,1.209,1.2107,1.20072,1.2016,581225.62952,1.2015
2007-04-23 02:00:00,1.2067,1.2129,1.20665,1.209,462878.312559,1.20895
2007-04-22 02:00:00,1.20827,1.2088,1.20548,1.2068,24739.0,1.20665
2007-04-21 02:00:00,1.2088,1.2088,1.2088,1.2088,0.0,1.20855
2007-04-20 02:00:00,1.2048,1.20925,1.2039,1.2088,387591.484009,1.20855
2007-04-19 02:00:00,1.2032,1.2067,1.2003,1.2048,644568.296949,1.2047
2007-04-18 02:00:00,1.2084,1.2088,1.2026,1.2032,619223.554904,1.2031
2007-04-17 02:00:00,1.2149,1.21505,1.2066,1.20835,612612.125971,1.20828
2007-04-16 02:00:00,1.21305,1.2154,1.21165,1.2149,423180.813865,1.21485
2007-04-15 02:00:00,1.21325,1.21481,1.21275,1.21305,13191.54,1.21298
2007-04-14 02:00:00,1.2152,1.2152,1.2152,1.2152,0.0,1.21485
2007-04-13 02:00:00,1.2168,1.219,1.2069,1.2152,332435.204354,1.21485
2007-04-12 02:00:00,1.2203,1.22475,1.2133,1.2168,433937.942533,1.21672
2007-04-11 02:00:00,1.21755,1.2227,1.21705,1.2203,445357.975522,1.22025
2007-04-10 02:00:00,1.2269,1.227,1.2144,1.2176,438736.31,1.21747
2007-04-09 02:00:00,1.22285,1.2285,1.22159,1.22695,255144.376858,1.22678
2007-04-08 02:00:00,1.22255,1.22315,1.22152,1.22285,16627.3,1.22278
2007-04-07 02:00:00,1.2222,1.2222,1.2222,1.2222,0.0,1.22205
2007-04-06 02:00:00,1.21545,1.2231,1.21472,1.2222,168409.26,1.22205
2007-04-05 02:00:00,1.2196,1.2213,1.21235,1.21545,405260.863167,1.21532
2007-04-04 02:00:00,1.2229,1.223,1.2174,1.2196,480139.969249,1.2195
2007-04-03 02:00:00,1.2151,1.2234,1.21462,1.2228,891700.036742,1.22275
2007-04-02 02:00:00,1.2151,1.2175,1.212,1.2151,999122.47726,1.215
2007-04-01 02:00:00,1.21343,1.2155,1.21284,1.2151,24816.9,1.215
2007-03-31 02:00:00,1.2157,1.2157,1.2157,1.2157,0.0,1.21555
2007-03-30 02:00:00,1.218,1.22396,1.20876,1.2157,437719.0,1.21555
2007-03-29 02:00:00,1.21725,1.21881,1.21371,1.21782,320408.8,1.21772
2007-03-28 02:00:00,1.2134,1.21797,1.20854,1.21716,323293.9,1.21704
2007-03-27 02:00:00,1.21593,1.217,1.21064,1.21229,313505.4,1.21219
2007-03-26 02:00:00,1.21937,1.22285,1.21191,1.21605,326321.6,1.216
2007-03-25 01:00:00,1.21937,1.22163,1.21739,1.21931,27030.1,1.21929
2007-03-24 01:00:00,1.21895,1.21895,1.21895,1.21895,0.0,1.2188
2007-03-23 01:00:00,1.21407,1.21933,1.21157,1.21895,322748.0,1.2188
2007-03-22 01:00:00,1.2087,1.21817,1.20807,1.21397,342974.4,1.21395
2007-03-21 01:00:00,1.2119,1.21676,1.2078,1.20874,348019.6,1.20872
2007-03-20 01:00:00,1.21133,1.21605,1.21091,1.21184,350581.5,1.21182
2007-03-19 01:00:00,1.20564,1.21475,1.20516,1.21132,351333.9,1.2113
2007-03-18 01:00:00,1.20617,1.20625,1.2045,1.20565,26824.6,1.20563
2007-03-17 01:00:00,1.20703,1.20703,1.20703,1.20703,0.0,1.20688
2007-03-16 01:00:00,1.21312,1.21375,1.20321,1.20703,322943.6,1.20688
2007-03-15 01:00:00,1.21708,1.22158,1.21291,1.21311,352595.7,1.21309
2007-03-14 01:00:00,1.21712,1.21992,1.2106,1.21707,349672.7,1.21705
2007-03-13 01:00:00,1.22494,1.22614,1.21664,1.21712,347146.1,1.2171
2007-03-12 01:00:00,1.23338,1.23531,1.22364,1.22504,345285.8,1.22502
2007-03-11 01:00:00,1.2338,1.23482,1.23109,1.23332,28759.7,1.2333
2007-03-10 01:00:00,1.23452,1.23452,1.23452,1.23452,0.0,1.23447
2007-03-09 01:00:00,1.22725,1.23566,1.22547,1.23452,331103.8,1.23447
2007-03-08 01:00:00,1.21638,1.22958,1.21593,1.22734,346572.4,1.22732
2007-03-07 01:00:00,1.22343,1.2248,1.21599,1.21599,351824.3,1.21597
2007-03-06 01:00:00,1.2207,1.22557,1.21926,1.22344,352988.5,1.22342
2007-03-05 01:00:00,1.21597,1.2243,1.21093,1.22055,345326.6,1.22053
2007-03-04 01:00:00,1.22375,1.23399,1.21425,1.21592,18271.0,1.2159
2007-03-03 01:00:00,1.21637,1.21637,1.21637,1.21637,0.0,1.21632
2007-03-02 01:00:00,1.22406,1.22615,1.21465,1.21637,330347.8,1.21632
2007-03-01 01:00:00,1.21919,1.22481,1.21495,1.224,349887.5,1.22398
2007-02-28 01:00:00,1.21814,1.22431,1.21725,1.21913,353213.5,1.21911
2007-02-27 01:00:00,1.22923,1.23074,1.21457,1.21817,346489.5,1.21815
2007-02-26 01:00:00,1.23097,1.23335,1.22888,1.22912,346694.9,1.2291
2007-02-25 01:00:00,1.23276,1.23276,1.23052,1.23084,18850.3,1.23082
2007-02-24 01:00:00,1.23235,1.23235,1.23235,1.23235,0.0,1.2323
2007-02-23 01:00:00,1.2382,1.24105,1.22971,1.23235,334167.5,1.2323
2007-02-22 01:00:00,1.23791,1.24375,1.23704,1.23828,345724.7,1.23826
2007-02-21 01:00:00,1.23565,1.24133,1.23402,1.23812,346567.3,1.2381
2007-02-20 01:00:00,1.23317,1.23935,1.2313,1.23558,343477.9,1.23556
2007-02-19 01:00:00,1.23312,1.23522,1.23166,1.23309,355526.6,1.23307
2007-02-18 01:00:00,1.23472,1.23488,1.23136,1.23305,17533.3,1.23303
2007-02-17 01:00:00,1.23483,1.23483,1.23483,1.23483,0.0,1.23478
2007-02-16 01:00:00,1.23508,1.23812,1.23333,1.23483,331435.4,1.23478
2007-02-15 01:00:00,1.23903,1.24085,1.23316,1.23526,347364.4,1.23524
2007-02-14 01:00:00,1.24742,1.24762,1.23712,1.23916,350774.0,1.23914
2007-02-13 01:00:00,1.25341,1.25384,1.24441,1.2473,349144.8,1.24728
2007-02-12 01:00:00,1.24705,1.25517,1.24583,1.25375,359072.5,1.25373
2007-02-11 01:00:00,1.24842,1.24884,1.24646,1.2471,19502.0,1.24708
2007-02-10 01:00:00,1.24724,1.24724,1.24724,1.24724,0.0,1.24719
2007-02-09 01:00:00,1.246,1.25188,1.24558,1.24724,332264.1,1.24719
2007-02-08 01:00:00,1.24071,1.25118,1.24032,1.24599,347957.8,1.24597
2007-02-07 01:00:00,1.23977,1.24243,1.23823,1.24059,346529.0,1.24057
2007-02-06 01:00:00,1.2482,1.24989,1.23863,1.23985,349327.5,1.23983
2007-02-05 01:00:00,1.24795,1.2519,1.24688,1.24825,350519.6,1.24823
2007-02-04 01:00:00,1.24827,1.24895,1.24776,1.24806,18788.4,1.24804
2007-02-03 01:00:00,1.24765,1.24765,1.24765,1.24765,0.0,1.2476
2007-02-02 01:00:00,1.24397,1.24956,1.23805,1.24765,329316.1,1.2476
2007-02-01 01:00:00,1.24471,1.24601,1.23938,1.24369,342201.3,1.24367
2007-01-31 01:00:00,1.25165,1.25722,1.24301,1.24474,345437.3,1.24472
2007-01-30 01:00:00,1.2521,1.25447,1.25008,1.2515,347519.0,1.25148
2007-01-29 01:00:00,1.25288,1.25619,1.25127,1.25183,348422.1,1.25181
2007-01-28 01:00:00,1.25315,1.25359,1.25218,1.25282,17191.6,1.2528
2007-01-27 01:00:00,1.25356,1.25356,1.25356,1.25356,0.0,1.25351
2007-01-26 01:00:00,1.2483,1.25651,1.2477,1.25356,330989.3,1.25351
2007-01-25 01:00:00,1.24852,1.24987,1.24249,1.2482,351112.4,1.24818
2007-01-24 01:00:00,1.2429,1.24977,1.24145,1.24846,351013.8,1.24844
2007-01-23 01:00:00,1.24952,1.25157,1.2377,1.24296,348145.4,1.24294
2007-01-22 01:00:00,1.24851,1.25267,1.24718,1.24942,345181.9,1.2494
2007-01-21 01:00:00,1.2483,1.24886,1.24763,1.24849,17960.9,1.24847
2007-01-20 01:00:00,1.24828,1.24828,1.24828,1.24828,0.0,1.24823
2007-01-19 01:00:00,1.24742,1.253,1.24494,1.24828,332731.8,1.24823
2007-01-18 01:00:00,1.24708,1.25479,1.24314,1.24744,350697.7,1.24742
2007-01-17 01:00:00,1.24863,1.25129,1.24527,1.24723,354428.7,1.24721
2007-01-16 01:00:00,1.2487,1.24996,1.24187,1.24843,352645.3,1.24841
2007-01-15 01:00:00,1.24738,1.24972,1.24438,1.24822,348712.8,1.2482
2007-01-14 01:00:00,1.2473,1.25673,1.24686,1.24742,17910.3,1.2474
2007-01-13 01:00:00,1.2471,1.2471,1.2471,1.2471,0.0,1.24705
2007-01-12 01:00:00,1.24964,1.25254,1.24482,1.2471,331369.8,1.24705
2007-01-11 01:00:00,1.24619,1.25063,1.2412,1.24959,350178.5,1.24957
2007-01-10 01:00:00,1.24171,1.24796,1.24025,1.246,350722.9,1.24598
2007-01-09 01:00:00,1.23487,1.24322,1.23365,1.24163,354160.7,1.24161
2007-01-08 01:00:00,1.23569,1.24125,1.23325,1.23489,349467.5,1.23487
2007-01-07 01:00:00,1.23483,1.236,1.23462,1.23532,19628.2,1.2353
2007-01-06 01:00:00,1.23659,1.23659,1.23659,1.23659,0.0,1.23654
2007-01-05 01:00:00,1.23205,1.23942,1.22752,1.23659,332320.6,1.23654
2007-01-04 01:00:00,1.22482,1.2335,1.22413,1.23209,352195.8,1.23207
2007-01-03 01:00:00,1.21323,1.22949,1.21199,1.2251,352782.7,1.22508
2007-01-02 01:00:00,1.21663,1.21798,1.21133,1.21333,354930.0,1.21331
2007-01-01 01:00:00,1.21892,1.21947,1.21642,1.21661,348163.1,1.21659
2006-12-31 01:00:00,1.21868,1.21905,1.21854,1.21888,16345.0,1.21886
